case_name,stage,frame,time,query_type,input_image_path,input_render_path,highlight_layer,question,choices,hoi_profile_source,object_part_choices,contact_relation_choices,gate_policy
stick,stage5,1,0.000000,post_render_sanity_check,/mnt/hdd/AudioHOI/samples_known_object/11_stick/results/benchmark_vlm_qwen/vlm/stage5/evidence/frame00001_post_render_sanity_check.png,/mnt/hdd/AudioHOI/samples_known_object/11_stick/results/benchmark_vlm_qwen/vlm/stage5/evidence/frame00001_post_render_sanity_check.png,final_render_preview,"Inspect the dark rendered object over the video. Does it accurately cover the real visible object without floating away, using the wrong angle/scale, or incorrectly covering the human? Choose pass only if alignment is visually good.",pass|overlay_shift|wrong_contact|object_jitter|depth_mismatch|render_missing|unclear,mistral_llm_schema_validated,main_body|contact_region|support_region|tip_regions|grip_bands|background|unclear,hand_on_main_body|hand_on_contact_region|body_on_support_region|floor_support|persistent_two_palm_line|no_contact|unclear,forced_choice_gate_only_no_continuous_pose_or_loss
stick,stage5,2,0.041667,post_render_sanity_check,/mnt/hdd/AudioHOI/samples_known_object/11_stick/results/benchmark_vlm_qwen/vlm/stage5/evidence/frame00002_post_render_sanity_check.png,/mnt/hdd/AudioHOI/samples_known_object/11_stick/results/benchmark_vlm_qwen/vlm/stage5/evidence/frame00002_post_render_sanity_check.png,final_render_preview,"Inspect the dark rendered object over the video. Does it accurately cover the real visible object without floating away, using the wrong angle/scale, or incorrectly covering the human? Choose pass only if alignment is visually good.",pass|overlay_shift|wrong_contact|object_jitter|depth_mismatch|render_missing|unclear,mistral_llm_schema_validated,main_body|contact_region|support_region|tip_regions|grip_bands|background|unclear,hand_on_main_body|hand_on_contact_region|body_on_support_region|floor_support|persistent_two_palm_line|no_contact|unclear,forced_choice_gate_only_no_continuous_pose_or_loss
stick,stage5,3,0.083333,post_render_sanity_check,/mnt/hdd/AudioHOI/samples_known_object/11_stick/results/benchmark_vlm_qwen/vlm/stage5/evidence/frame00003_post_render_sanity_check.png,/mnt/hdd/AudioHOI/samples_known_object/11_stick/results/benchmark_vlm_qwen/vlm/stage5/evidence/frame00003_post_render_sanity_check.png,final_render_preview,"Inspect the dark rendered object over the video. Does it accurately cover the real visible object without floating away, using the wrong angle/scale, or incorrectly covering the human? Choose pass only if alignment is visually good.",pass|overlay_shift|wrong_contact|object_jitter|depth_mismatch|render_missing|unclear,mistral_llm_schema_validated,main_body|contact_region|support_region|tip_regions|grip_bands|background|unclear,hand_on_main_body|hand_on_contact_region|body_on_support_region|floor_support|persistent_two_palm_line|no_contact|unclear,forced_choice_gate_only_no_continuous_pose_or_loss
stick,stage5,4,0.125000,post_render_sanity_check,/mnt/hdd/AudioHOI/samples_known_object/11_stick/results/benchmark_vlm_qwen/vlm/stage5/evidence/frame00004_post_render_sanity_check.png,/mnt/hdd/AudioHOI/samples_known_object/11_stick/results/benchmark_vlm_qwen/vlm/stage5/evidence/frame00004_post_render_sanity_check.png,final_render_preview,"Inspect the dark rendered object over the video. Does it accurately cover the real visible object without floating away, using the wrong angle/scale, or incorrectly covering the human? Choose pass only if alignment is visually good.",pass|overlay_shift|wrong_contact|object_jitter|depth_mismatch|render_missing|unclear,mistral_llm_schema_validated,main_body|contact_region|support_region|tip_regions|grip_bands|background|unclear,hand_on_main_body|hand_on_contact_region|body_on_support_region|floor_support|persistent_two_palm_line|no_contact|unclear,forced_choice_gate_only_no_continuous_pose_or_loss
stick,stage5,5,0.166667,post_render_sanity_check,/mnt/hdd/AudioHOI/samples_known_object/11_stick/results/benchmark_vlm_qwen/vlm/stage5/evidence/frame00005_post_render_sanity_check.png,/mnt/hdd/AudioHOI/samples_known_object/11_stick/results/benchmark_vlm_qwen/vlm/stage5/evidence/frame00005_post_render_sanity_check.png,final_render_preview,"Inspect the dark rendered object over the video. Does it accurately cover the real visible object without floating away, using the wrong angle/scale, or incorrectly covering the human? Choose pass only if alignment is visually good.",pass|overlay_shift|wrong_contact|object_jitter|depth_mismatch|render_missing|unclear,mistral_llm_schema_validated,main_body|contact_region|support_region|tip_regions|grip_bands|background|unclear,hand_on_main_body|hand_on_contact_region|body_on_support_region|floor_support|persistent_two_palm_line|no_contact|unclear,forced_choice_gate_only_no_continuous_pose_or_loss
stick,stage5,6,0.208333,post_render_sanity_check,/mnt/hdd/AudioHOI/samples_known_object/11_stick/results/benchmark_vlm_qwen/vlm/stage5/evidence/frame00006_post_render_sanity_check.png,/mnt/hdd/AudioHOI/samples_known_object/11_stick/results/benchmark_vlm_qwen/vlm/stage5/evidence/frame00006_post_render_sanity_check.png,final_render_preview,"Inspect the dark rendered object over the video. Does it accurately cover the real visible object without floating away, using the wrong angle/scale, or incorrectly covering the human? Choose pass only if alignment is visually good.",pass|overlay_shift|wrong_contact|object_jitter|depth_mismatch|render_missing|unclear,mistral_llm_schema_validated,main_body|contact_region|support_region|tip_regions|grip_bands|background|unclear,hand_on_main_body|hand_on_contact_region|body_on_support_region|floor_support|persistent_two_palm_line|no_contact|unclear,forced_choice_gate_only_no_continuous_pose_or_loss
stick,stage5,7,0.250000,post_render_sanity_check,/mnt/hdd/AudioHOI/samples_known_object/11_stick/results/benchmark_vlm_qwen/vlm/stage5/evidence/frame00007_post_render_sanity_check.png,/mnt/hdd/AudioHOI/samples_known_object/11_stick/results/benchmark_vlm_qwen/vlm/stage5/evidence/frame00007_post_render_sanity_check.png,final_render_preview,"Inspect the dark rendered object over the video. Does it accurately cover the real visible object without floating away, using the wrong angle/scale, or incorrectly covering the human? Choose pass only if alignment is visually good.",pass|overlay_shift|wrong_contact|object_jitter|depth_mismatch|render_missing|unclear,mistral_llm_schema_validated,main_body|contact_region|support_region|tip_regions|grip_bands|background|unclear,hand_on_main_body|hand_on_contact_region|body_on_support_region|floor_support|persistent_two_palm_line|no_contact|unclear,forced_choice_gate_only_no_continuous_pose_or_loss
stick,stage5,8,0.291667,post_render_sanity_check,/mnt/hdd/AudioHOI/samples_known_object/11_stick/results/benchmark_vlm_qwen/vlm/stage5/evidence/frame00008_post_render_sanity_check.png,/mnt/hdd/AudioHOI/samples_known_object/11_stick/results/benchmark_vlm_qwen/vlm/stage5/evidence/frame00008_post_render_sanity_check.png,final_render_preview,"Inspect the dark rendered object over the video. Does it accurately cover the real visible object without floating away, using the wrong angle/scale, or incorrectly covering the human? Choose pass only if alignment is visually good.",pass|overlay_shift|wrong_contact|object_jitter|depth_mismatch|render_missing|unclear,mistral_llm_schema_validated,main_body|contact_region|support_region|tip_regions|grip_bands|background|unclear,hand_on_main_body|hand_on_contact_region|body_on_support_region|floor_support|persistent_two_palm_line|no_contact|unclear,forced_choice_gate_only_no_continuous_pose_or_loss
stick,stage5,9,0.333333,post_render_sanity_check,/mnt/hdd/AudioHOI/samples_known_object/11_stick/results/benchmark_vlm_qwen/vlm/stage5/evidence/frame00009_post_render_sanity_check.png,/mnt/hdd/AudioHOI/samples_known_object/11_stick/results/benchmark_vlm_qwen/vlm/stage5/evidence/frame00009_post_render_sanity_check.png,final_render_preview,"Inspect the dark rendered object over the video. Does it accurately cover the real visible object without floating away, using the wrong angle/scale, or incorrectly covering the human? Choose pass only if alignment is visually good.",pass|overlay_shift|wrong_contact|object_jitter|depth_mismatch|render_missing|unclear,mistral_llm_schema_validated,main_body|contact_region|support_region|tip_regions|grip_bands|background|unclear,hand_on_main_body|hand_on_contact_region|body_on_support_region|floor_support|persistent_two_palm_line|no_contact|unclear,forced_choice_gate_only_no_continuous_pose_or_loss
stick,stage5,10,0.375000,post_render_sanity_check,/mnt/hdd/AudioHOI/samples_known_object/11_stick/results/benchmark_vlm_qwen/vlm/stage5/evidence/frame00010_post_render_sanity_check.png,/mnt/hdd/AudioHOI/samples_known_object/11_stick/results/benchmark_vlm_qwen/vlm/stage5/evidence/frame00010_post_render_sanity_check.png,final_render_preview,"Inspect the dark rendered object over the video. Does it accurately cover the real visible object without floating away, using the wrong angle/scale, or incorrectly covering the human? Choose pass only if alignment is visually good.",pass|overlay_shift|wrong_contact|object_jitter|depth_mismatch|render_missing|unclear,mistral_llm_schema_validated,main_body|contact_region|support_region|tip_regions|grip_bands|background|unclear,hand_on_main_body|hand_on_contact_region|body_on_support_region|floor_support|persistent_two_palm_line|no_contact|unclear,forced_choice_gate_only_no_continuous_pose_or_loss
stick,stage5,11,0.416667,post_render_sanity_check,/mnt/hdd/AudioHOI/samples_known_object/11_stick/results/benchmark_vlm_qwen/vlm/stage5/evidence/frame00011_post_render_sanity_check.png,/mnt/hdd/AudioHOI/samples_known_object/11_stick/results/benchmark_vlm_qwen/vlm/stage5/evidence/frame00011_post_render_sanity_check.png,final_render_preview,"Inspect the dark rendered object over the video. Does it accurately cover the real visible object without floating away, using the wrong angle/scale, or incorrectly covering the human? Choose pass only if alignment is visually good.",pass|overlay_shift|wrong_contact|object_jitter|depth_mismatch|render_missing|unclear,mistral_llm_schema_validated,main_body|contact_region|support_region|tip_regions|grip_bands|background|unclear,hand_on_main_body|hand_on_contact_region|body_on_support_region|floor_support|persistent_two_palm_line|no_contact|unclear,forced_choice_gate_only_no_continuous_pose_or_loss
stick,stage5,12,0.458333,post_render_sanity_check,/mnt/hdd/AudioHOI/samples_known_object/11_stick/results/benchmark_vlm_qwen/vlm/stage5/evidence/frame00012_post_render_sanity_check.png,/mnt/hdd/AudioHOI/samples_known_object/11_stick/results/benchmark_vlm_qwen/vlm/stage5/evidence/frame00012_post_render_sanity_check.png,final_render_preview,"Inspect the dark rendered object over the video. Does it accurately cover the real visible object without floating away, using the wrong angle/scale, or incorrectly covering the human? Choose pass only if alignment is visually good.",pass|overlay_shift|wrong_contact|object_jitter|depth_mismatch|render_missing|unclear,mistral_llm_schema_validated,main_body|contact_region|support_region|tip_regions|grip_bands|background|unclear,hand_on_main_body|hand_on_contact_region|body_on_support_region|floor_support|persistent_two_palm_line|no_contact|unclear,forced_choice_gate_only_no_continuous_pose_or_loss
stick,stage5,13,0.500000,post_render_sanity_check,/mnt/hdd/AudioHOI/samples_known_object/11_stick/results/benchmark_vlm_qwen/vlm/stage5/evidence/frame00013_post_render_sanity_check.png,/mnt/hdd/AudioHOI/samples_known_object/11_stick/results/benchmark_vlm_qwen/vlm/stage5/evidence/frame00013_post_render_sanity_check.png,final_render_preview,"Inspect the dark rendered object over the video. Does it accurately cover the real visible object without floating away, using the wrong angle/scale, or incorrectly covering the human? Choose pass only if alignment is visually good.",pass|overlay_shift|wrong_contact|object_jitter|depth_mismatch|render_missing|unclear,mistral_llm_schema_validated,main_body|contact_region|support_region|tip_regions|grip_bands|background|unclear,hand_on_main_body|hand_on_contact_region|body_on_support_region|floor_support|persistent_two_palm_line|no_contact|unclear,forced_choice_gate_only_no_continuous_pose_or_loss
stick,stage5,14,0.541667,post_render_sanity_check,/mnt/hdd/AudioHOI/samples_known_object/11_stick/results/benchmark_vlm_qwen/vlm/stage5/evidence/frame00014_post_render_sanity_check.png,/mnt/hdd/AudioHOI/samples_known_object/11_stick/results/benchmark_vlm_qwen/vlm/stage5/evidence/frame00014_post_render_sanity_check.png,final_render_preview,"Inspect the dark rendered object over the video. Does it accurately cover the real visible object without floating away, using the wrong angle/scale, or incorrectly covering the human? Choose pass only if alignment is visually good.",pass|overlay_shift|wrong_contact|object_jitter|depth_mismatch|render_missing|unclear,mistral_llm_schema_validated,main_body|contact_region|support_region|tip_regions|grip_bands|background|unclear,hand_on_main_body|hand_on_contact_region|body_on_support_region|floor_support|persistent_two_palm_line|no_contact|unclear,forced_choice_gate_only_no_continuous_pose_or_loss
stick,stage5,15,0.583333,post_render_sanity_check,/mnt/hdd/AudioHOI/samples_known_object/11_stick/results/benchmark_vlm_qwen/vlm/stage5/evidence/frame00015_post_render_sanity_check.png,/mnt/hdd/AudioHOI/samples_known_object/11_stick/results/benchmark_vlm_qwen/vlm/stage5/evidence/frame00015_post_render_sanity_check.png,final_render_preview,"Inspect the dark rendered object over the video. Does it accurately cover the real visible object without floating away, using the wrong angle/scale, or incorrectly covering the human? Choose pass only if alignment is visually good.",pass|overlay_shift|wrong_contact|object_jitter|depth_mismatch|render_missing|unclear,mistral_llm_schema_validated,main_body|contact_region|support_region|tip_regions|grip_bands|background|unclear,hand_on_main_body|hand_on_contact_region|body_on_support_region|floor_support|persistent_two_palm_line|no_contact|unclear,forced_choice_gate_only_no_continuous_pose_or_loss
stick,stage5,16,0.625000,post_render_sanity_check,/mnt/hdd/AudioHOI/samples_known_object/11_stick/results/benchmark_vlm_qwen/vlm/stage5/evidence/frame00016_post_render_sanity_check.png,/mnt/hdd/AudioHOI/samples_known_object/11_stick/results/benchmark_vlm_qwen/vlm/stage5/evidence/frame00016_post_render_sanity_check.png,final_render_preview,"Inspect the dark rendered object over the video. Does it accurately cover the real visible object without floating away, using the wrong angle/scale, or incorrectly covering the human? Choose pass only if alignment is visually good.",pass|overlay_shift|wrong_contact|object_jitter|depth_mismatch|render_missing|unclear,mistral_llm_schema_validated,main_body|contact_region|support_region|tip_regions|grip_bands|background|unclear,hand_on_main_body|hand_on_contact_region|body_on_support_region|floor_support|persistent_two_palm_line|no_contact|unclear,forced_choice_gate_only_no_continuous_pose_or_loss
stick,stage5,17,0.666667,post_render_sanity_check,/mnt/hdd/AudioHOI/samples_known_object/11_stick/results/benchmark_vlm_qwen/vlm/stage5/evidence/frame00017_post_render_sanity_check.png,/mnt/hdd/AudioHOI/samples_known_object/11_stick/results/benchmark_vlm_qwen/vlm/stage5/evidence/frame00017_post_render_sanity_check.png,final_render_preview,"Inspect the dark rendered object over the video. Does it accurately cover the real visible object without floating away, using the wrong angle/scale, or incorrectly covering the human? Choose pass only if alignment is visually good.",pass|overlay_shift|wrong_contact|object_jitter|depth_mismatch|render_missing|unclear,mistral_llm_schema_validated,main_body|contact_region|support_region|tip_regions|grip_bands|background|unclear,hand_on_main_body|hand_on_contact_region|body_on_support_region|floor_support|persistent_two_palm_line|no_contact|unclear,forced_choice_gate_only_no_continuous_pose_or_loss
stick,stage5,18,0.708333,post_render_sanity_check,/mnt/hdd/AudioHOI/samples_known_object/11_stick/results/benchmark_vlm_qwen/vlm/stage5/evidence/frame00018_post_render_sanity_check.png,/mnt/hdd/AudioHOI/samples_known_object/11_stick/results/benchmark_vlm_qwen/vlm/stage5/evidence/frame00018_post_render_sanity_check.png,final_render_preview,"Inspect the dark rendered object over the video. Does it accurately cover the real visible object without floating away, using the wrong angle/scale, or incorrectly covering the human? Choose pass only if alignment is visually good.",pass|overlay_shift|wrong_contact|object_jitter|depth_mismatch|render_missing|unclear,mistral_llm_schema_validated,main_body|contact_region|support_region|tip_regions|grip_bands|background|unclear,hand_on_main_body|hand_on_contact_region|body_on_support_region|floor_support|persistent_two_palm_line|no_contact|unclear,forced_choice_gate_only_no_continuous_pose_or_loss
stick,stage5,19,0.750000,post_render_sanity_check,/mnt/hdd/AudioHOI/samples_known_object/11_stick/results/benchmark_vlm_qwen/vlm/stage5/evidence/frame00019_post_render_sanity_check.png,/mnt/hdd/AudioHOI/samples_known_object/11_stick/results/benchmark_vlm_qwen/vlm/stage5/evidence/frame00019_post_render_sanity_check.png,final_render_preview,"Inspect the dark rendered object over the video. Does it accurately cover the real visible object without floating away, using the wrong angle/scale, or incorrectly covering the human? Choose pass only if alignment is visually good.",pass|overlay_shift|wrong_contact|object_jitter|depth_mismatch|render_missing|unclear,mistral_llm_schema_validated,main_body|contact_region|support_region|tip_regions|grip_bands|background|unclear,hand_on_main_body|hand_on_contact_region|body_on_support_region|floor_support|persistent_two_palm_line|no_contact|unclear,forced_choice_gate_only_no_continuous_pose_or_loss
stick,stage5,20,0.791667,post_render_sanity_check,/mnt/hdd/AudioHOI/samples_known_object/11_stick/results/benchmark_vlm_qwen/vlm/stage5/evidence/frame00020_post_render_sanity_check.png,/mnt/hdd/AudioHOI/samples_known_object/11_stick/results/benchmark_vlm_qwen/vlm/stage5/evidence/frame00020_post_render_sanity_check.png,final_render_preview,"Inspect the dark rendered object over the video. Does it accurately cover the real visible object without floating away, using the wrong angle/scale, or incorrectly covering the human? Choose pass only if alignment is visually good.",pass|overlay_shift|wrong_contact|object_jitter|depth_mismatch|render_missing|unclear,mistral_llm_schema_validated,main_body|contact_region|support_region|tip_regions|grip_bands|background|unclear,hand_on_main_body|hand_on_contact_region|body_on_support_region|floor_support|persistent_two_palm_line|no_contact|unclear,forced_choice_gate_only_no_continuous_pose_or_loss
stick,stage5,21,0.833333,post_render_sanity_check,/mnt/hdd/AudioHOI/samples_known_object/11_stick/results/benchmark_vlm_qwen/vlm/stage5/evidence/frame00021_post_render_sanity_check.png,/mnt/hdd/AudioHOI/samples_known_object/11_stick/results/benchmark_vlm_qwen/vlm/stage5/evidence/frame00021_post_render_sanity_check.png,final_render_preview,"Inspect the dark rendered object over the video. Does it accurately cover the real visible object without floating away, using the wrong angle/scale, or incorrectly covering the human? Choose pass only if alignment is visually good.",pass|overlay_shift|wrong_contact|object_jitter|depth_mismatch|render_missing|unclear,mistral_llm_schema_validated,main_body|contact_region|support_region|tip_regions|grip_bands|background|unclear,hand_on_main_body|hand_on_contact_region|body_on_support_region|floor_support|persistent_two_palm_line|no_contact|unclear,forced_choice_gate_only_no_continuous_pose_or_loss
stick,stage5,22,0.875000,post_render_sanity_check,/mnt/hdd/AudioHOI/samples_known_object/11_stick/results/benchmark_vlm_qwen/vlm/stage5/evidence/frame00022_post_render_sanity_check.png,/mnt/hdd/AudioHOI/samples_known_object/11_stick/results/benchmark_vlm_qwen/vlm/stage5/evidence/frame00022_post_render_sanity_check.png,final_render_preview,"Inspect the dark rendered object over the video. Does it accurately cover the real visible object without floating away, using the wrong angle/scale, or incorrectly covering the human? Choose pass only if alignment is visually good.",pass|overlay_shift|wrong_contact|object_jitter|depth_mismatch|render_missing|unclear,mistral_llm_schema_validated,main_body|contact_region|support_region|tip_regions|grip_bands|background|unclear,hand_on_main_body|hand_on_contact_region|body_on_support_region|floor_support|persistent_two_palm_line|no_contact|unclear,forced_choice_gate_only_no_continuous_pose_or_loss
stick,stage5,23,0.916667,post_render_sanity_check,/mnt/hdd/AudioHOI/samples_known_object/11_stick/results/benchmark_vlm_qwen/vlm/stage5/evidence/frame00023_post_render_sanity_check.png,/mnt/hdd/AudioHOI/samples_known_object/11_stick/results/benchmark_vlm_qwen/vlm/stage5/evidence/frame00023_post_render_sanity_check.png,final_render_preview,"Inspect the dark rendered object over the video. Does it accurately cover the real visible object without floating away, using the wrong angle/scale, or incorrectly covering the human? Choose pass only if alignment is visually good.",pass|overlay_shift|wrong_contact|object_jitter|depth_mismatch|render_missing|unclear,mistral_llm_schema_validated,main_body|contact_region|support_region|tip_regions|grip_bands|background|unclear,hand_on_main_body|hand_on_contact_region|body_on_support_region|floor_support|persistent_two_palm_line|no_contact|unclear,forced_choice_gate_only_no_continuous_pose_or_loss
stick,stage5,24,0.958333,post_render_sanity_check,/mnt/hdd/AudioHOI/samples_known_object/11_stick/results/benchmark_vlm_qwen/vlm/stage5/evidence/frame00024_post_render_sanity_check.png,/mnt/hdd/AudioHOI/samples_known_object/11_stick/results/benchmark_vlm_qwen/vlm/stage5/evidence/frame00024_post_render_sanity_check.png,final_render_preview,"Inspect the dark rendered object over the video. Does it accurately cover the real visible object without floating away, using the wrong angle/scale, or incorrectly covering the human? Choose pass only if alignment is visually good.",pass|overlay_shift|wrong_contact|object_jitter|depth_mismatch|render_missing|unclear,mistral_llm_schema_validated,main_body|contact_region|support_region|tip_regions|grip_bands|background|unclear,hand_on_main_body|hand_on_contact_region|body_on_support_region|floor_support|persistent_two_palm_line|no_contact|unclear,forced_choice_gate_only_no_continuous_pose_or_loss
stick,stage5,25,1.000000,post_render_sanity_check,/mnt/hdd/AudioHOI/samples_known_object/11_stick/results/benchmark_vlm_qwen/vlm/stage5/evidence/frame00025_post_render_sanity_check.png,/mnt/hdd/AudioHOI/samples_known_object/11_stick/results/benchmark_vlm_qwen/vlm/stage5/evidence/frame00025_post_render_sanity_check.png,final_render_preview,"Inspect the dark rendered object over the video. Does it accurately cover the real visible object without floating away, using the wrong angle/scale, or incorrectly covering the human? Choose pass only if alignment is visually good.",pass|overlay_shift|wrong_contact|object_jitter|depth_mismatch|render_missing|unclear,mistral_llm_schema_validated,main_body|contact_region|support_region|tip_regions|grip_bands|background|unclear,hand_on_main_body|hand_on_contact_region|body_on_support_region|floor_support|persistent_two_palm_line|no_contact|unclear,forced_choice_gate_only_no_continuous_pose_or_loss
stick,stage5,26,1.041667,post_render_sanity_check,/mnt/hdd/AudioHOI/samples_known_object/11_stick/results/benchmark_vlm_qwen/vlm/stage5/evidence/frame00026_post_render_sanity_check.png,/mnt/hdd/AudioHOI/samples_known_object/11_stick/results/benchmark_vlm_qwen/vlm/stage5/evidence/frame00026_post_render_sanity_check.png,final_render_preview,"Inspect the dark rendered object over the video. Does it accurately cover the real visible object without floating away, using the wrong angle/scale, or incorrectly covering the human? Choose pass only if alignment is visually good.",pass|overlay_shift|wrong_contact|object_jitter|depth_mismatch|render_missing|unclear,mistral_llm_schema_validated,main_body|contact_region|support_region|tip_regions|grip_bands|background|unclear,hand_on_main_body|hand_on_contact_region|body_on_support_region|floor_support|persistent_two_palm_line|no_contact|unclear,forced_choice_gate_only_no_continuous_pose_or_loss
stick,stage5,27,1.083333,post_render_sanity_check,/mnt/hdd/AudioHOI/samples_known_object/11_stick/results/benchmark_vlm_qwen/vlm/stage5/evidence/frame00027_post_render_sanity_check.png,/mnt/hdd/AudioHOI/samples_known_object/11_stick/results/benchmark_vlm_qwen/vlm/stage5/evidence/frame00027_post_render_sanity_check.png,final_render_preview,"Inspect the dark rendered object over the video. Does it accurately cover the real visible object without floating away, using the wrong angle/scale, or incorrectly covering the human? Choose pass only if alignment is visually good.",pass|overlay_shift|wrong_contact|object_jitter|depth_mismatch|render_missing|unclear,mistral_llm_schema_validated,main_body|contact_region|support_region|tip_regions|grip_bands|background|unclear,hand_on_main_body|hand_on_contact_region|body_on_support_region|floor_support|persistent_two_palm_line|no_contact|unclear,forced_choice_gate_only_no_continuous_pose_or_loss
stick,stage5,28,1.125000,post_render_sanity_check,/mnt/hdd/AudioHOI/samples_known_object/11_stick/results/benchmark_vlm_qwen/vlm/stage5/evidence/frame00028_post_render_sanity_check.png,/mnt/hdd/AudioHOI/samples_known_object/11_stick/results/benchmark_vlm_qwen/vlm/stage5/evidence/frame00028_post_render_sanity_check.png,final_render_preview,"Inspect the dark rendered object over the video. Does it accurately cover the real visible object without floating away, using the wrong angle/scale, or incorrectly covering the human? Choose pass only if alignment is visually good.",pass|overlay_shift|wrong_contact|object_jitter|depth_mismatch|render_missing|unclear,mistral_llm_schema_validated,main_body|contact_region|support_region|tip_regions|grip_bands|background|unclear,hand_on_main_body|hand_on_contact_region|body_on_support_region|floor_support|persistent_two_palm_line|no_contact|unclear,forced_choice_gate_only_no_continuous_pose_or_loss
stick,stage5,29,1.166667,post_render_sanity_check,/mnt/hdd/AudioHOI/samples_known_object/11_stick/results/benchmark_vlm_qwen/vlm/stage5/evidence/frame00029_post_render_sanity_check.png,/mnt/hdd/AudioHOI/samples_known_object/11_stick/results/benchmark_vlm_qwen/vlm/stage5/evidence/frame00029_post_render_sanity_check.png,final_render_preview,"Inspect the dark rendered object over the video. Does it accurately cover the real visible object without floating away, using the wrong angle/scale, or incorrectly covering the human? Choose pass only if alignment is visually good.",pass|overlay_shift|wrong_contact|object_jitter|depth_mismatch|render_missing|unclear,mistral_llm_schema_validated,main_body|contact_region|support_region|tip_regions|grip_bands|background|unclear,hand_on_main_body|hand_on_contact_region|body_on_support_region|floor_support|persistent_two_palm_line|no_contact|unclear,forced_choice_gate_only_no_continuous_pose_or_loss
stick,stage5,30,1.208333,post_render_sanity_check,/mnt/hdd/AudioHOI/samples_known_object/11_stick/results/benchmark_vlm_qwen/vlm/stage5/evidence/frame00030_post_render_sanity_check.png,/mnt/hdd/AudioHOI/samples_known_object/11_stick/results/benchmark_vlm_qwen/vlm/stage5/evidence/frame00030_post_render_sanity_check.png,final_render_preview,"Inspect the dark rendered object over the video. Does it accurately cover the real visible object without floating away, using the wrong angle/scale, or incorrectly covering the human? Choose pass only if alignment is visually good.",pass|overlay_shift|wrong_contact|object_jitter|depth_mismatch|render_missing|unclear,mistral_llm_schema_validated,main_body|contact_region|support_region|tip_regions|grip_bands|background|unclear,hand_on_main_body|hand_on_contact_region|body_on_support_region|floor_support|persistent_two_palm_line|no_contact|unclear,forced_choice_gate_only_no_continuous_pose_or_loss
stick,stage5,31,1.250000,post_render_sanity_check,/mnt/hdd/AudioHOI/samples_known_object/11_stick/results/benchmark_vlm_qwen/vlm/stage5/evidence/frame00031_post_render_sanity_check.png,/mnt/hdd/AudioHOI/samples_known_object/11_stick/results/benchmark_vlm_qwen/vlm/stage5/evidence/frame00031_post_render_sanity_check.png,final_render_preview,"Inspect the dark rendered object over the video. Does it accurately cover the real visible object without floating away, using the wrong angle/scale, or incorrectly covering the human? Choose pass only if alignment is visually good.",pass|overlay_shift|wrong_contact|object_jitter|depth_mismatch|render_missing|unclear,mistral_llm_schema_validated,main_body|contact_region|support_region|tip_regions|grip_bands|background|unclear,hand_on_main_body|hand_on_contact_region|body_on_support_region|floor_support|persistent_two_palm_line|no_contact|unclear,forced_choice_gate_only_no_continuous_pose_or_loss
stick,stage5,32,1.291667,post_render_sanity_check,/mnt/hdd/AudioHOI/samples_known_object/11_stick/results/benchmark_vlm_qwen/vlm/stage5/evidence/frame00032_post_render_sanity_check.png,/mnt/hdd/AudioHOI/samples_known_object/11_stick/results/benchmark_vlm_qwen/vlm/stage5/evidence/frame00032_post_render_sanity_check.png,final_render_preview,"Inspect the dark rendered object over the video. Does it accurately cover the real visible object without floating away, using the wrong angle/scale, or incorrectly covering the human? Choose pass only if alignment is visually good.",pass|overlay_shift|wrong_contact|object_jitter|depth_mismatch|render_missing|unclear,mistral_llm_schema_validated,main_body|contact_region|support_region|tip_regions|grip_bands|background|unclear,hand_on_main_body|hand_on_contact_region|body_on_support_region|floor_support|persistent_two_palm_line|no_contact|unclear,forced_choice_gate_only_no_continuous_pose_or_loss
stick,stage5,33,1.333333,post_render_sanity_check,/mnt/hdd/AudioHOI/samples_known_object/11_stick/results/benchmark_vlm_qwen/vlm/stage5/evidence/frame00033_post_render_sanity_check.png,/mnt/hdd/AudioHOI/samples_known_object/11_stick/results/benchmark_vlm_qwen/vlm/stage5/evidence/frame00033_post_render_sanity_check.png,final_render_preview,"Inspect the dark rendered object over the video. Does it accurately cover the real visible object without floating away, using the wrong angle/scale, or incorrectly covering the human? Choose pass only if alignment is visually good.",pass|overlay_shift|wrong_contact|object_jitter|depth_mismatch|render_missing|unclear,mistral_llm_schema_validated,main_body|contact_region|support_region|tip_regions|grip_bands|background|unclear,hand_on_main_body|hand_on_contact_region|body_on_support_region|floor_support|persistent_two_palm_line|no_contact|unclear,forced_choice_gate_only_no_continuous_pose_or_loss
stick,stage5,34,1.375000,post_render_sanity_check,/mnt/hdd/AudioHOI/samples_known_object/11_stick/results/benchmark_vlm_qwen/vlm/stage5/evidence/frame00034_post_render_sanity_check.png,/mnt/hdd/AudioHOI/samples_known_object/11_stick/results/benchmark_vlm_qwen/vlm/stage5/evidence/frame00034_post_render_sanity_check.png,final_render_preview,"Inspect the dark rendered object over the video. Does it accurately cover the real visible object without floating away, using the wrong angle/scale, or incorrectly covering the human? Choose pass only if alignment is visually good.",pass|overlay_shift|wrong_contact|object_jitter|depth_mismatch|render_missing|unclear,mistral_llm_schema_validated,main_body|contact_region|support_region|tip_regions|grip_bands|background|unclear,hand_on_main_body|hand_on_contact_region|body_on_support_region|floor_support|persistent_two_palm_line|no_contact|unclear,forced_choice_gate_only_no_continuous_pose_or_loss
stick,stage5,35,1.416667,post_render_sanity_check,/mnt/hdd/AudioHOI/samples_known_object/11_stick/results/benchmark_vlm_qwen/vlm/stage5/evidence/frame00035_post_render_sanity_check.png,/mnt/hdd/AudioHOI/samples_known_object/11_stick/results/benchmark_vlm_qwen/vlm/stage5/evidence/frame00035_post_render_sanity_check.png,final_render_preview,"Inspect the dark rendered object over the video. Does it accurately cover the real visible object without floating away, using the wrong angle/scale, or incorrectly covering the human? Choose pass only if alignment is visually good.",pass|overlay_shift|wrong_contact|object_jitter|depth_mismatch|render_missing|unclear,mistral_llm_schema_validated,main_body|contact_region|support_region|tip_regions|grip_bands|background|unclear,hand_on_main_body|hand_on_contact_region|body_on_support_region|floor_support|persistent_two_palm_line|no_contact|unclear,forced_choice_gate_only_no_continuous_pose_or_loss
stick,stage5,36,1.458333,post_render_sanity_check,/mnt/hdd/AudioHOI/samples_known_object/11_stick/results/benchmark_vlm_qwen/vlm/stage5/evidence/frame00036_post_render_sanity_check.png,/mnt/hdd/AudioHOI/samples_known_object/11_stick/results/benchmark_vlm_qwen/vlm/stage5/evidence/frame00036_post_render_sanity_check.png,final_render_preview,"Inspect the dark rendered object over the video. Does it accurately cover the real visible object without floating away, using the wrong angle/scale, or incorrectly covering the human? Choose pass only if alignment is visually good.",pass|overlay_shift|wrong_contact|object_jitter|depth_mismatch|render_missing|unclear,mistral_llm_schema_validated,main_body|contact_region|support_region|tip_regions|grip_bands|background|unclear,hand_on_main_body|hand_on_contact_region|body_on_support_region|floor_support|persistent_two_palm_line|no_contact|unclear,forced_choice_gate_only_no_continuous_pose_or_loss
stick,stage5,37,1.500000,post_render_sanity_check,/mnt/hdd/AudioHOI/samples_known_object/11_stick/results/benchmark_vlm_qwen/vlm/stage5/evidence/frame00037_post_render_sanity_check.png,/mnt/hdd/AudioHOI/samples_known_object/11_stick/results/benchmark_vlm_qwen/vlm/stage5/evidence/frame00037_post_render_sanity_check.png,final_render_preview,"Inspect the dark rendered object over the video. Does it accurately cover the real visible object without floating away, using the wrong angle/scale, or incorrectly covering the human? Choose pass only if alignment is visually good.",pass|overlay_shift|wrong_contact|object_jitter|depth_mismatch|render_missing|unclear,mistral_llm_schema_validated,main_body|contact_region|support_region|tip_regions|grip_bands|background|unclear,hand_on_main_body|hand_on_contact_region|body_on_support_region|floor_support|persistent_two_palm_line|no_contact|unclear,forced_choice_gate_only_no_continuous_pose_or_loss
stick,stage5,38,1.541667,post_render_sanity_check,/mnt/hdd/AudioHOI/samples_known_object/11_stick/results/benchmark_vlm_qwen/vlm/stage5/evidence/frame00038_post_render_sanity_check.png,/mnt/hdd/AudioHOI/samples_known_object/11_stick/results/benchmark_vlm_qwen/vlm/stage5/evidence/frame00038_post_render_sanity_check.png,final_render_preview,"Inspect the dark rendered object over the video. Does it accurately cover the real visible object without floating away, using the wrong angle/scale, or incorrectly covering the human? Choose pass only if alignment is visually good.",pass|overlay_shift|wrong_contact|object_jitter|depth_mismatch|render_missing|unclear,mistral_llm_schema_validated,main_body|contact_region|support_region|tip_regions|grip_bands|background|unclear,hand_on_main_body|hand_on_contact_region|body_on_support_region|floor_support|persistent_two_palm_line|no_contact|unclear,forced_choice_gate_only_no_continuous_pose_or_loss
stick,stage5,39,1.583333,post_render_sanity_check,/mnt/hdd/AudioHOI/samples_known_object/11_stick/results/benchmark_vlm_qwen/vlm/stage5/evidence/frame00039_post_render_sanity_check.png,/mnt/hdd/AudioHOI/samples_known_object/11_stick/results/benchmark_vlm_qwen/vlm/stage5/evidence/frame00039_post_render_sanity_check.png,final_render_preview,"Inspect the dark rendered object over the video. Does it accurately cover the real visible object without floating away, using the wrong angle/scale, or incorrectly covering the human? Choose pass only if alignment is visually good.",pass|overlay_shift|wrong_contact|object_jitter|depth_mismatch|render_missing|unclear,mistral_llm_schema_validated,main_body|contact_region|support_region|tip_regions|grip_bands|background|unclear,hand_on_main_body|hand_on_contact_region|body_on_support_region|floor_support|persistent_two_palm_line|no_contact|unclear,forced_choice_gate_only_no_continuous_pose_or_loss
stick,stage5,40,1.625000,post_render_sanity_check,/mnt/hdd/AudioHOI/samples_known_object/11_stick/results/benchmark_vlm_qwen/vlm/stage5/evidence/frame00040_post_render_sanity_check.png,/mnt/hdd/AudioHOI/samples_known_object/11_stick/results/benchmark_vlm_qwen/vlm/stage5/evidence/frame00040_post_render_sanity_check.png,final_render_preview,"Inspect the dark rendered object over the video. Does it accurately cover the real visible object without floating away, using the wrong angle/scale, or incorrectly covering the human? Choose pass only if alignment is visually good.",pass|overlay_shift|wrong_contact|object_jitter|depth_mismatch|render_missing|unclear,mistral_llm_schema_validated,main_body|contact_region|support_region|tip_regions|grip_bands|background|unclear,hand_on_main_body|hand_on_contact_region|body_on_support_region|floor_support|persistent_two_palm_line|no_contact|unclear,forced_choice_gate_only_no_continuous_pose_or_loss
stick,stage5,41,1.666667,post_render_sanity_check,/mnt/hdd/AudioHOI/samples_known_object/11_stick/results/benchmark_vlm_qwen/vlm/stage5/evidence/frame00041_post_render_sanity_check.png,/mnt/hdd/AudioHOI/samples_known_object/11_stick/results/benchmark_vlm_qwen/vlm/stage5/evidence/frame00041_post_render_sanity_check.png,final_render_preview,"Inspect the dark rendered object over the video. Does it accurately cover the real visible object without floating away, using the wrong angle/scale, or incorrectly covering the human? Choose pass only if alignment is visually good.",pass|overlay_shift|wrong_contact|object_jitter|depth_mismatch|render_missing|unclear,mistral_llm_schema_validated,main_body|contact_region|support_region|tip_regions|grip_bands|background|unclear,hand_on_main_body|hand_on_contact_region|body_on_support_region|floor_support|persistent_two_palm_line|no_contact|unclear,forced_choice_gate_only_no_continuous_pose_or_loss
stick,stage5,42,1.708333,post_render_sanity_check,/mnt/hdd/AudioHOI/samples_known_object/11_stick/results/benchmark_vlm_qwen/vlm/stage5/evidence/frame00042_post_render_sanity_check.png,/mnt/hdd/AudioHOI/samples_known_object/11_stick/results/benchmark_vlm_qwen/vlm/stage5/evidence/frame00042_post_render_sanity_check.png,final_render_preview,"Inspect the dark rendered object over the video. Does it accurately cover the real visible object without floating away, using the wrong angle/scale, or incorrectly covering the human? Choose pass only if alignment is visually good.",pass|overlay_shift|wrong_contact|object_jitter|depth_mismatch|render_missing|unclear,mistral_llm_schema_validated,main_body|contact_region|support_region|tip_regions|grip_bands|background|unclear,hand_on_main_body|hand_on_contact_region|body_on_support_region|floor_support|persistent_two_palm_line|no_contact|unclear,forced_choice_gate_only_no_continuous_pose_or_loss
stick,stage5,43,1.750000,post_render_sanity_check,/mnt/hdd/AudioHOI/samples_known_object/11_stick/results/benchmark_vlm_qwen/vlm/stage5/evidence/frame00043_post_render_sanity_check.png,/mnt/hdd/AudioHOI/samples_known_object/11_stick/results/benchmark_vlm_qwen/vlm/stage5/evidence/frame00043_post_render_sanity_check.png,final_render_preview,"Inspect the dark rendered object over the video. Does it accurately cover the real visible object without floating away, using the wrong angle/scale, or incorrectly covering the human? Choose pass only if alignment is visually good.",pass|overlay_shift|wrong_contact|object_jitter|depth_mismatch|render_missing|unclear,mistral_llm_schema_validated,main_body|contact_region|support_region|tip_regions|grip_bands|background|unclear,hand_on_main_body|hand_on_contact_region|body_on_support_region|floor_support|persistent_two_palm_line|no_contact|unclear,forced_choice_gate_only_no_continuous_pose_or_loss
stick,stage5,44,1.791667,post_render_sanity_check,/mnt/hdd/AudioHOI/samples_known_object/11_stick/results/benchmark_vlm_qwen/vlm/stage5/evidence/frame00044_post_render_sanity_check.png,/mnt/hdd/AudioHOI/samples_known_object/11_stick/results/benchmark_vlm_qwen/vlm/stage5/evidence/frame00044_post_render_sanity_check.png,final_render_preview,"Inspect the dark rendered object over the video. Does it accurately cover the real visible object without floating away, using the wrong angle/scale, or incorrectly covering the human? Choose pass only if alignment is visually good.",pass|overlay_shift|wrong_contact|object_jitter|depth_mismatch|render_missing|unclear,mistral_llm_schema_validated,main_body|contact_region|support_region|tip_regions|grip_bands|background|unclear,hand_on_main_body|hand_on_contact_region|body_on_support_region|floor_support|persistent_two_palm_line|no_contact|unclear,forced_choice_gate_only_no_continuous_pose_or_loss
stick,stage5,45,1.833333,post_render_sanity_check,/mnt/hdd/AudioHOI/samples_known_object/11_stick/results/benchmark_vlm_qwen/vlm/stage5/evidence/frame00045_post_render_sanity_check.png,/mnt/hdd/AudioHOI/samples_known_object/11_stick/results/benchmark_vlm_qwen/vlm/stage5/evidence/frame00045_post_render_sanity_check.png,final_render_preview,"Inspect the dark rendered object over the video. Does it accurately cover the real visible object without floating away, using the wrong angle/scale, or incorrectly covering the human? Choose pass only if alignment is visually good.",pass|overlay_shift|wrong_contact|object_jitter|depth_mismatch|render_missing|unclear,mistral_llm_schema_validated,main_body|contact_region|support_region|tip_regions|grip_bands|background|unclear,hand_on_main_body|hand_on_contact_region|body_on_support_region|floor_support|persistent_two_palm_line|no_contact|unclear,forced_choice_gate_only_no_continuous_pose_or_loss
stick,stage5,46,1.875000,post_render_sanity_check,/mnt/hdd/AudioHOI/samples_known_object/11_stick/results/benchmark_vlm_qwen/vlm/stage5/evidence/frame00046_post_render_sanity_check.png,/mnt/hdd/AudioHOI/samples_known_object/11_stick/results/benchmark_vlm_qwen/vlm/stage5/evidence/frame00046_post_render_sanity_check.png,final_render_preview,"Inspect the dark rendered object over the video. Does it accurately cover the real visible object without floating away, using the wrong angle/scale, or incorrectly covering the human? Choose pass only if alignment is visually good.",pass|overlay_shift|wrong_contact|object_jitter|depth_mismatch|render_missing|unclear,mistral_llm_schema_validated,main_body|contact_region|support_region|tip_regions|grip_bands|background|unclear,hand_on_main_body|hand_on_contact_region|body_on_support_region|floor_support|persistent_two_palm_line|no_contact|unclear,forced_choice_gate_only_no_continuous_pose_or_loss
stick,stage5,47,1.916667,post_render_sanity_check,/mnt/hdd/AudioHOI/samples_known_object/11_stick/results/benchmark_vlm_qwen/vlm/stage5/evidence/frame00047_post_render_sanity_check.png,/mnt/hdd/AudioHOI/samples_known_object/11_stick/results/benchmark_vlm_qwen/vlm/stage5/evidence/frame00047_post_render_sanity_check.png,final_render_preview,"Inspect the dark rendered object over the video. Does it accurately cover the real visible object without floating away, using the wrong angle/scale, or incorrectly covering the human? Choose pass only if alignment is visually good.",pass|overlay_shift|wrong_contact|object_jitter|depth_mismatch|render_missing|unclear,mistral_llm_schema_validated,main_body|contact_region|support_region|tip_regions|grip_bands|background|unclear,hand_on_main_body|hand_on_contact_region|body_on_support_region|floor_support|persistent_two_palm_line|no_contact|unclear,forced_choice_gate_only_no_continuous_pose_or_loss
stick,stage5,48,1.958333,post_render_sanity_check,/mnt/hdd/AudioHOI/samples_known_object/11_stick/results/benchmark_vlm_qwen/vlm/stage5/evidence/frame00048_post_render_sanity_check.png,/mnt/hdd/AudioHOI/samples_known_object/11_stick/results/benchmark_vlm_qwen/vlm/stage5/evidence/frame00048_post_render_sanity_check.png,final_render_preview,"Inspect the dark rendered object over the video. Does it accurately cover the real visible object without floating away, using the wrong angle/scale, or incorrectly covering the human? Choose pass only if alignment is visually good.",pass|overlay_shift|wrong_contact|object_jitter|depth_mismatch|render_missing|unclear,mistral_llm_schema_validated,main_body|contact_region|support_region|tip_regions|grip_bands|background|unclear,hand_on_main_body|hand_on_contact_region|body_on_support_region|floor_support|persistent_two_palm_line|no_contact|unclear,forced_choice_gate_only_no_continuous_pose_or_loss
stick,stage5,49,2.000000,post_render_sanity_check,/mnt/hdd/AudioHOI/samples_known_object/11_stick/results/benchmark_vlm_qwen/vlm/stage5/evidence/frame00049_post_render_sanity_check.png,/mnt/hdd/AudioHOI/samples_known_object/11_stick/results/benchmark_vlm_qwen/vlm/stage5/evidence/frame00049_post_render_sanity_check.png,final_render_preview,"Inspect the dark rendered object over the video. Does it accurately cover the real visible object without floating away, using the wrong angle/scale, or incorrectly covering the human? Choose pass only if alignment is visually good.",pass|overlay_shift|wrong_contact|object_jitter|depth_mismatch|render_missing|unclear,mistral_llm_schema_validated,main_body|contact_region|support_region|tip_regions|grip_bands|background|unclear,hand_on_main_body|hand_on_contact_region|body_on_support_region|floor_support|persistent_two_palm_line|no_contact|unclear,forced_choice_gate_only_no_continuous_pose_or_loss
stick,stage5,50,2.041667,post_render_sanity_check,/mnt/hdd/AudioHOI/samples_known_object/11_stick/results/benchmark_vlm_qwen/vlm/stage5/evidence/frame00050_post_render_sanity_check.png,/mnt/hdd/AudioHOI/samples_known_object/11_stick/results/benchmark_vlm_qwen/vlm/stage5/evidence/frame00050_post_render_sanity_check.png,final_render_preview,"Inspect the dark rendered object over the video. Does it accurately cover the real visible object without floating away, using the wrong angle/scale, or incorrectly covering the human? Choose pass only if alignment is visually good.",pass|overlay_shift|wrong_contact|object_jitter|depth_mismatch|render_missing|unclear,mistral_llm_schema_validated,main_body|contact_region|support_region|tip_regions|grip_bands|background|unclear,hand_on_main_body|hand_on_contact_region|body_on_support_region|floor_support|persistent_two_palm_line|no_contact|unclear,forced_choice_gate_only_no_continuous_pose_or_loss
stick,stage5,51,2.083333,post_render_sanity_check,/mnt/hdd/AudioHOI/samples_known_object/11_stick/results/benchmark_vlm_qwen/vlm/stage5/evidence/frame00051_post_render_sanity_check.png,/mnt/hdd/AudioHOI/samples_known_object/11_stick/results/benchmark_vlm_qwen/vlm/stage5/evidence/frame00051_post_render_sanity_check.png,final_render_preview,"Inspect the dark rendered object over the video. Does it accurately cover the real visible object without floating away, using the wrong angle/scale, or incorrectly covering the human? Choose pass only if alignment is visually good.",pass|overlay_shift|wrong_contact|object_jitter|depth_mismatch|render_missing|unclear,mistral_llm_schema_validated,main_body|contact_region|support_region|tip_regions|grip_bands|background|unclear,hand_on_main_body|hand_on_contact_region|body_on_support_region|floor_support|persistent_two_palm_line|no_contact|unclear,forced_choice_gate_only_no_continuous_pose_or_loss
stick,stage5,52,2.125000,post_render_sanity_check,/mnt/hdd/AudioHOI/samples_known_object/11_stick/results/benchmark_vlm_qwen/vlm/stage5/evidence/frame00052_post_render_sanity_check.png,/mnt/hdd/AudioHOI/samples_known_object/11_stick/results/benchmark_vlm_qwen/vlm/stage5/evidence/frame00052_post_render_sanity_check.png,final_render_preview,"Inspect the dark rendered object over the video. Does it accurately cover the real visible object without floating away, using the wrong angle/scale, or incorrectly covering the human? Choose pass only if alignment is visually good.",pass|overlay_shift|wrong_contact|object_jitter|depth_mismatch|render_missing|unclear,mistral_llm_schema_validated,main_body|contact_region|support_region|tip_regions|grip_bands|background|unclear,hand_on_main_body|hand_on_contact_region|body_on_support_region|floor_support|persistent_two_palm_line|no_contact|unclear,forced_choice_gate_only_no_continuous_pose_or_loss
stick,stage5,53,2.166667,post_render_sanity_check,/mnt/hdd/AudioHOI/samples_known_object/11_stick/results/benchmark_vlm_qwen/vlm/stage5/evidence/frame00053_post_render_sanity_check.png,/mnt/hdd/AudioHOI/samples_known_object/11_stick/results/benchmark_vlm_qwen/vlm/stage5/evidence/frame00053_post_render_sanity_check.png,final_render_preview,"Inspect the dark rendered object over the video. Does it accurately cover the real visible object without floating away, using the wrong angle/scale, or incorrectly covering the human? Choose pass only if alignment is visually good.",pass|overlay_shift|wrong_contact|object_jitter|depth_mismatch|render_missing|unclear,mistral_llm_schema_validated,main_body|contact_region|support_region|tip_regions|grip_bands|background|unclear,hand_on_main_body|hand_on_contact_region|body_on_support_region|floor_support|persistent_two_palm_line|no_contact|unclear,forced_choice_gate_only_no_continuous_pose_or_loss
stick,stage5,54,2.208333,post_render_sanity_check,/mnt/hdd/AudioHOI/samples_known_object/11_stick/results/benchmark_vlm_qwen/vlm/stage5/evidence/frame00054_post_render_sanity_check.png,/mnt/hdd/AudioHOI/samples_known_object/11_stick/results/benchmark_vlm_qwen/vlm/stage5/evidence/frame00054_post_render_sanity_check.png,final_render_preview,"Inspect the dark rendered object over the video. Does it accurately cover the real visible object without floating away, using the wrong angle/scale, or incorrectly covering the human? Choose pass only if alignment is visually good.",pass|overlay_shift|wrong_contact|object_jitter|depth_mismatch|render_missing|unclear,mistral_llm_schema_validated,main_body|contact_region|support_region|tip_regions|grip_bands|background|unclear,hand_on_main_body|hand_on_contact_region|body_on_support_region|floor_support|persistent_two_palm_line|no_contact|unclear,forced_choice_gate_only_no_continuous_pose_or_loss
stick,stage5,55,2.250000,post_render_sanity_check,/mnt/hdd/AudioHOI/samples_known_object/11_stick/results/benchmark_vlm_qwen/vlm/stage5/evidence/frame00055_post_render_sanity_check.png,/mnt/hdd/AudioHOI/samples_known_object/11_stick/results/benchmark_vlm_qwen/vlm/stage5/evidence/frame00055_post_render_sanity_check.png,final_render_preview,"Inspect the dark rendered object over the video. Does it accurately cover the real visible object without floating away, using the wrong angle/scale, or incorrectly covering the human? Choose pass only if alignment is visually good.",pass|overlay_shift|wrong_contact|object_jitter|depth_mismatch|render_missing|unclear,mistral_llm_schema_validated,main_body|contact_region|support_region|tip_regions|grip_bands|background|unclear,hand_on_main_body|hand_on_contact_region|body_on_support_region|floor_support|persistent_two_palm_line|no_contact|unclear,forced_choice_gate_only_no_continuous_pose_or_loss
stick,stage5,56,2.291667,post_render_sanity_check,/mnt/hdd/AudioHOI/samples_known_object/11_stick/results/benchmark_vlm_qwen/vlm/stage5/evidence/frame00056_post_render_sanity_check.png,/mnt/hdd/AudioHOI/samples_known_object/11_stick/results/benchmark_vlm_qwen/vlm/stage5/evidence/frame00056_post_render_sanity_check.png,final_render_preview,"Inspect the dark rendered object over the video. Does it accurately cover the real visible object without floating away, using the wrong angle/scale, or incorrectly covering the human? Choose pass only if alignment is visually good.",pass|overlay_shift|wrong_contact|object_jitter|depth_mismatch|render_missing|unclear,mistral_llm_schema_validated,main_body|contact_region|support_region|tip_regions|grip_bands|background|unclear,hand_on_main_body|hand_on_contact_region|body_on_support_region|floor_support|persistent_two_palm_line|no_contact|unclear,forced_choice_gate_only_no_continuous_pose_or_loss
stick,stage5,57,2.333333,post_render_sanity_check,/mnt/hdd/AudioHOI/samples_known_object/11_stick/results/benchmark_vlm_qwen/vlm/stage5/evidence/frame00057_post_render_sanity_check.png,/mnt/hdd/AudioHOI/samples_known_object/11_stick/results/benchmark_vlm_qwen/vlm/stage5/evidence/frame00057_post_render_sanity_check.png,final_render_preview,"Inspect the dark rendered object over the video. Does it accurately cover the real visible object without floating away, using the wrong angle/scale, or incorrectly covering the human? Choose pass only if alignment is visually good.",pass|overlay_shift|wrong_contact|object_jitter|depth_mismatch|render_missing|unclear,mistral_llm_schema_validated,main_body|contact_region|support_region|tip_regions|grip_bands|background|unclear,hand_on_main_body|hand_on_contact_region|body_on_support_region|floor_support|persistent_two_palm_line|no_contact|unclear,forced_choice_gate_only_no_continuous_pose_or_loss
stick,stage5,58,2.375000,post_render_sanity_check,/mnt/hdd/AudioHOI/samples_known_object/11_stick/results/benchmark_vlm_qwen/vlm/stage5/evidence/frame00058_post_render_sanity_check.png,/mnt/hdd/AudioHOI/samples_known_object/11_stick/results/benchmark_vlm_qwen/vlm/stage5/evidence/frame00058_post_render_sanity_check.png,final_render_preview,"Inspect the dark rendered object over the video. Does it accurately cover the real visible object without floating away, using the wrong angle/scale, or incorrectly covering the human? Choose pass only if alignment is visually good.",pass|overlay_shift|wrong_contact|object_jitter|depth_mismatch|render_missing|unclear,mistral_llm_schema_validated,main_body|contact_region|support_region|tip_regions|grip_bands|background|unclear,hand_on_main_body|hand_on_contact_region|body_on_support_region|floor_support|persistent_two_palm_line|no_contact|unclear,forced_choice_gate_only_no_continuous_pose_or_loss
stick,stage5,59,2.416667,post_render_sanity_check,/mnt/hdd/AudioHOI/samples_known_object/11_stick/results/benchmark_vlm_qwen/vlm/stage5/evidence/frame00059_post_render_sanity_check.png,/mnt/hdd/AudioHOI/samples_known_object/11_stick/results/benchmark_vlm_qwen/vlm/stage5/evidence/frame00059_post_render_sanity_check.png,final_render_preview,"Inspect the dark rendered object over the video. Does it accurately cover the real visible object without floating away, using the wrong angle/scale, or incorrectly covering the human? Choose pass only if alignment is visually good.",pass|overlay_shift|wrong_contact|object_jitter|depth_mismatch|render_missing|unclear,mistral_llm_schema_validated,main_body|contact_region|support_region|tip_regions|grip_bands|background|unclear,hand_on_main_body|hand_on_contact_region|body_on_support_region|floor_support|persistent_two_palm_line|no_contact|unclear,forced_choice_gate_only_no_continuous_pose_or_loss
stick,stage5,60,2.458333,post_render_sanity_check,/mnt/hdd/AudioHOI/samples_known_object/11_stick/results/benchmark_vlm_qwen/vlm/stage5/evidence/frame00060_post_render_sanity_check.png,/mnt/hdd/AudioHOI/samples_known_object/11_stick/results/benchmark_vlm_qwen/vlm/stage5/evidence/frame00060_post_render_sanity_check.png,final_render_preview,"Inspect the dark rendered object over the video. Does it accurately cover the real visible object without floating away, using the wrong angle/scale, or incorrectly covering the human? Choose pass only if alignment is visually good.",pass|overlay_shift|wrong_contact|object_jitter|depth_mismatch|render_missing|unclear,mistral_llm_schema_validated,main_body|contact_region|support_region|tip_regions|grip_bands|background|unclear,hand_on_main_body|hand_on_contact_region|body_on_support_region|floor_support|persistent_two_palm_line|no_contact|unclear,forced_choice_gate_only_no_continuous_pose_or_loss
stick,stage5,61,2.500000,post_render_sanity_check,/mnt/hdd/AudioHOI/samples_known_object/11_stick/results/benchmark_vlm_qwen/vlm/stage5/evidence/frame00061_post_render_sanity_check.png,/mnt/hdd/AudioHOI/samples_known_object/11_stick/results/benchmark_vlm_qwen/vlm/stage5/evidence/frame00061_post_render_sanity_check.png,final_render_preview,"Inspect the dark rendered object over the video. Does it accurately cover the real visible object without floating away, using the wrong angle/scale, or incorrectly covering the human? Choose pass only if alignment is visually good.",pass|overlay_shift|wrong_contact|object_jitter|depth_mismatch|render_missing|unclear,mistral_llm_schema_validated,main_body|contact_region|support_region|tip_regions|grip_bands|background|unclear,hand_on_main_body|hand_on_contact_region|body_on_support_region|floor_support|persistent_two_palm_line|no_contact|unclear,forced_choice_gate_only_no_continuous_pose_or_loss
stick,stage5,62,2.541667,post_render_sanity_check,/mnt/hdd/AudioHOI/samples_known_object/11_stick/results/benchmark_vlm_qwen/vlm/stage5/evidence/frame00062_post_render_sanity_check.png,/mnt/hdd/AudioHOI/samples_known_object/11_stick/results/benchmark_vlm_qwen/vlm/stage5/evidence/frame00062_post_render_sanity_check.png,final_render_preview,"Inspect the dark rendered object over the video. Does it accurately cover the real visible object without floating away, using the wrong angle/scale, or incorrectly covering the human? Choose pass only if alignment is visually good.",pass|overlay_shift|wrong_contact|object_jitter|depth_mismatch|render_missing|unclear,mistral_llm_schema_validated,main_body|contact_region|support_region|tip_regions|grip_bands|background|unclear,hand_on_main_body|hand_on_contact_region|body_on_support_region|floor_support|persistent_two_palm_line|no_contact|unclear,forced_choice_gate_only_no_continuous_pose_or_loss
stick,stage5,63,2.583333,post_render_sanity_check,/mnt/hdd/AudioHOI/samples_known_object/11_stick/results/benchmark_vlm_qwen/vlm/stage5/evidence/frame00063_post_render_sanity_check.png,/mnt/hdd/AudioHOI/samples_known_object/11_stick/results/benchmark_vlm_qwen/vlm/stage5/evidence/frame00063_post_render_sanity_check.png,final_render_preview,"Inspect the dark rendered object over the video. Does it accurately cover the real visible object without floating away, using the wrong angle/scale, or incorrectly covering the human? Choose pass only if alignment is visually good.",pass|overlay_shift|wrong_contact|object_jitter|depth_mismatch|render_missing|unclear,mistral_llm_schema_validated,main_body|contact_region|support_region|tip_regions|grip_bands|background|unclear,hand_on_main_body|hand_on_contact_region|body_on_support_region|floor_support|persistent_two_palm_line|no_contact|unclear,forced_choice_gate_only_no_continuous_pose_or_loss
stick,stage5,64,2.625000,post_render_sanity_check,/mnt/hdd/AudioHOI/samples_known_object/11_stick/results/benchmark_vlm_qwen/vlm/stage5/evidence/frame00064_post_render_sanity_check.png,/mnt/hdd/AudioHOI/samples_known_object/11_stick/results/benchmark_vlm_qwen/vlm/stage5/evidence/frame00064_post_render_sanity_check.png,final_render_preview,"Inspect the dark rendered object over the video. Does it accurately cover the real visible object without floating away, using the wrong angle/scale, or incorrectly covering the human? Choose pass only if alignment is visually good.",pass|overlay_shift|wrong_contact|object_jitter|depth_mismatch|render_missing|unclear,mistral_llm_schema_validated,main_body|contact_region|support_region|tip_regions|grip_bands|background|unclear,hand_on_main_body|hand_on_contact_region|body_on_support_region|floor_support|persistent_two_palm_line|no_contact|unclear,forced_choice_gate_only_no_continuous_pose_or_loss
stick,stage5,65,2.666667,post_render_sanity_check,/mnt/hdd/AudioHOI/samples_known_object/11_stick/results/benchmark_vlm_qwen/vlm/stage5/evidence/frame00065_post_render_sanity_check.png,/mnt/hdd/AudioHOI/samples_known_object/11_stick/results/benchmark_vlm_qwen/vlm/stage5/evidence/frame00065_post_render_sanity_check.png,final_render_preview,"Inspect the dark rendered object over the video. Does it accurately cover the real visible object without floating away, using the wrong angle/scale, or incorrectly covering the human? Choose pass only if alignment is visually good.",pass|overlay_shift|wrong_contact|object_jitter|depth_mismatch|render_missing|unclear,mistral_llm_schema_validated,main_body|contact_region|support_region|tip_regions|grip_bands|background|unclear,hand_on_main_body|hand_on_contact_region|body_on_support_region|floor_support|persistent_two_palm_line|no_contact|unclear,forced_choice_gate_only_no_continuous_pose_or_loss
stick,stage5,66,2.708333,post_render_sanity_check,/mnt/hdd/AudioHOI/samples_known_object/11_stick/results/benchmark_vlm_qwen/vlm/stage5/evidence/frame00066_post_render_sanity_check.png,/mnt/hdd/AudioHOI/samples_known_object/11_stick/results/benchmark_vlm_qwen/vlm/stage5/evidence/frame00066_post_render_sanity_check.png,final_render_preview,"Inspect the dark rendered object over the video. Does it accurately cover the real visible object without floating away, using the wrong angle/scale, or incorrectly covering the human? Choose pass only if alignment is visually good.",pass|overlay_shift|wrong_contact|object_jitter|depth_mismatch|render_missing|unclear,mistral_llm_schema_validated,main_body|contact_region|support_region|tip_regions|grip_bands|background|unclear,hand_on_main_body|hand_on_contact_region|body_on_support_region|floor_support|persistent_two_palm_line|no_contact|unclear,forced_choice_gate_only_no_continuous_pose_or_loss
stick,stage5,67,2.750000,post_render_sanity_check,/mnt/hdd/AudioHOI/samples_known_object/11_stick/results/benchmark_vlm_qwen/vlm/stage5/evidence/frame00067_post_render_sanity_check.png,/mnt/hdd/AudioHOI/samples_known_object/11_stick/results/benchmark_vlm_qwen/vlm/stage5/evidence/frame00067_post_render_sanity_check.png,final_render_preview,"Inspect the dark rendered object over the video. Does it accurately cover the real visible object without floating away, using the wrong angle/scale, or incorrectly covering the human? Choose pass only if alignment is visually good.",pass|overlay_shift|wrong_contact|object_jitter|depth_mismatch|render_missing|unclear,mistral_llm_schema_validated,main_body|contact_region|support_region|tip_regions|grip_bands|background|unclear,hand_on_main_body|hand_on_contact_region|body_on_support_region|floor_support|persistent_two_palm_line|no_contact|unclear,forced_choice_gate_only_no_continuous_pose_or_loss
stick,stage5,68,2.791667,post_render_sanity_check,/mnt/hdd/AudioHOI/samples_known_object/11_stick/results/benchmark_vlm_qwen/vlm/stage5/evidence/frame00068_post_render_sanity_check.png,/mnt/hdd/AudioHOI/samples_known_object/11_stick/results/benchmark_vlm_qwen/vlm/stage5/evidence/frame00068_post_render_sanity_check.png,final_render_preview,"Inspect the dark rendered object over the video. Does it accurately cover the real visible object without floating away, using the wrong angle/scale, or incorrectly covering the human? Choose pass only if alignment is visually good.",pass|overlay_shift|wrong_contact|object_jitter|depth_mismatch|render_missing|unclear,mistral_llm_schema_validated,main_body|contact_region|support_region|tip_regions|grip_bands|background|unclear,hand_on_main_body|hand_on_contact_region|body_on_support_region|floor_support|persistent_two_palm_line|no_contact|unclear,forced_choice_gate_only_no_continuous_pose_or_loss
stick,stage5,69,2.833333,post_render_sanity_check,/mnt/hdd/AudioHOI/samples_known_object/11_stick/results/benchmark_vlm_qwen/vlm/stage5/evidence/frame00069_post_render_sanity_check.png,/mnt/hdd/AudioHOI/samples_known_object/11_stick/results/benchmark_vlm_qwen/vlm/stage5/evidence/frame00069_post_render_sanity_check.png,final_render_preview,"Inspect the dark rendered object over the video. Does it accurately cover the real visible object without floating away, using the wrong angle/scale, or incorrectly covering the human? Choose pass only if alignment is visually good.",pass|overlay_shift|wrong_contact|object_jitter|depth_mismatch|render_missing|unclear,mistral_llm_schema_validated,main_body|contact_region|support_region|tip_regions|grip_bands|background|unclear,hand_on_main_body|hand_on_contact_region|body_on_support_region|floor_support|persistent_two_palm_line|no_contact|unclear,forced_choice_gate_only_no_continuous_pose_or_loss
stick,stage5,70,2.875000,post_render_sanity_check,/mnt/hdd/AudioHOI/samples_known_object/11_stick/results/benchmark_vlm_qwen/vlm/stage5/evidence/frame00070_post_render_sanity_check.png,/mnt/hdd/AudioHOI/samples_known_object/11_stick/results/benchmark_vlm_qwen/vlm/stage5/evidence/frame00070_post_render_sanity_check.png,final_render_preview,"Inspect the dark rendered object over the video. Does it accurately cover the real visible object without floating away, using the wrong angle/scale, or incorrectly covering the human? Choose pass only if alignment is visually good.",pass|overlay_shift|wrong_contact|object_jitter|depth_mismatch|render_missing|unclear,mistral_llm_schema_validated,main_body|contact_region|support_region|tip_regions|grip_bands|background|unclear,hand_on_main_body|hand_on_contact_region|body_on_support_region|floor_support|persistent_two_palm_line|no_contact|unclear,forced_choice_gate_only_no_continuous_pose_or_loss
stick,stage5,71,2.916667,post_render_sanity_check,/mnt/hdd/AudioHOI/samples_known_object/11_stick/results/benchmark_vlm_qwen/vlm/stage5/evidence/frame00071_post_render_sanity_check.png,/mnt/hdd/AudioHOI/samples_known_object/11_stick/results/benchmark_vlm_qwen/vlm/stage5/evidence/frame00071_post_render_sanity_check.png,final_render_preview,"Inspect the dark rendered object over the video. Does it accurately cover the real visible object without floating away, using the wrong angle/scale, or incorrectly covering the human? Choose pass only if alignment is visually good.",pass|overlay_shift|wrong_contact|object_jitter|depth_mismatch|render_missing|unclear,mistral_llm_schema_validated,main_body|contact_region|support_region|tip_regions|grip_bands|background|unclear,hand_on_main_body|hand_on_contact_region|body_on_support_region|floor_support|persistent_two_palm_line|no_contact|unclear,forced_choice_gate_only_no_continuous_pose_or_loss
stick,stage5,72,2.958333,post_render_sanity_check,/mnt/hdd/AudioHOI/samples_known_object/11_stick/results/benchmark_vlm_qwen/vlm/stage5/evidence/frame00072_post_render_sanity_check.png,/mnt/hdd/AudioHOI/samples_known_object/11_stick/results/benchmark_vlm_qwen/vlm/stage5/evidence/frame00072_post_render_sanity_check.png,final_render_preview,"Inspect the dark rendered object over the video. Does it accurately cover the real visible object without floating away, using the wrong angle/scale, or incorrectly covering the human? Choose pass only if alignment is visually good.",pass|overlay_shift|wrong_contact|object_jitter|depth_mismatch|render_missing|unclear,mistral_llm_schema_validated,main_body|contact_region|support_region|tip_regions|grip_bands|background|unclear,hand_on_main_body|hand_on_contact_region|body_on_support_region|floor_support|persistent_two_palm_line|no_contact|unclear,forced_choice_gate_only_no_continuous_pose_or_loss
stick,stage5,73,3.000000,post_render_sanity_check,/mnt/hdd/AudioHOI/samples_known_object/11_stick/results/benchmark_vlm_qwen/vlm/stage5/evidence/frame00073_post_render_sanity_check.png,/mnt/hdd/AudioHOI/samples_known_object/11_stick/results/benchmark_vlm_qwen/vlm/stage5/evidence/frame00073_post_render_sanity_check.png,final_render_preview,"Inspect the dark rendered object over the video. Does it accurately cover the real visible object without floating away, using the wrong angle/scale, or incorrectly covering the human? Choose pass only if alignment is visually good.",pass|overlay_shift|wrong_contact|object_jitter|depth_mismatch|render_missing|unclear,mistral_llm_schema_validated,main_body|contact_region|support_region|tip_regions|grip_bands|background|unclear,hand_on_main_body|hand_on_contact_region|body_on_support_region|floor_support|persistent_two_palm_line|no_contact|unclear,forced_choice_gate_only_no_continuous_pose_or_loss
stick,stage5,74,3.041667,post_render_sanity_check,/mnt/hdd/AudioHOI/samples_known_object/11_stick/results/benchmark_vlm_qwen/vlm/stage5/evidence/frame00074_post_render_sanity_check.png,/mnt/hdd/AudioHOI/samples_known_object/11_stick/results/benchmark_vlm_qwen/vlm/stage5/evidence/frame00074_post_render_sanity_check.png,final_render_preview,"Inspect the dark rendered object over the video. Does it accurately cover the real visible object without floating away, using the wrong angle/scale, or incorrectly covering the human? Choose pass only if alignment is visually good.",pass|overlay_shift|wrong_contact|object_jitter|depth_mismatch|render_missing|unclear,mistral_llm_schema_validated,main_body|contact_region|support_region|tip_regions|grip_bands|background|unclear,hand_on_main_body|hand_on_contact_region|body_on_support_region|floor_support|persistent_two_palm_line|no_contact|unclear,forced_choice_gate_only_no_continuous_pose_or_loss
stick,stage5,75,3.083333,post_render_sanity_check,/mnt/hdd/AudioHOI/samples_known_object/11_stick/results/benchmark_vlm_qwen/vlm/stage5/evidence/frame00075_post_render_sanity_check.png,/mnt/hdd/AudioHOI/samples_known_object/11_stick/results/benchmark_vlm_qwen/vlm/stage5/evidence/frame00075_post_render_sanity_check.png,final_render_preview,"Inspect the dark rendered object over the video. Does it accurately cover the real visible object without floating away, using the wrong angle/scale, or incorrectly covering the human? Choose pass only if alignment is visually good.",pass|overlay_shift|wrong_contact|object_jitter|depth_mismatch|render_missing|unclear,mistral_llm_schema_validated,main_body|contact_region|support_region|tip_regions|grip_bands|background|unclear,hand_on_main_body|hand_on_contact_region|body_on_support_region|floor_support|persistent_two_palm_line|no_contact|unclear,forced_choice_gate_only_no_continuous_pose_or_loss
stick,stage5,76,3.125000,post_render_sanity_check,/mnt/hdd/AudioHOI/samples_known_object/11_stick/results/benchmark_vlm_qwen/vlm/stage5/evidence/frame00076_post_render_sanity_check.png,/mnt/hdd/AudioHOI/samples_known_object/11_stick/results/benchmark_vlm_qwen/vlm/stage5/evidence/frame00076_post_render_sanity_check.png,final_render_preview,"Inspect the dark rendered object over the video. Does it accurately cover the real visible object without floating away, using the wrong angle/scale, or incorrectly covering the human? Choose pass only if alignment is visually good.",pass|overlay_shift|wrong_contact|object_jitter|depth_mismatch|render_missing|unclear,mistral_llm_schema_validated,main_body|contact_region|support_region|tip_regions|grip_bands|background|unclear,hand_on_main_body|hand_on_contact_region|body_on_support_region|floor_support|persistent_two_palm_line|no_contact|unclear,forced_choice_gate_only_no_continuous_pose_or_loss
stick,stage5,77,3.166667,post_render_sanity_check,/mnt/hdd/AudioHOI/samples_known_object/11_stick/results/benchmark_vlm_qwen/vlm/stage5/evidence/frame00077_post_render_sanity_check.png,/mnt/hdd/AudioHOI/samples_known_object/11_stick/results/benchmark_vlm_qwen/vlm/stage5/evidence/frame00077_post_render_sanity_check.png,final_render_preview,"Inspect the dark rendered object over the video. Does it accurately cover the real visible object without floating away, using the wrong angle/scale, or incorrectly covering the human? Choose pass only if alignment is visually good.",pass|overlay_shift|wrong_contact|object_jitter|depth_mismatch|render_missing|unclear,mistral_llm_schema_validated,main_body|contact_region|support_region|tip_regions|grip_bands|background|unclear,hand_on_main_body|hand_on_contact_region|body_on_support_region|floor_support|persistent_two_palm_line|no_contact|unclear,forced_choice_gate_only_no_continuous_pose_or_loss
stick,stage5,78,3.208333,post_render_sanity_check,/mnt/hdd/AudioHOI/samples_known_object/11_stick/results/benchmark_vlm_qwen/vlm/stage5/evidence/frame00078_post_render_sanity_check.png,/mnt/hdd/AudioHOI/samples_known_object/11_stick/results/benchmark_vlm_qwen/vlm/stage5/evidence/frame00078_post_render_sanity_check.png,final_render_preview,"Inspect the dark rendered object over the video. Does it accurately cover the real visible object without floating away, using the wrong angle/scale, or incorrectly covering the human? Choose pass only if alignment is visually good.",pass|overlay_shift|wrong_contact|object_jitter|depth_mismatch|render_missing|unclear,mistral_llm_schema_validated,main_body|contact_region|support_region|tip_regions|grip_bands|background|unclear,hand_on_main_body|hand_on_contact_region|body_on_support_region|floor_support|persistent_two_palm_line|no_contact|unclear,forced_choice_gate_only_no_continuous_pose_or_loss
stick,stage5,79,3.250000,post_render_sanity_check,/mnt/hdd/AudioHOI/samples_known_object/11_stick/results/benchmark_vlm_qwen/vlm/stage5/evidence/frame00079_post_render_sanity_check.png,/mnt/hdd/AudioHOI/samples_known_object/11_stick/results/benchmark_vlm_qwen/vlm/stage5/evidence/frame00079_post_render_sanity_check.png,final_render_preview,"Inspect the dark rendered object over the video. Does it accurately cover the real visible object without floating away, using the wrong angle/scale, or incorrectly covering the human? Choose pass only if alignment is visually good.",pass|overlay_shift|wrong_contact|object_jitter|depth_mismatch|render_missing|unclear,mistral_llm_schema_validated,main_body|contact_region|support_region|tip_regions|grip_bands|background|unclear,hand_on_main_body|hand_on_contact_region|body_on_support_region|floor_support|persistent_two_palm_line|no_contact|unclear,forced_choice_gate_only_no_continuous_pose_or_loss
stick,stage5,80,3.291667,post_render_sanity_check,/mnt/hdd/AudioHOI/samples_known_object/11_stick/results/benchmark_vlm_qwen/vlm/stage5/evidence/frame00080_post_render_sanity_check.png,/mnt/hdd/AudioHOI/samples_known_object/11_stick/results/benchmark_vlm_qwen/vlm/stage5/evidence/frame00080_post_render_sanity_check.png,final_render_preview,"Inspect the dark rendered object over the video. Does it accurately cover the real visible object without floating away, using the wrong angle/scale, or incorrectly covering the human? Choose pass only if alignment is visually good.",pass|overlay_shift|wrong_contact|object_jitter|depth_mismatch|render_missing|unclear,mistral_llm_schema_validated,main_body|contact_region|support_region|tip_regions|grip_bands|background|unclear,hand_on_main_body|hand_on_contact_region|body_on_support_region|floor_support|persistent_two_palm_line|no_contact|unclear,forced_choice_gate_only_no_continuous_pose_or_loss
stick,stage5,81,3.333333,post_render_sanity_check,/mnt/hdd/AudioHOI/samples_known_object/11_stick/results/benchmark_vlm_qwen/vlm/stage5/evidence/frame00081_post_render_sanity_check.png,/mnt/hdd/AudioHOI/samples_known_object/11_stick/results/benchmark_vlm_qwen/vlm/stage5/evidence/frame00081_post_render_sanity_check.png,final_render_preview,"Inspect the dark rendered object over the video. Does it accurately cover the real visible object without floating away, using the wrong angle/scale, or incorrectly covering the human? Choose pass only if alignment is visually good.",pass|overlay_shift|wrong_contact|object_jitter|depth_mismatch|render_missing|unclear,mistral_llm_schema_validated,main_body|contact_region|support_region|tip_regions|grip_bands|background|unclear,hand_on_main_body|hand_on_contact_region|body_on_support_region|floor_support|persistent_two_palm_line|no_contact|unclear,forced_choice_gate_only_no_continuous_pose_or_loss
stick,stage5,82,3.375000,post_render_sanity_check,/mnt/hdd/AudioHOI/samples_known_object/11_stick/results/benchmark_vlm_qwen/vlm/stage5/evidence/frame00082_post_render_sanity_check.png,/mnt/hdd/AudioHOI/samples_known_object/11_stick/results/benchmark_vlm_qwen/vlm/stage5/evidence/frame00082_post_render_sanity_check.png,final_render_preview,"Inspect the dark rendered object over the video. Does it accurately cover the real visible object without floating away, using the wrong angle/scale, or incorrectly covering the human? Choose pass only if alignment is visually good.",pass|overlay_shift|wrong_contact|object_jitter|depth_mismatch|render_missing|unclear,mistral_llm_schema_validated,main_body|contact_region|support_region|tip_regions|grip_bands|background|unclear,hand_on_main_body|hand_on_contact_region|body_on_support_region|floor_support|persistent_two_palm_line|no_contact|unclear,forced_choice_gate_only_no_continuous_pose_or_loss
stick,stage5,83,3.416667,post_render_sanity_check,/mnt/hdd/AudioHOI/samples_known_object/11_stick/results/benchmark_vlm_qwen/vlm/stage5/evidence/frame00083_post_render_sanity_check.png,/mnt/hdd/AudioHOI/samples_known_object/11_stick/results/benchmark_vlm_qwen/vlm/stage5/evidence/frame00083_post_render_sanity_check.png,final_render_preview,"Inspect the dark rendered object over the video. Does it accurately cover the real visible object without floating away, using the wrong angle/scale, or incorrectly covering the human? Choose pass only if alignment is visually good.",pass|overlay_shift|wrong_contact|object_jitter|depth_mismatch|render_missing|unclear,mistral_llm_schema_validated,main_body|contact_region|support_region|tip_regions|grip_bands|background|unclear,hand_on_main_body|hand_on_contact_region|body_on_support_region|floor_support|persistent_two_palm_line|no_contact|unclear,forced_choice_gate_only_no_continuous_pose_or_loss
stick,stage5,84,3.458333,post_render_sanity_check,/mnt/hdd/AudioHOI/samples_known_object/11_stick/results/benchmark_vlm_qwen/vlm/stage5/evidence/frame00084_post_render_sanity_check.png,/mnt/hdd/AudioHOI/samples_known_object/11_stick/results/benchmark_vlm_qwen/vlm/stage5/evidence/frame00084_post_render_sanity_check.png,final_render_preview,"Inspect the dark rendered object over the video. Does it accurately cover the real visible object without floating away, using the wrong angle/scale, or incorrectly covering the human? Choose pass only if alignment is visually good.",pass|overlay_shift|wrong_contact|object_jitter|depth_mismatch|render_missing|unclear,mistral_llm_schema_validated,main_body|contact_region|support_region|tip_regions|grip_bands|background|unclear,hand_on_main_body|hand_on_contact_region|body_on_support_region|floor_support|persistent_two_palm_line|no_contact|unclear,forced_choice_gate_only_no_continuous_pose_or_loss
stick,stage5,85,3.500000,post_render_sanity_check,/mnt/hdd/AudioHOI/samples_known_object/11_stick/results/benchmark_vlm_qwen/vlm/stage5/evidence/frame00085_post_render_sanity_check.png,/mnt/hdd/AudioHOI/samples_known_object/11_stick/results/benchmark_vlm_qwen/vlm/stage5/evidence/frame00085_post_render_sanity_check.png,final_render_preview,"Inspect the dark rendered object over the video. Does it accurately cover the real visible object without floating away, using the wrong angle/scale, or incorrectly covering the human? Choose pass only if alignment is visually good.",pass|overlay_shift|wrong_contact|object_jitter|depth_mismatch|render_missing|unclear,mistral_llm_schema_validated,main_body|contact_region|support_region|tip_regions|grip_bands|background|unclear,hand_on_main_body|hand_on_contact_region|body_on_support_region|floor_support|persistent_two_palm_line|no_contact|unclear,forced_choice_gate_only_no_continuous_pose_or_loss
stick,stage5,86,3.541667,post_render_sanity_check,/mnt/hdd/AudioHOI/samples_known_object/11_stick/results/benchmark_vlm_qwen/vlm/stage5/evidence/frame00086_post_render_sanity_check.png,/mnt/hdd/AudioHOI/samples_known_object/11_stick/results/benchmark_vlm_qwen/vlm/stage5/evidence/frame00086_post_render_sanity_check.png,final_render_preview,"Inspect the dark rendered object over the video. Does it accurately cover the real visible object without floating away, using the wrong angle/scale, or incorrectly covering the human? Choose pass only if alignment is visually good.",pass|overlay_shift|wrong_contact|object_jitter|depth_mismatch|render_missing|unclear,mistral_llm_schema_validated,main_body|contact_region|support_region|tip_regions|grip_bands|background|unclear,hand_on_main_body|hand_on_contact_region|body_on_support_region|floor_support|persistent_two_palm_line|no_contact|unclear,forced_choice_gate_only_no_continuous_pose_or_loss
stick,stage5,87,3.583333,post_render_sanity_check,/mnt/hdd/AudioHOI/samples_known_object/11_stick/results/benchmark_vlm_qwen/vlm/stage5/evidence/frame00087_post_render_sanity_check.png,/mnt/hdd/AudioHOI/samples_known_object/11_stick/results/benchmark_vlm_qwen/vlm/stage5/evidence/frame00087_post_render_sanity_check.png,final_render_preview,"Inspect the dark rendered object over the video. Does it accurately cover the real visible object without floating away, using the wrong angle/scale, or incorrectly covering the human? Choose pass only if alignment is visually good.",pass|overlay_shift|wrong_contact|object_jitter|depth_mismatch|render_missing|unclear,mistral_llm_schema_validated,main_body|contact_region|support_region|tip_regions|grip_bands|background|unclear,hand_on_main_body|hand_on_contact_region|body_on_support_region|floor_support|persistent_two_palm_line|no_contact|unclear,forced_choice_gate_only_no_continuous_pose_or_loss
stick,stage5,88,3.625000,post_render_sanity_check,/mnt/hdd/AudioHOI/samples_known_object/11_stick/results/benchmark_vlm_qwen/vlm/stage5/evidence/frame00088_post_render_sanity_check.png,/mnt/hdd/AudioHOI/samples_known_object/11_stick/results/benchmark_vlm_qwen/vlm/stage5/evidence/frame00088_post_render_sanity_check.png,final_render_preview,"Inspect the dark rendered object over the video. Does it accurately cover the real visible object without floating away, using the wrong angle/scale, or incorrectly covering the human? Choose pass only if alignment is visually good.",pass|overlay_shift|wrong_contact|object_jitter|depth_mismatch|render_missing|unclear,mistral_llm_schema_validated,main_body|contact_region|support_region|tip_regions|grip_bands|background|unclear,hand_on_main_body|hand_on_contact_region|body_on_support_region|floor_support|persistent_two_palm_line|no_contact|unclear,forced_choice_gate_only_no_continuous_pose_or_loss
stick,stage5,89,3.666667,post_render_sanity_check,/mnt/hdd/AudioHOI/samples_known_object/11_stick/results/benchmark_vlm_qwen/vlm/stage5/evidence/frame00089_post_render_sanity_check.png,/mnt/hdd/AudioHOI/samples_known_object/11_stick/results/benchmark_vlm_qwen/vlm/stage5/evidence/frame00089_post_render_sanity_check.png,final_render_preview,"Inspect the dark rendered object over the video. Does it accurately cover the real visible object without floating away, using the wrong angle/scale, or incorrectly covering the human? Choose pass only if alignment is visually good.",pass|overlay_shift|wrong_contact|object_jitter|depth_mismatch|render_missing|unclear,mistral_llm_schema_validated,main_body|contact_region|support_region|tip_regions|grip_bands|background|unclear,hand_on_main_body|hand_on_contact_region|body_on_support_region|floor_support|persistent_two_palm_line|no_contact|unclear,forced_choice_gate_only_no_continuous_pose_or_loss
stick,stage5,90,3.708333,post_render_sanity_check,/mnt/hdd/AudioHOI/samples_known_object/11_stick/results/benchmark_vlm_qwen/vlm/stage5/evidence/frame00090_post_render_sanity_check.png,/mnt/hdd/AudioHOI/samples_known_object/11_stick/results/benchmark_vlm_qwen/vlm/stage5/evidence/frame00090_post_render_sanity_check.png,final_render_preview,"Inspect the dark rendered object over the video. Does it accurately cover the real visible object without floating away, using the wrong angle/scale, or incorrectly covering the human? Choose pass only if alignment is visually good.",pass|overlay_shift|wrong_contact|object_jitter|depth_mismatch|render_missing|unclear,mistral_llm_schema_validated,main_body|contact_region|support_region|tip_regions|grip_bands|background|unclear,hand_on_main_body|hand_on_contact_region|body_on_support_region|floor_support|persistent_two_palm_line|no_contact|unclear,forced_choice_gate_only_no_continuous_pose_or_loss
stick,stage5,91,3.750000,post_render_sanity_check,/mnt/hdd/AudioHOI/samples_known_object/11_stick/results/benchmark_vlm_qwen/vlm/stage5/evidence/frame00091_post_render_sanity_check.png,/mnt/hdd/AudioHOI/samples_known_object/11_stick/results/benchmark_vlm_qwen/vlm/stage5/evidence/frame00091_post_render_sanity_check.png,final_render_preview,"Inspect the dark rendered object over the video. Does it accurately cover the real visible object without floating away, using the wrong angle/scale, or incorrectly covering the human? Choose pass only if alignment is visually good.",pass|overlay_shift|wrong_contact|object_jitter|depth_mismatch|render_missing|unclear,mistral_llm_schema_validated,main_body|contact_region|support_region|tip_regions|grip_bands|background|unclear,hand_on_main_body|hand_on_contact_region|body_on_support_region|floor_support|persistent_two_palm_line|no_contact|unclear,forced_choice_gate_only_no_continuous_pose_or_loss
stick,stage5,92,3.791667,post_render_sanity_check,/mnt/hdd/AudioHOI/samples_known_object/11_stick/results/benchmark_vlm_qwen/vlm/stage5/evidence/frame00092_post_render_sanity_check.png,/mnt/hdd/AudioHOI/samples_known_object/11_stick/results/benchmark_vlm_qwen/vlm/stage5/evidence/frame00092_post_render_sanity_check.png,final_render_preview,"Inspect the dark rendered object over the video. Does it accurately cover the real visible object without floating away, using the wrong angle/scale, or incorrectly covering the human? Choose pass only if alignment is visually good.",pass|overlay_shift|wrong_contact|object_jitter|depth_mismatch|render_missing|unclear,mistral_llm_schema_validated,main_body|contact_region|support_region|tip_regions|grip_bands|background|unclear,hand_on_main_body|hand_on_contact_region|body_on_support_region|floor_support|persistent_two_palm_line|no_contact|unclear,forced_choice_gate_only_no_continuous_pose_or_loss
stick,stage5,93,3.833333,post_render_sanity_check,/mnt/hdd/AudioHOI/samples_known_object/11_stick/results/benchmark_vlm_qwen/vlm/stage5/evidence/frame00093_post_render_sanity_check.png,/mnt/hdd/AudioHOI/samples_known_object/11_stick/results/benchmark_vlm_qwen/vlm/stage5/evidence/frame00093_post_render_sanity_check.png,final_render_preview,"Inspect the dark rendered object over the video. Does it accurately cover the real visible object without floating away, using the wrong angle/scale, or incorrectly covering the human? Choose pass only if alignment is visually good.",pass|overlay_shift|wrong_contact|object_jitter|depth_mismatch|render_missing|unclear,mistral_llm_schema_validated,main_body|contact_region|support_region|tip_regions|grip_bands|background|unclear,hand_on_main_body|hand_on_contact_region|body_on_support_region|floor_support|persistent_two_palm_line|no_contact|unclear,forced_choice_gate_only_no_continuous_pose_or_loss
stick,stage5,94,3.875000,post_render_sanity_check,/mnt/hdd/AudioHOI/samples_known_object/11_stick/results/benchmark_vlm_qwen/vlm/stage5/evidence/frame00094_post_render_sanity_check.png,/mnt/hdd/AudioHOI/samples_known_object/11_stick/results/benchmark_vlm_qwen/vlm/stage5/evidence/frame00094_post_render_sanity_check.png,final_render_preview,"Inspect the dark rendered object over the video. Does it accurately cover the real visible object without floating away, using the wrong angle/scale, or incorrectly covering the human? Choose pass only if alignment is visually good.",pass|overlay_shift|wrong_contact|object_jitter|depth_mismatch|render_missing|unclear,mistral_llm_schema_validated,main_body|contact_region|support_region|tip_regions|grip_bands|background|unclear,hand_on_main_body|hand_on_contact_region|body_on_support_region|floor_support|persistent_two_palm_line|no_contact|unclear,forced_choice_gate_only_no_continuous_pose_or_loss
stick,stage5,95,3.916667,post_render_sanity_check,/mnt/hdd/AudioHOI/samples_known_object/11_stick/results/benchmark_vlm_qwen/vlm/stage5/evidence/frame00095_post_render_sanity_check.png,/mnt/hdd/AudioHOI/samples_known_object/11_stick/results/benchmark_vlm_qwen/vlm/stage5/evidence/frame00095_post_render_sanity_check.png,final_render_preview,"Inspect the dark rendered object over the video. Does it accurately cover the real visible object without floating away, using the wrong angle/scale, or incorrectly covering the human? Choose pass only if alignment is visually good.",pass|overlay_shift|wrong_contact|object_jitter|depth_mismatch|render_missing|unclear,mistral_llm_schema_validated,main_body|contact_region|support_region|tip_regions|grip_bands|background|unclear,hand_on_main_body|hand_on_contact_region|body_on_support_region|floor_support|persistent_two_palm_line|no_contact|unclear,forced_choice_gate_only_no_continuous_pose_or_loss
stick,stage5,96,3.958333,post_render_sanity_check,/mnt/hdd/AudioHOI/samples_known_object/11_stick/results/benchmark_vlm_qwen/vlm/stage5/evidence/frame00096_post_render_sanity_check.png,/mnt/hdd/AudioHOI/samples_known_object/11_stick/results/benchmark_vlm_qwen/vlm/stage5/evidence/frame00096_post_render_sanity_check.png,final_render_preview,"Inspect the dark rendered object over the video. Does it accurately cover the real visible object without floating away, using the wrong angle/scale, or incorrectly covering the human? Choose pass only if alignment is visually good.",pass|overlay_shift|wrong_contact|object_jitter|depth_mismatch|render_missing|unclear,mistral_llm_schema_validated,main_body|contact_region|support_region|tip_regions|grip_bands|background|unclear,hand_on_main_body|hand_on_contact_region|body_on_support_region|floor_support|persistent_two_palm_line|no_contact|unclear,forced_choice_gate_only_no_continuous_pose_or_loss
stick,stage5,97,4.000000,post_render_sanity_check,/mnt/hdd/AudioHOI/samples_known_object/11_stick/results/benchmark_vlm_qwen/vlm/stage5/evidence/frame00097_post_render_sanity_check.png,/mnt/hdd/AudioHOI/samples_known_object/11_stick/results/benchmark_vlm_qwen/vlm/stage5/evidence/frame00097_post_render_sanity_check.png,final_render_preview,"Inspect the dark rendered object over the video. Does it accurately cover the real visible object without floating away, using the wrong angle/scale, or incorrectly covering the human? Choose pass only if alignment is visually good.",pass|overlay_shift|wrong_contact|object_jitter|depth_mismatch|render_missing|unclear,mistral_llm_schema_validated,main_body|contact_region|support_region|tip_regions|grip_bands|background|unclear,hand_on_main_body|hand_on_contact_region|body_on_support_region|floor_support|persistent_two_palm_line|no_contact|unclear,forced_choice_gate_only_no_continuous_pose_or_loss
stick,stage5,98,4.041667,post_render_sanity_check,/mnt/hdd/AudioHOI/samples_known_object/11_stick/results/benchmark_vlm_qwen/vlm/stage5/evidence/frame00098_post_render_sanity_check.png,/mnt/hdd/AudioHOI/samples_known_object/11_stick/results/benchmark_vlm_qwen/vlm/stage5/evidence/frame00098_post_render_sanity_check.png,final_render_preview,"Inspect the dark rendered object over the video. Does it accurately cover the real visible object without floating away, using the wrong angle/scale, or incorrectly covering the human? Choose pass only if alignment is visually good.",pass|overlay_shift|wrong_contact|object_jitter|depth_mismatch|render_missing|unclear,mistral_llm_schema_validated,main_body|contact_region|support_region|tip_regions|grip_bands|background|unclear,hand_on_main_body|hand_on_contact_region|body_on_support_region|floor_support|persistent_two_palm_line|no_contact|unclear,forced_choice_gate_only_no_continuous_pose_or_loss
stick,stage5,99,4.083333,post_render_sanity_check,/mnt/hdd/AudioHOI/samples_known_object/11_stick/results/benchmark_vlm_qwen/vlm/stage5/evidence/frame00099_post_render_sanity_check.png,/mnt/hdd/AudioHOI/samples_known_object/11_stick/results/benchmark_vlm_qwen/vlm/stage5/evidence/frame00099_post_render_sanity_check.png,final_render_preview,"Inspect the dark rendered object over the video. Does it accurately cover the real visible object without floating away, using the wrong angle/scale, or incorrectly covering the human? Choose pass only if alignment is visually good.",pass|overlay_shift|wrong_contact|object_jitter|depth_mismatch|render_missing|unclear,mistral_llm_schema_validated,main_body|contact_region|support_region|tip_regions|grip_bands|background|unclear,hand_on_main_body|hand_on_contact_region|body_on_support_region|floor_support|persistent_two_palm_line|no_contact|unclear,forced_choice_gate_only_no_continuous_pose_or_loss
stick,stage5,100,4.125000,post_render_sanity_check,/mnt/hdd/AudioHOI/samples_known_object/11_stick/results/benchmark_vlm_qwen/vlm/stage5/evidence/frame00100_post_render_sanity_check.png,/mnt/hdd/AudioHOI/samples_known_object/11_stick/results/benchmark_vlm_qwen/vlm/stage5/evidence/frame00100_post_render_sanity_check.png,final_render_preview,"Inspect the dark rendered object over the video. Does it accurately cover the real visible object without floating away, using the wrong angle/scale, or incorrectly covering the human? Choose pass only if alignment is visually good.",pass|overlay_shift|wrong_contact|object_jitter|depth_mismatch|render_missing|unclear,mistral_llm_schema_validated,main_body|contact_region|support_region|tip_regions|grip_bands|background|unclear,hand_on_main_body|hand_on_contact_region|body_on_support_region|floor_support|persistent_two_palm_line|no_contact|unclear,forced_choice_gate_only_no_continuous_pose_or_loss
stick,stage5,101,4.166667,post_render_sanity_check,/mnt/hdd/AudioHOI/samples_known_object/11_stick/results/benchmark_vlm_qwen/vlm/stage5/evidence/frame00101_post_render_sanity_check.png,/mnt/hdd/AudioHOI/samples_known_object/11_stick/results/benchmark_vlm_qwen/vlm/stage5/evidence/frame00101_post_render_sanity_check.png,final_render_preview,"Inspect the dark rendered object over the video. Does it accurately cover the real visible object without floating away, using the wrong angle/scale, or incorrectly covering the human? Choose pass only if alignment is visually good.",pass|overlay_shift|wrong_contact|object_jitter|depth_mismatch|render_missing|unclear,mistral_llm_schema_validated,main_body|contact_region|support_region|tip_regions|grip_bands|background|unclear,hand_on_main_body|hand_on_contact_region|body_on_support_region|floor_support|persistent_two_palm_line|no_contact|unclear,forced_choice_gate_only_no_continuous_pose_or_loss
stick,stage5,102,4.208333,post_render_sanity_check,/mnt/hdd/AudioHOI/samples_known_object/11_stick/results/benchmark_vlm_qwen/vlm/stage5/evidence/frame00102_post_render_sanity_check.png,/mnt/hdd/AudioHOI/samples_known_object/11_stick/results/benchmark_vlm_qwen/vlm/stage5/evidence/frame00102_post_render_sanity_check.png,final_render_preview,"Inspect the dark rendered object over the video. Does it accurately cover the real visible object without floating away, using the wrong angle/scale, or incorrectly covering the human? Choose pass only if alignment is visually good.",pass|overlay_shift|wrong_contact|object_jitter|depth_mismatch|render_missing|unclear,mistral_llm_schema_validated,main_body|contact_region|support_region|tip_regions|grip_bands|background|unclear,hand_on_main_body|hand_on_contact_region|body_on_support_region|floor_support|persistent_two_palm_line|no_contact|unclear,forced_choice_gate_only_no_continuous_pose_or_loss
stick,stage5,103,4.250000,post_render_sanity_check,/mnt/hdd/AudioHOI/samples_known_object/11_stick/results/benchmark_vlm_qwen/vlm/stage5/evidence/frame00103_post_render_sanity_check.png,/mnt/hdd/AudioHOI/samples_known_object/11_stick/results/benchmark_vlm_qwen/vlm/stage5/evidence/frame00103_post_render_sanity_check.png,final_render_preview,"Inspect the dark rendered object over the video. Does it accurately cover the real visible object without floating away, using the wrong angle/scale, or incorrectly covering the human? Choose pass only if alignment is visually good.",pass|overlay_shift|wrong_contact|object_jitter|depth_mismatch|render_missing|unclear,mistral_llm_schema_validated,main_body|contact_region|support_region|tip_regions|grip_bands|background|unclear,hand_on_main_body|hand_on_contact_region|body_on_support_region|floor_support|persistent_two_palm_line|no_contact|unclear,forced_choice_gate_only_no_continuous_pose_or_loss
stick,stage5,104,4.291667,post_render_sanity_check,/mnt/hdd/AudioHOI/samples_known_object/11_stick/results/benchmark_vlm_qwen/vlm/stage5/evidence/frame00104_post_render_sanity_check.png,/mnt/hdd/AudioHOI/samples_known_object/11_stick/results/benchmark_vlm_qwen/vlm/stage5/evidence/frame00104_post_render_sanity_check.png,final_render_preview,"Inspect the dark rendered object over the video. Does it accurately cover the real visible object without floating away, using the wrong angle/scale, or incorrectly covering the human? Choose pass only if alignment is visually good.",pass|overlay_shift|wrong_contact|object_jitter|depth_mismatch|render_missing|unclear,mistral_llm_schema_validated,main_body|contact_region|support_region|tip_regions|grip_bands|background|unclear,hand_on_main_body|hand_on_contact_region|body_on_support_region|floor_support|persistent_two_palm_line|no_contact|unclear,forced_choice_gate_only_no_continuous_pose_or_loss
stick,stage5,105,4.333333,post_render_sanity_check,/mnt/hdd/AudioHOI/samples_known_object/11_stick/results/benchmark_vlm_qwen/vlm/stage5/evidence/frame00105_post_render_sanity_check.png,/mnt/hdd/AudioHOI/samples_known_object/11_stick/results/benchmark_vlm_qwen/vlm/stage5/evidence/frame00105_post_render_sanity_check.png,final_render_preview,"Inspect the dark rendered object over the video. Does it accurately cover the real visible object without floating away, using the wrong angle/scale, or incorrectly covering the human? Choose pass only if alignment is visually good.",pass|overlay_shift|wrong_contact|object_jitter|depth_mismatch|render_missing|unclear,mistral_llm_schema_validated,main_body|contact_region|support_region|tip_regions|grip_bands|background|unclear,hand_on_main_body|hand_on_contact_region|body_on_support_region|floor_support|persistent_two_palm_line|no_contact|unclear,forced_choice_gate_only_no_continuous_pose_or_loss
stick,stage5,106,4.375000,post_render_sanity_check,/mnt/hdd/AudioHOI/samples_known_object/11_stick/results/benchmark_vlm_qwen/vlm/stage5/evidence/frame00106_post_render_sanity_check.png,/mnt/hdd/AudioHOI/samples_known_object/11_stick/results/benchmark_vlm_qwen/vlm/stage5/evidence/frame00106_post_render_sanity_check.png,final_render_preview,"Inspect the dark rendered object over the video. Does it accurately cover the real visible object without floating away, using the wrong angle/scale, or incorrectly covering the human? Choose pass only if alignment is visually good.",pass|overlay_shift|wrong_contact|object_jitter|depth_mismatch|render_missing|unclear,mistral_llm_schema_validated,main_body|contact_region|support_region|tip_regions|grip_bands|background|unclear,hand_on_main_body|hand_on_contact_region|body_on_support_region|floor_support|persistent_two_palm_line|no_contact|unclear,forced_choice_gate_only_no_continuous_pose_or_loss
stick,stage5,107,4.416667,post_render_sanity_check,/mnt/hdd/AudioHOI/samples_known_object/11_stick/results/benchmark_vlm_qwen/vlm/stage5/evidence/frame00107_post_render_sanity_check.png,/mnt/hdd/AudioHOI/samples_known_object/11_stick/results/benchmark_vlm_qwen/vlm/stage5/evidence/frame00107_post_render_sanity_check.png,final_render_preview,"Inspect the dark rendered object over the video. Does it accurately cover the real visible object without floating away, using the wrong angle/scale, or incorrectly covering the human? Choose pass only if alignment is visually good.",pass|overlay_shift|wrong_contact|object_jitter|depth_mismatch|render_missing|unclear,mistral_llm_schema_validated,main_body|contact_region|support_region|tip_regions|grip_bands|background|unclear,hand_on_main_body|hand_on_contact_region|body_on_support_region|floor_support|persistent_two_palm_line|no_contact|unclear,forced_choice_gate_only_no_continuous_pose_or_loss
stick,stage5,108,4.458333,post_render_sanity_check,/mnt/hdd/AudioHOI/samples_known_object/11_stick/results/benchmark_vlm_qwen/vlm/stage5/evidence/frame00108_post_render_sanity_check.png,/mnt/hdd/AudioHOI/samples_known_object/11_stick/results/benchmark_vlm_qwen/vlm/stage5/evidence/frame00108_post_render_sanity_check.png,final_render_preview,"Inspect the dark rendered object over the video. Does it accurately cover the real visible object without floating away, using the wrong angle/scale, or incorrectly covering the human? Choose pass only if alignment is visually good.",pass|overlay_shift|wrong_contact|object_jitter|depth_mismatch|render_missing|unclear,mistral_llm_schema_validated,main_body|contact_region|support_region|tip_regions|grip_bands|background|unclear,hand_on_main_body|hand_on_contact_region|body_on_support_region|floor_support|persistent_two_palm_line|no_contact|unclear,forced_choice_gate_only_no_continuous_pose_or_loss
stick,stage5,109,4.500000,post_render_sanity_check,/mnt/hdd/AudioHOI/samples_known_object/11_stick/results/benchmark_vlm_qwen/vlm/stage5/evidence/frame00109_post_render_sanity_check.png,/mnt/hdd/AudioHOI/samples_known_object/11_stick/results/benchmark_vlm_qwen/vlm/stage5/evidence/frame00109_post_render_sanity_check.png,final_render_preview,"Inspect the dark rendered object over the video. Does it accurately cover the real visible object without floating away, using the wrong angle/scale, or incorrectly covering the human? Choose pass only if alignment is visually good.",pass|overlay_shift|wrong_contact|object_jitter|depth_mismatch|render_missing|unclear,mistral_llm_schema_validated,main_body|contact_region|support_region|tip_regions|grip_bands|background|unclear,hand_on_main_body|hand_on_contact_region|body_on_support_region|floor_support|persistent_two_palm_line|no_contact|unclear,forced_choice_gate_only_no_continuous_pose_or_loss
stick,stage5,110,4.541667,post_render_sanity_check,/mnt/hdd/AudioHOI/samples_known_object/11_stick/results/benchmark_vlm_qwen/vlm/stage5/evidence/frame00110_post_render_sanity_check.png,/mnt/hdd/AudioHOI/samples_known_object/11_stick/results/benchmark_vlm_qwen/vlm/stage5/evidence/frame00110_post_render_sanity_check.png,final_render_preview,"Inspect the dark rendered object over the video. Does it accurately cover the real visible object without floating away, using the wrong angle/scale, or incorrectly covering the human? Choose pass only if alignment is visually good.",pass|overlay_shift|wrong_contact|object_jitter|depth_mismatch|render_missing|unclear,mistral_llm_schema_validated,main_body|contact_region|support_region|tip_regions|grip_bands|background|unclear,hand_on_main_body|hand_on_contact_region|body_on_support_region|floor_support|persistent_two_palm_line|no_contact|unclear,forced_choice_gate_only_no_continuous_pose_or_loss
stick,stage5,111,4.583333,post_render_sanity_check,/mnt/hdd/AudioHOI/samples_known_object/11_stick/results/benchmark_vlm_qwen/vlm/stage5/evidence/frame00111_post_render_sanity_check.png,/mnt/hdd/AudioHOI/samples_known_object/11_stick/results/benchmark_vlm_qwen/vlm/stage5/evidence/frame00111_post_render_sanity_check.png,final_render_preview,"Inspect the dark rendered object over the video. Does it accurately cover the real visible object without floating away, using the wrong angle/scale, or incorrectly covering the human? Choose pass only if alignment is visually good.",pass|overlay_shift|wrong_contact|object_jitter|depth_mismatch|render_missing|unclear,mistral_llm_schema_validated,main_body|contact_region|support_region|tip_regions|grip_bands|background|unclear,hand_on_main_body|hand_on_contact_region|body_on_support_region|floor_support|persistent_two_palm_line|no_contact|unclear,forced_choice_gate_only_no_continuous_pose_or_loss
stick,stage5,112,4.625000,post_render_sanity_check,/mnt/hdd/AudioHOI/samples_known_object/11_stick/results/benchmark_vlm_qwen/vlm/stage5/evidence/frame00112_post_render_sanity_check.png,/mnt/hdd/AudioHOI/samples_known_object/11_stick/results/benchmark_vlm_qwen/vlm/stage5/evidence/frame00112_post_render_sanity_check.png,final_render_preview,"Inspect the dark rendered object over the video. Does it accurately cover the real visible object without floating away, using the wrong angle/scale, or incorrectly covering the human? Choose pass only if alignment is visually good.",pass|overlay_shift|wrong_contact|object_jitter|depth_mismatch|render_missing|unclear,mistral_llm_schema_validated,main_body|contact_region|support_region|tip_regions|grip_bands|background|unclear,hand_on_main_body|hand_on_contact_region|body_on_support_region|floor_support|persistent_two_palm_line|no_contact|unclear,forced_choice_gate_only_no_continuous_pose_or_loss
stick,stage5,113,4.666667,post_render_sanity_check,/mnt/hdd/AudioHOI/samples_known_object/11_stick/results/benchmark_vlm_qwen/vlm/stage5/evidence/frame00113_post_render_sanity_check.png,/mnt/hdd/AudioHOI/samples_known_object/11_stick/results/benchmark_vlm_qwen/vlm/stage5/evidence/frame00113_post_render_sanity_check.png,final_render_preview,"Inspect the dark rendered object over the video. Does it accurately cover the real visible object without floating away, using the wrong angle/scale, or incorrectly covering the human? Choose pass only if alignment is visually good.",pass|overlay_shift|wrong_contact|object_jitter|depth_mismatch|render_missing|unclear,mistral_llm_schema_validated,main_body|contact_region|support_region|tip_regions|grip_bands|background|unclear,hand_on_main_body|hand_on_contact_region|body_on_support_region|floor_support|persistent_two_palm_line|no_contact|unclear,forced_choice_gate_only_no_continuous_pose_or_loss
stick,stage5,114,4.708333,post_render_sanity_check,/mnt/hdd/AudioHOI/samples_known_object/11_stick/results/benchmark_vlm_qwen/vlm/stage5/evidence/frame00114_post_render_sanity_check.png,/mnt/hdd/AudioHOI/samples_known_object/11_stick/results/benchmark_vlm_qwen/vlm/stage5/evidence/frame00114_post_render_sanity_check.png,final_render_preview,"Inspect the dark rendered object over the video. Does it accurately cover the real visible object without floating away, using the wrong angle/scale, or incorrectly covering the human? Choose pass only if alignment is visually good.",pass|overlay_shift|wrong_contact|object_jitter|depth_mismatch|render_missing|unclear,mistral_llm_schema_validated,main_body|contact_region|support_region|tip_regions|grip_bands|background|unclear,hand_on_main_body|hand_on_contact_region|body_on_support_region|floor_support|persistent_two_palm_line|no_contact|unclear,forced_choice_gate_only_no_continuous_pose_or_loss
stick,stage5,115,4.750000,post_render_sanity_check,/mnt/hdd/AudioHOI/samples_known_object/11_stick/results/benchmark_vlm_qwen/vlm/stage5/evidence/frame00115_post_render_sanity_check.png,/mnt/hdd/AudioHOI/samples_known_object/11_stick/results/benchmark_vlm_qwen/vlm/stage5/evidence/frame00115_post_render_sanity_check.png,final_render_preview,"Inspect the dark rendered object over the video. Does it accurately cover the real visible object without floating away, using the wrong angle/scale, or incorrectly covering the human? Choose pass only if alignment is visually good.",pass|overlay_shift|wrong_contact|object_jitter|depth_mismatch|render_missing|unclear,mistral_llm_schema_validated,main_body|contact_region|support_region|tip_regions|grip_bands|background|unclear,hand_on_main_body|hand_on_contact_region|body_on_support_region|floor_support|persistent_two_palm_line|no_contact|unclear,forced_choice_gate_only_no_continuous_pose_or_loss
stick,stage5,116,4.791667,post_render_sanity_check,/mnt/hdd/AudioHOI/samples_known_object/11_stick/results/benchmark_vlm_qwen/vlm/stage5/evidence/frame00116_post_render_sanity_check.png,/mnt/hdd/AudioHOI/samples_known_object/11_stick/results/benchmark_vlm_qwen/vlm/stage5/evidence/frame00116_post_render_sanity_check.png,final_render_preview,"Inspect the dark rendered object over the video. Does it accurately cover the real visible object without floating away, using the wrong angle/scale, or incorrectly covering the human? Choose pass only if alignment is visually good.",pass|overlay_shift|wrong_contact|object_jitter|depth_mismatch|render_missing|unclear,mistral_llm_schema_validated,main_body|contact_region|support_region|tip_regions|grip_bands|background|unclear,hand_on_main_body|hand_on_contact_region|body_on_support_region|floor_support|persistent_two_palm_line|no_contact|unclear,forced_choice_gate_only_no_continuous_pose_or_loss
stick,stage5,117,4.833333,post_render_sanity_check,/mnt/hdd/AudioHOI/samples_known_object/11_stick/results/benchmark_vlm_qwen/vlm/stage5/evidence/frame00117_post_render_sanity_check.png,/mnt/hdd/AudioHOI/samples_known_object/11_stick/results/benchmark_vlm_qwen/vlm/stage5/evidence/frame00117_post_render_sanity_check.png,final_render_preview,"Inspect the dark rendered object over the video. Does it accurately cover the real visible object without floating away, using the wrong angle/scale, or incorrectly covering the human? Choose pass only if alignment is visually good.",pass|overlay_shift|wrong_contact|object_jitter|depth_mismatch|render_missing|unclear,mistral_llm_schema_validated,main_body|contact_region|support_region|tip_regions|grip_bands|background|unclear,hand_on_main_body|hand_on_contact_region|body_on_support_region|floor_support|persistent_two_palm_line|no_contact|unclear,forced_choice_gate_only_no_continuous_pose_or_loss
stick,stage5,118,4.875000,post_render_sanity_check,/mnt/hdd/AudioHOI/samples_known_object/11_stick/results/benchmark_vlm_qwen/vlm/stage5/evidence/frame00118_post_render_sanity_check.png,/mnt/hdd/AudioHOI/samples_known_object/11_stick/results/benchmark_vlm_qwen/vlm/stage5/evidence/frame00118_post_render_sanity_check.png,final_render_preview,"Inspect the dark rendered object over the video. Does it accurately cover the real visible object without floating away, using the wrong angle/scale, or incorrectly covering the human? Choose pass only if alignment is visually good.",pass|overlay_shift|wrong_contact|object_jitter|depth_mismatch|render_missing|unclear,mistral_llm_schema_validated,main_body|contact_region|support_region|tip_regions|grip_bands|background|unclear,hand_on_main_body|hand_on_contact_region|body_on_support_region|floor_support|persistent_two_palm_line|no_contact|unclear,forced_choice_gate_only_no_continuous_pose_or_loss
stick,stage5,119,4.916667,post_render_sanity_check,/mnt/hdd/AudioHOI/samples_known_object/11_stick/results/benchmark_vlm_qwen/vlm/stage5/evidence/frame00119_post_render_sanity_check.png,/mnt/hdd/AudioHOI/samples_known_object/11_stick/results/benchmark_vlm_qwen/vlm/stage5/evidence/frame00119_post_render_sanity_check.png,final_render_preview,"Inspect the dark rendered object over the video. Does it accurately cover the real visible object without floating away, using the wrong angle/scale, or incorrectly covering the human? Choose pass only if alignment is visually good.",pass|overlay_shift|wrong_contact|object_jitter|depth_mismatch|render_missing|unclear,mistral_llm_schema_validated,main_body|contact_region|support_region|tip_regions|grip_bands|background|unclear,hand_on_main_body|hand_on_contact_region|body_on_support_region|floor_support|persistent_two_palm_line|no_contact|unclear,forced_choice_gate_only_no_continuous_pose_or_loss
stick,stage5,120,4.958333,post_render_sanity_check,/mnt/hdd/AudioHOI/samples_known_object/11_stick/results/benchmark_vlm_qwen/vlm/stage5/evidence/frame00120_post_render_sanity_check.png,/mnt/hdd/AudioHOI/samples_known_object/11_stick/results/benchmark_vlm_qwen/vlm/stage5/evidence/frame00120_post_render_sanity_check.png,final_render_preview,"Inspect the dark rendered object over the video. Does it accurately cover the real visible object without floating away, using the wrong angle/scale, or incorrectly covering the human? Choose pass only if alignment is visually good.",pass|overlay_shift|wrong_contact|object_jitter|depth_mismatch|render_missing|unclear,mistral_llm_schema_validated,main_body|contact_region|support_region|tip_regions|grip_bands|background|unclear,hand_on_main_body|hand_on_contact_region|body_on_support_region|floor_support|persistent_two_palm_line|no_contact|unclear,forced_choice_gate_only_no_continuous_pose_or_loss
stick,stage5,121,5.000000,post_render_sanity_check,/mnt/hdd/AudioHOI/samples_known_object/11_stick/results/benchmark_vlm_qwen/vlm/stage5/evidence/frame00121_post_render_sanity_check.png,/mnt/hdd/AudioHOI/samples_known_object/11_stick/results/benchmark_vlm_qwen/vlm/stage5/evidence/frame00121_post_render_sanity_check.png,final_render_preview,"Inspect the dark rendered object over the video. Does it accurately cover the real visible object without floating away, using the wrong angle/scale, or incorrectly covering the human? Choose pass only if alignment is visually good.",pass|overlay_shift|wrong_contact|object_jitter|depth_mismatch|render_missing|unclear,mistral_llm_schema_validated,main_body|contact_region|support_region|tip_regions|grip_bands|background|unclear,hand_on_main_body|hand_on_contact_region|body_on_support_region|floor_support|persistent_two_palm_line|no_contact|unclear,forced_choice_gate_only_no_continuous_pose_or_loss
stick,stage5,122,5.041667,post_render_sanity_check,/mnt/hdd/AudioHOI/samples_known_object/11_stick/results/benchmark_vlm_qwen/vlm/stage5/evidence/frame00122_post_render_sanity_check.png,/mnt/hdd/AudioHOI/samples_known_object/11_stick/results/benchmark_vlm_qwen/vlm/stage5/evidence/frame00122_post_render_sanity_check.png,final_render_preview,"Inspect the dark rendered object over the video. Does it accurately cover the real visible object without floating away, using the wrong angle/scale, or incorrectly covering the human? Choose pass only if alignment is visually good.",pass|overlay_shift|wrong_contact|object_jitter|depth_mismatch|render_missing|unclear,mistral_llm_schema_validated,main_body|contact_region|support_region|tip_regions|grip_bands|background|unclear,hand_on_main_body|hand_on_contact_region|body_on_support_region|floor_support|persistent_two_palm_line|no_contact|unclear,forced_choice_gate_only_no_continuous_pose_or_loss
stick,stage5,123,5.083333,post_render_sanity_check,/mnt/hdd/AudioHOI/samples_known_object/11_stick/results/benchmark_vlm_qwen/vlm/stage5/evidence/frame00123_post_render_sanity_check.png,/mnt/hdd/AudioHOI/samples_known_object/11_stick/results/benchmark_vlm_qwen/vlm/stage5/evidence/frame00123_post_render_sanity_check.png,final_render_preview,"Inspect the dark rendered object over the video. Does it accurately cover the real visible object without floating away, using the wrong angle/scale, or incorrectly covering the human? Choose pass only if alignment is visually good.",pass|overlay_shift|wrong_contact|object_jitter|depth_mismatch|render_missing|unclear,mistral_llm_schema_validated,main_body|contact_region|support_region|tip_regions|grip_bands|background|unclear,hand_on_main_body|hand_on_contact_region|body_on_support_region|floor_support|persistent_two_palm_line|no_contact|unclear,forced_choice_gate_only_no_continuous_pose_or_loss
stick,stage5,124,5.125000,post_render_sanity_check,/mnt/hdd/AudioHOI/samples_known_object/11_stick/results/benchmark_vlm_qwen/vlm/stage5/evidence/frame00124_post_render_sanity_check.png,/mnt/hdd/AudioHOI/samples_known_object/11_stick/results/benchmark_vlm_qwen/vlm/stage5/evidence/frame00124_post_render_sanity_check.png,final_render_preview,"Inspect the dark rendered object over the video. Does it accurately cover the real visible object without floating away, using the wrong angle/scale, or incorrectly covering the human? Choose pass only if alignment is visually good.",pass|overlay_shift|wrong_contact|object_jitter|depth_mismatch|render_missing|unclear,mistral_llm_schema_validated,main_body|contact_region|support_region|tip_regions|grip_bands|background|unclear,hand_on_main_body|hand_on_contact_region|body_on_support_region|floor_support|persistent_two_palm_line|no_contact|unclear,forced_choice_gate_only_no_continuous_pose_or_loss
stick,stage5,125,5.166667,post_render_sanity_check,/mnt/hdd/AudioHOI/samples_known_object/11_stick/results/benchmark_vlm_qwen/vlm/stage5/evidence/frame00125_post_render_sanity_check.png,/mnt/hdd/AudioHOI/samples_known_object/11_stick/results/benchmark_vlm_qwen/vlm/stage5/evidence/frame00125_post_render_sanity_check.png,final_render_preview,"Inspect the dark rendered object over the video. Does it accurately cover the real visible object without floating away, using the wrong angle/scale, or incorrectly covering the human? Choose pass only if alignment is visually good.",pass|overlay_shift|wrong_contact|object_jitter|depth_mismatch|render_missing|unclear,mistral_llm_schema_validated,main_body|contact_region|support_region|tip_regions|grip_bands|background|unclear,hand_on_main_body|hand_on_contact_region|body_on_support_region|floor_support|persistent_two_palm_line|no_contact|unclear,forced_choice_gate_only_no_continuous_pose_or_loss
stick,stage5,126,5.208333,post_render_sanity_check,/mnt/hdd/AudioHOI/samples_known_object/11_stick/results/benchmark_vlm_qwen/vlm/stage5/evidence/frame00126_post_render_sanity_check.png,/mnt/hdd/AudioHOI/samples_known_object/11_stick/results/benchmark_vlm_qwen/vlm/stage5/evidence/frame00126_post_render_sanity_check.png,final_render_preview,"Inspect the dark rendered object over the video. Does it accurately cover the real visible object without floating away, using the wrong angle/scale, or incorrectly covering the human? Choose pass only if alignment is visually good.",pass|overlay_shift|wrong_contact|object_jitter|depth_mismatch|render_missing|unclear,mistral_llm_schema_validated,main_body|contact_region|support_region|tip_regions|grip_bands|background|unclear,hand_on_main_body|hand_on_contact_region|body_on_support_region|floor_support|persistent_two_palm_line|no_contact|unclear,forced_choice_gate_only_no_continuous_pose_or_loss
stick,stage5,127,5.250000,post_render_sanity_check,/mnt/hdd/AudioHOI/samples_known_object/11_stick/results/benchmark_vlm_qwen/vlm/stage5/evidence/frame00127_post_render_sanity_check.png,/mnt/hdd/AudioHOI/samples_known_object/11_stick/results/benchmark_vlm_qwen/vlm/stage5/evidence/frame00127_post_render_sanity_check.png,final_render_preview,"Inspect the dark rendered object over the video. Does it accurately cover the real visible object without floating away, using the wrong angle/scale, or incorrectly covering the human? Choose pass only if alignment is visually good.",pass|overlay_shift|wrong_contact|object_jitter|depth_mismatch|render_missing|unclear,mistral_llm_schema_validated,main_body|contact_region|support_region|tip_regions|grip_bands|background|unclear,hand_on_main_body|hand_on_contact_region|body_on_support_region|floor_support|persistent_two_palm_line|no_contact|unclear,forced_choice_gate_only_no_continuous_pose_or_loss
stick,stage5,128,5.291667,post_render_sanity_check,/mnt/hdd/AudioHOI/samples_known_object/11_stick/results/benchmark_vlm_qwen/vlm/stage5/evidence/frame00128_post_render_sanity_check.png,/mnt/hdd/AudioHOI/samples_known_object/11_stick/results/benchmark_vlm_qwen/vlm/stage5/evidence/frame00128_post_render_sanity_check.png,final_render_preview,"Inspect the dark rendered object over the video. Does it accurately cover the real visible object without floating away, using the wrong angle/scale, or incorrectly covering the human? Choose pass only if alignment is visually good.",pass|overlay_shift|wrong_contact|object_jitter|depth_mismatch|render_missing|unclear,mistral_llm_schema_validated,main_body|contact_region|support_region|tip_regions|grip_bands|background|unclear,hand_on_main_body|hand_on_contact_region|body_on_support_region|floor_support|persistent_two_palm_line|no_contact|unclear,forced_choice_gate_only_no_continuous_pose_or_loss
stick,stage5,129,5.333333,post_render_sanity_check,/mnt/hdd/AudioHOI/samples_known_object/11_stick/results/benchmark_vlm_qwen/vlm/stage5/evidence/frame00129_post_render_sanity_check.png,/mnt/hdd/AudioHOI/samples_known_object/11_stick/results/benchmark_vlm_qwen/vlm/stage5/evidence/frame00129_post_render_sanity_check.png,final_render_preview,"Inspect the dark rendered object over the video. Does it accurately cover the real visible object without floating away, using the wrong angle/scale, or incorrectly covering the human? Choose pass only if alignment is visually good.",pass|overlay_shift|wrong_contact|object_jitter|depth_mismatch|render_missing|unclear,mistral_llm_schema_validated,main_body|contact_region|support_region|tip_regions|grip_bands|background|unclear,hand_on_main_body|hand_on_contact_region|body_on_support_region|floor_support|persistent_two_palm_line|no_contact|unclear,forced_choice_gate_only_no_continuous_pose_or_loss
stick,stage5,130,5.375000,post_render_sanity_check,/mnt/hdd/AudioHOI/samples_known_object/11_stick/results/benchmark_vlm_qwen/vlm/stage5/evidence/frame00130_post_render_sanity_check.png,/mnt/hdd/AudioHOI/samples_known_object/11_stick/results/benchmark_vlm_qwen/vlm/stage5/evidence/frame00130_post_render_sanity_check.png,final_render_preview,"Inspect the dark rendered object over the video. Does it accurately cover the real visible object without floating away, using the wrong angle/scale, or incorrectly covering the human? Choose pass only if alignment is visually good.",pass|overlay_shift|wrong_contact|object_jitter|depth_mismatch|render_missing|unclear,mistral_llm_schema_validated,main_body|contact_region|support_region|tip_regions|grip_bands|background|unclear,hand_on_main_body|hand_on_contact_region|body_on_support_region|floor_support|persistent_two_palm_line|no_contact|unclear,forced_choice_gate_only_no_continuous_pose_or_loss
stick,stage5,131,5.416667,post_render_sanity_check,/mnt/hdd/AudioHOI/samples_known_object/11_stick/results/benchmark_vlm_qwen/vlm/stage5/evidence/frame00131_post_render_sanity_check.png,/mnt/hdd/AudioHOI/samples_known_object/11_stick/results/benchmark_vlm_qwen/vlm/stage5/evidence/frame00131_post_render_sanity_check.png,final_render_preview,"Inspect the dark rendered object over the video. Does it accurately cover the real visible object without floating away, using the wrong angle/scale, or incorrectly covering the human? Choose pass only if alignment is visually good.",pass|overlay_shift|wrong_contact|object_jitter|depth_mismatch|render_missing|unclear,mistral_llm_schema_validated,main_body|contact_region|support_region|tip_regions|grip_bands|background|unclear,hand_on_main_body|hand_on_contact_region|body_on_support_region|floor_support|persistent_two_palm_line|no_contact|unclear,forced_choice_gate_only_no_continuous_pose_or_loss
stick,stage5,132,5.458333,post_render_sanity_check,/mnt/hdd/AudioHOI/samples_known_object/11_stick/results/benchmark_vlm_qwen/vlm/stage5/evidence/frame00132_post_render_sanity_check.png,/mnt/hdd/AudioHOI/samples_known_object/11_stick/results/benchmark_vlm_qwen/vlm/stage5/evidence/frame00132_post_render_sanity_check.png,final_render_preview,"Inspect the dark rendered object over the video. Does it accurately cover the real visible object without floating away, using the wrong angle/scale, or incorrectly covering the human? Choose pass only if alignment is visually good.",pass|overlay_shift|wrong_contact|object_jitter|depth_mismatch|render_missing|unclear,mistral_llm_schema_validated,main_body|contact_region|support_region|tip_regions|grip_bands|background|unclear,hand_on_main_body|hand_on_contact_region|body_on_support_region|floor_support|persistent_two_palm_line|no_contact|unclear,forced_choice_gate_only_no_continuous_pose_or_loss
stick,stage5,133,5.500000,post_render_sanity_check,/mnt/hdd/AudioHOI/samples_known_object/11_stick/results/benchmark_vlm_qwen/vlm/stage5/evidence/frame00133_post_render_sanity_check.png,/mnt/hdd/AudioHOI/samples_known_object/11_stick/results/benchmark_vlm_qwen/vlm/stage5/evidence/frame00133_post_render_sanity_check.png,final_render_preview,"Inspect the dark rendered object over the video. Does it accurately cover the real visible object without floating away, using the wrong angle/scale, or incorrectly covering the human? Choose pass only if alignment is visually good.",pass|overlay_shift|wrong_contact|object_jitter|depth_mismatch|render_missing|unclear,mistral_llm_schema_validated,main_body|contact_region|support_region|tip_regions|grip_bands|background|unclear,hand_on_main_body|hand_on_contact_region|body_on_support_region|floor_support|persistent_two_palm_line|no_contact|unclear,forced_choice_gate_only_no_continuous_pose_or_loss
stick,stage5,134,5.541667,post_render_sanity_check,/mnt/hdd/AudioHOI/samples_known_object/11_stick/results/benchmark_vlm_qwen/vlm/stage5/evidence/frame00134_post_render_sanity_check.png,/mnt/hdd/AudioHOI/samples_known_object/11_stick/results/benchmark_vlm_qwen/vlm/stage5/evidence/frame00134_post_render_sanity_check.png,final_render_preview,"Inspect the dark rendered object over the video. Does it accurately cover the real visible object without floating away, using the wrong angle/scale, or incorrectly covering the human? Choose pass only if alignment is visually good.",pass|overlay_shift|wrong_contact|object_jitter|depth_mismatch|render_missing|unclear,mistral_llm_schema_validated,main_body|contact_region|support_region|tip_regions|grip_bands|background|unclear,hand_on_main_body|hand_on_contact_region|body_on_support_region|floor_support|persistent_two_palm_line|no_contact|unclear,forced_choice_gate_only_no_continuous_pose_or_loss
stick,stage5,135,5.583333,post_render_sanity_check,/mnt/hdd/AudioHOI/samples_known_object/11_stick/results/benchmark_vlm_qwen/vlm/stage5/evidence/frame00135_post_render_sanity_check.png,/mnt/hdd/AudioHOI/samples_known_object/11_stick/results/benchmark_vlm_qwen/vlm/stage5/evidence/frame00135_post_render_sanity_check.png,final_render_preview,"Inspect the dark rendered object over the video. Does it accurately cover the real visible object without floating away, using the wrong angle/scale, or incorrectly covering the human? Choose pass only if alignment is visually good.",pass|overlay_shift|wrong_contact|object_jitter|depth_mismatch|render_missing|unclear,mistral_llm_schema_validated,main_body|contact_region|support_region|tip_regions|grip_bands|background|unclear,hand_on_main_body|hand_on_contact_region|body_on_support_region|floor_support|persistent_two_palm_line|no_contact|unclear,forced_choice_gate_only_no_continuous_pose_or_loss
stick,stage5,136,5.625000,post_render_sanity_check,/mnt/hdd/AudioHOI/samples_known_object/11_stick/results/benchmark_vlm_qwen/vlm/stage5/evidence/frame00136_post_render_sanity_check.png,/mnt/hdd/AudioHOI/samples_known_object/11_stick/results/benchmark_vlm_qwen/vlm/stage5/evidence/frame00136_post_render_sanity_check.png,final_render_preview,"Inspect the dark rendered object over the video. Does it accurately cover the real visible object without floating away, using the wrong angle/scale, or incorrectly covering the human? Choose pass only if alignment is visually good.",pass|overlay_shift|wrong_contact|object_jitter|depth_mismatch|render_missing|unclear,mistral_llm_schema_validated,main_body|contact_region|support_region|tip_regions|grip_bands|background|unclear,hand_on_main_body|hand_on_contact_region|body_on_support_region|floor_support|persistent_two_palm_line|no_contact|unclear,forced_choice_gate_only_no_continuous_pose_or_loss
stick,stage5,137,5.666667,post_render_sanity_check,/mnt/hdd/AudioHOI/samples_known_object/11_stick/results/benchmark_vlm_qwen/vlm/stage5/evidence/frame00137_post_render_sanity_check.png,/mnt/hdd/AudioHOI/samples_known_object/11_stick/results/benchmark_vlm_qwen/vlm/stage5/evidence/frame00137_post_render_sanity_check.png,final_render_preview,"Inspect the dark rendered object over the video. Does it accurately cover the real visible object without floating away, using the wrong angle/scale, or incorrectly covering the human? Choose pass only if alignment is visually good.",pass|overlay_shift|wrong_contact|object_jitter|depth_mismatch|render_missing|unclear,mistral_llm_schema_validated,main_body|contact_region|support_region|tip_regions|grip_bands|background|unclear,hand_on_main_body|hand_on_contact_region|body_on_support_region|floor_support|persistent_two_palm_line|no_contact|unclear,forced_choice_gate_only_no_continuous_pose_or_loss
stick,stage5,138,5.708333,post_render_sanity_check,/mnt/hdd/AudioHOI/samples_known_object/11_stick/results/benchmark_vlm_qwen/vlm/stage5/evidence/frame00138_post_render_sanity_check.png,/mnt/hdd/AudioHOI/samples_known_object/11_stick/results/benchmark_vlm_qwen/vlm/stage5/evidence/frame00138_post_render_sanity_check.png,final_render_preview,"Inspect the dark rendered object over the video. Does it accurately cover the real visible object without floating away, using the wrong angle/scale, or incorrectly covering the human? Choose pass only if alignment is visually good.",pass|overlay_shift|wrong_contact|object_jitter|depth_mismatch|render_missing|unclear,mistral_llm_schema_validated,main_body|contact_region|support_region|tip_regions|grip_bands|background|unclear,hand_on_main_body|hand_on_contact_region|body_on_support_region|floor_support|persistent_two_palm_line|no_contact|unclear,forced_choice_gate_only_no_continuous_pose_or_loss
stick,stage5,139,5.750000,post_render_sanity_check,/mnt/hdd/AudioHOI/samples_known_object/11_stick/results/benchmark_vlm_qwen/vlm/stage5/evidence/frame00139_post_render_sanity_check.png,/mnt/hdd/AudioHOI/samples_known_object/11_stick/results/benchmark_vlm_qwen/vlm/stage5/evidence/frame00139_post_render_sanity_check.png,final_render_preview,"Inspect the dark rendered object over the video. Does it accurately cover the real visible object without floating away, using the wrong angle/scale, or incorrectly covering the human? Choose pass only if alignment is visually good.",pass|overlay_shift|wrong_contact|object_jitter|depth_mismatch|render_missing|unclear,mistral_llm_schema_validated,main_body|contact_region|support_region|tip_regions|grip_bands|background|unclear,hand_on_main_body|hand_on_contact_region|body_on_support_region|floor_support|persistent_two_palm_line|no_contact|unclear,forced_choice_gate_only_no_continuous_pose_or_loss
stick,stage5,140,5.791667,post_render_sanity_check,/mnt/hdd/AudioHOI/samples_known_object/11_stick/results/benchmark_vlm_qwen/vlm/stage5/evidence/frame00140_post_render_sanity_check.png,/mnt/hdd/AudioHOI/samples_known_object/11_stick/results/benchmark_vlm_qwen/vlm/stage5/evidence/frame00140_post_render_sanity_check.png,final_render_preview,"Inspect the dark rendered object over the video. Does it accurately cover the real visible object without floating away, using the wrong angle/scale, or incorrectly covering the human? Choose pass only if alignment is visually good.",pass|overlay_shift|wrong_contact|object_jitter|depth_mismatch|render_missing|unclear,mistral_llm_schema_validated,main_body|contact_region|support_region|tip_regions|grip_bands|background|unclear,hand_on_main_body|hand_on_contact_region|body_on_support_region|floor_support|persistent_two_palm_line|no_contact|unclear,forced_choice_gate_only_no_continuous_pose_or_loss
stick,stage5,141,5.833333,post_render_sanity_check,/mnt/hdd/AudioHOI/samples_known_object/11_stick/results/benchmark_vlm_qwen/vlm/stage5/evidence/frame00141_post_render_sanity_check.png,/mnt/hdd/AudioHOI/samples_known_object/11_stick/results/benchmark_vlm_qwen/vlm/stage5/evidence/frame00141_post_render_sanity_check.png,final_render_preview,"Inspect the dark rendered object over the video. Does it accurately cover the real visible object without floating away, using the wrong angle/scale, or incorrectly covering the human? Choose pass only if alignment is visually good.",pass|overlay_shift|wrong_contact|object_jitter|depth_mismatch|render_missing|unclear,mistral_llm_schema_validated,main_body|contact_region|support_region|tip_regions|grip_bands|background|unclear,hand_on_main_body|hand_on_contact_region|body_on_support_region|floor_support|persistent_two_palm_line|no_contact|unclear,forced_choice_gate_only_no_continuous_pose_or_loss
stick,stage5,142,5.875000,post_render_sanity_check,/mnt/hdd/AudioHOI/samples_known_object/11_stick/results/benchmark_vlm_qwen/vlm/stage5/evidence/frame00142_post_render_sanity_check.png,/mnt/hdd/AudioHOI/samples_known_object/11_stick/results/benchmark_vlm_qwen/vlm/stage5/evidence/frame00142_post_render_sanity_check.png,final_render_preview,"Inspect the dark rendered object over the video. Does it accurately cover the real visible object without floating away, using the wrong angle/scale, or incorrectly covering the human? Choose pass only if alignment is visually good.",pass|overlay_shift|wrong_contact|object_jitter|depth_mismatch|render_missing|unclear,mistral_llm_schema_validated,main_body|contact_region|support_region|tip_regions|grip_bands|background|unclear,hand_on_main_body|hand_on_contact_region|body_on_support_region|floor_support|persistent_two_palm_line|no_contact|unclear,forced_choice_gate_only_no_continuous_pose_or_loss
stick,stage5,143,5.916667,post_render_sanity_check,/mnt/hdd/AudioHOI/samples_known_object/11_stick/results/benchmark_vlm_qwen/vlm/stage5/evidence/frame00143_post_render_sanity_check.png,/mnt/hdd/AudioHOI/samples_known_object/11_stick/results/benchmark_vlm_qwen/vlm/stage5/evidence/frame00143_post_render_sanity_check.png,final_render_preview,"Inspect the dark rendered object over the video. Does it accurately cover the real visible object without floating away, using the wrong angle/scale, or incorrectly covering the human? Choose pass only if alignment is visually good.",pass|overlay_shift|wrong_contact|object_jitter|depth_mismatch|render_missing|unclear,mistral_llm_schema_validated,main_body|contact_region|support_region|tip_regions|grip_bands|background|unclear,hand_on_main_body|hand_on_contact_region|body_on_support_region|floor_support|persistent_two_palm_line|no_contact|unclear,forced_choice_gate_only_no_continuous_pose_or_loss
stick,stage5,144,5.958333,post_render_sanity_check,/mnt/hdd/AudioHOI/samples_known_object/11_stick/results/benchmark_vlm_qwen/vlm/stage5/evidence/frame00144_post_render_sanity_check.png,/mnt/hdd/AudioHOI/samples_known_object/11_stick/results/benchmark_vlm_qwen/vlm/stage5/evidence/frame00144_post_render_sanity_check.png,final_render_preview,"Inspect the dark rendered object over the video. Does it accurately cover the real visible object without floating away, using the wrong angle/scale, or incorrectly covering the human? Choose pass only if alignment is visually good.",pass|overlay_shift|wrong_contact|object_jitter|depth_mismatch|render_missing|unclear,mistral_llm_schema_validated,main_body|contact_region|support_region|tip_regions|grip_bands|background|unclear,hand_on_main_body|hand_on_contact_region|body_on_support_region|floor_support|persistent_two_palm_line|no_contact|unclear,forced_choice_gate_only_no_continuous_pose_or_loss
stick,stage5,145,6.000000,post_render_sanity_check,/mnt/hdd/AudioHOI/samples_known_object/11_stick/results/benchmark_vlm_qwen/vlm/stage5/evidence/frame00145_post_render_sanity_check.png,/mnt/hdd/AudioHOI/samples_known_object/11_stick/results/benchmark_vlm_qwen/vlm/stage5/evidence/frame00145_post_render_sanity_check.png,final_render_preview,"Inspect the dark rendered object over the video. Does it accurately cover the real visible object without floating away, using the wrong angle/scale, or incorrectly covering the human? Choose pass only if alignment is visually good.",pass|overlay_shift|wrong_contact|object_jitter|depth_mismatch|render_missing|unclear,mistral_llm_schema_validated,main_body|contact_region|support_region|tip_regions|grip_bands|background|unclear,hand_on_main_body|hand_on_contact_region|body_on_support_region|floor_support|persistent_two_palm_line|no_contact|unclear,forced_choice_gate_only_no_continuous_pose_or_loss
stick,stage5,146,6.041667,post_render_sanity_check,/mnt/hdd/AudioHOI/samples_known_object/11_stick/results/benchmark_vlm_qwen/vlm/stage5/evidence/frame00146_post_render_sanity_check.png,/mnt/hdd/AudioHOI/samples_known_object/11_stick/results/benchmark_vlm_qwen/vlm/stage5/evidence/frame00146_post_render_sanity_check.png,final_render_preview,"Inspect the dark rendered object over the video. Does it accurately cover the real visible object without floating away, using the wrong angle/scale, or incorrectly covering the human? Choose pass only if alignment is visually good.",pass|overlay_shift|wrong_contact|object_jitter|depth_mismatch|render_missing|unclear,mistral_llm_schema_validated,main_body|contact_region|support_region|tip_regions|grip_bands|background|unclear,hand_on_main_body|hand_on_contact_region|body_on_support_region|floor_support|persistent_two_palm_line|no_contact|unclear,forced_choice_gate_only_no_continuous_pose_or_loss
stick,stage5,147,6.083333,post_render_sanity_check,/mnt/hdd/AudioHOI/samples_known_object/11_stick/results/benchmark_vlm_qwen/vlm/stage5/evidence/frame00147_post_render_sanity_check.png,/mnt/hdd/AudioHOI/samples_known_object/11_stick/results/benchmark_vlm_qwen/vlm/stage5/evidence/frame00147_post_render_sanity_check.png,final_render_preview,"Inspect the dark rendered object over the video. Does it accurately cover the real visible object without floating away, using the wrong angle/scale, or incorrectly covering the human? Choose pass only if alignment is visually good.",pass|overlay_shift|wrong_contact|object_jitter|depth_mismatch|render_missing|unclear,mistral_llm_schema_validated,main_body|contact_region|support_region|tip_regions|grip_bands|background|unclear,hand_on_main_body|hand_on_contact_region|body_on_support_region|floor_support|persistent_two_palm_line|no_contact|unclear,forced_choice_gate_only_no_continuous_pose_or_loss
stick,stage5,148,6.125000,post_render_sanity_check,/mnt/hdd/AudioHOI/samples_known_object/11_stick/results/benchmark_vlm_qwen/vlm/stage5/evidence/frame00148_post_render_sanity_check.png,/mnt/hdd/AudioHOI/samples_known_object/11_stick/results/benchmark_vlm_qwen/vlm/stage5/evidence/frame00148_post_render_sanity_check.png,final_render_preview,"Inspect the dark rendered object over the video. Does it accurately cover the real visible object without floating away, using the wrong angle/scale, or incorrectly covering the human? Choose pass only if alignment is visually good.",pass|overlay_shift|wrong_contact|object_jitter|depth_mismatch|render_missing|unclear,mistral_llm_schema_validated,main_body|contact_region|support_region|tip_regions|grip_bands|background|unclear,hand_on_main_body|hand_on_contact_region|body_on_support_region|floor_support|persistent_two_palm_line|no_contact|unclear,forced_choice_gate_only_no_continuous_pose_or_loss
stick,stage5,149,6.166667,post_render_sanity_check,/mnt/hdd/AudioHOI/samples_known_object/11_stick/results/benchmark_vlm_qwen/vlm/stage5/evidence/frame00149_post_render_sanity_check.png,/mnt/hdd/AudioHOI/samples_known_object/11_stick/results/benchmark_vlm_qwen/vlm/stage5/evidence/frame00149_post_render_sanity_check.png,final_render_preview,"Inspect the dark rendered object over the video. Does it accurately cover the real visible object without floating away, using the wrong angle/scale, or incorrectly covering the human? Choose pass only if alignment is visually good.",pass|overlay_shift|wrong_contact|object_jitter|depth_mismatch|render_missing|unclear,mistral_llm_schema_validated,main_body|contact_region|support_region|tip_regions|grip_bands|background|unclear,hand_on_main_body|hand_on_contact_region|body_on_support_region|floor_support|persistent_two_palm_line|no_contact|unclear,forced_choice_gate_only_no_continuous_pose_or_loss
stick,stage5,150,6.208333,post_render_sanity_check,/mnt/hdd/AudioHOI/samples_known_object/11_stick/results/benchmark_vlm_qwen/vlm/stage5/evidence/frame00150_post_render_sanity_check.png,/mnt/hdd/AudioHOI/samples_known_object/11_stick/results/benchmark_vlm_qwen/vlm/stage5/evidence/frame00150_post_render_sanity_check.png,final_render_preview,"Inspect the dark rendered object over the video. Does it accurately cover the real visible object without floating away, using the wrong angle/scale, or incorrectly covering the human? Choose pass only if alignment is visually good.",pass|overlay_shift|wrong_contact|object_jitter|depth_mismatch|render_missing|unclear,mistral_llm_schema_validated,main_body|contact_region|support_region|tip_regions|grip_bands|background|unclear,hand_on_main_body|hand_on_contact_region|body_on_support_region|floor_support|persistent_two_palm_line|no_contact|unclear,forced_choice_gate_only_no_continuous_pose_or_loss
stick,stage5,151,6.250000,post_render_sanity_check,/mnt/hdd/AudioHOI/samples_known_object/11_stick/results/benchmark_vlm_qwen/vlm/stage5/evidence/frame00151_post_render_sanity_check.png,/mnt/hdd/AudioHOI/samples_known_object/11_stick/results/benchmark_vlm_qwen/vlm/stage5/evidence/frame00151_post_render_sanity_check.png,final_render_preview,"Inspect the dark rendered object over the video. Does it accurately cover the real visible object without floating away, using the wrong angle/scale, or incorrectly covering the human? Choose pass only if alignment is visually good.",pass|overlay_shift|wrong_contact|object_jitter|depth_mismatch|render_missing|unclear,mistral_llm_schema_validated,main_body|contact_region|support_region|tip_regions|grip_bands|background|unclear,hand_on_main_body|hand_on_contact_region|body_on_support_region|floor_support|persistent_two_palm_line|no_contact|unclear,forced_choice_gate_only_no_continuous_pose_or_loss
stick,stage5,152,6.291667,post_render_sanity_check,/mnt/hdd/AudioHOI/samples_known_object/11_stick/results/benchmark_vlm_qwen/vlm/stage5/evidence/frame00152_post_render_sanity_check.png,/mnt/hdd/AudioHOI/samples_known_object/11_stick/results/benchmark_vlm_qwen/vlm/stage5/evidence/frame00152_post_render_sanity_check.png,final_render_preview,"Inspect the dark rendered object over the video. Does it accurately cover the real visible object without floating away, using the wrong angle/scale, or incorrectly covering the human? Choose pass only if alignment is visually good.",pass|overlay_shift|wrong_contact|object_jitter|depth_mismatch|render_missing|unclear,mistral_llm_schema_validated,main_body|contact_region|support_region|tip_regions|grip_bands|background|unclear,hand_on_main_body|hand_on_contact_region|body_on_support_region|floor_support|persistent_two_palm_line|no_contact|unclear,forced_choice_gate_only_no_continuous_pose_or_loss
stick,stage5,153,6.333333,post_render_sanity_check,/mnt/hdd/AudioHOI/samples_known_object/11_stick/results/benchmark_vlm_qwen/vlm/stage5/evidence/frame00153_post_render_sanity_check.png,/mnt/hdd/AudioHOI/samples_known_object/11_stick/results/benchmark_vlm_qwen/vlm/stage5/evidence/frame00153_post_render_sanity_check.png,final_render_preview,"Inspect the dark rendered object over the video. Does it accurately cover the real visible object without floating away, using the wrong angle/scale, or incorrectly covering the human? Choose pass only if alignment is visually good.",pass|overlay_shift|wrong_contact|object_jitter|depth_mismatch|render_missing|unclear,mistral_llm_schema_validated,main_body|contact_region|support_region|tip_regions|grip_bands|background|unclear,hand_on_main_body|hand_on_contact_region|body_on_support_region|floor_support|persistent_two_palm_line|no_contact|unclear,forced_choice_gate_only_no_continuous_pose_or_loss
stick,stage5,154,6.375000,post_render_sanity_check,/mnt/hdd/AudioHOI/samples_known_object/11_stick/results/benchmark_vlm_qwen/vlm/stage5/evidence/frame00154_post_render_sanity_check.png,/mnt/hdd/AudioHOI/samples_known_object/11_stick/results/benchmark_vlm_qwen/vlm/stage5/evidence/frame00154_post_render_sanity_check.png,final_render_preview,"Inspect the dark rendered object over the video. Does it accurately cover the real visible object without floating away, using the wrong angle/scale, or incorrectly covering the human? Choose pass only if alignment is visually good.",pass|overlay_shift|wrong_contact|object_jitter|depth_mismatch|render_missing|unclear,mistral_llm_schema_validated,main_body|contact_region|support_region|tip_regions|grip_bands|background|unclear,hand_on_main_body|hand_on_contact_region|body_on_support_region|floor_support|persistent_two_palm_line|no_contact|unclear,forced_choice_gate_only_no_continuous_pose_or_loss
stick,stage5,155,6.416667,post_render_sanity_check,/mnt/hdd/AudioHOI/samples_known_object/11_stick/results/benchmark_vlm_qwen/vlm/stage5/evidence/frame00155_post_render_sanity_check.png,/mnt/hdd/AudioHOI/samples_known_object/11_stick/results/benchmark_vlm_qwen/vlm/stage5/evidence/frame00155_post_render_sanity_check.png,final_render_preview,"Inspect the dark rendered object over the video. Does it accurately cover the real visible object without floating away, using the wrong angle/scale, or incorrectly covering the human? Choose pass only if alignment is visually good.",pass|overlay_shift|wrong_contact|object_jitter|depth_mismatch|render_missing|unclear,mistral_llm_schema_validated,main_body|contact_region|support_region|tip_regions|grip_bands|background|unclear,hand_on_main_body|hand_on_contact_region|body_on_support_region|floor_support|persistent_two_palm_line|no_contact|unclear,forced_choice_gate_only_no_continuous_pose_or_loss
stick,stage5,156,6.458333,post_render_sanity_check,/mnt/hdd/AudioHOI/samples_known_object/11_stick/results/benchmark_vlm_qwen/vlm/stage5/evidence/frame00156_post_render_sanity_check.png,/mnt/hdd/AudioHOI/samples_known_object/11_stick/results/benchmark_vlm_qwen/vlm/stage5/evidence/frame00156_post_render_sanity_check.png,final_render_preview,"Inspect the dark rendered object over the video. Does it accurately cover the real visible object without floating away, using the wrong angle/scale, or incorrectly covering the human? Choose pass only if alignment is visually good.",pass|overlay_shift|wrong_contact|object_jitter|depth_mismatch|render_missing|unclear,mistral_llm_schema_validated,main_body|contact_region|support_region|tip_regions|grip_bands|background|unclear,hand_on_main_body|hand_on_contact_region|body_on_support_region|floor_support|persistent_two_palm_line|no_contact|unclear,forced_choice_gate_only_no_continuous_pose_or_loss
stick,stage5,157,6.500000,post_render_sanity_check,/mnt/hdd/AudioHOI/samples_known_object/11_stick/results/benchmark_vlm_qwen/vlm/stage5/evidence/frame00157_post_render_sanity_check.png,/mnt/hdd/AudioHOI/samples_known_object/11_stick/results/benchmark_vlm_qwen/vlm/stage5/evidence/frame00157_post_render_sanity_check.png,final_render_preview,"Inspect the dark rendered object over the video. Does it accurately cover the real visible object without floating away, using the wrong angle/scale, or incorrectly covering the human? Choose pass only if alignment is visually good.",pass|overlay_shift|wrong_contact|object_jitter|depth_mismatch|render_missing|unclear,mistral_llm_schema_validated,main_body|contact_region|support_region|tip_regions|grip_bands|background|unclear,hand_on_main_body|hand_on_contact_region|body_on_support_region|floor_support|persistent_two_palm_line|no_contact|unclear,forced_choice_gate_only_no_continuous_pose_or_loss
stick,stage5,158,6.541667,post_render_sanity_check,/mnt/hdd/AudioHOI/samples_known_object/11_stick/results/benchmark_vlm_qwen/vlm/stage5/evidence/frame00158_post_render_sanity_check.png,/mnt/hdd/AudioHOI/samples_known_object/11_stick/results/benchmark_vlm_qwen/vlm/stage5/evidence/frame00158_post_render_sanity_check.png,final_render_preview,"Inspect the dark rendered object over the video. Does it accurately cover the real visible object without floating away, using the wrong angle/scale, or incorrectly covering the human? Choose pass only if alignment is visually good.",pass|overlay_shift|wrong_contact|object_jitter|depth_mismatch|render_missing|unclear,mistral_llm_schema_validated,main_body|contact_region|support_region|tip_regions|grip_bands|background|unclear,hand_on_main_body|hand_on_contact_region|body_on_support_region|floor_support|persistent_two_palm_line|no_contact|unclear,forced_choice_gate_only_no_continuous_pose_or_loss
stick,stage5,159,6.583333,post_render_sanity_check,/mnt/hdd/AudioHOI/samples_known_object/11_stick/results/benchmark_vlm_qwen/vlm/stage5/evidence/frame00159_post_render_sanity_check.png,/mnt/hdd/AudioHOI/samples_known_object/11_stick/results/benchmark_vlm_qwen/vlm/stage5/evidence/frame00159_post_render_sanity_check.png,final_render_preview,"Inspect the dark rendered object over the video. Does it accurately cover the real visible object without floating away, using the wrong angle/scale, or incorrectly covering the human? Choose pass only if alignment is visually good.",pass|overlay_shift|wrong_contact|object_jitter|depth_mismatch|render_missing|unclear,mistral_llm_schema_validated,main_body|contact_region|support_region|tip_regions|grip_bands|background|unclear,hand_on_main_body|hand_on_contact_region|body_on_support_region|floor_support|persistent_two_palm_line|no_contact|unclear,forced_choice_gate_only_no_continuous_pose_or_loss
stick,stage5,160,6.625000,post_render_sanity_check,/mnt/hdd/AudioHOI/samples_known_object/11_stick/results/benchmark_vlm_qwen/vlm/stage5/evidence/frame00160_post_render_sanity_check.png,/mnt/hdd/AudioHOI/samples_known_object/11_stick/results/benchmark_vlm_qwen/vlm/stage5/evidence/frame00160_post_render_sanity_check.png,final_render_preview,"Inspect the dark rendered object over the video. Does it accurately cover the real visible object without floating away, using the wrong angle/scale, or incorrectly covering the human? Choose pass only if alignment is visually good.",pass|overlay_shift|wrong_contact|object_jitter|depth_mismatch|render_missing|unclear,mistral_llm_schema_validated,main_body|contact_region|support_region|tip_regions|grip_bands|background|unclear,hand_on_main_body|hand_on_contact_region|body_on_support_region|floor_support|persistent_two_palm_line|no_contact|unclear,forced_choice_gate_only_no_continuous_pose_or_loss
stick,stage5,161,6.666667,post_render_sanity_check,/mnt/hdd/AudioHOI/samples_known_object/11_stick/results/benchmark_vlm_qwen/vlm/stage5/evidence/frame00161_post_render_sanity_check.png,/mnt/hdd/AudioHOI/samples_known_object/11_stick/results/benchmark_vlm_qwen/vlm/stage5/evidence/frame00161_post_render_sanity_check.png,final_render_preview,"Inspect the dark rendered object over the video. Does it accurately cover the real visible object without floating away, using the wrong angle/scale, or incorrectly covering the human? Choose pass only if alignment is visually good.",pass|overlay_shift|wrong_contact|object_jitter|depth_mismatch|render_missing|unclear,mistral_llm_schema_validated,main_body|contact_region|support_region|tip_regions|grip_bands|background|unclear,hand_on_main_body|hand_on_contact_region|body_on_support_region|floor_support|persistent_two_palm_line|no_contact|unclear,forced_choice_gate_only_no_continuous_pose_or_loss
stick,stage5,162,6.708333,post_render_sanity_check,/mnt/hdd/AudioHOI/samples_known_object/11_stick/results/benchmark_vlm_qwen/vlm/stage5/evidence/frame00162_post_render_sanity_check.png,/mnt/hdd/AudioHOI/samples_known_object/11_stick/results/benchmark_vlm_qwen/vlm/stage5/evidence/frame00162_post_render_sanity_check.png,final_render_preview,"Inspect the dark rendered object over the video. Does it accurately cover the real visible object without floating away, using the wrong angle/scale, or incorrectly covering the human? Choose pass only if alignment is visually good.",pass|overlay_shift|wrong_contact|object_jitter|depth_mismatch|render_missing|unclear,mistral_llm_schema_validated,main_body|contact_region|support_region|tip_regions|grip_bands|background|unclear,hand_on_main_body|hand_on_contact_region|body_on_support_region|floor_support|persistent_two_palm_line|no_contact|unclear,forced_choice_gate_only_no_continuous_pose_or_loss
stick,stage5,163,6.750000,post_render_sanity_check,/mnt/hdd/AudioHOI/samples_known_object/11_stick/results/benchmark_vlm_qwen/vlm/stage5/evidence/frame00163_post_render_sanity_check.png,/mnt/hdd/AudioHOI/samples_known_object/11_stick/results/benchmark_vlm_qwen/vlm/stage5/evidence/frame00163_post_render_sanity_check.png,final_render_preview,"Inspect the dark rendered object over the video. Does it accurately cover the real visible object without floating away, using the wrong angle/scale, or incorrectly covering the human? Choose pass only if alignment is visually good.",pass|overlay_shift|wrong_contact|object_jitter|depth_mismatch|render_missing|unclear,mistral_llm_schema_validated,main_body|contact_region|support_region|tip_regions|grip_bands|background|unclear,hand_on_main_body|hand_on_contact_region|body_on_support_region|floor_support|persistent_two_palm_line|no_contact|unclear,forced_choice_gate_only_no_continuous_pose_or_loss
stick,stage5,164,6.791667,post_render_sanity_check,/mnt/hdd/AudioHOI/samples_known_object/11_stick/results/benchmark_vlm_qwen/vlm/stage5/evidence/frame00164_post_render_sanity_check.png,/mnt/hdd/AudioHOI/samples_known_object/11_stick/results/benchmark_vlm_qwen/vlm/stage5/evidence/frame00164_post_render_sanity_check.png,final_render_preview,"Inspect the dark rendered object over the video. Does it accurately cover the real visible object without floating away, using the wrong angle/scale, or incorrectly covering the human? Choose pass only if alignment is visually good.",pass|overlay_shift|wrong_contact|object_jitter|depth_mismatch|render_missing|unclear,mistral_llm_schema_validated,main_body|contact_region|support_region|tip_regions|grip_bands|background|unclear,hand_on_main_body|hand_on_contact_region|body_on_support_region|floor_support|persistent_two_palm_line|no_contact|unclear,forced_choice_gate_only_no_continuous_pose_or_loss
stick,stage5,165,6.833333,post_render_sanity_check,/mnt/hdd/AudioHOI/samples_known_object/11_stick/results/benchmark_vlm_qwen/vlm/stage5/evidence/frame00165_post_render_sanity_check.png,/mnt/hdd/AudioHOI/samples_known_object/11_stick/results/benchmark_vlm_qwen/vlm/stage5/evidence/frame00165_post_render_sanity_check.png,final_render_preview,"Inspect the dark rendered object over the video. Does it accurately cover the real visible object without floating away, using the wrong angle/scale, or incorrectly covering the human? Choose pass only if alignment is visually good.",pass|overlay_shift|wrong_contact|object_jitter|depth_mismatch|render_missing|unclear,mistral_llm_schema_validated,main_body|contact_region|support_region|tip_regions|grip_bands|background|unclear,hand_on_main_body|hand_on_contact_region|body_on_support_region|floor_support|persistent_two_palm_line|no_contact|unclear,forced_choice_gate_only_no_continuous_pose_or_loss
stick,stage5,166,6.875000,post_render_sanity_check,/mnt/hdd/AudioHOI/samples_known_object/11_stick/results/benchmark_vlm_qwen/vlm/stage5/evidence/frame00166_post_render_sanity_check.png,/mnt/hdd/AudioHOI/samples_known_object/11_stick/results/benchmark_vlm_qwen/vlm/stage5/evidence/frame00166_post_render_sanity_check.png,final_render_preview,"Inspect the dark rendered object over the video. Does it accurately cover the real visible object without floating away, using the wrong angle/scale, or incorrectly covering the human? Choose pass only if alignment is visually good.",pass|overlay_shift|wrong_contact|object_jitter|depth_mismatch|render_missing|unclear,mistral_llm_schema_validated,main_body|contact_region|support_region|tip_regions|grip_bands|background|unclear,hand_on_main_body|hand_on_contact_region|body_on_support_region|floor_support|persistent_two_palm_line|no_contact|unclear,forced_choice_gate_only_no_continuous_pose_or_loss
stick,stage5,167,6.916667,post_render_sanity_check,/mnt/hdd/AudioHOI/samples_known_object/11_stick/results/benchmark_vlm_qwen/vlm/stage5/evidence/frame00167_post_render_sanity_check.png,/mnt/hdd/AudioHOI/samples_known_object/11_stick/results/benchmark_vlm_qwen/vlm/stage5/evidence/frame00167_post_render_sanity_check.png,final_render_preview,"Inspect the dark rendered object over the video. Does it accurately cover the real visible object without floating away, using the wrong angle/scale, or incorrectly covering the human? Choose pass only if alignment is visually good.",pass|overlay_shift|wrong_contact|object_jitter|depth_mismatch|render_missing|unclear,mistral_llm_schema_validated,main_body|contact_region|support_region|tip_regions|grip_bands|background|unclear,hand_on_main_body|hand_on_contact_region|body_on_support_region|floor_support|persistent_two_palm_line|no_contact|unclear,forced_choice_gate_only_no_continuous_pose_or_loss
stick,stage5,168,6.958333,post_render_sanity_check,/mnt/hdd/AudioHOI/samples_known_object/11_stick/results/benchmark_vlm_qwen/vlm/stage5/evidence/frame00168_post_render_sanity_check.png,/mnt/hdd/AudioHOI/samples_known_object/11_stick/results/benchmark_vlm_qwen/vlm/stage5/evidence/frame00168_post_render_sanity_check.png,final_render_preview,"Inspect the dark rendered object over the video. Does it accurately cover the real visible object without floating away, using the wrong angle/scale, or incorrectly covering the human? Choose pass only if alignment is visually good.",pass|overlay_shift|wrong_contact|object_jitter|depth_mismatch|render_missing|unclear,mistral_llm_schema_validated,main_body|contact_region|support_region|tip_regions|grip_bands|background|unclear,hand_on_main_body|hand_on_contact_region|body_on_support_region|floor_support|persistent_two_palm_line|no_contact|unclear,forced_choice_gate_only_no_continuous_pose_or_loss
stick,stage5,169,7.000000,post_render_sanity_check,/mnt/hdd/AudioHOI/samples_known_object/11_stick/results/benchmark_vlm_qwen/vlm/stage5/evidence/frame00169_post_render_sanity_check.png,/mnt/hdd/AudioHOI/samples_known_object/11_stick/results/benchmark_vlm_qwen/vlm/stage5/evidence/frame00169_post_render_sanity_check.png,final_render_preview,"Inspect the dark rendered object over the video. Does it accurately cover the real visible object without floating away, using the wrong angle/scale, or incorrectly covering the human? Choose pass only if alignment is visually good.",pass|overlay_shift|wrong_contact|object_jitter|depth_mismatch|render_missing|unclear,mistral_llm_schema_validated,main_body|contact_region|support_region|tip_regions|grip_bands|background|unclear,hand_on_main_body|hand_on_contact_region|body_on_support_region|floor_support|persistent_two_palm_line|no_contact|unclear,forced_choice_gate_only_no_continuous_pose_or_loss
stick,stage5,170,7.041667,post_render_sanity_check,/mnt/hdd/AudioHOI/samples_known_object/11_stick/results/benchmark_vlm_qwen/vlm/stage5/evidence/frame00170_post_render_sanity_check.png,/mnt/hdd/AudioHOI/samples_known_object/11_stick/results/benchmark_vlm_qwen/vlm/stage5/evidence/frame00170_post_render_sanity_check.png,final_render_preview,"Inspect the dark rendered object over the video. Does it accurately cover the real visible object without floating away, using the wrong angle/scale, or incorrectly covering the human? Choose pass only if alignment is visually good.",pass|overlay_shift|wrong_contact|object_jitter|depth_mismatch|render_missing|unclear,mistral_llm_schema_validated,main_body|contact_region|support_region|tip_regions|grip_bands|background|unclear,hand_on_main_body|hand_on_contact_region|body_on_support_region|floor_support|persistent_two_palm_line|no_contact|unclear,forced_choice_gate_only_no_continuous_pose_or_loss
stick,stage5,171,7.083333,post_render_sanity_check,/mnt/hdd/AudioHOI/samples_known_object/11_stick/results/benchmark_vlm_qwen/vlm/stage5/evidence/frame00171_post_render_sanity_check.png,/mnt/hdd/AudioHOI/samples_known_object/11_stick/results/benchmark_vlm_qwen/vlm/stage5/evidence/frame00171_post_render_sanity_check.png,final_render_preview,"Inspect the dark rendered object over the video. Does it accurately cover the real visible object without floating away, using the wrong angle/scale, or incorrectly covering the human? Choose pass only if alignment is visually good.",pass|overlay_shift|wrong_contact|object_jitter|depth_mismatch|render_missing|unclear,mistral_llm_schema_validated,main_body|contact_region|support_region|tip_regions|grip_bands|background|unclear,hand_on_main_body|hand_on_contact_region|body_on_support_region|floor_support|persistent_two_palm_line|no_contact|unclear,forced_choice_gate_only_no_continuous_pose_or_loss
stick,stage5,172,7.125000,post_render_sanity_check,/mnt/hdd/AudioHOI/samples_known_object/11_stick/results/benchmark_vlm_qwen/vlm/stage5/evidence/frame00172_post_render_sanity_check.png,/mnt/hdd/AudioHOI/samples_known_object/11_stick/results/benchmark_vlm_qwen/vlm/stage5/evidence/frame00172_post_render_sanity_check.png,final_render_preview,"Inspect the dark rendered object over the video. Does it accurately cover the real visible object without floating away, using the wrong angle/scale, or incorrectly covering the human? Choose pass only if alignment is visually good.",pass|overlay_shift|wrong_contact|object_jitter|depth_mismatch|render_missing|unclear,mistral_llm_schema_validated,main_body|contact_region|support_region|tip_regions|grip_bands|background|unclear,hand_on_main_body|hand_on_contact_region|body_on_support_region|floor_support|persistent_two_palm_line|no_contact|unclear,forced_choice_gate_only_no_continuous_pose_or_loss
stick,stage5,173,7.166667,post_render_sanity_check,/mnt/hdd/AudioHOI/samples_known_object/11_stick/results/benchmark_vlm_qwen/vlm/stage5/evidence/frame00173_post_render_sanity_check.png,/mnt/hdd/AudioHOI/samples_known_object/11_stick/results/benchmark_vlm_qwen/vlm/stage5/evidence/frame00173_post_render_sanity_check.png,final_render_preview,"Inspect the dark rendered object over the video. Does it accurately cover the real visible object without floating away, using the wrong angle/scale, or incorrectly covering the human? Choose pass only if alignment is visually good.",pass|overlay_shift|wrong_contact|object_jitter|depth_mismatch|render_missing|unclear,mistral_llm_schema_validated,main_body|contact_region|support_region|tip_regions|grip_bands|background|unclear,hand_on_main_body|hand_on_contact_region|body_on_support_region|floor_support|persistent_two_palm_line|no_contact|unclear,forced_choice_gate_only_no_continuous_pose_or_loss
stick,stage5,174,7.208333,post_render_sanity_check,/mnt/hdd/AudioHOI/samples_known_object/11_stick/results/benchmark_vlm_qwen/vlm/stage5/evidence/frame00174_post_render_sanity_check.png,/mnt/hdd/AudioHOI/samples_known_object/11_stick/results/benchmark_vlm_qwen/vlm/stage5/evidence/frame00174_post_render_sanity_check.png,final_render_preview,"Inspect the dark rendered object over the video. Does it accurately cover the real visible object without floating away, using the wrong angle/scale, or incorrectly covering the human? Choose pass only if alignment is visually good.",pass|overlay_shift|wrong_contact|object_jitter|depth_mismatch|render_missing|unclear,mistral_llm_schema_validated,main_body|contact_region|support_region|tip_regions|grip_bands|background|unclear,hand_on_main_body|hand_on_contact_region|body_on_support_region|floor_support|persistent_two_palm_line|no_contact|unclear,forced_choice_gate_only_no_continuous_pose_or_loss
stick,stage5,175,7.250000,post_render_sanity_check,/mnt/hdd/AudioHOI/samples_known_object/11_stick/results/benchmark_vlm_qwen/vlm/stage5/evidence/frame00175_post_render_sanity_check.png,/mnt/hdd/AudioHOI/samples_known_object/11_stick/results/benchmark_vlm_qwen/vlm/stage5/evidence/frame00175_post_render_sanity_check.png,final_render_preview,"Inspect the dark rendered object over the video. Does it accurately cover the real visible object without floating away, using the wrong angle/scale, or incorrectly covering the human? Choose pass only if alignment is visually good.",pass|overlay_shift|wrong_contact|object_jitter|depth_mismatch|render_missing|unclear,mistral_llm_schema_validated,main_body|contact_region|support_region|tip_regions|grip_bands|background|unclear,hand_on_main_body|hand_on_contact_region|body_on_support_region|floor_support|persistent_two_palm_line|no_contact|unclear,forced_choice_gate_only_no_continuous_pose_or_loss
stick,stage5,176,7.291667,post_render_sanity_check,/mnt/hdd/AudioHOI/samples_known_object/11_stick/results/benchmark_vlm_qwen/vlm/stage5/evidence/frame00176_post_render_sanity_check.png,/mnt/hdd/AudioHOI/samples_known_object/11_stick/results/benchmark_vlm_qwen/vlm/stage5/evidence/frame00176_post_render_sanity_check.png,final_render_preview,"Inspect the dark rendered object over the video. Does it accurately cover the real visible object without floating away, using the wrong angle/scale, or incorrectly covering the human? Choose pass only if alignment is visually good.",pass|overlay_shift|wrong_contact|object_jitter|depth_mismatch|render_missing|unclear,mistral_llm_schema_validated,main_body|contact_region|support_region|tip_regions|grip_bands|background|unclear,hand_on_main_body|hand_on_contact_region|body_on_support_region|floor_support|persistent_two_palm_line|no_contact|unclear,forced_choice_gate_only_no_continuous_pose_or_loss
stick,stage5,177,7.333333,post_render_sanity_check,/mnt/hdd/AudioHOI/samples_known_object/11_stick/results/benchmark_vlm_qwen/vlm/stage5/evidence/frame00177_post_render_sanity_check.png,/mnt/hdd/AudioHOI/samples_known_object/11_stick/results/benchmark_vlm_qwen/vlm/stage5/evidence/frame00177_post_render_sanity_check.png,final_render_preview,"Inspect the dark rendered object over the video. Does it accurately cover the real visible object without floating away, using the wrong angle/scale, or incorrectly covering the human? Choose pass only if alignment is visually good.",pass|overlay_shift|wrong_contact|object_jitter|depth_mismatch|render_missing|unclear,mistral_llm_schema_validated,main_body|contact_region|support_region|tip_regions|grip_bands|background|unclear,hand_on_main_body|hand_on_contact_region|body_on_support_region|floor_support|persistent_two_palm_line|no_contact|unclear,forced_choice_gate_only_no_continuous_pose_or_loss
stick,stage5,178,7.375000,post_render_sanity_check,/mnt/hdd/AudioHOI/samples_known_object/11_stick/results/benchmark_vlm_qwen/vlm/stage5/evidence/frame00178_post_render_sanity_check.png,/mnt/hdd/AudioHOI/samples_known_object/11_stick/results/benchmark_vlm_qwen/vlm/stage5/evidence/frame00178_post_render_sanity_check.png,final_render_preview,"Inspect the dark rendered object over the video. Does it accurately cover the real visible object without floating away, using the wrong angle/scale, or incorrectly covering the human? Choose pass only if alignment is visually good.",pass|overlay_shift|wrong_contact|object_jitter|depth_mismatch|render_missing|unclear,mistral_llm_schema_validated,main_body|contact_region|support_region|tip_regions|grip_bands|background|unclear,hand_on_main_body|hand_on_contact_region|body_on_support_region|floor_support|persistent_two_palm_line|no_contact|unclear,forced_choice_gate_only_no_continuous_pose_or_loss
stick,stage5,179,7.416667,post_render_sanity_check,/mnt/hdd/AudioHOI/samples_known_object/11_stick/results/benchmark_vlm_qwen/vlm/stage5/evidence/frame00179_post_render_sanity_check.png,/mnt/hdd/AudioHOI/samples_known_object/11_stick/results/benchmark_vlm_qwen/vlm/stage5/evidence/frame00179_post_render_sanity_check.png,final_render_preview,"Inspect the dark rendered object over the video. Does it accurately cover the real visible object without floating away, using the wrong angle/scale, or incorrectly covering the human? Choose pass only if alignment is visually good.",pass|overlay_shift|wrong_contact|object_jitter|depth_mismatch|render_missing|unclear,mistral_llm_schema_validated,main_body|contact_region|support_region|tip_regions|grip_bands|background|unclear,hand_on_main_body|hand_on_contact_region|body_on_support_region|floor_support|persistent_two_palm_line|no_contact|unclear,forced_choice_gate_only_no_continuous_pose_or_loss
stick,stage5,180,7.458333,post_render_sanity_check,/mnt/hdd/AudioHOI/samples_known_object/11_stick/results/benchmark_vlm_qwen/vlm/stage5/evidence/frame00180_post_render_sanity_check.png,/mnt/hdd/AudioHOI/samples_known_object/11_stick/results/benchmark_vlm_qwen/vlm/stage5/evidence/frame00180_post_render_sanity_check.png,final_render_preview,"Inspect the dark rendered object over the video. Does it accurately cover the real visible object without floating away, using the wrong angle/scale, or incorrectly covering the human? Choose pass only if alignment is visually good.",pass|overlay_shift|wrong_contact|object_jitter|depth_mismatch|render_missing|unclear,mistral_llm_schema_validated,main_body|contact_region|support_region|tip_regions|grip_bands|background|unclear,hand_on_main_body|hand_on_contact_region|body_on_support_region|floor_support|persistent_two_palm_line|no_contact|unclear,forced_choice_gate_only_no_continuous_pose_or_loss
stick,stage5,181,7.500000,post_render_sanity_check,/mnt/hdd/AudioHOI/samples_known_object/11_stick/results/benchmark_vlm_qwen/vlm/stage5/evidence/frame00181_post_render_sanity_check.png,/mnt/hdd/AudioHOI/samples_known_object/11_stick/results/benchmark_vlm_qwen/vlm/stage5/evidence/frame00181_post_render_sanity_check.png,final_render_preview,"Inspect the dark rendered object over the video. Does it accurately cover the real visible object without floating away, using the wrong angle/scale, or incorrectly covering the human? Choose pass only if alignment is visually good.",pass|overlay_shift|wrong_contact|object_jitter|depth_mismatch|render_missing|unclear,mistral_llm_schema_validated,main_body|contact_region|support_region|tip_regions|grip_bands|background|unclear,hand_on_main_body|hand_on_contact_region|body_on_support_region|floor_support|persistent_two_palm_line|no_contact|unclear,forced_choice_gate_only_no_continuous_pose_or_loss
stick,stage5,182,7.541667,post_render_sanity_check,/mnt/hdd/AudioHOI/samples_known_object/11_stick/results/benchmark_vlm_qwen/vlm/stage5/evidence/frame00182_post_render_sanity_check.png,/mnt/hdd/AudioHOI/samples_known_object/11_stick/results/benchmark_vlm_qwen/vlm/stage5/evidence/frame00182_post_render_sanity_check.png,final_render_preview,"Inspect the dark rendered object over the video. Does it accurately cover the real visible object without floating away, using the wrong angle/scale, or incorrectly covering the human? Choose pass only if alignment is visually good.",pass|overlay_shift|wrong_contact|object_jitter|depth_mismatch|render_missing|unclear,mistral_llm_schema_validated,main_body|contact_region|support_region|tip_regions|grip_bands|background|unclear,hand_on_main_body|hand_on_contact_region|body_on_support_region|floor_support|persistent_two_palm_line|no_contact|unclear,forced_choice_gate_only_no_continuous_pose_or_loss
stick,stage5,183,7.583333,post_render_sanity_check,/mnt/hdd/AudioHOI/samples_known_object/11_stick/results/benchmark_vlm_qwen/vlm/stage5/evidence/frame00183_post_render_sanity_check.png,/mnt/hdd/AudioHOI/samples_known_object/11_stick/results/benchmark_vlm_qwen/vlm/stage5/evidence/frame00183_post_render_sanity_check.png,final_render_preview,"Inspect the dark rendered object over the video. Does it accurately cover the real visible object without floating away, using the wrong angle/scale, or incorrectly covering the human? Choose pass only if alignment is visually good.",pass|overlay_shift|wrong_contact|object_jitter|depth_mismatch|render_missing|unclear,mistral_llm_schema_validated,main_body|contact_region|support_region|tip_regions|grip_bands|background|unclear,hand_on_main_body|hand_on_contact_region|body_on_support_region|floor_support|persistent_two_palm_line|no_contact|unclear,forced_choice_gate_only_no_continuous_pose_or_loss
stick,stage5,184,7.625000,post_render_sanity_check,/mnt/hdd/AudioHOI/samples_known_object/11_stick/results/benchmark_vlm_qwen/vlm/stage5/evidence/frame00184_post_render_sanity_check.png,/mnt/hdd/AudioHOI/samples_known_object/11_stick/results/benchmark_vlm_qwen/vlm/stage5/evidence/frame00184_post_render_sanity_check.png,final_render_preview,"Inspect the dark rendered object over the video. Does it accurately cover the real visible object without floating away, using the wrong angle/scale, or incorrectly covering the human? Choose pass only if alignment is visually good.",pass|overlay_shift|wrong_contact|object_jitter|depth_mismatch|render_missing|unclear,mistral_llm_schema_validated,main_body|contact_region|support_region|tip_regions|grip_bands|background|unclear,hand_on_main_body|hand_on_contact_region|body_on_support_region|floor_support|persistent_two_palm_line|no_contact|unclear,forced_choice_gate_only_no_continuous_pose_or_loss
stick,stage5,185,7.666667,post_render_sanity_check,/mnt/hdd/AudioHOI/samples_known_object/11_stick/results/benchmark_vlm_qwen/vlm/stage5/evidence/frame00185_post_render_sanity_check.png,/mnt/hdd/AudioHOI/samples_known_object/11_stick/results/benchmark_vlm_qwen/vlm/stage5/evidence/frame00185_post_render_sanity_check.png,final_render_preview,"Inspect the dark rendered object over the video. Does it accurately cover the real visible object without floating away, using the wrong angle/scale, or incorrectly covering the human? Choose pass only if alignment is visually good.",pass|overlay_shift|wrong_contact|object_jitter|depth_mismatch|render_missing|unclear,mistral_llm_schema_validated,main_body|contact_region|support_region|tip_regions|grip_bands|background|unclear,hand_on_main_body|hand_on_contact_region|body_on_support_region|floor_support|persistent_two_palm_line|no_contact|unclear,forced_choice_gate_only_no_continuous_pose_or_loss
stick,stage5,186,7.708333,post_render_sanity_check,/mnt/hdd/AudioHOI/samples_known_object/11_stick/results/benchmark_vlm_qwen/vlm/stage5/evidence/frame00186_post_render_sanity_check.png,/mnt/hdd/AudioHOI/samples_known_object/11_stick/results/benchmark_vlm_qwen/vlm/stage5/evidence/frame00186_post_render_sanity_check.png,final_render_preview,"Inspect the dark rendered object over the video. Does it accurately cover the real visible object without floating away, using the wrong angle/scale, or incorrectly covering the human? Choose pass only if alignment is visually good.",pass|overlay_shift|wrong_contact|object_jitter|depth_mismatch|render_missing|unclear,mistral_llm_schema_validated,main_body|contact_region|support_region|tip_regions|grip_bands|background|unclear,hand_on_main_body|hand_on_contact_region|body_on_support_region|floor_support|persistent_two_palm_line|no_contact|unclear,forced_choice_gate_only_no_continuous_pose_or_loss
stick,stage5,187,7.750000,post_render_sanity_check,/mnt/hdd/AudioHOI/samples_known_object/11_stick/results/benchmark_vlm_qwen/vlm/stage5/evidence/frame00187_post_render_sanity_check.png,/mnt/hdd/AudioHOI/samples_known_object/11_stick/results/benchmark_vlm_qwen/vlm/stage5/evidence/frame00187_post_render_sanity_check.png,final_render_preview,"Inspect the dark rendered object over the video. Does it accurately cover the real visible object without floating away, using the wrong angle/scale, or incorrectly covering the human? Choose pass only if alignment is visually good.",pass|overlay_shift|wrong_contact|object_jitter|depth_mismatch|render_missing|unclear,mistral_llm_schema_validated,main_body|contact_region|support_region|tip_regions|grip_bands|background|unclear,hand_on_main_body|hand_on_contact_region|body_on_support_region|floor_support|persistent_two_palm_line|no_contact|unclear,forced_choice_gate_only_no_continuous_pose_or_loss
stick,stage5,188,7.791667,post_render_sanity_check,/mnt/hdd/AudioHOI/samples_known_object/11_stick/results/benchmark_vlm_qwen/vlm/stage5/evidence/frame00188_post_render_sanity_check.png,/mnt/hdd/AudioHOI/samples_known_object/11_stick/results/benchmark_vlm_qwen/vlm/stage5/evidence/frame00188_post_render_sanity_check.png,final_render_preview,"Inspect the dark rendered object over the video. Does it accurately cover the real visible object without floating away, using the wrong angle/scale, or incorrectly covering the human? Choose pass only if alignment is visually good.",pass|overlay_shift|wrong_contact|object_jitter|depth_mismatch|render_missing|unclear,mistral_llm_schema_validated,main_body|contact_region|support_region|tip_regions|grip_bands|background|unclear,hand_on_main_body|hand_on_contact_region|body_on_support_region|floor_support|persistent_two_palm_line|no_contact|unclear,forced_choice_gate_only_no_continuous_pose_or_loss
stick,stage5,189,7.833333,post_render_sanity_check,/mnt/hdd/AudioHOI/samples_known_object/11_stick/results/benchmark_vlm_qwen/vlm/stage5/evidence/frame00189_post_render_sanity_check.png,/mnt/hdd/AudioHOI/samples_known_object/11_stick/results/benchmark_vlm_qwen/vlm/stage5/evidence/frame00189_post_render_sanity_check.png,final_render_preview,"Inspect the dark rendered object over the video. Does it accurately cover the real visible object without floating away, using the wrong angle/scale, or incorrectly covering the human? Choose pass only if alignment is visually good.",pass|overlay_shift|wrong_contact|object_jitter|depth_mismatch|render_missing|unclear,mistral_llm_schema_validated,main_body|contact_region|support_region|tip_regions|grip_bands|background|unclear,hand_on_main_body|hand_on_contact_region|body_on_support_region|floor_support|persistent_two_palm_line|no_contact|unclear,forced_choice_gate_only_no_continuous_pose_or_loss
stick,stage5,190,7.875000,post_render_sanity_check,/mnt/hdd/AudioHOI/samples_known_object/11_stick/results/benchmark_vlm_qwen/vlm/stage5/evidence/frame00190_post_render_sanity_check.png,/mnt/hdd/AudioHOI/samples_known_object/11_stick/results/benchmark_vlm_qwen/vlm/stage5/evidence/frame00190_post_render_sanity_check.png,final_render_preview,"Inspect the dark rendered object over the video. Does it accurately cover the real visible object without floating away, using the wrong angle/scale, or incorrectly covering the human? Choose pass only if alignment is visually good.",pass|overlay_shift|wrong_contact|object_jitter|depth_mismatch|render_missing|unclear,mistral_llm_schema_validated,main_body|contact_region|support_region|tip_regions|grip_bands|background|unclear,hand_on_main_body|hand_on_contact_region|body_on_support_region|floor_support|persistent_two_palm_line|no_contact|unclear,forced_choice_gate_only_no_continuous_pose_or_loss
stick,stage5,191,7.916667,post_render_sanity_check,/mnt/hdd/AudioHOI/samples_known_object/11_stick/results/benchmark_vlm_qwen/vlm/stage5/evidence/frame00191_post_render_sanity_check.png,/mnt/hdd/AudioHOI/samples_known_object/11_stick/results/benchmark_vlm_qwen/vlm/stage5/evidence/frame00191_post_render_sanity_check.png,final_render_preview,"Inspect the dark rendered object over the video. Does it accurately cover the real visible object without floating away, using the wrong angle/scale, or incorrectly covering the human? Choose pass only if alignment is visually good.",pass|overlay_shift|wrong_contact|object_jitter|depth_mismatch|render_missing|unclear,mistral_llm_schema_validated,main_body|contact_region|support_region|tip_regions|grip_bands|background|unclear,hand_on_main_body|hand_on_contact_region|body_on_support_region|floor_support|persistent_two_palm_line|no_contact|unclear,forced_choice_gate_only_no_continuous_pose_or_loss
stick,stage5,192,7.958333,post_render_sanity_check,/mnt/hdd/AudioHOI/samples_known_object/11_stick/results/benchmark_vlm_qwen/vlm/stage5/evidence/frame00192_post_render_sanity_check.png,/mnt/hdd/AudioHOI/samples_known_object/11_stick/results/benchmark_vlm_qwen/vlm/stage5/evidence/frame00192_post_render_sanity_check.png,final_render_preview,"Inspect the dark rendered object over the video. Does it accurately cover the real visible object without floating away, using the wrong angle/scale, or incorrectly covering the human? Choose pass only if alignment is visually good.",pass|overlay_shift|wrong_contact|object_jitter|depth_mismatch|render_missing|unclear,mistral_llm_schema_validated,main_body|contact_region|support_region|tip_regions|grip_bands|background|unclear,hand_on_main_body|hand_on_contact_region|body_on_support_region|floor_support|persistent_two_palm_line|no_contact|unclear,forced_choice_gate_only_no_continuous_pose_or_loss
stick,stage5,193,8.000000,post_render_sanity_check,/mnt/hdd/AudioHOI/samples_known_object/11_stick/results/benchmark_vlm_qwen/vlm/stage5/evidence/frame00193_post_render_sanity_check.png,/mnt/hdd/AudioHOI/samples_known_object/11_stick/results/benchmark_vlm_qwen/vlm/stage5/evidence/frame00193_post_render_sanity_check.png,final_render_preview,"Inspect the dark rendered object over the video. Does it accurately cover the real visible object without floating away, using the wrong angle/scale, or incorrectly covering the human? Choose pass only if alignment is visually good.",pass|overlay_shift|wrong_contact|object_jitter|depth_mismatch|render_missing|unclear,mistral_llm_schema_validated,main_body|contact_region|support_region|tip_regions|grip_bands|background|unclear,hand_on_main_body|hand_on_contact_region|body_on_support_region|floor_support|persistent_two_palm_line|no_contact|unclear,forced_choice_gate_only_no_continuous_pose_or_loss
stick,stage5,194,8.041667,post_render_sanity_check,/mnt/hdd/AudioHOI/samples_known_object/11_stick/results/benchmark_vlm_qwen/vlm/stage5/evidence/frame00194_post_render_sanity_check.png,/mnt/hdd/AudioHOI/samples_known_object/11_stick/results/benchmark_vlm_qwen/vlm/stage5/evidence/frame00194_post_render_sanity_check.png,final_render_preview,"Inspect the dark rendered object over the video. Does it accurately cover the real visible object without floating away, using the wrong angle/scale, or incorrectly covering the human? Choose pass only if alignment is visually good.",pass|overlay_shift|wrong_contact|object_jitter|depth_mismatch|render_missing|unclear,mistral_llm_schema_validated,main_body|contact_region|support_region|tip_regions|grip_bands|background|unclear,hand_on_main_body|hand_on_contact_region|body_on_support_region|floor_support|persistent_two_palm_line|no_contact|unclear,forced_choice_gate_only_no_continuous_pose_or_loss
stick,stage5,195,8.083333,post_render_sanity_check,/mnt/hdd/AudioHOI/samples_known_object/11_stick/results/benchmark_vlm_qwen/vlm/stage5/evidence/frame00195_post_render_sanity_check.png,/mnt/hdd/AudioHOI/samples_known_object/11_stick/results/benchmark_vlm_qwen/vlm/stage5/evidence/frame00195_post_render_sanity_check.png,final_render_preview,"Inspect the dark rendered object over the video. Does it accurately cover the real visible object without floating away, using the wrong angle/scale, or incorrectly covering the human? Choose pass only if alignment is visually good.",pass|overlay_shift|wrong_contact|object_jitter|depth_mismatch|render_missing|unclear,mistral_llm_schema_validated,main_body|contact_region|support_region|tip_regions|grip_bands|background|unclear,hand_on_main_body|hand_on_contact_region|body_on_support_region|floor_support|persistent_two_palm_line|no_contact|unclear,forced_choice_gate_only_no_continuous_pose_or_loss
stick,stage5,196,8.125000,post_render_sanity_check,/mnt/hdd/AudioHOI/samples_known_object/11_stick/results/benchmark_vlm_qwen/vlm/stage5/evidence/frame00196_post_render_sanity_check.png,/mnt/hdd/AudioHOI/samples_known_object/11_stick/results/benchmark_vlm_qwen/vlm/stage5/evidence/frame00196_post_render_sanity_check.png,final_render_preview,"Inspect the dark rendered object over the video. Does it accurately cover the real visible object without floating away, using the wrong angle/scale, or incorrectly covering the human? Choose pass only if alignment is visually good.",pass|overlay_shift|wrong_contact|object_jitter|depth_mismatch|render_missing|unclear,mistral_llm_schema_validated,main_body|contact_region|support_region|tip_regions|grip_bands|background|unclear,hand_on_main_body|hand_on_contact_region|body_on_support_region|floor_support|persistent_two_palm_line|no_contact|unclear,forced_choice_gate_only_no_continuous_pose_or_loss
stick,stage5,197,8.166667,post_render_sanity_check,/mnt/hdd/AudioHOI/samples_known_object/11_stick/results/benchmark_vlm_qwen/vlm/stage5/evidence/frame00197_post_render_sanity_check.png,/mnt/hdd/AudioHOI/samples_known_object/11_stick/results/benchmark_vlm_qwen/vlm/stage5/evidence/frame00197_post_render_sanity_check.png,final_render_preview,"Inspect the dark rendered object over the video. Does it accurately cover the real visible object without floating away, using the wrong angle/scale, or incorrectly covering the human? Choose pass only if alignment is visually good.",pass|overlay_shift|wrong_contact|object_jitter|depth_mismatch|render_missing|unclear,mistral_llm_schema_validated,main_body|contact_region|support_region|tip_regions|grip_bands|background|unclear,hand_on_main_body|hand_on_contact_region|body_on_support_region|floor_support|persistent_two_palm_line|no_contact|unclear,forced_choice_gate_only_no_continuous_pose_or_loss
stick,stage5,198,8.208333,post_render_sanity_check,/mnt/hdd/AudioHOI/samples_known_object/11_stick/results/benchmark_vlm_qwen/vlm/stage5/evidence/frame00198_post_render_sanity_check.png,/mnt/hdd/AudioHOI/samples_known_object/11_stick/results/benchmark_vlm_qwen/vlm/stage5/evidence/frame00198_post_render_sanity_check.png,final_render_preview,"Inspect the dark rendered object over the video. Does it accurately cover the real visible object without floating away, using the wrong angle/scale, or incorrectly covering the human? Choose pass only if alignment is visually good.",pass|overlay_shift|wrong_contact|object_jitter|depth_mismatch|render_missing|unclear,mistral_llm_schema_validated,main_body|contact_region|support_region|tip_regions|grip_bands|background|unclear,hand_on_main_body|hand_on_contact_region|body_on_support_region|floor_support|persistent_two_palm_line|no_contact|unclear,forced_choice_gate_only_no_continuous_pose_or_loss
stick,stage5,199,8.250000,post_render_sanity_check,/mnt/hdd/AudioHOI/samples_known_object/11_stick/results/benchmark_vlm_qwen/vlm/stage5/evidence/frame00199_post_render_sanity_check.png,/mnt/hdd/AudioHOI/samples_known_object/11_stick/results/benchmark_vlm_qwen/vlm/stage5/evidence/frame00199_post_render_sanity_check.png,final_render_preview,"Inspect the dark rendered object over the video. Does it accurately cover the real visible object without floating away, using the wrong angle/scale, or incorrectly covering the human? Choose pass only if alignment is visually good.",pass|overlay_shift|wrong_contact|object_jitter|depth_mismatch|render_missing|unclear,mistral_llm_schema_validated,main_body|contact_region|support_region|tip_regions|grip_bands|background|unclear,hand_on_main_body|hand_on_contact_region|body_on_support_region|floor_support|persistent_two_palm_line|no_contact|unclear,forced_choice_gate_only_no_continuous_pose_or_loss
stick,stage5,200,8.291667,post_render_sanity_check,/mnt/hdd/AudioHOI/samples_known_object/11_stick/results/benchmark_vlm_qwen/vlm/stage5/evidence/frame00200_post_render_sanity_check.png,/mnt/hdd/AudioHOI/samples_known_object/11_stick/results/benchmark_vlm_qwen/vlm/stage5/evidence/frame00200_post_render_sanity_check.png,final_render_preview,"Inspect the dark rendered object over the video. Does it accurately cover the real visible object without floating away, using the wrong angle/scale, or incorrectly covering the human? Choose pass only if alignment is visually good.",pass|overlay_shift|wrong_contact|object_jitter|depth_mismatch|render_missing|unclear,mistral_llm_schema_validated,main_body|contact_region|support_region|tip_regions|grip_bands|background|unclear,hand_on_main_body|hand_on_contact_region|body_on_support_region|floor_support|persistent_two_palm_line|no_contact|unclear,forced_choice_gate_only_no_continuous_pose_or_loss
stick,stage5,201,8.333333,post_render_sanity_check,/mnt/hdd/AudioHOI/samples_known_object/11_stick/results/benchmark_vlm_qwen/vlm/stage5/evidence/frame00201_post_render_sanity_check.png,/mnt/hdd/AudioHOI/samples_known_object/11_stick/results/benchmark_vlm_qwen/vlm/stage5/evidence/frame00201_post_render_sanity_check.png,final_render_preview,"Inspect the dark rendered object over the video. Does it accurately cover the real visible object without floating away, using the wrong angle/scale, or incorrectly covering the human? Choose pass only if alignment is visually good.",pass|overlay_shift|wrong_contact|object_jitter|depth_mismatch|render_missing|unclear,mistral_llm_schema_validated,main_body|contact_region|support_region|tip_regions|grip_bands|background|unclear,hand_on_main_body|hand_on_contact_region|body_on_support_region|floor_support|persistent_two_palm_line|no_contact|unclear,forced_choice_gate_only_no_continuous_pose_or_loss
stick,stage5,202,8.375000,post_render_sanity_check,/mnt/hdd/AudioHOI/samples_known_object/11_stick/results/benchmark_vlm_qwen/vlm/stage5/evidence/frame00202_post_render_sanity_check.png,/mnt/hdd/AudioHOI/samples_known_object/11_stick/results/benchmark_vlm_qwen/vlm/stage5/evidence/frame00202_post_render_sanity_check.png,final_render_preview,"Inspect the dark rendered object over the video. Does it accurately cover the real visible object without floating away, using the wrong angle/scale, or incorrectly covering the human? Choose pass only if alignment is visually good.",pass|overlay_shift|wrong_contact|object_jitter|depth_mismatch|render_missing|unclear,mistral_llm_schema_validated,main_body|contact_region|support_region|tip_regions|grip_bands|background|unclear,hand_on_main_body|hand_on_contact_region|body_on_support_region|floor_support|persistent_two_palm_line|no_contact|unclear,forced_choice_gate_only_no_continuous_pose_or_loss
stick,stage5,203,8.416667,post_render_sanity_check,/mnt/hdd/AudioHOI/samples_known_object/11_stick/results/benchmark_vlm_qwen/vlm/stage5/evidence/frame00203_post_render_sanity_check.png,/mnt/hdd/AudioHOI/samples_known_object/11_stick/results/benchmark_vlm_qwen/vlm/stage5/evidence/frame00203_post_render_sanity_check.png,final_render_preview,"Inspect the dark rendered object over the video. Does it accurately cover the real visible object without floating away, using the wrong angle/scale, or incorrectly covering the human? Choose pass only if alignment is visually good.",pass|overlay_shift|wrong_contact|object_jitter|depth_mismatch|render_missing|unclear,mistral_llm_schema_validated,main_body|contact_region|support_region|tip_regions|grip_bands|background|unclear,hand_on_main_body|hand_on_contact_region|body_on_support_region|floor_support|persistent_two_palm_line|no_contact|unclear,forced_choice_gate_only_no_continuous_pose_or_loss
stick,stage5,204,8.458333,post_render_sanity_check,/mnt/hdd/AudioHOI/samples_known_object/11_stick/results/benchmark_vlm_qwen/vlm/stage5/evidence/frame00204_post_render_sanity_check.png,/mnt/hdd/AudioHOI/samples_known_object/11_stick/results/benchmark_vlm_qwen/vlm/stage5/evidence/frame00204_post_render_sanity_check.png,final_render_preview,"Inspect the dark rendered object over the video. Does it accurately cover the real visible object without floating away, using the wrong angle/scale, or incorrectly covering the human? Choose pass only if alignment is visually good.",pass|overlay_shift|wrong_contact|object_jitter|depth_mismatch|render_missing|unclear,mistral_llm_schema_validated,main_body|contact_region|support_region|tip_regions|grip_bands|background|unclear,hand_on_main_body|hand_on_contact_region|body_on_support_region|floor_support|persistent_two_palm_line|no_contact|unclear,forced_choice_gate_only_no_continuous_pose_or_loss
stick,stage5,205,8.500000,post_render_sanity_check,/mnt/hdd/AudioHOI/samples_known_object/11_stick/results/benchmark_vlm_qwen/vlm/stage5/evidence/frame00205_post_render_sanity_check.png,/mnt/hdd/AudioHOI/samples_known_object/11_stick/results/benchmark_vlm_qwen/vlm/stage5/evidence/frame00205_post_render_sanity_check.png,final_render_preview,"Inspect the dark rendered object over the video. Does it accurately cover the real visible object without floating away, using the wrong angle/scale, or incorrectly covering the human? Choose pass only if alignment is visually good.",pass|overlay_shift|wrong_contact|object_jitter|depth_mismatch|render_missing|unclear,mistral_llm_schema_validated,main_body|contact_region|support_region|tip_regions|grip_bands|background|unclear,hand_on_main_body|hand_on_contact_region|body_on_support_region|floor_support|persistent_two_palm_line|no_contact|unclear,forced_choice_gate_only_no_continuous_pose_or_loss
stick,stage5,206,8.541667,post_render_sanity_check,/mnt/hdd/AudioHOI/samples_known_object/11_stick/results/benchmark_vlm_qwen/vlm/stage5/evidence/frame00206_post_render_sanity_check.png,/mnt/hdd/AudioHOI/samples_known_object/11_stick/results/benchmark_vlm_qwen/vlm/stage5/evidence/frame00206_post_render_sanity_check.png,final_render_preview,"Inspect the dark rendered object over the video. Does it accurately cover the real visible object without floating away, using the wrong angle/scale, or incorrectly covering the human? Choose pass only if alignment is visually good.",pass|overlay_shift|wrong_contact|object_jitter|depth_mismatch|render_missing|unclear,mistral_llm_schema_validated,main_body|contact_region|support_region|tip_regions|grip_bands|background|unclear,hand_on_main_body|hand_on_contact_region|body_on_support_region|floor_support|persistent_two_palm_line|no_contact|unclear,forced_choice_gate_only_no_continuous_pose_or_loss
stick,stage5,207,8.583333,post_render_sanity_check,/mnt/hdd/AudioHOI/samples_known_object/11_stick/results/benchmark_vlm_qwen/vlm/stage5/evidence/frame00207_post_render_sanity_check.png,/mnt/hdd/AudioHOI/samples_known_object/11_stick/results/benchmark_vlm_qwen/vlm/stage5/evidence/frame00207_post_render_sanity_check.png,final_render_preview,"Inspect the dark rendered object over the video. Does it accurately cover the real visible object without floating away, using the wrong angle/scale, or incorrectly covering the human? Choose pass only if alignment is visually good.",pass|overlay_shift|wrong_contact|object_jitter|depth_mismatch|render_missing|unclear,mistral_llm_schema_validated,main_body|contact_region|support_region|tip_regions|grip_bands|background|unclear,hand_on_main_body|hand_on_contact_region|body_on_support_region|floor_support|persistent_two_palm_line|no_contact|unclear,forced_choice_gate_only_no_continuous_pose_or_loss
stick,stage5,208,8.625000,post_render_sanity_check,/mnt/hdd/AudioHOI/samples_known_object/11_stick/results/benchmark_vlm_qwen/vlm/stage5/evidence/frame00208_post_render_sanity_check.png,/mnt/hdd/AudioHOI/samples_known_object/11_stick/results/benchmark_vlm_qwen/vlm/stage5/evidence/frame00208_post_render_sanity_check.png,final_render_preview,"Inspect the dark rendered object over the video. Does it accurately cover the real visible object without floating away, using the wrong angle/scale, or incorrectly covering the human? Choose pass only if alignment is visually good.",pass|overlay_shift|wrong_contact|object_jitter|depth_mismatch|render_missing|unclear,mistral_llm_schema_validated,main_body|contact_region|support_region|tip_regions|grip_bands|background|unclear,hand_on_main_body|hand_on_contact_region|body_on_support_region|floor_support|persistent_two_palm_line|no_contact|unclear,forced_choice_gate_only_no_continuous_pose_or_loss
stick,stage5,209,8.666667,post_render_sanity_check,/mnt/hdd/AudioHOI/samples_known_object/11_stick/results/benchmark_vlm_qwen/vlm/stage5/evidence/frame00209_post_render_sanity_check.png,/mnt/hdd/AudioHOI/samples_known_object/11_stick/results/benchmark_vlm_qwen/vlm/stage5/evidence/frame00209_post_render_sanity_check.png,final_render_preview,"Inspect the dark rendered object over the video. Does it accurately cover the real visible object without floating away, using the wrong angle/scale, or incorrectly covering the human? Choose pass only if alignment is visually good.",pass|overlay_shift|wrong_contact|object_jitter|depth_mismatch|render_missing|unclear,mistral_llm_schema_validated,main_body|contact_region|support_region|tip_regions|grip_bands|background|unclear,hand_on_main_body|hand_on_contact_region|body_on_support_region|floor_support|persistent_two_palm_line|no_contact|unclear,forced_choice_gate_only_no_continuous_pose_or_loss
stick,stage5,210,8.708333,post_render_sanity_check,/mnt/hdd/AudioHOI/samples_known_object/11_stick/results/benchmark_vlm_qwen/vlm/stage5/evidence/frame00210_post_render_sanity_check.png,/mnt/hdd/AudioHOI/samples_known_object/11_stick/results/benchmark_vlm_qwen/vlm/stage5/evidence/frame00210_post_render_sanity_check.png,final_render_preview,"Inspect the dark rendered object over the video. Does it accurately cover the real visible object without floating away, using the wrong angle/scale, or incorrectly covering the human? Choose pass only if alignment is visually good.",pass|overlay_shift|wrong_contact|object_jitter|depth_mismatch|render_missing|unclear,mistral_llm_schema_validated,main_body|contact_region|support_region|tip_regions|grip_bands|background|unclear,hand_on_main_body|hand_on_contact_region|body_on_support_region|floor_support|persistent_two_palm_line|no_contact|unclear,forced_choice_gate_only_no_continuous_pose_or_loss
stick,stage5,211,8.750000,post_render_sanity_check,/mnt/hdd/AudioHOI/samples_known_object/11_stick/results/benchmark_vlm_qwen/vlm/stage5/evidence/frame00211_post_render_sanity_check.png,/mnt/hdd/AudioHOI/samples_known_object/11_stick/results/benchmark_vlm_qwen/vlm/stage5/evidence/frame00211_post_render_sanity_check.png,final_render_preview,"Inspect the dark rendered object over the video. Does it accurately cover the real visible object without floating away, using the wrong angle/scale, or incorrectly covering the human? Choose pass only if alignment is visually good.",pass|overlay_shift|wrong_contact|object_jitter|depth_mismatch|render_missing|unclear,mistral_llm_schema_validated,main_body|contact_region|support_region|tip_regions|grip_bands|background|unclear,hand_on_main_body|hand_on_contact_region|body_on_support_region|floor_support|persistent_two_palm_line|no_contact|unclear,forced_choice_gate_only_no_continuous_pose_or_loss
stick,stage5,212,8.791667,post_render_sanity_check,/mnt/hdd/AudioHOI/samples_known_object/11_stick/results/benchmark_vlm_qwen/vlm/stage5/evidence/frame00212_post_render_sanity_check.png,/mnt/hdd/AudioHOI/samples_known_object/11_stick/results/benchmark_vlm_qwen/vlm/stage5/evidence/frame00212_post_render_sanity_check.png,final_render_preview,"Inspect the dark rendered object over the video. Does it accurately cover the real visible object without floating away, using the wrong angle/scale, or incorrectly covering the human? Choose pass only if alignment is visually good.",pass|overlay_shift|wrong_contact|object_jitter|depth_mismatch|render_missing|unclear,mistral_llm_schema_validated,main_body|contact_region|support_region|tip_regions|grip_bands|background|unclear,hand_on_main_body|hand_on_contact_region|body_on_support_region|floor_support|persistent_two_palm_line|no_contact|unclear,forced_choice_gate_only_no_continuous_pose_or_loss
stick,stage5,213,8.833333,post_render_sanity_check,/mnt/hdd/AudioHOI/samples_known_object/11_stick/results/benchmark_vlm_qwen/vlm/stage5/evidence/frame00213_post_render_sanity_check.png,/mnt/hdd/AudioHOI/samples_known_object/11_stick/results/benchmark_vlm_qwen/vlm/stage5/evidence/frame00213_post_render_sanity_check.png,final_render_preview,"Inspect the dark rendered object over the video. Does it accurately cover the real visible object without floating away, using the wrong angle/scale, or incorrectly covering the human? Choose pass only if alignment is visually good.",pass|overlay_shift|wrong_contact|object_jitter|depth_mismatch|render_missing|unclear,mistral_llm_schema_validated,main_body|contact_region|support_region|tip_regions|grip_bands|background|unclear,hand_on_main_body|hand_on_contact_region|body_on_support_region|floor_support|persistent_two_palm_line|no_contact|unclear,forced_choice_gate_only_no_continuous_pose_or_loss
stick,stage5,214,8.875000,post_render_sanity_check,/mnt/hdd/AudioHOI/samples_known_object/11_stick/results/benchmark_vlm_qwen/vlm/stage5/evidence/frame00214_post_render_sanity_check.png,/mnt/hdd/AudioHOI/samples_known_object/11_stick/results/benchmark_vlm_qwen/vlm/stage5/evidence/frame00214_post_render_sanity_check.png,final_render_preview,"Inspect the dark rendered object over the video. Does it accurately cover the real visible object without floating away, using the wrong angle/scale, or incorrectly covering the human? Choose pass only if alignment is visually good.",pass|overlay_shift|wrong_contact|object_jitter|depth_mismatch|render_missing|unclear,mistral_llm_schema_validated,main_body|contact_region|support_region|tip_regions|grip_bands|background|unclear,hand_on_main_body|hand_on_contact_region|body_on_support_region|floor_support|persistent_two_palm_line|no_contact|unclear,forced_choice_gate_only_no_continuous_pose_or_loss
stick,stage5,215,8.916667,post_render_sanity_check,/mnt/hdd/AudioHOI/samples_known_object/11_stick/results/benchmark_vlm_qwen/vlm/stage5/evidence/frame00215_post_render_sanity_check.png,/mnt/hdd/AudioHOI/samples_known_object/11_stick/results/benchmark_vlm_qwen/vlm/stage5/evidence/frame00215_post_render_sanity_check.png,final_render_preview,"Inspect the dark rendered object over the video. Does it accurately cover the real visible object without floating away, using the wrong angle/scale, or incorrectly covering the human? Choose pass only if alignment is visually good.",pass|overlay_shift|wrong_contact|object_jitter|depth_mismatch|render_missing|unclear,mistral_llm_schema_validated,main_body|contact_region|support_region|tip_regions|grip_bands|background|unclear,hand_on_main_body|hand_on_contact_region|body_on_support_region|floor_support|persistent_two_palm_line|no_contact|unclear,forced_choice_gate_only_no_continuous_pose_or_loss
stick,stage5,216,8.958333,post_render_sanity_check,/mnt/hdd/AudioHOI/samples_known_object/11_stick/results/benchmark_vlm_qwen/vlm/stage5/evidence/frame00216_post_render_sanity_check.png,/mnt/hdd/AudioHOI/samples_known_object/11_stick/results/benchmark_vlm_qwen/vlm/stage5/evidence/frame00216_post_render_sanity_check.png,final_render_preview,"Inspect the dark rendered object over the video. Does it accurately cover the real visible object without floating away, using the wrong angle/scale, or incorrectly covering the human? Choose pass only if alignment is visually good.",pass|overlay_shift|wrong_contact|object_jitter|depth_mismatch|render_missing|unclear,mistral_llm_schema_validated,main_body|contact_region|support_region|tip_regions|grip_bands|background|unclear,hand_on_main_body|hand_on_contact_region|body_on_support_region|floor_support|persistent_two_palm_line|no_contact|unclear,forced_choice_gate_only_no_continuous_pose_or_loss
stick,stage5,217,9.000000,post_render_sanity_check,/mnt/hdd/AudioHOI/samples_known_object/11_stick/results/benchmark_vlm_qwen/vlm/stage5/evidence/frame00217_post_render_sanity_check.png,/mnt/hdd/AudioHOI/samples_known_object/11_stick/results/benchmark_vlm_qwen/vlm/stage5/evidence/frame00217_post_render_sanity_check.png,final_render_preview,"Inspect the dark rendered object over the video. Does it accurately cover the real visible object without floating away, using the wrong angle/scale, or incorrectly covering the human? Choose pass only if alignment is visually good.",pass|overlay_shift|wrong_contact|object_jitter|depth_mismatch|render_missing|unclear,mistral_llm_schema_validated,main_body|contact_region|support_region|tip_regions|grip_bands|background|unclear,hand_on_main_body|hand_on_contact_region|body_on_support_region|floor_support|persistent_two_palm_line|no_contact|unclear,forced_choice_gate_only_no_continuous_pose_or_loss
stick,stage5,218,9.041667,post_render_sanity_check,/mnt/hdd/AudioHOI/samples_known_object/11_stick/results/benchmark_vlm_qwen/vlm/stage5/evidence/frame00218_post_render_sanity_check.png,/mnt/hdd/AudioHOI/samples_known_object/11_stick/results/benchmark_vlm_qwen/vlm/stage5/evidence/frame00218_post_render_sanity_check.png,final_render_preview,"Inspect the dark rendered object over the video. Does it accurately cover the real visible object without floating away, using the wrong angle/scale, or incorrectly covering the human? Choose pass only if alignment is visually good.",pass|overlay_shift|wrong_contact|object_jitter|depth_mismatch|render_missing|unclear,mistral_llm_schema_validated,main_body|contact_region|support_region|tip_regions|grip_bands|background|unclear,hand_on_main_body|hand_on_contact_region|body_on_support_region|floor_support|persistent_two_palm_line|no_contact|unclear,forced_choice_gate_only_no_continuous_pose_or_loss
stick,stage5,219,9.083333,post_render_sanity_check,/mnt/hdd/AudioHOI/samples_known_object/11_stick/results/benchmark_vlm_qwen/vlm/stage5/evidence/frame00219_post_render_sanity_check.png,/mnt/hdd/AudioHOI/samples_known_object/11_stick/results/benchmark_vlm_qwen/vlm/stage5/evidence/frame00219_post_render_sanity_check.png,final_render_preview,"Inspect the dark rendered object over the video. Does it accurately cover the real visible object without floating away, using the wrong angle/scale, or incorrectly covering the human? Choose pass only if alignment is visually good.",pass|overlay_shift|wrong_contact|object_jitter|depth_mismatch|render_missing|unclear,mistral_llm_schema_validated,main_body|contact_region|support_region|tip_regions|grip_bands|background|unclear,hand_on_main_body|hand_on_contact_region|body_on_support_region|floor_support|persistent_two_palm_line|no_contact|unclear,forced_choice_gate_only_no_continuous_pose_or_loss
stick,stage5,220,9.125000,post_render_sanity_check,/mnt/hdd/AudioHOI/samples_known_object/11_stick/results/benchmark_vlm_qwen/vlm/stage5/evidence/frame00220_post_render_sanity_check.png,/mnt/hdd/AudioHOI/samples_known_object/11_stick/results/benchmark_vlm_qwen/vlm/stage5/evidence/frame00220_post_render_sanity_check.png,final_render_preview,"Inspect the dark rendered object over the video. Does it accurately cover the real visible object without floating away, using the wrong angle/scale, or incorrectly covering the human? Choose pass only if alignment is visually good.",pass|overlay_shift|wrong_contact|object_jitter|depth_mismatch|render_missing|unclear,mistral_llm_schema_validated,main_body|contact_region|support_region|tip_regions|grip_bands|background|unclear,hand_on_main_body|hand_on_contact_region|body_on_support_region|floor_support|persistent_two_palm_line|no_contact|unclear,forced_choice_gate_only_no_continuous_pose_or_loss
stick,stage5,221,9.166667,post_render_sanity_check,/mnt/hdd/AudioHOI/samples_known_object/11_stick/results/benchmark_vlm_qwen/vlm/stage5/evidence/frame00221_post_render_sanity_check.png,/mnt/hdd/AudioHOI/samples_known_object/11_stick/results/benchmark_vlm_qwen/vlm/stage5/evidence/frame00221_post_render_sanity_check.png,final_render_preview,"Inspect the dark rendered object over the video. Does it accurately cover the real visible object without floating away, using the wrong angle/scale, or incorrectly covering the human? Choose pass only if alignment is visually good.",pass|overlay_shift|wrong_contact|object_jitter|depth_mismatch|render_missing|unclear,mistral_llm_schema_validated,main_body|contact_region|support_region|tip_regions|grip_bands|background|unclear,hand_on_main_body|hand_on_contact_region|body_on_support_region|floor_support|persistent_two_palm_line|no_contact|unclear,forced_choice_gate_only_no_continuous_pose_or_loss
stick,stage5,222,9.208333,post_render_sanity_check,/mnt/hdd/AudioHOI/samples_known_object/11_stick/results/benchmark_vlm_qwen/vlm/stage5/evidence/frame00222_post_render_sanity_check.png,/mnt/hdd/AudioHOI/samples_known_object/11_stick/results/benchmark_vlm_qwen/vlm/stage5/evidence/frame00222_post_render_sanity_check.png,final_render_preview,"Inspect the dark rendered object over the video. Does it accurately cover the real visible object without floating away, using the wrong angle/scale, or incorrectly covering the human? Choose pass only if alignment is visually good.",pass|overlay_shift|wrong_contact|object_jitter|depth_mismatch|render_missing|unclear,mistral_llm_schema_validated,main_body|contact_region|support_region|tip_regions|grip_bands|background|unclear,hand_on_main_body|hand_on_contact_region|body_on_support_region|floor_support|persistent_two_palm_line|no_contact|unclear,forced_choice_gate_only_no_continuous_pose_or_loss
stick,stage5,223,9.250000,post_render_sanity_check,/mnt/hdd/AudioHOI/samples_known_object/11_stick/results/benchmark_vlm_qwen/vlm/stage5/evidence/frame00223_post_render_sanity_check.png,/mnt/hdd/AudioHOI/samples_known_object/11_stick/results/benchmark_vlm_qwen/vlm/stage5/evidence/frame00223_post_render_sanity_check.png,final_render_preview,"Inspect the dark rendered object over the video. Does it accurately cover the real visible object without floating away, using the wrong angle/scale, or incorrectly covering the human? Choose pass only if alignment is visually good.",pass|overlay_shift|wrong_contact|object_jitter|depth_mismatch|render_missing|unclear,mistral_llm_schema_validated,main_body|contact_region|support_region|tip_regions|grip_bands|background|unclear,hand_on_main_body|hand_on_contact_region|body_on_support_region|floor_support|persistent_two_palm_line|no_contact|unclear,forced_choice_gate_only_no_continuous_pose_or_loss
stick,stage5,224,9.291667,post_render_sanity_check,/mnt/hdd/AudioHOI/samples_known_object/11_stick/results/benchmark_vlm_qwen/vlm/stage5/evidence/frame00224_post_render_sanity_check.png,/mnt/hdd/AudioHOI/samples_known_object/11_stick/results/benchmark_vlm_qwen/vlm/stage5/evidence/frame00224_post_render_sanity_check.png,final_render_preview,"Inspect the dark rendered object over the video. Does it accurately cover the real visible object without floating away, using the wrong angle/scale, or incorrectly covering the human? Choose pass only if alignment is visually good.",pass|overlay_shift|wrong_contact|object_jitter|depth_mismatch|render_missing|unclear,mistral_llm_schema_validated,main_body|contact_region|support_region|tip_regions|grip_bands|background|unclear,hand_on_main_body|hand_on_contact_region|body_on_support_region|floor_support|persistent_two_palm_line|no_contact|unclear,forced_choice_gate_only_no_continuous_pose_or_loss
stick,stage5,225,9.333333,post_render_sanity_check,/mnt/hdd/AudioHOI/samples_known_object/11_stick/results/benchmark_vlm_qwen/vlm/stage5/evidence/frame00225_post_render_sanity_check.png,/mnt/hdd/AudioHOI/samples_known_object/11_stick/results/benchmark_vlm_qwen/vlm/stage5/evidence/frame00225_post_render_sanity_check.png,final_render_preview,"Inspect the dark rendered object over the video. Does it accurately cover the real visible object without floating away, using the wrong angle/scale, or incorrectly covering the human? Choose pass only if alignment is visually good.",pass|overlay_shift|wrong_contact|object_jitter|depth_mismatch|render_missing|unclear,mistral_llm_schema_validated,main_body|contact_region|support_region|tip_regions|grip_bands|background|unclear,hand_on_main_body|hand_on_contact_region|body_on_support_region|floor_support|persistent_two_palm_line|no_contact|unclear,forced_choice_gate_only_no_continuous_pose_or_loss
stick,stage5,226,9.375000,post_render_sanity_check,/mnt/hdd/AudioHOI/samples_known_object/11_stick/results/benchmark_vlm_qwen/vlm/stage5/evidence/frame00226_post_render_sanity_check.png,/mnt/hdd/AudioHOI/samples_known_object/11_stick/results/benchmark_vlm_qwen/vlm/stage5/evidence/frame00226_post_render_sanity_check.png,final_render_preview,"Inspect the dark rendered object over the video. Does it accurately cover the real visible object without floating away, using the wrong angle/scale, or incorrectly covering the human? Choose pass only if alignment is visually good.",pass|overlay_shift|wrong_contact|object_jitter|depth_mismatch|render_missing|unclear,mistral_llm_schema_validated,main_body|contact_region|support_region|tip_regions|grip_bands|background|unclear,hand_on_main_body|hand_on_contact_region|body_on_support_region|floor_support|persistent_two_palm_line|no_contact|unclear,forced_choice_gate_only_no_continuous_pose_or_loss
stick,stage5,227,9.416667,post_render_sanity_check,/mnt/hdd/AudioHOI/samples_known_object/11_stick/results/benchmark_vlm_qwen/vlm/stage5/evidence/frame00227_post_render_sanity_check.png,/mnt/hdd/AudioHOI/samples_known_object/11_stick/results/benchmark_vlm_qwen/vlm/stage5/evidence/frame00227_post_render_sanity_check.png,final_render_preview,"Inspect the dark rendered object over the video. Does it accurately cover the real visible object without floating away, using the wrong angle/scale, or incorrectly covering the human? Choose pass only if alignment is visually good.",pass|overlay_shift|wrong_contact|object_jitter|depth_mismatch|render_missing|unclear,mistral_llm_schema_validated,main_body|contact_region|support_region|tip_regions|grip_bands|background|unclear,hand_on_main_body|hand_on_contact_region|body_on_support_region|floor_support|persistent_two_palm_line|no_contact|unclear,forced_choice_gate_only_no_continuous_pose_or_loss
stick,stage5,228,9.458333,post_render_sanity_check,/mnt/hdd/AudioHOI/samples_known_object/11_stick/results/benchmark_vlm_qwen/vlm/stage5/evidence/frame00228_post_render_sanity_check.png,/mnt/hdd/AudioHOI/samples_known_object/11_stick/results/benchmark_vlm_qwen/vlm/stage5/evidence/frame00228_post_render_sanity_check.png,final_render_preview,"Inspect the dark rendered object over the video. Does it accurately cover the real visible object without floating away, using the wrong angle/scale, or incorrectly covering the human? Choose pass only if alignment is visually good.",pass|overlay_shift|wrong_contact|object_jitter|depth_mismatch|render_missing|unclear,mistral_llm_schema_validated,main_body|contact_region|support_region|tip_regions|grip_bands|background|unclear,hand_on_main_body|hand_on_contact_region|body_on_support_region|floor_support|persistent_two_palm_line|no_contact|unclear,forced_choice_gate_only_no_continuous_pose_or_loss
stick,stage5,229,9.500000,post_render_sanity_check,/mnt/hdd/AudioHOI/samples_known_object/11_stick/results/benchmark_vlm_qwen/vlm/stage5/evidence/frame00229_post_render_sanity_check.png,/mnt/hdd/AudioHOI/samples_known_object/11_stick/results/benchmark_vlm_qwen/vlm/stage5/evidence/frame00229_post_render_sanity_check.png,final_render_preview,"Inspect the dark rendered object over the video. Does it accurately cover the real visible object without floating away, using the wrong angle/scale, or incorrectly covering the human? Choose pass only if alignment is visually good.",pass|overlay_shift|wrong_contact|object_jitter|depth_mismatch|render_missing|unclear,mistral_llm_schema_validated,main_body|contact_region|support_region|tip_regions|grip_bands|background|unclear,hand_on_main_body|hand_on_contact_region|body_on_support_region|floor_support|persistent_two_palm_line|no_contact|unclear,forced_choice_gate_only_no_continuous_pose_or_loss
stick,stage5,230,9.541667,post_render_sanity_check,/mnt/hdd/AudioHOI/samples_known_object/11_stick/results/benchmark_vlm_qwen/vlm/stage5/evidence/frame00230_post_render_sanity_check.png,/mnt/hdd/AudioHOI/samples_known_object/11_stick/results/benchmark_vlm_qwen/vlm/stage5/evidence/frame00230_post_render_sanity_check.png,final_render_preview,"Inspect the dark rendered object over the video. Does it accurately cover the real visible object without floating away, using the wrong angle/scale, or incorrectly covering the human? Choose pass only if alignment is visually good.",pass|overlay_shift|wrong_contact|object_jitter|depth_mismatch|render_missing|unclear,mistral_llm_schema_validated,main_body|contact_region|support_region|tip_regions|grip_bands|background|unclear,hand_on_main_body|hand_on_contact_region|body_on_support_region|floor_support|persistent_two_palm_line|no_contact|unclear,forced_choice_gate_only_no_continuous_pose_or_loss
stick,stage5,231,9.583333,post_render_sanity_check,/mnt/hdd/AudioHOI/samples_known_object/11_stick/results/benchmark_vlm_qwen/vlm/stage5/evidence/frame00231_post_render_sanity_check.png,/mnt/hdd/AudioHOI/samples_known_object/11_stick/results/benchmark_vlm_qwen/vlm/stage5/evidence/frame00231_post_render_sanity_check.png,final_render_preview,"Inspect the dark rendered object over the video. Does it accurately cover the real visible object without floating away, using the wrong angle/scale, or incorrectly covering the human? Choose pass only if alignment is visually good.",pass|overlay_shift|wrong_contact|object_jitter|depth_mismatch|render_missing|unclear,mistral_llm_schema_validated,main_body|contact_region|support_region|tip_regions|grip_bands|background|unclear,hand_on_main_body|hand_on_contact_region|body_on_support_region|floor_support|persistent_two_palm_line|no_contact|unclear,forced_choice_gate_only_no_continuous_pose_or_loss
stick,stage5,232,9.625000,post_render_sanity_check,/mnt/hdd/AudioHOI/samples_known_object/11_stick/results/benchmark_vlm_qwen/vlm/stage5/evidence/frame00232_post_render_sanity_check.png,/mnt/hdd/AudioHOI/samples_known_object/11_stick/results/benchmark_vlm_qwen/vlm/stage5/evidence/frame00232_post_render_sanity_check.png,final_render_preview,"Inspect the dark rendered object over the video. Does it accurately cover the real visible object without floating away, using the wrong angle/scale, or incorrectly covering the human? Choose pass only if alignment is visually good.",pass|overlay_shift|wrong_contact|object_jitter|depth_mismatch|render_missing|unclear,mistral_llm_schema_validated,main_body|contact_region|support_region|tip_regions|grip_bands|background|unclear,hand_on_main_body|hand_on_contact_region|body_on_support_region|floor_support|persistent_two_palm_line|no_contact|unclear,forced_choice_gate_only_no_continuous_pose_or_loss
stick,stage5,233,9.666667,post_render_sanity_check,/mnt/hdd/AudioHOI/samples_known_object/11_stick/results/benchmark_vlm_qwen/vlm/stage5/evidence/frame00233_post_render_sanity_check.png,/mnt/hdd/AudioHOI/samples_known_object/11_stick/results/benchmark_vlm_qwen/vlm/stage5/evidence/frame00233_post_render_sanity_check.png,final_render_preview,"Inspect the dark rendered object over the video. Does it accurately cover the real visible object without floating away, using the wrong angle/scale, or incorrectly covering the human? Choose pass only if alignment is visually good.",pass|overlay_shift|wrong_contact|object_jitter|depth_mismatch|render_missing|unclear,mistral_llm_schema_validated,main_body|contact_region|support_region|tip_regions|grip_bands|background|unclear,hand_on_main_body|hand_on_contact_region|body_on_support_region|floor_support|persistent_two_palm_line|no_contact|unclear,forced_choice_gate_only_no_continuous_pose_or_loss
stick,stage5,234,9.708333,post_render_sanity_check,/mnt/hdd/AudioHOI/samples_known_object/11_stick/results/benchmark_vlm_qwen/vlm/stage5/evidence/frame00234_post_render_sanity_check.png,/mnt/hdd/AudioHOI/samples_known_object/11_stick/results/benchmark_vlm_qwen/vlm/stage5/evidence/frame00234_post_render_sanity_check.png,final_render_preview,"Inspect the dark rendered object over the video. Does it accurately cover the real visible object without floating away, using the wrong angle/scale, or incorrectly covering the human? Choose pass only if alignment is visually good.",pass|overlay_shift|wrong_contact|object_jitter|depth_mismatch|render_missing|unclear,mistral_llm_schema_validated,main_body|contact_region|support_region|tip_regions|grip_bands|background|unclear,hand_on_main_body|hand_on_contact_region|body_on_support_region|floor_support|persistent_two_palm_line|no_contact|unclear,forced_choice_gate_only_no_continuous_pose_or_loss
stick,stage5,235,9.750000,post_render_sanity_check,/mnt/hdd/AudioHOI/samples_known_object/11_stick/results/benchmark_vlm_qwen/vlm/stage5/evidence/frame00235_post_render_sanity_check.png,/mnt/hdd/AudioHOI/samples_known_object/11_stick/results/benchmark_vlm_qwen/vlm/stage5/evidence/frame00235_post_render_sanity_check.png,final_render_preview,"Inspect the dark rendered object over the video. Does it accurately cover the real visible object without floating away, using the wrong angle/scale, or incorrectly covering the human? Choose pass only if alignment is visually good.",pass|overlay_shift|wrong_contact|object_jitter|depth_mismatch|render_missing|unclear,mistral_llm_schema_validated,main_body|contact_region|support_region|tip_regions|grip_bands|background|unclear,hand_on_main_body|hand_on_contact_region|body_on_support_region|floor_support|persistent_two_palm_line|no_contact|unclear,forced_choice_gate_only_no_continuous_pose_or_loss
stick,stage5,236,9.791667,post_render_sanity_check,/mnt/hdd/AudioHOI/samples_known_object/11_stick/results/benchmark_vlm_qwen/vlm/stage5/evidence/frame00236_post_render_sanity_check.png,/mnt/hdd/AudioHOI/samples_known_object/11_stick/results/benchmark_vlm_qwen/vlm/stage5/evidence/frame00236_post_render_sanity_check.png,final_render_preview,"Inspect the dark rendered object over the video. Does it accurately cover the real visible object without floating away, using the wrong angle/scale, or incorrectly covering the human? Choose pass only if alignment is visually good.",pass|overlay_shift|wrong_contact|object_jitter|depth_mismatch|render_missing|unclear,mistral_llm_schema_validated,main_body|contact_region|support_region|tip_regions|grip_bands|background|unclear,hand_on_main_body|hand_on_contact_region|body_on_support_region|floor_support|persistent_two_palm_line|no_contact|unclear,forced_choice_gate_only_no_continuous_pose_or_loss
stick,stage5,237,9.833333,post_render_sanity_check,/mnt/hdd/AudioHOI/samples_known_object/11_stick/results/benchmark_vlm_qwen/vlm/stage5/evidence/frame00237_post_render_sanity_check.png,/mnt/hdd/AudioHOI/samples_known_object/11_stick/results/benchmark_vlm_qwen/vlm/stage5/evidence/frame00237_post_render_sanity_check.png,final_render_preview,"Inspect the dark rendered object over the video. Does it accurately cover the real visible object without floating away, using the wrong angle/scale, or incorrectly covering the human? Choose pass only if alignment is visually good.",pass|overlay_shift|wrong_contact|object_jitter|depth_mismatch|render_missing|unclear,mistral_llm_schema_validated,main_body|contact_region|support_region|tip_regions|grip_bands|background|unclear,hand_on_main_body|hand_on_contact_region|body_on_support_region|floor_support|persistent_two_palm_line|no_contact|unclear,forced_choice_gate_only_no_continuous_pose_or_loss
stick,stage5,238,9.875000,post_render_sanity_check,/mnt/hdd/AudioHOI/samples_known_object/11_stick/results/benchmark_vlm_qwen/vlm/stage5/evidence/frame00238_post_render_sanity_check.png,/mnt/hdd/AudioHOI/samples_known_object/11_stick/results/benchmark_vlm_qwen/vlm/stage5/evidence/frame00238_post_render_sanity_check.png,final_render_preview,"Inspect the dark rendered object over the video. Does it accurately cover the real visible object without floating away, using the wrong angle/scale, or incorrectly covering the human? Choose pass only if alignment is visually good.",pass|overlay_shift|wrong_contact|object_jitter|depth_mismatch|render_missing|unclear,mistral_llm_schema_validated,main_body|contact_region|support_region|tip_regions|grip_bands|background|unclear,hand_on_main_body|hand_on_contact_region|body_on_support_region|floor_support|persistent_two_palm_line|no_contact|unclear,forced_choice_gate_only_no_continuous_pose_or_loss
stick,stage5,239,9.916667,post_render_sanity_check,/mnt/hdd/AudioHOI/samples_known_object/11_stick/results/benchmark_vlm_qwen/vlm/stage5/evidence/frame00239_post_render_sanity_check.png,/mnt/hdd/AudioHOI/samples_known_object/11_stick/results/benchmark_vlm_qwen/vlm/stage5/evidence/frame00239_post_render_sanity_check.png,final_render_preview,"Inspect the dark rendered object over the video. Does it accurately cover the real visible object without floating away, using the wrong angle/scale, or incorrectly covering the human? Choose pass only if alignment is visually good.",pass|overlay_shift|wrong_contact|object_jitter|depth_mismatch|render_missing|unclear,mistral_llm_schema_validated,main_body|contact_region|support_region|tip_regions|grip_bands|background|unclear,hand_on_main_body|hand_on_contact_region|body_on_support_region|floor_support|persistent_two_palm_line|no_contact|unclear,forced_choice_gate_only_no_continuous_pose_or_loss
stick,stage5,240,9.958333,post_render_sanity_check,/mnt/hdd/AudioHOI/samples_known_object/11_stick/results/benchmark_vlm_qwen/vlm/stage5/evidence/frame00240_post_render_sanity_check.png,/mnt/hdd/AudioHOI/samples_known_object/11_stick/results/benchmark_vlm_qwen/vlm/stage5/evidence/frame00240_post_render_sanity_check.png,final_render_preview,"Inspect the dark rendered object over the video. Does it accurately cover the real visible object without floating away, using the wrong angle/scale, or incorrectly covering the human? Choose pass only if alignment is visually good.",pass|overlay_shift|wrong_contact|object_jitter|depth_mismatch|render_missing|unclear,mistral_llm_schema_validated,main_body|contact_region|support_region|tip_regions|grip_bands|background|unclear,hand_on_main_body|hand_on_contact_region|body_on_support_region|floor_support|persistent_two_palm_line|no_contact|unclear,forced_choice_gate_only_no_continuous_pose_or_loss
