factor_id,residual_index,value,squared_error
point_reprojection:measurement_ir,0,0.0012282127997650604,1.5085066815067284e-06
point_reprojection:measurement_ir,1,-0.05353880472498531,0.0028664036113801093
point_reprojection:measurement_ir,2,0.00059210296690253021,3.505859234147788e-07
point_reprojection:measurement_ir,3,0.032724046148655359,0.0010708631963393257
point_reprojection:measurement_ir,4,-0.0068918555490427025,4.749767290887069e-05
point_reprojection:measurement_ir,5,0.016725192321496253,0.00027973205819103721
point_reprojection:measurement_ir,6,0.0072595072406102194,5.27004453764722e-05
point_reprojection:measurement_ir,7,-0.0079486899716698645,6.3181672265725066e-05
point_reprojection:measurement_ir,8,0.0017471269650059184,3.0524526318507915e-06
point_reprojection:measurement_ir,9,0.011037809493313944,0.00012183323841069143
point_reprojection:measurement_ir,10,-0.0087767051681566961,7.7030553608748456e-05
point_reprojection:measurement_ir,11,-0.0010938919378645552,1.1965995717250718e-06
point_reprojection:measurement_ir,12,0.015602553438156974,0.00024343967379054403
point_reprojection:measurement_ir,13,-0.010511991706550816,0.00011050196963859314
point_reprojection:measurement_ir,14,-0.02472561931508608,0.00061135625051455785
point_reprojection:measurement_ir,15,-0.0043920617784351636,1.9290206665591053e-05
point_reprojection:measurement_ir,16,-0.0055531947626832334,3.0837972072292495e-05
point_reprojection:measurement_ir,17,0.083785833084357358,0.0070200658256397925
point_reprojection:measurement_ir,18,0.051657720654498009,0.0026685201032181504
point_reprojection:measurement_ir,19,0.18453745021063242,0.034054070530241641
point_reprojection:measurement_ir,20,-0.056923837605768315,0.0032403232877678831
point_reprojection:measurement_ir,21,-0.5678223480103497,0.32242221889998668
point_reprojection:measurement_ir,22,0.037812359908798499,0.001429774561872512
point_reprojection:measurement_ir,23,0.2146357412683301,0.046068501429805543
point_reprojection:measurement_ir,24,-0.0082644829901255441,6.8301679094074453e-05
point_reprojection:measurement_ir,25,0.027763854082922989,0.00077083159353783957
point_reprojection:measurement_ir,26,-0.017963497256073425,0.00032268723366895744
point_reprojection:measurement_ir,27,0.024881123563125128,0.00061907030976350043
point_reprojection:measurement_ir,28,-0.068146430024921753,0.0046439359251415572
point_reprojection:measurement_ir,29,0.066902776032179645,0.0044759814408119915
point_reprojection:measurement_ir,30,0.11468715873725159,0.013153144379223543
point_reprojection:measurement_ir,31,-0.033725512169530701,0.0011374101710971635
point_reprojection:measurement_ir,32,0.047741291230772732,0.0022792308883814575
point_reprojection:measurement_ir,33,-0.16868157250122523,0.028453472901486105
point_reprojection:measurement_ir,34,-0.07522613097694375,0.0056589707817602964
point_reprojection:measurement_ir,35,0.094051165045902968,0.0088456216464916811
point_reprojection:measurement_ir,36,-0.008019378566928026,6.4310432599704606e-05
point_reprojection:measurement_ir,37,0.030663277233804818,0.00094023657071717285
point_reprojection:measurement_ir,38,-0.012950231250556499,0.00016770848944289014
point_reprojection:measurement_ir,39,0.0043904500430812735,1.9276051580792358e-05
point_reprojection:measurement_ir,40,0.018618114116770813,0.00034663417326510063
point_reprojection:measurement_ir,41,-0.0066943285674369692,4.4814034968802703e-05
point_reprojection:measurement_ir,42,0.00066648566971707626,4.4420314793821965e-07
point_reprojection:measurement_ir,43,-0.0033703310884447999,1.135913164573751e-05
point_reprojection:measurement_ir,44,0.030956810471889185,0.00095832411459246787
point_reprojection:measurement_ir,45,0.039193767688306028,0.0015361514256049017
point_reprojection:measurement_ir,46,-0.050593538127077411,0.0025597061002160357
point_reprojection:measurement_ir,47,-0.017783855908567146,0.00031626553097667862
point_reprojection:measurement_ir,48,-0.0072183325218929898,5.2104324396618008e-05
point_reprojection:measurement_ir,49,-0.068835283156943206,0.0047382962072965492
point_reprojection:measurement_ir,50,0.011685842709607642,0.00013655891983369007
point_reprojection:measurement_ir,51,0.028350677721499552,0.00080376092726833106
point_reprojection:measurement_ir,52,0.015426741850092185,0.00023798436410938566
point_reprojection:measurement_ir,53,0.022737601916020367,0.00051699854089141311
point_reprojection:measurement_ir,54,-0.020984508237097542,0.00044034958595281457
point_reprojection:measurement_ir,55,-0.0061958352637020656,3.8388374614934043e-05
point_reprojection:measurement_ir,56,0.029360501561586715,0.00086203905194793596
point_reprojection:measurement_ir,57,0.018545948797645907,0.00034395221680490369
point_reprojection:measurement_ir,58,-0.0078277460530898676,6.1273608271664003e-05
point_reprojection:measurement_ir,59,-0.032407893306600502,0.0010502715485720016
point_reprojection:measurement_ir,60,0.0024949313755769252,6.2246825688381681e-06
point_reprojection:measurement_ir,61,-0.018988822429702169,0.00036057537726676017
point_reprojection:measurement_ir,62,-0.022940515691880138,0.00052626726020939881
point_reprojection:measurement_ir,63,0.061158963171567396,0.003740418776221137
point_reprojection:measurement_ir,64,0.026361450768627039,0.00069492608662674712
point_reprojection:measurement_ir,65,0.0082102527390702559,6.7408250039410633e-05
point_reprojection:measurement_ir,66,-0.0070471560962687366,4.9662409045177619e-05
point_reprojection:measurement_ir,67,-0.1681894794567711,0.028287700999939627
point_reprojection:measurement_ir,68,-0.025381255088109355,0.00064420810984767703
point_reprojection:measurement_ir,69,0.37092145669795401,0.13758272703893218
point_reprojection:measurement_ir,70,0.026147579046187273,0.00068369588997661173
point_reprojection:measurement_ir,71,-0.47008927391575528,0.22098392545064199
point_reprojection:measurement_ir,72,0.000299310183140733,8.9586585731739134e-08
point_reprojection:measurement_ir,73,0.44039092776698679,0.19394416925946739
point_reprojection:measurement_ir,74,0.0059992589870944361,3.5991108394233362e-05
point_reprojection:measurement_ir,75,-0.3439496358544602,0.11830135200441577
point_reprojection:measurement_ir,76,-0.0098724184862703616,9.7464646768052784e-05
point_reprojection:measurement_ir,77,0.14764289432363284,0.021798424244259415
point_reprojection:measurement_ir,78,-0.003095489940005791,9.5820579686770547e-06
point_reprojection:measurement_ir,79,-0.016601747545018954,0.00027561802154854283
point_reprojection:measurement_ir,80,0.0036891728511818656,1.3609996325897335e-05
point_reprojection:measurement_ir,81,-0.0004667834847850827,2.1788682166810553e-07
point_reprojection:measurement_ir,82,8.0113805370274346e-05,6.4182218109061989e-09
point_reprojection:measurement_ir,83,-0.0042788589950646383,1.8308634299645565e-05
point_reprojection:measurement_ir,84,-0.0010775238782343877,1.1610577081652755e-06
point_reprojection:measurement_ir,85,0.0071439077062109392,5.1035417314860045e-05
point_reprojection:measurement_ir,86,-0.0016093491814217487,2.5900047877428524e-06
point_reprojection:measurement_ir,87,-0.00061843596931794305,3.8246304814622382e-07
point_reprojection:measurement_ir,88,-0.042964122376315569,0.0018459158115670202
point_reprojection:measurement_ir,89,0.038177415990230654,0.0014575150916911193
point_reprojection:measurement_ir,90,0.0095299991346337268,9.0820883506119584e-05
point_reprojection:measurement_ir,91,0.0097906530605087021,9.5856887351248413e-05
point_reprojection:measurement_ir,92,0.13141521944023679,0.01726995990052559
point_reprojection:measurement_ir,93,-0.1130971335815957,0.012790961624373303
point_reprojection:measurement_ir,94,-0.11669042262431048,0.013616654732240191
point_reprojection:measurement_ir,95,0.040269113144881886,0.0016216014734752992
point_reprojection:measurement_ir,96,0.044727660235616896,0.0020005635901527851
point_reprojection:measurement_ir,97,0.00856515239173632,7.3361835493666403e-05
point_reprojection:measurement_ir,98,-0.023419592626510166,0.00054847731879168935
point_reprojection:measurement_ir,99,0.013085368623558224,0.00017122687201440206
point_reprojection:measurement_ir,100,0.0058055676397771091,3.3704615620027152e-05
point_reprojection:measurement_ir,101,0.006814630260146259,4.6439185582501068e-05
point_reprojection:measurement_ir,102,0.068600102089499154,0.004705974006689706
point_reprojection:measurement_ir,103,0.072820944137862401,0.0053028899051296759
point_reprojection:measurement_ir,104,-0.12624646184870017,0.015938169129315307
point_reprojection:measurement_ir,105,-0.099723963260504436,0.009944868848382438
point_reprojection:measurement_ir,106,-0.0014345703991693881,2.0579922301730175e-06
point_reprojection:measurement_ir,107,-0.062735831143407944,0.0039357845092541938
point_reprojection:measurement_ir,108,0.049098752420445632,0.0024106874892442158
point_reprojection:measurement_ir,109,0.083359796442044859,0.006948855662859155
point_reprojection:measurement_ir,110,0.00038863355105149821,1.5103603700289747e-07
point_reprojection:measurement_ir,111,0.0084492089375999054,7.1389131671218122e-05
point_reprojection:measurement_ir,112,0.0049568939901519114,2.4570798029604137e-05
point_reprojection:measurement_ir,113,-0.0091981511953235888,8.4605985412032769e-05
point_reprojection:measurement_ir,114,-0.0041025340788564792,1.683078586817878e-05
point_reprojection:measurement_ir,115,-0.0047609643734062958,2.2666781764844001e-05
point_reprojection:measurement_ir,116,-0.012215419812673645,0.00014921648119985983
point_reprojection:measurement_ir,117,0.0057184171803669418,3.2700295048715808e-05
point_reprojection:measurement_ir,118,0.019298373028300377,0.00037242720153943146
point_reprojection:measurement_ir,119,7.6847161233217781e-05,5.9054861896041695e-09
point_reprojection:measurement_ir,120,-0.0082233677557269399,6.7623777245929523e-05
point_reprojection:measurement_ir,121,0.0056073420249276749,3.144228458452e-05
point_reprojection:measurement_ir,122,0.0073588931740687256,5.4153308747355286e-05
point_reprojection:measurement_ir,123,-0.0011082092442393332,1.2281277290175139e-06
point_reprojection:measurement_ir,124,-0.031273730624161541,0.00097804622715261941
point_reprojection:measurement_ir,125,0.040460829850269421,0.0016370787521724529
point_reprojection:measurement_ir,126,0.023602128827656089,0.00055706048519727457
point_reprojection:measurement_ir,127,0.15694787329035761,0.024632634930366149
point_reprojection:measurement_ir,128,0.0019165564362083388,3.6731885731716082e-06
point_reprojection:measurement_ir,129,-0.21413445812963799,0.045853566158473684
point_reprojection:measurement_ir,130,0.027473752150285691,0.00075480705721532766
point_reprojection:measurement_ir,131,-0.20135524317998943,0.040543933956072677
point_reprojection:measurement_ir,132,-0.029654855562239391,0.00087941045841728055
point_reprojection:measurement_ir,133,0.16054126353762968,0.025773497298258664
point_reprojection:measurement_ir,134,0.016747939294282331,0.00028049347060496617
point_reprojection:measurement_ir,135,0.057501499720194714,0.0033064224700715527
point_reprojection:measurement_ir,136,-0.011742301037975267,0.00013788163366643504
point_reprojection:measurement_ir,137,-0.0052517283261749982,2.7580650411948848e-05
point_reprojection:measurement_ir,138,-0.0032434796388770338,1.0520160167809894e-05
point_reprojection:measurement_ir,139,-0.0045055911689360073,2.0300351781594135e-05
point_reprojection:measurement_ir,140,-0.006648452010972505,4.4201914142204349e-05
point_reprojection:measurement_ir,141,0.0023437924000063504,5.4933628143275279e-06
point_reprojection:measurement_ir,142,-0.042235200156142128,0.0017838121322293881
point_reprojection:measurement_ir,143,0.066964457830806623,0.0044842386125738785
point_reprojection:measurement_ir,144,0.030992277312452642,0.00096052125301196673
point_reprojection:measurement_ir,145,0.0029785486472292178,8.8717520439110035e-06
point_reprojection:measurement_ir,146,-0.032068182383159186,0.0010283683213595611
point_reprojection:measurement_ir,147,-0.043904084986365888,0.0019275686784900386
point_reprojection:measurement_ir,148,0.097289961009823858,0.0094653365132930465
point_reprojection:measurement_ir,149,-0.11364347202517137,0.012914838733935908
point_reprojection:measurement_ir,150,0.027598466899644337,0.00076167537521076411
point_reprojection:measurement_ir,151,-0.018203617469373511,0.00033137168897128048
point_reprojection:measurement_ir,152,-0.070293644894991306,0.0049411965126231376
point_reprojection:measurement_ir,153,0.11376989296730926,0.012943588545793005
point_reprojection:measurement_ir,154,-0.014216072419094417,0.00020209671502493699
point_reprojection:measurement_ir,155,-0.01775597342805213,0.00031527459237769328
point_reprojection:measurement_ir,156,0.013761795766004069,0.00018938702270520754
point_reprojection:measurement_ir,157,0.013772603862173582,0.00018968461714435867
point_reprojection:measurement_ir,158,-0.0039816488954329543,1.5853527926502467e-05
point_reprojection:measurement_ir,159,-0.012737247741438296,0.00016223748002677497
point_reprojection:measurement_ir,160,4.5477259232029613e-05,2.0681811072572225e-09
point_reprojection:measurement_ir,161,0.011453816609548539,0.00013118991492516998
point_reprojection:measurement_ir,162,-0.015996254076094375,0.00025588014446696589
point_reprojection:measurement_ir,163,0.042882174526926067,0.001838880892157747
point_reprojection:measurement_ir,164,-0.072670100821187592,0.0052809435533615699
point_reprojection:measurement_ir,165,0.20390400638253822,0.041576843818850191
point_reprojection:measurement_ir,166,0.14543328888555607,0.021150841516069607
point_reprojection:measurement_ir,167,-0.35680249125845193,0.12730801776823766
point_reprojection:measurement_ir,168,0.048329154168322931,0.0023357071426255258
point_reprojection:measurement_ir,169,-0.11437156454510386,0.013080854776494859
point_reprojection:measurement_ir,170,-0.10622960491800768,0.011284728961036
point_reprojection:measurement_ir,171,0.18196473750175529,0.033111165694082706
point_reprojection:measurement_ir,172,-0.0039479539830608703,1.5586340652366192e-05
point_reprojection:measurement_ir,173,0.036658837023378507,0.0013438703319066268
point_reprojection:measurement_ir,174,0.12475145904095371,0.015562926532846751
point_reprojection:measurement_ir,175,0.03169997508518918,0.0010048884204016148
point_reprojection:measurement_ir,176,-0.24592105682181681,0.060477166188359251
point_reprojection:measurement_ir,177,-0.018051033938695581,0.00032583982625593967
point_reprojection:measurement_ir,178,0.067154488837422838,0.0045097253710155482
point_reprojection:measurement_ir,179,-0.066868121587037879,0.0044713456845788813
point_reprojection:measurement_ir,180,0.049915367282528676,0.0024915438909497343
point_reprojection:measurement_ir,181,0.034797406384342366,0.0012108594910770708
point_reprojection:measurement_ir,182,0.02069297893235671,0.00042819937709495865
point_reprojection:measurement_ir,183,0.01569844509567133,0.00024644117842180724
point_reprojection:measurement_ir,184,-0.010907825728440911,0.0001189806621220375
point_reprojection:measurement_ir,185,-0.0017785165024520211,3.1631209494941699e-06
point_reprojection:measurement_ir,186,-0.0066107885853853073,4.3702525720660672e-05
point_reprojection:measurement_ir,187,-0.016079443378953329,0.00025854849937696604
point_reprojection:measurement_ir,188,-0.00082058054779281524,6.7335243541595673e-07
point_reprojection:measurement_ir,189,-0.0058992840124972188,3.480155186010529e-05
point_reprojection:measurement_ir,190,0.00097041035189704417,9.4169625106894507e-07
point_reprojection:measurement_ir,191,0.087667482764743454,0.007685587534306591
point_reprojection:measurement_ir,192,0.012712876072191648,0.00016161721802690295
point_reprojection:measurement_ir,193,0.11468005761205405,0.013151515613904036
point_reprojection:measurement_ir,194,-0.012909401813431032,0.0001666526551806164
point_reprojection:measurement_ir,195,-0.33364726021384283,0.11132049424820376
point_reprojection:measurement_ir,196,-0.0064273327660430372,4.1310606485450439e-05
point_reprojection:measurement_ir,197,0.011315718399384878,0.00012804548289417747
point_reprojection:measurement_ir,198,0.017229782341337339,0.00029686539952985999
point_reprojection:measurement_ir,199,0.11082158680233078,0.012281424101386537
point_reprojection:measurement_ir,200,-0.011560491256204841,0.0001336449580847886
point_reprojection:measurement_ir,201,0.010028812735652082,0.0001005770848867774
point_reprojection:measurement_ir,202,0.005970828634849568,3.5650794586739558e-05
point_reprojection:measurement_ir,203,-0.010400649676034846,0.00010817351368360375
point_reprojection:measurement_ir,204,-0.007449129443034508,5.5489529459083601e-05
point_reprojection:measurement_ir,205,-0.0029500190596763788,8.7026124524539057e-06
point_reprojection:measurement_ir,206,0.010119460326382067,0.00010240347729722066
point_reprojection:measurement_ir,207,-0.00024872781202702756,6.186552447575236e-08
point_reprojection:measurement_ir,208,-0.0081298011439685063,6.6093666640471631e-05
point_reprojection:measurement_ir,209,0.00084865060596257531,7.2020785100064629e-07
point_reprojection:measurement_ir,210,0.0032277384796771001,1.0418295693188238e-05
point_reprojection:measurement_ir,211,0.0072832246945495173,5.3045361951295912e-05
point_reprojection:measurement_ir,212,-0.0074652509602856302,5.5729971900045525e-05
point_reprojection:measurement_ir,213,0.02933244816996421,0.0008603925156436367
point_reprojection:measurement_ir,214,-0.016085627505299273,0.0002587474122392405
point_reprojection:measurement_ir,215,0.15422497420046283,0.023785342667133426
point_reprojection:measurement_ir,216,0.026945372291902459,0.00072605308794922478
point_reprojection:measurement_ir,217,-0.065254753736837756,0.0042581828852553414
point_reprojection:measurement_ir,218,0.011440256940363724,0.00013087947886154035
point_reprojection:measurement_ir,219,-0.36915542658714456,0.13627572897873669
point_reprojection:measurement_ir,220,-0.0069536731892185346,4.8353570822456668e-05
point_reprojection:measurement_ir,221,0.17034699021753569,0.029018097076173199
point_reprojection:measurement_ir,222,-0.011975707772603528,0.00014341757665479657
point_reprojection:measurement_ir,223,0.069061335143112496,0.0047694680117493053
point_reprojection:measurement_ir,224,0.0085185390507376731,7.2565507558942691e-05
point_reprojection:measurement_ir,225,-0.00095981568853176213,9.2124615595170059e-07
point_reprojection:measurement_ir,226,-0.040101897473846293,0.0016081621810028798
point_reprojection:measurement_ir,227,0.016037523257148224,0.00025720215222357017
point_reprojection:measurement_ir,228,-0.020638906461749686,0.0004259644599368529
point_reprojection:measurement_ir,229,-0.0047711034064377598,2.2763427714921994e-05
point_reprojection:measurement_ir,230,0.19390902030086182,0.037600708154040041
point_reprojection:measurement_ir,231,0.091005050947501331,0.0082819192979573138
point_reprojection:measurement_ir,232,-0.18872375214627937,0.035616654624170289
point_reprojection:measurement_ir,233,-0.1723663103211493,0.029710144933726739
point_reprojection:measurement_ir,234,0.015756184799124641,0.00024825735942416642
point_reprojection:measurement_ir,235,0.0067448233588265792,4.5492642141772655e-05
point_reprojection:measurement_ir,236,0.079318171724844427,0.0062913723657719101
point_reprojection:measurement_ir,237,0.050241506465613386,0.0025242089719342718
point_reprojection:measurement_ir,238,-0.04671960905159267,0.0021827218699336597
point_reprojection:measurement_ir,239,0.021600091550396883,0.00046656395498552683
point_reprojection:measurement_ir,240,0.0084984260221517612,7.2223244853986211e-05
point_reprojection:measurement_ir,241,-0.0074035183864111787,5.4812084497928385e-05
point_reprojection:measurement_ir,242,-0.0064823947359855085,4.202144151313263e-05
point_reprojection:measurement_ir,243,-0.00096529414341830491,9.3179278331767896e-07
point_reprojection:measurement_ir,244,0.063333765711377055,0.0040111658791835998
point_reprojection:measurement_ir,245,0.04367127261917858,0.0019071800521786168
point_reprojection:measurement_ir,246,-0.079367666794655636,0.006299226532427483
point_reprojection:measurement_ir,247,-0.024734491439198793,0.00061179506675579842
point_reprojection:measurement_ir,248,-0.04038782907116456,0.0016311767370816052
point_reprojection:measurement_ir,249,-0.093765859978481109,0.008792036497504126
point_reprojection:measurement_ir,250,0.056893182290787082,0.0032368341911727288
point_reprojection:measurement_ir,251,0.076855192471913372,0.0059067206098948498
point_reprojection:measurement_ir,252,-0.0058197657219125178,3.3869673057947928e-05
point_reprojection:measurement_ir,253,-0.0078790340812872721,6.2079178054086367e-05
point_reprojection:measurement_ir,254,0.0059744387223872762,3.569391804756051e-05
point_reprojection:measurement_ir,255,0.011647753015239459,0.00013567015030401992
point_reprojection:measurement_ir,256,-0.0022327608459818292,4.9852209953494936e-06
point_reprojection:measurement_ir,257,-0.012653878968103527,0.00016012065293941277
point_reprojection:measurement_ir,258,0.0025795850428721677,6.6542589934098036e-06
point_reprojection:measurement_ir,259,0.0076083815868855705,5.7887470371659391e-05
point_reprojection:measurement_ir,260,-0.0041433568726233719,1.716740617391533e-05
point_reprojection:measurement_ir,261,-0.0029964731584641415,8.9788513893960678e-06
point_reprojection:measurement_ir,262,0.003723221175346225,1.3862375920546525e-05
point_reprojection:measurement_ir,263,-0.0011349431948588062,1.2880960555563141e-06
point_reprojection:measurement_ir,264,-0.014156349653239886,0.00020040223550478505
point_reprojection:measurement_ir,265,0.042475406507287518,0.0018041601579593229
point_reprojection:measurement_ir,266,0.013863778415293381,0.00019220435194835467
point_reprojection:measurement_ir,267,-0.051819663617482095,0.0026852775374289974
point_reprojection:measurement_ir,268,0.014232472295543631,0.00020256326764341698
point_reprojection:measurement_ir,269,-0.023559341529994525,0.00055504257332692473
point_reprojection:measurement_ir,270,-0.01893487170739263,0.00035852936657541787
point_reprojection:measurement_ir,271,0.029212383886715543,0.0008533633723448379
point_reprojection:measurement_ir,272,0.0084631034129643012,7.1624119378528009e-05
point_reprojection:measurement_ir,273,-0.00042504657635618061,1.8066459207211047e-07
point_reprojection:measurement_ir,274,-0.0035222536855826548,1.2406271025600596e-05
point_reprojection:measurement_ir,275,0.0095123324382711868,9.0484468416186261e-05
point_reprojection:measurement_ir,276,-0.0029088153698467066,8.4612068558564329e-06
point_reprojection:measurement_ir,277,-0.0099380327880226101,9.8764495695812459e-05
point_reprojection:measurement_ir,278,0.0035488007962385382,1.2593987091383282e-05
point_reprojection:measurement_ir,279,0.010370967123265018,0.00010755695907184389
point_reprojection:measurement_ir,280,0.00029979223752434335,8.9875385679852304e-08
point_reprojection:measurement_ir,281,0.0056727510742234696,3.218010475010353e-05
point_reprojection:measurement_ir,282,-0.0065344079322585454,4.26984870251634e-05
point_reprojection:measurement_ir,283,-0.041305495232916198,0.0017061439364364627
point_reprojection:measurement_ir,284,0.0092428445804443975,8.5430175938250365e-05
point_reprojection:measurement_ir,285,0.057408684989036375,0.0032957571121704104
point_reprojection:measurement_ir,286,-0.0053723366260328472,2.8862000823413995e-05
point_reprojection:measurement_ir,287,-0.037904555272814375,0.0014367553104298401
point_reprojection:measurement_ir,288,-4.7215075687745413e-05,2.229263372199528e-09
point_reprojection:measurement_ir,289,-0.0032295350219328613,1.0429896457890887e-05
point_reprojection:measurement_ir,290,0.0019228615788279058,3.6973966513325466e-06
point_reprojection:measurement_ir,291,0.018852751208555674,0.00035542622813169739
point_reprojection:measurement_ir,292,-0.0010202255379908819,1.0408601483687845e-06
point_reprojection:measurement_ir,293,0.00022387606911706827,5.0120494323310325e-08
point_reprojection:measurement_ir,294,0.00054565192585869231,2.9773602419329985e-07
point_reprojection:measurement_ir,295,-0.0098484276023441449,9.6991526238614039e-05
point_reprojection:measurement_ir,296,-0.0082283346605663606,6.7705491286277722e-05
point_reprojection:measurement_ir,297,0.024878030778916128,0.00061891641543669823
point_reprojection:measurement_ir,298,0.0089334843531560185,7.9807142688083412e-05
point_reprojection:measurement_ir,299,-0.041200351474719808,0.0016974689616404467
point_reprojection:measurement_ir,300,0.010597192398086009,0.0001123004867220519
point_reprojection:measurement_ir,301,0.015618964250859336,0.00024395204426962193
point_reprojection:measurement_ir,302,-0.009165902300719609,8.4013764986337023e-05
point_reprojection:measurement_ir,303,-0.0075854884699879223,5.7539635328319711e-05
point_reprojection:measurement_ir,304,0.00048316954305391844,2.3345280733493235e-07
point_reprojection:measurement_ir,305,0.014999045034409164,0.0002249713519442342
point_reprojection:measurement_ir,306,-0.0059535074812629317,3.5444251329453697e-05
point_reprojection:measurement_ir,307,-0.0049427056019851531,2.4430338667895416e-05
point_reprojection:measurement_ir,308,-0.00067989827298333696,4.6226166160572417e-07
point_reprojection:measurement_ir,309,3.9652745414286983e-05,1.5723402188902573e-09
point_reprojection:measurement_ir,310,0.021442382133886894,0.00045977575157563186
point_reprojection:measurement_ir,311,0.0093403354028168909,8.7241865437114578e-05
point_reprojection:measurement_ir,312,0.022508527562649761,0.00050663381303856392
point_reprojection:measurement_ir,313,0.033303627821675265,0.0011091316260846628
point_reprojection:measurement_ir,314,-0.086754750635509484,0.0075263867578294332
point_reprojection:measurement_ir,315,-0.068838251059025884,0.0047387048088654779
point_reprojection:measurement_ir,316,0.022717335213314982,0.00051607731919412088
point_reprojection:measurement_ir,317,-0.01613548229652224,0.00026035378894138261
point_reprojection:measurement_ir,318,0.029441616994290598,0.00086680881123850091
point_reprojection:measurement_ir,319,0.059537891112393028,0.0035447604781111688
point_reprojection:measurement_ir,320,0.0010561177560703071,1.1153847146869808e-06
point_reprojection:measurement_ir,321,-0.015239023371231042,0.0002322278333089259
point_reprojection:measurement_ir,322,-0.016992021316059435,0.00028872878840541824
point_reprojection:measurement_ir,323,-0.0045215241929668082,2.0444181027584148e-05
point_reprojection:measurement_ir,324,0.017896796177592478,0.00032029531342228873
point_reprojection:measurement_ir,325,0.010858844439962923,0.00011791450257131369
point_reprojection:measurement_ir,326,-0.013676191421518524,0.00018703821179801686
point_reprojection:measurement_ir,327,-0.016420226212676425,0.00026962382887546596
point_reprojection:measurement_ir,328,0.0037445387924663009,1.4021570768284983e-05
point_reprojection:measurement_ir,329,0.020757161885080679,0.00043085976952344607
point_reprojection:measurement_ir,330,-0.00025363984043451636,6.4333168655646923e-08
point_reprojection:measurement_ir,331,-0.01770271691605103,0.00031338618620983929
point_reprojection:measurement_ir,332,-0.0044724517782469778,2.0002824908744556e-05
point_reprojection:measurement_ir,333,0.012641708173384813,0.00015981278554102438
point_reprojection:measurement_ir,334,0.010268872722599553,0.00010544974699294916
point_reprojection:measurement_ir,335,-0.014182883089688403,0.00020115417273576926
point_reprojection:measurement_ir,336,-0.0057296022913305936,3.2828342416820787e-05
point_reprojection:measurement_ir,337,0.0136572868584949,0.00018652148433521748
point_reprojection:measurement_ir,338,0.001222675176586563,1.494934587440983e-06
point_reprojection:measurement_ir,339,-0.01051570327636,0.00011058001539644844
point_reprojection:measurement_ir,340,-0.0028827445225260819,8.310215982154128e-06
point_reprojection:measurement_ir,341,0.012130701401781607,0.00014715391649918624
point_reprojection:measurement_ir,342,0.012491670983945369,0.00015604184397114267
point_reprojection:measurement_ir,343,-0.027969189719908628,0.00078227557358824247
point_reprojection:measurement_ir,344,-0.019931681705224948,0.00039727193559839887
point_reprojection:measurement_ir,345,0.057707406519352841,0.003330144767189847
point_reprojection:measurement_ir,346,0.024418980578798256,0.00059628661250772641
point_reprojection:measurement_ir,347,-0.070467662996668429,0.0049656915282120326
point_reprojection:measurement_ir,348,-0.064356212527059142,0.0041417220908280044
point_reprojection:measurement_ir,349,0.24760489668603897,0.061308184862904028
point_reprojection:measurement_ir,350,0.037729049822382878,0.0014234812004998495
point_reprojection:measurement_ir,351,-0.11310163576183641,0.012791980012003112
point_reprojection:measurement_ir,352,0.062106121460919893,0.0038571703229185344
point_reprojection:measurement_ir,353,-0.34727395470692957,0.12059919961779057
point_reprojection:measurement_ir,354,-0.04112039761230335,0.001690887099793923
point_reprojection:measurement_ir,355,0.22768753155748983,0.05184161202674293
point_reprojection:measurement_ir,356,-0.02635104612666055,0.000694377631969392
point_reprojection:measurement_ir,357,-0.019641270908186924,0.00038577952288878999
point_reprojection:measurement_ir,358,0.030044047680326001,0.00090264480101770223
point_reprojection:measurement_ir,359,0.039427404736579776,0.0015545202442620732
point_reprojection:measurement_ir,360,-0.010807894296863196,0.00011681057913216799
point_reprojection:measurement_ir,361,-0.010675605551421085,0.0001139685538895327
point_reprojection:measurement_ir,362,0.0020700095898973812,4.2849397022671242e-06
point_reprojection:measurement_ir,363,0.0029182769190470026,8.516340176242465e-06
point_reprojection:measurement_ir,364,-0.0067820781561067633,4.5996584115540514e-05
point_reprojection:measurement_ir,365,-0.014142334904875042,0.00020000563656164699
point_reprojection:measurement_ir,366,0.011180635452365095,0.00012500660911868322
point_reprojection:measurement_ir,367,0.016025208810594903,0.00025680731742316849
point_reprojection:measurement_ir,368,-0.020226277940128056,0.00040910231931131085
point_reprojection:measurement_ir,369,-0.0058857486116949079,3.4642036720068539e-05
point_reprojection:measurement_ir,370,0.02498277459376368,0.000624139026402804
point_reprojection:measurement_ir,371,0.00074873953982432793,5.606108984963464e-07
point_reprojection:measurement_ir,372,-0.016790368246211072,0.0002819164658433731
point_reprojection:measurement_ir,373,-0.006630234134820512,4.3960004682539105e-05
point_reprojection:measurement_ir,374,0.010064447649938302,0.0001012931064983486
point_reprojection:measurement_ir,375,0.00096267502892715133,9.2674321131989163e-07
point_reprojection:measurement_ir,376,-0.014535875902606677,0.00021129168825598148
point_reprojection:measurement_ir,377,0.018069191097958993,0.00032649566693456053
point_reprojection:measurement_ir,378,0.019017785310870748,0.00036167615813037122
point_reprojection:measurement_ir,379,0.071363872027359318,0.0050928022307373177
point_reprojection:measurement_ir,380,-0.02819999899386403,0.00079523994325393231
point_reprojection:measurement_ir,381,0.16333154475973971,0.026677193513602857
point_reprojection:measurement_ir,382,0.015466041312174638,0.00023919843386989261
point_reprojection:measurement_ir,383,-0.26891874358595941,0.072317290651850982
point_reprojection:measurement_ir,384,0.02555751582181074,0.0006531866149821063
point_reprojection:measurement_ir,385,-0.18974861312058239,0.036004536181184453
point_reprojection:measurement_ir,386,-0.040508763421871666,0.0016409599139691679
point_reprojection:measurement_ir,387,0.15562747306023539,0.024219910371114293
point_reprojection:measurement_ir,388,0.019457987230657635,0.00037861326706843559
point_reprojection:measurement_ir,389,0.061468277364122061,0.0037783491221126406
point_reprojection:measurement_ir,390,0.0038297394418123076,1.4666904192172846e-05
point_reprojection:measurement_ir,391,-0.0089051661787493686,7.9301984671141626e-05
point_reprojection:measurement_ir,392,-0.020037929319823889,0.00040151861142625789
point_reprojection:measurement_ir,393,0.016443331367679549,0.00027038314646731415
point_reprojection:measurement_ir,394,-0.078921938431449234,0.0062286723657774641
point_reprojection:measurement_ir,395,0.10814493516535321,0.01169532700191845
point_reprojection:measurement_ir,396,0.17851160785201045,0.031866394137909961
point_reprojection:measurement_ir,397,-0.15628786348815993,0.024425896273693713
point_reprojection:measurement_ir,398,-0.046241917267570896,0.0021383149125808716
point_reprojection:measurement_ir,399,-0.059181052998735592,0.0035023970340391508
point_reprojection:measurement_ir,400,-0.022184322681960113,0.00049214417285732993
point_reprojection:measurement_ir,401,0.074851259885008403,0.0056027111063730681
point_reprojection:measurement_ir,402,-0.020217487342256389,0.0004087467944342973
point_reprojection:measurement_ir,403,0.016528968656746201,0.00027320680485569832
point_reprojection:measurement_ir,404,0.0053057706969411814,2.8151202688519711e-05
point_reprojection:measurement_ir,405,0.022701974543531379,0.00051537964817514675
point_reprojection:measurement_ir,406,-0.01263681488903785,0.00015968909053980869
point_reprojection:measurement_ir,407,-0.025112604750398761,0.00063064291734975036
point_reprojection:measurement_ir,408,0.024742561106245377,0.00061219433009628639
point_reprojection:measurement_ir,409,0.013182164563983179,0.00017376946259193383
point_reprojection:measurement_ir,410,0.006492226751902308,4.2149008198115993e-05
point_reprojection:measurement_ir,411,0.0068848522421603772,4.7401190396380772e-05
point_reprojection:measurement_ir,412,0.011302183231236995,0.00012773934579245473
point_reprojection:measurement_ir,413,0.063745580698315513,0.0040634990585654554
point_reprojection:measurement_ir,414,-0.085962621662088165,0.0073895723230193097
point_reprojection:measurement_ir,415,-0.17552125022898507,0.030807709281945993
point_reprojection:measurement_ir,416,0.048564956704421999,0.0023585550197023834
point_reprojection:measurement_ir,417,0.087327540108594809,0.007626099261418235
point_reprojection:measurement_ir,418,0.0094025274435580279,8.8407522326861866e-05
point_reprojection:measurement_ir,419,0.013204838057612278,0.00017436774812776558
point_reprojection:measurement_ir,420,-0.0012067008489566433,1.4561269388726837e-06
point_reprojection:measurement_ir,421,-0.0065060969574346926,4.2329297619540965e-05
point_reprojection:measurement_ir,422,-0.0052666974096382546,2.77381016046903e-05
point_reprojection:measurement_ir,423,0.002257504828139645,5.0963280490738081e-06
point_reprojection:measurement_ir,424,0.0082223457018471887,6.7606968840684941e-05
point_reprojection:measurement_ir,425,-0.0035670764358201267,1.2724034298983218e-05
point_reprojection:measurement_ir,426,-0.0066655455209684075,4.4429497092101996e-05
point_reprojection:measurement_ir,427,0.0061220415867637712,3.7479393190065072e-05
point_reprojection:measurement_ir,428,0.0016276546279186733,2.6492595877850748e-06
point_reprojection:measurement_ir,429,-0.0022940323776651896,5.2625845497762032e-06
point_reprojection:measurement_ir,430,0.0048756028299976606,2.3771502955881197e-05
point_reprojection:measurement_ir,431,-0.0024221248406774976,5.8666887438269926e-06
point_reprojection:measurement_ir,432,-0.0064615024004524456,4.1751013271052714e-05
point_reprojection:measurement_ir,433,0.0066886089443869423,4.4737489610933009e-05
point_reprojection:measurement_ir,434,0.0049012162317467302,2.4021920550337617e-05
point_reprojection:measurement_ir,435,0.0047197422909221135,2.2275967292718721e-05
point_reprojection:measurement_ir,436,-0.011083240234916048,0.00012283821410486194
point_reprojection:measurement_ir,437,0.040548728201133602,0.0016441993587294076
point_reprojection:measurement_ir,438,0.013946669994356852,0.00019450960393149375
point_reprojection:measurement_ir,439,-0.11000204881402169,0.01210045074328241
point_reprojection:measurement_ir,440,-0.0021220394171677982,4.5030512880138486e-06
point_reprojection:measurement_ir,441,0.04588087720635485,0.0021050548932246122
point_reprojection:measurement_ir,442,-0.0024708638206448084,6.1051680201714598e-06
point_reprojection:measurement_ir,443,0.0096079653073047663,9.2312997346371973e-05
point_reprojection:measurement_ir,444,0.001667134009039728,2.7793358040968757e-06
point_reprojection:measurement_ir,445,-0.011424964354716849,0.00013052981050655057
point_reprojection:measurement_ir,446,-0.0047481228088827269,2.2544670208232397e-05
point_reprojection:measurement_ir,447,0.0023511238728360696,5.5277834654196789e-06
point_reprojection:measurement_ir,448,0.0046634216688744342,2.1747501661727615e-05
point_reprojection:measurement_ir,449,0.070115053493384497,0.0049161207263801691
point_reprojection:measurement_ir,450,-0.0040036881151081618,1.6029518523058344e-05
point_reprojection:measurement_ir,451,-0.12965732664358712,0.016811022352361846
point_reprojection:measurement_ir,452,0.0034667966155893736,1.2018678773861935e-05
point_reprojection:measurement_ir,453,0.1311534184816196,0.017201219179414837
point_reprojection:measurement_ir,454,-0.0012590517050512062,1.5852111959923494e-06
point_reprojection:measurement_ir,455,-0.090470466889269116,0.0081849053791623397
point_reprojection:measurement_ir,456,0.00028404194415543316,8.0679826039598204e-08
point_reprojection:measurement_ir,457,0.025873334941104532,0.0006694294609745807
point_reprojection:measurement_ir,458,-0.0001627332655061764,2.6482115702303702e-08
point_reprojection:measurement_ir,459,0.0049595223918686314,2.4596862355446349e-05
point_reprojection:measurement_ir,460,-0.0050649118636556523,2.5653332186599774e-05
point_reprojection:measurement_ir,461,0.0060901740221993347,3.7090219620671623e-05
point_reprojection:measurement_ir,462,0.00072434361318300948,5.2467366995901729e-07
point_reprojection:measurement_ir,463,-0.008386911768729988,7.0340289016461582e-05
point_reprojection:measurement_ir,464,0.011150513834900266,0.00012433395878230224
point_reprojection:measurement_ir,465,-0.0018302559166500031,3.3498367204323433e-06
point_reprojection:measurement_ir,466,-0.00072497198971177568,5.2558438586665097e-07
point_reprojection:measurement_ir,467,-0.0050912190566691608,2.5920511482991221e-05
point_reprojection:measurement_ir,468,-0.0084226310010535599,7.0940712979908493e-05
point_reprojection:measurement_ir,469,0.0085071756359411665,7.2372037300750993e-05
point_reprojection:measurement_ir,470,0.0015879663292025724,2.5216370626810925e-06
point_reprojection:measurement_ir,471,-0.0027332004794857314,7.4703848610610318e-06
point_reprojection:measurement_ir,472,0.014192288581034518,0.00020142105516736278
point_reprojection:measurement_ir,473,0.0025866223290620383,6.690615073202323e-06
point_reprojection:measurement_ir,474,-0.0074593368028217808,5.5641705537931468e-05
point_reprojection:measurement_ir,475,0.02393902659079572,0.00057307699411482458
point_reprojection:measurement_ir,476,-0.029423658123096174,0.00086575165734484349
point_reprojection:measurement_ir,477,-0.044468725192740519,0.0019774675202674755
point_reprojection:measurement_ir,478,0.023187624717820654,0.00053766594005448737
point_reprojection:measurement_ir,479,0.019714672327768312,0.00038866830499127361
metric_depth:measurement_ir,0,-0.083445539688246084,0.0069631580938626526
metric_depth:measurement_ir,1,-0.109380198406962,0.011964027803546374
metric_depth:measurement_ir,2,-0.13777603024161089,0.018982234509137278
metric_depth:measurement_ir,3,-0.16421550722602715,0.026966732813501374
metric_depth:measurement_ir,4,-0.19140726528769261,0.036636741204913136
metric_depth:measurement_ir,5,-0.22019514380024185,0.048485901353209189
metric_depth:measurement_ir,6,-0.24685199996986062,0.060935909889120073
metric_depth:measurement_ir,7,-0.2731781981191137,0.074626327927605735
metric_depth:measurement_ir,8,-0.31110533656169803,0.096786530437167409
metric_depth:measurement_ir,9,-0.34152016433760329,0.11663602264918356
metric_depth:measurement_ir,10,-0.37787325197526728,0.14278819455836383
metric_depth:measurement_ir,11,-0.40054831690609238,0.16043895417630341
metric_depth:measurement_ir,12,-0.42261656776410944,0.17860476334871611
metric_depth:measurement_ir,13,-0.44439698932374899,0.19748868412001228
metric_depth:measurement_ir,14,-0.44407761181109839,0.19720492531184861
metric_depth:measurement_ir,15,-0.45876654907232228,0.21046674654772748
metric_depth:measurement_ir,16,-0.47900627837979187,0.22944701472725867
metric_depth:measurement_ir,17,-0.48056963794220725,0.23094717691190417
metric_depth:measurement_ir,18,-0.49349986523945299,0.24354211699135828
metric_depth:measurement_ir,19,-0.50185022245634692,0.25185364577948488
metric_depth:measurement_ir,20,-0.52525163657541762,0.27588928172515459
metric_depth:measurement_ir,21,-0.53738226935544042,0.28877970341760312
metric_depth:measurement_ir,22,-0.54029701948854658,0.29192086926820687
metric_depth:measurement_ir,23,-0.55684718321383941,0.31007878545318723
metric_depth:measurement_ir,24,-0.58162396943194572,0.33828644181777295
metric_depth:measurement_ir,25,-0.60654398025197187,0.36789559997990445
metric_depth:measurement_ir,26,-0.63937740056930104,0.40880346035875642
metric_depth:measurement_ir,27,-0.6871892024948737,0.47222900002554052
metric_depth:measurement_ir,28,-0.71987605021463708,0.51822152767262664
metric_depth:measurement_ir,29,-0.78121676140210317,0.61029962829559059
metric_depth:measurement_ir,30,-0.80864660438133784,0.65390933077746793
metric_depth:measurement_ir,31,-0.83768477557894683,0.70171578323675055
metric_depth:measurement_ir,32,-0.85375787528159364,0.7289025096053412
metric_depth:measurement_ir,33,-0.87930054084657516,0.77316944113307962
metric_depth:measurement_ir,34,-0.89304630187553335,0.79753169729356621
metric_depth:measurement_ir,35,-0.896132921731849,0.80305421341166017
metric_depth:measurement_ir,36,-0.8941823620753262,0.79956209664660971
metric_depth:measurement_ir,37,-0.88534016482911315,0.7838272074596413
metric_depth:measurement_ir,38,-0.8690697511814266,0.75528223241854675
metric_depth:measurement_ir,39,-0.85103893074068571,0.72426726163624966
metric_depth:measurement_ir,40,-0.81736327528356378,0.66808272378227485
metric_depth:measurement_ir,41,-0.79027420206972121,0.6245333144569345
metric_depth:measurement_ir,42,-0.72552366341293062,0.52638458617211947
metric_depth:measurement_ir,43,-0.65087994485025036,0.42364470260826492
metric_depth:measurement_ir,44,-0.60413857632154555,0.36498341939982393
metric_depth:measurement_ir,45,-0.28734000056012177,0.082564275921890778
metric_depth:measurement_ir,46,-0.25844961873505246,0.066796205424293972
metric_depth:measurement_ir,47,-0.22964272756329229,0.052735782322708487
metric_depth:measurement_ir,48,-0.20093257346323479,0.040373899078558248
metric_depth:measurement_ir,49,-0.40571766112759244,0.16460682055084394
metric_depth:measurement_ir,50,-0.43500327516076953,0.18922784940059617
metric_depth:measurement_ir,51,-0.40799465367982263,0.16645963743131839
metric_depth:measurement_ir,52,-0.38296557493394101,0.14666263158448398
metric_depth:measurement_ir,53,-0.36593008308649044,0.1339048257076858
metric_depth:measurement_ir,54,-0.34224560613472765,0.11713205491852713
metric_depth:measurement_ir,55,-0.32779611592356361,0.10745029361457435
metric_depth:measurement_ir,56,-0.31167834693875829,0.097143391950476984
metric_depth:measurement_ir,57,-0.30624473536122543,0.093785837936466998
metric_depth:measurement_ir,58,-0.30328158386197779,0.091979719109829869
metric_depth:measurement_ir,59,-0.29518676679718303,0.087135227292174516
metric_depth:measurement_ir,60,-0.30555071604857731,0.093361240077798321
metric_depth:measurement_ir,61,-0.30511191732669296,0.093093282094770718
metric_depth:measurement_ir,62,-0.30182312332507588,0.091097197773703967
metric_depth:measurement_ir,63,-0.31634123566386241,0.10007177738133934
metric_depth:measurement_ir,64,-0.30966547406329537,0.095892705826845448
metric_depth:measurement_ir,65,-0.3029032728862362,0.091750392725193669
metric_depth:measurement_ir,66,-0.29909838883555406,0.089459846204024293
metric_depth:measurement_ir,67,-0.2921220813114962,0.085335310389760388
metric_depth:measurement_ir,68,-0.28813045076088017,0.083019156655667989
metric_depth:measurement_ir,69,-0.28837394659114635,0.083159533072553332
metric_depth:measurement_ir,70,-0.28448835232985248,0.080933622611354283
metric_depth:measurement_ir,71,-0.25812447114911818,0.066628242606011939
metric_depth:measurement_ir,72,-0.25881416647490751,0.066984772768101136
metric_depth:measurement_ir,73,-0.081292783882535469,0.0066085167113726188
metric_depth:measurement_ir,74,-0.083474690395514806,0.0069680239366270514
metric_depth:measurement_ir,75,-0.10251782360805994,0.010509904157333293
metric_depth:measurement_ir,76,-0.10553998826695367,0.011138689123388718
metric_depth:measurement_ir,77,-0.11668436957147521,0.01361524210229261
metric_depth:measurement_ir,78,-0.11990757350952674,0.014377826184942559
metric_depth:measurement_ir,79,-0.11508077897473212,0.013243585689431146
metric_depth:measurement_ir,80,-0.11803563192830269,0.013932410404713748
metric_depth:measurement_ir,81,-0.092331947981025397,0.00852518861797078
metric_depth:measurement_ir,82,-0.094448803030295458,0.0089205763938555484
metric_depth:measurement_ir,83,-0.095961907864438478,0.0092086877609829799
metric_depth:measurement_ir,84,-0.096891013577545607,0.0093878685120841274
metric_depth:measurement_ir,85,-0.18758515422559441,0.035188190085840038
metric_depth:measurement_ir,86,-0.18689931753850983,0.034931354896360726
metric_depth:measurement_ir,87,-0.18543660535434126,0.034386734605341703
metric_depth:measurement_ir,88,-0.18555263141062062,0.034429779023405632
metric_depth:measurement_ir,89,-0.1806257399293216,0.032625657925014921
metric_depth:measurement_ir,90,-0.17771241252319592,0.03158170156481456
metric_depth:measurement_ir,91,-0.17484159717446546,0.030569584102518046
metric_depth:measurement_ir,92,-0.17429908733000299,0.030380171844072008
metric_depth:measurement_ir,93,-0.17314599541809694,0.029979535729323648
metric_depth:measurement_ir,94,-0.17698180184089751,0.031322558182850714
metric_depth:measurement_ir,95,-0.18748449096365349,0.035150434351900267
metric_depth:measurement_ir,96,-0.20090905846503904,0.040364449773308476
metric_depth:measurement_ir,97,-0.20455478068877797,0.041842658302634055
metric_depth:measurement_ir,98,-0.20490582208981967,0.041986395926304827
metric_depth:measurement_ir,99,-0.22897897425972569,0.052431370653036116
metric_depth:measurement_ir,100,-0.23055759861570602,0.053156806279441006
metric_depth:measurement_ir,101,-0.23298938404996727,0.054284053079983144
metric_depth:measurement_ir,102,-0.24167983646042182,0.058409143351536234
metric_depth:measurement_ir,103,-0.24594319469372142,0.060488055016153758
metric_depth:measurement_ir,104,-0.25114348934025821,0.063073052238000388
metric_depth:measurement_ir,105,-0.26385274305766382,0.06961827001905356
metric_depth:measurement_ir,106,-0.27701269092736691,0.076736030934820912
metric_depth:measurement_ir,107,-0.31340199162284077,0.098220808353163158
metric_depth:measurement_ir,108,-0.3238862294614262,0.10490228963473963
metric_depth:measurement_ir,109,-0.33280377571672748,0.11075835313130984
metric_depth:measurement_ir,110,-0.3419651388907885,0.11694015621659627
metric_depth:measurement_ir,111,-0.35002951730540371,0.12252066298505392
metric_depth:measurement_ir,112,-0.31583403274239452,0.099751136238323934
metric_depth:measurement_ir,113,-0.25996073623638893,0.067579584384565378
metric_depth:measurement_ir,114,-0.27447738635696606,0.075337835621351212
metric_depth:measurement_ir,115,-0.20815590452453714,0.043328880588428223
metric_depth:measurement_ir,116,-0.22671613819696868,0.051400207318946997
metric_depth:measurement_ir,117,-0.24740685143733487,0.061210150138135487
metric_depth:measurement_ir,118,-0.35219643874499124,0.12404233146465436
metric_depth:measurement_ir,119,-0.41212636523414226,0.16984814092110562
metric_depth:measurement_ir,120,-0.43969449949924699,0.19333125288989331
metric_depth:measurement_ir,121,-0.45860061994987089,0.21031452861840591
metric_depth:measurement_ir,122,-0.49234600907041748,0.24240459264756761
metric_depth:measurement_ir,123,-0.5271654586833705,0.27790342082884839
metric_depth:measurement_ir,124,-0.56424718609233271,0.31837488701311556
metric_depth:measurement_ir,125,-0.61126748500016059,0.37364793821842157
metric_depth:measurement_ir,126,-0.65268859819885305,0.42600240621878382
metric_depth:measurement_ir,127,-0.72198493109318396,0.52126224072562954
metric_depth:measurement_ir,128,-0.77884615572015092,0.60660133428005758
metric_depth:measurement_ir,129,-0.8529048260844283,0.72744664235810885
metric_depth:measurement_ir,130,-0.91251948898686386,0.83269181778084711
metric_depth:measurement_ir,131,-0.9965935406184534,0.99319868520242494
metric_depth:measurement_ir,132,-1.05107985762441,1.1047688671037501
metric_depth:measurement_ir,133,-1.0991681089931649,1.2081705318276099
metric_depth:measurement_ir,134,-1.146346303459586,1.3141098474554571
metric_depth:measurement_ir,135,-1.1859234664903133,1.4064144683724014
metric_depth:measurement_ir,136,-1.2065864925605077,1.4558509640294679
metric_depth:measurement_ir,137,-1.2372148279348141,1.5307005304617716
metric_depth:measurement_ir,138,-1.2702636121570725,1.6135696443703336
metric_depth:measurement_ir,139,-1.30135744365664,1.6935311961605448
metric_depth:measurement_ir,140,-1.326017859419842,1.7583233635003797
metric_depth:measurement_ir,141,-1.3423991998358877,1.8020356117200316
metric_depth:measurement_ir,142,-1.3475136628155977,1.8157930714747084
metric_depth:measurement_ir,143,-1.3384194886171215,1.7913667275101168
metric_depth:measurement_ir,144,-1.3143866753138584,1.7276123322426182
metric_depth:measurement_ir,145,-1.2695425356018293,1.611738249702322
metric_depth:measurement_ir,146,-1.235065088246027,1.5253857722041664
metric_depth:measurement_ir,147,-1.1048918686345017,1.220786041374641
metric_depth:measurement_ir,148,-0.95479724672198318,0.91163778234787962
metric_depth:measurement_ir,149,-0.90907518896319628,0.82641769918847097
metric_depth:measurement_ir,150,-0.84805191842165706,0.71919205633865291
metric_depth:measurement_ir,151,-0.81266596802797553,0.66042597559084659
metric_depth:measurement_ir,152,-0.7631903003427174,0.58245943453720717
metric_depth:measurement_ir,153,-0.7893868745874697,0.62313163777097358
metric_depth:measurement_ir,154,-0.74878862735913565,0.56068440846237855
metric_depth:measurement_ir,155,-0.70039694554365683,0.49055588132688421
metric_depth:measurement_ir,156,-0.64463242463928794,0.41555096289632726
metric_depth:measurement_ir,157,-0.59905556275391036,0.35886756726640423
metric_depth:measurement_ir,158,-0.55392651590075193,0.30683458501794597
metric_depth:measurement_ir,159,-0.51230504105031649,0.26245645508556648
metric_depth:measurement_ir,160,-0.46984154160293479,0.2207510742158223
metric_depth:measurement_ir,161,-0.43316625670659942,0.18763300594920759
metric_depth:measurement_ir,162,-0.402401685889761,0.16192711680692187
metric_depth:measurement_ir,163,-0.37776235070866693,0.14270439361293788
metric_depth:measurement_ir,164,-0.35301294849185438,0.12461814180291264
metric_depth:measurement_ir,165,-0.37681738792416514,0.14199134384199075
metric_depth:measurement_ir,166,-0.39170710652227814,0.15343445730005534
metric_depth:measurement_ir,167,-0.3915950191834412,0.15334665904927969
metric_depth:measurement_ir,168,-0.38960067541659238,0.15178868628506498
metric_depth:measurement_ir,169,-0.37985517882599606,0.14428995688092944
metric_depth:measurement_ir,170,-0.39214390070692207,0.15377683886164034
metric_depth:measurement_ir,171,-0.387402098925552,0.15008038625192319
metric_depth:measurement_ir,172,-0.38029278120500609,0.14462259943663863
metric_depth:measurement_ir,173,-0.37495342303506973,0.14059006944571595
metric_depth:measurement_ir,174,-0.37102530139309819,0.13765977427383935
metric_depth:measurement_ir,175,-0.36604528498296762,0.13398915065826197
metric_depth:measurement_ir,176,-0.36340941303811358,0.13206640148470625
metric_depth:measurement_ir,177,-0.35867853297527968,0.1286502900172988
metric_depth:measurement_ir,178,-0.35627941662826412,0.12693502271297621
metric_depth:measurement_ir,179,-0.35466391984926826,0.12578649604284819
metric_depth:measurement_ir,180,-0.35401073473674399,0.12532360030884931
metric_depth:measurement_ir,181,-0.35432128362320525,0.12554357202839586
metric_depth:measurement_ir,182,-0.28050092604151122,0.078680769510145354
metric_depth:measurement_ir,183,-0.16179252096903673,0.026176819841516191
metric_depth:measurement_ir,184,-0.1610600701393867,0.02594034619330416
metric_depth:measurement_ir,185,-0.15186184766269784,0.023062020775528443
metric_depth:measurement_ir,186,-0.15654525902447891,0.024506418123041197
metric_depth:measurement_ir,187,-0.16185346286246105,0.026196543440570059
metric_depth:measurement_ir,188,-0.14204427664299768,0.020176576527032457
metric_depth:measurement_ir,189,-0.14824282739404859,0.021975935873781684
metric_depth:measurement_ir,190,-0.21272822300244743,0.045253296861779001
metric_depth:measurement_ir,191,-0.35297300994367165,0.12458994574869532
metric_depth:measurement_ir,192,-0.37796489023647406,0.14285745825146989
metric_depth:measurement_ir,193,-0.38206880888520356,0.14597657472295819
metric_depth:measurement_ir,194,-0.38636444052681052,0.1492774809035953
metric_depth:measurement_ir,195,-0.3913868521646755,0.15318366804737354
metric_depth:measurement_ir,196,-0.39743869632612627,0.15795751733741081
metric_depth:measurement_ir,197,-0.39552733572190135,0.15644187330326567
metric_depth:measurement_ir,198,-0.3883916456980967,0.15084807044807588
metric_depth:measurement_ir,199,-0.37997597637938374,0.14438174262546599
metric_depth:measurement_ir,200,-0.37724769610864339,0.14231582421927935
metric_depth:measurement_ir,201,-0.39172887235579201,0.15345150943714039
metric_depth:measurement_ir,202,-0.4082034669995056,0.16663007047041645
metric_depth:measurement_ir,203,-0.42683442566188956,0.18218762693011512
metric_depth:measurement_ir,204,-0.43003672267702631,0.18493158285079764
metric_depth:measurement_ir,205,-0.42136463528848783,0.17754815587180037
metric_depth:measurement_ir,206,-0.44714625867783275,0.19993977664958332
metric_depth:measurement_ir,207,-0.4753179591358897,0.22592716227710732
metric_depth:measurement_ir,208,-0.50596693834576356,0.2560025426989857
metric_depth:measurement_ir,209,-0.55266543083130992,0.30543907843595741
metric_depth:measurement_ir,210,-0.61349342691406938,0.3763741848667686
metric_depth:measurement_ir,211,-0.66246799249227972,0.43886384107675119
metric_depth:measurement_ir,212,-0.72062684873736083,0.51930305512113917
metric_depth:measurement_ir,213,-0.77230180305217166,0.59645007499763536
metric_depth:measurement_ir,214,-0.82742925311372406,0.68463916890833521
metric_depth:measurement_ir,215,-0.88175747315075137,0.77749624145719798
metric_depth:measurement_ir,216,-0.97083236545490892,0.94251548181477385
metric_depth:measurement_ir,217,-1.020312867713814,1.041038348022387
metric_depth:measurement_ir,218,-1.062326979888107,1.1285386121981864
metric_depth:measurement_ir,219,-1.1028798576796421,1.2163439804754677
metric_depth:measurement_ir,220,-1.1409011766865973,1.3016554949648622
metric_depth:measurement_ir,221,-1.169453544316678,1.3676215923148405
metric_depth:measurement_ir,222,-1.1959075145585323,1.4301947833775661
metric_depth:measurement_ir,223,-1.2244502163225461,1.49927833225233
metric_depth:measurement_ir,224,-1.2482371832284553,1.5580960655941083
metric_depth:measurement_ir,225,-1.2721614751203609,1.6183948187804127
metric_depth:measurement_ir,226,-1.2521490999985003,1.5678773686270544
metric_depth:measurement_ir,227,-1.2546433245092321,1.5741298717355783
metric_depth:measurement_ir,228,-1.1816858836739168,1.3963815276742055
metric_depth:measurement_ir,229,-1.0647805561126487,1.1337576326755614
metric_depth:measurement_ir,230,-0.88973196884560457,0.79162297638587587
metric_depth:measurement_ir,231,-0.87213018009669718,0.76061105103549742
metric_depth:measurement_ir,232,-0.85196324083559682,0.72584136373509311
metric_depth:measurement_ir,233,-0.82984367769940848,0.68864052941767973
metric_depth:measurement_ir,234,-1.0378898378515586,1.0772153155155346
metric_depth:measurement_ir,235,-1.0131979668459641,1.0265701200207953
metric_depth:measurement_ir,236,-0.9928829973342046,0.98581664639535416
metric_depth:measurement_ir,237,-0.98250814360471006,0.96532225224957358
metric_depth:measurement_ir,238,-0.94087265286518251,0.88524134890956618
metric_depth:measurement_ir,239,-0.91203333108643181,0.8318047970126129
temporal_acceleration:state_sequence,0,-0.0047030150250720881,2.2118350326053815e-05
temporal_acceleration:state_sequence,1,0.1986897374998714,0.039477611787767805
temporal_acceleration:state_sequence,2,0.0085326884067260522,7.2806771446277173e-05
temporal_acceleration:state_sequence,3,-0.011467534019530545,0.0001315043364890904
temporal_acceleration:state_sequence,4,0.27818572717806966,0.077387298805591406
temporal_acceleration:state_sequence,5,0.013135485023241245,0.00017254096679579503
temporal_acceleration:state_sequence,6,0.0079835402338782058,6.373691466595207e-05
temporal_acceleration:state_sequence,7,0.28891912967379502,0.083474263491463183
temporal_acceleration:state_sequence,8,0.016021892275097649,0.0002567010320748337
temporal_acceleration:state_sequence,9,-0.00075437295349797817,5.6907855296926277e-07
temporal_acceleration:state_sequence,10,0.33545872064497839,0.11253255325676566
temporal_acceleration:state_sequence,11,0.022937954911617098,0.00052614977552737892
temporal_acceleration:state_sequence,12,-0.016383813563821542,0.00026842934689406272
temporal_acceleration:state_sequence,13,0.33167983668964507,0.11001151406646963
temporal_acceleration:state_sequence,14,0.030552234293046432,0.00093343902029720239
temporal_acceleration:state_sequence,15,0.0035203214443856046,1.239266307180115e-05
temporal_acceleration:state_sequence,16,0.33304636180466801,0.11091987911132582
temporal_acceleration:state_sequence,17,0.039015802036579394,0.0015222328085575528
temporal_acceleration:state_sequence,18,-0.041267194948070851,0.0017029813788820845
temporal_acceleration:state_sequence,19,0.38666742175976593,0.1495116950503447
temporal_acceleration:state_sequence,20,0.05175597066686688,0.0026786804996695849
temporal_acceleration:state_sequence,21,0.018727356600069522,0.00035071388522616749
temporal_acceleration:state_sequence,22,0.46806748103555329,0.21908716680296803
temporal_acceleration:state_sequence,23,0.06453106666788333,0.0041642585652948028
temporal_acceleration:state_sequence,24,0.10328519955412424,0.010667832446935267
temporal_acceleration:state_sequence,25,0.12636748703141173,0.015968741778634013
temporal_acceleration:state_sequence,26,0.087524013824169522,0.007660452995893418
temporal_acceleration:state_sequence,27,-0.04188475190094465,0.0017543324418036865
temporal_acceleration:state_sequence,28,-4.6094756346392334,21.247265626332762
temporal_acceleration:state_sequence,29,0.1553522706838617,0.024134328006631837
temporal_acceleration:state_sequence,30,0.071268598943460409,0.0050792131953638058
temporal_acceleration:state_sequence,31,0.16007205544615044,0.025623062934755463
temporal_acceleration:state_sequence,32,0.060681407280815947,0.0036822331895802625
temporal_acceleration:state_sequence,33,0.0091612724705045223,8.392891327882404e-05
temporal_acceleration:state_sequence,34,0.34053340521094033,0.11596300006455848
temporal_acceleration:state_sequence,35,0.028782929837745108,0.00082845705004455769
temporal_acceleration:state_sequence,36,-0.01358923561752004,0.00018466732466847528
temporal_acceleration:state_sequence,37,0.38051813083183395,0.14479404789175271
temporal_acceleration:state_sequence,38,0.0059299072290186494,3.5163799744767638e-05
temporal_acceleration:state_sequence,39,0.050380411188278573,0.0025381858315000247
temporal_acceleration:state_sequence,40,0.27910263324067325,0.077898279881877766
temporal_acceleration:state_sequence,41,-0.012681477387466167,0.00016081986872881572
temporal_acceleration:state_sequence,42,0.50309051600473231,0.25310006729390783
temporal_acceleration:state_sequence,43,-0.14896693103578829,0.022191146542221304
temporal_acceleration:state_sequence,44,-0.031129204624558149,0.00096902738055761246
temporal_acceleration:state_sequence,45,0.284709081990423,0.081059261367829399
temporal_acceleration:state_sequence,46,-0.42810232729840281,0.1832716026383088
temporal_acceleration:state_sequence,47,-0.033613025494572124,0.0011298354828987555
temporal_acceleration:state_sequence,48,-0.1496025841177831,0.022380933174718367
temporal_acceleration:state_sequence,49,0.22455444563980959,0.050424699056602199
temporal_acceleration:state_sequence,50,-0.023136773483045658,0.0005353102872057647
temporal_acceleration:state_sequence,51,-0.17548860999011123,0.030796252236261368
temporal_acceleration:state_sequence,52,0.35721320594826333,0.1276012745038364
temporal_acceleration:state_sequence,53,-0.029962991964804786,0.0008977808874829562
temporal_acceleration:state_sequence,54,-0.15604179540445184,0.024349041913044808
temporal_acceleration:state_sequence,55,0.30005741289232307,0.090034451031634044
temporal_acceleration:state_sequence,56,-0.037505690217687349,0.0014066767987051284
temporal_acceleration:state_sequence,57,-0.063425499059577839,0.0040227939309565091
temporal_acceleration:state_sequence,58,0.21894040464976408,0.047934900788202436
temporal_acceleration:state_sequence,59,-0.045471866095214697,0.0020676906061811357
temporal_acceleration:state_sequence,60,-0.078770946274707709,0.006204861977012888
temporal_acceleration:state_sequence,61,0.18134964762505812,0.032887694693732747
temporal_acceleration:state_sequence,62,-0.041461735308323533,0.0017190754947774823
temporal_acceleration:state_sequence,63,-0.098168897784019493,0.0096371324921292675
temporal_acceleration:state_sequence,64,0.16503127579297727,0.027235321989857727
temporal_acceleration:state_sequence,65,-0.032541359218674071,0.0010589400597987839
temporal_acceleration:state_sequence,66,-0.31917752914926101,0.10187429511382735
temporal_acceleration:state_sequence,67,-0.090270579600867235,0.0081487775414765071
temporal_acceleration:state_sequence,68,-0.018062249281347587,0.00032624484910154141
temporal_acceleration:state_sequence,69,-0.19845195348283995,0.039383177841155269
temporal_acceleration:state_sequence,70,-0.2382353475223084,0.056756080809075057
temporal_acceleration:state_sequence,71,-0.014322460191984465,0.00020513286595097969
temporal_acceleration:state_sequence,72,-0.038655764560215078,0.00149426813373478
temporal_acceleration:state_sequence,73,0.069591963631593506,0.0048430414021010332
temporal_acceleration:state_sequence,74,0.013259050269698314,0.00017580241405438694
temporal_acceleration:state_sequence,75,0.039711690946746814,0.0015770183978499328
temporal_acceleration:state_sequence,76,0.18444278255894703,0.034019140038087016
temporal_acceleration:state_sequence,77,0.042461839175644833,0.0018030077861783263
temporal_acceleration:state_sequence,78,0.011572572906107109,0.00013392444366716434
temporal_acceleration:state_sequence,79,0.13767998178726579,0.018955777384941839
temporal_acceleration:state_sequence,80,0.075245420580927203,0.0056618733184006231
temporal_acceleration:state_sequence,81,0.13462359756939435,0.018123513022526239
temporal_acceleration:state_sequence,82,0.13688803108313621,0.018738333053817665
temporal_acceleration:state_sequence,83,0.10756365322974748,0.011569939496129366
temporal_acceleration:state_sequence,84,0.038255123449079526,0.0014634544701043141
temporal_acceleration:state_sequence,85,-0.0023987544856882148,5.7540230826093318e-06
temporal_acceleration:state_sequence,86,0.14938682082311638,0.02231642223563788
temporal_acceleration:state_sequence,87,0.003057801575610114,9.3501504758036961e-06
temporal_acceleration:state_sequence,88,0.10824640382763567,0.011717283941615579
temporal_acceleration:state_sequence,89,0.20931717816258244,0.04381368107394628
temporal_acceleration:state_sequence,90,-0.051848551020455269,0.0026882722429207532
temporal_acceleration:state_sequence,91,0.3957865851172585,0.15664702095878091
temporal_acceleration:state_sequence,92,0.28745714949621748,0.082631612796490728
temporal_acceleration:state_sequence,93,0.081239874348578711,0.0065999171841728569
temporal_acceleration:state_sequence,94,0.13030501059847438,0.016979395787068519
temporal_acceleration:state_sequence,95,0.34579341376652639,0.11957308500430812
temporal_acceleration:state_sequence,96,-0.0076348445794865993,5.8290851752915905e-05
temporal_acceleration:state_sequence,97,-0.18149985053087844,0.032942195742731217
temporal_acceleration:state_sequence,98,0.42544045360235483,0.18099957956137744
temporal_acceleration:state_sequence,99,-0.03573691317520139,0.0012771269632918826
temporal_acceleration:state_sequence,100,2.6976473912252219,7.2773014473842457
temporal_acceleration:state_sequence,101,0.54351411726422105,0.29540759566550545
temporal_acceleration:state_sequence,102,0.15918948749470876,0.025341292928828037
temporal_acceleration:state_sequence,103,-4.4387357667919867,19.702375207398447
temporal_acceleration:state_sequence,104,0.69606795128386301,0.48451059280451431
temporal_acceleration:state_sequence,105,0.1220930024174386,0.014906701239304669
temporal_acceleration:state_sequence,106,1.5216584619410787,2.3154444747968892
temporal_acceleration:state_sequence,107,0.48071375896903135,0.23108571806213596
temporal_acceleration:state_sequence,108,0.082929849752083409,0.0068773599799031287
temporal_acceleration:state_sequence,109,-1.6672742808972325,2.7798035277413837
temporal_acceleration:state_sequence,110,0.53437164014733529,0.28555304979375318
temporal_acceleration:state_sequence,111,-0.0071845780880374494,5.1618162303107849e-05
temporal_acceleration:state_sequence,112,0.24104983149495551,0.058105021263746448
temporal_acceleration:state_sequence,113,0.38449067930542702,0.14783308247274873
temporal_acceleration:state_sequence,114,-0.01449801452183111,0.00021019242507522575
temporal_acceleration:state_sequence,115,0.10655947505297528,0.011354921723565661
temporal_acceleration:state_sequence,116,0.31163350163811998,0.097115439343236132
temporal_acceleration:state_sequence,117,0.0032665379491662178,1.0670270173343039e-05
temporal_acceleration:state_sequence,118,0.11281902600685248,0.012728132629134857
temporal_acceleration:state_sequence,119,0.24574177567204813,0.060389020310451229
temporal_acceleration:state_sequence,120,-0.0079023317358305895,6.2446846863115297e-05
temporal_acceleration:state_sequence,121,0.12283960539599928,0.015089568653844814
temporal_acceleration:state_sequence,122,0.18929654429480358,0.035833181681954533
temporal_acceleration:state_sequence,123,-0.019654244830863976,0.00038628933987154334
temporal_acceleration:state_sequence,124,0.166241988504019,0.027636398741770384
temporal_acceleration:state_sequence,125,0.14176799058899237,0.020098163155640628
temporal_acceleration:state_sequence,126,-0.023514640382729379,0.00055293831232908729
temporal_acceleration:state_sequence,127,0.1560471806270961,0.024350722581665558
temporal_acceleration:state_sequence,128,0.10186499660244097,0.010376477532815311
temporal_acceleration:state_sequence,129,-0.016159229712072593,0.00026112070488752969
temporal_acceleration:state_sequence,130,0.15037032746502305,0.022611235381938263
temporal_acceleration:state_sequence,131,0.067570723271892508,0.0045658026434866762
temporal_acceleration:state_sequence,132,0.29101474016744999,0.084689578994728426
temporal_acceleration:state_sequence,133,-0.11365234549801657,0.012916855637200528
temporal_acceleration:state_sequence,134,0.02808060636455556,0.00078852045380111823
temporal_acceleration:state_sequence,135,0.59831722019800171,0.35798349598546408
temporal_acceleration:state_sequence,136,-0.48695716761022861,0.23712728308697628
temporal_acceleration:state_sequence,137,-0.0083490653309148399,6.9706891899884121e-05
temporal_acceleration:state_sequence,138,-0.063510362758091715,0.0040335661776644029
temporal_acceleration:state_sequence,139,-0.063448723948526728,0.0040257405706963494
temporal_acceleration:state_sequence,140,-0.0096737071702657218,9.3580610416050438e-05
temporal_acceleration:state_sequence,141,0.055861541771687062,0.0031205118491099385
temporal_acceleration:state_sequence,142,0.069683564005280918,0.0048557990924780825
temporal_acceleration:state_sequence,143,-0.03717417644151233,0.0013819193941046904
temporal_acceleration:state_sequence,144,-0.084478520898112336,0.0071366204931328026
temporal_acceleration:state_sequence,145,0.15454038434579792,0.023882730393746943
temporal_acceleration:state_sequence,146,-0.054352636881938032,0.0029542091360198106
temporal_acceleration:state_sequence,147,-0.093255302200453416,0.0086965513884978921
temporal_acceleration:state_sequence,148,0.16480498511357536,0.027160683118285796
temporal_acceleration:state_sequence,149,-0.078626448587604258,0.0061821184174991753
temporal_acceleration:state_sequence,150,-0.13417079892808603,0.018001803285000891
temporal_acceleration:state_sequence,151,0.13658639953398138,0.018655844537656389
temporal_acceleration:state_sequence,152,-0.097754273506545086,0.0095558979887924219
temporal_acceleration:state_sequence,153,-0.63240890539964822,0.3999410236287812
temporal_acceleration:state_sequence,154,-0.28654120991728288,0.082105864980860366
temporal_acceleration:state_sequence,155,-0.10485868984310143,0.010995344835611742
temporal_acceleration:state_sequence,156,-0.30592077687226993,0.093587521722133166
temporal_acceleration:state_sequence,157,-0.17955637749537567,0.032240492699261852
temporal_acceleration:state_sequence,158,-0.12980148956877047,0.016848426694271629
temporal_acceleration:state_sequence,159,-0.043557635397419026,0.0018972676014144909
temporal_acceleration:state_sequence,160,0.24213614180261467,0.058629911167055918
temporal_acceleration:state_sequence,161,-0.1372986740598714,0.018850925898598804
temporal_acceleration:state_sequence,162,-0.034150889187400946,0.0011662832322901389
temporal_acceleration:state_sequence,163,0.24904344720295873,0.062022638594732893
temporal_acceleration:state_sequence,164,-0.14922212263588364,0.022267241883958695
temporal_acceleration:state_sequence,165,-0.026579239044953462,0.00070645594820877868
temporal_acceleration:state_sequence,166,0.21224085731454873,0.045046181513614635
temporal_acceleration:state_sequence,167,-0.16071574072722417,0.025829549317500339
temporal_acceleration:state_sequence,168,-0.042253643045891132,0.0017853703506495839
temporal_acceleration:state_sequence,169,0.22188800932178121,0.049234288680782862
temporal_acceleration:state_sequence,170,-0.16454600782853657,0.027075388692308817
temporal_acceleration:state_sequence,171,-0.038917397923721314,0.0015145638611532681
temporal_acceleration:state_sequence,172,0.25534600342834557,0.065201581466828668
temporal_acceleration:state_sequence,173,-0.16418344344528712,0.026956203101551796
temporal_acceleration:state_sequence,174,0.019782458428949934,0.00039134566149313227
temporal_acceleration:state_sequence,175,0.26067232481121028,0.067950060922481112
temporal_acceleration:state_sequence,176,-0.16397663161891174,0.026888335717084284
temporal_acceleration:state_sequence,177,-0.007667420849226253,5.8789342479149433e-05
temporal_acceleration:state_sequence,178,0.26574552542179108,0.070620684281703816
temporal_acceleration:state_sequence,179,-0.15852520267212178,0.025130239882237285
temporal_acceleration:state_sequence,180,0.0011025134669742642,1.215535944859612e-06
temporal_acceleration:state_sequence,181,0.24363126807081364,0.059356194781792659
temporal_acceleration:state_sequence,182,-0.15265047202674964,0.023302166609989475
temporal_acceleration:state_sequence,183,-0.022088487567201998,0.00048790128300643724
temporal_acceleration:state_sequence,184,0.2269351927340317,0.051499581701232117
temporal_acceleration:state_sequence,185,-0.1423906340403347,0.020275092662408522
temporal_acceleration:state_sequence,186,0.089829870780675641,0.0080694056844728829
temporal_acceleration:state_sequence,187,0.031653920255214213,0.0010019706675234606
temporal_acceleration:state_sequence,188,-0.13391260606465671,0.017932586063027934
temporal_acceleration:state_sequence,189,0.10068415316618684,0.010137298698792171
temporal_acceleration:state_sequence,190,-1.4353994172251621,2.0603714869703347
temporal_acceleration:state_sequence,191,-0.12210604235078915,0.014909885578572712
temporal_acceleration:state_sequence,192,0.10326960026255322,0.010664610338387531
temporal_acceleration:state_sequence,193,-1.2652201983919478,1.6007821504189597
temporal_acceleration:state_sequence,194,-0.11858171263769979,0.01406162257209001
temporal_acceleration:state_sequence,195,-0.010482387456673039,0.00010988044679181626
temporal_acceleration:state_sequence,196,0.083830452586607443,0.0070275447808754382
temporal_acceleration:state_sequence,197,-0.12255765266242502,0.015020378226123616
temporal_acceleration:state_sequence,198,0.00064361807031860369,4.142442204406431e-07
temporal_acceleration:state_sequence,199,0.29946152116097846,0.089677202656047145
temporal_acceleration:state_sequence,200,-0.12131769734418096,0.014717983688894293
temporal_acceleration:state_sequence,201,-0.058266950914753077,0.0033950375689022444
temporal_acceleration:state_sequence,202,0.2586897968591676,0.066920410999037394
temporal_acceleration:state_sequence,203,-0.11826263808822901,0.013986051567587435
temporal_acceleration:state_sequence,204,-0.068252650851704108,0.0046584243482846255
temporal_acceleration:state_sequence,205,0.24274009647235256,0.058922754435407031
temporal_acceleration:state_sequence,206,-0.11219099084398554,0.012586818426555247
temporal_acceleration:state_sequence,207,-0.064678945202726046,0.0041833659525372388
temporal_acceleration:state_sequence,208,0.24729493184752788,0.061154783317473455
temporal_acceleration:state_sequence,209,-0.1032713080559633,0.010664963067589669
temporal_acceleration:state_sequence,210,-0.033416629880952328,0.001116671152600556
temporal_acceleration:state_sequence,211,0.24123025697840125,0.058192036881865507
temporal_acceleration:state_sequence,212,-0.09170765065236175,0.0084102931881756271
temporal_acceleration:state_sequence,213,0.17551135985613248,0.030804237438548831
temporal_acceleration:state_sequence,214,-0.048420136562629043,0.002344509624743646
temporal_acceleration:state_sequence,215,-0.08044220818386183,0.0064709488574957669
temporal_acceleration:state_sequence,216,0.25872046500253959,0.066936279011130306
temporal_acceleration:state_sequence,217,-0.36588860900680698,0.13387447420093607
temporal_acceleration:state_sequence,218,-0.068778910535138849,0.0047305385344006334
temporal_acceleration:state_sequence,219,0.51996921508730742,0.27036798463851058
temporal_acceleration:state_sequence,220,-0.51306673532923686,0.2632374749014012
temporal_acceleration:state_sequence,221,-0.05097266995657268,0.0025982130825016872
temporal_acceleration:state_sequence,222,0.2790929500495879,0.07789287476738177
temporal_acceleration:state_sequence,223,-0.099467119812721161,0.0098937079238382263
temporal_acceleration:state_sequence,224,-0.033053144634864751,0.0010925103702532884
temporal_acceleration:state_sequence,225,-0.038878374595187962,0.0015115280111637566
temporal_acceleration:state_sequence,226,0.35503543331471488,0.12605015890896734
temporal_acceleration:state_sequence,227,-0.014521664562794356,0.0002108787416743174
temporal_acceleration:state_sequence,228,-0.053059143628693892,0.0028152727226103675
temporal_acceleration:state_sequence,229,0.30870041139651461,0.095295943996377364
temporal_acceleration:state_sequence,230,-0.0055822633529878374,3.1161664142111012e-05
temporal_acceleration:state_sequence,231,-0.0074575291604522809,5.56147411789961e-05
temporal_acceleration:state_sequence,232,0.3493833183586792,0.12206870314732218
temporal_acceleration:state_sequence,233,0.0072998472846252938,5.3287770378851274e-05
temporal_acceleration:state_sequence,234,-0.019854990476959426,0.00039422064684014951
temporal_acceleration:state_sequence,235,0.32222707729132949,0.10383028933971243
temporal_acceleration:state_sequence,236,0.019535251163471656,0.00038162603801992069
temporal_acceleration:state_sequence,237,-0.01545107747912066,0.00023873579526578967
temporal_acceleration:state_sequence,238,0.35833612030481382,0.12840477511510601
temporal_acceleration:state_sequence,239,0.034503690084775052,0.0011905046294662042
temporal_acceleration:state_sequence,240,-0.011251277995486531,0.0001265912565317194
temporal_acceleration:state_sequence,241,0.33721056303079983,0.11371096381954902
temporal_acceleration:state_sequence,242,0.049296100345275207,0.0024301055092514423
temporal_acceleration:state_sequence,243,0.06088490161151025,0.0037069712442432835
temporal_acceleration:state_sequence,244,0.12092822645324679,0.014623635953127736
temporal_acceleration:state_sequence,245,0.06037502151270413,0.0036451432226594863
temporal_acceleration:state_sequence,246,0.4909868818714237,0.24106811816982338
temporal_acceleration:state_sequence,247,-2.4957569442198673,6.2288027246216897
temporal_acceleration:state_sequence,248,0.058399912103590523,0.0034105497337070991
temporal_acceleration:state_sequence,249,0.21310272829897017,0.045412772808464702
temporal_acceleration:state_sequence,250,-0.65331100374873485,0.42681526761917943
temporal_acceleration:state_sequence,251,0.06934650650582963,0.004808937964563071
temporal_acceleration:state_sequence,252,-0.23568954562192379,0.055549561915468892
temporal_acceleration:state_sequence,253,0.33562709797708673,0.11264554889652098
temporal_acceleration:state_sequence,254,0.092147733513336938,0.0084912047916449601
temporal_acceleration:state_sequence,255,-0.22266558043601448,0.049579960710907235
temporal_acceleration:state_sequence,256,0.46401430949395112,0.21530927941514824
temporal_acceleration:state_sequence,257,0.077687549708405079,0.0060353553796959102
temporal_acceleration:state_sequence,258,-0.19187146286260753,0.036814658261036984
temporal_acceleration:state_sequence,259,0.39539729478710289,0.15633902072495914
temporal_acceleration:state_sequence,260,0.058776175955199683,0.0034546388599165936
temporal_acceleration:state_sequence,261,-0.94205491960266174,0.88746747154757744
temporal_acceleration:state_sequence,262,0.18279379681507529,0.033413572154071029
temporal_acceleration:state_sequence,263,0.070991753757843057,0.005039829101614224
temporal_acceleration:state_sequence,264,-0.17232179805469927,0.029694802084804559
temporal_acceleration:state_sequence,265,0.068704194063426149,0.0047202662819049212
temporal_acceleration:state_sequence,266,0.015293592482668039,0.00023389397102592036
temporal_acceleration:state_sequence,267,0.062479477795837068,0.0039036851456404971
temporal_acceleration:state_sequence,268,0.24694495795987037,0.060981812261802146
temporal_acceleration:state_sequence,269,-0.0042512057395249769,1.8072750239770105e-05
temporal_acceleration:state_sequence,270,0.084276485391789613,0.0071025259899925282
temporal_acceleration:state_sequence,271,0.27388841571788308,0.075014864264451947
temporal_acceleration:state_sequence,272,-0.016180550426803109,0.00026181021211431826
temporal_acceleration:state_sequence,273,0.018474338666730483,0.00034130118917305305
temporal_acceleration:state_sequence,274,0.22817388401416977,0.052063321346111802
temporal_acceleration:state_sequence,275,-0.024541793255639099,0.00060229961620253283
temporal_acceleration:state_sequence,276,-0.0011180365534371739,1.2500057348216746e-06
temporal_acceleration:state_sequence,277,0.1915696040807946,0.036698913207672393
temporal_acceleration:state_sequence,278,-0.033439833470638725,0.00111822246254405
temporal_acceleration:state_sequence,279,0.0070952092791032317,5.0341994714272598e-05
temporal_acceleration:state_sequence,280,0.22679668529292984,0.051436736459860258
temporal_acceleration:state_sequence,281,-0.038788269995571056,0.001504529889249318
temporal_acceleration:state_sequence,282,0.018746775030583085,0.00035144157404729345
temporal_acceleration:state_sequence,283,0.29043011326630619,0.084349650691879441
temporal_acceleration:state_sequence,284,-0.041487837862952404,0.0017212406905426272
temporal_acceleration:state_sequence,285,0.026299274761735492,0.00069165185299325735
temporal_acceleration:state_sequence,286,-0.028285232837406554,0.00080005439666630204
temporal_acceleration:state_sequence,287,-0.055715472235329244,0.0031042138464057439
temporal_acceleration:state_sequence,288,-0.019243737593805932,0.00037032143657925973
temporal_acceleration:state_sequence,289,-1.3862664287523621,1.9217346114858278
temporal_acceleration:state_sequence,290,-0.078431917730292788,0.0061515657188514162
temporal_acceleration:state_sequence,291,-0.010906959431876417,0.00011896176404859794
temporal_acceleration:state_sequence,292,-0.2842758423121684,0.080812754522292835
temporal_acceleration:state_sequence,293,-0.078161076886407166,0.0061091539400428526
temporal_acceleration:state_sequence,294,0.024250497273125837,0.00058808661799388364
temporal_acceleration:state_sequence,295,0.22219870283355675,0.049372263540915264
temporal_acceleration:state_sequence,296,-0.078197218607445329,0.0061148049979405936
temporal_acceleration:state_sequence,297,-0.012527398451980809,0.00015693571197469117
temporal_acceleration:state_sequence,298,0.25531027498737979,0.065183336514131482
temporal_acceleration:state_sequence,299,-0.084266107828101511,0.007100776928497231
temporal_acceleration:state_sequence,300,-0.00092196798329668983,8.500249622241653e-07
temporal_acceleration:state_sequence,301,0.24271963080193276,0.058912819176626545
temporal_acceleration:state_sequence,302,-0.091116697619320064,0.0083022525850506065
temporal_acceleration:state_sequence,303,-0.014290210538876191,0.00020421011724540818
temporal_acceleration:state_sequence,304,0.27805364328002985,0.077313828541298091
temporal_acceleration:state_sequence,305,-0.093090582284505174,0.0086658565100682285
temporal_acceleration:state_sequence,306,0.0036338689807244307,1.3205003769071213e-05
temporal_acceleration:state_sequence,307,0.32875063677991923,0.10807698118320237
temporal_acceleration:state_sequence,308,-0.093693641323722154,0.0087784984244982951
temporal_acceleration:state_sequence,309,-0.021113395345839225,0.00044577546302970549
temporal_acceleration:state_sequence,310,0.38314829645184728,0.14680261707395265
temporal_acceleration:state_sequence,311,-0.090395907086882055,0.0081714200180602135
temporal_acceleration:state_sequence,312,-0.011395208555008141,0.00012985077801213072
temporal_acceleration:state_sequence,313,0.43601892453730795,0.19011250255467063
temporal_acceleration:state_sequence,314,-0.086319415229740848,0.0074510414456044165
temporal_acceleration:state_sequence,315,-0.0154211564560984,0.00023781206644346537
temporal_acceleration:state_sequence,316,0.45021740565940488,0.20269571235868514
temporal_acceleration:state_sequence,317,-0.07973528257707585,0.006357715287646136
temporal_acceleration:state_sequence,318,0.01253107824080571,0.00015702792187719433
temporal_acceleration:state_sequence,319,0.30953182392157097,0.095809950020214418
temporal_acceleration:state_sequence,320,-0.07059371431117345,0.0049834725002475752
temporal_acceleration:state_sequence,321,0.11058153897547149,0.01222827676218372
temporal_acceleration:state_sequence,322,-0.54227486925155244,0.2940620338217883
temporal_acceleration:state_sequence,323,-0.044680841671573823,0.0019963776124802481
temporal_acceleration:state_sequence,324,0.090682034449360432,0.0082232313718749919
temporal_acceleration:state_sequence,325,-3.7375504626862077,13.969283461125885
temporal_acceleration:state_sequence,326,-0.024381691875974276,0.00059446689873495005
temporal_acceleration:state_sequence,327,0.020618276712512235,0.00042511333459372433
temporal_acceleration:state_sequence,328,0.061727035860658919,0.0038102269561430722
temporal_acceleration:state_sequence,329,-0.09165152405541388,0.0084000018616801099
temporal_acceleration:state_sequence,330,-0.018399059245037541,0.00033852538110240143
temporal_acceleration:state_sequence,331,0.37088827917602685,0.13755811563015444
temporal_acceleration:state_sequence,332,-0.12521370223756989,0.015678471228038816
temporal_acceleration:state_sequence,333,-0.0040477831475824178,1.6384548409852226e-05
temporal_acceleration:state_sequence,334,0.34585868313160772,0.11961822869752983
temporal_acceleration:state_sequence,335,-0.14931880570034917,0.022296105735778626
temporal_acceleration:state_sequence,336,-0.028078673513892566,0.00078841190629977192
temporal_acceleration:state_sequence,337,0.32648418317298694,0.10659192186213248
temporal_acceleration:state_sequence,338,-0.1693446626582773,0.028677614770845739
temporal_acceleration:state_sequence,339,0.13160583291465536,0.017320095257160183
temporal_acceleration:state_sequence,340,0.22634682261564218,0.051232884108196985
temporal_acceleration:state_sequence,341,-0.1913868046993894,0.036628909013042221
temporal_acceleration:state_sequence,342,0.41632691570554048,0.1733281007408882
temporal_acceleration:state_sequence,343,0.1550432462205463,0.024038408198604946
temporal_acceleration:state_sequence,344,-0.21297155048605187,0.045356881316432944
temporal_acceleration:state_sequence,345,-0.2639310791971482,0.069659614566171313
temporal_acceleration:state_sequence,346,-0.36118469826365496,0.13045438625980749
temporal_acceleration:state_sequence,347,-0.21304795679346622,0.045389431893870652
temporal_acceleration:state_sequence,348,-0.0086945473705765663,7.5595153979199885e-05
temporal_acceleration:state_sequence,349,-0.021125386807813451,0.0004462819677797386
temporal_acceleration:state_sequence,350,-0.22458740672902655,0.050439503261269197
temporal_acceleration:state_sequence,351,0.16304712721050399,0.02658436569159827
temporal_acceleration:state_sequence,352,0.27441219537836042,0.075302052972371455
temporal_acceleration:state_sequence,353,-0.23223391814946037,0.05393259273905026
temporal_acceleration:state_sequence,354,-0.064051790053136076,0.0041026318090110212
temporal_acceleration:state_sequence,355,0.31452508429966358,0.098926028653710488
temporal_acceleration:state_sequence,356,-0.230920777595367,0.053324405525248947
temporal_acceleration:state_sequence,357,-0.049816215333664815,0.0024816553101700612
temporal_acceleration:state_sequence,358,0.23074869275615556,0.053244959208674676
temporal_acceleration:state_sequence,359,-0.24104861855189785,0.058104436505778352
temporal_acceleration:state_sequence,360,-0.080617403156481859,0.0064991656916947313
temporal_acceleration:state_sequence,361,0.19208901556936941,0.036898189902409444
temporal_acceleration:state_sequence,362,-0.24297686699229493,0.059037757893391378
temporal_acceleration:state_sequence,363,-0.075829537246739631,0.0057501187190546728
temporal_acceleration:state_sequence,364,0.15966122658457496,0.025491707274490988
temporal_acceleration:state_sequence,365,-0.24110604924063583,0.058132126980427912
temporal_acceleration:state_sequence,366,-0.47389894738645494,0.22458021233398998
temporal_acceleration:state_sequence,367,-0.12098861511727801,0.014638244987996834
temporal_acceleration:state_sequence,368,-0.22622777960091822,0.051179008263161629
temporal_acceleration:state_sequence,369,-0.3316525439190644,0.10999340988798695
temporal_acceleration:state_sequence,370,-0.26063957153624928,0.067932986250599611
temporal_acceleration:state_sequence,371,-0.22610714988656744,0.05112444322982667
temporal_acceleration:state_sequence,372,0.047371964250226134,0.0022441029969247029
temporal_acceleration:state_sequence,373,0.19490202281383678,0.037986798496925357
temporal_acceleration:state_sequence,374,-0.20783142908645802,0.04319390291611943
temporal_acceleration:state_sequence,375,0.041038790738150005,0.0016841823452496665
temporal_acceleration:state_sequence,376,0.13919314034513186,0.019374730319139576
temporal_acceleration:state_sequence,377,-0.19257196956383726,0.037083963461695464
temporal_acceleration:state_sequence,378,0.074796634061073258,0.0055945364668661046
temporal_acceleration:state_sequence,379,0.13987185598970622,0.019564136098005117
temporal_acceleration:state_sequence,380,-0.17013917326362815,0.028947338278830882
temporal_acceleration:state_sequence,381,0.064604167405164711,0.0041736984461145463
temporal_acceleration:state_sequence,382,0.054132678080131974,0.0029303468361272008
temporal_acceleration:state_sequence,383,-0.14419457373101574,0.020792075093469333
temporal_acceleration:state_sequence,384,0.072035902183309602,0.005189171203363349
temporal_acceleration:state_sequence,385,0.068866585475410511,0.0047426065950420216
temporal_acceleration:state_sequence,386,-0.10784925381582822,0.011631461548630937
temporal_acceleration:state_sequence,387,0.057495053115106998,0.0033056811327089749
temporal_acceleration:state_sequence,388,0.018932187315519322,0.00035842771654991069
temporal_acceleration:state_sequence,389,-0.067288872915410858,0.0045277924182263131
temporal_acceleration:state_sequence,390,0.081446543110835198,0.0066335393847051366
temporal_acceleration:state_sequence,391,-0.00323965735627256,1.0495379786050912e-05
temporal_acceleration:state_sequence,392,-0.019726537436692837,0.000389136279241244
temporal_acceleration:state_sequence,393,0.067281846267835968,0.0045268468372087131
temporal_acceleration:state_sequence,394,-0.013798065772593383,0.00019038661906481305
temporal_acceleration:state_sequence,395,0.035056563720170519,0.0012289626598663758
temporal_acceleration:state_sequence,396,0.21768936216009058,0.047388658397667073
temporal_acceleration:state_sequence,397,-0.58186285322813591,0.33856437996678723
temporal_acceleration:state_sequence,398,0.09100569023338112,0.0082820356548541189
temporal_acceleration:state_sequence,399,0.18559236165348247,0.034444524704117033
temporal_acceleration:state_sequence,400,-0.35649396947550804,0.12708795027240447
temporal_acceleration:state_sequence,401,0.15535314356937002,0.024134599216885294
temporal_acceleration:state_sequence,402,-0.053463989421029895,0.0028583981648119964
temporal_acceleration:state_sequence,403,0.17423140933435471,0.030356583998635465
temporal_acceleration:state_sequence,404,0.22886369605332746,0.052378591371189852
temporal_acceleration:state_sequence,405,0.026888795823007475,0.00072300734081138423
temporal_acceleration:state_sequence,406,0.19507360702753163,0.038053712158731837
temporal_acceleration:state_sequence,407,0.30791906958874959,0.094814153416401217
temporal_acceleration:state_sequence,408,-0.058776217726144414,0.003454643770191133
temporal_acceleration:state_sequence,409,0.22509042446595007,0.05066569918626157
temporal_acceleration:state_sequence,410,0.40210511520480663,0.16168852367387082
temporal_acceleration:state_sequence,411,-0.062070651770197154,0.0038527658111770792
temporal_acceleration:state_sequence,412,0.0255427474827046,0.00065243194896521216
temporal_acceleration:state_sequence,413,0.50569527226912436,0.25572770839534381
temporal_acceleration:state_sequence,414,0.016919380925238786,0.00028626545089333407
temporal_acceleration:state_sequence,415,0.11281706783406559,0.012727690794676156
temporal_acceleration:state_sequence,416,0.65184157363650519,0.42489743712091543
temporal_acceleration:state_sequence,417,-0.026372483267703486,0.00069550787370530032
temporal_acceleration:state_sequence,418,-0.16053120501010018,0.025770267781994812
temporal_acceleration:state_sequence,419,0.83640753471565377,0.69957756412911754
temporal_acceleration:state_sequence,420,-0.082407179956242929,0.0067909433083406063
temporal_acceleration:state_sequence,421,-0.89144608375633161,0.79467612024450063
temporal_acceleration:state_sequence,422,1.1181877436335863,1.250343830012371
temporal_acceleration:state_sequence,423,0.18102511898884543,0.032770093704925646
temporal_acceleration:state_sequence,424,1.452311759877162,2.1092094478774994
temporal_acceleration:state_sequence,425,1.4208637178186032,2.0188537046133033
temporal_acceleration:state_sequence,426,-0.032201735561427851,0.0010369517731681271
temporal_acceleration:state_sequence,427,-0.74861794879109955,0.56042883325219339
temporal_acceleration:state_sequence,428,1.0988139104786772,1.2073920098614424
temporal_acceleration:state_sequence,429,0.0075151170661776588,5.6476984518354705e-05
temporal_acceleration:state_sequence,430,-0.26871427617656729,0.072207362221096485
temporal_acceleration:state_sequence,431,0.81463264087660858,0.66362633958159756
temporal_acceleration:state_sequence,432,0.049153828444239607,0.0024160988507257388
temporal_acceleration:state_sequence,433,0.21095253585600884,0.044500972384080698
temporal_acceleration:state_sequence,434,0.62488076437735574,0.39047596968882836
temporal_acceleration:state_sequence,435,0.029366366031332476,0.00086238345388619793
temporal_acceleration:state_sequence,436,0.071378056446001148,0.0050948269420085261
temporal_acceleration:state_sequence,437,0.48167722557224957,0.23201294963497979
temporal_acceleration:state_sequence,438,0.036203712570963935,0.0013107088039209719
temporal_acceleration:state_sequence,439,-0.070022116083229891,0.004903096740773322
temporal_acceleration:state_sequence,440,0.36744023009936955,0.13501232269547764
temporal_acceleration:state_sequence,441,0.031275348648388129,0.00097814743307823317
temporal_acceleration:state_sequence,442,0.0011968934859909498,1.4325540168075681e-06
temporal_acceleration:state_sequence,443,0.27534358462680542,0.075814089595138759
temporal_acceleration:state_sequence,444,0.1781959062736263,0.031753781012679012
temporal_acceleration:state_sequence,445,-0.40866918565221444,0.1670105033016441
temporal_acceleration:state_sequence,446,0.18732127827523759,0.035089261294669001
temporal_acceleration:state_sequence,447,0.18427605158790517,0.033957663188828285
temporal_acceleration:state_sequence,448,-0.12082371056272886,0.014598369034146078
temporal_acceleration:state_sequence,449,0.12186798521422459,0.014851805820174464
temporal_acceleration:state_sequence,450,0.044333528954566964,0.0019654617895654273
temporal_acceleration:state_sequence,451,-0.072027959173053518,0.0051880269026350649
temporal_acceleration:state_sequence,452,0.066171729157665782,0.0043786977397154755
temporal_acceleration:state_sequence,453,0.016108440512957872,0.00025948185575950248
temporal_acceleration:state_sequence,454,0.066486331188171724,0.0044204322348632558
temporal_acceleration:state_sequence,455,0.014525806998949564,0.00021099906897073214
temporal_acceleration:state_sequence,456,-0.017219736986024969,0.00029651934186787632
temporal_acceleration:state_sequence,457,0.045611318668863643,0.0020803923907126293
temporal_acceleration:state_sequence,458,-0.037667852691364301,0.0014188671263783209
temporal_acceleration:state_sequence,459,0.0064565345516137684,4.1686838416182408e-05
temporal_acceleration:state_sequence,460,0.072269597548271225,0.0052228947297890899
temporal_acceleration:state_sequence,461,-0.085256541285527732,0.0072686778319708944
temporal_acceleration:state_sequence,462,0.036137674264422326,0.0013059315012414916
temporal_acceleration:state_sequence,463,0.098684038658097689,0.0097385394858729192
temporal_acceleration:state_sequence,464,-0.12731609111097386,0.016209387055777798
temporal_acceleration:state_sequence,465,-0.10707952098063522,0.011466023813442298
temporal_acceleration:state_sequence,466,0.049263100160641671,0.0024268530374374135
temporal_acceleration:state_sequence,467,-0.15416590189912815,0.023767125308371606
temporal_acceleration:state_sequence,468,-0.45861759430995824,0.21033009781065345
temporal_acceleration:state_sequence,469,-0.25617990236070032,0.065628142373537951
temporal_acceleration:state_sequence,470,-0.17708150322192084,0.031357858783335163
temporal_acceleration:state_sequence,471,-0.1254289964287561,0.015732433145124909
temporal_acceleration:state_sequence,472,-0.06679948189910162,0.0044621707819884051
temporal_acceleration:state_sequence,473,-0.21845720027230398,0.047723548350813529
temporal_acceleration:state_sequence,474,0.018863593670063183,0.00035583516614924783
temporal_acceleration:state_sequence,475,0.22637143093864942,0.051244024745211725
temporal_acceleration:state_sequence,476,-0.23489754030536769,0.055176854441511838
temporal_acceleration:state_sequence,477,-0.020905548027561893,0.00043704193833269696
temporal_acceleration:state_sequence,478,0.14006698769612219,0.019618761042265644
temporal_acceleration:state_sequence,479,-0.2597214551046334,0.067455234241668105
temporal_acceleration:state_sequence,480,-0.067057803530395643,0.0044967490143211428
temporal_acceleration:state_sequence,481,0.14850444653138589,0.022053570639593251
temporal_acceleration:state_sequence,482,-0.27197140794971153,0.073968446742148405
temporal_acceleration:state_sequence,483,-0.01653768477384715,0.00027349501767913583
temporal_acceleration:state_sequence,484,0.18375126544567216,0.033764527552885872
temporal_acceleration:state_sequence,485,-0.28487356357441707,0.081152947223587443
temporal_acceleration:state_sequence,486,-0.063910966706152983,0.0040846116653149951
temporal_acceleration:state_sequence,487,0.15716376399376841,0.024700448712688935
temporal_acceleration:state_sequence,488,-0.2903932964281597,0.084328266610413025
temporal_acceleration:state_sequence,489,-0.038895793683430824,0.0015128827662640172
temporal_acceleration:state_sequence,490,0.22156753596122236,0.049092172991927564
temporal_acceleration:state_sequence,491,-0.29058416491233308,0.08443915689779799
temporal_acceleration:state_sequence,492,-0.033115926138025387,0.0010966645639791531
temporal_acceleration:state_sequence,493,0.17373581603397331,0.030184133772990618
temporal_acceleration:state_sequence,494,-0.29407791658021543,0.086481821020160138
temporal_acceleration:state_sequence,495,-0.026126483636416675,0.00068259314720394825
temporal_acceleration:state_sequence,496,0.2194220192849447,0.048146022547082647
temporal_acceleration:state_sequence,497,-0.28821940630502363,0.083070426170820291
temporal_acceleration:state_sequence,498,0.0026233882775417161,6.8821660547432924e-06
temporal_acceleration:state_sequence,499,0.19975084232085022,0.039900399007889165
temporal_acceleration:state_sequence,500,-0.28297435719879527,0.08007448683207137
temporal_acceleration:state_sequence,501,-0.017746771054733546,0.00031494788286912838
temporal_acceleration:state_sequence,502,0.25300166229445209,0.064009841123755976
temporal_acceleration:state_sequence,503,-0.26738471762526306,0.071494587219541661
temporal_acceleration:state_sequence,504,-0.01112726109345874,0.00012381593944200058
temporal_acceleration:state_sequence,505,0.2367414331418885,0.056046506166075261
temporal_acceleration:state_sequence,506,-0.2512718471522124,0.063137541171284797
temporal_acceleration:state_sequence,507,-0.010133658313546678,0.00010269103081571371
temporal_acceleration:state_sequence,508,0.2740297835556349,0.075092322275548115
temporal_acceleration:state_sequence,509,-0.22954763377041054,0.052692116169594523
temporal_acceleration:state_sequence,510,0.0041237944667005255,1.7005680803589872e-05
temporal_acceleration:state_sequence,511,0.24993789879955416,0.062468953256336182
temporal_acceleration:state_sequence,512,-0.20529840608241035,0.04214743553997826
temporal_acceleration:state_sequence,513,-0.038518947373329809,0.0014837093067493513
temporal_acceleration:state_sequence,514,0.3711900892462906,0.13778208235466918
temporal_acceleration:state_sequence,515,-0.17699595506095456,0.031327568107939442
temporal_acceleration:state_sequence,516,0.0090667151241624611,8.220532314271631e-05
temporal_acceleration:state_sequence,517,0.19663245520139497,0.038664322438528596
temporal_acceleration:state_sequence,518,-0.14112365279648209,0.019915885378622027
temporal_acceleration:state_sequence,519,-0.053308245106552382,0.0028417689963402661
temporal_acceleration:state_sequence,520,0.37895784349924383,0.14360904714959738
temporal_acceleration:state_sequence,521,-0.11526052318409086,0.013284988204670346
temporal_acceleration:state_sequence,522,0.17521254655251853,0.030699436469418473
temporal_acceleration:state_sequence,523,-0.68017243506839076,0.46263454142686422
temporal_acceleration:state_sequence,524,-0.013964446527658936,0.00019500576682384571
temporal_acceleration:state_sequence,525,0.23596955030757899,0.055681628672361053
temporal_acceleration:state_sequence,526,-4.49623566566299,20.21613516117991
temporal_acceleration:state_sequence,527,0.043650811797979472,0.0019053933706226238
temporal_acceleration:state_sequence,528,0.0099680039243932317,9.9361102236718873e-05
temporal_acceleration:state_sequence,529,0.07536515293206647,0.0056799062764737677
temporal_acceleration:state_sequence,530,-0.067326371581821753,0.0045328403103735357
temporal_acceleration:state_sequence,531,-0.026783873519324874,0.0007173758806991922
temporal_acceleration:state_sequence,532,0.13943682363191018,0.019442627784556424
temporal_acceleration:state_sequence,533,-0.078361956801975552,0.0061405962738346823
temporal_acceleration:state_sequence,534,0.053554213499061171,0.0028680537835030257
temporal_acceleration:state_sequence,535,0.3010002029079839,0.090601122150647487
temporal_acceleration:state_sequence,536,-0.096231166647164912,0.0092604374342744253
temporal_acceleration:state_sequence,537,0.0005819462233098982,3.3866140682465392e-07
temporal_acceleration:state_sequence,538,0.27328600801201947,0.074685242175145564
temporal_acceleration:state_sequence,539,-0.096373399898541656,0.0092878322080042295
temporal_acceleration:state_sequence,540,-0.0043863907636614019,1.9240423931534058e-05
temporal_acceleration:state_sequence,541,0.29891536914213246,0.089350397909377308
temporal_acceleration:state_sequence,542,-0.096909353184471136,0.0093914227346325665
temporal_acceleration:state_sequence,543,-0.018535251419531384,0.00034355554518524021
temporal_acceleration:state_sequence,544,0.31018649581944291,0.096215662188745277
temporal_acceleration:state_sequence,545,-0.093595250921962858,0.0087600709951451885
temporal_acceleration:state_sequence,546,-0.002581055597771359,6.6618479987868675e-06
temporal_acceleration:state_sequence,547,0.39687224591386899,0.15750757957671851
temporal_acceleration:state_sequence,548,-0.090095424282443659,0.0081171854766335389
temporal_acceleration:state_sequence,549,-0.036371815348236192,0.0013229089517261899
temporal_acceleration:state_sequence,550,0.39855907923711065,0.15884933964233344
temporal_acceleration:state_sequence,551,-0.081972835296117985,0.0067195457264844867
temporal_acceleration:state_sequence,552,0.020135284826920397,0.00040542969506121075
temporal_acceleration:state_sequence,553,0.43365587747809303,0.18805742007129483
temporal_acceleration:state_sequence,554,-0.074713383846991555,0.0055820897258678989
temporal_acceleration:state_sequence,555,-0.035233450414464129,0.0012413960281085026
temporal_acceleration:state_sequence,556,0.4656402832670743,0.2168208734010412
temporal_acceleration:state_sequence,557,-0.062479247620106371,0.0039036563831745677
temporal_acceleration:state_sequence,558,-0.015068351492545928,0.00022705521670291111
temporal_acceleration:state_sequence,559,0.54155121704592801,0.29327772068392582
temporal_acceleration:state_sequence,560,-0.051460994255458914,0.0026482339297603753
temporal_acceleration:state_sequence,561,-0.040374765471635904,0.0016301216868896027
temporal_acceleration:state_sequence,562,0.61847544249584407,0.38251187297043016
temporal_acceleration:state_sequence,563,-0.037573697051418442,0.0014117827101117709
temporal_acceleration:state_sequence,564,0.0004095819503203979,1.677573740282609e-07
temporal_acceleration:state_sequence,565,0.56782221856137849,0.32242207189196587
temporal_acceleration:state_sequence,566,-0.021034485734783281,0.00044244959012680135
temporal_acceleration:state_sequence,567,-0.045767184821520757,0.0020946352064872401
temporal_acceleration:state_sequence,568,0.13761126686305386,0.018936860767654627
temporal_acceleration:state_sequence,569,0.018510866717447172,0.00034265218663109343
temporal_acceleration:state_sequence,570,0.037729101850798863,0.0014234851264679541
temporal_acceleration:state_sequence,571,-3.5223737822902264,12.407117062165556
temporal_acceleration:state_sequence,572,0.11994066484219967,0.014385763082788872
temporal_acceleration:state_sequence,573,0.049690965543807281,0.0024691920566758422
temporal_acceleration:state_sequence,574,-1.6799029998457677,2.8220740888908096
temporal_acceleration:state_sequence,575,0.092046164407277864,0.0084724963820916269
temporal_acceleration:state_sequence,576,-0.057253839372867904,0.0032780021229341589
temporal_acceleration:state_sequence,577,0.11033214327030527,0.012173181838619169
temporal_acceleration:state_sequence,578,-0.019171299287745747,0.00036753871638032056
temporal_acceleration:state_sequence,579,0.024901227677804755,0.00062007113986186962
temporal_acceleration:state_sequence,580,0.38759837369173405,0.15023249928847712
temporal_acceleration:state_sequence,581,-0.072677999625803125,0.0052820916296082389
temporal_acceleration:state_sequence,582,0.015859011912796595,0.0002515082588502243
temporal_acceleration:state_sequence,583,0.3447004403874715,0.11881839360331679
temporal_acceleration:state_sequence,584,-0.10294325235857826,0.010597313206161928
temporal_acceleration:state_sequence,585,-0.011240764943681175,0.00012635479651909164
temporal_acceleration:state_sequence,586,0.35220572410010642,0.12404887208888028
temporal_acceleration:state_sequence,587,-0.13142952343243586,0.017273719629677206
temporal_acceleration:state_sequence,588,0.05656283780092225,0.003199354620093439
temporal_acceleration:state_sequence,589,0.27006159420807108,0.072933264666204853
temporal_acceleration:state_sequence,590,-0.15726705804202101,0.024732927545192407
temporal_acceleration:state_sequence,591,0.57602198759640799,0.33180133019451641
temporal_acceleration:state_sequence,592,-0.34154590103707277,0.11665360251522591
temporal_acceleration:state_sequence,593,-0.18260207050917465,0.033343516154237592
temporal_acceleration:state_sequence,594,0.097165562946475992,0.0094411466227055877
temporal_acceleration:state_sequence,595,-0.16687121041884212,0.027846000866649484
temporal_acceleration:state_sequence,596,-0.18453890479724899,0.034054607383768129
temporal_acceleration:state_sequence,597,-0.081378282642060873,0.0066224248857711457
temporal_acceleration:state_sequence,598,0.29301037395525042,0.085855079245395691
temporal_acceleration:state_sequence,599,-0.18709565178890442,0.035004782918314971
temporal_acceleration:state_sequence,600,-0.1514530824174018,0.022938036173732301
temporal_acceleration:state_sequence,601,0.38523204363034091,0.14840372743960889
temporal_acceleration:state_sequence,602,-0.19934183965649721,0.039737169037636647
temporal_acceleration:state_sequence,603,-0.11825711660964605,0.013984745628827424
temporal_acceleration:state_sequence,604,0.38006683551240927,0.14445079945641676
temporal_acceleration:state_sequence,605,-0.21563640186703648,0.046499057810162052
temporal_acceleration:state_sequence,606,-0.11274719548765855,0.012711930090332292
temporal_acceleration:state_sequence,607,0.24256148379805359,0.058836073422313416
temporal_acceleration:state_sequence,608,-0.2317838352752899,0.053723746294922721
temporal_acceleration:state_sequence,609,-0.041328399339526645,0.0017080365919673864
temporal_acceleration:state_sequence,610,0.25411794532405274,0.06457593013571826
temporal_acceleration:state_sequence,611,-0.24111155963246755,0.058134784188400956
temporal_acceleration:state_sequence,612,-0.10198411110638295,0.010400758918159062
temporal_acceleration:state_sequence,613,0.19030904176173702,0.036217531376270568
temporal_acceleration:state_sequence,614,-0.24217107778834457,0.058646830917168435
temporal_acceleration:state_sequence,615,-0.20063574659288347,0.040254702810883752
temporal_acceleration:state_sequence,616,0.090417138958179544,0.0081752590173827487
temporal_acceleration:state_sequence,617,-0.2390077068711971,0.057124683943828081
temporal_acceleration:state_sequence,618,-0.37988388448519067,0.14431176569155768
temporal_acceleration:state_sequence,619,-0.38930454751178706,0.15155803071335727
temporal_acceleration:state_sequence,620,-0.24772787518169137,0.061369100142035657
temporal_acceleration:state_sequence,621,-0.018114934571178409,0.00032815085451807472
temporal_acceleration:state_sequence,622,0.18710276153569017,0.035007443374281341
temporal_acceleration:state_sequence,623,-0.2308013275672427,0.053269252806801663
temporal_acceleration:state_sequence,624,0.028004286907399312,0.00078424008519193647
temporal_acceleration:state_sequence,625,0.21335636198505592,0.045520937199498214
temporal_acceleration:state_sequence,626,-0.2187003597213133,0.047829847342231835
temporal_acceleration:state_sequence,627,0.015318163899984416,0.00023464614526678577
temporal_acceleration:state_sequence,628,0.15267502195276311,0.023309662328276699
temporal_acceleration:state_sequence,629,-0.20315694954511354,0.041272746148475807
temporal_acceleration:state_sequence,630,0.010454086721654182,0.00010928792918386628
temporal_acceleration:state_sequence,631,0.13708427138842322,0.01879209746209487
temporal_acceleration:state_sequence,632,-0.18002906668702634,0.032410464852201774
temporal_acceleration:state_sequence,633,0.041818273929918742,0.0017487680344777216
temporal_acceleration:state_sequence,634,0.10577921321972245,0.011189241949383503
temporal_acceleration:state_sequence,635,-0.15470980697301906,0.023935124373628817
temporal_acceleration:state_sequence,636,0.013288291809869374,0.00017657869922424148
temporal_acceleration:state_sequence,637,0.10099699106907403,0.01020039220500662
temporal_acceleration:state_sequence,638,-0.11999957467413447,0.014399897921973175
temporal_acceleration:state_sequence,639,0.036633300929475587,0.001341998736989517
temporal_acceleration:state_sequence,640,0.048269109716546979,0.00232990695282805
temporal_acceleration:state_sequence,641,-0.082626997547496916,0.0068272207237140611
temporal_acceleration:state_sequence,642,0.046536313816503486,0.0021656285036280934
temporal_acceleration:state_sequence,643,0.014954080775546955,0.00022362453184158302
temporal_acceleration:state_sequence,644,-0.037567226712997837,0.0014112965229057782
temporal_acceleration:state_sequence,645,0.012756909759394711,0.00016273874660934003
temporal_acceleration:state_sequence,646,0.003362142298277554,1.1304000833867073e-05
temporal_acceleration:state_sequence,647,0.015839004525197709,0.00025087406434923351
temporal_acceleration:state_sequence,648,0.041812203441281559,0.0017482603566151174
temporal_acceleration:state_sequence,649,-0.073351144280542693,0.0053803903672649906
temporal_acceleration:state_sequence,650,0.075239008461241985,0.0056609083942308434
temporal_acceleration:state_sequence,651,0.018777282447279588,0.00035258633610491408
temporal_acceleration:state_sequence,652,-0.20387540200470311,0.041565179542579302
temporal_acceleration:state_sequence,653,0.14612343827577479,0.021352059213534162
temporal_acceleration:state_sequence,654,0.12611690834076367,0.015905474569432584
temporal_acceleration:state_sequence,655,-1.3298774833582558,1.7685741207432881
temporal_acceleration:state_sequence,656,0.25315587845798349,0.064087898797833304
temporal_acceleration:state_sequence,657,0.051357518684005295,0.0026375947253779531
temporal_acceleration:state_sequence,658,0.014122896535891591,0.00019945620656349871
temporal_acceleration:state_sequence,659,0.25084513768747763,0.062923283101449609
temporal_acceleration:state_sequence,660,0.0079674430664376447,6.34801490169253e-05
temporal_acceleration:state_sequence,661,0.17173148168655214,0.029491701802258592
temporal_acceleration:state_sequence,662,0.30843973882262454,0.095135072484968844
temporal_acceleration:state_sequence,663,0.0042940315422983558,1.8438706886253195e-05
temporal_acceleration:state_sequence,664,0.17292911909367273,0.029904480230513647
temporal_acceleration:state_sequence,665,0.38857684778404455,0.15099196663378453
temporal_acceleration:state_sequence,666,-0.029279884651000829,0.00085731164517591392
temporal_acceleration:state_sequence,667,0.40643202606990914,0.16518699181529131
temporal_acceleration:state_sequence,668,0.47557348581047376,0.2261701404059249
temporal_acceleration:state_sequence,669,0.032329093367169763,0.00104517027794318
temporal_acceleration:state_sequence,670,0.63419787894560842,0.40220694965910858
temporal_acceleration:state_sequence,671,0.5837175014003243,0.34072612144103759
temporal_acceleration:state_sequence,672,-0.0095902366171335754,9.1972638372609649e-05
temporal_acceleration:state_sequence,673,-1.6682706655024222,2.7831270133758945
temporal_acceleration:state_sequence,674,0.87001670137664411,0.75692906067429677
temporal_acceleration:state_sequence,675,0.045313889072289802,0.002053348542855785
temporal_acceleration:state_sequence,676,1.6549928399973504,2.7390013004424953
temporal_acceleration:state_sequence,677,0.67554003674079321,0.45635434123975227
temporal_acceleration:state_sequence,678,0.012376206771531287,0.0001531704940516969
temporal_acceleration:state_sequence,679,-1.0460114013318789,1.094139851716281
temporal_acceleration:state_sequence,680,0.73951653460466726,0.54688470495369601
temporal_acceleration:state_sequence,681,0.011792046797789724,0.00013905236768126287
temporal_acceleration:state_sequence,682,0.009460669837165446,8.9504273767852073e-05
temporal_acceleration:state_sequence,683,0.52813867259531577,0.27893045749074213
temporal_acceleration:state_sequence,684,0.0041282595437470114,1.7042526860538284e-05
temporal_acceleration:state_sequence,685,0.095478569314950412,0.0091161571984297897
temporal_acceleration:state_sequence,686,0.41452597057757279,0.17183178028327875
temporal_acceleration:state_sequence,687,0.00034770174113360822,1.2089650078734271e-07
temporal_acceleration:state_sequence,688,0.062915348901026014,0.0039583411273378354
temporal_acceleration:state_sequence,689,0.32742014818632204,0.10720395343835308
temporal_acceleration:state_sequence,690,0.10979363928562204,0.012054643227581287
temporal_acceleration:state_sequence,691,-0.10534091523819149,0.011096708423219843
temporal_acceleration:state_sequence,692,0.25651505121930818,0.065799971502044294
temporal_acceleration:state_sequence,693,0.20735801011315813,0.042997344358088586
temporal_acceleration:state_sequence,694,-0.10020504240393401,0.010041050523174212
temporal_acceleration:state_sequence,695,0.19526238750879332,0.03812739997563417
temporal_acceleration:state_sequence,696,0.085759118617842453,0.0073546264261091718
temporal_acceleration:state_sequence,697,-0.06003485008508358,0.00360418322473846
temporal_acceleration:state_sequence,698,0.14772767116616459,0.021823464828178457
temporal_acceleration:state_sequence,699,-0.019418263880256401,0.00037706897212327038
temporal_acceleration:state_sequence,700,0.06895433038591145,0.0047546996789694313
temporal_acceleration:state_sequence,701,0.10950311577446747,0.011990932364316427
temporal_acceleration:state_sequence,702,0.011522166786061272,0.00013276032744581354
temporal_acceleration:state_sequence,703,0.060477724532230076,0.0036575551645963034
temporal_acceleration:state_sequence,704,0.070909850616479586,0.0050282069144514507
temporal_acceleration:state_sequence,705,0.018871838564762239,0.00035614629081444729
temporal_acceleration:state_sequence,706,0.092985378531614954,0.0086462806206677196
temporal_acceleration:state_sequence,707,0.043488421773524299,0.0018912428283519424
temporal_acceleration:state_sequence,708,-0.1724559913344817,0.029741068947158826
temporal_acceleration:state_sequence,709,0.089270272007324417,0.0079691814642616886
temporal_acceleration:state_sequence,710,0.033863701003272739,0.0011467502456390551
temporal_acceleration:state_sequence,711,-0.27197669319966367,0.073971321643823973
temporal_acceleration:state_sequence,712,-0.22919197809165825,0.05252896282156716
temporal_acceleration:state_sequence,713,0.012183103922336347,0.00014842802118244727
