factor_id,residual_index,value,squared_error
point_reprojection:measurement_ir,0,4.9019998618859974e-05,2.4029602645930337e-09
point_reprojection:measurement_ir,1,0.00010621128550383218,1.1280837168376552e-08
point_reprojection:measurement_ir,2,-0.0001481480376696709,2.1947841065374226e-08
point_reprojection:measurement_ir,3,-8.1835966648213804e-05,6.6971254372475623e-09
point_reprojection:measurement_ir,4,4.8112192416738253e-05,2.3147830591452459e-09
point_reprojection:measurement_ir,5,0.00019550852535985542,3.8223583488385229e-08
point_reprojection:measurement_ir,6,0.00010864459825370432,1.1803648729708812e-08
point_reprojection:measurement_ir,7,-0.00049441504862670629,2.4444624030854834e-07
point_reprojection:measurement_ir,8,-8.6421076889564572e-05,7.468602530752032e-09
point_reprojection:measurement_ir,9,0.00036383337300094354,1.323747233092437e-07
point_reprojection:measurement_ir,10,0.0001038683449223754,1.0788633076913547e-08
point_reprojection:measurement_ir,11,-0.00027442174457519285,7.5307293895692387e-08
point_reprojection:measurement_ir,12,-0.00011145918638248986,1.2423150229046614e-08
point_reprojection:measurement_ir,13,2.9501972096568353e-05,8.7036635758669765e-10
point_reprojection:measurement_ir,14,9.5110395182018689e-05,9.0459872716797641e-09
point_reprojection:measurement_ir,15,0.00042651761276601974,1.8191727399962436e-07
point_reprojection:measurement_ir,16,-1.5048306522658095e-05,2.2645152919987416e-10
point_reprojection:measurement_ir,17,-0.00041258590903225922,1.7022713233197567e-07
point_reprojection:measurement_ir,18,0.00024577215529006933,6.0403952315925952e-08
point_reprojection:measurement_ir,19,-9.6676520229266316e-06,9.3463495636397389e-11
point_reprojection:measurement_ir,20,-0.00047680854156624265,2.2734638531052736e-07
point_reprojection:measurement_ir,21,0.00014962026192506529,2.2386222778525142e-08
point_reprojection:measurement_ir,22,0.00026868653205838202,7.2192452509559947e-08
point_reprojection:measurement_ir,23,-0.00011043964774444248,1.2196915793916539e-08
point_reprojection:measurement_ir,24,-8.903319380806351e-05,7.9269095996641992e-09
point_reprojection:measurement_ir,25,8.269689838016347e-05,6.8387770016990837e-09
point_reprojection:measurement_ir,26,-9.7210806575276362e-05,9.4499409150157944e-09
point_reprojection:measurement_ir,27,-0.00036009983656981603,1.2967189229760821e-07
point_reprojection:measurement_ir,28,0.00030324360307076859,9.1956682803341855e-08
point_reprojection:measurement_ir,29,1.3767527013897051e-05,1.8954480007838506e-10
point_reprojection:measurement_ir,30,-0.00044566645319719098,1.9861858750536402e-07
point_reprojection:measurement_ir,31,0.00046209965106527309,2.1353608751464715e-07
point_reprojection:measurement_ir,32,0.00024173995823275617,5.8438207406374697e-08
point_reprojection:measurement_ir,33,-8.3743589959794912e-05,7.0129888593542632e-09
point_reprojection:measurement_ir,34,-5.3862042545915759e-05,2.9011196272180392e-09
point_reprojection:measurement_ir,35,-5.2397562126316191e-05,2.7455045167811647e-09
point_reprojection:measurement_ir,36,0.0015425448629912352,2.3794446543406487e-06
point_reprojection:measurement_ir,37,-3.351438107301874e-05,1.1232137387075166e-09
point_reprojection:measurement_ir,38,-0.0027252661739566976,7.427075718912577e-06
point_reprojection:measurement_ir,39,0.001287471592422662,1.6575831012953452e-06
point_reprojection:measurement_ir,40,-5.7998126135316855e-05,3.363782635208124e-09
point_reprojection:measurement_ir,41,0.0023448618146176157,5.4983769296518175e-06
point_reprojection:measurement_ir,42,0.0016209861395282132,2.6275960645425798e-06
point_reprojection:measurement_ir,43,0.00012995472500278992,1.6888230550550752e-08
point_reprojection:measurement_ir,44,0.00071010181540600572,5.0424458824290506e-07
point_reprojection:measurement_ir,45,-0.047786924943756047,0.0022835901955801739
point_reprojection:measurement_ir,46,0.00046616138026820406,2.1730643245355716e-07
point_reprojection:measurement_ir,47,0.0092214600857460031,8.5035326113006677e-05
point_reprojection:measurement_ir,48,-0.0016069629828734833,2.582330028325643e-06
point_reprojection:measurement_ir,49,-0.0018579088319597759,3.4518252278741391e-06
point_reprojection:measurement_ir,50,-0.0010796819943379888,1.1657132088976569e-06
point_reprojection:measurement_ir,51,0.0013961759613835057,1.9493073151451565e-06
point_reprojection:measurement_ir,52,0.0031328801798963467,9.8149382215873651e-06
point_reprojection:measurement_ir,53,-0.00051450602898057691,2.6471645385736225e-07
point_reprojection:measurement_ir,54,-0.0012940522635062734,1.6745712606857098e-06
point_reprojection:measurement_ir,55,-0.00018040707817590373,3.2546713855966642e-08
point_reprojection:measurement_ir,56,-0.00035329763284153159,1.2481921737142966e-07
point_reprojection:measurement_ir,57,0.00053665686051544985,2.8800058593829899e-07
point_reprojection:measurement_ir,58,0.00023647249016676142,5.5919238605669078e-08
point_reprojection:measurement_ir,59,-0.00046344683447614444,2.1478296838595884e-07
point_reprojection:measurement_ir,60,-1.8048993410957337e-06,3.2576616314878136e-12
point_reprojection:measurement_ir,61,0.0010266880211588613,1.0540882927910986e-06
point_reprojection:measurement_ir,62,-1.3319335891992523e-05,1.7740470860372026e-10
point_reprojection:measurement_ir,63,-0.0025992277418026787,6.7559848537566522e-06
point_reprojection:measurement_ir,64,-0.00012587922784632611,1.5845580003187283e-08
point_reprojection:measurement_ir,65,0.0024992071696487983,6.246036476823957e-06
point_reprojection:measurement_ir,66,0.00026123218740394807,6.8242255735851437e-08
point_reprojection:measurement_ir,67,-0.00088314200215791063,7.7993979597548304e-07
point_reprojection:measurement_ir,68,4.136424082616941e-05,1.7110004191253402e-09
point_reprojection:measurement_ir,69,0.00028157946128430921,7.9286993017161789e-08
point_reprojection:measurement_ir,70,-0.00047389877979640003,2.2458005349251683e-07
point_reprojection:measurement_ir,71,-0.00095825046289519376,9.1824394963885313e-07
point_reprojection:measurement_ir,72,-0.00057297299815672886,3.282980566167108e-07
point_reprojection:measurement_ir,73,5.6159572432079584e-05,3.153897575753993e-09
point_reprojection:measurement_ir,74,0.00047946606759978748,2.2988770997960398e-07
point_reprojection:measurement_ir,75,0.00071387157772733194,5.0961262948691014e-07
point_reprojection:measurement_ir,76,0.0038123493175362456,1.4534007318919078e-05
point_reprojection:measurement_ir,77,0.0010684054867624582,1.1414902841441251e-06
point_reprojection:measurement_ir,78,-0.0055460611816215534,3.0758794630289459e-05
point_reprojection:measurement_ir,79,0.00051501646725000678,2.652419615386773e-07
point_reprojection:measurement_ir,80,0.0034279450327858287,1.1750807147801036e-05
point_reprojection:measurement_ir,81,0.0055598125201299807,3.0911515258994084e-05
point_reprojection:measurement_ir,82,-0.0086398909191871091,7.4647715095451866e-05
point_reprojection:measurement_ir,83,-0.056975273207177678,0.0032461817570325385
point_reprojection:measurement_ir,84,0.0012856207414415621,1.6528206908247519e-06
point_reprojection:measurement_ir,85,0.0067475373277375182,4.5529259989211167e-05
point_reprojection:measurement_ir,86,-0.0029800461989680114,8.8806753479836924e-06
point_reprojection:measurement_ir,87,-0.0019164229962598256,3.6726771005934876e-06
point_reprojection:measurement_ir,88,0.0064313030661196533,4.1361659128280052e-05
point_reprojection:measurement_ir,89,0.0036241172267750697,1.3134225673407822e-05
point_reprojection:measurement_ir,90,-0.0053432430089515037,2.8550245852709118e-05
point_reprojection:measurement_ir,91,-0.001381872778779325,1.9095723767312932e-06
point_reprojection:measurement_ir,92,0.0017707054939364753,3.135397946256817e-06
point_reprojection:measurement_ir,93,-0.00049483946253303657,2.4486609367998451e-07
point_reprojection:measurement_ir,94,-0.00045817529653504609,2.0992460235497743e-07
point_reprojection:measurement_ir,95,0.00032685290501603957,1.0683282151742418e-07
point_reprojection:measurement_ir,96,0.00034275430004981899,1.1748051020264134e-07
point_reprojection:measurement_ir,97,7.1757589921617182e-05,5.1491517113589756e-09
point_reprojection:measurement_ir,98,-0.00033182535091782486,1.1010806351173761e-07
point_reprojection:measurement_ir,99,0.00017266692520934157,2.9813867061248356e-08
point_reprojection:measurement_ir,100,0.00050002571053937568,2.5002571120040749e-07
point_reprojection:measurement_ir,101,-0.00046698044683353147,2.1807073772484471e-07
point_reprojection:measurement_ir,102,-0.00053503975327657822,2.8626753758626167e-07
point_reprojection:measurement_ir,103,0.00035835247327895556,1.2841649510514455e-07
point_reprojection:measurement_ir,104,9.5151493565026615e-05,9.0538067276553006e-09
point_reprojection:measurement_ir,105,-0.00059110941732569704,3.4941034325112508e-07
point_reprojection:measurement_ir,106,0.00098266689260526627,9.6563422182249002e-07
point_reprojection:measurement_ir,107,0.0018908985254142863,3.5754972334139225e-06
point_reprojection:measurement_ir,108,-0.0024165526421484175,5.8397266722744975e-06
point_reprojection:measurement_ir,109,-0.0035700202925568192,1.2745044889267477e-05
point_reprojection:measurement_ir,110,0.0022639003144149681,5.1252446336081918e-06
point_reprojection:measurement_ir,111,0.0081428726903254763,6.6306375650848466e-05
point_reprojection:measurement_ir,112,-0.0028087873944059537,7.8892866269737868e-06
point_reprojection:measurement_ir,113,-0.00073893422625133094,5.4602379072565318e-07
point_reprojection:measurement_ir,114,0.01350577415942098,0.00018240593564528349
point_reprojection:measurement_ir,115,-0.047992211163108325,0.0023032523323243794
point_reprojection:measurement_ir,116,-0.0019538529931196536,3.8175415187226296e-06
point_reprojection:measurement_ir,117,0.00507342784312641,2.5739670079410296e-05
point_reprojection:measurement_ir,118,0.0016816532119491967,2.8279575252590496e-06
point_reprojection:measurement_ir,119,0.0027886439321036958,7.7765349800587623e-06
point_reprojection:measurement_ir,120,-0.0019385210039899903,3.7578636829103599e-06
point_reprojection:measurement_ir,121,-0.0022176071293415591,4.9177813801065105e-06
point_reprojection:measurement_ir,122,0.00082968976471420319,6.8838510567150984e-07
point_reprojection:measurement_ir,123,0.0015708359818177088,2.4675256817732051e-06
point_reprojection:measurement_ir,124,-0.00040588941442365467,1.6474621674117728e-07
point_reprojection:measurement_ir,125,-0.0013277839649163069,1.7630102574888686e-06
point_reprojection:measurement_ir,126,0.0018506704440596877,3.4249810925160818e-06
point_reprojection:measurement_ir,127,0.003637092951282739,1.3228445136270584e-05
point_reprojection:measurement_ir,128,-0.001832333265952002,3.35744519751433e-06
point_reprojection:measurement_ir,129,-0.0041121992764260543,1.6910182889038965e-05
point_reprojection:measurement_ir,130,0.00048981405107042522,2.3991780462602111e-07
point_reprojection:measurement_ir,131,0.001494634758785196,2.2339330621688812e-06
point_reprojection:measurement_ir,132,-1.1227932270685415e-05,1.2606646307509894e-10
point_reprojection:measurement_ir,133,-5.2450571365625366e-05,2.7510624365805598e-09
point_reprojection:measurement_ir,134,-0.00014915150690057998,2.2246172010713757e-08
point_reprojection:measurement_ir,135,1.7100455386298564e-05,2.9242557441878757e-10
point_reprojection:measurement_ir,136,4.5494925655020782e-05,2.0697882603558682e-09
point_reprojection:measurement_ir,137,0.00010626755916973707,1.1292794131893571e-08
point_reprojection:measurement_ir,138,0.00018781656588089389,3.5275062419292158e-08
point_reprojection:measurement_ir,139,-8.9412752288353659e-05,7.9946402717784927e-09
point_reprojection:measurement_ir,140,-0.00036310069158389523,1.31842112228703e-07
point_reprojection:measurement_ir,141,8.5261140657166831e-05,7.2694621061611866e-09
point_reprojection:measurement_ir,142,0.0005513321697890206,3.0396716144426943e-07
point_reprojection:measurement_ir,143,-0.00060412384930259573,3.6496562529618538e-07
point_reprojection:measurement_ir,144,-0.0021746091282921045,4.7289248608513466e-06
point_reprojection:measurement_ir,145,0.00055962942587939324,3.131850943100993e-07
point_reprojection:measurement_ir,146,0.004723020500887287,2.2306922651801599e-05
point_reprojection:measurement_ir,147,0.00061601401524740145,3.7947326698122577e-07
point_reprojection:measurement_ir,148,-0.0038793745723296525,1.5049547072437874e-05
point_reprojection:measurement_ir,149,-0.0022408575693020792,5.0214426458984228e-06
point_reprojection:measurement_ir,150,0.0011028253055201276,1.2162236544955629e-06
point_reprojection:measurement_ir,151,0.0076182866502222165,5.8038291484954042e-05
point_reprojection:measurement_ir,152,0.00066754790168488398,4.4562020104389153e-07
point_reprojection:measurement_ir,153,-0.0051909044648937195,2.6945489163653553e-05
point_reprojection:measurement_ir,154,-0.0034571078231294904,1.1951594500743123e-05
point_reprojection:measurement_ir,155,-0.021024427135222366,0.00044202653636427454
point_reprojection:measurement_ir,156,-0.0010806955009002195,1.1679027656659763e-06
point_reprojection:measurement_ir,157,0.0030143674507598917,9.086411128200688e-06
point_reprojection:measurement_ir,158,0.0030056687172645979,9.034044437943014e-06
point_reprojection:measurement_ir,159,0.0023864851797952722,5.6953115133824727e-06
point_reprojection:measurement_ir,160,-0.0027002545329196438,7.2913745425530832e-06
point_reprojection:measurement_ir,161,-0.0010830200525788313,1.1729324342878546e-06
point_reprojection:measurement_ir,162,0.00087301539761028832,7.6215588446464981e-07
point_reprojection:measurement_ir,163,-0.00063653127500629125,4.0517206406113481e-07
point_reprojection:measurement_ir,164,0.00026850469373584929,7.2094770558182229e-08
point_reprojection:measurement_ir,165,0.0011574136568583526,1.3396063730822242e-06
point_reprojection:measurement_ir,166,-0.00040943266540125476,1.6763510749757584e-07
point_reprojection:measurement_ir,167,-0.00094097051086237114,8.8542550231259168e-07
point_reprojection:measurement_ir,168,0.00042642473904379584,1.8183805806856937e-07
point_reprojection:measurement_ir,169,0.00085411107340860326,7.2950572571919649e-07
point_reprojection:measurement_ir,170,-0.00037096881130764813,1.3761785896300944e-07
point_reprojection:measurement_ir,171,-0.00061335161273063927,3.7620020083927612e-07
point_reprojection:measurement_ir,172,0.00028083679123938057,7.8869303313631422e-08
point_reprojection:measurement_ir,173,5.7773916842052132e-05,3.3378254672723551e-09
point_reprojection:measurement_ir,174,-0.00063118783291429283,3.9839808041904127e-07
point_reprojection:measurement_ir,175,0.00070046949745119493,4.9065751685952961e-07
point_reprojection:measurement_ir,176,0.00060015451610979649,3.6018544320698397e-07
point_reprojection:measurement_ir,177,-0.0010228285700804919,1.0461782837729037e-06
point_reprojection:measurement_ir,178,-0.00012486227749377576,1.5590588340932662e-08
point_reprojection:measurement_ir,179,0.00027535654579651235,7.5821227312986804e-08
point_reprojection:measurement_ir,180,0.0006791722380285137,4.6127492890866008e-07
point_reprojection:measurement_ir,181,0.00045042870559655059,2.0288601882538405e-07
point_reprojection:measurement_ir,182,-0.00038146965175656078,1.4551909521127174e-07
point_reprojection:measurement_ir,183,0.00018891233636395555,3.5687870830488283e-08
point_reprojection:measurement_ir,184,-0.00062585934254002498,3.9169991664463231e-07
point_reprojection:measurement_ir,185,-0.00036756909738642205,1.3510704135346903e-07
point_reprojection:measurement_ir,186,-0.0010337227201034694,1.0685826620581158e-06
point_reprojection:measurement_ir,187,0.0037071416840831263,1.3742899465866677e-05
point_reprojection:measurement_ir,188,0.0004109969537239522,1.6891849597036851e-07
point_reprojection:measurement_ir,189,0.00030661806440548391,9.4014637419765486e-08
point_reprojection:measurement_ir,190,0.0095108774414654814,9.0456789706576976e-05
point_reprojection:measurement_ir,191,-0.044906014786653257,0.002016550164019121
point_reprojection:measurement_ir,192,-0.0016361762978249316,2.6770728775640993e-06
point_reprojection:measurement_ir,193,0.0073378035007635846,5.3843360215818321e-05
point_reprojection:measurement_ir,194,0.00063142564665668037,3.98698347255807e-07
point_reprojection:measurement_ir,195,3.3695494084895469e-05,1.1353863216252255e-09
point_reprojection:measurement_ir,196,-0.0017565594030202192,3.0855009363387487e-06
point_reprojection:measurement_ir,197,-0.0018671334949431184,3.4861874879385038e-06
point_reprojection:measurement_ir,198,0.0021309652036052285,4.5410126989762727e-06
point_reprojection:measurement_ir,199,0.0031716128404127631,1.0059128009471116e-05
point_reprojection:measurement_ir,200,-0.0011569966115075659,1.3386411590399894e-06
point_reprojection:measurement_ir,201,-0.0012960760370901881,1.6798130939194066e-06
point_reprojection:measurement_ir,202,0.00058380701199212126,3.4083062725116884e-07
point_reprojection:measurement_ir,203,-0.00035648725863666184,1.2708316557028223e-07
point_reprojection:measurement_ir,204,-0.00030780376143866304,9.4743155555789387e-08
point_reprojection:measurement_ir,205,-7.1271060619437774e-06,5.0795640818195737e-11
point_reprojection:measurement_ir,206,7.5029133836324038e-05,5.6293709242290245e-09
point_reprojection:measurement_ir,207,0.00026542107037812456,7.0448344600669352e-08
point_reprojection:measurement_ir,208,0.00015928576311807774,2.5371954332108373e-08
point_reprojection:measurement_ir,209,-2.419233143200472e-05,5.8526890011596353e-10
point_reprojection:measurement_ir,210,-0.00046627864470565327,2.1741577450854084e-07
point_reprojection:measurement_ir,211,0.00012504435733262653,1.5636091300729589e-08
point_reprojection:measurement_ir,212,0.00054733997860694221,2.9958105218144795e-07
point_reprojection:measurement_ir,213,-0.00054055073519521102,2.9219509732008315e-07
point_reprojection:measurement_ir,214,-0.00013733047749155957,1.8859660048059752e-08
point_reprojection:measurement_ir,215,0.00081606202294324246,6.6595722529021721e-07
point_reprojection:measurement_ir,216,-0.00011679886201818591,1.3641974168743231e-08
point_reprojection:measurement_ir,217,-0.00069140347035272502,4.7803875881579152e-07
point_reprojection:measurement_ir,218,-0.00011910591708783614,1.4186219485334497e-08
point_reprojection:measurement_ir,219,0.0010587466059178042,1.12094437554247e-06
point_reprojection:measurement_ir,220,0.00040388710478964638,1.6312479341536279e-07
point_reprojection:measurement_ir,221,-0.0018378468400555904,3.3776810075023186e-06
point_reprojection:measurement_ir,222,-0.00032528688050206258,1.0581155462676315e-07
point_reprojection:measurement_ir,223,0.0016814357740031483,2.8272262620975663e-06
point_reprojection:measurement_ir,224,-0.00068941755248488337,4.752965616742469e-07
point_reprojection:measurement_ir,225,-0.0013308922826695379,1.7712742680693332e-06
point_reprojection:measurement_ir,226,-2.5470882997069565e-05,6.4876588065040744e-10
point_reprojection:measurement_ir,227,0.0018213769249314283,3.3174139026726657e-06
point_reprojection:measurement_ir,228,0.0033539268340064153,1.1248825207868295e-05
point_reprojection:measurement_ir,229,-0.0020517708068041431,4.2097634436537243e-06
point_reprojection:measurement_ir,230,-0.0017103331089629136,2.9252393436147457e-06
point_reprojection:measurement_ir,231,0.0013683237111990821,1.872309778629629e-06
point_reprojection:measurement_ir,232,-0.0028288353502830431,8.0023094390109874e-06
point_reprojection:measurement_ir,233,-0.00071002534832587116,5.0413599526527472e-07
point_reprojection:measurement_ir,234,0.0020109148555093269,4.0437785561080974e-06
point_reprojection:measurement_ir,235,0.00038190260114561169,1.4584959676178415e-07
point_reprojection:measurement_ir,236,8.4249616929810148e-05,7.0979979528197523e-09
point_reprojection:measurement_ir,237,-0.00025445462198376846,6.4747154648902498e-08
point_reprojection:measurement_ir,238,-0.00027515279809904315,7.5709062301732809e-08
point_reprojection:measurement_ir,239,-2.4468651349707216e-05,5.987148988735288e-10
point_reprojection:measurement_ir,240,0.00029021050784194813,8.4222138861881431e-08
point_reprojection:measurement_ir,241,0.00023050141289786551,5.3130901347912277e-08
point_reprojection:measurement_ir,242,-0.00025089311832289242,6.2947356821784889e-08
point_reprojection:measurement_ir,243,-0.00022966917387066133,5.2747929426432064e-08
point_reprojection:measurement_ir,244,0.00011991634373771376,1.4379929495421522e-08
point_reprojection:measurement_ir,245,0.00022256294362250629,4.9534263873914914e-08
point_reprojection:measurement_ir,246,-0.00021381880219450977,4.5718480171894895e-08
point_reprojection:measurement_ir,247,-0.00015420239514014612,2.377837866695776e-08
point_reprojection:measurement_ir,248,0.00010966973993618013,1.2027451857669382e-08
point_reprojection:measurement_ir,249,0.00018460736108636411,3.4079877767271225e-08
point_reprojection:measurement_ir,250,0.00025073119791159116,6.2866133606181492e-08
point_reprojection:measurement_ir,251,-0.00016159374831659079,2.6112539495005689e-08
point_reprojection:measurement_ir,252,-0.00082031948084022584,6.7292405064597765e-07
point_reprojection:measurement_ir,253,-0.00021095911188240279,4.4503746886212143e-08
point_reprojection:measurement_ir,254,0.0017597747545778474,3.0968071868495234e-06
point_reprojection:measurement_ir,255,0.00087296201446633863,7.6206267870112804e-07
point_reprojection:measurement_ir,256,-0.0016302915323421984,2.6578504804266733e-06
point_reprojection:measurement_ir,257,-0.00086544632778213777,7.4899734627158741e-07
point_reprojection:measurement_ir,258,0.00048884392842865056,2.3896838636155564e-07
point_reprojection:measurement_ir,259,0.00032241770043128781,1.0395317355139965e-07
point_reprojection:measurement_ir,260,3.1017133210298198e-05,9.6206255258538348e-10
point_reprojection:measurement_ir,261,-3.7503816281514445e-05,1.406536235677588e-09
point_reprojection:measurement_ir,262,5.6240012190755807e-05,3.1629389712163616e-09
point_reprojection:measurement_ir,263,-0.00012738255156818923,1.6226314444022387e-08
point_reprojection:measurement_ir,264,-8.1616394800221309e-05,6.661235900185592e-09
point_reprojection:measurement_ir,265,0.0002319370695431644,5.3794804228270678e-08
point_reprojection:measurement_ir,266,3.8204170277822416e-05,1.4595586266168497e-09
point_reprojection:measurement_ir,267,-0.00024106320109922307,5.8111466924204464e-08
point_reprojection:measurement_ir,268,8.6088394755279293e-05,7.4112117115407997e-09
point_reprojection:measurement_ir,269,0.00022232134899695665,4.9426782219826596e-08
point_reprojection:measurement_ir,270,-0.00032588125143320215,1.0619859003566991e-07
point_reprojection:measurement_ir,271,-0.00015927650819094196,2.5369006061499203e-08
point_reprojection:measurement_ir,272,0.00022269582379976782,4.9593429937857233e-08
point_reprojection:measurement_ir,273,3.1183308942672737e-05,9.7239875661417349e-10
point_reprojection:measurement_ir,274,-0.00012724761336357915,1.6191955106726928e-08
point_reprojection:measurement_ir,275,-0.00013255867928592125,1.7571803454027729e-08
point_reprojection:measurement_ir,276,0.00024100695395645744,5.8084351855369997e-08
point_reprojection:measurement_ir,277,0.00031808022092718604,1.0117502694508749e-07
point_reprojection:measurement_ir,278,-0.0004575633937747625,2.0936425932267837e-07
point_reprojection:measurement_ir,279,-0.00031708712627960268,1.0054424565225669e-07
point_reprojection:measurement_ir,280,0.00069543737984076868,4.836331492797936e-07
point_reprojection:measurement_ir,281,0.00011639429377510168,1.3547631623404673e-08
point_reprojection:measurement_ir,282,-0.00055789471903153751,3.1124651752327816e-07
point_reprojection:measurement_ir,283,-8.5026490546624705e-05,7.2295040946752605e-09
point_reprojection:measurement_ir,284,0.00025429691784211171,6.4666922423997722e-08
point_reprojection:measurement_ir,285,9.1075781938343425e-06,8.2947980556806825e-11
point_reprojection:measurement_ir,286,6.9313158837758232e-05,4.8043139880683022e-09
point_reprojection:measurement_ir,287,-0.00050826338119804861,2.5833166466687286e-07
point_reprojection:measurement_ir,288,7.8603742736049753e-05,6.1785483721150941e-09
point_reprojection:measurement_ir,289,0.0015942710795798121,2.5417002751845795e-06
point_reprojection:measurement_ir,290,-0.00028682423846930759,8.2268143773498227e-08
point_reprojection:measurement_ir,291,-0.0010553683236025791,1.113802298463718e-06
point_reprojection:measurement_ir,292,7.9649538861303881e-05,6.3440490408183576e-09
point_reprojection:measurement_ir,293,8.4922251062380383e-05,7.2117887255019658e-09
point_reprojection:measurement_ir,294,-5.6405157556582709e-05,3.1815417989829193e-09
point_reprojection:measurement_ir,295,-3.4041372452975337e-05,1.1588150384821881e-09
point_reprojection:measurement_ir,296,2.4135594139806925e-05,5.8252690448148237e-10
point_reprojection:measurement_ir,297,3.984247030075494e-05,1.5874224396665395e-09
point_reprojection:measurement_ir,298,6.6591727659215394e-05,4.4344581926391123e-09
point_reprojection:measurement_ir,299,-0.00022338961692867088,4.9902920951538318e-08
point_reprojection:measurement_ir,300,5.0744132363433894e-05,2.574966969317699e-09
point_reprojection:measurement_ir,301,0.0003384997887906138,1.1458210701129015e-07
point_reprojection:measurement_ir,302,-0.00024477483029841098,5.9914717547615889e-08
point_reprojection:measurement_ir,303,-0.00010366802687258314,1.0747059795654619e-08
point_reprojection:measurement_ir,304,6.5275352858407126e-05,4.2608716907895595e-09
point_reprojection:measurement_ir,305,-0.00015040412325788565,2.2621400292973258e-08
point_reprojection:measurement_ir,306,7.0419937401311472e-05,4.9589675836046263e-09
point_reprojection:measurement_ir,307,5.1986821006266838e-06,2.7026295583376271e-11
point_reprojection:measurement_ir,308,0.00015283150703453429,2.3357469542446903e-08
point_reprojection:measurement_ir,309,0.00016931057106148729,2.8666069473166937e-08
point_reprojection:measurement_ir,310,3.314850891911192e-06,1.0988236435604424e-11
point_reprojection:measurement_ir,311,-1.439374460687759e-05,2.071798838080177e-10
point_reprojection:measurement_ir,312,-0.0001674871238947162,2.8051936670524014e-08
point_reprojection:measurement_ir,313,-2.8843314294135779e-05,8.3193677947029737e-10
point_reprojection:measurement_ir,314,0.00018741638507435709,3.5124901394339699e-08
point_reprojection:measurement_ir,315,-6.802627914908044e-05,4.6275746548686166e-09
point_reprojection:measurement_ir,316,-0.003442449869999109,1.1850461107456883e-05
point_reprojection:measurement_ir,317,-0.0013746111477018984,1.8895558073863304e-06
point_reprojection:measurement_ir,318,0.0096839931335125588,9.3779723009918385e-05
point_reprojection:measurement_ir,319,0.0043778240091626227,1.9165343055200699e-05
point_reprojection:measurement_ir,320,-0.0094903326757957984,9.0066414297277435e-05
point_reprojection:measurement_ir,321,-0.0044761532740722034,2.0035948132987307e-05
point_reprojection:measurement_ir,322,0.0029725657208928167,8.8361469650270314e-06
point_reprojection:measurement_ir,323,0.0016204501205606902,2.6258585932251555e-06
point_reprojection:measurement_ir,324,0.00020160096653398796,4.0642949707438135e-08
point_reprojection:measurement_ir,325,-6.840756022938877e-05,4.6795942965374518e-09
point_reprojection:measurement_ir,326,-9.199744724810443e-05,8.4635303001677569e-09
point_reprojection:measurement_ir,327,3.0872376487423023e-05,9.531036299811899e-10
point_reprojection:measurement_ir,328,3.1125756436267693e-05,9.6881271372985971e-10
point_reprojection:measurement_ir,329,-9.6875717758848623e-05,9.384904691292098e-09
point_reprojection:measurement_ir,330,-5.8632371951716779e-05,3.4377550406844644e-09
point_reprojection:measurement_ir,331,9.765030907828986e-05,9.5355828630855394e-09
point_reprojection:measurement_ir,332,5.4005285824132444e-05,2.9165708969462409e-09
point_reprojection:measurement_ir,333,-0.00012118379786443256,1.4685512864847648e-08
point_reprojection:measurement_ir,334,-1.0992668467224576e-05,1.2083876003031351e-10
point_reprojection:measurement_ir,335,0.00012921819742359731,1.6697342545403771e-08
point_reprojection:measurement_ir,336,-0.00010521528379285883,1.1070255943611822e-08
point_reprojection:measurement_ir,337,-0.00019718879196943816,3.8883419678366356e-08
point_reprojection:measurement_ir,338,0.00021816008306814184,4.7593821844298548e-08
point_reprojection:measurement_ir,339,0.00012141132077658767,1.4740708812715469e-08
point_reprojection:measurement_ir,340,-9.7975144649353757e-05,9.5991289690617926e-09
point_reprojection:measurement_ir,341,3.448828433647577e-05,1.1894417564736e-09
point_reprojection:measurement_ir,342,-0.00011179885204910533,1.2498983319497743e-08
point_reprojection:measurement_ir,343,1.0119635385308357e-05,1.0240702033158501e-10
point_reprojection:measurement_ir,344,0.00016714658995624631,2.7937982534001538e-08
point_reprojection:measurement_ir,345,-6.4657622499453285e-05,4.1806081472818079e-09
point_reprojection:measurement_ir,346,-0.00012169958545200643,1.4810789099190215e-08
point_reprojection:measurement_ir,347,0.00016381055773990739,2.6833898827059534e-08
point_reprojection:measurement_ir,348,1.5722484135949344e-05,2.4719650740517877e-10
point_reprojection:measurement_ir,349,-0.00022528419241893972,5.0752967353853854e-08
point_reprojection:measurement_ir,350,3.2098066481012213e-05,1.0302858718194797e-09
point_reprojection:measurement_ir,351,0.00010265154026001255,1.0537338717752978e-08
point_reprojection:measurement_ir,352,8.4619285553344531e-05,7.1604234875584627e-09
point_reprojection:measurement_ir,353,-2.2907284125039952e-05,5.2474366598530744e-10
point_reprojection:measurement_ir,354,-2.6737842767943219e-05,7.1491223588325353e-10
point_reprojection:measurement_ir,355,-0.00015652774599743678,2.4500935267038086e-08
point_reprojection:measurement_ir,356,-3.3712923823259189e-05,1.1365612327128769e-09
point_reprojection:measurement_ir,357,0.00024690104122555568,6.0960124158263551e-08
point_reprojection:measurement_ir,358,3.3014750215443199e-06,1.0899737317881067e-11
point_reprojection:measurement_ir,359,-5.8077975438664001e-06,3.3730512310540592e-11
point_reprojection:measurement_ir,360,8.9571537728261316e-06,8.0230603710053398e-11
point_reprojection:measurement_ir,361,-6.9586621515327357e-05,4.8422978939174203e-09
point_reprojection:measurement_ir,362,9.2469425203489658e-05,8.550594597463768e-09
point_reprojection:measurement_ir,363,1.3653296150550887e-06,1.8641249577464769e-12
point_reprojection:measurement_ir,364,-0.00023309407522447144,5.4332847904751554e-08
point_reprojection:measurement_ir,365,-9.0587407953535152e-06,8.2060784797402032e-11
point_reprojection:measurement_ir,366,0.00023100215551039583,5.3361995850449097e-08
point_reprojection:measurement_ir,367,2.1490347842245681e-05,4.618350503807136e-10
point_reprojection:measurement_ir,368,-0.00020737118536544584,4.3002808519870101e-08
point_reprojection:measurement_ir,369,-1.7650251510303861e-05,3.1153137837698375e-10
point_reprojection:measurement_ir,370,0.00011386691708139551,1.2965674805621399e-08
point_reprojection:measurement_ir,371,7.8637590718244607e-06,6.1838706739701499e-11
point_reprojection:measurement_ir,372,-3.9069404328984093e-05,1.526418354621641e-09
point_reprojection:measurement_ir,373,-1.2676143535372831e-05,1.606846149293744e-10
point_reprojection:measurement_ir,374,3.2698477139092577e-05,1.06919040721576e-09
point_reprojection:measurement_ir,375,3.1944364587843664e-05,1.0204424289210803e-09
point_reprojection:measurement_ir,376,-4.9973310865425447e-05,2.4973317988524489e-09
point_reprojection:measurement_ir,377,-4.7275747186859006e-05,2.2349962720758072e-09
point_reprojection:measurement_ir,378,3.9032204313116381e-06,1.523512973540861e-11
point_reprojection:measurement_ir,379,3.6260301141055609e-05,1.3148094388400388e-09
point_reprojection:measurement_ir,380,0.00013650793903252634,1.8634417418907927e-08
point_reprojection:measurement_ir,381,7.7329421128524703e-05,5.9798393720727229e-09
point_reprojection:measurement_ir,382,-0.00025408549718122233,6.4559439877828941e-08
point_reprojection:measurement_ir,383,-0.00032057512014489476,1.0276840765591372e-07
point_reprojection:measurement_ir,384,0.00018503658677673229,3.423853844598318e-08
point_reprojection:measurement_ir,385,0.00037776281636752173,1.4270474542992193e-07
point_reprojection:measurement_ir,386,6.1181510091046221e-05,3.7431771770207905e-09
point_reprojection:measurement_ir,387,-0.00019482920831137562,3.7958420411237397e-08
point_reprojection:measurement_ir,388,-0.00027568625355343099,7.600291039832664e-08
point_reprojection:measurement_ir,389,3.143574418231765e-05,9.8820601229611798e-10
point_reprojection:measurement_ir,390,0.00033289004666130494,1.1081578316616577e-07
point_reprojection:measurement_ir,391,2.7479467826196922e-05,7.551211520109918e-10
point_reprojection:measurement_ir,392,-0.00023262833719854824,5.4115943267761466e-08
point_reprojection:measurement_ir,393,3.5064795156358741e-05,1.2295398593573994e-09
point_reprojection:measurement_ir,394,4.3844885067301223e-05,1.9223739465648536e-09
point_reprojection:measurement_ir,395,-7.6323196958583145e-05,5.8252303939786751e-09
point_reprojection:measurement_ir,396,0.00011557739276213397,1.3358133717692577e-08
point_reprojection:measurement_ir,397,5.5198056111294135e-05,3.0468253984655759e-09
point_reprojection:measurement_ir,398,-0.00017705374416436824,3.1348028322621561e-08
point_reprojection:measurement_ir,399,-1.2151972214269336e-06,1.47670428696374e-12
point_reprojection:measurement_ir,400,5.1837693445122571e-05,2.6871464617105033e-09
point_reprojection:measurement_ir,401,5.948685044927515e-05,3.5386853763744273e-09
point_reprojection:measurement_ir,402,8.6527503935940334e-05,7.4870089373841704e-09
point_reprojection:measurement_ir,403,-0.00023723212646018511,5.6279081824821255e-08
point_reprojection:measurement_ir,404,-0.00012259487457413342,1.5029503271847505e-08
point_reprojection:measurement_ir,405,0.00013240473132896112,1.7531012878294379e-08
point_reprojection:measurement_ir,406,3.8997408546492805e-05,1.52079787334207e-09
point_reprojection:measurement_ir,407,3.1734054709886549e-05,1.0070502283300726e-09
point_reprojection:measurement_ir,408,6.3401708462151871e-05,4.0197766359196999e-09
point_reprojection:measurement_ir,409,-1.899081229339572e-05,3.6065095156299001e-10
point_reprojection:measurement_ir,410,-4.6435791364274334e-05,2.1562827196264147e-09
point_reprojection:measurement_ir,411,-2.1892600142336959e-05,4.7928594099225227e-10
point_reprojection:measurement_ir,412,5.3372309571386724e-05,2.8486034289839389e-09
point_reprojection:measurement_ir,413,9.1924810021737358e-05,8.4501706975325047e-09
point_reprojection:measurement_ir,414,-0.00010913965968484263,1.1911465316123263e-08
point_reprojection:measurement_ir,415,-8.8868166358224695e-06,7.8975509918730992e-11
point_reprojection:measurement_ir,416,0.00018713533081609056,3.5019632039647654e-08
point_reprojection:measurement_ir,417,-0.00015045481177935471,2.2636650387561054e-08
point_reprojection:measurement_ir,418,-0.00012672489258420684,1.6059198400478761e-08
point_reprojection:measurement_ir,419,2.180000686848871e-05,4.752402994661549e-10
point_reprojection:measurement_ir,420,6.2674500168213856e-05,3.9280929713354385e-09
point_reprojection:measurement_ir,421,0.00014503666413361315,2.1035633943006508e-08
point_reprojection:measurement_ir,422,-6.6866091333395158e-05,4.4710741702059433e-09
point_reprojection:measurement_ir,423,4.3806352499586866e-05,1.9189965193180606e-09
point_reprojection:measurement_ir,424,0.00015195540561308007,2.3090445295035687e-08
point_reprojection:measurement_ir,425,-0.00023572642537601497,5.5566947620553956e-08
point_reprojection:measurement_ir,426,-0.00023767055115513357,5.6487290886384961e-08
point_reprojection:measurement_ir,427,0.00011403557198264025,1.3004111677407925e-08
point_reprojection:measurement_ir,428,0.00031796894261333365,1.0110424846664146e-07
point_reprojection:measurement_ir,429,9.1693557374128437e-05,8.4077084639225834e-09
point_reprojection:measurement_ir,430,-0.00028180650135709582,7.9414904207126842e-08
point_reprojection:measurement_ir,431,-8.9787432210641788e-05,8.0617829829805951e-09
point_reprojection:measurement_ir,432,1.2601882531271258e-05,1.5880744333195967e-10
point_reprojection:measurement_ir,433,-0.0001193504584080074,1.4244531922201504e-08
point_reprojection:measurement_ir,434,9.4443076386596664e-05,8.9194946773645326e-09
point_reprojection:measurement_ir,435,0.0003268650283587249,1.0684074676395003e-07
point_reprojection:measurement_ir,436,4.1899131724676407e-05,1.755537239281785e-09
point_reprojection:measurement_ir,437,-0.00021311130626031627,4.5416428855978315e-08
point_reprojection:measurement_ir,438,-9.1739641356980434e-05,8.416161796307394e-09
point_reprojection:measurement_ir,439,7.1201446837676491e-05,5.0696460317784715e-09
point_reprojection:measurement_ir,440,-0.00011609683356255119,1.3478474763250712e-08
point_reprojection:measurement_ir,441,4.2141737594647566e-05,1.775926047496132e-09
point_reprojection:measurement_ir,442,0.00028182206447127103,7.9423676022849243e-08
point_reprojection:measurement_ir,443,-0.00015033019954557858,2.2599168895413474e-08
point_reprojection:measurement_ir,444,-0.00030630241440121608,9.3821169068014305e-08
point_reprojection:measurement_ir,445,-3.1723504520186907e-05,1.0063807390423192e-09
point_reprojection:measurement_ir,446,0.00018189230581810989,3.3084810915828811e-08
point_reprojection:measurement_ir,447,-6.533694198651574e-05,4.2689159881493231e-09
point_reprojection:measurement_ir,448,4.5224984273772864e-05,2.0452992025630027e-09
point_reprojection:measurement_ir,449,9.1889655794830102e-05,8.4437088420923536e-09
point_reprojection:measurement_ir,450,-0.00031298400963351012,9.7958990286269158e-08
point_reprojection:measurement_ir,451,0.00031087579725408432,9.6643761318362543e-08
point_reprojection:measurement_ir,452,0.0002939307833003113,8.639530537153456e-08
point_reprojection:measurement_ir,453,-0.00030190584475917601,9.1147139099751686e-08
point_reprojection:measurement_ir,454,-9.1438237109286999e-05,8.3609512056541903e-09
point_reprojection:measurement_ir,455,-0.00017804906066771765,3.1701468004656601e-08
point_reprojection:measurement_ir,456,9.2874026904610216e-07,8.6255848734782628e-13
point_reprojection:measurement_ir,457,0.00019030858244946104,3.6217356553923311e-08
point_reprojection:measurement_ir,458,0.00011990625396265386,1.4377509739356444e-08
point_reprojection:measurement_ir,459,-7.1637410161429213e-05,5.1319185346368412e-09
point_reprojection:measurement_ir,460,-9.8836870347440711e-05,9.768726940076805e-09
point_reprojection:measurement_ir,461,0.00014286628060062868,2.0410774132657569e-08
point_reprojection:measurement_ir,462,-9.3970396619624807e-06,8.8304354408495934e-11
point_reprojection:measurement_ir,463,-3.9589062339473458e-05,1.5672938569187157e-09
point_reprojection:measurement_ir,464,-6.7800108126903066e-06,4.5968546620197474e-11
point_reprojection:measurement_ir,465,-4.5235088521167198e-06,2.0462132335178324e-11
point_reprojection:measurement_ir,466,0.00013205191892211586,1.7437709291013062e-08
point_reprojection:measurement_ir,467,0.00011971903969651976,1.4332648465856875e-08
point_reprojection:measurement_ir,468,-0.00018674035798085242,3.4871961298816912e-08
point_reprojection:measurement_ir,469,9.5875844510828753e-05,9.1921775606646114e-09
point_reprojection:measurement_ir,470,0.00012687967357578601,1.6098451566698011e-08
point_reprojection:measurement_ir,471,-0.00022729216083234861,5.1661726375838228e-08
point_reprojection:measurement_ir,472,-0.0001992081237858656,3.9683876582284753e-08
point_reprojection:measurement_ir,473,0.00036946427737234445,1.3650385225426868e-07
point_reprojection:measurement_ir,474,0.00016061013022863335,2.5795613932058562e-08
point_reprojection:measurement_ir,475,-0.00040530945910859372,1.6427575764290081e-07
point_reprojection:measurement_ir,476,0.00022341432529628946,4.9913960747596242e-08
point_reprojection:measurement_ir,477,-0.00034345370209507562,1.1796044548281295e-07
point_reprojection:measurement_ir,478,-0.00022537625820859831,5.0794457764108774e-08
point_reprojection:measurement_ir,479,0.00039652831515013531,1.5723470471580502e-07
metric_depth:measurement_ir,0,-0.00017341423936754197,3.0072498415423146e-08
metric_depth:measurement_ir,1,-7.9135392786788833e-05,6.26241039151935e-09
metric_depth:measurement_ir,2,2.8010869047001562e-05,7.8460878476827022e-10
metric_depth:measurement_ir,3,0.00012591916240500822,1.5855635460778835e-08
metric_depth:measurement_ir,4,0.00019808559253062797,3.9237901968209972e-08
metric_depth:measurement_ir,5,0.00027317741732462152,7.4625901336150419e-08
metric_depth:measurement_ir,6,0.00033436305804741552,1.1179865458681935e-07
metric_depth:measurement_ir,7,0.00040501128220267192,1.6403413871145235e-07
metric_depth:measurement_ir,8,0.00046719335221681038,2.1826962835558063e-07
metric_depth:measurement_ir,9,0.00048639067060465276,2.3657588445124382e-07
metric_depth:measurement_ir,10,0.0004548323805347643,2.0687249438292064e-07
metric_depth:measurement_ir,11,0.00043331933347525716,1.8776564476344111e-07
metric_depth:measurement_ir,12,0.00030225373333037098,9.1357319312147015e-08
metric_depth:measurement_ir,13,3.3025912000539395e-05,1.0907108634673721e-09
metric_depth:measurement_ir,14,-0.000448893292146213,2.0150518773386534e-07
metric_depth:measurement_ir,15,-0.0011978673640230754,1.4348862217915909e-06
metric_depth:measurement_ir,16,-0.002171220647511607,4.7141991001807223e-06
metric_depth:measurement_ir,17,-0.0034867169926707576,1.2157195386979012e-05
metric_depth:measurement_ir,18,-0.0051492577977636069,2.651485586782931e-05
metric_depth:measurement_ir,19,-0.0071051223017223998,5.0482762922433015e-05
metric_depth:measurement_ir,20,-0.0088784259164868644,7.8826446754545624e-05
metric_depth:measurement_ir,21,-0.010265072213453408,0.00010537170754741324
metric_depth:measurement_ir,22,-0.0026380768627675354,6.9594495338694021e-06
metric_depth:measurement_ir,23,-0.0086968939423860206,7.5635964245110654e-05
metric_depth:measurement_ir,24,-0.0067833373747771654,4.6013665940048766e-05
metric_depth:measurement_ir,25,-0.0049305868570921341,2.431068675532969e-05
metric_depth:measurement_ir,26,-0.0033189521938735032,1.1015443665217741e-05
metric_depth:measurement_ir,27,-0.0018198412691931233,3.311822245058438e-06
metric_depth:measurement_ir,28,-0.00067241190935218853,4.5213777583865579e-07
metric_depth:measurement_ir,29,0.0001088083849710486,1.1839264640007915e-08
metric_depth:measurement_ir,30,0.00056791212555094015,3.2252418234778679e-07
metric_depth:measurement_ir,31,0.000723844250723893,5.2395049930603405e-07
metric_depth:measurement_ir,32,0.00052329110139721631,2.7383357680151172e-07
metric_depth:measurement_ir,33,8.4208931935592096e-05,7.0911442177331824e-09
metric_depth:measurement_ir,34,-0.00068181624349188401,4.6487338988938408e-07
metric_depth:measurement_ir,35,-0.0018360191445456308,3.37096629913807e-06
metric_depth:measurement_ir,36,-0.0034582475591825815,1.1959476180592284e-05
metric_depth:measurement_ir,37,-0.0054427347867481053,2.9623361958877944e-05
metric_depth:measurement_ir,38,-0.0075339026429192659,5.6759689032985897e-05
metric_depth:measurement_ir,39,-0.0094514826449400673,8.933052418760329e-05
metric_depth:measurement_ir,40,-0.011039170817644273,0.00012186329234112892
metric_depth:measurement_ir,41,-0.0029797994019538313,8.8792044758844115e-06
metric_depth:measurement_ir,42,-0.010312106753694917,0.00010633954569960032
metric_depth:measurement_ir,43,-0.0082779582560513106,6.8524592888928053e-05
metric_depth:measurement_ir,44,-0.0060650879844458497,3.6785292259069418e-05
metric_depth:measurement_ir,45,-0.0045895804092903171,2.1064248333341473e-05
metric_depth:measurement_ir,46,-0.0029938512106935989,8.9631450717715279e-06
metric_depth:measurement_ir,47,-0.0018665518189886932,3.4840156929699994e-06
metric_depth:measurement_ir,48,-0.0011865732162394949,1.407955997496939e-06
metric_depth:measurement_ir,49,-0.0010668098948336535,1.1380833517149909e-06
metric_depth:measurement_ir,50,-0.0014784824722202218,2.1859104206624189e-06
metric_depth:measurement_ir,51,-0.0025131006605144004,6.3156749298779161e-06
metric_depth:measurement_ir,52,-0.0039976398268415821,1.5981124185149995e-05
metric_depth:measurement_ir,53,-0.0059417317558411401,3.5304176258371037e-05
metric_depth:measurement_ir,54,-0.0081952800961857097,6.7162615854937649e-05
metric_depth:measurement_ir,55,-0.010266395056214872,0.00010539886745027318
metric_depth:measurement_ir,56,-0.012217217303960304,0.00014926039865218707
metric_depth:measurement_ir,57,-0.0031878492560957652,1.0162382879590324e-05
metric_depth:measurement_ir,58,-0.010850513869059154,0.00011773365122264504
metric_depth:measurement_ir,59,-0.0084826561190873839,7.1955454834690634e-05
metric_depth:measurement_ir,60,-0.0062793956622249954,3.9430809882770087e-05
metric_depth:measurement_ir,61,-0.00434811081046238,1.8906067620059815e-05
metric_depth:measurement_ir,62,-0.0027399108740474355,7.5071115977233815e-06
metric_depth:measurement_ir,63,-0.001443749616591017,2.0844129554067084e-06
metric_depth:measurement_ir,64,-0.00034954622844391993,1.2218256581936905e-07
metric_depth:measurement_ir,65,0.00027801248902230573,7.7290944052377668e-08
metric_depth:measurement_ir,66,0.00062606343037874279,3.9195541885759891e-07
metric_depth:measurement_ir,67,0.00071413379191662683,5.0998707275722003e-07
metric_depth:measurement_ir,68,0.00055463222818543658,3.0761690854194217e-07
metric_depth:measurement_ir,69,0.00017399418991663753,3.0273978124746926e-08
metric_depth:measurement_ir,70,-0.00042879637274442219,1.8386632927877346e-07
metric_depth:measurement_ir,71,-0.0012885773669026436,1.6604316304937503e-06
metric_depth:measurement_ir,72,-0.0023712122706463388,5.6226476324637659e-06
metric_depth:measurement_ir,73,-0.0036922907632874315,1.3633011080657684e-05
metric_depth:measurement_ir,74,-0.0049219037972990879,2.4225136989867179e-05
metric_depth:measurement_ir,75,-0.0061490205338533771,3.7810453525750468e-05
metric_depth:measurement_ir,76,-0.0074052062862956635,5.4837080142592815e-05
metric_depth:measurement_ir,77,-0.0018661558371906751,3.4825376086808292e-06
metric_depth:measurement_ir,78,-0.0061002270601128398,3.7212770184932942e-05
metric_depth:measurement_ir,79,-0.0045013366135334461,2.0262031308336752e-05
metric_depth:measurement_ir,80,-0.0032897840406461046,1.082267903408981e-05
metric_depth:measurement_ir,81,-0.0020267114561708156,4.1075593265740278e-06
metric_depth:measurement_ir,82,-0.0010106010367970874,1.0213144555753479e-06
metric_depth:measurement_ir,83,-0.00030040513554379093,9.0243245461083402e-08
metric_depth:measurement_ir,84,0.00017794154295929234,3.1663192710733678e-08
metric_depth:measurement_ir,85,0.00037508004807174089,1.4068504246149945e-07
metric_depth:measurement_ir,86,0.00035378968489947489,1.2516714114126972e-07
metric_depth:measurement_ir,87,6.9324206100596092e-05,4.8058455514779242e-09
metric_depth:measurement_ir,88,-0.00043096906127484404,1.8573433177612027e-07
metric_depth:measurement_ir,89,-0.0013900418211818533,1.9322162646345632e-06
metric_depth:measurement_ir,90,-0.0027554650666720805,7.5925877336501734e-06
metric_depth:measurement_ir,91,-0.0045068316349974324,2.0311531386213629e-05
metric_depth:measurement_ir,92,-0.0063578806873360715,4.0422646834400997e-05
metric_depth:measurement_ir,93,-0.0080489995089257256,6.4786393094686575e-05
metric_depth:measurement_ir,94,-0.0093970519788925348,8.8304585894008101e-05
metric_depth:measurement_ir,95,-0.0024294026242850822,5.9019971108832439e-06
metric_depth:measurement_ir,96,-0.0080144326788029307,6.4231131163064326e-05
metric_depth:measurement_ir,97,-0.0062287593707299749,3.879744329845647e-05
metric_depth:measurement_ir,98,-0.0045494857517224046,2.0697820605125174e-05
metric_depth:measurement_ir,99,-0.0030525517942831645,9.3180724567813665e-06
metric_depth:measurement_ir,100,-0.0018365905013042474,3.3730646694809868e-06
metric_depth:measurement_ir,101,-0.00095545688435958451,9.1289785787012448e-07
metric_depth:measurement_ir,102,-0.00031787244247469818,1.010428896848303e-07
metric_depth:measurement_ir,103,7.9255033124159271e-05,6.2813602755115835e-09
metric_depth:measurement_ir,104,0.00030344940631286125,9.2081542191627953e-08
metric_depth:measurement_ir,105,0.00039896993285548632,1.5917700732271126e-07
metric_depth:measurement_ir,106,0.00037240686663668753,1.3868687431815558e-07
metric_depth:measurement_ir,107,0.0003094958910417667,9.5787706571737131e-08
metric_depth:measurement_ir,108,0.00021342482704040931,4.5550156797228632e-08
metric_depth:measurement_ir,109,5.219705715058254e-05,2.7245327751811798e-09
metric_depth:measurement_ir,110,-0.00014433186181701531,2.0831686335566002e-08
metric_depth:measurement_ir,111,-0.00040183552093457918,1.6147178588476463e-07
metric_depth:measurement_ir,112,-0.00067586210898413763,4.5678959036048631e-07
metric_depth:measurement_ir,113,-0.00099722718167791777,9.9446205187728288e-07
metric_depth:measurement_ir,114,-0.0012524641798243863,1.5686665217431726e-06
metric_depth:measurement_ir,115,-0.0014259846024475388,2.0334320864174653e-06
metric_depth:measurement_ir,116,-0.0013391312671815925,1.7932725507433777e-06
metric_depth:measurement_ir,117,-0.0010007240172491549,1.0014485586992869e-06
metric_depth:measurement_ir,118,-0.00071208373002802367,5.0706323857062326e-07
metric_depth:measurement_ir,119,-0.00049296557380200672,2.4301505695394171e-07
metric_depth:measurement_ir,120,-0.00031903246075248859,1.0178171101378818e-07
metric_depth:measurement_ir,121,-0.00020177389663826874,4.0712705364590758e-08
metric_depth:measurement_ir,122,-0.00011155737279269217,1.2445047424407696e-08
metric_depth:measurement_ir,123,-4.3996299967030697e-05,1.9356744107889452e-09
metric_depth:measurement_ir,124,1.2261187016981979e-05,1.5033670706540743e-10
metric_depth:measurement_ir,125,4.0372845197733659e-05,1.6299666293601657e-09
metric_depth:measurement_ir,126,2.8503688948156027e-05,8.1246028365323202e-10
metric_depth:measurement_ir,127,2.5281001430066397e-05,6.3912903330701915e-10
metric_depth:measurement_ir,128,-6.1278121981178662e-05,3.7550082335402114e-09
metric_depth:measurement_ir,129,-5.5667530285674618e-05,3.0988739281065009e-09
metric_depth:measurement_ir,130,-4.5692361889315697e-05,2.0877919350241896e-09
metric_depth:measurement_ir,131,-4.3026097521092768e-05,1.8512450678945852e-09
metric_depth:measurement_ir,132,-5.0303443516064304e-05,2.5304364295738719e-09
metric_depth:measurement_ir,133,-5.145076131398696e-05,2.6471808397888572e-09
metric_depth:measurement_ir,134,-5.6286237012237449e-05,3.1681404769977689e-09
metric_depth:measurement_ir,135,-5.4945311004850349e-05,3.0189872014197286e-09
metric_depth:measurement_ir,136,-3.4151228260714819e-05,1.1663063917154466e-09
metric_depth:measurement_ir,137,-2.1055831239102931e-05,4.4334802916958287e-10
metric_depth:measurement_ir,138,-1.2762785436137849e-05,1.6288869208889238e-10
metric_depth:measurement_ir,139,-1.332700617258098e-05,1.7760909352401156e-10
metric_depth:measurement_ir,140,-2.3294344934932103e-05,5.4262650594759687e-10
metric_depth:measurement_ir,141,-6.1655165503005091e-05,3.8013594332029487e-09
metric_depth:measurement_ir,142,-9.9129994879287858e-05,9.826755884767637e-09
metric_depth:measurement_ir,143,-0.00013988205005333043,1.9566987927122439e-08
metric_depth:measurement_ir,144,-0.00016909770765467514,2.8594034734065982e-08
metric_depth:measurement_ir,145,-0.00010337533926279008,1.0686460767696948e-08
metric_depth:measurement_ir,146,-5.2853376503581022e-05,2.7934794078292905e-09
metric_depth:measurement_ir,147,-1.5959911069085565e-05,2.5471876133311993e-10
metric_depth:measurement_ir,148,4.8780849772001039e-06,2.3795713044785337e-11
metric_depth:measurement_ir,149,8.2544479471202699e-06,6.8135910911718033e-11
metric_depth:measurement_ir,150,-1.0760532402542822e-05,1.1578905758617399e-10
metric_depth:measurement_ir,151,-2.6463046866265216e-05,7.0029284944614928e-10
metric_depth:measurement_ir,152,-5.4223477978698754e-05,2.9401855641064286e-09
metric_depth:measurement_ir,153,-0.00010387581567492533,1.0790185082131061e-08
metric_depth:measurement_ir,154,-0.00016208798701855542,2.6272515535727392e-08
metric_depth:measurement_ir,155,-0.00021279986233198046,4.5283781408509839e-08
metric_depth:measurement_ir,156,-0.00025859269896804092,6.6870183959575837e-08
metric_depth:measurement_ir,157,-0.00029570399842278051,8.7440854683219775e-08
metric_depth:measurement_ir,158,-0.00031449653382837895,9.8908069790064714e-08
metric_depth:measurement_ir,159,-0.00028506059753228283,8.1259544265462139e-08
metric_depth:measurement_ir,160,-4.9493403817102439e-05,2.4495970214027704e-09
metric_depth:measurement_ir,161,0.00013618657659222324,1.8546783643909488e-08
metric_depth:measurement_ir,162,0.00024333830952238958,5.9213532881214273e-08
metric_depth:measurement_ir,163,0.00028029938888698427,7.8567747410416846e-08
metric_depth:measurement_ir,164,0.0002756426340998708,7.5978861733515253e-08
metric_depth:measurement_ir,165,0.00024138040090058158,5.8264497938925488e-08
metric_depth:measurement_ir,166,0.00019832301716071757,3.9332019135730274e-08
metric_depth:measurement_ir,167,0.00014645926246563691,2.145031556197832e-08
metric_depth:measurement_ir,168,0.00010008610773164507,1.0017228960870464e-08
metric_depth:measurement_ir,169,5.3973092029657725e-05,2.9130946632419024e-09
metric_depth:measurement_ir,170,1.9793173390247887e-05,3.9176971285641708e-10
metric_depth:measurement_ir,171,3.1131326844402452e-06,9.691595110930128e-12
metric_depth:measurement_ir,172,4.9689197290092581e-08,2.4690163273337439e-15
metric_depth:measurement_ir,173,4.0789457482759413e-07,1.6637798417378379e-13
metric_depth:measurement_ir,174,9.3429763095009832e-06,8.7291206319896607e-11
metric_depth:measurement_ir,175,4.9407826867131639e-06,2.4411333557324551e-11
metric_depth:measurement_ir,176,-3.7617579487836394e-06,1.4150822865236894e-11
metric_depth:measurement_ir,177,-2.0691143877193954e-05,4.2812343494674085e-10
metric_depth:measurement_ir,178,-4.2372304541604683e-05,1.7954121921664929e-09
metric_depth:measurement_ir,179,-4.3864267736104526e-05,1.9240739840246604e-09
metric_depth:measurement_ir,180,-3.8022625031963743e-05,1.4457200143213159e-09
metric_depth:measurement_ir,181,-3.5722097154078369e-05,1.276068225085414e-09
metric_depth:measurement_ir,182,-3.5967070961184794e-05,1.2936301935269025e-09
metric_depth:measurement_ir,183,-2.8320577002372006e-05,8.0205508174728217e-10
metric_depth:measurement_ir,184,-2.5148568475064084e-05,6.3245049634498705e-10
metric_depth:measurement_ir,185,-1.5095898388839401e-05,2.2788614816616402e-10
metric_depth:measurement_ir,186,-8.6566242575969461e-06,7.4937143537215874e-11
metric_depth:measurement_ir,187,-3.0618232571555382e-06,9.3747616580585483e-12
metric_depth:measurement_ir,188,1.5555479841999897e-06,2.4197295311486516e-12
metric_depth:measurement_ir,189,4.54105512117664e-06,2.0621181613564588e-11
metric_depth:measurement_ir,190,5.8349798177204091e-06,3.4046989473204497e-11
metric_depth:measurement_ir,191,4.0024602254717934e-07,1.6019687856483719e-13
metric_depth:measurement_ir,192,-1.1609761864939116e-05,1.3478657056059457e-10
metric_depth:measurement_ir,193,-1.2515211821728656e-05,1.5663052694273672e-10
metric_depth:measurement_ir,194,-2.0647151158392773e-05,4.2630485095752004e-10
metric_depth:measurement_ir,195,-1.7646794798142909e-05,3.1140936664776361e-10
metric_depth:measurement_ir,196,-1.8276602313260783e-05,3.340341921170894e-10
metric_depth:measurement_ir,197,-9.1595952799394822e-06,8.3898185692289641e-11
metric_depth:measurement_ir,198,-2.7404259822283453e-06,7.5099345640721916e-12
metric_depth:measurement_ir,199,3.9912059535573975e-06,1.5929724963712016e-11
metric_depth:measurement_ir,200,1.3851141982357263e-05,1.9185413421541989e-10
metric_depth:measurement_ir,201,1.8771928953231765e-05,3.5238531662518106e-10
metric_depth:measurement_ir,202,3.9039451972477939e-06,1.5240788103114115e-11
metric_depth:measurement_ir,203,-5.6152682709864619e-06,3.1531237755147292e-11
metric_depth:measurement_ir,204,-9.5117507389552727e-06,9.0473402120016176e-11
metric_depth:measurement_ir,205,-1.1599843219745056e-05,1.3455636272266534e-10
metric_depth:measurement_ir,206,-1.1459584701167813e-05,1.313220815232394e-10
metric_depth:measurement_ir,207,-5.3399692322209095e-06,2.851527140106597e-11
metric_depth:measurement_ir,208,-4.0175161206690291e-06,1.6140435779835526e-11
metric_depth:measurement_ir,209,-1.7382616627159565e-05,3.0215536080680413e-10
metric_depth:measurement_ir,210,-2.9136954579200848e-05,8.4896212215041324e-10
metric_depth:measurement_ir,211,-2.7672240103981949e-05,7.6575287237242693e-10
metric_depth:measurement_ir,212,-2.3757685418246411e-05,5.6442761643235816e-10
metric_depth:measurement_ir,213,-3.6344779688235466e-05,1.3209430105863734e-09
metric_depth:measurement_ir,214,-4.1222557559450486e-05,1.6992992517422083e-09
metric_depth:measurement_ir,215,-4.0903783632195718e-05,1.6731195154294824e-09
metric_depth:measurement_ir,216,-3.7123520128989897e-05,1.378155746767518e-09
metric_depth:measurement_ir,217,-3.1784501350617948e-05,1.0102545261074343e-09
metric_depth:measurement_ir,218,-7.2530775338641724e-06,5.2607133712245184e-11
metric_depth:measurement_ir,219,1.1604570805268113e-05,1.3466606357448101e-10
metric_depth:measurement_ir,220,3.3296754783851415e-05,1.1086738791359321e-09
metric_depth:measurement_ir,221,5.0728296087498852e-05,2.5733600239409515e-09
metric_depth:measurement_ir,222,4.403955810792226e-05,1.9394826783410611e-09
metric_depth:measurement_ir,223,2.6355560417457016e-05,6.9461556491822701e-10
metric_depth:measurement_ir,224,2.3291579480222427e-06,5.4249767468351839e-12
metric_depth:measurement_ir,225,-9.1991311041539354e-06,8.46240130714124e-11
metric_depth:measurement_ir,226,-2.6125984512681556e-06,6.8256706675687652e-12
metric_depth:measurement_ir,227,-2.2696303918579021e-05,5.1512221156450542e-10
metric_depth:measurement_ir,228,-6.8040673327374182e-05,4.6295332268424485e-09
metric_depth:measurement_ir,229,-0.00010466703188738437,1.0955187564114736e-08
metric_depth:measurement_ir,230,-0.00013102930174788697,1.7168677916538816e-08
metric_depth:measurement_ir,231,-0.00013548927042785763,1.8357342401073135e-08
metric_depth:measurement_ir,232,-0.00012592725811986228,1.5857674337586421e-08
metric_depth:measurement_ir,233,-9.9472253625698675e-05,9.8947292413753227e-09
metric_depth:measurement_ir,234,-4.9518201058340593e-05,2.4520522360542435e-09
metric_depth:measurement_ir,235,1.7265373440267239e-06,2.9809312003188541e-12
metric_depth:measurement_ir,236,2.7712561476356259e-05,7.6798606358082494e-10
metric_depth:measurement_ir,237,3.3022260027681939e-05,1.0904696573358405e-09
metric_depth:measurement_ir,238,-2.7579970380031684e-05,7.6065476616342507e-10
metric_depth:measurement_ir,239,-0.00014368646771227843,2.0645801003631632e-08
temporal_acceleration:state_sequence,0,-0.0026520207387280281,7.0332139986435562e-06
temporal_acceleration:state_sequence,1,-0.0048027854934453171,2.3066748496048778e-05
temporal_acceleration:state_sequence,2,9.1910108950266078e-05,8.4474681272497809e-09
temporal_acceleration:state_sequence,3,0.0026925005357943121,7.2495591352526578e-06
temporal_acceleration:state_sequence,4,-0.0059045809722058579,3.4864076457335475e-05
temporal_acceleration:state_sequence,5,-6.5985489112740936e-05,4.3540847734476523e-09
temporal_acceleration:state_sequence,6,0.005438490740683477,2.9577181536499915e-05
temporal_acceleration:state_sequence,7,-0.015849092244257065,0.00025119372496696941
temporal_acceleration:state_sequence,8,-0.00018387045165990656,3.3808342993618038e-08
temporal_acceleration:state_sequence,9,0.0023128925034143766,5.3494717323504223e-06
temporal_acceleration:state_sequence,10,-0.0034320094304636233,1.1778688730791243e-05
temporal_acceleration:state_sequence,11,2.0895676202670188e-05,4.3662928396683719e-10
temporal_acceleration:state_sequence,12,0.0038497675872060932,1.4820710475502625e-05
temporal_acceleration:state_sequence,13,-0.0074686087425277015,5.5780116548961215e-05
temporal_acceleration:state_sequence,14,-9.9329886222854213e-05,9.8664262970451627e-09
temporal_acceleration:state_sequence,15,-0.00023307971195540844,5.4326152125216168e-08
temporal_acceleration:state_sequence,16,0.00090604183371246799,8.2091180443705152e-07
temporal_acceleration:state_sequence,17,6.7589881660445883e-05,4.5683921028730787e-09
temporal_acceleration:state_sequence,18,0.0017006225229418415,2.8921169655370742e-06
temporal_acceleration:state_sequence,19,0.007947017009957022,6.3155079356546251e-05
temporal_acceleration:state_sequence,20,-6.0472529579413958e-05,3.6569268337330961e-09
temporal_acceleration:state_sequence,21,-0.0015126996844937179,2.2882603354673936e-06
temporal_acceleration:state_sequence,22,-0.0042949886861458897,1.8446927814121196e-05
temporal_acceleration:state_sequence,23,-0.00030703394018782859,9.426984042726311e-08
temporal_acceleration:state_sequence,24,-0.0039195615917995974,1.5362963071910594e-05
temporal_acceleration:state_sequence,25,0.0021199282965816552,4.4940959826475981e-06
temporal_acceleration:state_sequence,26,-0.00036254006041236408,1.3143529540380059e-07
temporal_acceleration:state_sequence,27,-0.019604596839808835,0.00038434021725144258
temporal_acceleration:state_sequence,28,0.0089740289152098456,8.0533194971022396e-05
temporal_acceleration:state_sequence,29,7.1751735788438964e-05,5.1483115886539532e-09
temporal_acceleration:state_sequence,30,-0.0095741523641440507,9.1664393491845114e-05
temporal_acceleration:state_sequence,31,0.009073291904674468,8.2324625987431236e-05
temporal_acceleration:state_sequence,32,-0.00078251823632413675,6.1233479017983753e-07
temporal_acceleration:state_sequence,33,-0.014068747872306442,0.00019792966669452704
temporal_acceleration:state_sequence,34,0.014172220718415044,0.00020085184009147262
temporal_acceleration:state_sequence,35,-0.00098687300846389547,9.7391833483457999e-07
temporal_acceleration:state_sequence,36,-0.013766826819073541,0.00018952552066636252
temporal_acceleration:state_sequence,37,0.015535496747150813,0.00024135165918073349
temporal_acceleration:state_sequence,38,-0.0015192241629780057,2.3080420573762217e-06
temporal_acceleration:state_sequence,39,-0.0082269348273317222,6.7682456653163641e-05
temporal_acceleration:state_sequence,40,0.033202431624946148,0.0011024014658092241
temporal_acceleration:state_sequence,41,-0.0019075347695007849,3.6386888968544127e-06
temporal_acceleration:state_sequence,42,-0.019084634005074597,0.00036422325510764963
temporal_acceleration:state_sequence,43,0.050282446112988918,0.0025283243871056342
temporal_acceleration:state_sequence,44,-0.0016027086543690672,2.5686750307895062e-06
temporal_acceleration:state_sequence,45,-0.0058991400937402627,3.4799853845573879e-05
temporal_acceleration:state_sequence,46,0.046413116798468032,0.0021541774109482353
temporal_acceleration:state_sequence,47,-0.0024438790119329923,5.972544624966579e-06
temporal_acceleration:state_sequence,48,-0.0058193427943306619,3.38647505579282e-05
temporal_acceleration:state_sequence,49,0.046359803921880001,0.0021492314196751602
temporal_acceleration:state_sequence,50,-0.0024788889995264185,6.1448906719730884e-06
temporal_acceleration:state_sequence,51,-0.0028396879453669588,8.0638276270624205e-06
temporal_acceleration:state_sequence,52,0.048689112151413687,0.00237062964209294
temporal_acceleration:state_sequence,53,-0.0020951692776138842,4.389734301857085e-06
temporal_acceleration:state_sequence,54,-0.083589380041306019,0.0069871844556898891
temporal_acceleration:state_sequence,55,0.052543601495446235,0.0027608300581122599
temporal_acceleration:state_sequence,56,0.001304006351388054,1.7004325644603849e-06
temporal_acceleration:state_sequence,57,-0.016287049160529053,0.00026526797035749013
temporal_acceleration:state_sequence,58,-0.0020509246474609195,4.2062919095626967e-06
temporal_acceleration:state_sequence,59,0.0027618379842708762,7.6277490513614171e-06
temporal_acceleration:state_sequence,60,0.053946633637512106,0.0029102392808199526
temporal_acceleration:state_sequence,61,-0.16512872791279035,0.027267496782096345
temporal_acceleration:state_sequence,62,0.0078529361382129181,6.1668605990850415e-05
temporal_acceleration:state_sequence,63,0.036204669114942994,0.0013107780657225072
temporal_acceleration:state_sequence,64,-0.34922433357609822,0.12195763516166992
temporal_acceleration:state_sequence,65,0.015304633902148979,0.00023423181887880786
temporal_acceleration:state_sequence,66,0.0088753364464535904,7.8771597037747442e-05
temporal_acceleration:state_sequence,67,0.045058230996974258,0.0020302441805766917
temporal_acceleration:state_sequence,68,0.00041530756374807964,1.7248037250636524e-07
temporal_acceleration:state_sequence,69,-0.043723297609335222,0.0019117267538344993
temporal_acceleration:state_sequence,70,0.0015238052892140423,2.3219825594366911e-06
temporal_acceleration:state_sequence,71,-0.00043432892802730549,1.8864161772134831e-07
temporal_acceleration:state_sequence,72,-0.0092778045025551821,8.6077656387633207e-05
temporal_acceleration:state_sequence,73,0.042276286243078165,0.0017872843785066801
temporal_acceleration:state_sequence,74,-0.0017222561033314321,2.9661660854623684e-06
temporal_acceleration:state_sequence,75,0.083817416096661934,0.0070253592411209627
temporal_acceleration:state_sequence,76,0.019713659517022995,0.00038862837155311132
temporal_acceleration:state_sequence,77,-0.00080374098955893203,6.4599957829717123e-07
temporal_acceleration:state_sequence,78,0.0070012683869569159,4.9017759026202298e-05
temporal_acceleration:state_sequence,79,0.020472803099969118,0.00041913566677010512
temporal_acceleration:state_sequence,80,-0.0025120111774246112,6.3102001555061818e-06
temporal_acceleration:state_sequence,81,0.00039338585104783941,1.5475242780463288e-07
temporal_acceleration:state_sequence,82,0.029402477298328403,0.00086450567127871708
temporal_acceleration:state_sequence,83,-0.002615779039412125,6.8422999830278193e-06
temporal_acceleration:state_sequence,84,0.01287704946046013,0.00016581840280713653
temporal_acceleration:state_sequence,85,0.014041392122221323,0.00019716069272997903
temporal_acceleration:state_sequence,86,-0.0023008325267381835,5.2938303160964138e-06
temporal_acceleration:state_sequence,87,0.01260431231509547,0.00015886868893646733
temporal_acceleration:state_sequence,88,0.019652052007116314,0.00038620314809040436
temporal_acceleration:state_sequence,89,-0.00216551153862099,4.6894402239006479e-06
temporal_acceleration:state_sequence,90,0.01243698149191709,0.00015467850863028825
temporal_acceleration:state_sequence,91,-0.021161643095691761,0.00044781513850943879
temporal_acceleration:state_sequence,92,-0.0025463233892830672,6.4837628028100066e-06
temporal_acceleration:state_sequence,93,0.012992529324362401,0.00016880581824441689
temporal_acceleration:state_sequence,94,0.055626267508624282,0.0030942816369410294
temporal_acceleration:state_sequence,95,-0.0017037787152496264,2.9028619105376676e-06
temporal_acceleration:state_sequence,96,0.020360235566559692,0.00041453919232580227
temporal_acceleration:state_sequence,97,0.019259707270789978,0.00037093632415652035
temporal_acceleration:state_sequence,98,-0.00233530718547037,5.4536596505095411e-06
temporal_acceleration:state_sequence,99,0.013620716814827863,0.00018552392654973447
temporal_acceleration:state_sequence,100,0.022911116126174184,0.00052491924214703874
temporal_acceleration:state_sequence,101,-0.0027726980401876489,7.6878544220604296e-06
temporal_acceleration:state_sequence,102,0.0046519425682693683,2.1640569658476606e-05
temporal_acceleration:state_sequence,103,0.013820779479630304,0.00019101394542457012
temporal_acceleration:state_sequence,104,-0.0033430393827371674,1.1175912314531701e-05
temporal_acceleration:state_sequence,105,0.021298794231468937,0.00045363863571445446
temporal_acceleration:state_sequence,106,0.048148836771535031,0.002318310482451924
temporal_acceleration:state_sequence,107,-0.0025875629494898078,6.6954820175723935e-06
temporal_acceleration:state_sequence,108,0.069072725161885729,0.0047710413612894022
temporal_acceleration:state_sequence,109,0.080080404255036944,0.0064128711456501392
temporal_acceleration:state_sequence,110,-0.00076200449004026893,5.8065084284153029e-07
temporal_acceleration:state_sequence,111,0.09096683198718189,0.0082749645217841776
temporal_acceleration:state_sequence,112,0.079468132134051656,0.006315184024875093
temporal_acceleration:state_sequence,113,0.0012399132439311344,1.537384852475829e-06
temporal_acceleration:state_sequence,114,-0.094494877056280041,0.0089292817898814804
temporal_acceleration:state_sequence,115,0.030192502291799476,0.00091158719464031661
temporal_acceleration:state_sequence,116,0.0023563702094042682,5.5524805637679147e-06
temporal_acceleration:state_sequence,117,0.021652469878001342,0.00046882945181775544
temporal_acceleration:state_sequence,118,-0.042274886651739403,0.0017871660414174144
temporal_acceleration:state_sequence,119,0.0050547241609510962,2.5550236343302765e-05
temporal_acceleration:state_sequence,120,-0.048446252434984419,0.0023470393749942336
temporal_acceleration:state_sequence,121,-0.39447089082637904,0.15560728370935706
temporal_acceleration:state_sequence,122,0.017765126030653278,0.00031559970288499469
temporal_acceleration:state_sequence,123,-0.0013489798607231943,1.8197466646367687e-06
temporal_acceleration:state_sequence,124,-0.046140249393397129,0.0021289226140848842
temporal_acceleration:state_sequence,125,0.0030504117394514196,9.3050117801830352e-06
temporal_acceleration:state_sequence,126,-0.023952303815414494,0.00057371285806591973
temporal_acceleration:state_sequence,127,-0.03138105727134672,0.00098477075546754274
temporal_acceleration:state_sequence,128,0.0012765840997275291,1.6296669636771458e-06
temporal_acceleration:state_sequence,129,0.11556377579457149,0.013354986275897986
temporal_acceleration:state_sequence,130,0.070426992844284678,0.0049599613210889251
temporal_acceleration:state_sequence,131,-0.0052668764032137716,2.7739987046730035e-05
temporal_acceleration:state_sequence,132,-0.094843197558025019,0.0089952321230305637
temporal_acceleration:state_sequence,133,0.0076545744566998437,5.8592510113161704e-05
temporal_acceleration:state_sequence,134,0.00085872588172275499,7.37410139940523e-07
temporal_acceleration:state_sequence,135,-0.014741131321163586,0.0002173009526277901
temporal_acceleration:state_sequence,136,0.0076327467423979905,5.8258822833587138e-05
temporal_acceleration:state_sequence,137,-0.0033459271920843747,1.1195228774729628e-05
temporal_acceleration:state_sequence,138,-0.030783040026950287,0.00094759555330082353
temporal_acceleration:state_sequence,139,0.030021201503896752,0.00090127253973757262
temporal_acceleration:state_sequence,140,-0.0031951484925407669,1.0208973889385536e-05
temporal_acceleration:state_sequence,141,-0.022065205763637241,0.00048687330539165015
temporal_acceleration:state_sequence,142,0.037622920899453301,0.00141548417700652
temporal_acceleration:state_sequence,143,-0.0040015377238811212,1.6012304155643703e-05
temporal_acceleration:state_sequence,144,-0.031903312636885756,0.0010178213572068742
temporal_acceleration:state_sequence,145,0.041980469152669696,0.0017623597902782519
temporal_acceleration:state_sequence,146,-0.0037959707056600678,1.4409393598229393e-05
temporal_acceleration:state_sequence,147,-0.023851629221893766,0.00056890021653869659
temporal_acceleration:state_sequence,148,0.038520289689157709,0.0014838127177366298
temporal_acceleration:state_sequence,149,-0.0044496115064829311,1.9799042558625299e-05
temporal_acceleration:state_sequence,150,-0.042880129038248838,0.0018387054663368712
temporal_acceleration:state_sequence,151,0.056258776882892707,0.003165049976359103
temporal_acceleration:state_sequence,152,-0.0032137212716643049,1.0328004411947638e-05
temporal_acceleration:state_sequence,153,-0.032984983524161071,0.0010880091380891773
temporal_acceleration:state_sequence,154,0.057737450810730485,0.0033336132261215226
temporal_acceleration:state_sequence,155,-0.0032825197333741229,1.0774935799990523e-05
temporal_acceleration:state_sequence,156,-0.028288217150208295,0.00080022322953733865
temporal_acceleration:state_sequence,157,0.086199768515682423,0.0074304000921572352
temporal_acceleration:state_sequence,158,-0.0022104029381786461,4.8858811491087914e-06
temporal_acceleration:state_sequence,159,-0.076985863449358441,0.0059268231710432641
temporal_acceleration:state_sequence,160,0.028480326084073554,0.0008111289738551604
temporal_acceleration:state_sequence,161,0.0013030955736814676,1.6980580741482329e-06
temporal_acceleration:state_sequence,162,0.0054103583875099448,2.9271977881299208e-05
temporal_acceleration:state_sequence,163,0.13407364747892228,0.017975742948302321
temporal_acceleration:state_sequence,164,0.00085923365916951155,7.3828248104982837e-07
temporal_acceleration:state_sequence,165,-0.035107832927138843,0.0012325599328398943
temporal_acceleration:state_sequence,166,-0.13324857230807394,0.01775518202214001
temporal_acceleration:state_sequence,167,0.010118875195161969,0.00010239163521526418
temporal_acceleration:state_sequence,168,0.076852553255234546,0.0059063149418486617
temporal_acceleration:state_sequence,169,-0.39015424618985062,0.15222033581997058
temporal_acceleration:state_sequence,170,0.017393306255333307,0.00030252710249181676
temporal_acceleration:state_sequence,171,0.0051347670455316116,2.6365832611877436e-05
temporal_acceleration:state_sequence,172,-0.050694228752574226,0.0025699048288183235
temporal_acceleration:state_sequence,173,0.0033355328189133004,1.1125779186047709e-05
temporal_acceleration:state_sequence,174,0.039501523367073459,0.0015603703483194505
temporal_acceleration:state_sequence,175,0.032067053243097131,0.0010282959036956262
temporal_acceleration:state_sequence,176,-0.0011756949507812919,1.3822586172926245e-06
temporal_acceleration:state_sequence,177,-0.01719914140025959,0.00029581046490612345
temporal_acceleration:state_sequence,178,-0.011753781548827894,0.00013815138069756704
temporal_acceleration:state_sequence,179,-0.0019426828935698026,3.7740168249687412e-06
temporal_acceleration:state_sequence,180,0.031021254097358883,0.00096231820577290532
temporal_acceleration:state_sequence,181,0.044938427108012644,0.0020194622309421656
temporal_acceleration:state_sequence,182,-0.0023077493953405082,5.3257072716944809e-06
temporal_acceleration:state_sequence,183,0.034410681934286258,0.0011840950311826147
temporal_acceleration:state_sequence,184,0.030420066899289,0.00092538047015721823
temporal_acceleration:state_sequence,185,-0.002228847706846615,4.9677621003154142e-06
temporal_acceleration:state_sequence,186,0.059859293894371016,0.0035831350655326833
temporal_acceleration:state_sequence,187,0.076223328371126581,0.00580999578797259
temporal_acceleration:state_sequence,188,-0.001442556209352297,2.0809684171408681e-06
temporal_acceleration:state_sequence,189,-0.014845369278735573,0.00022038498902202596
temporal_acceleration:state_sequence,190,-0.042960024139230987,0.0018455636740433092
temporal_acceleration:state_sequence,191,-0.003333176219149081,1.1110063707900963e-05
temporal_acceleration:state_sequence,192,0.0094936353161204773,9.0129111515489961e-05
temporal_acceleration:state_sequence,193,0.02411387934560992,0.00058147917709463278
temporal_acceleration:state_sequence,194,-0.0019964841150699186,3.9859488217265165e-06
temporal_acceleration:state_sequence,195,0.007401519731636344,5.4782494337802136e-05
temporal_acceleration:state_sequence,196,0.023567423601229383,0.00055542345519978378
temporal_acceleration:state_sequence,197,-0.0018570041415610916,3.448464381775047e-06
temporal_acceleration:state_sequence,198,0.0059246406347408798,3.5101366650822816e-05
temporal_acceleration:state_sequence,199,0.025397773363015928,0.00064504689179912145
temporal_acceleration:state_sequence,200,-0.0017683708947791033,3.1271356215018463e-06
temporal_acceleration:state_sequence,201,0.012522398109530222,0.00015681045441356609
temporal_acceleration:state_sequence,202,0.026460238983939684,0.00070014424708720138
temporal_acceleration:state_sequence,203,-0.0015795462466972054,2.494966345455229e-06
temporal_acceleration:state_sequence,204,0.016664706952061598,0.00027771245779809013
temporal_acceleration:state_sequence,205,0.022713655144173728,0.0005159101300084496
temporal_acceleration:state_sequence,206,-0.0015868037456590045,2.5179461272374468e-06
temporal_acceleration:state_sequence,207,0.010675634033373571,0.00011396916201452406
temporal_acceleration:state_sequence,208,0.02301688844332123,0.00052977715361229437
temporal_acceleration:state_sequence,209,-0.0018356459392654401,3.3695960143416995e-06
temporal_acceleration:state_sequence,210,0.024316961132597043,0.00059131459872423524
temporal_acceleration:state_sequence,211,0.01946418622958089,0.00037885454557980635
temporal_acceleration:state_sequence,212,-0.0015918136398962446,2.5338706641597308e-06
temporal_acceleration:state_sequence,213,0.0081664555280390461,6.6690995891439492e-05
temporal_acceleration:state_sequence,214,0.043282234606922321,0.0018733518325686643
temporal_acceleration:state_sequence,215,-0.0017031684921242629,2.9007829125648355e-06
temporal_acceleration:state_sequence,216,0.11019667877671172,0.012143308013417786
temporal_acceleration:state_sequence,217,0.041731917593268768,0.0017415529460113753
temporal_acceleration:state_sequence,218,0.00065332470449597224,4.2683316950474945e-07
temporal_acceleration:state_sequence,219,-0.044475458987434706,0.0019780664521429864
temporal_acceleration:state_sequence,220,0.01225912193826926,0.00015028607069735467
temporal_acceleration:state_sequence,221,1.7830696124043754e-05,3.1793372426798895e-10
temporal_acceleration:state_sequence,222,0.011413804368663218,0.00013027493016611554
temporal_acceleration:state_sequence,223,0.084626043967942793,0.0071615673176641872
temporal_acceleration:state_sequence,224,-0.00020763582777139078,4.3112636974310652e-08
temporal_acceleration:state_sequence,225,0.0075862854537221171,5.755172698535579e-05
temporal_acceleration:state_sequence,226,-0.19230700626707178,0.03698198465940359
temporal_acceleration:state_sequence,227,0.0085483477855374801,7.3074249862503543e-05
temporal_acceleration:state_sequence,228,-0.032382198449765649,0.0010486067764400048
temporal_acceleration:state_sequence,229,-0.23276780428515004,0.054180850711729914
temporal_acceleration:state_sequence,230,0.010170095365120702,0.00010343083973564958
temporal_acceleration:state_sequence,231,-0.025546246232542383,0.00065261069657368586
temporal_acceleration:state_sequence,232,-0.026369419692195226,0.00069534629490313339
temporal_acceleration:state_sequence,233,0.0016749582709252309,2.805485209340839e-06
temporal_acceleration:state_sequence,234,0.039803930685178499,0.0015843528979904945
temporal_acceleration:state_sequence,235,0.037416677874544453,0.0014000077831674243
temporal_acceleration:state_sequence,236,-0.0027666990978003625,7.654623897769339e-06
temporal_acceleration:state_sequence,237,-0.057565529435706711,0.0033137901792132159
temporal_acceleration:state_sequence,238,-0.0069520991454197706,4.8331682527746305e-05
temporal_acceleration:state_sequence,239,0.00036800008277104723,1.3542406091949761e-07
temporal_acceleration:state_sequence,240,-0.0087717404167508839,7.6943429938860973e-05
temporal_acceleration:state_sequence,241,-0.0022716073607507471,5.1602000014169753e-06
temporal_acceleration:state_sequence,242,-0.0017640154650111484,3.1117505607984982e-06
temporal_acceleration:state_sequence,243,-0.0072570578854942724,5.2664889153414602e-05
temporal_acceleration:state_sequence,244,0.031222750269217839,0.00097486013437394266
temporal_acceleration:state_sequence,245,-0.0021851037008602248,4.7746781835130508e-06
temporal_acceleration:state_sequence,246,-0.020261148860387518,0.00041051415314278242
temporal_acceleration:state_sequence,247,0.012333448951662336,0.00015211396304326078
temporal_acceleration:state_sequence,248,-0.0016560658767872383,2.7425541882590841e-06
temporal_acceleration:state_sequence,249,-0.011166621529263288,0.00012469343637780636
temporal_acceleration:state_sequence,250,0.036033227705072987,0.0012983934988456394
temporal_acceleration:state_sequence,251,-0.0020086298099331046,4.0345937133518997e-06
temporal_acceleration:state_sequence,252,-0.02513331361616522,0.00063168345332851607
temporal_acceleration:state_sequence,253,0.021077537612415577,0.00044426259180279336
temporal_acceleration:state_sequence,254,-0.001560206202033676,2.4342433928643478e-06
temporal_acceleration:state_sequence,255,-0.019121457388470986,0.00036563013265911165
temporal_acceleration:state_sequence,256,0.033892541563590325,0.0011487043736396977
temporal_acceleration:state_sequence,257,-0.0018798222544758048,3.533731708422497e-06
temporal_acceleration:state_sequence,258,-0.028307781206969307,0.00080133047686164463
temporal_acceleration:state_sequence,259,0.044108658506783263,0.0019455737552680236
temporal_acceleration:state_sequence,260,-0.0015416270612611527,2.3766139960126976e-06
temporal_acceleration:state_sequence,261,-0.0034122074131552604,1.1643159430391715e-05
temporal_acceleration:state_sequence,262,0.02259594250011146,0.00051057661746834338
temporal_acceleration:state_sequence,263,-0.0032769963752254938,1.0738705243241025e-05
temporal_acceleration:state_sequence,264,-0.010950556591283467,0.00011991468965890178
temporal_acceleration:state_sequence,265,0.047424223069142769,0.0022490569337118133
temporal_acceleration:state_sequence,266,-0.002902503468451556,8.4245263843733124e-06
temporal_acceleration:state_sequence,267,-0.011754705240640956,0.00013817309529435195
temporal_acceleration:state_sequence,268,0.059803608177227796,0.0035764715510153873
temporal_acceleration:state_sequence,269,-0.0027567380202508929,7.5996045122968125e-06
temporal_acceleration:state_sequence,270,-0.049332929622946803,0.0024337379451826223
temporal_acceleration:state_sequence,271,0.051707648187645519,0.0026736808810973209
temporal_acceleration:state_sequence,272,-0.00071201774295204245,5.0696926627852082e-07
temporal_acceleration:state_sequence,273,-0.06632353558454443,0.0043988113724343315
temporal_acceleration:state_sequence,274,0.035046207314549542,0.0012282366471343857
temporal_acceleration:state_sequence,275,0.0011423587910641686,1.3049836075215888e-06
temporal_acceleration:state_sequence,276,-0.049293799667362512,0.0024298786856460685
temporal_acceleration:state_sequence,277,0.035085126099451899,0.0012309660734144408
temporal_acceleration:state_sequence,278,0.0024504739401631781,6.0048225314188512e-06
temporal_acceleration:state_sequence,279,0.023669551037486594,0.00056024764631618269
temporal_acceleration:state_sequence,280,-0.13417936553973564,0.018004102136645998
temporal_acceleration:state_sequence,281,0.0073392425122786875,5.3864480654038778e-05
temporal_acceleration:state_sequence,282,0.07445828630322418,0.0055440363992129019
temporal_acceleration:state_sequence,283,-0.33183681142625698,0.11011566941754523
temporal_acceleration:state_sequence,284,0.01445525954703708,0.00020895452857220667
temporal_acceleration:state_sequence,285,-0.0039430314745687346,1.5547497209439689e-05
temporal_acceleration:state_sequence,286,0.011863385600532449,0.00014073991790692066
temporal_acceleration:state_sequence,287,0.00058925349811111971,3.4721968503619137e-07
temporal_acceleration:state_sequence,288,0.0064154903195547293,4.1158516040300445e-05
temporal_acceleration:state_sequence,289,0.005980949495871188,3.5771756872161821e-05
temporal_acceleration:state_sequence,290,-0.00075999777903845711,5.7759662414338745e-07
temporal_acceleration:state_sequence,291,-0.017388604700491871,0.000302363573429968
temporal_acceleration:state_sequence,292,-0.001448252158036446,2.097434313257223e-06
temporal_acceleration:state_sequence,293,-0.0013024261540595106,1.6963138867782479e-06
temporal_acceleration:state_sequence,294,0.053883012541639866,0.0029033790405625193
temporal_acceleration:state_sequence,295,0.075889472715999981,0.0057592120691125053
temporal_acceleration:state_sequence,296,-0.0020069476032880118,4.0278386823434949e-06
temporal_acceleration:state_sequence,297,0.0098220018769341888,9.6471720870498729e-05
temporal_acceleration:state_sequence,298,0.0092300828842305591,8.519443004976591e-05
temporal_acceleration:state_sequence,299,-0.0023916262573875358,5.7198761550255119e-06
temporal_acceleration:state_sequence,300,0.028360043666152621,0.00080429207674608341
temporal_acceleration:state_sequence,301,0.0014295500626684478,2.043613381675363e-06
temporal_acceleration:state_sequence,302,-0.0017396369647126875,3.0263367689947721e-06
temporal_acceleration:state_sequence,303,0.015348272702767687,0.00023556947495852374
temporal_acceleration:state_sequence,304,0.0097546230753103157,9.5152671341376479e-05
temporal_acceleration:state_sequence,305,-0.0017175497591859212,2.9499771752796162e-06
temporal_acceleration:state_sequence,306,0.018994587677850228,0.00036079436105153969
temporal_acceleration:state_sequence,307,0.018404753559541864,0.0003387349535874689
temporal_acceleration:state_sequence,308,-0.0012352364457868248,1.5258090770000674e-06
temporal_acceleration:state_sequence,309,0.018592345142456265,0.00034567529789621707
temporal_acceleration:state_sequence,310,0.01504940967176027,0.00022648473146847156
temporal_acceleration:state_sequence,311,-0.00091909890461483457,8.4474279646418873e-07
temporal_acceleration:state_sequence,312,0.0095929562403931912,9.202480943009867e-05
temporal_acceleration:state_sequence,313,0.012789487661299453,0.00016357099463853094
temporal_acceleration:state_sequence,314,-0.00087202566258159919,7.6042875620087712e-07
temporal_acceleration:state_sequence,315,0.025809850913234775,0.00066614840416340595
temporal_acceleration:state_sequence,316,0.0048826141824213805,2.3839921254382404e-05
temporal_acceleration:state_sequence,317,-0.00025962792411515778,6.7406658980346132e-08
temporal_acceleration:state_sequence,318,0.01248182667493998,0.00015579599714324324
temporal_acceleration:state_sequence,319,0.02142779150456204,0.0004591502487629811
temporal_acceleration:state_sequence,320,-0.00023685777433168909,5.6101605261361351e-08
temporal_acceleration:state_sequence,321,0.006572693368488286,4.3200298116169893e-05
temporal_acceleration:state_sequence,322,0.0010633477542717998,1.13070844651488e-06
temporal_acceleration:state_sequence,323,-0.00046540504206049604,2.1660185317533208e-07
temporal_acceleration:state_sequence,324,0.0069857188120387576,4.8800267320872192e-05
temporal_acceleration:state_sequence,325,0.011973555766440113,0.00014336603769205127
temporal_acceleration:state_sequence,326,-0.00025215106484122174,6.3580159500562007e-08
temporal_acceleration:state_sequence,327,0.013836449326049272,0.00019144732995232935
temporal_acceleration:state_sequence,328,-0.025000319342755161,0.00062501596723973788
temporal_acceleration:state_sequence,329,-0.00043553385821404333,1.8968974165081039e-07
temporal_acceleration:state_sequence,330,-0.0011167858906534212,1.2472107255625552e-06
temporal_acceleration:state_sequence,331,0.021163387055612805,0.0004478889516656796
temporal_acceleration:state_sequence,332,-0.00011802092094281846,1.3928937780191006e-08
temporal_acceleration:state_sequence,333,0.0014987309935603904,2.2461945910585149e-06
temporal_acceleration:state_sequence,334,-0.0087355640816610784,7.6310079824807157e-05
temporal_acceleration:state_sequence,335,-0.00033813203317301088,1.1433327185771414e-07
temporal_acceleration:state_sequence,336,0.041394114532300512,0.0017134727179132123
temporal_acceleration:state_sequence,337,0.02158230306287472,0.00046579580549777153
temporal_acceleration:state_sequence,338,0.00047234338962365285,2.2310827772116193e-07
temporal_acceleration:state_sequence,339,0.082881985537920727,0.0068694235267081002
temporal_acceleration:state_sequence,340,-0.030509385275324163,0.00093082258987816681
temporal_acceleration:state_sequence,341,0.00058368982516654455,3.4069381200295135e-07
temporal_acceleration:state_sequence,342,-0.057424353920855105,0.0032975564232276271
temporal_acceleration:state_sequence,343,0.010254120992602426,0.00010514699733092976
temporal_acceleration:state_sequence,344,0.001859812556350704,3.4589027447597405e-06
temporal_acceleration:state_sequence,345,-0.10544847068851021,0.011119379970545597
temporal_acceleration:state_sequence,346,-0.010903198963549989,0.00011887974763875756
temporal_acceleration:state_sequence,347,0.0017968136761892239,3.2285393869406335e-06
temporal_acceleration:state_sequence,348,0.00039882444363960323,1.5906093684443904e-07
temporal_acceleration:state_sequence,349,6.5058607708450822e-05,4.2326224369620968e-09
temporal_acceleration:state_sequence,350,-0.00035547830508075862,1.263648253830889e-07
temporal_acceleration:state_sequence,351,-0.0029592487920922922,8.7571534134996902e-06
temporal_acceleration:state_sequence,352,-0.0062389048772927827,3.892393406790767e-05
temporal_acceleration:state_sequence,353,-0.00049658664996510282,2.4659830092356356e-07
temporal_acceleration:state_sequence,354,-0.010870272779458234,0.00011816283029983065
temporal_acceleration:state_sequence,355,-0.0010326974569067207,1.0664640375016084e-06
temporal_acceleration:state_sequence,356,-0.00032275030840356322,1.0416776157459518e-07
temporal_acceleration:state_sequence,357,-0.0039238927137322938,1.5396934028881385e-05
temporal_acceleration:state_sequence,358,0.0052811832561857385,2.7890896585416599e-05
temporal_acceleration:state_sequence,359,-0.00040481820668070156,1.6387778046017921e-07
temporal_acceleration:state_sequence,360,-0.012653811539733578,0.00016011894648309467
temporal_acceleration:state_sequence,361,0.0011716961695851815,1.3728719138205863e-06
temporal_acceleration:state_sequence,362,-0.00019315743049030942,3.7309792953618717e-08
temporal_acceleration:state_sequence,363,-0.0078469137863385052,6.1574055970229296e-05
temporal_acceleration:state_sequence,364,0.0074532393965539576,5.5550777502344003e-05
temporal_acceleration:state_sequence,365,-0.00016182465014225045,2.6187217393661756e-08
temporal_acceleration:state_sequence,366,-0.0095167114416047638,9.0567796662771019e-05
temporal_acceleration:state_sequence,367,0.003670013039151454,1.3468995707541692e-05
temporal_acceleration:state_sequence,368,-8.0739898868920079e-05,6.5189312693634419e-09
temporal_acceleration:state_sequence,369,0.00035804315911949769,1.2819490379226995e-07
temporal_acceleration:state_sequence,370,0.0068606446234880797,4.7068444649795896e-05
temporal_acceleration:state_sequence,371,-0.00020104163430900712,4.041773872563655e-08
temporal_acceleration:state_sequence,372,0.0043078210996745636,1.8557322626801365e-05
temporal_acceleration:state_sequence,373,0.001704227932418098,2.9043928456340654e-06
temporal_acceleration:state_sequence,374,-0.0002855772459309236,8.1554363393491217e-08
temporal_acceleration:state_sequence,375,-0.00529068149448364,2.7991310676071644e-05
temporal_acceleration:state_sequence,376,0.0038588468699390088,1.4890699165638086e-05
temporal_acceleration:state_sequence,377,6.1760490939199997e-05,3.8143582410510046e-09
temporal_acceleration:state_sequence,378,0.029410553771840389,0.0008649806731663149
temporal_acceleration:state_sequence,379,0.015556435612474726,0.0002420026889650719
temporal_acceleration:state_sequence,380,-0.00059526025637968161,3.543347728252043e-07
temporal_acceleration:state_sequence,381,-0.030947067046156393,0.00095772095875929896
temporal_acceleration:state_sequence,382,-0.012224883163475128,0.00014944776836061765
temporal_acceleration:state_sequence,383,0.00065835510790535068,4.3343144810506591e-07
temporal_acceleration:state_sequence,384,-0.0032509540297157719,1.0568702103325216e-05
temporal_acceleration:state_sequence,385,-0.00086150063483343383,7.4218334381840948e-07
temporal_acceleration:state_sequence,386,3.1175547863249164e-05,9.7191478457373948e-10
temporal_acceleration:state_sequence,387,-0.0019777857628310719,3.9116365236572853e-06
temporal_acceleration:state_sequence,388,-0.0040756764046243144,1.6611138155211379e-05
temporal_acceleration:state_sequence,389,-5.2206457343828561e-05,2.725514188392991e-09
temporal_acceleration:state_sequence,390,-0.0023827462063709393,5.6774794839751023e-06
temporal_acceleration:state_sequence,391,-0.0055930700604992396,3.1282432701652967e-05
temporal_acceleration:state_sequence,392,-7.1025788308531901e-05,5.0446626048483866e-09
temporal_acceleration:state_sequence,393,-0.0058242812738738131,3.3922252357197169e-05
temporal_acceleration:state_sequence,394,-0.0013500255196273769,1.822568903645169e-06
temporal_acceleration:state_sequence,395,4.3785915693206334e-05,1.9172064130925729e-09
temporal_acceleration:state_sequence,396,-0.0048615816776321347,2.3634976408288482e-05
temporal_acceleration:state_sequence,397,-0.0075950091519162268,5.7684164017691239e-05
temporal_acceleration:state_sequence,398,-2.6343985002341697e-05,6.9400554580360428e-10
temporal_acceleration:state_sequence,399,-0.0059635989799926986,3.5564512794169954e-05
temporal_acceleration:state_sequence,400,-0.0029380412573796304,8.6320864300648802e-06
temporal_acceleration:state_sequence,401,4.4117155040268585e-05,1.9463233688470958e-09
temporal_acceleration:state_sequence,402,-0.011717748184950777,0.00013730562252591724
temporal_acceleration:state_sequence,403,-0.0083343097253953252,6.9460718598819097e-05
temporal_acceleration:state_sequence,404,0.00013895111954820294,1.9307413623698984e-08
temporal_acceleration:state_sequence,405,0.00012261724508244587,1.5034988791608595e-08
temporal_acceleration:state_sequence,406,-0.0065266500089940825,4.259716033990246e-05
temporal_acceleration:state_sequence,407,-5.4990612303740249e-05,3.0239674415402686e-09
temporal_acceleration:state_sequence,408,-6.1648175231909796e-05,3.8004975094242564e-09
temporal_acceleration:state_sequence,409,-0.0061294558603395589,3.7570229143850963e-05
temporal_acceleration:state_sequence,410,-3.4302508704620038e-05,1.1766621034305335e-09
temporal_acceleration:state_sequence,411,0.0066206312643181733,4.3832758338067251e-05
temporal_acceleration:state_sequence,412,0.00026412224929591241,6.9760562573132096e-08
temporal_acceleration:state_sequence,413,-6.3266189567201536e-05,4.0026107423530804e-09
temporal_acceleration:state_sequence,414,0.0002854384014023062,8.1475080995104079e-08
temporal_acceleration:state_sequence,415,-0.0077241124211878207,5.9661912695147978e-05
temporal_acceleration:state_sequence,416,-6.7165128756485615e-05,4.511154520875291e-09
temporal_acceleration:state_sequence,417,0.018659066209462255,0.00034816075180909613
temporal_acceleration:state_sequence,418,-0.0013727998972197528,1.8845795578065638e-06
temporal_acceleration:state_sequence,419,-0.00020281058432658483,4.1132133114890775e-08
temporal_acceleration:state_sequence,420,-0.00052424300787574235,2.7483073130660564e-07
temporal_acceleration:state_sequence,421,-0.00028456500129697275,8.0977239963146108e-08
temporal_acceleration:state_sequence,422,6.3285085127873231e-06,4.0050019996421615e-11
temporal_acceleration:state_sequence,423,0.010419442790903267,0.00010856478807290607
temporal_acceleration:state_sequence,424,0.0046492364017685361,2.1615399119529644e-05
temporal_acceleration:state_sequence,425,-2.3408755698284267e-05,5.4796984334195612e-10
temporal_acceleration:state_sequence,426,0.0076308339800889788,5.8229627231680604e-05
temporal_acceleration:state_sequence,427,0.0091719780129490072,8.4125180670020013e-05
temporal_acceleration:state_sequence,428,8.2402839804984751e-05,6.7902280079259791e-09
temporal_acceleration:state_sequence,429,0.0010992713881304364,1.2083975847622166e-06
temporal_acceleration:state_sequence,430,0.036704044055005665,0.0013471868499917968
temporal_acceleration:state_sequence,431,0.00067812875709449827,4.5985861119852904e-07
temporal_acceleration:state_sequence,432,-0.0096771443108560964,9.364712201313452e-05
temporal_acceleration:state_sequence,433,-0.0079098253565851231,6.2565337171676966e-05
temporal_acceleration:state_sequence,434,-0.00010857432594768568,1.1788384254994292e-08
temporal_acceleration:state_sequence,435,-0.0049664589281321614,2.4665714284823656e-05
temporal_acceleration:state_sequence,436,-0.0047714457814141183,2.2766694844974586e-05
temporal_acceleration:state_sequence,437,-9.7346409462240047e-05,9.4763234351900984e-09
temporal_acceleration:state_sequence,438,-0.0045569210667685892,2.0765529608759376e-05
temporal_acceleration:state_sequence,439,-0.005473382969973347,2.9957921135994257e-05
temporal_acceleration:state_sequence,440,-0.00011468192420149848,1.3151943738558241e-08
temporal_acceleration:state_sequence,441,-0.0011018685501674834,1.2141143018481919e-06
temporal_acceleration:state_sequence,442,-0.004635776986209963,2.1490428265873928e-05
temporal_acceleration:state_sequence,443,-0.00012472595054546787,1.5556562739470497e-08
temporal_acceleration:state_sequence,444,0.0010499710208018709,1.1024391445237227e-06
temporal_acceleration:state_sequence,445,-0.0055999377103868632,3.1359302360212865e-05
temporal_acceleration:state_sequence,446,-0.00015993816656845183,2.5580217125277845e-08
temporal_acceleration:state_sequence,447,-0.00039376711630255412,1.5505254188122918e-07
temporal_acceleration:state_sequence,448,0.0035378017625222677,1.2516041310905663e-05
temporal_acceleration:state_sequence,449,2.3660470613862117e-05,5.5981786966943274e-10
temporal_acceleration:state_sequence,450,-0.0045782039511317943,2.0959951418158772e-05
temporal_acceleration:state_sequence,451,-0.0026296857399422053,6.9152470908553837e-06
temporal_acceleration:state_sequence,452,-8.6127976062222444e-05,7.4180282605747627e-09
temporal_acceleration:state_sequence,453,0.0044539757365854356,1.9837899862091773e-05
temporal_acceleration:state_sequence,454,-0.0041093433976687422,1.6886703159963684e-05
temporal_acceleration:state_sequence,455,-0.00015637076131280736,2.4451814993546972e-08
temporal_acceleration:state_sequence,456,0.0099617210375721639,9.9235886030407824e-05
temporal_acceleration:state_sequence,457,0.0012139357877252442,1.473640096720109e-06
temporal_acceleration:state_sequence,458,-6.114166891002526e-05,3.7383036771031494e-09
temporal_acceleration:state_sequence,459,0.011666933573632968,0.00013611733901156415
temporal_acceleration:state_sequence,460,0.0063025550346414508,3.97221999646843e-05
temporal_acceleration:state_sequence,461,5.3573543072893415e-05,2.870124517383166e-09
temporal_acceleration:state_sequence,462,0.0051182282013076483,2.6196259920660927e-05
temporal_acceleration:state_sequence,463,0.0037357604898673323,1.395590643765381e-05
temporal_acceleration:state_sequence,464,3.5135990552603857e-05,1.2345378321126675e-09
temporal_acceleration:state_sequence,465,-0.0016088409685018415,2.5883692619299433e-06
temporal_acceleration:state_sequence,466,0.0018201724865891632,3.3130278809361774e-06
temporal_acceleration:state_sequence,467,6.2010979866577998e-05,3.8453616240131418e-09
temporal_acceleration:state_sequence,468,0.00070797030647644192,5.012219548523471e-07
temporal_acceleration:state_sequence,469,0.0012116209194295211,1.4680252523992381e-06
temporal_acceleration:state_sequence,470,0.00013084831463672231,1.7121281443270677e-08
temporal_acceleration:state_sequence,471,-0.0070960229561698417,5.0353541794489376e-05
temporal_acceleration:state_sequence,472,0.0036813264390093119,1.3552164350548982e-05
temporal_acceleration:state_sequence,473,0.00034448908358353236,1.1867272870822194e-07
temporal_acceleration:state_sequence,474,0.17354813532567614,0.030118955275019201
temporal_acceleration:state_sequence,475,0.068477232545060274,0.0046891313770302621
temporal_acceleration:state_sequence,476,0.001472366124422031,2.1678620043455516e-06
temporal_acceleration:state_sequence,477,-0.17652071201140554,0.03115956176901357
temporal_acceleration:state_sequence,478,-0.065165865989214283,0.0042465900901242351
temporal_acceleration:state_sequence,479,-0.00035633723789896266,1.269762271134619e-07
temporal_acceleration:state_sequence,480,-0.0062416668892233823,3.8958405556027497e-05
temporal_acceleration:state_sequence,481,0.0040417087014956487,1.6335409227745642e-05
temporal_acceleration:state_sequence,482,-0.00056091605342256656,3.1462681898714755e-07
temporal_acceleration:state_sequence,483,0.00085505222910429307,7.3111431449622051e-07
temporal_acceleration:state_sequence,484,-0.00016228461439720982,2.6336296070051081e-08
temporal_acceleration:state_sequence,485,-0.00050136181118265455,2.5136366571235175e-07
temporal_acceleration:state_sequence,486,-0.0029330492004502051,8.6027776122615881e-06
temporal_acceleration:state_sequence,487,-0.0012729363306391486,1.6203669018610597e-06
temporal_acceleration:state_sequence,488,-0.00029727024394077262,8.836959793260646e-08
temporal_acceleration:state_sequence,489,-0.0017543357220082059,3.077693825514053e-06
temporal_acceleration:state_sequence,490,-0.0037794756203075892,1.4284435964499436e-05
temporal_acceleration:state_sequence,491,-0.00021146770294411255,4.4718589388459424e-08
temporal_acceleration:state_sequence,492,-0.0022561366291131216,5.0901524892259188e-06
temporal_acceleration:state_sequence,493,-0.0019055011053595843,3.6309344625265975e-06
temporal_acceleration:state_sequence,494,-6.2822503861248435e-05,3.9466669913965749e-09
temporal_acceleration:state_sequence,495,0.0004078347325423351,1.66329169067878e-07
temporal_acceleration:state_sequence,496,-0.0044468320336447905,1.9774315135449465e-05
temporal_acceleration:state_sequence,497,-6.2902649680118827e-05,3.9567433367797533e-09
temporal_acceleration:state_sequence,498,0.00015582673536943328,2.4281971455895389e-08
temporal_acceleration:state_sequence,499,-0.0015083607493649395,2.275152150224762e-06
temporal_acceleration:state_sequence,500,3.9218571150634318e-05,1.5380963230973665e-09
temporal_acceleration:state_sequence,501,0.00049714974520352617,2.4715786915593098e-07
temporal_acceleration:state_sequence,502,-0.004412920067069951,1.9473863518348662e-05
temporal_acceleration:state_sequence,503,1.8581359428893052e-06,3.4526691822571273e-12
temporal_acceleration:state_sequence,504,0.0065194450600398329,4.250316389087778e-05
temporal_acceleration:state_sequence,505,0.0015994741684088212,2.5583176154070902e-06
temporal_acceleration:state_sequence,506,8.5236407589839303e-05,7.2652451788212155e-09
temporal_acceleration:state_sequence,507,0.00076212391345925265,5.8083285946644642e-07
temporal_acceleration:state_sequence,508,0.002121896983356698,4.5024468079782548e-06
temporal_acceleration:state_sequence,509,0.00012499912809715852,1.5624782025049844e-08
temporal_acceleration:state_sequence,510,0.00029494483184381096,8.699245383137392e-08
temporal_acceleration:state_sequence,511,0.0010849105746381143,1.1770309549616034e-06
temporal_acceleration:state_sequence,512,9.726140870469635e-05,9.4597816232219838e-09
temporal_acceleration:state_sequence,513,0.0058643179585081244,3.4390225118480898e-05
temporal_acceleration:state_sequence,514,-0.00040954617549849741,1.6772806986544603e-07
temporal_acceleration:state_sequence,515,2.4440349033483244e-05,5.9733066087848534e-10
temporal_acceleration:state_sequence,516,0.0024084812645917657,5.8007820018895504e-06
temporal_acceleration:state_sequence,517,0.0010199657485603396,1.040330128236254e-06
temporal_acceleration:state_sequence,518,6.1263402550970625e-05,3.7532044921222739e-09
temporal_acceleration:state_sequence,519,0.0055237616325453515,3.0511942573180087e-05
temporal_acceleration:state_sequence,520,-0.0049577678684970226,2.4579462237901512e-05
temporal_acceleration:state_sequence,521,-9.526625255329435e-05,9.0756588755480631e-09
temporal_acceleration:state_sequence,522,0.0077901650857545995,6.0686672063309966e-05
temporal_acceleration:state_sequence,523,-0.0007479260586476231,5.593933892041677e-07
temporal_acceleration:state_sequence,524,-3.0716764376492733e-05,9.4351961376097309e-10
temporal_acceleration:state_sequence,525,0.0083232122808388903,6.9275862671907328e-05
temporal_acceleration:state_sequence,526,-0.0011796667878362138,1.3916137303238107e-06
temporal_acceleration:state_sequence,527,-5.8763180663667924e-05,3.4531114017108758e-09
temporal_acceleration:state_sequence,528,0.0042869651549190362,1.8378070239489995e-05
temporal_acceleration:state_sequence,529,-0.00057543626371379995,3.311268935968979e-07
temporal_acceleration:state_sequence,530,-3.3941248114288669e-05,1.1520083235557041e-09
temporal_acceleration:state_sequence,531,0.0016946144337020436,2.8717180789112979e-06
temporal_acceleration:state_sequence,532,0.0071072451516683462,5.0512933645913213e-05
temporal_acceleration:state_sequence,533,0.00014420855335650629,2.079610686117632e-08
temporal_acceleration:state_sequence,534,0.00092229667446302316,8.5063115572555169e-07
temporal_acceleration:state_sequence,535,0.0036251681198598766,1.3141843897248392e-05
temporal_acceleration:state_sequence,536,5.238289927600448e-05,2.7439681365600308e-09
temporal_acceleration:state_sequence,537,-2.8400117229251953e-05,8.0656665863525368e-10
temporal_acceleration:state_sequence,538,0.00040604293278822921,1.6487086326726642e-07
temporal_acceleration:state_sequence,539,-2.5293677330395781e-05,6.397701128941774e-10
temporal_acceleration:state_sequence,540,-0.0014634813890516962,2.1417777761006824e-06
temporal_acceleration:state_sequence,541,0.00033475746802910612,1.1206256240125801e-07
temporal_acceleration:state_sequence,542,-1.8182154892798508e-05,3.3059075654571673e-10
temporal_acceleration:state_sequence,543,-0.0078926784506217276,6.2294373124908598e-05
temporal_acceleration:state_sequence,544,0.00020302457536283555,4.1218978201259693e-08
temporal_acceleration:state_sequence,545,5.6367626899422874e-05,3.1773093622725411e-09
temporal_acceleration:state_sequence,546,-0.0017358088990037171,3.0130325338604965e-06
temporal_acceleration:state_sequence,547,0.00048129359199493104,2.3164352169538315e-07
temporal_acceleration:state_sequence,548,-3.1960610225034713e-05,1.0214806059565934e-09
temporal_acceleration:state_sequence,549,-0.0080525449569429641,6.4843480283587561e-05
temporal_acceleration:state_sequence,550,-0.00021201714969179759,4.4951271763434104e-08
temporal_acceleration:state_sequence,551,4.9147582563691117e-05,2.4154848718548351e-09
temporal_acceleration:state_sequence,552,-0.003172436067078524,1.0064350599700653e-05
temporal_acceleration:state_sequence,553,-0.00010655625558492612,1.13542356042801e-08
temporal_acceleration:state_sequence,554,-2.5809971107015883e-05,6.6615460854499466e-10
temporal_acceleration:state_sequence,555,-0.0044408191020049032,1.9720874296731635e-05
temporal_acceleration:state_sequence,556,-0.00035666249586640441,1.2720813595765293e-07
temporal_acceleration:state_sequence,557,-6.0319509342932065e-06,3.6384432073720689e-11
temporal_acceleration:state_sequence,558,-0.0035996459861789565,1.2957451225814273e-05
temporal_acceleration:state_sequence,559,-3.3534309308435487e-05,1.1245499007938229e-09
temporal_acceleration:state_sequence,560,-6.9816411363277098e-06,4.8743312956463272e-11
temporal_acceleration:state_sequence,561,-0.0045240801515809836,2.0467301217929017e-05
temporal_acceleration:state_sequence,562,-0.0011549023938162812,1.3337995392425766e-06
temporal_acceleration:state_sequence,563,-1.1656172174134838e-05,1.3586634975307528e-10
temporal_acceleration:state_sequence,564,-0.0027508983984027985,7.5674419983350818e-06
temporal_acceleration:state_sequence,565,-0.00013776329327623384,1.8978724974313616e-08
temporal_acceleration:state_sequence,566,-1.2082731717377726e-05,1.4599240575412569e-10
temporal_acceleration:state_sequence,567,-0.0011883670366114041,1.4122162137045701e-06
temporal_acceleration:state_sequence,568,-0.00076044662987029938,5.7827907688109611e-07
temporal_acceleration:state_sequence,569,-4.8061846369407135e-05,2.3099410764364938e-09
temporal_acceleration:state_sequence,570,-0.0069971556669541635,4.8960187427588761e-05
temporal_acceleration:state_sequence,571,-0.0048794983142577721,2.3809503798844438e-05
temporal_acceleration:state_sequence,572,-4.6966243516521899e-05,2.2058280300532354e-09
temporal_acceleration:state_sequence,573,0.00091316229755979139,8.3386538168467702e-07
temporal_acceleration:state_sequence,574,0.00549849517902503,3.0233449233761498e-05
temporal_acceleration:state_sequence,575,7.9318270933548263e-05,6.2913881038877674e-09
temporal_acceleration:state_sequence,576,-0.0011677276587582219,1.3635878850289583e-06
temporal_acceleration:state_sequence,577,-0.0012061927508100366,1.4549009521066831e-06
temporal_acceleration:state_sequence,578,-5.161778128481842e-05,2.6643953447673508e-09
temporal_acceleration:state_sequence,579,-0.0065523942998788748,4.293387106108517e-05
temporal_acceleration:state_sequence,580,0.00089965553435803294,8.0938008050103776e-07
temporal_acceleration:state_sequence,581,7.9516397835099895e-05,6.3228575246698791e-09
temporal_acceleration:state_sequence,582,0.0029485740113246658,8.6940887002592315e-06
temporal_acceleration:state_sequence,583,0.0015842371458959518,2.5098073344365513e-06
temporal_acceleration:state_sequence,584,-2.5929741966912445e-05,6.7235151847066052e-10
temporal_acceleration:state_sequence,585,-0.0055249475030904813,3.0525044911905741e-05
temporal_acceleration:state_sequence,586,0.00102618428670529,1.0530541902808448e-06
temporal_acceleration:state_sequence,587,6.9620103917422682e-05,4.8469588694727329e-09
temporal_acceleration:state_sequence,588,-0.001437609629211592,2.0667214460018911e-06
temporal_acceleration:state_sequence,589,-0.0011175463864857057,1.2489099259472583e-06
temporal_acceleration:state_sequence,590,-1.9270269540072604e-05,3.7134328814705004e-10
temporal_acceleration:state_sequence,591,0.00028207733714671196,7.9567624131779812e-08
temporal_acceleration:state_sequence,592,0.00019039186494960566,3.6249062238988879e-08
temporal_acceleration:state_sequence,593,2.2318759862471893e-06,4.981270417986864e-12
temporal_acceleration:state_sequence,594,-0.0042389176979227249,1.7968423249762493e-05
temporal_acceleration:state_sequence,595,-0.00099751125858605792,9.9502871100594137e-07
temporal_acceleration:state_sequence,596,2.2345029235815161e-05,4.9930033154943434e-10
temporal_acceleration:state_sequence,597,0.00079980789460745369,6.3969266827640778e-07
temporal_acceleration:state_sequence,598,-0.0021300072070658941,4.5369307021526509e-06
temporal_acceleration:state_sequence,599,-3.5279636128038305e-05,1.2446527253267856e-09
temporal_acceleration:state_sequence,600,0.0030395838101991875,9.2390697392250107e-06
temporal_acceleration:state_sequence,601,-0.0059525770039839257,3.5433172988358248e-05
temporal_acceleration:state_sequence,602,-0.00014134836233470338,1.9979359534702593e-08
temporal_acceleration:state_sequence,603,0.00060730335375327495,3.6881736347997541e-07
temporal_acceleration:state_sequence,604,0.00095288946528799125,9.0799833305683392e-07
temporal_acceleration:state_sequence,605,3.8205502055355112e-05,1.4596603873017436e-09
temporal_acceleration:state_sequence,606,0.0047944830517076664,2.2987067733112056e-05
temporal_acceleration:state_sequence,607,0.0018709628629776595,3.5005020346415603e-06
temporal_acceleration:state_sequence,608,4.016236428761033e-05,1.6130155051707177e-09
temporal_acceleration:state_sequence,609,0.0068760600369504633,4.7280201631747209e-05
temporal_acceleration:state_sequence,610,0.0013541110033578432,1.8336166094147847e-06
temporal_acceleration:state_sequence,611,1.2917071336993047e-05,1.6685073192496733e-10
temporal_acceleration:state_sequence,612,0.0055341063980716629,3.0626333625177717e-05
temporal_acceleration:state_sequence,613,0.0016960991371488575,2.8767522830370991e-06
temporal_acceleration:state_sequence,614,1.5916792852621597e-05,2.5334429471326599e-10
temporal_acceleration:state_sequence,615,0.0066995630309790288,4.4884144806060913e-05
temporal_acceleration:state_sequence,616,0.0030281723634650701,9.1698278628536291e-06
temporal_acceleration:state_sequence,617,4.2709692502640451e-05,1.8241178336701019e-09
temporal_acceleration:state_sequence,618,0.0049830560740442243,2.4830847837069039e-05
temporal_acceleration:state_sequence,619,0.00020343748002710961,4.1386808279780624e-08
temporal_acceleration:state_sequence,620,-3.4265445409964457e-05,1.1741207491432542e-09
temporal_acceleration:state_sequence,621,0.0091598771319217551,8.3903349071903123e-05
temporal_acceleration:state_sequence,622,-0.0022194098301412872,4.925779994127777e-06
temporal_acceleration:state_sequence,623,-0.00010491109727173153,1.1006338330758716e-08
temporal_acceleration:state_sequence,624,0.0032317719165658688,1.0444349720703829e-05
temporal_acceleration:state_sequence,625,0.0021613632242972664,4.671490987344676e-06
temporal_acceleration:state_sequence,626,1.1505446817494658e-05,1.3237530647019795e-10
temporal_acceleration:state_sequence,627,0.0041465009766687103,1.7193470349514568e-05
temporal_acceleration:state_sequence,628,0.0055564021595295686,3.0873604958424854e-05
temporal_acceleration:state_sequence,629,9.4421803051858433e-05,8.9154768915639428e-09
temporal_acceleration:state_sequence,630,0.0016770731189721683,2.8125742463790366e-06
temporal_acceleration:state_sequence,631,0.0023927527236634817,5.72526559659901e-06
temporal_acceleration:state_sequence,632,1.7498858646547433e-05,3.0621005393184783e-10
temporal_acceleration:state_sequence,633,0.0028180924527247513,7.9416450721042049e-06
temporal_acceleration:state_sequence,634,-0.0027517384713586146,7.5720646147550448e-06
temporal_acceleration:state_sequence,635,-0.0001178689211123185,1.3893082564181963e-08
temporal_acceleration:state_sequence,636,-0.0042457034182880569,1.8025997516062892e-05
temporal_acceleration:state_sequence,637,0.0027634083180802472,7.6364255324351006e-06
temporal_acceleration:state_sequence,638,5.5066545705528824e-05,3.0323244559390951e-09
temporal_acceleration:state_sequence,639,0.0015233821804839544,2.3206932678160475e-06
temporal_acceleration:state_sequence,640,0.0031224215993208072,9.749516643905108e-06
temporal_acceleration:state_sequence,641,3.7118227131927028e-05,1.3777627854173239e-09
temporal_acceleration:state_sequence,642,-0.0098767559938926774,9.7550308962894927e-05
temporal_acceleration:state_sequence,643,-0.00066506433293858668,4.423105669470473e-07
temporal_acceleration:state_sequence,644,2.4724925542507492e-05,6.113219430825394e-10
temporal_acceleration:state_sequence,645,-0.0060599523549335725,3.672302254406495e-05
temporal_acceleration:state_sequence,646,-0.00039218529846584582,1.5380930833274456e-07
temporal_acceleration:state_sequence,647,1.1133966251186678e-05,1.2396520448256392e-10
temporal_acceleration:state_sequence,648,-0.0029239059618259636,8.549226073601414e-06
temporal_acceleration:state_sequence,649,0.0052779914415576733,2.7857193657156047e-05
temporal_acceleration:state_sequence,650,0.00013708860741701301,1.8793286283535915e-08
temporal_acceleration:state_sequence,651,-0.0048875081857839911,2.3887736266105521e-05
temporal_acceleration:state_sequence,652,-0.0038329051990126429,1.4691162264618148e-05
temporal_acceleration:state_sequence,653,-4.0526967697296357e-05,1.6424351107377023e-09
temporal_acceleration:state_sequence,654,-0.009113734690248728,8.3060160004243085e-05
temporal_acceleration:state_sequence,655,-0.0033066753363599033,1.093410178009088e-05
temporal_acceleration:state_sequence,656,2.024668313893585e-05,4.0992817812846924e-10
temporal_acceleration:state_sequence,657,-0.008386167923249109,7.032781243693227e-05
temporal_acceleration:state_sequence,658,-0.0060002606294146856,3.6003127620903917e-05
temporal_acceleration:state_sequence,659,-3.0433161963827615e-05,9.2617734711656386e-10
temporal_acceleration:state_sequence,660,-0.0013899378966034104,1.9319273564143128e-06
temporal_acceleration:state_sequence,661,-0.010599804635710241,0.00011235585831522431
temporal_acceleration:state_sequence,662,-0.00017228770916588587,2.9683054729628876e-08
temporal_acceleration:state_sequence,663,-0.0096110320856004385,9.2371937750441115e-05
temporal_acceleration:state_sequence,664,-0.0084005224603503053,7.0568777606849943e-05
temporal_acceleration:state_sequence,665,-7.8537569363490434e-05,6.1681498015250712e-09
temporal_acceleration:state_sequence,666,-0.001292933418742797,1.6716768253019367e-06
temporal_acceleration:state_sequence,667,-0.0047667099997181338,2.2721524221412852e-05
temporal_acceleration:state_sequence,668,-4.5302891278353741e-05,2.0523519581783393e-09
temporal_acceleration:state_sequence,669,-0.0027963988908960655,7.8198467570047461e-06
temporal_acceleration:state_sequence,670,0.0018216655526474316,3.3184653857022722e-06
temporal_acceleration:state_sequence,671,8.9272238694704242e-05,7.9695326015642493e-09
temporal_acceleration:state_sequence,672,-0.0067419512388763175,4.5453906507385914e-05
temporal_acceleration:state_sequence,673,0.0042552588929512958,1.8107228246041087e-05
temporal_acceleration:state_sequence,674,0.0001293915836075854,1.6742181908478762e-08
temporal_acceleration:state_sequence,675,0.0062122947640991071,3.8592606236053178e-05
temporal_acceleration:state_sequence,676,-0.0073692008283458487,5.4305120848493141e-05
temporal_acceleration:state_sequence,677,-0.00019050170085854745,3.6290898029999496e-08
temporal_acceleration:state_sequence,678,0.0032956063852098393,1.0861021446235863e-05
temporal_acceleration:state_sequence,679,-0.0053407498667397101,2.8523609139080232e-05
temporal_acceleration:state_sequence,680,-0.00018043331386774497,3.2556180753296167e-08
temporal_acceleration:state_sequence,681,0.0053162876755114604,2.8262914648795045e-05
temporal_acceleration:state_sequence,682,0.0047394292579755548,2.2462189691354719e-05
temporal_acceleration:state_sequence,683,6.2271506062749893e-05,3.8777404673230968e-09
temporal_acceleration:state_sequence,684,0.0072869421654737747,5.3099526122959626e-05
temporal_acceleration:state_sequence,685,0.0062138139623496152,3.8611483958691027e-05
temporal_acceleration:state_sequence,686,7.3314919282196911e-05,5.3750773893550483e-09
temporal_acceleration:state_sequence,687,0.0027828244886020891,7.7441121343634782e-06
temporal_acceleration:state_sequence,688,0.010928243021455793,0.00011942649553599724
temporal_acceleration:state_sequence,689,0.00015644500843237097,2.4475040663404624e-08
temporal_acceleration:state_sequence,690,0.0036163739692596231,1.3078160685538601e-05
temporal_acceleration:state_sequence,691,0.0091831287363018047,8.4329853387491978e-05
temporal_acceleration:state_sequence,692,0.00010015700705690023,1.0031426062595962e-08
temporal_acceleration:state_sequence,693,0.0049573117986534063,2.4574940269068269e-05
temporal_acceleration:state_sequence,694,0.0092284578605541269,8.5164434484023249e-05
temporal_acceleration:state_sequence,695,0.00012066422990120174,1.4559856377650068e-08
temporal_acceleration:state_sequence,696,0.0066645665067844445,4.4416446723353014e-05
temporal_acceleration:state_sequence,697,0.0094788208872692639,8.9848045412932079e-05
temporal_acceleration:state_sequence,698,0.00016785034337996052,2.8173737772770657e-08
temporal_acceleration:state_sequence,699,0.0012413291146882999,1.5408979709728383e-06
temporal_acceleration:state_sequence,700,0.0043149061824499287,1.8618415363344617e-05
temporal_acceleration:state_sequence,701,9.2191845357803004e-06,8.4993363504770637e-11
temporal_acceleration:state_sequence,702,0.0059014636087841368,3.4827272725803486e-05
temporal_acceleration:state_sequence,703,-0.0051841754722004854,2.6875675326565126e-05
temporal_acceleration:state_sequence,704,-0.00018041938764312704,3.2551155437520944e-08
temporal_acceleration:state_sequence,705,0.0037107092905826547,1.3769363439216429e-05
temporal_acceleration:state_sequence,706,-0.0044048383443954543,1.9402600840256487e-05
temporal_acceleration:state_sequence,707,-0.00014768803986431323,2.1811757118962974e-08
temporal_acceleration:state_sequence,708,0.012277017006566537,0.00015072514657952395
temporal_acceleration:state_sequence,709,-0.020336514492072397,0.0004135738216862706
temporal_acceleration:state_sequence,710,-0.00047079949256456644,2.2165216219905326e-07
temporal_acceleration:state_sequence,711,0.012170531127269433,0.00014812182791983417
temporal_acceleration:state_sequence,712,-0.017934646808861244,0.00032165155615859682
temporal_acceleration:state_sequence,713,-0.00039645904946095101,1.571797778994808e-07
static_freeze:state_sequence,0,0,0
static_freeze:state_sequence,1,-0,0
static_freeze:state_sequence,2,0,0
static_freeze:state_sequence,3,0,0
static_freeze:state_sequence,4,-0,0
static_freeze:state_sequence,5,0,0
static_freeze:state_sequence,6,0,0
static_freeze:state_sequence,7,-0,0
static_freeze:state_sequence,8,0,0
static_freeze:state_sequence,9,0,0
static_freeze:state_sequence,10,-0,0
static_freeze:state_sequence,11,0,0
static_freeze:state_sequence,12,0,0
static_freeze:state_sequence,13,-0,0
static_freeze:state_sequence,14,0,0
static_freeze:state_sequence,15,0,0
static_freeze:state_sequence,16,-0,0
static_freeze:state_sequence,17,0,0
static_freeze:state_sequence,18,0,0
static_freeze:state_sequence,19,-0,0
static_freeze:state_sequence,20,0,0
static_freeze:state_sequence,21,0,0
static_freeze:state_sequence,22,-0,0
static_freeze:state_sequence,23,0,0
static_freeze:state_sequence,24,0,0
static_freeze:state_sequence,25,-0,0
static_freeze:state_sequence,26,0,0
static_freeze:state_sequence,27,0,0
static_freeze:state_sequence,28,-0,0
static_freeze:state_sequence,29,0,0
static_freeze:state_sequence,30,0,0
static_freeze:state_sequence,31,-0,0
static_freeze:state_sequence,32,0,0
static_freeze:state_sequence,33,0,0
static_freeze:state_sequence,34,-0,0
static_freeze:state_sequence,35,0,0
static_freeze:state_sequence,36,0,0
static_freeze:state_sequence,37,-0,0
static_freeze:state_sequence,38,0,0
static_freeze:state_sequence,39,0,0
static_freeze:state_sequence,40,-0,0
static_freeze:state_sequence,41,-0,0
static_freeze:state_sequence,42,0,0
static_freeze:state_sequence,43,-0,0
static_freeze:state_sequence,44,-0,0
static_freeze:state_sequence,45,0,0
static_freeze:state_sequence,46,-0,0
static_freeze:state_sequence,47,-0,0
static_freeze:state_sequence,48,-0,0
static_freeze:state_sequence,49,-0,0
static_freeze:state_sequence,50,-0,0
static_freeze:state_sequence,51,-0,0
static_freeze:state_sequence,52,0,0
static_freeze:state_sequence,53,-0,0
static_freeze:state_sequence,54,-0,0
static_freeze:state_sequence,55,0,0
static_freeze:state_sequence,56,-0,0
static_freeze:state_sequence,57,-0,0
static_freeze:state_sequence,58,0,0
static_freeze:state_sequence,59,-0,0
static_freeze:state_sequence,60,-0,0
static_freeze:state_sequence,61,0,0
static_freeze:state_sequence,62,-0,0
static_freeze:state_sequence,63,0,0
static_freeze:state_sequence,64,0,0
static_freeze:state_sequence,65,0,0
static_freeze:state_sequence,66,0,0
static_freeze:state_sequence,67,0,0
static_freeze:state_sequence,68,0,0
static_freeze:state_sequence,69,-0,0
static_freeze:state_sequence,70,-0,0
static_freeze:state_sequence,71,0,0
static_freeze:state_sequence,72,-0,0
static_freeze:state_sequence,73,-0,0
static_freeze:state_sequence,74,0,0
static_freeze:state_sequence,75,-0,0
static_freeze:state_sequence,76,-0,0
static_freeze:state_sequence,77,0,0
static_freeze:state_sequence,78,-0,0
static_freeze:state_sequence,79,-0,0
static_freeze:state_sequence,80,0,0
static_freeze:state_sequence,81,-0,0
static_freeze:state_sequence,82,-0,0
static_freeze:state_sequence,83,0,0
static_freeze:state_sequence,84,-0,0
static_freeze:state_sequence,85,-0,0
static_freeze:state_sequence,86,0,0
static_freeze:state_sequence,87,-0,0
static_freeze:state_sequence,88,-0,0
static_freeze:state_sequence,89,0,0
static_freeze:state_sequence,90,-0,0
static_freeze:state_sequence,91,-0,0
static_freeze:state_sequence,92,0,0
static_freeze:state_sequence,93,-0,0
static_freeze:state_sequence,94,-0,0
static_freeze:state_sequence,95,0,0
static_freeze:state_sequence,96,-0,0
static_freeze:state_sequence,97,-0,0
static_freeze:state_sequence,98,0,0
static_freeze:state_sequence,99,-0,0
static_freeze:state_sequence,100,-0,0
static_freeze:state_sequence,101,0,0
static_freeze:state_sequence,102,-0,0
static_freeze:state_sequence,103,-0,0
static_freeze:state_sequence,104,0,0
static_freeze:state_sequence,105,-0,0
static_freeze:state_sequence,106,-0,0
static_freeze:state_sequence,107,0,0
static_freeze:state_sequence,108,-0,0
static_freeze:state_sequence,109,-0,0
static_freeze:state_sequence,110,0,0
static_freeze:state_sequence,111,-0,0
static_freeze:state_sequence,112,-0,0
static_freeze:state_sequence,113,0,0
static_freeze:state_sequence,114,0,0
static_freeze:state_sequence,115,-0,0
static_freeze:state_sequence,116,-0,0
static_freeze:state_sequence,117,0,0
static_freeze:state_sequence,118,-0,0
static_freeze:state_sequence,119,-0,0
static_freeze:state_sequence,120,0,0
static_freeze:state_sequence,121,0,0
static_freeze:state_sequence,122,0,0
static_freeze:state_sequence,123,0,0
static_freeze:state_sequence,124,0,0
static_freeze:state_sequence,125,0,0
static_freeze:state_sequence,126,0,0
static_freeze:state_sequence,127,-0,0
static_freeze:state_sequence,128,0,0
static_freeze:state_sequence,129,0,0
static_freeze:state_sequence,130,-0,0
static_freeze:state_sequence,131,0,0
static_freeze:state_sequence,132,0,0
static_freeze:state_sequence,133,-0,0
static_freeze:state_sequence,134,0,0
static_freeze:state_sequence,135,0,0
static_freeze:state_sequence,136,-0,0
static_freeze:state_sequence,137,0,0
static_freeze:state_sequence,138,0,0
static_freeze:state_sequence,139,-0,0
static_freeze:state_sequence,140,0,0
static_freeze:state_sequence,141,0,0
static_freeze:state_sequence,142,-0,0
static_freeze:state_sequence,143,0,0
static_freeze:state_sequence,144,0,0
static_freeze:state_sequence,145,-0,0
static_freeze:state_sequence,146,0,0
static_freeze:state_sequence,147,0,0
static_freeze:state_sequence,148,-0,0
static_freeze:state_sequence,149,0,0
static_freeze:state_sequence,150,0,0
static_freeze:state_sequence,151,-0,0
static_freeze:state_sequence,152,0,0
static_freeze:state_sequence,153,0,0
static_freeze:state_sequence,154,-0,0
static_freeze:state_sequence,155,0,0
static_freeze:state_sequence,156,0,0
static_freeze:state_sequence,157,-0,0
static_freeze:state_sequence,158,0,0
static_freeze:state_sequence,159,0,0
static_freeze:state_sequence,160,-0,0
static_freeze:state_sequence,161,0,0
static_freeze:state_sequence,162,0,0
static_freeze:state_sequence,163,-0,0
static_freeze:state_sequence,164,0,0
static_freeze:state_sequence,165,-0,0
static_freeze:state_sequence,166,-0,0
static_freeze:state_sequence,167,-0,0
static_freeze:state_sequence,168,0,0
static_freeze:state_sequence,169,0,0
static_freeze:state_sequence,170,0,0
static_freeze:state_sequence,171,0,0
static_freeze:state_sequence,172,0,0
static_freeze:state_sequence,173,0,0
static_freeze:state_sequence,174,-0,0
static_freeze:state_sequence,175,-0,0
static_freeze:state_sequence,176,0,0
static_freeze:state_sequence,177,-0,0
static_freeze:state_sequence,178,-0,0
static_freeze:state_sequence,179,0,0
static_freeze:state_sequence,180,-0,0
static_freeze:state_sequence,181,-0,0
static_freeze:state_sequence,182,0,0
static_freeze:state_sequence,183,-0,0
static_freeze:state_sequence,184,-0,0
static_freeze:state_sequence,185,0,0
static_freeze:state_sequence,186,-0,0
static_freeze:state_sequence,187,-0,0
static_freeze:state_sequence,188,0,0
static_freeze:state_sequence,189,-0,0
static_freeze:state_sequence,190,-0,0
static_freeze:state_sequence,191,0,0
static_freeze:state_sequence,192,-0,0
static_freeze:state_sequence,193,-0,0
static_freeze:state_sequence,194,0,0
static_freeze:state_sequence,195,-0,0
static_freeze:state_sequence,196,-0,0
static_freeze:state_sequence,197,0,0
static_freeze:state_sequence,198,-0,0
static_freeze:state_sequence,199,-0,0
static_freeze:state_sequence,200,0,0
static_freeze:state_sequence,201,-0,0
static_freeze:state_sequence,202,-0,0
static_freeze:state_sequence,203,0,0
static_freeze:state_sequence,204,-0,0
static_freeze:state_sequence,205,-0,0
static_freeze:state_sequence,206,0,0
static_freeze:state_sequence,207,-0,0
static_freeze:state_sequence,208,-0,0
static_freeze:state_sequence,209,0,0
static_freeze:state_sequence,210,-0,0
static_freeze:state_sequence,211,-0,0
static_freeze:state_sequence,212,0,0
static_freeze:state_sequence,213,-0,0
static_freeze:state_sequence,214,-0,0
static_freeze:state_sequence,215,0,0
static_freeze:state_sequence,216,-0,0
static_freeze:state_sequence,217,-0,0
static_freeze:state_sequence,218,0,0
static_freeze:state_sequence,219,-0,0
static_freeze:state_sequence,220,-0,0
static_freeze:state_sequence,221,0,0
static_freeze:state_sequence,222,0,0
static_freeze:state_sequence,223,-0,0
static_freeze:state_sequence,224,0,0
static_freeze:state_sequence,225,0,0
static_freeze:state_sequence,226,0,0
static_freeze:state_sequence,227,0,0
static_freeze:state_sequence,228,0,0
static_freeze:state_sequence,229,0,0
static_freeze:state_sequence,230,0,0
static_freeze:state_sequence,231,0,0
static_freeze:state_sequence,232,0,0
static_freeze:state_sequence,233,0,0
static_freeze:state_sequence,234,0,0
static_freeze:state_sequence,235,-0,0
static_freeze:state_sequence,236,0,0
static_freeze:state_sequence,237,0,0
static_freeze:state_sequence,238,-0,0
static_freeze:state_sequence,239,0,0
static_freeze:state_sequence,240,0,0
static_freeze:state_sequence,241,-0,0
static_freeze:state_sequence,242,0,0
static_freeze:state_sequence,243,0,0
static_freeze:state_sequence,244,-0,0
static_freeze:state_sequence,245,0,0
static_freeze:state_sequence,246,0,0
static_freeze:state_sequence,247,-0,0
static_freeze:state_sequence,248,0,0
static_freeze:state_sequence,249,0,0
static_freeze:state_sequence,250,-0,0
static_freeze:state_sequence,251,0,0
static_freeze:state_sequence,252,0,0
static_freeze:state_sequence,253,-0,0
static_freeze:state_sequence,254,0,0
static_freeze:state_sequence,255,0,0
static_freeze:state_sequence,256,-0,0
static_freeze:state_sequence,257,0,0
static_freeze:state_sequence,258,0,0
static_freeze:state_sequence,259,-0,0
static_freeze:state_sequence,260,0,0
static_freeze:state_sequence,261,0,0
static_freeze:state_sequence,262,-0,0
static_freeze:state_sequence,263,0,0
static_freeze:state_sequence,264,0,0
static_freeze:state_sequence,265,-0,0
static_freeze:state_sequence,266,0,0
static_freeze:state_sequence,267,0,0
static_freeze:state_sequence,268,-0,0
static_freeze:state_sequence,269,0,0
static_freeze:state_sequence,270,0,0
static_freeze:state_sequence,271,-0,0
static_freeze:state_sequence,272,0,0
static_freeze:state_sequence,273,0,0
static_freeze:state_sequence,274,-0,0
static_freeze:state_sequence,275,-0,0
static_freeze:state_sequence,276,0,0
static_freeze:state_sequence,277,-0,0
static_freeze:state_sequence,278,-0,0
static_freeze:state_sequence,279,-0,0
static_freeze:state_sequence,280,0,0
static_freeze:state_sequence,281,-0,0
static_freeze:state_sequence,282,0,0
static_freeze:state_sequence,283,0,0
static_freeze:state_sequence,284,0,0
static_freeze:state_sequence,285,0,0
static_freeze:state_sequence,286,0,0
static_freeze:state_sequence,287,0,0
static_freeze:state_sequence,288,-0,0
static_freeze:state_sequence,289,-0,0
static_freeze:state_sequence,290,0,0
static_freeze:state_sequence,291,-0,0
static_freeze:state_sequence,292,-0,0
static_freeze:state_sequence,293,0,0
static_freeze:state_sequence,294,-0,0
static_freeze:state_sequence,295,-0,0
static_freeze:state_sequence,296,0,0
static_freeze:state_sequence,297,-0,0
static_freeze:state_sequence,298,-0,0
static_freeze:state_sequence,299,0,0
static_freeze:state_sequence,300,-0,0
static_freeze:state_sequence,301,-0,0
static_freeze:state_sequence,302,0,0
static_freeze:state_sequence,303,-0,0
static_freeze:state_sequence,304,-0,0
static_freeze:state_sequence,305,0,0
static_freeze:state_sequence,306,-0,0
static_freeze:state_sequence,307,-0,0
static_freeze:state_sequence,308,0,0
static_freeze:state_sequence,309,-0,0
static_freeze:state_sequence,310,-0,0
static_freeze:state_sequence,311,0,0
static_freeze:state_sequence,312,-0,0
static_freeze:state_sequence,313,-0,0
static_freeze:state_sequence,314,0,0
static_freeze:state_sequence,315,-0,0
static_freeze:state_sequence,316,-0,0
static_freeze:state_sequence,317,0,0
static_freeze:state_sequence,318,-0,0
static_freeze:state_sequence,319,-0,0
static_freeze:state_sequence,320,0,0
static_freeze:state_sequence,321,-0,0
static_freeze:state_sequence,322,-0,0
static_freeze:state_sequence,323,0,0
static_freeze:state_sequence,324,-0,0
static_freeze:state_sequence,325,-0,0
static_freeze:state_sequence,326,0,0
static_freeze:state_sequence,327,-0,0
static_freeze:state_sequence,328,-0,0
static_freeze:state_sequence,329,0,0
static_freeze:state_sequence,330,-0,0
static_freeze:state_sequence,331,-0,0
static_freeze:state_sequence,332,0,0
static_freeze:state_sequence,333,-0,0
static_freeze:state_sequence,334,-0,0
static_freeze:state_sequence,335,0,0
static_freeze:state_sequence,336,-0,0
static_freeze:state_sequence,337,-0,0
static_freeze:state_sequence,338,0,0
static_freeze:state_sequence,339,-0,0
static_freeze:state_sequence,340,-0,0
static_freeze:state_sequence,341,0,0
static_freeze:state_sequence,342,0,0
static_freeze:state_sequence,343,-0,0
static_freeze:state_sequence,344,0,0
static_freeze:state_sequence,345,0,0
static_freeze:state_sequence,346,-0,0
static_freeze:state_sequence,347,0,0
static_freeze:state_sequence,348,0,0
static_freeze:state_sequence,349,-0,0
static_freeze:state_sequence,350,0,0
static_freeze:state_sequence,351,0,0
static_freeze:state_sequence,352,-0,0
static_freeze:state_sequence,353,0,0
static_freeze:state_sequence,354,0,0
static_freeze:state_sequence,355,-0,0
static_freeze:state_sequence,356,0,0
static_freeze:state_sequence,357,0,0
static_freeze:state_sequence,358,-0,0
static_freeze:state_sequence,359,0,0
static_freeze:state_sequence,360,0,0
static_freeze:state_sequence,361,-0,0
static_freeze:state_sequence,362,0,0
static_freeze:state_sequence,363,0,0
static_freeze:state_sequence,364,-0,0
static_freeze:state_sequence,365,0,0
static_freeze:state_sequence,366,0,0
static_freeze:state_sequence,367,-0,0
static_freeze:state_sequence,368,0,0
static_freeze:state_sequence,369,0,0
static_freeze:state_sequence,370,-0,0
static_freeze:state_sequence,371,0,0
static_freeze:state_sequence,372,0,0
static_freeze:state_sequence,373,-0,0
static_freeze:state_sequence,374,0,0
static_freeze:state_sequence,375,0,0
static_freeze:state_sequence,376,-0,0
static_freeze:state_sequence,377,0,0
static_freeze:state_sequence,378,0,0
static_freeze:state_sequence,379,-0,0
static_freeze:state_sequence,380,0,0
static_freeze:state_sequence,381,0,0
static_freeze:state_sequence,382,-0,0
static_freeze:state_sequence,383,0,0
static_freeze:state_sequence,384,0,0
static_freeze:state_sequence,385,-0,0
static_freeze:state_sequence,386,0,0
static_freeze:state_sequence,387,0,0
static_freeze:state_sequence,388,-0,0
static_freeze:state_sequence,389,0,0
static_freeze:state_sequence,390,0,0
static_freeze:state_sequence,391,-0,0
static_freeze:state_sequence,392,0,0
static_freeze:state_sequence,393,0,0
static_freeze:state_sequence,394,-0,0
static_freeze:state_sequence,395,0,0
static_freeze:state_sequence,396,0,0
static_freeze:state_sequence,397,-0,0
static_freeze:state_sequence,398,0,0
static_freeze:state_sequence,399,0,0
static_freeze:state_sequence,400,-0,0
static_freeze:state_sequence,401,0,0
static_freeze:state_sequence,402,0,0
static_freeze:state_sequence,403,-0,0
static_freeze:state_sequence,404,0,0
static_freeze:state_sequence,405,0,0
static_freeze:state_sequence,406,-0,0
static_freeze:state_sequence,407,0,0
static_freeze:state_sequence,408,0,0
static_freeze:state_sequence,409,-0,0
static_freeze:state_sequence,410,0,0
static_freeze:state_sequence,411,0,0
static_freeze:state_sequence,412,-0,0
static_freeze:state_sequence,413,0,0
static_freeze:state_sequence,414,0,0
static_freeze:state_sequence,415,-0,0
static_freeze:state_sequence,416,0,0
static_freeze:state_sequence,417,0,0
static_freeze:state_sequence,418,-0,0
static_freeze:state_sequence,419,0,0
static_freeze:state_sequence,420,0,0
static_freeze:state_sequence,421,-0,0
static_freeze:state_sequence,422,0,0
static_freeze:state_sequence,423,0,0
static_freeze:state_sequence,424,-0,0
static_freeze:state_sequence,425,0,0
static_freeze:state_sequence,426,0,0
static_freeze:state_sequence,427,-0,0
static_freeze:state_sequence,428,0,0
static_freeze:state_sequence,429,0,0
static_freeze:state_sequence,430,-0,0
static_freeze:state_sequence,431,0,0
static_freeze:state_sequence,432,0,0
static_freeze:state_sequence,433,-0,0
static_freeze:state_sequence,434,0,0
static_freeze:state_sequence,435,0,0
static_freeze:state_sequence,436,-0,0
static_freeze:state_sequence,437,0,0
static_freeze:state_sequence,438,0,0
static_freeze:state_sequence,439,-0,0
static_freeze:state_sequence,440,0,0
static_freeze:state_sequence,441,0,0
static_freeze:state_sequence,442,-0,0
static_freeze:state_sequence,443,0,0
static_freeze:state_sequence,444,0,0
static_freeze:state_sequence,445,-0,0
static_freeze:state_sequence,446,0,0
static_freeze:state_sequence,447,0,0
static_freeze:state_sequence,448,-0,0
static_freeze:state_sequence,449,0,0
static_freeze:state_sequence,450,0,0
static_freeze:state_sequence,451,-0,0
static_freeze:state_sequence,452,0,0
static_freeze:state_sequence,453,0,0
static_freeze:state_sequence,454,-0,0
static_freeze:state_sequence,455,0,0
static_freeze:state_sequence,456,-0,0
static_freeze:state_sequence,457,-0,0
static_freeze:state_sequence,458,0,0
static_freeze:state_sequence,459,-0,0
static_freeze:state_sequence,460,-0,0
static_freeze:state_sequence,461,0,0
static_freeze:state_sequence,462,-0,0
static_freeze:state_sequence,463,-0,0
static_freeze:state_sequence,464,0,0
static_freeze:state_sequence,465,-0,0
static_freeze:state_sequence,466,-0,0
static_freeze:state_sequence,467,0,0
static_freeze:state_sequence,468,0,0
static_freeze:state_sequence,469,-0,0
static_freeze:state_sequence,470,0,0
static_freeze:state_sequence,471,0,0
static_freeze:state_sequence,472,-0,0
static_freeze:state_sequence,473,0,0
static_freeze:state_sequence,474,0,0
static_freeze:state_sequence,475,-0,0
static_freeze:state_sequence,476,0,0
static_freeze:state_sequence,477,0,0
static_freeze:state_sequence,478,-0,0
static_freeze:state_sequence,479,0,0
static_freeze:state_sequence,480,0,0
static_freeze:state_sequence,481,-0,0
static_freeze:state_sequence,482,0,0
static_freeze:state_sequence,483,0,0
static_freeze:state_sequence,484,-0,0
static_freeze:state_sequence,485,0,0
static_freeze:state_sequence,486,0,0
static_freeze:state_sequence,487,-0,0
static_freeze:state_sequence,488,0,0
static_freeze:state_sequence,489,0,0
static_freeze:state_sequence,490,-0,0
static_freeze:state_sequence,491,0,0
static_freeze:state_sequence,492,0,0
static_freeze:state_sequence,493,-0,0
static_freeze:state_sequence,494,0,0
static_freeze:state_sequence,495,0,0
static_freeze:state_sequence,496,-0,0
static_freeze:state_sequence,497,0,0
static_freeze:state_sequence,498,0,0
static_freeze:state_sequence,499,-0,0
static_freeze:state_sequence,500,0,0
static_freeze:state_sequence,501,0,0
static_freeze:state_sequence,502,-0,0
static_freeze:state_sequence,503,0,0
static_freeze:state_sequence,504,0,0
static_freeze:state_sequence,505,-0,0
static_freeze:state_sequence,506,0,0
static_freeze:state_sequence,507,0,0
static_freeze:state_sequence,508,-0,0
static_freeze:state_sequence,509,0,0
static_freeze:state_sequence,510,0,0
static_freeze:state_sequence,511,-0,0
static_freeze:state_sequence,512,0,0
static_freeze:state_sequence,513,0,0
static_freeze:state_sequence,514,-0,0
static_freeze:state_sequence,515,0,0
static_freeze:state_sequence,516,0,0
static_freeze:state_sequence,517,-0,0
static_freeze:state_sequence,518,0,0
static_freeze:state_sequence,519,0,0
static_freeze:state_sequence,520,-0,0
static_freeze:state_sequence,521,0,0
static_freeze:state_sequence,522,0,0
static_freeze:state_sequence,523,-0,0
static_freeze:state_sequence,524,0,0
static_freeze:state_sequence,525,0,0
static_freeze:state_sequence,526,-0,0
static_freeze:state_sequence,527,0,0
static_freeze:state_sequence,528,0,0
static_freeze:state_sequence,529,-0,0
static_freeze:state_sequence,530,0,0
static_freeze:state_sequence,531,0,0
static_freeze:state_sequence,532,-0,0
static_freeze:state_sequence,533,0,0
static_freeze:state_sequence,534,0,0
static_freeze:state_sequence,535,-0,0
static_freeze:state_sequence,536,0,0
static_freeze:state_sequence,537,0,0
static_freeze:state_sequence,538,-0,0
static_freeze:state_sequence,539,0,0
static_freeze:state_sequence,540,0,0
static_freeze:state_sequence,541,-0,0
static_freeze:state_sequence,542,0,0
static_freeze:state_sequence,543,0,0
static_freeze:state_sequence,544,-0,0
static_freeze:state_sequence,545,0,0
static_freeze:state_sequence,546,0,0
static_freeze:state_sequence,547,-0,0
static_freeze:state_sequence,548,0,0
static_freeze:state_sequence,549,0,0
static_freeze:state_sequence,550,-0,0
static_freeze:state_sequence,551,0,0
static_freeze:state_sequence,552,0,0
static_freeze:state_sequence,553,-0,0
static_freeze:state_sequence,554,0,0
static_freeze:state_sequence,555,0,0
static_freeze:state_sequence,556,-0,0
static_freeze:state_sequence,557,0,0
static_freeze:state_sequence,558,0,0
static_freeze:state_sequence,559,-0,0
static_freeze:state_sequence,560,0,0
static_freeze:state_sequence,561,0,0
static_freeze:state_sequence,562,-0,0
static_freeze:state_sequence,563,0,0
static_freeze:state_sequence,564,0,0
static_freeze:state_sequence,565,-0,0
static_freeze:state_sequence,566,0,0
static_freeze:state_sequence,567,0,0
static_freeze:state_sequence,568,-0,0
static_freeze:state_sequence,569,0,0
static_freeze:state_sequence,570,0,0
static_freeze:state_sequence,571,-0,0
static_freeze:state_sequence,572,0,0
static_freeze:state_sequence,573,0,0
static_freeze:state_sequence,574,-0,0
static_freeze:state_sequence,575,0,0
static_freeze:state_sequence,576,0,0
static_freeze:state_sequence,577,-0,0
static_freeze:state_sequence,578,0,0
static_freeze:state_sequence,579,0,0
static_freeze:state_sequence,580,-0,0
static_freeze:state_sequence,581,0,0
static_freeze:state_sequence,582,0,0
static_freeze:state_sequence,583,-0,0
static_freeze:state_sequence,584,0,0
static_freeze:state_sequence,585,0,0
static_freeze:state_sequence,586,-0,0
static_freeze:state_sequence,587,0,0
static_freeze:state_sequence,588,0,0
static_freeze:state_sequence,589,-0,0
static_freeze:state_sequence,590,0,0
static_freeze:state_sequence,591,0,0
static_freeze:state_sequence,592,-0,0
static_freeze:state_sequence,593,0,0
static_freeze:state_sequence,594,0,0
static_freeze:state_sequence,595,-0,0
static_freeze:state_sequence,596,0,0
static_freeze:state_sequence,597,0,0
static_freeze:state_sequence,598,-0,0
static_freeze:state_sequence,599,0,0
static_freeze:state_sequence,600,0,0
static_freeze:state_sequence,601,-0,0
static_freeze:state_sequence,602,0,0
static_freeze:state_sequence,603,0,0
static_freeze:state_sequence,604,-0,0
static_freeze:state_sequence,605,0,0
static_freeze:state_sequence,606,0,0
static_freeze:state_sequence,607,-0,0
static_freeze:state_sequence,608,0,0
static_freeze:state_sequence,609,-0,0
static_freeze:state_sequence,610,-0,0
static_freeze:state_sequence,611,0,0
static_freeze:state_sequence,612,-0,0
static_freeze:state_sequence,613,-0,0
static_freeze:state_sequence,614,0,0
static_freeze:state_sequence,615,-0,0
static_freeze:state_sequence,616,-0,0
static_freeze:state_sequence,617,0,0
static_freeze:state_sequence,618,-0,0
static_freeze:state_sequence,619,-0,0
static_freeze:state_sequence,620,0,0
static_freeze:state_sequence,621,-0,0
static_freeze:state_sequence,622,-0,0
static_freeze:state_sequence,623,0,0
static_freeze:state_sequence,624,-0,0
static_freeze:state_sequence,625,-0,0
static_freeze:state_sequence,626,0,0
static_freeze:state_sequence,627,-0,0
static_freeze:state_sequence,628,-0,0
static_freeze:state_sequence,629,0,0
static_freeze:state_sequence,630,0,0
static_freeze:state_sequence,631,-0,0
static_freeze:state_sequence,632,0,0
static_freeze:state_sequence,633,0,0
static_freeze:state_sequence,634,-0,0
static_freeze:state_sequence,635,0,0
static_freeze:state_sequence,636,0,0
static_freeze:state_sequence,637,-0,0
static_freeze:state_sequence,638,0,0
static_freeze:state_sequence,639,0,0
static_freeze:state_sequence,640,-0,0
static_freeze:state_sequence,641,0,0
static_freeze:state_sequence,642,0,0
static_freeze:state_sequence,643,-0,0
static_freeze:state_sequence,644,0,0
static_freeze:state_sequence,645,0,0
static_freeze:state_sequence,646,-0,0
static_freeze:state_sequence,647,0,0
static_freeze:state_sequence,648,0,0
static_freeze:state_sequence,649,-0,0
static_freeze:state_sequence,650,0,0
static_freeze:state_sequence,651,0,0
static_freeze:state_sequence,652,-0,0
static_freeze:state_sequence,653,0,0
static_freeze:state_sequence,654,0,0
static_freeze:state_sequence,655,-0,0
static_freeze:state_sequence,656,0,0
static_freeze:state_sequence,657,0,0
static_freeze:state_sequence,658,-0,0
static_freeze:state_sequence,659,0,0
static_freeze:state_sequence,660,0,0
static_freeze:state_sequence,661,-0,0
static_freeze:state_sequence,662,0,0
static_freeze:state_sequence,663,0,0
static_freeze:state_sequence,664,-0,0
static_freeze:state_sequence,665,0,0
static_freeze:state_sequence,666,0,0
static_freeze:state_sequence,667,-0,0
static_freeze:state_sequence,668,0,0
static_freeze:state_sequence,669,-0,0
static_freeze:state_sequence,670,-0,0
static_freeze:state_sequence,671,0,0
static_freeze:state_sequence,672,-0,0
static_freeze:state_sequence,673,-0,0
static_freeze:state_sequence,674,0,0
static_freeze:state_sequence,675,-0,0
static_freeze:state_sequence,676,-0,0
static_freeze:state_sequence,677,0,0
static_freeze:state_sequence,678,-0,0
static_freeze:state_sequence,679,-0,0
static_freeze:state_sequence,680,0,0
static_freeze:state_sequence,681,-0,0
static_freeze:state_sequence,682,-0,0
static_freeze:state_sequence,683,0,0
static_freeze:state_sequence,684,-0,0
static_freeze:state_sequence,685,-0,0
static_freeze:state_sequence,686,0,0
static_freeze:state_sequence,687,-0,0
static_freeze:state_sequence,688,-0,0
static_freeze:state_sequence,689,0,0
static_freeze:state_sequence,690,-0,0
static_freeze:state_sequence,691,-0,0
static_freeze:state_sequence,692,0,0
static_freeze:state_sequence,693,-0,0
static_freeze:state_sequence,694,-0,0
static_freeze:state_sequence,695,0,0
static_freeze:state_sequence,696,-0,0
static_freeze:state_sequence,697,-0,0
static_freeze:state_sequence,698,0,0
static_freeze:state_sequence,699,-0,0
static_freeze:state_sequence,700,-0,0
static_freeze:state_sequence,701,0,0
static_freeze:state_sequence,702,-0,0
static_freeze:state_sequence,703,-0,0
static_freeze:state_sequence,704,0,0
static_freeze:state_sequence,705,-0,0
static_freeze:state_sequence,706,-0,0
static_freeze:state_sequence,707,0,0
static_freeze:state_sequence,708,-0,0
static_freeze:state_sequence,709,-0,0
static_freeze:state_sequence,710,0,0
static_freeze:state_sequence,711,-0,0
static_freeze:state_sequence,712,-0,0
static_freeze:state_sequence,713,0,0
static_freeze:state_sequence,714,-0,0
static_freeze:state_sequence,715,-0,0
static_freeze:state_sequence,716,0,0
contact_distance:interaction_state,0,0,0
contact_distance:interaction_state,1,0,0
contact_distance:interaction_state,2,0.0010645869549944227,1.1333453847442971e-06
