frame,time,object_name,center_x,center_y,center_source,tracking_available,track_center_x,track_center_y,track_center_source,mask_available,mask_center_x,mask_center_y,mask_area_px,bbox_x1,bbox_y1,bbox_x2,bbox_y2,bbox_w_px,bbox_h_px,lowest_visible_x,lowest_visible_y,lowest_visible_x1,lowest_visible_x2,enclosing_radius_px,major_axis_px,minor_axis_px,aspect_ratio,circularity,body_available,body_center_x,body_center_y,body_bbox_x1,body_bbox_y1,body_bbox_x2,body_bbox_y2,body_bbox_w_px,body_bbox_h_px,handle_side,handle_observed_side,handle_visible,handle_conf,handle_center_x,handle_center_y,handle_bbox_x1,handle_bbox_y1,handle_bbox_x2,handle_bbox_y2,handle_area_px,handle_extra_left_px,handle_extra_right_px,track_geometry_conf,mask_conf,observation_conf,center_visible,left_x,left_y,left_visible,right_x,right_y,right_visible,top_x,top_y,top_visible,bottom_x,bottom_y,bottom_visible,visual_handle_side,latent_handle_side,hand_contact_side,hand_contact_conf,contact_region_side,m43_phase_rad,m43_phase_deg,m17_phase_rad,m17_phase_deg,vlm_visibility,observation_model
1,0.000000,mug,646.282,342.010,mug_body_mask,0,,,sam2_mask_center,1,645.791,342.076,1328.0,623.000,322.000,664.000,364.000,41.000,42.000,649.000,363.000,641.000,657.000,24.052,47.819,41.114,0.976190,0.737496,1,646.282,342.010,629.000,322.000,663.000,363.000,35.000,42.000,left,left,1,0.317597,626.568,344.054,623.000,326.000,628.000,351.000,37.0,6.000,0.000,0.000000,0.737496,0.737496,,,,,,,,,,,,,,left,,,0.000000,left,0.007807242,0.447322,0.007807242,0.447322,visible,rigid_body_plus_parts
2,0.041667,mug,646.777,345.064,mug_body_mask,0,,,sam2_mask_center,1,646.562,345.105,1305.5,627.000,325.000,665.000,368.000,38.000,43.000,647.000,367.000,647.000,647.000,23.984,49.472,39.266,0.883721,0.789140,1,646.777,345.064,630.000,325.000,663.000,367.000,34.000,43.000,left,left,1,0.078660,628.444,349.500,627.000,345.000,629.000,354.000,18.0,3.000,1.000,0.000000,0.789140,0.789140,,,,,,,,,,,,,,left,,,0.000000,left,-0.005382856,-0.308415,-0.005382856,-0.308415,visible,rigid_body_plus_parts
3,0.083333,mug,647.311,348.711,mug_body_mask,0,,,sam2_mask_center,1,647.217,348.717,1323.5,627.000,328.000,666.000,371.000,39.000,43.000,648.000,370.000,639.000,657.000,24.076,48.895,38.691,0.906977,0.800020,1,647.311,348.711,630.000,328.000,664.000,370.000,35.000,43.000,left,left,1,0.047448,628.636,353.091,627.000,349.000,629.000,356.000,11.0,3.000,1.000,0.000000,0.800020,0.800020,,,,,,,,,,,,,,left,,,0.000000,left,-0.017185875,-0.984678,-0.017185875,-0.984678,visible,rigid_body_plus_parts
4,0.125000,mug,647.691,352.146,mug_body_mask,0,,,sam2_mask_center,1,647.495,352.124,1313.5,628.000,332.000,667.000,374.000,39.000,42.000,648.000,373.000,638.000,658.000,24.602,56.583,36.486,0.928571,0.772399,1,647.691,352.146,631.000,332.000,664.000,373.000,34.000,42.000,left,left,1,0.099855,629.304,356.261,628.000,351.000,630.000,361.000,23.0,3.000,2.000,0.000000,0.772399,0.772399,,,,,,,,,,,,,,left,,,0.000000,left,-0.027678874,-1.585883,-0.027678874,-1.585883,visible,rigid_body_plus_parts
5,0.166667,mug,647.891,356.052,mug_body_mask,0,,,sam2_mask_center,1,647.752,356.040,1357.0,628.000,335.000,667.000,379.000,39.000,44.000,648.500,378.000,641.000,656.000,24.499,50.557,37.765,0.886364,0.804413,1,647.891,356.052,631.000,335.000,665.000,378.000,35.000,44.000,left,left,1,0.080000,629.474,359.316,628.000,354.000,630.000,364.000,19.0,3.000,1.000,0.000000,0.804413,0.804413,,,,,,,,,,,,,,left,,,0.000000,left,-0.036938913,-2.116444,-0.036938913,-2.116444,visible,rigid_body_plus_parts
6,0.208333,mug,648.043,359.011,mug_body_mask,0,,,sam2_mask_center,1,648.065,358.926,1385.0,629.000,338.000,668.000,382.000,39.000,44.000,648.500,381.000,640.000,657.000,24.904,53.283,37.746,0.886364,0.821011,1,648.043,359.011,631.000,338.000,665.000,381.000,35.000,44.000,left,unknown,0,0.000000,,,,,,,0.0,2.000,2.000,0.000000,0.821011,0.821011,,,,,,,,,,,,,,unknown,,,0.000000,left,-0.045043053,-2.580777,-0.045043053,-2.580777,visible,rigid_body_plus_parts
7,0.250000,mug,647.931,361.471,mug_body_mask,0,,,sam2_mask_center,1,647.862,361.387,1428.0,628.000,340.000,668.000,386.000,40.000,46.000,651.500,385.000,650.000,653.000,25.193,52.691,37.913,0.869565,0.787939,1,647.931,361.471,631.000,340.000,665.000,385.000,35.000,46.000,left,unknown,0,0.000000,,,,,,,0.0,3.000,2.000,0.000000,0.787939,0.787939,,,,,,,,,,,,,,unknown,,,0.000000,left,-0.052068354,-2.983297,-0.052068354,-2.983297,visible,rigid_body_plus_parts
8,0.291667,mug,648.866,363.224,mug_body_mask,0,,,sam2_mask_center,1,648.643,363.194,1414.0,629.000,342.000,668.000,387.000,39.000,45.000,651.000,386.000,644.000,658.000,25.225,52.135,37.279,0.866667,0.806560,1,648.866,363.224,632.000,342.000,666.000,386.000,35.000,45.000,left,left,1,0.109238,630.296,366.185,629.000,360.000,631.000,372.000,27.0,3.000,1.000,0.000000,0.806560,0.806560,,,,,,,,,,,,,,left,,,0.000000,left,-0.058091875,-3.328419,-0.058091875,-3.328419,visible,rigid_body_plus_parts
9,0.333333,mug,649.075,364.632,mug_body_mask,0,,,sam2_mask_center,1,648.795,364.628,1417.5,629.000,343.000,668.000,388.000,39.000,45.000,650.500,387.000,642.000,659.000,25.008,51.989,38.564,0.866667,0.802212,1,649.075,364.632,632.000,343.000,666.000,387.000,35.000,45.000,left,left,1,0.121049,630.200,368.400,629.000,362.000,631.000,374.000,30.0,3.000,1.000,0.000000,0.802212,0.802212,,,,,,,,,,,,,,left,,,0.000000,left,-0.063190676,-3.620559,-0.063190676,-3.620559,visible,rigid_body_plus_parts
10,0.375000,mug,648.495,365.282,mug_body_mask,0,,,sam2_mask_center,1,647.949,365.373,1456.0,626.000,344.000,668.000,389.000,42.000,45.000,650.000,388.000,643.000,657.000,25.177,51.335,40.632,0.933333,0.791058,1,648.495,365.282,631.000,344.000,666.000,388.000,36.000,45.000,left,left,1,0.275229,628.500,368.738,626.000,363.000,630.000,375.000,42.0,5.000,1.000,0.000000,0.791058,0.791058,,,,,,,,,,,,,,left,,,0.000000,left,-0.067441818,-3.864132,-0.067441818,-3.864132,visible,rigid_body_plus_parts
11,0.416667,mug,648.573,365.599,mug_body_mask,0,,,sam2_mask_center,1,648.048,365.697,1448.5,626.000,344.000,668.000,389.000,42.000,45.000,649.500,388.000,641.000,658.000,25.173,49.666,41.823,0.933333,0.780956,1,648.573,365.599,631.000,344.000,666.000,388.000,36.000,45.000,left,left,1,0.263331,628.500,369.400,626.000,364.000,630.000,375.000,40.0,5.000,1.000,0.000000,0.780956,0.780956,,,,,,,,,,,,,,left,,,0.000000,left,-0.070922359,-4.063552,-0.070922359,-4.063552,visible,rigid_body_plus_parts
12,0.458333,mug,649.155,365.881,mug_body_mask,0,,,sam2_mask_center,1,648.829,365.931,1398.0,628.000,345.000,668.000,389.000,40.000,44.000,650.000,388.000,642.000,658.000,25.114,53.315,38.668,0.909091,0.797434,1,649.155,365.881,632.000,345.000,666.000,388.000,35.000,44.000,left,left,1,0.152693,630.071,370.571,628.000,365.000,631.000,376.000,28.0,4.000,1.000,0.000000,0.797434,0.797434,,,,,,,,,,,,,,left,,,0.000000,left,-0.073709362,-4.223235,-0.073709362,-4.223235,visible,rigid_body_plus_parts
13,0.500000,mug,649.171,365.891,mug_body_mask,0,,,sam2_mask_center,1,648.928,365.924,1391.0,629.000,345.000,668.000,389.000,39.000,44.000,649.500,388.000,641.000,658.000,25.114,54.083,38.196,0.886364,0.802373,1,649.171,365.891,632.000,345.000,666.000,388.000,35.000,44.000,left,left,1,0.086301,630.286,370.333,629.000,366.000,631.000,375.000,21.0,3.000,1.000,0.000000,0.802373,0.802373,,,,,,,,,,,,,,left,,,0.000000,left,-0.075879884,-4.347597,-0.075879884,-4.347597,visible,rigid_body_plus_parts
14,0.541667,mug,649.205,365.877,mug_body_mask,0,,,sam2_mask_center,1,649.000,365.887,1389.0,629.000,345.000,668.000,389.000,39.000,44.000,649.500,388.000,641.000,658.000,25.114,54.014,38.130,0.886364,0.801219,1,649.205,365.877,632.000,345.000,666.000,388.000,35.000,44.000,left,left,1,0.082305,630.350,370.400,629.000,366.000,631.000,375.000,20.0,3.000,1.000,0.000000,0.801219,0.801219,,,,,,,,,,,,,,left,,,0.000000,left,-0.077510987,-4.441052,-0.077510987,-4.441052,visible,rigid_body_plus_parts
15,0.583333,mug,648.674,365.593,mug_body_mask,0,,,sam2_mask_center,1,648.241,365.666,1446.5,626.000,344.000,668.000,389.000,42.000,45.000,649.000,388.000,640.000,658.000,25.173,49.956,41.782,0.933333,0.768044,1,648.674,365.593,631.000,344.000,666.000,388.000,36.000,45.000,left,left,1,0.230567,628.514,369.429,626.000,365.000,630.000,375.000,35.0,5.000,1.000,0.000000,0.768044,0.768044,,,,,,,,,,,,,,left,,,0.000000,left,-0.078679730,-4.508016,-0.078679730,-4.508016,visible,rigid_body_plus_parts
16,0.625000,mug,649.105,365.437,mug_body_mask,0,,,sam2_mask_center,1,648.825,365.458,1401.5,628.000,344.000,668.000,389.000,40.000,45.000,651.000,388.000,645.000,657.000,25.311,50.380,39.310,0.888889,0.772287,1,649.105,365.437,632.000,344.000,666.000,388.000,35.000,45.000,left,left,1,0.141304,630.115,369.615,628.000,365.000,631.000,375.000,26.0,4.000,1.000,0.000000,0.772287,0.772287,,,,,,,,,,,,,,left,,,0.000000,left,-0.079463173,-4.552904,-0.079463173,-4.552904,visible,rigid_body_plus_parts
17,0.666667,mug,648.772,364.728,mug_body_mask,0,,,sam2_mask_center,1,648.441,364.782,1405.5,629.000,343.000,668.000,388.000,39.000,45.000,649.000,387.000,640.000,658.000,25.303,52.622,38.405,0.866667,0.804340,1,648.772,364.728,632.000,343.000,666.000,387.000,35.000,45.000,left,left,1,0.117966,630.276,368.862,629.000,362.000,631.000,375.000,29.0,3.000,1.000,0.000000,0.804340,0.804340,,,,,,,,,,,,,,left,,,0.000000,left,-0.079938376,-4.580132,-0.079938376,-4.580132,visible,rigid_body_plus_parts
18,0.708333,mug,647.774,362.700,mug_body_mask,0,,,sam2_mask_center,1,647.719,362.611,1435.5,628.000,341.000,668.000,387.000,40.000,46.000,651.000,386.000,645.000,657.000,25.398,52.448,38.378,0.869565,0.803441,1,647.774,362.700,631.000,341.000,665.000,386.000,35.000,46.000,left,unknown,0,0.000000,,,,,,,0.0,3.000,2.000,0.000000,0.803441,0.803441,,,,,,,,,,,,,,unknown,,,0.000000,left,-0.080182399,-4.594113,-0.080182399,-4.594113,visible,rigid_body_plus_parts
19,0.750000,mug,645.823,359.416,mug_body_mask,0,,,sam2_mask_center,1,645.759,359.311,1464.0,626.000,338.000,666.000,384.000,40.000,46.000,647.000,383.000,642.000,652.000,25.481,55.549,38.180,0.869565,0.813023,1,645.823,359.416,629.000,338.000,663.000,383.000,35.000,46.000,left,unknown,0,0.000000,,,,,,,0.0,3.000,2.000,0.000000,0.813023,0.813023,,,,,,,,,,,,,,unknown,,,0.000000,left,-0.080272302,-4.599264,-0.080272302,-4.599264,visible,rigid_body_plus_parts
20,0.791667,mug,644.288,354.212,mug_body_mask,0,,,sam2_mask_center,1,644.095,354.243,1439.0,624.000,333.000,664.000,378.000,40.000,45.000,646.500,377.000,642.000,651.000,25.070,51.888,39.556,0.888889,0.799139,1,644.288,354.212,627.000,333.000,662.000,377.000,36.000,45.000,left,left,1,0.079523,625.450,359.500,624.000,354.000,626.000,364.000,20.0,3.000,1.000,0.000000,0.799139,0.799139,,,,,,,,,,,,,,left,,,0.000000,left,-0.080285146,-4.600000,-0.080285146,-4.600000,visible,rigid_body_plus_parts
21,0.833333,mug,642.551,348.991,mug_body_mask,0,,,sam2_mask_center,1,642.465,348.987,1452.0,623.000,327.000,662.000,373.000,39.000,46.000,645.000,372.000,639.000,651.000,25.635,53.887,39.293,0.847826,0.793944,1,642.551,348.991,625.000,327.000,660.000,372.000,36.000,46.000,left,left,1,0.034143,623.769,353.846,623.000,349.000,624.000,358.000,13.0,2.000,1.000,0.000000,0.793944,0.793944,,,,,,,,,,,,,,left,,,0.000000,left,-0.060629665,-3.473824,-0.060629665,-3.473824,visible,rigid_body_plus_parts
22,0.875000,mug,640.895,342.083,mug_body_mask,0,,,sam2_mask_center,1,640.849,342.063,1388.5,623.000,321.000,660.000,366.000,37.000,45.000,642.500,365.000,640.000,645.000,25.008,49.312,39.105,0.822222,0.812683,1,640.895,342.083,624.000,321.000,658.000,365.000,35.000,45.000,left,unknown,0,0.000000,,,,,,,0.0,1.000,1.000,0.000000,0.812683,0.812683,,,,,,,,,,,,,,unknown,,,0.000000,left,-0.007070774,-0.405126,-0.007070774,-0.405126,visible,rigid_body_plus_parts
23,0.916667,mug,637.567,334.787,mug_body_mask,0,,,sam2_mask_center,1,637.505,334.795,1397.0,619.000,314.000,657.000,359.000,38.000,45.000,641.000,358.000,640.000,642.000,24.838,53.132,38.376,0.844444,0.805834,1,637.567,334.787,620.000,314.000,655.000,358.000,36.000,45.000,left,unknown,0,0.000000,,,,,,,0.0,1.000,1.000,0.000000,0.805834,0.805834,,,,,,,,,,,,,,unknown,,,0.000000,left,0.072280205,4.141351,0.072280205,4.141351,visible,rigid_body_plus_parts
24,0.958333,mug,634.026,327.145,mug_body_mask,0,,,sam2_mask_center,1,633.956,327.145,1353.5,615.000,307.000,653.000,350.000,38.000,43.000,634.500,349.000,626.000,643.000,24.250,57.302,36.738,0.883721,0.818155,1,634.026,327.145,617.000,307.000,651.000,349.000,35.000,43.000,left,left,1,0.030964,615.909,331.636,615.000,327.000,616.000,336.000,11.0,2.000,1.000,0.000000,0.818155,0.818155,,,,,,,,,,,,,,left,,,0.000000,left,0.169311949,9.700860,0.169311949,9.700860,visible,rigid_body_plus_parts
25,1.000000,mug,630.484,319.177,mug_body_mask,0,,,sam2_mask_center,1,630.477,319.120,1350.5,613.000,298.000,649.000,342.000,36.000,44.000,629.000,341.000,622.000,636.000,24.462,59.136,36.337,0.818182,0.803235,1,630.484,319.177,614.000,298.000,647.000,341.000,34.000,44.000,left,unknown,0,0.000000,,,,,,,0.0,1.000,1.000,0.000000,0.803235,0.803235,,,,,,,,,,,,,,unknown,,,0.000000,left,0.275913134,15.808658,0.275913134,15.808658,visible,rigid_body_plus_parts
26,1.041667,mug,626.352,310.739,mug_body_mask,0,,,sam2_mask_center,1,626.178,310.728,1344.5,608.000,290.000,644.000,334.000,36.000,44.000,627.000,333.000,622.000,632.000,24.450,52.234,37.466,0.818182,0.822135,1,626.352,310.739,610.000,290.000,643.000,333.000,34.000,44.000,right,left,1,0.039660,608.929,307.643,608.000,294.000,609.000,319.000,14.0,2.000,0.000,0.000000,0.822135,0.822135,,,,,,,,,,,,,,left,right,right,0.700000,right,0.383972435,22.000000,0.383972435,22.000000,visible,rigid_body_plus_parts
27,1.083333,mug,621.756,301.887,mug_body_mask,0,,,sam2_mask_center,1,621.689,301.845,1359.5,604.000,281.000,640.000,325.000,36.000,44.000,623.000,324.000,616.000,630.000,24.612,50.200,39.356,0.818182,0.827341,1,621.756,301.887,605.000,281.000,639.000,324.000,35.000,44.000,right,unknown,0,0.000000,,,,,,,0.0,1.000,0.000,0.000000,0.827341,0.827341,,,,,,,,,,,,,,unknown,right,right,0.700000,right,0.506145483,29.000000,0.506145483,29.000000,hidden,rigid_body_plus_parts
28,1.125000,mug,616.112,292.950,mug_body_mask,0,,,sam2_mask_center,1,615.982,292.884,1314.0,599.000,272.000,634.000,316.000,35.000,44.000,614.500,315.000,607.000,622.000,24.277,53.054,35.817,0.795455,0.819575,1,616.112,292.950,600.000,272.000,633.000,315.000,34.000,44.000,right,unknown,0,0.000000,,,,,,,0.0,1.000,0.000,0.000000,0.819575,0.819575,,,,,,,,,,,,,,unknown,right,right,0.700000,right,0.628318531,36.000000,0.628318531,36.000000,hidden,rigid_body_plus_parts
29,1.166667,mug,611.244,283.400,mug_body_mask,0,,,sam2_mask_center,1,611.351,283.341,1342.0,594.000,263.000,630.000,306.000,36.000,43.000,611.000,305.000,600.000,622.000,24.616,52.426,37.362,0.837209,0.800851,1,611.244,283.400,594.000,263.000,628.000,305.000,35.000,43.000,right,unknown,0,0.000000,,,,,,,0.0,0.000,1.000,0.000000,0.800851,0.800851,,,,,,,,,,,,,,unknown,right,right,0.700000,right,0.750491578,43.000000,0.750491578,43.000000,hidden,rigid_body_plus_parts
30,1.208333,mug,604.929,273.920,mug_body_mask,0,,,sam2_mask_center,1,604.921,273.872,1416.5,586.000,253.000,624.000,297.000,38.000,44.000,605.500,296.000,597.000,614.000,25.080,52.608,41.056,0.863636,0.815970,1,604.929,273.920,587.000,253.000,622.000,296.000,36.000,44.000,right,unknown,0,0.000000,,,,,,,0.0,1.000,1.000,0.000000,0.815970,0.815970,,,,,,,,,,,,,,unknown,right,right,0.700000,right,0.872664626,50.000000,0.872664626,50.000000,hidden,rigid_body_plus_parts
31,1.250000,mug,599.640,264.478,mug_body_mask,0,,,sam2_mask_center,1,599.653,264.481,1406.0,582.000,243.000,618.000,288.000,36.000,45.000,597.000,287.000,592.000,602.000,25.005,49.854,40.613,0.800000,0.816385,1,599.640,264.478,582.000,243.000,617.000,287.000,36.000,45.000,right,unknown,0,0.000000,,,,,,,0.0,0.000,0.000,0.000000,0.816385,0.816385,,,,,,,,,,,,,,unknown,right,right,0.700000,right,0.994837674,57.000000,0.994837674,57.000000,hidden,rigid_body_plus_parts
32,1.291667,mug,593.638,255.032,mug_body_mask,0,,,sam2_mask_center,1,593.681,255.016,1418.5,576.000,234.000,613.000,279.000,37.000,45.000,589.500,278.000,587.000,592.000,25.114,55.241,37.734,0.822222,0.817122,1,593.638,255.032,576.000,234.000,611.000,278.000,36.000,45.000,right,unknown,0,0.000000,,,,,,,0.0,0.000,1.000,0.000000,0.817122,0.817122,,,,,,,,,,,,,,unknown,right,right,0.700000,right,1.117010721,64.000000,1.117010721,64.000000,hidden,rigid_body_plus_parts
33,1.333333,mug,586.487,245.888,mug_body_mask,0,,,sam2_mask_center,1,586.367,245.833,1448.0,568.000,224.000,605.000,270.000,37.000,46.000,581.000,269.000,576.000,586.000,25.117,54.907,37.953,0.804348,0.822149,1,586.487,245.888,569.000,224.000,604.000,269.000,36.000,46.000,right,unknown,0,0.000000,,,,,,,0.0,1.000,0.000,0.000000,0.822149,0.822149,,,,,,,,,,,,,,unknown,right,right,0.700000,right,1.239183769,71.000000,1.239183769,71.000000,hidden,rigid_body_plus_parts
34,1.375000,mug,581.515,236.684,mug_body_mask,0,,,sam2_mask_center,1,581.289,236.577,1484.5,563.000,215.000,600.000,261.000,37.000,46.000,578.500,260.000,572.000,585.000,25.621,54.629,39.953,0.804348,0.832444,1,581.515,236.684,564.000,215.000,599.000,260.000,36.000,46.000,right,unknown,0,0.000000,,,,,,,0.0,1.000,0.000,0.000000,0.832444,0.832444,,,,,,,,,,,,,,unknown,right,right,0.700000,right,1.361356817,78.000000,1.361356817,78.000000,hidden,rigid_body_plus_parts
35,1.416667,mug,575.134,228.212,mug_body_mask,0,,,sam2_mask_center,1,575.301,228.227,1529.5,556.000,206.000,596.000,254.000,40.000,48.000,577.000,253.000,577.000,577.000,25.928,53.866,39.699,0.833333,0.812115,1,575.134,228.212,557.000,206.000,593.000,253.000,37.000,48.000,right,right,1,0.052467,594.333,233.000,594.000,227.000,595.000,240.000,21.0,1.000,2.000,0.000000,0.812115,0.812115,,,,,,,,,,,,,,right,right,right,0.700000,right,1.483529864,85.000000,1.483529864,85.000000,hidden,rigid_body_plus_parts
36,1.458333,mug,569.930,219.259,mug_body_mask,0,,,sam2_mask_center,1,569.960,219.213,1566.5,550.000,197.000,591.000,244.000,41.000,47.000,577.000,243.000,575.000,579.000,26.238,51.754,41.340,0.872340,0.831760,1,569.930,219.259,551.000,197.000,589.000,243.000,39.000,47.000,right,unknown,0,0.000000,,,,,,,0.0,1.000,1.000,0.000000,0.831760,0.831760,,,,,,,,,,,,,,unknown,right,right,0.700000,right,1.605702912,92.000000,1.605702912,92.000000,hidden,rigid_body_plus_parts
37,1.500000,mug,562.995,210.554,mug_body_mask,0,,,sam2_mask_center,1,563.006,210.426,1515.5,544.000,189.000,585.000,234.000,41.000,45.000,560.000,233.000,553.000,567.000,25.522,50.299,41.318,0.911111,0.813418,1,562.995,210.554,545.000,189.000,582.000,233.000,38.000,45.000,right,unknown,0,0.000000,,,,,,,0.0,1.000,2.000,0.000000,0.813418,0.813418,,,,,,,,,,,,,,unknown,right,right,0.700000,right,1.727875959,99.000000,1.727875959,99.000000,hidden,rigid_body_plus_parts
38,1.541667,mug,556.806,202.409,mug_body_mask,0,,,sam2_mask_center,1,556.682,202.184,1500.0,537.000,181.000,578.000,227.000,41.000,46.000,547.000,226.000,547.000,547.000,25.645,54.574,40.046,0.891304,0.790420,1,556.806,202.409,539.000,181.000,575.000,226.000,37.000,46.000,right,left,1,0.063613,537.720,190.520,537.000,183.000,538.000,200.000,25.0,2.000,2.000,0.000000,0.790420,0.790420,,,,,,,,,,,,,,left,right,right,0.700000,right,1.850049007,106.000000,1.850049007,106.000000,hidden,rigid_body_plus_parts
39,1.583333,mug,550.665,194.821,mug_body_mask,0,,,sam2_mask_center,1,550.518,194.650,1505.0,531.000,173.000,571.000,219.000,40.000,46.000,546.500,218.000,540.000,553.000,25.309,53.311,40.467,0.869565,0.814003,1,550.665,194.821,533.000,173.000,569.000,218.000,37.000,46.000,right,left,1,0.055838,531.909,184.864,531.000,176.000,532.000,195.000,22.0,2.000,1.000,0.000000,0.814003,0.814003,,,,,,,,,,,,,,left,right,right,0.700000,right,1.972222055,113.000000,1.972222055,113.000000,hidden,rigid_body_plus_parts
40,1.625000,mug,544.798,188.351,mug_body_mask,0,,,sam2_mask_center,1,544.650,188.225,1574.0,526.000,166.000,566.000,213.000,40.000,47.000,537.000,212.000,532.000,542.000,26.124,54.034,41.264,0.851064,0.816971,1,544.798,188.351,527.000,166.000,564.000,212.000,38.000,47.000,right,unknown,0,0.000000,,,,,,,0.0,1.000,1.000,0.000000,0.816971,0.816971,,,,,,,,,,,,,,unknown,right,right,0.700000,right,2.094395102,120.000000,2.094395102,120.000000,hidden,rigid_body_plus_parts
41,1.666667,mug,539.170,181.857,mug_body_mask,0,,,sam2_mask_center,1,539.067,181.844,1585.5,519.000,160.000,560.000,206.000,41.000,46.000,535.000,205.000,528.000,542.000,25.928,54.352,41.177,0.891304,0.829172,1,539.170,181.857,520.000,160.000,558.000,205.000,39.000,46.000,right,unknown,0,0.000000,,,,,,,0.0,1.000,1.000,0.000000,0.829172,0.829172,,,,,,,,,,,,,,unknown,right,right,0.700000,right,2.216568150,127.000000,2.216568150,127.000000,hidden,rigid_body_plus_parts
42,1.708333,mug,534.596,175.478,mug_body_mask,0,,,sam2_mask_center,1,534.212,175.275,1570.5,513.000,153.000,554.000,201.000,41.000,48.000,528.000,200.000,526.000,530.000,25.887,52.919,41.225,0.854167,0.824975,1,534.596,175.478,516.000,153.000,553.000,200.000,38.000,48.000,right,left,1,0.116931,514.500,165.062,513.000,157.000,515.000,174.000,32.0,3.000,0.000,0.000000,0.824975,0.824975,,,,,,,,,,,,,,left,right,right,0.700000,right,2.331971280,133.612112,2.331971280,133.612112,hidden,rigid_body_plus_parts
43,1.750000,mug,530.284,169.381,mug_body_mask,0,,,sam2_mask_center,1,529.813,169.132,1557.0,509.000,147.000,550.000,195.000,41.000,48.000,524.500,194.000,522.000,527.000,25.947,53.499,40.909,0.854167,0.811724,1,530.284,169.381,512.000,147.000,548.000,194.000,37.000,48.000,right,left,1,0.143646,510.256,159.128,509.000,151.000,511.000,168.000,39.0,3.000,1.000,0.000000,0.811724,0.811724,,,,,,,,,,,,,,left,right,right,0.700000,right,2.411342011,138.159720,2.411342011,138.159720,visible,rigid_body_plus_parts
44,1.791667,mug,525.249,164.188,mug_body_mask,0,,,sam2_mask_center,1,524.841,163.965,1548.0,504.000,141.000,544.000,190.000,40.000,49.000,517.000,189.000,517.000,517.000,25.960,52.186,41.182,0.816327,0.807032,1,525.249,164.188,507.000,141.000,543.000,189.000,37.000,49.000,right,left,1,0.122222,505.303,153.333,504.000,146.000,506.000,161.000,33.0,3.000,0.000,0.000000,0.807032,0.807032,,,,,,,,,,,,,,left,right,right,0.700000,right,2.478296377,141.995923,2.478296377,141.995923,visible,rigid_body_plus_parts
45,1.833333,mug,520.528,159.562,mug_body_mask,0,,,sam2_mask_center,1,519.985,159.271,1508.0,499.000,137.000,539.000,185.000,40.000,48.000,517.000,184.000,514.000,520.000,25.316,52.202,39.540,0.833333,0.810457,1,520.528,159.562,503.000,137.000,538.000,184.000,36.000,48.000,right,left,1,0.223067,501.045,148.909,499.000,141.000,502.000,158.000,44.0,4.000,0.000,0.000000,0.810457,0.810457,,,,,,,,,,,,,,left,right,right,0.700000,right,2.530727415,145.000000,2.530727415,145.000000,visible,rigid_body_plus_parts
46,1.875000,mug,515.922,155.212,mug_body_mask,0,,,sam2_mask_center,1,515.740,155.043,1532.0,496.000,132.000,535.000,182.000,39.000,50.000,517.000,181.000,517.000,517.000,26.257,53.074,39.002,0.780000,0.790234,1,515.922,155.212,498.000,132.000,533.000,181.000,36.000,50.000,right,left,1,0.067332,496.630,143.815,496.000,136.000,497.000,152.000,27.0,2.000,1.000,0.000000,0.790234,0.790234,,,,,,,,,,,,,,left,right,right,0.700000,right,2.571501373,147.336176,2.571501373,147.336176,hidden,rigid_body_plus_parts
47,1.916667,mug,512.173,151.147,mug_body_mask,0,,,sam2_mask_center,1,511.808,150.941,1578.5,492.000,128.000,531.000,177.000,39.000,49.000,511.000,176.000,505.000,517.000,26.718,57.869,38.424,0.795918,0.796190,1,512.173,151.147,494.000,128.000,530.000,176.000,37.000,49.000,right,left,1,0.075061,492.548,139.323,492.000,132.000,493.000,148.000,31.0,2.000,0.000,0.000000,0.796190,0.796190,,,,,,,,,,,,,,left,right,right,0.700000,right,2.605972009,149.311198,2.605972009,149.311198,hidden,rigid_body_plus_parts
48,1.958333,mug,508.410,147.610,mug_body_mask,0,,,sam2_mask_center,1,508.075,147.357,1662.5,487.000,123.000,528.000,174.000,41.000,51.000,508.500,173.000,502.000,515.000,27.103,56.010,40.484,0.803922,0.812763,1,508.410,147.610,490.000,123.000,526.000,173.000,37.000,51.000,right,left,1,0.138249,488.350,136.175,487.000,128.000,489.000,146.000,40.0,3.000,1.000,0.000000,0.812763,0.812763,,,,,,,,,,,,,,left,right,right,0.700000,right,2.635763629,151.018132,2.635763629,151.018132,visible,rigid_body_plus_parts
49,2.000000,mug,505.204,143.291,mug_body_mask,0,,,sam2_mask_center,1,505.041,143.176,1637.0,485.000,119.000,525.000,170.000,40.000,51.000,502.500,169.000,499.000,506.000,26.387,53.107,41.776,0.784314,0.823165,1,505.204,143.291,486.000,119.000,523.000,169.000,38.000,51.000,right,unknown,0,0.000000,,,,,,,0.0,1.000,1.000,0.000000,0.823165,0.823165,,,,,,,,,,,,,,unknown,right,right,0.700000,right,2.662500540,152.550044,2.662500540,152.550044,visible,rigid_body_plus_parts
50,2.041667,mug,501.686,140.140,mug_body_mask,0,,,sam2_mask_center,1,501.621,140.089,1568.5,482.000,116.000,521.000,167.000,39.000,51.000,497.500,166.000,496.000,499.000,25.962,52.961,39.424,0.764706,0.806552,1,501.686,140.140,483.000,116.000,519.000,166.000,37.000,51.000,right,unknown,0,0.000000,,,,,,,0.0,1.000,1.000,0.000000,0.806552,0.806552,,,,,,,,,,,,,,unknown,right,right,0.700000,right,2.687807048,154.000000,2.687807048,154.000000,visible,rigid_body_plus_parts
51,2.083333,mug,499.138,137.080,mug_body_mask,0,,,sam2_mask_center,1,499.001,137.029,1646.5,478.000,113.000,520.000,164.000,42.000,51.000,497.000,163.000,492.000,502.000,26.633,55.189,39.829,0.823529,0.800090,1,499.138,137.080,480.000,113.000,517.000,163.000,38.000,51.000,right,left,1,0.044212,478.947,128.000,478.000,119.000,479.000,139.000,19.0,2.000,2.000,0.000000,0.800090,0.800090,,,,,,,,,,,,,,left,right,right,0.700000,right,2.711775520,155.373292,2.711775520,155.373292,visible,rigid_body_plus_parts
52,2.125000,mug,496.523,134.603,mug_body_mask,0,,,sam2_mask_center,1,496.484,134.594,1641.5,475.000,111.000,516.000,161.000,41.000,50.000,499.500,160.000,492.000,507.000,26.700,56.197,40.716,0.820000,0.814355,1,496.523,134.603,477.000,111.000,514.000,160.000,38.000,50.000,right,unknown,0,0.000000,,,,,,,0.0,2.000,1.000,0.000000,0.814355,0.814355,,,,,,,,,,,,,,unknown,right,right,0.700000,right,2.733741966,156.631877,2.733741966,156.631877,visible,rigid_body_plus_parts
53,2.166667,mug,494.282,132.205,mug_body_mask,0,,,sam2_mask_center,1,494.258,132.227,1668.5,473.000,107.000,514.000,159.000,41.000,52.000,494.500,158.000,490.000,499.000,26.976,53.503,42.144,0.788462,0.810781,1,494.282,132.205,474.000,107.000,512.000,158.000,39.000,52.000,right,unknown,0,0.000000,,,,,,,0.0,1.000,1.000,0.000000,0.810781,0.810781,,,,,,,,,,,,,,unknown,right,right,0.700000,right,2.754196151,157.803815,2.754196151,157.803815,visible,rigid_body_plus_parts
54,2.208333,mug,492.279,129.975,mug_body_mask,0,,,sam2_mask_center,1,492.421,130.059,1675.5,471.000,105.000,513.000,157.000,42.000,52.000,492.000,156.000,488.000,496.000,27.093,53.914,41.045,0.807692,0.822636,1,492.279,129.975,472.000,105.000,510.000,156.000,39.000,52.000,right,right,1,0.041190,511.389,139.000,511.000,134.000,512.000,144.000,18.0,1.000,2.000,0.000000,0.822636,0.822636,,,,,,,,,,,,,,right,right,right,0.700000,right,2.773627841,158.917169,2.773627841,158.917169,visible,rigid_body_plus_parts
55,2.250000,mug,490.971,128.017,mug_body_mask,0,,,sam2_mask_center,1,490.989,128.026,1677.5,470.000,103.000,512.000,155.000,42.000,52.000,491.000,154.000,486.000,496.000,26.962,55.064,40.368,0.807692,0.806820,1,490.971,128.017,471.000,103.000,509.000,154.000,39.000,52.000,right,right,1,0.032000,510.357,137.000,510.000,133.000,511.000,141.000,14.0,1.000,2.000,0.000000,0.806820,0.806820,,,,,,,,,,,,,,right,right,right,0.700000,right,2.792526803,160.000000,2.792526803,160.000000,visible,rigid_body_plus_parts
56,2.291667,mug,489.854,126.129,mug_body_mask,0,,,sam2_mask_center,1,489.693,126.057,1651.0,468.000,101.000,511.000,153.000,43.000,52.000,494.000,152.000,486.000,502.000,27.186,54.447,40.433,0.826923,0.791696,1,489.854,126.129,471.000,101.000,507.000,152.000,37.000,52.000,right,left,1,0.111434,469.312,116.500,468.000,110.000,470.000,124.000,32.0,3.000,3.000,0.000000,0.791696,0.791696,,,,,,,,,,,,,,left,right,right,0.700000,right,2.814679059,161.269231,2.814679059,161.269231,visible,rigid_body_plus_parts
57,2.333333,mug,488.816,124.489,mug_body_mask,0,,,sam2_mask_center,1,488.591,124.413,1659.5,467.000,99.000,509.000,151.000,42.000,52.000,492.500,150.000,484.000,501.000,27.197,54.194,39.519,0.807692,0.830431,1,488.816,124.489,470.000,99.000,506.000,150.000,37.000,52.000,right,left,1,0.142197,468.171,115.463,467.000,108.000,469.000,124.000,41.0,3.000,2.000,0.000000,0.830431,0.830431,,,,,,,,,,,,,,left,right,right,0.700000,right,2.827433388,162.000000,2.827433388,162.000000,visible,rigid_body_plus_parts
58,2.375000,mug,487.854,122.576,mug_body_mask,0,,,sam2_mask_center,1,487.726,122.533,1664.5,465.000,97.000,509.000,149.000,44.000,52.000,491.500,148.000,484.000,499.000,27.012,54.100,40.529,0.846154,0.815785,1,487.854,122.576,468.000,97.000,506.000,148.000,39.000,52.000,right,left,1,0.093372,466.407,112.852,465.000,107.000,467.000,120.000,27.0,3.000,2.000,0.000000,0.815785,0.815785,,,,,,,,,,,,,,left,right,right,0.700000,right,2.808040841,160.888889,2.808040841,160.888889,visible,rigid_body_plus_parts
59,2.416667,mug,487.123,121.424,mug_body_mask,0,,,sam2_mask_center,1,486.874,121.327,1679.5,464.000,96.000,509.000,148.000,45.000,52.000,490.500,147.000,484.000,497.000,27.062,55.278,40.228,0.865385,0.823137,1,487.123,121.424,468.000,96.000,505.000,147.000,38.000,52.000,right,left,1,0.210286,465.978,111.630,464.000,104.000,467.000,121.000,46.0,4.000,3.000,0.000000,0.823137,0.823137,,,,,,,,,,,,,,left,right,right,0.700000,right,2.765377237,158.444444,2.765377237,158.444444,visible,rigid_body_plus_parts
60,2.458333,mug,486.507,120.173,mug_body_mask,0,,,sam2_mask_center,1,486.411,120.114,1669.5,464.000,94.000,510.000,148.000,46.000,54.000,496.500,147.000,496.000,497.000,27.604,54.950,39.297,0.851852,0.793416,1,486.507,120.173,467.000,94.000,505.000,147.000,39.000,54.000,right,unknown,0,0.000000,,,,,,,0.0,3.000,4.000,0.000000,0.793416,0.793416,,,,,,,,,,,,,,unknown,right,right,0.700000,right,2.722713633,156.000000,2.722713633,156.000000,visible,rigid_body_plus_parts
61,2.500000,mug,485.618,118.300,mug_body_mask,0,,,sam2_mask_center,1,485.613,118.288,1642.0,463.000,93.000,508.000,145.000,45.000,52.000,490.000,144.000,486.000,494.000,26.575,53.271,38.973,0.865385,0.822717,1,485.618,118.300,466.000,93.000,504.000,144.000,39.000,52.000,right,unknown,0,0.000000,,,,,,,0.0,3.000,3.000,0.000000,0.822717,0.822717,,,,,,,,,,,,,,unknown,right,right,0.700000,right,2.687807048,154.000000,2.687807048,154.000000,visible,rigid_body_plus_parts
62,2.541667,mug,485.310,117.291,mug_body_mask,0,,,sam2_mask_center,1,484.986,117.132,1656.0,462.000,91.000,508.000,144.000,46.000,53.000,491.500,143.000,491.000,492.000,26.873,53.492,39.558,0.867925,0.765733,1,485.310,117.291,466.000,91.000,505.000,143.000,40.000,53.000,right,left,1,0.222351,463.854,108.604,462.000,101.000,465.000,117.000,48.0,4.000,2.000,0.000000,0.765733,0.765733,,,,,,,,,,,,,,left,right,right,0.700000,right,2.652900463,152.000000,2.652900463,152.000000,hidden,rigid_body_plus_parts
63,2.583333,mug,484.874,116.331,mug_body_mask,0,,,sam2_mask_center,1,484.743,116.246,1687.5,461.000,90.000,509.000,143.000,48.000,53.000,492.000,142.000,492.000,492.000,27.129,54.087,40.751,0.905660,0.724397,1,484.874,116.331,465.000,90.000,505.000,142.000,41.000,53.000,right,left,1,0.168086,463.081,107.703,461.000,101.000,464.000,115.000,37.0,4.000,3.000,0.000000,0.724397,0.724397,,,,,,,,,,,,,,left,right,right,0.700000,right,2.616833950,149.933541,2.616833950,149.933541,visible,rigid_body_plus_parts
64,2.625000,mug,484.579,115.230,mug_body_mask,0,,,sam2_mask_center,1,484.444,115.097,1714.0,461.000,89.000,509.000,141.000,48.000,52.000,490.500,140.000,487.000,494.000,26.619,53.955,41.619,0.923077,0.773666,1,484.579,115.230,465.000,89.000,505.000,140.000,41.000,52.000,right,left,1,0.201568,462.867,106.644,461.000,99.000,464.000,114.000,45.0,4.000,3.000,0.000000,0.773666,0.773666,,,,,,,,,,,,,,left,right,right,0.700000,right,2.580767437,147.867082,2.580767437,147.867082,hidden,rigid_body_plus_parts
65,2.666667,mug,484.008,113.793,mug_body_mask,0,,,sam2_mask_center,1,484.178,113.731,1827.5,461.000,86.000,510.000,140.000,49.000,54.000,488.000,139.000,485.000,491.000,27.648,54.815,44.594,0.907407,0.742024,1,484.008,113.793,464.000,86.000,505.000,139.000,42.000,54.000,right,right,1,0.197583,507.149,119.043,506.000,112.000,509.000,127.000,47.0,3.000,4.000,0.000000,0.742024,0.742024,,,,,,,,,,,,,,right,right,right,0.700000,right,2.548180708,146.000000,2.548180708,146.000000,visible,rigid_body_plus_parts
66,2.708333,mug,484.090,111.473,mug_body_mask,0,,,sam2_mask_center,1,484.141,111.418,1712.5,461.000,85.000,509.000,136.000,48.000,51.000,489.000,135.000,484.000,494.000,26.619,54.019,41.821,0.941176,0.778445,1,484.090,111.473,464.000,85.000,505.000,135.000,42.000,51.000,right,unknown,0,0.000000,,,,,,,0.0,3.000,3.000,0.000000,0.778445,0.778445,,,,,,,,,,,,,,unknown,right,right,0.700000,right,2.518855583,144.319794,2.518855583,144.319794,hidden,rigid_body_plus_parts
67,2.750000,mug,484.365,108.798,mug_body_mask,0,,,sam2_mask_center,1,484.335,108.749,1648.0,460.000,83.000,509.000,134.000,49.000,51.000,491.000,133.000,490.000,492.000,26.376,53.161,39.881,0.960784,0.784167,1,484.365,108.798,463.000,83.000,506.000,133.000,44.000,51.000,right,unknown,0,0.000000,,,,,,,0.0,3.000,2.000,0.000000,0.784167,0.784167,,,,,,,,,,,,,,unknown,right,right,0.700000,right,2.490326669,142.685208,2.490326669,142.685208,hidden,rigid_body_plus_parts
68,2.791667,mug,484.224,106.677,mug_body_mask,0,,,sam2_mask_center,1,484.321,106.706,1616.0,460.000,82.000,509.000,131.000,49.000,49.000,493.000,130.000,488.000,498.000,26.410,53.011,39.291,1.000000,0.825404,1,484.224,106.677,462.000,82.000,506.000,130.000,45.000,49.000,right,right,1,0.054664,507.435,113.783,507.000,108.000,508.000,120.000,23.0,2.000,2.000,0.000000,0.825404,0.825404,,,,,,,,,,,,,,right,right,right,0.700000,right,2.462702929,141.102484,2.462702929,141.102484,hidden,rigid_body_plus_parts
69,2.833333,mug,484.548,104.891,mug_body_mask,0,,,sam2_mask_center,1,484.502,104.908,1611.5,460.000,80.000,510.000,129.000,50.000,49.000,494.000,128.000,489.000,499.000,26.653,54.586,38.052,1.020408,0.808461,1,484.548,104.891,462.000,80.000,507.000,128.000,46.000,49.000,right,unknown,0,0.000000,,,,,,,0.0,2.000,2.000,0.000000,0.808461,0.808461,,,,,,,,,,,,,,unknown,right,right,0.700000,right,2.436093328,139.577866,2.436093328,139.577866,hidden,rigid_body_plus_parts
70,2.875000,mug,484.561,103.409,mug_body_mask,0,,,sam2_mask_center,1,484.535,103.432,1602.5,460.000,79.000,510.000,128.000,50.000,49.000,494.500,127.000,491.000,498.000,26.506,54.479,38.006,1.020408,0.828290,1,484.561,103.409,462.000,79.000,507.000,127.000,46.000,49.000,right,unknown,0,0.000000,,,,,,,0.0,2.000,2.000,0.000000,0.828290,0.828290,,,,,,,,,,,,,,unknown,right,right,0.700000,right,2.410606829,138.117597,2.410606829,138.117597,hidden,rigid_body_plus_parts
71,2.916667,mug,484.210,101.946,mug_body_mask,0,,,sam2_mask_center,1,484.338,101.996,1572.5,460.000,78.000,510.000,126.000,50.000,48.000,494.000,125.000,490.000,498.000,26.327,54.242,37.354,1.041667,0.821490,1,484.210,101.946,461.000,78.000,507.000,125.000,47.000,48.000,right,right,1,0.043956,508.333,108.500,508.000,103.000,509.000,114.000,18.0,1.000,2.000,0.000000,0.821490,0.821490,,,,,,,,,,,,,,right,right,right,0.700000,right,2.386352397,136.727921,2.386352397,136.727921,hidden,rigid_body_plus_parts
72,2.958333,mug,483.966,100.749,mug_body_mask,0,,,sam2_mask_center,1,484.063,100.793,1564.0,460.000,77.000,510.000,125.000,50.000,48.000,494.500,124.000,492.000,497.000,26.297,54.941,36.715,1.041667,0.823257,1,483.966,100.749,461.000,77.000,507.000,124.000,47.000,48.000,right,right,1,0.044199,508.333,107.500,508.000,102.000,509.000,113.000,18.0,1.000,2.000,0.000000,0.823257,0.823257,,,,,,,,,,,,,,right,right,right,0.700000,right,2.363438995,135.415080,2.363438995,135.415080,hidden,rigid_body_plus_parts
73,3.000000,mug,483.605,99.484,mug_body_mask,0,,,sam2_mask_center,1,483.796,99.572,1552.0,459.000,76.000,510.000,123.000,51.000,47.000,494.500,122.000,492.000,497.000,26.402,54.874,36.266,1.085106,0.829471,1,483.605,99.484,461.000,76.000,506.000,122.000,46.000,47.000,right,right,1,0.126238,507.735,105.912,507.000,99.000,509.000,113.000,34.0,2.000,3.000,0.000000,0.829471,0.829471,,,,,,,,,,,,,,right,right,right,0.700000,right,2.341975588,134.185317,2.341975588,134.185317,hidden,rigid_body_plus_parts
74,3.041667,mug,483.476,98.540,mug_body_mask,0,,,sam2_mask_center,1,483.564,98.598,1545.5,459.000,75.000,510.000,122.000,51.000,47.000,496.000,121.000,495.000,497.000,26.178,54.839,36.704,1.085106,0.819723,1,483.476,98.540,461.000,75.000,506.000,121.000,46.000,47.000,right,right,1,0.104348,507.500,104.786,507.000,98.000,509.000,112.000,28.0,2.000,3.000,0.000000,0.819723,0.819723,,,,,,,,,,,,,,right,right,right,0.700000,right,2.322071139,133.044876,2.322071139,133.044876,hidden,rigid_body_plus_parts
75,3.083333,mug,482.832,97.904,mug_body_mask,0,,,sam2_mask_center,1,482.807,97.932,1569.5,458.000,75.000,509.000,121.000,51.000,46.000,495.500,120.000,494.000,497.000,26.315,54.353,37.335,1.108696,0.828753,1,482.832,97.904,460.000,75.000,506.000,120.000,47.000,46.000,right,unknown,0,0.000000,,,,,,,0.0,2.000,2.000,0.000000,0.828753,0.828753,,,,,,,,,,,,,,unknown,right,right,0.700000,right,2.303834613,132.000000,2.303834613,132.000000,hidden,rigid_body_plus_parts
76,3.125000,mug,482.929,97.025,mug_body_mask,0,,,sam2_mask_center,1,483.033,97.065,1528.5,458.000,74.000,509.000,120.000,51.000,46.000,495.500,119.000,494.000,497.000,26.082,54.340,36.412,1.108696,0.819503,1,482.929,97.025,460.000,74.000,506.000,119.000,47.000,46.000,right,right,1,0.052731,507.381,102.810,507.000,97.000,508.000,109.000,21.0,2.000,2.000,0.000000,0.819503,0.819503,,,,,,,,,,,,,,right,right,right,0.700000,right,2.288669551,131.131106,2.288669551,131.131106,hidden,rigid_body_plus_parts
77,3.166667,mug,482.423,96.273,mug_body_mask,0,,,sam2_mask_center,1,482.577,96.322,1573.0,457.000,73.000,509.000,119.000,52.000,46.000,496.000,118.000,494.000,498.000,26.320,53.752,37.517,1.130435,0.815579,1,482.423,96.273,459.000,73.000,506.000,118.000,48.000,46.000,right,right,1,0.051251,507.333,101.667,507.000,95.000,508.000,108.000,21.0,2.000,2.000,0.000000,0.815579,0.815579,,,,,,,,,,,,,,right,right,right,0.700000,right,2.277016900,130.463458,2.277016900,130.463458,hidden,rigid_body_plus_parts
78,3.208333,mug,482.354,95.812,mug_body_mask,0,,,sam2_mask_center,1,482.452,95.856,1575.0,457.000,73.000,509.000,118.000,52.000,45.000,494.500,117.000,491.000,498.000,26.420,54.243,37.419,1.155556,0.813028,1,482.354,95.812,459.000,73.000,506.000,117.000,48.000,45.000,right,right,1,0.053593,507.364,100.864,507.000,94.000,508.000,107.000,22.0,2.000,2.000,0.000000,0.813028,0.813028,,,,,,,,,,,,,,right,right,right,0.700000,right,2.267541728,129.920571,2.267541728,129.920571,hidden,rigid_body_plus_parts
79,3.250000,mug,482.848,95.502,mug_body_mask,0,,,sam2_mask_center,1,482.931,95.538,1544.5,458.000,73.000,509.000,118.000,51.000,45.000,496.000,117.000,494.000,498.000,26.109,53.757,36.817,1.133333,0.824382,1,482.848,95.502,460.000,73.000,506.000,117.000,47.000,45.000,right,right,1,0.057143,507.391,100.696,507.000,94.000,508.000,107.000,23.0,2.000,2.000,0.000000,0.824382,0.824382,,,,,,,,,,,,,,right,right,right,0.700000,right,2.258909102,129.425958,2.258909102,129.425958,hidden,rigid_body_plus_parts
80,3.291667,mug,482.906,95.325,mug_body_mask,0,,,sam2_mask_center,1,482.983,95.370,1542.0,458.000,73.000,509.000,118.000,51.000,45.000,496.000,117.000,495.000,497.000,26.109,53.912,36.778,1.133333,0.816799,1,482.906,95.325,460.000,73.000,506.000,117.000,47.000,45.000,right,right,1,0.059701,507.417,100.500,507.000,94.000,508.000,107.000,24.0,2.000,2.000,0.000000,0.816799,0.816799,,,,,,,,,,,,,,right,right,right,0.700000,right,2.249784091,128.903133,2.249784091,128.903133,hidden,rigid_body_plus_parts
81,3.333333,mug,483.158,95.382,mug_body_mask,0,,,sam2_mask_center,1,483.071,95.383,1547.0,458.000,72.000,509.000,118.000,51.000,46.000,496.500,117.000,496.000,497.000,26.239,54.367,36.889,1.108696,0.810703,1,483.158,95.382,460.000,72.000,507.000,117.000,48.000,46.000,right,left,1,0.039678,458.750,93.500,458.000,88.000,459.000,99.000,16.0,2.000,1.000,0.000000,0.810703,0.810703,,,,,,,,,,,,,,left,right,right,0.700000,right,2.238831764,128.275611,2.238831764,128.275611,hidden,rigid_body_plus_parts
82,3.375000,mug,483.432,95.785,mug_body_mask,0,,,sam2_mask_center,1,483.487,95.802,1550.5,459.000,73.000,510.000,118.000,51.000,45.000,495.000,117.000,491.000,499.000,26.248,54.179,36.637,1.133333,0.827585,1,483.432,95.785,460.000,73.000,507.000,117.000,48.000,45.000,right,right,1,0.034653,508.214,101.000,508.000,96.000,509.000,106.000,14.0,1.000,2.000,0.000000,0.827585,0.827585,,,,,,,,,,,,,,right,right,right,0.700000,right,2.224717188,127.466905,2.224717188,127.466905,hidden,rigid_body_plus_parts
83,3.416667,mug,484.005,96.563,mug_body_mask,0,,,sam2_mask_center,1,484.007,96.594,1552.5,459.000,73.000,510.000,120.000,51.000,47.000,496.500,119.000,496.000,497.000,26.278,54.787,36.633,1.085106,0.798926,1,484.005,96.563,461.000,73.000,507.000,119.000,47.000,47.000,right,unknown,0,0.000000,,,,,,,0.0,2.000,2.000,0.000000,0.798926,0.798926,,,,,,,,,,,,,,unknown,right,right,0.700000,right,2.206105432,126.400530,2.206105432,126.400530,hidden,rigid_body_plus_parts
84,3.458333,mug,484.409,98.162,mug_body_mask,0,,,sam2_mask_center,1,484.384,98.179,1619.0,459.000,74.000,511.000,122.000,52.000,48.000,497.000,121.000,494.000,500.000,27.019,55.561,36.991,1.083333,0.809739,1,484.409,98.162,461.000,74.000,508.000,121.000,48.000,48.000,right,unknown,0,0.000000,,,,,,,0.0,2.000,2.000,0.000000,0.809739,0.809739,,,,,,,,,,,,,,unknown,right,right,0.700000,right,2.181661565,125.000000,2.181661565,125.000000,hidden,rigid_body_plus_parts
85,3.500000,mug,485.476,99.986,mug_body_mask,0,,,sam2_mask_center,1,485.437,100.045,1571.5,461.000,74.000,511.000,125.000,50.000,51.000,495.500,124.000,494.000,497.000,26.800,54.823,37.455,0.980392,0.807235,1,485.476,99.986,464.000,74.000,507.000,124.000,44.000,51.000,right,unknown,0,0.000000,,,,,,,0.0,3.000,3.000,0.000000,0.807235,0.807235,,,,,,,,,,,,,,unknown,right,right,0.700000,right,2.109260493,120.851724,2.109260493,120.851724,hidden,rigid_body_plus_parts
86,3.541667,mug,486.044,102.218,mug_body_mask,0,,,sam2_mask_center,1,486.170,102.327,1580.0,462.000,76.000,510.000,127.000,48.000,51.000,494.500,126.000,489.000,500.000,26.789,55.233,37.230,0.941176,0.810559,1,486.044,102.218,465.000,76.000,506.000,126.000,42.000,51.000,right,right,1,0.156744,507.860,110.744,507.000,103.000,509.000,119.000,43.0,3.000,3.000,0.000000,0.810559,0.810559,,,,,,,,,,,,,,right,right,right,0.700000,right,2.007128640,115.000000,2.007128640,115.000000,hidden,rigid_body_plus_parts
87,3.583333,mug,486.996,104.942,mug_body_mask,0,,,sam2_mask_center,1,487.062,105.002,1642.0,463.000,79.000,511.000,131.000,48.000,52.000,494.500,130.000,490.000,499.000,27.172,55.554,37.749,0.923077,0.821243,1,486.996,104.942,466.000,79.000,507.000,130.000,42.000,52.000,right,unknown,0,0.000000,,,,,,,0.0,3.000,3.000,0.000000,0.821243,0.821243,,,,,,,,,,,,,,unknown,right,right,0.700000,right,1.918279112,109.909297,1.918279112,109.909297,hidden,rigid_body_plus_parts
88,3.625000,mug,488.452,108.145,mug_body_mask,0,,,sam2_mask_center,1,488.357,108.130,1648.5,465.000,82.000,512.000,135.000,47.000,53.000,493.500,134.000,490.000,497.000,27.268,55.656,37.771,0.886792,0.818433,1,488.452,108.145,468.000,82.000,508.000,134.000,41.000,53.000,right,unknown,0,0.000000,,,,,,,0.0,3.000,3.000,0.000000,0.818433,0.818433,,,,,,,,,,,,,,unknown,right,right,0.700000,right,1.829429584,104.818594,1.829429584,104.818594,hidden,rigid_body_plus_parts
89,3.666667,mug,489.462,111.424,mug_body_mask,0,,,sam2_mask_center,1,489.086,111.233,1686.0,466.000,85.000,513.000,139.000,47.000,54.000,491.500,138.000,490.000,493.000,27.045,55.156,39.063,0.870370,0.798871,1,489.462,111.424,470.000,85.000,509.000,138.000,40.000,54.000,right,left,1,0.218679,467.875,102.083,466.000,94.000,469.000,110.000,48.0,4.000,3.000,0.000000,0.798871,0.798871,,,,,,,,,,,,,,left,right,right,0.700000,right,1.745329252,100.000000,1.745329252,100.000000,visible,rigid_body_plus_parts
90,3.708333,mug,490.573,114.410,mug_body_mask,0,,,sam2_mask_center,1,490.490,114.335,1694.0,468.000,88.000,513.000,142.000,45.000,54.000,495.000,141.000,492.000,498.000,27.286,55.731,39.236,0.833333,0.769106,1,490.573,114.410,471.000,88.000,509.000,141.000,39.000,54.000,right,unknown,0,0.000000,,,,,,,0.0,3.000,3.000,0.000000,0.769106,0.769106,,,,,,,,,,,,,,unknown,right,right,0.700000,right,1.661192204,95.179302,1.661192204,95.179302,visible,rigid_body_plus_parts
91,3.750000,mug,492.014,117.483,mug_body_mask,0,,,sam2_mask_center,1,491.935,117.406,1628.0,470.000,93.000,514.000,144.000,44.000,51.000,494.500,143.000,492.000,497.000,26.634,53.676,39.444,0.862745,0.780667,1,492.014,117.483,473.000,93.000,510.000,143.000,38.000,51.000,right,unknown,0,0.000000,,,,,,,0.0,3.000,3.000,0.000000,0.780667,0.780667,,,,,,,,,,,,,,unknown,right,right,0.700000,right,1.573251318,90.140661,1.573251318,90.140661,visible,rigid_body_plus_parts
92,3.791667,mug,493.955,120.885,mug_body_mask,0,,,sam2_mask_center,1,493.857,120.822,1618.5,473.000,96.000,515.000,148.000,42.000,52.000,496.500,147.000,496.000,497.000,26.277,52.697,39.855,0.807692,0.801513,1,493.955,120.885,475.000,96.000,512.000,147.000,38.000,52.000,right,left,1,0.054470,473.609,109.913,473.000,104.000,474.000,117.000,23.0,2.000,2.000,0.000000,0.801513,0.801513,,,,,,,,,,,,,,left,right,right,0.700000,right,1.487783972,85.243742,1.487783972,85.243742,visible,rigid_body_plus_parts
93,3.833333,mug,496.664,125.427,mug_body_mask,0,,,sam2_mask_center,1,496.684,125.466,1683.5,475.000,100.000,517.000,152.000,42.000,52.000,500.500,151.000,494.000,507.000,26.813,54.073,41.023,0.807692,0.809706,1,496.664,125.427,477.000,100.000,515.000,151.000,39.000,52.000,right,unknown,0,0.000000,,,,,,,0.0,2.000,1.000,0.000000,0.809706,0.809706,,,,,,,,,,,,,,unknown,right,right,0.700000,right,1.411067542,80.848215,1.411067542,80.848215,visible,rigid_body_plus_parts
94,3.875000,mug,500.462,129.736,mug_body_mask,0,,,sam2_mask_center,1,500.173,129.648,1722.0,478.000,105.000,521.000,157.000,43.000,52.000,501.500,156.000,499.000,504.000,27.502,55.904,41.329,0.826923,0.802347,1,500.462,129.736,481.000,105.000,519.000,156.000,39.000,52.000,right,left,1,0.100223,479.367,122.700,478.000,115.000,480.000,129.000,30.0,3.000,1.000,0.000000,0.802347,0.802347,,,,,,,,,,,,,,left,right,right,0.700000,right,1.349379405,77.313745,1.349379405,77.313745,visible,rigid_body_plus_parts
95,3.916667,mug,504.440,135.299,mug_body_mask,0,,,sam2_mask_center,1,504.332,135.206,1675.0,484.000,112.000,525.000,162.000,41.000,50.000,504.500,161.000,498.000,511.000,27.124,59.785,39.501,0.820000,0.812923,1,504.440,135.299,485.000,112.000,523.000,161.000,39.000,50.000,right,unknown,0,0.000000,,,,,,,0.0,1.000,1.000,0.000000,0.812923,0.812923,,,,,,,,,,,,,,unknown,right,right,0.700000,right,1.308996939,75.000000,1.308996939,75.000000,visible,rigid_body_plus_parts
96,3.958333,mug,509.536,141.438,mug_body_mask,0,,,sam2_mask_center,1,509.403,141.353,1621.0,489.000,118.000,530.000,168.000,41.000,50.000,508.500,167.000,505.000,512.000,26.513,56.119,39.929,0.820000,0.806643,1,509.536,141.438,491.000,118.000,528.000,167.000,38.000,50.000,right,left,1,0.037780,489.938,135.250,489.000,128.000,490.000,142.000,16.0,2.000,1.000,0.000000,0.806643,0.806643,,,,,,,,,,,,,,left,right,right,0.700000,right,1.282233437,73.466564,1.282233437,73.466564,visible,rigid_body_plus_parts
97,4.000000,mug,514.473,149.585,mug_body_mask,0,,,sam2_mask_center,1,514.163,149.273,1615.0,494.000,125.000,534.000,176.000,40.000,51.000,510.500,175.000,507.000,514.000,26.912,54.591,40.156,0.784314,0.812102,1,514.473,149.585,497.000,125.000,532.000,175.000,36.000,51.000,right,left,1,0.149289,495.405,138.929,494.000,129.000,496.000,149.000,42.0,3.000,1.000,0.000000,0.812102,0.812102,,,,,,,,,,,,,,left,right,right,0.700000,right,1.258380381,72.099885,1.258380381,72.099885,visible,rigid_body_plus_parts
98,4.041667,mug,520.151,156.750,mug_body_mask,0,,,sam2_mask_center,1,519.925,156.582,1558.0,499.000,134.000,540.000,182.000,41.000,48.000,518.500,181.000,512.000,525.000,25.599,53.442,40.417,0.854167,0.824644,1,520.151,156.750,502.000,134.000,538.000,181.000,37.000,48.000,right,left,1,0.092081,500.440,147.880,499.000,141.000,501.000,154.000,25.0,3.000,1.000,0.000000,0.824644,0.824644,,,,,,,,,,,,,,left,right,right,0.700000,right,1.239182429,70.999923,1.239182429,70.999923,hidden,rigid_body_plus_parts
99,4.083333,mug,525.872,165.651,mug_body_mask,0,,,sam2_mask_center,1,525.517,165.359,1610.0,504.000,142.000,546.000,192.000,42.000,50.000,523.000,191.000,520.000,526.000,26.500,54.055,40.353,0.840000,0.813114,1,525.872,165.651,508.000,142.000,544.000,191.000,37.000,50.000,right,left,1,0.195006,506.146,155.780,504.000,147.000,507.000,165.000,41.0,4.000,1.000,0.000000,0.813114,0.813114,,,,,,,,,,,,,,left,right,right,0.700000,right,1.226384241,70.266641,1.226384241,70.266641,hidden,rigid_body_plus_parts
100,4.125000,mug,531.969,175.541,mug_body_mask,0,,,sam2_mask_center,1,531.993,175.335,1571.5,512.000,153.000,553.000,201.000,41.000,48.000,526.500,200.000,522.000,531.000,25.811,55.007,39.970,0.854167,0.825501,1,531.969,175.541,514.000,153.000,550.000,200.000,37.000,48.000,right,unknown,0,0.000000,,,,,,,0.0,2.000,2.000,0.000000,0.825501,0.825501,,,,,,,,,,,,,,unknown,right,right,0.700000,right,1.221730476,70.000000,1.221730476,70.000000,hidden,rigid_body_plus_parts
101,4.166667,mug,537.839,185.937,mug_body_mask,0,,,sam2_mask_center,1,537.835,185.919,1695.5,517.000,162.000,559.000,211.000,42.000,49.000,534.000,210.000,527.000,541.000,26.627,52.959,43.289,0.857143,0.846298,1,537.839,185.937,518.000,162.000,557.000,210.000,40.000,49.000,right,unknown,0,0.000000,,,,,,,0.0,1.000,1.000,0.000000,0.846298,0.846298,,,,,,,,,,,,,,unknown,right,right,0.700000,right,1.258033325,72.080000,1.258033325,72.080000,hidden,rigid_body_plus_parts
102,4.208333,mug,546.035,195.563,mug_body_mask,0,,,sam2_mask_center,1,546.147,195.536,1568.5,528.000,173.000,567.000,222.000,39.000,49.000,537.000,221.000,537.000,537.000,26.101,51.941,42.279,0.795918,0.823925,1,546.035,195.563,528.000,173.000,565.000,221.000,38.000,49.000,right,unknown,0,0.000000,,,,,,,0.0,0.000,1.000,0.000000,0.823925,0.823925,,,,,,,,,,,,,,unknown,right,right,0.700000,right,1.344601656,77.040000,1.344601656,77.040000,hidden,rigid_body_plus_parts
103,4.250000,mug,552.602,206.311,mug_body_mask,0,,,sam2_mask_center,1,552.786,206.282,1484.0,535.000,184.000,573.000,230.000,38.000,46.000,551.500,229.000,541.000,562.000,25.520,52.606,39.403,0.826087,0.829473,1,552.602,206.311,535.000,184.000,571.000,229.000,37.000,46.000,right,unknown,0,0.000000,,,,,,,0.0,0.000,1.000,0.000000,0.829473,0.829473,,,,,,,,,,,,,,unknown,right,right,0.700000,right,1.447925147,82.960000,1.447925147,82.960000,hidden,rigid_body_plus_parts
104,4.291667,mug,560.792,217.852,mug_body_mask,0,,,sam2_mask_center,1,560.739,217.786,1558.0,542.000,195.000,581.000,243.000,39.000,48.000,564.500,242.000,562.000,567.000,26.126,51.058,42.744,0.812500,0.820983,1,560.792,217.852,543.000,195.000,579.000,242.000,37.000,48.000,right,unknown,0,0.000000,,,,,,,0.0,1.000,1.000,0.000000,0.820983,0.820983,,,,,,,,,,,,,,unknown,right,right,0.700000,right,1.534493478,87.920000,1.534493478,87.920000,hidden,rigid_body_plus_parts
105,4.333333,mug,568.415,228.177,mug_body_mask,0,,,sam2_mask_center,1,568.292,228.045,1478.0,550.000,207.000,589.000,252.000,39.000,45.000,570.000,251.000,562.000,578.000,25.659,55.478,38.974,0.866667,0.839182,1,568.415,228.177,551.000,207.000,587.000,251.000,37.000,45.000,right,unknown,0,0.000000,,,,,,,0.0,1.000,1.000,0.000000,0.839182,0.839182,,,,,,,,,,,,,,unknown,right,right,0.700000,right,1.570796327,90.000000,1.570796327,90.000000,hidden,rigid_body_plus_parts
106,4.375000,mug,575.857,239.939,mug_body_mask,0,,,sam2_mask_center,1,576.121,239.969,1605.0,557.000,217.000,598.000,264.000,41.000,47.000,576.000,263.000,565.000,587.000,26.528,53.451,41.845,0.872340,0.812052,1,575.857,239.939,557.000,217.000,595.000,263.000,39.000,47.000,right,right,1,0.047647,596.300,241.100,596.000,234.000,597.000,247.000,20.0,0.000,2.000,0.000000,0.812052,0.812052,,,,,,,,,,,,,,right,right,right,0.700000,right,1.542563059,88.382353,1.542563059,88.382353,hidden,rigid_body_plus_parts
107,4.416667,mug,583.344,250.479,mug_body_mask,0,,,sam2_mask_center,1,583.168,250.369,1576.0,564.000,228.000,603.000,275.000,39.000,47.000,581.500,274.000,572.000,591.000,26.244,54.919,40.337,0.829787,0.835712,1,583.344,250.479,565.000,228.000,602.000,274.000,38.000,47.000,right,unknown,0,0.000000,,,,,,,0.0,1.000,0.000,0.000000,0.835712,0.835712,,,,,,,,,,,,,,unknown,right,right,0.700000,right,1.483529864,85.000000,1.483529864,85.000000,hidden,rigid_body_plus_parts
108,4.458333,mug,589.869,261.083,mug_body_mask,0,,,sam2_mask_center,1,589.504,260.824,1489.0,571.000,239.000,609.000,285.000,38.000,46.000,589.000,284.000,580.000,598.000,26.401,58.029,38.513,0.826087,0.806853,1,589.869,261.083,573.000,239.000,607.000,284.000,35.000,46.000,right,left,1,0.089629,571.629,249.943,571.000,240.000,572.000,261.000,35.0,2.000,1.000,0.000000,0.806853,0.806853,,,,,,,,,,,,,,left,right,right,0.700000,right,1.387607424,79.504049,1.387607424,79.504049,hidden,rigid_body_plus_parts
109,4.500000,mug,596.068,271.256,mug_body_mask,0,,,sam2_mask_center,1,595.906,271.102,1449.5,577.000,249.000,615.000,295.000,38.000,46.000,596.000,294.000,590.000,602.000,25.406,52.883,39.548,0.826087,0.807574,1,596.068,271.256,579.000,249.000,613.000,294.000,35.000,46.000,right,left,1,0.050000,577.895,260.632,577.000,253.000,578.000,269.000,19.0,2.000,1.000,0.000000,0.807574,0.807574,,,,,,,,,,,,,,left,right,right,0.700000,right,1.265434376,72.504049,1.265434376,72.504049,hidden,rigid_body_plus_parts
110,4.541667,mug,602.138,281.282,mug_body_mask,0,,,sam2_mask_center,1,602.055,281.230,1477.0,583.000,260.000,621.000,305.000,38.000,45.000,602.500,304.000,595.000,610.000,26.013,55.671,39.088,0.844444,0.834759,1,602.138,281.282,584.000,260.000,620.000,304.000,37.000,45.000,right,unknown,0,0.000000,,,,,,,0.0,1.000,0.000,0.000000,0.834759,0.834759,,,,,,,,,,,,,,unknown,right,right,0.700000,right,1.143261328,65.504049,1.143261328,65.504049,hidden,rigid_body_plus_parts
111,4.583333,mug,608.556,290.452,mug_body_mask,0,,,sam2_mask_center,1,608.383,290.333,1456.0,590.000,269.000,628.000,314.000,38.000,45.000,610.000,313.000,600.000,620.000,26.036,58.336,37.614,0.844444,0.810110,1,608.556,290.452,591.000,269.000,626.000,313.000,36.000,45.000,right,unknown,0,0.000000,,,,,,,0.0,1.000,1.000,0.000000,0.810110,0.810110,,,,,,,,,,,,,,unknown,right,right,0.700000,right,1.040188644,59.598419,1.040188644,59.598419,hidden,rigid_body_plus_parts
112,4.625000,mug,613.484,299.296,mug_body_mask,0,,,sam2_mask_center,1,613.237,299.146,1433.5,594.000,278.000,632.000,323.000,38.000,45.000,613.000,322.000,607.000,619.000,26.105,53.032,39.569,0.844444,0.803846,1,613.484,299.296,596.000,278.000,631.000,322.000,36.000,45.000,right,left,1,0.053156,594.850,287.400,594.000,280.000,595.000,296.000,20.0,2.000,0.000,0.000000,0.803846,0.803846,,,,,,,,,,,,,,left,right,right,0.700000,right,0.959931089,55.000000,0.959931089,55.000000,hidden,rigid_body_plus_parts
113,4.666667,mug,617.924,307.262,mug_body_mask,0,,,sam2_mask_center,1,617.818,306.918,1460.5,599.000,286.000,638.000,331.000,39.000,45.000,618.500,330.000,610.000,627.000,25.698,58.825,38.613,0.866667,0.809996,1,617.924,307.262,601.000,286.000,635.000,330.000,35.000,45.000,right,left,1,0.070496,599.630,295.444,599.000,288.000,600.000,304.000,27.0,2.000,2.000,0.000000,0.809996,0.809996,,,,,,,,,,,,,,left,right,right,0.700000,right,0.895536318,51.310451,0.895536318,51.310451,hidden,rigid_body_plus_parts
114,4.708333,mug,622.695,314.705,mug_body_mask,0,,,sam2_mask_center,1,622.486,314.634,1382.0,605.000,294.000,641.000,338.000,36.000,44.000,618.500,337.000,614.000,623.000,25.112,54.132,38.110,0.818182,0.811564,1,622.695,314.705,606.000,294.000,640.000,337.000,35.000,44.000,right,unknown,0,0.000000,,,,,,,0.0,1.000,0.000,0.000000,0.811564,0.811564,,,,,,,,,,,,,,unknown,right,right,0.700000,right,0.839527514,48.101383,0.839527514,48.101383,hidden,rigid_body_plus_parts
115,4.750000,mug,625.620,321.210,mug_body_mask,0,,,sam2_mask_center,1,625.703,321.152,1465.5,607.000,300.000,645.000,345.000,38.000,45.000,622.000,344.000,617.000,627.000,24.861,54.053,39.615,0.844444,0.829377,1,625.620,321.210,608.000,300.000,643.000,344.000,36.000,45.000,right,unknown,0,0.000000,,,,,,,0.0,1.000,1.000,0.000000,0.829377,0.829377,,,,,,,,,,,,,,unknown,right,right,0.700000,right,0.785398163,45.000000,0.785398163,45.000000,visible,rigid_body_plus_parts
116,4.791667,mug,628.494,327.315,mug_body_mask,0,,,sam2_mask_center,1,628.507,327.199,1454.0,610.000,306.000,648.000,351.000,38.000,45.000,625.000,350.000,621.000,629.000,25.177,53.953,38.921,0.844444,0.795037,1,628.494,327.315,611.000,306.000,646.000,350.000,36.000,45.000,right,unknown,0,0.000000,,,,,,,0.0,1.000,1.000,0.000000,0.795037,0.795037,,,,,,,,,,,,,,unknown,right,right,0.700000,right,0.730378633,41.847613,0.730378633,41.847613,visible,rigid_body_plus_parts
117,4.833333,mug,631.514,332.352,mug_body_mask,0,,,sam2_mask_center,1,631.400,332.351,1378.0,613.000,312.000,650.000,355.000,37.000,43.000,630.500,354.000,622.000,639.000,24.602,50.982,39.216,0.860465,0.813025,1,631.514,332.352,614.000,312.000,649.000,354.000,36.000,43.000,right,unknown,0,0.000000,,,,,,,0.0,1.000,0.000,0.000000,0.813025,0.813025,,,,,,,,,,,,,,unknown,right,right,0.700000,right,0.676297750,38.749007,0.676297750,38.749007,visible,rigid_body_plus_parts
118,4.875000,mug,633.365,337.185,mug_body_mask,0,,,sam2_mask_center,1,633.574,337.049,1365.5,615.000,317.000,653.000,360.000,38.000,43.000,634.000,359.000,625.000,643.000,25.125,65.876,36.345,0.883721,0.769237,1,633.365,337.185,616.000,317.000,650.000,359.000,35.000,43.000,right,right,1,0.052925,651.211,325.000,651.000,318.000,652.000,339.000,19.0,1.000,2.000,0.000000,0.769237,0.769237,,,,,,,,,,,,,,right,right,right,0.700000,right,0.623546693,35.726594,0.623546693,35.726594,visible,rigid_body_plus_parts
119,4.916667,mug,635.585,341.106,mug_body_mask,0,,,sam2_mask_center,1,635.415,341.072,1417.5,616.000,320.000,656.000,365.000,40.000,45.000,641.500,364.000,641.000,642.000,25.225,53.583,40.152,0.888889,0.781104,1,635.585,341.106,618.000,320.000,653.000,364.000,36.000,45.000,right,left,1,0.048387,616.722,341.111,616.000,326.000,617.000,349.000,18.0,2.000,2.000,0.000000,0.781104,0.781104,,,,,,,,,,,,,,left,right,right,0.700000,right,0.572516641,32.802787,0.572516641,32.802787,visible,rigid_body_plus_parts
120,4.958333,mug,637.385,344.373,mug_body_mask,0,,,sam2_mask_center,1,637.252,344.326,1425.5,619.000,324.000,657.000,368.000,38.000,44.000,637.500,367.000,631.000,644.000,25.308,62.848,37.762,0.863636,0.803037,1,637.385,344.373,620.000,324.000,655.000,367.000,36.000,44.000,right,unknown,0,0.000000,,,,,,,0.0,1.000,1.000,0.000000,0.803037,0.803037,,,,,,,,,,,,,,unknown,right,right,0.700000,right,0.523598776,30.000000,0.523598776,30.000000,visible,rigid_body_plus_parts
121,5.000000,mug,639.076,347.900,mug_body_mask,0,,,sam2_mask_center,1,639.063,347.698,1468.0,619.000,327.000,659.000,372.000,40.000,45.000,642.500,371.000,640.000,645.000,25.777,59.806,38.977,0.888889,0.790428,1,639.076,347.900,622.000,327.000,656.000,371.000,35.000,45.000,right,unknown,0,0.000000,,,,,,,0.0,3.000,2.000,0.000000,0.790428,0.790428,,,,,,,,,,,,,,unknown,right,right,0.700000,right,0.474886913,27.209016,0.474886913,27.209016,visible,rigid_body_plus_parts
122,5.041667,mug,640.085,350.216,mug_body_mask,0,,,sam2_mask_center,1,640.303,350.029,1399.0,622.000,329.000,660.000,373.000,38.000,44.000,640.500,372.000,631.000,650.000,25.427,51.424,40.042,0.863636,0.790676,1,640.085,350.216,623.000,329.000,657.000,372.000,35.000,44.000,right,right,1,0.068027,658.200,339.200,658.000,331.000,659.000,350.000,25.0,1.000,2.000,0.000000,0.790676,0.790676,,,,,,,,,,,,,,right,right,right,0.700000,right,0.425544891,24.381926,0.425544891,24.381926,visible,rigid_body_plus_parts
123,5.083333,mug,641.011,351.948,mug_body_mask,0,,,sam2_mask_center,1,640.982,351.895,1465.5,621.000,331.000,661.000,375.000,40.000,44.000,641.500,374.000,632.000,651.000,25.737,54.349,39.626,0.909091,0.795168,1,641.011,351.948,623.000,331.000,659.000,374.000,37.000,44.000,right,unknown,0,0.000000,,,,,,,0.0,2.000,1.000,0.000000,0.795168,0.795168,,,,,,,,,,,,,,unknown,right,right,0.700000,right,0.377568919,21.633106,0.377568919,21.633106,visible,rigid_body_plus_parts
124,5.125000,mug,642.332,354.078,mug_body_mask,0,,,sam2_mask_center,1,642.356,354.042,1425.0,624.000,333.000,662.000,377.000,38.000,44.000,642.000,376.000,632.000,652.000,25.427,49.475,39.832,0.863636,0.796495,1,642.332,354.078,625.000,333.000,660.000,376.000,36.000,44.000,right,unknown,0,0.000000,,,,,,,0.0,1.000,1.000,0.000000,0.796495,0.796495,,,,,,,,,,,,,,unknown,right,right,0.700000,right,0.332955206,19.076928,0.332955206,19.076928,visible,rigid_body_plus_parts
125,5.166667,mug,642.385,355.823,mug_body_mask,0,,,sam2_mask_center,1,642.375,355.724,1480.5,622.000,335.000,663.000,379.000,41.000,44.000,642.000,378.000,632.000,652.000,25.470,59.401,39.113,0.931818,0.815820,1,642.385,355.823,625.000,335.000,660.000,378.000,36.000,44.000,right,unknown,0,0.000000,,,,,,,0.0,3.000,2.000,0.000000,0.815820,0.815820,,,,,,,,,,,,,,unknown,right,right,0.700000,right,0.293699959,16.827768,0.293699959,16.827768,visible,rigid_body_plus_parts
126,5.208333,mug,643.398,357.352,mug_body_mask,0,,,sam2_mask_center,1,643.490,357.287,1447.5,625.000,336.000,663.000,381.000,38.000,45.000,644.000,380.000,637.000,651.000,25.645,52.791,38.451,0.844444,0.815430,1,643.398,357.352,626.000,336.000,661.000,380.000,36.000,45.000,right,unknown,0,0.000000,,,,,,,0.0,1.000,1.000,0.000000,0.815430,0.815430,,,,,,,,,,,,,,unknown,,,0.000000,right,0.261799388,15.000000,0.261799388,15.000000,visible,rigid_body_plus_parts
127,5.250000,mug,644.108,358.611,mug_body_mask,0,,,sam2_mask_center,1,643.943,358.640,1442.5,625.000,337.000,664.000,382.000,39.000,45.000,644.000,381.000,635.000,653.000,25.335,51.746,39.842,0.866667,0.786230,1,644.108,358.611,627.000,337.000,662.000,381.000,36.000,45.000,left,left,1,0.052875,625.700,363.250,625.000,344.000,626.000,370.000,20.0,2.000,1.000,0.000000,0.786230,0.786230,,,,,,,,,,,,,,left,,,0.000000,left,0.236674143,13.560430,0.236674143,13.560430,visible,rigid_body_plus_parts
128,5.291667,mug,644.170,360.033,mug_body_mask,0,,,sam2_mask_center,1,644.190,359.989,1447.0,626.000,339.000,664.000,384.000,38.000,45.000,645.500,383.000,639.000,652.000,25.691,56.303,38.477,0.844444,0.817804,1,644.170,360.033,627.000,339.000,662.000,383.000,36.000,45.000,left,unknown,0,0.000000,,,,,,,0.0,1.000,1.000,0.000000,0.817804,0.817804,,,,,,,,,,,,,,unknown,,,0.000000,left,0.215651404,12.355915,0.215651404,12.355915,visible,rigid_body_plus_parts
129,5.333333,mug,644.182,361.499,mug_body_mask,0,,,sam2_mask_center,1,644.159,361.449,1467.5,625.000,340.000,665.000,386.000,40.000,46.000,647.000,385.000,642.000,652.000,25.739,53.022,38.863,0.869565,0.808656,1,644.182,361.499,627.000,340.000,662.000,385.000,36.000,46.000,left,unknown,0,0.000000,,,,,,,0.0,2.000,2.000,0.000000,0.808656,0.808656,,,,,,,,,,,,,,unknown,,,0.000000,left,0.197587171,11.320911,0.197587171,11.320911,visible,rigid_body_plus_parts
130,5.375000,mug,644.120,362.646,mug_body_mask,0,,,sam2_mask_center,1,643.994,362.608,1480.0,624.000,341.000,665.000,388.000,41.000,47.000,652.000,387.000,652.000,652.000,25.731,53.696,39.267,0.872340,0.791851,1,644.120,362.646,627.000,341.000,662.000,387.000,36.000,47.000,left,left,1,0.092843,625.458,367.500,624.000,361.000,626.000,373.000,24.0,3.000,2.000,0.000000,0.791851,0.791851,,,,,,,,,,,,,,left,,,0.000000,left,0.181337446,10.389870,0.181337446,10.389870,visible,rigid_body_plus_parts
131,5.416667,mug,643.219,363.752,mug_body_mask,0,,,sam2_mask_center,1,643.145,363.688,1513.5,622.000,342.000,664.000,389.000,42.000,47.000,647.500,388.000,647.000,648.000,26.036,55.317,38.911,0.893617,0.786585,1,643.219,363.752,626.000,342.000,661.000,388.000,36.000,47.000,left,unknown,0,0.000000,,,,,,,0.0,4.000,2.000,0.000000,0.786585,0.786585,,,,,,,,,,,,,,unknown,left,left,1.000000,left,0.165758229,9.497247,0.165758229,9.497247,visible,rigid_body_plus_parts
132,5.458333,mug,643.055,364.547,mug_body_mask,0,,,sam2_mask_center,1,642.937,364.515,1511.0,622.000,343.000,664.000,389.000,42.000,46.000,644.500,388.000,637.000,652.000,26.082,57.228,39.100,0.913043,0.796217,1,643.055,364.547,626.000,343.000,661.000,388.000,36.000,46.000,left,left,1,0.151611,624.100,369.767,622.000,363.000,625.000,375.000,30.0,4.000,2.000,0.000000,0.796217,0.796217,,,,,,,,,,,,,,left,left,left,1.000000,left,0.149705521,8.577495,0.149705521,8.577495,visible,rigid_body_plus_parts
133,5.500000,mug,643.031,365.349,mug_body_mask,0,,,sam2_mask_center,1,642.878,365.329,1511.0,622.000,343.000,664.000,390.000,42.000,47.000,645.500,389.000,640.000,651.000,26.096,53.750,38.977,0.893617,0.787742,1,643.031,365.349,626.000,343.000,661.000,389.000,36.000,47.000,left,left,1,0.146557,624.276,370.207,622.000,363.000,625.000,376.000,29.0,4.000,2.000,0.000000,0.787742,0.787742,,,,,,,,,,,,,,left,left,left,1.000000,left,0.132035323,7.565067,0.132035323,7.565067,visible,rigid_body_plus_parts
134,5.541667,mug,642.979,365.362,mug_body_mask,0,,,sam2_mask_center,1,642.684,365.349,1504.5,622.000,343.000,663.000,390.000,41.000,47.000,645.000,389.000,640.000,650.000,26.135,53.652,39.582,0.872340,0.778468,1,642.979,365.362,626.000,343.000,661.000,389.000,36.000,47.000,left,left,1,0.177552,624.257,367.971,622.000,348.000,625.000,376.000,35.0,4.000,1.000,0.000000,0.778468,0.778468,,,,,,,,,,,,,,left,left,left,1.000000,left,0.111603637,6.394417,0.111603637,6.394417,visible,rigid_body_plus_parts
135,5.583333,mug,642.999,365.282,mug_body_mask,0,,,sam2_mask_center,1,642.656,365.275,1516.5,622.000,343.000,663.000,390.000,41.000,47.000,645.500,389.000,640.000,651.000,26.135,53.897,39.514,0.872340,0.784677,1,642.999,365.282,626.000,343.000,661.000,389.000,36.000,47.000,left,left,1,0.191315,624.184,367.711,622.000,348.000,625.000,376.000,38.0,4.000,1.000,0.000000,0.784677,0.784677,,,,,,,,,,,,,,left,left,left,1.000000,left,0.087266463,5.000000,0.087266463,5.000000,visible,rigid_body_plus_parts
136,5.625000,mug,642.834,365.205,mug_body_mask,0,,,sam2_mask_center,1,642.718,365.195,1525.0,622.000,343.000,663.000,390.000,41.000,47.000,645.500,389.000,640.000,651.000,26.096,53.518,39.232,0.872340,0.795041,1,642.834,365.205,625.000,343.000,661.000,389.000,37.000,47.000,left,left,1,0.071384,623.368,371.053,622.000,366.000,624.000,375.000,19.0,3.000,1.000,0.000000,0.795041,0.795041,,,,,,,,,,,,,,left,left,left,1.000000,left,0.054868649,3.143742,0.054868649,3.143742,visible,rigid_body_plus_parts
137,5.666667,mug,642.844,365.220,mug_body_mask,0,,,sam2_mask_center,1,642.728,365.210,1524.0,622.000,343.000,663.000,390.000,41.000,47.000,645.000,389.000,639.000,651.000,26.082,54.156,39.198,0.872340,0.794520,1,642.844,365.220,625.000,343.000,661.000,389.000,37.000,47.000,left,left,1,0.071429,623.368,371.053,622.000,366.000,624.000,375.000,19.0,3.000,1.000,0.000000,0.794520,0.794520,,,,,,,,,,,,,,left,left,left,1.000000,left,0.012808984,0.733901,0.012808984,0.733901,visible,rigid_body_plus_parts
138,5.708333,mug,642.802,365.455,mug_body_mask,0,,,sam2_mask_center,1,642.572,365.533,1512.0,621.000,344.000,663.000,390.000,42.000,46.000,645.000,389.000,638.000,652.000,26.045,60.276,38.671,0.913043,0.788263,1,642.802,365.455,625.000,344.000,661.000,389.000,37.000,46.000,left,left,1,0.106061,623.286,371.619,621.000,366.000,624.000,376.000,21.0,4.000,1.000,0.000000,0.788263,0.788263,,,,,,,,,,,,,,left,left,left,1.000000,left,-0.036225623,-2.075575,-0.036225623,-2.075575,visible,rigid_body_plus_parts
139,5.750000,mug,642.343,365.570,mug_body_mask,0,,,sam2_mask_center,1,642.173,365.575,1520.0,621.000,344.000,663.000,390.000,42.000,46.000,643.500,389.000,636.000,651.000,26.082,59.715,39.044,0.913043,0.780609,1,642.343,365.570,625.000,344.000,660.000,389.000,36.000,46.000,left,left,1,0.140615,622.964,371.571,621.000,366.000,624.000,376.000,28.0,4.000,2.000,0.000000,0.780609,0.780609,,,,,,,,,,,,,,left,left,left,1.000000,left,-0.089548263,-5.130738,-0.089548263,-5.130738,visible,rigid_body_plus_parts
140,5.791667,mug,642.528,366.046,mug_body_mask,0,,,sam2_mask_center,1,642.548,366.024,1473.0,622.000,344.000,662.000,390.000,40.000,46.000,643.500,389.000,635.000,652.000,25.709,53.573,38.727,0.869565,0.788105,1,642.528,366.046,625.000,344.000,660.000,389.000,36.000,46.000,left,unknown,0,0.000000,,,,,,,0.0,3.000,1.000,0.000000,0.788105,0.788105,,,,,,,,,,,,,,unknown,left,left,1.000000,left,-0.144472026,-8.277637,-0.144472026,-8.277637,visible,rigid_body_plus_parts
141,5.833333,mug,642.361,366.014,mug_body_mask,0,,,sam2_mask_center,1,642.126,366.129,1467.5,622.000,344.000,661.000,390.000,39.000,46.000,643.000,389.000,634.000,652.000,25.731,52.900,39.895,0.847826,0.804994,1,642.361,366.014,625.000,344.000,660.000,389.000,36.000,46.000,left,left,1,0.070175,623.222,373.500,622.000,370.000,624.000,377.000,18.0,3.000,0.000,0.000000,0.804994,0.804994,,,,,,,,,,,,,,left,left,left,1.000000,left,-0.198310002,-11.362326,-0.198310002,-11.362326,visible,rigid_body_plus_parts
142,5.875000,mug,641.552,365.962,mug_body_mask,0,,,sam2_mask_center,1,641.366,366.035,1495.0,620.000,344.000,661.000,390.000,41.000,46.000,642.000,389.000,633.000,651.000,25.709,53.046,40.806,0.891304,0.787785,1,641.552,365.962,624.000,344.000,659.000,389.000,36.000,46.000,left,left,1,0.107211,622.095,373.810,620.000,370.000,623.000,378.000,21.0,4.000,1.000,0.000000,0.787785,0.787785,,,,,,,,,,,,,,left,left,left,1.000000,left,-0.248375282,-14.230855,-0.248375282,-14.230855,visible,rigid_body_plus_parts
143,5.916667,mug,641.520,365.928,mug_body_mask,0,,,sam2_mask_center,1,641.218,366.057,1491.0,620.000,344.000,661.000,390.000,41.000,46.000,642.500,389.000,634.000,651.000,25.709,51.354,42.457,0.891304,0.794176,1,641.520,365.928,624.000,344.000,659.000,389.000,36.000,46.000,left,left,1,0.127959,621.840,373.920,620.000,370.000,623.000,378.000,25.0,4.000,1.000,0.000000,0.794176,0.794176,,,,,,,,,,,,,,left,left,left,1.000000,left,-0.291980956,-16.729276,-0.291980956,-16.729276,visible,rigid_body_plus_parts
144,5.958333,mug,641.540,365.968,mug_body_mask,0,,,sam2_mask_center,1,641.237,366.098,1488.0,620.000,344.000,661.000,390.000,41.000,46.000,642.500,389.000,634.000,651.000,25.709,51.234,42.701,0.891304,0.792578,1,641.540,365.968,624.000,344.000,659.000,389.000,36.000,46.000,left,left,1,0.128205,621.840,373.920,620.000,370.000,623.000,378.000,25.0,4.000,1.000,0.000000,0.792578,0.792578,,,,,,,,,,,,,,left,left,left,1.000000,left,-0.326440116,-18.703641,-0.326440116,-18.703641,visible,rigid_body_plus_parts
145,6.000000,mug,641.538,365.927,mug_body_mask,0,,,sam2_mask_center,1,641.307,366.019,1487.5,620.000,344.000,661.000,390.000,41.000,46.000,642.500,389.000,634.000,651.000,25.709,52.530,40.991,0.891304,0.789814,1,641.538,365.927,624.000,344.000,659.000,389.000,36.000,46.000,left,left,1,0.107761,622.048,373.714,620.000,370.000,623.000,378.000,21.0,4.000,1.000,0.000000,0.789814,0.789814,,,,,,,,,,,,,,left,left,left,1.000000,left,-0.349065850,-20.000000,-0.349065850,-20.000000,visible,rigid_body_plus_parts
146,6.041667,mug,641.551,365.918,mug_body_mask,0,,,sam2_mask_center,1,641.337,365.986,1485.0,620.000,344.000,661.000,390.000,41.000,46.000,643.000,389.000,635.000,651.000,25.542,51.272,41.811,0.891304,0.790980,1,641.551,365.918,624.000,344.000,659.000,389.000,36.000,46.000,left,left,1,0.113038,621.955,373.636,620.000,370.000,623.000,378.000,22.0,4.000,1.000,0.000000,0.790980,0.790980,,,,,,,,,,,,,,left,left,left,1.000000,left,-0.363425851,-20.822767,-0.363425851,-20.822767,visible,rigid_body_plus_parts
147,6.083333,mug,641.562,365.923,mug_body_mask,0,,,sam2_mask_center,1,641.371,365.990,1480.5,621.000,344.000,661.000,390.000,40.000,46.000,643.000,389.000,635.000,651.000,25.542,51.593,41.582,0.869565,0.803307,1,641.562,365.923,624.000,344.000,659.000,389.000,36.000,46.000,left,left,1,0.069588,622.222,373.500,621.000,370.000,623.000,377.000,18.0,3.000,1.000,0.000000,0.803307,0.803307,,,,,,,,,,,,,,left,left,left,1.000000,left,-0.375264184,-21.501054,-0.375264184,-21.501054,visible,rigid_body_plus_parts
148,6.125000,mug,642.031,366.169,mug_body_mask,0,,,sam2_mask_center,1,642.032,366.103,1444.0,622.000,345.000,661.000,390.000,39.000,45.000,643.500,389.000,636.000,651.000,25.635,58.254,37.959,0.866667,0.789569,1,642.031,366.169,625.000,345.000,659.000,389.000,35.000,45.000,left,unknown,0,0.000000,,,,,,,0.0,3.000,1.000,0.000000,0.789569,0.789569,,,,,,,,,,,,,,unknown,left,left,1.000000,left,-0.385158505,-22.067957,-0.385158505,-22.067957,visible,rigid_body_plus_parts
149,6.166667,mug,642.057,366.173,mug_body_mask,0,,,sam2_mask_center,1,642.058,366.086,1447.0,622.000,345.000,661.000,390.000,39.000,45.000,644.000,389.000,637.000,651.000,25.628,57.386,38.520,0.866667,0.799928,1,642.057,366.173,625.000,345.000,659.000,389.000,35.000,45.000,left,unknown,0,0.000000,,,,,,,0.0,3.000,1.000,0.000000,0.799928,0.799928,,,,,,,,,,,,,,unknown,left,left,1.000000,left,-0.393686468,-22.556573,-0.393686468,-22.556573,visible,rigid_body_plus_parts
150,6.208333,mug,642.293,365.978,mug_body_mask,0,,,sam2_mask_center,1,642.013,366.026,1458.5,622.000,344.000,661.000,390.000,39.000,46.000,643.500,389.000,636.000,651.000,25.635,52.055,39.426,0.847826,0.791370,1,642.293,365.978,625.000,344.000,660.000,389.000,36.000,46.000,left,left,1,0.086275,623.636,367.409,622.000,351.000,624.000,378.000,22.0,3.000,0.000,0.000000,0.791370,0.791370,,,,,,,,,,,,,,left,left,left,1.000000,left,-0.401425728,-23.000000,-0.401425728,-23.000000,visible,rigid_body_plus_parts
151,6.250000,mug,641.773,366.072,mug_body_mask,0,,,sam2_mask_center,1,641.884,366.000,1463.5,622.000,344.000,661.000,390.000,39.000,46.000,643.000,389.000,635.000,651.000,25.635,53.067,39.131,0.847826,0.794083,1,641.773,366.072,624.000,344.000,659.000,389.000,36.000,46.000,left,unknown,0,0.000000,,,,,,,0.0,2.000,1.000,0.000000,0.794083,0.794083,,,,,,,,,,,,,,unknown,left,left,1.000000,left,-0.408975465,-23.432568,-0.408975465,-23.432568,visible,rigid_body_plus_parts
152,6.291667,mug,642.024,366.054,mug_body_mask,0,,,sam2_mask_center,1,642.015,365.941,1459.0,623.000,344.000,661.000,390.000,38.000,46.000,643.500,389.000,636.000,651.000,25.635,53.075,38.841,0.826087,0.806562,1,642.024,366.054,625.000,344.000,659.000,389.000,35.000,46.000,left,unknown,0,0.000000,,,,,,,0.0,2.000,1.000,0.000000,0.806562,0.806562,,,,,,,,,,,,,,unknown,left,left,1.000000,left,-0.416537218,-23.865825,-0.416537218,-23.865825,visible,rigid_body_plus_parts
153,6.333333,mug,641.329,365.780,mug_body_mask,0,,,sam2_mask_center,1,641.311,365.764,1497.0,621.000,344.000,661.000,390.000,40.000,46.000,643.000,389.000,636.000,650.000,25.542,53.078,39.844,0.869565,0.800946,1,641.329,365.780,623.000,344.000,659.000,389.000,37.000,46.000,left,unknown,0,0.000000,,,,,,,0.0,2.000,1.000,0.000000,0.800946,0.800946,,,,,,,,,,,,,,unknown,left,left,1.000000,left,-0.424092183,-24.298692,-0.424092183,-24.298692,visible,rigid_body_plus_parts
154,6.375000,mug,641.258,365.701,mug_body_mask,0,,,sam2_mask_center,1,641.214,365.694,1503.0,621.000,344.000,661.000,390.000,40.000,46.000,642.500,389.000,635.000,650.000,25.542,51.381,40.563,0.869565,0.804156,1,641.258,365.701,623.000,344.000,659.000,389.000,37.000,46.000,left,unknown,0,0.000000,,,,,,,0.0,2.000,1.000,0.000000,0.804156,0.804156,,,,,,,,,,,,,,unknown,left,left,1.000000,left,-0.431621556,-24.730094,-0.431621556,-24.730094,visible,rigid_body_plus_parts
155,6.416667,mug,641.237,365.694,mug_body_mask,0,,,sam2_mask_center,1,641.151,365.700,1516.0,620.000,344.000,661.000,390.000,41.000,46.000,642.500,389.000,635.000,650.000,25.542,53.846,40.403,0.891304,0.798851,1,641.237,365.694,623.000,344.000,659.000,389.000,37.000,46.000,left,left,1,0.056675,621.200,373.400,620.000,371.000,622.000,376.000,15.0,3.000,1.000,0.000000,0.798851,0.798851,,,,,,,,,,,,,,left,left,left,1.000000,left,-0.439106531,-25.158951,-0.439106531,-25.158951,visible,rigid_body_plus_parts
156,6.458333,mug,641.816,366.061,mug_body_mask,0,,,sam2_mask_center,1,641.938,365.995,1462.5,622.000,344.000,661.000,390.000,39.000,46.000,643.500,389.000,636.000,651.000,25.635,52.823,39.289,0.847826,0.793540,1,641.816,366.061,624.000,344.000,659.000,389.000,36.000,46.000,left,unknown,0,0.000000,,,,,,,0.0,2.000,1.000,0.000000,0.793540,0.793540,,,,,,,,,,,,,,unknown,,,0.000000,left,-0.446528305,-25.584187,-0.446528305,-25.584187,visible,rigid_body_plus_parts
157,6.500000,mug,641.743,365.991,mug_body_mask,0,,,sam2_mask_center,1,641.841,365.938,1458.5,622.000,344.000,661.000,390.000,39.000,46.000,643.000,389.000,636.000,650.000,25.479,52.784,38.772,0.847826,0.791370,1,641.743,365.991,624.000,344.000,659.000,389.000,36.000,46.000,left,unknown,0,0.000000,,,,,,,0.0,2.000,1.000,0.000000,0.791370,0.791370,,,,,,,,,,,,,,unknown,,,0.000000,left,-0.453868071,-26.004725,-0.453868071,-26.004725,visible,rigid_body_plus_parts
158,6.541667,mug,641.733,366.011,mug_body_mask,0,,,sam2_mask_center,1,641.799,365.916,1467.0,622.000,344.000,661.000,390.000,39.000,46.000,643.000,389.000,635.000,651.000,25.695,53.768,39.207,0.847826,0.781392,1,641.733,366.011,624.000,344.000,659.000,389.000,36.000,46.000,left,unknown,0,0.000000,,,,,,,0.0,2.000,1.000,0.000000,0.781392,0.781392,,,,,,,,,,,,,,unknown,,,0.000000,left,-0.461107027,-26.419487,-0.461107027,-26.419487,visible,rigid_body_plus_parts
159,6.583333,mug,641.641,366.074,mug_body_mask,0,,,sam2_mask_center,1,641.661,365.969,1477.5,622.000,345.000,661.000,390.000,39.000,45.000,643.000,389.000,635.000,651.000,25.542,60.745,38.111,0.866667,0.801679,1,641.641,366.074,624.000,345.000,659.000,389.000,36.000,45.000,left,unknown,0,0.000000,,,,,,,0.0,2.000,1.000,0.000000,0.801679,0.801679,,,,,,,,,,,,,,unknown,,,0.000000,left,-0.468226366,-26.827395,-0.468226366,-26.827395,visible,rigid_body_plus_parts
160,6.625000,mug,641.635,365.973,mug_body_mask,0,,,sam2_mask_center,1,641.655,365.868,1481.5,622.000,344.000,661.000,390.000,39.000,46.000,643.000,389.000,636.000,650.000,25.542,53.584,38.727,0.847826,0.795169,1,641.635,365.973,624.000,344.000,659.000,389.000,36.000,46.000,left,unknown,0,0.000000,,,,,,,0.0,2.000,1.000,0.000000,0.795169,0.795169,,,,,,,,,,,,,,unknown,,,0.000000,left,-0.475207285,-27.227372,-0.475207285,-27.227372,visible,rigid_body_plus_parts
161,6.666667,mug,641.526,365.892,mug_body_mask,0,,,sam2_mask_center,1,641.304,365.926,1454.0,621.000,345.000,661.000,390.000,40.000,45.000,643.000,389.000,638.000,648.000,25.484,56.118,39.750,0.888889,0.786419,1,641.526,365.892,624.000,345.000,659.000,389.000,36.000,45.000,left,left,1,0.074754,622.579,368.000,621.000,351.000,623.000,377.000,19.0,3.000,1.000,0.000000,0.786419,0.786419,,,,,,,,,,,,,,left,,,0.000000,left,-0.482030978,-27.618341,-0.482030978,-27.618341,visible,rigid_body_plus_parts
162,6.708333,mug,641.565,365.972,mug_body_mask,0,,,sam2_mask_center,1,641.449,365.916,1495.0,620.000,344.000,661.000,390.000,41.000,46.000,643.000,389.000,636.000,650.000,25.542,51.618,40.570,0.891304,0.787785,1,641.565,365.972,624.000,344.000,659.000,389.000,36.000,46.000,left,left,1,0.137843,622.259,368.815,620.000,351.000,623.000,377.000,27.0,4.000,1.000,0.000000,0.787785,0.787785,,,,,,,,,,,,,,left,,,0.000000,left,-0.488678642,-27.999224,-0.488678642,-27.999224,visible,rigid_body_plus_parts
163,6.750000,mug,641.287,366.006,mug_body_mask,0,,,sam2_mask_center,1,641.277,365.985,1504.5,619.000,344.000,661.000,390.000,42.000,46.000,643.000,389.000,636.000,650.000,25.575,52.078,40.945,0.913043,0.778468,1,641.287,366.006,623.000,344.000,659.000,389.000,37.000,46.000,left,unknown,0,0.000000,,,,,,,0.0,4.000,1.000,0.000000,0.778468,0.778468,,,,,,,,,,,,,,unknown,,,0.000000,left,-0.495131470,-28.368944,-0.495131470,-28.368944,visible,rigid_body_plus_parts
164,6.791667,mug,641.182,365.970,mug_body_mask,0,,,sam2_mask_center,1,641.128,365.946,1517.0,618.000,344.000,661.000,390.000,43.000,46.000,643.000,389.000,636.000,650.000,25.577,51.670,41.554,0.934783,0.762823,1,641.182,365.970,623.000,344.000,659.000,389.000,37.000,46.000,left,unknown,0,0.000000,,,,,,,0.0,5.000,1.000,0.000000,0.762823,0.762823,,,,,,,,,,,,,,unknown,,,0.000000,left,-0.501370660,-28.726423,-0.501370660,-28.726423,visible,rigid_body_plus_parts
165,6.833333,mug,641.153,366.001,mug_body_mask,0,,,sam2_mask_center,1,640.930,366.000,1531.0,617.000,345.000,661.000,390.000,44.000,45.000,643.000,389.000,636.000,650.000,25.731,54.034,41.958,0.977778,0.769863,1,641.153,366.001,623.000,345.000,659.000,389.000,37.000,45.000,left,left,1,0.254364,620.853,370.412,617.000,352.000,622.000,377.000,34.0,6.000,1.000,0.000000,0.769863,0.769863,,,,,,,,,,,,,,left,,,0.000000,left,-0.507377405,-29.070584,-0.507377405,-29.070584,visible,rigid_body_plus_parts
166,6.875000,mug,640.948,365.998,mug_body_mask,0,,,sam2_mask_center,1,640.908,365.976,1536.0,617.000,345.000,661.000,390.000,44.000,45.000,643.500,389.000,637.000,650.000,25.731,53.695,42.302,0.977778,0.780536,1,640.948,365.998,622.000,345.000,659.000,389.000,38.000,45.000,left,unknown,0,0.000000,,,,,,,0.0,5.000,1.000,0.000000,0.780536,0.780536,,,,,,,,,,,,,,unknown,,,0.000000,left,-0.513132902,-29.400350,-0.513132902,-29.400350,visible,rigid_body_plus_parts
167,6.916667,mug,640.949,366.008,mug_body_mask,0,,,sam2_mask_center,1,640.849,365.999,1536.5,617.000,345.000,661.000,390.000,44.000,45.000,643.500,389.000,637.000,650.000,25.731,53.849,42.089,0.977778,0.786640,1,640.949,366.008,622.000,345.000,659.000,389.000,38.000,45.000,left,left,1,0.142946,619.913,371.870,617.000,368.000,621.000,376.000,23.0,5.000,1.000,0.000000,0.786640,0.786640,,,,,,,,,,,,,,left,,,0.000000,left,-0.518618345,-29.714642,-0.518618345,-29.714642,visible,rigid_body_plus_parts
168,6.958333,mug,640.969,366.025,mug_body_mask,0,,,sam2_mask_center,1,640.820,366.024,1544.0,617.000,345.000,661.000,390.000,44.000,45.000,643.500,389.000,637.000,650.000,25.731,52.364,43.065,0.977778,0.784602,1,640.969,366.025,622.000,345.000,659.000,389.000,38.000,45.000,left,left,1,0.166976,619.778,371.556,617.000,367.000,621.000,376.000,27.0,5.000,1.000,0.000000,0.784602,0.784602,,,,,,,,,,,,,,left,,,0.000000,left,-0.523814931,-30.012385,-0.523814931,-30.012385,visible,rigid_body_plus_parts
169,7.000000,mug,640.986,366.061,mug_body_mask,0,,,sam2_mask_center,1,640.873,366.053,1538.5,617.000,345.000,661.000,390.000,44.000,45.000,643.000,389.000,636.000,650.000,25.731,53.717,41.996,0.977778,0.787664,1,640.986,366.061,622.000,345.000,659.000,389.000,38.000,45.000,left,left,1,0.148976,619.958,371.667,617.000,367.000,621.000,376.000,24.0,5.000,1.000,0.000000,0.787664,0.787664,,,,,,,,,,,,,,left,,,0.000000,left,-0.528703853,-30.292499,-0.528703853,-30.292499,visible,rigid_body_plus_parts
170,7.041667,mug,641.247,365.928,mug_body_mask,0,,,sam2_mask_center,1,640.875,366.048,1547.0,617.000,345.000,661.000,390.000,44.000,45.000,643.000,389.000,636.000,650.000,25.962,53.887,42.546,0.977778,0.786126,1,641.247,365.928,622.000,345.000,660.000,389.000,39.000,45.000,left,left,1,0.166667,620.000,371.148,617.000,366.000,621.000,376.000,27.0,5.000,0.000,0.000000,0.786126,0.786126,,,,,,,,,,,,,,left,,,0.000000,left,-0.533266309,-30.553909,-0.533266309,-30.553909,visible,rigid_body_plus_parts
171,7.083333,mug,641.237,365.917,mug_body_mask,0,,,sam2_mask_center,1,640.796,366.045,1553.0,617.000,345.000,661.000,390.000,44.000,45.000,643.000,389.000,636.000,650.000,25.962,53.273,42.976,0.977778,0.789175,1,641.237,365.917,622.000,345.000,660.000,389.000,39.000,45.000,left,left,1,0.196802,619.812,370.750,617.000,365.000,621.000,376.000,32.0,5.000,0.000,0.000000,0.789175,0.789175,,,,,,,,,,,,,,left,,,0.000000,left,-0.537483492,-30.795536,-0.537483492,-30.795536,visible,rigid_body_plus_parts
172,7.125000,mug,641.258,365.955,mug_body_mask,0,,,sam2_mask_center,1,640.822,366.076,1551.5,617.000,345.000,661.000,390.000,44.000,45.000,643.000,389.000,636.000,650.000,25.731,52.389,43.258,0.977778,0.794320,1,641.258,365.955,622.000,345.000,660.000,389.000,39.000,45.000,left,left,1,0.197044,619.812,370.750,617.000,365.000,621.000,376.000,32.0,5.000,0.000,0.000000,0.794320,0.794320,,,,,,,,,,,,,,left,,,0.000000,left,-0.541336599,-31.016302,-0.541336599,-31.016302,visible,rigid_body_plus_parts
173,7.166667,mug,640.976,366.071,mug_body_mask,0,,,sam2_mask_center,1,640.752,366.076,1549.5,617.000,345.000,661.000,390.000,44.000,45.000,643.000,389.000,636.000,650.000,25.731,52.369,43.149,0.977778,0.793296,1,640.976,366.071,622.000,345.000,659.000,389.000,38.000,45.000,left,left,1,0.203453,619.758,370.818,617.000,365.000,621.000,376.000,33.0,5.000,1.000,0.000000,0.793296,0.793296,,,,,,,,,,,,,,left,,,0.000000,left,-0.544806824,-31.215132,-0.544806824,-31.215132,visible,rigid_body_plus_parts
174,7.208333,mug,640.975,366.053,mug_body_mask,0,,,sam2_mask_center,1,640.726,366.059,1547.5,617.000,345.000,661.000,390.000,44.000,45.000,643.000,389.000,636.000,650.000,25.731,51.968,43.400,0.977778,0.800717,1,640.975,366.053,622.000,345.000,659.000,389.000,38.000,45.000,left,left,1,0.209877,619.765,370.676,617.000,365.000,621.000,376.000,34.0,5.000,1.000,0.000000,0.800717,0.800717,,,,,,,,,,,,,,left,,,0.000000,left,-0.547875364,-31.390946,-0.547875364,-31.390946,visible,rigid_body_plus_parts
175,7.250000,mug,640.975,366.056,mug_body_mask,0,,,sam2_mask_center,1,640.712,366.061,1550.5,617.000,345.000,661.000,390.000,44.000,45.000,643.000,389.000,636.000,650.000,25.731,51.821,43.403,0.977778,0.802270,1,640.975,366.056,622.000,345.000,659.000,389.000,38.000,45.000,left,left,1,0.215650,619.743,370.457,617.000,365.000,621.000,376.000,35.0,5.000,1.000,0.000000,0.802270,0.802270,,,,,,,,,,,,,,left,,,0.000000,left,-0.550523412,-31.542668,-0.550523412,-31.542668,visible,rigid_body_plus_parts
176,7.291667,mug,640.917,366.051,mug_body_mask,0,,,sam2_mask_center,1,640.660,366.052,1560.0,617.000,345.000,661.000,390.000,44.000,45.000,643.000,389.000,636.000,650.000,25.962,52.720,43.488,0.977778,0.792732,1,640.917,366.051,622.000,345.000,659.000,389.000,38.000,45.000,left,left,1,0.226577,619.730,370.351,617.000,364.000,621.000,376.000,37.0,5.000,1.000,0.000000,0.792732,0.792732,,,,,,,,,,,,,,left,,,0.000000,left,-0.552732166,-31.669220,-0.552732166,-31.669220,visible,rigid_body_plus_parts
177,7.333333,mug,640.905,366.029,mug_body_mask,0,,,sam2_mask_center,1,640.611,366.041,1557.0,617.000,345.000,661.000,390.000,44.000,45.000,643.000,389.000,636.000,650.000,25.731,52.817,42.466,0.977778,0.803130,1,640.905,366.029,622.000,345.000,659.000,389.000,38.000,45.000,left,left,1,0.227133,619.757,370.486,617.000,364.000,621.000,376.000,37.0,5.000,1.000,0.000000,0.803130,0.803130,,,,,,,,,,,,,,left,,,0.000000,left,-0.554482819,-31.769525,-0.554482819,-31.769525,visible,rigid_body_plus_parts
178,7.375000,mug,640.864,365.994,mug_body_mask,0,,,sam2_mask_center,1,640.505,366.016,1560.0,617.000,345.000,661.000,390.000,44.000,45.000,643.000,389.000,636.000,650.000,25.731,53.465,41.629,0.977778,0.796203,1,640.864,365.994,622.000,345.000,659.000,389.000,38.000,45.000,left,left,1,0.245098,619.650,370.300,617.000,364.000,621.000,376.000,40.0,5.000,1.000,0.000000,0.796203,0.796203,,,,,,,,,,,,,,left,,,0.000000,left,-0.555756567,-31.842506,-0.555756567,-31.842506,visible,rigid_body_plus_parts
179,7.416667,mug,640.864,365.994,mug_body_mask,0,,,sam2_mask_center,1,640.559,366.011,1558.0,617.000,345.000,661.000,390.000,44.000,45.000,643.000,389.000,636.000,650.000,25.731,53.720,41.473,0.977778,0.795182,1,640.864,365.994,622.000,345.000,659.000,389.000,38.000,45.000,left,left,1,0.226994,619.757,370.486,617.000,364.000,621.000,376.000,37.0,5.000,1.000,0.000000,0.795182,0.795182,,,,,,,,,,,,,,left,,,0.000000,left,-0.556534607,-31.887084,-0.556534607,-31.887084,visible,rigid_body_plus_parts
180,7.458333,mug,640.864,365.994,mug_body_mask,0,,,sam2_mask_center,1,640.547,366.013,1557.0,617.000,345.000,661.000,390.000,44.000,45.000,643.000,389.000,636.000,650.000,25.731,53.672,41.480,0.977778,0.794672,1,640.864,365.994,622.000,345.000,659.000,389.000,38.000,45.000,left,left,1,0.227133,619.757,370.486,617.000,364.000,621.000,376.000,37.0,5.000,1.000,0.000000,0.794672,0.794672,,,,,,,,,,,,,,left,,,0.000000,left,-0.556798132,-31.902183,-0.556798132,-31.902183,visible,rigid_body_plus_parts
181,7.500000,mug,640.877,365.990,mug_body_mask,0,,,sam2_mask_center,1,640.715,365.988,1551.0,617.000,345.000,661.000,390.000,44.000,45.000,643.000,389.000,636.000,650.000,25.962,54.178,42.799,0.977778,0.776545,1,640.877,365.990,622.000,345.000,659.000,389.000,38.000,45.000,left,left,1,0.184615,619.867,371.000,617.000,365.000,621.000,376.000,30.0,5.000,1.000,0.000000,0.776545,0.776545,,,,,,,,,,,,,,left,,,0.000000,left,-0.556798119,-31.902182,-0.556798119,-31.902182,visible,rigid_body_plus_parts
182,7.541667,mug,640.862,365.994,mug_body_mask,0,,,sam2_mask_center,1,640.675,366.006,1555.0,617.000,345.000,661.000,390.000,44.000,45.000,643.000,389.000,636.000,650.000,25.825,54.113,42.043,0.977778,0.790191,1,640.862,365.994,622.000,345.000,659.000,389.000,38.000,45.000,left,left,1,0.190418,619.839,371.097,617.000,365.000,621.000,376.000,31.0,5.000,1.000,0.000000,0.790191,0.790191,,,,,,,,,,,,,,left,,,0.000000,left,-0.556798030,-31.902177,-0.556798030,-31.902177,visible,rigid_body_plus_parts
183,7.583333,mug,640.859,366.009,mug_body_mask,0,,,sam2_mask_center,1,640.658,366.020,1557.0,617.000,345.000,661.000,390.000,44.000,45.000,642.500,389.000,635.000,650.000,25.825,53.920,42.235,0.977778,0.791208,1,640.859,366.009,622.000,345.000,659.000,389.000,38.000,45.000,left,left,1,0.196319,619.844,370.938,617.000,365.000,621.000,376.000,32.0,5.000,1.000,0.000000,0.791208,0.791208,,,,,,,,,,,,,,left,,,0.000000,left,-0.556797788,-31.902163,-0.556797788,-31.902163,visible,rigid_body_plus_parts
184,7.625000,mug,640.863,365.995,mug_body_mask,0,,,sam2_mask_center,1,640.633,366.006,1561.0,617.000,344.000,661.000,390.000,44.000,46.000,642.500,389.000,635.000,650.000,25.962,51.540,42.686,0.956522,0.784948,1,640.863,365.995,622.000,344.000,659.000,389.000,38.000,46.000,left,left,1,0.208078,619.765,370.853,617.000,365.000,621.000,376.000,34.0,5.000,1.000,0.000000,0.784948,0.784948,,,,,,,,,,,,,,left,,,0.000000,left,-0.556797317,-31.902136,-0.556797317,-31.902136,visible,rigid_body_plus_parts
185,7.666667,mug,640.836,365.980,mug_body_mask,0,,,sam2_mask_center,1,640.576,365.985,1563.5,617.000,345.000,661.000,390.000,44.000,45.000,643.000,389.000,636.000,650.000,25.962,54.236,42.374,0.977778,0.800463,1,640.836,365.980,622.000,345.000,659.000,389.000,38.000,45.000,left,left,1,0.220049,619.778,370.583,617.000,364.000,621.000,376.000,36.0,5.000,1.000,0.000000,0.800463,0.800463,,,,,,,,,,,,,,left,,,0.000000,left,-0.556796540,-31.902092,-0.556796540,-31.902092,visible,rigid_body_plus_parts
186,7.708333,mug,640.828,365.961,mug_body_mask,0,,,sam2_mask_center,1,640.615,365.960,1564.0,617.000,344.000,661.000,390.000,44.000,46.000,643.000,389.000,636.000,650.000,25.962,50.680,43.476,0.956522,0.794765,1,640.828,365.961,622.000,344.000,659.000,389.000,38.000,46.000,left,left,1,0.207697,619.853,370.676,617.000,364.000,621.000,376.000,34.0,5.000,1.000,0.000000,0.794765,0.794765,,,,,,,,,,,,,,left,,,0.000000,left,-0.556795381,-31.902025,-0.556795381,-31.902025,visible,rigid_body_plus_parts
187,7.750000,mug,640.803,365.972,mug_body_mask,0,,,sam2_mask_center,1,640.566,365.982,1564.0,617.000,345.000,661.000,390.000,44.000,45.000,643.000,389.000,636.000,650.000,25.825,53.325,42.820,0.977778,0.803205,1,640.803,365.972,622.000,345.000,659.000,389.000,38.000,45.000,left,left,1,0.213806,619.886,370.457,617.000,363.000,621.000,376.000,35.0,5.000,1.000,0.000000,0.803205,0.803205,,,,,,,,,,,,,,left,,,0.000000,left,-0.556793764,-31.901933,-0.556793764,-31.901933,visible,rigid_body_plus_parts
188,7.791667,mug,640.617,366.001,mug_body_mask,0,,,sam2_mask_center,1,640.531,365.985,1568.5,617.000,345.000,661.000,390.000,44.000,45.000,643.000,389.000,636.000,650.000,25.825,53.679,42.581,0.977778,0.811583,1,640.617,366.001,621.000,345.000,659.000,389.000,39.000,45.000,left,unknown,0,0.000000,,,,,,,0.0,4.000,1.000,0.000000,0.811583,0.811583,,,,,,,,,,,,,,unknown,,,0.000000,left,-0.556791611,-31.901809,-0.556791611,-31.901809,visible,rigid_body_plus_parts
189,7.833333,mug,640.620,365.986,mug_body_mask,0,,,sam2_mask_center,1,640.541,365.964,1567.0,617.000,345.000,661.000,390.000,44.000,45.000,643.500,389.000,637.000,650.000,25.825,52.819,43.269,0.977778,0.804746,1,640.620,365.986,621.000,345.000,659.000,389.000,39.000,45.000,left,unknown,0,0.000000,,,,,,,0.0,4.000,1.000,0.000000,0.804746,0.804746,,,,,,,,,,,,,,unknown,,,0.000000,left,-0.556788848,-31.901651,-0.556788848,-31.901651,visible,rigid_body_plus_parts
190,7.875000,mug,640.600,365.950,mug_body_mask,0,,,sam2_mask_center,1,640.468,365.937,1572.0,616.000,344.000,661.000,390.000,45.000,46.000,643.000,389.000,637.000,649.000,26.099,50.130,43.134,0.978261,0.790480,1,640.600,365.950,621.000,344.000,659.000,389.000,39.000,46.000,left,left,1,0.158055,619.000,370.577,616.000,365.000,620.000,375.000,26.0,5.000,1.000,0.000000,0.790480,0.790480,,,,,,,,,,,,,,left,,,0.000000,left,-0.556785396,-31.901453,-0.556785396,-31.901453,visible,rigid_body_plus_parts
191,7.916667,mug,640.596,365.919,mug_body_mask,0,,,sam2_mask_center,1,640.425,365.911,1576.0,616.000,344.000,661.000,390.000,45.000,46.000,643.000,389.000,637.000,649.000,26.099,49.763,43.757,0.978261,0.792491,1,640.596,365.919,621.000,344.000,659.000,389.000,39.000,46.000,left,left,1,0.169800,618.893,370.500,616.000,365.000,620.000,375.000,28.0,5.000,1.000,0.000000,0.792491,0.792491,,,,,,,,,,,,,,left,,,0.000000,left,-0.556781181,-31.901212,-0.556781181,-31.901212,visible,rigid_body_plus_parts
192,7.958333,mug,640.580,365.971,mug_body_mask,0,,,sam2_mask_center,1,640.347,365.980,1565.0,616.000,345.000,661.000,390.000,45.000,45.000,643.000,389.000,637.000,649.000,26.099,52.287,42.750,1.000000,0.786960,1,640.580,365.971,621.000,345.000,659.000,389.000,39.000,45.000,left,left,1,0.170940,618.893,370.500,616.000,365.000,620.000,375.000,28.0,5.000,1.000,0.000000,0.786960,0.786960,,,,,,,,,,,,,,left,,,0.000000,left,-0.556776125,-31.900922,-0.556776125,-31.900922,visible,rigid_body_plus_parts
193,8.000000,mug,640.575,365.933,mug_body_mask,0,,,sam2_mask_center,1,640.435,365.930,1555.5,617.000,344.000,661.000,390.000,44.000,46.000,643.500,389.000,638.000,649.000,25.825,50.298,42.997,0.956522,0.776418,1,640.575,365.933,621.000,344.000,659.000,389.000,39.000,46.000,left,left,1,0.098220,619.150,370.950,617.000,366.000,620.000,375.000,20.0,4.000,1.000,0.000000,0.776418,0.776418,,,,,,,,,,,,,,left,,,0.000000,left,-0.556770152,-31.900580,-0.556770152,-31.900580,visible,rigid_body_plus_parts
194,8.041667,mug,640.569,365.961,mug_body_mask,0,,,sam2_mask_center,1,640.322,365.980,1559.5,617.000,345.000,661.000,390.000,44.000,45.000,643.000,389.000,637.000,649.000,25.825,52.948,42.964,0.977778,0.806926,1,640.569,365.961,621.000,345.000,659.000,389.000,39.000,45.000,left,left,1,0.122549,619.120,370.520,617.000,365.000,620.000,375.000,25.0,4.000,1.000,0.000000,0.806926,0.806926,,,,,,,,,,,,,,left,,,0.000000,left,-0.556763186,-31.900181,-0.556763186,-31.900181,visible,rigid_body_plus_parts
195,8.083333,mug,640.571,365.947,mug_body_mask,0,,,sam2_mask_center,1,640.366,365.954,1555.5,617.000,345.000,661.000,390.000,44.000,45.000,643.500,389.000,638.000,649.000,25.825,52.203,43.588,0.977778,0.792890,1,640.571,365.947,621.000,345.000,659.000,389.000,39.000,45.000,left,left,1,0.112953,619.174,370.391,617.000,365.000,620.000,375.000,23.0,4.000,1.000,0.000000,0.792890,0.792890,,,,,,,,,,,,,,left,,,0.000000,left,-0.556755149,-31.899720,-0.556755149,-31.899720,visible,rigid_body_plus_parts
196,8.125000,mug,640.575,365.933,mug_body_mask,0,,,sam2_mask_center,1,640.388,365.938,1559.0,617.000,344.000,661.000,390.000,44.000,46.000,643.500,389.000,638.000,649.000,25.825,50.492,42.721,0.956522,0.783942,1,640.575,365.933,621.000,344.000,659.000,389.000,39.000,46.000,left,left,1,0.112745,619.174,370.696,617.000,365.000,620.000,375.000,23.0,4.000,1.000,0.000000,0.783942,0.783942,,,,,,,,,,,,,,left,,,0.000000,left,-0.556745967,-31.899194,-0.556745967,-31.899194,visible,rigid_body_plus_parts
197,8.166667,mug,640.385,365.940,mug_body_mask,0,,,sam2_mask_center,1,640.360,365.890,1507.0,617.000,345.000,661.000,390.000,44.000,45.000,643.000,389.000,639.000,647.000,25.772,52.664,42.830,0.977778,0.773932,1,640.385,365.940,622.000,345.000,658.000,389.000,37.000,45.000,left,unknown,0,0.000000,,,,,,,0.0,5.000,2.000,0.000000,0.773932,0.773932,,,,,,,,,,,,,,unknown,,,0.000000,left,-0.556735562,-31.898598,-0.556735562,-31.898598,visible,rigid_body_plus_parts
198,8.208333,mug,640.771,365.918,mug_body_mask,0,,,sam2_mask_center,1,640.453,365.952,1547.0,617.000,345.000,661.000,390.000,44.000,45.000,643.500,389.000,638.000,649.000,25.825,52.871,42.996,0.977778,0.794475,1,640.771,365.918,622.000,345.000,659.000,389.000,38.000,45.000,left,left,1,0.197531,620.031,370.375,617.000,363.000,621.000,376.000,32.0,5.000,1.000,0.000000,0.794475,0.794475,,,,,,,,,,,,,,left,,,0.000000,left,-0.556723858,-31.897927,-0.556723858,-31.897927,visible,rigid_body_plus_parts
199,8.250000,mug,640.595,365.959,mug_body_mask,0,,,sam2_mask_center,1,640.451,365.962,1549.0,617.000,345.000,661.000,390.000,44.000,45.000,643.500,389.000,638.000,649.000,25.825,52.829,42.986,0.977778,0.795502,1,640.595,365.959,621.000,345.000,659.000,389.000,39.000,45.000,left,left,1,0.088779,619.278,371.056,617.000,366.000,620.000,375.000,18.0,4.000,1.000,0.000000,0.795502,0.795502,,,,,,,,,,,,,,left,,,0.000000,left,-0.556710779,-31.897178,-0.556710779,-31.897178,visible,rigid_body_plus_parts
200,8.291667,mug,640.579,365.923,mug_body_mask,0,,,sam2_mask_center,1,640.435,365.925,1548.0,617.000,344.000,661.000,390.000,44.000,46.000,643.500,389.000,638.000,649.000,25.825,50.113,43.374,0.956522,0.786634,1,640.579,365.923,621.000,344.000,659.000,389.000,39.000,46.000,left,left,1,0.088834,619.278,371.056,617.000,366.000,620.000,375.000,18.0,4.000,1.000,0.000000,0.786634,0.786634,,,,,,,,,,,,,,left,,,0.000000,left,-0.556696247,-31.896345,-0.556696247,-31.896345,visible,rigid_body_plus_parts
201,8.333333,mug,640.592,365.922,mug_body_mask,0,,,sam2_mask_center,1,640.428,365.932,1553.5,617.000,344.000,661.000,390.000,44.000,46.000,643.500,389.000,638.000,649.000,25.825,50.307,42.929,0.956522,0.795343,1,640.592,365.922,621.000,344.000,659.000,389.000,39.000,46.000,left,left,1,0.093481,619.263,371.211,617.000,366.000,620.000,375.000,19.0,4.000,1.000,0.000000,0.795343,0.795343,,,,,,,,,,,,,,left,,,0.000000,left,-0.556680188,-31.895425,-0.556680188,-31.895425,visible,rigid_body_plus_parts
202,8.375000,mug,640.585,365.947,mug_body_mask,0,,,sam2_mask_center,1,640.420,365.957,1549.5,617.000,345.000,661.000,390.000,44.000,45.000,643.500,389.000,638.000,649.000,25.825,53.902,42.143,0.977778,0.801752,1,640.585,365.947,621.000,345.000,659.000,389.000,39.000,45.000,left,left,1,0.093711,619.263,371.211,617.000,366.000,620.000,375.000,19.0,4.000,1.000,0.000000,0.801752,0.801752,,,,,,,,,,,,,,left,,,0.000000,left,-0.556662524,-31.894413,-0.556662524,-31.894413,visible,rigid_body_plus_parts
203,8.416667,mug,640.585,365.947,mug_body_mask,0,,,sam2_mask_center,1,640.454,365.949,1547.0,617.000,345.000,661.000,390.000,44.000,45.000,643.500,389.000,638.000,649.000,25.825,52.821,43.027,0.977778,0.794475,1,640.585,365.947,621.000,345.000,659.000,389.000,39.000,45.000,left,left,1,0.083951,619.235,371.353,617.000,367.000,620.000,375.000,17.0,4.000,1.000,0.000000,0.794475,0.794475,,,,,,,,,,,,,,left,,,0.000000,left,-0.556643178,-31.893305,-0.556643178,-31.893305,visible,rigid_body_plus_parts
204,8.458333,mug,640.583,365.956,mug_body_mask,0,,,sam2_mask_center,1,640.418,365.966,1551.5,617.000,345.000,661.000,390.000,44.000,45.000,643.500,389.000,638.000,649.000,25.825,53.839,42.155,0.977778,0.802787,1,640.583,365.956,621.000,345.000,659.000,389.000,39.000,45.000,left,left,1,0.093596,619.263,371.211,617.000,366.000,620.000,375.000,19.0,4.000,1.000,0.000000,0.802787,0.802787,,,,,,,,,,,,,,left,,,0.000000,left,-0.556622075,-31.892096,-0.556622075,-31.892096,visible,rigid_body_plus_parts
205,8.500000,mug,640.559,365.943,mug_body_mask,0,,,sam2_mask_center,1,640.361,365.964,1554.0,617.000,345.000,661.000,390.000,44.000,45.000,643.500,389.000,638.000,649.000,25.825,52.447,43.419,0.977778,0.798070,1,640.559,365.943,621.000,345.000,659.000,389.000,39.000,45.000,left,left,1,0.103258,619.143,371.095,617.000,366.000,620.000,375.000,21.0,4.000,1.000,0.000000,0.798070,0.798070,,,,,,,,,,,,,,left,,,0.000000,left,-0.556599139,-31.890782,-0.556599139,-31.890782,visible,rigid_body_plus_parts
206,8.541667,mug,640.525,365.899,mug_body_mask,0,,,sam2_mask_center,1,640.313,365.912,1554.0,617.000,345.000,661.000,390.000,44.000,45.000,643.500,389.000,638.000,649.000,25.825,52.599,43.122,0.977778,0.789683,1,640.525,365.899,621.000,345.000,659.000,389.000,39.000,45.000,left,left,1,0.113092,619.174,370.696,617.000,365.000,620.000,375.000,23.0,4.000,1.000,0.000000,0.789683,0.789683,,,,,,,,,,,,,,left,,,0.000000,left,-0.556574292,-31.889358,-0.556574292,-31.889358,visible,rigid_body_plus_parts
207,8.583333,mug,640.549,365.933,mug_body_mask,0,,,sam2_mask_center,1,640.337,365.947,1554.0,617.000,345.000,661.000,390.000,44.000,45.000,643.500,389.000,638.000,649.000,25.825,52.250,43.250,0.977778,0.798070,1,640.549,365.933,621.000,345.000,659.000,389.000,39.000,45.000,left,left,1,0.113092,619.174,370.696,617.000,365.000,620.000,375.000,23.0,4.000,1.000,0.000000,0.798070,0.798070,,,,,,,,,,,,,,left,,,0.000000,left,-0.556547458,-31.887820,-0.556547458,-31.887820,visible,rigid_body_plus_parts
208,8.625000,mug,640.523,365.904,mug_body_mask,0,,,sam2_mask_center,1,640.298,365.918,1555.0,617.000,345.000,661.000,390.000,44.000,45.000,643.500,389.000,638.000,649.000,25.825,52.336,43.124,0.977778,0.790191,1,640.523,365.904,621.000,345.000,659.000,389.000,39.000,45.000,left,left,1,0.117936,619.167,370.542,617.000,365.000,620.000,375.000,24.0,4.000,1.000,0.000000,0.790191,0.790191,,,,,,,,,,,,,,left,,,0.000000,left,-0.556518561,-31.886165,-0.556518561,-31.886165,visible,rigid_body_plus_parts
209,8.666667,mug,640.176,365.941,mug_body_mask,0,,,sam2_mask_center,1,640.225,365.872,1507.0,617.000,345.000,661.000,390.000,44.000,45.000,643.500,389.000,640.000,647.000,25.772,52.788,42.406,0.977778,0.773932,1,640.176,365.941,621.000,345.000,658.000,389.000,38.000,45.000,right,right,1,0.048101,659.053,354.105,659.000,346.000,660.000,363.000,19.0,4.000,2.000,0.000000,0.773932,0.773932,,,,,,,,,,,,,,right,,,0.000000,right,-0.556487524,-31.884386,-0.556487524,-31.884386,visible,rigid_body_plus_parts
210,8.708333,mug,640.466,365.883,mug_body_mask,0,,,sam2_mask_center,1,640.205,365.919,1557.0,617.000,345.000,661.000,390.000,44.000,45.000,643.500,389.000,638.000,649.000,25.825,52.705,43.312,0.977778,0.791208,1,640.466,365.883,621.000,345.000,659.000,389.000,39.000,45.000,left,left,1,0.117791,619.167,370.542,617.000,365.000,620.000,375.000,24.0,4.000,1.000,0.000000,0.791208,0.791208,,,,,,,,,,,,,,left,,,0.000000,left,-0.556454272,-31.882481,-0.556454272,-31.882481,visible,rigid_body_plus_parts
211,8.750000,mug,640.455,365.891,mug_body_mask,0,,,sam2_mask_center,1,640.173,365.922,1561.5,617.000,345.000,661.000,390.000,44.000,45.000,643.500,389.000,638.000,649.000,25.825,53.012,42.993,0.977778,0.799439,1,640.455,365.891,621.000,345.000,659.000,389.000,39.000,45.000,left,left,1,0.127295,619.154,370.269,617.000,364.000,620.000,375.000,26.0,4.000,1.000,0.000000,0.799439,0.799439,,,,,,,,,,,,,,left,,,0.000000,left,-0.556418727,-31.880445,-0.556418727,-31.880445,visible,rigid_body_plus_parts
212,8.791667,mug,640.152,365.902,mug_body_mask,0,,,sam2_mask_center,1,640.111,365.853,1510.5,617.000,345.000,661.000,390.000,44.000,45.000,643.000,389.000,640.000,646.000,25.589,52.874,42.649,0.977778,0.781572,1,640.152,365.902,621.000,345.000,658.000,389.000,38.000,45.000,left,unknown,0,0.000000,,,,,,,0.0,4.000,2.000,0.000000,0.781572,0.781572,,,,,,,,,,,,,,unknown,,,0.000000,left,-0.556380813,-31.878272,-0.556380813,-31.878272,visible,rigid_body_plus_parts
213,8.833333,mug,640.533,365.950,mug_body_mask,0,,,sam2_mask_center,1,640.236,365.990,1553.5,617.000,345.000,661.000,390.000,44.000,45.000,643.500,389.000,638.000,649.000,25.825,52.258,43.293,0.977778,0.803822,1,640.533,365.950,621.000,345.000,659.000,389.000,39.000,45.000,left,left,1,0.127921,619.154,370.269,617.000,364.000,620.000,375.000,26.0,4.000,1.000,0.000000,0.803822,0.803822,,,,,,,,,,,,,,left,,,0.000000,left,-0.556340454,-31.875960,-0.556340454,-31.875960,visible,rigid_body_plus_parts
214,8.875000,mug,640.153,365.900,mug_body_mask,0,,,sam2_mask_center,1,640.141,365.841,1506.5,617.000,345.000,661.000,390.000,44.000,45.000,643.000,389.000,640.000,646.000,25.589,53.155,42.176,0.977778,0.779503,1,640.153,365.900,621.000,345.000,658.000,389.000,38.000,45.000,left,unknown,0,0.000000,,,,,,,0.0,4.000,2.000,0.000000,0.779503,0.779503,,,,,,,,,,,,,,unknown,,,0.000000,left,-0.556297573,-31.873503,-0.556297573,-31.873503,visible,rigid_body_plus_parts
215,8.916667,mug,640.556,365.945,mug_body_mask,0,,,sam2_mask_center,1,640.259,365.986,1551.5,617.000,345.000,661.000,390.000,44.000,45.000,643.500,389.000,638.000,649.000,25.825,52.271,43.247,0.977778,0.802787,1,640.556,365.945,621.000,345.000,659.000,389.000,39.000,45.000,left,left,1,0.128079,619.154,370.269,617.000,364.000,620.000,375.000,26.0,4.000,1.000,0.000000,0.802787,0.802787,,,,,,,,,,,,,,left,,,0.000000,left,-0.556252094,-31.870897,-0.556252094,-31.870897,visible,rigid_body_plus_parts
216,8.958333,mug,640.544,365.942,mug_body_mask,0,,,sam2_mask_center,1,640.218,365.977,1556.5,617.000,345.000,661.000,390.000,44.000,45.000,643.500,389.000,638.000,649.000,25.825,51.840,43.515,0.977778,0.805374,1,640.544,365.942,621.000,345.000,659.000,389.000,39.000,45.000,left,left,1,0.142419,619.069,370.000,617.000,364.000,620.000,375.000,29.0,4.000,1.000,0.000000,0.805374,0.805374,,,,,,,,,,,,,,left,,,0.000000,left,-0.556203941,-31.868138,-0.556203941,-31.868138,visible,rigid_body_plus_parts
217,9.000000,mug,640.533,365.950,mug_body_mask,0,,,sam2_mask_center,1,640.158,365.992,1561.0,616.000,345.000,661.000,390.000,45.000,45.000,643.500,389.000,638.000,649.000,26.099,51.130,44.323,1.000000,0.793240,1,640.533,365.950,621.000,345.000,659.000,389.000,39.000,45.000,left,left,1,0.201958,618.879,369.939,616.000,363.000,620.000,375.000,33.0,5.000,1.000,0.000000,0.793240,0.793240,,,,,,,,,,,,,,left,,,0.000000,left,-0.556153037,-31.865222,-0.556153037,-31.865222,visible,rigid_body_plus_parts
218,9.041667,mug,640.533,365.935,mug_body_mask,0,,,sam2_mask_center,1,640.131,365.986,1559.0,616.000,345.000,661.000,390.000,45.000,45.000,643.500,389.000,638.000,649.000,26.099,51.058,44.470,1.000000,0.792224,1,640.533,365.935,621.000,345.000,659.000,389.000,39.000,45.000,left,left,1,0.208333,618.853,369.853,616.000,363.000,620.000,375.000,34.0,5.000,1.000,0.000000,0.792224,0.792224,,,,,,,,,,,,,,left,,,0.000000,left,-0.556099306,-31.862143,-0.556099306,-31.862143,visible,rigid_body_plus_parts
219,9.083333,mug,640.531,365.934,mug_body_mask,0,,,sam2_mask_center,1,640.117,365.983,1562.0,616.000,345.000,661.000,390.000,45.000,45.000,643.500,389.000,638.000,649.000,26.099,51.118,44.408,1.000000,0.785451,1,640.531,365.934,621.000,345.000,659.000,389.000,39.000,45.000,left,left,1,0.214067,618.857,369.714,616.000,363.000,620.000,375.000,35.0,5.000,1.000,0.000000,0.785451,0.785451,,,,,,,,,,,,,,left,,,0.000000,left,-0.556042671,-31.858898,-0.556042671,-31.858898,visible,rigid_body_plus_parts
220,9.125000,mug,640.520,365.927,mug_body_mask,0,,,sam2_mask_center,1,640.106,365.977,1561.0,616.000,345.000,661.000,390.000,45.000,45.000,643.500,389.000,638.000,649.000,26.099,51.212,44.292,1.000000,0.784948,1,640.520,365.927,621.000,345.000,659.000,389.000,39.000,45.000,left,left,1,0.214198,618.857,369.714,616.000,363.000,620.000,375.000,35.0,5.000,1.000,0.000000,0.784948,0.784948,,,,,,,,,,,,,,left,,,0.000000,left,-0.555983055,-31.855483,-0.555983055,-31.855483,visible,rigid_body_plus_parts
221,9.166667,mug,640.294,365.937,mug_body_mask,0,,,sam2_mask_center,1,639.991,365.963,1572.0,616.000,345.000,661.000,390.000,45.000,45.000,643.500,389.000,638.000,649.000,26.099,51.126,44.371,1.000000,0.790480,1,640.294,365.937,620.000,345.000,659.000,389.000,40.000,45.000,left,left,1,0.126444,618.115,369.615,616.000,364.000,619.000,374.000,26.0,4.000,1.000,0.000000,0.790480,0.790480,,,,,,,,,,,,,,left,,,0.000000,left,-0.555920384,-31.851892,-0.555920384,-31.851892,visible,rigid_body_plus_parts
222,9.208333,mug,640.211,365.922,mug_body_mask,0,,,sam2_mask_center,1,639.881,365.951,1581.0,616.000,345.000,661.000,390.000,45.000,45.000,643.500,389.000,638.000,649.000,26.099,50.897,45.119,1.000000,0.803404,1,640.211,365.922,620.000,345.000,659.000,389.000,40.000,45.000,left,left,1,0.135429,618.000,369.571,616.000,364.000,619.000,374.000,28.0,4.000,1.000,0.000000,0.803404,0.803404,,,,,,,,,,,,,,left,,,0.000000,left,-0.555854579,-31.848121,-0.555854579,-31.848121,visible,rigid_body_plus_parts
223,9.250000,mug,640.221,365.932,mug_body_mask,0,,,sam2_mask_center,1,639.865,365.959,1584.0,616.000,345.000,661.000,390.000,45.000,45.000,643.500,389.000,638.000,649.000,26.099,50.848,45.214,1.000000,0.804928,1,640.221,365.932,620.000,345.000,659.000,389.000,40.000,45.000,left,left,1,0.144840,618.033,369.200,616.000,363.000,619.000,374.000,30.0,4.000,1.000,0.000000,0.804928,0.804928,,,,,,,,,,,,,,left,,,0.000000,left,-0.555785565,-31.844167,-0.555785565,-31.844167,visible,rigid_body_plus_parts
224,9.291667,mug,640.199,365.928,mug_body_mask,0,,,sam2_mask_center,1,639.800,365.969,1585.0,616.000,345.000,661.000,390.000,45.000,45.000,643.500,389.000,638.000,649.000,26.099,51.004,45.188,1.000000,0.805436,1,640.199,365.928,620.000,345.000,659.000,389.000,40.000,45.000,left,left,1,0.154403,617.906,369.219,616.000,363.000,619.000,374.000,32.0,4.000,1.000,0.000000,0.805436,0.805436,,,,,,,,,,,,,,left,,,0.000000,left,-0.555713265,-31.840025,-0.555713265,-31.840025,visible,rigid_body_plus_parts
225,9.333333,mug,639.933,365.904,mug_body_mask,0,,,sam2_mask_center,1,639.598,365.928,1600.5,615.000,345.000,661.000,390.000,46.000,45.000,643.500,389.000,638.000,649.000,26.174,50.489,46.016,1.022222,0.790602,1,639.933,365.904,619.000,345.000,659.000,389.000,41.000,45.000,left,left,1,0.129032,616.963,368.852,615.000,364.000,618.000,373.000,27.0,4.000,1.000,0.000000,0.790602,0.790602,,,,,,,,,,,,,,left,,,0.000000,left,-0.555637603,-31.835690,-0.555637603,-31.835690,visible,rigid_body_plus_parts
226,9.375000,mug,639.924,365.892,mug_body_mask,0,,,sam2_mask_center,1,639.589,365.916,1601.5,615.000,345.000,661.000,390.000,46.000,45.000,643.500,389.000,638.000,649.000,26.174,50.672,45.986,1.022222,0.791096,1,639.924,365.892,619.000,345.000,659.000,389.000,41.000,45.000,left,left,1,0.128955,616.963,368.852,615.000,364.000,618.000,373.000,27.0,4.000,1.000,0.000000,0.791096,0.791096,,,,,,,,,,,,,,left,,,0.000000,left,-0.555558502,-31.831157,-0.555558502,-31.831157,visible,rigid_body_plus_parts
227,9.416667,mug,639.863,365.861,mug_body_mask,0,,,sam2_mask_center,1,639.481,365.883,1610.0,615.000,345.000,661.000,390.000,46.000,45.000,643.500,389.000,638.000,649.000,26.226,50.527,46.314,1.022222,0.809588,1,639.863,365.861,619.000,345.000,659.000,389.000,41.000,45.000,left,left,1,0.142602,616.933,368.533,615.000,363.000,618.000,373.000,30.0,4.000,1.000,0.000000,0.809588,0.809588,,,,,,,,,,,,,,left,,,0.000000,left,-0.555475887,-31.826424,-0.555475887,-31.826424,visible,rigid_body_plus_parts
228,9.458333,mug,639.863,365.861,mug_body_mask,0,,,sam2_mask_center,1,639.493,365.874,1611.0,615.000,345.000,661.000,390.000,46.000,45.000,643.500,389.000,638.000,649.000,26.226,50.460,46.205,1.022222,0.810091,1,639.863,365.861,619.000,345.000,659.000,389.000,41.000,45.000,left,left,1,0.142518,616.933,368.533,615.000,363.000,618.000,373.000,30.0,4.000,1.000,0.000000,0.810091,0.810091,,,,,,,,,,,,,,left,,,0.000000,left,-0.555389680,-31.821485,-0.555389680,-31.821485,visible,rigid_body_plus_parts
229,9.500000,mug,639.936,365.900,mug_body_mask,0,,,sam2_mask_center,1,639.564,365.914,1605.0,615.000,345.000,661.000,390.000,46.000,45.000,643.500,389.000,638.000,649.000,26.226,50.689,45.819,1.022222,0.798681,1,639.936,365.900,619.000,345.000,659.000,389.000,41.000,45.000,left,left,1,0.143027,616.933,368.533,615.000,363.000,618.000,373.000,30.0,4.000,1.000,0.000000,0.798681,0.798681,,,,,,,,,,,,,,left,,,0.000000,left,-0.555299805,-31.816335,-0.555299805,-31.816335,visible,rigid_body_plus_parts
230,9.541667,mug,639.886,365.879,mug_body_mask,0,,,sam2_mask_center,1,639.471,365.895,1616.0,615.000,345.000,661.000,390.000,46.000,45.000,643.500,389.000,638.000,649.000,26.293,50.310,46.297,1.022222,0.812605,1,639.886,365.879,619.000,345.000,659.000,389.000,41.000,45.000,left,left,1,0.161042,616.824,368.559,615.000,363.000,618.000,374.000,34.0,4.000,1.000,0.000000,0.812605,0.812605,,,,,,,,,,,,,,left,,,0.000000,left,-0.555206186,-31.810971,-0.555206186,-31.810971,visible,rigid_body_plus_parts
231,9.583333,mug,639.861,365.867,mug_body_mask,0,,,sam2_mask_center,1,639.398,365.879,1621.5,614.000,345.000,661.000,390.000,47.000,45.000,643.500,389.000,638.000,649.000,26.513,49.933,46.834,1.044444,0.812873,1,639.861,365.867,619.000,345.000,659.000,389.000,41.000,45.000,left,left,1,0.218418,616.784,368.216,614.000,362.000,618.000,374.000,37.0,5.000,1.000,0.000000,0.812873,0.812873,,,,,,,,,,,,,,left,,,0.000000,left,-0.555108746,-31.805388,-0.555108746,-31.805388,visible,rigid_body_plus_parts
232,9.625000,mug,639.873,365.872,mug_body_mask,0,,,sam2_mask_center,1,639.387,365.885,1624.0,614.000,345.000,661.000,390.000,47.000,45.000,643.500,389.000,638.000,649.000,26.551,49.548,47.432,1.044444,0.808136,1,639.873,365.872,619.000,345.000,659.000,389.000,41.000,45.000,left,left,1,0.229817,616.641,368.154,614.000,362.000,618.000,374.000,39.0,5.000,1.000,0.000000,0.808136,0.808136,,,,,,,,,,,,,,left,,,0.000000,left,-0.555007409,-31.799582,-0.555007409,-31.799582,visible,rigid_body_plus_parts
233,9.666667,mug,639.884,365.886,mug_body_mask,0,,,sam2_mask_center,1,639.452,365.884,1619.0,614.000,345.000,661.000,390.000,47.000,45.000,643.500,389.000,638.000,649.000,26.513,49.827,46.557,1.044444,0.805647,1,639.884,365.886,619.000,345.000,659.000,389.000,41.000,45.000,left,left,1,0.212766,616.750,368.056,614.000,362.000,618.000,373.000,36.0,5.000,1.000,0.000000,0.805647,0.805647,,,,,,,,,,,,,,left,,,0.000000,left,-0.554902098,-31.793548,-0.554902098,-31.793548,visible,rigid_body_plus_parts
234,9.708333,mug,639.862,365.868,mug_body_mask,0,,,sam2_mask_center,1,639.395,365.874,1619.5,614.000,345.000,661.000,390.000,47.000,45.000,643.500,389.000,638.000,649.000,26.551,49.553,47.051,1.044444,0.799987,1,639.862,365.868,619.000,345.000,659.000,389.000,41.000,45.000,left,left,1,0.224454,616.605,368.000,614.000,362.000,618.000,373.000,38.0,5.000,1.000,0.000000,0.799987,0.799987,,,,,,,,,,,,,,left,,,0.000000,left,-0.554792738,-31.787282,-0.554792738,-31.787282,visible,rigid_body_plus_parts
235,9.750000,mug,639.845,365.845,mug_body_mask,0,,,sam2_mask_center,1,639.329,365.863,1625.0,614.000,345.000,661.000,390.000,47.000,45.000,643.500,389.000,638.000,649.000,26.604,49.927,47.035,1.044444,0.808633,1,639.845,365.845,619.000,345.000,659.000,389.000,41.000,45.000,left,left,1,0.241461,616.537,368.244,614.000,362.000,618.000,374.000,41.0,5.000,1.000,0.000000,0.808633,0.808633,,,,,,,,,,,,,,left,,,0.000000,left,-0.554679251,-31.780780,-0.554679251,-31.780780,visible,rigid_body_plus_parts
236,9.791667,mug,639.845,365.845,mug_body_mask,0,,,sam2_mask_center,1,639.298,365.864,1627.0,613.000,345.000,661.000,390.000,48.000,45.000,643.500,389.000,638.000,649.000,26.906,49.664,47.467,1.066667,0.801253,1,639.845,365.845,619.000,345.000,659.000,389.000,41.000,45.000,left,left,1,0.303529,616.419,368.140,613.000,362.000,618.000,374.000,43.0,6.000,1.000,0.000000,0.801253,0.801253,,,,,,,,,,,,,,left,,,0.000000,left,-0.554561562,-31.774037,-0.554561562,-31.774037,visible,rigid_body_plus_parts
237,9.833333,mug,639.886,365.883,mug_body_mask,0,,,sam2_mask_center,1,639.346,365.903,1622.5,614.000,345.000,661.000,390.000,47.000,45.000,643.500,389.000,638.000,649.000,26.604,49.706,46.868,1.044444,0.793208,1,639.886,365.883,619.000,345.000,659.000,389.000,41.000,45.000,left,left,1,0.253538,616.465,368.256,614.000,362.000,618.000,374.000,43.0,5.000,1.000,0.000000,0.793208,0.793208,,,,,,,,,,,,,,left,,,0.000000,left,-0.554439593,-31.767049,-0.554439593,-31.767049,visible,rigid_body_plus_parts
238,9.875000,mug,639.898,365.889,mug_body_mask,0,,,sam2_mask_center,1,639.345,365.917,1620.5,614.000,345.000,661.000,390.000,47.000,45.000,643.500,389.000,638.000,649.000,26.604,49.845,46.809,1.044444,0.792230,1,639.898,365.889,619.000,345.000,659.000,389.000,41.000,45.000,left,left,1,0.253837,616.465,368.256,614.000,362.000,618.000,374.000,43.0,5.000,1.000,0.000000,0.792230,0.792230,,,,,,,,,,,,,,left,,,0.000000,left,-0.554313269,-31.759811,-0.554313269,-31.759811,visible,rigid_body_plus_parts
239,9.916667,mug,639.862,365.877,mug_body_mask,0,,,sam2_mask_center,1,639.251,365.911,1628.5,613.000,345.000,661.000,390.000,48.000,45.000,643.500,389.000,638.000,649.000,26.906,50.297,47.135,1.066667,0.796141,1,639.862,365.877,619.000,345.000,659.000,389.000,41.000,45.000,left,left,1,0.331375,616.319,368.277,613.000,362.000,618.000,374.000,47.0,6.000,1.000,0.000000,0.796141,0.796141,,,,,,,,,,,,,,left,,,0.000000,left,-0.554182513,-31.752319,-0.554182513,-31.752319,visible,rigid_body_plus_parts
240,9.958333,mug,639.868,365.890,mug_body_mask,0,,,sam2_mask_center,1,639.271,365.925,1626.5,613.000,345.000,661.000,390.000,48.000,45.000,643.500,389.000,638.000,649.000,26.906,50.057,47.281,1.066667,0.795164,1,639.868,365.890,619.000,345.000,659.000,389.000,41.000,45.000,left,left,1,0.324706,616.326,368.370,613.000,362.000,618.000,374.000,46.0,6.000,1.000,0.000000,0.795164,0.795164,,,,,,,,,,,,,,left,,,0.000000,left,-0.554047249,-31.744569,-0.554047249,-31.744569,visible,rigid_body_plus_parts
