factor_id,residual_index,value,squared_error
point_reprojection:measurement_ir,0,0.0012802701310192788,1.6390916083801212e-06
point_reprojection:measurement_ir,1,-0.053595390730879447,0.0028724659075956387
point_reprojection:measurement_ir,2,0.00057259271188740972,3.278624137065782e-07
point_reprojection:measurement_ir,3,0.032802919580194614,0.0010760315329847153
point_reprojection:measurement_ir,4,-0.0069030652234459925,4.7652309479149471e-05
point_reprojection:measurement_ir,5,0.016760951633114019,0.00028092949964758748
point_reprojection:measurement_ir,6,0.0072523902900229588,5.2597164918819294e-05
point_reprojection:measurement_ir,7,-0.007948601652867638,6.3180268235970153e-05
point_reprojection:measurement_ir,8,0.0017370279075521466,3.0172659516149888e-06
point_reprojection:measurement_ir,9,0.011026516117988194,0.00012158405770025344
point_reprojection:measurement_ir,10,-0.0087605290289502584,7.6746868867080158e-05
point_reprojection:measurement_ir,11,-0.0010685649626452688,1.1418310793930847e-06
point_reprojection:measurement_ir,12,0.015571146425736515,0.00024246060101172705
point_reprojection:measurement_ir,13,-0.010458418892142163,0.00010937852572351611
point_reprojection:measurement_ir,14,-0.024611500830087608,0.00060572597310940305
point_reprojection:measurement_ir,15,-0.0044171223734906558,1.9510970062391723e-05
point_reprojection:measurement_ir,16,-0.0055284186446669988,3.0563412710701699e-05
point_reprojection:measurement_ir,17,0.083275934016364767,0.0069348811862979384
point_reprojection:measurement_ir,18,0.051410126533505719,0.0026430011101910688
point_reprojection:measurement_ir,19,0.18356224130346846,0.033695096432352779
point_reprojection:measurement_ir,20,-0.056651352367703113,0.003209375725089661
point_reprojection:measurement_ir,21,-0.56491659310986508,0.31913075717085687
point_reprojection:measurement_ir,22,0.037597143362472704,0.0014135451890183253
point_reprojection:measurement_ir,23,0.21430094846730299,0.045924896513985652
point_reprojection:measurement_ir,24,-0.0082461589968488621,6.7999138201311435e-05
point_reprojection:measurement_ir,25,0.027358144025902219,0.00074846804454200926
point_reprojection:measurement_ir,26,-0.017668284763090014,0.00031216828646963874
point_reprojection:measurement_ir,27,0.024530464673546248,0.00060174369710010048
point_reprojection:measurement_ir,28,-0.067549704694965837,0.0045629626043770894
point_reprojection:measurement_ir,29,0.066161887665089125,0.0043773953794078724
point_reprojection:measurement_ir,30,0.11361528914360405,0.012908433927184753
point_reprojection:measurement_ir,31,-0.033244374581829564,0.0011051884413369956
point_reprojection:measurement_ir,32,0.047001581432527931,0.0022091486571585543
point_reprojection:measurement_ir,33,-0.1668572886339689,0.027841354770279606
point_reprojection:measurement_ir,34,-0.074447131817737502,0.0055423754358875834
point_reprojection:measurement_ir,35,0.093226521749329549,0.0086911843574782148
point_reprojection:measurement_ir,36,-0.0077813968606733393,6.0550137103296904e-05
point_reprojection:measurement_ir,37,0.03014627912781407,0.00090879814525207821
point_reprojection:measurement_ir,38,-0.012794433287058381,0.00016369752313698753
point_reprojection:measurement_ir,39,0.0043102321046262658,1.8578100795750968e-05
point_reprojection:measurement_ir,40,0.018321337149632199,0.00033567139495049289
point_reprojection:measurement_ir,41,-0.0065692918260310765,4.3155595095558717e-05
point_reprojection:measurement_ir,42,0.00054892186929009765,3.0131521858493503e-07
point_reprojection:measurement_ir,43,-0.0033835971883092951,1.1448729932734567e-05
point_reprojection:measurement_ir,44,0.030431329964244469,0.00092606584339272329
point_reprojection:measurement_ir,45,0.038463300380698229,0.0014794254761758205
point_reprojection:measurement_ir,46,-0.049749232870158269,0.0024749861711692361
point_reprojection:measurement_ir,47,-0.017424207317378659,0.00030360300063899201
point_reprojection:measurement_ir,48,-0.0069491717301616521,4.8290987735277887e-05
point_reprojection:measurement_ir,49,-0.067425290421056161,0.0045461697883637676
point_reprojection:measurement_ir,50,0.011443423793298279,0.00013095194811302518
point_reprojection:measurement_ir,51,0.027907058424710841,0.00077880390992022435
point_reprojection:measurement_ir,52,0.015100939164130977,0.00022803836363878476
point_reprojection:measurement_ir,53,0.022197272502199893,0.00049271890653691949
point_reprojection:measurement_ir,54,-0.02053721687423149,0.00042177727693921865
point_reprojection:measurement_ir,55,-0.0061130487741138497,3.7369365314694843e-05
point_reprojection:measurement_ir,56,0.028629103993080208,0.00081962559544660114
point_reprojection:measurement_ir,57,0.018111960491307855,0.0003280431128386967
point_reprojection:measurement_ir,58,-0.0076978326447715521,5.9256627426910587e-05
point_reprojection:measurement_ir,59,-0.031497238633227197,0.00099207604151845983
point_reprojection:measurement_ir,60,0.0024687550441740312,6.0947514681347225e-06
point_reprojection:measurement_ir,61,-0.018514952830599896,0.00034280347831933908
point_reprojection:measurement_ir,62,-0.022278950606619219,0.00049635164013217884
point_reprojection:measurement_ir,63,0.059433142545867665,0.003532298432877425
point_reprojection:measurement_ir,64,0.02558346971334231,0.00065451392257350328
point_reprojection:measurement_ir,65,0.0079579483101042577,6.3328941306291215e-05
point_reprojection:measurement_ir,66,-0.006826381928772207,4.659949023746776e-05
point_reprojection:measurement_ir,67,-0.16443627298813226,0.027039287874227557
point_reprojection:measurement_ir,68,-0.024563417357330763,0.00060336147227041815
point_reprojection:measurement_ir,69,0.36265613924001627,0.13151947532847408
point_reprojection:measurement_ir,70,0.025330542753658848,0.00064163639619493873
point_reprojection:measurement_ir,71,-0.45852697232480749,0.21024698434935477
point_reprojection:measurement_ir,72,0.00020780342117632244,4.3182261852584053e-08
point_reprojection:measurement_ir,73,0.42942905419669158,0.18440931258826507
point_reprojection:measurement_ir,74,0.0058423897200555073,3.413351764101027e-05
point_reprojection:measurement_ir,75,-0.33559083189670674,0.11262120645312368
point_reprojection:measurement_ir,76,-0.0095682614598445077,9.1551627363945751e-05
point_reprojection:measurement_ir,77,0.14440811114975532,0.020853702565840088
point_reprojection:measurement_ir,78,-0.0029967085284397397,8.9802620044234708e-06
point_reprojection:measurement_ir,79,-0.016419803729490923,0.00026960995451500401
point_reprojection:measurement_ir,80,0.0035932280505903691,1.2911287823549464e-05
point_reprojection:measurement_ir,81,-0.0004151647665025848,1.7236178334514575e-07
point_reprojection:measurement_ir,82,7.6902732280359482e-05,5.9140302321846445e-09
point_reprojection:measurement_ir,83,-0.0041937136040814949,1.7587233793058202e-05
point_reprojection:measurement_ir,84,-0.0010573336058996574,1.117954354164772e-06
point_reprojection:measurement_ir,85,0.0069890641141341801,4.8847017191478189e-05
point_reprojection:measurement_ir,86,-0.0015067508435549827,2.2702981045536516e-06
point_reprojection:measurement_ir,87,-0.00066733400395833085,4.4533467283905753e-07
point_reprojection:measurement_ir,88,-0.042186155859144495,0.0017796717461720313
point_reprojection:measurement_ir,89,0.037442636051139289,0.0014019509944580755
point_reprojection:measurement_ir,90,0.0090624500368448931,8.2128000670310009e-05
point_reprojection:measurement_ir,91,0.0099000638394841182,9.8011264025861023e-05
point_reprojection:measurement_ir,92,0.1295219064868661,0.016775924259992487
point_reprojection:measurement_ir,93,-0.11133351931426887,0.012395152522900679
point_reprojection:measurement_ir,94,-0.11503685540239986,0.013233478100872654
point_reprojection:measurement_ir,95,0.039720559585623504,0.0015777228537950671
point_reprojection:measurement_ir,96,0.044289911411465252,0.00196159625283544
point_reprojection:measurement_ir,97,0.0083006691300965933,6.8901108007338529e-05
point_reprojection:measurement_ir,98,-0.023182307374668198,0.00053741937521359557
point_reprojection:measurement_ir,99,0.012894189223391094,0.00016626011572861503
point_reprojection:measurement_ir,100,0.0056881482349581351,3.2355030342857348e-05
point_reprojection:measurement_ir,101,0.0066438767281169929,4.4141097978414556e-05
point_reprojection:measurement_ir,102,0.068153145501514703,0.0046448512417506336
point_reprojection:measurement_ir,103,0.07221268810643551,0.0052146723235573329
point_reprojection:measurement_ir,104,-0.1252267226787353,0.015681732072856877
point_reprojection:measurement_ir,105,-0.098677785235361165,0.0097373052989560612
point_reprojection:measurement_ir,106,-0.0013191212867923242,1.7400809692686371e-06
point_reprojection:measurement_ir,107,-0.062191180786032876,0.0038677429675610248
point_reprojection:measurement_ir,108,0.048640999732651832,0.0023659468549918354
point_reprojection:measurement_ir,109,0.082603061688371324,0.0068232658002928782
point_reprojection:measurement_ir,110,0.00029759328294858277,8.8561762056115251e-08
point_reprojection:measurement_ir,111,0.0083103551630813403,6.9062002936552691e-05
point_reprojection:measurement_ir,112,0.0049320877157924773,2.4325489236271058e-05
point_reprojection:measurement_ir,113,-0.0091110186274420361,8.3010660429595756e-05
point_reprojection:measurement_ir,114,-0.0040950732479132059,1.6769624905774413e-05
point_reprojection:measurement_ir,115,-0.0046859141826985249,2.1957791727615183e-05
point_reprojection:measurement_ir,116,-0.012177225129516956,0.00014828481185493925
point_reprojection:measurement_ir,117,0.0057061263042214707,3.255987739972818e-05
point_reprojection:measurement_ir,118,0.019216466208536075,0.00036927257354380883
point_reprojection:measurement_ir,119,5.5602788086162037e-05,3.0916700429546429e-09
point_reprojection:measurement_ir,120,-0.0082150815957447772,6.7487565624744551e-05
point_reprojection:measurement_ir,121,0.0056081247998918116,3.145106377116157e-05
point_reprojection:measurement_ir,122,0.007340725231574652,5.3886246925476728e-05
point_reprojection:measurement_ir,123,-0.0011031925101633532,1.2170337144805202e-06
point_reprojection:measurement_ir,124,-0.031171744551988921,0.000971677658414451
point_reprojection:measurement_ir,125,0.04027200985348145,0.001621834777638907
point_reprojection:measurement_ir,126,0.023530138645287479,0.00055366742466645129
point_reprojection:measurement_ir,127,0.15677636627035554,0.024578829020936676
point_reprojection:measurement_ir,128,0.0018856968236605099,3.5558525107633359e-06
point_reprojection:measurement_ir,129,-0.21366512985962344,0.045652787717929744
point_reprojection:measurement_ir,130,0.027411765447459401,0.00075140488494652904
point_reprojection:measurement_ir,131,-0.20079012766063897,0.040316675365975697
point_reprojection:measurement_ir,132,-0.029586882880039411,0.00087538363855716925
point_reprojection:measurement_ir,133,0.16015582499511538,0.025649888279866025
point_reprojection:measurement_ir,134,0.016730939482408759,0.00027992433596402426
point_reprojection:measurement_ir,135,0.057288529115146501,0.0032819755681769884
point_reprojection:measurement_ir,136,-0.011719330337132305,0.00013734270355082959
point_reprojection:measurement_ir,137,-0.0052525847238712228,2.7589646281445328e-05
point_reprojection:measurement_ir,138,-0.0032319723189175422,1.0445645070249235e-05
point_reprojection:measurement_ir,139,-0.0044849470007989108,2.0114749599975144e-05
point_reprojection:measurement_ir,140,-0.0066311386811776177,4.3972000209010033e-05
point_reprojection:measurement_ir,141,0.002334989725682135,5.4521770190411326e-06
point_reprojection:measurement_ir,142,-0.042196944054308003,0.0017805820875223994
point_reprojection:measurement_ir,143,0.066894338579322726,0.0044748525339650645
point_reprojection:measurement_ir,144,0.030957966081246013,0.00095839566388757861
point_reprojection:measurement_ir,145,0.0030053065803940628,9.0318676421598555e-06
point_reprojection:measurement_ir,146,-0.032066327266761618,0.0010282493443790597
point_reprojection:measurement_ir,147,-0.043834526164368982,0.0019214656840547488
point_reprojection:measurement_ir,148,0.097235099381009604,0.009454664551634814
point_reprojection:measurement_ir,149,-0.11357361262585072,0.012898965484886799
point_reprojection:measurement_ir,150,0.027597311647537027,0.00076161161017128289
point_reprojection:measurement_ir,151,-0.018235051666692925,0.00033251710928696045
point_reprojection:measurement_ir,152,-0.070252768460886725,0.0049354514764189603
point_reprojection:measurement_ir,153,0.11370924864353356,0.012929793227076939
point_reprojection:measurement_ir,154,-0.014208654073399885,0.00020188585057754314
point_reprojection:measurement_ir,155,-0.01775606014942923,0.00031527767203014874
point_reprojection:measurement_ir,156,0.013759389334950356,0.0001893207948707456
point_reprojection:measurement_ir,157,0.013778107595737766,0.00018983624891972671
point_reprojection:measurement_ir,158,-0.0039811807448813848,1.5849800123414298e-05
point_reprojection:measurement_ir,159,-0.012734990901674337,0.00016217999326572816
point_reprojection:measurement_ir,160,4.4604686991078779e-05,1.9895781015721125e-09
point_reprojection:measurement_ir,161,0.011458831240804556,0.00013130481340523848
point_reprojection:measurement_ir,162,-0.016006571054322193,0.00025621031691706512
point_reprojection:measurement_ir,163,0.042910727934906842,0.0018413305719035943
point_reprojection:measurement_ir,164,-0.072686699262681037,0.0052833562497034362
point_reprojection:measurement_ir,165,0.20396362961483874,0.041601162205659126
point_reprojection:measurement_ir,166,0.14549009975712579,0.021167369127338412
point_reprojection:measurement_ir,167,-0.35691490062544062,0.12738824628846815
point_reprojection:measurement_ir,168,0.048357836143577512,0.0023384803164890914
point_reprojection:measurement_ir,169,-0.1144597728708618,0.01310103960564927
point_reprojection:measurement_ir,170,-0.10629122355326218,0.011297824204449556
point_reprojection:measurement_ir,171,0.18204042052772137,0.033138714705909643
point_reprojection:measurement_ir,172,-0.0039715362073366126,1.5773099846185684e-05
point_reprojection:measurement_ir,173,0.036699510315906993,0.0013468540574273638
point_reprojection:measurement_ir,174,0.12477224390547689,0.015568112849207815
point_reprojection:measurement_ir,175,0.031713953257622052,0.0010057748312266364
point_reprojection:measurement_ir,176,-0.24595239625964496,0.060492581225861417
point_reprojection:measurement_ir,177,-0.018072061095796243,0.00032659939225019208
point_reprojection:measurement_ir,178,0.067183202783758139,0.0045135827362835675
point_reprojection:measurement_ir,179,-0.066906713947702201,0.0044765083712796482
point_reprojection:measurement_ir,180,0.049950684147529498,0.0024950708468062547
point_reprojection:measurement_ir,181,0.034804209145488582,0.001211332974242911
point_reprojection:measurement_ir,182,0.020691415592750673,0.00042813467923192569
point_reprojection:measurement_ir,183,0.015718331883135761,0.0002470659571884022
point_reprojection:measurement_ir,184,-0.010934086944985211,0.00011955425732049602
point_reprojection:measurement_ir,185,-0.0017558461693681694,3.0829957704848739e-06
point_reprojection:measurement_ir,186,-0.0066271491015186257,4.391910521375913e-05
point_reprojection:measurement_ir,187,-0.016064726091622107,0.00025807542439884411
point_reprojection:measurement_ir,188,-0.00081439981918265405,6.632470654847396e-07
point_reprojection:measurement_ir,189,-0.0059030841491050975,3.4846402471415852e-05
point_reprojection:measurement_ir,190,0.00098136074684589407,9.6306891544993092e-07
point_reprojection:measurement_ir,191,0.087624528655339873,0.0076780580220704789
point_reprojection:measurement_ir,192,0.012709389260294301,0.00016152857536968414
point_reprojection:measurement_ir,193,0.1146092104505783,0.013135271120104946
point_reprojection:measurement_ir,194,-0.012913653464011077,0.00016676244578856528
point_reprojection:measurement_ir,195,-0.33353496985833997,0.11124557611840376
point_reprojection:measurement_ir,196,-0.0064272594349631621,4.1309663844322985e-05
point_reprojection:measurement_ir,197,0.011378110730493062,0.00012946140379536136
point_reprojection:measurement_ir,198,0.017219803076204698,0.00029652161798326878
point_reprojection:measurement_ir,199,0.11077737429284298,0.01227162665521663
point_reprojection:measurement_ir,200,-0.011559968557298817,0.00013363287304573728
point_reprojection:measurement_ir,201,0.010021135886938736,0.00010042316446449142
point_reprojection:measurement_ir,202,0.0059605600679105922,3.5528276323170321e-05
point_reprojection:measurement_ir,203,-0.010379444494344626,0.00010773286801118096
point_reprojection:measurement_ir,204,-0.007443489541083181,5.5405536548214708e-05
point_reprojection:measurement_ir,205,-0.0029385430437173453,8.6350352197796001e-06
point_reprojection:measurement_ir,206,0.010103966715928437,0.00010209014339658968
point_reprojection:measurement_ir,207,-0.00024278249777580639,5.8943341226259434e-08
point_reprojection:measurement_ir,208,-0.0081300242589577472,6.6097294451241466e-05
point_reprojection:measurement_ir,209,0.00085538036410071072,7.316755672890644e-07
point_reprojection:measurement_ir,210,0.0032213511909958471,1.0377103495730363e-05
point_reprojection:measurement_ir,211,0.0072824725714326632,5.3034406753669064e-05
point_reprojection:measurement_ir,212,-0.0074372884606418669,5.5313259646796668e-05
point_reprojection:measurement_ir,213,0.02922694413498448,0.00085421426346950365
point_reprojection:measurement_ir,214,-0.016051648296115672,0.00025765541302219313
point_reprojection:measurement_ir,215,0.15378677686258016,0.02365037273778102
point_reprojection:measurement_ir,216,0.026863958308808833,0.0007216722560174191
point_reprojection:measurement_ir,217,-0.064934649191525293,0.0042165086656264566
point_reprojection:measurement_ir,218,0.011386552823319107,0.00012965358519823633
point_reprojection:measurement_ir,219,-0.36850992585641507,0.13579956545470054
point_reprojection:measurement_ir,220,-0.0069381972911287445,4.8138581650626249e-05
point_reprojection:measurement_ir,221,0.17023433196980023,0.028979727781204147
point_reprojection:measurement_ir,222,-0.011938996249728006,0.00014253963145101939
point_reprojection:measurement_ir,223,0.068762207580505219,0.0047282411913444891
point_reprojection:measurement_ir,224,0.0085228892600980547,7.2639641339894773e-05
point_reprojection:measurement_ir,225,-0.0010034898262119897,1.0069918313109693e-06
point_reprojection:measurement_ir,226,-0.039887558490272569,0.0015910173223149153
point_reprojection:measurement_ir,227,0.015979887545631753,0.0002553568059710368
point_reprojection:measurement_ir,228,-0.020639616002199546,0.00042599374871825157
point_reprojection:measurement_ir,229,-0.004844926463169941,2.3473312433524395e-05
point_reprojection:measurement_ir,230,0.19309323063339434,0.03728499571644122
point_reprojection:measurement_ir,231,0.090660765632321727,0.0082193744250387678
point_reprojection:measurement_ir,232,-0.18787238134952985,0.035296031673943171
point_reprojection:measurement_ir,233,-0.1715317719855875,0.029423148800515581
point_reprojection:measurement_ir,234,0.015777702035234143,0.00024893588151263159
point_reprojection:measurement_ir,235,0.0068352732309449491,4.6720960141672602e-05
point_reprojection:measurement_ir,236,0.078832710677897919,0.0062145962728251602
point_reprojection:measurement_ir,237,0.049914255126702757,0.0024914328648535725
point_reprojection:measurement_ir,238,-0.046502036271249381,0.0021624393773725932
point_reprojection:measurement_ir,239,0.021440444720747111,0.00045969266982341265
point_reprojection:measurement_ir,240,0.0084755529634321647,7.1834998035943755e-05
point_reprojection:measurement_ir,241,-0.0073536440231464443,5.4076080419157426e-05
point_reprojection:measurement_ir,242,-0.0065038523885277751,4.2300095891758447e-05
point_reprojection:measurement_ir,243,-0.00099354186422715438,9.8712543597196934e-07
point_reprojection:measurement_ir,244,0.062929932797715082,0.003960176441924936
point_reprojection:measurement_ir,245,0.0433304615998054,0.0018775289024522105
point_reprojection:measurement_ir,246,-0.078798234567989317,0.0062091617710318663
point_reprojection:measurement_ir,247,-0.024506058247777674,0.00060054689084347221
point_reprojection:measurement_ir,248,-0.039973967627270214,0.0015979180878660472
point_reprojection:measurement_ir,249,-0.092958925266401593,0.0086413617866844365
point_reprojection:measurement_ir,250,0.056428930189849777,0.0031842241623709394
point_reprojection:measurement_ir,251,0.076235650632128227,0.0058118744273039126
point_reprojection:measurement_ir,252,-0.0058003301309781817,3.3643829628333368e-05
point_reprojection:measurement_ir,253,-0.0078819830497195657,6.2125656796066541e-05
point_reprojection:measurement_ir,254,0.00593160066252949,3.5183886419720284e-05
point_reprojection:measurement_ir,255,0.01154540057255531,0.00013329627438076047
point_reprojection:measurement_ir,256,-0.0022136219733056351,4.900122240701534e-06
point_reprojection:measurement_ir,257,-0.012531583889375498,0.00015704059477645552
point_reprojection:measurement_ir,258,0.0025529702109906792,6.517656898205793e-06
point_reprojection:measurement_ir,259,0.0075284992348997552,5.6678300729886199e-05
point_reprojection:measurement_ir,260,-0.0040964337464629349,1.6780769439160358e-05
point_reprojection:measurement_ir,261,-0.0029614847716288748,8.7703920525897292e-06
point_reprojection:measurement_ir,262,0.0036902619987131402,1.3618033619146301e-05
point_reprojection:measurement_ir,263,-0.001151068561637203,1.3249588335895395e-06
point_reprojection:measurement_ir,264,-0.013954225081693038,0.00019472039763055108
point_reprojection:measurement_ir,265,0.041920655499939133,0.001757341357544577
point_reprojection:measurement_ir,266,0.013669891796621415,0.00018686594173133745
point_reprojection:measurement_ir,267,-0.051166007105655352,0.0026179602831359738
point_reprojection:measurement_ir,268,0.013988298104709428,0.00019567248386621739
point_reprojection:measurement_ir,269,-0.023111815425636451,0.00053415601226868697
point_reprojection:measurement_ir,270,-0.018622993024814606,0.00034681586920229347
point_reprojection:measurement_ir,271,0.028766549326849144,0.00082751436017404489
point_reprojection:measurement_ir,272,0.0083089612809089889,6.9038837567644742e-05
point_reprojection:measurement_ir,273,-0.00041956086995469376,1.7603132359713944e-07
point_reprojection:measurement_ir,274,-0.0034595350210111066,1.1968382561602319e-05
point_reprojection:measurement_ir,275,0.0093237136127868325,8.6931635533266487e-05
point_reprojection:measurement_ir,276,-0.0028441089035823098,8.0889554554361685e-06
point_reprojection:measurement_ir,277,-0.0097417091979082222,9.4900898096609657e-05
point_reprojection:measurement_ir,278,0.0034827259433313886,1.2129379996353511e-05
point_reprojection:measurement_ir,279,0.010182290525256122,0.00010367904034072059
point_reprojection:measurement_ir,280,0.0002981750798426219,8.8908378239153942e-08
point_reprojection:measurement_ir,281,0.0056441689499251877,3.1856643135299595e-05
point_reprojection:measurement_ir,282,-0.006409126939479393,4.1076908126360492e-05
point_reprojection:measurement_ir,283,-0.040689113126461507,0.0016556039270179822
point_reprojection:measurement_ir,284,0.0094190704908214684,8.8718888911063775e-05
point_reprojection:measurement_ir,285,0.056602680226438905,0.003203863408816498
point_reprojection:measurement_ir,286,-0.0052866793710791169,2.7948978772593489e-05
point_reprojection:measurement_ir,287,-0.037460767232209945,0.0014033090816258143
point_reprojection:measurement_ir,288,-5.6796152080096363e-05,3.2258028911054343e-09
point_reprojection:measurement_ir,289,-0.0032521845484438927,1.0576704337137206e-05
point_reprojection:measurement_ir,290,0.0019107004045963549,3.6507760361246741e-06
point_reprojection:measurement_ir,291,0.018731083642103387,0.00035085349440747306
point_reprojection:measurement_ir,292,-0.0010161693515556181,1.0326001510409654e-06
point_reprojection:measurement_ir,293,0.00025292862505921221,6.3972889374343545e-08
point_reprojection:measurement_ir,294,0.00054516536217761311,2.9720527211824808e-07
point_reprojection:measurement_ir,295,-0.0098356833104730861,9.6740666183918806e-05
point_reprojection:measurement_ir,296,-0.0082443990884939929,6.7970116330360575e-05
point_reprojection:measurement_ir,297,0.024912329203573336,0.00062062414634721284
point_reprojection:measurement_ir,298,0.0089443844495008303,8.0002013180472268e-05
point_reprojection:measurement_ir,299,-0.041271811660351432,0.0017033624377275204
point_reprojection:measurement_ir,300,0.010639026777880645,0.00011318889078046141
point_reprojection:measurement_ir,301,0.015628525497686497,0.00024425080923183698
point_reprojection:measurement_ir,302,-0.0091818591775790995,8.4306537956893538e-05
point_reprojection:measurement_ir,303,-0.0076214237608496658,5.8086100142443863e-05
point_reprojection:measurement_ir,304,0.00048559438980646521,2.3580191141151328e-07
point_reprojection:measurement_ir,305,0.015054995535751913,0.00022665289058151002
point_reprojection:measurement_ir,306,-0.0059864977402185101,3.5838155193641329e-05
point_reprojection:measurement_ir,307,-0.0049604241031147465,2.4605807282761736e-05
point_reprojection:measurement_ir,308,-0.00068551669573935214,4.6993314013739953e-07
point_reprojection:measurement_ir,309,4.0526399163809399e-05,1.6423890291844111e-09
point_reprojection:measurement_ir,310,0.021586171468334213,0.00046596279866032602
point_reprojection:measurement_ir,311,0.009413193308989775,8.8608208272409873e-05
point_reprojection:measurement_ir,312,0.02262073373833573,0.00051169759486068033
point_reprojection:measurement_ir,313,0.033499205568170966,0.0011221967736985766
point_reprojection:measurement_ir,314,-0.087246791211691738,0.0076120025767365306
point_reprojection:measurement_ir,315,-0.06924287474253106,0.0047945757026098459
point_reprojection:measurement_ir,316,0.022791926979834898,0.00051947193545412592
point_reprojection:measurement_ir,317,-0.016276787420213167,0.00026493380872280961
point_reprojection:measurement_ir,318,0.029675263775811801,0.00088062128016400804
point_reprojection:measurement_ir,319,0.059921081262911,0.0035905359797163837
point_reprojection:measurement_ir,320,0.0010782231280245468,1.1625651138070382e-06
point_reprojection:measurement_ir,321,-0.015317515411049953,0.00023462627836775283
point_reprojection:measurement_ir,322,-0.017108688225675905,0.00029270721280338138
point_reprojection:measurement_ir,323,-0.0045696206915010864,2.0881433264194865e-05
point_reprojection:measurement_ir,324,0.018019793490157098,0.00032471295742790812
point_reprojection:measurement_ir,325,0.010920422328166524,0.00011925562382551797
point_reprojection:measurement_ir,326,-0.013777228289495725,0.0001898120193408813
point_reprojection:measurement_ir,327,-0.016509218969622451,0.00027255431098694176
point_reprojection:measurement_ir,328,0.0037434371957715483,1.4013322038685953e-05
point_reprojection:measurement_ir,329,0.020911017380029762,0.00043727064786790675
point_reprojection:measurement_ir,330,-0.00026000235909577895,6.7601226735370391e-08
point_reprojection:measurement_ir,331,-0.017805701857940903,0.00031704301865388012
point_reprojection:measurement_ir,332,-0.0044907404429295637,2.0166749725763215e-05
point_reprojection:measurement_ir,333,0.012710705887860741,0.00016156204416769771
point_reprojection:measurement_ir,334,0.010358272706434945,0.00010729381346087512
point_reprojection:measurement_ir,335,-0.01427085365813241,0.00020365726413183117
point_reprojection:measurement_ir,336,-0.0057695991099535604,3.3288273889576916e-05
point_reprojection:measurement_ir,337,0.013765635134598142,0.0001894927106588828
point_reprojection:measurement_ir,338,0.0012114797248841569,1.4676831238053926e-06
point_reprojection:measurement_ir,339,-0.010537989486533662,0.00011104922241829399
point_reprojection:measurement_ir,340,-0.0028885272998195434,8.3435899618027818e-06
point_reprojection:measurement_ir,341,0.012180228861643628,0.00014835797512201642
point_reprojection:measurement_ir,342,0.012619437860280414,0.0001592502119094787
point_reprojection:measurement_ir,343,-0.02849996616300814,0.00081224807129260887
point_reprojection:measurement_ir,344,-0.020205011696975816,0.00040824249767492955
point_reprojection:measurement_ir,345,0.057812428524755433,0.0033422768919299556
point_reprojection:measurement_ir,346,0.022559956718851026,0.00050895164715643152
point_reprojection:measurement_ir,347,-0.059303675988655866,0.0035169259857674782
point_reprojection:measurement_ir,348,-0.068754984845395481,0.0047272479410905626
point_reprojection:measurement_ir,349,0.29829970543803486,0.088982714264418367
point_reprojection:measurement_ir,350,0.071700480260255967,0.0051409588695513556
point_reprojection:measurement_ir,351,-0.25110181477411969,0.063052121382856319
point_reprojection:measurement_ir,352,0.044896943645838974,0.0020157355487376407
point_reprojection:measurement_ir,353,-0.7350685369538803,0.5403257540195181
point_reprojection:measurement_ir,354,-0.0067570937563004915,4.5658316031435087e-05
point_reprojection:measurement_ir,355,-0.074788697039161883,0.0055933492048155413
point_reprojection:measurement_ir,356,-0.030790926753502389,0.00094808117033954914
point_reprojection:measurement_ir,357,0.085986392994368541,0.0073936597801819914
point_reprojection:measurement_ir,358,0.028073915772938562,0.00078814474682604855
point_reprojection:measurement_ir,359,0.067284948633118805,0.0045272643125614364
point_reprojection:measurement_ir,360,-0.010988920990212137,0.0001207563845291249
point_reprojection:measurement_ir,361,-0.010594769196382003,0.00011224913432460495
point_reprojection:measurement_ir,362,0.0021199002633920825,4.4939771267298213e-06
point_reprojection:measurement_ir,363,0.0019136423508598454,3.6620270470043959e-06
point_reprojection:measurement_ir,364,-0.0067870638625208814,4.6064235873936863e-05
point_reprojection:measurement_ir,365,-0.014304804770267765,0.00020462743951547542
point_reprojection:measurement_ir,366,0.011197969839963661,0.00012539452853673578
point_reprojection:measurement_ir,367,0.016079235816596336,0.00025854182444571443
point_reprojection:measurement_ir,368,-0.020268630557870891,0.00041081738469145768
point_reprojection:measurement_ir,369,-0.0058847020166695073,3.4629717824994164e-05
point_reprojection:measurement_ir,370,0.025031312414671446,0.00062656660120088492
point_reprojection:measurement_ir,371,0.00075323636442590212,5.6736502069355038e-07
point_reprojection:measurement_ir,372,-0.016812263623069156,0.00028265220813157441
point_reprojection:measurement_ir,373,-0.0066387579196884872,4.4073106716226611e-05
point_reprojection:measurement_ir,374,0.010058292354756304,0.00010116924509374912
point_reprojection:measurement_ir,375,0.00095254341100599045,9.073389498509272e-07
point_reprojection:measurement_ir,376,-0.014551502519134374,0.00021174622556437402
point_reprojection:measurement_ir,377,0.018096974162494915,0.00032750047383800854
point_reprojection:measurement_ir,378,0.019023855787804678,0.00036190708903518956
point_reprojection:measurement_ir,379,0.071385814629411473,0.0050959345303046967
point_reprojection:measurement_ir,380,-0.028194163638795545,0.00079491086329118086
point_reprojection:measurement_ir,381,0.16297499439947388,0.026560848799508544
point_reprojection:measurement_ir,382,0.015468182715721923,0.00023926467652695844
point_reprojection:measurement_ir,383,-0.26866995503426094,0.072183544738111796
point_reprojection:measurement_ir,384,0.025541491624926492,0.00065236779442619014
point_reprojection:measurement_ir,385,-0.1898240466610332,0.036033168690770105
point_reprojection:measurement_ir,386,-0.040479090840040047,0.0016385567952362141
point_reprojection:measurement_ir,387,0.15579961470846229,0.024273519943305299
point_reprojection:measurement_ir,388,0.019438169140016726,0.00037784241951589856
point_reprojection:measurement_ir,389,0.061377650122460638,0.0037672159345551923
point_reprojection:measurement_ir,390,0.0038234940657730478,1.4619106871001711e-05
point_reprojection:measurement_ir,391,-0.0089082189503983493,7.9356364868236269e-05
point_reprojection:measurement_ir,392,-0.019950241707374517,0.0003980121441826657
point_reprojection:measurement_ir,393,0.016337829793849325,0.00026692468237279069
point_reprojection:measurement_ir,394,-0.078731387350717344,0.0061986313541686948
point_reprojection:measurement_ir,395,0.10782969719742823,0.01162724359768906
point_reprojection:measurement_ir,396,0.17803724801403858,0.031697261680412286
point_reprojection:measurement_ir,397,-0.15583400369570199,0.024284236707832065
point_reprojection:measurement_ir,398,-0.046242655126320642,0.0021383831531318286
point_reprojection:measurement_ir,399,-0.0588594183401824,0.0034644311273446002
point_reprojection:measurement_ir,400,-0.022093493682177723,0.00048812246308442694
point_reprojection:measurement_ir,401,0.074617207890821644,0.0055677277134220955
point_reprojection:measurement_ir,402,-0.020113711783619693,0.00040456140171452168
point_reprojection:measurement_ir,403,0.016399792571962734,0.00026895319640340406
point_reprojection:measurement_ir,404,0.0053024613401476016,2.8116096263759899e-05
point_reprojection:measurement_ir,405,0.022602236300923551,0.00051086108580278636
point_reprojection:measurement_ir,406,-0.012566688438732853,0.00015792165831618197
point_reprojection:measurement_ir,407,-0.025018375857530372,0.00062591913054865854
point_reprojection:measurement_ir,408,0.024584570257889026,0.0006044010947650817
point_reprojection:measurement_ir,409,0.013129193418529894,0.00017237571982116868
point_reprojection:measurement_ir,410,0.0063708283175628825,4.0587453451861105e-05
point_reprojection:measurement_ir,411,0.0067811802972073563,4.5984406223233252e-05
point_reprojection:measurement_ir,412,0.011265063679888953,0.00012690165971195323
point_reprojection:measurement_ir,413,0.06339909625110636,0.0040194454054570481
point_reprojection:measurement_ir,414,-0.085437049326378661,0.0072994893975980605
point_reprojection:measurement_ir,415,-0.17434838088317975,0.030397357916586317
point_reprojection:measurement_ir,416,0.048273695896841676,0.0023303497155407488
point_reprojection:measurement_ir,417,0.086828637675677098,0.0075392123206140128
point_reprojection:measurement_ir,418,0.0092828177116871299,8.6170704668412282e-05
point_reprojection:measurement_ir,419,0.013031174469870167,0.00016981150806419601
point_reprojection:measurement_ir,420,-0.0011844038207527775,1.4028124106137775e-06
point_reprojection:measurement_ir,421,-0.0064604082959931475,4.1736875350937082e-05
point_reprojection:measurement_ir,422,-0.005204988665173005,2.709190700457946e-05
point_reprojection:measurement_ir,423,0.0022455224763916703,5.0423711919801793e-06
point_reprojection:measurement_ir,424,0.0081318386492512211,6.6126799817455928e-05
point_reprojection:measurement_ir,425,-0.0035232494140700508,1.2413286433744956e-05
point_reprojection:measurement_ir,426,-0.0066058567278560075,4.3637343108960476e-05
point_reprojection:measurement_ir,427,0.0060650639768141442,3.6785001042848602e-05
point_reprojection:measurement_ir,428,0.0016064514222989602,2.580686172206352e-06
point_reprojection:measurement_ir,429,-0.0022614556504436225,5.1141816589233873e-06
point_reprojection:measurement_ir,430,0.0048038322110414812,2.3076803911839686e-05
point_reprojection:measurement_ir,431,-0.0023776139403366868,5.6530480492833461e-06
point_reprojection:measurement_ir,432,-0.0063631411044752896,4.0489564715463009e-05
point_reprojection:measurement_ir,433,0.0065770150801313324,4.3257127364274959e-05
point_reprojection:measurement_ir,434,0.0048241398786103675,2.327232556839885e-05
point_reprojection:measurement_ir,435,0.0045577256583555934,2.0772863176832928e-05
point_reprojection:measurement_ir,436,-0.010835818268969889,0.0001174149575581416
point_reprojection:measurement_ir,437,0.03989492237567447,0.0015916048313610914
point_reprojection:measurement_ir,438,0.013632613407048666,0.00018584814830604302
point_reprojection:measurement_ir,439,-0.10816632418905101,0.01169995368857088
point_reprojection:measurement_ir,440,-0.0020970659601744048,4.3976856413221979e-06
point_reprojection:measurement_ir,441,0.045272485045688884,0.0020495979022121238
point_reprojection:measurement_ir,442,-0.0024041806342665951,5.7800845221825275e-06
point_reprojection:measurement_ir,443,0.0093358568615371958,8.7158223339111143e-05
point_reprojection:measurement_ir,444,0.0015877290366688613,2.5208834938814301e-06
point_reprojection:measurement_ir,445,-0.010914048323684256,0.00011911645081171511
point_reprojection:measurement_ir,446,-0.0045252872850142008,2.0478225011911196e-05
point_reprojection:measurement_ir,447,0.0022767535042248709,5.183606519000229e-06
point_reprojection:measurement_ir,448,0.0044168122025439512,1.9508230032541149e-05
point_reprojection:measurement_ir,449,0.066961638942223095,0.0044838610898286484
point_reprojection:measurement_ir,450,-0.0037427251488907133,1.4007991540139011e-05
point_reprojection:measurement_ir,451,-0.12378915129368125,0.015323753978009905
point_reprojection:measurement_ir,452,0.0032232372606131321,1.0389258438204847e-05
point_reprojection:measurement_ir,453,0.12455126852661351,0.015513018491588586
point_reprojection:measurement_ir,454,-0.0011663216385386476,1.3603061645234757e-06
point_reprojection:measurement_ir,455,-0.085273398723347785,0.007271552529831052
point_reprojection:measurement_ir,456,0.0002569145042571108,6.6005062497677002e-08
point_reprojection:measurement_ir,457,0.024453987802542088,0.00059799751944687718
point_reprojection:measurement_ir,458,-0.00014576146500075993,2.1246404679167763e-08
point_reprojection:measurement_ir,459,0.0044643801974302731,1.9930690547207565e-05
point_reprojection:measurement_ir,460,-0.0045674887167933779,2.0861953178034819e-05
point_reprojection:measurement_ir,461,0.0054706325201550497,2.9927820170577992e-05
point_reprojection:measurement_ir,462,0.00063419523091852166,4.0220359091979704e-07
point_reprojection:measurement_ir,463,-0.0075794559125142765,5.7448151929747621e-05
point_reprojection:measurement_ir,464,0.010065963639067376,0.00010132362398302654
point_reprojection:measurement_ir,465,-0.0016345716219348105,2.6718243872345972e-06
point_reprojection:measurement_ir,466,-0.00067062111979794277,4.4973268631904671e-07
point_reprojection:measurement_ir,467,-0.0046058131931772548,2.1213515170445662e-05
point_reprojection:measurement_ir,468,-0.0075842571056227827,5.7520955844189672e-05
point_reprojection:measurement_ir,469,0.0076738461219065359,5.8887914302699977e-05
point_reprojection:measurement_ir,470,0.0014197842715248043,2.0157873776692192e-06
point_reprojection:measurement_ir,471,-0.0024804734997815104,6.1527487831183348e-06
point_reprojection:measurement_ir,472,0.012839049963713479,0.00016484120397073108
point_reprojection:measurement_ir,473,0.002283782520891009,5.2156626027272917e-06
point_reprojection:measurement_ir,474,-0.0066685859698281998,4.4470038836989512e-05
point_reprojection:measurement_ir,475,0.021792545274735176,0.00047491502955138241
point_reprojection:measurement_ir,476,-0.026753773009068026,0.0007157643702207368
point_reprojection:measurement_ir,477,-0.040379075994258072,0.0016304697781500685
point_reprojection:measurement_ir,478,0.021032051452834821,0.00044234718831469131
point_reprojection:measurement_ir,479,0.017913518609418588,0.00032089414896998609
metric_depth:measurement_ir,0,-0.083579056572769428,0.0069854586975941924
metric_depth:measurement_ir,1,-0.10996247806617343,0.012091746582453673
metric_depth:measurement_ir,2,-0.13880226982268939,0.019266070107930671
metric_depth:measurement_ir,3,-0.16567623759262928,0.027448615702849347
metric_depth:measurement_ir,4,-0.19329280043290753,0.037362106699195818
metric_depth:measurement_ir,5,-0.22250108907502208,0.049506734639570914
metric_depth:measurement_ir,6,-0.24958113393415493,0.06229074241585858
metric_depth:measurement_ir,7,-0.27633493301509171,0.076360995204455218
metric_depth:measurement_ir,8,-0.31468616678023381,0.099027383562837135
metric_depth:measurement_ir,9,-0.34551241765097362,0.11937883075102083
metric_depth:measurement_ir,10,-0.38226254503541668,0.14612465333695396
metric_depth:measurement_ir,11,-0.40531828708825968,0.16428291384816088
metric_depth:measurement_ir,12,-0.42775123774625201,0.18297112139345062
metric_depth:measurement_ir,13,-0.44988907904657732,0.2024001834453775
metric_depth:measurement_ir,14,-0.4499318558683103,0.20243867492510195
metric_depth:measurement_ir,15,-0.46498436271178401,0.21621045756648391
metric_depth:measurement_ir,16,-0.48557776948435094,0.23578577021739747
metric_depth:measurement_ir,17,-0.48747149204201345,0.2376284555536668
metric_depth:measurement_ir,18,-0.50070940254653451,0.25070990579850755
metric_depth:measurement_ir,19,-0.50935258797864291,0.25944005888054117
metric_depth:measurement_ir,20,-0.53304359019522674,0.28413546904821679
metric_depth:measurement_ir,21,-0.54545986038297012,0.29752645928900928
metric_depth:measurement_ir,22,-0.54865257536088996,0.30101964845013701
metric_depth:measurement_ir,23,-0.56546595849027714,0.31975175021132785
metric_depth:measurement_ir,24,-0.59048461102332339,0.34867207585536553
metric_depth:measurement_ir,25,-0.61562403208372429,0.37899294887902241
metric_depth:measurement_ir,26,-0.64865346282642267,0.4207513148367093
metric_depth:measurement_ir,27,-0.69663690679951518,0.48530297991519639
metric_depth:measurement_ir,28,-0.72947466977565911,0.53213329384430696
metric_depth:measurement_ir,29,-0.79094815656290507,0.62559898637025779
metric_depth:measurement_ir,30,-0.81849312826520615,0.66993100101736325
metric_depth:measurement_ir,31,-0.84763014051796337,0.71847685511450232
metric_depth:measurement_ir,32,-0.8637733589315375,0.74610441559987073
metric_depth:measurement_ir,33,-0.88934125140732401,0.79092786145474514
metric_depth:measurement_ir,34,-0.90306789826896838,0.81553162888393183
metric_depth:measurement_ir,35,-0.90611002222207693,0.82103537237129276
metric_depth:measurement_ir,36,-0.90409819127594959,0.81739353946844351
metric_depth:measurement_ir,37,-0.89516416122450448,0.80131887554077064
metric_depth:measurement_ir,38,-0.87875911493317582,0.77221758207813851
metric_depth:measurement_ir,39,-0.860553689506523,0.74055265252328917
metric_depth:measurement_ir,40,-0.82667737361872939,0.68339548005316031
metric_depth:measurement_ir,41,-0.79937330203976276,0.63899767601395374
metric_depth:measurement_ir,42,-0.73439279442193028,0.53933277649885158
metric_depth:measurement_ir,43,-0.65950082320925485,0.43494133581368483
metric_depth:measurement_ir,44,-0.61249469897257891,0.37514975626951008
metric_depth:measurement_ir,45,-0.29541419189953011,0.087269544775652408
metric_depth:measurement_ir,46,-0.26622287173619708,0.070874617435467635
metric_depth:measurement_ir,47,-0.23709461298269108,0.056213855505412066
metric_depth:measurement_ir,48,-0.20805903274239049,0.043288561105699119
metric_depth:measurement_ir,49,-0.41253166665285473,0.17018237599138206
metric_depth:measurement_ir,50,-0.44151273120819401,0.19493349181891897
metric_depth:measurement_ir,51,-0.41418799430441167,0.17155169462591136
metric_depth:measurement_ir,52,-0.38882761413306643,0.15118691351241281
metric_depth:measurement_ir,53,-0.37145921295621231,0.1379819468900487
metric_depth:measurement_ir,54,-0.34745480141718221,0.12072483902785353
metric_depth:measurement_ir,55,-0.33270652453798788,0.11069363147014673
metric_depth:measurement_ir,56,-0.3163033526372987,0.10004781088959533
metric_depth:measurement_ir,57,-0.3105803399491831,0.096460147562950141
metric_depth:measurement_ir,58,-0.30732151710474609,0.094446514875562743
metric_depth:measurement_ir,59,-0.29893527224106031,0.089362296989836845
metric_depth:measurement_ir,60,-0.30902423679728752,0.095495978928146028
metric_depth:measurement_ir,61,-0.30832586858084032,0.095064841236129613
metric_depth:measurement_ir,62,-0.30478214494804945,0.092892155879133825
metric_depth:measurement_ir,63,-0.31904611198443789,0.10179042157238648
metric_depth:measurement_ir,64,-0.31212118497838381,0.097419634112310485
metric_depth:measurement_ir,65,-0.30512134510306366,0.093099035237502875
metric_depth:measurement_ir,66,-0.30109088954430208,0.090655723766579113
metric_depth:measurement_ir,67,-0.29389772281191284,0.086375871474027949
metric_depth:measurement_ir,68,-0.28969621305469695,0.083923895858232372
metric_depth:measurement_ir,69,-0.28973892969955561,0.083948647383444028
metric_depth:measurement_ir,70,-0.28566439255742027,0.081604145175199913
metric_depth:measurement_ir,71,-0.25912402807406565,0.067145261925329158
metric_depth:measurement_ir,72,-0.25964818827243175,0.067417181673156162
metric_depth:measurement_ir,73,-0.081970874345766109,0.0067192242410093767
metric_depth:measurement_ir,74,-0.084006618732160199,0.0070571119908105287
metric_depth:measurement_ir,75,-0.102914583000701,0.010591411394208175
metric_depth:measurement_ir,76,-0.10581318658964878,0.011196430456255829
metric_depth:measurement_ir,77,-0.11684534253654744,0.013652834072483102
metric_depth:measurement_ir,78,-0.11996715697300475,0.014392118752185563
metric_depth:measurement_ir,79,-0.11504974549750702,0.013236443939041135
metric_depth:measurement_ir,80,-0.11792487264457141,0.013906275588238386
metric_depth:measurement_ir,81,-0.092152690506046575,0.0084921183675032066
metric_depth:measurement_ir,82,-0.094212417270801874,0.0088759795680076869
metric_depth:measurement_ir,83,-0.095680117101582876,0.0091546848085726114
metric_depth:measurement_ir,84,-0.096575761250440761,0.0093268776611021356
metric_depth:measurement_ir,85,-0.18724807871721172,0.035061842983287114
metric_depth:measurement_ir,86,-0.18655155614568653,0.034801483100377235
metric_depth:measurement_ir,87,-0.18508923456954318,0.034258024753539382
metric_depth:measurement_ir,88,-0.18521747800211119,0.034305514157462545
metric_depth:measurement_ir,89,-0.18031571860559192,0.032513758376251006
metric_depth:measurement_ir,90,-0.1774404803618452,0.031485124071042377
metric_depth:measurement_ir,91,-0.17461970442845762,0.030492041174681902
metric_depth:measurement_ir,92,-0.17413741563376495,0.030323839523606604
metric_depth:measurement_ir,93,-0.17305368331916648,0.029947577310330362
metric_depth:measurement_ir,94,-0.17696881486865745,0.031317961436017158
metric_depth:measurement_ir,95,-0.18756265978466446,0.035179751345497785
metric_depth:measurement_ir,96,-0.20109095131282076,0.040437570699895252
metric_depth:measurement_ir,97,-0.20485180226743882,0.041964260892217851
metric_depth:measurement_ir,98,-0.20532751587016063,0.042159388773411063
metric_depth:measurement_ir,99,-0.22953327753907529,0.052685525497830163
metric_depth:measurement_ir,100,-0.23125123160216221,0.053477132117516868
metric_depth:measurement_ir,101,-0.23382841768364293,0.054675728916436177
metric_depth:measurement_ir,102,-0.24267039474737809,0.058888920486848309
metric_depth:measurement_ir,103,-0.24709190651508384,0.061054410265258929
metric_depth:measurement_ir,104,-0.25245759244282917,0.063734835982029642
metric_depth:measurement_ir,105,-0.26534042383705447,0.070405540522027701
metric_depth:measurement_ir,106,-0.27868132575785531,0.077663281326155867
metric_depth:measurement_ir,107,-0.31525396216452628,0.099385060660432567
metric_depth:measurement_ir,108,-0.32591781256724439,0.10622242054861744
metric_depth:measurement_ir,109,-0.33500862266914266,0.11223077726267601
metric_depth:measurement_ir,110,-0.34434072864295578,0.11857053740236172
metric_depth:measurement_ir,111,-0.35257917198105465,0.12431207251484612
metric_depth:measurement_ir,112,-0.31856307642676618,0.10148243366248567
metric_depth:measurement_ir,113,-0.26286956334523803,0.069100407333316113
metric_depth:measurement_ir,114,-0.27755879905098846,0.077038886930626993
metric_depth:measurement_ir,115,-0.211393358564542,0.044687152045197021
metric_depth:measurement_ir,116,-0.23008796523848088,0.052940471747584386
metric_depth:measurement_ir,117,-0.25089545317099726,0.062948528421880076
metric_depth:measurement_ir,118,-0.35579602428410051,0.12659081089637225
metric_depth:measurement_ir,119,-0.41583531323891521,0.17291900773650673
metric_depth:measurement_ir,120,-0.44350614438543212,0.19669770010763177
metric_depth:measurement_ir,121,-0.46249580131369605,0.21390236623279782
metric_depth:measurement_ir,122,-0.49629308849753195,0.24630682969041909
metric_depth:measurement_ir,123,-0.53113206184612216,0.28210126712091294
metric_depth:measurement_ir,124,-0.56821114561587216,0.32286390600210185
metric_depth:measurement_ir,125,-0.61521764425243097,0.3784927497995107
metric_depth:measurement_ir,126,-0.65661232783731571,0.43113974906793856
metric_depth:measurement_ir,127,-0.72585733773081007,0.52686887473765931
metric_depth:measurement_ir,128,-0.78263697524823539,0.61252063502570697
metric_depth:measurement_ir,129,-0.85658602135041362,0.73373961197293125
metric_depth:measurement_ir,130,-0.91606812482876065,0.83918080932728178
metric_depth:measurement_ir,131,-0.99999070857961292,0.99998141724555634
metric_depth:measurement_ir,132,-1.0543081058465726,1.1115655820537877
metric_depth:measurement_ir,133,-1.1022099854110405,1.2148668519398063
metric_depth:measurement_ir,134,-1.1491846083018449,1.3206252639578646
metric_depth:measurement_ir,135,-1.1885422728736819,1.4126327344077376
metric_depth:measurement_ir,136,-1.2089714195629999,1.4616118933201752
metric_depth:measurement_ir,137,-1.239352978003784,1.5359958040868478
metric_depth:measurement_ir,138,-1.2721469877284286,1.6183579583865146
metric_depth:measurement_ir,139,-1.3029814365693841,1.6977606240444161
metric_depth:measurement_ir,140,-1.3273834936284281,1.7619469391572113
metric_depth:measurement_ir,141,-1.3435116292633142,1.8050234979657651
metric_depth:measurement_ir,142,-1.3483966714954647,1.8181735837000481
metric_depth:measurement_ir,143,-1.3391226470354733,1.793249463803293
metric_depth:measurement_ir,144,-1.3149294902374271,1.7290395642960599
metric_depth:measurement_ir,145,-1.2699269358746681,1.6127144224600234
metric_depth:measurement_ir,146,-1.235288382253722,1.5259373873310176
metric_depth:measurement_ir,147,-1.1049465208581839,1.2209068139566051
metric_depth:measurement_ir,148,-0.9546694641389869,0.91139378575942043
metric_depth:measurement_ir,149,-0.90874884615850426,0.8258244653944129
metric_depth:measurement_ir,150,-0.84751168587002623,0.71827605768625402
metric_depth:measurement_ir,151,-0.81189826881483462,0.65917879890452546
metric_depth:measurement_ir,152,-0.7621809197396302,0.58091975441514865
metric_depth:measurement_ir,153,-0.78811844181642288,0.62113067833114632
metric_depth:measurement_ir,154,-0.74724030308917921,0.55836807056080839
metric_depth:measurement_ir,155,-0.69854672270268736,0.4879675237986652
metric_depth:measurement_ir,156,-0.64246202035407374,0.41275744759743827
metric_depth:measurement_ir,157,-0.5965531983454484,0.35587571845618388
metric_depth:measurement_ir,158,-0.55108399801559482,0.30369357286885212
metric_depth:measurement_ir,159,-0.5091150223474199,0.25919810597981385
metric_depth:measurement_ir,160,-0.46629486350574689,0.21743089973184312
metric_depth:measurement_ir,161,-0.42925717438339295,0.18426172175961461
metric_depth:measurement_ir,162,-0.39812946641876001,0.15850707203088657
metric_depth:measurement_ir,163,-0.37313358922581819,0.13922867540854161
metric_depth:measurement_ir,164,-0.34804452143216436,0.12113498889894431
metric_depth:measurement_ir,165,-0.3715363492471101,0.13803925881187057
metric_depth:measurement_ir,166,-0.38614999423126101,0.14911181804480292
metric_depth:measurement_ir,167,-0.38580590006120952,0.14884619252203998
metric_depth:measurement_ir,168,-0.38363139545809211,0.14717304758112304
metric_depth:measurement_ir,169,-0.37376322000425999,0.13969894462795285
metric_depth:measurement_ir,170,-0.38599410943452939,0.14899145251815546
metric_depth:measurement_ir,171,-0.3812749207193864,0.14537056516957439
metric_depth:measurement_ir,172,-0.37428667352786915,0.14009051398055772
metric_depth:measurement_ir,173,-0.36918461198703967,0.13629727772802103
metric_depth:measurement_ir,174,-0.36562393886154432,0.1336808646686303
metric_depth:measurement_ir,175,-0.36112610386618371,0.13041206289356971
metric_depth:measurement_ir,176,-0.053838479597005495,0.0028985818853171771
metric_depth:measurement_ir,177,-0.35496887536040056,0.12600290247462759
metric_depth:measurement_ir,178,-0.35283778709770997,0.12449450400400891
metric_depth:measurement_ir,179,-0.35144189888135036,0.12351140828932929
metric_depth:measurement_ir,180,-0.35103851794097407,0.12322804107819557
metric_depth:measurement_ir,181,-0.35162499086885196,0.12364013420352023
metric_depth:measurement_ir,182,-0.27809718270269168,0.077338043027174272
metric_depth:measurement_ir,183,-0.15968715209875883,0.025499986545412138
metric_depth:measurement_ir,184,-0.15925044714908806,0.025360704917184489
metric_depth:measurement_ir,185,-0.15034371683256165,0.022603233191029481
metric_depth:measurement_ir,186,-0.15531820200849222,0.024123743875150799
metric_depth:measurement_ir,187,-0.16092072246265432,0.025895478917902618
metric_depth:measurement_ir,188,-0.14140833478357639,0.019996317146264021
metric_depth:measurement_ir,189,-0.14790301193285815,0.021875300938811182
metric_depth:measurement_ir,190,-0.21268154578396059,0.045233439917054925
metric_depth:measurement_ir,191,-0.35321401851256334,0.12476014287379344
metric_depth:measurement_ir,192,-0.37848561108055945,0.14325135779502451
metric_depth:measurement_ir,193,-0.38285907136067676,0.14658106852315977
metric_depth:measurement_ir,194,-0.38741366678203271,0.15008934920949987
metric_depth:measurement_ir,195,-0.39268371346195541,0.15420049881827111
metric_depth:measurement_ir,196,-0.39897633218545919,0.15918211364416188
metric_depth:measurement_ir,197,-0.39730308905092526,0.15784974456940745
metric_depth:measurement_ir,198,-0.39040479371361458,0.15241590295456997
metric_depth:measurement_ir,199,-0.38221954908558509,0.14609178370318798
metric_depth:measurement_ir,200,-0.37970703922288507,0.14417743563540958
metric_depth:measurement_ir,201,-0.39438462064155622,0.15553922899858422
metric_depth:measurement_ir,202,-0.41103897993454885,0.16895304302563446
metric_depth:measurement_ir,203,-0.42983597128353268,0.18475896220925794
metric_depth:measurement_ir,204,-0.43319925098128653,0.18766159105074767
metric_depth:measurement_ir,205,-0.42468852812456148,0.18036034592060646
metric_depth:measurement_ir,206,-0.45062720456867034,0.20306487749737426
metric_depth:measurement_ir,207,-0.47894008512213326,0.22938360513679626
metric_depth:measurement_ir,208,-0.5097049540532762,0.25979914018645239
metric_depth:measurement_ir,209,-0.55650136011806572,0.30969376381325708
metric_depth:measurement_ir,210,-0.61742146502600781,0.38120926547486178
metric_depth:measurement_ir,211,-0.66648385715754332,0.44420073185159664
metric_depth:measurement_ir,212,-0.72473265958608446,0.52523742787071936
metric_depth:measurement_ir,213,-0.7764989347629534,0.60295059568800136
metric_depth:measurement_ir,214,-0.83171137214570534,0.69174380655649192
metric_depth:measurement_ir,215,-0.88612069815308614,0.78520989169531274
metric_depth:measurement_ir,216,-0.97528259361672154,0.95117613741175921
metric_depth:measurement_ir,217,-1.0248634705846418,1.050345133338797
metric_depth:measurement_ir,218,-1.0669978987283908,1.1384845158908012
metric_depth:measurement_ir,219,-1.1076976078738354,1.2269939904894172
metric_depth:measurement_ir,220,-1.1459009063807728,1.3130888872442765
metric_depth:measurement_ir,221,-1.1746715492897506,1.3798532487107829
metric_depth:measurement_ir,222,-1.2013874114617047,1.4433317124186553
metric_depth:measurement_ir,223,-1.2302485307572628,1.5135114474304039
metric_depth:measurement_ir,224,-1.2544278737458809,1.5735892904306119
metric_depth:measurement_ir,225,-1.2788390292829717,1.6354292628174132
metric_depth:measurement_ir,226,-1.2594909833829964,1.5863175372230671
metric_depth:measurement_ir,227,-1.2627642842336586,1.5945736375361441
metric_depth:measurement_ir,228,-1.190727958674926,1.4178330715701561
metric_depth:measurement_ir,229,-1.0748277242916737,1.1552546369060182
metric_depth:measurement_ir,230,-0.90084006075649015,0.81151281506375683
metric_depth:measurement_ir,231,-0.8843374084708886,0.78205265202100727
metric_depth:measurement_ir,232,-0.86529746002135888,0.74873969431941512
metric_depth:measurement_ir,233,-0.84432581632440673,0.71288608411187582
metric_depth:measurement_ir,234,-1.0535375616467646,1.1099413938006104
metric_depth:measurement_ir,235,-1.0300264252172802,1.0609544366458892
metric_depth:measurement_ir,236,-1.0109009415904868,1.0219207137085329
metric_depth:measurement_ir,237,-1.0017207907618957,1.0034445426446377
metric_depth:measurement_ir,238,-0.96128774479307877,0.92407412828936331
metric_depth:measurement_ir,239,-0.9336536174001393,0.87170907728436575
temporal_acceleration:state_sequence,0,-0.0046229337564332451,2.1371516516369995e-05
temporal_acceleration:state_sequence,1,0.19855866672384287,0.039425544131150105
temporal_acceleration:state_sequence,2,0.0090129736888266976,8.1233694715482325e-05
temporal_acceleration:state_sequence,3,-0.011381201902504468,0.00012953175674557132
temporal_acceleration:state_sequence,4,0.27778178030976403,0.077162717472062006
temporal_acceleration:state_sequence,5,0.014082398657588868,0.00019831395195126075
temporal_acceleration:state_sequence,6,0.008054968375437177,6.4882515529293035e-05
temporal_acceleration:state_sequence,7,0.28819154980334383,0.083054369378053203
temporal_acceleration:state_sequence,8,0.016990492966173498,0.00028867685123359113
temporal_acceleration:state_sequence,9,-0.00067863961289632568,4.6055172419207476e-07
temporal_acceleration:state_sequence,10,0.3343244047253674,0.11177280759497127
temporal_acceleration:state_sequence,11,0.023377419816372758,0.00054650375727093774
temporal_acceleration:state_sequence,12,-0.016312469217263925,0.00026609665196418312
temporal_acceleration:state_sequence,13,0.33012547138492598,0.10898282685711959
temporal_acceleration:state_sequence,14,0.03027437829816737,0.00091653798134054749
temporal_acceleration:state_sequence,15,0.0036237694742558002,1.3131705202548158e-05
temporal_acceleration:state_sequence,16,0.33098471555901354,0.10955088193368111
temporal_acceleration:state_sequence,17,0.038574577819616707,0.0014879980539616651
temporal_acceleration:state_sequence,18,-0.041098578310568706,0.0016890931391499485
temporal_acceleration:state_sequence,19,0.38384824079627111,0.14733947196239214
temporal_acceleration:state_sequence,20,0.05210653157945444,0.0027150906332406828
temporal_acceleration:state_sequence,21,0.01878019575319953,0.00035269575252849366
temporal_acceleration:state_sequence,22,0.46449128739558876,0.21575215606641143
temporal_acceleration:state_sequence,23,0.065798289440222035,0.004329414893259235
temporal_acceleration:state_sequence,24,0.10319766274555123,0.010649757596144532
temporal_acceleration:state_sequence,25,0.12447451453259734,0.015493904768125785
temporal_acceleration:state_sequence,26,0.08896234862969532,0.0079142994737114534
temporal_acceleration:state_sequence,27,-0.041839359113853836,0.001750531971058024
temporal_acceleration:state_sequence,28,-4.5926875043530275,21.092778512640439
temporal_acceleration:state_sequence,29,0.15698853315999628,0.024645399543727253
temporal_acceleration:state_sequence,30,0.071180146949559042,0.0050666133197608196
temporal_acceleration:state_sequence,31,0.16165599974022032,0.026132662252010115
temporal_acceleration:state_sequence,32,0.062279139485066359,0.0038786912150003518
temporal_acceleration:state_sequence,33,0.0091401828639975369,8.3542942787314222e-05
temporal_acceleration:state_sequence,34,0.34023763771556348,0.11576165011826703
temporal_acceleration:state_sequence,35,0.029510935766707824,0.0008708953298267551
temporal_acceleration:state_sequence,36,-0.013524686641794292,0.00018291714875872896
temporal_acceleration:state_sequence,37,0.37942482488075502,0.14396319773579161
temporal_acceleration:state_sequence,38,0.0054564478592311616,2.9772823240508328e-05
temporal_acceleration:state_sequence,39,0.049667272126479173,0.0024668379204857349
temporal_acceleration:state_sequence,40,0.2785930318120407,0.077614077374224724
temporal_acceleration:state_sequence,41,-0.012823002174089382,0.00016442938475670101
temporal_acceleration:state_sequence,42,0.49997588495053091,0.24997588553206651
temporal_acceleration:state_sequence,43,-0.14718856130372016,0.021664472578658986
temporal_acceleration:state_sequence,44,-0.030139992909317126,0.00090841917257368661
temporal_acceleration:state_sequence,45,0.28227951582855637,0.07968172505640421
temporal_acceleration:state_sequence,46,-0.42475699010076068,0.18041850063945772
temporal_acceleration:state_sequence,47,-0.031281578509545493,0.00097853715404885855
temporal_acceleration:state_sequence,48,-0.14963280253961708,0.022389975595860038
temporal_acceleration:state_sequence,49,0.2247031570269637,0.050491508777884303
temporal_acceleration:state_sequence,50,-0.020868794685857672,0.0004355065916404814
temporal_acceleration:state_sequence,51,-0.17463738079357152,0.030498214770438903
temporal_acceleration:state_sequence,52,0.355372782791611,0.12628981474905354
temporal_acceleration:state_sequence,53,-0.028477492758727241,0.00081096759382336245
temporal_acceleration:state_sequence,54,-0.155330988945587,0.02412771612681407
temporal_acceleration:state_sequence,55,0.29817689354004973,0.088909459841194152
temporal_acceleration:state_sequence,56,-0.037181678447550937,0.0013824772121770739
temporal_acceleration:state_sequence,57,-0.063214916452651593,0.0039961256621157213
temporal_acceleration:state_sequence,58,0.21736632890118707,0.04724812093997903
temporal_acceleration:state_sequence,59,-0.045076797115961575,0.0020319176382335618
temporal_acceleration:state_sequence,60,-0.078512029621307933,0.006164138795257134
temporal_acceleration:state_sequence,61,0.17974938989599953,0.032309843167984062
temporal_acceleration:state_sequence,62,-0.040694479017633345,0.0016560406225166007
temporal_acceleration:state_sequence,63,-0.097143084122672807,0.0094367787928646852
temporal_acceleration:state_sequence,64,0.16363051941871695,0.026774946885239105
temporal_acceleration:state_sequence,65,-0.031066815146740812,0.00096514700336176428
temporal_acceleration:state_sequence,66,-0.31593813483821342,0.099816905045049129
temporal_acceleration:state_sequence,67,-0.089365275739487493,0.0079861525079946323
temporal_acceleration:state_sequence,68,-0.015926940365906805,0.00025366742941915161
temporal_acceleration:state_sequence,69,-0.19571655979487845,0.038304971777942232
temporal_acceleration:state_sequence,70,-0.23574274439512211,0.055574641534943875
temporal_acceleration:state_sequence,71,-0.012076852735465327,0.00014585037199411633
temporal_acceleration:state_sequence,72,-0.037503717418358173,0.0014065288201960623
temporal_acceleration:state_sequence,73,0.06925959723872277,0.004796891809670095
temporal_acceleration:state_sequence,74,0.015599031770241467,0.00024332979216900265
temporal_acceleration:state_sequence,75,0.039960951430861591,0.0015968776392596791
temporal_acceleration:state_sequence,76,0.18218857133828051,0.033192675526283723
temporal_acceleration:state_sequence,77,0.044898676960603012,0.0020158911928125837
temporal_acceleration:state_sequence,78,0.011776022629775562,0.00013867470897698615
temporal_acceleration:state_sequence,79,0.13544062808697993,0.018344163736595618
temporal_acceleration:state_sequence,80,0.077318099694845266,0.0059780885404220312
temporal_acceleration:state_sequence,81,0.1334914997697427,0.017819980510775216
temporal_acceleration:state_sequence,82,0.13474359746388304,0.018155837057508947
temporal_acceleration:state_sequence,83,0.10937761888981656,0.011963463514005956
temporal_acceleration:state_sequence,84,0.037999981686587109,0.0014439986081809556
temporal_acceleration:state_sequence,85,-0.0031336291801783989,9.8196318388655436e-06
temporal_acceleration:state_sequence,86,0.15115150849446257,0.02284677852015159
temporal_acceleration:state_sequence,87,0.0035849114846876751,1.2851590353045591e-05
temporal_acceleration:state_sequence,88,0.10566443521147717,0.011164972868560457
temporal_acceleration:state_sequence,89,0.21094594495439933,0.044498191692704477
temporal_acceleration:state_sequence,90,-0.050645843995437839,0.0025650015140102271
temporal_acceleration:state_sequence,91,0.3886424624995804,0.15104296365773776
temporal_acceleration:state_sequence,92,0.29032938391830854,0.084291151166384595
temporal_acceleration:state_sequence,93,0.080755334881821572,0.0065214241118751477
temporal_acceleration:state_sequence,94,0.12719303901006224,0.016178069172615214
temporal_acceleration:state_sequence,95,0.35028259377877236,0.12269789550438445
temporal_acceleration:state_sequence,96,-0.0070091150126932317,4.9127693261161638e-05
temporal_acceleration:state_sequence,97,-0.18084615089466805,0.032705330293417045
temporal_acceleration:state_sequence,98,0.42987456141421188,0.18479213855106102
temporal_acceleration:state_sequence,99,-0.034926445088484734,0.0012198565665189395
temporal_acceleration:state_sequence,100,2.6529235782052742,7.0380035117974762
temporal_acceleration:state_sequence,101,0.54605229085356033,0.29817310434642125
temporal_acceleration:state_sequence,102,0.15694076442328064,0.024630403537763673
temporal_acceleration:state_sequence,103,-4.3636229134945301,19.041204931174491
temporal_acceleration:state_sequence,104,0.69774548992360685,0.48684876870873417
temporal_acceleration:state_sequence,105,0.12007492832338908,0.014417988411867024
temporal_acceleration:state_sequence,106,1.5001459438287084,2.2504378527857263
temporal_acceleration:state_sequence,107,0.48376991053177276,0.23403332633591942
temporal_acceleration:state_sequence,108,0.081889761276371792,0.0067059330019011614
temporal_acceleration:state_sequence,109,-1.6419243056556161,2.6959154255026769
temporal_acceleration:state_sequence,110,0.53865162398835098,0.29014557202528785
temporal_acceleration:state_sequence,111,-0.0068481076303924387,4.689657811743914e-05
temporal_acceleration:state_sequence,112,0.23773831349989177,0.05651950570577282
temporal_acceleration:state_sequence,113,0.38848791353243151,0.15092285896078197
temporal_acceleration:state_sequence,114,-0.014061018370802036,0.00019771223762403236
temporal_acceleration:state_sequence,115,0.1032584409015094,0.01066230561741051
temporal_acceleration:state_sequence,116,0.31423904611406206,0.098746178102675622
temporal_acceleration:state_sequence,117,0.0033864467753403488,1.1468021762213047e-05
temporal_acceleration:state_sequence,118,0.1099852626761004,0.012096758005930804
temporal_acceleration:state_sequence,119,0.24717556911729721,0.061095761968459769
temporal_acceleration:state_sequence,120,-0.0077026374033401651,5.933062296733492e-05
temporal_acceleration:state_sequence,121,0.12008740166332271,0.014420984038248203
temporal_acceleration:state_sequence,122,0.1907936038865965,0.036402199284035493
temporal_acceleration:state_sequence,123,-0.019331229641939215,0.00037369643946938934
temporal_acceleration:state_sequence,124,0.16337314349827881,0.026690784016509199
temporal_acceleration:state_sequence,125,0.14359635948431038,0.020619914457147295
temporal_acceleration:state_sequence,126,-0.023140098117375857,0.00053546414088178164
temporal_acceleration:state_sequence,127,0.15358764213538201,0.023589163816706171
temporal_acceleration:state_sequence,128,0.10351530240002571,0.010715417830968769
temporal_acceleration:state_sequence,129,-0.016304587879163238,0.00026583958590935676
temporal_acceleration:state_sequence,130,0.14872214358087429,0.022118275991290189
temporal_acceleration:state_sequence,131,0.069288283637292114,0.004800866249401842
temporal_acceleration:state_sequence,132,0.28803566277335146,0.082964543029283841
temporal_acceleration:state_sequence,133,-0.11241121806110012,0.012636281945980201
temporal_acceleration:state_sequence,134,0.029981309028426217,0.00089887889105799137
temporal_acceleration:state_sequence,135,0.594026683388022,0.35286770057697331
temporal_acceleration:state_sequence,136,-0.4833287519362533,0.23360668244825628
temporal_acceleration:state_sequence,137,-0.0063061409827036563,3.9767414093734638e-05
temporal_acceleration:state_sequence,138,-0.062756104729075751,0.0039383286807667239
temporal_acceleration:state_sequence,139,-0.06332288894648215,0.0040097882645285113
temporal_acceleration:state_sequence,140,-0.0092678513205379787,8.5893068099597561e-05
temporal_acceleration:state_sequence,141,0.056746769147456161,0.0032201958086746823
temporal_acceleration:state_sequence,142,0.06834228557544772,0.0046706679976760493
temporal_acceleration:state_sequence,143,-0.038471415076479776,0.0014800497779867954
temporal_acceleration:state_sequence,144,-0.083225246899745892,0.0069264417215236631
temporal_acceleration:state_sequence,145,0.15282186612986734,0.023354522767415096
temporal_acceleration:state_sequence,146,-0.055143064487506166,0.0030407575610732636
temporal_acceleration:state_sequence,147,-0.091884565357708281,0.008442773350974965
temporal_acceleration:state_sequence,148,0.16318451260902658,0.026629185155445555
temporal_acceleration:state_sequence,149,-0.077469854087841572,0.0060015782923914639
temporal_acceleration:state_sequence,150,-0.1323762115328353,0.017523461379785957
temporal_acceleration:state_sequence,151,0.13589806508921401,0.018468284094992248
temporal_acceleration:state_sequence,152,-0.096235673243716402,0.0092613048046713536
temporal_acceleration:state_sequence,153,-0.62892500980095356,0.39554666795312954
temporal_acceleration:state_sequence,154,-0.28537494561936605,0.081438859587256135
temporal_acceleration:state_sequence,155,-0.10469789944911323,0.010961650149056625
temporal_acceleration:state_sequence,156,-0.30462566886931219,0.092796798134075834
temporal_acceleration:state_sequence,157,-0.17902210575892447,0.032048914350359538
temporal_acceleration:state_sequence,158,-0.1310989637823945,0.017186938304817583
temporal_acceleration:state_sequence,159,-0.043773144536251862,0.0019160881825915962
temporal_acceleration:state_sequence,160,0.2410670759970801,0.058113335129781993
temporal_acceleration:state_sequence,161,-0.13941346598357329,0.019436114497552948
temporal_acceleration:state_sequence,162,-0.034591003688844157,0.0011965375362016301
temporal_acceleration:state_sequence,163,0.24776242532830728,0.06138621940456504
temporal_acceleration:state_sequence,164,-0.15056049785052705,0.02266846351299856
temporal_acceleration:state_sequence,165,-0.026891554419808672,0.00072315569911353135
temporal_acceleration:state_sequence,166,0.21131749970342839,0.044655085680908459
temporal_acceleration:state_sequence,167,-0.16031592125733685,0.025701194608588628
temporal_acceleration:state_sequence,168,-0.042485753219898836,0.0018050392266621444
temporal_acceleration:state_sequence,169,0.22115816127558946,0.048910932298799635
temporal_acceleration:state_sequence,170,-0.16391898436787233,0.026869433436194773
temporal_acceleration:state_sequence,171,-0.039245526959138383,0.0015402113863004576
temporal_acceleration:state_sequence,172,0.25478776052151153,0.064916802911567109
temporal_acceleration:state_sequence,173,-0.1646077980751226,0.027095727187140338
temporal_acceleration:state_sequence,174,0.019320392360702432,0.00037327756097148892
temporal_acceleration:state_sequence,175,0.26033606189341724,0.067774865122173164
temporal_acceleration:state_sequence,176,-0.16562094199130684,0.027430296426087825
temporal_acceleration:state_sequence,177,-0.008051733310210224,6.4830409298748893e-05
temporal_acceleration:state_sequence,178,0.26553249855785011,0.070507507790374666
temporal_acceleration:state_sequence,179,-0.16006672273254363,0.025621355726336999
temporal_acceleration:state_sequence,180,0.00081424745479577454,6.6299891764139689e-07
temporal_acceleration:state_sequence,181,0.24354579340177351,0.05931455348369935
temporal_acceleration:state_sequence,182,-0.15311445836565518,0.023444037360607954
temporal_acceleration:state_sequence,183,-0.022393442414591971,0.00050146626317564675
temporal_acceleration:state_sequence,184,0.22711393317727196,0.051580738643250357
temporal_acceleration:state_sequence,185,-0.14246906691790517,0.020297435028458544
temporal_acceleration:state_sequence,186,0.0894011799428783,0.0079925709751789056
temporal_acceleration:state_sequence,187,0.032469505500653459,0.0010542687874569652
temporal_acceleration:state_sequence,188,-0.13441059575576286,0.018066208251419098
temporal_acceleration:state_sequence,189,0.10024351159990935,0.010048761617881161
temporal_acceleration:state_sequence,190,-1.4320979222402936,2.0509044588849661
temporal_acceleration:state_sequence,191,-0.12325871307339309,0.015192710348509044
temporal_acceleration:state_sequence,192,0.1029631179340401,0.010601403654699051
temporal_acceleration:state_sequence,193,-1.2632750243620174,1.5958637871768557
temporal_acceleration:state_sequence,194,-0.11978843165585396,0.014349268358569194
temporal_acceleration:state_sequence,195,-0.010630166493437159,0.00011300043967819406
temporal_acceleration:state_sequence,196,0.083519107135207743,0.0069754412566623092
temporal_acceleration:state_sequence,197,-0.12342888263723317,0.015234689069075881
temporal_acceleration:state_sequence,198,0.00056490419162051608,3.1911674571042873e-07
temporal_acceleration:state_sequence,199,0.29868592017717804,0.089213278912087579
temporal_acceleration:state_sequence,200,-0.12201569751733032,0.01488783044064065
temporal_acceleration:state_sequence,201,-0.058311067003925049,0.0034001805351362366
temporal_acceleration:state_sequence,202,0.25809250163512365,0.066611739400276301
temporal_acceleration:state_sequence,203,-0.11917264020746554,0.014202118174018032
temporal_acceleration:state_sequence,204,-0.068288731601828814,0.0046633508637866136
temporal_acceleration:state_sequence,205,0.2423446102212396,0.058730910103284545
temporal_acceleration:state_sequence,206,-0.11337462130058817,0.012853804755051781
temporal_acceleration:state_sequence,207,-0.064737264925969623,0.0041909134700951764
temporal_acceleration:state_sequence,208,0.24702626369123334,0.061021974953250749
temporal_acceleration:state_sequence,209,-0.10451726587807908,0.010923858866629074
temporal_acceleration:state_sequence,210,-0.033539140827736277,0.0011248739674627264
temporal_acceleration:state_sequence,211,0.2411193971495848,0.058138563681779207
temporal_acceleration:state_sequence,212,-0.092802468172070718,0.0086122980988281982
temporal_acceleration:state_sequence,213,0.17531452254985763,0.030735181816884539
temporal_acceleration:state_sequence,214,-0.048323382789999259,0.0023351493242687966
temporal_acceleration:state_sequence,215,-0.081402587496826051,0.0066263812511784207
temporal_acceleration:state_sequence,216,0.25851478879916762,0.066829896027878241
temporal_acceleration:state_sequence,217,-0.36566956975969844,0.13371423424824297
temporal_acceleration:state_sequence,218,-0.069755831305973182,0.0048658760011873886
temporal_acceleration:state_sequence,219,0.5198232876721478,0.27021625040628056
temporal_acceleration:state_sequence,220,-0.51294109798508791,0.26310857000214755
temporal_acceleration:state_sequence,221,-0.052071988214663634,0.0027114919566280683
temporal_acceleration:state_sequence,222,0.2791404488138487,0.077919390163996891
temporal_acceleration:state_sequence,223,-0.099552156423944604,0.0099106318486575345
temporal_acceleration:state_sequence,224,-0.03421393204070533,0.0011705931456860029
temporal_acceleration:state_sequence,225,-0.038735049268973469,0.001500404041869802
temporal_acceleration:state_sequence,226,0.35488160211221909,0.12594095151773538
temporal_acceleration:state_sequence,227,-0.015655235795097866,0.00024508640780011349
temporal_acceleration:state_sequence,228,-0.052921387982063917,0.0028006733059481393
temporal_acceleration:state_sequence,229,0.30862652282834274,0.095250330593113566
temporal_acceleration:state_sequence,230,-0.0066658489558557577,4.4433542302283293e-05
temporal_acceleration:state_sequence,231,-0.0073516949648768509,5.404741885659564e-05
temporal_acceleration:state_sequence,232,0.34940514430857872,0.12208395486929872
temporal_acceleration:state_sequence,233,0.0062225911955149371,3.8720641186500015e-05
temporal_acceleration:state_sequence,234,-0.019772887416241516,0.0003909670767753621
temporal_acceleration:state_sequence,235,0.3223261371800239,0.10389413870939558
temporal_acceleration:state_sequence,236,0.018446137743777236,0.00034025999766240314
temporal_acceleration:state_sequence,237,-0.015390459771977248,0.00023686625199284997
temporal_acceleration:state_sequence,238,0.35849698841360733,0.12852009070162612
temporal_acceleration:state_sequence,239,0.033380928558912615,0.0011142863914552277
temporal_acceleration:state_sequence,240,-0.01120723132356484,0.00012560203393989291
temporal_acceleration:state_sequence,241,0.33740252091384859,0.11384046111902003
temporal_acceleration:state_sequence,242,0.04815910967199688,0.0023192998443994236
temporal_acceleration:state_sequence,243,0.060944724688158092,0.0037142594673153866
temporal_acceleration:state_sequence,244,0.12103162892601618,0.014648655200484877
temporal_acceleration:state_sequence,245,0.059202693397431005,0.0035049589055102209
temporal_acceleration:state_sequence,246,0.49110871121713706,0.24118776623335733
temporal_acceleration:state_sequence,247,-2.4963047785853094,6.2315375475878509
temporal_acceleration:state_sequence,248,0.057205568192308931,0.0032724770322049073
temporal_acceleration:state_sequence,249,0.21316116690513975,0.045437683076360848
temporal_acceleration:state_sequence,250,-0.6535167863972523,0.42708419010299187
temporal_acceleration:state_sequence,251,0.068182668208693897,0.0046488762440568378
temporal_acceleration:state_sequence,252,-0.23574881397673775,0.055577503291438499
temporal_acceleration:state_sequence,253,0.33565665260965799,0.11266538844112062
temporal_acceleration:state_sequence,254,0.091034003829615351,0.0082871898532504221
temporal_acceleration:state_sequence,255,-0.22278831978933877,0.049634635434556679
temporal_acceleration:state_sequence,256,0.46418304237867469,0.21546589683192249
temporal_acceleration:state_sequence,257,0.076579900461815065,0.005864481154741503
temporal_acceleration:state_sequence,258,-0.19203977861460858,0.036879276570347876
temporal_acceleration:state_sequence,259,0.39557322018806407,0.15647817252995461
temporal_acceleration:state_sequence,260,0.057593499128860692,0.0033170111419060775
temporal_acceleration:state_sequence,261,-0.94239829890064075,0.88811455377082138
temporal_acceleration:state_sequence,262,0.18292902354044349,0.033463027653460133
temporal_acceleration:state_sequence,263,0.069700282908735645,0.0048581294375577861
temporal_acceleration:state_sequence,264,-0.17245050568073961,0.029739176909542805
temporal_acceleration:state_sequence,265,0.068823638037581736,0.0047366931527280673
temporal_acceleration:state_sequence,266,0.013997884722738441,0.00019594077671107423
temporal_acceleration:state_sequence,267,0.062436262579355917,0.00389828688487828
temporal_acceleration:state_sequence,268,0.24707365882415289,0.061045392884753899
temporal_acceleration:state_sequence,269,-0.0054462310359104649,2.9661432496514374e-05
temporal_acceleration:state_sequence,270,0.084263390968866148,0.0071003190575719931
temporal_acceleration:state_sequence,271,0.27398645430611157,0.075068577143234963
temporal_acceleration:state_sequence,272,-0.017198713869492899,0.00029579575876468738
temporal_acceleration:state_sequence,273,0.018461635171607149,0.00034083197320952213
temporal_acceleration:state_sequence,274,0.22821525787246666,0.052082203925796454
temporal_acceleration:state_sequence,275,-0.025455648009420351,0.00064799001557950631
temporal_acceleration:state_sequence,276,-0.0011381870152171736,1.2954696816089785e-06
temporal_acceleration:state_sequence,277,0.19156388711264322,0.036696722845705514
temporal_acceleration:state_sequence,278,-0.034436386408920328,0.0011858647089044727
temporal_acceleration:state_sequence,279,0.0070638055346383677,4.9897348631187633e-05
temporal_acceleration:state_sequence,280,0.22673912301204885,0.051410629904273017
temporal_acceleration:state_sequence,281,-0.039971336651634104,0.0015977077537182678
temporal_acceleration:state_sequence,282,0.018714954442404508,0.00035024951978127619
temporal_acceleration:state_sequence,283,0.29029486419832484,0.084271108179923865
temporal_acceleration:state_sequence,284,-0.04274466121492182,0.0018271060623784416
temporal_acceleration:state_sequence,285,0.026281008594021271,0.00069069141271901988
temporal_acceleration:state_sequence,286,-0.028406023372747197,0.00080690216385305999
temporal_acceleration:state_sequence,287,-0.056855942646172331,0.0032325982141848376
temporal_acceleration:state_sequence,288,-0.019241616390000826,0.00037023980129994845
temporal_acceleration:state_sequence,289,-1.3860303714925462,1.9210801906997654
temporal_acceleration:state_sequence,290,-0.079386264810388241,0.0063021790405450862
temporal_acceleration:state_sequence,291,-0.010895566984674976,0.00011871337991753935
temporal_acceleration:state_sequence,292,-0.28407406567320159,0.080698074788102453
temporal_acceleration:state_sequence,293,-0.078954806619258022,0.0062338614882844305
temporal_acceleration:state_sequence,294,0.02426221821921537,0.00058865523291682623
temporal_acceleration:state_sequence,295,0.22225418225573973,0.049396921530167573
temporal_acceleration:state_sequence,296,-0.078869239417245218,0.0062203569262547472
temporal_acceleration:state_sequence,297,-0.012502749690189996,0.00015631874981554604
temporal_acceleration:state_sequence,298,0.25523189957976922,0.065143322563097392
temporal_acceleration:state_sequence,299,-0.08487320183938607,0.0072034603904691666
temporal_acceleration:state_sequence,300,-0.00088886213697819683,7.9007589855344676e-07
temporal_acceleration:state_sequence,301,0.24255145840259854,0.058831209973227487
temporal_acceleration:state_sequence,302,-0.091729098225434846,0.0084142274612514743
temporal_acceleration:state_sequence,303,-0.014258003979684963,0.00020329067748471225
temporal_acceleration:state_sequence,304,0.27776413987726178,0.077152917401755047
temporal_acceleration:state_sequence,305,-0.093753470397062166,0.0087897132114928122
temporal_acceleration:state_sequence,306,0.0036703090188813792,1.3471168294081992e-05
temporal_acceleration:state_sequence,307,0.32828060401837544,0.10776815497466942
temporal_acceleration:state_sequence,308,-0.094417416003955701,0.00891464844486403
temporal_acceleration:state_sequence,309,-0.021059477892246548,0.0004435016090940211
temporal_acceleration:state_sequence,310,0.38244171731958054,0.14626166714634994
temporal_acceleration:state_sequence,311,-0.091214546647999661,0.0083200935202001058
temporal_acceleration:state_sequence,312,-0.011322857191137237,0.00012820709497088822
temporal_acceleration:state_sequence,313,0.43500188303882481,0.18922663824732341
temporal_acceleration:state_sequence,314,-0.087057052657546485,0.0075789304174188219
temporal_acceleration:state_sequence,315,-0.015331766091014193,0.00023506305146957262
temporal_acceleration:state_sequence,316,0.44889680303960888,0.20150833977918142
temporal_acceleration:state_sequence,317,-0.079973448587011831,0.0063957524788994247
temporal_acceleration:state_sequence,318,0.012577121713869127,0.00015818399060547829
temporal_acceleration:state_sequence,319,0.30853141849471399,0.095191636198360338
temporal_acceleration:state_sequence,320,-0.070221399604730728,0.0049310449624472771
temporal_acceleration:state_sequence,321,0.11049594678071553,0.012209354254966718
temporal_acceleration:state_sequence,322,-0.54208997241782841,0.29386153819596195
temporal_acceleration:state_sequence,323,-0.044045969918005135,0.0019400474660178132
temporal_acceleration:state_sequence,324,0.090548591258969857,0.0081990473789839927
temporal_acceleration:state_sequence,325,-3.7303999321184169,13.91588365354909
temporal_acceleration:state_sequence,326,-0.024129587191490387,0.00058223697803173695
temporal_acceleration:state_sequence,327,0.020560842220542358,0.00042274823281803723
temporal_acceleration:state_sequence,328,0.062356891834610961,0.003888381959273371
temporal_acceleration:state_sequence,329,-0.091983736428558061,0.0084610077673584385
temporal_acceleration:state_sequence,330,-0.018378707030851926,0.00033777687212588602
temporal_acceleration:state_sequence,331,0.3707173748144581,0.13743137198932343
temporal_acceleration:state_sequence,332,-0.12574611076128228,0.01581208437158867
temporal_acceleration:state_sequence,333,-0.0039803794887971478,1.5843420874837044e-05
temporal_acceleration:state_sequence,334,0.34543714498640421,0.11932682113635805
temporal_acceleration:state_sequence,335,-0.14935824727602132,0.022307886029365127
temporal_acceleration:state_sequence,336,-0.028068895921843223,0.00078786291827126714
temporal_acceleration:state_sequence,337,0.32599923350621207,0.10627550024663779
temporal_acceleration:state_sequence,338,-0.16862487872786325,0.028434349725986588
temporal_acceleration:state_sequence,339,0.13112267489874652,0.01719315587260237
temporal_acceleration:state_sequence,340,0.22592162959636947,0.051040582719479165
temporal_acceleration:state_sequence,341,-0.1897323807803053,0.035998376316562761
temporal_acceleration:state_sequence,342,0.41549009454971542,0.17263201866893146
temporal_acceleration:state_sequence,343,0.1550642217873123,0.024044912878504777
temporal_acceleration:state_sequence,344,-0.21080471603853734,0.044438628304088366
temporal_acceleration:state_sequence,345,-0.26369479216900998,0.069534943417057363
temporal_acceleration:state_sequence,346,-0.36016594574211447,0.12971950847231176
temporal_acceleration:state_sequence,347,-0.21128812585775592,0.044642672128482906
temporal_acceleration:state_sequence,348,-0.0086944085344069222,7.5592739763167923e-05
temporal_acceleration:state_sequence,349,-0.020638002889192472,0.00042592716325431685
temporal_acceleration:state_sequence,350,-0.22400831805868826,0.05017972655948244
temporal_acceleration:state_sequence,351,0.16252451441634855,0.026414217786269886
temporal_acceleration:state_sequence,352,0.27386620761529246,0.075002699673582474
temporal_acceleration:state_sequence,353,-0.2320717841711506,0.053857313008381105
temporal_acceleration:state_sequence,354,-0.064178187559477129,0.0041188397584194245
temporal_acceleration:state_sequence,355,0.3135468937950775,0.098311654608541604
temporal_acceleration:state_sequence,356,-0.23025421917021172,0.053017005445683892
temporal_acceleration:state_sequence,357,-0.049695532426428934,0.0024696459431462498
temporal_acceleration:state_sequence,358,0.22982765112018688,0.052820749219422342
temporal_acceleration:state_sequence,359,-0.23913257817468336,0.057184389944471052
temporal_acceleration:state_sequence,360,-0.080385706989257177,0.0064618618881627102
temporal_acceleration:state_sequence,361,0.19115186561596414,0.036539035728463613
temporal_acceleration:state_sequence,362,-0.23981302555722284,0.057510287226909214
temporal_acceleration:state_sequence,363,-0.075261691963687261,0.0056643222772369472
temporal_acceleration:state_sequence,364,0.15894854335474815,0.02526463943459625
temporal_acceleration:state_sequence,365,-0.2378686164754229,0.056581478703931834
temporal_acceleration:state_sequence,366,-0.47178259704557329,0.22257881887506578
temporal_acceleration:state_sequence,367,-0.12051379037549242,0.01452357367066813
temporal_acceleration:state_sequence,368,-0.22401104211597911,0.050180946989886968
temporal_acceleration:state_sequence,369,-0.3299303370293587,0.10885402729230623
temporal_acceleration:state_sequence,370,-0.25960719714046021,0.067395896807125766
temporal_acceleration:state_sequence,371,-0.22499148668088109,0.050621169078873096
temporal_acceleration:state_sequence,372,0.047613930703871293,0.0022670863970730573
temporal_acceleration:state_sequence,373,0.19426775280214359,0.037739959778794768
temporal_acceleration:state_sequence,374,-0.20656849483260409,0.042670543057407584
temporal_acceleration:state_sequence,375,0.041062083120162324,0.0016860946701671197
temporal_acceleration:state_sequence,376,0.13824747250052338,0.01911236365278297
temporal_acceleration:state_sequence,377,-0.19008263086094379,0.036131406555017821
temporal_acceleration:state_sequence,378,0.074712512054861124,0.0055819594575477688
temporal_acceleration:state_sequence,379,0.13893055239483518,0.019301698388734044
temporal_acceleration:state_sequence,380,-0.1671127623931068,0.02792667535465497
temporal_acceleration:state_sequence,381,0.064496766621407395,0.0041598329046162912
temporal_acceleration:state_sequence,382,0.053522481452473319,0.0028646560208303506
temporal_acceleration:state_sequence,383,-0.14139085847527655,0.019991374860375683
temporal_acceleration:state_sequence,384,0.071861309038670051,0.0051640477367512422
temporal_acceleration:state_sequence,385,0.068203590638969136,0.0046517297760480785
temporal_acceleration:state_sequence,386,-0.10555573761689141,0.011142013743846024
temporal_acceleration:state_sequence,387,0.057351107951844199,0.0032891495833040868
temporal_acceleration:state_sequence,388,0.018474163787497305,0.00034129472764727676
temporal_acceleration:state_sequence,389,-0.065398027250535007,0.0042769019682617196
temporal_acceleration:state_sequence,390,0.0811489959450995,0.0065851595428977755
temporal_acceleration:state_sequence,391,-0.0036281938186161558,1.3163790385444482e-05
temporal_acceleration:state_sequence,392,-0.017981351610735219,0.00032332900574889005
temporal_acceleration:state_sequence,393,0.066955229378287684,0.0044830027410991185
temporal_acceleration:state_sequence,394,-0.013980127467270523,0.00019544396400113172
temporal_acceleration:state_sequence,395,0.036801770249195176,0.0013543702934745471
temporal_acceleration:state_sequence,396,0.21613420793850066,0.046713995841203039
temporal_acceleration:state_sequence,397,-0.57761444494462866,0.33363844700869144
temporal_acceleration:state_sequence,398,0.092725667366339026,0.0085980493885329506
temporal_acceleration:state_sequence,399,0.18400825587562064,0.033859038230387876
temporal_acceleration:state_sequence,400,-0.35329786723341366,0.12481938299167879
temporal_acceleration:state_sequence,401,0.15694583189675426,0.024631994149764247
temporal_acceleration:state_sequence,402,-0.053203771299136421,0.0028306412804508124
temporal_acceleration:state_sequence,403,0.17314459161665491,0.029979049606098204
temporal_acceleration:state_sequence,404,0.23030178825188263,0.053038913672014985
temporal_acceleration:state_sequence,405,0.026504535127676466,0.00070249038233423573
temporal_acceleration:state_sequence,406,0.19336112203689249,0.037388523515366028
temporal_acceleration:state_sequence,407,0.30920882485337697,0.095610097367206354
temporal_acceleration:state_sequence,408,-0.05834124961214688,0.0034037014063068283
temporal_acceleration:state_sequence,409,0.22270762779446898,0.049598687477839735
temporal_acceleration:state_sequence,410,0.40290487161396271,0.16233233557026377
temporal_acceleration:state_sequence,411,-0.061458327940040289,0.0037771260731855366
temporal_acceleration:state_sequence,412,0.024921136014143079,0.00062106302023541917
temporal_acceleration:state_sequence,413,0.50615608836892534,0.25619398579293134
temporal_acceleration:state_sequence,414,0.016765222126996347,0.00028107267296752794
temporal_acceleration:state_sequence,415,0.11122833221785119,0.012371741887964674
temporal_acceleration:state_sequence,416,0.65173917819113669,0.42476395638925823
temporal_acceleration:state_sequence,417,-0.025901014069437921,0.00067086252982522107
temporal_acceleration:state_sequence,418,-0.15862021304119103,0.02516037198523283
temporal_acceleration:state_sequence,419,0.83589214241577992,0.69871567375244248
temporal_acceleration:state_sequence,420,-0.081365256633806005,0.006620304987085112
temporal_acceleration:state_sequence,421,-0.8826696076617967,0.77910563628983009
temporal_acceleration:state_sequence,422,1.1158093402735756,1.2450304838417521
temporal_acceleration:state_sequence,423,0.17962686592888732,0.032265810963434463
temporal_acceleration:state_sequence,424,1.4391947115532662,2.0712814177628891
temporal_acceleration:state_sequence,425,1.4159066692141815,2.0047916959251975
temporal_acceleration:state_sequence,426,-0.031547381040130461,0.00099523725049118286
temporal_acceleration:state_sequence,427,-0.74185635745021461,0.55035085508930059
temporal_acceleration:state_sequence,428,1.0968632338054785,1.2031089536742117
temporal_acceleration:state_sequence,429,0.0076628209628678244,5.8718825108966573e-05
temporal_acceleration:state_sequence,430,-0.26817424832187969,0.071917427463005196
temporal_acceleration:state_sequence,431,0.81443975647131772,0.66331211692105929
temporal_acceleration:state_sequence,432,0.049156947571538809,0.0024164054945510151
temporal_acceleration:state_sequence,433,0.20988173213365419,0.044050341483422968
temporal_acceleration:state_sequence,434,0.62514992581867435,0.39081242975109404
temporal_acceleration:state_sequence,435,0.029462431562555114,0.00086803487357824376
temporal_acceleration:state_sequence,436,0.071262169435958797,0.0050782967927193003
temporal_acceleration:state_sequence,437,0.48243077745918073,0.23273945503986956
temporal_acceleration:state_sequence,438,0.036326587073274401,0.0013196209283921868
temporal_acceleration:state_sequence,439,-0.070010088997094988,0.0049014125613811611
temporal_acceleration:state_sequence,440,0.36881953236594378,0.13602784745463345
temporal_acceleration:state_sequence,441,0.031425804664628569,0.00098758119881939082
temporal_acceleration:state_sequence,442,0.00114034139919875,1.3003785067265629e-06
temporal_acceleration:state_sequence,443,0.27695612612852749,0.076704695800120834
temporal_acceleration:state_sequence,444,0.17857428517787516,0.031888775326789083
temporal_acceleration:state_sequence,445,-0.40929961616484417,0.16752617579268878
temporal_acceleration:state_sequence,446,0.18885423079953445,0.035665920490883823
temporal_acceleration:state_sequence,447,0.18483200730830707,0.03416287092561808
temporal_acceleration:state_sequence,448,-0.12139132197881264,0.01473585305176376
temporal_acceleration:state_sequence,449,0.12322567667138462,0.015184567391120623
temporal_acceleration:state_sequence,450,0.044741310568799236,0.0020017848714137462
temporal_acceleration:state_sequence,451,-0.072518980235798183,0.0052590024944400874
temporal_acceleration:state_sequence,452,0.067593202001253738,0.0045688409567822925
temporal_acceleration:state_sequence,453,0.016457048901391269,0.00027083445854278357
temporal_acceleration:state_sequence,454,0.066282826409316403,0.0043934130768075721
temporal_acceleration:state_sequence,455,0.016262884800288813,0.0002644814220274649
temporal_acceleration:state_sequence,456,-0.01692729472061491,0.0002865333065585574
temporal_acceleration:state_sequence,457,0.045434712374196051,0.0020643130885259239
temporal_acceleration:state_sequence,458,-0.035583919596360314,0.0012662153338402356
temporal_acceleration:state_sequence,459,0.0068284231248337546,4.6627362371764376e-05
temporal_acceleration:state_sequence,460,0.07220265076480395,0.005213222777464244
temporal_acceleration:state_sequence,461,-0.083055834075185242,0.0068982715739247021
temporal_acceleration:state_sequence,462,0.036558609258563191,0.0013365319109203023
temporal_acceleration:state_sequence,463,0.098778451219338759,0.0097571824252912862
temporal_acceleration:state_sequence,464,-0.12548780378779378,0.015747188899483833
temporal_acceleration:state_sequence,465,-0.10724656349183515,0.011501825380808227
temporal_acceleration:state_sequence,466,0.049180997684386552,0.0024187705332316353
temporal_acceleration:state_sequence,467,-0.15298803399884653,0.023405338546832223
temporal_acceleration:state_sequence,468,-0.45997614522328201,0.21157805417446982
temporal_acceleration:state_sequence,469,-0.2571542113795286,0.066128288430227278
temporal_acceleration:state_sequence,470,-0.17626216787717253,0.031068351824760549
temporal_acceleration:state_sequence,471,-0.12597788926853787,0.015870428584555989
temporal_acceleration:state_sequence,472,-0.06727691850626577,0.0045261837636987254
temporal_acceleration:state_sequence,473,-0.21772246616786894,0.04740307227421884
temporal_acceleration:state_sequence,474,0.018875364537829509,0.0003562793864359518
temporal_acceleration:state_sequence,475,0.22687388966535577,0.05147176181188802
temporal_acceleration:state_sequence,476,-0.23398168265018615,0.054747427815812426
temporal_acceleration:state_sequence,477,-0.020994125605132141,0.00044075330992406498
temporal_acceleration:state_sequence,478,0.14058430917174763,0.019763947985297525
temporal_acceleration:state_sequence,479,-0.25914697193191172,0.067157153061479041
temporal_acceleration:state_sequence,480,-0.067339354523946737,0.0045345886677017862
temporal_acceleration:state_sequence,481,0.14911570821592973,0.022235494436738293
temporal_acceleration:state_sequence,482,-0.27189811577210676,0.073928585360421975
temporal_acceleration:state_sequence,483,-0.016794096134118142,0.00028204166496200193
temporal_acceleration:state_sequence,484,0.18461138239481867,0.034081362509725967
temporal_acceleration:state_sequence,485,-0.28553307716909782,0.081529138157653974
temporal_acceleration:state_sequence,486,-0.064320518696608375,0.0041371291254007478
temporal_acceleration:state_sequence,487,0.15817947452880787,0.02502074616220978
temporal_acceleration:state_sequence,488,-0.29208093992880713,0.085311275469695441
temporal_acceleration:state_sequence,489,-0.039323768478527199,0.0015463587673528094
temporal_acceleration:state_sequence,490,0.222886468519711,0.049678377849188125
temporal_acceleration:state_sequence,491,-0.29328956085996616,0.086018766509431799
temporal_acceleration:state_sequence,492,-0.03353265198804134,0.0011244387493510929
temporal_acceleration:state_sequence,493,0.17509791317850326,0.030659279199466666
temporal_acceleration:state_sequence,494,-0.29773171692049072,0.088644175260423216
temporal_acceleration:state_sequence,495,-0.026495136668786834,0.00070199226709769273
temporal_acceleration:state_sequence,496,0.22093728887263631,0.048813285614390745
temporal_acceleration:state_sequence,497,-0.29262608457979455,0.085630025376501079
temporal_acceleration:state_sequence,498,0.0023374336128412221,5.4635958944399678e-06
temporal_acceleration:state_sequence,499,0.20130947593262463,0.040525505100267978
temporal_acceleration:state_sequence,500,-0.28815895669338509,0.08303558432262019
temporal_acceleration:state_sequence,501,-0.018054341607570135,0.00032595925088283817
temporal_acceleration:state_sequence,502,0.2546644287421207,0.064853971266550667
temporal_acceleration:state_sequence,503,-0.27313291492854219,0.074601589217362263
temporal_acceleration:state_sequence,504,-0.011428098727924996,0.00013060144053520089
temporal_acceleration:state_sequence,505,0.23829728194373276,0.056785594581770862
temporal_acceleration:state_sequence,506,-0.25775648841013243,0.066438407317522735
temporal_acceleration:state_sequence,507,-0.010412102189880923,0.00010841187201252311
temporal_acceleration:state_sequence,508,0.27537308138111527,0.075830333949330336
temporal_acceleration:state_sequence,509,-0.23759218545877925,0.056450046591078953
temporal_acceleration:state_sequence,510,0.0037715236309079914,1.4224390498497399e-05
temporal_acceleration:state_sequence,511,0.25111695158629743,0.063059723373994847
temporal_acceleration:state_sequence,512,-0.21514415236256745,0.046287006295807641
temporal_acceleration:state_sequence,513,-0.039237371678792349,0.0015395713362596959
temporal_acceleration:state_sequence,514,0.37438787280171748,0.14016627930099498
temporal_acceleration:state_sequence,515,-0.18861856506877661,0.035576963088604315
temporal_acceleration:state_sequence,516,0.0087120085542925774,7.5899093050067041e-05
temporal_acceleration:state_sequence,517,0.20194892474483583,0.040783368205595368
temporal_acceleration:state_sequence,518,-0.15413884153341328,0.023758782469262694
temporal_acceleration:state_sequence,519,-0.044414937263988902,0.0019726866521640701
temporal_acceleration:state_sequence,520,0.32657581433331362,0.10665176250746693
temporal_acceleration:state_sequence,521,-0.12673381301346875,0.016061459360932864
temporal_acceleration:state_sequence,522,0.21349496389254208,0.045580099607477845
temporal_acceleration:state_sequence,523,-1.6357825455747999,2.6757845364071722
temporal_acceleration:state_sequence,524,-0.0090428442546919285,8.1773032214614824e-05
temporal_acceleration:state_sequence,525,0.14485064815311213,0.020981710270376687
temporal_acceleration:state_sequence,526,-2.5690788708467736,6.6001662446313327
temporal_acceleration:state_sequence,527,0.0092915400155657579,8.6332715860859725e-05
temporal_acceleration:state_sequence,528,0.048033631574797286,0.0023072297622633627
temporal_acceleration:state_sequence,529,-0.78095395348633023,0.60988907746592924
temporal_acceleration:state_sequence,530,-0.016473369027880658,0.00027137188712873773
temporal_acceleration:state_sequence,531,-0.017455695841299274,0.00030470131730395275
temporal_acceleration:state_sequence,532,0.031652001136223407,0.0010018491759274878
temporal_acceleration:state_sequence,533,-0.073520004633098601,0.0054051910812508396
temporal_acceleration:state_sequence,534,0.053469942178421964,0.0028590347165637882
temporal_acceleration:state_sequence,535,0.31377048604675772,0.098451917914018583
temporal_acceleration:state_sequence,536,-0.099250727598332311,0.0098507069287983636
temporal_acceleration:state_sequence,537,0.00013539946028956473,1.8333013846705417e-08
temporal_acceleration:state_sequence,538,0.28068001462348002,0.07878127060903696
temporal_acceleration:state_sequence,539,-0.098985386825423127,0.0097981068049786506
temporal_acceleration:state_sequence,540,-0.0045383998356732236,2.0597073068438743e-05
temporal_acceleration:state_sequence,541,0.30067410383321846,0.090404916715909042
temporal_acceleration:state_sequence,542,-0.098571890596166334,0.0097164176157025842
temporal_acceleration:state_sequence,543,-0.018604933006343277,0.0003461435321705215
temporal_acceleration:state_sequence,544,0.31121672204606571,0.096855848081098123
temporal_acceleration:state_sequence,545,-0.09417775622275748,0.0088694497671531359
temporal_acceleration:state_sequence,546,-0.0026253693807282152,6.8925643852652523e-06
temporal_acceleration:state_sequence,547,0.39789903718243252,0.15832364379070682
temporal_acceleration:state_sequence,548,-0.089832565426206656,0.0080698898110537001
temporal_acceleration:state_sequence,549,-0.036406039037149007,0.0013253996783744175
temporal_acceleration:state_sequence,550,0.39934524189390208,0.15947662222329917
temporal_acceleration:state_sequence,551,-0.081547463314435298,0.0066499887730191711
temporal_acceleration:state_sequence,552,0.020110977716066292,0.00040445142469611498
temporal_acceleration:state_sequence,553,0.43414515292241779,0.18848201380602952
temporal_acceleration:state_sequence,554,-0.0746715492456973,0.0055758402667525969
temporal_acceleration:state_sequence,555,-0.03527853267785902,0.0012445748679027668
temporal_acceleration:state_sequence,556,0.46581071297903665,0.21697962032603846
temporal_acceleration:state_sequence,557,-0.062803527823152017,0.0039442831070334297
temporal_acceleration:state_sequence,558,-0.015097919787275677,0.00022794718190301041
temporal_acceleration:state_sequence,559,0.54138865443988993,0.29310167515623453
temporal_acceleration:state_sequence,560,-0.051709186676007768,0.0026738399866942193
temporal_acceleration:state_sequence,561,-0.040380113212431096,0.0016305535430487523
temporal_acceleration:state_sequence,562,0.61787450777761443,0.38176890736142932
temporal_acceleration:state_sequence,563,-0.037506482835958366,0.0014067362547240394
temporal_acceleration:state_sequence,564,0.00043311293490708169,1.8758681438382598e-07
temporal_acceleration:state_sequence,565,0.56664437422441483,0.32108584684017866
temporal_acceleration:state_sequence,566,-0.020735670182059351,0.0004299680178991453
temporal_acceleration:state_sequence,567,-0.04572283969212429,0.0020905780695116964
temporal_acceleration:state_sequence,568,0.13638510735045822,0.018600897506996013
temporal_acceleration:state_sequence,569,0.019056112249948853,0.00036313541408265076
temporal_acceleration:state_sequence,570,0.03777478299175005,0.0014269342300738089
temporal_acceleration:state_sequence,571,-3.5222583815429331,12.406304106349443
temporal_acceleration:state_sequence,572,0.12073801606069523,0.014577668522272699
temporal_acceleration:state_sequence,573,0.049721338235762524,0.0024722114759551002
temporal_acceleration:state_sequence,574,-1.6780258554929568,2.8157707717028697
temporal_acceleration:state_sequence,575,0.093063228787859664,0.0086607645524215109
temporal_acceleration:state_sequence,576,-0.057188808987388012,0.0032705598733959521
temporal_acceleration:state_sequence,577,0.11142697617983865,0.012415971020582331
temporal_acceleration:state_sequence,578,-0.018113514123863084,0.00032809939391538744
temporal_acceleration:state_sequence,579,0.024939273842743276,0.00062196737980333892
temporal_acceleration:state_sequence,580,0.38839355294834149,0.15084955197183614
temporal_acceleration:state_sequence,581,-0.071545125856675718,0.0051187050338475683
temporal_acceleration:state_sequence,582,0.015881124875414265,0.00025221012730850174
temporal_acceleration:state_sequence,583,0.34510135701170397,0.11909494661131956
temporal_acceleration:state_sequence,584,-0.1022572043581027,0.010456535843134778
temporal_acceleration:state_sequence,585,-0.011212546205628671,0.0001257211924133579
temporal_acceleration:state_sequence,586,0.35234270949173163,0.12414538493197479
temporal_acceleration:state_sequence,587,-0.13116381419624457,0.017203946154506967
temporal_acceleration:state_sequence,588,0.056295466725191923,0.0031691795738071908
temporal_acceleration:state_sequence,589,0.27033834679696711,0.073082821748917254
temporal_acceleration:state_sequence,590,-0.15719477972231388,0.024710198771946783
temporal_acceleration:state_sequence,591,0.57496314882542354,0.33058262250724613
temporal_acceleration:state_sequence,592,-0.34048439559271904,0.11592962364213918
temporal_acceleration:state_sequence,593,-0.18190507092812336,0.033089454829365587
temporal_acceleration:state_sequence,594,0.096567134058303528,0.0093252113802343647
temporal_acceleration:state_sequence,595,-0.16589239833873684,0.027520287826578137
temporal_acceleration:state_sequence,596,-0.1830734765329356,0.033515897809855318
temporal_acceleration:state_sequence,597,-0.081474588856603608,0.0066381086293525971
temporal_acceleration:state_sequence,598,0.29305086599113289,0.085878810058152927
temporal_acceleration:state_sequence,599,-0.18515912813712454,0.034283902732500107
temporal_acceleration:state_sequence,600,-0.15129888881620035,0.022891353757016956
temporal_acceleration:state_sequence,601,0.38463157413365007,0.14794144782052954
temporal_acceleration:state_sequence,602,-0.19767778743214892,0.039076507644069856
temporal_acceleration:state_sequence,603,-0.11806352955817445,0.013938997011733933
temporal_acceleration:state_sequence,604,0.37927424650052388,0.14384895405854015
temporal_acceleration:state_sequence,605,-0.21426320559911893,0.045908721273610308
temporal_acceleration:state_sequence,606,-0.11264776117031611,0.012689518096684577
temporal_acceleration:state_sequence,607,0.24193377553522466,0.058531951744728472
temporal_acceleration:state_sequence,608,-0.2312788348770134,0.053489899462068828
temporal_acceleration:state_sequence,609,-0.041361494145309152,0.0017107731979324433
temporal_acceleration:state_sequence,610,0.25340605396188487,0.064214628184533704
temporal_acceleration:state_sequence,611,-0.24114974455210492,0.058153199297545456
temporal_acceleration:state_sequence,612,-0.10178924443429105,0.010361050282503852
temporal_acceleration:state_sequence,613,0.18958361762352521,0.035941948071223022
temporal_acceleration:state_sequence,614,-0.24173993008338446,0.058438193796719606
temporal_acceleration:state_sequence,615,-0.19980769959260347,0.039923116816488073
temporal_acceleration:state_sequence,616,0.090238610113173856,0.0081430067551574031
temporal_acceleration:state_sequence,617,-0.23742041093540722,0.05636845152873763
temporal_acceleration:state_sequence,618,-0.37832939246048247,0.14313312919951776
temporal_acceleration:state_sequence,619,-0.38826174028825378,0.15074717897166343
temporal_acceleration:state_sequence,620,-0.24519883776800144,0.060122470042778688
temporal_acceleration:state_sequence,621,-0.017627790357139239,0.00031073899287525116
temporal_acceleration:state_sequence,622,0.18662075669777067,0.034827306830448518
temporal_acceleration:state_sequence,623,-0.22900371336465053,0.052442700734799022
temporal_acceleration:state_sequence,624,0.028030820708440651,0.0007857269095887453
temporal_acceleration:state_sequence,625,0.21227118390746896,0.045059055517478512
temporal_acceleration:state_sequence,626,-0.21811988431525986,0.047576283933702342
temporal_acceleration:state_sequence,627,0.015393437278811567,0.00023695791125670566
temporal_acceleration:state_sequence,628,0.15167743179520715,0.023006043315989717
temporal_acceleration:state_sequence,629,-0.20272872235935768,0.04109893486945753
temporal_acceleration:state_sequence,630,0.010534494721615856,0.00011097557903975233
temporal_acceleration:state_sequence,631,0.136041322338048,0.018507241383484679
temporal_acceleration:state_sequence,632,-0.18024102970053413,0.032486828787508824
temporal_acceleration:state_sequence,633,0.04179850981368638,0.0017471154226448367
temporal_acceleration:state_sequence,634,0.10461772074312162,0.010944867493485779
temporal_acceleration:state_sequence,635,-0.15484727483281446,0.023977678523149176
temporal_acceleration:state_sequence,636,0.013425914998365929,0.00018025519354334719
temporal_acceleration:state_sequence,637,0.099578474372559803,0.0099158725583665501
temporal_acceleration:state_sequence,638,-0.1193662205882684,0.014248294617527151
temporal_acceleration:state_sequence,639,0.036647745482516342,0.001343057248951297
temporal_acceleration:state_sequence,640,0.046855783299012896,0.0021954644285640556
temporal_acceleration:state_sequence,641,-0.08223886246290224,0.0067632304991921514
temporal_acceleration:state_sequence,642,0.046444529705928078,0.0021570943396048356
temporal_acceleration:state_sequence,643,0.01343011986984527,0.00018036811971841271
temporal_acceleration:state_sequence,644,-0.038156945625450467,0.0014559524994635835
temporal_acceleration:state_sequence,645,0.012889293511820013,0.00016613388723384548
temporal_acceleration:state_sequence,646,0.0014909974370665852,2.2230733573391255e-06
temporal_acceleration:state_sequence,647,0.014501849571496583,0.00021030364099431563
temporal_acceleration:state_sequence,648,0.04177222306001302,0.0017449186193754834
temporal_acceleration:state_sequence,649,-0.075073199760717288,0.0056359853223125625
temporal_acceleration:state_sequence,650,0.073244882417133894,0.0053648128002997701
temporal_acceleration:state_sequence,651,0.018884697287348644,0.00035663179163479325
temporal_acceleration:state_sequence,652,-0.20420169110514891,0.041698330650202647
temporal_acceleration:state_sequence,653,0.14347189983043296,0.02058418604095379
temporal_acceleration:state_sequence,654,0.12488834000116994,0.015597097468247823
temporal_acceleration:state_sequence,655,-1.3141584746272841,1.72701249643471
temporal_acceleration:state_sequence,656,0.2496410638507196,0.062320660760519064
temporal_acceleration:state_sequence,657,0.050638843114769634,0.0025642924320022518
temporal_acceleration:state_sequence,658,0.015981523732020164,0.00025540910079712369
temporal_acceleration:state_sequence,659,0.24721555979598242,0.06111553300524096
temporal_acceleration:state_sequence,660,0.0077937817392029901,6.0743033798333989e-05
temporal_acceleration:state_sequence,661,0.17097698961816393,0.029233130978889736
temporal_acceleration:state_sequence,662,0.30407807370236295,0.09246347490653968
temporal_acceleration:state_sequence,663,0.0042300853582322162,1.7893622137930579e-05
temporal_acceleration:state_sequence,664,0.17129046914121729,0.029340424818618312
temporal_acceleration:state_sequence,665,0.38292428763959108,0.14663101006428828
temporal_acceleration:state_sequence,666,-0.028405569156829819,0.00080687635912344148
temporal_acceleration:state_sequence,667,0.39694780007035746,0.15756755598069647
temporal_acceleration:state_sequence,668,0.46817763069397222,0.21919029388222144
temporal_acceleration:state_sequence,669,0.031869224834824988,0.0010156474915726259
temporal_acceleration:state_sequence,670,0.61256704589113087,0.3752383857117868
temporal_acceleration:state_sequence,671,0.57426874515278115,0.32978459165934992
temporal_acceleration:state_sequence,672,-0.0087505988078009737,7.657297949508782e-05
temporal_acceleration:state_sequence,673,-1.6130264124635059,2.6018542073048883
temporal_acceleration:state_sequence,674,0.85227014370659604,0.72636439785366191
temporal_acceleration:state_sequence,675,0.044215598926044195,0.0019550191883888003
temporal_acceleration:state_sequence,676,1.5949934400474657,2.5440040737944485
temporal_acceleration:state_sequence,677,0.66406532493624437,0.44098275578267981
temporal_acceleration:state_sequence,678,0.01227974454261916,0.00015079212603198505
temporal_acceleration:state_sequence,679,-1.0028016993192126,1.0056112481575004
temporal_acceleration:state_sequence,680,0.72531264093947112,0.52607842710659014
temporal_acceleration:state_sequence,681,0.011620793768761187,0.00013504284781607886
temporal_acceleration:state_sequence,682,0.012559630010711351,0.00015774430600596121
temporal_acceleration:state_sequence,683,0.51974088245198835,0.27013058489197156
temporal_acceleration:state_sequence,684,0.0042413371975601882,1.798894122340771e-05
temporal_acceleration:state_sequence,685,0.092746562831936427,0.0086019249171383309
temporal_acceleration:state_sequence,686,0.40894291519310566,0.1672343078866356
temporal_acceleration:state_sequence,687,0.00051958832832854282,2.6997203093524961e-07
temporal_acceleration:state_sequence,688,0.060733064263035638,0.0036885050947780165
temporal_acceleration:state_sequence,689,0.32359887504180562,0.10471623192832213
temporal_acceleration:state_sequence,690,0.10426858135831781,0.010871937058476139
temporal_acceleration:state_sequence,691,-0.09960572699162823,0.0099213008495307765
temporal_acceleration:state_sequence,692,0.25372961639281988,0.064378718234847532
temporal_acceleration:state_sequence,693,0.1968581323011524,0.038753124253098022
temporal_acceleration:state_sequence,694,-0.094870553405183494,0.0090004219034057736
temporal_acceleration:state_sequence,695,0.19316952474224269,0.037314465289143915
temporal_acceleration:state_sequence,696,0.081535995745498482,0.0066481186022099466
temporal_acceleration:state_sequence,697,-0.057169824266559754,0.0032683888066693248
temporal_acceleration:state_sequence,698,0.14596109806899182,0.021304642149505847
temporal_acceleration:state_sequence,699,-0.01822420344881219,0.00033212159134369813
temporal_acceleration:state_sequence,700,0.06527663406440197,0.0042610389547778436
temporal_acceleration:state_sequence,701,0.10798817518424819,0.011661445979623876
temporal_acceleration:state_sequence,702,0.01120655465192695,0.00012558686716662558
temporal_acceleration:state_sequence,703,0.057025756958856873,0.0032519369567306131
temporal_acceleration:state_sequence,704,0.070034719730871497,0.004904861967781721
temporal_acceleration:state_sequence,705,0.018408984486070132,0.00033889070980837077
temporal_acceleration:state_sequence,706,0.087975841050849102,0.0077397486086042662
temporal_acceleration:state_sequence,707,0.042966720179793416,0.0018461390430086668
temporal_acceleration:state_sequence,708,-0.16356222093001194,0.026752600115558033
temporal_acceleration:state_sequence,709,0.085289419932375807,0.0072742851524011439
temporal_acceleration:state_sequence,710,0.033089514022571764,0.0010949159382499735
temporal_acceleration:state_sequence,711,-0.25884673495609939,0.067001632197433159
temporal_acceleration:state_sequence,712,-0.21870197529892893,0.047830553999653323
temporal_acceleration:state_sequence,713,0.011908142412248024,0.00014180385571038018
