factor_id,residual_index,value,squared_error
point_reprojection:measurement_ir,0,0.26760557119112038,0.071612741732525798
point_reprojection:measurement_ir,1,5.8161828236262281,33.827982637844762
point_reprojection:measurement_ir,2,0.51776164163659355,0.26807711755022035
point_reprojection:measurement_ir,3,6.0469483464730214,36.565584304912811
point_reprojection:measurement_ir,4,0.66467358334275561,0.44179097239369908
point_reprojection:measurement_ir,5,7.2809080837566,53.011622524112205
point_reprojection:measurement_ir,6,0.0007020396719099153,4.9285970093538156e-07
point_reprojection:measurement_ir,7,0.012716930230445201,0.00016172031448601103
point_reprojection:measurement_ir,8,-8.6589270244985522e-05,7.4977017215591354e-09
point_reprojection:measurement_ir,9,-0.0039629811228877546,1.5705219380364687e-05
point_reprojection:measurement_ir,10,-0.00014536844480517175,2.1131984745074266e-08
point_reprojection:measurement_ir,11,-0.00011018714239270366,1.2141206348669953e-08
point_reprojection:measurement_ir,12,8.0293907785744523e-05,6.4471116275056452e-09
point_reprojection:measurement_ir,13,0.00033102863481246911,1.0957995706580704e-07
point_reprojection:measurement_ir,14,-0.00013285689169606485,1.7650953671139904e-08
point_reprojection:measurement_ir,15,-0.00025174503581695264,6.3375563058478772e-08
point_reprojection:measurement_ir,16,0.0010726833175567663,1.1506494997645903e-06
point_reprojection:measurement_ir,17,0.0022215466409079452,4.9352694777293751e-06
point_reprojection:measurement_ir,18,-0.15426405601131138,0.023797398977061013
point_reprojection:measurement_ir,19,0.045356424318279666,0.002057205226939831
point_reprojection:measurement_ir,20,-0.71766319175276294,0.51504045679676302
point_reprojection:measurement_ir,21,-0.23843818340744463,0.056852767306642203
point_reprojection:measurement_ir,22,0.13216590448114401,0.017467826307318884
point_reprojection:measurement_ir,23,0.56873657340020434,0.32346128992300599
point_reprojection:measurement_ir,24,1.3512595256958548,1.8259023057837866
point_reprojection:measurement_ir,25,2.474724426376949,6.1242609865067195
point_reprojection:measurement_ir,26,1.6805447606805501,2.8242306926508474
point_reprojection:measurement_ir,27,6.1622061405507704,37.972784518641625
point_reprojection:measurement_ir,28,1.6044886217439398,2.5743837373057676
point_reprojection:measurement_ir,29,9.2777216046152677,86.076118172744899
point_reprojection:measurement_ir,30,0.0017143313661108551,2.9389320328315107e-06
point_reprojection:measurement_ir,31,0.017490852244807086,0.00030592991224967308
point_reprojection:measurement_ir,32,-0.00066302393727255546,4.3960074139640155e-07
point_reprojection:measurement_ir,33,-0.0089850036624714129,8.0730290814624709e-05
point_reprojection:measurement_ir,34,8.8033905100246557e-05,7.7499684471992167e-09
point_reprojection:measurement_ir,35,0.0047785691797715656,2.2834723405862694e-05
point_reprojection:measurement_ir,36,-2.0214760709222901e-05,4.0863655053114196e-10
point_reprojection:measurement_ir,37,-0.0012587646123664697,1.5844883493461087e-06
point_reprojection:measurement_ir,38,-1.6930093397604651e-05,2.8662806245161663e-10
point_reprojection:measurement_ir,39,-9.2860022211169727e-05,8.6229837250589357e-09
point_reprojection:measurement_ir,40,-2.170109116718777e-05,4.7093735784659508e-10
point_reprojection:measurement_ir,41,-0.00010260812366219342,1.0528427041475976e-08
point_reprojection:measurement_ir,42,-2.3578684750873438e-05,5.5595437458107167e-10
point_reprojection:measurement_ir,43,-0.00012069536736113664,1.4567371702439726e-08
point_reprojection:measurement_ir,44,-2.48298580561368e-05,6.1652185108790156e-10
point_reprojection:measurement_ir,45,-0.00012383482186052676,1.5335063105228397e-08
point_reprojection:measurement_ir,46,-2.1114057649356258e-05,4.4580343042033951e-10
point_reprojection:measurement_ir,47,-0.00011241511457356524,1.2637157984587799e-08
point_reprojection:measurement_ir,48,-0.00019213916903709104,3.6917460278263843e-08
point_reprojection:measurement_ir,49,-0.00062570406277124842,3.915055741684464e-07
point_reprojection:measurement_ir,50,0.00060548157811467717,3.6660794143623993e-07
point_reprojection:measurement_ir,51,0.0029252810233030679,8.5572690652970436e-06
point_reprojection:measurement_ir,52,-0.00040638021723680138,1.6514488096142988e-07
point_reprojection:measurement_ir,53,-0.0029959743482688593,8.9758622954850153e-06
point_reprojection:measurement_ir,54,0.00017092507407596714,2.9215380947874856e-08
point_reprojection:measurement_ir,55,0.00090022372377589481,8.1040275284893859e-07
point_reprojection:measurement_ir,56,8.1263353649774214e-06,6.6037326464082723e-11
point_reprojection:measurement_ir,57,0.0018494907653277437,3.4206160910326031e-06
point_reprojection:measurement_ir,58,2.8970053426746746e-05,8.3926399554856092e-10
point_reprojection:measurement_ir,59,-0.0004534784235218581,2.056426805998697e-07
point_reprojection:measurement_ir,60,-0.00044039635727131097,1.9394895149784017e-07
point_reprojection:measurement_ir,61,0.0012897726727061354,1.6635135472595279e-06
point_reprojection:measurement_ir,62,0.0021443131293381159,4.598078796651823e-06
point_reprojection:measurement_ir,63,0.0016454701475083766,2.7075720063412387e-06
point_reprojection:measurement_ir,64,0.7946211636366115,0.63142279369920251
point_reprojection:measurement_ir,65,0.20584936252961938,0.042373960053850669
point_reprojection:measurement_ir,66,-0.099848165415983209,0.009969656136937545
point_reprojection:measurement_ir,67,0.0012154795785306761,1.47739060582511e-06
point_reprojection:measurement_ir,68,-0.80741222486894915,0.65191450086782654
point_reprojection:measurement_ir,69,2.0353728131552034,4.1427424885313267
point_reprojection:measurement_ir,70,-0.00092944245491253239,8.6386327699383485e-07
point_reprojection:measurement_ir,71,0.0031976885384978004,1.0225211989240199e-05
point_reprojection:measurement_ir,72,0.00014485274396065507,2.0982317432931093e-08
point_reprojection:measurement_ir,73,0.00040079382091846584,1.6063568688642327e-07
point_reprojection:measurement_ir,74,0.0001707798351844758,2.916575210563672e-08
point_reprojection:measurement_ir,75,0.00022162892946084867,4.9119382373961837e-08
point_reprojection:measurement_ir,76,2.9314995754248229e-05,8.5936897607159169e-10
point_reprojection:measurement_ir,77,-0.00047185265500324645,2.2264492803361273e-07
point_reprojection:measurement_ir,78,-0.00042287288531497327,1.7882147713461052e-07
point_reprojection:measurement_ir,79,-0.00026970947052227243,7.2743198489404541e-08
point_reprojection:measurement_ir,80,0.00039073862581062713,1.5267667370037728e-07
point_reprojection:measurement_ir,81,-8.7992533887515381e-05,7.7426860199455425e-09
point_reprojection:measurement_ir,82,-0.0002349178133499663,5.5186379029129609e-08
point_reprojection:measurement_ir,83,-0.00018238331572497656,3.3263673854836481e-08
point_reprojection:measurement_ir,84,-2.2907016159479099e-05,5.2473138933063655e-10
point_reprojection:measurement_ir,85,-0.00020849327636014437,4.3469446287387539e-08
point_reprojection:measurement_ir,86,0.00011182440980519459,1.2504698628280099e-08
point_reprojection:measurement_ir,87,-3.4490661053432348e-05,1.1896056999027551e-09
point_reprojection:measurement_ir,88,-0.00020001122977646445,4.0004492036693663e-08
point_reprojection:measurement_ir,89,-0.0003416682054574238,1.1673716262049637e-07
point_reprojection:measurement_ir,90,-5.9756242990260947e-06,3.5708085763111104e-11
point_reprojection:measurement_ir,91,-0.00066087897661404327,4.3676102173042515e-07
point_reprojection:measurement_ir,92,-0.001182999215984637,1.3994871450202659e-06
point_reprojection:measurement_ir,93,-0.0027001474000044822,7.2907959817509653e-06
point_reprojection:measurement_ir,94,0.0039508208604956963,1.5608985471727954e-05
point_reprojection:measurement_ir,95,0.015893118654983596,0.00025259122058138761
point_reprojection:measurement_ir,96,3.3540902074105361,11.249921119447253
point_reprojection:measurement_ir,97,9.0728234616800449,82.316125566811877
point_reprojection:measurement_ir,98,2.7390914840977758,7.5026221582569557
point_reprojection:measurement_ir,99,4.9217981529227757,24.224097058114047
point_reprojection:measurement_ir,100,2.4177119016861068,5.8453308395546513
point_reprojection:measurement_ir,101,9.5560608849287547,91.318299636465341
point_reprojection:measurement_ir,102,0.002875760632946367,8.2699992180040894e-06
point_reprojection:measurement_ir,103,0.017137685348885157,0.00029370025911739294
point_reprojection:measurement_ir,104,-0.00089997920745190643,8.099625738457616e-07
point_reprojection:measurement_ir,105,-0.0050184036158952951,2.5184374852030971e-05
point_reprojection:measurement_ir,106,-0.00018113382886895125,3.2809463960726519e-08
point_reprojection:measurement_ir,107,0.00039124737707112444,1.5307451006503462e-07
point_reprojection:measurement_ir,108,9.9008162828795326e-05,9.8026163067332488e-09
point_reprojection:measurement_ir,109,0.00023153459738480819,5.3608269786145224e-08
point_reprojection:measurement_ir,110,1.2928614478369126e-05,1.671490723302958e-10
point_reprojection:measurement_ir,111,-0.00033987471694203465,1.1551482321642817e-07
point_reprojection:measurement_ir,112,-1.6680157455084554e-05,2.7822765272641279e-10
point_reprojection:measurement_ir,113,3.3828008930214534e-05,1.1443341881826742e-09
point_reprojection:measurement_ir,114,-5.5080450351852051e-05,3.0338560109628386e-09
point_reprojection:measurement_ir,115,-0.00017515811337744935,3.0680364681947401e-08
point_reprojection:measurement_ir,116,0.00020631671554838249,4.2566587114672171e-08
point_reprojection:measurement_ir,117,-0.00020084545744651904,4.033889777690149e-08
point_reprojection:measurement_ir,118,-0.00033110204237800643,1.0962856246688716e-07
point_reprojection:measurement_ir,119,0.00074366504784961762,5.5303770339317407e-07
point_reprojection:measurement_ir,120,0.00024265158660909946,5.8879792483913299e-08
point_reprojection:measurement_ir,121,-0.00055503623320589672,3.0806522017139056e-07
point_reprojection:measurement_ir,122,-0.00012996089519674571,1.6889834280339521e-08
point_reprojection:measurement_ir,123,0.0004046603617666733,1.6375000838513492e-07
point_reprojection:measurement_ir,124,-0.00012016604889595329,1.4439879307264636e-08
point_reprojection:measurement_ir,125,-0.00031301980662874486,9.7981399341896816e-08
point_reprojection:measurement_ir,126,0.0011515362665704743,1.3260357732270666e-06
point_reprojection:measurement_ir,127,0.0039014848591733655,1.5221584106359015e-05
point_reprojection:measurement_ir,128,0.37210817679713271,0.13846449523928617
point_reprojection:measurement_ir,129,1.6099294944909672,2.5918729772319411
point_reprojection:measurement_ir,130,-0.48348023715720956,0.23375313972159159
point_reprojection:measurement_ir,131,0.50168338136851387,0.2516862151413457
point_reprojection:measurement_ir,132,-1.0438355473951106,1.0895926500056503
point_reprojection:measurement_ir,133,2.2205374090202015,4.9307863848581492
point_reprojection:measurement_ir,134,-0.0011201085510720078,1.2546431661846325e-06
point_reprojection:measurement_ir,135,0.0036661569597498554,1.3440706853522303e-05
point_reprojection:measurement_ir,136,0.00077139979400726584,5.9505764219445219e-07
point_reprojection:measurement_ir,137,-0.00185891684321291,3.4555718299806509e-06
point_reprojection:measurement_ir,138,-7.4913441790158688e-05,5.6120237608474945e-09
point_reprojection:measurement_ir,139,0.0023123236614672749,5.3468407153814246e-06
point_reprojection:measurement_ir,140,0.00016033102212986705,2.5706036657207917e-08
point_reprojection:measurement_ir,141,0.00014229329354762399,2.0247381388630292e-08
point_reprojection:measurement_ir,142,-0.00072760023022055975,5.2940209501701154e-07
point_reprojection:measurement_ir,143,-0.0018799125177684673,3.5340710744625779e-06
point_reprojection:measurement_ir,144,0.00084367175299348684,7.1178202679910309e-07
point_reprojection:measurement_ir,145,0.0013095943181524561,1.7150372781371963e-06
point_reprojection:measurement_ir,146,-0.00019835656356690379,3.9345326310071145e-08
point_reprojection:measurement_ir,147,-0.00010296152747237385,1.0601076139444395e-08
point_reprojection:measurement_ir,148,-1.4379065316916241e-06,2.0675751938814355e-12
point_reprojection:measurement_ir,149,-3.0316161986121414e-06,9.190696775687531e-12
point_reprojection:measurement_ir,150,8.3489369103517678e-07,6.9704747533034122e-13
point_reprojection:measurement_ir,151,3.7945174248932288e-06,1.439836248781834e-11
point_reprojection:measurement_ir,152,1.0259760483677384e-06,1.0526268518242799e-12
point_reprojection:measurement_ir,153,6.8592977178383303e-06,4.7049965181942125e-11
point_reprojection:measurement_ir,154,1.483300304698787e-06,2.2001797939195144e-12
point_reprojection:measurement_ir,155,5.8066111724031088e-06,3.3716733307476607e-11
point_reprojection:measurement_ir,156,1.2985766034034896e-07,1.686301194906944e-14
point_reprojection:measurement_ir,157,3.3936577300153207e-06,1.1516912788492739e-11
point_reprojection:measurement_ir,158,-8.4199015873309699e-07,7.0894742740338584e-13
point_reprojection:measurement_ir,159,-6.4546396653497596e-06,4.1662373209506459e-11
point_reprojection:measurement_ir,160,-3.0770541570745992e-06,9.4682622855700725e-12
point_reprojection:measurement_ir,161,-1.7623840975105056e-05,3.105997707157919e-10
point_reprojection:measurement_ir,162,-4.8592616781206746e-06,2.3612424056452156e-11
point_reprojection:measurement_ir,163,-3.0270539919285967e-05,9.1630558700508528e-10
point_reprojection:measurement_ir,164,-7.1072639389058161e-06,5.0513200697271019e-11
point_reprojection:measurement_ir,165,-5.8095374344731007e-05,3.3750725202544297e-09
point_reprojection:measurement_ir,166,3.9929681197463647e-05,1.594379440531082e-09
point_reprojection:measurement_ir,167,-0.0015118353638773742,2.2856461674702325e-06
point_reprojection:measurement_ir,168,-0.00025331785842809041,6.4169937398594059e-08
point_reprojection:measurement_ir,169,0.0054749676497714544,2.9975270766043962e-05
point_reprojection:measurement_ir,170,0.00024453799601360516,5.9798831494349975e-08
point_reprojection:measurement_ir,171,-0.0043642089317739163,1.9046319600175227e-05
point_reprojection:measurement_ir,172,-1.4137827429294703e-05,1.9987816442051767e-10
point_reprojection:measurement_ir,173,0.0012496093735695269,1.5615235865128255e-06
point_reprojection:measurement_ir,174,-0.00024689613076134265,6.0957699384922002e-08
point_reprojection:measurement_ir,175,0.00048439653169296548,2.3463999991617411e-07
point_reprojection:measurement_ir,176,0.00020149733838934481,4.0601177377990128e-08
point_reprojection:measurement_ir,177,0.00055792418703788367,3.112793984818834e-07
point_reprojection:measurement_ir,178,-0.00012711486017451533,1.6158187677186584e-08
point_reprojection:measurement_ir,179,-0.00030174132616878069,9.1047827918094489e-08
point_reprojection:measurement_ir,180,5.597351059805078e-05,3.1330338886701029e-09
point_reprojection:measurement_ir,181,0.0003958255219458806,1.566778438237288e-07
point_reprojection:measurement_ir,182,0.00036107003406868896,1.303715695023642e-07
point_reprojection:measurement_ir,183,0.00041906713040305019,1.7561725978424707e-07
point_reprojection:measurement_ir,184,-6.6668245267464954e-05,4.444654927042863e-09
point_reprojection:measurement_ir,185,0.00014296407760525654,2.0438727485521814e-08
point_reprojection:measurement_ir,186,0.22094805371632448,0.048818042441031807
point_reprojection:measurement_ir,187,0.022396399792830833,0.00050159872368031296
point_reprojection:measurement_ir,188,-0.22794422326189762,0.051958568918469825
point_reprojection:measurement_ir,189,-0.033754846887865141,0.001139389688423219
point_reprojection:measurement_ir,190,-0.64306694679989962,0.41353509806654493
point_reprojection:measurement_ir,191,0.47856173670137991,0.22902133583464088
point_reprojection:measurement_ir,192,-0.0017504196144273009,3.0639688265718209e-06
point_reprojection:measurement_ir,193,0.0010130135683397157,1.0261964896403638e-06
point_reprojection:measurement_ir,194,0.00096325384870397099,9.2785797704301262e-07
point_reprojection:measurement_ir,195,-0.00030552527037173147,9.3345690835719613e-08
point_reprojection:measurement_ir,196,-7.0867941553842689e-05,5.0222651400788631e-09
point_reprojection:measurement_ir,197,-0.00050407204919906685,2.5408863078374648e-07
point_reprojection:measurement_ir,198,-2.0816109190491262e-05,4.3331040183045479e-10
point_reprojection:measurement_ir,199,0.00076732460282897814,5.8878704610664907e-07
point_reprojection:measurement_ir,200,-9.0254309134252248e-05,8.1458403173011684e-09
point_reprojection:measurement_ir,201,0.00022575558767314873,5.0965585365648742e-08
point_reprojection:measurement_ir,202,-0.00012806167007965995,1.6399791343591673e-08
point_reprojection:measurement_ir,203,-0.00044379282849078551,1.9695207461985176e-07
point_reprojection:measurement_ir,204,0.00028906123698106966,8.3556398725026108e-08
point_reprojection:measurement_ir,205,-0.00013188074520620319,1.7392530956143484e-08
point_reprojection:measurement_ir,206,-0.00034021721182853071,1.1574775122437934e-07
point_reprojection:measurement_ir,207,6.2305802990536566e-05,3.882013086295555e-09
point_reprojection:measurement_ir,208,0.00015652401225452195,2.4499766412253737e-08
point_reprojection:measurement_ir,209,-9.9456695891575461e-05,9.8916343576693228e-09
point_reprojection:measurement_ir,210,8.7655029687994102e-05,7.683404229603128e-09
point_reprojection:measurement_ir,211,-8.7542787620620291e-05,7.663739664389029e-09
point_reprojection:measurement_ir,212,-0.00023278809064777306,5.4190295147435808e-08
point_reprojection:measurement_ir,213,0.00013573957930841375,1.8425233390825147e-08
point_reprojection:measurement_ir,214,0.00015435054212957765,2.3824089855694525e-08
point_reprojection:measurement_ir,215,-0.00022642809930033535,5.1269684152762525e-08
point_reprojection:measurement_ir,216,-1.148851706602727e-05,1.3198602437639983e-10
point_reprojection:measurement_ir,217,-0.00027476906660659493,7.5498039963859399e-08
point_reprojection:measurement_ir,218,-5.7448754841971097e-05,3.3003594328928976e-09
point_reprojection:measurement_ir,219,3.4245972659618926e-05,1.172786643403367e-09
point_reprojection:measurement_ir,220,4.2696282207543845e-06,1.8229725143462251e-11
point_reprojection:measurement_ir,221,0.00093298440167188801,8.7045989376305086e-07
point_reprojection:measurement_ir,222,-0.00060138228507184972,3.6166065279823952e-07
point_reprojection:measurement_ir,223,-0.0046809834567682175,2.1911606122537731e-05
point_reprojection:measurement_ir,224,0.0021549574274558835,4.6438415141472795e-06
point_reprojection:measurement_ir,225,0.015894871561019385,0.00025264694194130282
point_reprojection:measurement_ir,226,1.7031825010180228,2.9008306317740074
point_reprojection:measurement_ir,227,7.4020723643412678,54.790675286944726
point_reprojection:measurement_ir,228,1.0103037025036428,1.020713571292569
point_reprojection:measurement_ir,229,2.1099667020398272,4.4519594837168244
point_reprojection:measurement_ir,230,0.8017713854608246,0.64283735454377022
point_reprojection:measurement_ir,231,2.5982518302326922,6.7509125733075352
point_reprojection:measurement_ir,232,0.00065328089760896546,4.267759311807756e-07
point_reprojection:measurement_ir,233,0.0062626947514189627,3.9221345549450622e-05
point_reprojection:measurement_ir,234,-0.00020279378065879428,4.1125317473887165e-08
point_reprojection:measurement_ir,235,-0.0018048295085066001,3.2574095547761757e-06
point_reprojection:measurement_ir,236,-4.4942666249880858e-05,2.01984324964818e-09
point_reprojection:measurement_ir,237,0.00047404212030812689,2.2471593182622466e-07
point_reprojection:measurement_ir,238,4.0320989955944239e-05,1.6257822310273562e-09
point_reprojection:measurement_ir,239,-0.00019043553931652468,3.626569463477562e-08
point_reprojection:measurement_ir,240,-2.0752768796228339e-05,4.3067741270970865e-10
point_reprojection:measurement_ir,241,7.1511838626747704e-05,5.1139430637780046e-09
point_reprojection:measurement_ir,242,-4.5928245071991114e-05,2.1094036953928758e-09
point_reprojection:measurement_ir,243,0.00017337560729657753,3.0059101205457067e-08
point_reprojection:measurement_ir,244,-7.9150745250444739e-06,6.2648404737008007e-11
point_reprojection:measurement_ir,245,-0.00026339994712358815,6.9379532144709041e-08
point_reprojection:measurement_ir,246,-2.9065132662253745e-05,8.4478193667440949e-10
point_reprojection:measurement_ir,247,-0.00047071173660739873,2.2156953897995313e-07
point_reprojection:measurement_ir,248,4.2262143097104857e-06,1.7860887391601676e-11
point_reprojection:measurement_ir,249,1.4856003853225274e-05,2.2070085048704419e-10
point_reprojection:measurement_ir,250,-0.00010070207056287473,1.0140907015650201e-08
point_reprojection:measurement_ir,251,5.5773950009552209e-06,3.1107334996680288e-11
point_reprojection:measurement_ir,252,6.4652118089725258e-05,4.1798963734877803e-09
point_reprojection:measurement_ir,253,-7.4111786649666558e-05,5.4925569204056947e-09
point_reprojection:measurement_ir,254,-0.00031051182518240241,9.6417593578106832e-08
point_reprojection:measurement_ir,255,-0.002880907401095101,8.2996274536845293e-06
point_reprojection:measurement_ir,256,0.00142390885223449,2.0275164194717427e-06
point_reprojection:measurement_ir,257,0.011333392690781352,0.00012844578988345618
point_reprojection:measurement_ir,258,0.38607859519238447,0.14905668166572508
point_reprojection:measurement_ir,259,4.906958834713242,24.078245005570338
point_reprojection:measurement_ir,260,-1.5098605197119697,2.2796787889848993
point_reprojection:measurement_ir,261,-0.21939425623621672,0.048133839669442721
point_reprojection:measurement_ir,262,-1.7371999557159825,3.0178636861396115
point_reprojection:measurement_ir,263,-0.10683964834903178,0.01141471045934477
point_reprojection:measurement_ir,264,-0.002069812156696571,4.2841223640089104e-06
point_reprojection:measurement_ir,265,0.0004003163846334701,1.6025320780601237e-07
point_reprojection:measurement_ir,266,0.00051579722378392034,2.660467760631996e-07
point_reprojection:measurement_ir,267,-6.4475910986061538e-05,4.157143097482531e-09
point_reprojection:measurement_ir,268,0.00026780960329233496,7.1721983615597834e-08
point_reprojection:measurement_ir,269,0.0013617859884831774,1.8544610784291046e-06
point_reprojection:measurement_ir,270,6.6497017962774413e-05,4.4218533979415431e-09
point_reprojection:measurement_ir,271,0.00016167939885605164,2.6140228014454234e-08
point_reprojection:measurement_ir,272,-2.7975811440228428e-05,7.826460257392158e-10
point_reprojection:measurement_ir,273,-0.00037714366542118682,1.422373443673281e-07
point_reprojection:measurement_ir,274,0.00040987087286339376,1.679941324218003e-07
point_reprojection:measurement_ir,275,-0.00052157061549902291,2.7203590695202958e-07
point_reprojection:measurement_ir,276,-0.00066141662772452032,4.3747195543047671e-07
point_reprojection:measurement_ir,277,0.0010634068566481858,1.1308341427663751e-06
point_reprojection:measurement_ir,278,0.00027950745979978822,7.8124420083730219e-08
point_reprojection:measurement_ir,279,-0.00063126737118182066,3.9849849391880656e-07
point_reprojection:measurement_ir,280,-1.6384152888804238e-05,2.6844046588371226e-10
point_reprojection:measurement_ir,281,-2.6673492076412231e-05,7.1147517955042604e-10
point_reprojection:measurement_ir,282,-1.826018892643333e-05,3.3343449962903844e-10
point_reprojection:measurement_ir,283,-2.3998979732198222e-05,5.75951028186461e-10
point_reprojection:measurement_ir,284,-1.6461479935969693e-05,2.7098032168233276e-10
point_reprojection:measurement_ir,285,-2.2294742727257955e-05,4.9705555327462148e-10
point_reprojection:measurement_ir,286,-9.5872266103924628e-05,9.1914914079017343e-09
point_reprojection:measurement_ir,287,-0.00057492417359599206,3.3053780538503442e-07
point_reprojection:measurement_ir,288,0.00024526955852479662,6.0157156338948635e-08
point_reprojection:measurement_ir,289,0.00086282683946619092,7.4447015490321598e-07
point_reprojection:measurement_ir,290,-0.00022747902925175368,5.1746708749320205e-08
point_reprojection:measurement_ir,291,-0.000331614911125655,1.0996844928087607e-07
point_reprojection:measurement_ir,292,0.00021690522473818418,4.7047876518722188e-08
point_reprojection:measurement_ir,293,-0.00097586585615019319,9.5231416919974955e-07
point_reprojection:measurement_ir,294,-0.00034457052456673411,1.1872884640019432e-07
point_reprojection:measurement_ir,295,0.0017962003736968768,3.2263357824688e-06
point_reprojection:measurement_ir,296,0.00019337062511226577,3.739219865630843e-08
point_reprojection:measurement_ir,297,-0.00060420480773331069,3.6506344968804696e-07
point_reprojection:measurement_ir,298,6.8868742215499881e-05,4.7429036543449752e-09
point_reprojection:measurement_ir,299,-0.00027310002336093929,7.4583622759745587e-08
point_reprojection:measurement_ir,300,-0.00016439602737818859,2.7026053817730131e-08
point_reprojection:measurement_ir,301,3.2041913337366167e-05,1.0266842103192838e-09
point_reprojection:measurement_ir,302,0.00018000998015850201,3.2403592956664288e-08
point_reprojection:measurement_ir,303,0.00024026166137218751,5.7725665925323699e-08
point_reprojection:measurement_ir,304,-0.0001414283006425876,2.0001964222650142e-08
point_reprojection:measurement_ir,305,-0.00019617470340449472,3.8484514255841472e-08
point_reprojection:measurement_ir,306,0.00022783038770342047,5.1906685561090882e-08
point_reprojection:measurement_ir,307,-0.00025208263974718648,6.3545657261909806e-08
point_reprojection:measurement_ir,308,-0.00079444935178116791,6.3114977254551792e-07
point_reprojection:measurement_ir,309,0.00061705805615019926,3.8076064465986247e-07
point_reprojection:measurement_ir,310,0.00068728982162724606,4.7236729891241169e-07
point_reprojection:measurement_ir,311,-0.00063861832396696629,4.0783336370637713e-07
point_reprojection:measurement_ir,312,7.241433517819473e-05,5.2438359392999311e-09
point_reprojection:measurement_ir,313,0.00072982309619646908,5.3264175174180057e-07
point_reprojection:measurement_ir,314,-0.00011496098613577033,1.3216028333308778e-08
point_reprojection:measurement_ir,315,-0.00092408796839436034,8.5393857333121629e-07
point_reprojection:measurement_ir,316,-0.00087225300945050768,7.6082531249546748e-07
point_reprojection:measurement_ir,317,0.00078116503713033581,6.1021881523483889e-07
point_reprojection:measurement_ir,318,-0.00014057739940277259,1.9762005222846649e-08
point_reprojection:measurement_ir,319,0.00029133577325183072,8.4876532776242125e-08
point_reprojection:measurement_ir,320,-0.00035699034743764458,1.2744210816365019e-07
point_reprojection:measurement_ir,321,0.025650844088379469,0.00065796580244635193
point_reprojection:measurement_ir,322,-0.0012763335688745414,1.6290273790360236e-06
point_reprojection:measurement_ir,323,-0.06099350157726121,0.0037202072346553656
point_reprojection:measurement_ir,324,0.001265205898690276,1.6007459660806689e-06
point_reprojection:measurement_ir,325,0.040650745336285474,0.0016524830963955352
point_reprojection:measurement_ir,326,-0.0013808344301302177,1.9067037234330432e-06
point_reprojection:measurement_ir,327,0.00031773953777474161,1.0095841386530645e-07
point_reprojection:measurement_ir,328,0.0002200172215825802,4.8407577792918196e-08
point_reprojection:measurement_ir,329,-0.0038889650050805357,1.5124048810741051e-05
point_reprojection:measurement_ir,330,-0.0005785764679146155,3.3475072922455209e-07
point_reprojection:measurement_ir,331,0.00031744952926828776,1.0077420363265748e-07
point_reprojection:measurement_ir,332,0.0007052459468454231,4.973718455418973e-07
point_reprojection:measurement_ir,333,0.00028783533533669468,8.2849180268387479e-08
point_reprojection:measurement_ir,334,-0.00018601691024571209,3.4602290897361303e-08
point_reprojection:measurement_ir,335,-0.00056182068981343032,3.1564248750243867e-07
point_reprojection:measurement_ir,336,-0.00024031999623446153,5.7753700590131606e-08
point_reprojection:measurement_ir,337,0.00017010901173080127,2.8937075872029886e-08
point_reprojection:measurement_ir,338,0.00017964722798069488,3.2273126521147762e-08
point_reprojection:measurement_ir,339,0.00029890808202139854,8.9346041497711108e-08
point_reprojection:measurement_ir,340,-0.00013053833831691008,1.7040257770540074e-08
point_reprojection:measurement_ir,341,-0.00038705468519424359,1.4981132933081501e-07
point_reprojection:measurement_ir,342,-1.6239675915130647e-07,2.6372707382847441e-14
point_reprojection:measurement_ir,343,0.00042218474449100539,1.7823995848093551e-07
point_reprojection:measurement_ir,344,1.3929927570188739e-05,1.9404288211070433e-10
point_reprojection:measurement_ir,345,-0.00019941372842424698,3.9765835084059329e-08
point_reprojection:measurement_ir,346,-2.5397591787168495e-05,6.450376685876486e-10
point_reprojection:measurement_ir,347,-0.00027699977851796119,7.6728877298999549e-08
point_reprojection:measurement_ir,348,-5.3854723017821018e-05,2.9003311913262209e-09
point_reprojection:measurement_ir,349,0.00042272093963333643,1.7869299280449087e-07
point_reprojection:measurement_ir,350,-0.00025826746930306398,6.6702085700209091e-08
point_reprojection:measurement_ir,351,-0.00036803378247327598,1.3544886504158662e-07
point_reprojection:measurement_ir,352,0.00022010537145433773,4.8446374543051989e-08
point_reprojection:measurement_ir,353,-3.8760864032383322e-05,1.502404580536907e-09
point_reprojection:measurement_ir,354,-7.5069786066705999e-05,5.6354727801010064e-09
point_reprojection:measurement_ir,355,0.00012817798401556501,1.642959558629444e-08
point_reprojection:measurement_ir,356,-3.9927692910168844e-05,1.5942206611287474e-09
point_reprojection:measurement_ir,357,6.1003834872508378e-06,3.7214678691522694e-11
point_reprojection:measurement_ir,358,8.085568139222232e-05,6.5376412134005668e-09
point_reprojection:measurement_ir,359,4.374218504210603e-05,1.9133787522578444e-09
point_reprojection:measurement_ir,360,0.00012116737192400251,1.4681532018969553e-08
point_reprojection:measurement_ir,361,0.00051597487926358099,2.6623007603106698e-07
point_reprojection:measurement_ir,362,0.00013693425229348576,1.875098945117601e-08
point_reprojection:measurement_ir,363,-0.0006918457838509084,4.7865058863227788e-07
point_reprojection:measurement_ir,364,-8.1384563259234717e-06,6.6234471368963773e-11
point_reprojection:measurement_ir,365,0.0013045110279506389,1.7017490220448327e-06
point_reprojection:measurement_ir,366,0.0024971158524635939,6.235587580624981e-06
point_reprojection:measurement_ir,367,-0.00025728236246607138,6.6194214036122937e-08
point_reprojection:measurement_ir,368,2.6329058587666396,6.9321932611276962
point_reprojection:measurement_ir,369,0.04554467716315571,0.0020743176178960772
point_reprojection:measurement_ir,370,2.1492859527370682,4.6194301066328869
point_reprojection:measurement_ir,371,0.010957934806606317,0.00012007633522583423
point_reprojection:measurement_ir,372,1.6055211357134112,2.5776981172224818
point_reprojection:measurement_ir,373,-0.089035030607175256,0.0079272366752206353
point_reprojection:measurement_ir,374,0.0015311819618091249,2.3445182001696405e-06
point_reprojection:measurement_ir,375,0.00017607505339469753,3.1002424427945587e-08
point_reprojection:measurement_ir,376,-0.00069143333962529141,4.7808006314538359e-07
point_reprojection:measurement_ir,377,-0.00019541769931947784,3.8188077207317851e-08
point_reprojection:measurement_ir,378,-0.00019636214376532734,3.8558091504115079e-08
point_reprojection:measurement_ir,379,0.00030297055158143846,9.1791155125561065e-08
point_reprojection:measurement_ir,380,0.00033176173481024306,1.1006584868430204e-07
point_reprojection:measurement_ir,381,-9.7018632357048776e-05,9.4126150244321916e-09
point_reprojection:measurement_ir,382,-4.211190271234955e-05,1.7734123500543934e-09
point_reprojection:measurement_ir,383,-0.00010050379635231365,1.0101013081227334e-08
point_reprojection:measurement_ir,384,0.00026133192563975171,6.8294375358580717e-08
point_reprojection:measurement_ir,385,3.8803260736131053e-06,1.5056930437561699e-11
point_reprojection:measurement_ir,386,-0.0002394577188852054,5.7339999133706056e-08
point_reprojection:measurement_ir,387,2.6963549851188871e-05,7.2703302057754736e-10
point_reprojection:measurement_ir,388,8.2785373137994611e-05,6.8534180055969996e-09
point_reprojection:measurement_ir,389,-0.00013037341873314289,1.6997228312167415e-08
point_reprojection:measurement_ir,390,-2.1359927586672711e-06,4.5624650650790191e-12
point_reprojection:measurement_ir,391,-0.00025965828990592854,6.7422427516871237e-08
point_reprojection:measurement_ir,392,-0.00023840608266709751,5.6837460252670936e-08
point_reprojection:measurement_ir,393,0.00049270488435695372,2.4275810306919914e-07
point_reprojection:measurement_ir,394,0.00021765916485492199,4.7375512045342107e-08
point_reprojection:measurement_ir,395,-0.00035551176060835135,1.2638861193084972e-07
point_reprojection:measurement_ir,396,-0.00014114020750639612,1.9920558174948556e-08
point_reprojection:measurement_ir,397,8.608625447550366e-05,7.4108432096211741e-09
point_reprojection:measurement_ir,398,4.8421797600894935e-06,2.3446704829020344e-11
point_reprojection:measurement_ir,399,5.6480225703126051e-05,3.1900158954760608e-09
point_reprojection:measurement_ir,400,7.1020735663296361e-05,5.0439448941558153e-09
point_reprojection:measurement_ir,401,3.9901782281503982e-05,1.5921522292405451e-09
point_reprojection:measurement_ir,402,-9.5786119322838198e-05,9.1749806549289979e-09
point_reprojection:measurement_ir,403,-0.00021792149547081863,4.7489778188238024e-08
point_reprojection:measurement_ir,404,4.380805232813145e-05,1.9191454487843035e-09
point_reprojection:measurement_ir,405,0.00032236908107279304,1.0392182443171702e-07
point_reprojection:measurement_ir,406,6.8417766215134181e-06,4.680990733868756e-11
point_reprojection:measurement_ir,407,-0.000646390342626546,4.1782047504086351e-07
point_reprojection:measurement_ir,408,-4.7588721372449072e-05,2.2646864018645909e-09
point_reprojection:measurement_ir,409,0.0011155224041317525,1.2443902341198849e-06
point_reprojection:measurement_ir,410,0.00027310656398640278,7.4587195292459113e-08
point_reprojection:measurement_ir,411,-0.0013356907278534891,1.7840697204737835e-06
point_reprojection:measurement_ir,412,-0.00033368503409292316,1.1134570197759529e-07
point_reprojection:measurement_ir,413,0.0010227153056007409,1.0459465963100169e-06
point_reprojection:measurement_ir,414,0.00017514458597815973,3.0675625997460988e-08
point_reprojection:measurement_ir,415,-0.00053723168107353556,2.8861787914909705e-07
point_reprojection:measurement_ir,416,4.7708752390462905e-05,2.2761250546545e-09
point_reprojection:measurement_ir,417,0.00020265535837324933,4.1069194277390119e-08
point_reprojection:measurement_ir,418,-0.00026910496453638191,7.2417481938127361e-08
point_reprojection:measurement_ir,419,-0.0001483275115106153,2.2001050670931713e-08
point_reprojection:measurement_ir,420,0.00034071178968133611,1.16084523627859e-07
point_reprojection:measurement_ir,421,0.00042770840661887632,1.8293448109245805e-07
point_reprojection:measurement_ir,422,-0.00030876351086135402,9.5334905639429486e-08
point_reprojection:measurement_ir,423,6.1014917196189342e-05,3.7228201204578419e-09
point_reprojection:measurement_ir,424,-2.5032937855939963e-06,6.2664797769935207e-12
point_reprojection:measurement_ir,425,1.7756502575139167e-05,3.1529338370092385e-10
point_reprojection:measurement_ir,426,0.00031013496372906958,9.6183695727231309e-08
point_reprojection:measurement_ir,427,-0.00038702656718214712,1.4978956370479703e-07
point_reprojection:measurement_ir,428,-3.0235406234169206e-05,9.1417979014523806e-10
point_reprojection:measurement_ir,429,-0.00026511429003903684,7.0285586782902553e-08
point_reprojection:measurement_ir,430,-0.00037345183802699465,1.3946627532574066e-07
point_reprojection:measurement_ir,431,8.7271311781478292e-05,7.6162818600599918e-09
point_reprojection:measurement_ir,432,0.00029468293346326393,8.6838031274514438e-08
point_reprojection:measurement_ir,433,0.00056252757742640829,3.1643727536522378e-07
point_reprojection:measurement_ir,434,0.00025144950809590226,6.3226855121671218e-08
point_reprojection:measurement_ir,435,-0.00049794816986832298,2.4795237987521225e-07
point_reprojection:measurement_ir,436,-0.00048344425099458024,2.3371834381971068e-07
point_reprojection:measurement_ir,437,0.00058183935748274958,3.3853703791593888e-07
point_reprojection:measurement_ir,438,0.00040078606330098412,1.6062946853630045e-07
point_reprojection:measurement_ir,439,-0.00052232953286193153,2.7282814089976362e-07
point_reprojection:measurement_ir,440,-0.00011265722102962172,1.2691649450117041e-08
point_reprojection:measurement_ir,441,0.00028472027764792074,8.1065636503909068e-08
point_reprojection:measurement_ir,442,-0.00022157178705128899,4.9094056817101755e-08
point_reprojection:measurement_ir,443,-0.0002683422833797522,7.2007581049459227e-08
point_reprojection:measurement_ir,444,0.0001034988485798749,1.0712011657359872e-08
point_reprojection:measurement_ir,445,0.00033958637659452505,1.1531890716859859e-07
point_reprojection:measurement_ir,446,-4.7636181193411176e-05,2.2692057586915008e-09
point_reprojection:measurement_ir,447,-0.00043314818821045266,1.8761735294999773e-07
point_reprojection:measurement_ir,448,-0.00013158387897647117,1.7314317206494612e-08
point_reprojection:measurement_ir,449,0.00053616077976812446,2.8746838176156327e-07
point_reprojection:measurement_ir,450,-0.0001420692062197304,2.0183659355904283e-08
point_reprojection:measurement_ir,451,-4.9422722304370838e-05,2.4426054799749549e-09
point_reprojection:measurement_ir,452,0.00037504996261077394,1.4066247445434293e-07
point_reprojection:measurement_ir,453,-0.00046843526587281303,2.1943159831333302e-07
point_reprojection:measurement_ir,454,-0.00039164538980003273,1.5338611135161958e-07
point_reprojection:measurement_ir,455,0.00018264625142592195,3.3359653159941096e-08
point_reprojection:measurement_ir,456,0.00062233840957333082,3.8730509603026284e-07
point_reprojection:measurement_ir,457,-0.0015645934604322064,2.4479526964272265e-06
point_reprojection:measurement_ir,458,-4.5064578080200592e-05,2.0308161975464957e-09
point_reprojection:measurement_ir,459,0.0016678204115123663,2.7816249250572788e-06
point_reprojection:measurement_ir,460,-0.00018467635012484607,3.4105354295434736e-08
point_reprojection:measurement_ir,461,-0.00015842519636635188,2.5098542843717152e-08
point_reprojection:measurement_ir,462,5.6806719362612058e-05,3.2270033647425637e-09
point_reprojection:measurement_ir,463,0.00011887847614389102,1.4132092090293666e-08
point_reprojection:measurement_ir,464,-0.00025785699697280509,6.649023088783321e-08
point_reprojection:measurement_ir,465,-0.00019564563275480394,3.8277213616027612e-08
point_reprojection:measurement_ir,466,0.00022118716087788927,4.8923760137221268e-08
point_reprojection:measurement_ir,467,0.00019642895219647017,3.8584333261003164e-08
point_reprojection:measurement_ir,468,-0.00010805063752741261,1.1674940270080308e-08
point_reprojection:measurement_ir,469,-0.00012289896224046971,1.5104154919784399e-08
point_reprojection:measurement_ir,470,7.590811082991422e-06,5.7620412897665405e-11
point_reprojection:measurement_ir,471,3.3569065163874259e-05,1.1268821359764363e-09
point_reprojection:measurement_ir,472,7.6733418381991207e-06,5.8880174965857059e-11
point_reprojection:measurement_ir,473,-2.0132591112087538e-05,4.0532122488650609e-10
point_reprojection:measurement_ir,474,-3.0671170975438145e-06,9.4072072900455937e-12
point_reprojection:measurement_ir,475,-4.322174509923116e-05,1.8681192494229126e-09
point_reprojection:measurement_ir,476,1.4547299065270635e-05,2.1162391009442389e-10
point_reprojection:measurement_ir,477,0.00063692457437696253,4.0567291344527488e-07
point_reprojection:measurement_ir,478,-7.3625591653581065e-06,5.4207277463398655e-11
point_reprojection:measurement_ir,479,-0.00058456921652521037,3.417211689088983e-07
metric_depth:measurement_ir,0,-0.0034430567763584995,1.1854639965228182e-05
metric_depth:measurement_ir,1,-0.003948067375293185,1.5587235999854419e-05
metric_depth:measurement_ir,2,-0.0042835937775388185,1.8349175650969284e-05
metric_depth:measurement_ir,3,-0.011528778404956343,0.0001329127315105877
metric_depth:measurement_ir,4,-0.016874929034637633,0.00028476322992405619
metric_depth:measurement_ir,5,-0.020732365271776576,0.00042983096976236744
metric_depth:measurement_ir,6,-0.021656879560072541,0.00046902043227948782
metric_depth:measurement_ir,7,-0.017678943406536175,0.00031254503997150891
metric_depth:measurement_ir,8,-0.0064452865662432586,4.1541718920995815e-05
metric_depth:measurement_ir,9,0.014900878583510392,0.00022203618256051868
metric_depth:measurement_ir,10,0.027410074927426465,0.00075131220752713292
metric_depth:measurement_ir,11,-0.0060697280060166385,3.684159806702272e-05
metric_depth:measurement_ir,12,-0.015202181504932355,0.00023110632250890735
metric_depth:measurement_ir,13,-0.012216706657786425,0.00014924792156240316
metric_depth:measurement_ir,14,-0.0081994853735444916,6.7231560390970045e-05
metric_depth:measurement_ir,15,-0.0088643876342191057,7.8577368129696597e-05
metric_depth:measurement_ir,16,-0.0065809485184618495,4.3308883402645211e-05
metric_depth:measurement_ir,17,-0.0048339906857649776,2.3367465950062559e-05
metric_depth:measurement_ir,18,-0.0030017375778390587,9.0104284862110988e-06
metric_depth:measurement_ir,19,-0.0017568317461209128,3.0864577841782553e-06
metric_depth:measurement_ir,20,-0.0012727865808723317,1.6199856804486806e-06
metric_depth:measurement_ir,21,-0.001580441104198016,2.4977940838386442e-06
metric_depth:measurement_ir,22,-0.0025522175454587349,6.5138143993474093e-06
metric_depth:measurement_ir,23,-0.0038744117183565408,1.5011066163338484e-05
metric_depth:measurement_ir,24,-0.0050236657317984882,2.5237217384846441e-05
metric_depth:measurement_ir,25,-0.0052610486187657738,2.7678632569017256e-05
metric_depth:measurement_ir,26,-0.0034871253791070706,1.2160043409612631e-05
metric_depth:measurement_ir,27,0.00056596396611636741,3.2031521094216866e-07
metric_depth:measurement_ir,28,0.008049090207458854,6.4787853167810015e-05
metric_depth:measurement_ir,29,0.01871150886067241,0.00035012056384302212
metric_depth:measurement_ir,30,0.030056421853187399,0.00090338849461676105
metric_depth:measurement_ir,31,0.037985892222006254,0.0014429280079018751
metric_depth:measurement_ir,32,0.036346625023219128,0.0013210771505784988
metric_depth:measurement_ir,33,0.014758458742861792,0.00021781210446475364
metric_depth:measurement_ir,34,-0.0041128536977256937,1.6915565538895912e-05
metric_depth:measurement_ir,35,-0.013306186883518034,0.00017705460937910737
metric_depth:measurement_ir,36,-0.01620062164437357,0.00026246014166414543
metric_depth:measurement_ir,37,-0.015036640623021125,0.00022610056122588911
metric_depth:measurement_ir,38,-0.011834566875825204,0.00014005697313837913
metric_depth:measurement_ir,39,-0.0083112977021768241,6.9077669494209762e-05
metric_depth:measurement_ir,40,-0.0055951129896620886,3.1305289367085434e-05
metric_depth:measurement_ir,41,-0.0043008790561636983,1.8497560655747545e-05
metric_depth:measurement_ir,42,-0.0047184894777205777,2.2264142951359811e-05
metric_depth:measurement_ir,43,-0.006729155848759394,4.5281538436892758e-05
metric_depth:measurement_ir,44,-0.009815642609096821,9.6346839829517048e-05
metric_depth:measurement_ir,45,-0.013135915748397764,0.00017255228254900437
metric_depth:measurement_ir,46,-0.015335451817710056,0.00023517608245330666
metric_depth:measurement_ir,47,-0.014413054326854269,0.00020773613502885258
metric_depth:measurement_ir,48,-0.0067865509988059179,4.6057274459393604e-05
metric_depth:measurement_ir,49,-0.0060133241409119804,3.6160067223674807e-05
metric_depth:measurement_ir,50,-0.0034032481849636475,1.1582098208458361e-05
metric_depth:measurement_ir,51,-0.0019640372444224676,3.8574422974786e-06
metric_depth:measurement_ir,52,-0.00010575555925314006,1.1184238312944418e-08
metric_depth:measurement_ir,53,0.00074673115619345871,5.5760741963001959e-07
metric_depth:measurement_ir,54,0.0010717490831783749,1.148646097293687e-06
metric_depth:measurement_ir,55,0.001084974028010155,1.1771686414565806e-06
metric_depth:measurement_ir,56,0.00076607070322047826,5.8686432233271805e-07
metric_depth:measurement_ir,57,0.00013233713370102153,1.7513116956202047e-08
metric_depth:measurement_ir,58,-0.00084666414746239474,7.1684017859822371e-07
metric_depth:measurement_ir,59,-0.0021161363652788976,4.4780331164557838e-06
metric_depth:measurement_ir,60,-0.0035154630951734767,1.235848077352668e-05
metric_depth:measurement_ir,61,-0.0050750741898707655,2.5756378032692408e-05
metric_depth:measurement_ir,62,-0.0065298277753416123,4.263865077562279e-05
metric_depth:measurement_ir,63,-0.0076156844775504776,5.7998650061603291e-05
metric_depth:measurement_ir,64,-0.007807354936083844,6.0954791097992764e-05
metric_depth:measurement_ir,65,-0.0033939767349448146,1.1519078077346664e-05
metric_depth:measurement_ir,66,-0.0033764916523216118,1.1400695878197528e-05
metric_depth:measurement_ir,67,-0.0029673592889436942,8.8052211496804262e-06
metric_depth:measurement_ir,68,-0.0024166144640638265,5.8400254679224953e-06
metric_depth:measurement_ir,69,-0.0019410130132909488,3.7675315177648087e-06
metric_depth:measurement_ir,70,-0.0010957611500246323,1.2006924979033047e-06
metric_depth:measurement_ir,71,-0.00031088246325898793,9.6647905961975986e-08
metric_depth:measurement_ir,72,-5.7654447986710269e-05,3.3240353726522797e-09
metric_depth:measurement_ir,73,8.8454578011099017e-05,7.8242123711216021e-09
metric_depth:measurement_ir,74,0.00012930549650800316,1.6719911427181219e-08
metric_depth:measurement_ir,75,0.00011270508895959708,1.2702437077390691e-08
metric_depth:measurement_ir,76,8.5388468132396864e-05,7.2911904899973549e-09
metric_depth:measurement_ir,77,7.3178979609433986e-05,5.3551630566779553e-09
metric_depth:measurement_ir,78,6.7939649676507241e-05,4.6157959981665303e-09
metric_depth:measurement_ir,79,2.792852663260348e-05,7.8000259986804184e-10
metric_depth:measurement_ir,80,-0.00010371315781103617,1.0756419103136894e-08
metric_depth:measurement_ir,81,-0.00037669796534300914,1.4190135709356291e-07
metric_depth:measurement_ir,82,-0.00081550051516767743,6.6504109023874732e-07
metric_depth:measurement_ir,83,-0.0013965222838785429,1.9502744893693418e-06
metric_depth:measurement_ir,84,-0.0020187489162320385,4.0753471867880299e-06
metric_depth:measurement_ir,85,-0.0020418246455757407,4.1690478832804987e-06
metric_depth:measurement_ir,86,-0.0023623156838720408,5.5805353902678276e-06
metric_depth:measurement_ir,87,-0.0019343198305839418,3.7415932069902891e-06
metric_depth:measurement_ir,88,-0.00019217719261215295,3.6932073360288537e-08
metric_depth:measurement_ir,89,0.0030971189263090618,9.5921456437017961e-06
metric_depth:measurement_ir,90,0.0075337533102556092,5.6757438939787348e-05
metric_depth:measurement_ir,91,0.012199154746273954,0.00014881937652353835
metric_depth:measurement_ir,92,0.01528682592418047,0.00023368704683619608
metric_depth:measurement_ir,93,0.014128416105952991,0.00019961214166295188
metric_depth:measurement_ir,94,0.0091007836891097149,8.2824263755965438e-05
metric_depth:measurement_ir,95,-0.002752919901259432,7.5785679827502407e-06
metric_depth:measurement_ir,96,-0.010815678390066009,0.00011697889903734086
metric_depth:measurement_ir,97,-0.013790883107740725,0.00019018845689136848
metric_depth:measurement_ir,98,-0.013483244540745698,0.00018179788334554868
metric_depth:measurement_ir,99,-0.011335721574297341,0.00012849858360999017
metric_depth:measurement_ir,100,-0.0082351022154568913,6.7816908499023003e-05
metric_depth:measurement_ir,101,-0.005026393539366048,2.5264632012580746e-05
metric_depth:measurement_ir,102,-0.0023542552044606424,5.542517567730021e-06
metric_depth:measurement_ir,103,-0.00045556372173960474,2.0753830456524002e-07
metric_depth:measurement_ir,104,0.00059633086895178884,3.5561050526479555e-07
metric_depth:measurement_ir,105,0.00079786219628781292,6.3658408426521252e-07
metric_depth:measurement_ir,106,0.00019927718552370521,3.9711396670249228e-08
metric_depth:measurement_ir,107,-0.0011110344053553156,1.2343974498832397e-06
metric_depth:measurement_ir,108,-0.0030654272316699149,9.3968441126634778e-06
metric_depth:measurement_ir,109,-0.0054630341394308786,2.9844742008587282e-05
metric_depth:measurement_ir,110,-0.0078900939441262537,6.2253582447137777e-05
metric_depth:measurement_ir,111,-0.0097941761887912378,9.5925887217085254e-05
metric_depth:measurement_ir,112,-0.010798015719681864,0.00011659714348249664
metric_depth:measurement_ir,113,-0.0085492344296475235,7.3089409333070617e-05
metric_depth:measurement_ir,114,-0.0082643895710463166,6.8300134982019126e-05
metric_depth:measurement_ir,115,-0.0079354744503078219,6.2971754751488227e-05
metric_depth:measurement_ir,116,-0.0040164123439173421,1.6131568116371599e-05
metric_depth:measurement_ir,117,-0.00098466733215687454,9.6956975501693672e-07
metric_depth:measurement_ir,118,0.00081878015787122398,6.7040094692362644e-07
metric_depth:measurement_ir,119,0.0015213807439717008,2.314599368127886e-06
metric_depth:measurement_ir,120,0.00092777925329645694,8.6077434284733118e-07
metric_depth:measurement_ir,121,-0.0011235487205005336,1.2623617273383862e-06
metric_depth:measurement_ir,122,-0.0047805705524345049,2.2853854806803947e-05
metric_depth:measurement_ir,123,-0.010103077023323071,0.00010207216533919857
metric_depth:measurement_ir,124,-0.016745109489251675,0.00028039869180702649
metric_depth:measurement_ir,125,-0.023708269019678065,0.00056208201990942674
metric_depth:measurement_ir,126,-0.029385159880521171,0.00086348762120379101
metric_depth:measurement_ir,127,-0.031423807636784852,0.00098745568639365799
metric_depth:measurement_ir,128,-0.026644760899161481,0.00070994328337348461
metric_depth:measurement_ir,129,-0.010014054679773742,0.00010028129112949838
metric_depth:measurement_ir,130,0.017315506101849554,0.00029982675156318918
metric_depth:measurement_ir,131,0.017867007571568561,0.00031922995956248825
metric_depth:measurement_ir,132,0.016691433017527048,0.0002786039361785921
metric_depth:measurement_ir,133,0.012161435643557541,0.00014790051691239181
metric_depth:measurement_ir,134,0.0067853936272221915,4.6041566676347531e-05
metric_depth:measurement_ir,135,0.0023620973806571578,5.5795040357074055e-06
metric_depth:measurement_ir,136,-0.00057052497048628583,3.254987419483773e-07
metric_depth:measurement_ir,137,-0.0021201479935976765,4.4950275147562537e-06
metric_depth:measurement_ir,138,-0.0025809153033542922,6.6611238030883783e-06
metric_depth:measurement_ir,139,-0.0022255717307788636,4.9531695288420268e-06
metric_depth:measurement_ir,140,-0.001586171545534576,2.5159401718635455e-06
metric_depth:measurement_ir,141,-0.00091776728356247623,8.4229678677764661e-07
metric_depth:measurement_ir,142,-0.000386554120002458,1.4942408769087469e-07
metric_depth:measurement_ir,143,-8.2862823346996356e-05,6.8662474930355243e-09
metric_depth:measurement_ir,144,-4.0260828025129315e-05,1.6209342732690382e-09
metric_depth:measurement_ir,145,1.7880159276817408e-05,3.1970009576435961e-10
metric_depth:measurement_ir,146,-9.2046256490085904e-05,8.4725133338386812e-09
metric_depth:measurement_ir,147,-0.00031213034994337363,9.7425355355772887e-08
metric_depth:measurement_ir,148,-0.00027142297504809679,7.3670431383959769e-08
metric_depth:measurement_ir,149,-0.00015827289310594851,2.5050308692127004e-08
metric_depth:measurement_ir,150,-2.500944504273406e-05,6.254723413455353e-10
metric_depth:measurement_ir,151,0.00013460756860563807,1.8119197525921561e-08
metric_depth:measurement_ir,152,0.00038953752798542851,1.5173948570899849e-07
metric_depth:measurement_ir,153,0.0005788218387253963,3.3503472098544869e-07
metric_depth:measurement_ir,154,0.00057791313480226592,3.33983591376982e-07
metric_depth:measurement_ir,155,5.2680417754924495e-05,2.775226414833364e-09
metric_depth:measurement_ir,156,-0.00090010260881250297,8.1018470639107373e-07
metric_depth:measurement_ir,157,-0.0026179428096779313,6.8536245547443817e-06
metric_depth:measurement_ir,158,-0.0054126910002861633,2.9297223864578826e-05
metric_depth:measurement_ir,159,-0.00938009794915029,8.7986237535653481e-05
metric_depth:measurement_ir,160,-0.013820269466798507,0.0001909998481349231
metric_depth:measurement_ir,161,-0.017502785323476999,0.0003063474940797218
metric_depth:measurement_ir,162,-0.014019975928172813,0.00019655972502654513
metric_depth:measurement_ir,163,-0.0094816609940147067,8.9901895205419957e-05
metric_depth:measurement_ir,164,-0.0056531160786064136,3.1957721398198352e-05
metric_depth:measurement_ir,165,-0.0027664155066600142,7.6530547554889827e-06
metric_depth:measurement_ir,166,-0.00098117807504278782,9.6271041494467064e-07
metric_depth:measurement_ir,167,0.00015278474118973762,2.3343177140415106e-08
metric_depth:measurement_ir,168,0.00062732707337058717,3.9353925698370607e-07
metric_depth:measurement_ir,169,0.00066012985978254341,4.3577143177652041e-07
metric_depth:measurement_ir,170,0.00052498805264038499,2.7561245541514364e-07
metric_depth:measurement_ir,171,0.00017208355829216869,2.9612751034494221e-08
metric_depth:measurement_ir,172,-0.00037539870017884176,1.4092418409596394e-07
metric_depth:measurement_ir,173,-0.0012126231074041094,1.4704548006103983e-06
metric_depth:measurement_ir,174,-0.0023364022015707423,5.4587752475046112e-06
metric_depth:measurement_ir,175,-0.0035453171686306464,1.2569273826187224e-05
metric_depth:measurement_ir,176,-0.0046171837568508957,2.131838584452775e-05
metric_depth:measurement_ir,177,-0.0049194071614480535,2.4200566820106394e-05
metric_depth:measurement_ir,178,-0.0037423505660398428,1.4005187759138732e-05
metric_depth:measurement_ir,179,-0.00029175112866344224,8.5118721076392422e-08
metric_depth:measurement_ir,180,0.0059455852115878997,3.5349983508252734e-05
metric_depth:measurement_ir,181,0.014635033119983555,0.00021418419442301558
metric_depth:measurement_ir,182,0.023963596070759152,0.00057425393664250351
metric_depth:measurement_ir,183,0.030804585317232472,0.00094892247656665435
metric_depth:measurement_ir,184,0.030201558879083913,0.00091213415872677239
metric_depth:measurement_ir,185,0.023015132102243287,0.00052969630568370954
metric_depth:measurement_ir,186,0.015299297494160058,0.00023406850381481223
metric_depth:measurement_ir,187,0.006999328087402913,4.8990593675107321e-05
metric_depth:measurement_ir,188,0.0014185323440776721,2.0122340111944951e-06
metric_depth:measurement_ir,189,-0.001953703100805804,3.8169558060982135e-06
metric_depth:measurement_ir,190,-0.0035882874942405611,1.2875807141323206e-05
metric_depth:measurement_ir,191,-0.0039972430780625956,1.5977952225119335e-05
metric_depth:measurement_ir,192,-0.0036481910488531887,1.3309297928932529e-05
metric_depth:measurement_ir,193,-0.0028989718959117287,8.4040380532860432e-06
metric_depth:measurement_ir,194,-0.0020420514151318512,4.1699739820419965e-06
metric_depth:measurement_ir,195,-0.0012564269776281557,1.5786087501118219e-06
metric_depth:measurement_ir,196,-0.00064204227905380058,4.1221828809259833e-07
metric_depth:measurement_ir,197,-0.00022210209136890315,4.9329338990440601e-08
metric_depth:measurement_ir,198,1.5012102207556666e-05,2.2536321269012772e-10
metric_depth:measurement_ir,199,0.00010556203187475077,1.1143342573525897e-08
metric_depth:measurement_ir,200,0.00010351458716755248,1.071526975646882e-08
metric_depth:measurement_ir,201,6.0613937192144363e-05,3.6740493819332215e-09
metric_depth:measurement_ir,202,6.992665021243738e-06,4.8897364099325687e-11
metric_depth:measurement_ir,203,-2.9138303214892858e-05,8.4904071424303552e-10
metric_depth:measurement_ir,204,-5.7248815831467681e-05,3.2774269141053044e-09
metric_depth:measurement_ir,205,-5.2431742738079387e-05,2.7490876465521405e-09
metric_depth:measurement_ir,206,-6.3828876312665986e-05,4.0741254513376132e-09
metric_depth:measurement_ir,207,-6.3262630492033628e-05,4.0021604167715831e-09
metric_depth:measurement_ir,208,-7.1915828180646463e-05,5.1718863429082639e-09
metric_depth:measurement_ir,209,-7.8173548526816456e-05,6.1111036892745273e-09
metric_depth:measurement_ir,210,-9.093328117497636e-05,8.2688616252473092e-09
metric_depth:measurement_ir,211,-7.1401501467516224e-05,5.0981744118157214e-09
metric_depth:measurement_ir,212,-5.4648663791567749e-05,2.9864764542038079e-09
metric_depth:measurement_ir,213,-4.0253136803247715e-05,1.6203150225009756e-09
metric_depth:measurement_ir,214,-2.6172684944736348e-05,6.8500943721642876e-10
metric_depth:measurement_ir,215,-2.955150079655411e-05,8.7329119932873824e-10
metric_depth:measurement_ir,216,-5.2101638587753743e-05,2.71458074352891e-09
metric_depth:measurement_ir,217,-4.9856120477098639e-05,2.4856327490269741e-09
metric_depth:measurement_ir,218,-2.7917836033264367e-05,7.7940556878023431e-10
metric_depth:measurement_ir,219,-1.3140291666147163e-05,1.7266726507141658e-10
metric_depth:measurement_ir,220,2.1282666319422107e-05,4.5295188566386413e-10
metric_depth:measurement_ir,221,5.1688215290113249e-05,2.6716715998770969e-09
metric_depth:measurement_ir,222,6.4585151665053081e-05,4.171241815597909e-09
metric_depth:measurement_ir,223,6.2624977717096184e-05,3.9218878340667934e-09
metric_depth:measurement_ir,224,3.0876527678191934e-05,9.533599614621525e-10
metric_depth:measurement_ir,225,-4.5765624478555374e-05,2.0944923839121467e-09
metric_depth:measurement_ir,226,-0.0001643293020562986,2.7004119514310223e-08
metric_depth:measurement_ir,227,-0.00029204983718198466,8.5293107398023746e-08
metric_depth:measurement_ir,228,-0.00044500049734619296,1.9802544263835909e-07
metric_depth:measurement_ir,229,-0.00055664080563344598,3.0984898649625179e-07
metric_depth:measurement_ir,230,-0.00049550726280633839,2.4552744749382969e-07
metric_depth:measurement_ir,231,-0.00039593311875449902,1.5676303452666423e-07
metric_depth:measurement_ir,232,-0.00029623938215106449,8.7757771537244425e-08
metric_depth:measurement_ir,233,-0.00026130977235645504,6.828279712898236e-08
metric_depth:measurement_ir,234,-0.00022822714961652228,5.2087631822082448e-08
metric_depth:measurement_ir,235,-0.00022975019240822903,5.2785150911618257e-08
metric_depth:measurement_ir,236,-0.00022333204052351621,4.9877200324397487e-08
metric_depth:measurement_ir,237,-0.00017006015451901391,2.8920456155030889e-08
metric_depth:measurement_ir,238,-1.7824447717718074e-05,3.1771093644166508e-10
metric_depth:measurement_ir,239,0.00030536669432859045,9.3248818005170797e-08
temporal_acceleration:state_sequence,0,0.00096405607727813314,9.2940412013690177e-07
temporal_acceleration:state_sequence,1,0.01081200123041379,0.00011689937060646932
temporal_acceleration:state_sequence,2,-0.049339620991930566,0.0024343981996273554
temporal_acceleration:state_sequence,3,-0.01778820480758142,0.00031642023027646276
temporal_acceleration:state_sequence,4,-0.18666194361759325,0.034842681195097563
temporal_acceleration:state_sequence,5,-0.015756721381583461,0.00024827426869684937
temporal_acceleration:state_sequence,6,0.0098868740110760397,9.7750277710890814e-05
temporal_acceleration:state_sequence,7,0.19127570401656929,0.036586394947034223
temporal_acceleration:state_sequence,8,0.013564528555258804,0.00018399643492643148
temporal_acceleration:state_sequence,9,0.0019080637411498028,3.6407072402905816e-06
temporal_acceleration:state_sequence,10,0.01788758035233403,0.00031996553086120641
temporal_acceleration:state_sequence,11,0.010633674232445323,0.00011307502768177163
temporal_acceleration:state_sequence,12,-0.0019382576379043184,3.756842670894428e-06
temporal_acceleration:state_sequence,13,0.01602857359720317,0.00025691517156095856
temporal_acceleration:state_sequence,14,0.020949442491740022,0.00043887914071472241
temporal_acceleration:state_sequence,15,0.0013285919935534726,1.7651566853343906e-06
temporal_acceleration:state_sequence,16,0.01741120481486972,0.00030315005310534252
temporal_acceleration:state_sequence,17,0.035017503155940766,0.0012262255272763214
temporal_acceleration:state_sequence,18,8.5502679139960736e-05,7.310708140111077e-09
temporal_acceleration:state_sequence,19,0.0029194364512246471,8.5231091927391617e-06
temporal_acceleration:state_sequence,20,0.05182657633397536,0.0026859940145013751
temporal_acceleration:state_sequence,21,0.0053985500209782419,2.9144342329004178e-05
temporal_acceleration:state_sequence,22,-0.0018269894290613646,3.337890373901971e-06
temporal_acceleration:state_sequence,23,0.072232202210433805,0.0052174910361689978
temporal_acceleration:state_sequence,24,-0.044551063594344652,0.0019847972673873414
temporal_acceleration:state_sequence,25,-0.10314377314297275,0.010638637938169028
temporal_acceleration:state_sequence,26,0.088321526373800197,0.0078006920209978837
temporal_acceleration:state_sequence,27,0.0025196514097053022,6.3486432264299162e-06
temporal_acceleration:state_sequence,28,-0.051650438288936416,0.002667767775439229
temporal_acceleration:state_sequence,29,-0.30171129299066735,0.091029704318100313
temporal_acceleration:state_sequence,30,0.0030770949408236159,9.4685132748422927e-06
temporal_acceleration:state_sequence,31,0.0089207907073944083,7.9580506845134433e-05
temporal_acceleration:state_sequence,32,0.15817162841156751,0.02501826403436699
temporal_acceleration:state_sequence,33,0.015234150890832271,0.00023207935336464568
temporal_acceleration:state_sequence,34,0.019494682648882364,0.00038004265158063507
temporal_acceleration:state_sequence,35,0.045540290787560167,0.0020739180850155373
temporal_acceleration:state_sequence,36,0.028320661071979183,0.00080205984355391708
temporal_acceleration:state_sequence,37,0.013004549292992062,0.00016911830231386034
temporal_acceleration:state_sequence,38,-0.10444655042360029,0.010909081895389678
temporal_acceleration:state_sequence,39,-0.028475218257154114,0.00081083805479256299
temporal_acceleration:state_sequence,40,-0.2384857077889575,0.056875432819600023
temporal_acceleration:state_sequence,41,-0.0068572467501981649,4.7021832993103296e-05
temporal_acceleration:state_sequence,42,0.028056121247717336,0.00078714593946661621
temporal_acceleration:state_sequence,43,0.23623807375575445,0.055808427491829279
temporal_acceleration:state_sequence,44,0.021059581260227667,0.0004435059628561323
temporal_acceleration:state_sequence,45,-0.002521764759439854,6.3592975019527448e-06
temporal_acceleration:state_sequence,46,-0.051919548374252243,0.0026956395033863188
temporal_acceleration:state_sequence,47,-0.0038320091647214838,1.4684294238509444e-05
temporal_acceleration:state_sequence,48,0.00042260317742168207,1.785934455669017e-07
temporal_acceleration:state_sequence,49,0.047919994168081605,0.002296325841068975
temporal_acceleration:state_sequence,50,0.00060925196592620523,3.7118795798494593e-07
temporal_acceleration:state_sequence,51,0.00018947085729970059,3.5899205765883504e-08
temporal_acceleration:state_sequence,52,0.01450028318751146,0.00021025821251802751
temporal_acceleration:state_sequence,53,-0.004195337687198375,1.760085830962701e-05
temporal_acceleration:state_sequence,54,0.00020261192133989858,4.105159066904525e-08
temporal_acceleration:state_sequence,55,0.014303927279385701,0.00020460233561395442
temporal_acceleration:state_sequence,56,-0.0054347190462111783,2.9536171111250538e-05
temporal_acceleration:state_sequence,57,0.00019651666819907321,3.8618800880064631e-08
temporal_acceleration:state_sequence,58,0.014351348169834596,0.00020596119429181482
temporal_acceleration:state_sequence,59,-0.0056549977755304681,3.197899984125454e-05
temporal_acceleration:state_sequence,60,0.00018664899403938312,3.4837846975913677e-08
temporal_acceleration:state_sequence,61,0.01424646666745809,0.00020296181250699442
temporal_acceleration:state_sequence,62,-0.0047437279852502456,2.2502955198046354e-05
temporal_acceleration:state_sequence,63,0.00014154671143278702,2.003547151743668e-08
temporal_acceleration:state_sequence,64,0.014014217042332369,0.00019639827930959902
temporal_acceleration:state_sequence,65,-0.0025029837974077651,6.2649278900857961e-06
temporal_acceleration:state_sequence,66,9.8927369251954056e-05,9.7866243871124644e-09
temporal_acceleration:state_sequence,67,0.013658397659751039,0.00018655182663189268
temporal_acceleration:state_sequence,68,0.0012352868532516936,1.5259336098164713e-06
temporal_acceleration:state_sequence,69,6.3241832653319896e-05,3.9995293973505189e-09
temporal_acceleration:state_sequence,70,0.013377439185988891,0.00017895587917483112
temporal_acceleration:state_sequence,71,0.006513365189109166,4.2423926086699084e-05
temporal_acceleration:state_sequence,72,0.0059982261740292725,3.5978717234809847e-05
temporal_acceleration:state_sequence,73,0.0287068714616278,0.0008240844691144207
temporal_acceleration:state_sequence,74,0.014366472333042779,0.00020639552729608362
temporal_acceleration:state_sequence,75,-0.0081129371094936648,6.581974854259942e-05
temporal_acceleration:state_sequence,76,-0.03709933359834925,0.0013763605534416056
temporal_acceleration:state_sequence,77,0.016279757896890956,0.00026503051718138347
temporal_acceleration:state_sequence,78,-0.00080607561435745018,6.4975789606174072e-07
temporal_acceleration:state_sequence,79,0.028266406906898068,0.00079898975942633481
temporal_acceleration:state_sequence,80,0.02450026354370749,0.00060026291371112234
temporal_acceleration:state_sequence,81,-0.00096173457326310247,9.2493338940956184e-07
temporal_acceleration:state_sequence,82,0.060787470617630887,0.0036951165840893386
temporal_acceleration:state_sequence,83,0.022709231513360351,0.00051570919592739881
temporal_acceleration:state_sequence,84,0.0001427435984166503,2.0375734888933928e-08
temporal_acceleration:state_sequence,85,0.021335341780008212,0.00045519680886976397
temporal_acceleration:state_sequence,86,0.0048749595664432377,2.376523077445644e-05
temporal_acceleration:state_sequence,87,0.0014666446887419415,2.1510466430149465e-06
temporal_acceleration:state_sequence,88,0.0080584035433357362,6.4937867667245945e-05
temporal_acceleration:state_sequence,89,-0.024396018740686642,0.00059516573039593388
temporal_acceleration:state_sequence,90,0.026402133830086966,0.00069707267078182263
temporal_acceleration:state_sequence,91,-0.055490824395031668,0.0030792315920402419
temporal_acceleration:state_sequence,92,-0.068348125482899924,0.0046714662570262336
temporal_acceleration:state_sequence,93,-0.056747341552844804,0.0032202607733152265
temporal_acceleration:state_sequence,94,-0.19011544285209261,0.036143881610847292
temporal_acceleration:state_sequence,95,-0.12620643867780501,0.015928065163734555
temporal_acceleration:state_sequence,96,-0.0089905289934426313,8.082961158193258e-05
temporal_acceleration:state_sequence,97,-0.001163045894498197,1.3526757527091111e-06
temporal_acceleration:state_sequence,98,0.014010924829004345,0.00019630601456401044
temporal_acceleration:state_sequence,99,0.026587386700046359,0.00070688913153780196
temporal_acceleration:state_sequence,100,-0.10319610421135207,0.010649435924400237
temporal_acceleration:state_sequence,101,0.055644302879578333,0.0030962884429542497
temporal_acceleration:state_sequence,102,-0.008863367823476985,7.8559289174247147e-05
temporal_acceleration:state_sequence,103,0.0442191873676765,0.001955336531457681
temporal_acceleration:state_sequence,104,0.044992131606691466,0.002024291906513845
temporal_acceleration:state_sequence,105,0.0034356926942141763,1.1803984289076665e-05
temporal_acceleration:state_sequence,106,0.052511945611266757,0.0027575044318806381
temporal_acceleration:state_sequence,107,0.028988684158628431,0.00084034380924871493
temporal_acceleration:state_sequence,108,0.0078173449538092646,6.111088212684717e-05
temporal_acceleration:state_sequence,109,0.041820442159412774,0.0017489493824087894
temporal_acceleration:state_sequence,110,0.014557805184600703,0.00021192969179278711
temporal_acceleration:state_sequence,111,0.0026039349386331595,6.7804771646344763e-06
temporal_acceleration:state_sequence,112,0.018693851134323692,0.00034946007023225518
temporal_acceleration:state_sequence,113,0.0022942530460845489,5.2635970394682312e-06
temporal_acceleration:state_sequence,114,-0.005210354729636435,2.7147796408644767e-05
temporal_acceleration:state_sequence,115,0.011939294971109508,0.00014254676440716079
temporal_acceleration:state_sequence,116,-0.0057648890080974624,3.3233945275682943e-05
temporal_acceleration:state_sequence,117,0.0074769348069374242,5.590455410719238e-05
temporal_acceleration:state_sequence,118,0.011805704584227833,0.00013937466073005807
temporal_acceleration:state_sequence,119,-0.010156791278688182,0.00010316040907883631
temporal_acceleration:state_sequence,120,-0.0015248576809245504,2.3251909470745978e-06
temporal_acceleration:state_sequence,121,0.0098170640711850304,9.6374746977752001e-05
temporal_acceleration:state_sequence,122,-0.012227459678966213,0.00014951077020074451
temporal_acceleration:state_sequence,123,5.2011691752638922e-05,2.7052160789715277e-09
temporal_acceleration:state_sequence,124,0.0098749969302648049,9.7515564372739315e-05
temporal_acceleration:state_sequence,125,-0.011378971067728116,0.00012948098256019354
temporal_acceleration:state_sequence,126,0.0013153757459524046,1.7302133530398449e-06
temporal_acceleration:state_sequence,127,0.013373255187097264,0.00017884395429922385
temporal_acceleration:state_sequence,128,-0.0076844313521329255,5.9050485205643464e-05
temporal_acceleration:state_sequence,129,-0.0045491832792148718,2.0695068507888176e-05
temporal_acceleration:state_sequence,130,0.013438432044610977,0.00018059145581762715
temporal_acceleration:state_sequence,131,-0.0016699027068778349,2.7885750504379205e-06
temporal_acceleration:state_sequence,132,-0.0011231957392474762,1.2615686686636846e-06
temporal_acceleration:state_sequence,133,0.024417527255133211,0.0005962156372551732
temporal_acceleration:state_sequence,134,0.0080052647856287962,6.4084264288028452e-05
temporal_acceleration:state_sequence,135,0.0018192219418798616,3.3095684738171347e-06
temporal_acceleration:state_sequence,136,0.061502503308224127,0.0037825579131781197
temporal_acceleration:state_sequence,137,0.022299525429771982,0.00049726883439304731
temporal_acceleration:state_sequence,138,0.066023152033092766,0.0043590566043848816
temporal_acceleration:state_sequence,139,0.2196675338291656,0.048253825418587609
temporal_acceleration:state_sequence,140,0.047886470265661174,0.0022931140345040517
temporal_acceleration:state_sequence,141,-0.076275044157286837,0.0058178823611960565
temporal_acceleration:state_sequence,142,-0.34498842155904119,0.11901701100979872
temporal_acceleration:state_sequence,143,0.030780085645623068,0.00094741367235189121
temporal_acceleration:state_sequence,144,0.011754251196787885,0.00013816242119718943
temporal_acceleration:state_sequence,145,0.0053725621581041513,2.8864424142692736e-05
temporal_acceleration:state_sequence,146,-0.011939349311829162,0.00014254806198987546
temporal_acceleration:state_sequence,147,-0.043711119995627316,0.0019106620112721302
temporal_acceleration:state_sequence,148,-0.32828563364437258,0.10777145725728721
temporal_acceleration:state_sequence,149,-0.032190244227781051,0.0010362118234441913
temporal_acceleration:state_sequence,150,0.053368820611237808,0.0028482310134344815
temporal_acceleration:state_sequence,151,0.22978402506117157,0.052800698173313128
temporal_acceleration:state_sequence,152,0.0029933624616251819,8.9602188266667688e-06
temporal_acceleration:state_sequence,153,0.001669999990279239,2.788899967532658e-06
temporal_acceleration:state_sequence,154,0.018218155705030489,0.00033190119729273494
temporal_acceleration:state_sequence,155,-0.0071842497837293351,5.1613444955015001e-05
temporal_acceleration:state_sequence,156,-0.003358617010592764,1.1280308223843074e-05
temporal_acceleration:state_sequence,157,0.029897864336850304,0.0008938822919047053
temporal_acceleration:state_sequence,158,-0.0037676342032977317,1.4195067489858934e-05
temporal_acceleration:state_sequence,159,0.0011270077826983083,1.2701465422625571e-06
temporal_acceleration:state_sequence,160,0.025237262966761643,0.00063691944205347868
temporal_acceleration:state_sequence,161,-0.0022270927296652587,4.9599420265278535e-06
temporal_acceleration:state_sequence,162,0.00067453542919086729,4.5499804523370755e-07
temporal_acceleration:state_sequence,163,0.011177767423587556,0.00012494248457581517
temporal_acceleration:state_sequence,164,-0.0023723447830148459,5.6280197694977557e-06
temporal_acceleration:state_sequence,165,-0.0003279691578417232,1.0756376849540915e-07
temporal_acceleration:state_sequence,166,0.012229183292192287,0.00014955292399403499
temporal_acceleration:state_sequence,167,-0.0022487874623511317,5.0570450508276424e-06
temporal_acceleration:state_sequence,168,-0.00044235783854210814,1.9568045731964581e-07
temporal_acceleration:state_sequence,169,0.011931809832365529,0.00014236808587573469
temporal_acceleration:state_sequence,170,-0.0024661979403139966,6.0821322808089994e-06
temporal_acceleration:state_sequence,171,0.0022095998911008177,4.8823316787527452e-06
temporal_acceleration:state_sequence,172,0.018914888523771531,0.00035777300786670396
temporal_acceleration:state_sequence,173,-0.0020747924046693456,4.3047635224736052e-06
temporal_acceleration:state_sequence,174,-0.0059179295685407932,3.5021890378209417e-05
temporal_acceleration:state_sequence,175,0.033949822457255814,0.0011525904448791912
temporal_acceleration:state_sequence,176,-0.00092753222912467237,8.6031603606498372e-07
temporal_acceleration:state_sequence,177,0.0027956254313358034,7.8155215523314967e-06
temporal_acceleration:state_sequence,178,0.016052276119737256,0.00025767556862428694
temporal_acceleration:state_sequence,179,-0.0011448883200193549,1.3107692653167408e-06
temporal_acceleration:state_sequence,180,-0.0012009868108294255,1.4423693197862343e-06
temporal_acceleration:state_sequence,181,0.021258970967936518,0.0004519438466155677
temporal_acceleration:state_sequence,182,0.00074898220876029598,5.6097434903945154e-07
temporal_acceleration:state_sequence,183,0.0013064841852852838,1.7069009264005516e-06
temporal_acceleration:state_sequence,184,0.00831137901785357,6.9079021178416572e-05
temporal_acceleration:state_sequence,185,0.0026349777375811456,6.9431076775482525e-06
temporal_acceleration:state_sequence,186,0.0098817047265376684,9.76480883024769e-05
temporal_acceleration:state_sequence,187,0.0084453698816053194,7.1324272437126241e-05
temporal_acceleration:state_sequence,188,0.0063870445976865753,4.0794338692837268e-05
temporal_acceleration:state_sequence,189,-0.040914738735764074,0.0016740158458158332
temporal_acceleration:state_sequence,190,-0.16189195658788541,0.026209005607853775
temporal_acceleration:state_sequence,191,0.002428163823835483,5.8959795553833548e-06
temporal_acceleration:state_sequence,192,-0.0043729982588055355,1.9123113771516245e-05
temporal_acceleration:state_sequence,193,-0.017292296712843443,0.00029902352560501615
temporal_acceleration:state_sequence,194,-0.00317953670120108,1.0109453634284646e-05
temporal_acceleration:state_sequence,195,0.020070000417310475,0.00040280491675084265
temporal_acceleration:state_sequence,196,-0.11286498590242826,0.012738505042755329
temporal_acceleration:state_sequence,197,-0.0049037485892844401,2.4046750226909137e-05
temporal_acceleration:state_sequence,198,-0.0089579416815882551,8.0244719170736214e-05
temporal_acceleration:state_sequence,199,0.025534382835164258,0.00065200470677273113
temporal_acceleration:state_sequence,200,0.0010115175821523437,1.0231678190033234e-06
temporal_acceleration:state_sequence,201,0.019568097661700305,0.00038291044609784094
temporal_acceleration:state_sequence,202,0.0053472551914629761,2.8593138082627749e-05
temporal_acceleration:state_sequence,203,-0.00053673838647405603,2.8808809551477311e-07
temporal_acceleration:state_sequence,204,0.008402857014649795,7.0608006008649266e-05
temporal_acceleration:state_sequence,205,0.065144055911619175,0.0042437480206161653
temporal_acceleration:state_sequence,206,0.0026403600892388468,6.9715014008453711e-06
temporal_acceleration:state_sequence,207,0.0010183118131453298,1.036958948791329e-06
temporal_acceleration:state_sequence,208,0.024940509740771145,0.00062202902612950044
temporal_acceleration:state_sequence,209,-0.00043123697500480063,1.8596532861129104e-07
temporal_acceleration:state_sequence,210,-0.014681577295788811,0.0002155487118922215
temporal_acceleration:state_sequence,211,-0.021572548417462901,0.00046537484522378111
temporal_acceleration:state_sequence,212,-0.0037975047963856312,1.4421042678571875e-05
temporal_acceleration:state_sequence,213,0.0069012542371111457,4.7627310045244541e-05
temporal_acceleration:state_sequence,214,0.012457559541887993,0.00015519078973968457
temporal_acceleration:state_sequence,215,-0.00076513563767033332,5.8543254403318764e-07
temporal_acceleration:state_sequence,216,0.00027301050317368736,7.453473484314995e-08
temporal_acceleration:state_sequence,217,0.0096367219495614234,9.2866409933158926e-05
temporal_acceleration:state_sequence,218,-0.00075184362500646529,5.6526883646286236e-07
temporal_acceleration:state_sequence,219,0.00022952767882049308,5.2682955344723422e-08
temporal_acceleration:state_sequence,220,0.009548848825143029,9.1180513885435403e-05
temporal_acceleration:state_sequence,221,-0.00041036661461379964,1.6840075838959076e-07
temporal_acceleration:state_sequence,222,0.00023116255466221203,5.3436126677960165e-08
temporal_acceleration:state_sequence,223,0.0095327474551385686,9.0873274043450851e-05
temporal_acceleration:state_sequence,224,-7.6544380558374314e-05,5.8590421950652315e-09
temporal_acceleration:state_sequence,225,0.00022906176473082296,5.2469292061598888e-08
temporal_acceleration:state_sequence,226,0.0095237730449136589,9.0702253011023983e-05
temporal_acceleration:state_sequence,227,0.00010790808788740947,1.1644155431516885e-08
temporal_acceleration:state_sequence,228,0.00023366284337161813,5.4598324372509348e-08
temporal_acceleration:state_sequence,229,0.009520669787353284,9.0643153199821623e-05
temporal_acceleration:state_sequence,230,4.9786847067245787e-05,2.4787301408973205e-09
temporal_acceleration:state_sequence,231,0.0002293863867016202,5.2618114404025245e-08
temporal_acceleration:state_sequence,232,0.0095560430267999843,9.1317958330052609e-05
temporal_acceleration:state_sequence,233,-0.00024836995078825197,6.1687632454558701e-08
temporal_acceleration:state_sequence,234,0.00023764770941209212,5.647643378881418e-08
temporal_acceleration:state_sequence,235,0.0095816767205927945,9.1808528777949892e-05
temporal_acceleration:state_sequence,236,-0.00065450400999811364,4.2837549910361082e-07
temporal_acceleration:state_sequence,237,0.00024118629582708939,5.8170829294792275e-08
temporal_acceleration:state_sequence,238,0.0096194302294439586,9.253343793914025e-05
temporal_acceleration:state_sequence,239,-0.0010095937363452379,1.0192795124675376e-06
temporal_acceleration:state_sequence,240,0.00024625084882375775,6.0639480546421191e-08
temporal_acceleration:state_sequence,241,0.0096247394313837345,9.2635609122032893e-05
temporal_acceleration:state_sequence,242,-0.0011844124449522653,1.4028328397578028e-06
temporal_acceleration:state_sequence,243,0.00023731909892590886,5.6320354715005311e-08
temporal_acceleration:state_sequence,244,0.0095539900916991292,9.1278726672285133e-05
temporal_acceleration:state_sequence,245,-0.0010158515634683951,1.0319543990011828e-06
temporal_acceleration:state_sequence,246,0.00022525093480760261,5.073798363169884e-08
temporal_acceleration:state_sequence,247,0.0098431402571875475,9.6887410122666143e-05
temporal_acceleration:state_sequence,248,-0.00029432045459021339,8.6624529990189862e-08
temporal_acceleration:state_sequence,249,-0.0013908402932322553,1.934436721278386e-06
temporal_acceleration:state_sequence,250,0.05100439725920556,0.0026014485397748556
temporal_acceleration:state_sequence,251,0.0042796493072083663,1.8315398192689051e-05
temporal_acceleration:state_sequence,252,0.0051941265403457684,2.6978950517124301e-05
temporal_acceleration:state_sequence,253,-0.06237704853053351,0.0038908961833805326
temporal_acceleration:state_sequence,254,-0.0021243950639426856,4.5130543877040477e-06
temporal_acceleration:state_sequence,255,-0.00093421333865847944,8.7275456212742283e-07
temporal_acceleration:state_sequence,256,0.011329385726258948,0.00012835498093435998
temporal_acceleration:state_sequence,257,0.005346334939888564,2.8583297289473255e-05
temporal_acceleration:state_sequence,258,-0.0063411720017112622,4.0210462355286818e-05
temporal_acceleration:state_sequence,259,0.031190104902230526,0.00097282264381214469
temporal_acceleration:state_sequence,260,0.0093867627477361992,8.8111314882288047e-05
temporal_acceleration:state_sequence,261,0.0011213528152157273,1.2574321361922372e-06
temporal_acceleration:state_sequence,262,0.031245239296663223,0.00097626497870574765
temporal_acceleration:state_sequence,263,0.01105109629250034,0.00012212672926611474
temporal_acceleration:state_sequence,264,-0.0013252358176980839,1.756249972509909e-06
temporal_acceleration:state_sequence,265,0.0094241453454996481,8.8814515493102679e-05
temporal_acceleration:state_sequence,266,0.0081952733216095197,6.7162504815884724e-05
temporal_acceleration:state_sequence,267,0.0033305419540435172,1.109250970764401e-05
temporal_acceleration:state_sequence,268,0.0033038107519454524,1.0915165484670376e-05
temporal_acceleration:state_sequence,269,0.0016340503719414201,2.6701206180418935e-06
temporal_acceleration:state_sequence,270,0.0057410863176613966,3.2960072106838895e-05
temporal_acceleration:state_sequence,271,-0.017137712357869445,0.00029370118486107111
temporal_acceleration:state_sequence,272,-0.011269501843660379,0.00012700167180426468
temporal_acceleration:state_sequence,273,-0.0098213704327093643,9.6459317176497719e-05
temporal_acceleration:state_sequence,274,-0.05371943848113233,0.002885778070728161
temporal_acceleration:state_sequence,275,-0.030329149972381231,0.0009198573380471924
temporal_acceleration:state_sequence,276,-0.02176904691638757,0.00047389140364788318
temporal_acceleration:state_sequence,277,-0.095879806980686294,0.0091929373866536605
temporal_acceleration:state_sequence,278,-0.053483476537947716,0.0028604822625852037
temporal_acceleration:state_sequence,279,-0.0012544754384850518,1.5737086257622629e-06
temporal_acceleration:state_sequence,280,-0.018995376207056144,0.00036082431724759466
temporal_acceleration:state_sequence,281,-0.041650631815035588,0.0017347751305916547
temporal_acceleration:state_sequence,282,0.020547844526960964,0.00042221391470415964
temporal_acceleration:state_sequence,283,-0.045850742474178009,0.0021022905854333911
temporal_acceleration:state_sequence,284,0.049644365354075681,0.0024645630114089496
temporal_acceleration:state_sequence,285,-0.026934741681827329,0.00072548030946676648
temporal_acceleration:state_sequence,286,-0.0028279959002552369,7.9975608118604276e-06
temporal_acceleration:state_sequence,287,0.036339669793794549,0.001320571600722024
temporal_acceleration:state_sequence,288,0.01565454485964346,0.0002450647747625895
temporal_acceleration:state_sequence,289,-0.0040862318116955381,1.6697290418912598e-05
temporal_acceleration:state_sequence,290,0.023448880604788336,0.00054985000161761864
temporal_acceleration:state_sequence,291,0.0081762085185920971,6.6850385739497973e-05
temporal_acceleration:state_sequence,292,0.0065116075330397191,4.240103266433962e-05
temporal_acceleration:state_sequence,293,0.013142031424662193,0.00017271298996680858
temporal_acceleration:state_sequence,294,0.0037330913627070875,1.393597112231826e-05
temporal_acceleration:state_sequence,295,0.036668734908315528,0.0013445961197763178
temporal_acceleration:state_sequence,296,0.006807831374233686,4.6346568020000515e-05
temporal_acceleration:state_sequence,297,-0.00039860272215412607,1.5888413010867941e-07
temporal_acceleration:state_sequence,298,0.030796515194867129,0.00094842534814768193
temporal_acceleration:state_sequence,299,0.00077206655178851946,5.9608676039061458e-07
temporal_acceleration:state_sequence,300,-0.00067113706092612052,4.5042495454855119e-07
temporal_acceleration:state_sequence,301,0.01207616940937923,0.00014583386760402668
temporal_acceleration:state_sequence,302,-0.0038326452941861433,1.4689169951047189e-05
temporal_acceleration:state_sequence,303,0.0049350441480115054,2.4354660742822605e-05
temporal_acceleration:state_sequence,304,0.0096147397996249537,9.2443221414492097e-05
temporal_acceleration:state_sequence,305,-0.0055246203727410403,3.052143026290535e-05
temporal_acceleration:state_sequence,306,-0.0048411225778305367,2.3436467813580582e-05
temporal_acceleration:state_sequence,307,0.010571523803538369,0.00011175711552877834
temporal_acceleration:state_sequence,308,-0.0060485492287831732,3.6584947773013521e-05
temporal_acceleration:state_sequence,309,0.0024616535880210566,6.059738387416942e-06
temporal_acceleration:state_sequence,310,0.0073074954104929059,5.3399489174374884e-05
temporal_acceleration:state_sequence,311,-0.00607402330968565,3.6893759166604615e-05
temporal_acceleration:state_sequence,312,0.0015162099275752364,2.2988925444777035e-06
temporal_acceleration:state_sequence,313,0.0073625458837222818,5.4207081889915914e-05
temporal_acceleration:state_sequence,314,-0.0057151167007107873,3.2662558902743354e-05
temporal_acceleration:state_sequence,315,-0.0040670436419092126,1.6540843985194152e-05
temporal_acceleration:state_sequence,316,0.010556266603048632,0.0001114347645946399
temporal_acceleration:state_sequence,317,-0.0050837612865395343,2.5844628818518101e-05
temporal_acceleration:state_sequence,318,0.0021403587468522833,4.5811355652270771e-06
temporal_acceleration:state_sequence,319,0.0073489370469898086,5.4006875720619288e-05
temporal_acceleration:state_sequence,320,-0.004600580253106834,2.1165338665276542e-05
temporal_acceleration:state_sequence,321,0.00026212003728435379,6.8706913945951026e-08
temporal_acceleration:state_sequence,322,0.013127614680550247,0.00017233426720099837
temporal_acceleration:state_sequence,323,-0.0031658148674740261,1.0022383775119585e-05
temporal_acceleration:state_sequence,324,-0.0012548687204548548,1.5746955055760045e-06
temporal_acceleration:state_sequence,325,0.029779962334988405,0.00088684615667332812
temporal_acceleration:state_sequence,326,-0.00021037783525024167,4.4258833564577829e-08
temporal_acceleration:state_sequence,327,-8.0481861667244803e-05,6.4773300574255284e-09
temporal_acceleration:state_sequence,328,0.043953944740184644,0.0019319492582232053
temporal_acceleration:state_sequence,329,0.0037355540002215193,1.3954363688570994e-05
temporal_acceleration:state_sequence,330,0.00063922933155952794,4.0861413832604091e-07
temporal_acceleration:state_sequence,331,0.017057963859283522,0.00029097413102462279
temporal_acceleration:state_sequence,332,0.0064303050983838261,4.1348823658301026e-05
temporal_acceleration:state_sequence,333,0.032081702762306145,0.0010292356521289618
temporal_acceleration:state_sequence,334,0.19443794814867388,0.037806115680266393
temporal_acceleration:state_sequence,335,0.023233005863754208,0.00053977256146523736
temporal_acceleration:state_sequence,336,-0.047271098335274764,0.0022345567378232165
temporal_acceleration:state_sequence,337,-0.33649430220938631,0.11322841541938181
temporal_acceleration:state_sequence,338,0.0028217713282296941,7.962393428819172e-06
temporal_acceleration:state_sequence,339,0.0061116831150400883,3.7352670498666115e-05
temporal_acceleration:state_sequence,340,-0.014984732525264301,0.00022454220885371386
temporal_acceleration:state_sequence,341,0.011312559803489108,0.00012797400930751753
temporal_acceleration:state_sequence,342,-0.0052958484353078997,2.8046010649753129e-05
temporal_acceleration:state_sequence,343,-0.14268333951973272,0.020358535376503322
temporal_acceleration:state_sequence,344,-0.017654592884421838,0.00031168464991467818
temporal_acceleration:state_sequence,345,0.015490488139559867,0.00023995522280184493
temporal_acceleration:state_sequence,346,0.065553245895861659,0.004297228047483303
temporal_acceleration:state_sequence,347,-0.0063379792473572394,4.0169980939931037e-05
temporal_acceleration:state_sequence,348,0.0029888901574683796,8.9334643734113543e-06
temporal_acceleration:state_sequence,349,0.004272224926490889,1.8251905822530081e-05
temporal_acceleration:state_sequence,350,-0.0087735537266597774,7.6975244994585668e-05
temporal_acceleration:state_sequence,351,0.0010667614891845048,1.1379800748071424e-06
temporal_acceleration:state_sequence,352,0.021044764839727451,0.00044288212715942879
temporal_acceleration:state_sequence,353,-0.0078631921709115815,6.182979111668519e-05
temporal_acceleration:state_sequence,354,0.0016385849414006157,2.6849606101848592e-06
temporal_acceleration:state_sequence,355,0.018205971732630673,0.0003314574067293471
temporal_acceleration:state_sequence,356,-0.0092585862626837212,8.5721419583555713e-05
temporal_acceleration:state_sequence,357,0.00015538095605182461,2.4143241503579051e-08
temporal_acceleration:state_sequence,358,0.023542845651044159,0.00055426558134888892
temporal_acceleration:state_sequence,359,-0.010412332022298187,0.00010841665814257626
temporal_acceleration:state_sequence,360,-0.00061427758862732385,3.7733695588979968e-07
temporal_acceleration:state_sequence,361,0.024436625493253362,0.00059714866549752008
temporal_acceleration:state_sequence,362,-0.011469241843835576,0.00013154350847238889
temporal_acceleration:state_sequence,363,0.00019588116421984103,3.8369430496120329e-08
temporal_acceleration:state_sequence,364,0.014670921036839873,0.00021523592406919075
temporal_acceleration:state_sequence,365,-0.01189631884967568,0.00014152240217314889
temporal_acceleration:state_sequence,366,0.00024006953354645255,5.763338093721131e-08
temporal_acceleration:state_sequence,367,0.011159048791784762,0.00012452436993743297
temporal_acceleration:state_sequence,368,-0.0094251856788574173,8.8834125080938957e-05
temporal_acceleration:state_sequence,369,0.00032193773485383187,1.0364390512281615e-07
temporal_acceleration:state_sequence,370,0.021454775524834421,0.00046030739282103413
temporal_acceleration:state_sequence,371,-0.0022937647464127409,5.2613567118859053e-06
temporal_acceleration:state_sequence,372,-0.0013673008967552205,1.8695117422676303e-06
temporal_acceleration:state_sequence,373,0.024080047178539139,0.00057984867212067075
temporal_acceleration:state_sequence,374,0.0091876333541662802,8.4412606650588736e-05
temporal_acceleration:state_sequence,375,0.00070800766793648745,5.0127485785686343e-07
temporal_acceleration:state_sequence,376,0.019907528585598942,0.00039630969438643899
temporal_acceleration:state_sequence,377,0.025987450746995933,0.0006753475963275394
temporal_acceleration:state_sequence,378,-0.001700477311220791,2.891623085976691e-06
temporal_acceleration:state_sequence,379,0.013833476070624127,0.00019136506019653033
temporal_acceleration:state_sequence,380,0.048697817813478927,0.0023714774597947855
temporal_acceleration:state_sequence,381,0.011267286807875761,0.00012695175201093116
temporal_acceleration:state_sequence,382,0.13075922359903119,0.017097974556221435
temporal_acceleration:state_sequence,383,0.084654710584031179,0.0071664200240660805
temporal_acceleration:state_sequence,384,-0.049836707098362583,0.0024836973744079833
temporal_acceleration:state_sequence,385,-0.2549853379017632,0.065017522544876361
temporal_acceleration:state_sequence,386,0.096654514731349117,0.009342095217952583
temporal_acceleration:state_sequence,387,-0.0022102538958631429,4.8852222841782007e-06
temporal_acceleration:state_sequence,388,-0.01743250352672096,0.00030389217920913874
temporal_acceleration:state_sequence,389,-0.16964990970775418,0.028781091863849143
temporal_acceleration:state_sequence,390,0.015919493929265512,0.0002534302869639215
temporal_acceleration:state_sequence,391,-0.068281776336545849,0.0046624009796740725
temporal_acceleration:state_sequence,392,-0.045359848624046961,0.002057515867196455
temporal_acceleration:state_sequence,393,-0.050828758326109252,0.0025835626729740204
temporal_acceleration:state_sequence,394,-0.019376394435754674,0.0003754446613299447
temporal_acceleration:state_sequence,395,-0.023960162999481227,0.00057408941096170928
temporal_acceleration:state_sequence,396,-0.01158077529704836,0.00013411435648072551
temporal_acceleration:state_sequence,397,0.013188370057686614,0.00017393310477848483
temporal_acceleration:state_sequence,398,-0.0060431760169032955,3.6519976371275178e-05
temporal_acceleration:state_sequence,399,0.0020317293319304514,4.1279240782265578e-06
temporal_acceleration:state_sequence,400,0.050668024730244531,0.0025672487300646713
temporal_acceleration:state_sequence,401,0.0068053269269352512,4.6312474582469988e-05
temporal_acceleration:state_sequence,402,0.003158464758550722,9.97589963100687e-06
temporal_acceleration:state_sequence,403,0.032603616131186404,0.0010629957848297582
temporal_acceleration:state_sequence,404,0.010647670681578347,0.00011337289094334311
temporal_acceleration:state_sequence,405,0.0022296207980758431,4.9712089032123594e-06
temporal_acceleration:state_sequence,406,0.010507807565568046,0.00011041401983500907
temporal_acceleration:state_sequence,407,0.0098785666288003782,9.7586078639648474e-05
temporal_acceleration:state_sequence,408,0.0038166303184698075,1.4566666987862945e-05
temporal_acceleration:state_sequence,409,0.0066830060817323293,4.46625702884713e-05
temporal_acceleration:state_sequence,410,0.0077775408096814047,6.0490141046259679e-05
temporal_acceleration:state_sequence,411,-0.015097500923920149,0.00022793453414776975
temporal_acceleration:state_sequence,412,0.026203596356404821,0.00068662846200939201
temporal_acceleration:state_sequence,413,0.0058293634452244447,3.398147817651901e-05
temporal_acceleration:state_sequence,414,-0.00011318476767080421,1.2810791632693926e-08
temporal_acceleration:state_sequence,415,-9.4017557076590632e-05,8.8393010386499767e-09
temporal_acceleration:state_sequence,416,0.0020289758047820072,4.1167428163907941e-06
temporal_acceleration:state_sequence,417,-3.0454742369900867e-05,9.2749133281703502e-10
temporal_acceleration:state_sequence,418,-2.8398831571592637e-05,8.064936346316867e-10
temporal_acceleration:state_sequence,419,0.00020717197662278863,4.2920227897793282e-08
temporal_acceleration:state_sequence,420,2.5784248306182089e-05,6.6482746071485396e-10
temporal_acceleration:state_sequence,421,7.648084831217738e-05,5.8493201585502859e-09
temporal_acceleration:state_sequence,422,-0.0009799364172291547,9.6027538181191188e-07
temporal_acceleration:state_sequence,423,6.4428414767864206e-05,4.1510206294999426e-09
temporal_acceleration:state_sequence,424,0.00010074576731164532,1.0149709631212183e-08
temporal_acceleration:state_sequence,425,-0.0016251561921709623,2.6411326489516219e-06
temporal_acceleration:state_sequence,426,0.00010579896379925291,1.1193420740995628e-08
temporal_acceleration:state_sequence,427,0.00018144813363825084,3.2923425200804535e-08
temporal_acceleration:state_sequence,428,-0.0018649235809586884,3.4779399628157775e-06
temporal_acceleration:state_sequence,429,0.0044612254608572544,1.9902532612601023e-05
temporal_acceleration:state_sequence,430,0.024373838765033632,0.00059408401614385626
temporal_acceleration:state_sequence,431,0.00011099279986215294,1.2319401621239937e-08
temporal_acceleration:state_sequence,432,-0.0041050616751198143,1.6851531356537497e-05
temporal_acceleration:state_sequence,433,0.011165371417687198,0.00012466551889490622
temporal_acceleration:state_sequence,434,-0.0012004814504962269,1.4411557129855249e-06
temporal_acceleration:state_sequence,435,-0.001119507525030039,1.2532970985988834e-06
temporal_acceleration:state_sequence,436,0.012111542330177671,0.00014668945761568558
temporal_acceleration:state_sequence,437,-0.00078684055490274574,6.1911805883966079e-07
temporal_acceleration:state_sequence,438,-0.0092702612121528527,8.5937742941545673e-05
temporal_acceleration:state_sequence,439,0.055075742449775408,0.0030333374063939928
temporal_acceleration:state_sequence,440,0.001862796202494188,3.4700096920267678e-06
temporal_acceleration:state_sequence,441,0.00027417373039489989,7.5171234438655249e-08
temporal_acceleration:state_sequence,442,0.020680162479845946,0.00042766912019282801
temporal_acceleration:state_sequence,443,0.0005174479074732119,2.6775233694840564e-07
temporal_acceleration:state_sequence,444,-0.00012073343870405706,1.4576563221306303e-08
temporal_acceleration:state_sequence,445,0.012322990178119034,0.00015185608693001819
temporal_acceleration:state_sequence,446,0.00014366690086919931,2.0640178405360341e-08
temporal_acceleration:state_sequence,447,-0.0040365767537997588,1.6293951889316598e-05
temporal_acceleration:state_sequence,448,0.01571738330501277,0.00024703613795669415
temporal_acceleration:state_sequence,449,0.00018823975417525673,3.5434205051961085e-08
temporal_acceleration:state_sequence,450,0.00067467016615391229,4.5517983309814762e-07
temporal_acceleration:state_sequence,451,0.017820321684246802,0.00031756386493003675
temporal_acceleration:state_sequence,452,0.0006808067552244168,4.6349783795919899e-07
temporal_acceleration:state_sequence,453,-0.0033284719151838171,1.1078725290167427e-05
temporal_acceleration:state_sequence,454,0.0097886117187386424,9.5816919380227485e-05
temporal_acceleration:state_sequence,455,-0.00046889749028000693,2.1986485639088919e-07
temporal_acceleration:state_sequence,456,0.0008143985432340628,6.6324498722176369e-07
temporal_acceleration:state_sequence,457,0.010454993096304816,0.00010930688064378135
temporal_acceleration:state_sequence,458,-0.0013585215333122846,1.8455807564731609e-06
temporal_acceleration:state_sequence,459,-0.0057727105563115666,3.3324187166951e-05
temporal_acceleration:state_sequence,460,0.022175919611413825,0.00049177141061188825
temporal_acceleration:state_sequence,461,-0.0037451715223113524,1.4026309731531932e-05
temporal_acceleration:state_sequence,462,0.028789173946189295,0.00082881653650394448
temporal_acceleration:state_sequence,463,0.0074125778461884839,5.4946310325804305e-05
temporal_acceleration:state_sequence,464,-0.0030539307822907702,9.3264932230231164e-06
temporal_acceleration:state_sequence,465,0.026801275343604214,0.00071830836004368721
temporal_acceleration:state_sequence,466,0.020021474215299574,0.00040085942975390569
temporal_acceleration:state_sequence,467,-0.0054646941021285755,2.9862881629838839e-05
temporal_acceleration:state_sequence,468,0.017277672162415714,0.00029851795535191486
temporal_acceleration:state_sequence,469,0.001187735704928742,1.4107161047625756e-06
temporal_acceleration:state_sequence,470,-0.0076921999267298702,5.916993971278302e-05
temporal_acceleration:state_sequence,471,0.0066079378702749159,4.3664842897413394e-05
temporal_acceleration:state_sequence,472,0.022552680947196948,0.00050862341790606027
temporal_acceleration:state_sequence,473,-0.0083761339875465524,7.0159620577332513e-05
temporal_acceleration:state_sequence,474,0.014570877813046001,0.00021231048024271623
temporal_acceleration:state_sequence,475,0.023370648207506329,0.00054618719763901882
temporal_acceleration:state_sequence,476,-0.0033768897770292128,1.1403384566204406e-05
temporal_acceleration:state_sequence,477,0.013540762831322217,0.00018335225805411726
temporal_acceleration:state_sequence,478,0.018745221054931021,0.00035138331239822928
temporal_acceleration:state_sequence,479,0.0054118261497881903,2.9287862275531267e-05
temporal_acceleration:state_sequence,480,0.0085631309485589835,7.3327211642168673e-05
temporal_acceleration:state_sequence,481,-0.98434638038139644,0.96893779656995682
temporal_acceleration:state_sequence,482,0.051180894657014697,0.0026194839778924356
temporal_acceleration:state_sequence,483,0.029713856794019999,0.00088291328557552843
temporal_acceleration:state_sequence,484,0.30986535280645788,0.09601653686987062
temporal_acceleration:state_sequence,485,0.0075393252775324271,5.6841425640439412e-05
temporal_acceleration:state_sequence,486,-0.007573797356572598,5.7362406398426072e-05
temporal_acceleration:state_sequence,487,0.15742529593188315,0.024782723799240985
temporal_acceleration:state_sequence,488,-0.0050697858482173785,2.5702728546785206e-05
temporal_acceleration:state_sequence,489,0.012575874399834985,0.00015815261692042496
temporal_acceleration:state_sequence,490,0.0023612420301877845,5.5754639251253301e-06
temporal_acceleration:state_sequence,491,-0.0067274595961563932,4.5258712617916742e-05
temporal_acceleration:state_sequence,492,0.010769910683433304,0.00011599097612913081
temporal_acceleration:state_sequence,493,0.017008534172101068,0.00028929023468352976
temporal_acceleration:state_sequence,494,-0.0078675938594896522,6.189903313787928e-05
temporal_acceleration:state_sequence,495,0.031602938257040691,0.00099874570647832603
temporal_acceleration:state_sequence,496,0.017669617131663731,0.0003122153695795844
temporal_acceleration:state_sequence,497,-0.0046519615384665869,2.1640746155372412e-05
temporal_acceleration:state_sequence,498,0.012376316123254016,0.00015317320078271732
temporal_acceleration:state_sequence,499,0.0055536662709431998,3.0843209049012146e-05
temporal_acceleration:state_sequence,500,-0.0047101463146503875,2.2185478305414625e-05
temporal_acceleration:state_sequence,501,0.0016735798038824967,2.8008693599633764e-06
temporal_acceleration:state_sequence,502,0.017453128956922696,0.00030461171038697352
temporal_acceleration:state_sequence,503,-0.0031552824697822501,9.9558074641151757e-06
temporal_acceleration:state_sequence,504,0.0040248015107760549,1.6199027201145215e-05
temporal_acceleration:state_sequence,505,0.022188459723804812,0.00049232774491490827
temporal_acceleration:state_sequence,506,-0.0011996042396722473,1.4390503318396306e-06
temporal_acceleration:state_sequence,507,-0.0015252050410533013,2.3262504172544026e-06
temporal_acceleration:state_sequence,508,0.014428339730247078,0.00020817698737142634
temporal_acceleration:state_sequence,509,-0.0015554477657531152,2.4194177519863578e-06
temporal_acceleration:state_sequence,510,0.00056717889012791733,3.2169189340673612e-07
temporal_acceleration:state_sequence,511,0.023653530884458047,0.0005594895233020107
temporal_acceleration:state_sequence,512,-0.0013898411723101134,1.9316584842483503e-06
temporal_acceleration:state_sequence,513,0.0025005697981506092,6.2528493154229785e-06
temporal_acceleration:state_sequence,514,0.014628844769385566,0.00021400309928677942
temporal_acceleration:state_sequence,515,-0.0020695867768116827,4.2831894267537699e-06
temporal_acceleration:state_sequence,516,0.0021973975424904868,4.8285559597432306e-06
temporal_acceleration:state_sequence,517,0.013492581870421188,0.00018204976553001854
temporal_acceleration:state_sequence,518,-0.0020468191924427614,4.1894688065520385e-06
temporal_acceleration:state_sequence,519,0.00050962623035055721,2.5971889466131918e-07
temporal_acceleration:state_sequence,520,0.022885562535396555,0.00052374897256154637
temporal_acceleration:state_sequence,521,-0.00060811337780908303,3.6980188027037258e-07
temporal_acceleration:state_sequence,522,-0.0017081748311703615,2.917861253843893e-06
temporal_acceleration:state_sequence,523,0.012120622971189932,0.00014690950120973704
temporal_acceleration:state_sequence,524,0.00097891699171626101,9.5827847667081415e-07
temporal_acceleration:state_sequence,525,0.0062726055815011394,3.9345580781079245e-05
temporal_acceleration:state_sequence,526,0.015218673456566061,0.0002316080217775884
temporal_acceleration:state_sequence,527,0.0054974513115890744,3.0221970923292436e-05
temporal_acceleration:state_sequence,528,0.00092097200550866898,8.4818943493065975e-07
temporal_acceleration:state_sequence,529,0.018561641899799339,0.00034453455001638646
temporal_acceleration:state_sequence,530,0.010566285714328494,0.0001116463937968224
temporal_acceleration:state_sequence,531,-0.00072337657788093535,5.2327367342673291e-07
temporal_acceleration:state_sequence,532,0.016249324854228114,0.00026404055821823552
temporal_acceleration:state_sequence,533,0.016239591728339775,0.00026372433950316165
temporal_acceleration:state_sequence,534,0.0017193065899405446,2.9560151502129842e-06
temporal_acceleration:state_sequence,535,0.015423992582489315,0.00023789954718468539
temporal_acceleration:state_sequence,536,0.019905263591963873,0.00039621951866556249
temporal_acceleration:state_sequence,537,0.0040535151820716986,1.6430985331285754e-05
temporal_acceleration:state_sequence,538,0.016527711119548497,0.00027316523485124703
temporal_acceleration:state_sequence,539,0.01751508262960666,0.00030677811952194893
temporal_acceleration:state_sequence,540,0.0052460132465369236,2.7520654982840873e-05
temporal_acceleration:state_sequence,541,0.00068640315579381441,4.7114929228370745e-07
temporal_acceleration:state_sequence,542,0.0045651074455665963,2.0840205989567573e-05
temporal_acceleration:state_sequence,543,0.0040700854045747775,1.656559520053263e-05
temporal_acceleration:state_sequence,544,0.019809657299975129,0.00039242252234245793
temporal_acceleration:state_sequence,545,-0.017768383602154714,0.00031571545583332052
temporal_acceleration:state_sequence,546,0.0063346149781131483,4.0127346920935444e-05
temporal_acceleration:state_sequence,547,-0.012924983281071386,0.00016705519281597485
temporal_acceleration:state_sequence,548,-0.053171540604446399,0.002827212730250292
temporal_acceleration:state_sequence,549,-0.11828170054799622,0.01399056068452585
temporal_acceleration:state_sequence,550,-0.032936806259525137,0.0010848332065774942
temporal_acceleration:state_sequence,551,-0.098772329970238104,0.0097559731677495966
temporal_acceleration:state_sequence,552,-0.0049295730034214919,2.4300689996061987e-05
temporal_acceleration:state_sequence,553,0.021023304413413327,0.00044197932845904431
temporal_acceleration:state_sequence,554,0.025015903567915387,0.00062579543131924178
temporal_acceleration:state_sequence,555,-0.028244021687028886,0.00079772476105735807
temporal_acceleration:state_sequence,556,0.014911265943285673,0.00022234585203139117
temporal_acceleration:state_sequence,557,0.020266705031701804,0.00041073933284200724
temporal_acceleration:state_sequence,558,0.020662117855936649,0.00042692311429261607
temporal_acceleration:state_sequence,559,0.01549636342828821,0.00024013727950158832
temporal_acceleration:state_sequence,560,0.019422669024513617,0.00037724007203580076
temporal_acceleration:state_sequence,561,-0.0092504322425377566,8.5570496673782108e-05
temporal_acceleration:state_sequence,562,0.0085926067625512002,7.3832890975840612e-05
temporal_acceleration:state_sequence,563,0.015775430703155457,0.00024886421387005991
temporal_acceleration:state_sequence,564,-0.0033818137086056438,1.1436663959713058e-05
temporal_acceleration:state_sequence,565,0.010293754725354376,0.00010596138634575554
temporal_acceleration:state_sequence,566,0.012411793224633705,0.00015405261105106314
temporal_acceleration:state_sequence,567,0.012712549082850924,0.00016160890418389387
temporal_acceleration:state_sequence,568,-0.0009977490844560006,9.9550323553278735e-07
temporal_acceleration:state_sequence,569,0.0087544914972337295,7.664112137513767e-05
temporal_acceleration:state_sequence,570,0.011665083092693151,0.00013607416355943561
temporal_acceleration:state_sequence,571,-0.0080863852331746477,6.5389626139305003e-05
temporal_acceleration:state_sequence,572,0.0054143400930817265,2.9315078643552238e-05
temporal_acceleration:state_sequence,573,0.012687663555293188,0.00016097680649231497
temporal_acceleration:state_sequence,574,-0.010928420482513457,0.00011943037424261967
temporal_acceleration:state_sequence,575,0.0028583365980860975,8.1700881079584052e-06
temporal_acceleration:state_sequence,576,-8.5354893920169816e-07,7.2854579161234422e-13
temporal_acceleration:state_sequence,577,-0.014109311862699141,0.0001990726812389027
temporal_acceleration:state_sequence,578,0.00076929519884583186,5.9181510296724803e-07
temporal_acceleration:state_sequence,579,-0.00057540812281785259,3.3109450780476492e-07
temporal_acceleration:state_sequence,580,-0.01864679584190293,0.00034770299516960842
temporal_acceleration:state_sequence,581,-0.00050925745197272221,2.5934315238974944e-07
temporal_acceleration:state_sequence,582,-0.0056898746599426397,3.237467364585737e-05
temporal_acceleration:state_sequence,583,-0.017712529751808002,0.00031373371020868365
temporal_acceleration:state_sequence,584,-0.0012231409923524339,1.4960738871728968e-06
temporal_acceleration:state_sequence,585,-0.010924463254888099,0.00011934389740740028
temporal_acceleration:state_sequence,586,-0.0056816546962360718,3.2281200087261407e-05
temporal_acceleration:state_sequence,587,-0.0013888893634961264,1.9290136640326748e-06
temporal_acceleration:state_sequence,588,-0.0040250907518743148,1.6201355560824137e-05
temporal_acceleration:state_sequence,589,-0.015055635636915605,0.00022667216443156315
temporal_acceleration:state_sequence,590,-0.0013058999579174113,1.7053747000886966e-06
temporal_acceleration:state_sequence,591,-0.0084796900016069834,7.190514252335344e-05
temporal_acceleration:state_sequence,592,-0.0091165317460549979,8.3111151076828589e-05
temporal_acceleration:state_sequence,593,-0.0010468875993518978,1.0959736456767797e-06
temporal_acceleration:state_sequence,594,-0.0057098053513504957,3.2601877150310754e-05
temporal_acceleration:state_sequence,595,-0.0069300685402530291,4.8025849972604752e-05
temporal_acceleration:state_sequence,596,-0.00066140981695994583,4.3746294597098906e-07
temporal_acceleration:state_sequence,597,-0.0032055772035513228,1.0275725207927919e-05
temporal_acceleration:state_sequence,598,-0.0071929319240363835,5.1738269663821748e-05
temporal_acceleration:state_sequence,599,-0.00029180860905864137,8.515226432073899e-08
temporal_acceleration:state_sequence,600,-0.0043518732985623268,1.8938801206739748e-05
temporal_acceleration:state_sequence,601,-0.0091733499980495362,8.4150350186715426e-05
temporal_acceleration:state_sequence,602,-7.65758728249466e-05,5.8638642989023952e-09
temporal_acceleration:state_sequence,603,-0.00052760413520334948,2.7836612348367428e-07
temporal_acceleration:state_sequence,604,-0.0017194657552484082,2.9565624834719788e-06
temporal_acceleration:state_sequence,605,0.00012493074239117163,1.5607690394409289e-08
temporal_acceleration:state_sequence,606,0.001057007795396761,1.1172654795295211e-06
temporal_acceleration:state_sequence,607,-0.0081904561744511155,6.7083572345604404e-05
temporal_acceleration:state_sequence,608,5.7288968711155519e-05,3.2820259359877561e-09
temporal_acceleration:state_sequence,609,0.0022979398929989445,5.2805277518360004e-06
temporal_acceleration:state_sequence,610,0.01328884103377544,0.00017659329602095391
temporal_acceleration:state_sequence,611,0.00023519704078545089,5.5317647994233049e-08
temporal_acceleration:state_sequence,612,0.0059932261079002208,3.5918759180416832e-05
temporal_acceleration:state_sequence,613,-0.013461091944567608,0.00018120099634010294
temporal_acceleration:state_sequence,614,-0.00011581576191410647,1.3413290707744995e-08
temporal_acceleration:state_sequence,615,-0.0044199093916215404,1.9535599030144297e-05
temporal_acceleration:state_sequence,616,0.017530227783523439,0.00030730888614221712
temporal_acceleration:state_sequence,617,8.5452709965849749e-05,7.3021656405076373e-09
temporal_acceleration:state_sequence,618,0.0023754428030665908,5.6427285106408622e-06
temporal_acceleration:state_sequence,619,0.0042919885999957363,1.842116614249336e-05
temporal_acceleration:state_sequence,620,-6.5853167923179967e-05,4.3366397255185388e-09
temporal_acceleration:state_sequence,621,0.00011234634220202988,1.2621700606175601e-08
temporal_acceleration:state_sequence,622,0.014270071510354908,0.00020363494091064281
temporal_acceleration:state_sequence,623,1.7110552446020222e-05,2.927710050080086e-10
temporal_acceleration:state_sequence,624,-0.0046307609072992334,2.1443946580570818e-05
temporal_acceleration:state_sequence,625,0.015474178414103413,0.00023945019759150402
temporal_acceleration:state_sequence,626,-4.6442945014213421e-05,2.1569471415932514e-09
temporal_acceleration:state_sequence,627,0.0045012229806343923,2.0261008321391161e-05
temporal_acceleration:state_sequence,628,0.023083741992681543,0.00053285914438468921
temporal_acceleration:state_sequence,629,0.000230653659683,5.3201110725161181e-08
temporal_acceleration:state_sequence,630,-0.0039682375831050914,1.5746909515967739e-05
temporal_acceleration:state_sequence,631,0.012184930201976755,0.00014847252402704528
temporal_acceleration:state_sequence,632,-1.9849585939368808e-05,3.9400606196438789e-10
temporal_acceleration:state_sequence,633,0.0034874668440217776,1.2162424988151218e-05
temporal_acceleration:state_sequence,634,-0.001353956824303908,1.8331990820791236e-06
temporal_acceleration:state_sequence,635,-1.6837933483060397e-05,2.8351600397996642e-10
temporal_acceleration:state_sequence,636,0.011061077238264036,0.00012234742967084274
temporal_acceleration:state_sequence,637,-0.015666387886712718,0.00024543570941693894
temporal_acceleration:state_sequence,638,-2.2505366414904415e-06,5.0649151746910757e-12
temporal_acceleration:state_sequence,639,0.002613656997790953,6.8312029021016173e-06
temporal_acceleration:state_sequence,640,-0.013248553341868833,0.00017552416565234382
temporal_acceleration:state_sequence,641,-0.0001247090550737795,1.5552348417394967e-08
temporal_acceleration:state_sequence,642,-0.0042827765223782399,1.834217474063425e-05
temporal_acceleration:state_sequence,643,0.00062792230082855493,3.9428641587782623e-07
temporal_acceleration:state_sequence,644,-0.00013693801385272764,1.8752019637929825e-08
temporal_acceleration:state_sequence,645,0.0080888673291341917,6.5429774668334512e-05
temporal_acceleration:state_sequence,646,0.010729278878267755,0.00011511742524764259
temporal_acceleration:state_sequence,647,0.00017711182787039093,3.1368599571590984e-08
temporal_acceleration:state_sequence,648,0.0052421830056689073,2.7480482664923899e-05
temporal_acceleration:state_sequence,649,-0.0034898198637754499,1.2178842681601699e-05
temporal_acceleration:state_sequence,650,0.00014066261666556557,1.9785971727203845e-08
temporal_acceleration:state_sequence,651,-0.010588115764137013,0.00011210819543476672
temporal_acceleration:state_sequence,652,0.0038176365839402144,1.457434908703871e-05
temporal_acceleration:state_sequence,653,-5.1148143405121971e-05,2.6161325737909222e-09
temporal_acceleration:state_sequence,654,-0.0014629544293860014,2.1402356624601208e-06
temporal_acceleration:state_sequence,655,-0.014029074756943675,0.00019681493853591423
temporal_acceleration:state_sequence,656,0.00014032438298894334,1.969093246122765e-08
temporal_acceleration:state_sequence,657,-0.01302245637006566,0.00016958436991026368
temporal_acceleration:state_sequence,658,-0.009293457704107614,8.6368356098037163e-05
temporal_acceleration:state_sequence,659,-2.8695778677700901e-05,8.2344771391959359e-10
temporal_acceleration:state_sequence,660,-0.018759035235248259,0.00035190140295728571
temporal_acceleration:state_sequence,661,-0.016869511096461908,0.00028458040463365144
temporal_acceleration:state_sequence,662,-0.00012506151854108083,1.5640383419801105e-08
temporal_acceleration:state_sequence,663,-0.013042128606535058,0.00017009711858940009
temporal_acceleration:state_sequence,664,-0.012843145308754311,0.00016494638142177786
temporal_acceleration:state_sequence,665,-0.0001061222165921194,1.1261924854424702e-08
temporal_acceleration:state_sequence,666,-0.012656612231267822,0.00016018983317267824
temporal_acceleration:state_sequence,667,-0.023504161082312611,0.00055244558818329877
temporal_acceleration:state_sequence,668,-0.00021277340064962402,4.5272520024005427e-08
temporal_acceleration:state_sequence,669,-0.0098039517650415353,9.6117470211261029e-05
temporal_acceleration:state_sequence,670,-0.015431026413805901,0.00023811657618357543
temporal_acceleration:state_sequence,671,-0.00032066930084173606,1.0282880050232782e-07
temporal_acceleration:state_sequence,672,-0.00016416948268142828,2.6951619043887781e-08
temporal_acceleration:state_sequence,673,-0.030552708585807206,0.00093346800192925733
temporal_acceleration:state_sequence,674,-0.000299439467292828,8.9663994572612609e-08
temporal_acceleration:state_sequence,675,0.016785048964913021,0.00028173786875452768
temporal_acceleration:state_sequence,676,-0.043554876393112979,0.0018970272576193502
temporal_acceleration:state_sequence,677,-6.5406125342448718e-05,4.2779612323121128e-09
temporal_acceleration:state_sequence,678,0.014316639302301842,0.00020496616091221379
temporal_acceleration:state_sequence,679,-0.036271267092835319,0.0013156048165197983
temporal_acceleration:state_sequence,680,-0.00018021517884658778,3.247751068670762e-08
temporal_acceleration:state_sequence,681,0.031995135421557935,0.0010236886906438312
temporal_acceleration:state_sequence,682,-0.036928701790213549,0.0013637290159105213
temporal_acceleration:state_sequence,683,0.00029507394197825221,8.7068631234584949e-08
temporal_acceleration:state_sequence,684,0.017400353529897217,0.00030277230296540654
temporal_acceleration:state_sequence,685,0.030047174553168146,0.0009028326986285554
temporal_acceleration:state_sequence,686,0.0012340989365311472,1.5230001851473086e-06
temporal_acceleration:state_sequence,687,0.0050050007816399011,2.5050032824216021e-05
temporal_acceleration:state_sequence,688,0.024778424986034348,0.00061397034478853131
temporal_acceleration:state_sequence,689,0.00027457572303379862,7.5391827679533293e-08
temporal_acceleration:state_sequence,690,0.0019973319537905376,3.9893349336327265e-06
temporal_acceleration:state_sequence,691,0.026243747033668843,0.00068873425836720218
temporal_acceleration:state_sequence,692,8.5423251139360445e-07,7.2971318352182454e-13
temporal_acceleration:state_sequence,693,-0.0040923978365632607,1.6747720052707655e-05
temporal_acceleration:state_sequence,694,0.022414894059722062,0.00050242747570856342
temporal_acceleration:state_sequence,695,-0.00046260090577732171,2.1399959802599849e-07
temporal_acceleration:state_sequence,696,0.0029877640728662169,8.9267341551101252e-06
temporal_acceleration:state_sequence,697,0.026887867851556436,0.00072295743760276206
temporal_acceleration:state_sequence,698,-1.3192764676261959e-05,1.7404903980322531e-10
temporal_acceleration:state_sequence,699,-0.0014759498772964202,2.1784280402913182e-06
temporal_acceleration:state_sequence,700,0.022697050708524322,0.00051515611086532442
temporal_acceleration:state_sequence,701,-0.00024718332522599695,6.1099596269780988e-08
temporal_acceleration:state_sequence,702,-0.00046479545869573813,2.160348184241816e-07
temporal_acceleration:state_sequence,703,0.023677720302022229,0.0005606344387007957
temporal_acceleration:state_sequence,704,5.6722819117283052e-05,3.2174782086120116e-09
temporal_acceleration:state_sequence,705,8.0495077044301366e-05,6.4794574283680126e-09
temporal_acceleration:state_sequence,706,0.023092885727372885,0.0005332813712175023
temporal_acceleration:state_sequence,707,0.0003346695294270674,1.1200369392693473e-07
temporal_acceleration:state_sequence,708,0.00018919573670582446,3.5795026787659649e-08
temporal_acceleration:state_sequence,709,0.023314078497019979,0.00054354625616520938
temporal_acceleration:state_sequence,710,0.00070688443426281111,4.9968560340305452e-07
temporal_acceleration:state_sequence,711,0.00045262370584407685,2.048682190920254e-07
temporal_acceleration:state_sequence,712,0.025399513848773227,0.00064513530375402293
temporal_acceleration:state_sequence,713,0.0012211102517500905,1.4911102469291694e-06
contact_distance:interaction_state,0,-0.22994894289887768,0.052876516340311312
contact_distance:interaction_state,1,-0.0055918853841263605,3.1269182149206012e-05
contact_distance:interaction_state,2,0.01073961799047396,0.00011533939458131193
contact_distance:interaction_state,3,0.26408447111601896,0.069740607884627451
contact_distance:interaction_state,4,0.13327333606916181,0.017761782107003746
contact_distance:interaction_state,5,0.01379417426239371,0.00019027924358128506
contact_distance:interaction_state,6,-0.20355545516320683,0.041434823326700308
contact_distance:interaction_state,7,-0.0041985455436210906,1.762778468186052e-05
contact_distance:interaction_state,8,0.010909668215486334,0.00011902086057199279
contact_distance:interaction_state,9,0.26491684076545424,0.070180932521149042
contact_distance:interaction_state,10,0.13160223805042115,0.017319149059879715
contact_distance:interaction_state,11,0.015822615539118345,0.00025035516249874933
contact_distance:interaction_state,12,-0.17107723898063254,0.029267421697236458
contact_distance:interaction_state,13,0.00028082005421037337,7.8859902846717038e-08
contact_distance:interaction_state,14,0.0099547985983328147,9.909801513336897e-05
contact_distance:interaction_state,15,0.24470794700356263,0.05988197932669842
contact_distance:interaction_state,16,0.12990349596048167,0.01687491826275488
contact_distance:interaction_state,17,0.016088703410410687,0.00025884637742816047
contact_distance:interaction_state,18,-0.018387155542254341,0.00033808748893505454
contact_distance:interaction_state,19,0.0083227990876344471,6.9268984653128783e-05
contact_distance:interaction_state,20,-0.0041768374718920143,1.7445971266601271e-05
contact_distance:interaction_state,21,-0.00086649033806396325,7.5080550595820129e-07
contact_distance:interaction_state,22,-0.0020708552954662451,4.2884416547605898e-06
contact_distance:interaction_state,23,0.00046477273141221076,2.1601369186436701e-07
contact_distance:interaction_state,24,-0.050056596704234346,0.0025056628736103647
contact_distance:interaction_state,25,0.018770173726645467,0.00035231942172845177
contact_distance:interaction_state,26,-0.021459352368413676,0.00046050380407174161
contact_distance:interaction_state,27,-0.02406988825753853,0.0005793595207303912
contact_distance:interaction_state,28,-0.0481821725886733,0.0023215217553647009
contact_distance:interaction_state,29,0.021675204081361699,0.00046981447196867886
contact_distance:interaction_state,30,-0.011038090178161486,0.00012183943478122507
contact_distance:interaction_state,31,0.0049103170260411666,2.4111213296229766e-05
contact_distance:interaction_state,32,0.0010008520772153418,1.0017048804662643e-06
contact_distance:interaction_state,33,0.027803957454206052,0.00077306005011530026
contact_distance:interaction_state,34,0.058025726772770181,0.0033669849675081781
contact_distance:interaction_state,35,0.0053251635745432679,2.8357367095642434e-05
contact_distance:interaction_state,36,0.019012974781795755,0.00036149321005320134
contact_distance:interaction_state,37,-0.0055824345808752618,3.1163575849751963e-05
contact_distance:interaction_state,38,-0.0041907739447566428,1.7562586256051153e-05
contact_distance:interaction_state,39,0.083744023919876676,0.0070130615422928765
contact_distance:interaction_state,40,0.12421878792234775,0.015430307272897207
contact_distance:interaction_state,41,0.031574437689751989,0.00099694511542403096
contact_distance:interaction_state,42,-0.019095632644766658,0.00036464318610387807
contact_distance:interaction_state,43,0.0024774868555010876,6.1379411191806669e-06
contact_distance:interaction_state,44,0.0032444648945251231,1.0526552451805918e-05
contact_distance:interaction_state,45,0.12877483217348107,0.016582957401308215
contact_distance:interaction_state,46,0.12281282110787606,0.015082989028475166
contact_distance:interaction_state,47,0.029889200721999742,0.00089336431979998988
contact_distance:interaction_state,48,-0.060436542733494081,0.0036525756975774562
contact_distance:interaction_state,49,8.1827444597948329e-05,6.6957306894303029e-09
contact_distance:interaction_state,50,0.0067765636995176237,4.5921815573619981e-05
contact_distance:interaction_state,51,0.17023691864058443,0.028980608468240965
contact_distance:interaction_state,52,0.12960985165982875,0.016798713647282811
contact_distance:interaction_state,53,0.023919587054166414,0.00057214664484184544
contact_distance:interaction_state,54,0.054350801162533768,0.002954009587009282
contact_distance:interaction_state,55,-0.0048126133374570834,2.3161247135869807e-05
contact_distance:interaction_state,56,0.03109294240477567,0.00096677106738669698
contact_distance:interaction_state,57,0.02488558260219792,0.00061929222145081582
contact_distance:interaction_state,58,0.031313986930403548,0.00098056577747748417
contact_distance:interaction_state,59,-0.022730496061829086,0.00051667545121682765
contact_distance:interaction_state,60,-0.010534398891814956,0.00011097356001187217
contact_distance:interaction_state,61,0.0024475155460668141,5.9903323482387355e-06
contact_distance:interaction_state,62,-0.0022162611008624822,4.9118132671961814e-06
contact_distance:interaction_state,63,-0.002171751092031049,4.7165028057380541e-06
contact_distance:interaction_state,64,-0.0031476236277416803,9.9075345019176951e-06
contact_distance:interaction_state,65,0.00078389421709346152,6.1449014359257094e-07
contact_distance:interaction_state,66,-0.15439394008304186,0.023837488734365919
contact_distance:interaction_state,67,0.032911760649401156,0.0010831839890434703
contact_distance:interaction_state,68,0.0088207752511060278,7.7806076030524602e-05
contact_distance:interaction_state,69,0.072075746297944887,0.0051949132044057161
contact_distance:interaction_state,70,0.083660104168270522,0.0069990130294458747
contact_distance:interaction_state,71,0.00617578116202111,3.8140272961174813e-05
contact_distance:interaction_state,72,-0.053293987377439622,0.0028402490905866939
contact_distance:interaction_state,73,0.011601572544983618,0.00013459648551651768
contact_distance:interaction_state,74,0.005052385258608183,2.5526596801401276e-05
contact_distance:interaction_state,75,0.18078747021796349,0.032684109387811036
contact_distance:interaction_state,76,0.12183784469205206,0.014844460399204597
contact_distance:interaction_state,77,0.020131473632556407,0.00040527623061831387
contact_distance:interaction_state,78,-0.077436851832424214,0.0059964660217168217
contact_distance:interaction_state,79,0.01049159342325634,0.0001100735325589157
contact_distance:interaction_state,80,0.0064051713426493961,4.102621992869707e-05
contact_distance:interaction_state,81,0.20195089733261729,0.040784164933449329
contact_distance:interaction_state,82,0.11659629257437798,0.01359469544208995
contact_distance:interaction_state,83,0.019057089387430892,0.00036317265592053114
contact_distance:interaction_state,84,-0.20703913141015273,0.042865201935070492
contact_distance:interaction_state,85,-0.0016508153604655185,2.7251913543488996e-06
contact_distance:interaction_state,86,0.0095592479039119382,9.1379220488444784e-05
contact_distance:interaction_state,87,0.33836779453608884,0.11449276437921684
contact_distance:interaction_state,88,0.13924237912865678,0.019388440145408595
contact_distance:interaction_state,89,0.01684248636424357,0.00028366934692973056
contact_distance:interaction_state,90,-0.035044789467558735,0.0012281372688255157
contact_distance:interaction_state,91,0.0091790789084056357,8.4255489606737191e-05
contact_distance:interaction_state,92,0.0038672997231259387,1.4956007148489963e-05
contact_distance:interaction_state,93,0.080433639702656712,0.0064695703958167943
contact_distance:interaction_state,94,0.10146572247515806,0.010295292837405795
contact_distance:interaction_state,95,0.013797251336988836,0.00019036414445604022
contact_distance:interaction_state,96,-0.086645823935999067,0.0075074988055481486
contact_distance:interaction_state,97,0.020693728743303996,0.00042823040930144602
contact_distance:interaction_state,98,0.0041109273927197876,1.6899724028213911e-05
contact_distance:interaction_state,99,0.030374348594583434,0.0009226010525452726
contact_distance:interaction_state,100,0.036324824771449826,0.0013194928946765349
contact_distance:interaction_state,101,0.0021868508355282756,4.7823165768507175e-06
contact_distance:interaction_state,102,-0.18528113886057129,0.034329100417470303
contact_distance:interaction_state,103,0.033626016956778138,0.0011307090163775308
contact_distance:interaction_state,104,0.0086287011500374433,7.4454483536657494e-05
contact_distance:interaction_state,105,0.089685269896194741,0.0080434476363532952
contact_distance:interaction_state,106,0.085103896780291954,0.0072426732471905873
contact_distance:interaction_state,107,0.0056723228443189555,3.2175246450182686e-05
contact_distance:interaction_state,108,0.020044038271382902,0.00040176347022466251
contact_distance:interaction_state,109,-0.0071406836759657644,5.0989363360203941e-05
contact_distance:interaction_state,110,0.0041696399546431451,1.7385897351356487e-05
contact_distance:interaction_state,111,0.0075724451318107122,5.7341925274283752e-05
contact_distance:interaction_state,112,0.010352170159710905,0.00010716742701560891
contact_distance:interaction_state,113,-0.002511682417161154,6.3085485646764975e-06
contact_distance:interaction_state,114,-0.020178413873306322,0.00040716838644244105
contact_distance:interaction_state,115,0.0076250239379738183,5.8140990054673758e-05
contact_distance:interaction_state,116,-0.0026905107644026316,7.2388481733664326e-06
contact_distance:interaction_state,117,-0.0082581719674443277,6.819740424388332e-05
contact_distance:interaction_state,118,-0.012248413004789516,0.00015002362113589694
contact_distance:interaction_state,119,0.0018438254176800228,3.3996921708829107e-06
contact_distance:interaction_state,120,-0.089897365918717442,0.0080815363991237812
contact_distance:interaction_state,121,0.029134688895315897,0.00084883009702684344
contact_distance:interaction_state,122,0.0035355993293073595,1.250046261739865e-05
contact_distance:interaction_state,123,0.019883147829781456,0.00039533956762094301
contact_distance:interaction_state,124,0.026676905639566595,0.00071165729450234003
contact_distance:interaction_state,125,0.0012462596874485143,1.5531632085592687e-06
contact_distance:interaction_state,126,-0.014366197599896546,0.00020638763347927328
contact_distance:interaction_state,127,0.009967268360000503,9.9346438560267116e-05
contact_distance:interaction_state,128,0.002047020255524501,4.1902919265275932e-06
contact_distance:interaction_state,129,0.1262179952630782,0.015930982328230429
contact_distance:interaction_state,130,0.12042451222116224,0.014502063143704853
contact_distance:interaction_state,131,0.020361052710970995,0.00041457246749893929
contact_distance:interaction_state,132,-0.020073648333535088,0.00040295135741843602
contact_distance:interaction_state,133,0.013563155517148928,0.00018395918758236742
contact_distance:interaction_state,134,0.0027401103603885701,7.5082047871087794e-06
contact_distance:interaction_state,135,0.11157852172143101,0.012449766509539852
contact_distance:interaction_state,136,0.1014750717447388,0.010297190185599886
contact_distance:interaction_state,137,0.017016812850378926,0.00028957191958482135
contact_distance:interaction_state,138,-0.035863699789251413,0.0012862049625735519
contact_distance:interaction_state,139,0.02262037412026352,0.0005116813253406876
contact_distance:interaction_state,140,0.0046010388703443539,2.1169558686419647e-05
contact_distance:interaction_state,141,0.11661520899992894,0.013599106970097108
contact_distance:interaction_state,142,0.098318339082248407,0.0096664957998919745
contact_distance:interaction_state,143,0.016516064581306722,0.00027278038925389439
contact_distance:interaction_state,144,0.0041752973241326874,1.743310774490958e-05
contact_distance:interaction_state,145,-0.0018427247770458344,3.3956346039386201e-06
contact_distance:interaction_state,146,-0.00062771388265048245,3.9402471847214362e-07
contact_distance:interaction_state,147,0.04281532037735819,0.0018331516590158236
contact_distance:interaction_state,148,0.13084613925296029,0.017120712157405075
contact_distance:interaction_state,149,0.018882982384837987,0.00035656702374610173
contact_distance:interaction_state,150,-0.082394453850193061,0.0067888460252715941
contact_distance:interaction_state,151,0.039212030769175676,0.00153758335704278
contact_distance:interaction_state,152,-0.022077755375438102,0.00048742728241768599
contact_distance:interaction_state,153,-0.024375778678475957,0.00059417858618204301
contact_distance:interaction_state,154,-0.067426236019907382,0.0045462973038122552
contact_distance:interaction_state,155,0.0174058529500698,0.00030296371691945355
contact_distance:interaction_state,156,-0.084317639699516,0.0071094643644973969
contact_distance:interaction_state,157,0.040710189721071544,0.0016573195471256393
contact_distance:interaction_state,158,-0.023418732935098774,0.00054843705228548002
contact_distance:interaction_state,159,-0.026623820343171789,0.00070882780966548796
contact_distance:interaction_state,160,-0.053899324091832845,0.0029051371375564327
contact_distance:interaction_state,161,0.015084404002330132,0.0002275392441055133
contact_distance:interaction_state,162,0.085862115028229047,0.0073723027971208362
contact_distance:interaction_state,163,-0.089173148299814819,0.0079518503777007664
contact_distance:interaction_state,164,0.055968468818168304,0.0031324695018502776
contact_distance:interaction_state,165,0.034263493068092954,0.001173986957227254
contact_distance:interaction_state,166,0.095215288735683856,0.0090659512090196445
contact_distance:interaction_state,167,-0.045493217284864329,0.0020696328189278787
contact_distance:interaction_state,168,0.079138079624646585,0.0062628356466769026
contact_distance:interaction_state,169,-0.108159184415757,0.011698409173481732
contact_distance:interaction_state,170,0.044320038767864389,0.0019642658363850023
contact_distance:interaction_state,171,0.037099321233274862,0.0013763596359697191
contact_distance:interaction_state,172,0.10943978522276465,0.011977066589604856
contact_distance:interaction_state,173,-0.038002958009819565,0.001444224817496109
contact_distance:interaction_state,174,0.070677215410014371,0.0049952687781135733
contact_distance:interaction_state,175,-0.12095068293499489,0.014629067702441665
contact_distance:interaction_state,176,0.029897890747587752,0.00089388387115469335
contact_distance:interaction_state,177,0.039126838236480666,0.0015309094703837255
contact_distance:interaction_state,178,0.10944410489766021,0.011978012096850052
contact_distance:interaction_state,179,-0.024676684067692634,0.00060893873657671548
