case_name,stage,frame,time,query_type,input_image_path,input_render_path,highlight_layer,question,choices,hoi_profile_source,object_part_choices,contact_relation_choices,gate_policy
stick,stage1,1,0.000000,keypart_identity_check,/mnt/hdd/AudioHOI/samples_known_object/11_stick/results/benchmark_vlm_qwen/vlm/stage1/evidence/frame00001_keypart_identity_check.png,/mnt/hdd/AudioHOI/samples_known_object/11_stick/results/benchmark_vlm_qwen/vlm/stage1/evidence/frame00001_keypart_identity_check.png,semantic_part_overlay,Which stick part is highlighted?,main_body|contact_region|support_region|tip_regions|grip_bands|background|unclear,mistral_llm_schema_validated,main_body|contact_region|support_region|tip_regions|grip_bands|background|unclear,hand_on_main_body|hand_on_contact_region|body_on_support_region|floor_support|persistent_two_palm_line|no_contact|unclear,forced_choice_gate_only_no_continuous_pose_or_loss
stick,stage1,2,0.041667,keypart_identity_check,/mnt/hdd/AudioHOI/samples_known_object/11_stick/results/benchmark_vlm_qwen/vlm/stage1/evidence/frame00002_keypart_identity_check.png,/mnt/hdd/AudioHOI/samples_known_object/11_stick/results/benchmark_vlm_qwen/vlm/stage1/evidence/frame00002_keypart_identity_check.png,semantic_part_overlay,Which stick part is highlighted?,main_body|contact_region|support_region|tip_regions|grip_bands|background|unclear,mistral_llm_schema_validated,main_body|contact_region|support_region|tip_regions|grip_bands|background|unclear,hand_on_main_body|hand_on_contact_region|body_on_support_region|floor_support|persistent_two_palm_line|no_contact|unclear,forced_choice_gate_only_no_continuous_pose_or_loss
stick,stage1,3,0.083333,keypart_identity_check,/mnt/hdd/AudioHOI/samples_known_object/11_stick/results/benchmark_vlm_qwen/vlm/stage1/evidence/frame00003_keypart_identity_check.png,/mnt/hdd/AudioHOI/samples_known_object/11_stick/results/benchmark_vlm_qwen/vlm/stage1/evidence/frame00003_keypart_identity_check.png,semantic_part_overlay,Which stick part is highlighted?,main_body|contact_region|support_region|tip_regions|grip_bands|background|unclear,mistral_llm_schema_validated,main_body|contact_region|support_region|tip_regions|grip_bands|background|unclear,hand_on_main_body|hand_on_contact_region|body_on_support_region|floor_support|persistent_two_palm_line|no_contact|unclear,forced_choice_gate_only_no_continuous_pose_or_loss
stick,stage1,4,0.125000,keypart_identity_check,/mnt/hdd/AudioHOI/samples_known_object/11_stick/results/benchmark_vlm_qwen/vlm/stage1/evidence/frame00004_keypart_identity_check.png,/mnt/hdd/AudioHOI/samples_known_object/11_stick/results/benchmark_vlm_qwen/vlm/stage1/evidence/frame00004_keypart_identity_check.png,semantic_part_overlay,Which stick part is highlighted?,main_body|contact_region|support_region|tip_regions|grip_bands|background|unclear,mistral_llm_schema_validated,main_body|contact_region|support_region|tip_regions|grip_bands|background|unclear,hand_on_main_body|hand_on_contact_region|body_on_support_region|floor_support|persistent_two_palm_line|no_contact|unclear,forced_choice_gate_only_no_continuous_pose_or_loss
stick,stage1,5,0.166667,keypart_identity_check,/mnt/hdd/AudioHOI/samples_known_object/11_stick/results/benchmark_vlm_qwen/vlm/stage1/evidence/frame00005_keypart_identity_check.png,/mnt/hdd/AudioHOI/samples_known_object/11_stick/results/benchmark_vlm_qwen/vlm/stage1/evidence/frame00005_keypart_identity_check.png,semantic_part_overlay,Which stick part is highlighted?,main_body|contact_region|support_region|tip_regions|grip_bands|background|unclear,mistral_llm_schema_validated,main_body|contact_region|support_region|tip_regions|grip_bands|background|unclear,hand_on_main_body|hand_on_contact_region|body_on_support_region|floor_support|persistent_two_palm_line|no_contact|unclear,forced_choice_gate_only_no_continuous_pose_or_loss
stick,stage1,6,0.208333,keypart_identity_check,/mnt/hdd/AudioHOI/samples_known_object/11_stick/results/benchmark_vlm_qwen/vlm/stage1/evidence/frame00006_keypart_identity_check.png,/mnt/hdd/AudioHOI/samples_known_object/11_stick/results/benchmark_vlm_qwen/vlm/stage1/evidence/frame00006_keypart_identity_check.png,semantic_part_overlay,Which stick part is highlighted?,main_body|contact_region|support_region|tip_regions|grip_bands|background|unclear,mistral_llm_schema_validated,main_body|contact_region|support_region|tip_regions|grip_bands|background|unclear,hand_on_main_body|hand_on_contact_region|body_on_support_region|floor_support|persistent_two_palm_line|no_contact|unclear,forced_choice_gate_only_no_continuous_pose_or_loss
stick,stage1,7,0.250000,keypart_identity_check,/mnt/hdd/AudioHOI/samples_known_object/11_stick/results/benchmark_vlm_qwen/vlm/stage1/evidence/frame00007_keypart_identity_check.png,/mnt/hdd/AudioHOI/samples_known_object/11_stick/results/benchmark_vlm_qwen/vlm/stage1/evidence/frame00007_keypart_identity_check.png,semantic_part_overlay,Which stick part is highlighted?,main_body|contact_region|support_region|tip_regions|grip_bands|background|unclear,mistral_llm_schema_validated,main_body|contact_region|support_region|tip_regions|grip_bands|background|unclear,hand_on_main_body|hand_on_contact_region|body_on_support_region|floor_support|persistent_two_palm_line|no_contact|unclear,forced_choice_gate_only_no_continuous_pose_or_loss
stick,stage1,8,0.291667,keypart_identity_check,/mnt/hdd/AudioHOI/samples_known_object/11_stick/results/benchmark_vlm_qwen/vlm/stage1/evidence/frame00008_keypart_identity_check.png,/mnt/hdd/AudioHOI/samples_known_object/11_stick/results/benchmark_vlm_qwen/vlm/stage1/evidence/frame00008_keypart_identity_check.png,semantic_part_overlay,Which stick part is highlighted?,main_body|contact_region|support_region|tip_regions|grip_bands|background|unclear,mistral_llm_schema_validated,main_body|contact_region|support_region|tip_regions|grip_bands|background|unclear,hand_on_main_body|hand_on_contact_region|body_on_support_region|floor_support|persistent_two_palm_line|no_contact|unclear,forced_choice_gate_only_no_continuous_pose_or_loss
stick,stage1,9,0.333333,keypart_identity_check,/mnt/hdd/AudioHOI/samples_known_object/11_stick/results/benchmark_vlm_qwen/vlm/stage1/evidence/frame00009_keypart_identity_check.png,/mnt/hdd/AudioHOI/samples_known_object/11_stick/results/benchmark_vlm_qwen/vlm/stage1/evidence/frame00009_keypart_identity_check.png,semantic_part_overlay,Which stick part is highlighted?,main_body|contact_region|support_region|tip_regions|grip_bands|background|unclear,mistral_llm_schema_validated,main_body|contact_region|support_region|tip_regions|grip_bands|background|unclear,hand_on_main_body|hand_on_contact_region|body_on_support_region|floor_support|persistent_two_palm_line|no_contact|unclear,forced_choice_gate_only_no_continuous_pose_or_loss
stick,stage1,10,0.375000,keypart_identity_check,/mnt/hdd/AudioHOI/samples_known_object/11_stick/results/benchmark_vlm_qwen/vlm/stage1/evidence/frame00010_keypart_identity_check.png,/mnt/hdd/AudioHOI/samples_known_object/11_stick/results/benchmark_vlm_qwen/vlm/stage1/evidence/frame00010_keypart_identity_check.png,semantic_part_overlay,Which stick part is highlighted?,main_body|contact_region|support_region|tip_regions|grip_bands|background|unclear,mistral_llm_schema_validated,main_body|contact_region|support_region|tip_regions|grip_bands|background|unclear,hand_on_main_body|hand_on_contact_region|body_on_support_region|floor_support|persistent_two_palm_line|no_contact|unclear,forced_choice_gate_only_no_continuous_pose_or_loss
stick,stage1,11,0.416667,keypart_identity_check,/mnt/hdd/AudioHOI/samples_known_object/11_stick/results/benchmark_vlm_qwen/vlm/stage1/evidence/frame00011_keypart_identity_check.png,/mnt/hdd/AudioHOI/samples_known_object/11_stick/results/benchmark_vlm_qwen/vlm/stage1/evidence/frame00011_keypart_identity_check.png,semantic_part_overlay,Which stick part is highlighted?,main_body|contact_region|support_region|tip_regions|grip_bands|background|unclear,mistral_llm_schema_validated,main_body|contact_region|support_region|tip_regions|grip_bands|background|unclear,hand_on_main_body|hand_on_contact_region|body_on_support_region|floor_support|persistent_two_palm_line|no_contact|unclear,forced_choice_gate_only_no_continuous_pose_or_loss
stick,stage1,12,0.458333,keypart_identity_check,/mnt/hdd/AudioHOI/samples_known_object/11_stick/results/benchmark_vlm_qwen/vlm/stage1/evidence/frame00012_keypart_identity_check.png,/mnt/hdd/AudioHOI/samples_known_object/11_stick/results/benchmark_vlm_qwen/vlm/stage1/evidence/frame00012_keypart_identity_check.png,semantic_part_overlay,Which stick part is highlighted?,main_body|contact_region|support_region|tip_regions|grip_bands|background|unclear,mistral_llm_schema_validated,main_body|contact_region|support_region|tip_regions|grip_bands|background|unclear,hand_on_main_body|hand_on_contact_region|body_on_support_region|floor_support|persistent_two_palm_line|no_contact|unclear,forced_choice_gate_only_no_continuous_pose_or_loss
stick,stage1,13,0.500000,keypart_identity_check,/mnt/hdd/AudioHOI/samples_known_object/11_stick/results/benchmark_vlm_qwen/vlm/stage1/evidence/frame00013_keypart_identity_check.png,/mnt/hdd/AudioHOI/samples_known_object/11_stick/results/benchmark_vlm_qwen/vlm/stage1/evidence/frame00013_keypart_identity_check.png,semantic_part_overlay,Which stick part is highlighted?,main_body|contact_region|support_region|tip_regions|grip_bands|background|unclear,mistral_llm_schema_validated,main_body|contact_region|support_region|tip_regions|grip_bands|background|unclear,hand_on_main_body|hand_on_contact_region|body_on_support_region|floor_support|persistent_two_palm_line|no_contact|unclear,forced_choice_gate_only_no_continuous_pose_or_loss
stick,stage1,14,0.541667,keypart_identity_check,/mnt/hdd/AudioHOI/samples_known_object/11_stick/results/benchmark_vlm_qwen/vlm/stage1/evidence/frame00014_keypart_identity_check.png,/mnt/hdd/AudioHOI/samples_known_object/11_stick/results/benchmark_vlm_qwen/vlm/stage1/evidence/frame00014_keypart_identity_check.png,semantic_part_overlay,Which stick part is highlighted?,main_body|contact_region|support_region|tip_regions|grip_bands|background|unclear,mistral_llm_schema_validated,main_body|contact_region|support_region|tip_regions|grip_bands|background|unclear,hand_on_main_body|hand_on_contact_region|body_on_support_region|floor_support|persistent_two_palm_line|no_contact|unclear,forced_choice_gate_only_no_continuous_pose_or_loss
stick,stage1,15,0.583333,keypart_identity_check,/mnt/hdd/AudioHOI/samples_known_object/11_stick/results/benchmark_vlm_qwen/vlm/stage1/evidence/frame00015_keypart_identity_check.png,/mnt/hdd/AudioHOI/samples_known_object/11_stick/results/benchmark_vlm_qwen/vlm/stage1/evidence/frame00015_keypart_identity_check.png,semantic_part_overlay,Which stick part is highlighted?,main_body|contact_region|support_region|tip_regions|grip_bands|background|unclear,mistral_llm_schema_validated,main_body|contact_region|support_region|tip_regions|grip_bands|background|unclear,hand_on_main_body|hand_on_contact_region|body_on_support_region|floor_support|persistent_two_palm_line|no_contact|unclear,forced_choice_gate_only_no_continuous_pose_or_loss
stick,stage1,16,0.625000,keypart_identity_check,/mnt/hdd/AudioHOI/samples_known_object/11_stick/results/benchmark_vlm_qwen/vlm/stage1/evidence/frame00016_keypart_identity_check.png,/mnt/hdd/AudioHOI/samples_known_object/11_stick/results/benchmark_vlm_qwen/vlm/stage1/evidence/frame00016_keypart_identity_check.png,semantic_part_overlay,Which stick part is highlighted?,main_body|contact_region|support_region|tip_regions|grip_bands|background|unclear,mistral_llm_schema_validated,main_body|contact_region|support_region|tip_regions|grip_bands|background|unclear,hand_on_main_body|hand_on_contact_region|body_on_support_region|floor_support|persistent_two_palm_line|no_contact|unclear,forced_choice_gate_only_no_continuous_pose_or_loss
stick,stage1,17,0.666667,keypart_identity_check,/mnt/hdd/AudioHOI/samples_known_object/11_stick/results/benchmark_vlm_qwen/vlm/stage1/evidence/frame00017_keypart_identity_check.png,/mnt/hdd/AudioHOI/samples_known_object/11_stick/results/benchmark_vlm_qwen/vlm/stage1/evidence/frame00017_keypart_identity_check.png,semantic_part_overlay,Which stick part is highlighted?,main_body|contact_region|support_region|tip_regions|grip_bands|background|unclear,mistral_llm_schema_validated,main_body|contact_region|support_region|tip_regions|grip_bands|background|unclear,hand_on_main_body|hand_on_contact_region|body_on_support_region|floor_support|persistent_two_palm_line|no_contact|unclear,forced_choice_gate_only_no_continuous_pose_or_loss
stick,stage1,18,0.708333,keypart_identity_check,/mnt/hdd/AudioHOI/samples_known_object/11_stick/results/benchmark_vlm_qwen/vlm/stage1/evidence/frame00018_keypart_identity_check.png,/mnt/hdd/AudioHOI/samples_known_object/11_stick/results/benchmark_vlm_qwen/vlm/stage1/evidence/frame00018_keypart_identity_check.png,semantic_part_overlay,Which stick part is highlighted?,main_body|contact_region|support_region|tip_regions|grip_bands|background|unclear,mistral_llm_schema_validated,main_body|contact_region|support_region|tip_regions|grip_bands|background|unclear,hand_on_main_body|hand_on_contact_region|body_on_support_region|floor_support|persistent_two_palm_line|no_contact|unclear,forced_choice_gate_only_no_continuous_pose_or_loss
stick,stage1,19,0.750000,keypart_identity_check,/mnt/hdd/AudioHOI/samples_known_object/11_stick/results/benchmark_vlm_qwen/vlm/stage1/evidence/frame00019_keypart_identity_check.png,/mnt/hdd/AudioHOI/samples_known_object/11_stick/results/benchmark_vlm_qwen/vlm/stage1/evidence/frame00019_keypart_identity_check.png,semantic_part_overlay,Which stick part is highlighted?,main_body|contact_region|support_region|tip_regions|grip_bands|background|unclear,mistral_llm_schema_validated,main_body|contact_region|support_region|tip_regions|grip_bands|background|unclear,hand_on_main_body|hand_on_contact_region|body_on_support_region|floor_support|persistent_two_palm_line|no_contact|unclear,forced_choice_gate_only_no_continuous_pose_or_loss
stick,stage1,20,0.791667,keypart_identity_check,/mnt/hdd/AudioHOI/samples_known_object/11_stick/results/benchmark_vlm_qwen/vlm/stage1/evidence/frame00020_keypart_identity_check.png,/mnt/hdd/AudioHOI/samples_known_object/11_stick/results/benchmark_vlm_qwen/vlm/stage1/evidence/frame00020_keypart_identity_check.png,semantic_part_overlay,Which stick part is highlighted?,main_body|contact_region|support_region|tip_regions|grip_bands|background|unclear,mistral_llm_schema_validated,main_body|contact_region|support_region|tip_regions|grip_bands|background|unclear,hand_on_main_body|hand_on_contact_region|body_on_support_region|floor_support|persistent_two_palm_line|no_contact|unclear,forced_choice_gate_only_no_continuous_pose_or_loss
stick,stage1,21,0.833333,keypart_identity_check,/mnt/hdd/AudioHOI/samples_known_object/11_stick/results/benchmark_vlm_qwen/vlm/stage1/evidence/frame00021_keypart_identity_check.png,/mnt/hdd/AudioHOI/samples_known_object/11_stick/results/benchmark_vlm_qwen/vlm/stage1/evidence/frame00021_keypart_identity_check.png,semantic_part_overlay,Which stick part is highlighted?,main_body|contact_region|support_region|tip_regions|grip_bands|background|unclear,mistral_llm_schema_validated,main_body|contact_region|support_region|tip_regions|grip_bands|background|unclear,hand_on_main_body|hand_on_contact_region|body_on_support_region|floor_support|persistent_two_palm_line|no_contact|unclear,forced_choice_gate_only_no_continuous_pose_or_loss
stick,stage1,22,0.875000,keypart_identity_check,/mnt/hdd/AudioHOI/samples_known_object/11_stick/results/benchmark_vlm_qwen/vlm/stage1/evidence/frame00022_keypart_identity_check.png,/mnt/hdd/AudioHOI/samples_known_object/11_stick/results/benchmark_vlm_qwen/vlm/stage1/evidence/frame00022_keypart_identity_check.png,semantic_part_overlay,Which stick part is highlighted?,main_body|contact_region|support_region|tip_regions|grip_bands|background|unclear,mistral_llm_schema_validated,main_body|contact_region|support_region|tip_regions|grip_bands|background|unclear,hand_on_main_body|hand_on_contact_region|body_on_support_region|floor_support|persistent_two_palm_line|no_contact|unclear,forced_choice_gate_only_no_continuous_pose_or_loss
stick,stage1,23,0.916667,keypart_identity_check,/mnt/hdd/AudioHOI/samples_known_object/11_stick/results/benchmark_vlm_qwen/vlm/stage1/evidence/frame00023_keypart_identity_check.png,/mnt/hdd/AudioHOI/samples_known_object/11_stick/results/benchmark_vlm_qwen/vlm/stage1/evidence/frame00023_keypart_identity_check.png,semantic_part_overlay,Which stick part is highlighted?,main_body|contact_region|support_region|tip_regions|grip_bands|background|unclear,mistral_llm_schema_validated,main_body|contact_region|support_region|tip_regions|grip_bands|background|unclear,hand_on_main_body|hand_on_contact_region|body_on_support_region|floor_support|persistent_two_palm_line|no_contact|unclear,forced_choice_gate_only_no_continuous_pose_or_loss
stick,stage1,24,0.958333,keypart_identity_check,/mnt/hdd/AudioHOI/samples_known_object/11_stick/results/benchmark_vlm_qwen/vlm/stage1/evidence/frame00024_keypart_identity_check.png,/mnt/hdd/AudioHOI/samples_known_object/11_stick/results/benchmark_vlm_qwen/vlm/stage1/evidence/frame00024_keypart_identity_check.png,semantic_part_overlay,Which stick part is highlighted?,main_body|contact_region|support_region|tip_regions|grip_bands|background|unclear,mistral_llm_schema_validated,main_body|contact_region|support_region|tip_regions|grip_bands|background|unclear,hand_on_main_body|hand_on_contact_region|body_on_support_region|floor_support|persistent_two_palm_line|no_contact|unclear,forced_choice_gate_only_no_continuous_pose_or_loss
stick,stage1,25,1.000000,keypart_identity_check,/mnt/hdd/AudioHOI/samples_known_object/11_stick/results/benchmark_vlm_qwen/vlm/stage1/evidence/frame00025_keypart_identity_check.png,/mnt/hdd/AudioHOI/samples_known_object/11_stick/results/benchmark_vlm_qwen/vlm/stage1/evidence/frame00025_keypart_identity_check.png,semantic_part_overlay,Which stick part is highlighted?,main_body|contact_region|support_region|tip_regions|grip_bands|background|unclear,mistral_llm_schema_validated,main_body|contact_region|support_region|tip_regions|grip_bands|background|unclear,hand_on_main_body|hand_on_contact_region|body_on_support_region|floor_support|persistent_two_palm_line|no_contact|unclear,forced_choice_gate_only_no_continuous_pose_or_loss
stick,stage1,26,1.041667,keypart_identity_check,/mnt/hdd/AudioHOI/samples_known_object/11_stick/results/benchmark_vlm_qwen/vlm/stage1/evidence/frame00026_keypart_identity_check.png,/mnt/hdd/AudioHOI/samples_known_object/11_stick/results/benchmark_vlm_qwen/vlm/stage1/evidence/frame00026_keypart_identity_check.png,semantic_part_overlay,Which stick part is highlighted?,main_body|contact_region|support_region|tip_regions|grip_bands|background|unclear,mistral_llm_schema_validated,main_body|contact_region|support_region|tip_regions|grip_bands|background|unclear,hand_on_main_body|hand_on_contact_region|body_on_support_region|floor_support|persistent_two_palm_line|no_contact|unclear,forced_choice_gate_only_no_continuous_pose_or_loss
stick,stage1,27,1.083333,keypart_identity_check,/mnt/hdd/AudioHOI/samples_known_object/11_stick/results/benchmark_vlm_qwen/vlm/stage1/evidence/frame00027_keypart_identity_check.png,/mnt/hdd/AudioHOI/samples_known_object/11_stick/results/benchmark_vlm_qwen/vlm/stage1/evidence/frame00027_keypart_identity_check.png,semantic_part_overlay,Which stick part is highlighted?,main_body|contact_region|support_region|tip_regions|grip_bands|background|unclear,mistral_llm_schema_validated,main_body|contact_region|support_region|tip_regions|grip_bands|background|unclear,hand_on_main_body|hand_on_contact_region|body_on_support_region|floor_support|persistent_two_palm_line|no_contact|unclear,forced_choice_gate_only_no_continuous_pose_or_loss
stick,stage1,28,1.125000,keypart_identity_check,/mnt/hdd/AudioHOI/samples_known_object/11_stick/results/benchmark_vlm_qwen/vlm/stage1/evidence/frame00028_keypart_identity_check.png,/mnt/hdd/AudioHOI/samples_known_object/11_stick/results/benchmark_vlm_qwen/vlm/stage1/evidence/frame00028_keypart_identity_check.png,semantic_part_overlay,Which stick part is highlighted?,main_body|contact_region|support_region|tip_regions|grip_bands|background|unclear,mistral_llm_schema_validated,main_body|contact_region|support_region|tip_regions|grip_bands|background|unclear,hand_on_main_body|hand_on_contact_region|body_on_support_region|floor_support|persistent_two_palm_line|no_contact|unclear,forced_choice_gate_only_no_continuous_pose_or_loss
stick,stage1,29,1.166667,keypart_identity_check,/mnt/hdd/AudioHOI/samples_known_object/11_stick/results/benchmark_vlm_qwen/vlm/stage1/evidence/frame00029_keypart_identity_check.png,/mnt/hdd/AudioHOI/samples_known_object/11_stick/results/benchmark_vlm_qwen/vlm/stage1/evidence/frame00029_keypart_identity_check.png,semantic_part_overlay,Which stick part is highlighted?,main_body|contact_region|support_region|tip_regions|grip_bands|background|unclear,mistral_llm_schema_validated,main_body|contact_region|support_region|tip_regions|grip_bands|background|unclear,hand_on_main_body|hand_on_contact_region|body_on_support_region|floor_support|persistent_two_palm_line|no_contact|unclear,forced_choice_gate_only_no_continuous_pose_or_loss
stick,stage1,30,1.208333,keypart_identity_check,/mnt/hdd/AudioHOI/samples_known_object/11_stick/results/benchmark_vlm_qwen/vlm/stage1/evidence/frame00030_keypart_identity_check.png,/mnt/hdd/AudioHOI/samples_known_object/11_stick/results/benchmark_vlm_qwen/vlm/stage1/evidence/frame00030_keypart_identity_check.png,semantic_part_overlay,Which stick part is highlighted?,main_body|contact_region|support_region|tip_regions|grip_bands|background|unclear,mistral_llm_schema_validated,main_body|contact_region|support_region|tip_regions|grip_bands|background|unclear,hand_on_main_body|hand_on_contact_region|body_on_support_region|floor_support|persistent_two_palm_line|no_contact|unclear,forced_choice_gate_only_no_continuous_pose_or_loss
stick,stage1,31,1.250000,keypart_identity_check,/mnt/hdd/AudioHOI/samples_known_object/11_stick/results/benchmark_vlm_qwen/vlm/stage1/evidence/frame00031_keypart_identity_check.png,/mnt/hdd/AudioHOI/samples_known_object/11_stick/results/benchmark_vlm_qwen/vlm/stage1/evidence/frame00031_keypart_identity_check.png,semantic_part_overlay,Which stick part is highlighted?,main_body|contact_region|support_region|tip_regions|grip_bands|background|unclear,mistral_llm_schema_validated,main_body|contact_region|support_region|tip_regions|grip_bands|background|unclear,hand_on_main_body|hand_on_contact_region|body_on_support_region|floor_support|persistent_two_palm_line|no_contact|unclear,forced_choice_gate_only_no_continuous_pose_or_loss
stick,stage1,32,1.291667,keypart_identity_check,/mnt/hdd/AudioHOI/samples_known_object/11_stick/results/benchmark_vlm_qwen/vlm/stage1/evidence/frame00032_keypart_identity_check.png,/mnt/hdd/AudioHOI/samples_known_object/11_stick/results/benchmark_vlm_qwen/vlm/stage1/evidence/frame00032_keypart_identity_check.png,semantic_part_overlay,Which stick part is highlighted?,main_body|contact_region|support_region|tip_regions|grip_bands|background|unclear,mistral_llm_schema_validated,main_body|contact_region|support_region|tip_regions|grip_bands|background|unclear,hand_on_main_body|hand_on_contact_region|body_on_support_region|floor_support|persistent_two_palm_line|no_contact|unclear,forced_choice_gate_only_no_continuous_pose_or_loss
stick,stage1,33,1.333333,keypart_identity_check,/mnt/hdd/AudioHOI/samples_known_object/11_stick/results/benchmark_vlm_qwen/vlm/stage1/evidence/frame00033_keypart_identity_check.png,/mnt/hdd/AudioHOI/samples_known_object/11_stick/results/benchmark_vlm_qwen/vlm/stage1/evidence/frame00033_keypart_identity_check.png,semantic_part_overlay,Which stick part is highlighted?,main_body|contact_region|support_region|tip_regions|grip_bands|background|unclear,mistral_llm_schema_validated,main_body|contact_region|support_region|tip_regions|grip_bands|background|unclear,hand_on_main_body|hand_on_contact_region|body_on_support_region|floor_support|persistent_two_palm_line|no_contact|unclear,forced_choice_gate_only_no_continuous_pose_or_loss
stick,stage1,34,1.375000,keypart_identity_check,/mnt/hdd/AudioHOI/samples_known_object/11_stick/results/benchmark_vlm_qwen/vlm/stage1/evidence/frame00034_keypart_identity_check.png,/mnt/hdd/AudioHOI/samples_known_object/11_stick/results/benchmark_vlm_qwen/vlm/stage1/evidence/frame00034_keypart_identity_check.png,semantic_part_overlay,Which stick part is highlighted?,main_body|contact_region|support_region|tip_regions|grip_bands|background|unclear,mistral_llm_schema_validated,main_body|contact_region|support_region|tip_regions|grip_bands|background|unclear,hand_on_main_body|hand_on_contact_region|body_on_support_region|floor_support|persistent_two_palm_line|no_contact|unclear,forced_choice_gate_only_no_continuous_pose_or_loss
stick,stage1,35,1.416667,keypart_identity_check,/mnt/hdd/AudioHOI/samples_known_object/11_stick/results/benchmark_vlm_qwen/vlm/stage1/evidence/frame00035_keypart_identity_check.png,/mnt/hdd/AudioHOI/samples_known_object/11_stick/results/benchmark_vlm_qwen/vlm/stage1/evidence/frame00035_keypart_identity_check.png,semantic_part_overlay,Which stick part is highlighted?,main_body|contact_region|support_region|tip_regions|grip_bands|background|unclear,mistral_llm_schema_validated,main_body|contact_region|support_region|tip_regions|grip_bands|background|unclear,hand_on_main_body|hand_on_contact_region|body_on_support_region|floor_support|persistent_two_palm_line|no_contact|unclear,forced_choice_gate_only_no_continuous_pose_or_loss
stick,stage1,36,1.458333,keypart_identity_check,/mnt/hdd/AudioHOI/samples_known_object/11_stick/results/benchmark_vlm_qwen/vlm/stage1/evidence/frame00036_keypart_identity_check.png,/mnt/hdd/AudioHOI/samples_known_object/11_stick/results/benchmark_vlm_qwen/vlm/stage1/evidence/frame00036_keypart_identity_check.png,semantic_part_overlay,Which stick part is highlighted?,main_body|contact_region|support_region|tip_regions|grip_bands|background|unclear,mistral_llm_schema_validated,main_body|contact_region|support_region|tip_regions|grip_bands|background|unclear,hand_on_main_body|hand_on_contact_region|body_on_support_region|floor_support|persistent_two_palm_line|no_contact|unclear,forced_choice_gate_only_no_continuous_pose_or_loss
stick,stage1,37,1.500000,keypart_identity_check,/mnt/hdd/AudioHOI/samples_known_object/11_stick/results/benchmark_vlm_qwen/vlm/stage1/evidence/frame00037_keypart_identity_check.png,/mnt/hdd/AudioHOI/samples_known_object/11_stick/results/benchmark_vlm_qwen/vlm/stage1/evidence/frame00037_keypart_identity_check.png,semantic_part_overlay,Which stick part is highlighted?,main_body|contact_region|support_region|tip_regions|grip_bands|background|unclear,mistral_llm_schema_validated,main_body|contact_region|support_region|tip_regions|grip_bands|background|unclear,hand_on_main_body|hand_on_contact_region|body_on_support_region|floor_support|persistent_two_palm_line|no_contact|unclear,forced_choice_gate_only_no_continuous_pose_or_loss
stick,stage1,38,1.541667,keypart_identity_check,/mnt/hdd/AudioHOI/samples_known_object/11_stick/results/benchmark_vlm_qwen/vlm/stage1/evidence/frame00038_keypart_identity_check.png,/mnt/hdd/AudioHOI/samples_known_object/11_stick/results/benchmark_vlm_qwen/vlm/stage1/evidence/frame00038_keypart_identity_check.png,semantic_part_overlay,Which stick part is highlighted?,main_body|contact_region|support_region|tip_regions|grip_bands|background|unclear,mistral_llm_schema_validated,main_body|contact_region|support_region|tip_regions|grip_bands|background|unclear,hand_on_main_body|hand_on_contact_region|body_on_support_region|floor_support|persistent_two_palm_line|no_contact|unclear,forced_choice_gate_only_no_continuous_pose_or_loss
stick,stage1,39,1.583333,keypart_identity_check,/mnt/hdd/AudioHOI/samples_known_object/11_stick/results/benchmark_vlm_qwen/vlm/stage1/evidence/frame00039_keypart_identity_check.png,/mnt/hdd/AudioHOI/samples_known_object/11_stick/results/benchmark_vlm_qwen/vlm/stage1/evidence/frame00039_keypart_identity_check.png,semantic_part_overlay,Which stick part is highlighted?,main_body|contact_region|support_region|tip_regions|grip_bands|background|unclear,mistral_llm_schema_validated,main_body|contact_region|support_region|tip_regions|grip_bands|background|unclear,hand_on_main_body|hand_on_contact_region|body_on_support_region|floor_support|persistent_two_palm_line|no_contact|unclear,forced_choice_gate_only_no_continuous_pose_or_loss
stick,stage1,40,1.625000,keypart_identity_check,/mnt/hdd/AudioHOI/samples_known_object/11_stick/results/benchmark_vlm_qwen/vlm/stage1/evidence/frame00040_keypart_identity_check.png,/mnt/hdd/AudioHOI/samples_known_object/11_stick/results/benchmark_vlm_qwen/vlm/stage1/evidence/frame00040_keypart_identity_check.png,semantic_part_overlay,Which stick part is highlighted?,main_body|contact_region|support_region|tip_regions|grip_bands|background|unclear,mistral_llm_schema_validated,main_body|contact_region|support_region|tip_regions|grip_bands|background|unclear,hand_on_main_body|hand_on_contact_region|body_on_support_region|floor_support|persistent_two_palm_line|no_contact|unclear,forced_choice_gate_only_no_continuous_pose_or_loss
stick,stage1,41,1.666667,keypart_identity_check,/mnt/hdd/AudioHOI/samples_known_object/11_stick/results/benchmark_vlm_qwen/vlm/stage1/evidence/frame00041_keypart_identity_check.png,/mnt/hdd/AudioHOI/samples_known_object/11_stick/results/benchmark_vlm_qwen/vlm/stage1/evidence/frame00041_keypart_identity_check.png,semantic_part_overlay,Which stick part is highlighted?,main_body|contact_region|support_region|tip_regions|grip_bands|background|unclear,mistral_llm_schema_validated,main_body|contact_region|support_region|tip_regions|grip_bands|background|unclear,hand_on_main_body|hand_on_contact_region|body_on_support_region|floor_support|persistent_two_palm_line|no_contact|unclear,forced_choice_gate_only_no_continuous_pose_or_loss
stick,stage1,42,1.708333,keypart_identity_check,/mnt/hdd/AudioHOI/samples_known_object/11_stick/results/benchmark_vlm_qwen/vlm/stage1/evidence/frame00042_keypart_identity_check.png,/mnt/hdd/AudioHOI/samples_known_object/11_stick/results/benchmark_vlm_qwen/vlm/stage1/evidence/frame00042_keypart_identity_check.png,semantic_part_overlay,Which stick part is highlighted?,main_body|contact_region|support_region|tip_regions|grip_bands|background|unclear,mistral_llm_schema_validated,main_body|contact_region|support_region|tip_regions|grip_bands|background|unclear,hand_on_main_body|hand_on_contact_region|body_on_support_region|floor_support|persistent_two_palm_line|no_contact|unclear,forced_choice_gate_only_no_continuous_pose_or_loss
stick,stage1,43,1.750000,keypart_identity_check,/mnt/hdd/AudioHOI/samples_known_object/11_stick/results/benchmark_vlm_qwen/vlm/stage1/evidence/frame00043_keypart_identity_check.png,/mnt/hdd/AudioHOI/samples_known_object/11_stick/results/benchmark_vlm_qwen/vlm/stage1/evidence/frame00043_keypart_identity_check.png,semantic_part_overlay,Which stick part is highlighted?,main_body|contact_region|support_region|tip_regions|grip_bands|background|unclear,mistral_llm_schema_validated,main_body|contact_region|support_region|tip_regions|grip_bands|background|unclear,hand_on_main_body|hand_on_contact_region|body_on_support_region|floor_support|persistent_two_palm_line|no_contact|unclear,forced_choice_gate_only_no_continuous_pose_or_loss
stick,stage1,44,1.791667,keypart_identity_check,/mnt/hdd/AudioHOI/samples_known_object/11_stick/results/benchmark_vlm_qwen/vlm/stage1/evidence/frame00044_keypart_identity_check.png,/mnt/hdd/AudioHOI/samples_known_object/11_stick/results/benchmark_vlm_qwen/vlm/stage1/evidence/frame00044_keypart_identity_check.png,semantic_part_overlay,Which stick part is highlighted?,main_body|contact_region|support_region|tip_regions|grip_bands|background|unclear,mistral_llm_schema_validated,main_body|contact_region|support_region|tip_regions|grip_bands|background|unclear,hand_on_main_body|hand_on_contact_region|body_on_support_region|floor_support|persistent_two_palm_line|no_contact|unclear,forced_choice_gate_only_no_continuous_pose_or_loss
stick,stage1,45,1.833333,keypart_identity_check,/mnt/hdd/AudioHOI/samples_known_object/11_stick/results/benchmark_vlm_qwen/vlm/stage1/evidence/frame00045_keypart_identity_check.png,/mnt/hdd/AudioHOI/samples_known_object/11_stick/results/benchmark_vlm_qwen/vlm/stage1/evidence/frame00045_keypart_identity_check.png,semantic_part_overlay,Which stick part is highlighted?,main_body|contact_region|support_region|tip_regions|grip_bands|background|unclear,mistral_llm_schema_validated,main_body|contact_region|support_region|tip_regions|grip_bands|background|unclear,hand_on_main_body|hand_on_contact_region|body_on_support_region|floor_support|persistent_two_palm_line|no_contact|unclear,forced_choice_gate_only_no_continuous_pose_or_loss
stick,stage1,46,1.875000,keypart_identity_check,/mnt/hdd/AudioHOI/samples_known_object/11_stick/results/benchmark_vlm_qwen/vlm/stage1/evidence/frame00046_keypart_identity_check.png,/mnt/hdd/AudioHOI/samples_known_object/11_stick/results/benchmark_vlm_qwen/vlm/stage1/evidence/frame00046_keypart_identity_check.png,semantic_part_overlay,Which stick part is highlighted?,main_body|contact_region|support_region|tip_regions|grip_bands|background|unclear,mistral_llm_schema_validated,main_body|contact_region|support_region|tip_regions|grip_bands|background|unclear,hand_on_main_body|hand_on_contact_region|body_on_support_region|floor_support|persistent_two_palm_line|no_contact|unclear,forced_choice_gate_only_no_continuous_pose_or_loss
stick,stage1,47,1.916667,keypart_identity_check,/mnt/hdd/AudioHOI/samples_known_object/11_stick/results/benchmark_vlm_qwen/vlm/stage1/evidence/frame00047_keypart_identity_check.png,/mnt/hdd/AudioHOI/samples_known_object/11_stick/results/benchmark_vlm_qwen/vlm/stage1/evidence/frame00047_keypart_identity_check.png,semantic_part_overlay,Which stick part is highlighted?,main_body|contact_region|support_region|tip_regions|grip_bands|background|unclear,mistral_llm_schema_validated,main_body|contact_region|support_region|tip_regions|grip_bands|background|unclear,hand_on_main_body|hand_on_contact_region|body_on_support_region|floor_support|persistent_two_palm_line|no_contact|unclear,forced_choice_gate_only_no_continuous_pose_or_loss
stick,stage1,48,1.958333,keypart_identity_check,/mnt/hdd/AudioHOI/samples_known_object/11_stick/results/benchmark_vlm_qwen/vlm/stage1/evidence/frame00048_keypart_identity_check.png,/mnt/hdd/AudioHOI/samples_known_object/11_stick/results/benchmark_vlm_qwen/vlm/stage1/evidence/frame00048_keypart_identity_check.png,semantic_part_overlay,Which stick part is highlighted?,main_body|contact_region|support_region|tip_regions|grip_bands|background|unclear,mistral_llm_schema_validated,main_body|contact_region|support_region|tip_regions|grip_bands|background|unclear,hand_on_main_body|hand_on_contact_region|body_on_support_region|floor_support|persistent_two_palm_line|no_contact|unclear,forced_choice_gate_only_no_continuous_pose_or_loss
stick,stage1,49,2.000000,keypart_identity_check,/mnt/hdd/AudioHOI/samples_known_object/11_stick/results/benchmark_vlm_qwen/vlm/stage1/evidence/frame00049_keypart_identity_check.png,/mnt/hdd/AudioHOI/samples_known_object/11_stick/results/benchmark_vlm_qwen/vlm/stage1/evidence/frame00049_keypart_identity_check.png,semantic_part_overlay,Which stick part is highlighted?,main_body|contact_region|support_region|tip_regions|grip_bands|background|unclear,mistral_llm_schema_validated,main_body|contact_region|support_region|tip_regions|grip_bands|background|unclear,hand_on_main_body|hand_on_contact_region|body_on_support_region|floor_support|persistent_two_palm_line|no_contact|unclear,forced_choice_gate_only_no_continuous_pose_or_loss
stick,stage1,50,2.041667,keypart_identity_check,/mnt/hdd/AudioHOI/samples_known_object/11_stick/results/benchmark_vlm_qwen/vlm/stage1/evidence/frame00050_keypart_identity_check.png,/mnt/hdd/AudioHOI/samples_known_object/11_stick/results/benchmark_vlm_qwen/vlm/stage1/evidence/frame00050_keypart_identity_check.png,semantic_part_overlay,Which stick part is highlighted?,main_body|contact_region|support_region|tip_regions|grip_bands|background|unclear,mistral_llm_schema_validated,main_body|contact_region|support_region|tip_regions|grip_bands|background|unclear,hand_on_main_body|hand_on_contact_region|body_on_support_region|floor_support|persistent_two_palm_line|no_contact|unclear,forced_choice_gate_only_no_continuous_pose_or_loss
stick,stage1,51,2.083333,keypart_identity_check,/mnt/hdd/AudioHOI/samples_known_object/11_stick/results/benchmark_vlm_qwen/vlm/stage1/evidence/frame00051_keypart_identity_check.png,/mnt/hdd/AudioHOI/samples_known_object/11_stick/results/benchmark_vlm_qwen/vlm/stage1/evidence/frame00051_keypart_identity_check.png,semantic_part_overlay,Which stick part is highlighted?,main_body|contact_region|support_region|tip_regions|grip_bands|background|unclear,mistral_llm_schema_validated,main_body|contact_region|support_region|tip_regions|grip_bands|background|unclear,hand_on_main_body|hand_on_contact_region|body_on_support_region|floor_support|persistent_two_palm_line|no_contact|unclear,forced_choice_gate_only_no_continuous_pose_or_loss
stick,stage1,52,2.125000,keypart_identity_check,/mnt/hdd/AudioHOI/samples_known_object/11_stick/results/benchmark_vlm_qwen/vlm/stage1/evidence/frame00052_keypart_identity_check.png,/mnt/hdd/AudioHOI/samples_known_object/11_stick/results/benchmark_vlm_qwen/vlm/stage1/evidence/frame00052_keypart_identity_check.png,semantic_part_overlay,Which stick part is highlighted?,main_body|contact_region|support_region|tip_regions|grip_bands|background|unclear,mistral_llm_schema_validated,main_body|contact_region|support_region|tip_regions|grip_bands|background|unclear,hand_on_main_body|hand_on_contact_region|body_on_support_region|floor_support|persistent_two_palm_line|no_contact|unclear,forced_choice_gate_only_no_continuous_pose_or_loss
stick,stage1,53,2.166667,keypart_identity_check,/mnt/hdd/AudioHOI/samples_known_object/11_stick/results/benchmark_vlm_qwen/vlm/stage1/evidence/frame00053_keypart_identity_check.png,/mnt/hdd/AudioHOI/samples_known_object/11_stick/results/benchmark_vlm_qwen/vlm/stage1/evidence/frame00053_keypart_identity_check.png,semantic_part_overlay,Which stick part is highlighted?,main_body|contact_region|support_region|tip_regions|grip_bands|background|unclear,mistral_llm_schema_validated,main_body|contact_region|support_region|tip_regions|grip_bands|background|unclear,hand_on_main_body|hand_on_contact_region|body_on_support_region|floor_support|persistent_two_palm_line|no_contact|unclear,forced_choice_gate_only_no_continuous_pose_or_loss
stick,stage1,54,2.208333,keypart_identity_check,/mnt/hdd/AudioHOI/samples_known_object/11_stick/results/benchmark_vlm_qwen/vlm/stage1/evidence/frame00054_keypart_identity_check.png,/mnt/hdd/AudioHOI/samples_known_object/11_stick/results/benchmark_vlm_qwen/vlm/stage1/evidence/frame00054_keypart_identity_check.png,semantic_part_overlay,Which stick part is highlighted?,main_body|contact_region|support_region|tip_regions|grip_bands|background|unclear,mistral_llm_schema_validated,main_body|contact_region|support_region|tip_regions|grip_bands|background|unclear,hand_on_main_body|hand_on_contact_region|body_on_support_region|floor_support|persistent_two_palm_line|no_contact|unclear,forced_choice_gate_only_no_continuous_pose_or_loss
stick,stage1,55,2.250000,keypart_identity_check,/mnt/hdd/AudioHOI/samples_known_object/11_stick/results/benchmark_vlm_qwen/vlm/stage1/evidence/frame00055_keypart_identity_check.png,/mnt/hdd/AudioHOI/samples_known_object/11_stick/results/benchmark_vlm_qwen/vlm/stage1/evidence/frame00055_keypart_identity_check.png,semantic_part_overlay,Which stick part is highlighted?,main_body|contact_region|support_region|tip_regions|grip_bands|background|unclear,mistral_llm_schema_validated,main_body|contact_region|support_region|tip_regions|grip_bands|background|unclear,hand_on_main_body|hand_on_contact_region|body_on_support_region|floor_support|persistent_two_palm_line|no_contact|unclear,forced_choice_gate_only_no_continuous_pose_or_loss
stick,stage1,56,2.291667,keypart_identity_check,/mnt/hdd/AudioHOI/samples_known_object/11_stick/results/benchmark_vlm_qwen/vlm/stage1/evidence/frame00056_keypart_identity_check.png,/mnt/hdd/AudioHOI/samples_known_object/11_stick/results/benchmark_vlm_qwen/vlm/stage1/evidence/frame00056_keypart_identity_check.png,semantic_part_overlay,Which stick part is highlighted?,main_body|contact_region|support_region|tip_regions|grip_bands|background|unclear,mistral_llm_schema_validated,main_body|contact_region|support_region|tip_regions|grip_bands|background|unclear,hand_on_main_body|hand_on_contact_region|body_on_support_region|floor_support|persistent_two_palm_line|no_contact|unclear,forced_choice_gate_only_no_continuous_pose_or_loss
stick,stage1,57,2.333333,keypart_identity_check,/mnt/hdd/AudioHOI/samples_known_object/11_stick/results/benchmark_vlm_qwen/vlm/stage1/evidence/frame00057_keypart_identity_check.png,/mnt/hdd/AudioHOI/samples_known_object/11_stick/results/benchmark_vlm_qwen/vlm/stage1/evidence/frame00057_keypart_identity_check.png,semantic_part_overlay,Which stick part is highlighted?,main_body|contact_region|support_region|tip_regions|grip_bands|background|unclear,mistral_llm_schema_validated,main_body|contact_region|support_region|tip_regions|grip_bands|background|unclear,hand_on_main_body|hand_on_contact_region|body_on_support_region|floor_support|persistent_two_palm_line|no_contact|unclear,forced_choice_gate_only_no_continuous_pose_or_loss
stick,stage1,58,2.375000,keypart_identity_check,/mnt/hdd/AudioHOI/samples_known_object/11_stick/results/benchmark_vlm_qwen/vlm/stage1/evidence/frame00058_keypart_identity_check.png,/mnt/hdd/AudioHOI/samples_known_object/11_stick/results/benchmark_vlm_qwen/vlm/stage1/evidence/frame00058_keypart_identity_check.png,semantic_part_overlay,Which stick part is highlighted?,main_body|contact_region|support_region|tip_regions|grip_bands|background|unclear,mistral_llm_schema_validated,main_body|contact_region|support_region|tip_regions|grip_bands|background|unclear,hand_on_main_body|hand_on_contact_region|body_on_support_region|floor_support|persistent_two_palm_line|no_contact|unclear,forced_choice_gate_only_no_continuous_pose_or_loss
stick,stage1,59,2.416667,keypart_identity_check,/mnt/hdd/AudioHOI/samples_known_object/11_stick/results/benchmark_vlm_qwen/vlm/stage1/evidence/frame00059_keypart_identity_check.png,/mnt/hdd/AudioHOI/samples_known_object/11_stick/results/benchmark_vlm_qwen/vlm/stage1/evidence/frame00059_keypart_identity_check.png,semantic_part_overlay,Which stick part is highlighted?,main_body|contact_region|support_region|tip_regions|grip_bands|background|unclear,mistral_llm_schema_validated,main_body|contact_region|support_region|tip_regions|grip_bands|background|unclear,hand_on_main_body|hand_on_contact_region|body_on_support_region|floor_support|persistent_two_palm_line|no_contact|unclear,forced_choice_gate_only_no_continuous_pose_or_loss
stick,stage1,60,2.458333,keypart_identity_check,/mnt/hdd/AudioHOI/samples_known_object/11_stick/results/benchmark_vlm_qwen/vlm/stage1/evidence/frame00060_keypart_identity_check.png,/mnt/hdd/AudioHOI/samples_known_object/11_stick/results/benchmark_vlm_qwen/vlm/stage1/evidence/frame00060_keypart_identity_check.png,semantic_part_overlay,Which stick part is highlighted?,main_body|contact_region|support_region|tip_regions|grip_bands|background|unclear,mistral_llm_schema_validated,main_body|contact_region|support_region|tip_regions|grip_bands|background|unclear,hand_on_main_body|hand_on_contact_region|body_on_support_region|floor_support|persistent_two_palm_line|no_contact|unclear,forced_choice_gate_only_no_continuous_pose_or_loss
stick,stage1,61,2.500000,keypart_identity_check,/mnt/hdd/AudioHOI/samples_known_object/11_stick/results/benchmark_vlm_qwen/vlm/stage1/evidence/frame00061_keypart_identity_check.png,/mnt/hdd/AudioHOI/samples_known_object/11_stick/results/benchmark_vlm_qwen/vlm/stage1/evidence/frame00061_keypart_identity_check.png,semantic_part_overlay,Which stick part is highlighted?,main_body|contact_region|support_region|tip_regions|grip_bands|background|unclear,mistral_llm_schema_validated,main_body|contact_region|support_region|tip_regions|grip_bands|background|unclear,hand_on_main_body|hand_on_contact_region|body_on_support_region|floor_support|persistent_two_palm_line|no_contact|unclear,forced_choice_gate_only_no_continuous_pose_or_loss
stick,stage1,62,2.541667,keypart_identity_check,/mnt/hdd/AudioHOI/samples_known_object/11_stick/results/benchmark_vlm_qwen/vlm/stage1/evidence/frame00062_keypart_identity_check.png,/mnt/hdd/AudioHOI/samples_known_object/11_stick/results/benchmark_vlm_qwen/vlm/stage1/evidence/frame00062_keypart_identity_check.png,semantic_part_overlay,Which stick part is highlighted?,main_body|contact_region|support_region|tip_regions|grip_bands|background|unclear,mistral_llm_schema_validated,main_body|contact_region|support_region|tip_regions|grip_bands|background|unclear,hand_on_main_body|hand_on_contact_region|body_on_support_region|floor_support|persistent_two_palm_line|no_contact|unclear,forced_choice_gate_only_no_continuous_pose_or_loss
stick,stage1,63,2.583333,keypart_identity_check,/mnt/hdd/AudioHOI/samples_known_object/11_stick/results/benchmark_vlm_qwen/vlm/stage1/evidence/frame00063_keypart_identity_check.png,/mnt/hdd/AudioHOI/samples_known_object/11_stick/results/benchmark_vlm_qwen/vlm/stage1/evidence/frame00063_keypart_identity_check.png,semantic_part_overlay,Which stick part is highlighted?,main_body|contact_region|support_region|tip_regions|grip_bands|background|unclear,mistral_llm_schema_validated,main_body|contact_region|support_region|tip_regions|grip_bands|background|unclear,hand_on_main_body|hand_on_contact_region|body_on_support_region|floor_support|persistent_two_palm_line|no_contact|unclear,forced_choice_gate_only_no_continuous_pose_or_loss
stick,stage1,64,2.625000,keypart_identity_check,/mnt/hdd/AudioHOI/samples_known_object/11_stick/results/benchmark_vlm_qwen/vlm/stage1/evidence/frame00064_keypart_identity_check.png,/mnt/hdd/AudioHOI/samples_known_object/11_stick/results/benchmark_vlm_qwen/vlm/stage1/evidence/frame00064_keypart_identity_check.png,semantic_part_overlay,Which stick part is highlighted?,main_body|contact_region|support_region|tip_regions|grip_bands|background|unclear,mistral_llm_schema_validated,main_body|contact_region|support_region|tip_regions|grip_bands|background|unclear,hand_on_main_body|hand_on_contact_region|body_on_support_region|floor_support|persistent_two_palm_line|no_contact|unclear,forced_choice_gate_only_no_continuous_pose_or_loss
stick,stage1,65,2.666667,keypart_identity_check,/mnt/hdd/AudioHOI/samples_known_object/11_stick/results/benchmark_vlm_qwen/vlm/stage1/evidence/frame00065_keypart_identity_check.png,/mnt/hdd/AudioHOI/samples_known_object/11_stick/results/benchmark_vlm_qwen/vlm/stage1/evidence/frame00065_keypart_identity_check.png,semantic_part_overlay,Which stick part is highlighted?,main_body|contact_region|support_region|tip_regions|grip_bands|background|unclear,mistral_llm_schema_validated,main_body|contact_region|support_region|tip_regions|grip_bands|background|unclear,hand_on_main_body|hand_on_contact_region|body_on_support_region|floor_support|persistent_two_palm_line|no_contact|unclear,forced_choice_gate_only_no_continuous_pose_or_loss
stick,stage1,66,2.708333,keypart_identity_check,/mnt/hdd/AudioHOI/samples_known_object/11_stick/results/benchmark_vlm_qwen/vlm/stage1/evidence/frame00066_keypart_identity_check.png,/mnt/hdd/AudioHOI/samples_known_object/11_stick/results/benchmark_vlm_qwen/vlm/stage1/evidence/frame00066_keypart_identity_check.png,semantic_part_overlay,Which stick part is highlighted?,main_body|contact_region|support_region|tip_regions|grip_bands|background|unclear,mistral_llm_schema_validated,main_body|contact_region|support_region|tip_regions|grip_bands|background|unclear,hand_on_main_body|hand_on_contact_region|body_on_support_region|floor_support|persistent_two_palm_line|no_contact|unclear,forced_choice_gate_only_no_continuous_pose_or_loss
stick,stage1,67,2.750000,keypart_identity_check,/mnt/hdd/AudioHOI/samples_known_object/11_stick/results/benchmark_vlm_qwen/vlm/stage1/evidence/frame00067_keypart_identity_check.png,/mnt/hdd/AudioHOI/samples_known_object/11_stick/results/benchmark_vlm_qwen/vlm/stage1/evidence/frame00067_keypart_identity_check.png,semantic_part_overlay,Which stick part is highlighted?,main_body|contact_region|support_region|tip_regions|grip_bands|background|unclear,mistral_llm_schema_validated,main_body|contact_region|support_region|tip_regions|grip_bands|background|unclear,hand_on_main_body|hand_on_contact_region|body_on_support_region|floor_support|persistent_two_palm_line|no_contact|unclear,forced_choice_gate_only_no_continuous_pose_or_loss
stick,stage1,68,2.791667,keypart_identity_check,/mnt/hdd/AudioHOI/samples_known_object/11_stick/results/benchmark_vlm_qwen/vlm/stage1/evidence/frame00068_keypart_identity_check.png,/mnt/hdd/AudioHOI/samples_known_object/11_stick/results/benchmark_vlm_qwen/vlm/stage1/evidence/frame00068_keypart_identity_check.png,semantic_part_overlay,Which stick part is highlighted?,main_body|contact_region|support_region|tip_regions|grip_bands|background|unclear,mistral_llm_schema_validated,main_body|contact_region|support_region|tip_regions|grip_bands|background|unclear,hand_on_main_body|hand_on_contact_region|body_on_support_region|floor_support|persistent_two_palm_line|no_contact|unclear,forced_choice_gate_only_no_continuous_pose_or_loss
stick,stage1,69,2.833333,keypart_identity_check,/mnt/hdd/AudioHOI/samples_known_object/11_stick/results/benchmark_vlm_qwen/vlm/stage1/evidence/frame00069_keypart_identity_check.png,/mnt/hdd/AudioHOI/samples_known_object/11_stick/results/benchmark_vlm_qwen/vlm/stage1/evidence/frame00069_keypart_identity_check.png,semantic_part_overlay,Which stick part is highlighted?,main_body|contact_region|support_region|tip_regions|grip_bands|background|unclear,mistral_llm_schema_validated,main_body|contact_region|support_region|tip_regions|grip_bands|background|unclear,hand_on_main_body|hand_on_contact_region|body_on_support_region|floor_support|persistent_two_palm_line|no_contact|unclear,forced_choice_gate_only_no_continuous_pose_or_loss
stick,stage1,70,2.875000,keypart_identity_check,/mnt/hdd/AudioHOI/samples_known_object/11_stick/results/benchmark_vlm_qwen/vlm/stage1/evidence/frame00070_keypart_identity_check.png,/mnt/hdd/AudioHOI/samples_known_object/11_stick/results/benchmark_vlm_qwen/vlm/stage1/evidence/frame00070_keypart_identity_check.png,semantic_part_overlay,Which stick part is highlighted?,main_body|contact_region|support_region|tip_regions|grip_bands|background|unclear,mistral_llm_schema_validated,main_body|contact_region|support_region|tip_regions|grip_bands|background|unclear,hand_on_main_body|hand_on_contact_region|body_on_support_region|floor_support|persistent_two_palm_line|no_contact|unclear,forced_choice_gate_only_no_continuous_pose_or_loss
stick,stage1,71,2.916667,keypart_identity_check,/mnt/hdd/AudioHOI/samples_known_object/11_stick/results/benchmark_vlm_qwen/vlm/stage1/evidence/frame00071_keypart_identity_check.png,/mnt/hdd/AudioHOI/samples_known_object/11_stick/results/benchmark_vlm_qwen/vlm/stage1/evidence/frame00071_keypart_identity_check.png,semantic_part_overlay,Which stick part is highlighted?,main_body|contact_region|support_region|tip_regions|grip_bands|background|unclear,mistral_llm_schema_validated,main_body|contact_region|support_region|tip_regions|grip_bands|background|unclear,hand_on_main_body|hand_on_contact_region|body_on_support_region|floor_support|persistent_two_palm_line|no_contact|unclear,forced_choice_gate_only_no_continuous_pose_or_loss
stick,stage1,72,2.958333,keypart_identity_check,/mnt/hdd/AudioHOI/samples_known_object/11_stick/results/benchmark_vlm_qwen/vlm/stage1/evidence/frame00072_keypart_identity_check.png,/mnt/hdd/AudioHOI/samples_known_object/11_stick/results/benchmark_vlm_qwen/vlm/stage1/evidence/frame00072_keypart_identity_check.png,semantic_part_overlay,Which stick part is highlighted?,main_body|contact_region|support_region|tip_regions|grip_bands|background|unclear,mistral_llm_schema_validated,main_body|contact_region|support_region|tip_regions|grip_bands|background|unclear,hand_on_main_body|hand_on_contact_region|body_on_support_region|floor_support|persistent_two_palm_line|no_contact|unclear,forced_choice_gate_only_no_continuous_pose_or_loss
stick,stage1,73,3.000000,keypart_identity_check,/mnt/hdd/AudioHOI/samples_known_object/11_stick/results/benchmark_vlm_qwen/vlm/stage1/evidence/frame00073_keypart_identity_check.png,/mnt/hdd/AudioHOI/samples_known_object/11_stick/results/benchmark_vlm_qwen/vlm/stage1/evidence/frame00073_keypart_identity_check.png,semantic_part_overlay,Which stick part is highlighted?,main_body|contact_region|support_region|tip_regions|grip_bands|background|unclear,mistral_llm_schema_validated,main_body|contact_region|support_region|tip_regions|grip_bands|background|unclear,hand_on_main_body|hand_on_contact_region|body_on_support_region|floor_support|persistent_two_palm_line|no_contact|unclear,forced_choice_gate_only_no_continuous_pose_or_loss
stick,stage1,74,3.041667,keypart_identity_check,/mnt/hdd/AudioHOI/samples_known_object/11_stick/results/benchmark_vlm_qwen/vlm/stage1/evidence/frame00074_keypart_identity_check.png,/mnt/hdd/AudioHOI/samples_known_object/11_stick/results/benchmark_vlm_qwen/vlm/stage1/evidence/frame00074_keypart_identity_check.png,semantic_part_overlay,Which stick part is highlighted?,main_body|contact_region|support_region|tip_regions|grip_bands|background|unclear,mistral_llm_schema_validated,main_body|contact_region|support_region|tip_regions|grip_bands|background|unclear,hand_on_main_body|hand_on_contact_region|body_on_support_region|floor_support|persistent_two_palm_line|no_contact|unclear,forced_choice_gate_only_no_continuous_pose_or_loss
stick,stage1,75,3.083333,keypart_identity_check,/mnt/hdd/AudioHOI/samples_known_object/11_stick/results/benchmark_vlm_qwen/vlm/stage1/evidence/frame00075_keypart_identity_check.png,/mnt/hdd/AudioHOI/samples_known_object/11_stick/results/benchmark_vlm_qwen/vlm/stage1/evidence/frame00075_keypart_identity_check.png,semantic_part_overlay,Which stick part is highlighted?,main_body|contact_region|support_region|tip_regions|grip_bands|background|unclear,mistral_llm_schema_validated,main_body|contact_region|support_region|tip_regions|grip_bands|background|unclear,hand_on_main_body|hand_on_contact_region|body_on_support_region|floor_support|persistent_two_palm_line|no_contact|unclear,forced_choice_gate_only_no_continuous_pose_or_loss
stick,stage1,76,3.125000,keypart_identity_check,/mnt/hdd/AudioHOI/samples_known_object/11_stick/results/benchmark_vlm_qwen/vlm/stage1/evidence/frame00076_keypart_identity_check.png,/mnt/hdd/AudioHOI/samples_known_object/11_stick/results/benchmark_vlm_qwen/vlm/stage1/evidence/frame00076_keypart_identity_check.png,semantic_part_overlay,Which stick part is highlighted?,main_body|contact_region|support_region|tip_regions|grip_bands|background|unclear,mistral_llm_schema_validated,main_body|contact_region|support_region|tip_regions|grip_bands|background|unclear,hand_on_main_body|hand_on_contact_region|body_on_support_region|floor_support|persistent_two_palm_line|no_contact|unclear,forced_choice_gate_only_no_continuous_pose_or_loss
stick,stage1,77,3.166667,keypart_identity_check,/mnt/hdd/AudioHOI/samples_known_object/11_stick/results/benchmark_vlm_qwen/vlm/stage1/evidence/frame00077_keypart_identity_check.png,/mnt/hdd/AudioHOI/samples_known_object/11_stick/results/benchmark_vlm_qwen/vlm/stage1/evidence/frame00077_keypart_identity_check.png,semantic_part_overlay,Which stick part is highlighted?,main_body|contact_region|support_region|tip_regions|grip_bands|background|unclear,mistral_llm_schema_validated,main_body|contact_region|support_region|tip_regions|grip_bands|background|unclear,hand_on_main_body|hand_on_contact_region|body_on_support_region|floor_support|persistent_two_palm_line|no_contact|unclear,forced_choice_gate_only_no_continuous_pose_or_loss
stick,stage1,78,3.208333,keypart_identity_check,/mnt/hdd/AudioHOI/samples_known_object/11_stick/results/benchmark_vlm_qwen/vlm/stage1/evidence/frame00078_keypart_identity_check.png,/mnt/hdd/AudioHOI/samples_known_object/11_stick/results/benchmark_vlm_qwen/vlm/stage1/evidence/frame00078_keypart_identity_check.png,semantic_part_overlay,Which stick part is highlighted?,main_body|contact_region|support_region|tip_regions|grip_bands|background|unclear,mistral_llm_schema_validated,main_body|contact_region|support_region|tip_regions|grip_bands|background|unclear,hand_on_main_body|hand_on_contact_region|body_on_support_region|floor_support|persistent_two_palm_line|no_contact|unclear,forced_choice_gate_only_no_continuous_pose_or_loss
stick,stage1,79,3.250000,keypart_identity_check,/mnt/hdd/AudioHOI/samples_known_object/11_stick/results/benchmark_vlm_qwen/vlm/stage1/evidence/frame00079_keypart_identity_check.png,/mnt/hdd/AudioHOI/samples_known_object/11_stick/results/benchmark_vlm_qwen/vlm/stage1/evidence/frame00079_keypart_identity_check.png,semantic_part_overlay,Which stick part is highlighted?,main_body|contact_region|support_region|tip_regions|grip_bands|background|unclear,mistral_llm_schema_validated,main_body|contact_region|support_region|tip_regions|grip_bands|background|unclear,hand_on_main_body|hand_on_contact_region|body_on_support_region|floor_support|persistent_two_palm_line|no_contact|unclear,forced_choice_gate_only_no_continuous_pose_or_loss
stick,stage1,80,3.291667,keypart_identity_check,/mnt/hdd/AudioHOI/samples_known_object/11_stick/results/benchmark_vlm_qwen/vlm/stage1/evidence/frame00080_keypart_identity_check.png,/mnt/hdd/AudioHOI/samples_known_object/11_stick/results/benchmark_vlm_qwen/vlm/stage1/evidence/frame00080_keypart_identity_check.png,semantic_part_overlay,Which stick part is highlighted?,main_body|contact_region|support_region|tip_regions|grip_bands|background|unclear,mistral_llm_schema_validated,main_body|contact_region|support_region|tip_regions|grip_bands|background|unclear,hand_on_main_body|hand_on_contact_region|body_on_support_region|floor_support|persistent_two_palm_line|no_contact|unclear,forced_choice_gate_only_no_continuous_pose_or_loss
stick,stage1,81,3.333333,keypart_identity_check,/mnt/hdd/AudioHOI/samples_known_object/11_stick/results/benchmark_vlm_qwen/vlm/stage1/evidence/frame00081_keypart_identity_check.png,/mnt/hdd/AudioHOI/samples_known_object/11_stick/results/benchmark_vlm_qwen/vlm/stage1/evidence/frame00081_keypart_identity_check.png,semantic_part_overlay,Which stick part is highlighted?,main_body|contact_region|support_region|tip_regions|grip_bands|background|unclear,mistral_llm_schema_validated,main_body|contact_region|support_region|tip_regions|grip_bands|background|unclear,hand_on_main_body|hand_on_contact_region|body_on_support_region|floor_support|persistent_two_palm_line|no_contact|unclear,forced_choice_gate_only_no_continuous_pose_or_loss
stick,stage1,82,3.375000,keypart_identity_check,/mnt/hdd/AudioHOI/samples_known_object/11_stick/results/benchmark_vlm_qwen/vlm/stage1/evidence/frame00082_keypart_identity_check.png,/mnt/hdd/AudioHOI/samples_known_object/11_stick/results/benchmark_vlm_qwen/vlm/stage1/evidence/frame00082_keypart_identity_check.png,semantic_part_overlay,Which stick part is highlighted?,main_body|contact_region|support_region|tip_regions|grip_bands|background|unclear,mistral_llm_schema_validated,main_body|contact_region|support_region|tip_regions|grip_bands|background|unclear,hand_on_main_body|hand_on_contact_region|body_on_support_region|floor_support|persistent_two_palm_line|no_contact|unclear,forced_choice_gate_only_no_continuous_pose_or_loss
stick,stage1,83,3.416667,keypart_identity_check,/mnt/hdd/AudioHOI/samples_known_object/11_stick/results/benchmark_vlm_qwen/vlm/stage1/evidence/frame00083_keypart_identity_check.png,/mnt/hdd/AudioHOI/samples_known_object/11_stick/results/benchmark_vlm_qwen/vlm/stage1/evidence/frame00083_keypart_identity_check.png,semantic_part_overlay,Which stick part is highlighted?,main_body|contact_region|support_region|tip_regions|grip_bands|background|unclear,mistral_llm_schema_validated,main_body|contact_region|support_region|tip_regions|grip_bands|background|unclear,hand_on_main_body|hand_on_contact_region|body_on_support_region|floor_support|persistent_two_palm_line|no_contact|unclear,forced_choice_gate_only_no_continuous_pose_or_loss
stick,stage1,84,3.458333,keypart_identity_check,/mnt/hdd/AudioHOI/samples_known_object/11_stick/results/benchmark_vlm_qwen/vlm/stage1/evidence/frame00084_keypart_identity_check.png,/mnt/hdd/AudioHOI/samples_known_object/11_stick/results/benchmark_vlm_qwen/vlm/stage1/evidence/frame00084_keypart_identity_check.png,semantic_part_overlay,Which stick part is highlighted?,main_body|contact_region|support_region|tip_regions|grip_bands|background|unclear,mistral_llm_schema_validated,main_body|contact_region|support_region|tip_regions|grip_bands|background|unclear,hand_on_main_body|hand_on_contact_region|body_on_support_region|floor_support|persistent_two_palm_line|no_contact|unclear,forced_choice_gate_only_no_continuous_pose_or_loss
stick,stage1,85,3.500000,keypart_identity_check,/mnt/hdd/AudioHOI/samples_known_object/11_stick/results/benchmark_vlm_qwen/vlm/stage1/evidence/frame00085_keypart_identity_check.png,/mnt/hdd/AudioHOI/samples_known_object/11_stick/results/benchmark_vlm_qwen/vlm/stage1/evidence/frame00085_keypart_identity_check.png,semantic_part_overlay,Which stick part is highlighted?,main_body|contact_region|support_region|tip_regions|grip_bands|background|unclear,mistral_llm_schema_validated,main_body|contact_region|support_region|tip_regions|grip_bands|background|unclear,hand_on_main_body|hand_on_contact_region|body_on_support_region|floor_support|persistent_two_palm_line|no_contact|unclear,forced_choice_gate_only_no_continuous_pose_or_loss
stick,stage1,86,3.541667,keypart_identity_check,/mnt/hdd/AudioHOI/samples_known_object/11_stick/results/benchmark_vlm_qwen/vlm/stage1/evidence/frame00086_keypart_identity_check.png,/mnt/hdd/AudioHOI/samples_known_object/11_stick/results/benchmark_vlm_qwen/vlm/stage1/evidence/frame00086_keypart_identity_check.png,semantic_part_overlay,Which stick part is highlighted?,main_body|contact_region|support_region|tip_regions|grip_bands|background|unclear,mistral_llm_schema_validated,main_body|contact_region|support_region|tip_regions|grip_bands|background|unclear,hand_on_main_body|hand_on_contact_region|body_on_support_region|floor_support|persistent_two_palm_line|no_contact|unclear,forced_choice_gate_only_no_continuous_pose_or_loss
stick,stage1,87,3.583333,keypart_identity_check,/mnt/hdd/AudioHOI/samples_known_object/11_stick/results/benchmark_vlm_qwen/vlm/stage1/evidence/frame00087_keypart_identity_check.png,/mnt/hdd/AudioHOI/samples_known_object/11_stick/results/benchmark_vlm_qwen/vlm/stage1/evidence/frame00087_keypart_identity_check.png,semantic_part_overlay,Which stick part is highlighted?,main_body|contact_region|support_region|tip_regions|grip_bands|background|unclear,mistral_llm_schema_validated,main_body|contact_region|support_region|tip_regions|grip_bands|background|unclear,hand_on_main_body|hand_on_contact_region|body_on_support_region|floor_support|persistent_two_palm_line|no_contact|unclear,forced_choice_gate_only_no_continuous_pose_or_loss
stick,stage1,88,3.625000,keypart_identity_check,/mnt/hdd/AudioHOI/samples_known_object/11_stick/results/benchmark_vlm_qwen/vlm/stage1/evidence/frame00088_keypart_identity_check.png,/mnt/hdd/AudioHOI/samples_known_object/11_stick/results/benchmark_vlm_qwen/vlm/stage1/evidence/frame00088_keypart_identity_check.png,semantic_part_overlay,Which stick part is highlighted?,main_body|contact_region|support_region|tip_regions|grip_bands|background|unclear,mistral_llm_schema_validated,main_body|contact_region|support_region|tip_regions|grip_bands|background|unclear,hand_on_main_body|hand_on_contact_region|body_on_support_region|floor_support|persistent_two_palm_line|no_contact|unclear,forced_choice_gate_only_no_continuous_pose_or_loss
stick,stage1,89,3.666667,keypart_identity_check,/mnt/hdd/AudioHOI/samples_known_object/11_stick/results/benchmark_vlm_qwen/vlm/stage1/evidence/frame00089_keypart_identity_check.png,/mnt/hdd/AudioHOI/samples_known_object/11_stick/results/benchmark_vlm_qwen/vlm/stage1/evidence/frame00089_keypart_identity_check.png,semantic_part_overlay,Which stick part is highlighted?,main_body|contact_region|support_region|tip_regions|grip_bands|background|unclear,mistral_llm_schema_validated,main_body|contact_region|support_region|tip_regions|grip_bands|background|unclear,hand_on_main_body|hand_on_contact_region|body_on_support_region|floor_support|persistent_two_palm_line|no_contact|unclear,forced_choice_gate_only_no_continuous_pose_or_loss
stick,stage1,90,3.708333,keypart_identity_check,/mnt/hdd/AudioHOI/samples_known_object/11_stick/results/benchmark_vlm_qwen/vlm/stage1/evidence/frame00090_keypart_identity_check.png,/mnt/hdd/AudioHOI/samples_known_object/11_stick/results/benchmark_vlm_qwen/vlm/stage1/evidence/frame00090_keypart_identity_check.png,semantic_part_overlay,Which stick part is highlighted?,main_body|contact_region|support_region|tip_regions|grip_bands|background|unclear,mistral_llm_schema_validated,main_body|contact_region|support_region|tip_regions|grip_bands|background|unclear,hand_on_main_body|hand_on_contact_region|body_on_support_region|floor_support|persistent_two_palm_line|no_contact|unclear,forced_choice_gate_only_no_continuous_pose_or_loss
stick,stage1,91,3.750000,keypart_identity_check,/mnt/hdd/AudioHOI/samples_known_object/11_stick/results/benchmark_vlm_qwen/vlm/stage1/evidence/frame00091_keypart_identity_check.png,/mnt/hdd/AudioHOI/samples_known_object/11_stick/results/benchmark_vlm_qwen/vlm/stage1/evidence/frame00091_keypart_identity_check.png,semantic_part_overlay,Which stick part is highlighted?,main_body|contact_region|support_region|tip_regions|grip_bands|background|unclear,mistral_llm_schema_validated,main_body|contact_region|support_region|tip_regions|grip_bands|background|unclear,hand_on_main_body|hand_on_contact_region|body_on_support_region|floor_support|persistent_two_palm_line|no_contact|unclear,forced_choice_gate_only_no_continuous_pose_or_loss
stick,stage1,92,3.791667,keypart_identity_check,/mnt/hdd/AudioHOI/samples_known_object/11_stick/results/benchmark_vlm_qwen/vlm/stage1/evidence/frame00092_keypart_identity_check.png,/mnt/hdd/AudioHOI/samples_known_object/11_stick/results/benchmark_vlm_qwen/vlm/stage1/evidence/frame00092_keypart_identity_check.png,semantic_part_overlay,Which stick part is highlighted?,main_body|contact_region|support_region|tip_regions|grip_bands|background|unclear,mistral_llm_schema_validated,main_body|contact_region|support_region|tip_regions|grip_bands|background|unclear,hand_on_main_body|hand_on_contact_region|body_on_support_region|floor_support|persistent_two_palm_line|no_contact|unclear,forced_choice_gate_only_no_continuous_pose_or_loss
stick,stage1,93,3.833333,keypart_identity_check,/mnt/hdd/AudioHOI/samples_known_object/11_stick/results/benchmark_vlm_qwen/vlm/stage1/evidence/frame00093_keypart_identity_check.png,/mnt/hdd/AudioHOI/samples_known_object/11_stick/results/benchmark_vlm_qwen/vlm/stage1/evidence/frame00093_keypart_identity_check.png,semantic_part_overlay,Which stick part is highlighted?,main_body|contact_region|support_region|tip_regions|grip_bands|background|unclear,mistral_llm_schema_validated,main_body|contact_region|support_region|tip_regions|grip_bands|background|unclear,hand_on_main_body|hand_on_contact_region|body_on_support_region|floor_support|persistent_two_palm_line|no_contact|unclear,forced_choice_gate_only_no_continuous_pose_or_loss
stick,stage1,94,3.875000,keypart_identity_check,/mnt/hdd/AudioHOI/samples_known_object/11_stick/results/benchmark_vlm_qwen/vlm/stage1/evidence/frame00094_keypart_identity_check.png,/mnt/hdd/AudioHOI/samples_known_object/11_stick/results/benchmark_vlm_qwen/vlm/stage1/evidence/frame00094_keypart_identity_check.png,semantic_part_overlay,Which stick part is highlighted?,main_body|contact_region|support_region|tip_regions|grip_bands|background|unclear,mistral_llm_schema_validated,main_body|contact_region|support_region|tip_regions|grip_bands|background|unclear,hand_on_main_body|hand_on_contact_region|body_on_support_region|floor_support|persistent_two_palm_line|no_contact|unclear,forced_choice_gate_only_no_continuous_pose_or_loss
stick,stage1,95,3.916667,keypart_identity_check,/mnt/hdd/AudioHOI/samples_known_object/11_stick/results/benchmark_vlm_qwen/vlm/stage1/evidence/frame00095_keypart_identity_check.png,/mnt/hdd/AudioHOI/samples_known_object/11_stick/results/benchmark_vlm_qwen/vlm/stage1/evidence/frame00095_keypart_identity_check.png,semantic_part_overlay,Which stick part is highlighted?,main_body|contact_region|support_region|tip_regions|grip_bands|background|unclear,mistral_llm_schema_validated,main_body|contact_region|support_region|tip_regions|grip_bands|background|unclear,hand_on_main_body|hand_on_contact_region|body_on_support_region|floor_support|persistent_two_palm_line|no_contact|unclear,forced_choice_gate_only_no_continuous_pose_or_loss
stick,stage1,96,3.958333,keypart_identity_check,/mnt/hdd/AudioHOI/samples_known_object/11_stick/results/benchmark_vlm_qwen/vlm/stage1/evidence/frame00096_keypart_identity_check.png,/mnt/hdd/AudioHOI/samples_known_object/11_stick/results/benchmark_vlm_qwen/vlm/stage1/evidence/frame00096_keypart_identity_check.png,semantic_part_overlay,Which stick part is highlighted?,main_body|contact_region|support_region|tip_regions|grip_bands|background|unclear,mistral_llm_schema_validated,main_body|contact_region|support_region|tip_regions|grip_bands|background|unclear,hand_on_main_body|hand_on_contact_region|body_on_support_region|floor_support|persistent_two_palm_line|no_contact|unclear,forced_choice_gate_only_no_continuous_pose_or_loss
stick,stage1,97,4.000000,keypart_identity_check,/mnt/hdd/AudioHOI/samples_known_object/11_stick/results/benchmark_vlm_qwen/vlm/stage1/evidence/frame00097_keypart_identity_check.png,/mnt/hdd/AudioHOI/samples_known_object/11_stick/results/benchmark_vlm_qwen/vlm/stage1/evidence/frame00097_keypart_identity_check.png,semantic_part_overlay,Which stick part is highlighted?,main_body|contact_region|support_region|tip_regions|grip_bands|background|unclear,mistral_llm_schema_validated,main_body|contact_region|support_region|tip_regions|grip_bands|background|unclear,hand_on_main_body|hand_on_contact_region|body_on_support_region|floor_support|persistent_two_palm_line|no_contact|unclear,forced_choice_gate_only_no_continuous_pose_or_loss
stick,stage1,98,4.041667,keypart_identity_check,/mnt/hdd/AudioHOI/samples_known_object/11_stick/results/benchmark_vlm_qwen/vlm/stage1/evidence/frame00098_keypart_identity_check.png,/mnt/hdd/AudioHOI/samples_known_object/11_stick/results/benchmark_vlm_qwen/vlm/stage1/evidence/frame00098_keypart_identity_check.png,semantic_part_overlay,Which stick part is highlighted?,main_body|contact_region|support_region|tip_regions|grip_bands|background|unclear,mistral_llm_schema_validated,main_body|contact_region|support_region|tip_regions|grip_bands|background|unclear,hand_on_main_body|hand_on_contact_region|body_on_support_region|floor_support|persistent_two_palm_line|no_contact|unclear,forced_choice_gate_only_no_continuous_pose_or_loss
stick,stage1,99,4.083333,keypart_identity_check,/mnt/hdd/AudioHOI/samples_known_object/11_stick/results/benchmark_vlm_qwen/vlm/stage1/evidence/frame00099_keypart_identity_check.png,/mnt/hdd/AudioHOI/samples_known_object/11_stick/results/benchmark_vlm_qwen/vlm/stage1/evidence/frame00099_keypart_identity_check.png,semantic_part_overlay,Which stick part is highlighted?,main_body|contact_region|support_region|tip_regions|grip_bands|background|unclear,mistral_llm_schema_validated,main_body|contact_region|support_region|tip_regions|grip_bands|background|unclear,hand_on_main_body|hand_on_contact_region|body_on_support_region|floor_support|persistent_two_palm_line|no_contact|unclear,forced_choice_gate_only_no_continuous_pose_or_loss
stick,stage1,100,4.125000,keypart_identity_check,/mnt/hdd/AudioHOI/samples_known_object/11_stick/results/benchmark_vlm_qwen/vlm/stage1/evidence/frame00100_keypart_identity_check.png,/mnt/hdd/AudioHOI/samples_known_object/11_stick/results/benchmark_vlm_qwen/vlm/stage1/evidence/frame00100_keypart_identity_check.png,semantic_part_overlay,Which stick part is highlighted?,main_body|contact_region|support_region|tip_regions|grip_bands|background|unclear,mistral_llm_schema_validated,main_body|contact_region|support_region|tip_regions|grip_bands|background|unclear,hand_on_main_body|hand_on_contact_region|body_on_support_region|floor_support|persistent_two_palm_line|no_contact|unclear,forced_choice_gate_only_no_continuous_pose_or_loss
stick,stage1,101,4.166667,keypart_identity_check,/mnt/hdd/AudioHOI/samples_known_object/11_stick/results/benchmark_vlm_qwen/vlm/stage1/evidence/frame00101_keypart_identity_check.png,/mnt/hdd/AudioHOI/samples_known_object/11_stick/results/benchmark_vlm_qwen/vlm/stage1/evidence/frame00101_keypart_identity_check.png,semantic_part_overlay,Which stick part is highlighted?,main_body|contact_region|support_region|tip_regions|grip_bands|background|unclear,mistral_llm_schema_validated,main_body|contact_region|support_region|tip_regions|grip_bands|background|unclear,hand_on_main_body|hand_on_contact_region|body_on_support_region|floor_support|persistent_two_palm_line|no_contact|unclear,forced_choice_gate_only_no_continuous_pose_or_loss
stick,stage1,102,4.208333,keypart_identity_check,/mnt/hdd/AudioHOI/samples_known_object/11_stick/results/benchmark_vlm_qwen/vlm/stage1/evidence/frame00102_keypart_identity_check.png,/mnt/hdd/AudioHOI/samples_known_object/11_stick/results/benchmark_vlm_qwen/vlm/stage1/evidence/frame00102_keypart_identity_check.png,semantic_part_overlay,Which stick part is highlighted?,main_body|contact_region|support_region|tip_regions|grip_bands|background|unclear,mistral_llm_schema_validated,main_body|contact_region|support_region|tip_regions|grip_bands|background|unclear,hand_on_main_body|hand_on_contact_region|body_on_support_region|floor_support|persistent_two_palm_line|no_contact|unclear,forced_choice_gate_only_no_continuous_pose_or_loss
stick,stage1,103,4.250000,keypart_identity_check,/mnt/hdd/AudioHOI/samples_known_object/11_stick/results/benchmark_vlm_qwen/vlm/stage1/evidence/frame00103_keypart_identity_check.png,/mnt/hdd/AudioHOI/samples_known_object/11_stick/results/benchmark_vlm_qwen/vlm/stage1/evidence/frame00103_keypart_identity_check.png,semantic_part_overlay,Which stick part is highlighted?,main_body|contact_region|support_region|tip_regions|grip_bands|background|unclear,mistral_llm_schema_validated,main_body|contact_region|support_region|tip_regions|grip_bands|background|unclear,hand_on_main_body|hand_on_contact_region|body_on_support_region|floor_support|persistent_two_palm_line|no_contact|unclear,forced_choice_gate_only_no_continuous_pose_or_loss
stick,stage1,104,4.291667,keypart_identity_check,/mnt/hdd/AudioHOI/samples_known_object/11_stick/results/benchmark_vlm_qwen/vlm/stage1/evidence/frame00104_keypart_identity_check.png,/mnt/hdd/AudioHOI/samples_known_object/11_stick/results/benchmark_vlm_qwen/vlm/stage1/evidence/frame00104_keypart_identity_check.png,semantic_part_overlay,Which stick part is highlighted?,main_body|contact_region|support_region|tip_regions|grip_bands|background|unclear,mistral_llm_schema_validated,main_body|contact_region|support_region|tip_regions|grip_bands|background|unclear,hand_on_main_body|hand_on_contact_region|body_on_support_region|floor_support|persistent_two_palm_line|no_contact|unclear,forced_choice_gate_only_no_continuous_pose_or_loss
stick,stage1,105,4.333333,keypart_identity_check,/mnt/hdd/AudioHOI/samples_known_object/11_stick/results/benchmark_vlm_qwen/vlm/stage1/evidence/frame00105_keypart_identity_check.png,/mnt/hdd/AudioHOI/samples_known_object/11_stick/results/benchmark_vlm_qwen/vlm/stage1/evidence/frame00105_keypart_identity_check.png,semantic_part_overlay,Which stick part is highlighted?,main_body|contact_region|support_region|tip_regions|grip_bands|background|unclear,mistral_llm_schema_validated,main_body|contact_region|support_region|tip_regions|grip_bands|background|unclear,hand_on_main_body|hand_on_contact_region|body_on_support_region|floor_support|persistent_two_palm_line|no_contact|unclear,forced_choice_gate_only_no_continuous_pose_or_loss
stick,stage1,106,4.375000,keypart_identity_check,/mnt/hdd/AudioHOI/samples_known_object/11_stick/results/benchmark_vlm_qwen/vlm/stage1/evidence/frame00106_keypart_identity_check.png,/mnt/hdd/AudioHOI/samples_known_object/11_stick/results/benchmark_vlm_qwen/vlm/stage1/evidence/frame00106_keypart_identity_check.png,semantic_part_overlay,Which stick part is highlighted?,main_body|contact_region|support_region|tip_regions|grip_bands|background|unclear,mistral_llm_schema_validated,main_body|contact_region|support_region|tip_regions|grip_bands|background|unclear,hand_on_main_body|hand_on_contact_region|body_on_support_region|floor_support|persistent_two_palm_line|no_contact|unclear,forced_choice_gate_only_no_continuous_pose_or_loss
stick,stage1,107,4.416667,keypart_identity_check,/mnt/hdd/AudioHOI/samples_known_object/11_stick/results/benchmark_vlm_qwen/vlm/stage1/evidence/frame00107_keypart_identity_check.png,/mnt/hdd/AudioHOI/samples_known_object/11_stick/results/benchmark_vlm_qwen/vlm/stage1/evidence/frame00107_keypart_identity_check.png,semantic_part_overlay,Which stick part is highlighted?,main_body|contact_region|support_region|tip_regions|grip_bands|background|unclear,mistral_llm_schema_validated,main_body|contact_region|support_region|tip_regions|grip_bands|background|unclear,hand_on_main_body|hand_on_contact_region|body_on_support_region|floor_support|persistent_two_palm_line|no_contact|unclear,forced_choice_gate_only_no_continuous_pose_or_loss
stick,stage1,108,4.458333,keypart_identity_check,/mnt/hdd/AudioHOI/samples_known_object/11_stick/results/benchmark_vlm_qwen/vlm/stage1/evidence/frame00108_keypart_identity_check.png,/mnt/hdd/AudioHOI/samples_known_object/11_stick/results/benchmark_vlm_qwen/vlm/stage1/evidence/frame00108_keypart_identity_check.png,semantic_part_overlay,Which stick part is highlighted?,main_body|contact_region|support_region|tip_regions|grip_bands|background|unclear,mistral_llm_schema_validated,main_body|contact_region|support_region|tip_regions|grip_bands|background|unclear,hand_on_main_body|hand_on_contact_region|body_on_support_region|floor_support|persistent_two_palm_line|no_contact|unclear,forced_choice_gate_only_no_continuous_pose_or_loss
stick,stage1,109,4.500000,keypart_identity_check,/mnt/hdd/AudioHOI/samples_known_object/11_stick/results/benchmark_vlm_qwen/vlm/stage1/evidence/frame00109_keypart_identity_check.png,/mnt/hdd/AudioHOI/samples_known_object/11_stick/results/benchmark_vlm_qwen/vlm/stage1/evidence/frame00109_keypart_identity_check.png,semantic_part_overlay,Which stick part is highlighted?,main_body|contact_region|support_region|tip_regions|grip_bands|background|unclear,mistral_llm_schema_validated,main_body|contact_region|support_region|tip_regions|grip_bands|background|unclear,hand_on_main_body|hand_on_contact_region|body_on_support_region|floor_support|persistent_two_palm_line|no_contact|unclear,forced_choice_gate_only_no_continuous_pose_or_loss
stick,stage1,110,4.541667,keypart_identity_check,/mnt/hdd/AudioHOI/samples_known_object/11_stick/results/benchmark_vlm_qwen/vlm/stage1/evidence/frame00110_keypart_identity_check.png,/mnt/hdd/AudioHOI/samples_known_object/11_stick/results/benchmark_vlm_qwen/vlm/stage1/evidence/frame00110_keypart_identity_check.png,semantic_part_overlay,Which stick part is highlighted?,main_body|contact_region|support_region|tip_regions|grip_bands|background|unclear,mistral_llm_schema_validated,main_body|contact_region|support_region|tip_regions|grip_bands|background|unclear,hand_on_main_body|hand_on_contact_region|body_on_support_region|floor_support|persistent_two_palm_line|no_contact|unclear,forced_choice_gate_only_no_continuous_pose_or_loss
stick,stage1,111,4.583333,keypart_identity_check,/mnt/hdd/AudioHOI/samples_known_object/11_stick/results/benchmark_vlm_qwen/vlm/stage1/evidence/frame00111_keypart_identity_check.png,/mnt/hdd/AudioHOI/samples_known_object/11_stick/results/benchmark_vlm_qwen/vlm/stage1/evidence/frame00111_keypart_identity_check.png,semantic_part_overlay,Which stick part is highlighted?,main_body|contact_region|support_region|tip_regions|grip_bands|background|unclear,mistral_llm_schema_validated,main_body|contact_region|support_region|tip_regions|grip_bands|background|unclear,hand_on_main_body|hand_on_contact_region|body_on_support_region|floor_support|persistent_two_palm_line|no_contact|unclear,forced_choice_gate_only_no_continuous_pose_or_loss
stick,stage1,112,4.625000,keypart_identity_check,/mnt/hdd/AudioHOI/samples_known_object/11_stick/results/benchmark_vlm_qwen/vlm/stage1/evidence/frame00112_keypart_identity_check.png,/mnt/hdd/AudioHOI/samples_known_object/11_stick/results/benchmark_vlm_qwen/vlm/stage1/evidence/frame00112_keypart_identity_check.png,semantic_part_overlay,Which stick part is highlighted?,main_body|contact_region|support_region|tip_regions|grip_bands|background|unclear,mistral_llm_schema_validated,main_body|contact_region|support_region|tip_regions|grip_bands|background|unclear,hand_on_main_body|hand_on_contact_region|body_on_support_region|floor_support|persistent_two_palm_line|no_contact|unclear,forced_choice_gate_only_no_continuous_pose_or_loss
stick,stage1,113,4.666667,keypart_identity_check,/mnt/hdd/AudioHOI/samples_known_object/11_stick/results/benchmark_vlm_qwen/vlm/stage1/evidence/frame00113_keypart_identity_check.png,/mnt/hdd/AudioHOI/samples_known_object/11_stick/results/benchmark_vlm_qwen/vlm/stage1/evidence/frame00113_keypart_identity_check.png,semantic_part_overlay,Which stick part is highlighted?,main_body|contact_region|support_region|tip_regions|grip_bands|background|unclear,mistral_llm_schema_validated,main_body|contact_region|support_region|tip_regions|grip_bands|background|unclear,hand_on_main_body|hand_on_contact_region|body_on_support_region|floor_support|persistent_two_palm_line|no_contact|unclear,forced_choice_gate_only_no_continuous_pose_or_loss
stick,stage1,114,4.708333,keypart_identity_check,/mnt/hdd/AudioHOI/samples_known_object/11_stick/results/benchmark_vlm_qwen/vlm/stage1/evidence/frame00114_keypart_identity_check.png,/mnt/hdd/AudioHOI/samples_known_object/11_stick/results/benchmark_vlm_qwen/vlm/stage1/evidence/frame00114_keypart_identity_check.png,semantic_part_overlay,Which stick part is highlighted?,main_body|contact_region|support_region|tip_regions|grip_bands|background|unclear,mistral_llm_schema_validated,main_body|contact_region|support_region|tip_regions|grip_bands|background|unclear,hand_on_main_body|hand_on_contact_region|body_on_support_region|floor_support|persistent_two_palm_line|no_contact|unclear,forced_choice_gate_only_no_continuous_pose_or_loss
stick,stage1,115,4.750000,keypart_identity_check,/mnt/hdd/AudioHOI/samples_known_object/11_stick/results/benchmark_vlm_qwen/vlm/stage1/evidence/frame00115_keypart_identity_check.png,/mnt/hdd/AudioHOI/samples_known_object/11_stick/results/benchmark_vlm_qwen/vlm/stage1/evidence/frame00115_keypart_identity_check.png,semantic_part_overlay,Which stick part is highlighted?,main_body|contact_region|support_region|tip_regions|grip_bands|background|unclear,mistral_llm_schema_validated,main_body|contact_region|support_region|tip_regions|grip_bands|background|unclear,hand_on_main_body|hand_on_contact_region|body_on_support_region|floor_support|persistent_two_palm_line|no_contact|unclear,forced_choice_gate_only_no_continuous_pose_or_loss
stick,stage1,116,4.791667,keypart_identity_check,/mnt/hdd/AudioHOI/samples_known_object/11_stick/results/benchmark_vlm_qwen/vlm/stage1/evidence/frame00116_keypart_identity_check.png,/mnt/hdd/AudioHOI/samples_known_object/11_stick/results/benchmark_vlm_qwen/vlm/stage1/evidence/frame00116_keypart_identity_check.png,semantic_part_overlay,Which stick part is highlighted?,main_body|contact_region|support_region|tip_regions|grip_bands|background|unclear,mistral_llm_schema_validated,main_body|contact_region|support_region|tip_regions|grip_bands|background|unclear,hand_on_main_body|hand_on_contact_region|body_on_support_region|floor_support|persistent_two_palm_line|no_contact|unclear,forced_choice_gate_only_no_continuous_pose_or_loss
stick,stage1,117,4.833333,keypart_identity_check,/mnt/hdd/AudioHOI/samples_known_object/11_stick/results/benchmark_vlm_qwen/vlm/stage1/evidence/frame00117_keypart_identity_check.png,/mnt/hdd/AudioHOI/samples_known_object/11_stick/results/benchmark_vlm_qwen/vlm/stage1/evidence/frame00117_keypart_identity_check.png,semantic_part_overlay,Which stick part is highlighted?,main_body|contact_region|support_region|tip_regions|grip_bands|background|unclear,mistral_llm_schema_validated,main_body|contact_region|support_region|tip_regions|grip_bands|background|unclear,hand_on_main_body|hand_on_contact_region|body_on_support_region|floor_support|persistent_two_palm_line|no_contact|unclear,forced_choice_gate_only_no_continuous_pose_or_loss
stick,stage1,118,4.875000,keypart_identity_check,/mnt/hdd/AudioHOI/samples_known_object/11_stick/results/benchmark_vlm_qwen/vlm/stage1/evidence/frame00118_keypart_identity_check.png,/mnt/hdd/AudioHOI/samples_known_object/11_stick/results/benchmark_vlm_qwen/vlm/stage1/evidence/frame00118_keypart_identity_check.png,semantic_part_overlay,Which stick part is highlighted?,main_body|contact_region|support_region|tip_regions|grip_bands|background|unclear,mistral_llm_schema_validated,main_body|contact_region|support_region|tip_regions|grip_bands|background|unclear,hand_on_main_body|hand_on_contact_region|body_on_support_region|floor_support|persistent_two_palm_line|no_contact|unclear,forced_choice_gate_only_no_continuous_pose_or_loss
stick,stage1,119,4.916667,keypart_identity_check,/mnt/hdd/AudioHOI/samples_known_object/11_stick/results/benchmark_vlm_qwen/vlm/stage1/evidence/frame00119_keypart_identity_check.png,/mnt/hdd/AudioHOI/samples_known_object/11_stick/results/benchmark_vlm_qwen/vlm/stage1/evidence/frame00119_keypart_identity_check.png,semantic_part_overlay,Which stick part is highlighted?,main_body|contact_region|support_region|tip_regions|grip_bands|background|unclear,mistral_llm_schema_validated,main_body|contact_region|support_region|tip_regions|grip_bands|background|unclear,hand_on_main_body|hand_on_contact_region|body_on_support_region|floor_support|persistent_two_palm_line|no_contact|unclear,forced_choice_gate_only_no_continuous_pose_or_loss
stick,stage1,120,4.958333,keypart_identity_check,/mnt/hdd/AudioHOI/samples_known_object/11_stick/results/benchmark_vlm_qwen/vlm/stage1/evidence/frame00120_keypart_identity_check.png,/mnt/hdd/AudioHOI/samples_known_object/11_stick/results/benchmark_vlm_qwen/vlm/stage1/evidence/frame00120_keypart_identity_check.png,semantic_part_overlay,Which stick part is highlighted?,main_body|contact_region|support_region|tip_regions|grip_bands|background|unclear,mistral_llm_schema_validated,main_body|contact_region|support_region|tip_regions|grip_bands|background|unclear,hand_on_main_body|hand_on_contact_region|body_on_support_region|floor_support|persistent_two_palm_line|no_contact|unclear,forced_choice_gate_only_no_continuous_pose_or_loss
stick,stage1,121,5.000000,keypart_identity_check,/mnt/hdd/AudioHOI/samples_known_object/11_stick/results/benchmark_vlm_qwen/vlm/stage1/evidence/frame00121_keypart_identity_check.png,/mnt/hdd/AudioHOI/samples_known_object/11_stick/results/benchmark_vlm_qwen/vlm/stage1/evidence/frame00121_keypart_identity_check.png,semantic_part_overlay,Which stick part is highlighted?,main_body|contact_region|support_region|tip_regions|grip_bands|background|unclear,mistral_llm_schema_validated,main_body|contact_region|support_region|tip_regions|grip_bands|background|unclear,hand_on_main_body|hand_on_contact_region|body_on_support_region|floor_support|persistent_two_palm_line|no_contact|unclear,forced_choice_gate_only_no_continuous_pose_or_loss
stick,stage1,122,5.041667,keypart_identity_check,/mnt/hdd/AudioHOI/samples_known_object/11_stick/results/benchmark_vlm_qwen/vlm/stage1/evidence/frame00122_keypart_identity_check.png,/mnt/hdd/AudioHOI/samples_known_object/11_stick/results/benchmark_vlm_qwen/vlm/stage1/evidence/frame00122_keypart_identity_check.png,semantic_part_overlay,Which stick part is highlighted?,main_body|contact_region|support_region|tip_regions|grip_bands|background|unclear,mistral_llm_schema_validated,main_body|contact_region|support_region|tip_regions|grip_bands|background|unclear,hand_on_main_body|hand_on_contact_region|body_on_support_region|floor_support|persistent_two_palm_line|no_contact|unclear,forced_choice_gate_only_no_continuous_pose_or_loss
stick,stage1,123,5.083333,keypart_identity_check,/mnt/hdd/AudioHOI/samples_known_object/11_stick/results/benchmark_vlm_qwen/vlm/stage1/evidence/frame00123_keypart_identity_check.png,/mnt/hdd/AudioHOI/samples_known_object/11_stick/results/benchmark_vlm_qwen/vlm/stage1/evidence/frame00123_keypart_identity_check.png,semantic_part_overlay,Which stick part is highlighted?,main_body|contact_region|support_region|tip_regions|grip_bands|background|unclear,mistral_llm_schema_validated,main_body|contact_region|support_region|tip_regions|grip_bands|background|unclear,hand_on_main_body|hand_on_contact_region|body_on_support_region|floor_support|persistent_two_palm_line|no_contact|unclear,forced_choice_gate_only_no_continuous_pose_or_loss
stick,stage1,124,5.125000,keypart_identity_check,/mnt/hdd/AudioHOI/samples_known_object/11_stick/results/benchmark_vlm_qwen/vlm/stage1/evidence/frame00124_keypart_identity_check.png,/mnt/hdd/AudioHOI/samples_known_object/11_stick/results/benchmark_vlm_qwen/vlm/stage1/evidence/frame00124_keypart_identity_check.png,semantic_part_overlay,Which stick part is highlighted?,main_body|contact_region|support_region|tip_regions|grip_bands|background|unclear,mistral_llm_schema_validated,main_body|contact_region|support_region|tip_regions|grip_bands|background|unclear,hand_on_main_body|hand_on_contact_region|body_on_support_region|floor_support|persistent_two_palm_line|no_contact|unclear,forced_choice_gate_only_no_continuous_pose_or_loss
stick,stage1,125,5.166667,keypart_identity_check,/mnt/hdd/AudioHOI/samples_known_object/11_stick/results/benchmark_vlm_qwen/vlm/stage1/evidence/frame00125_keypart_identity_check.png,/mnt/hdd/AudioHOI/samples_known_object/11_stick/results/benchmark_vlm_qwen/vlm/stage1/evidence/frame00125_keypart_identity_check.png,semantic_part_overlay,Which stick part is highlighted?,main_body|contact_region|support_region|tip_regions|grip_bands|background|unclear,mistral_llm_schema_validated,main_body|contact_region|support_region|tip_regions|grip_bands|background|unclear,hand_on_main_body|hand_on_contact_region|body_on_support_region|floor_support|persistent_two_palm_line|no_contact|unclear,forced_choice_gate_only_no_continuous_pose_or_loss
stick,stage1,126,5.208333,keypart_identity_check,/mnt/hdd/AudioHOI/samples_known_object/11_stick/results/benchmark_vlm_qwen/vlm/stage1/evidence/frame00126_keypart_identity_check.png,/mnt/hdd/AudioHOI/samples_known_object/11_stick/results/benchmark_vlm_qwen/vlm/stage1/evidence/frame00126_keypart_identity_check.png,semantic_part_overlay,Which stick part is highlighted?,main_body|contact_region|support_region|tip_regions|grip_bands|background|unclear,mistral_llm_schema_validated,main_body|contact_region|support_region|tip_regions|grip_bands|background|unclear,hand_on_main_body|hand_on_contact_region|body_on_support_region|floor_support|persistent_two_palm_line|no_contact|unclear,forced_choice_gate_only_no_continuous_pose_or_loss
stick,stage1,127,5.250000,keypart_identity_check,/mnt/hdd/AudioHOI/samples_known_object/11_stick/results/benchmark_vlm_qwen/vlm/stage1/evidence/frame00127_keypart_identity_check.png,/mnt/hdd/AudioHOI/samples_known_object/11_stick/results/benchmark_vlm_qwen/vlm/stage1/evidence/frame00127_keypart_identity_check.png,semantic_part_overlay,Which stick part is highlighted?,main_body|contact_region|support_region|tip_regions|grip_bands|background|unclear,mistral_llm_schema_validated,main_body|contact_region|support_region|tip_regions|grip_bands|background|unclear,hand_on_main_body|hand_on_contact_region|body_on_support_region|floor_support|persistent_two_palm_line|no_contact|unclear,forced_choice_gate_only_no_continuous_pose_or_loss
stick,stage1,128,5.291667,keypart_identity_check,/mnt/hdd/AudioHOI/samples_known_object/11_stick/results/benchmark_vlm_qwen/vlm/stage1/evidence/frame00128_keypart_identity_check.png,/mnt/hdd/AudioHOI/samples_known_object/11_stick/results/benchmark_vlm_qwen/vlm/stage1/evidence/frame00128_keypart_identity_check.png,semantic_part_overlay,Which stick part is highlighted?,main_body|contact_region|support_region|tip_regions|grip_bands|background|unclear,mistral_llm_schema_validated,main_body|contact_region|support_region|tip_regions|grip_bands|background|unclear,hand_on_main_body|hand_on_contact_region|body_on_support_region|floor_support|persistent_two_palm_line|no_contact|unclear,forced_choice_gate_only_no_continuous_pose_or_loss
stick,stage1,129,5.333333,keypart_identity_check,/mnt/hdd/AudioHOI/samples_known_object/11_stick/results/benchmark_vlm_qwen/vlm/stage1/evidence/frame00129_keypart_identity_check.png,/mnt/hdd/AudioHOI/samples_known_object/11_stick/results/benchmark_vlm_qwen/vlm/stage1/evidence/frame00129_keypart_identity_check.png,semantic_part_overlay,Which stick part is highlighted?,main_body|contact_region|support_region|tip_regions|grip_bands|background|unclear,mistral_llm_schema_validated,main_body|contact_region|support_region|tip_regions|grip_bands|background|unclear,hand_on_main_body|hand_on_contact_region|body_on_support_region|floor_support|persistent_two_palm_line|no_contact|unclear,forced_choice_gate_only_no_continuous_pose_or_loss
stick,stage1,130,5.375000,keypart_identity_check,/mnt/hdd/AudioHOI/samples_known_object/11_stick/results/benchmark_vlm_qwen/vlm/stage1/evidence/frame00130_keypart_identity_check.png,/mnt/hdd/AudioHOI/samples_known_object/11_stick/results/benchmark_vlm_qwen/vlm/stage1/evidence/frame00130_keypart_identity_check.png,semantic_part_overlay,Which stick part is highlighted?,main_body|contact_region|support_region|tip_regions|grip_bands|background|unclear,mistral_llm_schema_validated,main_body|contact_region|support_region|tip_regions|grip_bands|background|unclear,hand_on_main_body|hand_on_contact_region|body_on_support_region|floor_support|persistent_two_palm_line|no_contact|unclear,forced_choice_gate_only_no_continuous_pose_or_loss
stick,stage1,131,5.416667,keypart_identity_check,/mnt/hdd/AudioHOI/samples_known_object/11_stick/results/benchmark_vlm_qwen/vlm/stage1/evidence/frame00131_keypart_identity_check.png,/mnt/hdd/AudioHOI/samples_known_object/11_stick/results/benchmark_vlm_qwen/vlm/stage1/evidence/frame00131_keypart_identity_check.png,semantic_part_overlay,Which stick part is highlighted?,main_body|contact_region|support_region|tip_regions|grip_bands|background|unclear,mistral_llm_schema_validated,main_body|contact_region|support_region|tip_regions|grip_bands|background|unclear,hand_on_main_body|hand_on_contact_region|body_on_support_region|floor_support|persistent_two_palm_line|no_contact|unclear,forced_choice_gate_only_no_continuous_pose_or_loss
stick,stage1,132,5.458333,keypart_identity_check,/mnt/hdd/AudioHOI/samples_known_object/11_stick/results/benchmark_vlm_qwen/vlm/stage1/evidence/frame00132_keypart_identity_check.png,/mnt/hdd/AudioHOI/samples_known_object/11_stick/results/benchmark_vlm_qwen/vlm/stage1/evidence/frame00132_keypart_identity_check.png,semantic_part_overlay,Which stick part is highlighted?,main_body|contact_region|support_region|tip_regions|grip_bands|background|unclear,mistral_llm_schema_validated,main_body|contact_region|support_region|tip_regions|grip_bands|background|unclear,hand_on_main_body|hand_on_contact_region|body_on_support_region|floor_support|persistent_two_palm_line|no_contact|unclear,forced_choice_gate_only_no_continuous_pose_or_loss
stick,stage1,133,5.500000,keypart_identity_check,/mnt/hdd/AudioHOI/samples_known_object/11_stick/results/benchmark_vlm_qwen/vlm/stage1/evidence/frame00133_keypart_identity_check.png,/mnt/hdd/AudioHOI/samples_known_object/11_stick/results/benchmark_vlm_qwen/vlm/stage1/evidence/frame00133_keypart_identity_check.png,semantic_part_overlay,Which stick part is highlighted?,main_body|contact_region|support_region|tip_regions|grip_bands|background|unclear,mistral_llm_schema_validated,main_body|contact_region|support_region|tip_regions|grip_bands|background|unclear,hand_on_main_body|hand_on_contact_region|body_on_support_region|floor_support|persistent_two_palm_line|no_contact|unclear,forced_choice_gate_only_no_continuous_pose_or_loss
stick,stage1,134,5.541667,keypart_identity_check,/mnt/hdd/AudioHOI/samples_known_object/11_stick/results/benchmark_vlm_qwen/vlm/stage1/evidence/frame00134_keypart_identity_check.png,/mnt/hdd/AudioHOI/samples_known_object/11_stick/results/benchmark_vlm_qwen/vlm/stage1/evidence/frame00134_keypart_identity_check.png,semantic_part_overlay,Which stick part is highlighted?,main_body|contact_region|support_region|tip_regions|grip_bands|background|unclear,mistral_llm_schema_validated,main_body|contact_region|support_region|tip_regions|grip_bands|background|unclear,hand_on_main_body|hand_on_contact_region|body_on_support_region|floor_support|persistent_two_palm_line|no_contact|unclear,forced_choice_gate_only_no_continuous_pose_or_loss
stick,stage1,135,5.583333,keypart_identity_check,/mnt/hdd/AudioHOI/samples_known_object/11_stick/results/benchmark_vlm_qwen/vlm/stage1/evidence/frame00135_keypart_identity_check.png,/mnt/hdd/AudioHOI/samples_known_object/11_stick/results/benchmark_vlm_qwen/vlm/stage1/evidence/frame00135_keypart_identity_check.png,semantic_part_overlay,Which stick part is highlighted?,main_body|contact_region|support_region|tip_regions|grip_bands|background|unclear,mistral_llm_schema_validated,main_body|contact_region|support_region|tip_regions|grip_bands|background|unclear,hand_on_main_body|hand_on_contact_region|body_on_support_region|floor_support|persistent_two_palm_line|no_contact|unclear,forced_choice_gate_only_no_continuous_pose_or_loss
stick,stage1,136,5.625000,keypart_identity_check,/mnt/hdd/AudioHOI/samples_known_object/11_stick/results/benchmark_vlm_qwen/vlm/stage1/evidence/frame00136_keypart_identity_check.png,/mnt/hdd/AudioHOI/samples_known_object/11_stick/results/benchmark_vlm_qwen/vlm/stage1/evidence/frame00136_keypart_identity_check.png,semantic_part_overlay,Which stick part is highlighted?,main_body|contact_region|support_region|tip_regions|grip_bands|background|unclear,mistral_llm_schema_validated,main_body|contact_region|support_region|tip_regions|grip_bands|background|unclear,hand_on_main_body|hand_on_contact_region|body_on_support_region|floor_support|persistent_two_palm_line|no_contact|unclear,forced_choice_gate_only_no_continuous_pose_or_loss
stick,stage1,137,5.666667,keypart_identity_check,/mnt/hdd/AudioHOI/samples_known_object/11_stick/results/benchmark_vlm_qwen/vlm/stage1/evidence/frame00137_keypart_identity_check.png,/mnt/hdd/AudioHOI/samples_known_object/11_stick/results/benchmark_vlm_qwen/vlm/stage1/evidence/frame00137_keypart_identity_check.png,semantic_part_overlay,Which stick part is highlighted?,main_body|contact_region|support_region|tip_regions|grip_bands|background|unclear,mistral_llm_schema_validated,main_body|contact_region|support_region|tip_regions|grip_bands|background|unclear,hand_on_main_body|hand_on_contact_region|body_on_support_region|floor_support|persistent_two_palm_line|no_contact|unclear,forced_choice_gate_only_no_continuous_pose_or_loss
stick,stage1,138,5.708333,keypart_identity_check,/mnt/hdd/AudioHOI/samples_known_object/11_stick/results/benchmark_vlm_qwen/vlm/stage1/evidence/frame00138_keypart_identity_check.png,/mnt/hdd/AudioHOI/samples_known_object/11_stick/results/benchmark_vlm_qwen/vlm/stage1/evidence/frame00138_keypart_identity_check.png,semantic_part_overlay,Which stick part is highlighted?,main_body|contact_region|support_region|tip_regions|grip_bands|background|unclear,mistral_llm_schema_validated,main_body|contact_region|support_region|tip_regions|grip_bands|background|unclear,hand_on_main_body|hand_on_contact_region|body_on_support_region|floor_support|persistent_two_palm_line|no_contact|unclear,forced_choice_gate_only_no_continuous_pose_or_loss
stick,stage1,139,5.750000,keypart_identity_check,/mnt/hdd/AudioHOI/samples_known_object/11_stick/results/benchmark_vlm_qwen/vlm/stage1/evidence/frame00139_keypart_identity_check.png,/mnt/hdd/AudioHOI/samples_known_object/11_stick/results/benchmark_vlm_qwen/vlm/stage1/evidence/frame00139_keypart_identity_check.png,semantic_part_overlay,Which stick part is highlighted?,main_body|contact_region|support_region|tip_regions|grip_bands|background|unclear,mistral_llm_schema_validated,main_body|contact_region|support_region|tip_regions|grip_bands|background|unclear,hand_on_main_body|hand_on_contact_region|body_on_support_region|floor_support|persistent_two_palm_line|no_contact|unclear,forced_choice_gate_only_no_continuous_pose_or_loss
stick,stage1,140,5.791667,keypart_identity_check,/mnt/hdd/AudioHOI/samples_known_object/11_stick/results/benchmark_vlm_qwen/vlm/stage1/evidence/frame00140_keypart_identity_check.png,/mnt/hdd/AudioHOI/samples_known_object/11_stick/results/benchmark_vlm_qwen/vlm/stage1/evidence/frame00140_keypart_identity_check.png,semantic_part_overlay,Which stick part is highlighted?,main_body|contact_region|support_region|tip_regions|grip_bands|background|unclear,mistral_llm_schema_validated,main_body|contact_region|support_region|tip_regions|grip_bands|background|unclear,hand_on_main_body|hand_on_contact_region|body_on_support_region|floor_support|persistent_two_palm_line|no_contact|unclear,forced_choice_gate_only_no_continuous_pose_or_loss
stick,stage1,141,5.833333,keypart_identity_check,/mnt/hdd/AudioHOI/samples_known_object/11_stick/results/benchmark_vlm_qwen/vlm/stage1/evidence/frame00141_keypart_identity_check.png,/mnt/hdd/AudioHOI/samples_known_object/11_stick/results/benchmark_vlm_qwen/vlm/stage1/evidence/frame00141_keypart_identity_check.png,semantic_part_overlay,Which stick part is highlighted?,main_body|contact_region|support_region|tip_regions|grip_bands|background|unclear,mistral_llm_schema_validated,main_body|contact_region|support_region|tip_regions|grip_bands|background|unclear,hand_on_main_body|hand_on_contact_region|body_on_support_region|floor_support|persistent_two_palm_line|no_contact|unclear,forced_choice_gate_only_no_continuous_pose_or_loss
stick,stage1,142,5.875000,keypart_identity_check,/mnt/hdd/AudioHOI/samples_known_object/11_stick/results/benchmark_vlm_qwen/vlm/stage1/evidence/frame00142_keypart_identity_check.png,/mnt/hdd/AudioHOI/samples_known_object/11_stick/results/benchmark_vlm_qwen/vlm/stage1/evidence/frame00142_keypart_identity_check.png,semantic_part_overlay,Which stick part is highlighted?,main_body|contact_region|support_region|tip_regions|grip_bands|background|unclear,mistral_llm_schema_validated,main_body|contact_region|support_region|tip_regions|grip_bands|background|unclear,hand_on_main_body|hand_on_contact_region|body_on_support_region|floor_support|persistent_two_palm_line|no_contact|unclear,forced_choice_gate_only_no_continuous_pose_or_loss
stick,stage1,143,5.916667,keypart_identity_check,/mnt/hdd/AudioHOI/samples_known_object/11_stick/results/benchmark_vlm_qwen/vlm/stage1/evidence/frame00143_keypart_identity_check.png,/mnt/hdd/AudioHOI/samples_known_object/11_stick/results/benchmark_vlm_qwen/vlm/stage1/evidence/frame00143_keypart_identity_check.png,semantic_part_overlay,Which stick part is highlighted?,main_body|contact_region|support_region|tip_regions|grip_bands|background|unclear,mistral_llm_schema_validated,main_body|contact_region|support_region|tip_regions|grip_bands|background|unclear,hand_on_main_body|hand_on_contact_region|body_on_support_region|floor_support|persistent_two_palm_line|no_contact|unclear,forced_choice_gate_only_no_continuous_pose_or_loss
stick,stage1,144,5.958333,keypart_identity_check,/mnt/hdd/AudioHOI/samples_known_object/11_stick/results/benchmark_vlm_qwen/vlm/stage1/evidence/frame00144_keypart_identity_check.png,/mnt/hdd/AudioHOI/samples_known_object/11_stick/results/benchmark_vlm_qwen/vlm/stage1/evidence/frame00144_keypart_identity_check.png,semantic_part_overlay,Which stick part is highlighted?,main_body|contact_region|support_region|tip_regions|grip_bands|background|unclear,mistral_llm_schema_validated,main_body|contact_region|support_region|tip_regions|grip_bands|background|unclear,hand_on_main_body|hand_on_contact_region|body_on_support_region|floor_support|persistent_two_palm_line|no_contact|unclear,forced_choice_gate_only_no_continuous_pose_or_loss
stick,stage1,145,6.000000,keypart_identity_check,/mnt/hdd/AudioHOI/samples_known_object/11_stick/results/benchmark_vlm_qwen/vlm/stage1/evidence/frame00145_keypart_identity_check.png,/mnt/hdd/AudioHOI/samples_known_object/11_stick/results/benchmark_vlm_qwen/vlm/stage1/evidence/frame00145_keypart_identity_check.png,semantic_part_overlay,Which stick part is highlighted?,main_body|contact_region|support_region|tip_regions|grip_bands|background|unclear,mistral_llm_schema_validated,main_body|contact_region|support_region|tip_regions|grip_bands|background|unclear,hand_on_main_body|hand_on_contact_region|body_on_support_region|floor_support|persistent_two_palm_line|no_contact|unclear,forced_choice_gate_only_no_continuous_pose_or_loss
stick,stage1,146,6.041667,keypart_identity_check,/mnt/hdd/AudioHOI/samples_known_object/11_stick/results/benchmark_vlm_qwen/vlm/stage1/evidence/frame00146_keypart_identity_check.png,/mnt/hdd/AudioHOI/samples_known_object/11_stick/results/benchmark_vlm_qwen/vlm/stage1/evidence/frame00146_keypart_identity_check.png,semantic_part_overlay,Which stick part is highlighted?,main_body|contact_region|support_region|tip_regions|grip_bands|background|unclear,mistral_llm_schema_validated,main_body|contact_region|support_region|tip_regions|grip_bands|background|unclear,hand_on_main_body|hand_on_contact_region|body_on_support_region|floor_support|persistent_two_palm_line|no_contact|unclear,forced_choice_gate_only_no_continuous_pose_or_loss
stick,stage1,147,6.083333,keypart_identity_check,/mnt/hdd/AudioHOI/samples_known_object/11_stick/results/benchmark_vlm_qwen/vlm/stage1/evidence/frame00147_keypart_identity_check.png,/mnt/hdd/AudioHOI/samples_known_object/11_stick/results/benchmark_vlm_qwen/vlm/stage1/evidence/frame00147_keypart_identity_check.png,semantic_part_overlay,Which stick part is highlighted?,main_body|contact_region|support_region|tip_regions|grip_bands|background|unclear,mistral_llm_schema_validated,main_body|contact_region|support_region|tip_regions|grip_bands|background|unclear,hand_on_main_body|hand_on_contact_region|body_on_support_region|floor_support|persistent_two_palm_line|no_contact|unclear,forced_choice_gate_only_no_continuous_pose_or_loss
stick,stage1,148,6.125000,keypart_identity_check,/mnt/hdd/AudioHOI/samples_known_object/11_stick/results/benchmark_vlm_qwen/vlm/stage1/evidence/frame00148_keypart_identity_check.png,/mnt/hdd/AudioHOI/samples_known_object/11_stick/results/benchmark_vlm_qwen/vlm/stage1/evidence/frame00148_keypart_identity_check.png,semantic_part_overlay,Which stick part is highlighted?,main_body|contact_region|support_region|tip_regions|grip_bands|background|unclear,mistral_llm_schema_validated,main_body|contact_region|support_region|tip_regions|grip_bands|background|unclear,hand_on_main_body|hand_on_contact_region|body_on_support_region|floor_support|persistent_two_palm_line|no_contact|unclear,forced_choice_gate_only_no_continuous_pose_or_loss
stick,stage1,149,6.166667,keypart_identity_check,/mnt/hdd/AudioHOI/samples_known_object/11_stick/results/benchmark_vlm_qwen/vlm/stage1/evidence/frame00149_keypart_identity_check.png,/mnt/hdd/AudioHOI/samples_known_object/11_stick/results/benchmark_vlm_qwen/vlm/stage1/evidence/frame00149_keypart_identity_check.png,semantic_part_overlay,Which stick part is highlighted?,main_body|contact_region|support_region|tip_regions|grip_bands|background|unclear,mistral_llm_schema_validated,main_body|contact_region|support_region|tip_regions|grip_bands|background|unclear,hand_on_main_body|hand_on_contact_region|body_on_support_region|floor_support|persistent_two_palm_line|no_contact|unclear,forced_choice_gate_only_no_continuous_pose_or_loss
stick,stage1,150,6.208333,keypart_identity_check,/mnt/hdd/AudioHOI/samples_known_object/11_stick/results/benchmark_vlm_qwen/vlm/stage1/evidence/frame00150_keypart_identity_check.png,/mnt/hdd/AudioHOI/samples_known_object/11_stick/results/benchmark_vlm_qwen/vlm/stage1/evidence/frame00150_keypart_identity_check.png,semantic_part_overlay,Which stick part is highlighted?,main_body|contact_region|support_region|tip_regions|grip_bands|background|unclear,mistral_llm_schema_validated,main_body|contact_region|support_region|tip_regions|grip_bands|background|unclear,hand_on_main_body|hand_on_contact_region|body_on_support_region|floor_support|persistent_two_palm_line|no_contact|unclear,forced_choice_gate_only_no_continuous_pose_or_loss
stick,stage1,151,6.250000,keypart_identity_check,/mnt/hdd/AudioHOI/samples_known_object/11_stick/results/benchmark_vlm_qwen/vlm/stage1/evidence/frame00151_keypart_identity_check.png,/mnt/hdd/AudioHOI/samples_known_object/11_stick/results/benchmark_vlm_qwen/vlm/stage1/evidence/frame00151_keypart_identity_check.png,semantic_part_overlay,Which stick part is highlighted?,main_body|contact_region|support_region|tip_regions|grip_bands|background|unclear,mistral_llm_schema_validated,main_body|contact_region|support_region|tip_regions|grip_bands|background|unclear,hand_on_main_body|hand_on_contact_region|body_on_support_region|floor_support|persistent_two_palm_line|no_contact|unclear,forced_choice_gate_only_no_continuous_pose_or_loss
stick,stage1,152,6.291667,keypart_identity_check,/mnt/hdd/AudioHOI/samples_known_object/11_stick/results/benchmark_vlm_qwen/vlm/stage1/evidence/frame00152_keypart_identity_check.png,/mnt/hdd/AudioHOI/samples_known_object/11_stick/results/benchmark_vlm_qwen/vlm/stage1/evidence/frame00152_keypart_identity_check.png,semantic_part_overlay,Which stick part is highlighted?,main_body|contact_region|support_region|tip_regions|grip_bands|background|unclear,mistral_llm_schema_validated,main_body|contact_region|support_region|tip_regions|grip_bands|background|unclear,hand_on_main_body|hand_on_contact_region|body_on_support_region|floor_support|persistent_two_palm_line|no_contact|unclear,forced_choice_gate_only_no_continuous_pose_or_loss
stick,stage1,153,6.333333,keypart_identity_check,/mnt/hdd/AudioHOI/samples_known_object/11_stick/results/benchmark_vlm_qwen/vlm/stage1/evidence/frame00153_keypart_identity_check.png,/mnt/hdd/AudioHOI/samples_known_object/11_stick/results/benchmark_vlm_qwen/vlm/stage1/evidence/frame00153_keypart_identity_check.png,semantic_part_overlay,Which stick part is highlighted?,main_body|contact_region|support_region|tip_regions|grip_bands|background|unclear,mistral_llm_schema_validated,main_body|contact_region|support_region|tip_regions|grip_bands|background|unclear,hand_on_main_body|hand_on_contact_region|body_on_support_region|floor_support|persistent_two_palm_line|no_contact|unclear,forced_choice_gate_only_no_continuous_pose_or_loss
stick,stage1,154,6.375000,keypart_identity_check,/mnt/hdd/AudioHOI/samples_known_object/11_stick/results/benchmark_vlm_qwen/vlm/stage1/evidence/frame00154_keypart_identity_check.png,/mnt/hdd/AudioHOI/samples_known_object/11_stick/results/benchmark_vlm_qwen/vlm/stage1/evidence/frame00154_keypart_identity_check.png,semantic_part_overlay,Which stick part is highlighted?,main_body|contact_region|support_region|tip_regions|grip_bands|background|unclear,mistral_llm_schema_validated,main_body|contact_region|support_region|tip_regions|grip_bands|background|unclear,hand_on_main_body|hand_on_contact_region|body_on_support_region|floor_support|persistent_two_palm_line|no_contact|unclear,forced_choice_gate_only_no_continuous_pose_or_loss
stick,stage1,155,6.416667,keypart_identity_check,/mnt/hdd/AudioHOI/samples_known_object/11_stick/results/benchmark_vlm_qwen/vlm/stage1/evidence/frame00155_keypart_identity_check.png,/mnt/hdd/AudioHOI/samples_known_object/11_stick/results/benchmark_vlm_qwen/vlm/stage1/evidence/frame00155_keypart_identity_check.png,semantic_part_overlay,Which stick part is highlighted?,main_body|contact_region|support_region|tip_regions|grip_bands|background|unclear,mistral_llm_schema_validated,main_body|contact_region|support_region|tip_regions|grip_bands|background|unclear,hand_on_main_body|hand_on_contact_region|body_on_support_region|floor_support|persistent_two_palm_line|no_contact|unclear,forced_choice_gate_only_no_continuous_pose_or_loss
stick,stage1,156,6.458333,keypart_identity_check,/mnt/hdd/AudioHOI/samples_known_object/11_stick/results/benchmark_vlm_qwen/vlm/stage1/evidence/frame00156_keypart_identity_check.png,/mnt/hdd/AudioHOI/samples_known_object/11_stick/results/benchmark_vlm_qwen/vlm/stage1/evidence/frame00156_keypart_identity_check.png,semantic_part_overlay,Which stick part is highlighted?,main_body|contact_region|support_region|tip_regions|grip_bands|background|unclear,mistral_llm_schema_validated,main_body|contact_region|support_region|tip_regions|grip_bands|background|unclear,hand_on_main_body|hand_on_contact_region|body_on_support_region|floor_support|persistent_two_palm_line|no_contact|unclear,forced_choice_gate_only_no_continuous_pose_or_loss
stick,stage1,157,6.500000,keypart_identity_check,/mnt/hdd/AudioHOI/samples_known_object/11_stick/results/benchmark_vlm_qwen/vlm/stage1/evidence/frame00157_keypart_identity_check.png,/mnt/hdd/AudioHOI/samples_known_object/11_stick/results/benchmark_vlm_qwen/vlm/stage1/evidence/frame00157_keypart_identity_check.png,semantic_part_overlay,Which stick part is highlighted?,main_body|contact_region|support_region|tip_regions|grip_bands|background|unclear,mistral_llm_schema_validated,main_body|contact_region|support_region|tip_regions|grip_bands|background|unclear,hand_on_main_body|hand_on_contact_region|body_on_support_region|floor_support|persistent_two_palm_line|no_contact|unclear,forced_choice_gate_only_no_continuous_pose_or_loss
stick,stage1,158,6.541667,keypart_identity_check,/mnt/hdd/AudioHOI/samples_known_object/11_stick/results/benchmark_vlm_qwen/vlm/stage1/evidence/frame00158_keypart_identity_check.png,/mnt/hdd/AudioHOI/samples_known_object/11_stick/results/benchmark_vlm_qwen/vlm/stage1/evidence/frame00158_keypart_identity_check.png,semantic_part_overlay,Which stick part is highlighted?,main_body|contact_region|support_region|tip_regions|grip_bands|background|unclear,mistral_llm_schema_validated,main_body|contact_region|support_region|tip_regions|grip_bands|background|unclear,hand_on_main_body|hand_on_contact_region|body_on_support_region|floor_support|persistent_two_palm_line|no_contact|unclear,forced_choice_gate_only_no_continuous_pose_or_loss
stick,stage1,159,6.583333,keypart_identity_check,/mnt/hdd/AudioHOI/samples_known_object/11_stick/results/benchmark_vlm_qwen/vlm/stage1/evidence/frame00159_keypart_identity_check.png,/mnt/hdd/AudioHOI/samples_known_object/11_stick/results/benchmark_vlm_qwen/vlm/stage1/evidence/frame00159_keypart_identity_check.png,semantic_part_overlay,Which stick part is highlighted?,main_body|contact_region|support_region|tip_regions|grip_bands|background|unclear,mistral_llm_schema_validated,main_body|contact_region|support_region|tip_regions|grip_bands|background|unclear,hand_on_main_body|hand_on_contact_region|body_on_support_region|floor_support|persistent_two_palm_line|no_contact|unclear,forced_choice_gate_only_no_continuous_pose_or_loss
stick,stage1,160,6.625000,keypart_identity_check,/mnt/hdd/AudioHOI/samples_known_object/11_stick/results/benchmark_vlm_qwen/vlm/stage1/evidence/frame00160_keypart_identity_check.png,/mnt/hdd/AudioHOI/samples_known_object/11_stick/results/benchmark_vlm_qwen/vlm/stage1/evidence/frame00160_keypart_identity_check.png,semantic_part_overlay,Which stick part is highlighted?,main_body|contact_region|support_region|tip_regions|grip_bands|background|unclear,mistral_llm_schema_validated,main_body|contact_region|support_region|tip_regions|grip_bands|background|unclear,hand_on_main_body|hand_on_contact_region|body_on_support_region|floor_support|persistent_two_palm_line|no_contact|unclear,forced_choice_gate_only_no_continuous_pose_or_loss
stick,stage1,161,6.666667,keypart_identity_check,/mnt/hdd/AudioHOI/samples_known_object/11_stick/results/benchmark_vlm_qwen/vlm/stage1/evidence/frame00161_keypart_identity_check.png,/mnt/hdd/AudioHOI/samples_known_object/11_stick/results/benchmark_vlm_qwen/vlm/stage1/evidence/frame00161_keypart_identity_check.png,semantic_part_overlay,Which stick part is highlighted?,main_body|contact_region|support_region|tip_regions|grip_bands|background|unclear,mistral_llm_schema_validated,main_body|contact_region|support_region|tip_regions|grip_bands|background|unclear,hand_on_main_body|hand_on_contact_region|body_on_support_region|floor_support|persistent_two_palm_line|no_contact|unclear,forced_choice_gate_only_no_continuous_pose_or_loss
stick,stage1,162,6.708333,keypart_identity_check,/mnt/hdd/AudioHOI/samples_known_object/11_stick/results/benchmark_vlm_qwen/vlm/stage1/evidence/frame00162_keypart_identity_check.png,/mnt/hdd/AudioHOI/samples_known_object/11_stick/results/benchmark_vlm_qwen/vlm/stage1/evidence/frame00162_keypart_identity_check.png,semantic_part_overlay,Which stick part is highlighted?,main_body|contact_region|support_region|tip_regions|grip_bands|background|unclear,mistral_llm_schema_validated,main_body|contact_region|support_region|tip_regions|grip_bands|background|unclear,hand_on_main_body|hand_on_contact_region|body_on_support_region|floor_support|persistent_two_palm_line|no_contact|unclear,forced_choice_gate_only_no_continuous_pose_or_loss
stick,stage1,163,6.750000,keypart_identity_check,/mnt/hdd/AudioHOI/samples_known_object/11_stick/results/benchmark_vlm_qwen/vlm/stage1/evidence/frame00163_keypart_identity_check.png,/mnt/hdd/AudioHOI/samples_known_object/11_stick/results/benchmark_vlm_qwen/vlm/stage1/evidence/frame00163_keypart_identity_check.png,semantic_part_overlay,Which stick part is highlighted?,main_body|contact_region|support_region|tip_regions|grip_bands|background|unclear,mistral_llm_schema_validated,main_body|contact_region|support_region|tip_regions|grip_bands|background|unclear,hand_on_main_body|hand_on_contact_region|body_on_support_region|floor_support|persistent_two_palm_line|no_contact|unclear,forced_choice_gate_only_no_continuous_pose_or_loss
stick,stage1,164,6.791667,keypart_identity_check,/mnt/hdd/AudioHOI/samples_known_object/11_stick/results/benchmark_vlm_qwen/vlm/stage1/evidence/frame00164_keypart_identity_check.png,/mnt/hdd/AudioHOI/samples_known_object/11_stick/results/benchmark_vlm_qwen/vlm/stage1/evidence/frame00164_keypart_identity_check.png,semantic_part_overlay,Which stick part is highlighted?,main_body|contact_region|support_region|tip_regions|grip_bands|background|unclear,mistral_llm_schema_validated,main_body|contact_region|support_region|tip_regions|grip_bands|background|unclear,hand_on_main_body|hand_on_contact_region|body_on_support_region|floor_support|persistent_two_palm_line|no_contact|unclear,forced_choice_gate_only_no_continuous_pose_or_loss
stick,stage1,165,6.833333,keypart_identity_check,/mnt/hdd/AudioHOI/samples_known_object/11_stick/results/benchmark_vlm_qwen/vlm/stage1/evidence/frame00165_keypart_identity_check.png,/mnt/hdd/AudioHOI/samples_known_object/11_stick/results/benchmark_vlm_qwen/vlm/stage1/evidence/frame00165_keypart_identity_check.png,semantic_part_overlay,Which stick part is highlighted?,main_body|contact_region|support_region|tip_regions|grip_bands|background|unclear,mistral_llm_schema_validated,main_body|contact_region|support_region|tip_regions|grip_bands|background|unclear,hand_on_main_body|hand_on_contact_region|body_on_support_region|floor_support|persistent_two_palm_line|no_contact|unclear,forced_choice_gate_only_no_continuous_pose_or_loss
stick,stage1,166,6.875000,keypart_identity_check,/mnt/hdd/AudioHOI/samples_known_object/11_stick/results/benchmark_vlm_qwen/vlm/stage1/evidence/frame00166_keypart_identity_check.png,/mnt/hdd/AudioHOI/samples_known_object/11_stick/results/benchmark_vlm_qwen/vlm/stage1/evidence/frame00166_keypart_identity_check.png,semantic_part_overlay,Which stick part is highlighted?,main_body|contact_region|support_region|tip_regions|grip_bands|background|unclear,mistral_llm_schema_validated,main_body|contact_region|support_region|tip_regions|grip_bands|background|unclear,hand_on_main_body|hand_on_contact_region|body_on_support_region|floor_support|persistent_two_palm_line|no_contact|unclear,forced_choice_gate_only_no_continuous_pose_or_loss
stick,stage1,167,6.916667,keypart_identity_check,/mnt/hdd/AudioHOI/samples_known_object/11_stick/results/benchmark_vlm_qwen/vlm/stage1/evidence/frame00167_keypart_identity_check.png,/mnt/hdd/AudioHOI/samples_known_object/11_stick/results/benchmark_vlm_qwen/vlm/stage1/evidence/frame00167_keypart_identity_check.png,semantic_part_overlay,Which stick part is highlighted?,main_body|contact_region|support_region|tip_regions|grip_bands|background|unclear,mistral_llm_schema_validated,main_body|contact_region|support_region|tip_regions|grip_bands|background|unclear,hand_on_main_body|hand_on_contact_region|body_on_support_region|floor_support|persistent_two_palm_line|no_contact|unclear,forced_choice_gate_only_no_continuous_pose_or_loss
stick,stage1,168,6.958333,keypart_identity_check,/mnt/hdd/AudioHOI/samples_known_object/11_stick/results/benchmark_vlm_qwen/vlm/stage1/evidence/frame00168_keypart_identity_check.png,/mnt/hdd/AudioHOI/samples_known_object/11_stick/results/benchmark_vlm_qwen/vlm/stage1/evidence/frame00168_keypart_identity_check.png,semantic_part_overlay,Which stick part is highlighted?,main_body|contact_region|support_region|tip_regions|grip_bands|background|unclear,mistral_llm_schema_validated,main_body|contact_region|support_region|tip_regions|grip_bands|background|unclear,hand_on_main_body|hand_on_contact_region|body_on_support_region|floor_support|persistent_two_palm_line|no_contact|unclear,forced_choice_gate_only_no_continuous_pose_or_loss
stick,stage1,169,7.000000,keypart_identity_check,/mnt/hdd/AudioHOI/samples_known_object/11_stick/results/benchmark_vlm_qwen/vlm/stage1/evidence/frame00169_keypart_identity_check.png,/mnt/hdd/AudioHOI/samples_known_object/11_stick/results/benchmark_vlm_qwen/vlm/stage1/evidence/frame00169_keypart_identity_check.png,semantic_part_overlay,Which stick part is highlighted?,main_body|contact_region|support_region|tip_regions|grip_bands|background|unclear,mistral_llm_schema_validated,main_body|contact_region|support_region|tip_regions|grip_bands|background|unclear,hand_on_main_body|hand_on_contact_region|body_on_support_region|floor_support|persistent_two_palm_line|no_contact|unclear,forced_choice_gate_only_no_continuous_pose_or_loss
stick,stage1,170,7.041667,keypart_identity_check,/mnt/hdd/AudioHOI/samples_known_object/11_stick/results/benchmark_vlm_qwen/vlm/stage1/evidence/frame00170_keypart_identity_check.png,/mnt/hdd/AudioHOI/samples_known_object/11_stick/results/benchmark_vlm_qwen/vlm/stage1/evidence/frame00170_keypart_identity_check.png,semantic_part_overlay,Which stick part is highlighted?,main_body|contact_region|support_region|tip_regions|grip_bands|background|unclear,mistral_llm_schema_validated,main_body|contact_region|support_region|tip_regions|grip_bands|background|unclear,hand_on_main_body|hand_on_contact_region|body_on_support_region|floor_support|persistent_two_palm_line|no_contact|unclear,forced_choice_gate_only_no_continuous_pose_or_loss
stick,stage1,171,7.083333,keypart_identity_check,/mnt/hdd/AudioHOI/samples_known_object/11_stick/results/benchmark_vlm_qwen/vlm/stage1/evidence/frame00171_keypart_identity_check.png,/mnt/hdd/AudioHOI/samples_known_object/11_stick/results/benchmark_vlm_qwen/vlm/stage1/evidence/frame00171_keypart_identity_check.png,semantic_part_overlay,Which stick part is highlighted?,main_body|contact_region|support_region|tip_regions|grip_bands|background|unclear,mistral_llm_schema_validated,main_body|contact_region|support_region|tip_regions|grip_bands|background|unclear,hand_on_main_body|hand_on_contact_region|body_on_support_region|floor_support|persistent_two_palm_line|no_contact|unclear,forced_choice_gate_only_no_continuous_pose_or_loss
stick,stage1,172,7.125000,keypart_identity_check,/mnt/hdd/AudioHOI/samples_known_object/11_stick/results/benchmark_vlm_qwen/vlm/stage1/evidence/frame00172_keypart_identity_check.png,/mnt/hdd/AudioHOI/samples_known_object/11_stick/results/benchmark_vlm_qwen/vlm/stage1/evidence/frame00172_keypart_identity_check.png,semantic_part_overlay,Which stick part is highlighted?,main_body|contact_region|support_region|tip_regions|grip_bands|background|unclear,mistral_llm_schema_validated,main_body|contact_region|support_region|tip_regions|grip_bands|background|unclear,hand_on_main_body|hand_on_contact_region|body_on_support_region|floor_support|persistent_two_palm_line|no_contact|unclear,forced_choice_gate_only_no_continuous_pose_or_loss
stick,stage1,173,7.166667,keypart_identity_check,/mnt/hdd/AudioHOI/samples_known_object/11_stick/results/benchmark_vlm_qwen/vlm/stage1/evidence/frame00173_keypart_identity_check.png,/mnt/hdd/AudioHOI/samples_known_object/11_stick/results/benchmark_vlm_qwen/vlm/stage1/evidence/frame00173_keypart_identity_check.png,semantic_part_overlay,Which stick part is highlighted?,main_body|contact_region|support_region|tip_regions|grip_bands|background|unclear,mistral_llm_schema_validated,main_body|contact_region|support_region|tip_regions|grip_bands|background|unclear,hand_on_main_body|hand_on_contact_region|body_on_support_region|floor_support|persistent_two_palm_line|no_contact|unclear,forced_choice_gate_only_no_continuous_pose_or_loss
stick,stage1,174,7.208333,keypart_identity_check,/mnt/hdd/AudioHOI/samples_known_object/11_stick/results/benchmark_vlm_qwen/vlm/stage1/evidence/frame00174_keypart_identity_check.png,/mnt/hdd/AudioHOI/samples_known_object/11_stick/results/benchmark_vlm_qwen/vlm/stage1/evidence/frame00174_keypart_identity_check.png,semantic_part_overlay,Which stick part is highlighted?,main_body|contact_region|support_region|tip_regions|grip_bands|background|unclear,mistral_llm_schema_validated,main_body|contact_region|support_region|tip_regions|grip_bands|background|unclear,hand_on_main_body|hand_on_contact_region|body_on_support_region|floor_support|persistent_two_palm_line|no_contact|unclear,forced_choice_gate_only_no_continuous_pose_or_loss
stick,stage1,175,7.250000,keypart_identity_check,/mnt/hdd/AudioHOI/samples_known_object/11_stick/results/benchmark_vlm_qwen/vlm/stage1/evidence/frame00175_keypart_identity_check.png,/mnt/hdd/AudioHOI/samples_known_object/11_stick/results/benchmark_vlm_qwen/vlm/stage1/evidence/frame00175_keypart_identity_check.png,semantic_part_overlay,Which stick part is highlighted?,main_body|contact_region|support_region|tip_regions|grip_bands|background|unclear,mistral_llm_schema_validated,main_body|contact_region|support_region|tip_regions|grip_bands|background|unclear,hand_on_main_body|hand_on_contact_region|body_on_support_region|floor_support|persistent_two_palm_line|no_contact|unclear,forced_choice_gate_only_no_continuous_pose_or_loss
stick,stage1,176,7.291667,keypart_identity_check,/mnt/hdd/AudioHOI/samples_known_object/11_stick/results/benchmark_vlm_qwen/vlm/stage1/evidence/frame00176_keypart_identity_check.png,/mnt/hdd/AudioHOI/samples_known_object/11_stick/results/benchmark_vlm_qwen/vlm/stage1/evidence/frame00176_keypart_identity_check.png,semantic_part_overlay,Which stick part is highlighted?,main_body|contact_region|support_region|tip_regions|grip_bands|background|unclear,mistral_llm_schema_validated,main_body|contact_region|support_region|tip_regions|grip_bands|background|unclear,hand_on_main_body|hand_on_contact_region|body_on_support_region|floor_support|persistent_two_palm_line|no_contact|unclear,forced_choice_gate_only_no_continuous_pose_or_loss
stick,stage1,177,7.333333,keypart_identity_check,/mnt/hdd/AudioHOI/samples_known_object/11_stick/results/benchmark_vlm_qwen/vlm/stage1/evidence/frame00177_keypart_identity_check.png,/mnt/hdd/AudioHOI/samples_known_object/11_stick/results/benchmark_vlm_qwen/vlm/stage1/evidence/frame00177_keypart_identity_check.png,semantic_part_overlay,Which stick part is highlighted?,main_body|contact_region|support_region|tip_regions|grip_bands|background|unclear,mistral_llm_schema_validated,main_body|contact_region|support_region|tip_regions|grip_bands|background|unclear,hand_on_main_body|hand_on_contact_region|body_on_support_region|floor_support|persistent_two_palm_line|no_contact|unclear,forced_choice_gate_only_no_continuous_pose_or_loss
stick,stage1,178,7.375000,keypart_identity_check,/mnt/hdd/AudioHOI/samples_known_object/11_stick/results/benchmark_vlm_qwen/vlm/stage1/evidence/frame00178_keypart_identity_check.png,/mnt/hdd/AudioHOI/samples_known_object/11_stick/results/benchmark_vlm_qwen/vlm/stage1/evidence/frame00178_keypart_identity_check.png,semantic_part_overlay,Which stick part is highlighted?,main_body|contact_region|support_region|tip_regions|grip_bands|background|unclear,mistral_llm_schema_validated,main_body|contact_region|support_region|tip_regions|grip_bands|background|unclear,hand_on_main_body|hand_on_contact_region|body_on_support_region|floor_support|persistent_two_palm_line|no_contact|unclear,forced_choice_gate_only_no_continuous_pose_or_loss
stick,stage1,179,7.416667,keypart_identity_check,/mnt/hdd/AudioHOI/samples_known_object/11_stick/results/benchmark_vlm_qwen/vlm/stage1/evidence/frame00179_keypart_identity_check.png,/mnt/hdd/AudioHOI/samples_known_object/11_stick/results/benchmark_vlm_qwen/vlm/stage1/evidence/frame00179_keypart_identity_check.png,semantic_part_overlay,Which stick part is highlighted?,main_body|contact_region|support_region|tip_regions|grip_bands|background|unclear,mistral_llm_schema_validated,main_body|contact_region|support_region|tip_regions|grip_bands|background|unclear,hand_on_main_body|hand_on_contact_region|body_on_support_region|floor_support|persistent_two_palm_line|no_contact|unclear,forced_choice_gate_only_no_continuous_pose_or_loss
stick,stage1,180,7.458333,keypart_identity_check,/mnt/hdd/AudioHOI/samples_known_object/11_stick/results/benchmark_vlm_qwen/vlm/stage1/evidence/frame00180_keypart_identity_check.png,/mnt/hdd/AudioHOI/samples_known_object/11_stick/results/benchmark_vlm_qwen/vlm/stage1/evidence/frame00180_keypart_identity_check.png,semantic_part_overlay,Which stick part is highlighted?,main_body|contact_region|support_region|tip_regions|grip_bands|background|unclear,mistral_llm_schema_validated,main_body|contact_region|support_region|tip_regions|grip_bands|background|unclear,hand_on_main_body|hand_on_contact_region|body_on_support_region|floor_support|persistent_two_palm_line|no_contact|unclear,forced_choice_gate_only_no_continuous_pose_or_loss
stick,stage1,181,7.500000,keypart_identity_check,/mnt/hdd/AudioHOI/samples_known_object/11_stick/results/benchmark_vlm_qwen/vlm/stage1/evidence/frame00181_keypart_identity_check.png,/mnt/hdd/AudioHOI/samples_known_object/11_stick/results/benchmark_vlm_qwen/vlm/stage1/evidence/frame00181_keypart_identity_check.png,semantic_part_overlay,Which stick part is highlighted?,main_body|contact_region|support_region|tip_regions|grip_bands|background|unclear,mistral_llm_schema_validated,main_body|contact_region|support_region|tip_regions|grip_bands|background|unclear,hand_on_main_body|hand_on_contact_region|body_on_support_region|floor_support|persistent_two_palm_line|no_contact|unclear,forced_choice_gate_only_no_continuous_pose_or_loss
stick,stage1,182,7.541667,keypart_identity_check,/mnt/hdd/AudioHOI/samples_known_object/11_stick/results/benchmark_vlm_qwen/vlm/stage1/evidence/frame00182_keypart_identity_check.png,/mnt/hdd/AudioHOI/samples_known_object/11_stick/results/benchmark_vlm_qwen/vlm/stage1/evidence/frame00182_keypart_identity_check.png,semantic_part_overlay,Which stick part is highlighted?,main_body|contact_region|support_region|tip_regions|grip_bands|background|unclear,mistral_llm_schema_validated,main_body|contact_region|support_region|tip_regions|grip_bands|background|unclear,hand_on_main_body|hand_on_contact_region|body_on_support_region|floor_support|persistent_two_palm_line|no_contact|unclear,forced_choice_gate_only_no_continuous_pose_or_loss
stick,stage1,183,7.583333,keypart_identity_check,/mnt/hdd/AudioHOI/samples_known_object/11_stick/results/benchmark_vlm_qwen/vlm/stage1/evidence/frame00183_keypart_identity_check.png,/mnt/hdd/AudioHOI/samples_known_object/11_stick/results/benchmark_vlm_qwen/vlm/stage1/evidence/frame00183_keypart_identity_check.png,semantic_part_overlay,Which stick part is highlighted?,main_body|contact_region|support_region|tip_regions|grip_bands|background|unclear,mistral_llm_schema_validated,main_body|contact_region|support_region|tip_regions|grip_bands|background|unclear,hand_on_main_body|hand_on_contact_region|body_on_support_region|floor_support|persistent_two_palm_line|no_contact|unclear,forced_choice_gate_only_no_continuous_pose_or_loss
stick,stage1,184,7.625000,keypart_identity_check,/mnt/hdd/AudioHOI/samples_known_object/11_stick/results/benchmark_vlm_qwen/vlm/stage1/evidence/frame00184_keypart_identity_check.png,/mnt/hdd/AudioHOI/samples_known_object/11_stick/results/benchmark_vlm_qwen/vlm/stage1/evidence/frame00184_keypart_identity_check.png,semantic_part_overlay,Which stick part is highlighted?,main_body|contact_region|support_region|tip_regions|grip_bands|background|unclear,mistral_llm_schema_validated,main_body|contact_region|support_region|tip_regions|grip_bands|background|unclear,hand_on_main_body|hand_on_contact_region|body_on_support_region|floor_support|persistent_two_palm_line|no_contact|unclear,forced_choice_gate_only_no_continuous_pose_or_loss
stick,stage1,185,7.666667,keypart_identity_check,/mnt/hdd/AudioHOI/samples_known_object/11_stick/results/benchmark_vlm_qwen/vlm/stage1/evidence/frame00185_keypart_identity_check.png,/mnt/hdd/AudioHOI/samples_known_object/11_stick/results/benchmark_vlm_qwen/vlm/stage1/evidence/frame00185_keypart_identity_check.png,semantic_part_overlay,Which stick part is highlighted?,main_body|contact_region|support_region|tip_regions|grip_bands|background|unclear,mistral_llm_schema_validated,main_body|contact_region|support_region|tip_regions|grip_bands|background|unclear,hand_on_main_body|hand_on_contact_region|body_on_support_region|floor_support|persistent_two_palm_line|no_contact|unclear,forced_choice_gate_only_no_continuous_pose_or_loss
stick,stage1,186,7.708333,keypart_identity_check,/mnt/hdd/AudioHOI/samples_known_object/11_stick/results/benchmark_vlm_qwen/vlm/stage1/evidence/frame00186_keypart_identity_check.png,/mnt/hdd/AudioHOI/samples_known_object/11_stick/results/benchmark_vlm_qwen/vlm/stage1/evidence/frame00186_keypart_identity_check.png,semantic_part_overlay,Which stick part is highlighted?,main_body|contact_region|support_region|tip_regions|grip_bands|background|unclear,mistral_llm_schema_validated,main_body|contact_region|support_region|tip_regions|grip_bands|background|unclear,hand_on_main_body|hand_on_contact_region|body_on_support_region|floor_support|persistent_two_palm_line|no_contact|unclear,forced_choice_gate_only_no_continuous_pose_or_loss
stick,stage1,187,7.750000,keypart_identity_check,/mnt/hdd/AudioHOI/samples_known_object/11_stick/results/benchmark_vlm_qwen/vlm/stage1/evidence/frame00187_keypart_identity_check.png,/mnt/hdd/AudioHOI/samples_known_object/11_stick/results/benchmark_vlm_qwen/vlm/stage1/evidence/frame00187_keypart_identity_check.png,semantic_part_overlay,Which stick part is highlighted?,main_body|contact_region|support_region|tip_regions|grip_bands|background|unclear,mistral_llm_schema_validated,main_body|contact_region|support_region|tip_regions|grip_bands|background|unclear,hand_on_main_body|hand_on_contact_region|body_on_support_region|floor_support|persistent_two_palm_line|no_contact|unclear,forced_choice_gate_only_no_continuous_pose_or_loss
stick,stage1,188,7.791667,keypart_identity_check,/mnt/hdd/AudioHOI/samples_known_object/11_stick/results/benchmark_vlm_qwen/vlm/stage1/evidence/frame00188_keypart_identity_check.png,/mnt/hdd/AudioHOI/samples_known_object/11_stick/results/benchmark_vlm_qwen/vlm/stage1/evidence/frame00188_keypart_identity_check.png,semantic_part_overlay,Which stick part is highlighted?,main_body|contact_region|support_region|tip_regions|grip_bands|background|unclear,mistral_llm_schema_validated,main_body|contact_region|support_region|tip_regions|grip_bands|background|unclear,hand_on_main_body|hand_on_contact_region|body_on_support_region|floor_support|persistent_two_palm_line|no_contact|unclear,forced_choice_gate_only_no_continuous_pose_or_loss
stick,stage1,189,7.833333,keypart_identity_check,/mnt/hdd/AudioHOI/samples_known_object/11_stick/results/benchmark_vlm_qwen/vlm/stage1/evidence/frame00189_keypart_identity_check.png,/mnt/hdd/AudioHOI/samples_known_object/11_stick/results/benchmark_vlm_qwen/vlm/stage1/evidence/frame00189_keypart_identity_check.png,semantic_part_overlay,Which stick part is highlighted?,main_body|contact_region|support_region|tip_regions|grip_bands|background|unclear,mistral_llm_schema_validated,main_body|contact_region|support_region|tip_regions|grip_bands|background|unclear,hand_on_main_body|hand_on_contact_region|body_on_support_region|floor_support|persistent_two_palm_line|no_contact|unclear,forced_choice_gate_only_no_continuous_pose_or_loss
stick,stage1,190,7.875000,keypart_identity_check,/mnt/hdd/AudioHOI/samples_known_object/11_stick/results/benchmark_vlm_qwen/vlm/stage1/evidence/frame00190_keypart_identity_check.png,/mnt/hdd/AudioHOI/samples_known_object/11_stick/results/benchmark_vlm_qwen/vlm/stage1/evidence/frame00190_keypart_identity_check.png,semantic_part_overlay,Which stick part is highlighted?,main_body|contact_region|support_region|tip_regions|grip_bands|background|unclear,mistral_llm_schema_validated,main_body|contact_region|support_region|tip_regions|grip_bands|background|unclear,hand_on_main_body|hand_on_contact_region|body_on_support_region|floor_support|persistent_two_palm_line|no_contact|unclear,forced_choice_gate_only_no_continuous_pose_or_loss
stick,stage1,191,7.916667,keypart_identity_check,/mnt/hdd/AudioHOI/samples_known_object/11_stick/results/benchmark_vlm_qwen/vlm/stage1/evidence/frame00191_keypart_identity_check.png,/mnt/hdd/AudioHOI/samples_known_object/11_stick/results/benchmark_vlm_qwen/vlm/stage1/evidence/frame00191_keypart_identity_check.png,semantic_part_overlay,Which stick part is highlighted?,main_body|contact_region|support_region|tip_regions|grip_bands|background|unclear,mistral_llm_schema_validated,main_body|contact_region|support_region|tip_regions|grip_bands|background|unclear,hand_on_main_body|hand_on_contact_region|body_on_support_region|floor_support|persistent_two_palm_line|no_contact|unclear,forced_choice_gate_only_no_continuous_pose_or_loss
stick,stage1,192,7.958333,keypart_identity_check,/mnt/hdd/AudioHOI/samples_known_object/11_stick/results/benchmark_vlm_qwen/vlm/stage1/evidence/frame00192_keypart_identity_check.png,/mnt/hdd/AudioHOI/samples_known_object/11_stick/results/benchmark_vlm_qwen/vlm/stage1/evidence/frame00192_keypart_identity_check.png,semantic_part_overlay,Which stick part is highlighted?,main_body|contact_region|support_region|tip_regions|grip_bands|background|unclear,mistral_llm_schema_validated,main_body|contact_region|support_region|tip_regions|grip_bands|background|unclear,hand_on_main_body|hand_on_contact_region|body_on_support_region|floor_support|persistent_two_palm_line|no_contact|unclear,forced_choice_gate_only_no_continuous_pose_or_loss
stick,stage1,193,8.000000,keypart_identity_check,/mnt/hdd/AudioHOI/samples_known_object/11_stick/results/benchmark_vlm_qwen/vlm/stage1/evidence/frame00193_keypart_identity_check.png,/mnt/hdd/AudioHOI/samples_known_object/11_stick/results/benchmark_vlm_qwen/vlm/stage1/evidence/frame00193_keypart_identity_check.png,semantic_part_overlay,Which stick part is highlighted?,main_body|contact_region|support_region|tip_regions|grip_bands|background|unclear,mistral_llm_schema_validated,main_body|contact_region|support_region|tip_regions|grip_bands|background|unclear,hand_on_main_body|hand_on_contact_region|body_on_support_region|floor_support|persistent_two_palm_line|no_contact|unclear,forced_choice_gate_only_no_continuous_pose_or_loss
stick,stage1,194,8.041667,keypart_identity_check,/mnt/hdd/AudioHOI/samples_known_object/11_stick/results/benchmark_vlm_qwen/vlm/stage1/evidence/frame00194_keypart_identity_check.png,/mnt/hdd/AudioHOI/samples_known_object/11_stick/results/benchmark_vlm_qwen/vlm/stage1/evidence/frame00194_keypart_identity_check.png,semantic_part_overlay,Which stick part is highlighted?,main_body|contact_region|support_region|tip_regions|grip_bands|background|unclear,mistral_llm_schema_validated,main_body|contact_region|support_region|tip_regions|grip_bands|background|unclear,hand_on_main_body|hand_on_contact_region|body_on_support_region|floor_support|persistent_two_palm_line|no_contact|unclear,forced_choice_gate_only_no_continuous_pose_or_loss
stick,stage1,195,8.083333,keypart_identity_check,/mnt/hdd/AudioHOI/samples_known_object/11_stick/results/benchmark_vlm_qwen/vlm/stage1/evidence/frame00195_keypart_identity_check.png,/mnt/hdd/AudioHOI/samples_known_object/11_stick/results/benchmark_vlm_qwen/vlm/stage1/evidence/frame00195_keypart_identity_check.png,semantic_part_overlay,Which stick part is highlighted?,main_body|contact_region|support_region|tip_regions|grip_bands|background|unclear,mistral_llm_schema_validated,main_body|contact_region|support_region|tip_regions|grip_bands|background|unclear,hand_on_main_body|hand_on_contact_region|body_on_support_region|floor_support|persistent_two_palm_line|no_contact|unclear,forced_choice_gate_only_no_continuous_pose_or_loss
stick,stage1,196,8.125000,keypart_identity_check,/mnt/hdd/AudioHOI/samples_known_object/11_stick/results/benchmark_vlm_qwen/vlm/stage1/evidence/frame00196_keypart_identity_check.png,/mnt/hdd/AudioHOI/samples_known_object/11_stick/results/benchmark_vlm_qwen/vlm/stage1/evidence/frame00196_keypart_identity_check.png,semantic_part_overlay,Which stick part is highlighted?,main_body|contact_region|support_region|tip_regions|grip_bands|background|unclear,mistral_llm_schema_validated,main_body|contact_region|support_region|tip_regions|grip_bands|background|unclear,hand_on_main_body|hand_on_contact_region|body_on_support_region|floor_support|persistent_two_palm_line|no_contact|unclear,forced_choice_gate_only_no_continuous_pose_or_loss
stick,stage1,197,8.166667,keypart_identity_check,/mnt/hdd/AudioHOI/samples_known_object/11_stick/results/benchmark_vlm_qwen/vlm/stage1/evidence/frame00197_keypart_identity_check.png,/mnt/hdd/AudioHOI/samples_known_object/11_stick/results/benchmark_vlm_qwen/vlm/stage1/evidence/frame00197_keypart_identity_check.png,semantic_part_overlay,Which stick part is highlighted?,main_body|contact_region|support_region|tip_regions|grip_bands|background|unclear,mistral_llm_schema_validated,main_body|contact_region|support_region|tip_regions|grip_bands|background|unclear,hand_on_main_body|hand_on_contact_region|body_on_support_region|floor_support|persistent_two_palm_line|no_contact|unclear,forced_choice_gate_only_no_continuous_pose_or_loss
stick,stage1,198,8.208333,keypart_identity_check,/mnt/hdd/AudioHOI/samples_known_object/11_stick/results/benchmark_vlm_qwen/vlm/stage1/evidence/frame00198_keypart_identity_check.png,/mnt/hdd/AudioHOI/samples_known_object/11_stick/results/benchmark_vlm_qwen/vlm/stage1/evidence/frame00198_keypart_identity_check.png,semantic_part_overlay,Which stick part is highlighted?,main_body|contact_region|support_region|tip_regions|grip_bands|background|unclear,mistral_llm_schema_validated,main_body|contact_region|support_region|tip_regions|grip_bands|background|unclear,hand_on_main_body|hand_on_contact_region|body_on_support_region|floor_support|persistent_two_palm_line|no_contact|unclear,forced_choice_gate_only_no_continuous_pose_or_loss
stick,stage1,199,8.250000,keypart_identity_check,/mnt/hdd/AudioHOI/samples_known_object/11_stick/results/benchmark_vlm_qwen/vlm/stage1/evidence/frame00199_keypart_identity_check.png,/mnt/hdd/AudioHOI/samples_known_object/11_stick/results/benchmark_vlm_qwen/vlm/stage1/evidence/frame00199_keypart_identity_check.png,semantic_part_overlay,Which stick part is highlighted?,main_body|contact_region|support_region|tip_regions|grip_bands|background|unclear,mistral_llm_schema_validated,main_body|contact_region|support_region|tip_regions|grip_bands|background|unclear,hand_on_main_body|hand_on_contact_region|body_on_support_region|floor_support|persistent_two_palm_line|no_contact|unclear,forced_choice_gate_only_no_continuous_pose_or_loss
stick,stage1,200,8.291667,keypart_identity_check,/mnt/hdd/AudioHOI/samples_known_object/11_stick/results/benchmark_vlm_qwen/vlm/stage1/evidence/frame00200_keypart_identity_check.png,/mnt/hdd/AudioHOI/samples_known_object/11_stick/results/benchmark_vlm_qwen/vlm/stage1/evidence/frame00200_keypart_identity_check.png,semantic_part_overlay,Which stick part is highlighted?,main_body|contact_region|support_region|tip_regions|grip_bands|background|unclear,mistral_llm_schema_validated,main_body|contact_region|support_region|tip_regions|grip_bands|background|unclear,hand_on_main_body|hand_on_contact_region|body_on_support_region|floor_support|persistent_two_palm_line|no_contact|unclear,forced_choice_gate_only_no_continuous_pose_or_loss
stick,stage1,201,8.333333,keypart_identity_check,/mnt/hdd/AudioHOI/samples_known_object/11_stick/results/benchmark_vlm_qwen/vlm/stage1/evidence/frame00201_keypart_identity_check.png,/mnt/hdd/AudioHOI/samples_known_object/11_stick/results/benchmark_vlm_qwen/vlm/stage1/evidence/frame00201_keypart_identity_check.png,semantic_part_overlay,Which stick part is highlighted?,main_body|contact_region|support_region|tip_regions|grip_bands|background|unclear,mistral_llm_schema_validated,main_body|contact_region|support_region|tip_regions|grip_bands|background|unclear,hand_on_main_body|hand_on_contact_region|body_on_support_region|floor_support|persistent_two_palm_line|no_contact|unclear,forced_choice_gate_only_no_continuous_pose_or_loss
stick,stage1,202,8.375000,keypart_identity_check,/mnt/hdd/AudioHOI/samples_known_object/11_stick/results/benchmark_vlm_qwen/vlm/stage1/evidence/frame00202_keypart_identity_check.png,/mnt/hdd/AudioHOI/samples_known_object/11_stick/results/benchmark_vlm_qwen/vlm/stage1/evidence/frame00202_keypart_identity_check.png,semantic_part_overlay,Which stick part is highlighted?,main_body|contact_region|support_region|tip_regions|grip_bands|background|unclear,mistral_llm_schema_validated,main_body|contact_region|support_region|tip_regions|grip_bands|background|unclear,hand_on_main_body|hand_on_contact_region|body_on_support_region|floor_support|persistent_two_palm_line|no_contact|unclear,forced_choice_gate_only_no_continuous_pose_or_loss
stick,stage1,203,8.416667,keypart_identity_check,/mnt/hdd/AudioHOI/samples_known_object/11_stick/results/benchmark_vlm_qwen/vlm/stage1/evidence/frame00203_keypart_identity_check.png,/mnt/hdd/AudioHOI/samples_known_object/11_stick/results/benchmark_vlm_qwen/vlm/stage1/evidence/frame00203_keypart_identity_check.png,semantic_part_overlay,Which stick part is highlighted?,main_body|contact_region|support_region|tip_regions|grip_bands|background|unclear,mistral_llm_schema_validated,main_body|contact_region|support_region|tip_regions|grip_bands|background|unclear,hand_on_main_body|hand_on_contact_region|body_on_support_region|floor_support|persistent_two_palm_line|no_contact|unclear,forced_choice_gate_only_no_continuous_pose_or_loss
stick,stage1,204,8.458333,keypart_identity_check,/mnt/hdd/AudioHOI/samples_known_object/11_stick/results/benchmark_vlm_qwen/vlm/stage1/evidence/frame00204_keypart_identity_check.png,/mnt/hdd/AudioHOI/samples_known_object/11_stick/results/benchmark_vlm_qwen/vlm/stage1/evidence/frame00204_keypart_identity_check.png,semantic_part_overlay,Which stick part is highlighted?,main_body|contact_region|support_region|tip_regions|grip_bands|background|unclear,mistral_llm_schema_validated,main_body|contact_region|support_region|tip_regions|grip_bands|background|unclear,hand_on_main_body|hand_on_contact_region|body_on_support_region|floor_support|persistent_two_palm_line|no_contact|unclear,forced_choice_gate_only_no_continuous_pose_or_loss
stick,stage1,205,8.500000,keypart_identity_check,/mnt/hdd/AudioHOI/samples_known_object/11_stick/results/benchmark_vlm_qwen/vlm/stage1/evidence/frame00205_keypart_identity_check.png,/mnt/hdd/AudioHOI/samples_known_object/11_stick/results/benchmark_vlm_qwen/vlm/stage1/evidence/frame00205_keypart_identity_check.png,semantic_part_overlay,Which stick part is highlighted?,main_body|contact_region|support_region|tip_regions|grip_bands|background|unclear,mistral_llm_schema_validated,main_body|contact_region|support_region|tip_regions|grip_bands|background|unclear,hand_on_main_body|hand_on_contact_region|body_on_support_region|floor_support|persistent_two_palm_line|no_contact|unclear,forced_choice_gate_only_no_continuous_pose_or_loss
stick,stage1,206,8.541667,keypart_identity_check,/mnt/hdd/AudioHOI/samples_known_object/11_stick/results/benchmark_vlm_qwen/vlm/stage1/evidence/frame00206_keypart_identity_check.png,/mnt/hdd/AudioHOI/samples_known_object/11_stick/results/benchmark_vlm_qwen/vlm/stage1/evidence/frame00206_keypart_identity_check.png,semantic_part_overlay,Which stick part is highlighted?,main_body|contact_region|support_region|tip_regions|grip_bands|background|unclear,mistral_llm_schema_validated,main_body|contact_region|support_region|tip_regions|grip_bands|background|unclear,hand_on_main_body|hand_on_contact_region|body_on_support_region|floor_support|persistent_two_palm_line|no_contact|unclear,forced_choice_gate_only_no_continuous_pose_or_loss
stick,stage1,207,8.583333,keypart_identity_check,/mnt/hdd/AudioHOI/samples_known_object/11_stick/results/benchmark_vlm_qwen/vlm/stage1/evidence/frame00207_keypart_identity_check.png,/mnt/hdd/AudioHOI/samples_known_object/11_stick/results/benchmark_vlm_qwen/vlm/stage1/evidence/frame00207_keypart_identity_check.png,semantic_part_overlay,Which stick part is highlighted?,main_body|contact_region|support_region|tip_regions|grip_bands|background|unclear,mistral_llm_schema_validated,main_body|contact_region|support_region|tip_regions|grip_bands|background|unclear,hand_on_main_body|hand_on_contact_region|body_on_support_region|floor_support|persistent_two_palm_line|no_contact|unclear,forced_choice_gate_only_no_continuous_pose_or_loss
stick,stage1,208,8.625000,keypart_identity_check,/mnt/hdd/AudioHOI/samples_known_object/11_stick/results/benchmark_vlm_qwen/vlm/stage1/evidence/frame00208_keypart_identity_check.png,/mnt/hdd/AudioHOI/samples_known_object/11_stick/results/benchmark_vlm_qwen/vlm/stage1/evidence/frame00208_keypart_identity_check.png,semantic_part_overlay,Which stick part is highlighted?,main_body|contact_region|support_region|tip_regions|grip_bands|background|unclear,mistral_llm_schema_validated,main_body|contact_region|support_region|tip_regions|grip_bands|background|unclear,hand_on_main_body|hand_on_contact_region|body_on_support_region|floor_support|persistent_two_palm_line|no_contact|unclear,forced_choice_gate_only_no_continuous_pose_or_loss
stick,stage1,209,8.666667,keypart_identity_check,/mnt/hdd/AudioHOI/samples_known_object/11_stick/results/benchmark_vlm_qwen/vlm/stage1/evidence/frame00209_keypart_identity_check.png,/mnt/hdd/AudioHOI/samples_known_object/11_stick/results/benchmark_vlm_qwen/vlm/stage1/evidence/frame00209_keypart_identity_check.png,semantic_part_overlay,Which stick part is highlighted?,main_body|contact_region|support_region|tip_regions|grip_bands|background|unclear,mistral_llm_schema_validated,main_body|contact_region|support_region|tip_regions|grip_bands|background|unclear,hand_on_main_body|hand_on_contact_region|body_on_support_region|floor_support|persistent_two_palm_line|no_contact|unclear,forced_choice_gate_only_no_continuous_pose_or_loss
stick,stage1,210,8.708333,keypart_identity_check,/mnt/hdd/AudioHOI/samples_known_object/11_stick/results/benchmark_vlm_qwen/vlm/stage1/evidence/frame00210_keypart_identity_check.png,/mnt/hdd/AudioHOI/samples_known_object/11_stick/results/benchmark_vlm_qwen/vlm/stage1/evidence/frame00210_keypart_identity_check.png,semantic_part_overlay,Which stick part is highlighted?,main_body|contact_region|support_region|tip_regions|grip_bands|background|unclear,mistral_llm_schema_validated,main_body|contact_region|support_region|tip_regions|grip_bands|background|unclear,hand_on_main_body|hand_on_contact_region|body_on_support_region|floor_support|persistent_two_palm_line|no_contact|unclear,forced_choice_gate_only_no_continuous_pose_or_loss
stick,stage1,211,8.750000,keypart_identity_check,/mnt/hdd/AudioHOI/samples_known_object/11_stick/results/benchmark_vlm_qwen/vlm/stage1/evidence/frame00211_keypart_identity_check.png,/mnt/hdd/AudioHOI/samples_known_object/11_stick/results/benchmark_vlm_qwen/vlm/stage1/evidence/frame00211_keypart_identity_check.png,semantic_part_overlay,Which stick part is highlighted?,main_body|contact_region|support_region|tip_regions|grip_bands|background|unclear,mistral_llm_schema_validated,main_body|contact_region|support_region|tip_regions|grip_bands|background|unclear,hand_on_main_body|hand_on_contact_region|body_on_support_region|floor_support|persistent_two_palm_line|no_contact|unclear,forced_choice_gate_only_no_continuous_pose_or_loss
stick,stage1,212,8.791667,keypart_identity_check,/mnt/hdd/AudioHOI/samples_known_object/11_stick/results/benchmark_vlm_qwen/vlm/stage1/evidence/frame00212_keypart_identity_check.png,/mnt/hdd/AudioHOI/samples_known_object/11_stick/results/benchmark_vlm_qwen/vlm/stage1/evidence/frame00212_keypart_identity_check.png,semantic_part_overlay,Which stick part is highlighted?,main_body|contact_region|support_region|tip_regions|grip_bands|background|unclear,mistral_llm_schema_validated,main_body|contact_region|support_region|tip_regions|grip_bands|background|unclear,hand_on_main_body|hand_on_contact_region|body_on_support_region|floor_support|persistent_two_palm_line|no_contact|unclear,forced_choice_gate_only_no_continuous_pose_or_loss
stick,stage1,213,8.833333,keypart_identity_check,/mnt/hdd/AudioHOI/samples_known_object/11_stick/results/benchmark_vlm_qwen/vlm/stage1/evidence/frame00213_keypart_identity_check.png,/mnt/hdd/AudioHOI/samples_known_object/11_stick/results/benchmark_vlm_qwen/vlm/stage1/evidence/frame00213_keypart_identity_check.png,semantic_part_overlay,Which stick part is highlighted?,main_body|contact_region|support_region|tip_regions|grip_bands|background|unclear,mistral_llm_schema_validated,main_body|contact_region|support_region|tip_regions|grip_bands|background|unclear,hand_on_main_body|hand_on_contact_region|body_on_support_region|floor_support|persistent_two_palm_line|no_contact|unclear,forced_choice_gate_only_no_continuous_pose_or_loss
stick,stage1,214,8.875000,keypart_identity_check,/mnt/hdd/AudioHOI/samples_known_object/11_stick/results/benchmark_vlm_qwen/vlm/stage1/evidence/frame00214_keypart_identity_check.png,/mnt/hdd/AudioHOI/samples_known_object/11_stick/results/benchmark_vlm_qwen/vlm/stage1/evidence/frame00214_keypart_identity_check.png,semantic_part_overlay,Which stick part is highlighted?,main_body|contact_region|support_region|tip_regions|grip_bands|background|unclear,mistral_llm_schema_validated,main_body|contact_region|support_region|tip_regions|grip_bands|background|unclear,hand_on_main_body|hand_on_contact_region|body_on_support_region|floor_support|persistent_two_palm_line|no_contact|unclear,forced_choice_gate_only_no_continuous_pose_or_loss
stick,stage1,215,8.916667,keypart_identity_check,/mnt/hdd/AudioHOI/samples_known_object/11_stick/results/benchmark_vlm_qwen/vlm/stage1/evidence/frame00215_keypart_identity_check.png,/mnt/hdd/AudioHOI/samples_known_object/11_stick/results/benchmark_vlm_qwen/vlm/stage1/evidence/frame00215_keypart_identity_check.png,semantic_part_overlay,Which stick part is highlighted?,main_body|contact_region|support_region|tip_regions|grip_bands|background|unclear,mistral_llm_schema_validated,main_body|contact_region|support_region|tip_regions|grip_bands|background|unclear,hand_on_main_body|hand_on_contact_region|body_on_support_region|floor_support|persistent_two_palm_line|no_contact|unclear,forced_choice_gate_only_no_continuous_pose_or_loss
stick,stage1,216,8.958333,keypart_identity_check,/mnt/hdd/AudioHOI/samples_known_object/11_stick/results/benchmark_vlm_qwen/vlm/stage1/evidence/frame00216_keypart_identity_check.png,/mnt/hdd/AudioHOI/samples_known_object/11_stick/results/benchmark_vlm_qwen/vlm/stage1/evidence/frame00216_keypart_identity_check.png,semantic_part_overlay,Which stick part is highlighted?,main_body|contact_region|support_region|tip_regions|grip_bands|background|unclear,mistral_llm_schema_validated,main_body|contact_region|support_region|tip_regions|grip_bands|background|unclear,hand_on_main_body|hand_on_contact_region|body_on_support_region|floor_support|persistent_two_palm_line|no_contact|unclear,forced_choice_gate_only_no_continuous_pose_or_loss
stick,stage1,217,9.000000,keypart_identity_check,/mnt/hdd/AudioHOI/samples_known_object/11_stick/results/benchmark_vlm_qwen/vlm/stage1/evidence/frame00217_keypart_identity_check.png,/mnt/hdd/AudioHOI/samples_known_object/11_stick/results/benchmark_vlm_qwen/vlm/stage1/evidence/frame00217_keypart_identity_check.png,semantic_part_overlay,Which stick part is highlighted?,main_body|contact_region|support_region|tip_regions|grip_bands|background|unclear,mistral_llm_schema_validated,main_body|contact_region|support_region|tip_regions|grip_bands|background|unclear,hand_on_main_body|hand_on_contact_region|body_on_support_region|floor_support|persistent_two_palm_line|no_contact|unclear,forced_choice_gate_only_no_continuous_pose_or_loss
stick,stage1,218,9.041667,keypart_identity_check,/mnt/hdd/AudioHOI/samples_known_object/11_stick/results/benchmark_vlm_qwen/vlm/stage1/evidence/frame00218_keypart_identity_check.png,/mnt/hdd/AudioHOI/samples_known_object/11_stick/results/benchmark_vlm_qwen/vlm/stage1/evidence/frame00218_keypart_identity_check.png,semantic_part_overlay,Which stick part is highlighted?,main_body|contact_region|support_region|tip_regions|grip_bands|background|unclear,mistral_llm_schema_validated,main_body|contact_region|support_region|tip_regions|grip_bands|background|unclear,hand_on_main_body|hand_on_contact_region|body_on_support_region|floor_support|persistent_two_palm_line|no_contact|unclear,forced_choice_gate_only_no_continuous_pose_or_loss
stick,stage1,219,9.083333,keypart_identity_check,/mnt/hdd/AudioHOI/samples_known_object/11_stick/results/benchmark_vlm_qwen/vlm/stage1/evidence/frame00219_keypart_identity_check.png,/mnt/hdd/AudioHOI/samples_known_object/11_stick/results/benchmark_vlm_qwen/vlm/stage1/evidence/frame00219_keypart_identity_check.png,semantic_part_overlay,Which stick part is highlighted?,main_body|contact_region|support_region|tip_regions|grip_bands|background|unclear,mistral_llm_schema_validated,main_body|contact_region|support_region|tip_regions|grip_bands|background|unclear,hand_on_main_body|hand_on_contact_region|body_on_support_region|floor_support|persistent_two_palm_line|no_contact|unclear,forced_choice_gate_only_no_continuous_pose_or_loss
stick,stage1,220,9.125000,keypart_identity_check,/mnt/hdd/AudioHOI/samples_known_object/11_stick/results/benchmark_vlm_qwen/vlm/stage1/evidence/frame00220_keypart_identity_check.png,/mnt/hdd/AudioHOI/samples_known_object/11_stick/results/benchmark_vlm_qwen/vlm/stage1/evidence/frame00220_keypart_identity_check.png,semantic_part_overlay,Which stick part is highlighted?,main_body|contact_region|support_region|tip_regions|grip_bands|background|unclear,mistral_llm_schema_validated,main_body|contact_region|support_region|tip_regions|grip_bands|background|unclear,hand_on_main_body|hand_on_contact_region|body_on_support_region|floor_support|persistent_two_palm_line|no_contact|unclear,forced_choice_gate_only_no_continuous_pose_or_loss
stick,stage1,221,9.166667,keypart_identity_check,/mnt/hdd/AudioHOI/samples_known_object/11_stick/results/benchmark_vlm_qwen/vlm/stage1/evidence/frame00221_keypart_identity_check.png,/mnt/hdd/AudioHOI/samples_known_object/11_stick/results/benchmark_vlm_qwen/vlm/stage1/evidence/frame00221_keypart_identity_check.png,semantic_part_overlay,Which stick part is highlighted?,main_body|contact_region|support_region|tip_regions|grip_bands|background|unclear,mistral_llm_schema_validated,main_body|contact_region|support_region|tip_regions|grip_bands|background|unclear,hand_on_main_body|hand_on_contact_region|body_on_support_region|floor_support|persistent_two_palm_line|no_contact|unclear,forced_choice_gate_only_no_continuous_pose_or_loss
stick,stage1,222,9.208333,keypart_identity_check,/mnt/hdd/AudioHOI/samples_known_object/11_stick/results/benchmark_vlm_qwen/vlm/stage1/evidence/frame00222_keypart_identity_check.png,/mnt/hdd/AudioHOI/samples_known_object/11_stick/results/benchmark_vlm_qwen/vlm/stage1/evidence/frame00222_keypart_identity_check.png,semantic_part_overlay,Which stick part is highlighted?,main_body|contact_region|support_region|tip_regions|grip_bands|background|unclear,mistral_llm_schema_validated,main_body|contact_region|support_region|tip_regions|grip_bands|background|unclear,hand_on_main_body|hand_on_contact_region|body_on_support_region|floor_support|persistent_two_palm_line|no_contact|unclear,forced_choice_gate_only_no_continuous_pose_or_loss
stick,stage1,223,9.250000,keypart_identity_check,/mnt/hdd/AudioHOI/samples_known_object/11_stick/results/benchmark_vlm_qwen/vlm/stage1/evidence/frame00223_keypart_identity_check.png,/mnt/hdd/AudioHOI/samples_known_object/11_stick/results/benchmark_vlm_qwen/vlm/stage1/evidence/frame00223_keypart_identity_check.png,semantic_part_overlay,Which stick part is highlighted?,main_body|contact_region|support_region|tip_regions|grip_bands|background|unclear,mistral_llm_schema_validated,main_body|contact_region|support_region|tip_regions|grip_bands|background|unclear,hand_on_main_body|hand_on_contact_region|body_on_support_region|floor_support|persistent_two_palm_line|no_contact|unclear,forced_choice_gate_only_no_continuous_pose_or_loss
stick,stage1,224,9.291667,keypart_identity_check,/mnt/hdd/AudioHOI/samples_known_object/11_stick/results/benchmark_vlm_qwen/vlm/stage1/evidence/frame00224_keypart_identity_check.png,/mnt/hdd/AudioHOI/samples_known_object/11_stick/results/benchmark_vlm_qwen/vlm/stage1/evidence/frame00224_keypart_identity_check.png,semantic_part_overlay,Which stick part is highlighted?,main_body|contact_region|support_region|tip_regions|grip_bands|background|unclear,mistral_llm_schema_validated,main_body|contact_region|support_region|tip_regions|grip_bands|background|unclear,hand_on_main_body|hand_on_contact_region|body_on_support_region|floor_support|persistent_two_palm_line|no_contact|unclear,forced_choice_gate_only_no_continuous_pose_or_loss
stick,stage1,225,9.333333,keypart_identity_check,/mnt/hdd/AudioHOI/samples_known_object/11_stick/results/benchmark_vlm_qwen/vlm/stage1/evidence/frame00225_keypart_identity_check.png,/mnt/hdd/AudioHOI/samples_known_object/11_stick/results/benchmark_vlm_qwen/vlm/stage1/evidence/frame00225_keypart_identity_check.png,semantic_part_overlay,Which stick part is highlighted?,main_body|contact_region|support_region|tip_regions|grip_bands|background|unclear,mistral_llm_schema_validated,main_body|contact_region|support_region|tip_regions|grip_bands|background|unclear,hand_on_main_body|hand_on_contact_region|body_on_support_region|floor_support|persistent_two_palm_line|no_contact|unclear,forced_choice_gate_only_no_continuous_pose_or_loss
stick,stage1,226,9.375000,keypart_identity_check,/mnt/hdd/AudioHOI/samples_known_object/11_stick/results/benchmark_vlm_qwen/vlm/stage1/evidence/frame00226_keypart_identity_check.png,/mnt/hdd/AudioHOI/samples_known_object/11_stick/results/benchmark_vlm_qwen/vlm/stage1/evidence/frame00226_keypart_identity_check.png,semantic_part_overlay,Which stick part is highlighted?,main_body|contact_region|support_region|tip_regions|grip_bands|background|unclear,mistral_llm_schema_validated,main_body|contact_region|support_region|tip_regions|grip_bands|background|unclear,hand_on_main_body|hand_on_contact_region|body_on_support_region|floor_support|persistent_two_palm_line|no_contact|unclear,forced_choice_gate_only_no_continuous_pose_or_loss
stick,stage1,227,9.416667,keypart_identity_check,/mnt/hdd/AudioHOI/samples_known_object/11_stick/results/benchmark_vlm_qwen/vlm/stage1/evidence/frame00227_keypart_identity_check.png,/mnt/hdd/AudioHOI/samples_known_object/11_stick/results/benchmark_vlm_qwen/vlm/stage1/evidence/frame00227_keypart_identity_check.png,semantic_part_overlay,Which stick part is highlighted?,main_body|contact_region|support_region|tip_regions|grip_bands|background|unclear,mistral_llm_schema_validated,main_body|contact_region|support_region|tip_regions|grip_bands|background|unclear,hand_on_main_body|hand_on_contact_region|body_on_support_region|floor_support|persistent_two_palm_line|no_contact|unclear,forced_choice_gate_only_no_continuous_pose_or_loss
stick,stage1,228,9.458333,keypart_identity_check,/mnt/hdd/AudioHOI/samples_known_object/11_stick/results/benchmark_vlm_qwen/vlm/stage1/evidence/frame00228_keypart_identity_check.png,/mnt/hdd/AudioHOI/samples_known_object/11_stick/results/benchmark_vlm_qwen/vlm/stage1/evidence/frame00228_keypart_identity_check.png,semantic_part_overlay,Which stick part is highlighted?,main_body|contact_region|support_region|tip_regions|grip_bands|background|unclear,mistral_llm_schema_validated,main_body|contact_region|support_region|tip_regions|grip_bands|background|unclear,hand_on_main_body|hand_on_contact_region|body_on_support_region|floor_support|persistent_two_palm_line|no_contact|unclear,forced_choice_gate_only_no_continuous_pose_or_loss
stick,stage1,229,9.500000,keypart_identity_check,/mnt/hdd/AudioHOI/samples_known_object/11_stick/results/benchmark_vlm_qwen/vlm/stage1/evidence/frame00229_keypart_identity_check.png,/mnt/hdd/AudioHOI/samples_known_object/11_stick/results/benchmark_vlm_qwen/vlm/stage1/evidence/frame00229_keypart_identity_check.png,semantic_part_overlay,Which stick part is highlighted?,main_body|contact_region|support_region|tip_regions|grip_bands|background|unclear,mistral_llm_schema_validated,main_body|contact_region|support_region|tip_regions|grip_bands|background|unclear,hand_on_main_body|hand_on_contact_region|body_on_support_region|floor_support|persistent_two_palm_line|no_contact|unclear,forced_choice_gate_only_no_continuous_pose_or_loss
stick,stage1,230,9.541667,keypart_identity_check,/mnt/hdd/AudioHOI/samples_known_object/11_stick/results/benchmark_vlm_qwen/vlm/stage1/evidence/frame00230_keypart_identity_check.png,/mnt/hdd/AudioHOI/samples_known_object/11_stick/results/benchmark_vlm_qwen/vlm/stage1/evidence/frame00230_keypart_identity_check.png,semantic_part_overlay,Which stick part is highlighted?,main_body|contact_region|support_region|tip_regions|grip_bands|background|unclear,mistral_llm_schema_validated,main_body|contact_region|support_region|tip_regions|grip_bands|background|unclear,hand_on_main_body|hand_on_contact_region|body_on_support_region|floor_support|persistent_two_palm_line|no_contact|unclear,forced_choice_gate_only_no_continuous_pose_or_loss
stick,stage1,231,9.583333,keypart_identity_check,/mnt/hdd/AudioHOI/samples_known_object/11_stick/results/benchmark_vlm_qwen/vlm/stage1/evidence/frame00231_keypart_identity_check.png,/mnt/hdd/AudioHOI/samples_known_object/11_stick/results/benchmark_vlm_qwen/vlm/stage1/evidence/frame00231_keypart_identity_check.png,semantic_part_overlay,Which stick part is highlighted?,main_body|contact_region|support_region|tip_regions|grip_bands|background|unclear,mistral_llm_schema_validated,main_body|contact_region|support_region|tip_regions|grip_bands|background|unclear,hand_on_main_body|hand_on_contact_region|body_on_support_region|floor_support|persistent_two_palm_line|no_contact|unclear,forced_choice_gate_only_no_continuous_pose_or_loss
stick,stage1,232,9.625000,keypart_identity_check,/mnt/hdd/AudioHOI/samples_known_object/11_stick/results/benchmark_vlm_qwen/vlm/stage1/evidence/frame00232_keypart_identity_check.png,/mnt/hdd/AudioHOI/samples_known_object/11_stick/results/benchmark_vlm_qwen/vlm/stage1/evidence/frame00232_keypart_identity_check.png,semantic_part_overlay,Which stick part is highlighted?,main_body|contact_region|support_region|tip_regions|grip_bands|background|unclear,mistral_llm_schema_validated,main_body|contact_region|support_region|tip_regions|grip_bands|background|unclear,hand_on_main_body|hand_on_contact_region|body_on_support_region|floor_support|persistent_two_palm_line|no_contact|unclear,forced_choice_gate_only_no_continuous_pose_or_loss
stick,stage1,233,9.666667,keypart_identity_check,/mnt/hdd/AudioHOI/samples_known_object/11_stick/results/benchmark_vlm_qwen/vlm/stage1/evidence/frame00233_keypart_identity_check.png,/mnt/hdd/AudioHOI/samples_known_object/11_stick/results/benchmark_vlm_qwen/vlm/stage1/evidence/frame00233_keypart_identity_check.png,semantic_part_overlay,Which stick part is highlighted?,main_body|contact_region|support_region|tip_regions|grip_bands|background|unclear,mistral_llm_schema_validated,main_body|contact_region|support_region|tip_regions|grip_bands|background|unclear,hand_on_main_body|hand_on_contact_region|body_on_support_region|floor_support|persistent_two_palm_line|no_contact|unclear,forced_choice_gate_only_no_continuous_pose_or_loss
stick,stage1,234,9.708333,keypart_identity_check,/mnt/hdd/AudioHOI/samples_known_object/11_stick/results/benchmark_vlm_qwen/vlm/stage1/evidence/frame00234_keypart_identity_check.png,/mnt/hdd/AudioHOI/samples_known_object/11_stick/results/benchmark_vlm_qwen/vlm/stage1/evidence/frame00234_keypart_identity_check.png,semantic_part_overlay,Which stick part is highlighted?,main_body|contact_region|support_region|tip_regions|grip_bands|background|unclear,mistral_llm_schema_validated,main_body|contact_region|support_region|tip_regions|grip_bands|background|unclear,hand_on_main_body|hand_on_contact_region|body_on_support_region|floor_support|persistent_two_palm_line|no_contact|unclear,forced_choice_gate_only_no_continuous_pose_or_loss
stick,stage1,235,9.750000,keypart_identity_check,/mnt/hdd/AudioHOI/samples_known_object/11_stick/results/benchmark_vlm_qwen/vlm/stage1/evidence/frame00235_keypart_identity_check.png,/mnt/hdd/AudioHOI/samples_known_object/11_stick/results/benchmark_vlm_qwen/vlm/stage1/evidence/frame00235_keypart_identity_check.png,semantic_part_overlay,Which stick part is highlighted?,main_body|contact_region|support_region|tip_regions|grip_bands|background|unclear,mistral_llm_schema_validated,main_body|contact_region|support_region|tip_regions|grip_bands|background|unclear,hand_on_main_body|hand_on_contact_region|body_on_support_region|floor_support|persistent_two_palm_line|no_contact|unclear,forced_choice_gate_only_no_continuous_pose_or_loss
stick,stage1,236,9.791667,keypart_identity_check,/mnt/hdd/AudioHOI/samples_known_object/11_stick/results/benchmark_vlm_qwen/vlm/stage1/evidence/frame00236_keypart_identity_check.png,/mnt/hdd/AudioHOI/samples_known_object/11_stick/results/benchmark_vlm_qwen/vlm/stage1/evidence/frame00236_keypart_identity_check.png,semantic_part_overlay,Which stick part is highlighted?,main_body|contact_region|support_region|tip_regions|grip_bands|background|unclear,mistral_llm_schema_validated,main_body|contact_region|support_region|tip_regions|grip_bands|background|unclear,hand_on_main_body|hand_on_contact_region|body_on_support_region|floor_support|persistent_two_palm_line|no_contact|unclear,forced_choice_gate_only_no_continuous_pose_or_loss
stick,stage1,237,9.833333,keypart_identity_check,/mnt/hdd/AudioHOI/samples_known_object/11_stick/results/benchmark_vlm_qwen/vlm/stage1/evidence/frame00237_keypart_identity_check.png,/mnt/hdd/AudioHOI/samples_known_object/11_stick/results/benchmark_vlm_qwen/vlm/stage1/evidence/frame00237_keypart_identity_check.png,semantic_part_overlay,Which stick part is highlighted?,main_body|contact_region|support_region|tip_regions|grip_bands|background|unclear,mistral_llm_schema_validated,main_body|contact_region|support_region|tip_regions|grip_bands|background|unclear,hand_on_main_body|hand_on_contact_region|body_on_support_region|floor_support|persistent_two_palm_line|no_contact|unclear,forced_choice_gate_only_no_continuous_pose_or_loss
stick,stage1,238,9.875000,keypart_identity_check,/mnt/hdd/AudioHOI/samples_known_object/11_stick/results/benchmark_vlm_qwen/vlm/stage1/evidence/frame00238_keypart_identity_check.png,/mnt/hdd/AudioHOI/samples_known_object/11_stick/results/benchmark_vlm_qwen/vlm/stage1/evidence/frame00238_keypart_identity_check.png,semantic_part_overlay,Which stick part is highlighted?,main_body|contact_region|support_region|tip_regions|grip_bands|background|unclear,mistral_llm_schema_validated,main_body|contact_region|support_region|tip_regions|grip_bands|background|unclear,hand_on_main_body|hand_on_contact_region|body_on_support_region|floor_support|persistent_two_palm_line|no_contact|unclear,forced_choice_gate_only_no_continuous_pose_or_loss
stick,stage1,239,9.916667,keypart_identity_check,/mnt/hdd/AudioHOI/samples_known_object/11_stick/results/benchmark_vlm_qwen/vlm/stage1/evidence/frame00239_keypart_identity_check.png,/mnt/hdd/AudioHOI/samples_known_object/11_stick/results/benchmark_vlm_qwen/vlm/stage1/evidence/frame00239_keypart_identity_check.png,semantic_part_overlay,Which stick part is highlighted?,main_body|contact_region|support_region|tip_regions|grip_bands|background|unclear,mistral_llm_schema_validated,main_body|contact_region|support_region|tip_regions|grip_bands|background|unclear,hand_on_main_body|hand_on_contact_region|body_on_support_region|floor_support|persistent_two_palm_line|no_contact|unclear,forced_choice_gate_only_no_continuous_pose_or_loss
stick,stage1,240,9.958333,keypart_identity_check,/mnt/hdd/AudioHOI/samples_known_object/11_stick/results/benchmark_vlm_qwen/vlm/stage1/evidence/frame00240_keypart_identity_check.png,/mnt/hdd/AudioHOI/samples_known_object/11_stick/results/benchmark_vlm_qwen/vlm/stage1/evidence/frame00240_keypart_identity_check.png,semantic_part_overlay,Which stick part is highlighted?,main_body|contact_region|support_region|tip_regions|grip_bands|background|unclear,mistral_llm_schema_validated,main_body|contact_region|support_region|tip_regions|grip_bands|background|unclear,hand_on_main_body|hand_on_contact_region|body_on_support_region|floor_support|persistent_two_palm_line|no_contact|unclear,forced_choice_gate_only_no_continuous_pose_or_loss
stick,stage1,1,0.000000,track_stability_check,/mnt/hdd/AudioHOI/samples_known_object/11_stick/results/benchmark_vlm_qwen/vlm/stage1/evidence/frame00001_track_stability_check.png,/mnt/hdd/AudioHOI/samples_known_object/11_stick/results/benchmark_vlm_qwen/vlm/stage1/evidence/frame00001_track_stability_check.png,"track_triplet_overlay:main_body,contact_region,support_region,tip_regions,grip_bands,unclear",Is the highlighted reference point or part stable and visually trackable across neighboring frames?,stable|unstable_due_to_occlusion|unstable_not_real_part|wrong_part|unclear,mistral_llm_schema_validated,main_body|contact_region|support_region|tip_regions|grip_bands|background|unclear,hand_on_main_body|hand_on_contact_region|body_on_support_region|floor_support|persistent_two_palm_line|no_contact|unclear,forced_choice_gate_only_no_continuous_pose_or_loss
stick,stage1,2,0.041667,track_stability_check,/mnt/hdd/AudioHOI/samples_known_object/11_stick/results/benchmark_vlm_qwen/vlm/stage1/evidence/frame00002_track_stability_check.png,/mnt/hdd/AudioHOI/samples_known_object/11_stick/results/benchmark_vlm_qwen/vlm/stage1/evidence/frame00002_track_stability_check.png,"track_triplet_overlay:main_body,contact_region,support_region,tip_regions,grip_bands,unclear",Is the highlighted reference point or part stable and visually trackable across neighboring frames?,stable|unstable_due_to_occlusion|unstable_not_real_part|wrong_part|unclear,mistral_llm_schema_validated,main_body|contact_region|support_region|tip_regions|grip_bands|background|unclear,hand_on_main_body|hand_on_contact_region|body_on_support_region|floor_support|persistent_two_palm_line|no_contact|unclear,forced_choice_gate_only_no_continuous_pose_or_loss
stick,stage1,3,0.083333,track_stability_check,/mnt/hdd/AudioHOI/samples_known_object/11_stick/results/benchmark_vlm_qwen/vlm/stage1/evidence/frame00003_track_stability_check.png,/mnt/hdd/AudioHOI/samples_known_object/11_stick/results/benchmark_vlm_qwen/vlm/stage1/evidence/frame00003_track_stability_check.png,"track_triplet_overlay:main_body,contact_region,support_region,tip_regions,grip_bands,unclear",Is the highlighted reference point or part stable and visually trackable across neighboring frames?,stable|unstable_due_to_occlusion|unstable_not_real_part|wrong_part|unclear,mistral_llm_schema_validated,main_body|contact_region|support_region|tip_regions|grip_bands|background|unclear,hand_on_main_body|hand_on_contact_region|body_on_support_region|floor_support|persistent_two_palm_line|no_contact|unclear,forced_choice_gate_only_no_continuous_pose_or_loss
stick,stage1,4,0.125000,track_stability_check,/mnt/hdd/AudioHOI/samples_known_object/11_stick/results/benchmark_vlm_qwen/vlm/stage1/evidence/frame00004_track_stability_check.png,/mnt/hdd/AudioHOI/samples_known_object/11_stick/results/benchmark_vlm_qwen/vlm/stage1/evidence/frame00004_track_stability_check.png,"track_triplet_overlay:main_body,contact_region,support_region,tip_regions,grip_bands,unclear",Is the highlighted reference point or part stable and visually trackable across neighboring frames?,stable|unstable_due_to_occlusion|unstable_not_real_part|wrong_part|unclear,mistral_llm_schema_validated,main_body|contact_region|support_region|tip_regions|grip_bands|background|unclear,hand_on_main_body|hand_on_contact_region|body_on_support_region|floor_support|persistent_two_palm_line|no_contact|unclear,forced_choice_gate_only_no_continuous_pose_or_loss
stick,stage1,5,0.166667,track_stability_check,/mnt/hdd/AudioHOI/samples_known_object/11_stick/results/benchmark_vlm_qwen/vlm/stage1/evidence/frame00005_track_stability_check.png,/mnt/hdd/AudioHOI/samples_known_object/11_stick/results/benchmark_vlm_qwen/vlm/stage1/evidence/frame00005_track_stability_check.png,"track_triplet_overlay:main_body,contact_region,support_region,tip_regions,grip_bands,unclear",Is the highlighted reference point or part stable and visually trackable across neighboring frames?,stable|unstable_due_to_occlusion|unstable_not_real_part|wrong_part|unclear,mistral_llm_schema_validated,main_body|contact_region|support_region|tip_regions|grip_bands|background|unclear,hand_on_main_body|hand_on_contact_region|body_on_support_region|floor_support|persistent_two_palm_line|no_contact|unclear,forced_choice_gate_only_no_continuous_pose_or_loss
stick,stage1,6,0.208333,track_stability_check,/mnt/hdd/AudioHOI/samples_known_object/11_stick/results/benchmark_vlm_qwen/vlm/stage1/evidence/frame00006_track_stability_check.png,/mnt/hdd/AudioHOI/samples_known_object/11_stick/results/benchmark_vlm_qwen/vlm/stage1/evidence/frame00006_track_stability_check.png,"track_triplet_overlay:main_body,contact_region,support_region,tip_regions,grip_bands,unclear",Is the highlighted reference point or part stable and visually trackable across neighboring frames?,stable|unstable_due_to_occlusion|unstable_not_real_part|wrong_part|unclear,mistral_llm_schema_validated,main_body|contact_region|support_region|tip_regions|grip_bands|background|unclear,hand_on_main_body|hand_on_contact_region|body_on_support_region|floor_support|persistent_two_palm_line|no_contact|unclear,forced_choice_gate_only_no_continuous_pose_or_loss
stick,stage1,7,0.250000,track_stability_check,/mnt/hdd/AudioHOI/samples_known_object/11_stick/results/benchmark_vlm_qwen/vlm/stage1/evidence/frame00007_track_stability_check.png,/mnt/hdd/AudioHOI/samples_known_object/11_stick/results/benchmark_vlm_qwen/vlm/stage1/evidence/frame00007_track_stability_check.png,"track_triplet_overlay:main_body,contact_region,support_region,tip_regions,grip_bands,unclear",Is the highlighted reference point or part stable and visually trackable across neighboring frames?,stable|unstable_due_to_occlusion|unstable_not_real_part|wrong_part|unclear,mistral_llm_schema_validated,main_body|contact_region|support_region|tip_regions|grip_bands|background|unclear,hand_on_main_body|hand_on_contact_region|body_on_support_region|floor_support|persistent_two_palm_line|no_contact|unclear,forced_choice_gate_only_no_continuous_pose_or_loss
stick,stage1,8,0.291667,track_stability_check,/mnt/hdd/AudioHOI/samples_known_object/11_stick/results/benchmark_vlm_qwen/vlm/stage1/evidence/frame00008_track_stability_check.png,/mnt/hdd/AudioHOI/samples_known_object/11_stick/results/benchmark_vlm_qwen/vlm/stage1/evidence/frame00008_track_stability_check.png,"track_triplet_overlay:main_body,contact_region,support_region,tip_regions,grip_bands,unclear",Is the highlighted reference point or part stable and visually trackable across neighboring frames?,stable|unstable_due_to_occlusion|unstable_not_real_part|wrong_part|unclear,mistral_llm_schema_validated,main_body|contact_region|support_region|tip_regions|grip_bands|background|unclear,hand_on_main_body|hand_on_contact_region|body_on_support_region|floor_support|persistent_two_palm_line|no_contact|unclear,forced_choice_gate_only_no_continuous_pose_or_loss
stick,stage1,9,0.333333,track_stability_check,/mnt/hdd/AudioHOI/samples_known_object/11_stick/results/benchmark_vlm_qwen/vlm/stage1/evidence/frame00009_track_stability_check.png,/mnt/hdd/AudioHOI/samples_known_object/11_stick/results/benchmark_vlm_qwen/vlm/stage1/evidence/frame00009_track_stability_check.png,"track_triplet_overlay:main_body,contact_region,support_region,tip_regions,grip_bands,unclear",Is the highlighted reference point or part stable and visually trackable across neighboring frames?,stable|unstable_due_to_occlusion|unstable_not_real_part|wrong_part|unclear,mistral_llm_schema_validated,main_body|contact_region|support_region|tip_regions|grip_bands|background|unclear,hand_on_main_body|hand_on_contact_region|body_on_support_region|floor_support|persistent_two_palm_line|no_contact|unclear,forced_choice_gate_only_no_continuous_pose_or_loss
stick,stage1,10,0.375000,track_stability_check,/mnt/hdd/AudioHOI/samples_known_object/11_stick/results/benchmark_vlm_qwen/vlm/stage1/evidence/frame00010_track_stability_check.png,/mnt/hdd/AudioHOI/samples_known_object/11_stick/results/benchmark_vlm_qwen/vlm/stage1/evidence/frame00010_track_stability_check.png,"track_triplet_overlay:main_body,contact_region,support_region,tip_regions,grip_bands,unclear",Is the highlighted reference point or part stable and visually trackable across neighboring frames?,stable|unstable_due_to_occlusion|unstable_not_real_part|wrong_part|unclear,mistral_llm_schema_validated,main_body|contact_region|support_region|tip_regions|grip_bands|background|unclear,hand_on_main_body|hand_on_contact_region|body_on_support_region|floor_support|persistent_two_palm_line|no_contact|unclear,forced_choice_gate_only_no_continuous_pose_or_loss
stick,stage1,11,0.416667,track_stability_check,/mnt/hdd/AudioHOI/samples_known_object/11_stick/results/benchmark_vlm_qwen/vlm/stage1/evidence/frame00011_track_stability_check.png,/mnt/hdd/AudioHOI/samples_known_object/11_stick/results/benchmark_vlm_qwen/vlm/stage1/evidence/frame00011_track_stability_check.png,"track_triplet_overlay:main_body,contact_region,support_region,tip_regions,grip_bands,unclear",Is the highlighted reference point or part stable and visually trackable across neighboring frames?,stable|unstable_due_to_occlusion|unstable_not_real_part|wrong_part|unclear,mistral_llm_schema_validated,main_body|contact_region|support_region|tip_regions|grip_bands|background|unclear,hand_on_main_body|hand_on_contact_region|body_on_support_region|floor_support|persistent_two_palm_line|no_contact|unclear,forced_choice_gate_only_no_continuous_pose_or_loss
stick,stage1,12,0.458333,track_stability_check,/mnt/hdd/AudioHOI/samples_known_object/11_stick/results/benchmark_vlm_qwen/vlm/stage1/evidence/frame00012_track_stability_check.png,/mnt/hdd/AudioHOI/samples_known_object/11_stick/results/benchmark_vlm_qwen/vlm/stage1/evidence/frame00012_track_stability_check.png,"track_triplet_overlay:main_body,contact_region,support_region,tip_regions,grip_bands,unclear",Is the highlighted reference point or part stable and visually trackable across neighboring frames?,stable|unstable_due_to_occlusion|unstable_not_real_part|wrong_part|unclear,mistral_llm_schema_validated,main_body|contact_region|support_region|tip_regions|grip_bands|background|unclear,hand_on_main_body|hand_on_contact_region|body_on_support_region|floor_support|persistent_two_palm_line|no_contact|unclear,forced_choice_gate_only_no_continuous_pose_or_loss
stick,stage1,13,0.500000,track_stability_check,/mnt/hdd/AudioHOI/samples_known_object/11_stick/results/benchmark_vlm_qwen/vlm/stage1/evidence/frame00013_track_stability_check.png,/mnt/hdd/AudioHOI/samples_known_object/11_stick/results/benchmark_vlm_qwen/vlm/stage1/evidence/frame00013_track_stability_check.png,"track_triplet_overlay:main_body,contact_region,support_region,tip_regions,grip_bands,unclear",Is the highlighted reference point or part stable and visually trackable across neighboring frames?,stable|unstable_due_to_occlusion|unstable_not_real_part|wrong_part|unclear,mistral_llm_schema_validated,main_body|contact_region|support_region|tip_regions|grip_bands|background|unclear,hand_on_main_body|hand_on_contact_region|body_on_support_region|floor_support|persistent_two_palm_line|no_contact|unclear,forced_choice_gate_only_no_continuous_pose_or_loss
stick,stage1,14,0.541667,track_stability_check,/mnt/hdd/AudioHOI/samples_known_object/11_stick/results/benchmark_vlm_qwen/vlm/stage1/evidence/frame00014_track_stability_check.png,/mnt/hdd/AudioHOI/samples_known_object/11_stick/results/benchmark_vlm_qwen/vlm/stage1/evidence/frame00014_track_stability_check.png,"track_triplet_overlay:main_body,contact_region,support_region,tip_regions,grip_bands,unclear",Is the highlighted reference point or part stable and visually trackable across neighboring frames?,stable|unstable_due_to_occlusion|unstable_not_real_part|wrong_part|unclear,mistral_llm_schema_validated,main_body|contact_region|support_region|tip_regions|grip_bands|background|unclear,hand_on_main_body|hand_on_contact_region|body_on_support_region|floor_support|persistent_two_palm_line|no_contact|unclear,forced_choice_gate_only_no_continuous_pose_or_loss
stick,stage1,15,0.583333,track_stability_check,/mnt/hdd/AudioHOI/samples_known_object/11_stick/results/benchmark_vlm_qwen/vlm/stage1/evidence/frame00015_track_stability_check.png,/mnt/hdd/AudioHOI/samples_known_object/11_stick/results/benchmark_vlm_qwen/vlm/stage1/evidence/frame00015_track_stability_check.png,"track_triplet_overlay:main_body,contact_region,support_region,tip_regions,grip_bands,unclear",Is the highlighted reference point or part stable and visually trackable across neighboring frames?,stable|unstable_due_to_occlusion|unstable_not_real_part|wrong_part|unclear,mistral_llm_schema_validated,main_body|contact_region|support_region|tip_regions|grip_bands|background|unclear,hand_on_main_body|hand_on_contact_region|body_on_support_region|floor_support|persistent_two_palm_line|no_contact|unclear,forced_choice_gate_only_no_continuous_pose_or_loss
stick,stage1,16,0.625000,track_stability_check,/mnt/hdd/AudioHOI/samples_known_object/11_stick/results/benchmark_vlm_qwen/vlm/stage1/evidence/frame00016_track_stability_check.png,/mnt/hdd/AudioHOI/samples_known_object/11_stick/results/benchmark_vlm_qwen/vlm/stage1/evidence/frame00016_track_stability_check.png,"track_triplet_overlay:main_body,contact_region,support_region,tip_regions,grip_bands,unclear",Is the highlighted reference point or part stable and visually trackable across neighboring frames?,stable|unstable_due_to_occlusion|unstable_not_real_part|wrong_part|unclear,mistral_llm_schema_validated,main_body|contact_region|support_region|tip_regions|grip_bands|background|unclear,hand_on_main_body|hand_on_contact_region|body_on_support_region|floor_support|persistent_two_palm_line|no_contact|unclear,forced_choice_gate_only_no_continuous_pose_or_loss
stick,stage1,17,0.666667,track_stability_check,/mnt/hdd/AudioHOI/samples_known_object/11_stick/results/benchmark_vlm_qwen/vlm/stage1/evidence/frame00017_track_stability_check.png,/mnt/hdd/AudioHOI/samples_known_object/11_stick/results/benchmark_vlm_qwen/vlm/stage1/evidence/frame00017_track_stability_check.png,"track_triplet_overlay:main_body,contact_region,support_region,tip_regions,grip_bands,unclear",Is the highlighted reference point or part stable and visually trackable across neighboring frames?,stable|unstable_due_to_occlusion|unstable_not_real_part|wrong_part|unclear,mistral_llm_schema_validated,main_body|contact_region|support_region|tip_regions|grip_bands|background|unclear,hand_on_main_body|hand_on_contact_region|body_on_support_region|floor_support|persistent_two_palm_line|no_contact|unclear,forced_choice_gate_only_no_continuous_pose_or_loss
stick,stage1,18,0.708333,track_stability_check,/mnt/hdd/AudioHOI/samples_known_object/11_stick/results/benchmark_vlm_qwen/vlm/stage1/evidence/frame00018_track_stability_check.png,/mnt/hdd/AudioHOI/samples_known_object/11_stick/results/benchmark_vlm_qwen/vlm/stage1/evidence/frame00018_track_stability_check.png,"track_triplet_overlay:main_body,contact_region,support_region,tip_regions,grip_bands,unclear",Is the highlighted reference point or part stable and visually trackable across neighboring frames?,stable|unstable_due_to_occlusion|unstable_not_real_part|wrong_part|unclear,mistral_llm_schema_validated,main_body|contact_region|support_region|tip_regions|grip_bands|background|unclear,hand_on_main_body|hand_on_contact_region|body_on_support_region|floor_support|persistent_two_palm_line|no_contact|unclear,forced_choice_gate_only_no_continuous_pose_or_loss
stick,stage1,19,0.750000,track_stability_check,/mnt/hdd/AudioHOI/samples_known_object/11_stick/results/benchmark_vlm_qwen/vlm/stage1/evidence/frame00019_track_stability_check.png,/mnt/hdd/AudioHOI/samples_known_object/11_stick/results/benchmark_vlm_qwen/vlm/stage1/evidence/frame00019_track_stability_check.png,"track_triplet_overlay:main_body,contact_region,support_region,tip_regions,grip_bands,unclear",Is the highlighted reference point or part stable and visually trackable across neighboring frames?,stable|unstable_due_to_occlusion|unstable_not_real_part|wrong_part|unclear,mistral_llm_schema_validated,main_body|contact_region|support_region|tip_regions|grip_bands|background|unclear,hand_on_main_body|hand_on_contact_region|body_on_support_region|floor_support|persistent_two_palm_line|no_contact|unclear,forced_choice_gate_only_no_continuous_pose_or_loss
stick,stage1,20,0.791667,track_stability_check,/mnt/hdd/AudioHOI/samples_known_object/11_stick/results/benchmark_vlm_qwen/vlm/stage1/evidence/frame00020_track_stability_check.png,/mnt/hdd/AudioHOI/samples_known_object/11_stick/results/benchmark_vlm_qwen/vlm/stage1/evidence/frame00020_track_stability_check.png,"track_triplet_overlay:main_body,contact_region,support_region,tip_regions,grip_bands,unclear",Is the highlighted reference point or part stable and visually trackable across neighboring frames?,stable|unstable_due_to_occlusion|unstable_not_real_part|wrong_part|unclear,mistral_llm_schema_validated,main_body|contact_region|support_region|tip_regions|grip_bands|background|unclear,hand_on_main_body|hand_on_contact_region|body_on_support_region|floor_support|persistent_two_palm_line|no_contact|unclear,forced_choice_gate_only_no_continuous_pose_or_loss
stick,stage1,21,0.833333,track_stability_check,/mnt/hdd/AudioHOI/samples_known_object/11_stick/results/benchmark_vlm_qwen/vlm/stage1/evidence/frame00021_track_stability_check.png,/mnt/hdd/AudioHOI/samples_known_object/11_stick/results/benchmark_vlm_qwen/vlm/stage1/evidence/frame00021_track_stability_check.png,"track_triplet_overlay:main_body,contact_region,support_region,tip_regions,grip_bands,unclear",Is the highlighted reference point or part stable and visually trackable across neighboring frames?,stable|unstable_due_to_occlusion|unstable_not_real_part|wrong_part|unclear,mistral_llm_schema_validated,main_body|contact_region|support_region|tip_regions|grip_bands|background|unclear,hand_on_main_body|hand_on_contact_region|body_on_support_region|floor_support|persistent_two_palm_line|no_contact|unclear,forced_choice_gate_only_no_continuous_pose_or_loss
stick,stage1,22,0.875000,track_stability_check,/mnt/hdd/AudioHOI/samples_known_object/11_stick/results/benchmark_vlm_qwen/vlm/stage1/evidence/frame00022_track_stability_check.png,/mnt/hdd/AudioHOI/samples_known_object/11_stick/results/benchmark_vlm_qwen/vlm/stage1/evidence/frame00022_track_stability_check.png,"track_triplet_overlay:main_body,contact_region,support_region,tip_regions,grip_bands,unclear",Is the highlighted reference point or part stable and visually trackable across neighboring frames?,stable|unstable_due_to_occlusion|unstable_not_real_part|wrong_part|unclear,mistral_llm_schema_validated,main_body|contact_region|support_region|tip_regions|grip_bands|background|unclear,hand_on_main_body|hand_on_contact_region|body_on_support_region|floor_support|persistent_two_palm_line|no_contact|unclear,forced_choice_gate_only_no_continuous_pose_or_loss
stick,stage1,23,0.916667,track_stability_check,/mnt/hdd/AudioHOI/samples_known_object/11_stick/results/benchmark_vlm_qwen/vlm/stage1/evidence/frame00023_track_stability_check.png,/mnt/hdd/AudioHOI/samples_known_object/11_stick/results/benchmark_vlm_qwen/vlm/stage1/evidence/frame00023_track_stability_check.png,"track_triplet_overlay:main_body,contact_region,support_region,tip_regions,grip_bands,unclear",Is the highlighted reference point or part stable and visually trackable across neighboring frames?,stable|unstable_due_to_occlusion|unstable_not_real_part|wrong_part|unclear,mistral_llm_schema_validated,main_body|contact_region|support_region|tip_regions|grip_bands|background|unclear,hand_on_main_body|hand_on_contact_region|body_on_support_region|floor_support|persistent_two_palm_line|no_contact|unclear,forced_choice_gate_only_no_continuous_pose_or_loss
stick,stage1,24,0.958333,track_stability_check,/mnt/hdd/AudioHOI/samples_known_object/11_stick/results/benchmark_vlm_qwen/vlm/stage1/evidence/frame00024_track_stability_check.png,/mnt/hdd/AudioHOI/samples_known_object/11_stick/results/benchmark_vlm_qwen/vlm/stage1/evidence/frame00024_track_stability_check.png,"track_triplet_overlay:main_body,contact_region,support_region,tip_regions,grip_bands,unclear",Is the highlighted reference point or part stable and visually trackable across neighboring frames?,stable|unstable_due_to_occlusion|unstable_not_real_part|wrong_part|unclear,mistral_llm_schema_validated,main_body|contact_region|support_region|tip_regions|grip_bands|background|unclear,hand_on_main_body|hand_on_contact_region|body_on_support_region|floor_support|persistent_two_palm_line|no_contact|unclear,forced_choice_gate_only_no_continuous_pose_or_loss
stick,stage1,25,1.000000,track_stability_check,/mnt/hdd/AudioHOI/samples_known_object/11_stick/results/benchmark_vlm_qwen/vlm/stage1/evidence/frame00025_track_stability_check.png,/mnt/hdd/AudioHOI/samples_known_object/11_stick/results/benchmark_vlm_qwen/vlm/stage1/evidence/frame00025_track_stability_check.png,"track_triplet_overlay:main_body,contact_region,support_region,tip_regions,grip_bands,unclear",Is the highlighted reference point or part stable and visually trackable across neighboring frames?,stable|unstable_due_to_occlusion|unstable_not_real_part|wrong_part|unclear,mistral_llm_schema_validated,main_body|contact_region|support_region|tip_regions|grip_bands|background|unclear,hand_on_main_body|hand_on_contact_region|body_on_support_region|floor_support|persistent_two_palm_line|no_contact|unclear,forced_choice_gate_only_no_continuous_pose_or_loss
stick,stage1,26,1.041667,track_stability_check,/mnt/hdd/AudioHOI/samples_known_object/11_stick/results/benchmark_vlm_qwen/vlm/stage1/evidence/frame00026_track_stability_check.png,/mnt/hdd/AudioHOI/samples_known_object/11_stick/results/benchmark_vlm_qwen/vlm/stage1/evidence/frame00026_track_stability_check.png,"track_triplet_overlay:main_body,contact_region,support_region,tip_regions,grip_bands,unclear",Is the highlighted reference point or part stable and visually trackable across neighboring frames?,stable|unstable_due_to_occlusion|unstable_not_real_part|wrong_part|unclear,mistral_llm_schema_validated,main_body|contact_region|support_region|tip_regions|grip_bands|background|unclear,hand_on_main_body|hand_on_contact_region|body_on_support_region|floor_support|persistent_two_palm_line|no_contact|unclear,forced_choice_gate_only_no_continuous_pose_or_loss
stick,stage1,27,1.083333,track_stability_check,/mnt/hdd/AudioHOI/samples_known_object/11_stick/results/benchmark_vlm_qwen/vlm/stage1/evidence/frame00027_track_stability_check.png,/mnt/hdd/AudioHOI/samples_known_object/11_stick/results/benchmark_vlm_qwen/vlm/stage1/evidence/frame00027_track_stability_check.png,"track_triplet_overlay:main_body,contact_region,support_region,tip_regions,grip_bands,unclear",Is the highlighted reference point or part stable and visually trackable across neighboring frames?,stable|unstable_due_to_occlusion|unstable_not_real_part|wrong_part|unclear,mistral_llm_schema_validated,main_body|contact_region|support_region|tip_regions|grip_bands|background|unclear,hand_on_main_body|hand_on_contact_region|body_on_support_region|floor_support|persistent_two_palm_line|no_contact|unclear,forced_choice_gate_only_no_continuous_pose_or_loss
stick,stage1,28,1.125000,track_stability_check,/mnt/hdd/AudioHOI/samples_known_object/11_stick/results/benchmark_vlm_qwen/vlm/stage1/evidence/frame00028_track_stability_check.png,/mnt/hdd/AudioHOI/samples_known_object/11_stick/results/benchmark_vlm_qwen/vlm/stage1/evidence/frame00028_track_stability_check.png,"track_triplet_overlay:main_body,contact_region,support_region,tip_regions,grip_bands,unclear",Is the highlighted reference point or part stable and visually trackable across neighboring frames?,stable|unstable_due_to_occlusion|unstable_not_real_part|wrong_part|unclear,mistral_llm_schema_validated,main_body|contact_region|support_region|tip_regions|grip_bands|background|unclear,hand_on_main_body|hand_on_contact_region|body_on_support_region|floor_support|persistent_two_palm_line|no_contact|unclear,forced_choice_gate_only_no_continuous_pose_or_loss
stick,stage1,29,1.166667,track_stability_check,/mnt/hdd/AudioHOI/samples_known_object/11_stick/results/benchmark_vlm_qwen/vlm/stage1/evidence/frame00029_track_stability_check.png,/mnt/hdd/AudioHOI/samples_known_object/11_stick/results/benchmark_vlm_qwen/vlm/stage1/evidence/frame00029_track_stability_check.png,"track_triplet_overlay:main_body,contact_region,support_region,tip_regions,grip_bands,unclear",Is the highlighted reference point or part stable and visually trackable across neighboring frames?,stable|unstable_due_to_occlusion|unstable_not_real_part|wrong_part|unclear,mistral_llm_schema_validated,main_body|contact_region|support_region|tip_regions|grip_bands|background|unclear,hand_on_main_body|hand_on_contact_region|body_on_support_region|floor_support|persistent_two_palm_line|no_contact|unclear,forced_choice_gate_only_no_continuous_pose_or_loss
stick,stage1,30,1.208333,track_stability_check,/mnt/hdd/AudioHOI/samples_known_object/11_stick/results/benchmark_vlm_qwen/vlm/stage1/evidence/frame00030_track_stability_check.png,/mnt/hdd/AudioHOI/samples_known_object/11_stick/results/benchmark_vlm_qwen/vlm/stage1/evidence/frame00030_track_stability_check.png,"track_triplet_overlay:main_body,contact_region,support_region,tip_regions,grip_bands,unclear",Is the highlighted reference point or part stable and visually trackable across neighboring frames?,stable|unstable_due_to_occlusion|unstable_not_real_part|wrong_part|unclear,mistral_llm_schema_validated,main_body|contact_region|support_region|tip_regions|grip_bands|background|unclear,hand_on_main_body|hand_on_contact_region|body_on_support_region|floor_support|persistent_two_palm_line|no_contact|unclear,forced_choice_gate_only_no_continuous_pose_or_loss
stick,stage1,31,1.250000,track_stability_check,/mnt/hdd/AudioHOI/samples_known_object/11_stick/results/benchmark_vlm_qwen/vlm/stage1/evidence/frame00031_track_stability_check.png,/mnt/hdd/AudioHOI/samples_known_object/11_stick/results/benchmark_vlm_qwen/vlm/stage1/evidence/frame00031_track_stability_check.png,"track_triplet_overlay:main_body,contact_region,support_region,tip_regions,grip_bands,unclear",Is the highlighted reference point or part stable and visually trackable across neighboring frames?,stable|unstable_due_to_occlusion|unstable_not_real_part|wrong_part|unclear,mistral_llm_schema_validated,main_body|contact_region|support_region|tip_regions|grip_bands|background|unclear,hand_on_main_body|hand_on_contact_region|body_on_support_region|floor_support|persistent_two_palm_line|no_contact|unclear,forced_choice_gate_only_no_continuous_pose_or_loss
stick,stage1,32,1.291667,track_stability_check,/mnt/hdd/AudioHOI/samples_known_object/11_stick/results/benchmark_vlm_qwen/vlm/stage1/evidence/frame00032_track_stability_check.png,/mnt/hdd/AudioHOI/samples_known_object/11_stick/results/benchmark_vlm_qwen/vlm/stage1/evidence/frame00032_track_stability_check.png,"track_triplet_overlay:main_body,contact_region,support_region,tip_regions,grip_bands,unclear",Is the highlighted reference point or part stable and visually trackable across neighboring frames?,stable|unstable_due_to_occlusion|unstable_not_real_part|wrong_part|unclear,mistral_llm_schema_validated,main_body|contact_region|support_region|tip_regions|grip_bands|background|unclear,hand_on_main_body|hand_on_contact_region|body_on_support_region|floor_support|persistent_two_palm_line|no_contact|unclear,forced_choice_gate_only_no_continuous_pose_or_loss
stick,stage1,33,1.333333,track_stability_check,/mnt/hdd/AudioHOI/samples_known_object/11_stick/results/benchmark_vlm_qwen/vlm/stage1/evidence/frame00033_track_stability_check.png,/mnt/hdd/AudioHOI/samples_known_object/11_stick/results/benchmark_vlm_qwen/vlm/stage1/evidence/frame00033_track_stability_check.png,"track_triplet_overlay:main_body,contact_region,support_region,tip_regions,grip_bands,unclear",Is the highlighted reference point or part stable and visually trackable across neighboring frames?,stable|unstable_due_to_occlusion|unstable_not_real_part|wrong_part|unclear,mistral_llm_schema_validated,main_body|contact_region|support_region|tip_regions|grip_bands|background|unclear,hand_on_main_body|hand_on_contact_region|body_on_support_region|floor_support|persistent_two_palm_line|no_contact|unclear,forced_choice_gate_only_no_continuous_pose_or_loss
stick,stage1,34,1.375000,track_stability_check,/mnt/hdd/AudioHOI/samples_known_object/11_stick/results/benchmark_vlm_qwen/vlm/stage1/evidence/frame00034_track_stability_check.png,/mnt/hdd/AudioHOI/samples_known_object/11_stick/results/benchmark_vlm_qwen/vlm/stage1/evidence/frame00034_track_stability_check.png,"track_triplet_overlay:main_body,contact_region,support_region,tip_regions,grip_bands,unclear",Is the highlighted reference point or part stable and visually trackable across neighboring frames?,stable|unstable_due_to_occlusion|unstable_not_real_part|wrong_part|unclear,mistral_llm_schema_validated,main_body|contact_region|support_region|tip_regions|grip_bands|background|unclear,hand_on_main_body|hand_on_contact_region|body_on_support_region|floor_support|persistent_two_palm_line|no_contact|unclear,forced_choice_gate_only_no_continuous_pose_or_loss
stick,stage1,35,1.416667,track_stability_check,/mnt/hdd/AudioHOI/samples_known_object/11_stick/results/benchmark_vlm_qwen/vlm/stage1/evidence/frame00035_track_stability_check.png,/mnt/hdd/AudioHOI/samples_known_object/11_stick/results/benchmark_vlm_qwen/vlm/stage1/evidence/frame00035_track_stability_check.png,"track_triplet_overlay:main_body,contact_region,support_region,tip_regions,grip_bands,unclear",Is the highlighted reference point or part stable and visually trackable across neighboring frames?,stable|unstable_due_to_occlusion|unstable_not_real_part|wrong_part|unclear,mistral_llm_schema_validated,main_body|contact_region|support_region|tip_regions|grip_bands|background|unclear,hand_on_main_body|hand_on_contact_region|body_on_support_region|floor_support|persistent_two_palm_line|no_contact|unclear,forced_choice_gate_only_no_continuous_pose_or_loss
stick,stage1,36,1.458333,track_stability_check,/mnt/hdd/AudioHOI/samples_known_object/11_stick/results/benchmark_vlm_qwen/vlm/stage1/evidence/frame00036_track_stability_check.png,/mnt/hdd/AudioHOI/samples_known_object/11_stick/results/benchmark_vlm_qwen/vlm/stage1/evidence/frame00036_track_stability_check.png,"track_triplet_overlay:main_body,contact_region,support_region,tip_regions,grip_bands,unclear",Is the highlighted reference point or part stable and visually trackable across neighboring frames?,stable|unstable_due_to_occlusion|unstable_not_real_part|wrong_part|unclear,mistral_llm_schema_validated,main_body|contact_region|support_region|tip_regions|grip_bands|background|unclear,hand_on_main_body|hand_on_contact_region|body_on_support_region|floor_support|persistent_two_palm_line|no_contact|unclear,forced_choice_gate_only_no_continuous_pose_or_loss
stick,stage1,37,1.500000,track_stability_check,/mnt/hdd/AudioHOI/samples_known_object/11_stick/results/benchmark_vlm_qwen/vlm/stage1/evidence/frame00037_track_stability_check.png,/mnt/hdd/AudioHOI/samples_known_object/11_stick/results/benchmark_vlm_qwen/vlm/stage1/evidence/frame00037_track_stability_check.png,"track_triplet_overlay:main_body,contact_region,support_region,tip_regions,grip_bands,unclear",Is the highlighted reference point or part stable and visually trackable across neighboring frames?,stable|unstable_due_to_occlusion|unstable_not_real_part|wrong_part|unclear,mistral_llm_schema_validated,main_body|contact_region|support_region|tip_regions|grip_bands|background|unclear,hand_on_main_body|hand_on_contact_region|body_on_support_region|floor_support|persistent_two_palm_line|no_contact|unclear,forced_choice_gate_only_no_continuous_pose_or_loss
stick,stage1,38,1.541667,track_stability_check,/mnt/hdd/AudioHOI/samples_known_object/11_stick/results/benchmark_vlm_qwen/vlm/stage1/evidence/frame00038_track_stability_check.png,/mnt/hdd/AudioHOI/samples_known_object/11_stick/results/benchmark_vlm_qwen/vlm/stage1/evidence/frame00038_track_stability_check.png,"track_triplet_overlay:main_body,contact_region,support_region,tip_regions,grip_bands,unclear",Is the highlighted reference point or part stable and visually trackable across neighboring frames?,stable|unstable_due_to_occlusion|unstable_not_real_part|wrong_part|unclear,mistral_llm_schema_validated,main_body|contact_region|support_region|tip_regions|grip_bands|background|unclear,hand_on_main_body|hand_on_contact_region|body_on_support_region|floor_support|persistent_two_palm_line|no_contact|unclear,forced_choice_gate_only_no_continuous_pose_or_loss
stick,stage1,39,1.583333,track_stability_check,/mnt/hdd/AudioHOI/samples_known_object/11_stick/results/benchmark_vlm_qwen/vlm/stage1/evidence/frame00039_track_stability_check.png,/mnt/hdd/AudioHOI/samples_known_object/11_stick/results/benchmark_vlm_qwen/vlm/stage1/evidence/frame00039_track_stability_check.png,"track_triplet_overlay:main_body,contact_region,support_region,tip_regions,grip_bands,unclear",Is the highlighted reference point or part stable and visually trackable across neighboring frames?,stable|unstable_due_to_occlusion|unstable_not_real_part|wrong_part|unclear,mistral_llm_schema_validated,main_body|contact_region|support_region|tip_regions|grip_bands|background|unclear,hand_on_main_body|hand_on_contact_region|body_on_support_region|floor_support|persistent_two_palm_line|no_contact|unclear,forced_choice_gate_only_no_continuous_pose_or_loss
stick,stage1,40,1.625000,track_stability_check,/mnt/hdd/AudioHOI/samples_known_object/11_stick/results/benchmark_vlm_qwen/vlm/stage1/evidence/frame00040_track_stability_check.png,/mnt/hdd/AudioHOI/samples_known_object/11_stick/results/benchmark_vlm_qwen/vlm/stage1/evidence/frame00040_track_stability_check.png,"track_triplet_overlay:main_body,contact_region,support_region,tip_regions,grip_bands,unclear",Is the highlighted reference point or part stable and visually trackable across neighboring frames?,stable|unstable_due_to_occlusion|unstable_not_real_part|wrong_part|unclear,mistral_llm_schema_validated,main_body|contact_region|support_region|tip_regions|grip_bands|background|unclear,hand_on_main_body|hand_on_contact_region|body_on_support_region|floor_support|persistent_two_palm_line|no_contact|unclear,forced_choice_gate_only_no_continuous_pose_or_loss
stick,stage1,41,1.666667,track_stability_check,/mnt/hdd/AudioHOI/samples_known_object/11_stick/results/benchmark_vlm_qwen/vlm/stage1/evidence/frame00041_track_stability_check.png,/mnt/hdd/AudioHOI/samples_known_object/11_stick/results/benchmark_vlm_qwen/vlm/stage1/evidence/frame00041_track_stability_check.png,"track_triplet_overlay:main_body,contact_region,support_region,tip_regions,grip_bands,unclear",Is the highlighted reference point or part stable and visually trackable across neighboring frames?,stable|unstable_due_to_occlusion|unstable_not_real_part|wrong_part|unclear,mistral_llm_schema_validated,main_body|contact_region|support_region|tip_regions|grip_bands|background|unclear,hand_on_main_body|hand_on_contact_region|body_on_support_region|floor_support|persistent_two_palm_line|no_contact|unclear,forced_choice_gate_only_no_continuous_pose_or_loss
stick,stage1,42,1.708333,track_stability_check,/mnt/hdd/AudioHOI/samples_known_object/11_stick/results/benchmark_vlm_qwen/vlm/stage1/evidence/frame00042_track_stability_check.png,/mnt/hdd/AudioHOI/samples_known_object/11_stick/results/benchmark_vlm_qwen/vlm/stage1/evidence/frame00042_track_stability_check.png,"track_triplet_overlay:main_body,contact_region,support_region,tip_regions,grip_bands,unclear",Is the highlighted reference point or part stable and visually trackable across neighboring frames?,stable|unstable_due_to_occlusion|unstable_not_real_part|wrong_part|unclear,mistral_llm_schema_validated,main_body|contact_region|support_region|tip_regions|grip_bands|background|unclear,hand_on_main_body|hand_on_contact_region|body_on_support_region|floor_support|persistent_two_palm_line|no_contact|unclear,forced_choice_gate_only_no_continuous_pose_or_loss
stick,stage1,43,1.750000,track_stability_check,/mnt/hdd/AudioHOI/samples_known_object/11_stick/results/benchmark_vlm_qwen/vlm/stage1/evidence/frame00043_track_stability_check.png,/mnt/hdd/AudioHOI/samples_known_object/11_stick/results/benchmark_vlm_qwen/vlm/stage1/evidence/frame00043_track_stability_check.png,"track_triplet_overlay:main_body,contact_region,support_region,tip_regions,grip_bands,unclear",Is the highlighted reference point or part stable and visually trackable across neighboring frames?,stable|unstable_due_to_occlusion|unstable_not_real_part|wrong_part|unclear,mistral_llm_schema_validated,main_body|contact_region|support_region|tip_regions|grip_bands|background|unclear,hand_on_main_body|hand_on_contact_region|body_on_support_region|floor_support|persistent_two_palm_line|no_contact|unclear,forced_choice_gate_only_no_continuous_pose_or_loss
stick,stage1,44,1.791667,track_stability_check,/mnt/hdd/AudioHOI/samples_known_object/11_stick/results/benchmark_vlm_qwen/vlm/stage1/evidence/frame00044_track_stability_check.png,/mnt/hdd/AudioHOI/samples_known_object/11_stick/results/benchmark_vlm_qwen/vlm/stage1/evidence/frame00044_track_stability_check.png,"track_triplet_overlay:main_body,contact_region,support_region,tip_regions,grip_bands,unclear",Is the highlighted reference point or part stable and visually trackable across neighboring frames?,stable|unstable_due_to_occlusion|unstable_not_real_part|wrong_part|unclear,mistral_llm_schema_validated,main_body|contact_region|support_region|tip_regions|grip_bands|background|unclear,hand_on_main_body|hand_on_contact_region|body_on_support_region|floor_support|persistent_two_palm_line|no_contact|unclear,forced_choice_gate_only_no_continuous_pose_or_loss
stick,stage1,45,1.833333,track_stability_check,/mnt/hdd/AudioHOI/samples_known_object/11_stick/results/benchmark_vlm_qwen/vlm/stage1/evidence/frame00045_track_stability_check.png,/mnt/hdd/AudioHOI/samples_known_object/11_stick/results/benchmark_vlm_qwen/vlm/stage1/evidence/frame00045_track_stability_check.png,"track_triplet_overlay:main_body,contact_region,support_region,tip_regions,grip_bands,unclear",Is the highlighted reference point or part stable and visually trackable across neighboring frames?,stable|unstable_due_to_occlusion|unstable_not_real_part|wrong_part|unclear,mistral_llm_schema_validated,main_body|contact_region|support_region|tip_regions|grip_bands|background|unclear,hand_on_main_body|hand_on_contact_region|body_on_support_region|floor_support|persistent_two_palm_line|no_contact|unclear,forced_choice_gate_only_no_continuous_pose_or_loss
stick,stage1,46,1.875000,track_stability_check,/mnt/hdd/AudioHOI/samples_known_object/11_stick/results/benchmark_vlm_qwen/vlm/stage1/evidence/frame00046_track_stability_check.png,/mnt/hdd/AudioHOI/samples_known_object/11_stick/results/benchmark_vlm_qwen/vlm/stage1/evidence/frame00046_track_stability_check.png,"track_triplet_overlay:main_body,contact_region,support_region,tip_regions,grip_bands,unclear",Is the highlighted reference point or part stable and visually trackable across neighboring frames?,stable|unstable_due_to_occlusion|unstable_not_real_part|wrong_part|unclear,mistral_llm_schema_validated,main_body|contact_region|support_region|tip_regions|grip_bands|background|unclear,hand_on_main_body|hand_on_contact_region|body_on_support_region|floor_support|persistent_two_palm_line|no_contact|unclear,forced_choice_gate_only_no_continuous_pose_or_loss
stick,stage1,47,1.916667,track_stability_check,/mnt/hdd/AudioHOI/samples_known_object/11_stick/results/benchmark_vlm_qwen/vlm/stage1/evidence/frame00047_track_stability_check.png,/mnt/hdd/AudioHOI/samples_known_object/11_stick/results/benchmark_vlm_qwen/vlm/stage1/evidence/frame00047_track_stability_check.png,"track_triplet_overlay:main_body,contact_region,support_region,tip_regions,grip_bands,unclear",Is the highlighted reference point or part stable and visually trackable across neighboring frames?,stable|unstable_due_to_occlusion|unstable_not_real_part|wrong_part|unclear,mistral_llm_schema_validated,main_body|contact_region|support_region|tip_regions|grip_bands|background|unclear,hand_on_main_body|hand_on_contact_region|body_on_support_region|floor_support|persistent_two_palm_line|no_contact|unclear,forced_choice_gate_only_no_continuous_pose_or_loss
stick,stage1,48,1.958333,track_stability_check,/mnt/hdd/AudioHOI/samples_known_object/11_stick/results/benchmark_vlm_qwen/vlm/stage1/evidence/frame00048_track_stability_check.png,/mnt/hdd/AudioHOI/samples_known_object/11_stick/results/benchmark_vlm_qwen/vlm/stage1/evidence/frame00048_track_stability_check.png,"track_triplet_overlay:main_body,contact_region,support_region,tip_regions,grip_bands,unclear",Is the highlighted reference point or part stable and visually trackable across neighboring frames?,stable|unstable_due_to_occlusion|unstable_not_real_part|wrong_part|unclear,mistral_llm_schema_validated,main_body|contact_region|support_region|tip_regions|grip_bands|background|unclear,hand_on_main_body|hand_on_contact_region|body_on_support_region|floor_support|persistent_two_palm_line|no_contact|unclear,forced_choice_gate_only_no_continuous_pose_or_loss
stick,stage1,49,2.000000,track_stability_check,/mnt/hdd/AudioHOI/samples_known_object/11_stick/results/benchmark_vlm_qwen/vlm/stage1/evidence/frame00049_track_stability_check.png,/mnt/hdd/AudioHOI/samples_known_object/11_stick/results/benchmark_vlm_qwen/vlm/stage1/evidence/frame00049_track_stability_check.png,"track_triplet_overlay:main_body,contact_region,support_region,tip_regions,grip_bands,unclear",Is the highlighted reference point or part stable and visually trackable across neighboring frames?,stable|unstable_due_to_occlusion|unstable_not_real_part|wrong_part|unclear,mistral_llm_schema_validated,main_body|contact_region|support_region|tip_regions|grip_bands|background|unclear,hand_on_main_body|hand_on_contact_region|body_on_support_region|floor_support|persistent_two_palm_line|no_contact|unclear,forced_choice_gate_only_no_continuous_pose_or_loss
stick,stage1,50,2.041667,track_stability_check,/mnt/hdd/AudioHOI/samples_known_object/11_stick/results/benchmark_vlm_qwen/vlm/stage1/evidence/frame00050_track_stability_check.png,/mnt/hdd/AudioHOI/samples_known_object/11_stick/results/benchmark_vlm_qwen/vlm/stage1/evidence/frame00050_track_stability_check.png,"track_triplet_overlay:main_body,contact_region,support_region,tip_regions,grip_bands,unclear",Is the highlighted reference point or part stable and visually trackable across neighboring frames?,stable|unstable_due_to_occlusion|unstable_not_real_part|wrong_part|unclear,mistral_llm_schema_validated,main_body|contact_region|support_region|tip_regions|grip_bands|background|unclear,hand_on_main_body|hand_on_contact_region|body_on_support_region|floor_support|persistent_two_palm_line|no_contact|unclear,forced_choice_gate_only_no_continuous_pose_or_loss
stick,stage1,51,2.083333,track_stability_check,/mnt/hdd/AudioHOI/samples_known_object/11_stick/results/benchmark_vlm_qwen/vlm/stage1/evidence/frame00051_track_stability_check.png,/mnt/hdd/AudioHOI/samples_known_object/11_stick/results/benchmark_vlm_qwen/vlm/stage1/evidence/frame00051_track_stability_check.png,"track_triplet_overlay:main_body,contact_region,support_region,tip_regions,grip_bands,unclear",Is the highlighted reference point or part stable and visually trackable across neighboring frames?,stable|unstable_due_to_occlusion|unstable_not_real_part|wrong_part|unclear,mistral_llm_schema_validated,main_body|contact_region|support_region|tip_regions|grip_bands|background|unclear,hand_on_main_body|hand_on_contact_region|body_on_support_region|floor_support|persistent_two_palm_line|no_contact|unclear,forced_choice_gate_only_no_continuous_pose_or_loss
stick,stage1,52,2.125000,track_stability_check,/mnt/hdd/AudioHOI/samples_known_object/11_stick/results/benchmark_vlm_qwen/vlm/stage1/evidence/frame00052_track_stability_check.png,/mnt/hdd/AudioHOI/samples_known_object/11_stick/results/benchmark_vlm_qwen/vlm/stage1/evidence/frame00052_track_stability_check.png,"track_triplet_overlay:main_body,contact_region,support_region,tip_regions,grip_bands,unclear",Is the highlighted reference point or part stable and visually trackable across neighboring frames?,stable|unstable_due_to_occlusion|unstable_not_real_part|wrong_part|unclear,mistral_llm_schema_validated,main_body|contact_region|support_region|tip_regions|grip_bands|background|unclear,hand_on_main_body|hand_on_contact_region|body_on_support_region|floor_support|persistent_two_palm_line|no_contact|unclear,forced_choice_gate_only_no_continuous_pose_or_loss
stick,stage1,53,2.166667,track_stability_check,/mnt/hdd/AudioHOI/samples_known_object/11_stick/results/benchmark_vlm_qwen/vlm/stage1/evidence/frame00053_track_stability_check.png,/mnt/hdd/AudioHOI/samples_known_object/11_stick/results/benchmark_vlm_qwen/vlm/stage1/evidence/frame00053_track_stability_check.png,"track_triplet_overlay:main_body,contact_region,support_region,tip_regions,grip_bands,unclear",Is the highlighted reference point or part stable and visually trackable across neighboring frames?,stable|unstable_due_to_occlusion|unstable_not_real_part|wrong_part|unclear,mistral_llm_schema_validated,main_body|contact_region|support_region|tip_regions|grip_bands|background|unclear,hand_on_main_body|hand_on_contact_region|body_on_support_region|floor_support|persistent_two_palm_line|no_contact|unclear,forced_choice_gate_only_no_continuous_pose_or_loss
stick,stage1,54,2.208333,track_stability_check,/mnt/hdd/AudioHOI/samples_known_object/11_stick/results/benchmark_vlm_qwen/vlm/stage1/evidence/frame00054_track_stability_check.png,/mnt/hdd/AudioHOI/samples_known_object/11_stick/results/benchmark_vlm_qwen/vlm/stage1/evidence/frame00054_track_stability_check.png,"track_triplet_overlay:main_body,contact_region,support_region,tip_regions,grip_bands,unclear",Is the highlighted reference point or part stable and visually trackable across neighboring frames?,stable|unstable_due_to_occlusion|unstable_not_real_part|wrong_part|unclear,mistral_llm_schema_validated,main_body|contact_region|support_region|tip_regions|grip_bands|background|unclear,hand_on_main_body|hand_on_contact_region|body_on_support_region|floor_support|persistent_two_palm_line|no_contact|unclear,forced_choice_gate_only_no_continuous_pose_or_loss
stick,stage1,55,2.250000,track_stability_check,/mnt/hdd/AudioHOI/samples_known_object/11_stick/results/benchmark_vlm_qwen/vlm/stage1/evidence/frame00055_track_stability_check.png,/mnt/hdd/AudioHOI/samples_known_object/11_stick/results/benchmark_vlm_qwen/vlm/stage1/evidence/frame00055_track_stability_check.png,"track_triplet_overlay:main_body,contact_region,support_region,tip_regions,grip_bands,unclear",Is the highlighted reference point or part stable and visually trackable across neighboring frames?,stable|unstable_due_to_occlusion|unstable_not_real_part|wrong_part|unclear,mistral_llm_schema_validated,main_body|contact_region|support_region|tip_regions|grip_bands|background|unclear,hand_on_main_body|hand_on_contact_region|body_on_support_region|floor_support|persistent_two_palm_line|no_contact|unclear,forced_choice_gate_only_no_continuous_pose_or_loss
stick,stage1,56,2.291667,track_stability_check,/mnt/hdd/AudioHOI/samples_known_object/11_stick/results/benchmark_vlm_qwen/vlm/stage1/evidence/frame00056_track_stability_check.png,/mnt/hdd/AudioHOI/samples_known_object/11_stick/results/benchmark_vlm_qwen/vlm/stage1/evidence/frame00056_track_stability_check.png,"track_triplet_overlay:main_body,contact_region,support_region,tip_regions,grip_bands,unclear",Is the highlighted reference point or part stable and visually trackable across neighboring frames?,stable|unstable_due_to_occlusion|unstable_not_real_part|wrong_part|unclear,mistral_llm_schema_validated,main_body|contact_region|support_region|tip_regions|grip_bands|background|unclear,hand_on_main_body|hand_on_contact_region|body_on_support_region|floor_support|persistent_two_palm_line|no_contact|unclear,forced_choice_gate_only_no_continuous_pose_or_loss
stick,stage1,57,2.333333,track_stability_check,/mnt/hdd/AudioHOI/samples_known_object/11_stick/results/benchmark_vlm_qwen/vlm/stage1/evidence/frame00057_track_stability_check.png,/mnt/hdd/AudioHOI/samples_known_object/11_stick/results/benchmark_vlm_qwen/vlm/stage1/evidence/frame00057_track_stability_check.png,"track_triplet_overlay:main_body,contact_region,support_region,tip_regions,grip_bands,unclear",Is the highlighted reference point or part stable and visually trackable across neighboring frames?,stable|unstable_due_to_occlusion|unstable_not_real_part|wrong_part|unclear,mistral_llm_schema_validated,main_body|contact_region|support_region|tip_regions|grip_bands|background|unclear,hand_on_main_body|hand_on_contact_region|body_on_support_region|floor_support|persistent_two_palm_line|no_contact|unclear,forced_choice_gate_only_no_continuous_pose_or_loss
stick,stage1,58,2.375000,track_stability_check,/mnt/hdd/AudioHOI/samples_known_object/11_stick/results/benchmark_vlm_qwen/vlm/stage1/evidence/frame00058_track_stability_check.png,/mnt/hdd/AudioHOI/samples_known_object/11_stick/results/benchmark_vlm_qwen/vlm/stage1/evidence/frame00058_track_stability_check.png,"track_triplet_overlay:main_body,contact_region,support_region,tip_regions,grip_bands,unclear",Is the highlighted reference point or part stable and visually trackable across neighboring frames?,stable|unstable_due_to_occlusion|unstable_not_real_part|wrong_part|unclear,mistral_llm_schema_validated,main_body|contact_region|support_region|tip_regions|grip_bands|background|unclear,hand_on_main_body|hand_on_contact_region|body_on_support_region|floor_support|persistent_two_palm_line|no_contact|unclear,forced_choice_gate_only_no_continuous_pose_or_loss
stick,stage1,59,2.416667,track_stability_check,/mnt/hdd/AudioHOI/samples_known_object/11_stick/results/benchmark_vlm_qwen/vlm/stage1/evidence/frame00059_track_stability_check.png,/mnt/hdd/AudioHOI/samples_known_object/11_stick/results/benchmark_vlm_qwen/vlm/stage1/evidence/frame00059_track_stability_check.png,"track_triplet_overlay:main_body,contact_region,support_region,tip_regions,grip_bands,unclear",Is the highlighted reference point or part stable and visually trackable across neighboring frames?,stable|unstable_due_to_occlusion|unstable_not_real_part|wrong_part|unclear,mistral_llm_schema_validated,main_body|contact_region|support_region|tip_regions|grip_bands|background|unclear,hand_on_main_body|hand_on_contact_region|body_on_support_region|floor_support|persistent_two_palm_line|no_contact|unclear,forced_choice_gate_only_no_continuous_pose_or_loss
stick,stage1,60,2.458333,track_stability_check,/mnt/hdd/AudioHOI/samples_known_object/11_stick/results/benchmark_vlm_qwen/vlm/stage1/evidence/frame00060_track_stability_check.png,/mnt/hdd/AudioHOI/samples_known_object/11_stick/results/benchmark_vlm_qwen/vlm/stage1/evidence/frame00060_track_stability_check.png,"track_triplet_overlay:main_body,contact_region,support_region,tip_regions,grip_bands,unclear",Is the highlighted reference point or part stable and visually trackable across neighboring frames?,stable|unstable_due_to_occlusion|unstable_not_real_part|wrong_part|unclear,mistral_llm_schema_validated,main_body|contact_region|support_region|tip_regions|grip_bands|background|unclear,hand_on_main_body|hand_on_contact_region|body_on_support_region|floor_support|persistent_two_palm_line|no_contact|unclear,forced_choice_gate_only_no_continuous_pose_or_loss
stick,stage1,61,2.500000,track_stability_check,/mnt/hdd/AudioHOI/samples_known_object/11_stick/results/benchmark_vlm_qwen/vlm/stage1/evidence/frame00061_track_stability_check.png,/mnt/hdd/AudioHOI/samples_known_object/11_stick/results/benchmark_vlm_qwen/vlm/stage1/evidence/frame00061_track_stability_check.png,"track_triplet_overlay:main_body,contact_region,support_region,tip_regions,grip_bands,unclear",Is the highlighted reference point or part stable and visually trackable across neighboring frames?,stable|unstable_due_to_occlusion|unstable_not_real_part|wrong_part|unclear,mistral_llm_schema_validated,main_body|contact_region|support_region|tip_regions|grip_bands|background|unclear,hand_on_main_body|hand_on_contact_region|body_on_support_region|floor_support|persistent_two_palm_line|no_contact|unclear,forced_choice_gate_only_no_continuous_pose_or_loss
stick,stage1,62,2.541667,track_stability_check,/mnt/hdd/AudioHOI/samples_known_object/11_stick/results/benchmark_vlm_qwen/vlm/stage1/evidence/frame00062_track_stability_check.png,/mnt/hdd/AudioHOI/samples_known_object/11_stick/results/benchmark_vlm_qwen/vlm/stage1/evidence/frame00062_track_stability_check.png,"track_triplet_overlay:main_body,contact_region,support_region,tip_regions,grip_bands,unclear",Is the highlighted reference point or part stable and visually trackable across neighboring frames?,stable|unstable_due_to_occlusion|unstable_not_real_part|wrong_part|unclear,mistral_llm_schema_validated,main_body|contact_region|support_region|tip_regions|grip_bands|background|unclear,hand_on_main_body|hand_on_contact_region|body_on_support_region|floor_support|persistent_two_palm_line|no_contact|unclear,forced_choice_gate_only_no_continuous_pose_or_loss
stick,stage1,63,2.583333,track_stability_check,/mnt/hdd/AudioHOI/samples_known_object/11_stick/results/benchmark_vlm_qwen/vlm/stage1/evidence/frame00063_track_stability_check.png,/mnt/hdd/AudioHOI/samples_known_object/11_stick/results/benchmark_vlm_qwen/vlm/stage1/evidence/frame00063_track_stability_check.png,"track_triplet_overlay:main_body,contact_region,support_region,tip_regions,grip_bands,unclear",Is the highlighted reference point or part stable and visually trackable across neighboring frames?,stable|unstable_due_to_occlusion|unstable_not_real_part|wrong_part|unclear,mistral_llm_schema_validated,main_body|contact_region|support_region|tip_regions|grip_bands|background|unclear,hand_on_main_body|hand_on_contact_region|body_on_support_region|floor_support|persistent_two_palm_line|no_contact|unclear,forced_choice_gate_only_no_continuous_pose_or_loss
stick,stage1,64,2.625000,track_stability_check,/mnt/hdd/AudioHOI/samples_known_object/11_stick/results/benchmark_vlm_qwen/vlm/stage1/evidence/frame00064_track_stability_check.png,/mnt/hdd/AudioHOI/samples_known_object/11_stick/results/benchmark_vlm_qwen/vlm/stage1/evidence/frame00064_track_stability_check.png,"track_triplet_overlay:main_body,contact_region,support_region,tip_regions,grip_bands,unclear",Is the highlighted reference point or part stable and visually trackable across neighboring frames?,stable|unstable_due_to_occlusion|unstable_not_real_part|wrong_part|unclear,mistral_llm_schema_validated,main_body|contact_region|support_region|tip_regions|grip_bands|background|unclear,hand_on_main_body|hand_on_contact_region|body_on_support_region|floor_support|persistent_two_palm_line|no_contact|unclear,forced_choice_gate_only_no_continuous_pose_or_loss
stick,stage1,65,2.666667,track_stability_check,/mnt/hdd/AudioHOI/samples_known_object/11_stick/results/benchmark_vlm_qwen/vlm/stage1/evidence/frame00065_track_stability_check.png,/mnt/hdd/AudioHOI/samples_known_object/11_stick/results/benchmark_vlm_qwen/vlm/stage1/evidence/frame00065_track_stability_check.png,"track_triplet_overlay:main_body,contact_region,support_region,tip_regions,grip_bands,unclear",Is the highlighted reference point or part stable and visually trackable across neighboring frames?,stable|unstable_due_to_occlusion|unstable_not_real_part|wrong_part|unclear,mistral_llm_schema_validated,main_body|contact_region|support_region|tip_regions|grip_bands|background|unclear,hand_on_main_body|hand_on_contact_region|body_on_support_region|floor_support|persistent_two_palm_line|no_contact|unclear,forced_choice_gate_only_no_continuous_pose_or_loss
stick,stage1,66,2.708333,track_stability_check,/mnt/hdd/AudioHOI/samples_known_object/11_stick/results/benchmark_vlm_qwen/vlm/stage1/evidence/frame00066_track_stability_check.png,/mnt/hdd/AudioHOI/samples_known_object/11_stick/results/benchmark_vlm_qwen/vlm/stage1/evidence/frame00066_track_stability_check.png,"track_triplet_overlay:main_body,contact_region,support_region,tip_regions,grip_bands,unclear",Is the highlighted reference point or part stable and visually trackable across neighboring frames?,stable|unstable_due_to_occlusion|unstable_not_real_part|wrong_part|unclear,mistral_llm_schema_validated,main_body|contact_region|support_region|tip_regions|grip_bands|background|unclear,hand_on_main_body|hand_on_contact_region|body_on_support_region|floor_support|persistent_two_palm_line|no_contact|unclear,forced_choice_gate_only_no_continuous_pose_or_loss
stick,stage1,67,2.750000,track_stability_check,/mnt/hdd/AudioHOI/samples_known_object/11_stick/results/benchmark_vlm_qwen/vlm/stage1/evidence/frame00067_track_stability_check.png,/mnt/hdd/AudioHOI/samples_known_object/11_stick/results/benchmark_vlm_qwen/vlm/stage1/evidence/frame00067_track_stability_check.png,"track_triplet_overlay:main_body,contact_region,support_region,tip_regions,grip_bands,unclear",Is the highlighted reference point or part stable and visually trackable across neighboring frames?,stable|unstable_due_to_occlusion|unstable_not_real_part|wrong_part|unclear,mistral_llm_schema_validated,main_body|contact_region|support_region|tip_regions|grip_bands|background|unclear,hand_on_main_body|hand_on_contact_region|body_on_support_region|floor_support|persistent_two_palm_line|no_contact|unclear,forced_choice_gate_only_no_continuous_pose_or_loss
stick,stage1,68,2.791667,track_stability_check,/mnt/hdd/AudioHOI/samples_known_object/11_stick/results/benchmark_vlm_qwen/vlm/stage1/evidence/frame00068_track_stability_check.png,/mnt/hdd/AudioHOI/samples_known_object/11_stick/results/benchmark_vlm_qwen/vlm/stage1/evidence/frame00068_track_stability_check.png,"track_triplet_overlay:main_body,contact_region,support_region,tip_regions,grip_bands,unclear",Is the highlighted reference point or part stable and visually trackable across neighboring frames?,stable|unstable_due_to_occlusion|unstable_not_real_part|wrong_part|unclear,mistral_llm_schema_validated,main_body|contact_region|support_region|tip_regions|grip_bands|background|unclear,hand_on_main_body|hand_on_contact_region|body_on_support_region|floor_support|persistent_two_palm_line|no_contact|unclear,forced_choice_gate_only_no_continuous_pose_or_loss
stick,stage1,69,2.833333,track_stability_check,/mnt/hdd/AudioHOI/samples_known_object/11_stick/results/benchmark_vlm_qwen/vlm/stage1/evidence/frame00069_track_stability_check.png,/mnt/hdd/AudioHOI/samples_known_object/11_stick/results/benchmark_vlm_qwen/vlm/stage1/evidence/frame00069_track_stability_check.png,"track_triplet_overlay:main_body,contact_region,support_region,tip_regions,grip_bands,unclear",Is the highlighted reference point or part stable and visually trackable across neighboring frames?,stable|unstable_due_to_occlusion|unstable_not_real_part|wrong_part|unclear,mistral_llm_schema_validated,main_body|contact_region|support_region|tip_regions|grip_bands|background|unclear,hand_on_main_body|hand_on_contact_region|body_on_support_region|floor_support|persistent_two_palm_line|no_contact|unclear,forced_choice_gate_only_no_continuous_pose_or_loss
stick,stage1,70,2.875000,track_stability_check,/mnt/hdd/AudioHOI/samples_known_object/11_stick/results/benchmark_vlm_qwen/vlm/stage1/evidence/frame00070_track_stability_check.png,/mnt/hdd/AudioHOI/samples_known_object/11_stick/results/benchmark_vlm_qwen/vlm/stage1/evidence/frame00070_track_stability_check.png,"track_triplet_overlay:main_body,contact_region,support_region,tip_regions,grip_bands,unclear",Is the highlighted reference point or part stable and visually trackable across neighboring frames?,stable|unstable_due_to_occlusion|unstable_not_real_part|wrong_part|unclear,mistral_llm_schema_validated,main_body|contact_region|support_region|tip_regions|grip_bands|background|unclear,hand_on_main_body|hand_on_contact_region|body_on_support_region|floor_support|persistent_two_palm_line|no_contact|unclear,forced_choice_gate_only_no_continuous_pose_or_loss
stick,stage1,71,2.916667,track_stability_check,/mnt/hdd/AudioHOI/samples_known_object/11_stick/results/benchmark_vlm_qwen/vlm/stage1/evidence/frame00071_track_stability_check.png,/mnt/hdd/AudioHOI/samples_known_object/11_stick/results/benchmark_vlm_qwen/vlm/stage1/evidence/frame00071_track_stability_check.png,"track_triplet_overlay:main_body,contact_region,support_region,tip_regions,grip_bands,unclear",Is the highlighted reference point or part stable and visually trackable across neighboring frames?,stable|unstable_due_to_occlusion|unstable_not_real_part|wrong_part|unclear,mistral_llm_schema_validated,main_body|contact_region|support_region|tip_regions|grip_bands|background|unclear,hand_on_main_body|hand_on_contact_region|body_on_support_region|floor_support|persistent_two_palm_line|no_contact|unclear,forced_choice_gate_only_no_continuous_pose_or_loss
stick,stage1,72,2.958333,track_stability_check,/mnt/hdd/AudioHOI/samples_known_object/11_stick/results/benchmark_vlm_qwen/vlm/stage1/evidence/frame00072_track_stability_check.png,/mnt/hdd/AudioHOI/samples_known_object/11_stick/results/benchmark_vlm_qwen/vlm/stage1/evidence/frame00072_track_stability_check.png,"track_triplet_overlay:main_body,contact_region,support_region,tip_regions,grip_bands,unclear",Is the highlighted reference point or part stable and visually trackable across neighboring frames?,stable|unstable_due_to_occlusion|unstable_not_real_part|wrong_part|unclear,mistral_llm_schema_validated,main_body|contact_region|support_region|tip_regions|grip_bands|background|unclear,hand_on_main_body|hand_on_contact_region|body_on_support_region|floor_support|persistent_two_palm_line|no_contact|unclear,forced_choice_gate_only_no_continuous_pose_or_loss
stick,stage1,73,3.000000,track_stability_check,/mnt/hdd/AudioHOI/samples_known_object/11_stick/results/benchmark_vlm_qwen/vlm/stage1/evidence/frame00073_track_stability_check.png,/mnt/hdd/AudioHOI/samples_known_object/11_stick/results/benchmark_vlm_qwen/vlm/stage1/evidence/frame00073_track_stability_check.png,"track_triplet_overlay:main_body,contact_region,support_region,tip_regions,grip_bands,unclear",Is the highlighted reference point or part stable and visually trackable across neighboring frames?,stable|unstable_due_to_occlusion|unstable_not_real_part|wrong_part|unclear,mistral_llm_schema_validated,main_body|contact_region|support_region|tip_regions|grip_bands|background|unclear,hand_on_main_body|hand_on_contact_region|body_on_support_region|floor_support|persistent_two_palm_line|no_contact|unclear,forced_choice_gate_only_no_continuous_pose_or_loss
stick,stage1,74,3.041667,track_stability_check,/mnt/hdd/AudioHOI/samples_known_object/11_stick/results/benchmark_vlm_qwen/vlm/stage1/evidence/frame00074_track_stability_check.png,/mnt/hdd/AudioHOI/samples_known_object/11_stick/results/benchmark_vlm_qwen/vlm/stage1/evidence/frame00074_track_stability_check.png,"track_triplet_overlay:main_body,contact_region,support_region,tip_regions,grip_bands,unclear",Is the highlighted reference point or part stable and visually trackable across neighboring frames?,stable|unstable_due_to_occlusion|unstable_not_real_part|wrong_part|unclear,mistral_llm_schema_validated,main_body|contact_region|support_region|tip_regions|grip_bands|background|unclear,hand_on_main_body|hand_on_contact_region|body_on_support_region|floor_support|persistent_two_palm_line|no_contact|unclear,forced_choice_gate_only_no_continuous_pose_or_loss
stick,stage1,75,3.083333,track_stability_check,/mnt/hdd/AudioHOI/samples_known_object/11_stick/results/benchmark_vlm_qwen/vlm/stage1/evidence/frame00075_track_stability_check.png,/mnt/hdd/AudioHOI/samples_known_object/11_stick/results/benchmark_vlm_qwen/vlm/stage1/evidence/frame00075_track_stability_check.png,"track_triplet_overlay:main_body,contact_region,support_region,tip_regions,grip_bands,unclear",Is the highlighted reference point or part stable and visually trackable across neighboring frames?,stable|unstable_due_to_occlusion|unstable_not_real_part|wrong_part|unclear,mistral_llm_schema_validated,main_body|contact_region|support_region|tip_regions|grip_bands|background|unclear,hand_on_main_body|hand_on_contact_region|body_on_support_region|floor_support|persistent_two_palm_line|no_contact|unclear,forced_choice_gate_only_no_continuous_pose_or_loss
stick,stage1,76,3.125000,track_stability_check,/mnt/hdd/AudioHOI/samples_known_object/11_stick/results/benchmark_vlm_qwen/vlm/stage1/evidence/frame00076_track_stability_check.png,/mnt/hdd/AudioHOI/samples_known_object/11_stick/results/benchmark_vlm_qwen/vlm/stage1/evidence/frame00076_track_stability_check.png,"track_triplet_overlay:main_body,contact_region,support_region,tip_regions,grip_bands,unclear",Is the highlighted reference point or part stable and visually trackable across neighboring frames?,stable|unstable_due_to_occlusion|unstable_not_real_part|wrong_part|unclear,mistral_llm_schema_validated,main_body|contact_region|support_region|tip_regions|grip_bands|background|unclear,hand_on_main_body|hand_on_contact_region|body_on_support_region|floor_support|persistent_two_palm_line|no_contact|unclear,forced_choice_gate_only_no_continuous_pose_or_loss
stick,stage1,77,3.166667,track_stability_check,/mnt/hdd/AudioHOI/samples_known_object/11_stick/results/benchmark_vlm_qwen/vlm/stage1/evidence/frame00077_track_stability_check.png,/mnt/hdd/AudioHOI/samples_known_object/11_stick/results/benchmark_vlm_qwen/vlm/stage1/evidence/frame00077_track_stability_check.png,"track_triplet_overlay:main_body,contact_region,support_region,tip_regions,grip_bands,unclear",Is the highlighted reference point or part stable and visually trackable across neighboring frames?,stable|unstable_due_to_occlusion|unstable_not_real_part|wrong_part|unclear,mistral_llm_schema_validated,main_body|contact_region|support_region|tip_regions|grip_bands|background|unclear,hand_on_main_body|hand_on_contact_region|body_on_support_region|floor_support|persistent_two_palm_line|no_contact|unclear,forced_choice_gate_only_no_continuous_pose_or_loss
stick,stage1,78,3.208333,track_stability_check,/mnt/hdd/AudioHOI/samples_known_object/11_stick/results/benchmark_vlm_qwen/vlm/stage1/evidence/frame00078_track_stability_check.png,/mnt/hdd/AudioHOI/samples_known_object/11_stick/results/benchmark_vlm_qwen/vlm/stage1/evidence/frame00078_track_stability_check.png,"track_triplet_overlay:main_body,contact_region,support_region,tip_regions,grip_bands,unclear",Is the highlighted reference point or part stable and visually trackable across neighboring frames?,stable|unstable_due_to_occlusion|unstable_not_real_part|wrong_part|unclear,mistral_llm_schema_validated,main_body|contact_region|support_region|tip_regions|grip_bands|background|unclear,hand_on_main_body|hand_on_contact_region|body_on_support_region|floor_support|persistent_two_palm_line|no_contact|unclear,forced_choice_gate_only_no_continuous_pose_or_loss
stick,stage1,79,3.250000,track_stability_check,/mnt/hdd/AudioHOI/samples_known_object/11_stick/results/benchmark_vlm_qwen/vlm/stage1/evidence/frame00079_track_stability_check.png,/mnt/hdd/AudioHOI/samples_known_object/11_stick/results/benchmark_vlm_qwen/vlm/stage1/evidence/frame00079_track_stability_check.png,"track_triplet_overlay:main_body,contact_region,support_region,tip_regions,grip_bands,unclear",Is the highlighted reference point or part stable and visually trackable across neighboring frames?,stable|unstable_due_to_occlusion|unstable_not_real_part|wrong_part|unclear,mistral_llm_schema_validated,main_body|contact_region|support_region|tip_regions|grip_bands|background|unclear,hand_on_main_body|hand_on_contact_region|body_on_support_region|floor_support|persistent_two_palm_line|no_contact|unclear,forced_choice_gate_only_no_continuous_pose_or_loss
stick,stage1,80,3.291667,track_stability_check,/mnt/hdd/AudioHOI/samples_known_object/11_stick/results/benchmark_vlm_qwen/vlm/stage1/evidence/frame00080_track_stability_check.png,/mnt/hdd/AudioHOI/samples_known_object/11_stick/results/benchmark_vlm_qwen/vlm/stage1/evidence/frame00080_track_stability_check.png,"track_triplet_overlay:main_body,contact_region,support_region,tip_regions,grip_bands,unclear",Is the highlighted reference point or part stable and visually trackable across neighboring frames?,stable|unstable_due_to_occlusion|unstable_not_real_part|wrong_part|unclear,mistral_llm_schema_validated,main_body|contact_region|support_region|tip_regions|grip_bands|background|unclear,hand_on_main_body|hand_on_contact_region|body_on_support_region|floor_support|persistent_two_palm_line|no_contact|unclear,forced_choice_gate_only_no_continuous_pose_or_loss
stick,stage1,81,3.333333,track_stability_check,/mnt/hdd/AudioHOI/samples_known_object/11_stick/results/benchmark_vlm_qwen/vlm/stage1/evidence/frame00081_track_stability_check.png,/mnt/hdd/AudioHOI/samples_known_object/11_stick/results/benchmark_vlm_qwen/vlm/stage1/evidence/frame00081_track_stability_check.png,"track_triplet_overlay:main_body,contact_region,support_region,tip_regions,grip_bands,unclear",Is the highlighted reference point or part stable and visually trackable across neighboring frames?,stable|unstable_due_to_occlusion|unstable_not_real_part|wrong_part|unclear,mistral_llm_schema_validated,main_body|contact_region|support_region|tip_regions|grip_bands|background|unclear,hand_on_main_body|hand_on_contact_region|body_on_support_region|floor_support|persistent_two_palm_line|no_contact|unclear,forced_choice_gate_only_no_continuous_pose_or_loss
stick,stage1,82,3.375000,track_stability_check,/mnt/hdd/AudioHOI/samples_known_object/11_stick/results/benchmark_vlm_qwen/vlm/stage1/evidence/frame00082_track_stability_check.png,/mnt/hdd/AudioHOI/samples_known_object/11_stick/results/benchmark_vlm_qwen/vlm/stage1/evidence/frame00082_track_stability_check.png,"track_triplet_overlay:main_body,contact_region,support_region,tip_regions,grip_bands,unclear",Is the highlighted reference point or part stable and visually trackable across neighboring frames?,stable|unstable_due_to_occlusion|unstable_not_real_part|wrong_part|unclear,mistral_llm_schema_validated,main_body|contact_region|support_region|tip_regions|grip_bands|background|unclear,hand_on_main_body|hand_on_contact_region|body_on_support_region|floor_support|persistent_two_palm_line|no_contact|unclear,forced_choice_gate_only_no_continuous_pose_or_loss
stick,stage1,83,3.416667,track_stability_check,/mnt/hdd/AudioHOI/samples_known_object/11_stick/results/benchmark_vlm_qwen/vlm/stage1/evidence/frame00083_track_stability_check.png,/mnt/hdd/AudioHOI/samples_known_object/11_stick/results/benchmark_vlm_qwen/vlm/stage1/evidence/frame00083_track_stability_check.png,"track_triplet_overlay:main_body,contact_region,support_region,tip_regions,grip_bands,unclear",Is the highlighted reference point or part stable and visually trackable across neighboring frames?,stable|unstable_due_to_occlusion|unstable_not_real_part|wrong_part|unclear,mistral_llm_schema_validated,main_body|contact_region|support_region|tip_regions|grip_bands|background|unclear,hand_on_main_body|hand_on_contact_region|body_on_support_region|floor_support|persistent_two_palm_line|no_contact|unclear,forced_choice_gate_only_no_continuous_pose_or_loss
stick,stage1,84,3.458333,track_stability_check,/mnt/hdd/AudioHOI/samples_known_object/11_stick/results/benchmark_vlm_qwen/vlm/stage1/evidence/frame00084_track_stability_check.png,/mnt/hdd/AudioHOI/samples_known_object/11_stick/results/benchmark_vlm_qwen/vlm/stage1/evidence/frame00084_track_stability_check.png,"track_triplet_overlay:main_body,contact_region,support_region,tip_regions,grip_bands,unclear",Is the highlighted reference point or part stable and visually trackable across neighboring frames?,stable|unstable_due_to_occlusion|unstable_not_real_part|wrong_part|unclear,mistral_llm_schema_validated,main_body|contact_region|support_region|tip_regions|grip_bands|background|unclear,hand_on_main_body|hand_on_contact_region|body_on_support_region|floor_support|persistent_two_palm_line|no_contact|unclear,forced_choice_gate_only_no_continuous_pose_or_loss
stick,stage1,85,3.500000,track_stability_check,/mnt/hdd/AudioHOI/samples_known_object/11_stick/results/benchmark_vlm_qwen/vlm/stage1/evidence/frame00085_track_stability_check.png,/mnt/hdd/AudioHOI/samples_known_object/11_stick/results/benchmark_vlm_qwen/vlm/stage1/evidence/frame00085_track_stability_check.png,"track_triplet_overlay:main_body,contact_region,support_region,tip_regions,grip_bands,unclear",Is the highlighted reference point or part stable and visually trackable across neighboring frames?,stable|unstable_due_to_occlusion|unstable_not_real_part|wrong_part|unclear,mistral_llm_schema_validated,main_body|contact_region|support_region|tip_regions|grip_bands|background|unclear,hand_on_main_body|hand_on_contact_region|body_on_support_region|floor_support|persistent_two_palm_line|no_contact|unclear,forced_choice_gate_only_no_continuous_pose_or_loss
stick,stage1,86,3.541667,track_stability_check,/mnt/hdd/AudioHOI/samples_known_object/11_stick/results/benchmark_vlm_qwen/vlm/stage1/evidence/frame00086_track_stability_check.png,/mnt/hdd/AudioHOI/samples_known_object/11_stick/results/benchmark_vlm_qwen/vlm/stage1/evidence/frame00086_track_stability_check.png,"track_triplet_overlay:main_body,contact_region,support_region,tip_regions,grip_bands,unclear",Is the highlighted reference point or part stable and visually trackable across neighboring frames?,stable|unstable_due_to_occlusion|unstable_not_real_part|wrong_part|unclear,mistral_llm_schema_validated,main_body|contact_region|support_region|tip_regions|grip_bands|background|unclear,hand_on_main_body|hand_on_contact_region|body_on_support_region|floor_support|persistent_two_palm_line|no_contact|unclear,forced_choice_gate_only_no_continuous_pose_or_loss
stick,stage1,87,3.583333,track_stability_check,/mnt/hdd/AudioHOI/samples_known_object/11_stick/results/benchmark_vlm_qwen/vlm/stage1/evidence/frame00087_track_stability_check.png,/mnt/hdd/AudioHOI/samples_known_object/11_stick/results/benchmark_vlm_qwen/vlm/stage1/evidence/frame00087_track_stability_check.png,"track_triplet_overlay:main_body,contact_region,support_region,tip_regions,grip_bands,unclear",Is the highlighted reference point or part stable and visually trackable across neighboring frames?,stable|unstable_due_to_occlusion|unstable_not_real_part|wrong_part|unclear,mistral_llm_schema_validated,main_body|contact_region|support_region|tip_regions|grip_bands|background|unclear,hand_on_main_body|hand_on_contact_region|body_on_support_region|floor_support|persistent_two_palm_line|no_contact|unclear,forced_choice_gate_only_no_continuous_pose_or_loss
stick,stage1,88,3.625000,track_stability_check,/mnt/hdd/AudioHOI/samples_known_object/11_stick/results/benchmark_vlm_qwen/vlm/stage1/evidence/frame00088_track_stability_check.png,/mnt/hdd/AudioHOI/samples_known_object/11_stick/results/benchmark_vlm_qwen/vlm/stage1/evidence/frame00088_track_stability_check.png,"track_triplet_overlay:main_body,contact_region,support_region,tip_regions,grip_bands,unclear",Is the highlighted reference point or part stable and visually trackable across neighboring frames?,stable|unstable_due_to_occlusion|unstable_not_real_part|wrong_part|unclear,mistral_llm_schema_validated,main_body|contact_region|support_region|tip_regions|grip_bands|background|unclear,hand_on_main_body|hand_on_contact_region|body_on_support_region|floor_support|persistent_two_palm_line|no_contact|unclear,forced_choice_gate_only_no_continuous_pose_or_loss
stick,stage1,89,3.666667,track_stability_check,/mnt/hdd/AudioHOI/samples_known_object/11_stick/results/benchmark_vlm_qwen/vlm/stage1/evidence/frame00089_track_stability_check.png,/mnt/hdd/AudioHOI/samples_known_object/11_stick/results/benchmark_vlm_qwen/vlm/stage1/evidence/frame00089_track_stability_check.png,"track_triplet_overlay:main_body,contact_region,support_region,tip_regions,grip_bands,unclear",Is the highlighted reference point or part stable and visually trackable across neighboring frames?,stable|unstable_due_to_occlusion|unstable_not_real_part|wrong_part|unclear,mistral_llm_schema_validated,main_body|contact_region|support_region|tip_regions|grip_bands|background|unclear,hand_on_main_body|hand_on_contact_region|body_on_support_region|floor_support|persistent_two_palm_line|no_contact|unclear,forced_choice_gate_only_no_continuous_pose_or_loss
stick,stage1,90,3.708333,track_stability_check,/mnt/hdd/AudioHOI/samples_known_object/11_stick/results/benchmark_vlm_qwen/vlm/stage1/evidence/frame00090_track_stability_check.png,/mnt/hdd/AudioHOI/samples_known_object/11_stick/results/benchmark_vlm_qwen/vlm/stage1/evidence/frame00090_track_stability_check.png,"track_triplet_overlay:main_body,contact_region,support_region,tip_regions,grip_bands,unclear",Is the highlighted reference point or part stable and visually trackable across neighboring frames?,stable|unstable_due_to_occlusion|unstable_not_real_part|wrong_part|unclear,mistral_llm_schema_validated,main_body|contact_region|support_region|tip_regions|grip_bands|background|unclear,hand_on_main_body|hand_on_contact_region|body_on_support_region|floor_support|persistent_two_palm_line|no_contact|unclear,forced_choice_gate_only_no_continuous_pose_or_loss
stick,stage1,91,3.750000,track_stability_check,/mnt/hdd/AudioHOI/samples_known_object/11_stick/results/benchmark_vlm_qwen/vlm/stage1/evidence/frame00091_track_stability_check.png,/mnt/hdd/AudioHOI/samples_known_object/11_stick/results/benchmark_vlm_qwen/vlm/stage1/evidence/frame00091_track_stability_check.png,"track_triplet_overlay:main_body,contact_region,support_region,tip_regions,grip_bands,unclear",Is the highlighted reference point or part stable and visually trackable across neighboring frames?,stable|unstable_due_to_occlusion|unstable_not_real_part|wrong_part|unclear,mistral_llm_schema_validated,main_body|contact_region|support_region|tip_regions|grip_bands|background|unclear,hand_on_main_body|hand_on_contact_region|body_on_support_region|floor_support|persistent_two_palm_line|no_contact|unclear,forced_choice_gate_only_no_continuous_pose_or_loss
stick,stage1,92,3.791667,track_stability_check,/mnt/hdd/AudioHOI/samples_known_object/11_stick/results/benchmark_vlm_qwen/vlm/stage1/evidence/frame00092_track_stability_check.png,/mnt/hdd/AudioHOI/samples_known_object/11_stick/results/benchmark_vlm_qwen/vlm/stage1/evidence/frame00092_track_stability_check.png,"track_triplet_overlay:main_body,contact_region,support_region,tip_regions,grip_bands,unclear",Is the highlighted reference point or part stable and visually trackable across neighboring frames?,stable|unstable_due_to_occlusion|unstable_not_real_part|wrong_part|unclear,mistral_llm_schema_validated,main_body|contact_region|support_region|tip_regions|grip_bands|background|unclear,hand_on_main_body|hand_on_contact_region|body_on_support_region|floor_support|persistent_two_palm_line|no_contact|unclear,forced_choice_gate_only_no_continuous_pose_or_loss
stick,stage1,93,3.833333,track_stability_check,/mnt/hdd/AudioHOI/samples_known_object/11_stick/results/benchmark_vlm_qwen/vlm/stage1/evidence/frame00093_track_stability_check.png,/mnt/hdd/AudioHOI/samples_known_object/11_stick/results/benchmark_vlm_qwen/vlm/stage1/evidence/frame00093_track_stability_check.png,"track_triplet_overlay:main_body,contact_region,support_region,tip_regions,grip_bands,unclear",Is the highlighted reference point or part stable and visually trackable across neighboring frames?,stable|unstable_due_to_occlusion|unstable_not_real_part|wrong_part|unclear,mistral_llm_schema_validated,main_body|contact_region|support_region|tip_regions|grip_bands|background|unclear,hand_on_main_body|hand_on_contact_region|body_on_support_region|floor_support|persistent_two_palm_line|no_contact|unclear,forced_choice_gate_only_no_continuous_pose_or_loss
stick,stage1,94,3.875000,track_stability_check,/mnt/hdd/AudioHOI/samples_known_object/11_stick/results/benchmark_vlm_qwen/vlm/stage1/evidence/frame00094_track_stability_check.png,/mnt/hdd/AudioHOI/samples_known_object/11_stick/results/benchmark_vlm_qwen/vlm/stage1/evidence/frame00094_track_stability_check.png,"track_triplet_overlay:main_body,contact_region,support_region,tip_regions,grip_bands,unclear",Is the highlighted reference point or part stable and visually trackable across neighboring frames?,stable|unstable_due_to_occlusion|unstable_not_real_part|wrong_part|unclear,mistral_llm_schema_validated,main_body|contact_region|support_region|tip_regions|grip_bands|background|unclear,hand_on_main_body|hand_on_contact_region|body_on_support_region|floor_support|persistent_two_palm_line|no_contact|unclear,forced_choice_gate_only_no_continuous_pose_or_loss
stick,stage1,95,3.916667,track_stability_check,/mnt/hdd/AudioHOI/samples_known_object/11_stick/results/benchmark_vlm_qwen/vlm/stage1/evidence/frame00095_track_stability_check.png,/mnt/hdd/AudioHOI/samples_known_object/11_stick/results/benchmark_vlm_qwen/vlm/stage1/evidence/frame00095_track_stability_check.png,"track_triplet_overlay:main_body,contact_region,support_region,tip_regions,grip_bands,unclear",Is the highlighted reference point or part stable and visually trackable across neighboring frames?,stable|unstable_due_to_occlusion|unstable_not_real_part|wrong_part|unclear,mistral_llm_schema_validated,main_body|contact_region|support_region|tip_regions|grip_bands|background|unclear,hand_on_main_body|hand_on_contact_region|body_on_support_region|floor_support|persistent_two_palm_line|no_contact|unclear,forced_choice_gate_only_no_continuous_pose_or_loss
stick,stage1,96,3.958333,track_stability_check,/mnt/hdd/AudioHOI/samples_known_object/11_stick/results/benchmark_vlm_qwen/vlm/stage1/evidence/frame00096_track_stability_check.png,/mnt/hdd/AudioHOI/samples_known_object/11_stick/results/benchmark_vlm_qwen/vlm/stage1/evidence/frame00096_track_stability_check.png,"track_triplet_overlay:main_body,contact_region,support_region,tip_regions,grip_bands,unclear",Is the highlighted reference point or part stable and visually trackable across neighboring frames?,stable|unstable_due_to_occlusion|unstable_not_real_part|wrong_part|unclear,mistral_llm_schema_validated,main_body|contact_region|support_region|tip_regions|grip_bands|background|unclear,hand_on_main_body|hand_on_contact_region|body_on_support_region|floor_support|persistent_two_palm_line|no_contact|unclear,forced_choice_gate_only_no_continuous_pose_or_loss
stick,stage1,97,4.000000,track_stability_check,/mnt/hdd/AudioHOI/samples_known_object/11_stick/results/benchmark_vlm_qwen/vlm/stage1/evidence/frame00097_track_stability_check.png,/mnt/hdd/AudioHOI/samples_known_object/11_stick/results/benchmark_vlm_qwen/vlm/stage1/evidence/frame00097_track_stability_check.png,"track_triplet_overlay:main_body,contact_region,support_region,tip_regions,grip_bands,unclear",Is the highlighted reference point or part stable and visually trackable across neighboring frames?,stable|unstable_due_to_occlusion|unstable_not_real_part|wrong_part|unclear,mistral_llm_schema_validated,main_body|contact_region|support_region|tip_regions|grip_bands|background|unclear,hand_on_main_body|hand_on_contact_region|body_on_support_region|floor_support|persistent_two_palm_line|no_contact|unclear,forced_choice_gate_only_no_continuous_pose_or_loss
stick,stage1,98,4.041667,track_stability_check,/mnt/hdd/AudioHOI/samples_known_object/11_stick/results/benchmark_vlm_qwen/vlm/stage1/evidence/frame00098_track_stability_check.png,/mnt/hdd/AudioHOI/samples_known_object/11_stick/results/benchmark_vlm_qwen/vlm/stage1/evidence/frame00098_track_stability_check.png,"track_triplet_overlay:main_body,contact_region,support_region,tip_regions,grip_bands,unclear",Is the highlighted reference point or part stable and visually trackable across neighboring frames?,stable|unstable_due_to_occlusion|unstable_not_real_part|wrong_part|unclear,mistral_llm_schema_validated,main_body|contact_region|support_region|tip_regions|grip_bands|background|unclear,hand_on_main_body|hand_on_contact_region|body_on_support_region|floor_support|persistent_two_palm_line|no_contact|unclear,forced_choice_gate_only_no_continuous_pose_or_loss
stick,stage1,99,4.083333,track_stability_check,/mnt/hdd/AudioHOI/samples_known_object/11_stick/results/benchmark_vlm_qwen/vlm/stage1/evidence/frame00099_track_stability_check.png,/mnt/hdd/AudioHOI/samples_known_object/11_stick/results/benchmark_vlm_qwen/vlm/stage1/evidence/frame00099_track_stability_check.png,"track_triplet_overlay:main_body,contact_region,support_region,tip_regions,grip_bands,unclear",Is the highlighted reference point or part stable and visually trackable across neighboring frames?,stable|unstable_due_to_occlusion|unstable_not_real_part|wrong_part|unclear,mistral_llm_schema_validated,main_body|contact_region|support_region|tip_regions|grip_bands|background|unclear,hand_on_main_body|hand_on_contact_region|body_on_support_region|floor_support|persistent_two_palm_line|no_contact|unclear,forced_choice_gate_only_no_continuous_pose_or_loss
stick,stage1,100,4.125000,track_stability_check,/mnt/hdd/AudioHOI/samples_known_object/11_stick/results/benchmark_vlm_qwen/vlm/stage1/evidence/frame00100_track_stability_check.png,/mnt/hdd/AudioHOI/samples_known_object/11_stick/results/benchmark_vlm_qwen/vlm/stage1/evidence/frame00100_track_stability_check.png,"track_triplet_overlay:main_body,contact_region,support_region,tip_regions,grip_bands,unclear",Is the highlighted reference point or part stable and visually trackable across neighboring frames?,stable|unstable_due_to_occlusion|unstable_not_real_part|wrong_part|unclear,mistral_llm_schema_validated,main_body|contact_region|support_region|tip_regions|grip_bands|background|unclear,hand_on_main_body|hand_on_contact_region|body_on_support_region|floor_support|persistent_two_palm_line|no_contact|unclear,forced_choice_gate_only_no_continuous_pose_or_loss
stick,stage1,101,4.166667,track_stability_check,/mnt/hdd/AudioHOI/samples_known_object/11_stick/results/benchmark_vlm_qwen/vlm/stage1/evidence/frame00101_track_stability_check.png,/mnt/hdd/AudioHOI/samples_known_object/11_stick/results/benchmark_vlm_qwen/vlm/stage1/evidence/frame00101_track_stability_check.png,"track_triplet_overlay:main_body,contact_region,support_region,tip_regions,grip_bands,unclear",Is the highlighted reference point or part stable and visually trackable across neighboring frames?,stable|unstable_due_to_occlusion|unstable_not_real_part|wrong_part|unclear,mistral_llm_schema_validated,main_body|contact_region|support_region|tip_regions|grip_bands|background|unclear,hand_on_main_body|hand_on_contact_region|body_on_support_region|floor_support|persistent_two_palm_line|no_contact|unclear,forced_choice_gate_only_no_continuous_pose_or_loss
stick,stage1,102,4.208333,track_stability_check,/mnt/hdd/AudioHOI/samples_known_object/11_stick/results/benchmark_vlm_qwen/vlm/stage1/evidence/frame00102_track_stability_check.png,/mnt/hdd/AudioHOI/samples_known_object/11_stick/results/benchmark_vlm_qwen/vlm/stage1/evidence/frame00102_track_stability_check.png,"track_triplet_overlay:main_body,contact_region,support_region,tip_regions,grip_bands,unclear",Is the highlighted reference point or part stable and visually trackable across neighboring frames?,stable|unstable_due_to_occlusion|unstable_not_real_part|wrong_part|unclear,mistral_llm_schema_validated,main_body|contact_region|support_region|tip_regions|grip_bands|background|unclear,hand_on_main_body|hand_on_contact_region|body_on_support_region|floor_support|persistent_two_palm_line|no_contact|unclear,forced_choice_gate_only_no_continuous_pose_or_loss
stick,stage1,103,4.250000,track_stability_check,/mnt/hdd/AudioHOI/samples_known_object/11_stick/results/benchmark_vlm_qwen/vlm/stage1/evidence/frame00103_track_stability_check.png,/mnt/hdd/AudioHOI/samples_known_object/11_stick/results/benchmark_vlm_qwen/vlm/stage1/evidence/frame00103_track_stability_check.png,"track_triplet_overlay:main_body,contact_region,support_region,tip_regions,grip_bands,unclear",Is the highlighted reference point or part stable and visually trackable across neighboring frames?,stable|unstable_due_to_occlusion|unstable_not_real_part|wrong_part|unclear,mistral_llm_schema_validated,main_body|contact_region|support_region|tip_regions|grip_bands|background|unclear,hand_on_main_body|hand_on_contact_region|body_on_support_region|floor_support|persistent_two_palm_line|no_contact|unclear,forced_choice_gate_only_no_continuous_pose_or_loss
stick,stage1,104,4.291667,track_stability_check,/mnt/hdd/AudioHOI/samples_known_object/11_stick/results/benchmark_vlm_qwen/vlm/stage1/evidence/frame00104_track_stability_check.png,/mnt/hdd/AudioHOI/samples_known_object/11_stick/results/benchmark_vlm_qwen/vlm/stage1/evidence/frame00104_track_stability_check.png,"track_triplet_overlay:main_body,contact_region,support_region,tip_regions,grip_bands,unclear",Is the highlighted reference point or part stable and visually trackable across neighboring frames?,stable|unstable_due_to_occlusion|unstable_not_real_part|wrong_part|unclear,mistral_llm_schema_validated,main_body|contact_region|support_region|tip_regions|grip_bands|background|unclear,hand_on_main_body|hand_on_contact_region|body_on_support_region|floor_support|persistent_two_palm_line|no_contact|unclear,forced_choice_gate_only_no_continuous_pose_or_loss
stick,stage1,105,4.333333,track_stability_check,/mnt/hdd/AudioHOI/samples_known_object/11_stick/results/benchmark_vlm_qwen/vlm/stage1/evidence/frame00105_track_stability_check.png,/mnt/hdd/AudioHOI/samples_known_object/11_stick/results/benchmark_vlm_qwen/vlm/stage1/evidence/frame00105_track_stability_check.png,"track_triplet_overlay:main_body,contact_region,support_region,tip_regions,grip_bands,unclear",Is the highlighted reference point or part stable and visually trackable across neighboring frames?,stable|unstable_due_to_occlusion|unstable_not_real_part|wrong_part|unclear,mistral_llm_schema_validated,main_body|contact_region|support_region|tip_regions|grip_bands|background|unclear,hand_on_main_body|hand_on_contact_region|body_on_support_region|floor_support|persistent_two_palm_line|no_contact|unclear,forced_choice_gate_only_no_continuous_pose_or_loss
stick,stage1,106,4.375000,track_stability_check,/mnt/hdd/AudioHOI/samples_known_object/11_stick/results/benchmark_vlm_qwen/vlm/stage1/evidence/frame00106_track_stability_check.png,/mnt/hdd/AudioHOI/samples_known_object/11_stick/results/benchmark_vlm_qwen/vlm/stage1/evidence/frame00106_track_stability_check.png,"track_triplet_overlay:main_body,contact_region,support_region,tip_regions,grip_bands,unclear",Is the highlighted reference point or part stable and visually trackable across neighboring frames?,stable|unstable_due_to_occlusion|unstable_not_real_part|wrong_part|unclear,mistral_llm_schema_validated,main_body|contact_region|support_region|tip_regions|grip_bands|background|unclear,hand_on_main_body|hand_on_contact_region|body_on_support_region|floor_support|persistent_two_palm_line|no_contact|unclear,forced_choice_gate_only_no_continuous_pose_or_loss
stick,stage1,107,4.416667,track_stability_check,/mnt/hdd/AudioHOI/samples_known_object/11_stick/results/benchmark_vlm_qwen/vlm/stage1/evidence/frame00107_track_stability_check.png,/mnt/hdd/AudioHOI/samples_known_object/11_stick/results/benchmark_vlm_qwen/vlm/stage1/evidence/frame00107_track_stability_check.png,"track_triplet_overlay:main_body,contact_region,support_region,tip_regions,grip_bands,unclear",Is the highlighted reference point or part stable and visually trackable across neighboring frames?,stable|unstable_due_to_occlusion|unstable_not_real_part|wrong_part|unclear,mistral_llm_schema_validated,main_body|contact_region|support_region|tip_regions|grip_bands|background|unclear,hand_on_main_body|hand_on_contact_region|body_on_support_region|floor_support|persistent_two_palm_line|no_contact|unclear,forced_choice_gate_only_no_continuous_pose_or_loss
stick,stage1,108,4.458333,track_stability_check,/mnt/hdd/AudioHOI/samples_known_object/11_stick/results/benchmark_vlm_qwen/vlm/stage1/evidence/frame00108_track_stability_check.png,/mnt/hdd/AudioHOI/samples_known_object/11_stick/results/benchmark_vlm_qwen/vlm/stage1/evidence/frame00108_track_stability_check.png,"track_triplet_overlay:main_body,contact_region,support_region,tip_regions,grip_bands,unclear",Is the highlighted reference point or part stable and visually trackable across neighboring frames?,stable|unstable_due_to_occlusion|unstable_not_real_part|wrong_part|unclear,mistral_llm_schema_validated,main_body|contact_region|support_region|tip_regions|grip_bands|background|unclear,hand_on_main_body|hand_on_contact_region|body_on_support_region|floor_support|persistent_two_palm_line|no_contact|unclear,forced_choice_gate_only_no_continuous_pose_or_loss
stick,stage1,109,4.500000,track_stability_check,/mnt/hdd/AudioHOI/samples_known_object/11_stick/results/benchmark_vlm_qwen/vlm/stage1/evidence/frame00109_track_stability_check.png,/mnt/hdd/AudioHOI/samples_known_object/11_stick/results/benchmark_vlm_qwen/vlm/stage1/evidence/frame00109_track_stability_check.png,"track_triplet_overlay:main_body,contact_region,support_region,tip_regions,grip_bands,unclear",Is the highlighted reference point or part stable and visually trackable across neighboring frames?,stable|unstable_due_to_occlusion|unstable_not_real_part|wrong_part|unclear,mistral_llm_schema_validated,main_body|contact_region|support_region|tip_regions|grip_bands|background|unclear,hand_on_main_body|hand_on_contact_region|body_on_support_region|floor_support|persistent_two_palm_line|no_contact|unclear,forced_choice_gate_only_no_continuous_pose_or_loss
stick,stage1,110,4.541667,track_stability_check,/mnt/hdd/AudioHOI/samples_known_object/11_stick/results/benchmark_vlm_qwen/vlm/stage1/evidence/frame00110_track_stability_check.png,/mnt/hdd/AudioHOI/samples_known_object/11_stick/results/benchmark_vlm_qwen/vlm/stage1/evidence/frame00110_track_stability_check.png,"track_triplet_overlay:main_body,contact_region,support_region,tip_regions,grip_bands,unclear",Is the highlighted reference point or part stable and visually trackable across neighboring frames?,stable|unstable_due_to_occlusion|unstable_not_real_part|wrong_part|unclear,mistral_llm_schema_validated,main_body|contact_region|support_region|tip_regions|grip_bands|background|unclear,hand_on_main_body|hand_on_contact_region|body_on_support_region|floor_support|persistent_two_palm_line|no_contact|unclear,forced_choice_gate_only_no_continuous_pose_or_loss
stick,stage1,111,4.583333,track_stability_check,/mnt/hdd/AudioHOI/samples_known_object/11_stick/results/benchmark_vlm_qwen/vlm/stage1/evidence/frame00111_track_stability_check.png,/mnt/hdd/AudioHOI/samples_known_object/11_stick/results/benchmark_vlm_qwen/vlm/stage1/evidence/frame00111_track_stability_check.png,"track_triplet_overlay:main_body,contact_region,support_region,tip_regions,grip_bands,unclear",Is the highlighted reference point or part stable and visually trackable across neighboring frames?,stable|unstable_due_to_occlusion|unstable_not_real_part|wrong_part|unclear,mistral_llm_schema_validated,main_body|contact_region|support_region|tip_regions|grip_bands|background|unclear,hand_on_main_body|hand_on_contact_region|body_on_support_region|floor_support|persistent_two_palm_line|no_contact|unclear,forced_choice_gate_only_no_continuous_pose_or_loss
stick,stage1,112,4.625000,track_stability_check,/mnt/hdd/AudioHOI/samples_known_object/11_stick/results/benchmark_vlm_qwen/vlm/stage1/evidence/frame00112_track_stability_check.png,/mnt/hdd/AudioHOI/samples_known_object/11_stick/results/benchmark_vlm_qwen/vlm/stage1/evidence/frame00112_track_stability_check.png,"track_triplet_overlay:main_body,contact_region,support_region,tip_regions,grip_bands,unclear",Is the highlighted reference point or part stable and visually trackable across neighboring frames?,stable|unstable_due_to_occlusion|unstable_not_real_part|wrong_part|unclear,mistral_llm_schema_validated,main_body|contact_region|support_region|tip_regions|grip_bands|background|unclear,hand_on_main_body|hand_on_contact_region|body_on_support_region|floor_support|persistent_two_palm_line|no_contact|unclear,forced_choice_gate_only_no_continuous_pose_or_loss
stick,stage1,113,4.666667,track_stability_check,/mnt/hdd/AudioHOI/samples_known_object/11_stick/results/benchmark_vlm_qwen/vlm/stage1/evidence/frame00113_track_stability_check.png,/mnt/hdd/AudioHOI/samples_known_object/11_stick/results/benchmark_vlm_qwen/vlm/stage1/evidence/frame00113_track_stability_check.png,"track_triplet_overlay:main_body,contact_region,support_region,tip_regions,grip_bands,unclear",Is the highlighted reference point or part stable and visually trackable across neighboring frames?,stable|unstable_due_to_occlusion|unstable_not_real_part|wrong_part|unclear,mistral_llm_schema_validated,main_body|contact_region|support_region|tip_regions|grip_bands|background|unclear,hand_on_main_body|hand_on_contact_region|body_on_support_region|floor_support|persistent_two_palm_line|no_contact|unclear,forced_choice_gate_only_no_continuous_pose_or_loss
stick,stage1,114,4.708333,track_stability_check,/mnt/hdd/AudioHOI/samples_known_object/11_stick/results/benchmark_vlm_qwen/vlm/stage1/evidence/frame00114_track_stability_check.png,/mnt/hdd/AudioHOI/samples_known_object/11_stick/results/benchmark_vlm_qwen/vlm/stage1/evidence/frame00114_track_stability_check.png,"track_triplet_overlay:main_body,contact_region,support_region,tip_regions,grip_bands,unclear",Is the highlighted reference point or part stable and visually trackable across neighboring frames?,stable|unstable_due_to_occlusion|unstable_not_real_part|wrong_part|unclear,mistral_llm_schema_validated,main_body|contact_region|support_region|tip_regions|grip_bands|background|unclear,hand_on_main_body|hand_on_contact_region|body_on_support_region|floor_support|persistent_two_palm_line|no_contact|unclear,forced_choice_gate_only_no_continuous_pose_or_loss
stick,stage1,115,4.750000,track_stability_check,/mnt/hdd/AudioHOI/samples_known_object/11_stick/results/benchmark_vlm_qwen/vlm/stage1/evidence/frame00115_track_stability_check.png,/mnt/hdd/AudioHOI/samples_known_object/11_stick/results/benchmark_vlm_qwen/vlm/stage1/evidence/frame00115_track_stability_check.png,"track_triplet_overlay:main_body,contact_region,support_region,tip_regions,grip_bands,unclear",Is the highlighted reference point or part stable and visually trackable across neighboring frames?,stable|unstable_due_to_occlusion|unstable_not_real_part|wrong_part|unclear,mistral_llm_schema_validated,main_body|contact_region|support_region|tip_regions|grip_bands|background|unclear,hand_on_main_body|hand_on_contact_region|body_on_support_region|floor_support|persistent_two_palm_line|no_contact|unclear,forced_choice_gate_only_no_continuous_pose_or_loss
stick,stage1,116,4.791667,track_stability_check,/mnt/hdd/AudioHOI/samples_known_object/11_stick/results/benchmark_vlm_qwen/vlm/stage1/evidence/frame00116_track_stability_check.png,/mnt/hdd/AudioHOI/samples_known_object/11_stick/results/benchmark_vlm_qwen/vlm/stage1/evidence/frame00116_track_stability_check.png,"track_triplet_overlay:main_body,contact_region,support_region,tip_regions,grip_bands,unclear",Is the highlighted reference point or part stable and visually trackable across neighboring frames?,stable|unstable_due_to_occlusion|unstable_not_real_part|wrong_part|unclear,mistral_llm_schema_validated,main_body|contact_region|support_region|tip_regions|grip_bands|background|unclear,hand_on_main_body|hand_on_contact_region|body_on_support_region|floor_support|persistent_two_palm_line|no_contact|unclear,forced_choice_gate_only_no_continuous_pose_or_loss
stick,stage1,117,4.833333,track_stability_check,/mnt/hdd/AudioHOI/samples_known_object/11_stick/results/benchmark_vlm_qwen/vlm/stage1/evidence/frame00117_track_stability_check.png,/mnt/hdd/AudioHOI/samples_known_object/11_stick/results/benchmark_vlm_qwen/vlm/stage1/evidence/frame00117_track_stability_check.png,"track_triplet_overlay:main_body,contact_region,support_region,tip_regions,grip_bands,unclear",Is the highlighted reference point or part stable and visually trackable across neighboring frames?,stable|unstable_due_to_occlusion|unstable_not_real_part|wrong_part|unclear,mistral_llm_schema_validated,main_body|contact_region|support_region|tip_regions|grip_bands|background|unclear,hand_on_main_body|hand_on_contact_region|body_on_support_region|floor_support|persistent_two_palm_line|no_contact|unclear,forced_choice_gate_only_no_continuous_pose_or_loss
stick,stage1,118,4.875000,track_stability_check,/mnt/hdd/AudioHOI/samples_known_object/11_stick/results/benchmark_vlm_qwen/vlm/stage1/evidence/frame00118_track_stability_check.png,/mnt/hdd/AudioHOI/samples_known_object/11_stick/results/benchmark_vlm_qwen/vlm/stage1/evidence/frame00118_track_stability_check.png,"track_triplet_overlay:main_body,contact_region,support_region,tip_regions,grip_bands,unclear",Is the highlighted reference point or part stable and visually trackable across neighboring frames?,stable|unstable_due_to_occlusion|unstable_not_real_part|wrong_part|unclear,mistral_llm_schema_validated,main_body|contact_region|support_region|tip_regions|grip_bands|background|unclear,hand_on_main_body|hand_on_contact_region|body_on_support_region|floor_support|persistent_two_palm_line|no_contact|unclear,forced_choice_gate_only_no_continuous_pose_or_loss
stick,stage1,119,4.916667,track_stability_check,/mnt/hdd/AudioHOI/samples_known_object/11_stick/results/benchmark_vlm_qwen/vlm/stage1/evidence/frame00119_track_stability_check.png,/mnt/hdd/AudioHOI/samples_known_object/11_stick/results/benchmark_vlm_qwen/vlm/stage1/evidence/frame00119_track_stability_check.png,"track_triplet_overlay:main_body,contact_region,support_region,tip_regions,grip_bands,unclear",Is the highlighted reference point or part stable and visually trackable across neighboring frames?,stable|unstable_due_to_occlusion|unstable_not_real_part|wrong_part|unclear,mistral_llm_schema_validated,main_body|contact_region|support_region|tip_regions|grip_bands|background|unclear,hand_on_main_body|hand_on_contact_region|body_on_support_region|floor_support|persistent_two_palm_line|no_contact|unclear,forced_choice_gate_only_no_continuous_pose_or_loss
stick,stage1,120,4.958333,track_stability_check,/mnt/hdd/AudioHOI/samples_known_object/11_stick/results/benchmark_vlm_qwen/vlm/stage1/evidence/frame00120_track_stability_check.png,/mnt/hdd/AudioHOI/samples_known_object/11_stick/results/benchmark_vlm_qwen/vlm/stage1/evidence/frame00120_track_stability_check.png,"track_triplet_overlay:main_body,contact_region,support_region,tip_regions,grip_bands,unclear",Is the highlighted reference point or part stable and visually trackable across neighboring frames?,stable|unstable_due_to_occlusion|unstable_not_real_part|wrong_part|unclear,mistral_llm_schema_validated,main_body|contact_region|support_region|tip_regions|grip_bands|background|unclear,hand_on_main_body|hand_on_contact_region|body_on_support_region|floor_support|persistent_two_palm_line|no_contact|unclear,forced_choice_gate_only_no_continuous_pose_or_loss
stick,stage1,121,5.000000,track_stability_check,/mnt/hdd/AudioHOI/samples_known_object/11_stick/results/benchmark_vlm_qwen/vlm/stage1/evidence/frame00121_track_stability_check.png,/mnt/hdd/AudioHOI/samples_known_object/11_stick/results/benchmark_vlm_qwen/vlm/stage1/evidence/frame00121_track_stability_check.png,"track_triplet_overlay:main_body,contact_region,support_region,tip_regions,grip_bands,unclear",Is the highlighted reference point or part stable and visually trackable across neighboring frames?,stable|unstable_due_to_occlusion|unstable_not_real_part|wrong_part|unclear,mistral_llm_schema_validated,main_body|contact_region|support_region|tip_regions|grip_bands|background|unclear,hand_on_main_body|hand_on_contact_region|body_on_support_region|floor_support|persistent_two_palm_line|no_contact|unclear,forced_choice_gate_only_no_continuous_pose_or_loss
stick,stage1,122,5.041667,track_stability_check,/mnt/hdd/AudioHOI/samples_known_object/11_stick/results/benchmark_vlm_qwen/vlm/stage1/evidence/frame00122_track_stability_check.png,/mnt/hdd/AudioHOI/samples_known_object/11_stick/results/benchmark_vlm_qwen/vlm/stage1/evidence/frame00122_track_stability_check.png,"track_triplet_overlay:main_body,contact_region,support_region,tip_regions,grip_bands,unclear",Is the highlighted reference point or part stable and visually trackable across neighboring frames?,stable|unstable_due_to_occlusion|unstable_not_real_part|wrong_part|unclear,mistral_llm_schema_validated,main_body|contact_region|support_region|tip_regions|grip_bands|background|unclear,hand_on_main_body|hand_on_contact_region|body_on_support_region|floor_support|persistent_two_palm_line|no_contact|unclear,forced_choice_gate_only_no_continuous_pose_or_loss
stick,stage1,123,5.083333,track_stability_check,/mnt/hdd/AudioHOI/samples_known_object/11_stick/results/benchmark_vlm_qwen/vlm/stage1/evidence/frame00123_track_stability_check.png,/mnt/hdd/AudioHOI/samples_known_object/11_stick/results/benchmark_vlm_qwen/vlm/stage1/evidence/frame00123_track_stability_check.png,"track_triplet_overlay:main_body,contact_region,support_region,tip_regions,grip_bands,unclear",Is the highlighted reference point or part stable and visually trackable across neighboring frames?,stable|unstable_due_to_occlusion|unstable_not_real_part|wrong_part|unclear,mistral_llm_schema_validated,main_body|contact_region|support_region|tip_regions|grip_bands|background|unclear,hand_on_main_body|hand_on_contact_region|body_on_support_region|floor_support|persistent_two_palm_line|no_contact|unclear,forced_choice_gate_only_no_continuous_pose_or_loss
stick,stage1,124,5.125000,track_stability_check,/mnt/hdd/AudioHOI/samples_known_object/11_stick/results/benchmark_vlm_qwen/vlm/stage1/evidence/frame00124_track_stability_check.png,/mnt/hdd/AudioHOI/samples_known_object/11_stick/results/benchmark_vlm_qwen/vlm/stage1/evidence/frame00124_track_stability_check.png,"track_triplet_overlay:main_body,contact_region,support_region,tip_regions,grip_bands,unclear",Is the highlighted reference point or part stable and visually trackable across neighboring frames?,stable|unstable_due_to_occlusion|unstable_not_real_part|wrong_part|unclear,mistral_llm_schema_validated,main_body|contact_region|support_region|tip_regions|grip_bands|background|unclear,hand_on_main_body|hand_on_contact_region|body_on_support_region|floor_support|persistent_two_palm_line|no_contact|unclear,forced_choice_gate_only_no_continuous_pose_or_loss
stick,stage1,125,5.166667,track_stability_check,/mnt/hdd/AudioHOI/samples_known_object/11_stick/results/benchmark_vlm_qwen/vlm/stage1/evidence/frame00125_track_stability_check.png,/mnt/hdd/AudioHOI/samples_known_object/11_stick/results/benchmark_vlm_qwen/vlm/stage1/evidence/frame00125_track_stability_check.png,"track_triplet_overlay:main_body,contact_region,support_region,tip_regions,grip_bands,unclear",Is the highlighted reference point or part stable and visually trackable across neighboring frames?,stable|unstable_due_to_occlusion|unstable_not_real_part|wrong_part|unclear,mistral_llm_schema_validated,main_body|contact_region|support_region|tip_regions|grip_bands|background|unclear,hand_on_main_body|hand_on_contact_region|body_on_support_region|floor_support|persistent_two_palm_line|no_contact|unclear,forced_choice_gate_only_no_continuous_pose_or_loss
stick,stage1,126,5.208333,track_stability_check,/mnt/hdd/AudioHOI/samples_known_object/11_stick/results/benchmark_vlm_qwen/vlm/stage1/evidence/frame00126_track_stability_check.png,/mnt/hdd/AudioHOI/samples_known_object/11_stick/results/benchmark_vlm_qwen/vlm/stage1/evidence/frame00126_track_stability_check.png,"track_triplet_overlay:main_body,contact_region,support_region,tip_regions,grip_bands,unclear",Is the highlighted reference point or part stable and visually trackable across neighboring frames?,stable|unstable_due_to_occlusion|unstable_not_real_part|wrong_part|unclear,mistral_llm_schema_validated,main_body|contact_region|support_region|tip_regions|grip_bands|background|unclear,hand_on_main_body|hand_on_contact_region|body_on_support_region|floor_support|persistent_two_palm_line|no_contact|unclear,forced_choice_gate_only_no_continuous_pose_or_loss
stick,stage1,127,5.250000,track_stability_check,/mnt/hdd/AudioHOI/samples_known_object/11_stick/results/benchmark_vlm_qwen/vlm/stage1/evidence/frame00127_track_stability_check.png,/mnt/hdd/AudioHOI/samples_known_object/11_stick/results/benchmark_vlm_qwen/vlm/stage1/evidence/frame00127_track_stability_check.png,"track_triplet_overlay:main_body,contact_region,support_region,tip_regions,grip_bands,unclear",Is the highlighted reference point or part stable and visually trackable across neighboring frames?,stable|unstable_due_to_occlusion|unstable_not_real_part|wrong_part|unclear,mistral_llm_schema_validated,main_body|contact_region|support_region|tip_regions|grip_bands|background|unclear,hand_on_main_body|hand_on_contact_region|body_on_support_region|floor_support|persistent_two_palm_line|no_contact|unclear,forced_choice_gate_only_no_continuous_pose_or_loss
stick,stage1,128,5.291667,track_stability_check,/mnt/hdd/AudioHOI/samples_known_object/11_stick/results/benchmark_vlm_qwen/vlm/stage1/evidence/frame00128_track_stability_check.png,/mnt/hdd/AudioHOI/samples_known_object/11_stick/results/benchmark_vlm_qwen/vlm/stage1/evidence/frame00128_track_stability_check.png,"track_triplet_overlay:main_body,contact_region,support_region,tip_regions,grip_bands,unclear",Is the highlighted reference point or part stable and visually trackable across neighboring frames?,stable|unstable_due_to_occlusion|unstable_not_real_part|wrong_part|unclear,mistral_llm_schema_validated,main_body|contact_region|support_region|tip_regions|grip_bands|background|unclear,hand_on_main_body|hand_on_contact_region|body_on_support_region|floor_support|persistent_two_palm_line|no_contact|unclear,forced_choice_gate_only_no_continuous_pose_or_loss
stick,stage1,129,5.333333,track_stability_check,/mnt/hdd/AudioHOI/samples_known_object/11_stick/results/benchmark_vlm_qwen/vlm/stage1/evidence/frame00129_track_stability_check.png,/mnt/hdd/AudioHOI/samples_known_object/11_stick/results/benchmark_vlm_qwen/vlm/stage1/evidence/frame00129_track_stability_check.png,"track_triplet_overlay:main_body,contact_region,support_region,tip_regions,grip_bands,unclear",Is the highlighted reference point or part stable and visually trackable across neighboring frames?,stable|unstable_due_to_occlusion|unstable_not_real_part|wrong_part|unclear,mistral_llm_schema_validated,main_body|contact_region|support_region|tip_regions|grip_bands|background|unclear,hand_on_main_body|hand_on_contact_region|body_on_support_region|floor_support|persistent_two_palm_line|no_contact|unclear,forced_choice_gate_only_no_continuous_pose_or_loss
stick,stage1,130,5.375000,track_stability_check,/mnt/hdd/AudioHOI/samples_known_object/11_stick/results/benchmark_vlm_qwen/vlm/stage1/evidence/frame00130_track_stability_check.png,/mnt/hdd/AudioHOI/samples_known_object/11_stick/results/benchmark_vlm_qwen/vlm/stage1/evidence/frame00130_track_stability_check.png,"track_triplet_overlay:main_body,contact_region,support_region,tip_regions,grip_bands,unclear",Is the highlighted reference point or part stable and visually trackable across neighboring frames?,stable|unstable_due_to_occlusion|unstable_not_real_part|wrong_part|unclear,mistral_llm_schema_validated,main_body|contact_region|support_region|tip_regions|grip_bands|background|unclear,hand_on_main_body|hand_on_contact_region|body_on_support_region|floor_support|persistent_two_palm_line|no_contact|unclear,forced_choice_gate_only_no_continuous_pose_or_loss
stick,stage1,131,5.416667,track_stability_check,/mnt/hdd/AudioHOI/samples_known_object/11_stick/results/benchmark_vlm_qwen/vlm/stage1/evidence/frame00131_track_stability_check.png,/mnt/hdd/AudioHOI/samples_known_object/11_stick/results/benchmark_vlm_qwen/vlm/stage1/evidence/frame00131_track_stability_check.png,"track_triplet_overlay:main_body,contact_region,support_region,tip_regions,grip_bands,unclear",Is the highlighted reference point or part stable and visually trackable across neighboring frames?,stable|unstable_due_to_occlusion|unstable_not_real_part|wrong_part|unclear,mistral_llm_schema_validated,main_body|contact_region|support_region|tip_regions|grip_bands|background|unclear,hand_on_main_body|hand_on_contact_region|body_on_support_region|floor_support|persistent_two_palm_line|no_contact|unclear,forced_choice_gate_only_no_continuous_pose_or_loss
stick,stage1,132,5.458333,track_stability_check,/mnt/hdd/AudioHOI/samples_known_object/11_stick/results/benchmark_vlm_qwen/vlm/stage1/evidence/frame00132_track_stability_check.png,/mnt/hdd/AudioHOI/samples_known_object/11_stick/results/benchmark_vlm_qwen/vlm/stage1/evidence/frame00132_track_stability_check.png,"track_triplet_overlay:main_body,contact_region,support_region,tip_regions,grip_bands,unclear",Is the highlighted reference point or part stable and visually trackable across neighboring frames?,stable|unstable_due_to_occlusion|unstable_not_real_part|wrong_part|unclear,mistral_llm_schema_validated,main_body|contact_region|support_region|tip_regions|grip_bands|background|unclear,hand_on_main_body|hand_on_contact_region|body_on_support_region|floor_support|persistent_two_palm_line|no_contact|unclear,forced_choice_gate_only_no_continuous_pose_or_loss
stick,stage1,133,5.500000,track_stability_check,/mnt/hdd/AudioHOI/samples_known_object/11_stick/results/benchmark_vlm_qwen/vlm/stage1/evidence/frame00133_track_stability_check.png,/mnt/hdd/AudioHOI/samples_known_object/11_stick/results/benchmark_vlm_qwen/vlm/stage1/evidence/frame00133_track_stability_check.png,"track_triplet_overlay:main_body,contact_region,support_region,tip_regions,grip_bands,unclear",Is the highlighted reference point or part stable and visually trackable across neighboring frames?,stable|unstable_due_to_occlusion|unstable_not_real_part|wrong_part|unclear,mistral_llm_schema_validated,main_body|contact_region|support_region|tip_regions|grip_bands|background|unclear,hand_on_main_body|hand_on_contact_region|body_on_support_region|floor_support|persistent_two_palm_line|no_contact|unclear,forced_choice_gate_only_no_continuous_pose_or_loss
stick,stage1,134,5.541667,track_stability_check,/mnt/hdd/AudioHOI/samples_known_object/11_stick/results/benchmark_vlm_qwen/vlm/stage1/evidence/frame00134_track_stability_check.png,/mnt/hdd/AudioHOI/samples_known_object/11_stick/results/benchmark_vlm_qwen/vlm/stage1/evidence/frame00134_track_stability_check.png,"track_triplet_overlay:main_body,contact_region,support_region,tip_regions,grip_bands,unclear",Is the highlighted reference point or part stable and visually trackable across neighboring frames?,stable|unstable_due_to_occlusion|unstable_not_real_part|wrong_part|unclear,mistral_llm_schema_validated,main_body|contact_region|support_region|tip_regions|grip_bands|background|unclear,hand_on_main_body|hand_on_contact_region|body_on_support_region|floor_support|persistent_two_palm_line|no_contact|unclear,forced_choice_gate_only_no_continuous_pose_or_loss
stick,stage1,135,5.583333,track_stability_check,/mnt/hdd/AudioHOI/samples_known_object/11_stick/results/benchmark_vlm_qwen/vlm/stage1/evidence/frame00135_track_stability_check.png,/mnt/hdd/AudioHOI/samples_known_object/11_stick/results/benchmark_vlm_qwen/vlm/stage1/evidence/frame00135_track_stability_check.png,"track_triplet_overlay:main_body,contact_region,support_region,tip_regions,grip_bands,unclear",Is the highlighted reference point or part stable and visually trackable across neighboring frames?,stable|unstable_due_to_occlusion|unstable_not_real_part|wrong_part|unclear,mistral_llm_schema_validated,main_body|contact_region|support_region|tip_regions|grip_bands|background|unclear,hand_on_main_body|hand_on_contact_region|body_on_support_region|floor_support|persistent_two_palm_line|no_contact|unclear,forced_choice_gate_only_no_continuous_pose_or_loss
stick,stage1,136,5.625000,track_stability_check,/mnt/hdd/AudioHOI/samples_known_object/11_stick/results/benchmark_vlm_qwen/vlm/stage1/evidence/frame00136_track_stability_check.png,/mnt/hdd/AudioHOI/samples_known_object/11_stick/results/benchmark_vlm_qwen/vlm/stage1/evidence/frame00136_track_stability_check.png,"track_triplet_overlay:main_body,contact_region,support_region,tip_regions,grip_bands,unclear",Is the highlighted reference point or part stable and visually trackable across neighboring frames?,stable|unstable_due_to_occlusion|unstable_not_real_part|wrong_part|unclear,mistral_llm_schema_validated,main_body|contact_region|support_region|tip_regions|grip_bands|background|unclear,hand_on_main_body|hand_on_contact_region|body_on_support_region|floor_support|persistent_two_palm_line|no_contact|unclear,forced_choice_gate_only_no_continuous_pose_or_loss
stick,stage1,137,5.666667,track_stability_check,/mnt/hdd/AudioHOI/samples_known_object/11_stick/results/benchmark_vlm_qwen/vlm/stage1/evidence/frame00137_track_stability_check.png,/mnt/hdd/AudioHOI/samples_known_object/11_stick/results/benchmark_vlm_qwen/vlm/stage1/evidence/frame00137_track_stability_check.png,"track_triplet_overlay:main_body,contact_region,support_region,tip_regions,grip_bands,unclear",Is the highlighted reference point or part stable and visually trackable across neighboring frames?,stable|unstable_due_to_occlusion|unstable_not_real_part|wrong_part|unclear,mistral_llm_schema_validated,main_body|contact_region|support_region|tip_regions|grip_bands|background|unclear,hand_on_main_body|hand_on_contact_region|body_on_support_region|floor_support|persistent_two_palm_line|no_contact|unclear,forced_choice_gate_only_no_continuous_pose_or_loss
stick,stage1,138,5.708333,track_stability_check,/mnt/hdd/AudioHOI/samples_known_object/11_stick/results/benchmark_vlm_qwen/vlm/stage1/evidence/frame00138_track_stability_check.png,/mnt/hdd/AudioHOI/samples_known_object/11_stick/results/benchmark_vlm_qwen/vlm/stage1/evidence/frame00138_track_stability_check.png,"track_triplet_overlay:main_body,contact_region,support_region,tip_regions,grip_bands,unclear",Is the highlighted reference point or part stable and visually trackable across neighboring frames?,stable|unstable_due_to_occlusion|unstable_not_real_part|wrong_part|unclear,mistral_llm_schema_validated,main_body|contact_region|support_region|tip_regions|grip_bands|background|unclear,hand_on_main_body|hand_on_contact_region|body_on_support_region|floor_support|persistent_two_palm_line|no_contact|unclear,forced_choice_gate_only_no_continuous_pose_or_loss
stick,stage1,139,5.750000,track_stability_check,/mnt/hdd/AudioHOI/samples_known_object/11_stick/results/benchmark_vlm_qwen/vlm/stage1/evidence/frame00139_track_stability_check.png,/mnt/hdd/AudioHOI/samples_known_object/11_stick/results/benchmark_vlm_qwen/vlm/stage1/evidence/frame00139_track_stability_check.png,"track_triplet_overlay:main_body,contact_region,support_region,tip_regions,grip_bands,unclear",Is the highlighted reference point or part stable and visually trackable across neighboring frames?,stable|unstable_due_to_occlusion|unstable_not_real_part|wrong_part|unclear,mistral_llm_schema_validated,main_body|contact_region|support_region|tip_regions|grip_bands|background|unclear,hand_on_main_body|hand_on_contact_region|body_on_support_region|floor_support|persistent_two_palm_line|no_contact|unclear,forced_choice_gate_only_no_continuous_pose_or_loss
stick,stage1,140,5.791667,track_stability_check,/mnt/hdd/AudioHOI/samples_known_object/11_stick/results/benchmark_vlm_qwen/vlm/stage1/evidence/frame00140_track_stability_check.png,/mnt/hdd/AudioHOI/samples_known_object/11_stick/results/benchmark_vlm_qwen/vlm/stage1/evidence/frame00140_track_stability_check.png,"track_triplet_overlay:main_body,contact_region,support_region,tip_regions,grip_bands,unclear",Is the highlighted reference point or part stable and visually trackable across neighboring frames?,stable|unstable_due_to_occlusion|unstable_not_real_part|wrong_part|unclear,mistral_llm_schema_validated,main_body|contact_region|support_region|tip_regions|grip_bands|background|unclear,hand_on_main_body|hand_on_contact_region|body_on_support_region|floor_support|persistent_two_palm_line|no_contact|unclear,forced_choice_gate_only_no_continuous_pose_or_loss
stick,stage1,141,5.833333,track_stability_check,/mnt/hdd/AudioHOI/samples_known_object/11_stick/results/benchmark_vlm_qwen/vlm/stage1/evidence/frame00141_track_stability_check.png,/mnt/hdd/AudioHOI/samples_known_object/11_stick/results/benchmark_vlm_qwen/vlm/stage1/evidence/frame00141_track_stability_check.png,"track_triplet_overlay:main_body,contact_region,support_region,tip_regions,grip_bands,unclear",Is the highlighted reference point or part stable and visually trackable across neighboring frames?,stable|unstable_due_to_occlusion|unstable_not_real_part|wrong_part|unclear,mistral_llm_schema_validated,main_body|contact_region|support_region|tip_regions|grip_bands|background|unclear,hand_on_main_body|hand_on_contact_region|body_on_support_region|floor_support|persistent_two_palm_line|no_contact|unclear,forced_choice_gate_only_no_continuous_pose_or_loss
stick,stage1,142,5.875000,track_stability_check,/mnt/hdd/AudioHOI/samples_known_object/11_stick/results/benchmark_vlm_qwen/vlm/stage1/evidence/frame00142_track_stability_check.png,/mnt/hdd/AudioHOI/samples_known_object/11_stick/results/benchmark_vlm_qwen/vlm/stage1/evidence/frame00142_track_stability_check.png,"track_triplet_overlay:main_body,contact_region,support_region,tip_regions,grip_bands,unclear",Is the highlighted reference point or part stable and visually trackable across neighboring frames?,stable|unstable_due_to_occlusion|unstable_not_real_part|wrong_part|unclear,mistral_llm_schema_validated,main_body|contact_region|support_region|tip_regions|grip_bands|background|unclear,hand_on_main_body|hand_on_contact_region|body_on_support_region|floor_support|persistent_two_palm_line|no_contact|unclear,forced_choice_gate_only_no_continuous_pose_or_loss
stick,stage1,143,5.916667,track_stability_check,/mnt/hdd/AudioHOI/samples_known_object/11_stick/results/benchmark_vlm_qwen/vlm/stage1/evidence/frame00143_track_stability_check.png,/mnt/hdd/AudioHOI/samples_known_object/11_stick/results/benchmark_vlm_qwen/vlm/stage1/evidence/frame00143_track_stability_check.png,"track_triplet_overlay:main_body,contact_region,support_region,tip_regions,grip_bands,unclear",Is the highlighted reference point or part stable and visually trackable across neighboring frames?,stable|unstable_due_to_occlusion|unstable_not_real_part|wrong_part|unclear,mistral_llm_schema_validated,main_body|contact_region|support_region|tip_regions|grip_bands|background|unclear,hand_on_main_body|hand_on_contact_region|body_on_support_region|floor_support|persistent_two_palm_line|no_contact|unclear,forced_choice_gate_only_no_continuous_pose_or_loss
stick,stage1,144,5.958333,track_stability_check,/mnt/hdd/AudioHOI/samples_known_object/11_stick/results/benchmark_vlm_qwen/vlm/stage1/evidence/frame00144_track_stability_check.png,/mnt/hdd/AudioHOI/samples_known_object/11_stick/results/benchmark_vlm_qwen/vlm/stage1/evidence/frame00144_track_stability_check.png,"track_triplet_overlay:main_body,contact_region,support_region,tip_regions,grip_bands,unclear",Is the highlighted reference point or part stable and visually trackable across neighboring frames?,stable|unstable_due_to_occlusion|unstable_not_real_part|wrong_part|unclear,mistral_llm_schema_validated,main_body|contact_region|support_region|tip_regions|grip_bands|background|unclear,hand_on_main_body|hand_on_contact_region|body_on_support_region|floor_support|persistent_two_palm_line|no_contact|unclear,forced_choice_gate_only_no_continuous_pose_or_loss
stick,stage1,145,6.000000,track_stability_check,/mnt/hdd/AudioHOI/samples_known_object/11_stick/results/benchmark_vlm_qwen/vlm/stage1/evidence/frame00145_track_stability_check.png,/mnt/hdd/AudioHOI/samples_known_object/11_stick/results/benchmark_vlm_qwen/vlm/stage1/evidence/frame00145_track_stability_check.png,"track_triplet_overlay:main_body,contact_region,support_region,tip_regions,grip_bands,unclear",Is the highlighted reference point or part stable and visually trackable across neighboring frames?,stable|unstable_due_to_occlusion|unstable_not_real_part|wrong_part|unclear,mistral_llm_schema_validated,main_body|contact_region|support_region|tip_regions|grip_bands|background|unclear,hand_on_main_body|hand_on_contact_region|body_on_support_region|floor_support|persistent_two_palm_line|no_contact|unclear,forced_choice_gate_only_no_continuous_pose_or_loss
stick,stage1,146,6.041667,track_stability_check,/mnt/hdd/AudioHOI/samples_known_object/11_stick/results/benchmark_vlm_qwen/vlm/stage1/evidence/frame00146_track_stability_check.png,/mnt/hdd/AudioHOI/samples_known_object/11_stick/results/benchmark_vlm_qwen/vlm/stage1/evidence/frame00146_track_stability_check.png,"track_triplet_overlay:main_body,contact_region,support_region,tip_regions,grip_bands,unclear",Is the highlighted reference point or part stable and visually trackable across neighboring frames?,stable|unstable_due_to_occlusion|unstable_not_real_part|wrong_part|unclear,mistral_llm_schema_validated,main_body|contact_region|support_region|tip_regions|grip_bands|background|unclear,hand_on_main_body|hand_on_contact_region|body_on_support_region|floor_support|persistent_two_palm_line|no_contact|unclear,forced_choice_gate_only_no_continuous_pose_or_loss
stick,stage1,147,6.083333,track_stability_check,/mnt/hdd/AudioHOI/samples_known_object/11_stick/results/benchmark_vlm_qwen/vlm/stage1/evidence/frame00147_track_stability_check.png,/mnt/hdd/AudioHOI/samples_known_object/11_stick/results/benchmark_vlm_qwen/vlm/stage1/evidence/frame00147_track_stability_check.png,"track_triplet_overlay:main_body,contact_region,support_region,tip_regions,grip_bands,unclear",Is the highlighted reference point or part stable and visually trackable across neighboring frames?,stable|unstable_due_to_occlusion|unstable_not_real_part|wrong_part|unclear,mistral_llm_schema_validated,main_body|contact_region|support_region|tip_regions|grip_bands|background|unclear,hand_on_main_body|hand_on_contact_region|body_on_support_region|floor_support|persistent_two_palm_line|no_contact|unclear,forced_choice_gate_only_no_continuous_pose_or_loss
stick,stage1,148,6.125000,track_stability_check,/mnt/hdd/AudioHOI/samples_known_object/11_stick/results/benchmark_vlm_qwen/vlm/stage1/evidence/frame00148_track_stability_check.png,/mnt/hdd/AudioHOI/samples_known_object/11_stick/results/benchmark_vlm_qwen/vlm/stage1/evidence/frame00148_track_stability_check.png,"track_triplet_overlay:main_body,contact_region,support_region,tip_regions,grip_bands,unclear",Is the highlighted reference point or part stable and visually trackable across neighboring frames?,stable|unstable_due_to_occlusion|unstable_not_real_part|wrong_part|unclear,mistral_llm_schema_validated,main_body|contact_region|support_region|tip_regions|grip_bands|background|unclear,hand_on_main_body|hand_on_contact_region|body_on_support_region|floor_support|persistent_two_palm_line|no_contact|unclear,forced_choice_gate_only_no_continuous_pose_or_loss
stick,stage1,149,6.166667,track_stability_check,/mnt/hdd/AudioHOI/samples_known_object/11_stick/results/benchmark_vlm_qwen/vlm/stage1/evidence/frame00149_track_stability_check.png,/mnt/hdd/AudioHOI/samples_known_object/11_stick/results/benchmark_vlm_qwen/vlm/stage1/evidence/frame00149_track_stability_check.png,"track_triplet_overlay:main_body,contact_region,support_region,tip_regions,grip_bands,unclear",Is the highlighted reference point or part stable and visually trackable across neighboring frames?,stable|unstable_due_to_occlusion|unstable_not_real_part|wrong_part|unclear,mistral_llm_schema_validated,main_body|contact_region|support_region|tip_regions|grip_bands|background|unclear,hand_on_main_body|hand_on_contact_region|body_on_support_region|floor_support|persistent_two_palm_line|no_contact|unclear,forced_choice_gate_only_no_continuous_pose_or_loss
stick,stage1,150,6.208333,track_stability_check,/mnt/hdd/AudioHOI/samples_known_object/11_stick/results/benchmark_vlm_qwen/vlm/stage1/evidence/frame00150_track_stability_check.png,/mnt/hdd/AudioHOI/samples_known_object/11_stick/results/benchmark_vlm_qwen/vlm/stage1/evidence/frame00150_track_stability_check.png,"track_triplet_overlay:main_body,contact_region,support_region,tip_regions,grip_bands,unclear",Is the highlighted reference point or part stable and visually trackable across neighboring frames?,stable|unstable_due_to_occlusion|unstable_not_real_part|wrong_part|unclear,mistral_llm_schema_validated,main_body|contact_region|support_region|tip_regions|grip_bands|background|unclear,hand_on_main_body|hand_on_contact_region|body_on_support_region|floor_support|persistent_two_palm_line|no_contact|unclear,forced_choice_gate_only_no_continuous_pose_or_loss
stick,stage1,151,6.250000,track_stability_check,/mnt/hdd/AudioHOI/samples_known_object/11_stick/results/benchmark_vlm_qwen/vlm/stage1/evidence/frame00151_track_stability_check.png,/mnt/hdd/AudioHOI/samples_known_object/11_stick/results/benchmark_vlm_qwen/vlm/stage1/evidence/frame00151_track_stability_check.png,"track_triplet_overlay:main_body,contact_region,support_region,tip_regions,grip_bands,unclear",Is the highlighted reference point or part stable and visually trackable across neighboring frames?,stable|unstable_due_to_occlusion|unstable_not_real_part|wrong_part|unclear,mistral_llm_schema_validated,main_body|contact_region|support_region|tip_regions|grip_bands|background|unclear,hand_on_main_body|hand_on_contact_region|body_on_support_region|floor_support|persistent_two_palm_line|no_contact|unclear,forced_choice_gate_only_no_continuous_pose_or_loss
stick,stage1,152,6.291667,track_stability_check,/mnt/hdd/AudioHOI/samples_known_object/11_stick/results/benchmark_vlm_qwen/vlm/stage1/evidence/frame00152_track_stability_check.png,/mnt/hdd/AudioHOI/samples_known_object/11_stick/results/benchmark_vlm_qwen/vlm/stage1/evidence/frame00152_track_stability_check.png,"track_triplet_overlay:main_body,contact_region,support_region,tip_regions,grip_bands,unclear",Is the highlighted reference point or part stable and visually trackable across neighboring frames?,stable|unstable_due_to_occlusion|unstable_not_real_part|wrong_part|unclear,mistral_llm_schema_validated,main_body|contact_region|support_region|tip_regions|grip_bands|background|unclear,hand_on_main_body|hand_on_contact_region|body_on_support_region|floor_support|persistent_two_palm_line|no_contact|unclear,forced_choice_gate_only_no_continuous_pose_or_loss
stick,stage1,153,6.333333,track_stability_check,/mnt/hdd/AudioHOI/samples_known_object/11_stick/results/benchmark_vlm_qwen/vlm/stage1/evidence/frame00153_track_stability_check.png,/mnt/hdd/AudioHOI/samples_known_object/11_stick/results/benchmark_vlm_qwen/vlm/stage1/evidence/frame00153_track_stability_check.png,"track_triplet_overlay:main_body,contact_region,support_region,tip_regions,grip_bands,unclear",Is the highlighted reference point or part stable and visually trackable across neighboring frames?,stable|unstable_due_to_occlusion|unstable_not_real_part|wrong_part|unclear,mistral_llm_schema_validated,main_body|contact_region|support_region|tip_regions|grip_bands|background|unclear,hand_on_main_body|hand_on_contact_region|body_on_support_region|floor_support|persistent_two_palm_line|no_contact|unclear,forced_choice_gate_only_no_continuous_pose_or_loss
stick,stage1,154,6.375000,track_stability_check,/mnt/hdd/AudioHOI/samples_known_object/11_stick/results/benchmark_vlm_qwen/vlm/stage1/evidence/frame00154_track_stability_check.png,/mnt/hdd/AudioHOI/samples_known_object/11_stick/results/benchmark_vlm_qwen/vlm/stage1/evidence/frame00154_track_stability_check.png,"track_triplet_overlay:main_body,contact_region,support_region,tip_regions,grip_bands,unclear",Is the highlighted reference point or part stable and visually trackable across neighboring frames?,stable|unstable_due_to_occlusion|unstable_not_real_part|wrong_part|unclear,mistral_llm_schema_validated,main_body|contact_region|support_region|tip_regions|grip_bands|background|unclear,hand_on_main_body|hand_on_contact_region|body_on_support_region|floor_support|persistent_two_palm_line|no_contact|unclear,forced_choice_gate_only_no_continuous_pose_or_loss
stick,stage1,155,6.416667,track_stability_check,/mnt/hdd/AudioHOI/samples_known_object/11_stick/results/benchmark_vlm_qwen/vlm/stage1/evidence/frame00155_track_stability_check.png,/mnt/hdd/AudioHOI/samples_known_object/11_stick/results/benchmark_vlm_qwen/vlm/stage1/evidence/frame00155_track_stability_check.png,"track_triplet_overlay:main_body,contact_region,support_region,tip_regions,grip_bands,unclear",Is the highlighted reference point or part stable and visually trackable across neighboring frames?,stable|unstable_due_to_occlusion|unstable_not_real_part|wrong_part|unclear,mistral_llm_schema_validated,main_body|contact_region|support_region|tip_regions|grip_bands|background|unclear,hand_on_main_body|hand_on_contact_region|body_on_support_region|floor_support|persistent_two_palm_line|no_contact|unclear,forced_choice_gate_only_no_continuous_pose_or_loss
stick,stage1,156,6.458333,track_stability_check,/mnt/hdd/AudioHOI/samples_known_object/11_stick/results/benchmark_vlm_qwen/vlm/stage1/evidence/frame00156_track_stability_check.png,/mnt/hdd/AudioHOI/samples_known_object/11_stick/results/benchmark_vlm_qwen/vlm/stage1/evidence/frame00156_track_stability_check.png,"track_triplet_overlay:main_body,contact_region,support_region,tip_regions,grip_bands,unclear",Is the highlighted reference point or part stable and visually trackable across neighboring frames?,stable|unstable_due_to_occlusion|unstable_not_real_part|wrong_part|unclear,mistral_llm_schema_validated,main_body|contact_region|support_region|tip_regions|grip_bands|background|unclear,hand_on_main_body|hand_on_contact_region|body_on_support_region|floor_support|persistent_two_palm_line|no_contact|unclear,forced_choice_gate_only_no_continuous_pose_or_loss
stick,stage1,157,6.500000,track_stability_check,/mnt/hdd/AudioHOI/samples_known_object/11_stick/results/benchmark_vlm_qwen/vlm/stage1/evidence/frame00157_track_stability_check.png,/mnt/hdd/AudioHOI/samples_known_object/11_stick/results/benchmark_vlm_qwen/vlm/stage1/evidence/frame00157_track_stability_check.png,"track_triplet_overlay:main_body,contact_region,support_region,tip_regions,grip_bands,unclear",Is the highlighted reference point or part stable and visually trackable across neighboring frames?,stable|unstable_due_to_occlusion|unstable_not_real_part|wrong_part|unclear,mistral_llm_schema_validated,main_body|contact_region|support_region|tip_regions|grip_bands|background|unclear,hand_on_main_body|hand_on_contact_region|body_on_support_region|floor_support|persistent_two_palm_line|no_contact|unclear,forced_choice_gate_only_no_continuous_pose_or_loss
stick,stage1,158,6.541667,track_stability_check,/mnt/hdd/AudioHOI/samples_known_object/11_stick/results/benchmark_vlm_qwen/vlm/stage1/evidence/frame00158_track_stability_check.png,/mnt/hdd/AudioHOI/samples_known_object/11_stick/results/benchmark_vlm_qwen/vlm/stage1/evidence/frame00158_track_stability_check.png,"track_triplet_overlay:main_body,contact_region,support_region,tip_regions,grip_bands,unclear",Is the highlighted reference point or part stable and visually trackable across neighboring frames?,stable|unstable_due_to_occlusion|unstable_not_real_part|wrong_part|unclear,mistral_llm_schema_validated,main_body|contact_region|support_region|tip_regions|grip_bands|background|unclear,hand_on_main_body|hand_on_contact_region|body_on_support_region|floor_support|persistent_two_palm_line|no_contact|unclear,forced_choice_gate_only_no_continuous_pose_or_loss
stick,stage1,159,6.583333,track_stability_check,/mnt/hdd/AudioHOI/samples_known_object/11_stick/results/benchmark_vlm_qwen/vlm/stage1/evidence/frame00159_track_stability_check.png,/mnt/hdd/AudioHOI/samples_known_object/11_stick/results/benchmark_vlm_qwen/vlm/stage1/evidence/frame00159_track_stability_check.png,"track_triplet_overlay:main_body,contact_region,support_region,tip_regions,grip_bands,unclear",Is the highlighted reference point or part stable and visually trackable across neighboring frames?,stable|unstable_due_to_occlusion|unstable_not_real_part|wrong_part|unclear,mistral_llm_schema_validated,main_body|contact_region|support_region|tip_regions|grip_bands|background|unclear,hand_on_main_body|hand_on_contact_region|body_on_support_region|floor_support|persistent_two_palm_line|no_contact|unclear,forced_choice_gate_only_no_continuous_pose_or_loss
stick,stage1,160,6.625000,track_stability_check,/mnt/hdd/AudioHOI/samples_known_object/11_stick/results/benchmark_vlm_qwen/vlm/stage1/evidence/frame00160_track_stability_check.png,/mnt/hdd/AudioHOI/samples_known_object/11_stick/results/benchmark_vlm_qwen/vlm/stage1/evidence/frame00160_track_stability_check.png,"track_triplet_overlay:main_body,contact_region,support_region,tip_regions,grip_bands,unclear",Is the highlighted reference point or part stable and visually trackable across neighboring frames?,stable|unstable_due_to_occlusion|unstable_not_real_part|wrong_part|unclear,mistral_llm_schema_validated,main_body|contact_region|support_region|tip_regions|grip_bands|background|unclear,hand_on_main_body|hand_on_contact_region|body_on_support_region|floor_support|persistent_two_palm_line|no_contact|unclear,forced_choice_gate_only_no_continuous_pose_or_loss
stick,stage1,161,6.666667,track_stability_check,/mnt/hdd/AudioHOI/samples_known_object/11_stick/results/benchmark_vlm_qwen/vlm/stage1/evidence/frame00161_track_stability_check.png,/mnt/hdd/AudioHOI/samples_known_object/11_stick/results/benchmark_vlm_qwen/vlm/stage1/evidence/frame00161_track_stability_check.png,"track_triplet_overlay:main_body,contact_region,support_region,tip_regions,grip_bands,unclear",Is the highlighted reference point or part stable and visually trackable across neighboring frames?,stable|unstable_due_to_occlusion|unstable_not_real_part|wrong_part|unclear,mistral_llm_schema_validated,main_body|contact_region|support_region|tip_regions|grip_bands|background|unclear,hand_on_main_body|hand_on_contact_region|body_on_support_region|floor_support|persistent_two_palm_line|no_contact|unclear,forced_choice_gate_only_no_continuous_pose_or_loss
stick,stage1,162,6.708333,track_stability_check,/mnt/hdd/AudioHOI/samples_known_object/11_stick/results/benchmark_vlm_qwen/vlm/stage1/evidence/frame00162_track_stability_check.png,/mnt/hdd/AudioHOI/samples_known_object/11_stick/results/benchmark_vlm_qwen/vlm/stage1/evidence/frame00162_track_stability_check.png,"track_triplet_overlay:main_body,contact_region,support_region,tip_regions,grip_bands,unclear",Is the highlighted reference point or part stable and visually trackable across neighboring frames?,stable|unstable_due_to_occlusion|unstable_not_real_part|wrong_part|unclear,mistral_llm_schema_validated,main_body|contact_region|support_region|tip_regions|grip_bands|background|unclear,hand_on_main_body|hand_on_contact_region|body_on_support_region|floor_support|persistent_two_palm_line|no_contact|unclear,forced_choice_gate_only_no_continuous_pose_or_loss
stick,stage1,163,6.750000,track_stability_check,/mnt/hdd/AudioHOI/samples_known_object/11_stick/results/benchmark_vlm_qwen/vlm/stage1/evidence/frame00163_track_stability_check.png,/mnt/hdd/AudioHOI/samples_known_object/11_stick/results/benchmark_vlm_qwen/vlm/stage1/evidence/frame00163_track_stability_check.png,"track_triplet_overlay:main_body,contact_region,support_region,tip_regions,grip_bands,unclear",Is the highlighted reference point or part stable and visually trackable across neighboring frames?,stable|unstable_due_to_occlusion|unstable_not_real_part|wrong_part|unclear,mistral_llm_schema_validated,main_body|contact_region|support_region|tip_regions|grip_bands|background|unclear,hand_on_main_body|hand_on_contact_region|body_on_support_region|floor_support|persistent_two_palm_line|no_contact|unclear,forced_choice_gate_only_no_continuous_pose_or_loss
stick,stage1,164,6.791667,track_stability_check,/mnt/hdd/AudioHOI/samples_known_object/11_stick/results/benchmark_vlm_qwen/vlm/stage1/evidence/frame00164_track_stability_check.png,/mnt/hdd/AudioHOI/samples_known_object/11_stick/results/benchmark_vlm_qwen/vlm/stage1/evidence/frame00164_track_stability_check.png,"track_triplet_overlay:main_body,contact_region,support_region,tip_regions,grip_bands,unclear",Is the highlighted reference point or part stable and visually trackable across neighboring frames?,stable|unstable_due_to_occlusion|unstable_not_real_part|wrong_part|unclear,mistral_llm_schema_validated,main_body|contact_region|support_region|tip_regions|grip_bands|background|unclear,hand_on_main_body|hand_on_contact_region|body_on_support_region|floor_support|persistent_two_palm_line|no_contact|unclear,forced_choice_gate_only_no_continuous_pose_or_loss
stick,stage1,165,6.833333,track_stability_check,/mnt/hdd/AudioHOI/samples_known_object/11_stick/results/benchmark_vlm_qwen/vlm/stage1/evidence/frame00165_track_stability_check.png,/mnt/hdd/AudioHOI/samples_known_object/11_stick/results/benchmark_vlm_qwen/vlm/stage1/evidence/frame00165_track_stability_check.png,"track_triplet_overlay:main_body,contact_region,support_region,tip_regions,grip_bands,unclear",Is the highlighted reference point or part stable and visually trackable across neighboring frames?,stable|unstable_due_to_occlusion|unstable_not_real_part|wrong_part|unclear,mistral_llm_schema_validated,main_body|contact_region|support_region|tip_regions|grip_bands|background|unclear,hand_on_main_body|hand_on_contact_region|body_on_support_region|floor_support|persistent_two_palm_line|no_contact|unclear,forced_choice_gate_only_no_continuous_pose_or_loss
stick,stage1,166,6.875000,track_stability_check,/mnt/hdd/AudioHOI/samples_known_object/11_stick/results/benchmark_vlm_qwen/vlm/stage1/evidence/frame00166_track_stability_check.png,/mnt/hdd/AudioHOI/samples_known_object/11_stick/results/benchmark_vlm_qwen/vlm/stage1/evidence/frame00166_track_stability_check.png,"track_triplet_overlay:main_body,contact_region,support_region,tip_regions,grip_bands,unclear",Is the highlighted reference point or part stable and visually trackable across neighboring frames?,stable|unstable_due_to_occlusion|unstable_not_real_part|wrong_part|unclear,mistral_llm_schema_validated,main_body|contact_region|support_region|tip_regions|grip_bands|background|unclear,hand_on_main_body|hand_on_contact_region|body_on_support_region|floor_support|persistent_two_palm_line|no_contact|unclear,forced_choice_gate_only_no_continuous_pose_or_loss
stick,stage1,167,6.916667,track_stability_check,/mnt/hdd/AudioHOI/samples_known_object/11_stick/results/benchmark_vlm_qwen/vlm/stage1/evidence/frame00167_track_stability_check.png,/mnt/hdd/AudioHOI/samples_known_object/11_stick/results/benchmark_vlm_qwen/vlm/stage1/evidence/frame00167_track_stability_check.png,"track_triplet_overlay:main_body,contact_region,support_region,tip_regions,grip_bands,unclear",Is the highlighted reference point or part stable and visually trackable across neighboring frames?,stable|unstable_due_to_occlusion|unstable_not_real_part|wrong_part|unclear,mistral_llm_schema_validated,main_body|contact_region|support_region|tip_regions|grip_bands|background|unclear,hand_on_main_body|hand_on_contact_region|body_on_support_region|floor_support|persistent_two_palm_line|no_contact|unclear,forced_choice_gate_only_no_continuous_pose_or_loss
stick,stage1,168,6.958333,track_stability_check,/mnt/hdd/AudioHOI/samples_known_object/11_stick/results/benchmark_vlm_qwen/vlm/stage1/evidence/frame00168_track_stability_check.png,/mnt/hdd/AudioHOI/samples_known_object/11_stick/results/benchmark_vlm_qwen/vlm/stage1/evidence/frame00168_track_stability_check.png,"track_triplet_overlay:main_body,contact_region,support_region,tip_regions,grip_bands,unclear",Is the highlighted reference point or part stable and visually trackable across neighboring frames?,stable|unstable_due_to_occlusion|unstable_not_real_part|wrong_part|unclear,mistral_llm_schema_validated,main_body|contact_region|support_region|tip_regions|grip_bands|background|unclear,hand_on_main_body|hand_on_contact_region|body_on_support_region|floor_support|persistent_two_palm_line|no_contact|unclear,forced_choice_gate_only_no_continuous_pose_or_loss
stick,stage1,169,7.000000,track_stability_check,/mnt/hdd/AudioHOI/samples_known_object/11_stick/results/benchmark_vlm_qwen/vlm/stage1/evidence/frame00169_track_stability_check.png,/mnt/hdd/AudioHOI/samples_known_object/11_stick/results/benchmark_vlm_qwen/vlm/stage1/evidence/frame00169_track_stability_check.png,"track_triplet_overlay:main_body,contact_region,support_region,tip_regions,grip_bands,unclear",Is the highlighted reference point or part stable and visually trackable across neighboring frames?,stable|unstable_due_to_occlusion|unstable_not_real_part|wrong_part|unclear,mistral_llm_schema_validated,main_body|contact_region|support_region|tip_regions|grip_bands|background|unclear,hand_on_main_body|hand_on_contact_region|body_on_support_region|floor_support|persistent_two_palm_line|no_contact|unclear,forced_choice_gate_only_no_continuous_pose_or_loss
stick,stage1,170,7.041667,track_stability_check,/mnt/hdd/AudioHOI/samples_known_object/11_stick/results/benchmark_vlm_qwen/vlm/stage1/evidence/frame00170_track_stability_check.png,/mnt/hdd/AudioHOI/samples_known_object/11_stick/results/benchmark_vlm_qwen/vlm/stage1/evidence/frame00170_track_stability_check.png,"track_triplet_overlay:main_body,contact_region,support_region,tip_regions,grip_bands,unclear",Is the highlighted reference point or part stable and visually trackable across neighboring frames?,stable|unstable_due_to_occlusion|unstable_not_real_part|wrong_part|unclear,mistral_llm_schema_validated,main_body|contact_region|support_region|tip_regions|grip_bands|background|unclear,hand_on_main_body|hand_on_contact_region|body_on_support_region|floor_support|persistent_two_palm_line|no_contact|unclear,forced_choice_gate_only_no_continuous_pose_or_loss
stick,stage1,171,7.083333,track_stability_check,/mnt/hdd/AudioHOI/samples_known_object/11_stick/results/benchmark_vlm_qwen/vlm/stage1/evidence/frame00171_track_stability_check.png,/mnt/hdd/AudioHOI/samples_known_object/11_stick/results/benchmark_vlm_qwen/vlm/stage1/evidence/frame00171_track_stability_check.png,"track_triplet_overlay:main_body,contact_region,support_region,tip_regions,grip_bands,unclear",Is the highlighted reference point or part stable and visually trackable across neighboring frames?,stable|unstable_due_to_occlusion|unstable_not_real_part|wrong_part|unclear,mistral_llm_schema_validated,main_body|contact_region|support_region|tip_regions|grip_bands|background|unclear,hand_on_main_body|hand_on_contact_region|body_on_support_region|floor_support|persistent_two_palm_line|no_contact|unclear,forced_choice_gate_only_no_continuous_pose_or_loss
stick,stage1,172,7.125000,track_stability_check,/mnt/hdd/AudioHOI/samples_known_object/11_stick/results/benchmark_vlm_qwen/vlm/stage1/evidence/frame00172_track_stability_check.png,/mnt/hdd/AudioHOI/samples_known_object/11_stick/results/benchmark_vlm_qwen/vlm/stage1/evidence/frame00172_track_stability_check.png,"track_triplet_overlay:main_body,contact_region,support_region,tip_regions,grip_bands,unclear",Is the highlighted reference point or part stable and visually trackable across neighboring frames?,stable|unstable_due_to_occlusion|unstable_not_real_part|wrong_part|unclear,mistral_llm_schema_validated,main_body|contact_region|support_region|tip_regions|grip_bands|background|unclear,hand_on_main_body|hand_on_contact_region|body_on_support_region|floor_support|persistent_two_palm_line|no_contact|unclear,forced_choice_gate_only_no_continuous_pose_or_loss
stick,stage1,173,7.166667,track_stability_check,/mnt/hdd/AudioHOI/samples_known_object/11_stick/results/benchmark_vlm_qwen/vlm/stage1/evidence/frame00173_track_stability_check.png,/mnt/hdd/AudioHOI/samples_known_object/11_stick/results/benchmark_vlm_qwen/vlm/stage1/evidence/frame00173_track_stability_check.png,"track_triplet_overlay:main_body,contact_region,support_region,tip_regions,grip_bands,unclear",Is the highlighted reference point or part stable and visually trackable across neighboring frames?,stable|unstable_due_to_occlusion|unstable_not_real_part|wrong_part|unclear,mistral_llm_schema_validated,main_body|contact_region|support_region|tip_regions|grip_bands|background|unclear,hand_on_main_body|hand_on_contact_region|body_on_support_region|floor_support|persistent_two_palm_line|no_contact|unclear,forced_choice_gate_only_no_continuous_pose_or_loss
stick,stage1,174,7.208333,track_stability_check,/mnt/hdd/AudioHOI/samples_known_object/11_stick/results/benchmark_vlm_qwen/vlm/stage1/evidence/frame00174_track_stability_check.png,/mnt/hdd/AudioHOI/samples_known_object/11_stick/results/benchmark_vlm_qwen/vlm/stage1/evidence/frame00174_track_stability_check.png,"track_triplet_overlay:main_body,contact_region,support_region,tip_regions,grip_bands,unclear",Is the highlighted reference point or part stable and visually trackable across neighboring frames?,stable|unstable_due_to_occlusion|unstable_not_real_part|wrong_part|unclear,mistral_llm_schema_validated,main_body|contact_region|support_region|tip_regions|grip_bands|background|unclear,hand_on_main_body|hand_on_contact_region|body_on_support_region|floor_support|persistent_two_palm_line|no_contact|unclear,forced_choice_gate_only_no_continuous_pose_or_loss
stick,stage1,175,7.250000,track_stability_check,/mnt/hdd/AudioHOI/samples_known_object/11_stick/results/benchmark_vlm_qwen/vlm/stage1/evidence/frame00175_track_stability_check.png,/mnt/hdd/AudioHOI/samples_known_object/11_stick/results/benchmark_vlm_qwen/vlm/stage1/evidence/frame00175_track_stability_check.png,"track_triplet_overlay:main_body,contact_region,support_region,tip_regions,grip_bands,unclear",Is the highlighted reference point or part stable and visually trackable across neighboring frames?,stable|unstable_due_to_occlusion|unstable_not_real_part|wrong_part|unclear,mistral_llm_schema_validated,main_body|contact_region|support_region|tip_regions|grip_bands|background|unclear,hand_on_main_body|hand_on_contact_region|body_on_support_region|floor_support|persistent_two_palm_line|no_contact|unclear,forced_choice_gate_only_no_continuous_pose_or_loss
stick,stage1,176,7.291667,track_stability_check,/mnt/hdd/AudioHOI/samples_known_object/11_stick/results/benchmark_vlm_qwen/vlm/stage1/evidence/frame00176_track_stability_check.png,/mnt/hdd/AudioHOI/samples_known_object/11_stick/results/benchmark_vlm_qwen/vlm/stage1/evidence/frame00176_track_stability_check.png,"track_triplet_overlay:main_body,contact_region,support_region,tip_regions,grip_bands,unclear",Is the highlighted reference point or part stable and visually trackable across neighboring frames?,stable|unstable_due_to_occlusion|unstable_not_real_part|wrong_part|unclear,mistral_llm_schema_validated,main_body|contact_region|support_region|tip_regions|grip_bands|background|unclear,hand_on_main_body|hand_on_contact_region|body_on_support_region|floor_support|persistent_two_palm_line|no_contact|unclear,forced_choice_gate_only_no_continuous_pose_or_loss
stick,stage1,177,7.333333,track_stability_check,/mnt/hdd/AudioHOI/samples_known_object/11_stick/results/benchmark_vlm_qwen/vlm/stage1/evidence/frame00177_track_stability_check.png,/mnt/hdd/AudioHOI/samples_known_object/11_stick/results/benchmark_vlm_qwen/vlm/stage1/evidence/frame00177_track_stability_check.png,"track_triplet_overlay:main_body,contact_region,support_region,tip_regions,grip_bands,unclear",Is the highlighted reference point or part stable and visually trackable across neighboring frames?,stable|unstable_due_to_occlusion|unstable_not_real_part|wrong_part|unclear,mistral_llm_schema_validated,main_body|contact_region|support_region|tip_regions|grip_bands|background|unclear,hand_on_main_body|hand_on_contact_region|body_on_support_region|floor_support|persistent_two_palm_line|no_contact|unclear,forced_choice_gate_only_no_continuous_pose_or_loss
stick,stage1,178,7.375000,track_stability_check,/mnt/hdd/AudioHOI/samples_known_object/11_stick/results/benchmark_vlm_qwen/vlm/stage1/evidence/frame00178_track_stability_check.png,/mnt/hdd/AudioHOI/samples_known_object/11_stick/results/benchmark_vlm_qwen/vlm/stage1/evidence/frame00178_track_stability_check.png,"track_triplet_overlay:main_body,contact_region,support_region,tip_regions,grip_bands,unclear",Is the highlighted reference point or part stable and visually trackable across neighboring frames?,stable|unstable_due_to_occlusion|unstable_not_real_part|wrong_part|unclear,mistral_llm_schema_validated,main_body|contact_region|support_region|tip_regions|grip_bands|background|unclear,hand_on_main_body|hand_on_contact_region|body_on_support_region|floor_support|persistent_two_palm_line|no_contact|unclear,forced_choice_gate_only_no_continuous_pose_or_loss
stick,stage1,179,7.416667,track_stability_check,/mnt/hdd/AudioHOI/samples_known_object/11_stick/results/benchmark_vlm_qwen/vlm/stage1/evidence/frame00179_track_stability_check.png,/mnt/hdd/AudioHOI/samples_known_object/11_stick/results/benchmark_vlm_qwen/vlm/stage1/evidence/frame00179_track_stability_check.png,"track_triplet_overlay:main_body,contact_region,support_region,tip_regions,grip_bands,unclear",Is the highlighted reference point or part stable and visually trackable across neighboring frames?,stable|unstable_due_to_occlusion|unstable_not_real_part|wrong_part|unclear,mistral_llm_schema_validated,main_body|contact_region|support_region|tip_regions|grip_bands|background|unclear,hand_on_main_body|hand_on_contact_region|body_on_support_region|floor_support|persistent_two_palm_line|no_contact|unclear,forced_choice_gate_only_no_continuous_pose_or_loss
stick,stage1,180,7.458333,track_stability_check,/mnt/hdd/AudioHOI/samples_known_object/11_stick/results/benchmark_vlm_qwen/vlm/stage1/evidence/frame00180_track_stability_check.png,/mnt/hdd/AudioHOI/samples_known_object/11_stick/results/benchmark_vlm_qwen/vlm/stage1/evidence/frame00180_track_stability_check.png,"track_triplet_overlay:main_body,contact_region,support_region,tip_regions,grip_bands,unclear",Is the highlighted reference point or part stable and visually trackable across neighboring frames?,stable|unstable_due_to_occlusion|unstable_not_real_part|wrong_part|unclear,mistral_llm_schema_validated,main_body|contact_region|support_region|tip_regions|grip_bands|background|unclear,hand_on_main_body|hand_on_contact_region|body_on_support_region|floor_support|persistent_two_palm_line|no_contact|unclear,forced_choice_gate_only_no_continuous_pose_or_loss
stick,stage1,181,7.500000,track_stability_check,/mnt/hdd/AudioHOI/samples_known_object/11_stick/results/benchmark_vlm_qwen/vlm/stage1/evidence/frame00181_track_stability_check.png,/mnt/hdd/AudioHOI/samples_known_object/11_stick/results/benchmark_vlm_qwen/vlm/stage1/evidence/frame00181_track_stability_check.png,"track_triplet_overlay:main_body,contact_region,support_region,tip_regions,grip_bands,unclear",Is the highlighted reference point or part stable and visually trackable across neighboring frames?,stable|unstable_due_to_occlusion|unstable_not_real_part|wrong_part|unclear,mistral_llm_schema_validated,main_body|contact_region|support_region|tip_regions|grip_bands|background|unclear,hand_on_main_body|hand_on_contact_region|body_on_support_region|floor_support|persistent_two_palm_line|no_contact|unclear,forced_choice_gate_only_no_continuous_pose_or_loss
stick,stage1,182,7.541667,track_stability_check,/mnt/hdd/AudioHOI/samples_known_object/11_stick/results/benchmark_vlm_qwen/vlm/stage1/evidence/frame00182_track_stability_check.png,/mnt/hdd/AudioHOI/samples_known_object/11_stick/results/benchmark_vlm_qwen/vlm/stage1/evidence/frame00182_track_stability_check.png,"track_triplet_overlay:main_body,contact_region,support_region,tip_regions,grip_bands,unclear",Is the highlighted reference point or part stable and visually trackable across neighboring frames?,stable|unstable_due_to_occlusion|unstable_not_real_part|wrong_part|unclear,mistral_llm_schema_validated,main_body|contact_region|support_region|tip_regions|grip_bands|background|unclear,hand_on_main_body|hand_on_contact_region|body_on_support_region|floor_support|persistent_two_palm_line|no_contact|unclear,forced_choice_gate_only_no_continuous_pose_or_loss
stick,stage1,183,7.583333,track_stability_check,/mnt/hdd/AudioHOI/samples_known_object/11_stick/results/benchmark_vlm_qwen/vlm/stage1/evidence/frame00183_track_stability_check.png,/mnt/hdd/AudioHOI/samples_known_object/11_stick/results/benchmark_vlm_qwen/vlm/stage1/evidence/frame00183_track_stability_check.png,"track_triplet_overlay:main_body,contact_region,support_region,tip_regions,grip_bands,unclear",Is the highlighted reference point or part stable and visually trackable across neighboring frames?,stable|unstable_due_to_occlusion|unstable_not_real_part|wrong_part|unclear,mistral_llm_schema_validated,main_body|contact_region|support_region|tip_regions|grip_bands|background|unclear,hand_on_main_body|hand_on_contact_region|body_on_support_region|floor_support|persistent_two_palm_line|no_contact|unclear,forced_choice_gate_only_no_continuous_pose_or_loss
stick,stage1,184,7.625000,track_stability_check,/mnt/hdd/AudioHOI/samples_known_object/11_stick/results/benchmark_vlm_qwen/vlm/stage1/evidence/frame00184_track_stability_check.png,/mnt/hdd/AudioHOI/samples_known_object/11_stick/results/benchmark_vlm_qwen/vlm/stage1/evidence/frame00184_track_stability_check.png,"track_triplet_overlay:main_body,contact_region,support_region,tip_regions,grip_bands,unclear",Is the highlighted reference point or part stable and visually trackable across neighboring frames?,stable|unstable_due_to_occlusion|unstable_not_real_part|wrong_part|unclear,mistral_llm_schema_validated,main_body|contact_region|support_region|tip_regions|grip_bands|background|unclear,hand_on_main_body|hand_on_contact_region|body_on_support_region|floor_support|persistent_two_palm_line|no_contact|unclear,forced_choice_gate_only_no_continuous_pose_or_loss
stick,stage1,185,7.666667,track_stability_check,/mnt/hdd/AudioHOI/samples_known_object/11_stick/results/benchmark_vlm_qwen/vlm/stage1/evidence/frame00185_track_stability_check.png,/mnt/hdd/AudioHOI/samples_known_object/11_stick/results/benchmark_vlm_qwen/vlm/stage1/evidence/frame00185_track_stability_check.png,"track_triplet_overlay:main_body,contact_region,support_region,tip_regions,grip_bands,unclear",Is the highlighted reference point or part stable and visually trackable across neighboring frames?,stable|unstable_due_to_occlusion|unstable_not_real_part|wrong_part|unclear,mistral_llm_schema_validated,main_body|contact_region|support_region|tip_regions|grip_bands|background|unclear,hand_on_main_body|hand_on_contact_region|body_on_support_region|floor_support|persistent_two_palm_line|no_contact|unclear,forced_choice_gate_only_no_continuous_pose_or_loss
stick,stage1,186,7.708333,track_stability_check,/mnt/hdd/AudioHOI/samples_known_object/11_stick/results/benchmark_vlm_qwen/vlm/stage1/evidence/frame00186_track_stability_check.png,/mnt/hdd/AudioHOI/samples_known_object/11_stick/results/benchmark_vlm_qwen/vlm/stage1/evidence/frame00186_track_stability_check.png,"track_triplet_overlay:main_body,contact_region,support_region,tip_regions,grip_bands,unclear",Is the highlighted reference point or part stable and visually trackable across neighboring frames?,stable|unstable_due_to_occlusion|unstable_not_real_part|wrong_part|unclear,mistral_llm_schema_validated,main_body|contact_region|support_region|tip_regions|grip_bands|background|unclear,hand_on_main_body|hand_on_contact_region|body_on_support_region|floor_support|persistent_two_palm_line|no_contact|unclear,forced_choice_gate_only_no_continuous_pose_or_loss
stick,stage1,187,7.750000,track_stability_check,/mnt/hdd/AudioHOI/samples_known_object/11_stick/results/benchmark_vlm_qwen/vlm/stage1/evidence/frame00187_track_stability_check.png,/mnt/hdd/AudioHOI/samples_known_object/11_stick/results/benchmark_vlm_qwen/vlm/stage1/evidence/frame00187_track_stability_check.png,"track_triplet_overlay:main_body,contact_region,support_region,tip_regions,grip_bands,unclear",Is the highlighted reference point or part stable and visually trackable across neighboring frames?,stable|unstable_due_to_occlusion|unstable_not_real_part|wrong_part|unclear,mistral_llm_schema_validated,main_body|contact_region|support_region|tip_regions|grip_bands|background|unclear,hand_on_main_body|hand_on_contact_region|body_on_support_region|floor_support|persistent_two_palm_line|no_contact|unclear,forced_choice_gate_only_no_continuous_pose_or_loss
stick,stage1,188,7.791667,track_stability_check,/mnt/hdd/AudioHOI/samples_known_object/11_stick/results/benchmark_vlm_qwen/vlm/stage1/evidence/frame00188_track_stability_check.png,/mnt/hdd/AudioHOI/samples_known_object/11_stick/results/benchmark_vlm_qwen/vlm/stage1/evidence/frame00188_track_stability_check.png,"track_triplet_overlay:main_body,contact_region,support_region,tip_regions,grip_bands,unclear",Is the highlighted reference point or part stable and visually trackable across neighboring frames?,stable|unstable_due_to_occlusion|unstable_not_real_part|wrong_part|unclear,mistral_llm_schema_validated,main_body|contact_region|support_region|tip_regions|grip_bands|background|unclear,hand_on_main_body|hand_on_contact_region|body_on_support_region|floor_support|persistent_two_palm_line|no_contact|unclear,forced_choice_gate_only_no_continuous_pose_or_loss
stick,stage1,189,7.833333,track_stability_check,/mnt/hdd/AudioHOI/samples_known_object/11_stick/results/benchmark_vlm_qwen/vlm/stage1/evidence/frame00189_track_stability_check.png,/mnt/hdd/AudioHOI/samples_known_object/11_stick/results/benchmark_vlm_qwen/vlm/stage1/evidence/frame00189_track_stability_check.png,"track_triplet_overlay:main_body,contact_region,support_region,tip_regions,grip_bands,unclear",Is the highlighted reference point or part stable and visually trackable across neighboring frames?,stable|unstable_due_to_occlusion|unstable_not_real_part|wrong_part|unclear,mistral_llm_schema_validated,main_body|contact_region|support_region|tip_regions|grip_bands|background|unclear,hand_on_main_body|hand_on_contact_region|body_on_support_region|floor_support|persistent_two_palm_line|no_contact|unclear,forced_choice_gate_only_no_continuous_pose_or_loss
stick,stage1,190,7.875000,track_stability_check,/mnt/hdd/AudioHOI/samples_known_object/11_stick/results/benchmark_vlm_qwen/vlm/stage1/evidence/frame00190_track_stability_check.png,/mnt/hdd/AudioHOI/samples_known_object/11_stick/results/benchmark_vlm_qwen/vlm/stage1/evidence/frame00190_track_stability_check.png,"track_triplet_overlay:main_body,contact_region,support_region,tip_regions,grip_bands,unclear",Is the highlighted reference point or part stable and visually trackable across neighboring frames?,stable|unstable_due_to_occlusion|unstable_not_real_part|wrong_part|unclear,mistral_llm_schema_validated,main_body|contact_region|support_region|tip_regions|grip_bands|background|unclear,hand_on_main_body|hand_on_contact_region|body_on_support_region|floor_support|persistent_two_palm_line|no_contact|unclear,forced_choice_gate_only_no_continuous_pose_or_loss
stick,stage1,191,7.916667,track_stability_check,/mnt/hdd/AudioHOI/samples_known_object/11_stick/results/benchmark_vlm_qwen/vlm/stage1/evidence/frame00191_track_stability_check.png,/mnt/hdd/AudioHOI/samples_known_object/11_stick/results/benchmark_vlm_qwen/vlm/stage1/evidence/frame00191_track_stability_check.png,"track_triplet_overlay:main_body,contact_region,support_region,tip_regions,grip_bands,unclear",Is the highlighted reference point or part stable and visually trackable across neighboring frames?,stable|unstable_due_to_occlusion|unstable_not_real_part|wrong_part|unclear,mistral_llm_schema_validated,main_body|contact_region|support_region|tip_regions|grip_bands|background|unclear,hand_on_main_body|hand_on_contact_region|body_on_support_region|floor_support|persistent_two_palm_line|no_contact|unclear,forced_choice_gate_only_no_continuous_pose_or_loss
stick,stage1,192,7.958333,track_stability_check,/mnt/hdd/AudioHOI/samples_known_object/11_stick/results/benchmark_vlm_qwen/vlm/stage1/evidence/frame00192_track_stability_check.png,/mnt/hdd/AudioHOI/samples_known_object/11_stick/results/benchmark_vlm_qwen/vlm/stage1/evidence/frame00192_track_stability_check.png,"track_triplet_overlay:main_body,contact_region,support_region,tip_regions,grip_bands,unclear",Is the highlighted reference point or part stable and visually trackable across neighboring frames?,stable|unstable_due_to_occlusion|unstable_not_real_part|wrong_part|unclear,mistral_llm_schema_validated,main_body|contact_region|support_region|tip_regions|grip_bands|background|unclear,hand_on_main_body|hand_on_contact_region|body_on_support_region|floor_support|persistent_two_palm_line|no_contact|unclear,forced_choice_gate_only_no_continuous_pose_or_loss
stick,stage1,193,8.000000,track_stability_check,/mnt/hdd/AudioHOI/samples_known_object/11_stick/results/benchmark_vlm_qwen/vlm/stage1/evidence/frame00193_track_stability_check.png,/mnt/hdd/AudioHOI/samples_known_object/11_stick/results/benchmark_vlm_qwen/vlm/stage1/evidence/frame00193_track_stability_check.png,"track_triplet_overlay:main_body,contact_region,support_region,tip_regions,grip_bands,unclear",Is the highlighted reference point or part stable and visually trackable across neighboring frames?,stable|unstable_due_to_occlusion|unstable_not_real_part|wrong_part|unclear,mistral_llm_schema_validated,main_body|contact_region|support_region|tip_regions|grip_bands|background|unclear,hand_on_main_body|hand_on_contact_region|body_on_support_region|floor_support|persistent_two_palm_line|no_contact|unclear,forced_choice_gate_only_no_continuous_pose_or_loss
stick,stage1,194,8.041667,track_stability_check,/mnt/hdd/AudioHOI/samples_known_object/11_stick/results/benchmark_vlm_qwen/vlm/stage1/evidence/frame00194_track_stability_check.png,/mnt/hdd/AudioHOI/samples_known_object/11_stick/results/benchmark_vlm_qwen/vlm/stage1/evidence/frame00194_track_stability_check.png,"track_triplet_overlay:main_body,contact_region,support_region,tip_regions,grip_bands,unclear",Is the highlighted reference point or part stable and visually trackable across neighboring frames?,stable|unstable_due_to_occlusion|unstable_not_real_part|wrong_part|unclear,mistral_llm_schema_validated,main_body|contact_region|support_region|tip_regions|grip_bands|background|unclear,hand_on_main_body|hand_on_contact_region|body_on_support_region|floor_support|persistent_two_palm_line|no_contact|unclear,forced_choice_gate_only_no_continuous_pose_or_loss
stick,stage1,195,8.083333,track_stability_check,/mnt/hdd/AudioHOI/samples_known_object/11_stick/results/benchmark_vlm_qwen/vlm/stage1/evidence/frame00195_track_stability_check.png,/mnt/hdd/AudioHOI/samples_known_object/11_stick/results/benchmark_vlm_qwen/vlm/stage1/evidence/frame00195_track_stability_check.png,"track_triplet_overlay:main_body,contact_region,support_region,tip_regions,grip_bands,unclear",Is the highlighted reference point or part stable and visually trackable across neighboring frames?,stable|unstable_due_to_occlusion|unstable_not_real_part|wrong_part|unclear,mistral_llm_schema_validated,main_body|contact_region|support_region|tip_regions|grip_bands|background|unclear,hand_on_main_body|hand_on_contact_region|body_on_support_region|floor_support|persistent_two_palm_line|no_contact|unclear,forced_choice_gate_only_no_continuous_pose_or_loss
stick,stage1,196,8.125000,track_stability_check,/mnt/hdd/AudioHOI/samples_known_object/11_stick/results/benchmark_vlm_qwen/vlm/stage1/evidence/frame00196_track_stability_check.png,/mnt/hdd/AudioHOI/samples_known_object/11_stick/results/benchmark_vlm_qwen/vlm/stage1/evidence/frame00196_track_stability_check.png,"track_triplet_overlay:main_body,contact_region,support_region,tip_regions,grip_bands,unclear",Is the highlighted reference point or part stable and visually trackable across neighboring frames?,stable|unstable_due_to_occlusion|unstable_not_real_part|wrong_part|unclear,mistral_llm_schema_validated,main_body|contact_region|support_region|tip_regions|grip_bands|background|unclear,hand_on_main_body|hand_on_contact_region|body_on_support_region|floor_support|persistent_two_palm_line|no_contact|unclear,forced_choice_gate_only_no_continuous_pose_or_loss
stick,stage1,197,8.166667,track_stability_check,/mnt/hdd/AudioHOI/samples_known_object/11_stick/results/benchmark_vlm_qwen/vlm/stage1/evidence/frame00197_track_stability_check.png,/mnt/hdd/AudioHOI/samples_known_object/11_stick/results/benchmark_vlm_qwen/vlm/stage1/evidence/frame00197_track_stability_check.png,"track_triplet_overlay:main_body,contact_region,support_region,tip_regions,grip_bands,unclear",Is the highlighted reference point or part stable and visually trackable across neighboring frames?,stable|unstable_due_to_occlusion|unstable_not_real_part|wrong_part|unclear,mistral_llm_schema_validated,main_body|contact_region|support_region|tip_regions|grip_bands|background|unclear,hand_on_main_body|hand_on_contact_region|body_on_support_region|floor_support|persistent_two_palm_line|no_contact|unclear,forced_choice_gate_only_no_continuous_pose_or_loss
stick,stage1,198,8.208333,track_stability_check,/mnt/hdd/AudioHOI/samples_known_object/11_stick/results/benchmark_vlm_qwen/vlm/stage1/evidence/frame00198_track_stability_check.png,/mnt/hdd/AudioHOI/samples_known_object/11_stick/results/benchmark_vlm_qwen/vlm/stage1/evidence/frame00198_track_stability_check.png,"track_triplet_overlay:main_body,contact_region,support_region,tip_regions,grip_bands,unclear",Is the highlighted reference point or part stable and visually trackable across neighboring frames?,stable|unstable_due_to_occlusion|unstable_not_real_part|wrong_part|unclear,mistral_llm_schema_validated,main_body|contact_region|support_region|tip_regions|grip_bands|background|unclear,hand_on_main_body|hand_on_contact_region|body_on_support_region|floor_support|persistent_two_palm_line|no_contact|unclear,forced_choice_gate_only_no_continuous_pose_or_loss
stick,stage1,199,8.250000,track_stability_check,/mnt/hdd/AudioHOI/samples_known_object/11_stick/results/benchmark_vlm_qwen/vlm/stage1/evidence/frame00199_track_stability_check.png,/mnt/hdd/AudioHOI/samples_known_object/11_stick/results/benchmark_vlm_qwen/vlm/stage1/evidence/frame00199_track_stability_check.png,"track_triplet_overlay:main_body,contact_region,support_region,tip_regions,grip_bands,unclear",Is the highlighted reference point or part stable and visually trackable across neighboring frames?,stable|unstable_due_to_occlusion|unstable_not_real_part|wrong_part|unclear,mistral_llm_schema_validated,main_body|contact_region|support_region|tip_regions|grip_bands|background|unclear,hand_on_main_body|hand_on_contact_region|body_on_support_region|floor_support|persistent_two_palm_line|no_contact|unclear,forced_choice_gate_only_no_continuous_pose_or_loss
stick,stage1,200,8.291667,track_stability_check,/mnt/hdd/AudioHOI/samples_known_object/11_stick/results/benchmark_vlm_qwen/vlm/stage1/evidence/frame00200_track_stability_check.png,/mnt/hdd/AudioHOI/samples_known_object/11_stick/results/benchmark_vlm_qwen/vlm/stage1/evidence/frame00200_track_stability_check.png,"track_triplet_overlay:main_body,contact_region,support_region,tip_regions,grip_bands,unclear",Is the highlighted reference point or part stable and visually trackable across neighboring frames?,stable|unstable_due_to_occlusion|unstable_not_real_part|wrong_part|unclear,mistral_llm_schema_validated,main_body|contact_region|support_region|tip_regions|grip_bands|background|unclear,hand_on_main_body|hand_on_contact_region|body_on_support_region|floor_support|persistent_two_palm_line|no_contact|unclear,forced_choice_gate_only_no_continuous_pose_or_loss
stick,stage1,201,8.333333,track_stability_check,/mnt/hdd/AudioHOI/samples_known_object/11_stick/results/benchmark_vlm_qwen/vlm/stage1/evidence/frame00201_track_stability_check.png,/mnt/hdd/AudioHOI/samples_known_object/11_stick/results/benchmark_vlm_qwen/vlm/stage1/evidence/frame00201_track_stability_check.png,"track_triplet_overlay:main_body,contact_region,support_region,tip_regions,grip_bands,unclear",Is the highlighted reference point or part stable and visually trackable across neighboring frames?,stable|unstable_due_to_occlusion|unstable_not_real_part|wrong_part|unclear,mistral_llm_schema_validated,main_body|contact_region|support_region|tip_regions|grip_bands|background|unclear,hand_on_main_body|hand_on_contact_region|body_on_support_region|floor_support|persistent_two_palm_line|no_contact|unclear,forced_choice_gate_only_no_continuous_pose_or_loss
stick,stage1,202,8.375000,track_stability_check,/mnt/hdd/AudioHOI/samples_known_object/11_stick/results/benchmark_vlm_qwen/vlm/stage1/evidence/frame00202_track_stability_check.png,/mnt/hdd/AudioHOI/samples_known_object/11_stick/results/benchmark_vlm_qwen/vlm/stage1/evidence/frame00202_track_stability_check.png,"track_triplet_overlay:main_body,contact_region,support_region,tip_regions,grip_bands,unclear",Is the highlighted reference point or part stable and visually trackable across neighboring frames?,stable|unstable_due_to_occlusion|unstable_not_real_part|wrong_part|unclear,mistral_llm_schema_validated,main_body|contact_region|support_region|tip_regions|grip_bands|background|unclear,hand_on_main_body|hand_on_contact_region|body_on_support_region|floor_support|persistent_two_palm_line|no_contact|unclear,forced_choice_gate_only_no_continuous_pose_or_loss
stick,stage1,203,8.416667,track_stability_check,/mnt/hdd/AudioHOI/samples_known_object/11_stick/results/benchmark_vlm_qwen/vlm/stage1/evidence/frame00203_track_stability_check.png,/mnt/hdd/AudioHOI/samples_known_object/11_stick/results/benchmark_vlm_qwen/vlm/stage1/evidence/frame00203_track_stability_check.png,"track_triplet_overlay:main_body,contact_region,support_region,tip_regions,grip_bands,unclear",Is the highlighted reference point or part stable and visually trackable across neighboring frames?,stable|unstable_due_to_occlusion|unstable_not_real_part|wrong_part|unclear,mistral_llm_schema_validated,main_body|contact_region|support_region|tip_regions|grip_bands|background|unclear,hand_on_main_body|hand_on_contact_region|body_on_support_region|floor_support|persistent_two_palm_line|no_contact|unclear,forced_choice_gate_only_no_continuous_pose_or_loss
stick,stage1,204,8.458333,track_stability_check,/mnt/hdd/AudioHOI/samples_known_object/11_stick/results/benchmark_vlm_qwen/vlm/stage1/evidence/frame00204_track_stability_check.png,/mnt/hdd/AudioHOI/samples_known_object/11_stick/results/benchmark_vlm_qwen/vlm/stage1/evidence/frame00204_track_stability_check.png,"track_triplet_overlay:main_body,contact_region,support_region,tip_regions,grip_bands,unclear",Is the highlighted reference point or part stable and visually trackable across neighboring frames?,stable|unstable_due_to_occlusion|unstable_not_real_part|wrong_part|unclear,mistral_llm_schema_validated,main_body|contact_region|support_region|tip_regions|grip_bands|background|unclear,hand_on_main_body|hand_on_contact_region|body_on_support_region|floor_support|persistent_two_palm_line|no_contact|unclear,forced_choice_gate_only_no_continuous_pose_or_loss
stick,stage1,205,8.500000,track_stability_check,/mnt/hdd/AudioHOI/samples_known_object/11_stick/results/benchmark_vlm_qwen/vlm/stage1/evidence/frame00205_track_stability_check.png,/mnt/hdd/AudioHOI/samples_known_object/11_stick/results/benchmark_vlm_qwen/vlm/stage1/evidence/frame00205_track_stability_check.png,"track_triplet_overlay:main_body,contact_region,support_region,tip_regions,grip_bands,unclear",Is the highlighted reference point or part stable and visually trackable across neighboring frames?,stable|unstable_due_to_occlusion|unstable_not_real_part|wrong_part|unclear,mistral_llm_schema_validated,main_body|contact_region|support_region|tip_regions|grip_bands|background|unclear,hand_on_main_body|hand_on_contact_region|body_on_support_region|floor_support|persistent_two_palm_line|no_contact|unclear,forced_choice_gate_only_no_continuous_pose_or_loss
stick,stage1,206,8.541667,track_stability_check,/mnt/hdd/AudioHOI/samples_known_object/11_stick/results/benchmark_vlm_qwen/vlm/stage1/evidence/frame00206_track_stability_check.png,/mnt/hdd/AudioHOI/samples_known_object/11_stick/results/benchmark_vlm_qwen/vlm/stage1/evidence/frame00206_track_stability_check.png,"track_triplet_overlay:main_body,contact_region,support_region,tip_regions,grip_bands,unclear",Is the highlighted reference point or part stable and visually trackable across neighboring frames?,stable|unstable_due_to_occlusion|unstable_not_real_part|wrong_part|unclear,mistral_llm_schema_validated,main_body|contact_region|support_region|tip_regions|grip_bands|background|unclear,hand_on_main_body|hand_on_contact_region|body_on_support_region|floor_support|persistent_two_palm_line|no_contact|unclear,forced_choice_gate_only_no_continuous_pose_or_loss
stick,stage1,207,8.583333,track_stability_check,/mnt/hdd/AudioHOI/samples_known_object/11_stick/results/benchmark_vlm_qwen/vlm/stage1/evidence/frame00207_track_stability_check.png,/mnt/hdd/AudioHOI/samples_known_object/11_stick/results/benchmark_vlm_qwen/vlm/stage1/evidence/frame00207_track_stability_check.png,"track_triplet_overlay:main_body,contact_region,support_region,tip_regions,grip_bands,unclear",Is the highlighted reference point or part stable and visually trackable across neighboring frames?,stable|unstable_due_to_occlusion|unstable_not_real_part|wrong_part|unclear,mistral_llm_schema_validated,main_body|contact_region|support_region|tip_regions|grip_bands|background|unclear,hand_on_main_body|hand_on_contact_region|body_on_support_region|floor_support|persistent_two_palm_line|no_contact|unclear,forced_choice_gate_only_no_continuous_pose_or_loss
stick,stage1,208,8.625000,track_stability_check,/mnt/hdd/AudioHOI/samples_known_object/11_stick/results/benchmark_vlm_qwen/vlm/stage1/evidence/frame00208_track_stability_check.png,/mnt/hdd/AudioHOI/samples_known_object/11_stick/results/benchmark_vlm_qwen/vlm/stage1/evidence/frame00208_track_stability_check.png,"track_triplet_overlay:main_body,contact_region,support_region,tip_regions,grip_bands,unclear",Is the highlighted reference point or part stable and visually trackable across neighboring frames?,stable|unstable_due_to_occlusion|unstable_not_real_part|wrong_part|unclear,mistral_llm_schema_validated,main_body|contact_region|support_region|tip_regions|grip_bands|background|unclear,hand_on_main_body|hand_on_contact_region|body_on_support_region|floor_support|persistent_two_palm_line|no_contact|unclear,forced_choice_gate_only_no_continuous_pose_or_loss
stick,stage1,209,8.666667,track_stability_check,/mnt/hdd/AudioHOI/samples_known_object/11_stick/results/benchmark_vlm_qwen/vlm/stage1/evidence/frame00209_track_stability_check.png,/mnt/hdd/AudioHOI/samples_known_object/11_stick/results/benchmark_vlm_qwen/vlm/stage1/evidence/frame00209_track_stability_check.png,"track_triplet_overlay:main_body,contact_region,support_region,tip_regions,grip_bands,unclear",Is the highlighted reference point or part stable and visually trackable across neighboring frames?,stable|unstable_due_to_occlusion|unstable_not_real_part|wrong_part|unclear,mistral_llm_schema_validated,main_body|contact_region|support_region|tip_regions|grip_bands|background|unclear,hand_on_main_body|hand_on_contact_region|body_on_support_region|floor_support|persistent_two_palm_line|no_contact|unclear,forced_choice_gate_only_no_continuous_pose_or_loss
stick,stage1,210,8.708333,track_stability_check,/mnt/hdd/AudioHOI/samples_known_object/11_stick/results/benchmark_vlm_qwen/vlm/stage1/evidence/frame00210_track_stability_check.png,/mnt/hdd/AudioHOI/samples_known_object/11_stick/results/benchmark_vlm_qwen/vlm/stage1/evidence/frame00210_track_stability_check.png,"track_triplet_overlay:main_body,contact_region,support_region,tip_regions,grip_bands,unclear",Is the highlighted reference point or part stable and visually trackable across neighboring frames?,stable|unstable_due_to_occlusion|unstable_not_real_part|wrong_part|unclear,mistral_llm_schema_validated,main_body|contact_region|support_region|tip_regions|grip_bands|background|unclear,hand_on_main_body|hand_on_contact_region|body_on_support_region|floor_support|persistent_two_palm_line|no_contact|unclear,forced_choice_gate_only_no_continuous_pose_or_loss
stick,stage1,211,8.750000,track_stability_check,/mnt/hdd/AudioHOI/samples_known_object/11_stick/results/benchmark_vlm_qwen/vlm/stage1/evidence/frame00211_track_stability_check.png,/mnt/hdd/AudioHOI/samples_known_object/11_stick/results/benchmark_vlm_qwen/vlm/stage1/evidence/frame00211_track_stability_check.png,"track_triplet_overlay:main_body,contact_region,support_region,tip_regions,grip_bands,unclear",Is the highlighted reference point or part stable and visually trackable across neighboring frames?,stable|unstable_due_to_occlusion|unstable_not_real_part|wrong_part|unclear,mistral_llm_schema_validated,main_body|contact_region|support_region|tip_regions|grip_bands|background|unclear,hand_on_main_body|hand_on_contact_region|body_on_support_region|floor_support|persistent_two_palm_line|no_contact|unclear,forced_choice_gate_only_no_continuous_pose_or_loss
stick,stage1,212,8.791667,track_stability_check,/mnt/hdd/AudioHOI/samples_known_object/11_stick/results/benchmark_vlm_qwen/vlm/stage1/evidence/frame00212_track_stability_check.png,/mnt/hdd/AudioHOI/samples_known_object/11_stick/results/benchmark_vlm_qwen/vlm/stage1/evidence/frame00212_track_stability_check.png,"track_triplet_overlay:main_body,contact_region,support_region,tip_regions,grip_bands,unclear",Is the highlighted reference point or part stable and visually trackable across neighboring frames?,stable|unstable_due_to_occlusion|unstable_not_real_part|wrong_part|unclear,mistral_llm_schema_validated,main_body|contact_region|support_region|tip_regions|grip_bands|background|unclear,hand_on_main_body|hand_on_contact_region|body_on_support_region|floor_support|persistent_two_palm_line|no_contact|unclear,forced_choice_gate_only_no_continuous_pose_or_loss
stick,stage1,213,8.833333,track_stability_check,/mnt/hdd/AudioHOI/samples_known_object/11_stick/results/benchmark_vlm_qwen/vlm/stage1/evidence/frame00213_track_stability_check.png,/mnt/hdd/AudioHOI/samples_known_object/11_stick/results/benchmark_vlm_qwen/vlm/stage1/evidence/frame00213_track_stability_check.png,"track_triplet_overlay:main_body,contact_region,support_region,tip_regions,grip_bands,unclear",Is the highlighted reference point or part stable and visually trackable across neighboring frames?,stable|unstable_due_to_occlusion|unstable_not_real_part|wrong_part|unclear,mistral_llm_schema_validated,main_body|contact_region|support_region|tip_regions|grip_bands|background|unclear,hand_on_main_body|hand_on_contact_region|body_on_support_region|floor_support|persistent_two_palm_line|no_contact|unclear,forced_choice_gate_only_no_continuous_pose_or_loss
stick,stage1,214,8.875000,track_stability_check,/mnt/hdd/AudioHOI/samples_known_object/11_stick/results/benchmark_vlm_qwen/vlm/stage1/evidence/frame00214_track_stability_check.png,/mnt/hdd/AudioHOI/samples_known_object/11_stick/results/benchmark_vlm_qwen/vlm/stage1/evidence/frame00214_track_stability_check.png,"track_triplet_overlay:main_body,contact_region,support_region,tip_regions,grip_bands,unclear",Is the highlighted reference point or part stable and visually trackable across neighboring frames?,stable|unstable_due_to_occlusion|unstable_not_real_part|wrong_part|unclear,mistral_llm_schema_validated,main_body|contact_region|support_region|tip_regions|grip_bands|background|unclear,hand_on_main_body|hand_on_contact_region|body_on_support_region|floor_support|persistent_two_palm_line|no_contact|unclear,forced_choice_gate_only_no_continuous_pose_or_loss
stick,stage1,215,8.916667,track_stability_check,/mnt/hdd/AudioHOI/samples_known_object/11_stick/results/benchmark_vlm_qwen/vlm/stage1/evidence/frame00215_track_stability_check.png,/mnt/hdd/AudioHOI/samples_known_object/11_stick/results/benchmark_vlm_qwen/vlm/stage1/evidence/frame00215_track_stability_check.png,"track_triplet_overlay:main_body,contact_region,support_region,tip_regions,grip_bands,unclear",Is the highlighted reference point or part stable and visually trackable across neighboring frames?,stable|unstable_due_to_occlusion|unstable_not_real_part|wrong_part|unclear,mistral_llm_schema_validated,main_body|contact_region|support_region|tip_regions|grip_bands|background|unclear,hand_on_main_body|hand_on_contact_region|body_on_support_region|floor_support|persistent_two_palm_line|no_contact|unclear,forced_choice_gate_only_no_continuous_pose_or_loss
stick,stage1,216,8.958333,track_stability_check,/mnt/hdd/AudioHOI/samples_known_object/11_stick/results/benchmark_vlm_qwen/vlm/stage1/evidence/frame00216_track_stability_check.png,/mnt/hdd/AudioHOI/samples_known_object/11_stick/results/benchmark_vlm_qwen/vlm/stage1/evidence/frame00216_track_stability_check.png,"track_triplet_overlay:main_body,contact_region,support_region,tip_regions,grip_bands,unclear",Is the highlighted reference point or part stable and visually trackable across neighboring frames?,stable|unstable_due_to_occlusion|unstable_not_real_part|wrong_part|unclear,mistral_llm_schema_validated,main_body|contact_region|support_region|tip_regions|grip_bands|background|unclear,hand_on_main_body|hand_on_contact_region|body_on_support_region|floor_support|persistent_two_palm_line|no_contact|unclear,forced_choice_gate_only_no_continuous_pose_or_loss
stick,stage1,217,9.000000,track_stability_check,/mnt/hdd/AudioHOI/samples_known_object/11_stick/results/benchmark_vlm_qwen/vlm/stage1/evidence/frame00217_track_stability_check.png,/mnt/hdd/AudioHOI/samples_known_object/11_stick/results/benchmark_vlm_qwen/vlm/stage1/evidence/frame00217_track_stability_check.png,"track_triplet_overlay:main_body,contact_region,support_region,tip_regions,grip_bands,unclear",Is the highlighted reference point or part stable and visually trackable across neighboring frames?,stable|unstable_due_to_occlusion|unstable_not_real_part|wrong_part|unclear,mistral_llm_schema_validated,main_body|contact_region|support_region|tip_regions|grip_bands|background|unclear,hand_on_main_body|hand_on_contact_region|body_on_support_region|floor_support|persistent_two_palm_line|no_contact|unclear,forced_choice_gate_only_no_continuous_pose_or_loss
stick,stage1,218,9.041667,track_stability_check,/mnt/hdd/AudioHOI/samples_known_object/11_stick/results/benchmark_vlm_qwen/vlm/stage1/evidence/frame00218_track_stability_check.png,/mnt/hdd/AudioHOI/samples_known_object/11_stick/results/benchmark_vlm_qwen/vlm/stage1/evidence/frame00218_track_stability_check.png,"track_triplet_overlay:main_body,contact_region,support_region,tip_regions,grip_bands,unclear",Is the highlighted reference point or part stable and visually trackable across neighboring frames?,stable|unstable_due_to_occlusion|unstable_not_real_part|wrong_part|unclear,mistral_llm_schema_validated,main_body|contact_region|support_region|tip_regions|grip_bands|background|unclear,hand_on_main_body|hand_on_contact_region|body_on_support_region|floor_support|persistent_two_palm_line|no_contact|unclear,forced_choice_gate_only_no_continuous_pose_or_loss
stick,stage1,219,9.083333,track_stability_check,/mnt/hdd/AudioHOI/samples_known_object/11_stick/results/benchmark_vlm_qwen/vlm/stage1/evidence/frame00219_track_stability_check.png,/mnt/hdd/AudioHOI/samples_known_object/11_stick/results/benchmark_vlm_qwen/vlm/stage1/evidence/frame00219_track_stability_check.png,"track_triplet_overlay:main_body,contact_region,support_region,tip_regions,grip_bands,unclear",Is the highlighted reference point or part stable and visually trackable across neighboring frames?,stable|unstable_due_to_occlusion|unstable_not_real_part|wrong_part|unclear,mistral_llm_schema_validated,main_body|contact_region|support_region|tip_regions|grip_bands|background|unclear,hand_on_main_body|hand_on_contact_region|body_on_support_region|floor_support|persistent_two_palm_line|no_contact|unclear,forced_choice_gate_only_no_continuous_pose_or_loss
stick,stage1,220,9.125000,track_stability_check,/mnt/hdd/AudioHOI/samples_known_object/11_stick/results/benchmark_vlm_qwen/vlm/stage1/evidence/frame00220_track_stability_check.png,/mnt/hdd/AudioHOI/samples_known_object/11_stick/results/benchmark_vlm_qwen/vlm/stage1/evidence/frame00220_track_stability_check.png,"track_triplet_overlay:main_body,contact_region,support_region,tip_regions,grip_bands,unclear",Is the highlighted reference point or part stable and visually trackable across neighboring frames?,stable|unstable_due_to_occlusion|unstable_not_real_part|wrong_part|unclear,mistral_llm_schema_validated,main_body|contact_region|support_region|tip_regions|grip_bands|background|unclear,hand_on_main_body|hand_on_contact_region|body_on_support_region|floor_support|persistent_two_palm_line|no_contact|unclear,forced_choice_gate_only_no_continuous_pose_or_loss
stick,stage1,221,9.166667,track_stability_check,/mnt/hdd/AudioHOI/samples_known_object/11_stick/results/benchmark_vlm_qwen/vlm/stage1/evidence/frame00221_track_stability_check.png,/mnt/hdd/AudioHOI/samples_known_object/11_stick/results/benchmark_vlm_qwen/vlm/stage1/evidence/frame00221_track_stability_check.png,"track_triplet_overlay:main_body,contact_region,support_region,tip_regions,grip_bands,unclear",Is the highlighted reference point or part stable and visually trackable across neighboring frames?,stable|unstable_due_to_occlusion|unstable_not_real_part|wrong_part|unclear,mistral_llm_schema_validated,main_body|contact_region|support_region|tip_regions|grip_bands|background|unclear,hand_on_main_body|hand_on_contact_region|body_on_support_region|floor_support|persistent_two_palm_line|no_contact|unclear,forced_choice_gate_only_no_continuous_pose_or_loss
stick,stage1,222,9.208333,track_stability_check,/mnt/hdd/AudioHOI/samples_known_object/11_stick/results/benchmark_vlm_qwen/vlm/stage1/evidence/frame00222_track_stability_check.png,/mnt/hdd/AudioHOI/samples_known_object/11_stick/results/benchmark_vlm_qwen/vlm/stage1/evidence/frame00222_track_stability_check.png,"track_triplet_overlay:main_body,contact_region,support_region,tip_regions,grip_bands,unclear",Is the highlighted reference point or part stable and visually trackable across neighboring frames?,stable|unstable_due_to_occlusion|unstable_not_real_part|wrong_part|unclear,mistral_llm_schema_validated,main_body|contact_region|support_region|tip_regions|grip_bands|background|unclear,hand_on_main_body|hand_on_contact_region|body_on_support_region|floor_support|persistent_two_palm_line|no_contact|unclear,forced_choice_gate_only_no_continuous_pose_or_loss
stick,stage1,223,9.250000,track_stability_check,/mnt/hdd/AudioHOI/samples_known_object/11_stick/results/benchmark_vlm_qwen/vlm/stage1/evidence/frame00223_track_stability_check.png,/mnt/hdd/AudioHOI/samples_known_object/11_stick/results/benchmark_vlm_qwen/vlm/stage1/evidence/frame00223_track_stability_check.png,"track_triplet_overlay:main_body,contact_region,support_region,tip_regions,grip_bands,unclear",Is the highlighted reference point or part stable and visually trackable across neighboring frames?,stable|unstable_due_to_occlusion|unstable_not_real_part|wrong_part|unclear,mistral_llm_schema_validated,main_body|contact_region|support_region|tip_regions|grip_bands|background|unclear,hand_on_main_body|hand_on_contact_region|body_on_support_region|floor_support|persistent_two_palm_line|no_contact|unclear,forced_choice_gate_only_no_continuous_pose_or_loss
stick,stage1,224,9.291667,track_stability_check,/mnt/hdd/AudioHOI/samples_known_object/11_stick/results/benchmark_vlm_qwen/vlm/stage1/evidence/frame00224_track_stability_check.png,/mnt/hdd/AudioHOI/samples_known_object/11_stick/results/benchmark_vlm_qwen/vlm/stage1/evidence/frame00224_track_stability_check.png,"track_triplet_overlay:main_body,contact_region,support_region,tip_regions,grip_bands,unclear",Is the highlighted reference point or part stable and visually trackable across neighboring frames?,stable|unstable_due_to_occlusion|unstable_not_real_part|wrong_part|unclear,mistral_llm_schema_validated,main_body|contact_region|support_region|tip_regions|grip_bands|background|unclear,hand_on_main_body|hand_on_contact_region|body_on_support_region|floor_support|persistent_two_palm_line|no_contact|unclear,forced_choice_gate_only_no_continuous_pose_or_loss
stick,stage1,225,9.333333,track_stability_check,/mnt/hdd/AudioHOI/samples_known_object/11_stick/results/benchmark_vlm_qwen/vlm/stage1/evidence/frame00225_track_stability_check.png,/mnt/hdd/AudioHOI/samples_known_object/11_stick/results/benchmark_vlm_qwen/vlm/stage1/evidence/frame00225_track_stability_check.png,"track_triplet_overlay:main_body,contact_region,support_region,tip_regions,grip_bands,unclear",Is the highlighted reference point or part stable and visually trackable across neighboring frames?,stable|unstable_due_to_occlusion|unstable_not_real_part|wrong_part|unclear,mistral_llm_schema_validated,main_body|contact_region|support_region|tip_regions|grip_bands|background|unclear,hand_on_main_body|hand_on_contact_region|body_on_support_region|floor_support|persistent_two_palm_line|no_contact|unclear,forced_choice_gate_only_no_continuous_pose_or_loss
stick,stage1,226,9.375000,track_stability_check,/mnt/hdd/AudioHOI/samples_known_object/11_stick/results/benchmark_vlm_qwen/vlm/stage1/evidence/frame00226_track_stability_check.png,/mnt/hdd/AudioHOI/samples_known_object/11_stick/results/benchmark_vlm_qwen/vlm/stage1/evidence/frame00226_track_stability_check.png,"track_triplet_overlay:main_body,contact_region,support_region,tip_regions,grip_bands,unclear",Is the highlighted reference point or part stable and visually trackable across neighboring frames?,stable|unstable_due_to_occlusion|unstable_not_real_part|wrong_part|unclear,mistral_llm_schema_validated,main_body|contact_region|support_region|tip_regions|grip_bands|background|unclear,hand_on_main_body|hand_on_contact_region|body_on_support_region|floor_support|persistent_two_palm_line|no_contact|unclear,forced_choice_gate_only_no_continuous_pose_or_loss
stick,stage1,227,9.416667,track_stability_check,/mnt/hdd/AudioHOI/samples_known_object/11_stick/results/benchmark_vlm_qwen/vlm/stage1/evidence/frame00227_track_stability_check.png,/mnt/hdd/AudioHOI/samples_known_object/11_stick/results/benchmark_vlm_qwen/vlm/stage1/evidence/frame00227_track_stability_check.png,"track_triplet_overlay:main_body,contact_region,support_region,tip_regions,grip_bands,unclear",Is the highlighted reference point or part stable and visually trackable across neighboring frames?,stable|unstable_due_to_occlusion|unstable_not_real_part|wrong_part|unclear,mistral_llm_schema_validated,main_body|contact_region|support_region|tip_regions|grip_bands|background|unclear,hand_on_main_body|hand_on_contact_region|body_on_support_region|floor_support|persistent_two_palm_line|no_contact|unclear,forced_choice_gate_only_no_continuous_pose_or_loss
stick,stage1,228,9.458333,track_stability_check,/mnt/hdd/AudioHOI/samples_known_object/11_stick/results/benchmark_vlm_qwen/vlm/stage1/evidence/frame00228_track_stability_check.png,/mnt/hdd/AudioHOI/samples_known_object/11_stick/results/benchmark_vlm_qwen/vlm/stage1/evidence/frame00228_track_stability_check.png,"track_triplet_overlay:main_body,contact_region,support_region,tip_regions,grip_bands,unclear",Is the highlighted reference point or part stable and visually trackable across neighboring frames?,stable|unstable_due_to_occlusion|unstable_not_real_part|wrong_part|unclear,mistral_llm_schema_validated,main_body|contact_region|support_region|tip_regions|grip_bands|background|unclear,hand_on_main_body|hand_on_contact_region|body_on_support_region|floor_support|persistent_two_palm_line|no_contact|unclear,forced_choice_gate_only_no_continuous_pose_or_loss
stick,stage1,229,9.500000,track_stability_check,/mnt/hdd/AudioHOI/samples_known_object/11_stick/results/benchmark_vlm_qwen/vlm/stage1/evidence/frame00229_track_stability_check.png,/mnt/hdd/AudioHOI/samples_known_object/11_stick/results/benchmark_vlm_qwen/vlm/stage1/evidence/frame00229_track_stability_check.png,"track_triplet_overlay:main_body,contact_region,support_region,tip_regions,grip_bands,unclear",Is the highlighted reference point or part stable and visually trackable across neighboring frames?,stable|unstable_due_to_occlusion|unstable_not_real_part|wrong_part|unclear,mistral_llm_schema_validated,main_body|contact_region|support_region|tip_regions|grip_bands|background|unclear,hand_on_main_body|hand_on_contact_region|body_on_support_region|floor_support|persistent_two_palm_line|no_contact|unclear,forced_choice_gate_only_no_continuous_pose_or_loss
stick,stage1,230,9.541667,track_stability_check,/mnt/hdd/AudioHOI/samples_known_object/11_stick/results/benchmark_vlm_qwen/vlm/stage1/evidence/frame00230_track_stability_check.png,/mnt/hdd/AudioHOI/samples_known_object/11_stick/results/benchmark_vlm_qwen/vlm/stage1/evidence/frame00230_track_stability_check.png,"track_triplet_overlay:main_body,contact_region,support_region,tip_regions,grip_bands,unclear",Is the highlighted reference point or part stable and visually trackable across neighboring frames?,stable|unstable_due_to_occlusion|unstable_not_real_part|wrong_part|unclear,mistral_llm_schema_validated,main_body|contact_region|support_region|tip_regions|grip_bands|background|unclear,hand_on_main_body|hand_on_contact_region|body_on_support_region|floor_support|persistent_two_palm_line|no_contact|unclear,forced_choice_gate_only_no_continuous_pose_or_loss
stick,stage1,231,9.583333,track_stability_check,/mnt/hdd/AudioHOI/samples_known_object/11_stick/results/benchmark_vlm_qwen/vlm/stage1/evidence/frame00231_track_stability_check.png,/mnt/hdd/AudioHOI/samples_known_object/11_stick/results/benchmark_vlm_qwen/vlm/stage1/evidence/frame00231_track_stability_check.png,"track_triplet_overlay:main_body,contact_region,support_region,tip_regions,grip_bands,unclear",Is the highlighted reference point or part stable and visually trackable across neighboring frames?,stable|unstable_due_to_occlusion|unstable_not_real_part|wrong_part|unclear,mistral_llm_schema_validated,main_body|contact_region|support_region|tip_regions|grip_bands|background|unclear,hand_on_main_body|hand_on_contact_region|body_on_support_region|floor_support|persistent_two_palm_line|no_contact|unclear,forced_choice_gate_only_no_continuous_pose_or_loss
stick,stage1,232,9.625000,track_stability_check,/mnt/hdd/AudioHOI/samples_known_object/11_stick/results/benchmark_vlm_qwen/vlm/stage1/evidence/frame00232_track_stability_check.png,/mnt/hdd/AudioHOI/samples_known_object/11_stick/results/benchmark_vlm_qwen/vlm/stage1/evidence/frame00232_track_stability_check.png,"track_triplet_overlay:main_body,contact_region,support_region,tip_regions,grip_bands,unclear",Is the highlighted reference point or part stable and visually trackable across neighboring frames?,stable|unstable_due_to_occlusion|unstable_not_real_part|wrong_part|unclear,mistral_llm_schema_validated,main_body|contact_region|support_region|tip_regions|grip_bands|background|unclear,hand_on_main_body|hand_on_contact_region|body_on_support_region|floor_support|persistent_two_palm_line|no_contact|unclear,forced_choice_gate_only_no_continuous_pose_or_loss
stick,stage1,233,9.666667,track_stability_check,/mnt/hdd/AudioHOI/samples_known_object/11_stick/results/benchmark_vlm_qwen/vlm/stage1/evidence/frame00233_track_stability_check.png,/mnt/hdd/AudioHOI/samples_known_object/11_stick/results/benchmark_vlm_qwen/vlm/stage1/evidence/frame00233_track_stability_check.png,"track_triplet_overlay:main_body,contact_region,support_region,tip_regions,grip_bands,unclear",Is the highlighted reference point or part stable and visually trackable across neighboring frames?,stable|unstable_due_to_occlusion|unstable_not_real_part|wrong_part|unclear,mistral_llm_schema_validated,main_body|contact_region|support_region|tip_regions|grip_bands|background|unclear,hand_on_main_body|hand_on_contact_region|body_on_support_region|floor_support|persistent_two_palm_line|no_contact|unclear,forced_choice_gate_only_no_continuous_pose_or_loss
stick,stage1,234,9.708333,track_stability_check,/mnt/hdd/AudioHOI/samples_known_object/11_stick/results/benchmark_vlm_qwen/vlm/stage1/evidence/frame00234_track_stability_check.png,/mnt/hdd/AudioHOI/samples_known_object/11_stick/results/benchmark_vlm_qwen/vlm/stage1/evidence/frame00234_track_stability_check.png,"track_triplet_overlay:main_body,contact_region,support_region,tip_regions,grip_bands,unclear",Is the highlighted reference point or part stable and visually trackable across neighboring frames?,stable|unstable_due_to_occlusion|unstable_not_real_part|wrong_part|unclear,mistral_llm_schema_validated,main_body|contact_region|support_region|tip_regions|grip_bands|background|unclear,hand_on_main_body|hand_on_contact_region|body_on_support_region|floor_support|persistent_two_palm_line|no_contact|unclear,forced_choice_gate_only_no_continuous_pose_or_loss
stick,stage1,235,9.750000,track_stability_check,/mnt/hdd/AudioHOI/samples_known_object/11_stick/results/benchmark_vlm_qwen/vlm/stage1/evidence/frame00235_track_stability_check.png,/mnt/hdd/AudioHOI/samples_known_object/11_stick/results/benchmark_vlm_qwen/vlm/stage1/evidence/frame00235_track_stability_check.png,"track_triplet_overlay:main_body,contact_region,support_region,tip_regions,grip_bands,unclear",Is the highlighted reference point or part stable and visually trackable across neighboring frames?,stable|unstable_due_to_occlusion|unstable_not_real_part|wrong_part|unclear,mistral_llm_schema_validated,main_body|contact_region|support_region|tip_regions|grip_bands|background|unclear,hand_on_main_body|hand_on_contact_region|body_on_support_region|floor_support|persistent_two_palm_line|no_contact|unclear,forced_choice_gate_only_no_continuous_pose_or_loss
stick,stage1,236,9.791667,track_stability_check,/mnt/hdd/AudioHOI/samples_known_object/11_stick/results/benchmark_vlm_qwen/vlm/stage1/evidence/frame00236_track_stability_check.png,/mnt/hdd/AudioHOI/samples_known_object/11_stick/results/benchmark_vlm_qwen/vlm/stage1/evidence/frame00236_track_stability_check.png,"track_triplet_overlay:main_body,contact_region,support_region,tip_regions,grip_bands,unclear",Is the highlighted reference point or part stable and visually trackable across neighboring frames?,stable|unstable_due_to_occlusion|unstable_not_real_part|wrong_part|unclear,mistral_llm_schema_validated,main_body|contact_region|support_region|tip_regions|grip_bands|background|unclear,hand_on_main_body|hand_on_contact_region|body_on_support_region|floor_support|persistent_two_palm_line|no_contact|unclear,forced_choice_gate_only_no_continuous_pose_or_loss
stick,stage1,237,9.833333,track_stability_check,/mnt/hdd/AudioHOI/samples_known_object/11_stick/results/benchmark_vlm_qwen/vlm/stage1/evidence/frame00237_track_stability_check.png,/mnt/hdd/AudioHOI/samples_known_object/11_stick/results/benchmark_vlm_qwen/vlm/stage1/evidence/frame00237_track_stability_check.png,"track_triplet_overlay:main_body,contact_region,support_region,tip_regions,grip_bands,unclear",Is the highlighted reference point or part stable and visually trackable across neighboring frames?,stable|unstable_due_to_occlusion|unstable_not_real_part|wrong_part|unclear,mistral_llm_schema_validated,main_body|contact_region|support_region|tip_regions|grip_bands|background|unclear,hand_on_main_body|hand_on_contact_region|body_on_support_region|floor_support|persistent_two_palm_line|no_contact|unclear,forced_choice_gate_only_no_continuous_pose_or_loss
stick,stage1,238,9.875000,track_stability_check,/mnt/hdd/AudioHOI/samples_known_object/11_stick/results/benchmark_vlm_qwen/vlm/stage1/evidence/frame00238_track_stability_check.png,/mnt/hdd/AudioHOI/samples_known_object/11_stick/results/benchmark_vlm_qwen/vlm/stage1/evidence/frame00238_track_stability_check.png,"track_triplet_overlay:main_body,contact_region,support_region,tip_regions,grip_bands,unclear",Is the highlighted reference point or part stable and visually trackable across neighboring frames?,stable|unstable_due_to_occlusion|unstable_not_real_part|wrong_part|unclear,mistral_llm_schema_validated,main_body|contact_region|support_region|tip_regions|grip_bands|background|unclear,hand_on_main_body|hand_on_contact_region|body_on_support_region|floor_support|persistent_two_palm_line|no_contact|unclear,forced_choice_gate_only_no_continuous_pose_or_loss
stick,stage1,239,9.916667,track_stability_check,/mnt/hdd/AudioHOI/samples_known_object/11_stick/results/benchmark_vlm_qwen/vlm/stage1/evidence/frame00239_track_stability_check.png,/mnt/hdd/AudioHOI/samples_known_object/11_stick/results/benchmark_vlm_qwen/vlm/stage1/evidence/frame00239_track_stability_check.png,"track_triplet_overlay:main_body,contact_region,support_region,tip_regions,grip_bands,unclear",Is the highlighted reference point or part stable and visually trackable across neighboring frames?,stable|unstable_due_to_occlusion|unstable_not_real_part|wrong_part|unclear,mistral_llm_schema_validated,main_body|contact_region|support_region|tip_regions|grip_bands|background|unclear,hand_on_main_body|hand_on_contact_region|body_on_support_region|floor_support|persistent_two_palm_line|no_contact|unclear,forced_choice_gate_only_no_continuous_pose_or_loss
stick,stage1,240,9.958333,track_stability_check,/mnt/hdd/AudioHOI/samples_known_object/11_stick/results/benchmark_vlm_qwen/vlm/stage1/evidence/frame00240_track_stability_check.png,/mnt/hdd/AudioHOI/samples_known_object/11_stick/results/benchmark_vlm_qwen/vlm/stage1/evidence/frame00240_track_stability_check.png,"track_triplet_overlay:main_body,contact_region,support_region,tip_regions,grip_bands,unclear",Is the highlighted reference point or part stable and visually trackable across neighboring frames?,stable|unstable_due_to_occlusion|unstable_not_real_part|wrong_part|unclear,mistral_llm_schema_validated,main_body|contact_region|support_region|tip_regions|grip_bands|background|unclear,hand_on_main_body|hand_on_contact_region|body_on_support_region|floor_support|persistent_two_palm_line|no_contact|unclear,forced_choice_gate_only_no_continuous_pose_or_loss
