frame,time,site_id,body_part,side,x_m,y_m,z_m,coordinate_frame,confidence,source
1,0.000000,left_hand,hand,left,-0.211490837,-0.035504350,3.948372555,gvhmr_incam,1.000000,gvhmr_smplx_contact_site_provider
1,0.000000,right_hand,hand,right,0.548294067,-0.107771993,3.427067900,gvhmr_incam,1.000000,gvhmr_smplx_contact_site_provider
1,0.000000,left_foot,foot,left,-0.160528854,0.600227833,4.067901134,gvhmr_incam,1.000000,gvhmr_smplx_contact_site_provider
1,0.000000,right_foot,foot,right,0.392800033,0.672896147,3.485995770,gvhmr_incam,1.000000,gvhmr_smplx_contact_site_provider
2,0.041667,left_hand,hand,left,-0.211555278,-0.035342833,3.948526430,gvhmr_incam,1.000000,gvhmr_smplx_contact_site_provider
2,0.041667,right_hand,hand,right,0.552440166,-0.117920384,3.414574623,gvhmr_incam,1.000000,gvhmr_smplx_contact_site_provider
2,0.041667,left_foot,foot,left,-0.165425703,0.601773262,4.067459106,gvhmr_incam,1.000000,gvhmr_smplx_contact_site_provider
2,0.041667,right_foot,foot,right,0.387657940,0.674687326,3.485075235,gvhmr_incam,1.000000,gvhmr_smplx_contact_site_provider
3,0.083333,left_hand,hand,left,-0.206700128,-0.035352048,3.955084515,gvhmr_incam,1.000000,gvhmr_smplx_contact_site_provider
3,0.083333,right_hand,hand,right,0.559118009,-0.131512490,3.399571753,gvhmr_incam,1.000000,gvhmr_smplx_contact_site_provider
3,0.083333,left_foot,foot,left,-0.168466449,0.603602052,4.069319248,gvhmr_incam,1.000000,gvhmr_smplx_contact_site_provider
3,0.083333,right_foot,foot,right,0.384561867,0.677535594,3.486802578,gvhmr_incam,1.000000,gvhmr_smplx_contact_site_provider
4,0.125000,left_hand,hand,left,-0.197143894,-0.035522801,3.963021708,gvhmr_incam,1.000000,gvhmr_smplx_contact_site_provider
4,0.125000,right_hand,hand,right,0.567156839,-0.147918385,3.383193636,gvhmr_incam,1.000000,gvhmr_smplx_contact_site_provider
4,0.125000,left_foot,foot,left,-0.171337843,0.605664730,4.072418213,gvhmr_incam,1.000000,gvhmr_smplx_contact_site_provider
4,0.125000,right_foot,foot,right,0.381664991,0.680591822,3.489804506,gvhmr_incam,1.000000,gvhmr_smplx_contact_site_provider
5,0.166667,left_hand,hand,left,-0.184209788,-0.038205144,3.974426174,gvhmr_incam,1.000000,gvhmr_smplx_contact_site_provider
5,0.166667,right_hand,hand,right,0.575940979,-0.171333423,3.365853882,gvhmr_incam,1.000000,gvhmr_smplx_contact_site_provider
5,0.166667,left_foot,foot,left,-0.173037827,0.606904447,4.075749397,gvhmr_incam,1.000000,gvhmr_smplx_contact_site_provider
5,0.166667,right_foot,foot,right,0.380295366,0.681896448,3.493359804,gvhmr_incam,1.000000,gvhmr_smplx_contact_site_provider
6,0.208333,left_hand,hand,left,-0.168386620,-0.041043729,3.982240486,gvhmr_incam,1.000000,gvhmr_smplx_contact_site_provider
6,0.208333,right_hand,hand,right,0.585856795,-0.193177018,3.347834396,gvhmr_incam,1.000000,gvhmr_smplx_contact_site_provider
6,0.208333,left_foot,foot,left,-0.175348669,0.607890308,4.077102184,gvhmr_incam,1.000000,gvhmr_smplx_contact_site_provider
6,0.208333,right_foot,foot,right,0.377995759,0.682616532,3.494645119,gvhmr_incam,1.000000,gvhmr_smplx_contact_site_provider
7,0.250000,left_hand,hand,left,-0.145483419,-0.045104843,3.990118504,gvhmr_incam,1.000000,gvhmr_smplx_contact_site_provider
7,0.250000,right_hand,hand,right,0.598997879,-0.217695117,3.328615189,gvhmr_incam,1.000000,gvhmr_smplx_contact_site_provider
7,0.250000,left_foot,foot,left,-0.176715955,0.608359456,4.079944611,gvhmr_incam,1.000000,gvhmr_smplx_contact_site_provider
7,0.250000,right_foot,foot,right,0.377312660,0.683515608,3.498142719,gvhmr_incam,1.000000,gvhmr_smplx_contact_site_provider
8,0.291667,left_hand,hand,left,-0.122906983,-0.051230273,3.995234966,gvhmr_incam,1.000000,gvhmr_smplx_contact_site_provider
8,0.291667,right_hand,hand,right,0.611263919,-0.242288941,3.313939190,gvhmr_incam,1.000000,gvhmr_smplx_contact_site_provider
8,0.291667,left_foot,foot,left,-0.180712074,0.608315110,4.082592487,gvhmr_incam,1.000000,gvhmr_smplx_contact_site_provider
8,0.291667,right_foot,foot,right,0.373786926,0.683567107,3.501485825,gvhmr_incam,1.000000,gvhmr_smplx_contact_site_provider
9,0.333333,left_hand,hand,left,-0.095927548,-0.058011737,3.993063879,gvhmr_incam,1.000000,gvhmr_smplx_contact_site_provider
9,0.333333,right_hand,hand,right,0.625148404,-0.265047294,3.300016546,gvhmr_incam,1.000000,gvhmr_smplx_contact_site_provider
9,0.333333,left_foot,foot,left,-0.182732657,0.606668472,4.080461502,gvhmr_incam,1.000000,gvhmr_smplx_contact_site_provider
9,0.333333,right_foot,foot,right,0.371606350,0.682638288,3.499295950,gvhmr_incam,1.000000,gvhmr_smplx_contact_site_provider
10,0.375000,left_hand,hand,left,-0.064946768,-0.068713382,3.992305565,gvhmr_incam,1.000000,gvhmr_smplx_contact_site_provider
10,0.375000,right_hand,hand,right,0.641394758,-0.291682476,3.295196104,gvhmr_incam,1.000000,gvhmr_smplx_contact_site_provider
10,0.375000,left_foot,foot,left,-0.188822553,0.603231609,4.080747604,gvhmr_incam,1.000000,gvhmr_smplx_contact_site_provider
10,0.375000,right_foot,foot,right,0.366012216,0.681524932,3.498860359,gvhmr_incam,1.000000,gvhmr_smplx_contact_site_provider
11,0.416667,left_hand,hand,left,-0.032484631,-0.084868520,4.002638769,gvhmr_incam,1.000000,gvhmr_smplx_contact_site_provider
11,0.416667,right_hand,hand,right,0.657228160,-0.317209923,3.304840279,gvhmr_incam,1.000000,gvhmr_smplx_contact_site_provider
11,0.416667,left_foot,foot,left,-0.190227255,0.592150271,4.093993664,gvhmr_incam,1.000000,gvhmr_smplx_contact_site_provider
11,0.416667,right_foot,foot,right,0.365556479,0.677083373,3.510114431,gvhmr_incam,1.000000,gvhmr_smplx_contact_site_provider
12,0.458333,left_hand,hand,left,-0.003737812,-0.099165407,4.011432028,gvhmr_incam,1.000000,gvhmr_smplx_contact_site_provider
12,0.458333,right_hand,hand,right,0.668728447,-0.336906141,3.324927950,gvhmr_incam,1.000000,gvhmr_smplx_contact_site_provider
12,0.458333,left_foot,foot,left,-0.196688429,0.583405435,4.102981567,gvhmr_incam,1.000000,gvhmr_smplx_contact_site_provider
12,0.458333,right_foot,foot,right,0.366671950,0.673339784,3.517402887,gvhmr_incam,1.000000,gvhmr_smplx_contact_site_provider
13,0.500000,left_hand,hand,left,0.026882056,-0.116123310,4.015601921,gvhmr_incam,1.000000,gvhmr_smplx_contact_site_provider
13,0.500000,right_hand,hand,right,0.673556745,-0.356257498,3.343504333,gvhmr_incam,1.000000,gvhmr_smplx_contact_site_provider
13,0.500000,left_foot,foot,left,-0.205620572,0.580142319,4.106216431,gvhmr_incam,1.000000,gvhmr_smplx_contact_site_provider
13,0.500000,right_foot,foot,right,0.366169393,0.670302153,3.521085262,gvhmr_incam,1.000000,gvhmr_smplx_contact_site_provider
14,0.541667,left_hand,hand,left,0.053664303,-0.128988892,4.017102957,gvhmr_incam,1.000000,gvhmr_smplx_contact_site_provider
14,0.541667,right_hand,hand,right,0.669703913,-0.371420383,3.365013838,gvhmr_incam,1.000000,gvhmr_smplx_contact_site_provider
14,0.541667,left_foot,foot,left,-0.215401426,0.581972599,4.105915070,gvhmr_incam,1.000000,gvhmr_smplx_contact_site_provider
14,0.541667,right_foot,foot,right,0.365765393,0.667415321,3.524305820,gvhmr_incam,1.000000,gvhmr_smplx_contact_site_provider
15,0.583333,left_hand,hand,left,0.067716141,-0.129250413,4.011022234,gvhmr_incam,1.000000,gvhmr_smplx_contact_site_provider
15,0.583333,right_hand,hand,right,0.656471920,-0.369685102,3.384464216,gvhmr_incam,1.000000,gvhmr_smplx_contact_site_provider
15,0.583333,left_foot,foot,left,-0.224383995,0.587526798,4.101680756,gvhmr_incam,1.000000,gvhmr_smplx_contact_site_provider
15,0.583333,right_foot,foot,right,0.365387589,0.667315245,3.519476652,gvhmr_incam,1.000000,gvhmr_smplx_contact_site_provider
16,0.625000,left_hand,hand,left,0.072704245,-0.116978759,4.002230358,gvhmr_incam,1.000000,gvhmr_smplx_contact_site_provider
16,0.625000,right_hand,hand,right,0.635585523,-0.350258720,3.405328703,gvhmr_incam,1.000000,gvhmr_smplx_contact_site_provider
16,0.625000,left_foot,foot,left,-0.230460167,0.593098223,4.093996048,gvhmr_incam,1.000000,gvhmr_smplx_contact_site_provider
16,0.625000,right_foot,foot,right,0.366856784,0.668214917,3.513858795,gvhmr_incam,1.000000,gvhmr_smplx_contact_site_provider
17,0.666667,left_hand,hand,left,0.064511265,-0.088487750,3.982718229,gvhmr_incam,1.000000,gvhmr_smplx_contact_site_provider
17,0.666667,right_hand,hand,right,0.602247894,-0.301726317,3.423161507,gvhmr_incam,1.000000,gvhmr_smplx_contact_site_provider
17,0.666667,left_foot,foot,left,-0.236188456,0.595264435,4.077002525,gvhmr_incam,1.000000,gvhmr_smplx_contact_site_provider
17,0.666667,right_foot,foot,right,0.364381969,0.668138683,3.499881506,gvhmr_incam,1.000000,gvhmr_smplx_contact_site_provider
18,0.708333,left_hand,hand,left,0.049200492,-0.040358883,3.958261728,gvhmr_incam,1.000000,gvhmr_smplx_contact_site_provider
18,0.708333,right_hand,hand,right,0.559035420,-0.218019453,3.447599506,gvhmr_incam,1.000000,gvhmr_smplx_contact_site_provider
18,0.708333,left_foot,foot,left,-0.240725979,0.597118556,4.058687687,gvhmr_incam,1.000000,gvhmr_smplx_contact_site_provider
18,0.708333,right_foot,foot,right,0.361551642,0.667204618,3.482841969,gvhmr_incam,1.000000,gvhmr_smplx_contact_site_provider
19,0.750000,left_hand,hand,left,0.033887482,0.003698914,3.949386835,gvhmr_incam,1.000000,gvhmr_smplx_contact_site_provider
19,0.750000,right_hand,hand,right,0.500190032,-0.112336168,3.501748991,gvhmr_incam,1.000000,gvhmr_smplx_contact_site_provider
19,0.750000,left_foot,foot,left,-0.239473403,0.597269058,4.063817024,gvhmr_incam,1.000000,gvhmr_smplx_contact_site_provider
19,0.750000,right_foot,foot,right,0.361746967,0.665808976,3.486236811,gvhmr_incam,1.000000,gvhmr_smplx_contact_site_provider
20,0.791667,left_hand,hand,left,0.019758482,0.039566302,3.922383118,gvhmr_incam,1.000000,gvhmr_smplx_contact_site_provider
20,0.791667,right_hand,hand,right,0.417247409,-0.009529835,3.558394766,gvhmr_incam,1.000000,gvhmr_smplx_contact_site_provider
20,0.791667,left_foot,foot,left,-0.236551195,0.598702610,4.057399750,gvhmr_incam,1.000000,gvhmr_smplx_contact_site_provider
20,0.791667,right_foot,foot,right,0.362706661,0.670133054,3.478061914,gvhmr_incam,1.000000,gvhmr_smplx_contact_site_provider
21,0.833333,left_hand,hand,left,0.004082464,0.062740764,3.898236990,gvhmr_incam,1.000000,gvhmr_smplx_contact_site_provider
21,0.833333,right_hand,hand,right,0.316508222,0.074458954,3.606348562,gvhmr_incam,1.000000,gvhmr_smplx_contact_site_provider
21,0.833333,left_foot,foot,left,-0.238223955,0.596937656,4.045834064,gvhmr_incam,1.000000,gvhmr_smplx_contact_site_provider
21,0.833333,right_foot,foot,right,0.361887574,0.672034085,3.467828512,gvhmr_incam,1.000000,gvhmr_smplx_contact_site_provider
22,0.875000,left_hand,hand,left,-0.009347607,0.070810112,3.892159271,gvhmr_incam,1.000000,gvhmr_smplx_contact_site_provider
22,0.875000,right_hand,hand,right,0.227322865,0.111954029,3.651673889,gvhmr_incam,1.000000,gvhmr_smplx_contact_site_provider
22,0.875000,left_foot,foot,left,-0.235936239,0.596624851,4.041654110,gvhmr_incam,1.000000,gvhmr_smplx_contact_site_provider
22,0.875000,right_foot,foot,right,0.363223672,0.675907254,3.464284897,gvhmr_incam,1.000000,gvhmr_smplx_contact_site_provider
23,0.916667,left_hand,hand,left,-0.033622373,0.071186900,3.907809162,gvhmr_incam,1.000000,gvhmr_smplx_contact_site_provider
23,0.916667,right_hand,hand,right,0.166283622,0.119901204,3.687804365,gvhmr_incam,1.000000,gvhmr_smplx_contact_site_provider
23,0.916667,left_foot,foot,left,-0.235085428,0.597197950,4.044903755,gvhmr_incam,1.000000,gvhmr_smplx_contact_site_provider
23,0.916667,right_foot,foot,right,0.364779979,0.677583814,3.469110489,gvhmr_incam,1.000000,gvhmr_smplx_contact_site_provider
24,0.958333,left_hand,hand,left,-0.073437584,0.070162937,3.920564747,gvhmr_incam,1.000000,gvhmr_smplx_contact_site_provider
24,0.958333,right_hand,hand,right,0.133063918,0.116321856,3.709453058,gvhmr_incam,1.000000,gvhmr_smplx_contact_site_provider
24,0.958333,left_foot,foot,left,-0.235442221,0.598189354,4.048297405,gvhmr_incam,1.000000,gvhmr_smplx_contact_site_provider
24,0.958333,right_foot,foot,right,0.364763200,0.679304242,3.473304033,gvhmr_incam,1.000000,gvhmr_smplx_contact_site_provider
25,1.000000,left_hand,hand,left,-0.127854064,0.066678952,3.924985409,gvhmr_incam,1.000000,gvhmr_smplx_contact_site_provider
25,1.000000,right_hand,hand,right,0.128691190,0.106912000,3.720620346,gvhmr_incam,1.000000,gvhmr_smplx_contact_site_provider
25,1.000000,left_foot,foot,left,-0.234786153,0.599269152,4.047936916,gvhmr_incam,1.000000,gvhmr_smplx_contact_site_provider
25,1.000000,right_foot,foot,right,0.367286444,0.680573225,3.474592447,gvhmr_incam,1.000000,gvhmr_smplx_contact_site_provider
26,1.041667,left_hand,hand,left,-0.205866632,0.052634239,3.940127945,gvhmr_incam,1.000000,gvhmr_smplx_contact_site_provider
26,1.041667,right_hand,hand,right,0.136913902,0.093957049,3.736090374,gvhmr_incam,1.000000,gvhmr_smplx_contact_site_provider
26,1.041667,left_foot,foot,left,-0.236314803,0.600401878,4.054403305,gvhmr_incam,1.000000,gvhmr_smplx_contact_site_provider
26,1.041667,right_foot,foot,right,0.367012739,0.681833923,3.482093334,gvhmr_incam,1.000000,gvhmr_smplx_contact_site_provider
27,1.083333,left_hand,hand,left,-0.290610504,0.016481952,3.953394747,gvhmr_incam,1.000000,gvhmr_smplx_contact_site_provider
27,1.083333,right_hand,hand,right,0.166186070,0.076113635,3.750685358,gvhmr_incam,1.000000,gvhmr_smplx_contact_site_provider
27,1.083333,left_foot,foot,left,-0.234558627,0.599839032,4.063766956,gvhmr_incam,1.000000,gvhmr_smplx_contact_site_provider
27,1.083333,right_foot,foot,right,0.367883027,0.683414102,3.490306854,gvhmr_incam,1.000000,gvhmr_smplx_contact_site_provider
28,1.125000,left_hand,hand,left,-0.371877563,-0.038366821,3.954865694,gvhmr_incam,1.000000,gvhmr_smplx_contact_site_provider
28,1.125000,right_hand,hand,right,0.203417552,0.061271392,3.738925600,gvhmr_incam,1.000000,gvhmr_smplx_contact_site_provider
28,1.125000,left_foot,foot,left,-0.235368848,0.599969983,4.058563232,gvhmr_incam,1.000000,gvhmr_smplx_contact_site_provider
28,1.125000,right_foot,foot,right,0.368311256,0.684509873,3.486464024,gvhmr_incam,1.000000,gvhmr_smplx_contact_site_provider
29,1.166667,left_hand,hand,left,-0.440501130,-0.101219934,3.960559797,gvhmr_incam,1.000000,gvhmr_smplx_contact_site_provider
29,1.166667,right_hand,hand,right,0.243059170,0.050121535,3.726846790,gvhmr_incam,1.000000,gvhmr_smplx_contact_site_provider
29,1.166667,left_foot,foot,left,-0.236590356,0.599971712,4.059779167,gvhmr_incam,1.000000,gvhmr_smplx_contact_site_provider
29,1.166667,right_foot,foot,right,0.368593484,0.686143994,3.489404917,gvhmr_incam,1.000000,gvhmr_smplx_contact_site_provider
30,1.208333,left_hand,hand,left,-0.495630443,-0.162404656,3.966893864,gvhmr_incam,1.000000,gvhmr_smplx_contact_site_provider
30,1.208333,right_hand,hand,right,0.286745310,0.032890566,3.720820713,gvhmr_incam,1.000000,gvhmr_smplx_contact_site_provider
30,1.208333,left_foot,foot,left,-0.236083820,0.601432085,4.065974236,gvhmr_incam,1.000000,gvhmr_smplx_contact_site_provider
30,1.208333,right_foot,foot,right,0.370747954,0.686764956,3.497120857,gvhmr_incam,1.000000,gvhmr_smplx_contact_site_provider
31,1.250000,left_hand,hand,left,-0.534135777,-0.217024416,3.997980595,gvhmr_incam,1.000000,gvhmr_smplx_contact_site_provider
31,1.250000,right_hand,hand,right,0.320804709,0.013150753,3.733814383,gvhmr_incam,1.000000,gvhmr_smplx_contact_site_provider
31,1.250000,left_foot,foot,left,-0.236132786,0.601728678,4.091557503,gvhmr_incam,1.000000,gvhmr_smplx_contact_site_provider
31,1.250000,right_foot,foot,right,0.371012419,0.685006201,3.523270369,gvhmr_incam,1.000000,gvhmr_smplx_contact_site_provider
32,1.291667,left_hand,hand,left,-0.555594772,-0.261768454,4.013070583,gvhmr_incam,1.000000,gvhmr_smplx_contact_site_provider
32,1.291667,right_hand,hand,right,0.350063658,-0.001641132,3.716862631,gvhmr_incam,1.000000,gvhmr_smplx_contact_site_provider
32,1.291667,left_foot,foot,left,-0.235641658,0.604940236,4.091437340,gvhmr_incam,1.000000,gvhmr_smplx_contact_site_provider
32,1.291667,right_foot,foot,right,0.371120036,0.689047158,3.523552895,gvhmr_incam,1.000000,gvhmr_smplx_contact_site_provider
33,1.333333,left_hand,hand,left,-0.554630220,-0.285540229,4.046259737,gvhmr_incam,1.000000,gvhmr_smplx_contact_site_provider
33,1.333333,right_hand,hand,right,0.372179371,-0.015125039,3.705056906,gvhmr_incam,1.000000,gvhmr_smplx_contact_site_provider
33,1.333333,left_foot,foot,left,-0.235469595,0.608135164,4.099472046,gvhmr_incam,1.000000,gvhmr_smplx_contact_site_provider
33,1.333333,right_foot,foot,right,0.373419851,0.692499161,3.533859253,gvhmr_incam,1.000000,gvhmr_smplx_contact_site_provider
34,1.375000,left_hand,hand,left,-0.536514866,-0.294291502,4.077885437,gvhmr_incam,1.000000,gvhmr_smplx_contact_site_provider
34,1.375000,right_hand,hand,right,0.387801456,-0.026982801,3.683384991,gvhmr_incam,1.000000,gvhmr_smplx_contact_site_provider
34,1.375000,left_foot,foot,left,-0.235094011,0.610038042,4.095938206,gvhmr_incam,1.000000,gvhmr_smplx_contact_site_provider
34,1.375000,right_foot,foot,right,0.382758439,0.690966368,3.538110733,gvhmr_incam,1.000000,gvhmr_smplx_contact_site_provider
35,1.416667,left_hand,hand,left,-0.492225301,-0.278320163,4.110874271,gvhmr_incam,1.000000,gvhmr_smplx_contact_site_provider
35,1.416667,right_hand,hand,right,0.394201493,-0.030196559,3.649916458,gvhmr_incam,1.000000,gvhmr_smplx_contact_site_provider
35,1.416667,left_foot,foot,left,-0.236846969,0.612225413,4.087451935,gvhmr_incam,1.000000,gvhmr_smplx_contact_site_provider
35,1.416667,right_foot,foot,right,0.402148545,0.671980858,3.548442125,gvhmr_incam,1.000000,gvhmr_smplx_contact_site_provider
36,1.458333,left_hand,hand,left,-0.419035131,-0.232817611,4.141049957,gvhmr_incam,1.000000,gvhmr_smplx_contact_site_provider
36,1.458333,right_hand,hand,right,0.393842667,-0.026370734,3.616497660,gvhmr_incam,1.000000,gvhmr_smplx_contact_site_provider
36,1.458333,left_foot,foot,left,-0.238262877,0.613433480,4.071629524,gvhmr_incam,1.000000,gvhmr_smplx_contact_site_provider
36,1.458333,right_foot,foot,right,0.416064948,0.657254040,3.555488586,gvhmr_incam,1.000000,gvhmr_smplx_contact_site_provider
37,1.500000,left_hand,hand,left,-0.319527060,-0.191820562,4.176919079,gvhmr_incam,1.000000,gvhmr_smplx_contact_site_provider
37,1.500000,right_hand,hand,right,0.392280495,-0.018635394,3.596993065,gvhmr_incam,1.000000,gvhmr_smplx_contact_site_provider
37,1.500000,left_foot,foot,left,-0.238172084,0.613786221,4.070625782,gvhmr_incam,1.000000,gvhmr_smplx_contact_site_provider
37,1.500000,right_foot,foot,right,0.436866254,0.645903945,3.578458071,gvhmr_incam,1.000000,gvhmr_smplx_contact_site_provider
38,1.541667,left_hand,hand,left,-0.210327029,-0.121477759,4.188097382,gvhmr_incam,1.000000,gvhmr_smplx_contact_site_provider
38,1.541667,right_hand,hand,right,0.384579760,0.001610683,3.586539364,gvhmr_incam,1.000000,gvhmr_smplx_contact_site_provider
38,1.541667,left_foot,foot,left,-0.237352878,0.614354730,4.076375961,gvhmr_incam,1.000000,gvhmr_smplx_contact_site_provider
38,1.541667,right_foot,foot,right,0.460944027,0.645006180,3.609800816,gvhmr_incam,1.000000,gvhmr_smplx_contact_site_provider
39,1.583333,left_hand,hand,left,-0.093877447,-0.035320440,4.135716152,gvhmr_incam,1.000000,gvhmr_smplx_contact_site_provider
39,1.583333,right_hand,hand,right,0.373539639,0.030216703,3.553879452,gvhmr_incam,1.000000,gvhmr_smplx_contact_site_provider
39,1.583333,left_foot,foot,left,-0.230590284,0.613030016,4.058448315,gvhmr_incam,1.000000,gvhmr_smplx_contact_site_provider
39,1.583333,right_foot,foot,right,0.492409497,0.649233580,3.610486984,gvhmr_incam,1.000000,gvhmr_smplx_contact_site_provider
40,1.625000,left_hand,hand,left,-0.007103476,0.023199329,4.088703442,gvhmr_incam,1.000000,gvhmr_smplx_contact_site_provider
40,1.625000,right_hand,hand,right,0.370821583,0.059817179,3.536364841,gvhmr_incam,1.000000,gvhmr_smplx_contact_site_provider
40,1.625000,left_foot,foot,left,-0.221341401,0.614027560,4.052773952,gvhmr_incam,1.000000,gvhmr_smplx_contact_site_provider
40,1.625000,right_foot,foot,right,0.529903531,0.655631542,3.613739491,gvhmr_incam,1.000000,gvhmr_smplx_contact_site_provider
41,1.666667,left_hand,hand,left,0.058793515,0.069712734,4.047868252,gvhmr_incam,1.000000,gvhmr_smplx_contact_site_provider
41,1.666667,right_hand,hand,right,0.374061716,0.088577862,3.522725487,gvhmr_incam,1.000000,gvhmr_smplx_contact_site_provider
41,1.666667,left_foot,foot,left,-0.214117870,0.617083192,4.048798084,gvhmr_incam,1.000000,gvhmr_smplx_contact_site_provider
41,1.666667,right_foot,foot,right,0.553562224,0.660981178,3.612478018,gvhmr_incam,1.000000,gvhmr_smplx_contact_site_provider
42,1.708333,left_hand,hand,left,0.119635139,0.097742152,4.024376488,gvhmr_incam,1.000000,gvhmr_smplx_contact_site_provider
42,1.708333,right_hand,hand,right,0.390670300,0.107602809,3.521942854,gvhmr_incam,1.000000,gvhmr_smplx_contact_site_provider
42,1.708333,left_foot,foot,left,-0.212071478,0.619120419,4.059193134,gvhmr_incam,1.000000,gvhmr_smplx_contact_site_provider
42,1.708333,right_foot,foot,right,0.566680431,0.663328826,3.624653101,gvhmr_incam,1.000000,gvhmr_smplx_contact_site_provider
43,1.750000,left_hand,hand,left,0.161396030,0.112468295,4.019807911,gvhmr_incam,1.000000,gvhmr_smplx_contact_site_provider
43,1.750000,right_hand,hand,right,0.422618157,0.111459067,3.514933205,gvhmr_incam,1.000000,gvhmr_smplx_contact_site_provider
43,1.750000,left_foot,foot,left,-0.208267540,0.622367620,4.069153309,gvhmr_incam,1.000000,gvhmr_smplx_contact_site_provider
43,1.750000,right_foot,foot,right,0.575006306,0.666032434,3.634314537,gvhmr_incam,1.000000,gvhmr_smplx_contact_site_provider
44,1.791667,left_hand,hand,left,0.190386328,0.117544435,4.010857773,gvhmr_incam,1.000000,gvhmr_smplx_contact_site_provider
44,1.791667,right_hand,hand,right,0.469161636,0.099229276,3.494237089,gvhmr_incam,1.000000,gvhmr_smplx_contact_site_provider
44,1.791667,left_foot,foot,left,-0.208027989,0.625025690,4.070398331,gvhmr_incam,1.000000,gvhmr_smplx_contact_site_provider
44,1.791667,right_foot,foot,right,0.578499317,0.666693449,3.636220694,gvhmr_incam,1.000000,gvhmr_smplx_contact_site_provider
45,1.833333,left_hand,hand,left,0.194754812,0.112697156,4.001257610,gvhmr_incam,1.000000,gvhmr_smplx_contact_site_provider
45,1.833333,right_hand,hand,right,0.530245119,0.061805744,3.465413427,gvhmr_incam,1.000000,gvhmr_smplx_contact_site_provider
45,1.833333,left_foot,foot,left,-0.212297648,0.625042319,4.062861443,gvhmr_incam,1.000000,gvhmr_smplx_contact_site_provider
45,1.833333,right_foot,foot,right,0.577973783,0.664458573,3.630365133,gvhmr_incam,1.000000,gvhmr_smplx_contact_site_provider
46,1.875000,left_hand,hand,left,0.181382039,0.097828686,3.988472748,gvhmr_incam,1.000000,gvhmr_smplx_contact_site_provider
46,1.875000,right_hand,hand,right,0.599433219,-0.003559753,3.443091631,gvhmr_incam,1.000000,gvhmr_smplx_contact_site_provider
46,1.875000,left_foot,foot,left,-0.216147155,0.623804748,4.053410530,gvhmr_incam,1.000000,gvhmr_smplx_contact_site_provider
46,1.875000,right_foot,foot,right,0.579048872,0.657461822,3.621345043,gvhmr_incam,1.000000,gvhmr_smplx_contact_site_provider
47,1.916667,left_hand,hand,left,0.168361169,0.075370640,3.996559954,gvhmr_incam,1.000000,gvhmr_smplx_contact_site_provider
47,1.916667,right_hand,hand,right,0.666158676,-0.083618364,3.460442686,gvhmr_incam,1.000000,gvhmr_smplx_contact_site_provider
47,1.916667,left_foot,foot,left,-0.226938277,0.620025039,4.065091610,gvhmr_incam,1.000000,gvhmr_smplx_contact_site_provider
47,1.916667,right_foot,foot,right,0.577408314,0.651396871,3.633045912,gvhmr_incam,1.000000,gvhmr_smplx_contact_site_provider
48,1.958333,left_hand,hand,left,0.153344510,0.047699256,4.004603291,gvhmr_incam,1.000000,gvhmr_smplx_contact_site_provider
48,1.958333,right_hand,hand,right,0.718154693,-0.162544027,3.492677546,gvhmr_incam,1.000000,gvhmr_smplx_contact_site_provider
48,1.958333,left_foot,foot,left,-0.243251085,0.615574896,4.081748486,gvhmr_incam,1.000000,gvhmr_smplx_contact_site_provider
48,1.958333,right_foot,foot,right,0.574070096,0.643377304,3.647586107,gvhmr_incam,1.000000,gvhmr_smplx_contact_site_provider
49,2.000000,left_hand,hand,left,0.142222030,0.025279261,3.988443518,gvhmr_incam,1.000000,gvhmr_smplx_contact_site_provider
49,2.000000,right_hand,hand,right,0.758510339,-0.228572169,3.509160137,gvhmr_incam,1.000000,gvhmr_smplx_contact_site_provider
49,2.000000,left_foot,foot,left,-0.250091314,0.610982776,4.072295189,gvhmr_incam,1.000000,gvhmr_smplx_contact_site_provider
49,2.000000,right_foot,foot,right,0.577030659,0.639435232,3.636328459,gvhmr_incam,1.000000,gvhmr_smplx_contact_site_provider
50,2.041667,left_hand,hand,left,0.130335040,0.006216140,3.959967756,gvhmr_incam,1.000000,gvhmr_smplx_contact_site_provider
50,2.041667,right_hand,hand,right,0.782441807,-0.275201207,3.520092058,gvhmr_incam,1.000000,gvhmr_smplx_contact_site_provider
50,2.041667,left_foot,foot,left,-0.253328681,0.606419444,4.047813416,gvhmr_incam,1.000000,gvhmr_smplx_contact_site_provider
50,2.041667,right_foot,foot,right,0.577165663,0.635489225,3.610421419,gvhmr_incam,1.000000,gvhmr_smplx_contact_site_provider
51,2.083333,left_hand,hand,left,0.116998166,-0.006283814,3.951099300,gvhmr_incam,1.000000,gvhmr_smplx_contact_site_provider
51,2.083333,right_hand,hand,right,0.791505635,-0.295564568,3.554282045,gvhmr_incam,1.000000,gvhmr_smplx_contact_site_provider
51,2.083333,left_foot,foot,left,-0.253368586,0.603650153,4.038949013,gvhmr_incam,1.000000,gvhmr_smplx_contact_site_provider
51,2.083333,right_foot,foot,right,0.581007004,0.631660402,3.603971243,gvhmr_incam,1.000000,gvhmr_smplx_contact_site_provider
52,2.125000,left_hand,hand,left,0.104479596,-0.015370899,3.956912756,gvhmr_incam,1.000000,gvhmr_smplx_contact_site_provider
52,2.125000,right_hand,hand,right,0.785919809,-0.287655061,3.603478289,gvhmr_incam,1.000000,gvhmr_smplx_contact_site_provider
52,2.125000,left_foot,foot,left,-0.253863096,0.603488445,4.040519238,gvhmr_incam,1.000000,gvhmr_smplx_contact_site_provider
52,2.125000,right_foot,foot,right,0.582614720,0.629142284,3.608161926,gvhmr_incam,1.000000,gvhmr_smplx_contact_site_provider
53,2.166667,left_hand,hand,left,0.094183670,-0.021434546,3.975028467,gvhmr_incam,1.000000,gvhmr_smplx_contact_site_provider
53,2.166667,right_hand,hand,right,0.761346769,-0.247068000,3.664009666,gvhmr_incam,1.000000,gvhmr_smplx_contact_site_provider
53,2.166667,left_foot,foot,left,-0.252530128,0.605233550,4.049561024,gvhmr_incam,1.000000,gvhmr_smplx_contact_site_provider
53,2.166667,right_foot,foot,right,0.585519493,0.628032684,3.620491505,gvhmr_incam,1.000000,gvhmr_smplx_contact_site_provider
54,2.208333,left_hand,hand,left,0.074086633,-0.024991751,3.975782919,gvhmr_incam,1.000000,gvhmr_smplx_contact_site_provider
54,2.208333,right_hand,hand,right,0.708955455,-0.168043065,3.694303465,gvhmr_incam,1.000000,gvhmr_smplx_contact_site_provider
54,2.208333,left_foot,foot,left,-0.253585994,0.608093500,4.032917023,gvhmr_incam,1.000000,gvhmr_smplx_contact_site_provider
54,2.208333,right_foot,foot,right,0.585029781,0.634130597,3.603747606,gvhmr_incam,1.000000,gvhmr_smplx_contact_site_provider
55,2.250000,left_hand,hand,left,0.040200384,-0.028561062,3.987580919,gvhmr_incam,1.000000,gvhmr_smplx_contact_site_provider
55,2.250000,right_hand,hand,right,0.629997432,-0.064927274,3.718012953,gvhmr_incam,1.000000,gvhmr_smplx_contact_site_provider
55,2.250000,left_foot,foot,left,-0.256943107,0.609797597,4.017750740,gvhmr_incam,1.000000,gvhmr_smplx_contact_site_provider
55,2.250000,right_foot,foot,right,0.581956685,0.640737832,3.589297771,gvhmr_incam,1.000000,gvhmr_smplx_contact_site_provider
56,2.291667,left_hand,hand,left,-0.017707005,-0.008772424,3.981990957,gvhmr_incam,1.000000,gvhmr_smplx_contact_site_provider
56,2.291667,right_hand,hand,right,0.523565590,0.036072899,3.739295292,gvhmr_incam,1.000000,gvhmr_smplx_contact_site_provider
56,2.291667,left_foot,foot,left,-0.263288975,0.609283209,4.013248444,gvhmr_incam,1.000000,gvhmr_smplx_contact_site_provider
56,2.291667,right_foot,foot,right,0.576553345,0.650041103,3.587930441,gvhmr_incam,1.000000,gvhmr_smplx_contact_site_provider
57,2.333333,left_hand,hand,left,-0.077437209,0.011231595,3.965951347,gvhmr_incam,1.000000,gvhmr_smplx_contact_site_provider
57,2.333333,right_hand,hand,right,0.417931527,0.095490481,3.750107288,gvhmr_incam,1.000000,gvhmr_smplx_contact_site_provider
57,2.333333,left_foot,foot,left,-0.264290720,0.606835246,4.010585785,gvhmr_incam,1.000000,gvhmr_smplx_contact_site_provider
57,2.333333,right_foot,foot,right,0.576014340,0.654288769,3.587879658,gvhmr_incam,1.000000,gvhmr_smplx_contact_site_provider
58,2.375000,left_hand,hand,left,-0.151836139,0.037640443,3.926271248,gvhmr_incam,1.000000,gvhmr_smplx_contact_site_provider
58,2.375000,right_hand,hand,right,0.337042373,0.113326551,3.766735315,gvhmr_incam,1.000000,gvhmr_smplx_contact_site_provider
58,2.375000,left_foot,foot,left,-0.264968902,0.605479240,4.013957977,gvhmr_incam,1.000000,gvhmr_smplx_contact_site_provider
58,2.375000,right_foot,foot,right,0.574882090,0.657737732,3.592591524,gvhmr_incam,1.000000,gvhmr_smplx_contact_site_provider
59,2.416667,left_hand,hand,left,-0.215213633,0.050455076,3.877206278,gvhmr_incam,1.000000,gvhmr_smplx_contact_site_provider
59,2.416667,right_hand,hand,right,0.287936139,0.111044970,3.772136354,gvhmr_incam,1.000000,gvhmr_smplx_contact_site_provider
59,2.416667,left_foot,foot,left,-0.268808872,0.602523088,4.015757084,gvhmr_incam,1.000000,gvhmr_smplx_contact_site_provider
59,2.416667,right_foot,foot,right,0.569621980,0.659415543,3.593762398,gvhmr_incam,1.000000,gvhmr_smplx_contact_site_provider
60,2.458333,left_hand,hand,left,-0.268165350,0.047848837,3.820803165,gvhmr_incam,1.000000,gvhmr_smplx_contact_site_provider
60,2.458333,right_hand,hand,right,0.270518327,0.095624170,3.774187040,gvhmr_incam,1.000000,gvhmr_smplx_contact_site_provider
60,2.458333,left_foot,foot,left,-0.271715552,0.599506974,4.015800953,gvhmr_incam,1.000000,gvhmr_smplx_contact_site_provider
60,2.458333,right_foot,foot,right,0.565400422,0.658413291,3.592031240,gvhmr_incam,1.000000,gvhmr_smplx_contact_site_provider
61,2.500000,left_hand,hand,left,-0.314269781,0.033352035,3.771422434,gvhmr_incam,1.000000,gvhmr_smplx_contact_site_provider
61,2.500000,right_hand,hand,right,0.280698603,0.070321432,3.769447756,gvhmr_incam,1.000000,gvhmr_smplx_contact_site_provider
61,2.500000,left_foot,foot,left,-0.276349366,0.597487986,4.009804726,gvhmr_incam,1.000000,gvhmr_smplx_contact_site_provider
61,2.500000,right_foot,foot,right,0.560284436,0.656243980,3.586093187,gvhmr_incam,1.000000,gvhmr_smplx_contact_site_provider
62,2.541667,left_hand,hand,left,-0.356473362,0.008674924,3.734209251,gvhmr_incam,1.000000,gvhmr_smplx_contact_site_provider
62,2.541667,right_hand,hand,right,0.306300104,0.042214149,3.755941629,gvhmr_incam,1.000000,gvhmr_smplx_contact_site_provider
62,2.541667,left_foot,foot,left,-0.279248327,0.595274806,4.002182007,gvhmr_incam,1.000000,gvhmr_smplx_contact_site_provider
62,2.541667,right_foot,foot,right,0.555695176,0.654945612,3.577948093,gvhmr_incam,1.000000,gvhmr_smplx_contact_site_provider
63,2.583333,left_hand,hand,left,-0.408745980,-0.029049486,3.738645506,gvhmr_incam,1.000000,gvhmr_smplx_contact_site_provider
63,2.583333,right_hand,hand,right,0.338384825,0.014702682,3.755412054,gvhmr_incam,1.000000,gvhmr_smplx_contact_site_provider
63,2.583333,left_foot,foot,left,-0.282030135,0.590827465,4.020485878,gvhmr_incam,1.000000,gvhmr_smplx_contact_site_provider
63,2.583333,right_foot,foot,right,0.550852180,0.648854136,3.595645905,gvhmr_incam,1.000000,gvhmr_smplx_contact_site_provider
64,2.625000,left_hand,hand,left,-0.463838661,-0.075515899,3.744630480,gvhmr_incam,1.000000,gvhmr_smplx_contact_site_provider
64,2.625000,right_hand,hand,right,0.373738670,-0.016263954,3.750173855,gvhmr_incam,1.000000,gvhmr_smplx_contact_site_provider
64,2.625000,left_foot,foot,left,-0.287484050,0.590282798,4.025080204,gvhmr_incam,1.000000,gvhmr_smplx_contact_site_provider
64,2.625000,right_foot,foot,right,0.544429839,0.644965470,3.599883080,gvhmr_incam,1.000000,gvhmr_smplx_contact_site_provider
65,2.666667,left_hand,hand,left,-0.506269962,-0.122985199,3.775591326,gvhmr_incam,1.000000,gvhmr_smplx_contact_site_provider
65,2.666667,right_hand,hand,right,0.414273584,-0.043845177,3.751623917,gvhmr_incam,1.000000,gvhmr_smplx_contact_site_provider
65,2.666667,left_foot,foot,left,-0.290818185,0.589732945,4.041543007,gvhmr_incam,1.000000,gvhmr_smplx_contact_site_provider
65,2.666667,right_foot,foot,right,0.541883290,0.640550673,3.617504835,gvhmr_incam,1.000000,gvhmr_smplx_contact_site_provider
66,2.708333,left_hand,hand,left,-0.537348676,-0.167505509,3.803205204,gvhmr_incam,1.000000,gvhmr_smplx_contact_site_provider
66,2.708333,right_hand,hand,right,0.451776838,-0.062996468,3.746119118,gvhmr_incam,1.000000,gvhmr_smplx_contact_site_provider
66,2.708333,left_foot,foot,left,-0.289938092,0.592187762,4.045737267,gvhmr_incam,1.000000,gvhmr_smplx_contact_site_provider
66,2.708333,right_foot,foot,right,0.544057488,0.640431523,3.623843670,gvhmr_incam,1.000000,gvhmr_smplx_contact_site_provider
67,2.750000,left_hand,hand,left,-0.553233665,-0.202710095,3.847934628,gvhmr_incam,1.000000,gvhmr_smplx_contact_site_provider
67,2.750000,right_hand,hand,right,0.480615813,-0.076569200,3.750726748,gvhmr_incam,1.000000,gvhmr_smplx_contact_site_provider
67,2.750000,left_foot,foot,left,-0.291089714,0.594405532,4.057129383,gvhmr_incam,1.000000,gvhmr_smplx_contact_site_provider
67,2.750000,right_foot,foot,right,0.545639038,0.637920976,3.639123917,gvhmr_incam,1.000000,gvhmr_smplx_contact_site_provider
68,2.791667,left_hand,hand,left,-0.555044115,-0.224756145,3.885119486,gvhmr_incam,1.000000,gvhmr_smplx_contact_site_provider
68,2.791667,right_hand,hand,right,0.502789366,-0.084651616,3.745431757,gvhmr_incam,1.000000,gvhmr_smplx_contact_site_provider
68,2.791667,left_foot,foot,left,-0.291472673,0.596392572,4.055534363,gvhmr_incam,1.000000,gvhmr_smplx_contact_site_provider
68,2.791667,right_foot,foot,right,0.546597779,0.637121916,3.639589310,gvhmr_incam,1.000000,gvhmr_smplx_contact_site_provider
69,2.833333,left_hand,hand,left,-0.543925291,-0.232526708,3.905931759,gvhmr_incam,1.000000,gvhmr_smplx_contact_site_provider
69,2.833333,right_hand,hand,right,0.514628333,-0.082555899,3.723591948,gvhmr_incam,1.000000,gvhmr_smplx_contact_site_provider
69,2.833333,left_foot,foot,left,-0.290691048,0.597352684,4.035033226,gvhmr_incam,1.000000,gvhmr_smplx_contact_site_provider
69,2.833333,right_foot,foot,right,0.548366547,0.636679053,3.620948553,gvhmr_incam,1.000000,gvhmr_smplx_contact_site_provider
70,2.875000,left_hand,hand,left,-0.516938305,-0.230795982,3.944249868,gvhmr_incam,1.000000,gvhmr_smplx_contact_site_provider
70,2.875000,right_hand,hand,right,0.517552435,-0.071133429,3.713842821,gvhmr_incam,1.000000,gvhmr_smplx_contact_site_provider
70,2.875000,left_foot,foot,left,-0.289681137,0.597140551,4.024019718,gvhmr_incam,1.000000,gvhmr_smplx_contact_site_provider
70,2.875000,right_foot,foot,right,0.550016105,0.635184348,3.610514402,gvhmr_incam,1.000000,gvhmr_smplx_contact_site_provider
71,2.916667,left_hand,hand,left,-0.470825559,-0.205572748,3.991859245,gvhmr_incam,1.000000,gvhmr_smplx_contact_site_provider
71,2.916667,right_hand,hand,right,0.509333807,-0.046412143,3.712677813,gvhmr_incam,1.000000,gvhmr_smplx_contact_site_provider
71,2.916667,left_foot,foot,left,-0.288277894,0.595389724,4.022434711,gvhmr_incam,1.000000,gvhmr_smplx_contact_site_provider
71,2.916667,right_foot,foot,right,0.551862478,0.633681178,3.609287024,gvhmr_incam,1.000000,gvhmr_smplx_contact_site_provider
72,2.958333,left_hand,hand,left,-0.407190716,-0.159767684,4.024084997,gvhmr_incam,1.000000,gvhmr_smplx_contact_site_provider
72,2.958333,right_hand,hand,right,0.491384190,-0.013492832,3.703715754,gvhmr_incam,1.000000,gvhmr_smplx_contact_site_provider
72,2.958333,left_foot,foot,left,-0.285991132,0.592979729,4.011643887,gvhmr_incam,1.000000,gvhmr_smplx_contact_site_provider
72,2.958333,right_foot,foot,right,0.553439021,0.634334862,3.597336769,gvhmr_incam,1.000000,gvhmr_smplx_contact_site_provider
73,3.000000,left_hand,hand,left,-0.320158631,-0.093151304,4.049269199,gvhmr_incam,1.000000,gvhmr_smplx_contact_site_provider
73,3.000000,right_hand,hand,right,0.466481423,0.024995108,3.701683903,gvhmr_incam,1.000000,gvhmr_smplx_contact_site_provider
73,3.000000,left_foot,foot,left,-0.285411119,0.591998339,4.005064487,gvhmr_incam,1.000000,gvhmr_smplx_contact_site_provider
73,3.000000,right_foot,foot,right,0.554427803,0.633810699,3.591119528,gvhmr_incam,1.000000,gvhmr_smplx_contact_site_provider
74,3.041667,left_hand,hand,left,-0.213607416,-0.014105436,4.044810200,gvhmr_incam,1.000000,gvhmr_smplx_contact_site_provider
74,3.041667,right_hand,hand,right,0.435249323,0.064137001,3.696987057,gvhmr_incam,1.000000,gvhmr_smplx_contact_site_provider
74,3.041667,left_foot,foot,left,-0.286065966,0.590902090,3.997000933,gvhmr_incam,1.000000,gvhmr_smplx_contact_site_provider
74,3.041667,right_foot,foot,right,0.553524494,0.633807182,3.582822323,gvhmr_incam,1.000000,gvhmr_smplx_contact_site_provider
75,3.083333,left_hand,hand,left,-0.095293754,0.062698956,4.019022703,gvhmr_incam,1.000000,gvhmr_smplx_contact_site_provider
75,3.083333,right_hand,hand,right,0.399331522,0.099907354,3.692206287,gvhmr_incam,1.000000,gvhmr_smplx_contact_site_provider
75,3.083333,left_foot,foot,left,-0.288166285,0.591024041,3.991706848,gvhmr_incam,1.000000,gvhmr_smplx_contact_site_provider
75,3.083333,right_foot,foot,right,0.550112605,0.636827826,3.576045990,gvhmr_incam,1.000000,gvhmr_smplx_contact_site_provider
76,3.125000,left_hand,hand,left,-0.001322341,0.095766111,4.014520121,gvhmr_incam,1.000000,gvhmr_smplx_contact_site_provider
76,3.125000,right_hand,hand,right,0.380393589,0.120784600,3.701236296,gvhmr_incam,1.000000,gvhmr_smplx_contact_site_provider
76,3.125000,left_foot,foot,left,-0.285886437,0.590359926,4.005740643,gvhmr_incam,1.000000,gvhmr_smplx_contact_site_provider
76,3.125000,right_foot,foot,right,0.549740672,0.638423324,3.586188555,gvhmr_incam,1.000000,gvhmr_smplx_contact_site_provider
77,3.166667,left_hand,hand,left,0.077530437,0.117837724,3.995694017,gvhmr_incam,1.000000,gvhmr_smplx_contact_site_provider
77,3.166667,right_hand,hand,right,0.374353921,0.138709679,3.690802622,gvhmr_incam,1.000000,gvhmr_smplx_contact_site_provider
77,3.166667,left_foot,foot,left,-0.283821583,0.594391465,4.011104584,gvhmr_incam,1.000000,gvhmr_smplx_contact_site_provider
77,3.166667,right_foot,foot,right,0.550371528,0.638278544,3.589050531,gvhmr_incam,1.000000,gvhmr_smplx_contact_site_provider
78,3.208333,left_hand,hand,left,0.137076241,0.127132684,3.975922537,gvhmr_incam,1.000000,gvhmr_smplx_contact_site_provider
78,3.208333,right_hand,hand,right,0.386263686,0.144985563,3.667536879,gvhmr_incam,1.000000,gvhmr_smplx_contact_site_provider
78,3.208333,left_foot,foot,left,-0.279617578,0.596538603,4.013376236,gvhmr_incam,1.000000,gvhmr_smplx_contact_site_provider
78,3.208333,right_foot,foot,right,0.552012146,0.636726618,3.586663961,gvhmr_incam,1.000000,gvhmr_smplx_contact_site_provider
79,3.250000,left_hand,hand,left,0.166915652,0.125719905,3.959512520,gvhmr_incam,1.000000,gvhmr_smplx_contact_site_provider
79,3.250000,right_hand,hand,right,0.413079566,0.139341754,3.633382750,gvhmr_incam,1.000000,gvhmr_smplx_contact_site_provider
79,3.250000,left_foot,foot,left,-0.278651357,0.596935749,4.011770248,gvhmr_incam,1.000000,gvhmr_smplx_contact_site_provider
79,3.250000,right_foot,foot,right,0.550651431,0.634006262,3.581634760,gvhmr_incam,1.000000,gvhmr_smplx_contact_site_provider
80,3.291667,left_hand,hand,left,0.177671492,0.118217102,3.954122353,gvhmr_incam,1.000000,gvhmr_smplx_contact_site_provider
80,3.291667,right_hand,hand,right,0.457529086,0.121392821,3.585500765,gvhmr_incam,1.000000,gvhmr_smplx_contact_site_provider
80,3.291667,left_foot,foot,left,-0.280205607,0.600079119,4.008031845,gvhmr_incam,1.000000,gvhmr_smplx_contact_site_provider
80,3.291667,right_foot,foot,right,0.547040522,0.632235765,3.576129436,gvhmr_incam,1.000000,gvhmr_smplx_contact_site_provider
81,3.333333,left_hand,hand,left,0.167320669,0.104997692,3.957515574,gvhmr_incam,1.000000,gvhmr_smplx_contact_site_provider
81,3.333333,right_hand,hand,right,0.508063447,0.082667120,3.542848063,gvhmr_incam,1.000000,gvhmr_smplx_contact_site_provider
81,3.333333,left_foot,foot,left,-0.280545920,0.603324294,4.009720802,gvhmr_incam,1.000000,gvhmr_smplx_contact_site_provider
81,3.333333,right_foot,foot,right,0.544423699,0.628973007,3.575704098,gvhmr_incam,1.000000,gvhmr_smplx_contact_site_provider
82,3.375000,left_hand,hand,left,0.144953895,0.088544026,3.965687513,gvhmr_incam,1.000000,gvhmr_smplx_contact_site_provider
82,3.375000,right_hand,hand,right,0.564784598,0.024812448,3.505077553,gvhmr_incam,1.000000,gvhmr_smplx_contact_site_provider
82,3.375000,left_foot,foot,left,-0.280549675,0.605781913,4.014747143,gvhmr_incam,1.000000,gvhmr_smplx_contact_site_provider
82,3.375000,right_foot,foot,right,0.542172313,0.626843393,3.578698158,gvhmr_incam,1.000000,gvhmr_smplx_contact_site_provider
83,3.416667,left_hand,hand,left,0.120712778,0.074131688,3.961836958,gvhmr_incam,1.000000,gvhmr_smplx_contact_site_provider
83,3.416667,right_hand,hand,right,0.614157462,-0.033188209,3.468327236,gvhmr_incam,1.000000,gvhmr_smplx_contact_site_provider
83,3.416667,left_foot,foot,left,-0.281945556,0.609522760,4.013081551,gvhmr_incam,1.000000,gvhmr_smplx_contact_site_provider
83,3.416667,right_foot,foot,right,0.539775610,0.628572464,3.577214718,gvhmr_incam,1.000000,gvhmr_smplx_contact_site_provider
84,3.458333,left_hand,hand,left,0.092609403,0.059615995,3.950109720,gvhmr_incam,1.000000,gvhmr_smplx_contact_site_provider
84,3.458333,right_hand,hand,right,0.652411151,-0.091787285,3.443821049,gvhmr_incam,1.000000,gvhmr_smplx_contact_site_provider
84,3.458333,left_foot,foot,left,-0.286786467,0.610841572,4.010529995,gvhmr_incam,1.000000,gvhmr_smplx_contact_site_provider
84,3.458333,right_foot,foot,right,0.532607794,0.629900873,3.572234631,gvhmr_incam,1.000000,gvhmr_smplx_contact_site_provider
85,3.500000,left_hand,hand,left,0.071548333,0.046070828,3.956653976,gvhmr_incam,1.000000,gvhmr_smplx_contact_site_provider
85,3.500000,right_hand,hand,right,0.689219403,-0.147704956,3.454786968,gvhmr_incam,1.000000,gvhmr_smplx_contact_site_provider
85,3.500000,left_foot,foot,left,-0.289116144,0.608480334,4.028948307,gvhmr_incam,1.000000,gvhmr_smplx_contact_site_provider
85,3.500000,right_foot,foot,right,0.528144002,0.630662560,3.589823961,gvhmr_incam,1.000000,gvhmr_smplx_contact_site_provider
86,3.541667,left_hand,hand,left,0.052741992,0.031319076,3.960688162,gvhmr_incam,1.000000,gvhmr_smplx_contact_site_provider
86,3.541667,right_hand,hand,right,0.721065485,-0.195966408,3.471923494,gvhmr_incam,1.000000,gvhmr_smplx_contact_site_provider
86,3.541667,left_foot,foot,left,-0.286956549,0.607837141,4.042440414,gvhmr_incam,1.000000,gvhmr_smplx_contact_site_provider
86,3.541667,right_foot,foot,right,0.527187645,0.629133761,3.602479219,gvhmr_incam,1.000000,gvhmr_smplx_contact_site_provider
87,3.583333,left_hand,hand,left,0.040227806,0.019316828,3.958779716,gvhmr_incam,1.000000,gvhmr_smplx_contact_site_provider
87,3.583333,right_hand,hand,right,0.739488816,-0.227419484,3.490875196,gvhmr_incam,1.000000,gvhmr_smplx_contact_site_provider
87,3.583333,left_foot,foot,left,-0.285518497,0.606332421,4.048048496,gvhmr_incam,1.000000,gvhmr_smplx_contact_site_provider
87,3.583333,right_foot,foot,right,0.525292635,0.626561642,3.605855227,gvhmr_incam,1.000000,gvhmr_smplx_contact_site_provider
88,3.625000,left_hand,hand,left,0.030814762,0.007828373,3.957709694,gvhmr_incam,1.000000,gvhmr_smplx_contact_site_provider
88,3.625000,right_hand,hand,right,0.749278212,-0.243644345,3.526451445,gvhmr_incam,1.000000,gvhmr_smplx_contact_site_provider
88,3.625000,left_foot,foot,left,-0.280280620,0.602411747,4.052170277,gvhmr_incam,1.000000,gvhmr_smplx_contact_site_provider
88,3.625000,right_foot,foot,right,0.528340101,0.622290730,3.608242512,gvhmr_incam,1.000000,gvhmr_smplx_contact_site_provider
89,3.666667,left_hand,hand,left,0.023830909,0.000317246,3.957325125,gvhmr_incam,1.000000,gvhmr_smplx_contact_site_provider
89,3.666667,right_hand,hand,right,0.746585000,-0.237946886,3.563477039,gvhmr_incam,1.000000,gvhmr_smplx_contact_site_provider
89,3.666667,left_foot,foot,left,-0.279495925,0.599910736,4.053547382,gvhmr_incam,1.000000,gvhmr_smplx_contact_site_provider
89,3.666667,right_foot,foot,right,0.528191447,0.620177150,3.607765198,gvhmr_incam,1.000000,gvhmr_smplx_contact_site_provider
90,3.708333,left_hand,hand,left,0.018063255,-0.003597735,3.951700306,gvhmr_incam,1.000000,gvhmr_smplx_contact_site_provider
90,3.708333,right_hand,hand,right,0.734065199,-0.207483295,3.598060369,gvhmr_incam,1.000000,gvhmr_smplx_contact_site_provider
90,3.708333,left_foot,foot,left,-0.274257302,0.601090729,4.045636654,gvhmr_incam,1.000000,gvhmr_smplx_contact_site_provider
90,3.708333,right_foot,foot,right,0.533247888,0.619550824,3.597426414,gvhmr_incam,1.000000,gvhmr_smplx_contact_site_provider
91,3.750000,left_hand,hand,left,0.014972112,-0.005659252,3.948619747,gvhmr_incam,1.000000,gvhmr_smplx_contact_site_provider
91,3.750000,right_hand,hand,right,0.703298318,-0.151860067,3.629460812,gvhmr_incam,1.000000,gvhmr_smplx_contact_site_provider
91,3.750000,left_foot,foot,left,-0.271632433,0.601965368,4.036631107,gvhmr_incam,1.000000,gvhmr_smplx_contact_site_provider
91,3.750000,right_foot,foot,right,0.535171032,0.621859074,3.585208893,gvhmr_incam,1.000000,gvhmr_smplx_contact_site_provider
92,3.791667,left_hand,hand,left,0.004974829,-0.010907051,3.952906847,gvhmr_incam,1.000000,gvhmr_smplx_contact_site_provider
92,3.791667,right_hand,hand,right,0.652467632,-0.076084319,3.657977915,gvhmr_incam,1.000000,gvhmr_smplx_contact_site_provider
92,3.791667,left_foot,foot,left,-0.271307677,0.600007415,4.021470547,gvhmr_incam,1.000000,gvhmr_smplx_contact_site_provider
92,3.791667,right_foot,foot,right,0.535046458,0.623713613,3.569200516,gvhmr_incam,1.000000,gvhmr_smplx_contact_site_provider
93,3.833333,left_hand,hand,left,-0.026614074,-0.001008558,3.958390427,gvhmr_incam,1.000000,gvhmr_smplx_contact_site_provider
93,3.833333,right_hand,hand,right,0.579273510,0.010897334,3.689563370,gvhmr_incam,1.000000,gvhmr_smplx_contact_site_provider
93,3.833333,left_foot,foot,left,-0.270346552,0.599922597,4.013735771,gvhmr_incam,1.000000,gvhmr_smplx_contact_site_provider
93,3.833333,right_foot,foot,right,0.535142541,0.627747297,3.559790134,gvhmr_incam,1.000000,gvhmr_smplx_contact_site_provider
94,3.875000,left_hand,hand,left,-0.070488459,0.013683063,3.953815556,gvhmr_incam,1.000000,gvhmr_smplx_contact_site_provider
94,3.875000,right_hand,hand,right,0.483695644,0.079094860,3.719162369,gvhmr_incam,1.000000,gvhmr_smplx_contact_site_provider
94,3.875000,left_foot,foot,left,-0.273648262,0.598994613,4.008574963,gvhmr_incam,1.000000,gvhmr_smplx_contact_site_provider
94,3.875000,right_foot,foot,right,0.531688809,0.630611777,3.554784775,gvhmr_incam,1.000000,gvhmr_smplx_contact_site_provider
95,3.916667,left_hand,hand,left,-0.120487709,0.031324777,3.947936487,gvhmr_incam,1.000000,gvhmr_smplx_contact_site_provider
95,3.916667,right_hand,hand,right,0.389896888,0.119366722,3.756758451,gvhmr_incam,1.000000,gvhmr_smplx_contact_site_provider
95,3.916667,left_foot,foot,left,-0.267360389,0.599108696,4.020252228,gvhmr_incam,1.000000,gvhmr_smplx_contact_site_provider
95,3.916667,right_foot,foot,right,0.537490427,0.637316585,3.567309141,gvhmr_incam,1.000000,gvhmr_smplx_contact_site_provider
96,3.958333,left_hand,hand,left,-0.172668529,0.050810146,3.915830183,gvhmr_incam,1.000000,gvhmr_smplx_contact_site_provider
96,3.958333,right_hand,hand,right,0.314157063,0.134348831,3.778322935,gvhmr_incam,1.000000,gvhmr_smplx_contact_site_provider
96,3.958333,left_foot,foot,left,-0.265428931,0.603732288,4.020898819,gvhmr_incam,1.000000,gvhmr_smplx_contact_site_provider
96,3.958333,right_foot,foot,right,0.539074898,0.643167675,3.568218946,gvhmr_incam,1.000000,gvhmr_smplx_contact_site_provider
97,4.000000,left_hand,hand,left,-0.221323115,0.060939147,3.874672985,gvhmr_incam,1.000000,gvhmr_smplx_contact_site_provider
97,4.000000,right_hand,hand,right,0.257548368,0.130532685,3.795978737,gvhmr_incam,1.000000,gvhmr_smplx_contact_site_provider
97,4.000000,left_foot,foot,left,-0.266509712,0.603873789,4.022260666,gvhmr_incam,1.000000,gvhmr_smplx_contact_site_provider
97,4.000000,right_foot,foot,right,0.537732363,0.646762013,3.570467234,gvhmr_incam,1.000000,gvhmr_smplx_contact_site_provider
98,4.041667,left_hand,hand,left,-0.256586149,0.061177358,3.837926579,gvhmr_incam,1.000000,gvhmr_smplx_contact_site_provider
98,4.041667,right_hand,hand,right,0.227557886,0.114773348,3.812193775,gvhmr_incam,1.000000,gvhmr_smplx_contact_site_provider
98,4.041667,left_foot,foot,left,-0.265412569,0.602802753,4.031784534,gvhmr_incam,1.000000,gvhmr_smplx_contact_site_provider
98,4.041667,right_foot,foot,right,0.537632883,0.648411751,3.578860760,gvhmr_incam,1.000000,gvhmr_smplx_contact_site_provider
99,4.083333,left_hand,hand,left,-0.294819784,0.054492135,3.784954405,gvhmr_incam,1.000000,gvhmr_smplx_contact_site_provider
99,4.083333,right_hand,hand,right,0.208290833,0.095095523,3.805993414,gvhmr_incam,1.000000,gvhmr_smplx_contact_site_provider
99,4.083333,left_foot,foot,left,-0.272822112,0.601663470,4.019340038,gvhmr_incam,1.000000,gvhmr_smplx_contact_site_provider
99,4.083333,right_foot,foot,right,0.527906895,0.649651289,3.563536644,gvhmr_incam,1.000000,gvhmr_smplx_contact_site_provider
100,4.125000,left_hand,hand,left,-0.329699266,0.037434448,3.746046305,gvhmr_incam,1.000000,gvhmr_smplx_contact_site_provider
100,4.125000,right_hand,hand,right,0.208043164,0.067816930,3.807506704,gvhmr_incam,1.000000,gvhmr_smplx_contact_site_provider
100,4.125000,left_foot,foot,left,-0.275556654,0.600596964,4.015972137,gvhmr_incam,1.000000,gvhmr_smplx_contact_site_provider
100,4.125000,right_foot,foot,right,0.523236096,0.648760676,3.558691025,gvhmr_incam,1.000000,gvhmr_smplx_contact_site_provider
101,4.166667,left_hand,hand,left,-0.364840502,0.009780157,3.722733068,gvhmr_incam,1.000000,gvhmr_smplx_contact_site_provider
101,4.166667,right_hand,hand,right,0.219168749,0.039428261,3.812276983,gvhmr_incam,1.000000,gvhmr_smplx_contact_site_provider
101,4.166667,left_foot,foot,left,-0.274620324,0.597252488,4.020840168,gvhmr_incam,1.000000,gvhmr_smplx_contact_site_provider
101,4.166667,right_foot,foot,right,0.519919395,0.643576860,3.559524775,gvhmr_incam,1.000000,gvhmr_smplx_contact_site_provider
102,4.208333,left_hand,hand,left,-0.411748624,-0.024502108,3.714182901,gvhmr_incam,1.000000,gvhmr_smplx_contact_site_provider
102,4.208333,right_hand,hand,right,0.235559124,0.017911135,3.807555866,gvhmr_incam,1.000000,gvhmr_smplx_contact_site_provider
102,4.208333,left_foot,foot,left,-0.281107187,0.595231295,4.016625404,gvhmr_incam,1.000000,gvhmr_smplx_contact_site_provider
102,4.208333,right_foot,foot,right,0.507497549,0.640636921,3.553111076,gvhmr_incam,1.000000,gvhmr_smplx_contact_site_provider
103,4.250000,left_hand,hand,left,-0.455078304,-0.056443855,3.714031076,gvhmr_incam,1.000000,gvhmr_smplx_contact_site_provider
103,4.250000,right_hand,hand,right,0.251621455,-0.000735286,3.797028399,gvhmr_incam,1.000000,gvhmr_smplx_contact_site_provider
103,4.250000,left_foot,foot,left,-0.291112155,0.595115542,4.008221149,gvhmr_incam,1.000000,gvhmr_smplx_contact_site_provider
103,4.250000,right_foot,foot,right,0.489671677,0.639804721,3.541257620,gvhmr_incam,1.000000,gvhmr_smplx_contact_site_provider
104,4.291667,left_hand,hand,left,-0.487771660,-0.089460874,3.741165590,gvhmr_incam,1.000000,gvhmr_smplx_contact_site_provider
104,4.291667,right_hand,hand,right,0.264976114,-0.019272916,3.806078005,gvhmr_incam,1.000000,gvhmr_smplx_contact_site_provider
104,4.291667,left_foot,foot,left,-0.299565732,0.593875647,4.011948586,gvhmr_incam,1.000000,gvhmr_smplx_contact_site_provider
104,4.291667,right_foot,foot,right,0.471606374,0.639962792,3.541013479,gvhmr_incam,1.000000,gvhmr_smplx_contact_site_provider
105,4.333333,left_hand,hand,left,-0.507011622,-0.120313078,3.786116362,gvhmr_incam,1.000000,gvhmr_smplx_contact_site_provider
105,4.333333,right_hand,hand,right,0.280925018,-0.034288827,3.816254711,gvhmr_incam,1.000000,gvhmr_smplx_contact_site_provider
105,4.333333,left_foot,foot,left,-0.301359087,0.594319940,4.017571926,gvhmr_incam,1.000000,gvhmr_smplx_contact_site_provider
105,4.333333,right_foot,foot,right,0.456724375,0.642241538,3.543117523,gvhmr_incam,1.000000,gvhmr_smplx_contact_site_provider
106,4.375000,left_hand,hand,left,-0.512113625,-0.144876409,3.821237421,gvhmr_incam,1.000000,gvhmr_smplx_contact_site_provider
106,4.375000,right_hand,hand,right,0.289845306,-0.047137222,3.820987606,gvhmr_incam,1.000000,gvhmr_smplx_contact_site_provider
106,4.375000,left_foot,foot,left,-0.309042633,0.596417367,4.012411118,gvhmr_incam,1.000000,gvhmr_smplx_contact_site_provider
106,4.375000,right_foot,foot,right,0.440310895,0.645692408,3.536780834,gvhmr_incam,1.000000,gvhmr_smplx_contact_site_provider
107,4.416667,left_hand,hand,left,-0.497126043,-0.160273156,3.863220072,gvhmr_incam,1.000000,gvhmr_smplx_contact_site_provider
107,4.416667,right_hand,hand,right,0.295941091,-0.055380112,3.831232929,gvhmr_incam,1.000000,gvhmr_smplx_contact_site_provider
107,4.416667,left_foot,foot,left,-0.312661767,0.599527419,4.013675690,gvhmr_incam,1.000000,gvhmr_smplx_contact_site_provider
107,4.416667,right_foot,foot,right,0.431779653,0.649915814,3.538147211,gvhmr_incam,1.000000,gvhmr_smplx_contact_site_provider
108,4.458333,left_hand,hand,left,-0.466883808,-0.164891675,3.905167007,gvhmr_incam,1.000000,gvhmr_smplx_contact_site_provider
108,4.458333,right_hand,hand,right,0.292056632,-0.056899169,3.843965101,gvhmr_incam,1.000000,gvhmr_smplx_contact_site_provider
108,4.458333,left_foot,foot,left,-0.314399719,0.603334904,4.015877724,gvhmr_incam,1.000000,gvhmr_smplx_contact_site_provider
108,4.458333,right_foot,foot,right,0.426655442,0.654861987,3.539561033,gvhmr_incam,1.000000,gvhmr_smplx_contact_site_provider
109,4.500000,left_hand,hand,left,-0.418077332,-0.159312344,3.948389196,gvhmr_incam,1.000000,gvhmr_smplx_contact_site_provider
109,4.500000,right_hand,hand,right,0.277748966,-0.059765494,3.864445210,gvhmr_incam,1.000000,gvhmr_smplx_contact_site_provider
109,4.500000,left_foot,foot,left,-0.313899040,0.606363952,4.024725914,gvhmr_incam,1.000000,gvhmr_smplx_contact_site_provider
109,4.500000,right_foot,foot,right,0.425307453,0.656565130,3.547913074,gvhmr_incam,1.000000,gvhmr_smplx_contact_site_provider
110,4.541667,left_hand,hand,left,-0.349073422,-0.143180645,3.977307653,gvhmr_incam,1.000000,gvhmr_smplx_contact_site_provider
110,4.541667,right_hand,hand,right,0.256749088,-0.055803095,3.868065023,gvhmr_incam,1.000000,gvhmr_smplx_contact_site_provider
110,4.541667,left_foot,foot,left,-0.311510086,0.609804690,4.021686077,gvhmr_incam,1.000000,gvhmr_smplx_contact_site_provider
110,4.541667,right_foot,foot,right,0.425968140,0.659754395,3.544103861,gvhmr_incam,1.000000,gvhmr_smplx_contact_site_provider
111,4.583333,left_hand,hand,left,-0.260807008,-0.122710687,4.016454601,gvhmr_incam,1.000000,gvhmr_smplx_contact_site_provider
111,4.583333,right_hand,hand,right,0.231368881,-0.056946549,3.889119148,gvhmr_incam,1.000000,gvhmr_smplx_contact_site_provider
111,4.583333,left_foot,foot,left,-0.306776255,0.610348344,4.038150787,gvhmr_incam,1.000000,gvhmr_smplx_contact_site_provider
111,4.583333,right_foot,foot,right,0.428753972,0.658485293,3.559736490,gvhmr_incam,1.000000,gvhmr_smplx_contact_site_provider
112,4.625000,left_hand,hand,left,-0.156171024,-0.096392116,4.029545164,gvhmr_incam,1.000000,gvhmr_smplx_contact_site_provider
112,4.625000,right_hand,hand,right,0.210985628,-0.061725737,3.897580433,gvhmr_incam,1.000000,gvhmr_smplx_contact_site_provider
112,4.625000,left_foot,foot,left,-0.305263817,0.612384379,4.047255993,gvhmr_incam,1.000000,gvhmr_smplx_contact_site_provider
112,4.625000,right_foot,foot,right,0.428145528,0.658518374,3.567034006,gvhmr_incam,1.000000,gvhmr_smplx_contact_site_provider
113,4.666667,left_hand,hand,left,-0.054800101,-0.100470933,4.028873301,gvhmr_incam,1.000000,gvhmr_smplx_contact_site_provider
113,4.666667,right_hand,hand,right,0.211065030,-0.074772687,3.892337418,gvhmr_incam,1.000000,gvhmr_smplx_contact_site_provider
113,4.666667,left_foot,foot,left,-0.303404480,0.613821805,4.046646595,gvhmr_incam,1.000000,gvhmr_smplx_contact_site_provider
113,4.666667,right_foot,foot,right,0.426064432,0.662497938,3.563394785,gvhmr_incam,1.000000,gvhmr_smplx_contact_site_provider
114,4.708333,left_hand,hand,left,0.029959904,-0.127362466,4.041194248,gvhmr_incam,1.000000,gvhmr_smplx_contact_site_provider
114,4.708333,right_hand,hand,right,0.239287534,-0.102370343,3.903086376,gvhmr_incam,1.000000,gvhmr_smplx_contact_site_provider
114,4.708333,left_foot,foot,left,-0.300893486,0.616383910,4.062730312,gvhmr_incam,1.000000,gvhmr_smplx_contact_site_provider
114,4.708333,right_foot,foot,right,0.423344105,0.662836552,3.576573849,gvhmr_incam,1.000000,gvhmr_smplx_contact_site_provider
115,4.750000,left_hand,hand,left,0.104334622,-0.146440464,4.025357533,gvhmr_incam,1.000000,gvhmr_smplx_contact_site_provider
115,4.750000,right_hand,hand,right,0.280545944,-0.124619260,3.890441561,gvhmr_incam,1.000000,gvhmr_smplx_contact_site_provider
115,4.750000,left_foot,foot,left,-0.298797190,0.621849656,4.066292763,gvhmr_incam,1.000000,gvhmr_smplx_contact_site_provider
115,4.750000,right_foot,foot,right,0.420590401,0.663241804,3.579151869,gvhmr_incam,1.000000,gvhmr_smplx_contact_site_provider
116,4.791667,left_hand,hand,left,0.170803696,-0.162219203,4.003302956,gvhmr_incam,1.000000,gvhmr_smplx_contact_site_provider
116,4.791667,right_hand,hand,right,0.327757889,-0.146221739,3.872189951,gvhmr_incam,1.000000,gvhmr_smplx_contact_site_provider
116,4.791667,left_foot,foot,left,-0.300403148,0.625828981,4.080568314,gvhmr_incam,1.000000,gvhmr_smplx_contact_site_provider
116,4.791667,right_foot,foot,right,0.413896501,0.665480494,3.591009617,gvhmr_incam,1.000000,gvhmr_smplx_contact_site_provider
117,4.833333,left_hand,hand,left,0.208609125,-0.164489493,3.982893276,gvhmr_incam,1.000000,gvhmr_smplx_contact_site_provider
117,4.833333,right_hand,hand,right,0.365918958,-0.159778699,3.838852787,gvhmr_incam,1.000000,gvhmr_smplx_contact_site_provider
117,4.833333,left_foot,foot,left,-0.304125488,0.629007578,4.085204124,gvhmr_incam,1.000000,gvhmr_smplx_contact_site_provider
117,4.833333,right_foot,foot,right,0.407413483,0.664785206,3.595518589,gvhmr_incam,1.000000,gvhmr_smplx_contact_site_provider
118,4.875000,left_hand,hand,left,0.244676456,-0.165618354,3.955764675,gvhmr_incam,1.000000,gvhmr_smplx_contact_site_provider
118,4.875000,right_hand,hand,right,0.397201866,-0.172402650,3.796959257,gvhmr_incam,1.000000,gvhmr_smplx_contact_site_provider
118,4.875000,left_foot,foot,left,-0.305906951,0.630646467,4.085556984,gvhmr_incam,1.000000,gvhmr_smplx_contact_site_provider
118,4.875000,right_foot,foot,right,0.403714925,0.663458467,3.595159769,gvhmr_incam,1.000000,gvhmr_smplx_contact_site_provider
119,4.916667,left_hand,hand,left,0.272551835,-0.164140517,3.923027086,gvhmr_incam,1.000000,gvhmr_smplx_contact_site_provider
119,4.916667,right_hand,hand,right,0.418589681,-0.182891768,3.751721478,gvhmr_incam,1.000000,gvhmr_smplx_contact_site_provider
119,4.916667,left_foot,foot,left,-0.306817949,0.630905867,4.082161903,gvhmr_incam,1.000000,gvhmr_smplx_contact_site_provider
119,4.916667,right_foot,foot,right,0.401261300,0.662735522,3.590870619,gvhmr_incam,1.000000,gvhmr_smplx_contact_site_provider
120,4.958333,left_hand,hand,left,0.292017239,-0.167044652,3.905961990,gvhmr_incam,1.000000,gvhmr_smplx_contact_site_provider
120,4.958333,right_hand,hand,right,0.431494218,-0.193919784,3.723436594,gvhmr_incam,1.000000,gvhmr_smplx_contact_site_provider
120,4.958333,left_foot,foot,left,-0.308175713,0.631374896,4.092494488,gvhmr_incam,1.000000,gvhmr_smplx_contact_site_provider
120,4.958333,right_foot,foot,right,0.398106039,0.661307633,3.599876642,gvhmr_incam,1.000000,gvhmr_smplx_contact_site_provider
121,5.000000,left_hand,hand,left,0.308617765,-0.170466563,3.885966444,gvhmr_incam,1.000000,gvhmr_smplx_contact_site_provider
121,5.000000,right_hand,hand,right,0.437949896,-0.203620562,3.690436077,gvhmr_incam,1.000000,gvhmr_smplx_contact_site_provider
121,5.000000,left_foot,foot,left,-0.306493938,0.631931663,4.098462582,gvhmr_incam,1.000000,gvhmr_smplx_contact_site_provider
121,5.000000,right_foot,foot,right,0.396875560,0.660304487,3.602727413,gvhmr_incam,1.000000,gvhmr_smplx_contact_site_provider
122,5.041667,left_hand,hand,left,0.319261393,-0.174827418,3.866675520,gvhmr_incam,1.000000,gvhmr_smplx_contact_site_provider
122,5.041667,right_hand,hand,right,0.436990762,-0.211881599,3.659434605,gvhmr_incam,1.000000,gvhmr_smplx_contact_site_provider
122,5.041667,left_foot,foot,left,-0.306866646,0.631268442,4.104083538,gvhmr_incam,1.000000,gvhmr_smplx_contact_site_provider
122,5.041667,right_foot,foot,right,0.392845899,0.660006940,3.605219364,gvhmr_incam,1.000000,gvhmr_smplx_contact_site_provider
123,5.083333,left_hand,hand,left,0.325417292,-0.177866119,3.851790667,gvhmr_incam,1.000000,gvhmr_smplx_contact_site_provider
123,5.083333,right_hand,hand,right,0.430755091,-0.217947268,3.636724520,gvhmr_incam,1.000000,gvhmr_smplx_contact_site_provider
123,5.083333,left_foot,foot,left,-0.305570483,0.632876813,4.111178875,gvhmr_incam,1.000000,gvhmr_smplx_contact_site_provider
123,5.083333,right_foot,foot,right,0.390064359,0.658882082,3.609253645,gvhmr_incam,1.000000,gvhmr_smplx_contact_site_provider
124,5.125000,left_hand,hand,left,0.329016066,-0.179536095,3.840758181,gvhmr_incam,1.000000,gvhmr_smplx_contact_site_provider
124,5.125000,right_hand,hand,right,0.423135936,-0.219706592,3.618550110,gvhmr_incam,1.000000,gvhmr_smplx_contact_site_provider
124,5.125000,left_foot,foot,left,-0.302184731,0.634005845,4.116989136,gvhmr_incam,1.000000,gvhmr_smplx_contact_site_provider
124,5.125000,right_foot,foot,right,0.389205486,0.657682061,3.612134695,gvhmr_incam,1.000000,gvhmr_smplx_contact_site_provider
125,5.166667,left_hand,hand,left,0.330420887,-0.180477577,3.837253380,gvhmr_incam,1.000000,gvhmr_smplx_contact_site_provider
125,5.166667,right_hand,hand,right,0.414076859,-0.217897928,3.607563066,gvhmr_incam,1.000000,gvhmr_smplx_contact_site_provider
125,5.166667,left_foot,foot,left,-0.298226684,0.633993149,4.124495983,gvhmr_incam,1.000000,gvhmr_smplx_contact_site_provider
125,5.166667,right_foot,foot,right,0.388751268,0.659010231,3.616377831,gvhmr_incam,1.000000,gvhmr_smplx_contact_site_provider
126,5.208333,left_hand,hand,left,0.329162526,-0.179461542,3.831329441,gvhmr_incam,1.000000,gvhmr_smplx_contact_site_provider
126,5.208333,right_hand,hand,right,0.403428876,-0.212475511,3.596217251,gvhmr_incam,1.000000,gvhmr_smplx_contact_site_provider
126,5.208333,left_foot,foot,left,-0.296259314,0.635199606,4.123486996,gvhmr_incam,1.000000,gvhmr_smplx_contact_site_provider
126,5.208333,right_foot,foot,right,0.386636794,0.661120117,3.612548351,gvhmr_incam,1.000000,gvhmr_smplx_contact_site_provider
127,5.250000,left_hand,hand,left,0.324883389,-0.176020294,3.833514929,gvhmr_incam,1.000000,gvhmr_smplx_contact_site_provider
127,5.250000,right_hand,hand,right,0.393396080,-0.202202159,3.593190241,gvhmr_incam,1.000000,gvhmr_smplx_contact_site_provider
127,5.250000,left_foot,foot,left,-0.295471013,0.637645245,4.123769760,gvhmr_incam,1.000000,gvhmr_smplx_contact_site_provider
127,5.250000,right_foot,foot,right,0.384468138,0.663178921,3.611427307,gvhmr_incam,1.000000,gvhmr_smplx_contact_site_provider
128,5.291667,left_hand,hand,left,0.318818468,-0.170907468,3.846420431,gvhmr_incam,1.000000,gvhmr_smplx_contact_site_provider
128,5.291667,right_hand,hand,right,0.387423450,-0.192501748,3.600192213,gvhmr_incam,1.000000,gvhmr_smplx_contact_site_provider
128,5.291667,left_foot,foot,left,-0.293146580,0.639691830,4.128149033,gvhmr_incam,1.000000,gvhmr_smplx_contact_site_provider
128,5.291667,right_foot,foot,right,0.383566469,0.665086567,3.613999367,gvhmr_incam,1.000000,gvhmr_smplx_contact_site_provider
129,5.333333,left_hand,hand,left,0.309472311,-0.164165995,3.873516035,gvhmr_incam,1.000000,gvhmr_smplx_contact_site_provider
129,5.333333,right_hand,hand,right,0.382305890,-0.182445231,3.621050835,gvhmr_incam,1.000000,gvhmr_smplx_contact_site_provider
129,5.333333,left_foot,foot,left,-0.289352208,0.641966283,4.141328335,gvhmr_incam,1.000000,gvhmr_smplx_contact_site_provider
129,5.333333,right_foot,foot,right,0.384464115,0.665606797,3.626218557,gvhmr_incam,1.000000,gvhmr_smplx_contact_site_provider
130,5.375000,left_hand,hand,left,0.299284369,-0.157378873,3.900625610,gvhmr_incam,1.000000,gvhmr_smplx_contact_site_provider
130,5.375000,right_hand,hand,right,0.382178617,-0.171804780,3.646201897,gvhmr_incam,1.000000,gvhmr_smplx_contact_site_provider
130,5.375000,left_foot,foot,left,-0.285407394,0.643251777,4.153855324,gvhmr_incam,1.000000,gvhmr_smplx_contact_site_provider
130,5.375000,right_foot,foot,right,0.386081904,0.665386438,3.639350653,gvhmr_incam,1.000000,gvhmr_smplx_contact_site_provider
131,5.416667,left_hand,hand,left,0.292674625,-0.153440407,3.927543926,gvhmr_incam,1.000000,gvhmr_smplx_contact_site_provider
131,5.416667,right_hand,hand,right,0.380475020,-0.159416977,3.677183390,gvhmr_incam,1.000000,gvhmr_smplx_contact_site_provider
131,5.416667,left_foot,foot,left,-0.280867040,0.644015133,4.161857605,gvhmr_incam,1.000000,gvhmr_smplx_contact_site_provider
131,5.416667,right_foot,foot,right,0.389408052,0.666617572,3.649964333,gvhmr_incam,1.000000,gvhmr_smplx_contact_site_provider
132,5.458333,left_hand,hand,left,0.281483728,-0.153448386,3.960371113,gvhmr_incam,1.000000,gvhmr_smplx_contact_site_provider
132,5.458333,right_hand,hand,right,0.378150356,-0.152508874,3.713911247,gvhmr_incam,1.000000,gvhmr_smplx_contact_site_provider
132,5.458333,left_foot,foot,left,-0.280013949,0.641248465,4.162913799,gvhmr_incam,1.000000,gvhmr_smplx_contact_site_provider
132,5.458333,right_foot,foot,right,0.391661346,0.663925707,3.661033154,gvhmr_incam,1.000000,gvhmr_smplx_contact_site_provider
133,5.500000,left_hand,hand,left,0.269669515,-0.156208338,3.983183765,gvhmr_incam,1.000000,gvhmr_smplx_contact_site_provider
133,5.500000,right_hand,hand,right,0.374903625,-0.145173317,3.745801830,gvhmr_incam,1.000000,gvhmr_smplx_contact_site_provider
133,5.500000,left_foot,foot,left,-0.281705707,0.638833642,4.151828289,gvhmr_incam,1.000000,gvhmr_smplx_contact_site_provider
133,5.500000,right_foot,foot,right,0.395077527,0.666178107,3.660112858,gvhmr_incam,1.000000,gvhmr_smplx_contact_site_provider
134,5.541667,left_hand,hand,left,0.254958302,-0.163539523,4.001995707,gvhmr_incam,1.000000,gvhmr_smplx_contact_site_provider
134,5.541667,right_hand,hand,right,0.365476453,-0.142244515,3.779889059,gvhmr_incam,1.000000,gvhmr_smplx_contact_site_provider
134,5.541667,left_foot,foot,left,-0.284650981,0.637274206,4.141292095,gvhmr_incam,1.000000,gvhmr_smplx_contact_site_provider
134,5.541667,right_foot,foot,right,0.398049593,0.669480681,3.656173229,gvhmr_incam,1.000000,gvhmr_smplx_contact_site_provider
135,5.583333,left_hand,hand,left,0.239122391,-0.172710472,4.009530544,gvhmr_incam,1.000000,gvhmr_smplx_contact_site_provider
135,5.583333,right_hand,hand,right,0.354928076,-0.140443832,3.806875706,gvhmr_incam,1.000000,gvhmr_smplx_contact_site_provider
135,5.583333,left_foot,foot,left,-0.288166583,0.638135433,4.130055428,gvhmr_incam,1.000000,gvhmr_smplx_contact_site_provider
135,5.583333,right_foot,foot,right,0.400063634,0.676226616,3.646892548,gvhmr_incam,1.000000,gvhmr_smplx_contact_site_provider
136,5.625000,left_hand,hand,left,0.199868086,-0.183707067,4.017380333,gvhmr_incam,1.000000,gvhmr_smplx_contact_site_provider
136,5.625000,right_hand,hand,right,0.331117904,-0.139114282,3.832803202,gvhmr_incam,1.000000,gvhmr_smplx_contact_site_provider
136,5.625000,left_foot,foot,left,-0.300697029,0.639534354,4.110070229,gvhmr_incam,1.000000,gvhmr_smplx_contact_site_provider
136,5.625000,right_foot,foot,right,0.389566541,0.687114954,3.625771046,gvhmr_incam,1.000000,gvhmr_smplx_contact_site_provider
137,5.666667,left_hand,hand,left,0.167729300,-0.194351071,4.036137867,gvhmr_incam,1.000000,gvhmr_smplx_contact_site_provider
137,5.666667,right_hand,hand,right,0.306570262,-0.141623914,3.863100624,gvhmr_incam,1.000000,gvhmr_smplx_contact_site_provider
137,5.666667,left_foot,foot,left,-0.303915113,0.640899599,4.111046314,gvhmr_incam,1.000000,gvhmr_smplx_contact_site_provider
137,5.666667,right_foot,foot,right,0.387314916,0.693641365,3.621851921,gvhmr_incam,1.000000,gvhmr_smplx_contact_site_provider
138,5.708333,left_hand,hand,left,0.130042272,-0.214613619,4.076070786,gvhmr_incam,1.000000,gvhmr_smplx_contact_site_provider
138,5.708333,right_hand,hand,right,0.277302518,-0.150873950,3.908517694,gvhmr_incam,1.000000,gvhmr_smplx_contact_site_provider
138,5.708333,left_foot,foot,left,-0.311430097,0.637562990,4.131799698,gvhmr_incam,1.000000,gvhmr_smplx_contact_site_provider
138,5.708333,right_foot,foot,right,0.384329945,0.694316328,3.641350269,gvhmr_incam,1.000000,gvhmr_smplx_contact_site_provider
139,5.750000,left_hand,hand,left,0.094195306,-0.232169077,4.110805130,gvhmr_incam,1.000000,gvhmr_smplx_contact_site_provider
139,5.750000,right_hand,hand,right,0.246346539,-0.163679677,3.943542099,gvhmr_incam,1.000000,gvhmr_smplx_contact_site_provider
139,5.750000,left_foot,foot,left,-0.317604929,0.634487510,4.152446747,gvhmr_incam,1.000000,gvhmr_smplx_contact_site_provider
139,5.750000,right_foot,foot,right,0.376359254,0.690289795,3.658120394,gvhmr_incam,1.000000,gvhmr_smplx_contact_site_provider
140,5.791667,left_hand,hand,left,0.066833115,-0.246673700,4.131906986,gvhmr_incam,1.000000,gvhmr_smplx_contact_site_provider
140,5.791667,right_hand,hand,right,0.215296304,-0.180713680,3.966314507,gvhmr_incam,1.000000,gvhmr_smplx_contact_site_provider
140,5.791667,left_foot,foot,left,-0.319969118,0.633831143,4.167560577,gvhmr_incam,1.000000,gvhmr_smplx_contact_site_provider
140,5.791667,right_foot,foot,right,0.357294500,0.684898674,3.665935040,gvhmr_incam,1.000000,gvhmr_smplx_contact_site_provider
141,5.833333,left_hand,hand,left,0.053633697,-0.262607145,4.153441334,gvhmr_incam,1.000000,gvhmr_smplx_contact_site_provider
141,5.833333,right_hand,hand,right,0.187488025,-0.203688800,3.987787008,gvhmr_incam,1.000000,gvhmr_smplx_contact_site_provider
141,5.833333,left_foot,foot,left,-0.318224162,0.639406681,4.186115265,gvhmr_incam,1.000000,gvhmr_smplx_contact_site_provider
141,5.833333,right_foot,foot,right,0.319704175,0.682388663,3.696127176,gvhmr_incam,1.000000,gvhmr_smplx_contact_site_provider
142,5.875000,left_hand,hand,left,0.050618252,-0.277645758,4.169838810,gvhmr_incam,1.000000,gvhmr_smplx_contact_site_provider
142,5.875000,right_hand,hand,right,0.167706442,-0.229801878,4.002725506,gvhmr_incam,1.000000,gvhmr_smplx_contact_site_provider
142,5.875000,left_foot,foot,left,-0.311593175,0.649563313,4.196821213,gvhmr_incam,1.000000,gvhmr_smplx_contact_site_provider
142,5.875000,right_foot,foot,right,0.260354072,0.685180843,3.745330811,gvhmr_incam,1.000000,gvhmr_smplx_contact_site_provider
143,5.916667,left_hand,hand,left,0.054930025,-0.297278178,4.181482029,gvhmr_incam,1.000000,gvhmr_smplx_contact_site_provider
143,5.916667,right_hand,hand,right,0.157346588,-0.259175825,4.014513159,gvhmr_incam,1.000000,gvhmr_smplx_contact_site_provider
143,5.916667,left_foot,foot,left,-0.298607320,0.656201720,4.202535629,gvhmr_incam,1.000000,gvhmr_smplx_contact_site_provider
143,5.916667,right_foot,foot,right,0.169660836,0.689081073,3.803316593,gvhmr_incam,1.000000,gvhmr_smplx_contact_site_provider
144,5.958333,left_hand,hand,left,0.066495052,-0.314164615,4.198463535,gvhmr_incam,1.000000,gvhmr_smplx_contact_site_provider
144,5.958333,right_hand,hand,right,0.147825232,-0.283911991,4.027690315,gvhmr_incam,1.000000,gvhmr_smplx_contact_site_provider
144,5.958333,left_foot,foot,left,-0.286097646,0.656748593,4.223215580,gvhmr_incam,1.000000,gvhmr_smplx_contact_site_provider
144,5.958333,right_foot,foot,right,0.074203342,0.689971507,3.862795353,gvhmr_incam,1.000000,gvhmr_smplx_contact_site_provider
145,6.000000,left_hand,hand,left,0.082619211,-0.325044239,4.211240578,gvhmr_incam,1.000000,gvhmr_smplx_contact_site_provider
145,6.000000,right_hand,hand,right,0.137590685,-0.302950907,4.034153366,gvhmr_incam,1.000000,gvhmr_smplx_contact_site_provider
145,6.000000,left_foot,foot,left,-0.258219302,0.649881184,4.263657570,gvhmr_incam,1.000000,gvhmr_smplx_contact_site_provider
145,6.000000,right_foot,foot,right,-0.012856565,0.689870834,3.915194035,gvhmr_incam,1.000000,gvhmr_smplx_contact_site_provider
146,6.041667,left_hand,hand,left,0.151397407,-0.306261468,4.229571819,gvhmr_incam,1.000000,gvhmr_smplx_contact_site_provider
146,6.041667,right_hand,hand,right,0.143937993,-0.304535723,4.046046638,gvhmr_incam,1.000000,gvhmr_smplx_contact_site_provider
146,6.041667,left_foot,foot,left,-0.127537578,0.629856288,4.387423038,gvhmr_incam,1.000000,gvhmr_smplx_contact_site_provider
146,6.041667,right_foot,foot,right,-0.097565152,0.701366544,4.008617878,gvhmr_incam,1.000000,gvhmr_smplx_contact_site_provider
147,6.083333,left_hand,hand,left,0.175982565,-0.292251104,4.230466175,gvhmr_incam,1.000000,gvhmr_smplx_contact_site_provider
147,6.083333,right_hand,hand,right,0.131322026,-0.303526729,4.053391171,gvhmr_incam,1.000000,gvhmr_smplx_contact_site_provider
147,6.083333,left_foot,foot,left,-0.023157366,0.620301008,4.458011150,gvhmr_incam,1.000000,gvhmr_smplx_contact_site_provider
147,6.083333,right_foot,foot,right,-0.124569729,0.696960926,4.041848183,gvhmr_incam,1.000000,gvhmr_smplx_contact_site_provider
148,6.125000,left_hand,hand,left,0.199322534,-0.276251462,4.220943069,gvhmr_incam,1.000000,gvhmr_smplx_contact_site_provider
148,6.125000,right_hand,hand,right,0.126849560,-0.302455521,4.051619530,gvhmr_incam,1.000000,gvhmr_smplx_contact_site_provider
148,6.125000,left_foot,foot,left,0.093907259,0.626919925,4.487877369,gvhmr_incam,1.000000,gvhmr_smplx_contact_site_provider
148,6.125000,right_foot,foot,right,-0.133497834,0.696058095,4.046746254,gvhmr_incam,1.000000,gvhmr_smplx_contact_site_provider
149,6.166667,left_hand,hand,left,0.227578419,-0.261991173,4.215979290,gvhmr_incam,1.000000,gvhmr_smplx_contact_site_provider
149,6.166667,right_hand,hand,right,0.124607319,-0.303065479,4.055593681,gvhmr_incam,1.000000,gvhmr_smplx_contact_site_provider
149,6.166667,left_foot,foot,left,0.220325455,0.634791136,4.507311821,gvhmr_incam,1.000000,gvhmr_smplx_contact_site_provider
149,6.166667,right_foot,foot,right,-0.137972206,0.697625697,4.052981377,gvhmr_incam,1.000000,gvhmr_smplx_contact_site_provider
150,6.208333,left_hand,hand,left,0.250525200,-0.243960869,4.209979343,gvhmr_incam,1.000000,gvhmr_smplx_contact_site_provider
150,6.208333,right_hand,hand,right,0.115835443,-0.301260573,4.061278152,gvhmr_incam,1.000000,gvhmr_smplx_contact_site_provider
150,6.208333,left_foot,foot,left,0.326662898,0.638134718,4.501955509,gvhmr_incam,1.000000,gvhmr_smplx_contact_site_provider
150,6.208333,right_foot,foot,right,-0.147394270,0.696953297,4.055686474,gvhmr_incam,1.000000,gvhmr_smplx_contact_site_provider
151,6.250000,left_hand,hand,left,0.266788185,-0.234900749,4.207051277,gvhmr_incam,1.000000,gvhmr_smplx_contact_site_provider
151,6.250000,right_hand,hand,right,0.106778568,-0.297894996,4.078273296,gvhmr_incam,1.000000,gvhmr_smplx_contact_site_provider
151,6.250000,left_foot,foot,left,0.383185297,0.644610167,4.497435570,gvhmr_incam,1.000000,gvhmr_smplx_contact_site_provider
151,6.250000,right_foot,foot,right,-0.157297105,0.698565245,4.073299885,gvhmr_incam,1.000000,gvhmr_smplx_contact_site_provider
152,6.291667,left_hand,hand,left,0.277564031,-0.234168807,4.211837959,gvhmr_incam,1.000000,gvhmr_smplx_contact_site_provider
152,6.291667,right_hand,hand,right,0.099648864,-0.297288179,4.107202911,gvhmr_incam,1.000000,gvhmr_smplx_contact_site_provider
152,6.291667,left_foot,foot,left,0.400474548,0.651449561,4.507426262,gvhmr_incam,1.000000,gvhmr_smplx_contact_site_provider
152,6.291667,right_foot,foot,right,-0.167032927,0.698451698,4.090398788,gvhmr_incam,1.000000,gvhmr_smplx_contact_site_provider
153,6.333333,left_hand,hand,left,0.286180437,-0.243273091,4.227360535,gvhmr_incam,1.000000,gvhmr_smplx_contact_site_provider
153,6.333333,right_hand,hand,right,0.096526767,-0.298433995,4.147704411,gvhmr_incam,1.000000,gvhmr_smplx_contact_site_provider
153,6.333333,left_foot,foot,left,0.403651059,0.654753447,4.534657001,gvhmr_incam,1.000000,gvhmr_smplx_contact_site_provider
153,6.333333,right_foot,foot,right,-0.171974048,0.696092725,4.123991013,gvhmr_incam,1.000000,gvhmr_smplx_contact_site_provider
154,6.375000,left_hand,hand,left,0.290823281,-0.254790038,4.239381027,gvhmr_incam,1.000000,gvhmr_smplx_contact_site_provider
154,6.375000,right_hand,hand,right,0.094759694,-0.302226865,4.184794235,gvhmr_incam,1.000000,gvhmr_smplx_contact_site_provider
154,6.375000,left_foot,foot,left,0.407202721,0.658615351,4.555947304,gvhmr_incam,1.000000,gvhmr_smplx_contact_site_provider
154,6.375000,right_foot,foot,right,-0.173157230,0.689777255,4.153367996,gvhmr_incam,1.000000,gvhmr_smplx_contact_site_provider
155,6.416667,left_hand,hand,left,0.294663656,-0.263146394,4.253402805,gvhmr_incam,1.000000,gvhmr_smplx_contact_site_provider
155,6.416667,right_hand,hand,right,0.095111179,-0.306569749,4.221135521,gvhmr_incam,1.000000,gvhmr_smplx_contact_site_provider
155,6.416667,left_foot,foot,left,0.408694804,0.662581801,4.571426392,gvhmr_incam,1.000000,gvhmr_smplx_contact_site_provider
155,6.416667,right_foot,foot,right,-0.170369983,0.682519078,4.199889660,gvhmr_incam,1.000000,gvhmr_smplx_contact_site_provider
156,6.458333,left_hand,hand,left,0.294535810,-0.269352061,4.263580227,gvhmr_incam,1.000000,gvhmr_smplx_contact_site_provider
156,6.458333,right_hand,hand,right,0.095974591,-0.308962494,4.250952244,gvhmr_incam,1.000000,gvhmr_smplx_contact_site_provider
156,6.458333,left_foot,foot,left,0.412213951,0.667021036,4.573852539,gvhmr_incam,1.000000,gvhmr_smplx_contact_site_provider
156,6.458333,right_foot,foot,right,-0.168133974,0.678434253,4.260303974,gvhmr_incam,1.000000,gvhmr_smplx_contact_site_provider
157,6.500000,left_hand,hand,left,0.292564398,-0.276472878,4.268721867,gvhmr_incam,1.000000,gvhmr_smplx_contact_site_provider
157,6.500000,right_hand,hand,right,0.098745973,-0.311723846,4.274184799,gvhmr_incam,1.000000,gvhmr_smplx_contact_site_provider
157,6.500000,left_foot,foot,left,0.414008439,0.671920598,4.569177628,gvhmr_incam,1.000000,gvhmr_smplx_contact_site_provider
157,6.500000,right_foot,foot,right,-0.162083730,0.673885584,4.338797569,gvhmr_incam,1.000000,gvhmr_smplx_contact_site_provider
158,6.541667,left_hand,hand,left,0.289751881,-0.280455697,4.272722054,gvhmr_incam,1.000000,gvhmr_smplx_contact_site_provider
158,6.541667,right_hand,hand,right,0.100359461,-0.313537812,4.290822983,gvhmr_incam,1.000000,gvhmr_smplx_contact_site_provider
158,6.541667,left_foot,foot,left,0.412095994,0.676065385,4.563595295,gvhmr_incam,1.000000,gvhmr_smplx_contact_site_provider
158,6.541667,right_foot,foot,right,-0.146505207,0.667677224,4.426269531,gvhmr_incam,1.000000,gvhmr_smplx_contact_site_provider
159,6.583333,left_hand,hand,left,0.290745205,-0.286493415,4.289168358,gvhmr_incam,1.000000,gvhmr_smplx_contact_site_provider
159,6.583333,right_hand,hand,right,0.099759880,-0.318367219,4.315242290,gvhmr_incam,1.000000,gvhmr_smplx_contact_site_provider
159,6.583333,left_foot,foot,left,0.406927794,0.678426385,4.571632862,gvhmr_incam,1.000000,gvhmr_smplx_contact_site_provider
159,6.583333,right_foot,foot,right,-0.123960912,0.658009648,4.528009415,gvhmr_incam,1.000000,gvhmr_smplx_contact_site_provider
160,6.625000,left_hand,hand,left,0.292848426,-0.292553496,4.305837536,gvhmr_incam,1.000000,gvhmr_smplx_contact_site_provider
160,6.625000,right_hand,hand,right,0.100224982,-0.321990299,4.335068989,gvhmr_incam,1.000000,gvhmr_smplx_contact_site_provider
160,6.625000,left_foot,foot,left,0.405454218,0.677750826,4.576459408,gvhmr_incam,1.000000,gvhmr_smplx_contact_site_provider
160,6.625000,right_foot,foot,right,-0.097850755,0.651046038,4.618997574,gvhmr_incam,1.000000,gvhmr_smplx_contact_site_provider
161,6.666667,left_hand,hand,left,0.291485006,-0.297750950,4.332122135,gvhmr_incam,1.000000,gvhmr_smplx_contact_site_provider
161,6.666667,right_hand,hand,right,0.097223437,-0.326807308,4.360924625,gvhmr_incam,1.000000,gvhmr_smplx_contact_site_provider
161,6.666667,left_foot,foot,left,0.400861382,0.676627874,4.585390091,gvhmr_incam,1.000000,gvhmr_smplx_contact_site_provider
161,6.666667,right_foot,foot,right,-0.071416125,0.650570333,4.700016975,gvhmr_incam,1.000000,gvhmr_smplx_contact_site_provider
162,6.708333,left_hand,hand,left,0.287559962,-0.301358598,4.353499603,gvhmr_incam,1.000000,gvhmr_smplx_contact_site_provider
162,6.708333,right_hand,hand,right,0.092877051,-0.329503697,4.382070541,gvhmr_incam,1.000000,gvhmr_smplx_contact_site_provider
162,6.708333,left_foot,foot,left,0.399631202,0.674748003,4.586088181,gvhmr_incam,1.000000,gvhmr_smplx_contact_site_provider
162,6.708333,right_foot,foot,right,-0.055807605,0.655925691,4.751678467,gvhmr_incam,1.000000,gvhmr_smplx_contact_site_provider
163,6.750000,left_hand,hand,left,0.280040127,-0.302892023,4.374732780,gvhmr_incam,1.000000,gvhmr_smplx_contact_site_provider
163,6.750000,right_hand,hand,right,0.087326832,-0.331672919,4.402028275,gvhmr_incam,1.000000,gvhmr_smplx_contact_site_provider
163,6.750000,left_foot,foot,left,0.401735067,0.672156811,4.588884830,gvhmr_incam,1.000000,gvhmr_smplx_contact_site_provider
163,6.750000,right_foot,foot,right,-0.045464426,0.662818193,4.780851364,gvhmr_incam,1.000000,gvhmr_smplx_contact_site_provider
164,6.791667,left_hand,hand,left,0.270822006,-0.301817429,4.388224983,gvhmr_incam,1.000000,gvhmr_smplx_contact_site_provider
164,6.791667,right_hand,hand,right,0.081032933,-0.329332662,4.415028477,gvhmr_incam,1.000000,gvhmr_smplx_contact_site_provider
164,6.791667,left_foot,foot,left,0.406013906,0.669623673,4.589878082,gvhmr_incam,1.000000,gvhmr_smplx_contact_site_provider
164,6.791667,right_foot,foot,right,-0.038925171,0.664655983,4.786804199,gvhmr_incam,1.000000,gvhmr_smplx_contact_site_provider
165,6.833333,left_hand,hand,left,0.259051201,-0.299980283,4.392326164,gvhmr_incam,1.000000,gvhmr_smplx_contact_site_provider
165,6.833333,right_hand,hand,right,0.071688710,-0.328014684,4.417775917,gvhmr_incam,1.000000,gvhmr_smplx_contact_site_provider
165,6.833333,left_foot,foot,left,0.409648657,0.667656898,4.590767384,gvhmr_incam,1.000000,gvhmr_smplx_contact_site_provider
165,6.833333,right_foot,foot,right,-0.036328718,0.664236784,4.786957264,gvhmr_incam,1.000000,gvhmr_smplx_contact_site_provider
166,6.875000,left_hand,hand,left,0.244771329,-0.299670601,4.392859459,gvhmr_incam,1.000000,gvhmr_smplx_contact_site_provider
166,6.875000,right_hand,hand,right,0.062381111,-0.327878571,4.417499161,gvhmr_incam,1.000000,gvhmr_smplx_contact_site_provider
166,6.875000,left_foot,foot,left,0.409254551,0.665809810,4.583503246,gvhmr_incam,1.000000,gvhmr_smplx_contact_site_provider
166,6.875000,right_foot,foot,right,-0.036652088,0.663176358,4.783728123,gvhmr_incam,1.000000,gvhmr_smplx_contact_site_provider
167,6.916667,left_hand,hand,left,0.229493517,-0.302131379,4.394833755,gvhmr_incam,1.000000,gvhmr_smplx_contact_site_provider
167,6.916667,right_hand,hand,right,0.052235577,-0.328287673,4.417863941,gvhmr_incam,1.000000,gvhmr_smplx_contact_site_provider
167,6.916667,left_foot,foot,left,0.413293302,0.661533475,4.581517696,gvhmr_incam,1.000000,gvhmr_smplx_contact_site_provider
167,6.916667,right_foot,foot,right,-0.037849963,0.661961138,4.778210163,gvhmr_incam,1.000000,gvhmr_smplx_contact_site_provider
168,6.958333,left_hand,hand,left,0.213624525,-0.305138445,4.393255043,gvhmr_incam,1.000000,gvhmr_smplx_contact_site_provider
168,6.958333,right_hand,hand,right,0.041862236,-0.329565221,4.417410851,gvhmr_incam,1.000000,gvhmr_smplx_contact_site_provider
168,6.958333,left_foot,foot,left,0.421122402,0.657311857,4.585799694,gvhmr_incam,1.000000,gvhmr_smplx_contact_site_provider
168,6.958333,right_foot,foot,right,-0.040784881,0.661643624,4.769639969,gvhmr_incam,1.000000,gvhmr_smplx_contact_site_provider
169,7.000000,left_hand,hand,left,0.201195008,-0.311887079,4.400715065,gvhmr_incam,1.000000,gvhmr_smplx_contact_site_provider
169,7.000000,right_hand,hand,right,0.033115552,-0.333760971,4.428936386,gvhmr_incam,1.000000,gvhmr_smplx_contact_site_provider
169,7.000000,left_foot,foot,left,0.431254953,0.652543783,4.615359306,gvhmr_incam,1.000000,gvhmr_smplx_contact_site_provider
169,7.000000,right_foot,foot,right,-0.043472305,0.660210371,4.770847321,gvhmr_incam,1.000000,gvhmr_smplx_contact_site_provider
170,7.041667,left_hand,hand,left,0.192108104,-0.317872775,4.408826923,gvhmr_incam,1.000000,gvhmr_smplx_contact_site_provider
170,7.041667,right_hand,hand,right,0.025414458,-0.338140488,4.443214607,gvhmr_incam,1.000000,gvhmr_smplx_contact_site_provider
170,7.041667,left_foot,foot,left,0.440398425,0.649313509,4.650625229,gvhmr_incam,1.000000,gvhmr_smplx_contact_site_provider
170,7.041667,right_foot,foot,right,-0.045362726,0.659283161,4.773914814,gvhmr_incam,1.000000,gvhmr_smplx_contact_site_provider
171,7.083333,left_hand,hand,left,0.187202120,-0.323915011,4.422703266,gvhmr_incam,1.000000,gvhmr_smplx_contact_site_provider
171,7.083333,right_hand,hand,right,0.019885144,-0.343858713,4.463214684,gvhmr_incam,1.000000,gvhmr_smplx_contact_site_provider
171,7.083333,left_foot,foot,left,0.448151469,0.648129821,4.690369606,gvhmr_incam,1.000000,gvhmr_smplx_contact_site_provider
171,7.083333,right_foot,foot,right,-0.046117082,0.657979369,4.782047272,gvhmr_incam,1.000000,gvhmr_smplx_contact_site_provider
172,7.125000,left_hand,hand,left,0.185130084,-0.328517514,4.432108784,gvhmr_incam,1.000000,gvhmr_smplx_contact_site_provider
172,7.125000,right_hand,hand,right,0.017732832,-0.346200871,4.481889343,gvhmr_incam,1.000000,gvhmr_smplx_contact_site_provider
172,7.125000,left_foot,foot,left,0.452388108,0.651000142,4.716871262,gvhmr_incam,1.000000,gvhmr_smplx_contact_site_provider
172,7.125000,right_foot,foot,right,-0.045326069,0.657550454,4.787166595,gvhmr_incam,1.000000,gvhmr_smplx_contact_site_provider
173,7.166667,left_hand,hand,left,0.184530565,-0.333375198,4.437320805,gvhmr_incam,1.000000,gvhmr_smplx_contact_site_provider
173,7.166667,right_hand,hand,right,0.017800432,-0.348328811,4.498160744,gvhmr_incam,1.000000,gvhmr_smplx_contact_site_provider
173,7.166667,left_foot,foot,left,0.452565134,0.655614853,4.740096092,gvhmr_incam,1.000000,gvhmr_smplx_contact_site_provider
173,7.166667,right_foot,foot,right,-0.045520380,0.658180356,4.791621685,gvhmr_incam,1.000000,gvhmr_smplx_contact_site_provider
174,7.208333,left_hand,hand,left,0.187712887,-0.338890851,4.444456959,gvhmr_incam,1.000000,gvhmr_smplx_contact_site_provider
174,7.208333,right_hand,hand,right,0.019187069,-0.350478774,4.513772678,gvhmr_incam,1.000000,gvhmr_smplx_contact_site_provider
174,7.208333,left_foot,foot,left,0.452362180,0.658070624,4.755323887,gvhmr_incam,1.000000,gvhmr_smplx_contact_site_provider
174,7.208333,right_foot,foot,right,-0.045608610,0.658633649,4.796045303,gvhmr_incam,1.000000,gvhmr_smplx_contact_site_provider
175,7.250000,left_hand,hand,left,0.195171806,-0.346416414,4.450432110,gvhmr_incam,1.000000,gvhmr_smplx_contact_site_provider
175,7.250000,right_hand,hand,right,0.026158899,-0.353975862,4.529008675,gvhmr_incam,1.000000,gvhmr_smplx_contact_site_provider
175,7.250000,left_foot,foot,left,0.452371716,0.656434298,4.765329361,gvhmr_incam,1.000000,gvhmr_smplx_contact_site_provider
175,7.250000,right_foot,foot,right,-0.044725955,0.658032656,4.800792217,gvhmr_incam,1.000000,gvhmr_smplx_contact_site_provider
176,7.291667,left_hand,hand,left,0.206372726,-0.354125065,4.458216953,gvhmr_incam,1.000000,gvhmr_smplx_contact_site_provider
176,7.291667,right_hand,hand,right,0.036274788,-0.357083219,4.542733002,gvhmr_incam,1.000000,gvhmr_smplx_contact_site_provider
176,7.291667,left_foot,foot,left,0.451244533,0.653972030,4.774981022,gvhmr_incam,1.000000,gvhmr_smplx_contact_site_provider
176,7.291667,right_foot,foot,right,-0.045653328,0.656589866,4.808266640,gvhmr_incam,1.000000,gvhmr_smplx_contact_site_provider
177,7.333333,left_hand,hand,left,0.220887706,-0.360488468,4.458564091,gvhmr_incam,1.000000,gvhmr_smplx_contact_site_provider
177,7.333333,right_hand,hand,right,0.050062448,-0.360266697,4.545720387,gvhmr_incam,1.000000,gvhmr_smplx_contact_site_provider
177,7.333333,left_foot,foot,left,0.450973153,0.653047562,4.776239872,gvhmr_incam,1.000000,gvhmr_smplx_contact_site_provider
177,7.333333,right_foot,foot,right,-0.045801163,0.657356977,4.807669163,gvhmr_incam,1.000000,gvhmr_smplx_contact_site_provider
178,7.375000,left_hand,hand,left,0.238023490,-0.366466367,4.461496353,gvhmr_incam,1.000000,gvhmr_smplx_contact_site_provider
178,7.375000,right_hand,hand,right,0.067247450,-0.363499534,4.547820950,gvhmr_incam,1.000000,gvhmr_smplx_contact_site_provider
178,7.375000,left_foot,foot,left,0.450001717,0.652055562,4.776902199,gvhmr_incam,1.000000,gvhmr_smplx_contact_site_provider
178,7.375000,right_foot,foot,right,-0.046660364,0.658162832,4.806604862,gvhmr_incam,1.000000,gvhmr_smplx_contact_site_provider
179,7.416667,left_hand,hand,left,0.258150390,-0.369070792,4.463960552,gvhmr_incam,1.000000,gvhmr_smplx_contact_site_provider
179,7.416667,right_hand,hand,right,0.087772682,-0.367447501,4.545834827,gvhmr_incam,1.000000,gvhmr_smplx_contact_site_provider
179,7.416667,left_foot,foot,left,0.450723678,0.652355075,4.778482437,gvhmr_incam,1.000000,gvhmr_smplx_contact_site_provider
179,7.416667,right_foot,foot,right,-0.045932591,0.660295248,4.806735992,gvhmr_incam,1.000000,gvhmr_smplx_contact_site_provider
180,7.458333,left_hand,hand,left,0.277812946,-0.371327329,4.469067001,gvhmr_incam,1.000000,gvhmr_smplx_contact_site_provider
180,7.458333,right_hand,hand,right,0.107234326,-0.371400362,4.543607712,gvhmr_incam,1.000000,gvhmr_smplx_contact_site_provider
180,7.458333,left_foot,foot,left,0.450761318,0.652562737,4.780977726,gvhmr_incam,1.000000,gvhmr_smplx_contact_site_provider
180,7.458333,right_foot,foot,right,-0.045834303,0.662749708,4.808267117,gvhmr_incam,1.000000,gvhmr_smplx_contact_site_provider
181,7.500000,left_hand,hand,left,0.297476977,-0.371309590,4.478759956,gvhmr_incam,1.000000,gvhmr_smplx_contact_site_provider
181,7.500000,right_hand,hand,right,0.127478546,-0.372187328,4.544654942,gvhmr_incam,1.000000,gvhmr_smplx_contact_site_provider
181,7.500000,left_foot,foot,left,0.452520132,0.653727055,4.787364960,gvhmr_incam,1.000000,gvhmr_smplx_contact_site_provider
181,7.500000,right_foot,foot,right,-0.043773651,0.666366041,4.813248634,gvhmr_incam,1.000000,gvhmr_smplx_contact_site_provider
182,7.541667,left_hand,hand,left,0.315590912,-0.371232069,4.485808563,gvhmr_incam,1.000000,gvhmr_smplx_contact_site_provider
182,7.541667,right_hand,hand,right,0.143327430,-0.375061059,4.542480087,gvhmr_incam,1.000000,gvhmr_smplx_contact_site_provider
182,7.541667,left_foot,foot,left,0.452937156,0.654379487,4.789854527,gvhmr_incam,1.000000,gvhmr_smplx_contact_site_provider
182,7.541667,right_foot,foot,right,-0.043466985,0.668658495,4.814355373,gvhmr_incam,1.000000,gvhmr_smplx_contact_site_provider
183,7.583333,left_hand,hand,left,0.331540775,-0.370749032,4.491751385,gvhmr_incam,1.000000,gvhmr_smplx_contact_site_provider
183,7.583333,right_hand,hand,right,0.157444036,-0.377936757,4.538931274,gvhmr_incam,1.000000,gvhmr_smplx_contact_site_provider
183,7.583333,left_foot,foot,left,0.453284889,0.654795766,4.790618896,gvhmr_incam,1.000000,gvhmr_smplx_contact_site_provider
183,7.583333,right_foot,foot,right,-0.043491274,0.670238733,4.813157558,gvhmr_incam,1.000000,gvhmr_smplx_contact_site_provider
184,7.625000,left_hand,hand,left,0.346664912,-0.369181770,4.499108505,gvhmr_incam,1.000000,gvhmr_smplx_contact_site_provider
184,7.625000,right_hand,hand,right,0.170323786,-0.380961943,4.535842419,gvhmr_incam,1.000000,gvhmr_smplx_contact_site_provider
184,7.625000,left_foot,foot,left,0.454123288,0.655150950,4.790656567,gvhmr_incam,1.000000,gvhmr_smplx_contact_site_provider
184,7.625000,right_foot,foot,right,-0.043199897,0.671180427,4.810605049,gvhmr_incam,1.000000,gvhmr_smplx_contact_site_provider
185,7.666667,left_hand,hand,left,0.357949781,-0.367919737,4.504769897,gvhmr_incam,1.000000,gvhmr_smplx_contact_site_provider
185,7.666667,right_hand,hand,right,0.178813642,-0.385114288,4.532061195,gvhmr_incam,1.000000,gvhmr_smplx_contact_site_provider
185,7.666667,left_foot,foot,left,0.454743683,0.655503988,4.788944244,gvhmr_incam,1.000000,gvhmr_smplx_contact_site_provider
185,7.666667,right_foot,foot,right,-0.043080211,0.671589494,4.806136608,gvhmr_incam,1.000000,gvhmr_smplx_contact_site_provider
186,7.708333,left_hand,hand,left,0.364942306,-0.366571277,4.507008076,gvhmr_incam,1.000000,gvhmr_smplx_contact_site_provider
186,7.708333,right_hand,hand,right,0.183695558,-0.388945693,4.527439499,gvhmr_incam,1.000000,gvhmr_smplx_contact_site_provider
186,7.708333,left_foot,foot,left,0.454298019,0.655718386,4.785417080,gvhmr_incam,1.000000,gvhmr_smplx_contact_site_provider
186,7.708333,right_foot,foot,right,-0.043990433,0.671242774,4.800646782,gvhmr_incam,1.000000,gvhmr_smplx_contact_site_provider
187,7.750000,left_hand,hand,left,0.370126170,-0.365790451,4.507287216,gvhmr_incam,1.000000,gvhmr_smplx_contact_site_provider
187,7.750000,right_hand,hand,right,0.186967233,-0.392063522,4.522690487,gvhmr_incam,1.000000,gvhmr_smplx_contact_site_provider
187,7.750000,left_foot,foot,left,0.454711527,0.655537069,4.781732559,gvhmr_incam,1.000000,gvhmr_smplx_contact_site_provider
187,7.750000,right_foot,foot,right,-0.044050694,0.670604587,4.795358181,gvhmr_incam,1.000000,gvhmr_smplx_contact_site_provider
188,7.791667,left_hand,hand,left,0.372952521,-0.365403414,4.509292698,gvhmr_incam,1.000000,gvhmr_smplx_contact_site_provider
188,7.791667,right_hand,hand,right,0.189810506,-0.394869673,4.521659565,gvhmr_incam,1.000000,gvhmr_smplx_contact_site_provider
188,7.791667,left_foot,foot,left,0.455492020,0.654932141,4.781519890,gvhmr_incam,1.000000,gvhmr_smplx_contact_site_provider
188,7.791667,right_foot,foot,right,-0.043738037,0.669633627,4.793771267,gvhmr_incam,1.000000,gvhmr_smplx_contact_site_provider
189,7.833333,left_hand,hand,left,0.373722631,-0.364830256,4.510838890,gvhmr_incam,1.000000,gvhmr_smplx_contact_site_provider
189,7.833333,right_hand,hand,right,0.190467927,-0.397117531,4.521253967,gvhmr_incam,1.000000,gvhmr_smplx_contact_site_provider
189,7.833333,left_foot,foot,left,0.455142975,0.654284835,4.782908916,gvhmr_incam,1.000000,gvhmr_smplx_contact_site_provider
189,7.833333,right_foot,foot,right,-0.044629067,0.668674886,4.794029236,gvhmr_incam,1.000000,gvhmr_smplx_contact_site_provider
190,7.875000,left_hand,hand,left,0.373973221,-0.363199139,4.510136414,gvhmr_incam,1.000000,gvhmr_smplx_contact_site_provider
190,7.875000,right_hand,hand,right,0.190837923,-0.399035382,4.518810749,gvhmr_incam,1.000000,gvhmr_smplx_contact_site_provider
190,7.875000,left_foot,foot,left,0.455828369,0.653629184,4.781643391,gvhmr_incam,1.000000,gvhmr_smplx_contact_site_provider
190,7.875000,right_foot,foot,right,-0.044473797,0.667624950,4.791670799,gvhmr_incam,1.000000,gvhmr_smplx_contact_site_provider
191,7.916667,left_hand,hand,left,0.370782918,-0.360972220,4.510326004,gvhmr_incam,1.000000,gvhmr_smplx_contact_site_provider
191,7.916667,right_hand,hand,right,0.187906200,-0.400134951,4.517917824,gvhmr_incam,1.000000,gvhmr_smplx_contact_site_provider
191,7.916667,left_foot,foot,left,0.456672966,0.652591944,4.783685207,gvhmr_incam,1.000000,gvhmr_smplx_contact_site_provider
191,7.916667,right_foot,foot,right,-0.044145703,0.666582108,4.792806149,gvhmr_incam,1.000000,gvhmr_smplx_contact_site_provider
192,7.958333,left_hand,hand,left,0.362616271,-0.357895058,4.507911205,gvhmr_incam,1.000000,gvhmr_smplx_contact_site_provider
192,7.958333,right_hand,hand,right,0.179108936,-0.399148488,4.516907120,gvhmr_incam,1.000000,gvhmr_smplx_contact_site_provider
192,7.958333,left_foot,foot,left,0.457442045,0.652080774,4.786819935,gvhmr_incam,1.000000,gvhmr_smplx_contact_site_provider
192,7.958333,right_foot,foot,right,-0.043807477,0.666274548,4.795250893,gvhmr_incam,1.000000,gvhmr_smplx_contact_site_provider
193,8.000000,left_hand,hand,left,0.353016120,-0.357129490,4.503107548,gvhmr_incam,1.000000,gvhmr_smplx_contact_site_provider
193,8.000000,right_hand,hand,right,0.166589603,-0.397152841,4.516290092,gvhmr_incam,1.000000,gvhmr_smplx_contact_site_provider
193,8.000000,left_foot,foot,left,0.458499074,0.651218116,4.789410114,gvhmr_incam,1.000000,gvhmr_smplx_contact_site_provider
193,8.000000,right_foot,foot,right,-0.043105364,0.665472865,4.797320366,gvhmr_incam,1.000000,gvhmr_smplx_contact_site_provider
194,8.041667,left_hand,hand,left,0.341747016,-0.357062477,4.497028160,gvhmr_incam,1.000000,gvhmr_smplx_contact_site_provider
194,8.041667,right_hand,hand,right,0.152316013,-0.394907027,4.516819763,gvhmr_incam,1.000000,gvhmr_smplx_contact_site_provider
194,8.041667,left_foot,foot,left,0.459855109,0.650583506,4.791949749,gvhmr_incam,1.000000,gvhmr_smplx_contact_site_provider
194,8.041667,right_foot,foot,right,-0.042005301,0.664893627,4.799451351,gvhmr_incam,1.000000,gvhmr_smplx_contact_site_provider
195,8.083333,left_hand,hand,left,0.330645436,-0.356860733,4.492238903,gvhmr_incam,1.000000,gvhmr_smplx_contact_site_provider
195,8.083333,right_hand,hand,right,0.140518525,-0.394070256,4.520250702,gvhmr_incam,1.000000,gvhmr_smplx_contact_site_provider
195,8.083333,left_foot,foot,left,0.462358505,0.649979591,4.795967579,gvhmr_incam,1.000000,gvhmr_smplx_contact_site_provider
195,8.083333,right_foot,foot,right,-0.039464474,0.664447606,4.803283691,gvhmr_incam,1.000000,gvhmr_smplx_contact_site_provider
196,8.125000,left_hand,hand,left,0.318058789,-0.357520306,4.486547565,gvhmr_incam,1.000000,gvhmr_smplx_contact_site_provider
196,8.125000,right_hand,hand,right,0.128195357,-0.393288910,4.524174881,gvhmr_incam,1.000000,gvhmr_smplx_contact_site_provider
196,8.125000,left_foot,foot,left,0.465666711,0.648431718,4.798388481,gvhmr_incam,1.000000,gvhmr_smplx_contact_site_provider
196,8.125000,right_foot,foot,right,-0.035889655,0.662874103,4.805917740,gvhmr_incam,1.000000,gvhmr_smplx_contact_site_provider
197,8.166667,left_hand,hand,left,0.301386112,-0.356453109,4.479502583,gvhmr_incam,1.000000,gvhmr_smplx_contact_site_provider
197,8.166667,right_hand,hand,right,0.112414424,-0.389446366,4.528165817,gvhmr_incam,1.000000,gvhmr_smplx_contact_site_provider
197,8.166667,left_foot,foot,left,0.467281133,0.649193764,4.799066067,gvhmr_incam,1.000000,gvhmr_smplx_contact_site_provider
197,8.166667,right_foot,foot,right,-0.033795625,0.663730979,4.806758881,gvhmr_incam,1.000000,gvhmr_smplx_contact_site_provider
198,8.208333,left_hand,hand,left,0.284685504,-0.355101252,4.467190647,gvhmr_incam,1.000000,gvhmr_smplx_contact_site_provider
198,8.208333,right_hand,hand,right,0.097835617,-0.385063744,4.525936794,gvhmr_incam,1.000000,gvhmr_smplx_contact_site_provider
198,8.208333,left_foot,foot,left,0.470166385,0.649871111,4.794087887,gvhmr_incam,1.000000,gvhmr_smplx_contact_site_provider
198,8.208333,right_foot,foot,right,-0.030453950,0.664831102,4.802056789,gvhmr_incam,1.000000,gvhmr_smplx_contact_site_provider
199,8.250000,left_hand,hand,left,0.266683936,-0.353915000,4.454901886,gvhmr_incam,1.000000,gvhmr_smplx_contact_site_provider
199,8.250000,right_hand,hand,right,0.079742117,-0.381895578,4.523796463,gvhmr_incam,1.000000,gvhmr_smplx_contact_site_provider
199,8.250000,left_foot,foot,left,0.469418675,0.650891185,4.788111687,gvhmr_incam,1.000000,gvhmr_smplx_contact_site_provider
199,8.250000,right_foot,foot,right,-0.030778199,0.665790856,4.796248913,gvhmr_incam,1.000000,gvhmr_smplx_contact_site_provider
200,8.291667,left_hand,hand,left,0.246176937,-0.353962988,4.443993950,gvhmr_incam,1.000000,gvhmr_smplx_contact_site_provider
200,8.291667,right_hand,hand,right,0.062606402,-0.378236616,4.521814537,gvhmr_incam,1.000000,gvhmr_smplx_contact_site_provider
200,8.291667,left_foot,foot,left,0.466989607,0.652112961,4.783686161,gvhmr_incam,1.000000,gvhmr_smplx_contact_site_provider
200,8.291667,right_foot,foot,right,-0.032749653,0.666995049,4.792218685,gvhmr_incam,1.000000,gvhmr_smplx_contact_site_provider
201,8.333333,left_hand,hand,left,0.224801490,-0.353933144,4.436241150,gvhmr_incam,1.000000,gvhmr_smplx_contact_site_provider
201,8.333333,right_hand,hand,right,0.043237284,-0.374481142,4.523685360,gvhmr_incam,1.000000,gvhmr_smplx_contact_site_provider
201,8.333333,left_foot,foot,left,0.464365125,0.653153598,4.781826973,gvhmr_incam,1.000000,gvhmr_smplx_contact_site_provider
201,8.333333,right_foot,foot,right,-0.034833238,0.667399406,4.790439606,gvhmr_incam,1.000000,gvhmr_smplx_contact_site_provider
202,8.375000,left_hand,hand,left,0.205051458,-0.355082870,4.427768517,gvhmr_incam,1.000000,gvhmr_smplx_contact_site_provider
202,8.375000,right_hand,hand,right,0.024312124,-0.372823429,4.521795750,gvhmr_incam,1.000000,gvhmr_smplx_contact_site_provider
202,8.375000,left_foot,foot,left,0.461877078,0.654246807,4.781779766,gvhmr_incam,1.000000,gvhmr_smplx_contact_site_provider
202,8.375000,right_foot,foot,right,-0.036296844,0.667175651,4.790522575,gvhmr_incam,1.000000,gvhmr_smplx_contact_site_provider
203,8.416667,left_hand,hand,left,0.184487525,-0.356723619,4.422674847,gvhmr_incam,1.000000,gvhmr_smplx_contact_site_provider
203,8.416667,right_hand,hand,right,0.002821246,-0.372927022,4.519901085,gvhmr_incam,1.000000,gvhmr_smplx_contact_site_provider
203,8.416667,left_foot,foot,left,0.456967831,0.655857682,4.785730362,gvhmr_incam,1.000000,gvhmr_smplx_contact_site_provider
203,8.416667,right_foot,foot,right,-0.037392437,0.666961312,4.792171001,gvhmr_incam,1.000000,gvhmr_smplx_contact_site_provider
204,8.458333,left_hand,hand,left,0.168150550,-0.358846021,4.415599728,gvhmr_incam,1.000000,gvhmr_smplx_contact_site_provider
204,8.458333,right_hand,hand,right,-0.012721157,-0.372460306,4.514836693,gvhmr_incam,1.000000,gvhmr_smplx_contact_site_provider
204,8.458333,left_foot,foot,left,0.447501749,0.658453763,4.792293072,gvhmr_incam,1.000000,gvhmr_smplx_contact_site_provider
204,8.458333,right_foot,foot,right,-0.035737991,0.667132258,4.794599533,gvhmr_incam,1.000000,gvhmr_smplx_contact_site_provider
205,8.500000,left_hand,hand,left,0.153279778,-0.360828328,4.408402538,gvhmr_incam,1.000000,gvhmr_smplx_contact_site_provider
205,8.500000,right_hand,hand,right,-0.027518296,-0.373632854,4.503382778,gvhmr_incam,1.000000,gvhmr_smplx_contact_site_provider
205,8.500000,left_foot,foot,left,0.433328420,0.651255131,4.794116974,gvhmr_incam,1.000000,gvhmr_smplx_contact_site_provider
205,8.500000,right_foot,foot,right,-0.034661800,0.666494727,4.795823574,gvhmr_incam,1.000000,gvhmr_smplx_contact_site_provider
206,8.541667,left_hand,hand,left,0.143661246,-0.361773968,4.401339149,gvhmr_incam,1.000000,gvhmr_smplx_contact_site_provider
206,8.541667,right_hand,hand,right,-0.038970381,-0.374588561,4.489997959,gvhmr_incam,1.000000,gvhmr_smplx_contact_site_provider
206,8.541667,left_foot,foot,left,0.413095713,0.639736176,4.787137985,gvhmr_incam,1.000000,gvhmr_smplx_contact_site_provider
206,8.541667,right_foot,foot,right,-0.032707974,0.665358067,4.798216343,gvhmr_incam,1.000000,gvhmr_smplx_contact_site_provider
207,8.583333,left_hand,hand,left,0.138492064,-0.361326087,4.389765644,gvhmr_incam,1.000000,gvhmr_smplx_contact_site_provider
207,8.583333,right_hand,hand,right,-0.045725265,-0.375646520,4.470263577,gvhmr_incam,1.000000,gvhmr_smplx_contact_site_provider
207,8.583333,left_foot,foot,left,0.386751652,0.633224308,4.760828018,gvhmr_incam,1.000000,gvhmr_smplx_contact_site_provider
207,8.583333,right_foot,foot,right,-0.030342564,0.665457606,4.794307709,gvhmr_incam,1.000000,gvhmr_smplx_contact_site_provider
208,8.625000,left_hand,hand,left,0.133338001,-0.360411167,4.380011845,gvhmr_incam,1.000000,gvhmr_smplx_contact_site_provider
208,8.625000,right_hand,hand,right,-0.050702025,-0.378034961,4.448830986,gvhmr_incam,1.000000,gvhmr_smplx_contact_site_provider
208,8.625000,left_foot,foot,left,0.353875667,0.632167041,4.724499226,gvhmr_incam,1.000000,gvhmr_smplx_contact_site_provider
208,8.625000,right_foot,foot,right,-0.030657507,0.665956140,4.791128635,gvhmr_incam,1.000000,gvhmr_smplx_contact_site_provider
209,8.666667,left_hand,hand,left,0.131969868,-0.359399039,4.369478321,gvhmr_incam,1.000000,gvhmr_smplx_contact_site_provider
209,8.666667,right_hand,hand,right,-0.050603870,-0.383225346,4.422615337,gvhmr_incam,1.000000,gvhmr_smplx_contact_site_provider
209,8.666667,left_foot,foot,left,0.317931622,0.638626337,4.672244072,gvhmr_incam,1.000000,gvhmr_smplx_contact_site_provider
209,8.666667,right_foot,foot,right,-0.031452283,0.666503549,4.788884163,gvhmr_incam,1.000000,gvhmr_smplx_contact_site_provider
210,8.708333,left_hand,hand,left,0.131344131,-0.357355428,4.360641575,gvhmr_incam,1.000000,gvhmr_smplx_contact_site_provider
210,8.708333,right_hand,hand,right,-0.049152322,-0.387832773,4.396978855,gvhmr_incam,1.000000,gvhmr_smplx_contact_site_provider
210,8.708333,left_foot,foot,left,0.277491868,0.649227858,4.612622738,gvhmr_incam,1.000000,gvhmr_smplx_contact_site_provider
210,8.708333,right_foot,foot,right,-0.031773217,0.666995823,4.787525177,gvhmr_incam,1.000000,gvhmr_smplx_contact_site_provider
211,8.750000,left_hand,hand,left,0.136444210,-0.354344213,4.355683613,gvhmr_incam,1.000000,gvhmr_smplx_contact_site_provider
211,8.750000,right_hand,hand,right,-0.044029362,-0.392428708,4.374708652,gvhmr_incam,1.000000,gvhmr_smplx_contact_site_provider
211,8.750000,left_foot,foot,left,0.237304896,0.661326051,4.545869350,gvhmr_incam,1.000000,gvhmr_smplx_contact_site_provider
211,8.750000,right_foot,foot,right,-0.032668851,0.665912151,4.791526794,gvhmr_incam,1.000000,gvhmr_smplx_contact_site_provider
212,8.791667,left_hand,hand,left,0.142947465,-0.351083744,4.354937172,gvhmr_incam,1.000000,gvhmr_smplx_contact_site_provider
212,8.791667,right_hand,hand,right,-0.038373935,-0.393770176,4.358185196,gvhmr_incam,1.000000,gvhmr_smplx_contact_site_provider
212,8.791667,left_foot,foot,left,0.198700711,0.671023369,4.475637913,gvhmr_incam,1.000000,gvhmr_smplx_contact_site_provider
212,8.791667,right_foot,foot,right,-0.033253074,0.664156675,4.797821999,gvhmr_incam,1.000000,gvhmr_smplx_contact_site_provider
213,8.833333,left_hand,hand,left,0.150916794,-0.345938891,4.350786686,gvhmr_incam,1.000000,gvhmr_smplx_contact_site_provider
213,8.833333,right_hand,hand,right,-0.031686126,-0.393962336,4.338801479,gvhmr_incam,1.000000,gvhmr_smplx_contact_site_provider
213,8.833333,left_foot,foot,left,0.164143175,0.674354732,4.400289059,gvhmr_incam,1.000000,gvhmr_smplx_contact_site_provider
213,8.833333,right_foot,foot,right,-0.034005050,0.662375927,4.798381805,gvhmr_incam,1.000000,gvhmr_smplx_contact_site_provider
214,8.875000,left_hand,hand,left,0.162122241,-0.339233989,4.342703915,gvhmr_incam,1.000000,gvhmr_smplx_contact_site_provider
214,8.875000,right_hand,hand,right,-0.026119316,-0.390557641,4.318650246,gvhmr_incam,1.000000,gvhmr_smplx_contact_site_provider
214,8.875000,left_foot,foot,left,0.132108793,0.673128009,4.338008881,gvhmr_incam,1.000000,gvhmr_smplx_contact_site_provider
214,8.875000,right_foot,foot,right,-0.036281917,0.661170244,4.798399925,gvhmr_incam,1.000000,gvhmr_smplx_contact_site_provider
215,8.916667,left_hand,hand,left,0.171175188,-0.333827454,4.333062744,gvhmr_incam,1.000000,gvhmr_smplx_contact_site_provider
215,8.916667,right_hand,hand,right,-0.020011403,-0.388182181,4.300184727,gvhmr_incam,1.000000,gvhmr_smplx_contact_site_provider
215,8.916667,left_foot,foot,left,0.106885813,0.668802857,4.286903381,gvhmr_incam,1.000000,gvhmr_smplx_contact_site_provider
215,8.916667,right_foot,foot,right,-0.036420576,0.660346508,4.796624660,gvhmr_incam,1.000000,gvhmr_smplx_contact_site_provider
216,8.958333,left_hand,hand,left,0.179366326,-0.323465574,4.325611305,gvhmr_incam,1.000000,gvhmr_smplx_contact_site_provider
216,8.958333,right_hand,hand,right,-0.014532231,-0.383408004,4.284863758,gvhmr_incam,1.000000,gvhmr_smplx_contact_site_provider
216,8.958333,left_foot,foot,left,0.085626602,0.667935371,4.256029129,gvhmr_incam,1.000000,gvhmr_smplx_contact_site_provider
216,8.958333,right_foot,foot,right,-0.037004974,0.660571933,4.800969601,gvhmr_incam,1.000000,gvhmr_smplx_contact_site_provider
217,9.000000,left_hand,hand,left,0.181594825,-0.312210369,4.314512920,gvhmr_incam,1.000000,gvhmr_smplx_contact_site_provider
217,9.000000,right_hand,hand,right,-0.010642838,-0.377533412,4.268025208,gvhmr_incam,1.000000,gvhmr_smplx_contact_site_provider
217,9.000000,left_foot,foot,left,0.067465931,0.673360646,4.238422394,gvhmr_incam,1.000000,gvhmr_smplx_contact_site_provider
217,9.000000,right_foot,foot,right,-0.039120354,0.662927449,4.803118706,gvhmr_incam,1.000000,gvhmr_smplx_contact_site_provider
218,9.041667,left_hand,hand,left,0.184951720,-0.299750280,4.293825722,gvhmr_incam,1.000000,gvhmr_smplx_contact_site_provider
218,9.041667,right_hand,hand,right,-0.008929048,-0.368975067,4.244828892,gvhmr_incam,1.000000,gvhmr_smplx_contact_site_provider
218,9.041667,left_foot,foot,left,0.055014014,0.685976923,4.229634285,gvhmr_incam,1.000000,gvhmr_smplx_contact_site_provider
218,9.041667,right_foot,foot,right,-0.038948461,0.665094554,4.805335045,gvhmr_incam,1.000000,gvhmr_smplx_contact_site_provider
219,9.083333,left_hand,hand,left,0.186158606,-0.291060120,4.273620987,gvhmr_incam,1.000000,gvhmr_smplx_contact_site_provider
219,9.083333,right_hand,hand,right,-0.008839737,-0.361786115,4.224996853,gvhmr_incam,1.000000,gvhmr_smplx_contact_site_provider
219,9.083333,left_foot,foot,left,0.047879092,0.699031532,4.230246544,gvhmr_incam,1.000000,gvhmr_smplx_contact_site_provider
219,9.083333,right_foot,foot,right,-0.037835754,0.666872561,4.811472893,gvhmr_incam,1.000000,gvhmr_smplx_contact_site_provider
220,9.125000,left_hand,hand,left,0.183947408,-0.284287030,4.247809315,gvhmr_incam,1.000000,gvhmr_smplx_contact_site_provider
220,9.125000,right_hand,hand,right,-0.012630327,-0.354740614,4.203566933,gvhmr_incam,1.000000,gvhmr_smplx_contact_site_provider
220,9.125000,left_foot,foot,left,0.044463370,0.711876512,4.234216690,gvhmr_incam,1.000000,gvhmr_smplx_contact_site_provider
220,9.125000,right_foot,foot,right,-0.038461193,0.669257164,4.815274239,gvhmr_incam,1.000000,gvhmr_smplx_contact_site_provider
221,9.166667,left_hand,hand,left,0.177387381,-0.281218678,4.224743271,gvhmr_incam,1.000000,gvhmr_smplx_contact_site_provider
221,9.166667,right_hand,hand,right,-0.018428260,-0.352544194,4.186436558,gvhmr_incam,1.000000,gvhmr_smplx_contact_site_provider
221,9.166667,left_foot,foot,left,0.043988023,0.718735337,4.240380764,gvhmr_incam,1.000000,gvhmr_smplx_contact_site_provider
221,9.166667,right_foot,foot,right,-0.038221776,0.672205806,4.819838524,gvhmr_incam,1.000000,gvhmr_smplx_contact_site_provider
222,9.208333,left_hand,hand,left,0.166803572,-0.283075050,4.203264904,gvhmr_incam,1.000000,gvhmr_smplx_contact_site_provider
222,9.208333,right_hand,hand,right,-0.026719077,-0.353749037,4.174066830,gvhmr_incam,1.000000,gvhmr_smplx_contact_site_provider
222,9.208333,left_foot,foot,left,0.041757576,0.720692933,4.249856472,gvhmr_incam,1.000000,gvhmr_smplx_contact_site_provider
222,9.208333,right_foot,foot,right,-0.039654039,0.674765468,4.831168652,gvhmr_incam,1.000000,gvhmr_smplx_contact_site_provider
223,9.250000,left_hand,hand,left,0.155242157,-0.287263399,4.177340412,gvhmr_incam,1.000000,gvhmr_smplx_contact_site_provider
223,9.250000,right_hand,hand,right,-0.038940485,-0.357280606,4.161619186,gvhmr_incam,1.000000,gvhmr_smplx_contact_site_provider
223,9.250000,left_foot,foot,left,0.043737140,0.721927941,4.258523941,gvhmr_incam,1.000000,gvhmr_smplx_contact_site_provider
223,9.250000,right_foot,foot,right,-0.035876162,0.673096836,4.841588497,gvhmr_incam,1.000000,gvhmr_smplx_contact_site_provider
224,9.291667,left_hand,hand,left,0.140469319,-0.293876189,4.153925133,gvhmr_incam,1.000000,gvhmr_smplx_contact_site_provider
224,9.291667,right_hand,hand,right,-0.054423121,-0.362695116,4.153847504,gvhmr_incam,1.000000,gvhmr_smplx_contact_site_provider
224,9.291667,left_foot,foot,left,0.043140698,0.722828507,4.273333549,gvhmr_incam,1.000000,gvhmr_smplx_contact_site_provider
224,9.291667,right_foot,foot,right,-0.038378149,0.661381066,4.845064163,gvhmr_incam,1.000000,gvhmr_smplx_contact_site_provider
225,9.333333,left_hand,hand,left,0.125412333,-0.298333317,4.115383625,gvhmr_incam,1.000000,gvhmr_smplx_contact_site_provider
225,9.333333,right_hand,hand,right,-0.071116245,-0.365288669,4.135408401,gvhmr_incam,1.000000,gvhmr_smplx_contact_site_provider
225,9.333333,left_foot,foot,left,0.043302402,0.726817071,4.275808334,gvhmr_incam,1.000000,gvhmr_smplx_contact_site_provider
225,9.333333,right_foot,foot,right,-0.043250449,0.647368610,4.818521976,gvhmr_incam,1.000000,gvhmr_smplx_contact_site_provider
226,9.375000,left_hand,hand,left,0.109711683,-0.303814840,4.074732685,gvhmr_incam,1.000000,gvhmr_smplx_contact_site_provider
226,9.375000,right_hand,hand,right,-0.090055326,-0.365262175,4.116111660,gvhmr_incam,1.000000,gvhmr_smplx_contact_site_provider
226,9.375000,left_foot,foot,left,0.042381130,0.730525315,4.277809620,gvhmr_incam,1.000000,gvhmr_smplx_contact_site_provider
226,9.375000,right_foot,foot,right,-0.056676380,0.640013754,4.767154217,gvhmr_incam,1.000000,gvhmr_smplx_contact_site_provider
227,9.416667,left_hand,hand,left,0.093785906,-0.311181438,4.029340649,gvhmr_incam,1.000000,gvhmr_smplx_contact_site_provider
227,9.416667,right_hand,hand,right,-0.110981798,-0.365147400,4.092736340,gvhmr_incam,1.000000,gvhmr_smplx_contact_site_provider
227,9.416667,left_foot,foot,left,0.040669926,0.734229028,4.272258759,gvhmr_incam,1.000000,gvhmr_smplx_contact_site_provider
227,9.416667,right_foot,foot,right,-0.079893991,0.641679645,4.692252159,gvhmr_incam,1.000000,gvhmr_smplx_contact_site_provider
228,9.458333,left_hand,hand,left,0.076842490,-0.322436196,4.002673626,gvhmr_incam,1.000000,gvhmr_smplx_contact_site_provider
228,9.458333,right_hand,hand,right,-0.129329826,-0.364624417,4.086625290,gvhmr_incam,1.000000,gvhmr_smplx_contact_site_provider
228,9.458333,left_foot,foot,left,0.039374568,0.733932614,4.280772686,gvhmr_incam,1.000000,gvhmr_smplx_contact_site_provider
228,9.458333,right_foot,foot,right,-0.111638784,0.651075184,4.616281509,gvhmr_incam,1.000000,gvhmr_smplx_contact_site_provider
229,9.500000,left_hand,hand,left,0.061499834,-0.335100186,3.978638363,gvhmr_incam,1.000000,gvhmr_smplx_contact_site_provider
229,9.500000,right_hand,hand,right,-0.144371745,-0.362304866,4.081255436,gvhmr_incam,1.000000,gvhmr_smplx_contact_site_provider
229,9.500000,left_foot,foot,left,0.040581077,0.733234167,4.290412426,gvhmr_incam,1.000000,gvhmr_smplx_contact_site_provider
229,9.500000,right_foot,foot,right,-0.143824205,0.670150280,4.528290272,gvhmr_incam,1.000000,gvhmr_smplx_contact_site_provider
230,9.541667,left_hand,hand,left,0.043215442,-0.346632630,3.961917591,gvhmr_incam,1.000000,gvhmr_smplx_contact_site_provider
230,9.541667,right_hand,hand,right,-0.160317007,-0.360664839,4.080233097,gvhmr_incam,1.000000,gvhmr_smplx_contact_site_provider
230,9.541667,left_foot,foot,left,0.040587291,0.731453598,4.300728321,gvhmr_incam,1.000000,gvhmr_smplx_contact_site_provider
230,9.541667,right_foot,foot,right,-0.179156378,0.692246675,4.439594746,gvhmr_incam,1.000000,gvhmr_smplx_contact_site_provider
231,9.583333,left_hand,hand,left,0.025020595,-0.356082582,3.943721247,gvhmr_incam,1.000000,gvhmr_smplx_contact_site_provider
231,9.583333,right_hand,hand,right,-0.174321151,-0.359384704,4.073722458,gvhmr_incam,1.000000,gvhmr_smplx_contact_site_provider
231,9.583333,left_foot,foot,left,0.039849136,0.730283618,4.306032181,gvhmr_incam,1.000000,gvhmr_smplx_contact_site_provider
231,9.583333,right_foot,foot,right,-0.211929902,0.715071201,4.344327927,gvhmr_incam,1.000000,gvhmr_smplx_contact_site_provider
232,9.625000,left_hand,hand,left,0.008086724,-0.361323202,3.929392195,gvhmr_incam,1.000000,gvhmr_smplx_contact_site_provider
232,9.625000,right_hand,hand,right,-0.186338750,-0.357802522,4.068369007,gvhmr_incam,1.000000,gvhmr_smplx_contact_site_provider
232,9.625000,left_foot,foot,left,0.039469469,0.729448259,4.311382771,gvhmr_incam,1.000000,gvhmr_smplx_contact_site_provider
232,9.625000,right_foot,foot,right,-0.240267932,0.733965695,4.237113476,gvhmr_incam,1.000000,gvhmr_smplx_contact_site_provider
233,9.666667,left_hand,hand,left,-0.004748050,-0.362662423,3.916972446,gvhmr_incam,1.000000,gvhmr_smplx_contact_site_provider
233,9.666667,right_hand,hand,right,-0.194662496,-0.352562726,4.058770084,gvhmr_incam,1.000000,gvhmr_smplx_contact_site_provider
233,9.666667,left_foot,foot,left,0.036369082,0.729219019,4.317412853,gvhmr_incam,1.000000,gvhmr_smplx_contact_site_provider
233,9.666667,right_foot,foot,right,-0.259247243,0.740643322,4.135033131,gvhmr_incam,1.000000,gvhmr_smplx_contact_site_provider
234,9.708333,left_hand,hand,left,-0.011211283,-0.360286009,3.909112883,gvhmr_incam,1.000000,gvhmr_smplx_contact_site_provider
234,9.708333,right_hand,hand,right,-0.197856632,-0.345465702,4.049665260,gvhmr_incam,1.000000,gvhmr_smplx_contact_site_provider
234,9.708333,left_foot,foot,left,0.036089212,0.731103241,4.322681904,gvhmr_incam,1.000000,gvhmr_smplx_contact_site_provider
234,9.708333,right_foot,foot,right,-0.267771751,0.740592539,4.060629368,gvhmr_incam,1.000000,gvhmr_smplx_contact_site_provider
235,9.750000,left_hand,hand,left,-0.014408553,-0.354499209,3.904357767,gvhmr_incam,1.000000,gvhmr_smplx_contact_site_provider
235,9.750000,right_hand,hand,right,-0.198979354,-0.340093106,4.037070942,gvhmr_incam,1.000000,gvhmr_smplx_contact_site_provider
235,9.750000,left_foot,foot,left,0.032568604,0.733301282,4.320884228,gvhmr_incam,1.000000,gvhmr_smplx_contact_site_provider
235,9.750000,right_foot,foot,right,-0.266154647,0.742971539,4.016792297,gvhmr_incam,1.000000,gvhmr_smplx_contact_site_provider
236,9.791667,left_hand,hand,left,-0.014289476,-0.342561871,3.891705227,gvhmr_incam,1.000000,gvhmr_smplx_contact_site_provider
236,9.791667,right_hand,hand,right,-0.199853361,-0.330140424,4.012175465,gvhmr_incam,1.000000,gvhmr_smplx_contact_site_provider
236,9.791667,left_foot,foot,left,0.031225283,0.737374067,4.321273327,gvhmr_incam,1.000000,gvhmr_smplx_contact_site_provider
236,9.791667,right_foot,foot,right,-0.262132257,0.753742337,3.996164560,gvhmr_incam,1.000000,gvhmr_smplx_contact_site_provider
237,9.833333,left_hand,hand,left,-0.014747661,-0.330789655,3.872831631,gvhmr_incam,1.000000,gvhmr_smplx_contact_site_provider
237,9.833333,right_hand,hand,right,-0.199005130,-0.325570524,3.979232740,gvhmr_incam,1.000000,gvhmr_smplx_contact_site_provider
237,9.833333,left_foot,foot,left,0.030876871,0.739637792,4.301380157,gvhmr_incam,1.000000,gvhmr_smplx_contact_site_provider
237,9.833333,right_foot,foot,right,-0.259037644,0.765028417,3.988996029,gvhmr_incam,1.000000,gvhmr_smplx_contact_site_provider
238,9.875000,left_hand,hand,left,-0.014606500,-0.318617159,3.859941292,gvhmr_incam,1.000000,gvhmr_smplx_contact_site_provider
238,9.875000,right_hand,hand,right,-0.194911346,-0.325671756,3.947985125,gvhmr_incam,1.000000,gvhmr_smplx_contact_site_provider
238,9.875000,left_foot,foot,left,0.031989366,0.741019487,4.295435905,gvhmr_incam,1.000000,gvhmr_smplx_contact_site_provider
238,9.875000,right_foot,foot,right,-0.258055866,0.772074461,3.988492250,gvhmr_incam,1.000000,gvhmr_smplx_contact_site_provider
239,9.916667,left_hand,hand,left,-0.013476378,-0.309499204,3.856042814,gvhmr_incam,1.000000,gvhmr_smplx_contact_site_provider
239,9.916667,right_hand,hand,right,-0.191809827,-0.331880665,3.923643970,gvhmr_incam,1.000000,gvhmr_smplx_contact_site_provider
239,9.916667,left_foot,foot,left,0.033947073,0.741303623,4.293543816,gvhmr_incam,1.000000,gvhmr_smplx_contact_site_provider
239,9.916667,right_foot,foot,right,-0.258047521,0.772776723,3.988643646,gvhmr_incam,1.000000,gvhmr_smplx_contact_site_provider
240,9.958333,left_hand,hand,left,-0.013420096,-0.303184736,3.855937481,gvhmr_incam,1.000000,gvhmr_smplx_contact_site_provider
240,9.958333,right_hand,hand,right,-0.190672153,-0.336256468,3.903737116,gvhmr_incam,1.000000,gvhmr_smplx_contact_site_provider
240,9.958333,left_foot,foot,left,0.037099443,0.744455457,4.292212486,gvhmr_incam,1.000000,gvhmr_smplx_contact_site_provider
240,9.958333,right_foot,foot,right,-0.260905355,0.770551562,3.995179415,gvhmr_incam,1.000000,gvhmr_smplx_contact_site_provider
