o mesh
v 0.040000 0.000000 0.000000
v 0.037588 0.013681 0.000000
v 0.030642 0.025712 0.000000
v 0.020000 0.034641 0.000000
v 0.006946 0.039392 0.000000
v -0.006946 0.039392 0.000000
v -0.020000 0.034641 0.000000
v -0.030642 0.025712 0.000000
v -0.037588 0.013681 0.000000
v -0.040000 0.000000 0.000000
v -0.037588 -0.013681 0.000000
v -0.030642 -0.025712 0.000000
v -0.020000 -0.034641 0.000000
v -0.006946 -0.039392 0.000000
v 0.006946 -0.039392 0.000000
v 0.020000 -0.034641 0.000000
v 0.030642 -0.025712 0.000000
v 0.037588 -0.013681 0.000000
v 0.040000 -0.000000 0.000000
v 0.039994 0.000000 0.000196
v 0.037582 0.013679 0.000196
v 0.030637 0.025707 0.000196
v 0.019997 0.034635 0.000196
v 0.006945 0.039386 0.000196
v -0.006945 0.039386 0.000196
v -0.019997 0.034635 0.000196
v -0.030637 0.025707 0.000196
v -0.037582 0.013679 0.000196
v -0.039994 0.000000 0.000196
v -0.037582 -0.013679 0.000196
v -0.030637 -0.025707 0.000196
v -0.019997 -0.034635 0.000196
v -0.006945 -0.039386 0.000196
v 0.006945 -0.039386 0.000196
v 0.019997 -0.034635 0.000196
v 0.030637 -0.025707 0.000196
v 0.037582 -0.013679 0.000196
v 0.039994 -0.000000 0.000196
v 0.039974 0.000000 0.000392
v 0.037564 0.013672 0.000392
v 0.030622 0.025695 0.000392
v 0.019987 0.034619 0.000392
v 0.006941 0.039367 0.000392
v -0.006941 0.039367 0.000392
v -0.019987 0.034619 0.000392
v -0.030622 0.025695 0.000392
v -0.037564 0.013672 0.000392
v -0.039974 0.000000 0.000392
v -0.037564 -0.013672 0.000392
v -0.030622 -0.025695 0.000392
v -0.019987 -0.034619 0.000392
v -0.006941 -0.039367 0.000392
v 0.006941 -0.039367 0.000392
v 0.019987 -0.034619 0.000392
v 0.030622 -0.025695 0.000392
v 0.037564 -0.013672 0.000392
v 0.039974 -0.000000 0.000392
v 0.039942 0.000000 0.000585
v 0.037534 0.013661 0.000585
v 0.030598 0.025674 0.000585
v 0.019971 0.034591 0.000585
v 0.006936 0.039336 0.000585
v -0.006936 0.039336 0.000585
v -0.019971 0.034591 0.000585
v -0.030598 0.025674 0.000585
v -0.037534 0.013661 0.000585
v -0.039942 0.000000 0.000585
v -0.037534 -0.013661 0.000585
v -0.030598 -0.025674 0.000585
v -0.019971 -0.034591 0.000585
v -0.006936 -0.039336 0.000585
v 0.006936 -0.039336 0.000585
v 0.019971 -0.034591 0.000585
v 0.030598 -0.025674 0.000585
v 0.037534 -0.013661 0.000585
v 0.039942 -0.000000 0.000585
v 0.039898 0.000000 0.000776
v 0.037492 0.013646 0.000776
v 0.030563 0.025646 0.000776
v 0.019949 0.034552 0.000776
v 0.006928 0.039292 0.000776
v -0.006928 0.039292 0.000776
v -0.019949 0.034552 0.000776
v -0.030563 0.025646 0.000776
v -0.037492 0.013646 0.000776
v -0.039898 0.000000 0.000776
v -0.037492 -0.013646 0.000776
v -0.030563 -0.025646 0.000776
v -0.019949 -0.034552 0.000776
v -0.006928 -0.039292 0.000776
v 0.006928 -0.039292 0.000776
v 0.019949 -0.034552 0.000776
v 0.030563 -0.025646 0.000776
v 0.037492 -0.013646 0.000776
v 0.039898 -0.000000 0.000776
v 0.039841 0.000000 0.000964
v 0.037438 0.013626 0.000964
v 0.030520 0.025609 0.000964
v 0.019920 0.034503 0.000964
v 0.006918 0.039236 0.000964
v -0.006918 0.039236 0.000964
v -0.019920 0.034503 0.000964
v -0.030520 0.025609 0.000964
v -0.037438 0.013626 0.000964
v -0.039841 0.000000 0.000964
v -0.037438 -0.013626 0.000964
v -0.030520 -0.025609 0.000964
v -0.019920 -0.034503 0.000964
v -0.006918 -0.039236 0.000964
v 0.006918 -0.039236 0.000964
v 0.019920 -0.034503 0.000964
v 0.030520 -0.025609 0.000964
v 0.037438 -0.013626 0.000964
v 0.039841 -0.000000 0.000964
v 0.039772 0.000000 0.001148
v 0.037373 0.013603 0.001148
v 0.030467 0.025565 0.001148
v 0.019886 0.034443 0.001148
v 0.006906 0.039167 0.001148
v -0.006906 0.039167 0.001148
v -0.019886 0.034443 0.001148
v -0.030467 0.025565 0.001148
v -0.037373 0.013603 0.001148
v -0.039772 0.000000 0.001148
v -0.037373 -0.013603 0.001148
v -0.030467 -0.025565 0.001148
v -0.019886 -0.034443 0.001148
v -0.006906 -0.039167 0.001148
v 0.006906 -0.039167 0.001148
v 0.019886 -0.034443 0.001148
v 0.030467 -0.025565 0.001148
v 0.037373 -0.013603 0.001148
v 0.039772 -0.000000 0.001148
v 0.039691 0.000000 0.001327
v 0.037297 0.013575 0.001327
v 0.030405 0.025513 0.001327
v 0.019845 0.034373 0.001327
v 0.006892 0.039088 0.001327
v -0.006892 0.039088 0.001327
v -0.019845 0.034373 0.001327
v -0.030405 0.025513 0.001327
v -0.037297 0.013575 0.001327
v -0.039691 0.000000 0.001327
v -0.037297 -0.013575 0.001327
v -0.030405 -0.025513 0.001327
v -0.019845 -0.034373 0.001327
v -0.006892 -0.039088 0.001327
v 0.006892 -0.039088 0.001327
v 0.019845 -0.034373 0.001327
v 0.030405 -0.025513 0.001327
v 0.037297 -0.013575 0.001327
v 0.039691 -0.000000 0.001327
v 0.039598 0.000000 0.001500
v 0.037210 0.013543 0.001500
v 0.030334 0.025453 0.001500
v 0.019799 0.034293 0.001500
v 0.006876 0.038996 0.001500
v -0.006876 0.038996 0.001500
v -0.019799 0.034293 0.001500
v -0.030334 0.025453 0.001500
v -0.037210 0.013543 0.001500
v -0.039598 0.000000 0.001500
v -0.037210 -0.013543 0.001500
v -0.030334 -0.025453 0.001500
v -0.019799 -0.034293 0.001500
v -0.006876 -0.038996 0.001500
v 0.006876 -0.038996 0.001500
v 0.019799 -0.034293 0.001500
v 0.030334 -0.025453 0.001500
v 0.037210 -0.013543 0.001500
v 0.039598 -0.000000 0.001500
v 0.039494 0.000000 0.001667
v 0.037113 0.013508 0.001667
v 0.030254 0.025387 0.001667
v 0.019747 0.034203 0.001667
v 0.006858 0.038894 0.001667
v -0.006858 0.038894 0.001667
v -0.019747 0.034203 0.001667
v -0.030254 0.025387 0.001667
v -0.037113 0.013508 0.001667
v -0.039494 0.000000 0.001667
v -0.037113 -0.013508 0.001667
v -0.030254 -0.025387 0.001667
v -0.019747 -0.034203 0.001667
v -0.006858 -0.038894 0.001667
v 0.006858 -0.038894 0.001667
v 0.019747 -0.034203 0.001667
v 0.030254 -0.025387 0.001667
v 0.037113 -0.013508 0.001667
v 0.039494 -0.000000 0.001667
v 0.039380 0.000000 0.001826
v 0.037005 0.013469 0.001826
v 0.030167 0.025313 0.001826
v 0.019690 0.034104 0.001826
v 0.006838 0.038782 0.001826
v -0.006838 0.038782 0.001826
v -0.019690 0.034104 0.001826
v -0.030167 0.025313 0.001826
v -0.037005 0.013469 0.001826
v -0.039380 0.000000 0.001826
v -0.037005 -0.013469 0.001826
v -0.030167 -0.025313 0.001826
v -0.019690 -0.034104 0.001826
v -0.006838 -0.038782 0.001826
v 0.006838 -0.038782 0.001826
v 0.019690 -0.034104 0.001826
v 0.030167 -0.025313 0.001826
v 0.037005 -0.013469 0.001826
v 0.039380 -0.000000 0.001826
v 0.039256 0.000000 0.001978
v 0.036888 0.013426 0.001978
v 0.030071 0.025233 0.001978
v 0.019628 0.033996 0.001978
v 0.006817 0.038659 0.001978
v -0.006817 0.038659 0.001978
v -0.019628 0.033996 0.001978
v -0.030071 0.025233 0.001978
v -0.036888 0.013426 0.001978
v -0.039256 0.000000 0.001978
v -0.036888 -0.013426 0.001978
v -0.030071 -0.025233 0.001978
v -0.019628 -0.033996 0.001978
v -0.006817 -0.038659 0.001978
v 0.006817 -0.038659 0.001978
v 0.019628 -0.033996 0.001978
v 0.030071 -0.025233 0.001978
v 0.036888 -0.013426 0.001978
v 0.039256 -0.000000 0.001978
v 0.039121 0.000000 0.002121
v 0.036762 0.013380 0.002121
v 0.029969 0.025147 0.002121
v 0.019561 0.033880 0.002121
v 0.006793 0.038527 0.002121
v -0.006793 0.038527 0.002121
v -0.019561 0.033880 0.002121
v -0.029969 0.025147 0.002121
v -0.036762 0.013380 0.002121
v -0.039121 0.000000 0.002121
v -0.036762 -0.013380 0.002121
v -0.029969 -0.025147 0.002121
v -0.019561 -0.033880 0.002121
v -0.006793 -0.038527 0.002121
v 0.006793 -0.038527 0.002121
v 0.019561 -0.033880 0.002121
v 0.029969 -0.025147 0.002121
v 0.036762 -0.013380 0.002121
v 0.039121 -0.000000 0.002121
v 0.038978 0.000000 0.002256
v 0.036627 0.013331 0.002256
v 0.029859 0.025055 0.002256
v 0.019489 0.033756 0.002256
v 0.006768 0.038386 0.002256
v -0.006768 0.038386 0.002256
v -0.019489 0.033756 0.002256
v -0.029859 0.025055 0.002256
v -0.036627 0.013331 0.002256
v -0.038978 0.000000 0.002256
v -0.036627 -0.013331 0.002256
v -0.029859 -0.025055 0.002256
v -0.019489 -0.033756 0.002256
v -0.006768 -0.038386 0.002256
v 0.006768 -0.038386 0.002256
v 0.019489 -0.033756 0.002256
v 0.029859 -0.025055 0.002256
v 0.036627 -0.013331 0.002256
v 0.038978 -0.000000 0.002256
v 0.038826 0.000000 0.002380
v 0.036485 0.013279 0.002380
v 0.029743 0.024957 0.002380
v 0.019413 0.033625 0.002380
v 0.006742 0.038236 0.002380
v -0.006742 0.038236 0.002380
v -0.019413 0.033625 0.002380
v -0.029743 0.024957 0.002380
v -0.036485 0.013279 0.002380
v -0.038826 0.000000 0.002380
v -0.036485 -0.013279 0.002380
v -0.029743 -0.024957 0.002380
v -0.019413 -0.033625 0.002380
v -0.006742 -0.038236 0.002380
v 0.006742 -0.038236 0.002380
v 0.019413 -0.033625 0.002380
v 0.029743 -0.024957 0.002380
v 0.036485 -0.013279 0.002380
v 0.038826 -0.000000 0.002380
v 0.038667 0.000000 0.002494
v 0.036335 0.013225 0.002494
v 0.029620 0.024854 0.002494
v 0.019333 0.033486 0.002494
v 0.006714 0.038079 0.002494
v -0.006714 0.038079 0.002494
v -0.019333 0.033486 0.002494
v -0.029620 0.024854 0.002494
v -0.036335 0.013225 0.002494
v -0.038667 0.000000 0.002494
v -0.036335 -0.013225 0.002494
v -0.029620 -0.024854 0.002494
v -0.019333 -0.033486 0.002494
v -0.006714 -0.038079 0.002494
v 0.006714 -0.038079 0.002494
v 0.019333 -0.033486 0.002494
v 0.029620 -0.024854 0.002494
v 0.036335 -0.013225 0.002494
v 0.038667 -0.000000 0.002494
v 0.038500 0.000000 0.002598
v 0.036178 0.013168 0.002598
v 0.029493 0.024747 0.002598
v 0.019250 0.033342 0.002598
v 0.006685 0.037915 0.002598
v -0.006685 0.037915 0.002598
v -0.019250 0.033342 0.002598
v -0.029493 0.024747 0.002598
v -0.036178 0.013168 0.002598
v -0.038500 0.000000 0.002598
v -0.036178 -0.013168 0.002598
v -0.029493 -0.024747 0.002598
v -0.019250 -0.033342 0.002598
v -0.006685 -0.037915 0.002598
v 0.006685 -0.037915 0.002598
v 0.019250 -0.033342 0.002598
v 0.029493 -0.024747 0.002598
v 0.036178 -0.013168 0.002598
v 0.038500 -0.000000 0.002598
v 0.038327 0.000000 0.002691
v 0.036015 0.013109 0.002691
v 0.029360 0.024636 0.002691
v 0.019163 0.033192 0.002691
v 0.006655 0.037745 0.002691
v -0.006655 0.037745 0.002691
v -0.019163 0.033192 0.002691
v -0.029360 0.024636 0.002691
v -0.036015 0.013109 0.002691
v -0.038327 0.000000 0.002691
v -0.036015 -0.013109 0.002691
v -0.029360 -0.024636 0.002691
v -0.019163 -0.033192 0.002691
v -0.006655 -0.037745 0.002691
v 0.006655 -0.037745 0.002691
v 0.019163 -0.033192 0.002691
v 0.029360 -0.024636 0.002691
v 0.036015 -0.013109 0.002691
v 0.038327 -0.000000 0.002691
v 0.038148 0.000000 0.002772
v 0.035847 0.013047 0.002772
v 0.029223 0.024521 0.002772
v 0.019074 0.033037 0.002772
v 0.006624 0.037568 0.002772
v -0.006624 0.037568 0.002772
v -0.019074 0.033037 0.002772
v -0.029223 0.024521 0.002772
v -0.035847 0.013047 0.002772
v -0.038148 0.000000 0.002772
v -0.035847 -0.013047 0.002772
v -0.029223 -0.024521 0.002772
v -0.019074 -0.033037 0.002772
v -0.006624 -0.037568 0.002772
v 0.006624 -0.037568 0.002772
v 0.019074 -0.033037 0.002772
v 0.029223 -0.024521 0.002772
v 0.035847 -0.013047 0.002772
v 0.038148 -0.000000 0.002772
v 0.037964 0.000000 0.002841
v 0.035675 0.012985 0.002841
v 0.029082 0.024403 0.002841
v 0.018982 0.032878 0.002841
v 0.006592 0.037388 0.002841
v -0.006592 0.037388 0.002841
v -0.018982 0.032878 0.002841
v -0.029082 0.024403 0.002841
v -0.035675 0.012985 0.002841
v -0.037964 0.000000 0.002841
v -0.035675 -0.012985 0.002841
v -0.029082 -0.024403 0.002841
v -0.018982 -0.032878 0.002841
v -0.006592 -0.037388 0.002841
v 0.006592 -0.037388 0.002841
v 0.018982 -0.032878 0.002841
v 0.029082 -0.024403 0.002841
v 0.035675 -0.012985 0.002841
v 0.037964 -0.000000 0.002841
v 0.037776 0.000000 0.002898
v 0.035498 0.012920 0.002898
v 0.028938 0.024282 0.002898
v 0.018888 0.032715 0.002898
v 0.006560 0.037203 0.002898
v -0.006560 0.037203 0.002898
v -0.018888 0.032715 0.002898
v -0.028938 0.024282 0.002898
v -0.035498 0.012920 0.002898
v -0.037776 0.000000 0.002898
v -0.035498 -0.012920 0.002898
v -0.028938 -0.024282 0.002898
v -0.018888 -0.032715 0.002898
v -0.006560 -0.037203 0.002898
v 0.006560 -0.037203 0.002898
v 0.018888 -0.032715 0.002898
v 0.028938 -0.024282 0.002898
v 0.035498 -0.012920 0.002898
v 0.037776 -0.000000 0.002898
v 0.037585 0.000000 0.002942
v 0.035319 0.012855 0.002942
v 0.028792 0.024159 0.002942
v 0.018793 0.032550 0.002942
v 0.006527 0.037014 0.002942
v -0.006527 0.037014 0.002942
v -0.018793 0.032550 0.002942
v -0.028792 0.024159 0.002942
v -0.035319 0.012855 0.002942
v -0.037585 0.000000 0.002942
v -0.035319 -0.012855 0.002942
v -0.028792 -0.024159 0.002942
v -0.018793 -0.032550 0.002942
v -0.006527 -0.037014 0.002942
v 0.006527 -0.037014 0.002942
v 0.018793 -0.032550 0.002942
v 0.028792 -0.024159 0.002942
v 0.035319 -0.012855 0.002942
v 0.037585 -0.000000 0.002942
v 0.037392 0.000000 0.002974
v 0.035137 0.012789 0.002974
v 0.028644 0.024035 0.002974
v 0.018696 0.032382 0.002974
v 0.006493 0.036824 0.002974
v -0.006493 0.036824 0.002974
v -0.018696 0.032382 0.002974
v -0.028644 0.024035 0.002974
v -0.035137 0.012789 0.002974
v -0.037392 0.000000 0.002974
v -0.035137 -0.012789 0.002974
v -0.028644 -0.024035 0.002974
v -0.018696 -0.032382 0.002974
v -0.006493 -0.036824 0.002974
v 0.006493 -0.036824 0.002974
v 0.018696 -0.032382 0.002974
v 0.028644 -0.024035 0.002974
v 0.035137 -0.012789 0.002974
v 0.037392 -0.000000 0.002974
v 0.037196 0.000000 0.002994
v 0.034953 0.012722 0.002994
v 0.028494 0.023909 0.002994
v 0.018598 0.032213 0.002994
v 0.006459 0.036631 0.002994
v -0.006459 0.036631 0.002994
v -0.018598 0.032213 0.002994
v -0.028494 0.023909 0.002994
v -0.034953 0.012722 0.002994
v -0.037196 0.000000 0.002994
v -0.034953 -0.012722 0.002994
v -0.028494 -0.023909 0.002994
v -0.018598 -0.032213 0.002994
v -0.006459 -0.036631 0.002994
v 0.006459 -0.036631 0.002994
v 0.018598 -0.032213 0.002994
v 0.028494 -0.023909 0.002994
v 0.034953 -0.012722 0.002994
v 0.037196 -0.000000 0.002994
v 0.037000 0.000000 0.003000
v 0.034769 0.012655 0.003000
v 0.028344 0.023783 0.003000
v 0.018500 0.032043 0.003000
v 0.006425 0.036438 0.003000
v -0.006425 0.036438 0.003000
v -0.018500 0.032043 0.003000
v -0.028344 0.023783 0.003000
v -0.034769 0.012655 0.003000
v -0.037000 0.000000 0.003000
v -0.034769 -0.012655 0.003000
v -0.028344 -0.023783 0.003000
v -0.018500 -0.032043 0.003000
v -0.006425 -0.036438 0.003000
v 0.006425 -0.036438 0.003000
v 0.018500 -0.032043 0.003000
v 0.028344 -0.023783 0.003000
v 0.034769 -0.012655 0.003000
v 0.037000 -0.000000 0.003000
v 0.036804 0.000000 0.002994
v 0.034584 0.012588 0.002994
v 0.028193 0.023657 0.002994
v 0.018402 0.031873 0.002994
v 0.006391 0.036245 0.002994
v -0.006391 0.036245 0.002994
v -0.018402 0.031873 0.002994
v -0.028193 0.023657 0.002994
v -0.034584 0.012588 0.002994
v -0.036804 0.000000 0.002994
v -0.034584 -0.012588 0.002994
v -0.028193 -0.023657 0.002994
v -0.018402 -0.031873 0.002994
v -0.006391 -0.036245 0.002994
v 0.006391 -0.036245 0.002994
v 0.018402 -0.031873 0.002994
v 0.028193 -0.023657 0.002994
v 0.034584 -0.012588 0.002994
v 0.036804 -0.000000 0.002994
v 0.036608 0.000000 0.002974
v 0.034401 0.012521 0.002974
v 0.028044 0.023531 0.002974
v 0.018304 0.031704 0.002974
v 0.006357 0.036052 0.002974
v -0.006357 0.036052 0.002974
v -0.018304 0.031704 0.002974
v -0.028044 0.023531 0.002974
v -0.034401 0.012521 0.002974
v -0.036608 0.000000 0.002974
v -0.034401 -0.012521 0.002974
v -0.028044 -0.023531 0.002974
v -0.018304 -0.031704 0.002974
v -0.006357 -0.036052 0.002974
v 0.006357 -0.036052 0.002974
v 0.018304 -0.031704 0.002974
v 0.028044 -0.023531 0.002974
v 0.034401 -0.012521 0.002974
v 0.036608 -0.000000 0.002974
v 0.036415 0.000000 0.002942
v 0.034219 0.012455 0.002942
v 0.027895 0.023407 0.002942
v 0.018207 0.031536 0.002942
v 0.006323 0.035862 0.002942
v -0.006323 0.035862 0.002942
v -0.018207 0.031536 0.002942
v -0.027895 0.023407 0.002942
v -0.034219 0.012455 0.002942
v -0.036415 0.000000 0.002942
v -0.034219 -0.012455 0.002942
v -0.027895 -0.023407 0.002942
v -0.018207 -0.031536 0.002942
v -0.006323 -0.035862 0.002942
v 0.006323 -0.035862 0.002942
v 0.018207 -0.031536 0.002942
v 0.027895 -0.023407 0.002942
v 0.034219 -0.012455 0.002942
v 0.036415 -0.000000 0.002942
v 0.036224 0.000000 0.002898
v 0.034039 0.012389 0.002898
v 0.027749 0.023284 0.002898
v 0.018112 0.031371 0.002898
v 0.006290 0.035673 0.002898
v -0.006290 0.035673 0.002898
v -0.018112 0.031371 0.002898
v -0.027749 0.023284 0.002898
v -0.034039 0.012389 0.002898
v -0.036224 0.000000 0.002898
v -0.034039 -0.012389 0.002898
v -0.027749 -0.023284 0.002898
v -0.018112 -0.031371 0.002898
v -0.006290 -0.035673 0.002898
v 0.006290 -0.035673 0.002898
v 0.018112 -0.031371 0.002898
v 0.027749 -0.023284 0.002898
v 0.034039 -0.012389 0.002898
v 0.036224 -0.000000 0.002898
v 0.036036 0.000000 0.002841
v 0.033862 0.012325 0.002841
v 0.027605 0.023163 0.002841
v 0.018018 0.031208 0.002841
v 0.006258 0.035488 0.002841
v -0.006258 0.035488 0.002841
v -0.018018 0.031208 0.002841
v -0.027605 0.023163 0.002841
v -0.033862 0.012325 0.002841
v -0.036036 0.000000 0.002841
v -0.033862 -0.012325 0.002841
v -0.027605 -0.023163 0.002841
v -0.018018 -0.031208 0.002841
v -0.006258 -0.035488 0.002841
v 0.006258 -0.035488 0.002841
v 0.018018 -0.031208 0.002841
v 0.027605 -0.023163 0.002841
v 0.033862 -0.012325 0.002841
v 0.036036 -0.000000 0.002841
v 0.035852 0.000000 0.002772
v 0.033690 0.012262 0.002772
v 0.027464 0.023045 0.002772
v 0.017926 0.031049 0.002772
v 0.006226 0.035307 0.002772
v -0.006226 0.035307 0.002772
v -0.017926 0.031049 0.002772
v -0.027464 0.023045 0.002772
v -0.033690 0.012262 0.002772
v -0.035852 0.000000 0.002772
v -0.033690 -0.012262 0.002772
v -0.027464 -0.023045 0.002772
v -0.017926 -0.031049 0.002772
v -0.006226 -0.035307 0.002772
v 0.006226 -0.035307 0.002772
v 0.017926 -0.031049 0.002772
v 0.027464 -0.023045 0.002772
v 0.033690 -0.012262 0.002772
v 0.035852 -0.000000 0.002772
v 0.035673 0.000000 0.002691
v 0.033522 0.012201 0.002691
v 0.027327 0.022930 0.002691
v 0.017837 0.030894 0.002691
v 0.006195 0.035131 0.002691
v -0.006195 0.035131 0.002691
v -0.017837 0.030894 0.002691
v -0.027327 0.022930 0.002691
v -0.033522 0.012201 0.002691
v -0.035673 0.000000 0.002691
v -0.033522 -0.012201 0.002691
v -0.027327 -0.022930 0.002691
v -0.017837 -0.030894 0.002691
v -0.006195 -0.035131 0.002691
v 0.006195 -0.035131 0.002691
v 0.017837 -0.030894 0.002691
v 0.027327 -0.022930 0.002691
v 0.033522 -0.012201 0.002691
v 0.035673 -0.000000 0.002691
v 0.035500 0.000000 0.002598
v 0.033359 0.012142 0.002598
v 0.027195 0.022819 0.002598
v 0.017750 0.030744 0.002598
v 0.006165 0.034961 0.002598
v -0.006165 0.034961 0.002598
v -0.017750 0.030744 0.002598
v -0.027195 0.022819 0.002598
v -0.033359 0.012142 0.002598
v -0.035500 0.000000 0.002598
v -0.033359 -0.012142 0.002598
v -0.027195 -0.022819 0.002598
v -0.017750 -0.030744 0.002598
v -0.006165 -0.034961 0.002598
v 0.006165 -0.034961 0.002598
v 0.017750 -0.030744 0.002598
v 0.027195 -0.022819 0.002598
v 0.033359 -0.012142 0.002598
v 0.035500 -0.000000 0.002598
v 0.035333 0.000000 0.002494
v 0.033202 0.012085 0.002494
v 0.027067 0.022712 0.002494
v 0.017667 0.030600 0.002494
v 0.006136 0.034796 0.002494
v -0.006136 0.034796 0.002494
v -0.017667 0.030600 0.002494
v -0.027067 0.022712 0.002494
v -0.033202 0.012085 0.002494
v -0.035333 0.000000 0.002494
v -0.033202 -0.012085 0.002494
v -0.027067 -0.022712 0.002494
v -0.017667 -0.030600 0.002494
v -0.006136 -0.034796 0.002494
v 0.006136 -0.034796 0.002494
v 0.017667 -0.030600 0.002494
v 0.027067 -0.022712 0.002494
v 0.033202 -0.012085 0.002494
v 0.035333 -0.000000 0.002494
v 0.035174 0.000000 0.002380
v 0.033052 0.012030 0.002380
v 0.026945 0.022609 0.002380
v 0.017587 0.030461 0.002380
v 0.006108 0.034639 0.002380
v -0.006108 0.034639 0.002380
v -0.017587 0.030461 0.002380
v -0.026945 0.022609 0.002380
v -0.033052 0.012030 0.002380
v -0.035174 0.000000 0.002380
v -0.033052 -0.012030 0.002380
v -0.026945 -0.022609 0.002380
v -0.017587 -0.030461 0.002380
v -0.006108 -0.034639 0.002380
v 0.006108 -0.034639 0.002380
v 0.017587 -0.030461 0.002380
v 0.026945 -0.022609 0.002380
v 0.033052 -0.012030 0.002380
v 0.035174 -0.000000 0.002380
v 0.035022 0.000000 0.002256
v 0.032910 0.011978 0.002256
v 0.026828 0.022512 0.002256
v 0.017511 0.030330 0.002256
v 0.006081 0.034490 0.002256
v -0.006081 0.034490 0.002256
v -0.017511 0.030330 0.002256
v -0.026828 0.022512 0.002256
v -0.032910 0.011978 0.002256
v -0.035022 0.000000 0.002256
v -0.032910 -0.011978 0.002256
v -0.026828 -0.022512 0.002256
v -0.017511 -0.030330 0.002256
v -0.006081 -0.034490 0.002256
v 0.006081 -0.034490 0.002256
v 0.017511 -0.030330 0.002256
v 0.026828 -0.022512 0.002256
v 0.032910 -0.011978 0.002256
v 0.035022 -0.000000 0.002256
v 0.034879 0.000000 0.002121
v 0.032775 0.011929 0.002121
v 0.026719 0.022420 0.002121
v 0.017439 0.030206 0.002121
v 0.006057 0.034349 0.002121
v -0.006057 0.034349 0.002121
v -0.017439 0.030206 0.002121
v -0.026719 0.022420 0.002121
v -0.032775 0.011929 0.002121
v -0.034879 0.000000 0.002121
v -0.032775 -0.011929 0.002121
v -0.026719 -0.022420 0.002121
v -0.017439 -0.030206 0.002121
v -0.006057 -0.034349 0.002121
v 0.006057 -0.034349 0.002121
v 0.017439 -0.030206 0.002121
v 0.026719 -0.022420 0.002121
v 0.032775 -0.011929 0.002121
v 0.034879 -0.000000 0.002121
v 0.034744 0.000000 0.001978
v 0.032649 0.011883 0.001978
v 0.026616 0.022333 0.001978
v 0.017372 0.030090 0.001978
v 0.006033 0.034217 0.001978
v -0.006033 0.034217 0.001978
v -0.017372 0.030090 0.001978
v -0.026616 0.022333 0.001978
v -0.032649 0.011883 0.001978
v -0.034744 0.000000 0.001978
v -0.032649 -0.011883 0.001978
v -0.026616 -0.022333 0.001978
v -0.017372 -0.030090 0.001978
v -0.006033 -0.034217 0.001978
v 0.006033 -0.034217 0.001978
v 0.017372 -0.030090 0.001978
v 0.026616 -0.022333 0.001978
v 0.032649 -0.011883 0.001978
v 0.034744 -0.000000 0.001978
v 0.034620 0.000000 0.001826
v 0.032532 0.011841 0.001826
v 0.026520 0.022253 0.001826
v 0.017310 0.029982 0.001826
v 0.006012 0.034094 0.001826
v -0.006012 0.034094 0.001826
v -0.017310 0.029982 0.001826
v -0.026520 0.022253 0.001826
v -0.032532 0.011841 0.001826
v -0.034620 0.000000 0.001826
v -0.032532 -0.011841 0.001826
v -0.026520 -0.022253 0.001826
v -0.017310 -0.029982 0.001826
v -0.006012 -0.034094 0.001826
v 0.006012 -0.034094 0.001826
v 0.017310 -0.029982 0.001826
v 0.026520 -0.022253 0.001826
v 0.032532 -0.011841 0.001826
v 0.034620 -0.000000 0.001826
v 0.034506 0.000000 0.001667
v 0.032425 0.011802 0.001667
v 0.026433 0.022180 0.001667
v 0.017253 0.029883 0.001667
v 0.005992 0.033981 0.001667
v -0.005992 0.033981 0.001667
v -0.017253 0.029883 0.001667
v -0.026433 0.022180 0.001667
v -0.032425 0.011802 0.001667
v -0.034506 0.000000 0.001667
v -0.032425 -0.011802 0.001667
v -0.026433 -0.022180 0.001667
v -0.017253 -0.029883 0.001667
v -0.005992 -0.033981 0.001667
v 0.005992 -0.033981 0.001667
v 0.017253 -0.029883 0.001667
v 0.026433 -0.022180 0.001667
v 0.032425 -0.011802 0.001667
v 0.034506 -0.000000 0.001667
v 0.034402 0.000000 0.001500
v 0.032327 0.011766 0.001500
v 0.026353 0.022113 0.001500
v 0.017201 0.029793 0.001500
v 0.005974 0.033879 0.001500
v -0.005974 0.033879 0.001500
v -0.017201 0.029793 0.001500
v -0.026353 0.022113 0.001500
v -0.032327 0.011766 0.001500
v -0.034402 0.000000 0.001500
v -0.032327 -0.011766 0.001500
v -0.026353 -0.022113 0.001500
v -0.017201 -0.029793 0.001500
v -0.005974 -0.033879 0.001500
v 0.005974 -0.033879 0.001500
v 0.017201 -0.029793 0.001500
v 0.026353 -0.022113 0.001500
v 0.032327 -0.011766 0.001500
v 0.034402 -0.000000 0.001500
v 0.034309 0.000000 0.001327
v 0.032240 0.011734 0.001327
v 0.026283 0.022054 0.001327
v 0.017155 0.029713 0.001327
v 0.005958 0.033788 0.001327
v -0.005958 0.033788 0.001327
v -0.017155 0.029713 0.001327
v -0.026283 0.022054 0.001327
v -0.032240 0.011734 0.001327
v -0.034309 0.000000 0.001327
v -0.032240 -0.011734 0.001327
v -0.026283 -0.022054 0.001327
v -0.017155 -0.029713 0.001327
v -0.005958 -0.033788 0.001327
v 0.005958 -0.033788 0.001327
v 0.017155 -0.029713 0.001327
v 0.026283 -0.022054 0.001327
v 0.032240 -0.011734 0.001327
v 0.034309 -0.000000 0.001327
v 0.034228 0.000000 0.001148
v 0.032164 0.011707 0.001148
v 0.026220 0.022002 0.001148
v 0.017114 0.029643 0.001148
v 0.005944 0.033708 0.001148
v -0.005944 0.033708 0.001148
v -0.017114 0.029643 0.001148
v -0.026220 0.022002 0.001148
v -0.032164 0.011707 0.001148
v -0.034228 0.000000 0.001148
v -0.032164 -0.011707 0.001148
v -0.026220 -0.022002 0.001148
v -0.017114 -0.029643 0.001148
v -0.005944 -0.033708 0.001148
v 0.005944 -0.033708 0.001148
v 0.017114 -0.029643 0.001148
v 0.026220 -0.022002 0.001148
v 0.032164 -0.011707 0.001148
v 0.034228 -0.000000 0.001148
v 0.034159 0.000000 0.000964
v 0.032099 0.011683 0.000964
v 0.026167 0.021957 0.000964
v 0.017080 0.029583 0.000964
v 0.005932 0.033640 0.000964
v -0.005932 0.033640 0.000964
v -0.017080 0.029583 0.000964
v -0.026167 0.021957 0.000964
v -0.032099 0.011683 0.000964
v -0.034159 0.000000 0.000964
v -0.032099 -0.011683 0.000964
v -0.026167 -0.021957 0.000964
v -0.017080 -0.029583 0.000964
v -0.005932 -0.033640 0.000964
v 0.005932 -0.033640 0.000964
v 0.017080 -0.029583 0.000964
v 0.026167 -0.021957 0.000964
v 0.032099 -0.011683 0.000964
v 0.034159 -0.000000 0.000964
v 0.034102 0.000000 0.000776
v 0.032046 0.011664 0.000776
v 0.026124 0.021920 0.000776
v 0.017051 0.029533 0.000776
v 0.005922 0.033584 0.000776
v -0.005922 0.033584 0.000776
v -0.017051 0.029533 0.000776
v -0.026124 0.021920 0.000776
v -0.032046 0.011664 0.000776
v -0.034102 0.000000 0.000776
v -0.032046 -0.011664 0.000776
v -0.026124 -0.021920 0.000776
v -0.017051 -0.029533 0.000776
v -0.005922 -0.033584 0.000776
v 0.005922 -0.033584 0.000776
v 0.017051 -0.029533 0.000776
v 0.026124 -0.021920 0.000776
v 0.032046 -0.011664 0.000776
v 0.034102 -0.000000 0.000776
v 0.034058 0.000000 0.000585
v 0.032004 0.011648 0.000585
v 0.026090 0.021892 0.000585
v 0.017029 0.029495 0.000585
v 0.005914 0.033540 0.000585
v -0.005914 0.033540 0.000585
v -0.017029 0.029495 0.000585
v -0.026090 0.021892 0.000585
v -0.032004 0.011648 0.000585
v -0.034058 0.000000 0.000585
v -0.032004 -0.011648 0.000585
v -0.026090 -0.021892 0.000585
v -0.017029 -0.029495 0.000585
v -0.005914 -0.033540 0.000585
v 0.005914 -0.033540 0.000585
v 0.017029 -0.029495 0.000585
v 0.026090 -0.021892 0.000585
v 0.032004 -0.011648 0.000585
v 0.034058 -0.000000 0.000585
v 0.034026 0.000000 0.000392
v 0.031974 0.011637 0.000392
v 0.026065 0.021871 0.000392
v 0.017013 0.029467 0.000392
v 0.005908 0.033509 0.000392
v -0.005908 0.033509 0.000392
v -0.017013 0.029467 0.000392
v -0.026065 0.021871 0.000392
v -0.031974 0.011637 0.000392
v -0.034026 0.000000 0.000392
v -0.031974 -0.011637 0.000392
v -0.026065 -0.021871 0.000392
v -0.017013 -0.029467 0.000392
v -0.005908 -0.033509 0.000392
v 0.005908 -0.033509 0.000392
v 0.017013 -0.029467 0.000392
v 0.026065 -0.021871 0.000392
v 0.031974 -0.011637 0.000392
v 0.034026 -0.000000 0.000392
v 0.034006 0.000000 0.000196
v 0.031956 0.011631 0.000196
v 0.026050 0.021859 0.000196
v 0.017003 0.029450 0.000196
v 0.005905 0.033490 0.000196
v -0.005905 0.033490 0.000196
v -0.017003 0.029450 0.000196
v -0.026050 0.021859 0.000196
v -0.031956 0.011631 0.000196
v -0.034006 0.000000 0.000196
v -0.031956 -0.011631 0.000196
v -0.026050 -0.021859 0.000196
v -0.017003 -0.029450 0.000196
v -0.005905 -0.033490 0.000196
v 0.005905 -0.033490 0.000196
v 0.017003 -0.029450 0.000196
v 0.026050 -0.021859 0.000196
v 0.031956 -0.011631 0.000196
v 0.034006 -0.000000 0.000196
v 0.034000 0.000000 0.000000
v 0.031950 0.011629 0.000000
v 0.026046 0.021855 0.000000
v 0.017000 0.029445 0.000000
v 0.005904 0.033483 0.000000
v -0.005904 0.033483 0.000000
v -0.017000 0.029445 0.000000
v -0.026046 0.021855 0.000000
v -0.031950 0.011629 0.000000
v -0.034000 0.000000 0.000000
v -0.031950 -0.011629 0.000000
v -0.026046 -0.021855 0.000000
v -0.017000 -0.029445 0.000000
v -0.005904 -0.033483 0.000000
v 0.005904 -0.033483 0.000000
v 0.017000 -0.029445 0.000000
v 0.026046 -0.021855 0.000000
v 0.031950 -0.011629 0.000000
v 0.034000 -0.000000 0.000000
v 0.034006 0.000000 -0.000196
v 0.031956 0.011631 -0.000196
v 0.026050 0.021859 -0.000196
v 0.017003 0.029450 -0.000196
v 0.005905 0.033490 -0.000196
v -0.005905 0.033490 -0.000196
v -0.017003 0.029450 -0.000196
v -0.026050 0.021859 -0.000196
v -0.031956 0.011631 -0.000196
v -0.034006 0.000000 -0.000196
v -0.031956 -0.011631 -0.000196
v -0.026050 -0.021859 -0.000196
v -0.017003 -0.029450 -0.000196
v -0.005905 -0.033490 -0.000196
v 0.005905 -0.033490 -0.000196
v 0.017003 -0.029450 -0.000196
v 0.026050 -0.021859 -0.000196
v 0.031956 -0.011631 -0.000196
v 0.034006 -0.000000 -0.000196
v 0.034026 0.000000 -0.000392
v 0.031974 0.011637 -0.000392
v 0.026065 0.021871 -0.000392
v 0.017013 0.029467 -0.000392
v 0.005908 0.033509 -0.000392
v -0.005908 0.033509 -0.000392
v -0.017013 0.029467 -0.000392
v -0.026065 0.021871 -0.000392
v -0.031974 0.011637 -0.000392
v -0.034026 0.000000 -0.000392
v -0.031974 -0.011637 -0.000392
v -0.026065 -0.021871 -0.000392
v -0.017013 -0.029467 -0.000392
v -0.005908 -0.033509 -0.000392
v 0.005908 -0.033509 -0.000392
v 0.017013 -0.029467 -0.000392
v 0.026065 -0.021871 -0.000392
v 0.031974 -0.011637 -0.000392
v 0.034026 -0.000000 -0.000392
v 0.034058 0.000000 -0.000585
v 0.032004 0.011648 -0.000585
v 0.026090 0.021892 -0.000585
v 0.017029 0.029495 -0.000585
v 0.005914 0.033540 -0.000585
v -0.005914 0.033540 -0.000585
v -0.017029 0.029495 -0.000585
v -0.026090 0.021892 -0.000585
v -0.032004 0.011648 -0.000585
v -0.034058 0.000000 -0.000585
v -0.032004 -0.011648 -0.000585
v -0.026090 -0.021892 -0.000585
v -0.017029 -0.029495 -0.000585
v -0.005914 -0.033540 -0.000585
v 0.005914 -0.033540 -0.000585
v 0.017029 -0.029495 -0.000585
v 0.026090 -0.021892 -0.000585
v 0.032004 -0.011648 -0.000585
v 0.034058 -0.000000 -0.000585
v 0.034102 0.000000 -0.000776
v 0.032046 0.011664 -0.000776
v 0.026124 0.021920 -0.000776
v 0.017051 0.029533 -0.000776
v 0.005922 0.033584 -0.000776
v -0.005922 0.033584 -0.000776
v -0.017051 0.029533 -0.000776
v -0.026124 0.021920 -0.000776
v -0.032046 0.011664 -0.000776
v -0.034102 0.000000 -0.000776
v -0.032046 -0.011664 -0.000776
v -0.026124 -0.021920 -0.000776
v -0.017051 -0.029533 -0.000776
v -0.005922 -0.033584 -0.000776
v 0.005922 -0.033584 -0.000776
v 0.017051 -0.029533 -0.000776
v 0.026124 -0.021920 -0.000776
v 0.032046 -0.011664 -0.000776
v 0.034102 -0.000000 -0.000776
v 0.034159 0.000000 -0.000964
v 0.032099 0.011683 -0.000964
v 0.026167 0.021957 -0.000964
v 0.017080 0.029583 -0.000964
v 0.005932 0.033640 -0.000964
v -0.005932 0.033640 -0.000964
v -0.017080 0.029583 -0.000964
v -0.026167 0.021957 -0.000964
v -0.032099 0.011683 -0.000964
v -0.034159 0.000000 -0.000964
v -0.032099 -0.011683 -0.000964
v -0.026167 -0.021957 -0.000964
v -0.017080 -0.029583 -0.000964
v -0.005932 -0.033640 -0.000964
v 0.005932 -0.033640 -0.000964
v 0.017080 -0.029583 -0.000964
v 0.026167 -0.021957 -0.000964
v 0.032099 -0.011683 -0.000964
v 0.034159 -0.000000 -0.000964
v 0.034228 0.000000 -0.001148
v 0.032164 0.011707 -0.001148
v 0.026220 0.022002 -0.001148
v 0.017114 0.029643 -0.001148
v 0.005944 0.033708 -0.001148
v -0.005944 0.033708 -0.001148
v -0.017114 0.029643 -0.001148
v -0.026220 0.022002 -0.001148
v -0.032164 0.011707 -0.001148
v -0.034228 0.000000 -0.001148
v -0.032164 -0.011707 -0.001148
v -0.026220 -0.022002 -0.001148
v -0.017114 -0.029643 -0.001148
v -0.005944 -0.033708 -0.001148
v 0.005944 -0.033708 -0.001148
v 0.017114 -0.029643 -0.001148
v 0.026220 -0.022002 -0.001148
v 0.032164 -0.011707 -0.001148
v 0.034228 -0.000000 -0.001148
v 0.034309 0.000000 -0.001327
v 0.032240 0.011734 -0.001327
v 0.026283 0.022054 -0.001327
v 0.017155 0.029713 -0.001327
v 0.005958 0.033788 -0.001327
v -0.005958 0.033788 -0.001327
v -0.017155 0.029713 -0.001327
v -0.026283 0.022054 -0.001327
v -0.032240 0.011734 -0.001327
v -0.034309 0.000000 -0.001327
v -0.032240 -0.011734 -0.001327
v -0.026283 -0.022054 -0.001327
v -0.017155 -0.029713 -0.001327
v -0.005958 -0.033788 -0.001327
v 0.005958 -0.033788 -0.001327
v 0.017155 -0.029713 -0.001327
v 0.026283 -0.022054 -0.001327
v 0.032240 -0.011734 -0.001327
v 0.034309 -0.000000 -0.001327
v 0.034402 0.000000 -0.001500
v 0.032327 0.011766 -0.001500
v 0.026353 0.022113 -0.001500
v 0.017201 0.029793 -0.001500
v 0.005974 0.033879 -0.001500
v -0.005974 0.033879 -0.001500
v -0.017201 0.029793 -0.001500
v -0.026353 0.022113 -0.001500
v -0.032327 0.011766 -0.001500
v -0.034402 0.000000 -0.001500
v -0.032327 -0.011766 -0.001500
v -0.026353 -0.022113 -0.001500
v -0.017201 -0.029793 -0.001500
v -0.005974 -0.033879 -0.001500
v 0.005974 -0.033879 -0.001500
v 0.017201 -0.029793 -0.001500
v 0.026353 -0.022113 -0.001500
v 0.032327 -0.011766 -0.001500
v 0.034402 -0.000000 -0.001500
v 0.034506 0.000000 -0.001667
v 0.032425 0.011802 -0.001667
v 0.026433 0.022180 -0.001667
v 0.017253 0.029883 -0.001667
v 0.005992 0.033981 -0.001667
v -0.005992 0.033981 -0.001667
v -0.017253 0.029883 -0.001667
v -0.026433 0.022180 -0.001667
v -0.032425 0.011802 -0.001667
v -0.034506 0.000000 -0.001667
v -0.032425 -0.011802 -0.001667
v -0.026433 -0.022180 -0.001667
v -0.017253 -0.029883 -0.001667
v -0.005992 -0.033981 -0.001667
v 0.005992 -0.033981 -0.001667
v 0.017253 -0.029883 -0.001667
v 0.026433 -0.022180 -0.001667
v 0.032425 -0.011802 -0.001667
v 0.034506 -0.000000 -0.001667
v 0.034620 0.000000 -0.001826
v 0.032532 0.011841 -0.001826
v 0.026520 0.022253 -0.001826
v 0.017310 0.029982 -0.001826
v 0.006012 0.034094 -0.001826
v -0.006012 0.034094 -0.001826
v -0.017310 0.029982 -0.001826
v -0.026520 0.022253 -0.001826
v -0.032532 0.011841 -0.001826
v -0.034620 0.000000 -0.001826
v -0.032532 -0.011841 -0.001826
v -0.026520 -0.022253 -0.001826
v -0.017310 -0.029982 -0.001826
v -0.006012 -0.034094 -0.001826
v 0.006012 -0.034094 -0.001826
v 0.017310 -0.029982 -0.001826
v 0.026520 -0.022253 -0.001826
v 0.032532 -0.011841 -0.001826
v 0.034620 -0.000000 -0.001826
v 0.034744 0.000000 -0.001978
v 0.032649 0.011883 -0.001978
v 0.026616 0.022333 -0.001978
v 0.017372 0.030090 -0.001978
v 0.006033 0.034217 -0.001978
v -0.006033 0.034217 -0.001978
v -0.017372 0.030090 -0.001978
v -0.026616 0.022333 -0.001978
v -0.032649 0.011883 -0.001978
v -0.034744 0.000000 -0.001978
v -0.032649 -0.011883 -0.001978
v -0.026616 -0.022333 -0.001978
v -0.017372 -0.030090 -0.001978
v -0.006033 -0.034217 -0.001978
v 0.006033 -0.034217 -0.001978
v 0.017372 -0.030090 -0.001978
v 0.026616 -0.022333 -0.001978
v 0.032649 -0.011883 -0.001978
v 0.034744 -0.000000 -0.001978
v 0.034879 0.000000 -0.002121
v 0.032775 0.011929 -0.002121
v 0.026719 0.022420 -0.002121
v 0.017439 0.030206 -0.002121
v 0.006057 0.034349 -0.002121
v -0.006057 0.034349 -0.002121
v -0.017439 0.030206 -0.002121
v -0.026719 0.022420 -0.002121
v -0.032775 0.011929 -0.002121
v -0.034879 0.000000 -0.002121
v -0.032775 -0.011929 -0.002121
v -0.026719 -0.022420 -0.002121
v -0.017439 -0.030206 -0.002121
v -0.006057 -0.034349 -0.002121
v 0.006057 -0.034349 -0.002121
v 0.017439 -0.030206 -0.002121
v 0.026719 -0.022420 -0.002121
v 0.032775 -0.011929 -0.002121
v 0.034879 -0.000000 -0.002121
v 0.035022 0.000000 -0.002256
v 0.032910 0.011978 -0.002256
v 0.026828 0.022512 -0.002256
v 0.017511 0.030330 -0.002256
v 0.006081 0.034490 -0.002256
v -0.006081 0.034490 -0.002256
v -0.017511 0.030330 -0.002256
v -0.026828 0.022512 -0.002256
v -0.032910 0.011978 -0.002256
v -0.035022 0.000000 -0.002256
v -0.032910 -0.011978 -0.002256
v -0.026828 -0.022512 -0.002256
v -0.017511 -0.030330 -0.002256
v -0.006081 -0.034490 -0.002256
v 0.006081 -0.034490 -0.002256
v 0.017511 -0.030330 -0.002256
v 0.026828 -0.022512 -0.002256
v 0.032910 -0.011978 -0.002256
v 0.035022 -0.000000 -0.002256
v 0.035174 0.000000 -0.002380
v 0.033052 0.012030 -0.002380
v 0.026945 0.022609 -0.002380
v 0.017587 0.030461 -0.002380
v 0.006108 0.034639 -0.002380
v -0.006108 0.034639 -0.002380
v -0.017587 0.030461 -0.002380
v -0.026945 0.022609 -0.002380
v -0.033052 0.012030 -0.002380
v -0.035174 0.000000 -0.002380
v -0.033052 -0.012030 -0.002380
v -0.026945 -0.022609 -0.002380
v -0.017587 -0.030461 -0.002380
v -0.006108 -0.034639 -0.002380
v 0.006108 -0.034639 -0.002380
v 0.017587 -0.030461 -0.002380
v 0.026945 -0.022609 -0.002380
v 0.033052 -0.012030 -0.002380
v 0.035174 -0.000000 -0.002380
v 0.035333 0.000000 -0.002494
v 0.033202 0.012085 -0.002494
v 0.027067 0.022712 -0.002494
v 0.017667 0.030600 -0.002494
v 0.006136 0.034796 -0.002494
v -0.006136 0.034796 -0.002494
v -0.017667 0.030600 -0.002494
v -0.027067 0.022712 -0.002494
v -0.033202 0.012085 -0.002494
v -0.035333 0.000000 -0.002494
v -0.033202 -0.012085 -0.002494
v -0.027067 -0.022712 -0.002494
v -0.017667 -0.030600 -0.002494
v -0.006136 -0.034796 -0.002494
v 0.006136 -0.034796 -0.002494
v 0.017667 -0.030600 -0.002494
v 0.027067 -0.022712 -0.002494
v 0.033202 -0.012085 -0.002494
v 0.035333 -0.000000 -0.002494
v 0.035500 0.000000 -0.002598
v 0.033359 0.012142 -0.002598
v 0.027195 0.022819 -0.002598
v 0.017750 0.030744 -0.002598
v 0.006165 0.034961 -0.002598
v -0.006165 0.034961 -0.002598
v -0.017750 0.030744 -0.002598
v -0.027195 0.022819 -0.002598
v -0.033359 0.012142 -0.002598
v -0.035500 0.000000 -0.002598
v -0.033359 -0.012142 -0.002598
v -0.027195 -0.022819 -0.002598
v -0.017750 -0.030744 -0.002598
v -0.006165 -0.034961 -0.002598
v 0.006165 -0.034961 -0.002598
v 0.017750 -0.030744 -0.002598
v 0.027195 -0.022819 -0.002598
v 0.033359 -0.012142 -0.002598
v 0.035500 -0.000000 -0.002598
v 0.035673 0.000000 -0.002691
v 0.033522 0.012201 -0.002691
v 0.027327 0.022930 -0.002691
v 0.017837 0.030894 -0.002691
v 0.006195 0.035131 -0.002691
v -0.006195 0.035131 -0.002691
v -0.017837 0.030894 -0.002691
v -0.027327 0.022930 -0.002691
v -0.033522 0.012201 -0.002691
v -0.035673 0.000000 -0.002691
v -0.033522 -0.012201 -0.002691
v -0.027327 -0.022930 -0.002691
v -0.017837 -0.030894 -0.002691
v -0.006195 -0.035131 -0.002691
v 0.006195 -0.035131 -0.002691
v 0.017837 -0.030894 -0.002691
v 0.027327 -0.022930 -0.002691
v 0.033522 -0.012201 -0.002691
v 0.035673 -0.000000 -0.002691
v 0.035852 0.000000 -0.002772
v 0.033690 0.012262 -0.002772
v 0.027464 0.023045 -0.002772
v 0.017926 0.031049 -0.002772
v 0.006226 0.035307 -0.002772
v -0.006226 0.035307 -0.002772
v -0.017926 0.031049 -0.002772
v -0.027464 0.023045 -0.002772
v -0.033690 0.012262 -0.002772
v -0.035852 0.000000 -0.002772
v -0.033690 -0.012262 -0.002772
v -0.027464 -0.023045 -0.002772
v -0.017926 -0.031049 -0.002772
v -0.006226 -0.035307 -0.002772
v 0.006226 -0.035307 -0.002772
v 0.017926 -0.031049 -0.002772
v 0.027464 -0.023045 -0.002772
v 0.033690 -0.012262 -0.002772
v 0.035852 -0.000000 -0.002772
v 0.036036 0.000000 -0.002841
v 0.033862 0.012325 -0.002841
v 0.027605 0.023163 -0.002841
v 0.018018 0.031208 -0.002841
v 0.006258 0.035488 -0.002841
v -0.006258 0.035488 -0.002841
v -0.018018 0.031208 -0.002841
v -0.027605 0.023163 -0.002841
v -0.033862 0.012325 -0.002841
v -0.036036 0.000000 -0.002841
v -0.033862 -0.012325 -0.002841
v -0.027605 -0.023163 -0.002841
v -0.018018 -0.031208 -0.002841
v -0.006258 -0.035488 -0.002841
v 0.006258 -0.035488 -0.002841
v 0.018018 -0.031208 -0.002841
v 0.027605 -0.023163 -0.002841
v 0.033862 -0.012325 -0.002841
v 0.036036 -0.000000 -0.002841
v 0.036224 0.000000 -0.002898
v 0.034039 0.012389 -0.002898
v 0.027749 0.023284 -0.002898
v 0.018112 0.031371 -0.002898
v 0.006290 0.035673 -0.002898
v -0.006290 0.035673 -0.002898
v -0.018112 0.031371 -0.002898
v -0.027749 0.023284 -0.002898
v -0.034039 0.012389 -0.002898
v -0.036224 0.000000 -0.002898
v -0.034039 -0.012389 -0.002898
v -0.027749 -0.023284 -0.002898
v -0.018112 -0.031371 -0.002898
v -0.006290 -0.035673 -0.002898
v 0.006290 -0.035673 -0.002898
v 0.018112 -0.031371 -0.002898
v 0.027749 -0.023284 -0.002898
v 0.034039 -0.012389 -0.002898
v 0.036224 -0.000000 -0.002898
v 0.036415 0.000000 -0.002942
v 0.034219 0.012455 -0.002942
v 0.027895 0.023407 -0.002942
v 0.018207 0.031536 -0.002942
v 0.006323 0.035862 -0.002942
v -0.006323 0.035862 -0.002942
v -0.018207 0.031536 -0.002942
v -0.027895 0.023407 -0.002942
v -0.034219 0.012455 -0.002942
v -0.036415 0.000000 -0.002942
v -0.034219 -0.012455 -0.002942
v -0.027895 -0.023407 -0.002942
v -0.018207 -0.031536 -0.002942
v -0.006323 -0.035862 -0.002942
v 0.006323 -0.035862 -0.002942
v 0.018207 -0.031536 -0.002942
v 0.027895 -0.023407 -0.002942
v 0.034219 -0.012455 -0.002942
v 0.036415 -0.000000 -0.002942
v 0.036608 0.000000 -0.002974
v 0.034401 0.012521 -0.002974
v 0.028044 0.023531 -0.002974
v 0.018304 0.031704 -0.002974
v 0.006357 0.036052 -0.002974
v -0.006357 0.036052 -0.002974
v -0.018304 0.031704 -0.002974
v -0.028044 0.023531 -0.002974
v -0.034401 0.012521 -0.002974
v -0.036608 0.000000 -0.002974
v -0.034401 -0.012521 -0.002974
v -0.028044 -0.023531 -0.002974
v -0.018304 -0.031704 -0.002974
v -0.006357 -0.036052 -0.002974
v 0.006357 -0.036052 -0.002974
v 0.018304 -0.031704 -0.002974
v 0.028044 -0.023531 -0.002974
v 0.034401 -0.012521 -0.002974
v 0.036608 -0.000000 -0.002974
v 0.036804 0.000000 -0.002994
v 0.034584 0.012588 -0.002994
v 0.028193 0.023657 -0.002994
v 0.018402 0.031873 -0.002994
v 0.006391 0.036245 -0.002994
v -0.006391 0.036245 -0.002994
v -0.018402 0.031873 -0.002994
v -0.028193 0.023657 -0.002994
v -0.034584 0.012588 -0.002994
v -0.036804 0.000000 -0.002994
v -0.034584 -0.012588 -0.002994
v -0.028193 -0.023657 -0.002994
v -0.018402 -0.031873 -0.002994
v -0.006391 -0.036245 -0.002994
v 0.006391 -0.036245 -0.002994
v 0.018402 -0.031873 -0.002994
v 0.028193 -0.023657 -0.002994
v 0.034584 -0.012588 -0.002994
v 0.036804 -0.000000 -0.002994
v 0.037000 0.000000 -0.003000
v 0.034769 0.012655 -0.003000
v 0.028344 0.023783 -0.003000
v 0.018500 0.032043 -0.003000
v 0.006425 0.036438 -0.003000
v -0.006425 0.036438 -0.003000
v -0.018500 0.032043 -0.003000
v -0.028344 0.023783 -0.003000
v -0.034769 0.012655 -0.003000
v -0.037000 0.000000 -0.003000
v -0.034769 -0.012655 -0.003000
v -0.028344 -0.023783 -0.003000
v -0.018500 -0.032043 -0.003000
v -0.006425 -0.036438 -0.003000
v 0.006425 -0.036438 -0.003000
v 0.018500 -0.032043 -0.003000
v 0.028344 -0.023783 -0.003000
v 0.034769 -0.012655 -0.003000
v 0.037000 -0.000000 -0.003000
v 0.037196 0.000000 -0.002994
v 0.034953 0.012722 -0.002994
v 0.028494 0.023909 -0.002994
v 0.018598 0.032213 -0.002994
v 0.006459 0.036631 -0.002994
v -0.006459 0.036631 -0.002994
v -0.018598 0.032213 -0.002994
v -0.028494 0.023909 -0.002994
v -0.034953 0.012722 -0.002994
v -0.037196 0.000000 -0.002994
v -0.034953 -0.012722 -0.002994
v -0.028494 -0.023909 -0.002994
v -0.018598 -0.032213 -0.002994
v -0.006459 -0.036631 -0.002994
v 0.006459 -0.036631 -0.002994
v 0.018598 -0.032213 -0.002994
v 0.028494 -0.023909 -0.002994
v 0.034953 -0.012722 -0.002994
v 0.037196 -0.000000 -0.002994
v 0.037392 0.000000 -0.002974
v 0.035137 0.012789 -0.002974
v 0.028644 0.024035 -0.002974
v 0.018696 0.032382 -0.002974
v 0.006493 0.036824 -0.002974
v -0.006493 0.036824 -0.002974
v -0.018696 0.032382 -0.002974
v -0.028644 0.024035 -0.002974
v -0.035137 0.012789 -0.002974
v -0.037392 0.000000 -0.002974
v -0.035137 -0.012789 -0.002974
v -0.028644 -0.024035 -0.002974
v -0.018696 -0.032382 -0.002974
v -0.006493 -0.036824 -0.002974
v 0.006493 -0.036824 -0.002974
v 0.018696 -0.032382 -0.002974
v 0.028644 -0.024035 -0.002974
v 0.035137 -0.012789 -0.002974
v 0.037392 -0.000000 -0.002974
v 0.037585 0.000000 -0.002942
v 0.035319 0.012855 -0.002942
v 0.028792 0.024159 -0.002942
v 0.018793 0.032550 -0.002942
v 0.006527 0.037014 -0.002942
v -0.006527 0.037014 -0.002942
v -0.018793 0.032550 -0.002942
v -0.028792 0.024159 -0.002942
v -0.035319 0.012855 -0.002942
v -0.037585 0.000000 -0.002942
v -0.035319 -0.012855 -0.002942
v -0.028792 -0.024159 -0.002942
v -0.018793 -0.032550 -0.002942
v -0.006527 -0.037014 -0.002942
v 0.006527 -0.037014 -0.002942
v 0.018793 -0.032550 -0.002942
v 0.028792 -0.024159 -0.002942
v 0.035319 -0.012855 -0.002942
v 0.037585 -0.000000 -0.002942
v 0.037776 0.000000 -0.002898
v 0.035498 0.012920 -0.002898
v 0.028938 0.024282 -0.002898
v 0.018888 0.032715 -0.002898
v 0.006560 0.037203 -0.002898
v -0.006560 0.037203 -0.002898
v -0.018888 0.032715 -0.002898
v -0.028938 0.024282 -0.002898
v -0.035498 0.012920 -0.002898
v -0.037776 0.000000 -0.002898
v -0.035498 -0.012920 -0.002898
v -0.028938 -0.024282 -0.002898
v -0.018888 -0.032715 -0.002898
v -0.006560 -0.037203 -0.002898
v 0.006560 -0.037203 -0.002898
v 0.018888 -0.032715 -0.002898
v 0.028938 -0.024282 -0.002898
v 0.035498 -0.012920 -0.002898
v 0.037776 -0.000000 -0.002898
v 0.037964 0.000000 -0.002841
v 0.035675 0.012985 -0.002841
v 0.029082 0.024403 -0.002841
v 0.018982 0.032878 -0.002841
v 0.006592 0.037388 -0.002841
v -0.006592 0.037388 -0.002841
v -0.018982 0.032878 -0.002841
v -0.029082 0.024403 -0.002841
v -0.035675 0.012985 -0.002841
v -0.037964 0.000000 -0.002841
v -0.035675 -0.012985 -0.002841
v -0.029082 -0.024403 -0.002841
v -0.018982 -0.032878 -0.002841
v -0.006592 -0.037388 -0.002841
v 0.006592 -0.037388 -0.002841
v 0.018982 -0.032878 -0.002841
v 0.029082 -0.024403 -0.002841
v 0.035675 -0.012985 -0.002841
v 0.037964 -0.000000 -0.002841
v 0.038148 0.000000 -0.002772
v 0.035847 0.013047 -0.002772
v 0.029223 0.024521 -0.002772
v 0.019074 0.033037 -0.002772
v 0.006624 0.037568 -0.002772
v -0.006624 0.037568 -0.002772
v -0.019074 0.033037 -0.002772
v -0.029223 0.024521 -0.002772
v -0.035847 0.013047 -0.002772
v -0.038148 0.000000 -0.002772
v -0.035847 -0.013047 -0.002772
v -0.029223 -0.024521 -0.002772
v -0.019074 -0.033037 -0.002772
v -0.006624 -0.037568 -0.002772
v 0.006624 -0.037568 -0.002772
v 0.019074 -0.033037 -0.002772
v 0.029223 -0.024521 -0.002772
v 0.035847 -0.013047 -0.002772
v 0.038148 -0.000000 -0.002772
v 0.038327 0.000000 -0.002691
v 0.036015 0.013109 -0.002691
v 0.029360 0.024636 -0.002691
v 0.019163 0.033192 -0.002691
v 0.006655 0.037745 -0.002691
v -0.006655 0.037745 -0.002691
v -0.019163 0.033192 -0.002691
v -0.029360 0.024636 -0.002691
v -0.036015 0.013109 -0.002691
v -0.038327 0.000000 -0.002691
v -0.036015 -0.013109 -0.002691
v -0.029360 -0.024636 -0.002691
v -0.019163 -0.033192 -0.002691
v -0.006655 -0.037745 -0.002691
v 0.006655 -0.037745 -0.002691
v 0.019163 -0.033192 -0.002691
v 0.029360 -0.024636 -0.002691
v 0.036015 -0.013109 -0.002691
v 0.038327 -0.000000 -0.002691
v 0.038500 0.000000 -0.002598
v 0.036178 0.013168 -0.002598
v 0.029493 0.024747 -0.002598
v 0.019250 0.033342 -0.002598
v 0.006685 0.037915 -0.002598
v -0.006685 0.037915 -0.002598
v -0.019250 0.033342 -0.002598
v -0.029493 0.024747 -0.002598
v -0.036178 0.013168 -0.002598
v -0.038500 0.000000 -0.002598
v -0.036178 -0.013168 -0.002598
v -0.029493 -0.024747 -0.002598
v -0.019250 -0.033342 -0.002598
v -0.006685 -0.037915 -0.002598
v 0.006685 -0.037915 -0.002598
v 0.019250 -0.033342 -0.002598
v 0.029493 -0.024747 -0.002598
v 0.036178 -0.013168 -0.002598
v 0.038500 -0.000000 -0.002598
v 0.038667 0.000000 -0.002494
v 0.036335 0.013225 -0.002494
v 0.029620 0.024854 -0.002494
v 0.019333 0.033486 -0.002494
v 0.006714 0.038079 -0.002494
v -0.006714 0.038079 -0.002494
v -0.019333 0.033486 -0.002494
v -0.029620 0.024854 -0.002494
v -0.036335 0.013225 -0.002494
v -0.038667 0.000000 -0.002494
v -0.036335 -0.013225 -0.002494
v -0.029620 -0.024854 -0.002494
v -0.019333 -0.033486 -0.002494
v -0.006714 -0.038079 -0.002494
v 0.006714 -0.038079 -0.002494
v 0.019333 -0.033486 -0.002494
v 0.029620 -0.024854 -0.002494
v 0.036335 -0.013225 -0.002494
v 0.038667 -0.000000 -0.002494
v 0.038826 0.000000 -0.002380
v 0.036485 0.013279 -0.002380
v 0.029743 0.024957 -0.002380
v 0.019413 0.033625 -0.002380
v 0.006742 0.038236 -0.002380
v -0.006742 0.038236 -0.002380
v -0.019413 0.033625 -0.002380
v -0.029743 0.024957 -0.002380
v -0.036485 0.013279 -0.002380
v -0.038826 0.000000 -0.002380
v -0.036485 -0.013279 -0.002380
v -0.029743 -0.024957 -0.002380
v -0.019413 -0.033625 -0.002380
v -0.006742 -0.038236 -0.002380
v 0.006742 -0.038236 -0.002380
v 0.019413 -0.033625 -0.002380
v 0.029743 -0.024957 -0.002380
v 0.036485 -0.013279 -0.002380
v 0.038826 -0.000000 -0.002380
v 0.038978 0.000000 -0.002256
v 0.036627 0.013331 -0.002256
v 0.029859 0.025055 -0.002256
v 0.019489 0.033756 -0.002256
v 0.006768 0.038386 -0.002256
v -0.006768 0.038386 -0.002256
v -0.019489 0.033756 -0.002256
v -0.029859 0.025055 -0.002256
v -0.036627 0.013331 -0.002256
v -0.038978 0.000000 -0.002256
v -0.036627 -0.013331 -0.002256
v -0.029859 -0.025055 -0.002256
v -0.019489 -0.033756 -0.002256
v -0.006768 -0.038386 -0.002256
v 0.006768 -0.038386 -0.002256
v 0.019489 -0.033756 -0.002256
v 0.029859 -0.025055 -0.002256
v 0.036627 -0.013331 -0.002256
v 0.038978 -0.000000 -0.002256
v 0.039121 0.000000 -0.002121
v 0.036762 0.013380 -0.002121
v 0.029969 0.025147 -0.002121
v 0.019561 0.033880 -0.002121
v 0.006793 0.038527 -0.002121
v -0.006793 0.038527 -0.002121
v -0.019561 0.033880 -0.002121
v -0.029969 0.025147 -0.002121
v -0.036762 0.013380 -0.002121
v -0.039121 0.000000 -0.002121
v -0.036762 -0.013380 -0.002121
v -0.029969 -0.025147 -0.002121
v -0.019561 -0.033880 -0.002121
v -0.006793 -0.038527 -0.002121
v 0.006793 -0.038527 -0.002121
v 0.019561 -0.033880 -0.002121
v 0.029969 -0.025147 -0.002121
v 0.036762 -0.013380 -0.002121
v 0.039121 -0.000000 -0.002121
v 0.039256 0.000000 -0.001978
v 0.036888 0.013426 -0.001978
v 0.030071 0.025233 -0.001978
v 0.019628 0.033996 -0.001978
v 0.006817 0.038659 -0.001978
v -0.006817 0.038659 -0.001978
v -0.019628 0.033996 -0.001978
v -0.030071 0.025233 -0.001978
v -0.036888 0.013426 -0.001978
v -0.039256 0.000000 -0.001978
v -0.036888 -0.013426 -0.001978
v -0.030071 -0.025233 -0.001978
v -0.019628 -0.033996 -0.001978
v -0.006817 -0.038659 -0.001978
v 0.006817 -0.038659 -0.001978
v 0.019628 -0.033996 -0.001978
v 0.030071 -0.025233 -0.001978
v 0.036888 -0.013426 -0.001978
v 0.039256 -0.000000 -0.001978
v 0.039380 0.000000 -0.001826
v 0.037005 0.013469 -0.001826
v 0.030167 0.025313 -0.001826
v 0.019690 0.034104 -0.001826
v 0.006838 0.038782 -0.001826
v -0.006838 0.038782 -0.001826
v -0.019690 0.034104 -0.001826
v -0.030167 0.025313 -0.001826
v -0.037005 0.013469 -0.001826
v -0.039380 0.000000 -0.001826
v -0.037005 -0.013469 -0.001826
v -0.030167 -0.025313 -0.001826
v -0.019690 -0.034104 -0.001826
v -0.006838 -0.038782 -0.001826
v 0.006838 -0.038782 -0.001826
v 0.019690 -0.034104 -0.001826
v 0.030167 -0.025313 -0.001826
v 0.037005 -0.013469 -0.001826
v 0.039380 -0.000000 -0.001826
v 0.039494 0.000000 -0.001667
v 0.037113 0.013508 -0.001667
v 0.030254 0.025387 -0.001667
v 0.019747 0.034203 -0.001667
v 0.006858 0.038894 -0.001667
v -0.006858 0.038894 -0.001667
v -0.019747 0.034203 -0.001667
v -0.030254 0.025387 -0.001667
v -0.037113 0.013508 -0.001667
v -0.039494 0.000000 -0.001667
v -0.037113 -0.013508 -0.001667
v -0.030254 -0.025387 -0.001667
v -0.019747 -0.034203 -0.001667
v -0.006858 -0.038894 -0.001667
v 0.006858 -0.038894 -0.001667
v 0.019747 -0.034203 -0.001667
v 0.030254 -0.025387 -0.001667
v 0.037113 -0.013508 -0.001667
v 0.039494 -0.000000 -0.001667
v 0.039598 0.000000 -0.001500
v 0.037210 0.013543 -0.001500
v 0.030334 0.025453 -0.001500
v 0.019799 0.034293 -0.001500
v 0.006876 0.038996 -0.001500
v -0.006876 0.038996 -0.001500
v -0.019799 0.034293 -0.001500
v -0.030334 0.025453 -0.001500
v -0.037210 0.013543 -0.001500
v -0.039598 0.000000 -0.001500
v -0.037210 -0.013543 -0.001500
v -0.030334 -0.025453 -0.001500
v -0.019799 -0.034293 -0.001500
v -0.006876 -0.038996 -0.001500
v 0.006876 -0.038996 -0.001500
v 0.019799 -0.034293 -0.001500
v 0.030334 -0.025453 -0.001500
v 0.037210 -0.013543 -0.001500
v 0.039598 -0.000000 -0.001500
v 0.039691 0.000000 -0.001327
v 0.037297 0.013575 -0.001327
v 0.030405 0.025513 -0.001327
v 0.019845 0.034373 -0.001327
v 0.006892 0.039088 -0.001327
v -0.006892 0.039088 -0.001327
v -0.019845 0.034373 -0.001327
v -0.030405 0.025513 -0.001327
v -0.037297 0.013575 -0.001327
v -0.039691 0.000000 -0.001327
v -0.037297 -0.013575 -0.001327
v -0.030405 -0.025513 -0.001327
v -0.019845 -0.034373 -0.001327
v -0.006892 -0.039088 -0.001327
v 0.006892 -0.039088 -0.001327
v 0.019845 -0.034373 -0.001327
v 0.030405 -0.025513 -0.001327
v 0.037297 -0.013575 -0.001327
v 0.039691 -0.000000 -0.001327
v 0.039772 0.000000 -0.001148
v 0.037373 0.013603 -0.001148
v 0.030467 0.025565 -0.001148
v 0.019886 0.034443 -0.001148
v 0.006906 0.039167 -0.001148
v -0.006906 0.039167 -0.001148
v -0.019886 0.034443 -0.001148
v -0.030467 0.025565 -0.001148
v -0.037373 0.013603 -0.001148
v -0.039772 0.000000 -0.001148
v -0.037373 -0.013603 -0.001148
v -0.030467 -0.025565 -0.001148
v -0.019886 -0.034443 -0.001148
v -0.006906 -0.039167 -0.001148
v 0.006906 -0.039167 -0.001148
v 0.019886 -0.034443 -0.001148
v 0.030467 -0.025565 -0.001148
v 0.037373 -0.013603 -0.001148
v 0.039772 -0.000000 -0.001148
v 0.039841 0.000000 -0.000964
v 0.037438 0.013626 -0.000964
v 0.030520 0.025609 -0.000964
v 0.019920 0.034503 -0.000964
v 0.006918 0.039236 -0.000964
v -0.006918 0.039236 -0.000964
v -0.019920 0.034503 -0.000964
v -0.030520 0.025609 -0.000964
v -0.037438 0.013626 -0.000964
v -0.039841 0.000000 -0.000964
v -0.037438 -0.013626 -0.000964
v -0.030520 -0.025609 -0.000964
v -0.019920 -0.034503 -0.000964
v -0.006918 -0.039236 -0.000964
v 0.006918 -0.039236 -0.000964
v 0.019920 -0.034503 -0.000964
v 0.030520 -0.025609 -0.000964
v 0.037438 -0.013626 -0.000964
v 0.039841 -0.000000 -0.000964
v 0.039898 0.000000 -0.000776
v 0.037492 0.013646 -0.000776
v 0.030563 0.025646 -0.000776
v 0.019949 0.034552 -0.000776
v 0.006928 0.039292 -0.000776
v -0.006928 0.039292 -0.000776
v -0.019949 0.034552 -0.000776
v -0.030563 0.025646 -0.000776
v -0.037492 0.013646 -0.000776
v -0.039898 0.000000 -0.000776
v -0.037492 -0.013646 -0.000776
v -0.030563 -0.025646 -0.000776
v -0.019949 -0.034552 -0.000776
v -0.006928 -0.039292 -0.000776
v 0.006928 -0.039292 -0.000776
v 0.019949 -0.034552 -0.000776
v 0.030563 -0.025646 -0.000776
v 0.037492 -0.013646 -0.000776
v 0.039898 -0.000000 -0.000776
v 0.039942 0.000000 -0.000585
v 0.037534 0.013661 -0.000585
v 0.030598 0.025674 -0.000585
v 0.019971 0.034591 -0.000585
v 0.006936 0.039336 -0.000585
v -0.006936 0.039336 -0.000585
v -0.019971 0.034591 -0.000585
v -0.030598 0.025674 -0.000585
v -0.037534 0.013661 -0.000585
v -0.039942 0.000000 -0.000585
v -0.037534 -0.013661 -0.000585
v -0.030598 -0.025674 -0.000585
v -0.019971 -0.034591 -0.000585
v -0.006936 -0.039336 -0.000585
v 0.006936 -0.039336 -0.000585
v 0.019971 -0.034591 -0.000585
v 0.030598 -0.025674 -0.000585
v 0.037534 -0.013661 -0.000585
v 0.039942 -0.000000 -0.000585
v 0.039974 0.000000 -0.000392
v 0.037564 0.013672 -0.000392
v 0.030622 0.025695 -0.000392
v 0.019987 0.034619 -0.000392
v 0.006941 0.039367 -0.000392
v -0.006941 0.039367 -0.000392
v -0.019987 0.034619 -0.000392
v -0.030622 0.025695 -0.000392
v -0.037564 0.013672 -0.000392
v -0.039974 0.000000 -0.000392
v -0.037564 -0.013672 -0.000392
v -0.030622 -0.025695 -0.000392
v -0.019987 -0.034619 -0.000392
v -0.006941 -0.039367 -0.000392
v 0.006941 -0.039367 -0.000392
v 0.019987 -0.034619 -0.000392
v 0.030622 -0.025695 -0.000392
v 0.037564 -0.013672 -0.000392
v 0.039974 -0.000000 -0.000392
v 0.039994 0.000000 -0.000196
v 0.037582 0.013679 -0.000196
v 0.030637 0.025707 -0.000196
v 0.019997 0.034635 -0.000196
v 0.006945 0.039386 -0.000196
v -0.006945 0.039386 -0.000196
v -0.019997 0.034635 -0.000196
v -0.030637 0.025707 -0.000196
v -0.037582 0.013679 -0.000196
v -0.039994 0.000000 -0.000196
v -0.037582 -0.013679 -0.000196
v -0.030637 -0.025707 -0.000196
v -0.019997 -0.034635 -0.000196
v -0.006945 -0.039386 -0.000196
v 0.006945 -0.039386 -0.000196
v 0.019997 -0.034635 -0.000196
v 0.030637 -0.025707 -0.000196
v 0.037582 -0.013679 -0.000196
v 0.039994 -0.000000 -0.000196
v 0.040000 0.000000 -0.000000
v 0.037588 0.013681 -0.000000
v 0.030642 0.025712 -0.000000
v 0.020000 0.034641 -0.000000
v 0.006946 0.039392 -0.000000
v -0.006946 0.039392 -0.000000
v -0.020000 0.034641 -0.000000
v -0.030642 0.025712 -0.000000
v -0.037588 0.013681 -0.000000
v -0.040000 0.000000 -0.000000
v -0.037588 -0.013681 -0.000000
v -0.030642 -0.025712 -0.000000
v -0.020000 -0.034641 -0.000000
v -0.006946 -0.039392 -0.000000
v 0.006946 -0.039392 -0.000000
v 0.020000 -0.034641 -0.000000
v 0.030642 -0.025712 -0.000000
v 0.037588 -0.013681 -0.000000
v 0.040000 -0.000000 -0.000000
f 1 20 2
f 20 21 2
f 2 21 3
f 21 22 3
f 3 22 4
f 22 23 4
f 4 23 5
f 23 24 5
f 5 24 6
f 24 25 6
f 6 25 7
f 25 26 7
f 7 26 8
f 26 27 8
f 8 27 9
f 27 28 9
f 9 28 10
f 28 29 10
f 10 29 11
f 29 30 11
f 11 30 12
f 30 31 12
f 12 31 13
f 31 32 13
f 13 32 14
f 32 33 14
f 14 33 15
f 33 34 15
f 15 34 16
f 34 35 16
f 16 35 17
f 35 36 17
f 17 36 18
f 36 37 18
f 18 37 19
f 37 38 19
f 20 39 21
f 39 40 21
f 21 40 22
f 40 41 22
f 22 41 23
f 41 42 23
f 23 42 24
f 42 43 24
f 24 43 25
f 43 44 25
f 25 44 26
f 44 45 26
f 26 45 27
f 45 46 27
f 27 46 28
f 46 47 28
f 28 47 29
f 47 48 29
f 29 48 30
f 48 49 30
f 30 49 31
f 49 50 31
f 31 50 32
f 50 51 32
f 32 51 33
f 51 52 33
f 33 52 34
f 52 53 34
f 34 53 35
f 53 54 35
f 35 54 36
f 54 55 36
f 36 55 37
f 55 56 37
f 37 56 38
f 56 57 38
f 39 58 40
f 58 59 40
f 40 59 41
f 59 60 41
f 41 60 42
f 60 61 42
f 42 61 43
f 61 62 43
f 43 62 44
f 62 63 44
f 44 63 45
f 63 64 45
f 45 64 46
f 64 65 46
f 46 65 47
f 65 66 47
f 47 66 48
f 66 67 48
f 48 67 49
f 67 68 49
f 49 68 50
f 68 69 50
f 50 69 51
f 69 70 51
f 51 70 52
f 70 71 52
f 52 71 53
f 71 72 53
f 53 72 54
f 72 73 54
f 54 73 55
f 73 74 55
f 55 74 56
f 74 75 56
f 56 75 57
f 75 76 57
f 58 77 59
f 77 78 59
f 59 78 60
f 78 79 60
f 60 79 61
f 79 80 61
f 61 80 62
f 80 81 62
f 62 81 63
f 81 82 63
f 63 82 64
f 82 83 64
f 64 83 65
f 83 84 65
f 65 84 66
f 84 85 66
f 66 85 67
f 85 86 67
f 67 86 68
f 86 87 68
f 68 87 69
f 87 88 69
f 69 88 70
f 88 89 70
f 70 89 71
f 89 90 71
f 71 90 72
f 90 91 72
f 72 91 73
f 91 92 73
f 73 92 74
f 92 93 74
f 74 93 75
f 93 94 75
f 75 94 76
f 94 95 76
f 77 96 78
f 96 97 78
f 78 97 79
f 97 98 79
f 79 98 80
f 98 99 80
f 80 99 81
f 99 100 81
f 81 100 82
f 100 101 82
f 82 101 83
f 101 102 83
f 83 102 84
f 102 103 84
f 84 103 85
f 103 104 85
f 85 104 86
f 104 105 86
f 86 105 87
f 105 106 87
f 87 106 88
f 106 107 88
f 88 107 89
f 107 108 89
f 89 108 90
f 108 109 90
f 90 109 91
f 109 110 91
f 91 110 92
f 110 111 92
f 92 111 93
f 111 112 93
f 93 112 94
f 112 113 94
f 94 113 95
f 113 114 95
f 96 115 97
f 115 116 97
f 97 116 98
f 116 117 98
f 98 117 99
f 117 118 99
f 99 118 100
f 118 119 100
f 100 119 101
f 119 120 101
f 101 120 102
f 120 121 102
f 102 121 103
f 121 122 103
f 103 122 104
f 122 123 104
f 104 123 105
f 123 124 105
f 105 124 106
f 124 125 106
f 106 125 107
f 125 126 107
f 107 126 108
f 126 127 108
f 108 127 109
f 127 128 109
f 109 128 110
f 128 129 110
f 110 129 111
f 129 130 111
f 111 130 112
f 130 131 112
f 112 131 113
f 131 132 113
f 113 132 114
f 132 133 114
f 115 134 116
f 134 135 116
f 116 135 117
f 135 136 117
f 117 136 118
f 136 137 118
f 118 137 119
f 137 138 119
f 119 138 120
f 138 139 120
f 120 139 121
f 139 140 121
f 121 140 122
f 140 141 122
f 122 141 123
f 141 142 123
f 123 142 124
f 142 143 124
f 124 143 125
f 143 144 125
f 125 144 126
f 144 145 126
f 126 145 127
f 145 146 127
f 127 146 128
f 146 147 128
f 128 147 129
f 147 148 129
f 129 148 130
f 148 149 130
f 130 149 131
f 149 150 131
f 131 150 132
f 150 151 132
f 132 151 133
f 151 152 133
f 134 153 135
f 153 154 135
f 135 154 136
f 154 155 136
f 136 155 137
f 155 156 137
f 137 156 138
f 156 157 138
f 138 157 139
f 157 158 139
f 139 158 140
f 158 159 140
f 140 159 141
f 159 160 141
f 141 160 142
f 160 161 142
f 142 161 143
f 161 162 143
f 143 162 144
f 162 163 144
f 144 163 145
f 163 164 145
f 145 164 146
f 164 165 146
f 146 165 147
f 165 166 147
f 147 166 148
f 166 167 148
f 148 167 149
f 167 168 149
f 149 168 150
f 168 169 150
f 150 169 151
f 169 170 151
f 151 170 152
f 170 171 152
f 153 172 154
f 172 173 154
f 154 173 155
f 173 174 155
f 155 174 156
f 174 175 156
f 156 175 157
f 175 176 157
f 157 176 158
f 176 177 158
f 158 177 159
f 177 178 159
f 159 178 160
f 178 179 160
f 160 179 161
f 179 180 161
f 161 180 162
f 180 181 162
f 162 181 163
f 181 182 163
f 163 182 164
f 182 183 164
f 164 183 165
f 183 184 165
f 165 184 166
f 184 185 166
f 166 185 167
f 185 186 167
f 167 186 168
f 186 187 168
f 168 187 169
f 187 188 169
f 169 188 170
f 188 189 170
f 170 189 171
f 189 190 171
f 172 191 173
f 191 192 173
f 173 192 174
f 192 193 174
f 174 193 175
f 193 194 175
f 175 194 176
f 194 195 176
f 176 195 177
f 195 196 177
f 177 196 178
f 196 197 178
f 178 197 179
f 197 198 179
f 179 198 180
f 198 199 180
f 180 199 181
f 199 200 181
f 181 200 182
f 200 201 182
f 182 201 183
f 201 202 183
f 183 202 184
f 202 203 184
f 184 203 185
f 203 204 185
f 185 204 186
f 204 205 186
f 186 205 187
f 205 206 187
f 187 206 188
f 206 207 188
f 188 207 189
f 207 208 189
f 189 208 190
f 208 209 190
f 191 210 192
f 210 211 192
f 192 211 193
f 211 212 193
f 193 212 194
f 212 213 194
f 194 213 195
f 213 214 195
f 195 214 196
f 214 215 196
f 196 215 197
f 215 216 197
f 197 216 198
f 216 217 198
f 198 217 199
f 217 218 199
f 199 218 200
f 218 219 200
f 200 219 201
f 219 220 201
f 201 220 202
f 220 221 202
f 202 221 203
f 221 222 203
f 203 222 204
f 222 223 204
f 204 223 205
f 223 224 205
f 205 224 206
f 224 225 206
f 206 225 207
f 225 226 207
f 207 226 208
f 226 227 208
f 208 227 209
f 227 228 209
f 210 229 211
f 229 230 211
f 211 230 212
f 230 231 212
f 212 231 213
f 231 232 213
f 213 232 214
f 232 233 214
f 214 233 215
f 233 234 215
f 215 234 216
f 234 235 216
f 216 235 217
f 235 236 217
f 217 236 218
f 236 237 218
f 218 237 219
f 237 238 219
f 219 238 220
f 238 239 220
f 220 239 221
f 239 240 221
f 221 240 222
f 240 241 222
f 222 241 223
f 241 242 223
f 223 242 224
f 242 243 224
f 224 243 225
f 243 244 225
f 225 244 226
f 244 245 226
f 226 245 227
f 245 246 227
f 227 246 228
f 246 247 228
f 229 248 230
f 248 249 230
f 230 249 231
f 249 250 231
f 231 250 232
f 250 251 232
f 232 251 233
f 251 252 233
f 233 252 234
f 252 253 234
f 234 253 235
f 253 254 235
f 235 254 236
f 254 255 236
f 236 255 237
f 255 256 237
f 237 256 238
f 256 257 238
f 238 257 239
f 257 258 239
f 239 258 240
f 258 259 240
f 240 259 241
f 259 260 241
f 241 260 242
f 260 261 242
f 242 261 243
f 261 262 243
f 243 262 244
f 262 263 244
f 244 263 245
f 263 264 245
f 245 264 246
f 264 265 246
f 246 265 247
f 265 266 247
f 248 267 249
f 267 268 249
f 249 268 250
f 268 269 250
f 250 269 251
f 269 270 251
f 251 270 252
f 270 271 252
f 252 271 253
f 271 272 253
f 253 272 254
f 272 273 254
f 254 273 255
f 273 274 255
f 255 274 256
f 274 275 256
f 256 275 257
f 275 276 257
f 257 276 258
f 276 277 258
f 258 277 259
f 277 278 259
f 259 278 260
f 278 279 260
f 260 279 261
f 279 280 261
f 261 280 262
f 280 281 262
f 262 281 263
f 281 282 263
f 263 282 264
f 282 283 264
f 264 283 265
f 283 284 265
f 265 284 266
f 284 285 266
f 267 286 268
f 286 287 268
f 268 287 269
f 287 288 269
f 269 288 270
f 288 289 270
f 270 289 271
f 289 290 271
f 271 290 272
f 290 291 272
f 272 291 273
f 291 292 273
f 273 292 274
f 292 293 274
f 274 293 275
f 293 294 275
f 275 294 276
f 294 295 276
f 276 295 277
f 295 296 277
f 277 296 278
f 296 297 278
f 278 297 279
f 297 298 279
f 279 298 280
f 298 299 280
f 280 299 281
f 299 300 281
f 281 300 282
f 300 301 282
f 282 301 283
f 301 302 283
f 283 302 284
f 302 303 284
f 284 303 285
f 303 304 285
f 286 305 287
f 305 306 287
f 287 306 288
f 306 307 288
f 288 307 289
f 307 308 289
f 289 308 290
f 308 309 290
f 290 309 291
f 309 310 291
f 291 310 292
f 310 311 292
f 292 311 293
f 311 312 293
f 293 312 294
f 312 313 294
f 294 313 295
f 313 314 295
f 295 314 296
f 314 315 296
f 296 315 297
f 315 316 297
f 297 316 298
f 316 317 298
f 298 317 299
f 317 318 299
f 299 318 300
f 318 319 300
f 300 319 301
f 319 320 301
f 301 320 302
f 320 321 302
f 302 321 303
f 321 322 303
f 303 322 304
f 322 323 304
f 305 324 306
f 324 325 306
f 306 325 307
f 325 326 307
f 307 326 308
f 326 327 308
f 308 327 309
f 327 328 309
f 309 328 310
f 328 329 310
f 310 329 311
f 329 330 311
f 311 330 312
f 330 331 312
f 312 331 313
f 331 332 313
f 313 332 314
f 332 333 314
f 314 333 315
f 333 334 315
f 315 334 316
f 334 335 316
f 316 335 317
f 335 336 317
f 317 336 318
f 336 337 318
f 318 337 319
f 337 338 319
f 319 338 320
f 338 339 320
f 320 339 321
f 339 340 321
f 321 340 322
f 340 341 322
f 322 341 323
f 341 342 323
f 324 343 325
f 343 344 325
f 325 344 326
f 344 345 326
f 326 345 327
f 345 346 327
f 327 346 328
f 346 347 328
f 328 347 329
f 347 348 329
f 329 348 330
f 348 349 330
f 330 349 331
f 349 350 331
f 331 350 332
f 350 351 332
f 332 351 333
f 351 352 333
f 333 352 334
f 352 353 334
f 334 353 335
f 353 354 335
f 335 354 336
f 354 355 336
f 336 355 337
f 355 356 337
f 337 356 338
f 356 357 338
f 338 357 339
f 357 358 339
f 339 358 340
f 358 359 340
f 340 359 341
f 359 360 341
f 341 360 342
f 360 361 342
f 343 362 344
f 362 363 344
f 344 363 345
f 363 364 345
f 345 364 346
f 364 365 346
f 346 365 347
f 365 366 347
f 347 366 348
f 366 367 348
f 348 367 349
f 367 368 349
f 349 368 350
f 368 369 350
f 350 369 351
f 369 370 351
f 351 370 352
f 370 371 352
f 352 371 353
f 371 372 353
f 353 372 354
f 372 373 354
f 354 373 355
f 373 374 355
f 355 374 356
f 374 375 356
f 356 375 357
f 375 376 357
f 357 376 358
f 376 377 358
f 358 377 359
f 377 378 359
f 359 378 360
f 378 379 360
f 360 379 361
f 379 380 361
f 362 381 363
f 381 382 363
f 363 382 364
f 382 383 364
f 364 383 365
f 383 384 365
f 365 384 366
f 384 385 366
f 366 385 367
f 385 386 367
f 367 386 368
f 386 387 368
f 368 387 369
f 387 388 369
f 369 388 370
f 388 389 370
f 370 389 371
f 389 390 371
f 371 390 372
f 390 391 372
f 372 391 373
f 391 392 373
f 373 392 374
f 392 393 374
f 374 393 375
f 393 394 375
f 375 394 376
f 394 395 376
f 376 395 377
f 395 396 377
f 377 396 378
f 396 397 378
f 378 397 379
f 397 398 379
f 379 398 380
f 398 399 380
f 381 400 382
f 400 401 382
f 382 401 383
f 401 402 383
f 383 402 384
f 402 403 384
f 384 403 385
f 403 404 385
f 385 404 386
f 404 405 386
f 386 405 387
f 405 406 387
f 387 406 388
f 406 407 388
f 388 407 389
f 407 408 389
f 389 408 390
f 408 409 390
f 390 409 391
f 409 410 391
f 391 410 392
f 410 411 392
f 392 411 393
f 411 412 393
f 393 412 394
f 412 413 394
f 394 413 395
f 413 414 395
f 395 414 396
f 414 415 396
f 396 415 397
f 415 416 397
f 397 416 398
f 416 417 398
f 398 417 399
f 417 418 399
f 400 419 401
f 419 420 401
f 401 420 402
f 420 421 402
f 402 421 403
f 421 422 403
f 403 422 404
f 422 423 404
f 404 423 405
f 423 424 405
f 405 424 406
f 424 425 406
f 406 425 407
f 425 426 407
f 407 426 408
f 426 427 408
f 408 427 409
f 427 428 409
f 409 428 410
f 428 429 410
f 410 429 411
f 429 430 411
f 411 430 412
f 430 431 412
f 412 431 413
f 431 432 413
f 413 432 414
f 432 433 414
f 414 433 415
f 433 434 415
f 415 434 416
f 434 435 416
f 416 435 417
f 435 436 417
f 417 436 418
f 436 437 418
f 419 438 420
f 438 439 420
f 420 439 421
f 439 440 421
f 421 440 422
f 440 441 422
f 422 441 423
f 441 442 423
f 423 442 424
f 442 443 424
f 424 443 425
f 443 444 425
f 425 444 426
f 444 445 426
f 426 445 427
f 445 446 427
f 427 446 428
f 446 447 428
f 428 447 429
f 447 448 429
f 429 448 430
f 448 449 430
f 430 449 431
f 449 450 431
f 431 450 432
f 450 451 432
f 432 451 433
f 451 452 433
f 433 452 434
f 452 453 434
f 434 453 435
f 453 454 435
f 435 454 436
f 454 455 436
f 436 455 437
f 455 456 437
f 438 457 439
f 457 458 439
f 439 458 440
f 458 459 440
f 440 459 441
f 459 460 441
f 441 460 442
f 460 461 442
f 442 461 443
f 461 462 443
f 443 462 444
f 462 463 444
f 444 463 445
f 463 464 445
f 445 464 446
f 464 465 446
f 446 465 447
f 465 466 447
f 447 466 448
f 466 467 448
f 448 467 449
f 467 468 449
f 449 468 450
f 468 469 450
f 450 469 451
f 469 470 451
f 451 470 452
f 470 471 452
f 452 471 453
f 471 472 453
f 453 472 454
f 472 473 454
f 454 473 455
f 473 474 455
f 455 474 456
f 474 475 456
f 457 476 458
f 476 477 458
f 458 477 459
f 477 478 459
f 459 478 460
f 478 479 460
f 460 479 461
f 479 480 461
f 461 480 462
f 480 481 462
f 462 481 463
f 481 482 463
f 463 482 464
f 482 483 464
f 464 483 465
f 483 484 465
f 465 484 466
f 484 485 466
f 466 485 467
f 485 486 467
f 467 486 468
f 486 487 468
f 468 487 469
f 487 488 469
f 469 488 470
f 488 489 470
f 470 489 471
f 489 490 471
f 471 490 472
f 490 491 472
f 472 491 473
f 491 492 473
f 473 492 474
f 492 493 474
f 474 493 475
f 493 494 475
f 476 495 477
f 495 496 477
f 477 496 478
f 496 497 478
f 478 497 479
f 497 498 479
f 479 498 480
f 498 499 480
f 480 499 481
f 499 500 481
f 481 500 482
f 500 501 482
f 482 501 483
f 501 502 483
f 483 502 484
f 502 503 484
f 484 503 485
f 503 504 485
f 485 504 486
f 504 505 486
f 486 505 487
f 505 506 487
f 487 506 488
f 506 507 488
f 488 507 489
f 507 508 489
f 489 508 490
f 508 509 490
f 490 509 491
f 509 510 491
f 491 510 492
f 510 511 492
f 492 511 493
f 511 512 493
f 493 512 494
f 512 513 494
f 495 514 496
f 514 515 496
f 496 515 497
f 515 516 497
f 497 516 498
f 516 517 498
f 498 517 499
f 517 518 499
f 499 518 500
f 518 519 500
f 500 519 501
f 519 520 501
f 501 520 502
f 520 521 502
f 502 521 503
f 521 522 503
f 503 522 504
f 522 523 504
f 504 523 505
f 523 524 505
f 505 524 506
f 524 525 506
f 506 525 507
f 525 526 507
f 507 526 508
f 526 527 508
f 508 527 509
f 527 528 509
f 509 528 510
f 528 529 510
f 510 529 511
f 529 530 511
f 511 530 512
f 530 531 512
f 512 531 513
f 531 532 513
f 514 533 515
f 533 534 515
f 515 534 516
f 534 535 516
f 516 535 517
f 535 536 517
f 517 536 518
f 536 537 518
f 518 537 519
f 537 538 519
f 519 538 520
f 538 539 520
f 520 539 521
f 539 540 521
f 521 540 522
f 540 541 522
f 522 541 523
f 541 542 523
f 523 542 524
f 542 543 524
f 524 543 525
f 543 544 525
f 525 544 526
f 544 545 526
f 526 545 527
f 545 546 527
f 527 546 528
f 546 547 528
f 528 547 529
f 547 548 529
f 529 548 530
f 548 549 530
f 530 549 531
f 549 550 531
f 531 550 532
f 550 551 532
f 533 552 534
f 552 553 534
f 534 553 535
f 553 554 535
f 535 554 536
f 554 555 536
f 536 555 537
f 555 556 537
f 537 556 538
f 556 557 538
f 538 557 539
f 557 558 539
f 539 558 540
f 558 559 540
f 540 559 541
f 559 560 541
f 541 560 542
f 560 561 542
f 542 561 543
f 561 562 543
f 543 562 544
f 562 563 544
f 544 563 545
f 563 564 545
f 545 564 546
f 564 565 546
f 546 565 547
f 565 566 547
f 547 566 548
f 566 567 548
f 548 567 549
f 567 568 549
f 549 568 550
f 568 569 550
f 550 569 551
f 569 570 551
f 552 571 553
f 571 572 553
f 553 572 554
f 572 573 554
f 554 573 555
f 573 574 555
f 555 574 556
f 574 575 556
f 556 575 557
f 575 576 557
f 557 576 558
f 576 577 558
f 558 577 559
f 577 578 559
f 559 578 560
f 578 579 560
f 560 579 561
f 579 580 561
f 561 580 562
f 580 581 562
f 562 581 563
f 581 582 563
f 563 582 564
f 582 583 564
f 564 583 565
f 583 584 565
f 565 584 566
f 584 585 566
f 566 585 567
f 585 586 567
f 567 586 568
f 586 587 568
f 568 587 569
f 587 588 569
f 569 588 570
f 588 589 570
f 571 590 572
f 590 591 572
f 572 591 573
f 591 592 573
f 573 592 574
f 592 593 574
f 574 593 575
f 593 594 575
f 575 594 576
f 594 595 576
f 576 595 577
f 595 596 577
f 577 596 578
f 596 597 578
f 578 597 579
f 597 598 579
f 579 598 580
f 598 599 580
f 580 599 581
f 599 600 581
f 581 600 582
f 600 601 582
f 582 601 583
f 601 602 583
f 583 602 584
f 602 603 584
f 584 603 585
f 603 604 585
f 585 604 586
f 604 605 586
f 586 605 587
f 605 606 587
f 587 606 588
f 606 607 588
f 588 607 589
f 607 608 589
f 590 609 591
f 609 610 591
f 591 610 592
f 610 611 592
f 592 611 593
f 611 612 593
f 593 612 594
f 612 613 594
f 594 613 595
f 613 614 595
f 595 614 596
f 614 615 596
f 596 615 597
f 615 616 597
f 597 616 598
f 616 617 598
f 598 617 599
f 617 618 599
f 599 618 600
f 618 619 600
f 600 619 601
f 619 620 601
f 601 620 602
f 620 621 602
f 602 621 603
f 621 622 603
f 603 622 604
f 622 623 604
f 604 623 605
f 623 624 605
f 605 624 606
f 624 625 606
f 606 625 607
f 625 626 607
f 607 626 608
f 626 627 608
f 609 628 610
f 628 629 610
f 610 629 611
f 629 630 611
f 611 630 612
f 630 631 612
f 612 631 613
f 631 632 613
f 613 632 614
f 632 633 614
f 614 633 615
f 633 634 615
f 615 634 616
f 634 635 616
f 616 635 617
f 635 636 617
f 617 636 618
f 636 637 618
f 618 637 619
f 637 638 619
f 619 638 620
f 638 639 620
f 620 639 621
f 639 640 621
f 621 640 622
f 640 641 622
f 622 641 623
f 641 642 623
f 623 642 624
f 642 643 624
f 624 643 625
f 643 644 625
f 625 644 626
f 644 645 626
f 626 645 627
f 645 646 627
f 628 647 629
f 647 648 629
f 629 648 630
f 648 649 630
f 630 649 631
f 649 650 631
f 631 650 632
f 650 651 632
f 632 651 633
f 651 652 633
f 633 652 634
f 652 653 634
f 634 653 635
f 653 654 635
f 635 654 636
f 654 655 636
f 636 655 637
f 655 656 637
f 637 656 638
f 656 657 638
f 638 657 639
f 657 658 639
f 639 658 640
f 658 659 640
f 640 659 641
f 659 660 641
f 641 660 642
f 660 661 642
f 642 661 643
f 661 662 643
f 643 662 644
f 662 663 644
f 644 663 645
f 663 664 645
f 645 664 646
f 664 665 646
f 647 666 648
f 666 667 648
f 648 667 649
f 667 668 649
f 649 668 650
f 668 669 650
f 650 669 651
f 669 670 651
f 651 670 652
f 670 671 652
f 652 671 653
f 671 672 653
f 653 672 654
f 672 673 654
f 654 673 655
f 673 674 655
f 655 674 656
f 674 675 656
f 656 675 657
f 675 676 657
f 657 676 658
f 676 677 658
f 658 677 659
f 677 678 659
f 659 678 660
f 678 679 660
f 660 679 661
f 679 680 661
f 661 680 662
f 680 681 662
f 662 681 663
f 681 682 663
f 663 682 664
f 682 683 664
f 664 683 665
f 683 684 665
f 666 685 667
f 685 686 667
f 667 686 668
f 686 687 668
f 668 687 669
f 687 688 669
f 669 688 670
f 688 689 670
f 670 689 671
f 689 690 671
f 671 690 672
f 690 691 672
f 672 691 673
f 691 692 673
f 673 692 674
f 692 693 674
f 674 693 675
f 693 694 675
f 675 694 676
f 694 695 676
f 676 695 677
f 695 696 677
f 677 696 678
f 696 697 678
f 678 697 679
f 697 698 679
f 679 698 680
f 698 699 680
f 680 699 681
f 699 700 681
f 681 700 682
f 700 701 682
f 682 701 683
f 701 702 683
f 683 702 684
f 702 703 684
f 685 704 686
f 704 705 686
f 686 705 687
f 705 706 687
f 687 706 688
f 706 707 688
f 688 707 689
f 707 708 689
f 689 708 690
f 708 709 690
f 690 709 691
f 709 710 691
f 691 710 692
f 710 711 692
f 692 711 693
f 711 712 693
f 693 712 694
f 712 713 694
f 694 713 695
f 713 714 695
f 695 714 696
f 714 715 696
f 696 715 697
f 715 716 697
f 697 716 698
f 716 717 698
f 698 717 699
f 717 718 699
f 699 718 700
f 718 719 700
f 700 719 701
f 719 720 701
f 701 720 702
f 720 721 702
f 702 721 703
f 721 722 703
f 704 723 705
f 723 724 705
f 705 724 706
f 724 725 706
f 706 725 707
f 725 726 707
f 707 726 708
f 726 727 708
f 708 727 709
f 727 728 709
f 709 728 710
f 728 729 710
f 710 729 711
f 729 730 711
f 711 730 712
f 730 731 712
f 712 731 713
f 731 732 713
f 713 732 714
f 732 733 714
f 714 733 715
f 733 734 715
f 715 734 716
f 734 735 716
f 716 735 717
f 735 736 717
f 717 736 718
f 736 737 718
f 718 737 719
f 737 738 719
f 719 738 720
f 738 739 720
f 720 739 721
f 739 740 721
f 721 740 722
f 740 741 722
f 723 742 724
f 742 743 724
f 724 743 725
f 743 744 725
f 725 744 726
f 744 745 726
f 726 745 727
f 745 746 727
f 727 746 728
f 746 747 728
f 728 747 729
f 747 748 729
f 729 748 730
f 748 749 730
f 730 749 731
f 749 750 731
f 731 750 732
f 750 751 732
f 732 751 733
f 751 752 733
f 733 752 734
f 752 753 734
f 734 753 735
f 753 754 735
f 735 754 736
f 754 755 736
f 736 755 737
f 755 756 737
f 737 756 738
f 756 757 738
f 738 757 739
f 757 758 739
f 739 758 740
f 758 759 740
f 740 759 741
f 759 760 741
f 742 761 743
f 761 762 743
f 743 762 744
f 762 763 744
f 744 763 745
f 763 764 745
f 745 764 746
f 764 765 746
f 746 765 747
f 765 766 747
f 747 766 748
f 766 767 748
f 748 767 749
f 767 768 749
f 749 768 750
f 768 769 750
f 750 769 751
f 769 770 751
f 751 770 752
f 770 771 752
f 752 771 753
f 771 772 753
f 753 772 754
f 772 773 754
f 754 773 755
f 773 774 755
f 755 774 756
f 774 775 756
f 756 775 757
f 775 776 757
f 757 776 758
f 776 777 758
f 758 777 759
f 777 778 759
f 759 778 760
f 778 779 760
f 761 780 762
f 780 781 762
f 762 781 763
f 781 782 763
f 763 782 764
f 782 783 764
f 764 783 765
f 783 784 765
f 765 784 766
f 784 785 766
f 766 785 767
f 785 786 767
f 767 786 768
f 786 787 768
f 768 787 769
f 787 788 769
f 769 788 770
f 788 789 770
f 770 789 771
f 789 790 771
f 771 790 772
f 790 791 772
f 772 791 773
f 791 792 773
f 773 792 774
f 792 793 774
f 774 793 775
f 793 794 775
f 775 794 776
f 794 795 776
f 776 795 777
f 795 796 777
f 777 796 778
f 796 797 778
f 778 797 779
f 797 798 779
f 780 799 781
f 799 800 781
f 781 800 782
f 800 801 782
f 782 801 783
f 801 802 783
f 783 802 784
f 802 803 784
f 784 803 785
f 803 804 785
f 785 804 786
f 804 805 786
f 786 805 787
f 805 806 787
f 787 806 788
f 806 807 788
f 788 807 789
f 807 808 789
f 789 808 790
f 808 809 790
f 790 809 791
f 809 810 791
f 791 810 792
f 810 811 792
f 792 811 793
f 811 812 793
f 793 812 794
f 812 813 794
f 794 813 795
f 813 814 795
f 795 814 796
f 814 815 796
f 796 815 797
f 815 816 797
f 797 816 798
f 816 817 798
f 799 818 800
f 818 819 800
f 800 819 801
f 819 820 801
f 801 820 802
f 820 821 802
f 802 821 803
f 821 822 803
f 803 822 804
f 822 823 804
f 804 823 805
f 823 824 805
f 805 824 806
f 824 825 806
f 806 825 807
f 825 826 807
f 807 826 808
f 826 827 808
f 808 827 809
f 827 828 809
f 809 828 810
f 828 829 810
f 810 829 811
f 829 830 811
f 811 830 812
f 830 831 812
f 812 831 813
f 831 832 813
f 813 832 814
f 832 833 814
f 814 833 815
f 833 834 815
f 815 834 816
f 834 835 816
f 816 835 817
f 835 836 817
f 818 837 819
f 837 838 819
f 819 838 820
f 838 839 820
f 820 839 821
f 839 840 821
f 821 840 822
f 840 841 822
f 822 841 823
f 841 842 823
f 823 842 824
f 842 843 824
f 824 843 825
f 843 844 825
f 825 844 826
f 844 845 826
f 826 845 827
f 845 846 827
f 827 846 828
f 846 847 828
f 828 847 829
f 847 848 829
f 829 848 830
f 848 849 830
f 830 849 831
f 849 850 831
f 831 850 832
f 850 851 832
f 832 851 833
f 851 852 833
f 833 852 834
f 852 853 834
f 834 853 835
f 853 854 835
f 835 854 836
f 854 855 836
f 837 856 838
f 856 857 838
f 838 857 839
f 857 858 839
f 839 858 840
f 858 859 840
f 840 859 841
f 859 860 841
f 841 860 842
f 860 861 842
f 842 861 843
f 861 862 843
f 843 862 844
f 862 863 844
f 844 863 845
f 863 864 845
f 845 864 846
f 864 865 846
f 846 865 847
f 865 866 847
f 847 866 848
f 866 867 848
f 848 867 849
f 867 868 849
f 849 868 850
f 868 869 850
f 850 869 851
f 869 870 851
f 851 870 852
f 870 871 852
f 852 871 853
f 871 872 853
f 853 872 854
f 872 873 854
f 854 873 855
f 873 874 855
f 856 875 857
f 875 876 857
f 857 876 858
f 876 877 858
f 858 877 859
f 877 878 859
f 859 878 860
f 878 879 860
f 860 879 861
f 879 880 861
f 861 880 862
f 880 881 862
f 862 881 863
f 881 882 863
f 863 882 864
f 882 883 864
f 864 883 865
f 883 884 865
f 865 884 866
f 884 885 866
f 866 885 867
f 885 886 867
f 867 886 868
f 886 887 868
f 868 887 869
f 887 888 869
f 869 888 870
f 888 889 870
f 870 889 871
f 889 890 871
f 871 890 872
f 890 891 872
f 872 891 873
f 891 892 873
f 873 892 874
f 892 893 874
f 875 894 876
f 894 895 876
f 876 895 877
f 895 896 877
f 877 896 878
f 896 897 878
f 878 897 879
f 897 898 879
f 879 898 880
f 898 899 880
f 880 899 881
f 899 900 881
f 881 900 882
f 900 901 882
f 882 901 883
f 901 902 883
f 883 902 884
f 902 903 884
f 884 903 885
f 903 904 885
f 885 904 886
f 904 905 886
f 886 905 887
f 905 906 887
f 887 906 888
f 906 907 888
f 888 907 889
f 907 908 889
f 889 908 890
f 908 909 890
f 890 909 891
f 909 910 891
f 891 910 892
f 910 911 892
f 892 911 893
f 911 912 893
f 894 913 895
f 913 914 895
f 895 914 896
f 914 915 896
f 896 915 897
f 915 916 897
f 897 916 898
f 916 917 898
f 898 917 899
f 917 918 899
f 899 918 900
f 918 919 900
f 900 919 901
f 919 920 901
f 901 920 902
f 920 921 902
f 902 921 903
f 921 922 903
f 903 922 904
f 922 923 904
f 904 923 905
f 923 924 905
f 905 924 906
f 924 925 906
f 906 925 907
f 925 926 907
f 907 926 908
f 926 927 908
f 908 927 909
f 927 928 909
f 909 928 910
f 928 929 910
f 910 929 911
f 929 930 911
f 911 930 912
f 930 931 912
f 913 932 914
f 932 933 914
f 914 933 915
f 933 934 915
f 915 934 916
f 934 935 916
f 916 935 917
f 935 936 917
f 917 936 918
f 936 937 918
f 918 937 919
f 937 938 919
f 919 938 920
f 938 939 920
f 920 939 921
f 939 940 921
f 921 940 922
f 940 941 922
f 922 941 923
f 941 942 923
f 923 942 924
f 942 943 924
f 924 943 925
f 943 944 925
f 925 944 926
f 944 945 926
f 926 945 927
f 945 946 927
f 927 946 928
f 946 947 928
f 928 947 929
f 947 948 929
f 929 948 930
f 948 949 930
f 930 949 931
f 949 950 931
f 932 951 933
f 951 952 933
f 933 952 934
f 952 953 934
f 934 953 935
f 953 954 935
f 935 954 936
f 954 955 936
f 936 955 937
f 955 956 937
f 937 956 938
f 956 957 938
f 938 957 939
f 957 958 939
f 939 958 940
f 958 959 940
f 940 959 941
f 959 960 941
f 941 960 942
f 960 961 942
f 942 961 943
f 961 962 943
f 943 962 944
f 962 963 944
f 944 963 945
f 963 964 945
f 945 964 946
f 964 965 946
f 946 965 947
f 965 966 947
f 947 966 948
f 966 967 948
f 948 967 949
f 967 968 949
f 949 968 950
f 968 969 950
f 951 970 952
f 970 971 952
f 952 971 953
f 971 972 953
f 953 972 954
f 972 973 954
f 954 973 955
f 973 974 955
f 955 974 956
f 974 975 956
f 956 975 957
f 975 976 957
f 957 976 958
f 976 977 958
f 958 977 959
f 977 978 959
f 959 978 960
f 978 979 960
f 960 979 961
f 979 980 961
f 961 980 962
f 980 981 962
f 962 981 963
f 981 982 963
f 963 982 964
f 982 983 964
f 964 983 965
f 983 984 965
f 965 984 966
f 984 985 966
f 966 985 967
f 985 986 967
f 967 986 968
f 986 987 968
f 968 987 969
f 987 988 969
f 970 989 971
f 989 990 971
f 971 990 972
f 990 991 972
f 972 991 973
f 991 992 973
f 973 992 974
f 992 993 974
f 974 993 975
f 993 994 975
f 975 994 976
f 994 995 976
f 976 995 977
f 995 996 977
f 977 996 978
f 996 997 978
f 978 997 979
f 997 998 979
f 979 998 980
f 998 999 980
f 980 999 981
f 999 1000 981
f 981 1000 982
f 1000 1001 982
f 982 1001 983
f 1001 1002 983
f 983 1002 984
f 1002 1003 984
f 984 1003 985
f 1003 1004 985
f 985 1004 986
f 1004 1005 986
f 986 1005 987
f 1005 1006 987
f 987 1006 988
f 1006 1007 988
f 989 1008 990
f 1008 1009 990
f 990 1009 991
f 1009 1010 991
f 991 1010 992
f 1010 1011 992
f 992 1011 993
f 1011 1012 993
f 993 1012 994
f 1012 1013 994
f 994 1013 995
f 1013 1014 995
f 995 1014 996
f 1014 1015 996
f 996 1015 997
f 1015 1016 997
f 997 1016 998
f 1016 1017 998
f 998 1017 999
f 1017 1018 999
f 999 1018 1000
f 1018 1019 1000
f 1000 1019 1001
f 1019 1020 1001
f 1001 1020 1002
f 1020 1021 1002
f 1002 1021 1003
f 1021 1022 1003
f 1003 1022 1004
f 1022 1023 1004
f 1004 1023 1005
f 1023 1024 1005
f 1005 1024 1006
f 1024 1025 1006
f 1006 1025 1007
f 1025 1026 1007
f 1008 1027 1009
f 1027 1028 1009
f 1009 1028 1010
f 1028 1029 1010
f 1010 1029 1011
f 1029 1030 1011
f 1011 1030 1012
f 1030 1031 1012
f 1012 1031 1013
f 1031 1032 1013
f 1013 1032 1014
f 1032 1033 1014
f 1014 1033 1015
f 1033 1034 1015
f 1015 1034 1016
f 1034 1035 1016
f 1016 1035 1017
f 1035 1036 1017
f 1017 1036 1018
f 1036 1037 1018
f 1018 1037 1019
f 1037 1038 1019
f 1019 1038 1020
f 1038 1039 1020
f 1020 1039 1021
f 1039 1040 1021
f 1021 1040 1022
f 1040 1041 1022
f 1022 1041 1023
f 1041 1042 1023
f 1023 1042 1024
f 1042 1043 1024
f 1024 1043 1025
f 1043 1044 1025
f 1025 1044 1026
f 1044 1045 1026
f 1027 1046 1028
f 1046 1047 1028
f 1028 1047 1029
f 1047 1048 1029
f 1029 1048 1030
f 1048 1049 1030
f 1030 1049 1031
f 1049 1050 1031
f 1031 1050 1032
f 1050 1051 1032
f 1032 1051 1033
f 1051 1052 1033
f 1033 1052 1034
f 1052 1053 1034
f 1034 1053 1035
f 1053 1054 1035
f 1035 1054 1036
f 1054 1055 1036
f 1036 1055 1037
f 1055 1056 1037
f 1037 1056 1038
f 1056 1057 1038
f 1038 1057 1039
f 1057 1058 1039
f 1039 1058 1040
f 1058 1059 1040
f 1040 1059 1041
f 1059 1060 1041
f 1041 1060 1042
f 1060 1061 1042
f 1042 1061 1043
f 1061 1062 1043
f 1043 1062 1044
f 1062 1063 1044
f 1044 1063 1045
f 1063 1064 1045
f 1046 1065 1047
f 1065 1066 1047
f 1047 1066 1048
f 1066 1067 1048
f 1048 1067 1049
f 1067 1068 1049
f 1049 1068 1050
f 1068 1069 1050
f 1050 1069 1051
f 1069 1070 1051
f 1051 1070 1052
f 1070 1071 1052
f 1052 1071 1053
f 1071 1072 1053
f 1053 1072 1054
f 1072 1073 1054
f 1054 1073 1055
f 1073 1074 1055
f 1055 1074 1056
f 1074 1075 1056
f 1056 1075 1057
f 1075 1076 1057
f 1057 1076 1058
f 1076 1077 1058
f 1058 1077 1059
f 1077 1078 1059
f 1059 1078 1060
f 1078 1079 1060
f 1060 1079 1061
f 1079 1080 1061
f 1061 1080 1062
f 1080 1081 1062
f 1062 1081 1063
f 1081 1082 1063
f 1063 1082 1064
f 1082 1083 1064
f 1065 1084 1066
f 1084 1085 1066
f 1066 1085 1067
f 1085 1086 1067
f 1067 1086 1068
f 1086 1087 1068
f 1068 1087 1069
f 1087 1088 1069
f 1069 1088 1070
f 1088 1089 1070
f 1070 1089 1071
f 1089 1090 1071
f 1071 1090 1072
f 1090 1091 1072
f 1072 1091 1073
f 1091 1092 1073
f 1073 1092 1074
f 1092 1093 1074
f 1074 1093 1075
f 1093 1094 1075
f 1075 1094 1076
f 1094 1095 1076
f 1076 1095 1077
f 1095 1096 1077
f 1077 1096 1078
f 1096 1097 1078
f 1078 1097 1079
f 1097 1098 1079
f 1079 1098 1080
f 1098 1099 1080
f 1080 1099 1081
f 1099 1100 1081
f 1081 1100 1082
f 1100 1101 1082
f 1082 1101 1083
f 1101 1102 1083
f 1084 1103 1085
f 1103 1104 1085
f 1085 1104 1086
f 1104 1105 1086
f 1086 1105 1087
f 1105 1106 1087
f 1087 1106 1088
f 1106 1107 1088
f 1088 1107 1089
f 1107 1108 1089
f 1089 1108 1090
f 1108 1109 1090
f 1090 1109 1091
f 1109 1110 1091
f 1091 1110 1092
f 1110 1111 1092
f 1092 1111 1093
f 1111 1112 1093
f 1093 1112 1094
f 1112 1113 1094
f 1094 1113 1095
f 1113 1114 1095
f 1095 1114 1096
f 1114 1115 1096
f 1096 1115 1097
f 1115 1116 1097
f 1097 1116 1098
f 1116 1117 1098
f 1098 1117 1099
f 1117 1118 1099
f 1099 1118 1100
f 1118 1119 1100
f 1100 1119 1101
f 1119 1120 1101
f 1101 1120 1102
f 1120 1121 1102
f 1103 1122 1104
f 1122 1123 1104
f 1104 1123 1105
f 1123 1124 1105
f 1105 1124 1106
f 1124 1125 1106
f 1106 1125 1107
f 1125 1126 1107
f 1107 1126 1108
f 1126 1127 1108
f 1108 1127 1109
f 1127 1128 1109
f 1109 1128 1110
f 1128 1129 1110
f 1110 1129 1111
f 1129 1130 1111
f 1111 1130 1112
f 1130 1131 1112
f 1112 1131 1113
f 1131 1132 1113
f 1113 1132 1114
f 1132 1133 1114
f 1114 1133 1115
f 1133 1134 1115
f 1115 1134 1116
f 1134 1135 1116
f 1116 1135 1117
f 1135 1136 1117
f 1117 1136 1118
f 1136 1137 1118
f 1118 1137 1119
f 1137 1138 1119
f 1119 1138 1120
f 1138 1139 1120
f 1120 1139 1121
f 1139 1140 1121
f 1122 1141 1123
f 1141 1142 1123
f 1123 1142 1124
f 1142 1143 1124
f 1124 1143 1125
f 1143 1144 1125
f 1125 1144 1126
f 1144 1145 1126
f 1126 1145 1127
f 1145 1146 1127
f 1127 1146 1128
f 1146 1147 1128
f 1128 1147 1129
f 1147 1148 1129
f 1129 1148 1130
f 1148 1149 1130
f 1130 1149 1131
f 1149 1150 1131
f 1131 1150 1132
f 1150 1151 1132
f 1132 1151 1133
f 1151 1152 1133
f 1133 1152 1134
f 1152 1153 1134
f 1134 1153 1135
f 1153 1154 1135
f 1135 1154 1136
f 1154 1155 1136
f 1136 1155 1137
f 1155 1156 1137
f 1137 1156 1138
f 1156 1157 1138
f 1138 1157 1139
f 1157 1158 1139
f 1139 1158 1140
f 1158 1159 1140
f 1141 1160 1142
f 1160 1161 1142
f 1142 1161 1143
f 1161 1162 1143
f 1143 1162 1144
f 1162 1163 1144
f 1144 1163 1145
f 1163 1164 1145
f 1145 1164 1146
f 1164 1165 1146
f 1146 1165 1147
f 1165 1166 1147
f 1147 1166 1148
f 1166 1167 1148
f 1148 1167 1149
f 1167 1168 1149
f 1149 1168 1150
f 1168 1169 1150
f 1150 1169 1151
f 1169 1170 1151
f 1151 1170 1152
f 1170 1171 1152
f 1152 1171 1153
f 1171 1172 1153
f 1153 1172 1154
f 1172 1173 1154
f 1154 1173 1155
f 1173 1174 1155
f 1155 1174 1156
f 1174 1175 1156
f 1156 1175 1157
f 1175 1176 1157
f 1157 1176 1158
f 1176 1177 1158
f 1158 1177 1159
f 1177 1178 1159
f 1160 1179 1161
f 1179 1180 1161
f 1161 1180 1162
f 1180 1181 1162
f 1162 1181 1163
f 1181 1182 1163
f 1163 1182 1164
f 1182 1183 1164
f 1164 1183 1165
f 1183 1184 1165
f 1165 1184 1166
f 1184 1185 1166
f 1166 1185 1167
f 1185 1186 1167
f 1167 1186 1168
f 1186 1187 1168
f 1168 1187 1169
f 1187 1188 1169
f 1169 1188 1170
f 1188 1189 1170
f 1170 1189 1171
f 1189 1190 1171
f 1171 1190 1172
f 1190 1191 1172
f 1172 1191 1173
f 1191 1192 1173
f 1173 1192 1174
f 1192 1193 1174
f 1174 1193 1175
f 1193 1194 1175
f 1175 1194 1176
f 1194 1195 1176
f 1176 1195 1177
f 1195 1196 1177
f 1177 1196 1178
f 1196 1197 1178
f 1179 1198 1180
f 1198 1199 1180
f 1180 1199 1181
f 1199 1200 1181
f 1181 1200 1182
f 1200 1201 1182
f 1182 1201 1183
f 1201 1202 1183
f 1183 1202 1184
f 1202 1203 1184
f 1184 1203 1185
f 1203 1204 1185
f 1185 1204 1186
f 1204 1205 1186
f 1186 1205 1187
f 1205 1206 1187
f 1187 1206 1188
f 1206 1207 1188
f 1188 1207 1189
f 1207 1208 1189
f 1189 1208 1190
f 1208 1209 1190
f 1190 1209 1191
f 1209 1210 1191
f 1191 1210 1192
f 1210 1211 1192
f 1192 1211 1193
f 1211 1212 1193
f 1193 1212 1194
f 1212 1213 1194
f 1194 1213 1195
f 1213 1214 1195
f 1195 1214 1196
f 1214 1215 1196
f 1196 1215 1197
f 1215 1216 1197
f 1198 1217 1199
f 1217 1218 1199
f 1199 1218 1200
f 1218 1219 1200
f 1200 1219 1201
f 1219 1220 1201
f 1201 1220 1202
f 1220 1221 1202
f 1202 1221 1203
f 1221 1222 1203
f 1203 1222 1204
f 1222 1223 1204
f 1204 1223 1205
f 1223 1224 1205
f 1205 1224 1206
f 1224 1225 1206
f 1206 1225 1207
f 1225 1226 1207
f 1207 1226 1208
f 1226 1227 1208
f 1208 1227 1209
f 1227 1228 1209
f 1209 1228 1210
f 1228 1229 1210
f 1210 1229 1211
f 1229 1230 1211
f 1211 1230 1212
f 1230 1231 1212
f 1212 1231 1213
f 1231 1232 1213
f 1213 1232 1214
f 1232 1233 1214
f 1214 1233 1215
f 1233 1234 1215
f 1215 1234 1216
f 1234 1235 1216
f 1217 1236 1218
f 1236 1237 1218
f 1218 1237 1219
f 1237 1238 1219
f 1219 1238 1220
f 1238 1239 1220
f 1220 1239 1221
f 1239 1240 1221
f 1221 1240 1222
f 1240 1241 1222
f 1222 1241 1223
f 1241 1242 1223
f 1223 1242 1224
f 1242 1243 1224
f 1224 1243 1225
f 1243 1244 1225
f 1225 1244 1226
f 1244 1245 1226
f 1226 1245 1227
f 1245 1246 1227
f 1227 1246 1228
f 1246 1247 1228
f 1228 1247 1229
f 1247 1248 1229
f 1229 1248 1230
f 1248 1249 1230
f 1230 1249 1231
f 1249 1250 1231
f 1231 1250 1232
f 1250 1251 1232
f 1232 1251 1233
f 1251 1252 1233
f 1233 1252 1234
f 1252 1253 1234
f 1234 1253 1235
f 1253 1254 1235
f 1236 1255 1237
f 1255 1256 1237
f 1237 1256 1238
f 1256 1257 1238
f 1238 1257 1239
f 1257 1258 1239
f 1239 1258 1240
f 1258 1259 1240
f 1240 1259 1241
f 1259 1260 1241
f 1241 1260 1242
f 1260 1261 1242
f 1242 1261 1243
f 1261 1262 1243
f 1243 1262 1244
f 1262 1263 1244
f 1244 1263 1245
f 1263 1264 1245
f 1245 1264 1246
f 1264 1265 1246
f 1246 1265 1247
f 1265 1266 1247
f 1247 1266 1248
f 1266 1267 1248
f 1248 1267 1249
f 1267 1268 1249
f 1249 1268 1250
f 1268 1269 1250
f 1250 1269 1251
f 1269 1270 1251
f 1251 1270 1252
f 1270 1271 1252
f 1252 1271 1253
f 1271 1272 1253
f 1253 1272 1254
f 1272 1273 1254
f 1255 1274 1256
f 1274 1275 1256
f 1256 1275 1257
f 1275 1276 1257
f 1257 1276 1258
f 1276 1277 1258
f 1258 1277 1259
f 1277 1278 1259
f 1259 1278 1260
f 1278 1279 1260
f 1260 1279 1261
f 1279 1280 1261
f 1261 1280 1262
f 1280 1281 1262
f 1262 1281 1263
f 1281 1282 1263
f 1263 1282 1264
f 1282 1283 1264
f 1264 1283 1265
f 1283 1284 1265
f 1265 1284 1266
f 1284 1285 1266
f 1266 1285 1267
f 1285 1286 1267
f 1267 1286 1268
f 1286 1287 1268
f 1268 1287 1269
f 1287 1288 1269
f 1269 1288 1270
f 1288 1289 1270
f 1270 1289 1271
f 1289 1290 1271
f 1271 1290 1272
f 1290 1291 1272
f 1272 1291 1273
f 1291 1292 1273
f 1274 1293 1275
f 1293 1294 1275
f 1275 1294 1276
f 1294 1295 1276
f 1276 1295 1277
f 1295 1296 1277
f 1277 1296 1278
f 1296 1297 1278
f 1278 1297 1279
f 1297 1298 1279
f 1279 1298 1280
f 1298 1299 1280
f 1280 1299 1281
f 1299 1300 1281
f 1281 1300 1282
f 1300 1301 1282
f 1282 1301 1283
f 1301 1302 1283
f 1283 1302 1284
f 1302 1303 1284
f 1284 1303 1285
f 1303 1304 1285
f 1285 1304 1286
f 1304 1305 1286
f 1286 1305 1287
f 1305 1306 1287
f 1287 1306 1288
f 1306 1307 1288
f 1288 1307 1289
f 1307 1308 1289
f 1289 1308 1290
f 1308 1309 1290
f 1290 1309 1291
f 1309 1310 1291
f 1291 1310 1292
f 1310 1311 1292
f 1293 1312 1294
f 1312 1313 1294
f 1294 1313 1295
f 1313 1314 1295
f 1295 1314 1296
f 1314 1315 1296
f 1296 1315 1297
f 1315 1316 1297
f 1297 1316 1298
f 1316 1317 1298
f 1298 1317 1299
f 1317 1318 1299
f 1299 1318 1300
f 1318 1319 1300
f 1300 1319 1301
f 1319 1320 1301
f 1301 1320 1302
f 1320 1321 1302
f 1302 1321 1303
f 1321 1322 1303
f 1303 1322 1304
f 1322 1323 1304
f 1304 1323 1305
f 1323 1324 1305
f 1305 1324 1306
f 1324 1325 1306
f 1306 1325 1307
f 1325 1326 1307
f 1307 1326 1308
f 1326 1327 1308
f 1308 1327 1309
f 1327 1328 1309
f 1309 1328 1310
f 1328 1329 1310
f 1310 1329 1311
f 1329 1330 1311
f 1312 1331 1313
f 1331 1332 1313
f 1313 1332 1314
f 1332 1333 1314
f 1314 1333 1315
f 1333 1334 1315
f 1315 1334 1316
f 1334 1335 1316
f 1316 1335 1317
f 1335 1336 1317
f 1317 1336 1318
f 1336 1337 1318
f 1318 1337 1319
f 1337 1338 1319
f 1319 1338 1320
f 1338 1339 1320
f 1320 1339 1321
f 1339 1340 1321
f 1321 1340 1322
f 1340 1341 1322
f 1322 1341 1323
f 1341 1342 1323
f 1323 1342 1324
f 1342 1343 1324
f 1324 1343 1325
f 1343 1344 1325
f 1325 1344 1326
f 1344 1345 1326
f 1326 1345 1327
f 1345 1346 1327
f 1327 1346 1328
f 1346 1347 1328
f 1328 1347 1329
f 1347 1348 1329
f 1329 1348 1330
f 1348 1349 1330
f 1331 1350 1332
f 1350 1351 1332
f 1332 1351 1333
f 1351 1352 1333
f 1333 1352 1334
f 1352 1353 1334
f 1334 1353 1335
f 1353 1354 1335
f 1335 1354 1336
f 1354 1355 1336
f 1336 1355 1337
f 1355 1356 1337
f 1337 1356 1338
f 1356 1357 1338
f 1338 1357 1339
f 1357 1358 1339
f 1339 1358 1340
f 1358 1359 1340
f 1340 1359 1341
f 1359 1360 1341
f 1341 1360 1342
f 1360 1361 1342
f 1342 1361 1343
f 1361 1362 1343
f 1343 1362 1344
f 1362 1363 1344
f 1344 1363 1345
f 1363 1364 1345
f 1345 1364 1346
f 1364 1365 1346
f 1346 1365 1347
f 1365 1366 1347
f 1347 1366 1348
f 1366 1367 1348
f 1348 1367 1349
f 1367 1368 1349
f 1350 1369 1351
f 1369 1370 1351
f 1351 1370 1352
f 1370 1371 1352
f 1352 1371 1353
f 1371 1372 1353
f 1353 1372 1354
f 1372 1373 1354
f 1354 1373 1355
f 1373 1374 1355
f 1355 1374 1356
f 1374 1375 1356
f 1356 1375 1357
f 1375 1376 1357
f 1357 1376 1358
f 1376 1377 1358
f 1358 1377 1359
f 1377 1378 1359
f 1359 1378 1360
f 1378 1379 1360
f 1360 1379 1361
f 1379 1380 1361
f 1361 1380 1362
f 1380 1381 1362
f 1362 1381 1363
f 1381 1382 1363
f 1363 1382 1364
f 1382 1383 1364
f 1364 1383 1365
f 1383 1384 1365
f 1365 1384 1366
f 1384 1385 1366
f 1366 1385 1367
f 1385 1386 1367
f 1367 1386 1368
f 1386 1387 1368
f 1369 1388 1370
f 1388 1389 1370
f 1370 1389 1371
f 1389 1390 1371
f 1371 1390 1372
f 1390 1391 1372
f 1372 1391 1373
f 1391 1392 1373
f 1373 1392 1374
f 1392 1393 1374
f 1374 1393 1375
f 1393 1394 1375
f 1375 1394 1376
f 1394 1395 1376
f 1376 1395 1377
f 1395 1396 1377
f 1377 1396 1378
f 1396 1397 1378
f 1378 1397 1379
f 1397 1398 1379
f 1379 1398 1380
f 1398 1399 1380
f 1380 1399 1381
f 1399 1400 1381
f 1381 1400 1382
f 1400 1401 1382
f 1382 1401 1383
f 1401 1402 1383
f 1383 1402 1384
f 1402 1403 1384
f 1384 1403 1385
f 1403 1404 1385
f 1385 1404 1386
f 1404 1405 1386
f 1386 1405 1387
f 1405 1406 1387
f 1388 1407 1389
f 1407 1408 1389
f 1389 1408 1390
f 1408 1409 1390
f 1390 1409 1391
f 1409 1410 1391
f 1391 1410 1392
f 1410 1411 1392
f 1392 1411 1393
f 1411 1412 1393
f 1393 1412 1394
f 1412 1413 1394
f 1394 1413 1395
f 1413 1414 1395
f 1395 1414 1396
f 1414 1415 1396
f 1396 1415 1397
f 1415 1416 1397
f 1397 1416 1398
f 1416 1417 1398
f 1398 1417 1399
f 1417 1418 1399
f 1399 1418 1400
f 1418 1419 1400
f 1400 1419 1401
f 1419 1420 1401
f 1401 1420 1402
f 1420 1421 1402
f 1402 1421 1403
f 1421 1422 1403
f 1403 1422 1404
f 1422 1423 1404
f 1404 1423 1405
f 1423 1424 1405
f 1405 1424 1406
f 1424 1425 1406
f 1407 1426 1408
f 1426 1427 1408
f 1408 1427 1409
f 1427 1428 1409
f 1409 1428 1410
f 1428 1429 1410
f 1410 1429 1411
f 1429 1430 1411
f 1411 1430 1412
f 1430 1431 1412
f 1412 1431 1413
f 1431 1432 1413
f 1413 1432 1414
f 1432 1433 1414
f 1414 1433 1415
f 1433 1434 1415
f 1415 1434 1416
f 1434 1435 1416
f 1416 1435 1417
f 1435 1436 1417
f 1417 1436 1418
f 1436 1437 1418
f 1418 1437 1419
f 1437 1438 1419
f 1419 1438 1420
f 1438 1439 1420
f 1420 1439 1421
f 1439 1440 1421
f 1421 1440 1422
f 1440 1441 1422
f 1422 1441 1423
f 1441 1442 1423
f 1423 1442 1424
f 1442 1443 1424
f 1424 1443 1425
f 1443 1444 1425
f 1426 1445 1427
f 1445 1446 1427
f 1427 1446 1428
f 1446 1447 1428
f 1428 1447 1429
f 1447 1448 1429
f 1429 1448 1430
f 1448 1449 1430
f 1430 1449 1431
f 1449 1450 1431
f 1431 1450 1432
f 1450 1451 1432
f 1432 1451 1433
f 1451 1452 1433
f 1433 1452 1434
f 1452 1453 1434
f 1434 1453 1435
f 1453 1454 1435
f 1435 1454 1436
f 1454 1455 1436
f 1436 1455 1437
f 1455 1456 1437
f 1437 1456 1438
f 1456 1457 1438
f 1438 1457 1439
f 1457 1458 1439
f 1439 1458 1440
f 1458 1459 1440
f 1440 1459 1441
f 1459 1460 1441
f 1441 1460 1442
f 1460 1461 1442
f 1442 1461 1443
f 1461 1462 1443
f 1443 1462 1444
f 1462 1463 1444
f 1445 1464 1446
f 1464 1465 1446
f 1446 1465 1447
f 1465 1466 1447
f 1447 1466 1448
f 1466 1467 1448
f 1448 1467 1449
f 1467 1468 1449
f 1449 1468 1450
f 1468 1469 1450
f 1450 1469 1451
f 1469 1470 1451
f 1451 1470 1452
f 1470 1471 1452
f 1452 1471 1453
f 1471 1472 1453
f 1453 1472 1454
f 1472 1473 1454
f 1454 1473 1455
f 1473 1474 1455
f 1455 1474 1456
f 1474 1475 1456
f 1456 1475 1457
f 1475 1476 1457
f 1457 1476 1458
f 1476 1477 1458
f 1458 1477 1459
f 1477 1478 1459
f 1459 1478 1460
f 1478 1479 1460
f 1460 1479 1461
f 1479 1480 1461
f 1461 1480 1462
f 1480 1481 1462
f 1462 1481 1463
f 1481 1482 1463
f 1464 1483 1465
f 1483 1484 1465
f 1465 1484 1466
f 1484 1485 1466
f 1466 1485 1467
f 1485 1486 1467
f 1467 1486 1468
f 1486 1487 1468
f 1468 1487 1469
f 1487 1488 1469
f 1469 1488 1470
f 1488 1489 1470
f 1470 1489 1471
f 1489 1490 1471
f 1471 1490 1472
f 1490 1491 1472
f 1472 1491 1473
f 1491 1492 1473
f 1473 1492 1474
f 1492 1493 1474
f 1474 1493 1475
f 1493 1494 1475
f 1475 1494 1476
f 1494 1495 1476
f 1476 1495 1477
f 1495 1496 1477
f 1477 1496 1478
f 1496 1497 1478
f 1478 1497 1479
f 1497 1498 1479
f 1479 1498 1480
f 1498 1499 1480
f 1480 1499 1481
f 1499 1500 1481
f 1481 1500 1482
f 1500 1501 1482
f 1483 1502 1484
f 1502 1503 1484
f 1484 1503 1485
f 1503 1504 1485
f 1485 1504 1486
f 1504 1505 1486
f 1486 1505 1487
f 1505 1506 1487
f 1487 1506 1488
f 1506 1507 1488
f 1488 1507 1489
f 1507 1508 1489
f 1489 1508 1490
f 1508 1509 1490
f 1490 1509 1491
f 1509 1510 1491
f 1491 1510 1492
f 1510 1511 1492
f 1492 1511 1493
f 1511 1512 1493
f 1493 1512 1494
f 1512 1513 1494
f 1494 1513 1495
f 1513 1514 1495
f 1495 1514 1496
f 1514 1515 1496
f 1496 1515 1497
f 1515 1516 1497
f 1497 1516 1498
f 1516 1517 1498
f 1498 1517 1499
f 1517 1518 1499
f 1499 1518 1500
f 1518 1519 1500
f 1500 1519 1501
f 1519 1520 1501
f 1502 1521 1503
f 1521 1522 1503
f 1503 1522 1504
f 1522 1523 1504
f 1504 1523 1505
f 1523 1524 1505
f 1505 1524 1506
f 1524 1525 1506
f 1506 1525 1507
f 1525 1526 1507
f 1507 1526 1508
f 1526 1527 1508
f 1508 1527 1509
f 1527 1528 1509
f 1509 1528 1510
f 1528 1529 1510
f 1510 1529 1511
f 1529 1530 1511
f 1511 1530 1512
f 1530 1531 1512
f 1512 1531 1513
f 1531 1532 1513
f 1513 1532 1514
f 1532 1533 1514
f 1514 1533 1515
f 1533 1534 1515
f 1515 1534 1516
f 1534 1535 1516
f 1516 1535 1517
f 1535 1536 1517
f 1517 1536 1518
f 1536 1537 1518
f 1518 1537 1519
f 1537 1538 1519
f 1519 1538 1520
f 1538 1539 1520
f 1521 1540 1522
f 1540 1541 1522
f 1522 1541 1523
f 1541 1542 1523
f 1523 1542 1524
f 1542 1543 1524
f 1524 1543 1525
f 1543 1544 1525
f 1525 1544 1526
f 1544 1545 1526
f 1526 1545 1527
f 1545 1546 1527
f 1527 1546 1528
f 1546 1547 1528
f 1528 1547 1529
f 1547 1548 1529
f 1529 1548 1530
f 1548 1549 1530
f 1530 1549 1531
f 1549 1550 1531
f 1531 1550 1532
f 1550 1551 1532
f 1532 1551 1533
f 1551 1552 1533
f 1533 1552 1534
f 1552 1553 1534
f 1534 1553 1535
f 1553 1554 1535
f 1535 1554 1536
f 1554 1555 1536
f 1536 1555 1537
f 1555 1556 1537
f 1537 1556 1538
f 1556 1557 1538
f 1538 1557 1539
f 1557 1558 1539
f 1540 1559 1541
f 1559 1560 1541
f 1541 1560 1542
f 1560 1561 1542
f 1542 1561 1543
f 1561 1562 1543
f 1543 1562 1544
f 1562 1563 1544
f 1544 1563 1545
f 1563 1564 1545
f 1545 1564 1546
f 1564 1565 1546
f 1546 1565 1547
f 1565 1566 1547
f 1547 1566 1548
f 1566 1567 1548
f 1548 1567 1549
f 1567 1568 1549
f 1549 1568 1550
f 1568 1569 1550
f 1550 1569 1551
f 1569 1570 1551
f 1551 1570 1552
f 1570 1571 1552
f 1552 1571 1553
f 1571 1572 1553
f 1553 1572 1554
f 1572 1573 1554
f 1554 1573 1555
f 1573 1574 1555
f 1555 1574 1556
f 1574 1575 1556
f 1556 1575 1557
f 1575 1576 1557
f 1557 1576 1558
f 1576 1577 1558
f 1559 1578 1560
f 1578 1579 1560
f 1560 1579 1561
f 1579 1580 1561
f 1561 1580 1562
f 1580 1581 1562
f 1562 1581 1563
f 1581 1582 1563
f 1563 1582 1564
f 1582 1583 1564
f 1564 1583 1565
f 1583 1584 1565
f 1565 1584 1566
f 1584 1585 1566
f 1566 1585 1567
f 1585 1586 1567
f 1567 1586 1568
f 1586 1587 1568
f 1568 1587 1569
f 1587 1588 1569
f 1569 1588 1570
f 1588 1589 1570
f 1570 1589 1571
f 1589 1590 1571
f 1571 1590 1572
f 1590 1591 1572
f 1572 1591 1573
f 1591 1592 1573
f 1573 1592 1574
f 1592 1593 1574
f 1574 1593 1575
f 1593 1594 1575
f 1575 1594 1576
f 1594 1595 1576
f 1576 1595 1577
f 1595 1596 1577
f 1578 1597 1579
f 1597 1598 1579
f 1579 1598 1580
f 1598 1599 1580
f 1580 1599 1581
f 1599 1600 1581
f 1581 1600 1582
f 1600 1601 1582
f 1582 1601 1583
f 1601 1602 1583
f 1583 1602 1584
f 1602 1603 1584
f 1584 1603 1585
f 1603 1604 1585
f 1585 1604 1586
f 1604 1605 1586
f 1586 1605 1587
f 1605 1606 1587
f 1587 1606 1588
f 1606 1607 1588
f 1588 1607 1589
f 1607 1608 1589
f 1589 1608 1590
f 1608 1609 1590
f 1590 1609 1591
f 1609 1610 1591
f 1591 1610 1592
f 1610 1611 1592
f 1592 1611 1593
f 1611 1612 1593
f 1593 1612 1594
f 1612 1613 1594
f 1594 1613 1595
f 1613 1614 1595
f 1595 1614 1596
f 1614 1615 1596
f 1597 1616 1598
f 1616 1617 1598
f 1598 1617 1599
f 1617 1618 1599
f 1599 1618 1600
f 1618 1619 1600
f 1600 1619 1601
f 1619 1620 1601
f 1601 1620 1602
f 1620 1621 1602
f 1602 1621 1603
f 1621 1622 1603
f 1603 1622 1604
f 1622 1623 1604
f 1604 1623 1605
f 1623 1624 1605
f 1605 1624 1606
f 1624 1625 1606
f 1606 1625 1607
f 1625 1626 1607
f 1607 1626 1608
f 1626 1627 1608
f 1608 1627 1609
f 1627 1628 1609
f 1609 1628 1610
f 1628 1629 1610
f 1610 1629 1611
f 1629 1630 1611
f 1611 1630 1612
f 1630 1631 1612
f 1612 1631 1613
f 1631 1632 1613
f 1613 1632 1614
f 1632 1633 1614
f 1614 1633 1615
f 1633 1634 1615
f 1616 1635 1617
f 1635 1636 1617
f 1617 1636 1618
f 1636 1637 1618
f 1618 1637 1619
f 1637 1638 1619
f 1619 1638 1620
f 1638 1639 1620
f 1620 1639 1621
f 1639 1640 1621
f 1621 1640 1622
f 1640 1641 1622
f 1622 1641 1623
f 1641 1642 1623
f 1623 1642 1624
f 1642 1643 1624
f 1624 1643 1625
f 1643 1644 1625
f 1625 1644 1626
f 1644 1645 1626
f 1626 1645 1627
f 1645 1646 1627
f 1627 1646 1628
f 1646 1647 1628
f 1628 1647 1629
f 1647 1648 1629
f 1629 1648 1630
f 1648 1649 1630
f 1630 1649 1631
f 1649 1650 1631
f 1631 1650 1632
f 1650 1651 1632
f 1632 1651 1633
f 1651 1652 1633
f 1633 1652 1634
f 1652 1653 1634
f 1635 1654 1636
f 1654 1655 1636
f 1636 1655 1637
f 1655 1656 1637
f 1637 1656 1638
f 1656 1657 1638
f 1638 1657 1639
f 1657 1658 1639
f 1639 1658 1640
f 1658 1659 1640
f 1640 1659 1641
f 1659 1660 1641
f 1641 1660 1642
f 1660 1661 1642
f 1642 1661 1643
f 1661 1662 1643
f 1643 1662 1644
f 1662 1663 1644
f 1644 1663 1645
f 1663 1664 1645
f 1645 1664 1646
f 1664 1665 1646
f 1646 1665 1647
f 1665 1666 1647
f 1647 1666 1648
f 1666 1667 1648
f 1648 1667 1649
f 1667 1668 1649
f 1649 1668 1650
f 1668 1669 1650
f 1650 1669 1651
f 1669 1670 1651
f 1651 1670 1652
f 1670 1671 1652
f 1652 1671 1653
f 1671 1672 1653
f 1654 1673 1655
f 1673 1674 1655
f 1655 1674 1656
f 1674 1675 1656
f 1656 1675 1657
f 1675 1676 1657
f 1657 1676 1658
f 1676 1677 1658
f 1658 1677 1659
f 1677 1678 1659
f 1659 1678 1660
f 1678 1679 1660
f 1660 1679 1661
f 1679 1680 1661
f 1661 1680 1662
f 1680 1681 1662
f 1662 1681 1663
f 1681 1682 1663
f 1663 1682 1664
f 1682 1683 1664
f 1664 1683 1665
f 1683 1684 1665
f 1665 1684 1666
f 1684 1685 1666
f 1666 1685 1667
f 1685 1686 1667
f 1667 1686 1668
f 1686 1687 1668
f 1668 1687 1669
f 1687 1688 1669
f 1669 1688 1670
f 1688 1689 1670
f 1670 1689 1671
f 1689 1690 1671
f 1671 1690 1672
f 1690 1691 1672
f 1673 1692 1674
f 1692 1693 1674
f 1674 1693 1675
f 1693 1694 1675
f 1675 1694 1676
f 1694 1695 1676
f 1676 1695 1677
f 1695 1696 1677
f 1677 1696 1678
f 1696 1697 1678
f 1678 1697 1679
f 1697 1698 1679
f 1679 1698 1680
f 1698 1699 1680
f 1680 1699 1681
f 1699 1700 1681
f 1681 1700 1682
f 1700 1701 1682
f 1682 1701 1683
f 1701 1702 1683
f 1683 1702 1684
f 1702 1703 1684
f 1684 1703 1685
f 1703 1704 1685
f 1685 1704 1686
f 1704 1705 1686
f 1686 1705 1687
f 1705 1706 1687
f 1687 1706 1688
f 1706 1707 1688
f 1688 1707 1689
f 1707 1708 1689
f 1689 1708 1690
f 1708 1709 1690
f 1690 1709 1691
f 1709 1710 1691
f 1692 1711 1693
f 1711 1712 1693
f 1693 1712 1694
f 1712 1713 1694
f 1694 1713 1695
f 1713 1714 1695
f 1695 1714 1696
f 1714 1715 1696
f 1696 1715 1697
f 1715 1716 1697
f 1697 1716 1698
f 1716 1717 1698
f 1698 1717 1699
f 1717 1718 1699
f 1699 1718 1700
f 1718 1719 1700
f 1700 1719 1701
f 1719 1720 1701
f 1701 1720 1702
f 1720 1721 1702
f 1702 1721 1703
f 1721 1722 1703
f 1703 1722 1704
f 1722 1723 1704
f 1704 1723 1705
f 1723 1724 1705
f 1705 1724 1706
f 1724 1725 1706
f 1706 1725 1707
f 1725 1726 1707
f 1707 1726 1708
f 1726 1727 1708
f 1708 1727 1709
f 1727 1728 1709
f 1709 1728 1710
f 1728 1729 1710
f 1711 1730 1712
f 1730 1731 1712
f 1712 1731 1713
f 1731 1732 1713
f 1713 1732 1714
f 1732 1733 1714
f 1714 1733 1715
f 1733 1734 1715
f 1715 1734 1716
f 1734 1735 1716
f 1716 1735 1717
f 1735 1736 1717
f 1717 1736 1718
f 1736 1737 1718
f 1718 1737 1719
f 1737 1738 1719
f 1719 1738 1720
f 1738 1739 1720
f 1720 1739 1721
f 1739 1740 1721
f 1721 1740 1722
f 1740 1741 1722
f 1722 1741 1723
f 1741 1742 1723
f 1723 1742 1724
f 1742 1743 1724
f 1724 1743 1725
f 1743 1744 1725
f 1725 1744 1726
f 1744 1745 1726
f 1726 1745 1727
f 1745 1746 1727
f 1727 1746 1728
f 1746 1747 1728
f 1728 1747 1729
f 1747 1748 1729
f 1730 1749 1731
f 1749 1750 1731
f 1731 1750 1732
f 1750 1751 1732
f 1732 1751 1733
f 1751 1752 1733
f 1733 1752 1734
f 1752 1753 1734
f 1734 1753 1735
f 1753 1754 1735
f 1735 1754 1736
f 1754 1755 1736
f 1736 1755 1737
f 1755 1756 1737
f 1737 1756 1738
f 1756 1757 1738
f 1738 1757 1739
f 1757 1758 1739
f 1739 1758 1740
f 1758 1759 1740
f 1740 1759 1741
f 1759 1760 1741
f 1741 1760 1742
f 1760 1761 1742
f 1742 1761 1743
f 1761 1762 1743
f 1743 1762 1744
f 1762 1763 1744
f 1744 1763 1745
f 1763 1764 1745
f 1745 1764 1746
f 1764 1765 1746
f 1746 1765 1747
f 1765 1766 1747
f 1747 1766 1748
f 1766 1767 1748
f 1749 1768 1750
f 1768 1769 1750
f 1750 1769 1751
f 1769 1770 1751
f 1751 1770 1752
f 1770 1771 1752
f 1752 1771 1753
f 1771 1772 1753
f 1753 1772 1754
f 1772 1773 1754
f 1754 1773 1755
f 1773 1774 1755
f 1755 1774 1756
f 1774 1775 1756
f 1756 1775 1757
f 1775 1776 1757
f 1757 1776 1758
f 1776 1777 1758
f 1758 1777 1759
f 1777 1778 1759
f 1759 1778 1760
f 1778 1779 1760
f 1760 1779 1761
f 1779 1780 1761
f 1761 1780 1762
f 1780 1781 1762
f 1762 1781 1763
f 1781 1782 1763
f 1763 1782 1764
f 1782 1783 1764
f 1764 1783 1765
f 1783 1784 1765
f 1765 1784 1766
f 1784 1785 1766
f 1766 1785 1767
f 1785 1786 1767
f 1768 1787 1769
f 1787 1788 1769
f 1769 1788 1770
f 1788 1789 1770
f 1770 1789 1771
f 1789 1790 1771
f 1771 1790 1772
f 1790 1791 1772
f 1772 1791 1773
f 1791 1792 1773
f 1773 1792 1774
f 1792 1793 1774
f 1774 1793 1775
f 1793 1794 1775
f 1775 1794 1776
f 1794 1795 1776
f 1776 1795 1777
f 1795 1796 1777
f 1777 1796 1778
f 1796 1797 1778
f 1778 1797 1779
f 1797 1798 1779
f 1779 1798 1780
f 1798 1799 1780
f 1780 1799 1781
f 1799 1800 1781
f 1781 1800 1782
f 1800 1801 1782
f 1782 1801 1783
f 1801 1802 1783
f 1783 1802 1784
f 1802 1803 1784
f 1784 1803 1785
f 1803 1804 1785
f 1785 1804 1786
f 1804 1805 1786
f 1787 1806 1788
f 1806 1807 1788
f 1788 1807 1789
f 1807 1808 1789
f 1789 1808 1790
f 1808 1809 1790
f 1790 1809 1791
f 1809 1810 1791
f 1791 1810 1792
f 1810 1811 1792
f 1792 1811 1793
f 1811 1812 1793
f 1793 1812 1794
f 1812 1813 1794
f 1794 1813 1795
f 1813 1814 1795
f 1795 1814 1796
f 1814 1815 1796
f 1796 1815 1797
f 1815 1816 1797
f 1797 1816 1798
f 1816 1817 1798
f 1798 1817 1799
f 1817 1818 1799
f 1799 1818 1800
f 1818 1819 1800
f 1800 1819 1801
f 1819 1820 1801
f 1801 1820 1802
f 1820 1821 1802
f 1802 1821 1803
f 1821 1822 1803
f 1803 1822 1804
f 1822 1823 1804
f 1804 1823 1805
f 1823 1824 1805
f 1806 1825 1807
f 1825 1826 1807
f 1807 1826 1808
f 1826 1827 1808
f 1808 1827 1809
f 1827 1828 1809
f 1809 1828 1810
f 1828 1829 1810
f 1810 1829 1811
f 1829 1830 1811
f 1811 1830 1812
f 1830 1831 1812
f 1812 1831 1813
f 1831 1832 1813
f 1813 1832 1814
f 1832 1833 1814
f 1814 1833 1815
f 1833 1834 1815
f 1815 1834 1816
f 1834 1835 1816
f 1816 1835 1817
f 1835 1836 1817
f 1817 1836 1818
f 1836 1837 1818
f 1818 1837 1819
f 1837 1838 1819
f 1819 1838 1820
f 1838 1839 1820
f 1820 1839 1821
f 1839 1840 1821
f 1821 1840 1822
f 1840 1841 1822
f 1822 1841 1823
f 1841 1842 1823
f 1823 1842 1824
f 1842 1843 1824
