query_id,case_name,stage,frame,start_frame,end_frame,time,query_type,input_image_path,input_render_path,highlight_layer,question,choices,hoi_profile_source,object_part_choices,contact_relation_choices,gate_policy,evidence_sha256,visual_factor_roles,contact_factor_roles
,stick,stage4,1,,,0.000000,anchor_update_check,/mnt/hdd/AudioHOI/samples_known_object/11_stick/results/benchmark_vlm_qwen/vlm/stage4/evidence/frame00001_anchor_update_check.png,/mnt/hdd/AudioHOI/samples_known_object/11_stick/results/benchmark_vlm_qwen/vlm/stage4/evidence/frame00001_anchor_update_check.png,before_after_anchor_update_overlay,"Using the visual guide in the image: brown render is the predicted stick, green line is the tracked visible stick, yellow circles are active palm contacts, and gray circles are inactive palms. Does the predicted stick preserve alignment with the green visible stick and the active yellow palm contacts without creating a wrong contact?",improvement|no_change|worse_overlay|wrong_contact|unclear,mistral_llm_schema_validated,main_body|contact_region|support_region|tip_regions|grip_bands|background|unclear,hand_on_main_body|hand_on_contact_region|body_on_support_region|floor_support|persistent_two_palm_line|no_contact|unclear,forced_choice_gate_only_no_continuous_pose_or_loss,,,
,stick,stage4,2,,,0.041667,anchor_update_check,/mnt/hdd/AudioHOI/samples_known_object/11_stick/results/benchmark_vlm_qwen/vlm/stage4/evidence/frame00002_anchor_update_check.png,/mnt/hdd/AudioHOI/samples_known_object/11_stick/results/benchmark_vlm_qwen/vlm/stage4/evidence/frame00002_anchor_update_check.png,before_after_anchor_update_overlay,"Using the visual guide in the image: brown render is the predicted stick, green line is the tracked visible stick, yellow circles are active palm contacts, and gray circles are inactive palms. Does the predicted stick preserve alignment with the green visible stick and the active yellow palm contacts without creating a wrong contact?",improvement|no_change|worse_overlay|wrong_contact|unclear,mistral_llm_schema_validated,main_body|contact_region|support_region|tip_regions|grip_bands|background|unclear,hand_on_main_body|hand_on_contact_region|body_on_support_region|floor_support|persistent_two_palm_line|no_contact|unclear,forced_choice_gate_only_no_continuous_pose_or_loss,,,
,stick,stage4,3,,,0.083333,anchor_update_check,/mnt/hdd/AudioHOI/samples_known_object/11_stick/results/benchmark_vlm_qwen/vlm/stage4/evidence/frame00003_anchor_update_check.png,/mnt/hdd/AudioHOI/samples_known_object/11_stick/results/benchmark_vlm_qwen/vlm/stage4/evidence/frame00003_anchor_update_check.png,before_after_anchor_update_overlay,"Using the visual guide in the image: brown render is the predicted stick, green line is the tracked visible stick, yellow circles are active palm contacts, and gray circles are inactive palms. Does the predicted stick preserve alignment with the green visible stick and the active yellow palm contacts without creating a wrong contact?",improvement|no_change|worse_overlay|wrong_contact|unclear,mistral_llm_schema_validated,main_body|contact_region|support_region|tip_regions|grip_bands|background|unclear,hand_on_main_body|hand_on_contact_region|body_on_support_region|floor_support|persistent_two_palm_line|no_contact|unclear,forced_choice_gate_only_no_continuous_pose_or_loss,,,
,stick,stage4,4,,,0.125000,anchor_update_check,/mnt/hdd/AudioHOI/samples_known_object/11_stick/results/benchmark_vlm_qwen/vlm/stage4/evidence/frame00004_anchor_update_check.png,/mnt/hdd/AudioHOI/samples_known_object/11_stick/results/benchmark_vlm_qwen/vlm/stage4/evidence/frame00004_anchor_update_check.png,before_after_anchor_update_overlay,"Using the visual guide in the image: brown render is the predicted stick, green line is the tracked visible stick, yellow circles are active palm contacts, and gray circles are inactive palms. Does the predicted stick preserve alignment with the green visible stick and the active yellow palm contacts without creating a wrong contact?",improvement|no_change|worse_overlay|wrong_contact|unclear,mistral_llm_schema_validated,main_body|contact_region|support_region|tip_regions|grip_bands|background|unclear,hand_on_main_body|hand_on_contact_region|body_on_support_region|floor_support|persistent_two_palm_line|no_contact|unclear,forced_choice_gate_only_no_continuous_pose_or_loss,,,
,stick,stage4,5,,,0.166667,anchor_update_check,/mnt/hdd/AudioHOI/samples_known_object/11_stick/results/benchmark_vlm_qwen/vlm/stage4/evidence/frame00005_anchor_update_check.png,/mnt/hdd/AudioHOI/samples_known_object/11_stick/results/benchmark_vlm_qwen/vlm/stage4/evidence/frame00005_anchor_update_check.png,before_after_anchor_update_overlay,"Using the visual guide in the image: brown render is the predicted stick, green line is the tracked visible stick, yellow circles are active palm contacts, and gray circles are inactive palms. Does the predicted stick preserve alignment with the green visible stick and the active yellow palm contacts without creating a wrong contact?",improvement|no_change|worse_overlay|wrong_contact|unclear,mistral_llm_schema_validated,main_body|contact_region|support_region|tip_regions|grip_bands|background|unclear,hand_on_main_body|hand_on_contact_region|body_on_support_region|floor_support|persistent_two_palm_line|no_contact|unclear,forced_choice_gate_only_no_continuous_pose_or_loss,,,
,stick,stage4,6,,,0.208333,anchor_update_check,/mnt/hdd/AudioHOI/samples_known_object/11_stick/results/benchmark_vlm_qwen/vlm/stage4/evidence/frame00006_anchor_update_check.png,/mnt/hdd/AudioHOI/samples_known_object/11_stick/results/benchmark_vlm_qwen/vlm/stage4/evidence/frame00006_anchor_update_check.png,before_after_anchor_update_overlay,"Using the visual guide in the image: brown render is the predicted stick, green line is the tracked visible stick, yellow circles are active palm contacts, and gray circles are inactive palms. Does the predicted stick preserve alignment with the green visible stick and the active yellow palm contacts without creating a wrong contact?",improvement|no_change|worse_overlay|wrong_contact|unclear,mistral_llm_schema_validated,main_body|contact_region|support_region|tip_regions|grip_bands|background|unclear,hand_on_main_body|hand_on_contact_region|body_on_support_region|floor_support|persistent_two_palm_line|no_contact|unclear,forced_choice_gate_only_no_continuous_pose_or_loss,,,
,stick,stage4,7,,,0.250000,anchor_update_check,/mnt/hdd/AudioHOI/samples_known_object/11_stick/results/benchmark_vlm_qwen/vlm/stage4/evidence/frame00007_anchor_update_check.png,/mnt/hdd/AudioHOI/samples_known_object/11_stick/results/benchmark_vlm_qwen/vlm/stage4/evidence/frame00007_anchor_update_check.png,before_after_anchor_update_overlay,"Using the visual guide in the image: brown render is the predicted stick, green line is the tracked visible stick, yellow circles are active palm contacts, and gray circles are inactive palms. Does the predicted stick preserve alignment with the green visible stick and the active yellow palm contacts without creating a wrong contact?",improvement|no_change|worse_overlay|wrong_contact|unclear,mistral_llm_schema_validated,main_body|contact_region|support_region|tip_regions|grip_bands|background|unclear,hand_on_main_body|hand_on_contact_region|body_on_support_region|floor_support|persistent_two_palm_line|no_contact|unclear,forced_choice_gate_only_no_continuous_pose_or_loss,,,
,stick,stage4,8,,,0.291667,anchor_update_check,/mnt/hdd/AudioHOI/samples_known_object/11_stick/results/benchmark_vlm_qwen/vlm/stage4/evidence/frame00008_anchor_update_check.png,/mnt/hdd/AudioHOI/samples_known_object/11_stick/results/benchmark_vlm_qwen/vlm/stage4/evidence/frame00008_anchor_update_check.png,before_after_anchor_update_overlay,"Using the visual guide in the image: brown render is the predicted stick, green line is the tracked visible stick, yellow circles are active palm contacts, and gray circles are inactive palms. Does the predicted stick preserve alignment with the green visible stick and the active yellow palm contacts without creating a wrong contact?",improvement|no_change|worse_overlay|wrong_contact|unclear,mistral_llm_schema_validated,main_body|contact_region|support_region|tip_regions|grip_bands|background|unclear,hand_on_main_body|hand_on_contact_region|body_on_support_region|floor_support|persistent_two_palm_line|no_contact|unclear,forced_choice_gate_only_no_continuous_pose_or_loss,,,
,stick,stage4,9,,,0.333333,anchor_update_check,/mnt/hdd/AudioHOI/samples_known_object/11_stick/results/benchmark_vlm_qwen/vlm/stage4/evidence/frame00009_anchor_update_check.png,/mnt/hdd/AudioHOI/samples_known_object/11_stick/results/benchmark_vlm_qwen/vlm/stage4/evidence/frame00009_anchor_update_check.png,before_after_anchor_update_overlay,"Using the visual guide in the image: brown render is the predicted stick, green line is the tracked visible stick, yellow circles are active palm contacts, and gray circles are inactive palms. Does the predicted stick preserve alignment with the green visible stick and the active yellow palm contacts without creating a wrong contact?",improvement|no_change|worse_overlay|wrong_contact|unclear,mistral_llm_schema_validated,main_body|contact_region|support_region|tip_regions|grip_bands|background|unclear,hand_on_main_body|hand_on_contact_region|body_on_support_region|floor_support|persistent_two_palm_line|no_contact|unclear,forced_choice_gate_only_no_continuous_pose_or_loss,,,
,stick,stage4,10,,,0.375000,anchor_update_check,/mnt/hdd/AudioHOI/samples_known_object/11_stick/results/benchmark_vlm_qwen/vlm/stage4/evidence/frame00010_anchor_update_check.png,/mnt/hdd/AudioHOI/samples_known_object/11_stick/results/benchmark_vlm_qwen/vlm/stage4/evidence/frame00010_anchor_update_check.png,before_after_anchor_update_overlay,"Using the visual guide in the image: brown render is the predicted stick, green line is the tracked visible stick, yellow circles are active palm contacts, and gray circles are inactive palms. Does the predicted stick preserve alignment with the green visible stick and the active yellow palm contacts without creating a wrong contact?",improvement|no_change|worse_overlay|wrong_contact|unclear,mistral_llm_schema_validated,main_body|contact_region|support_region|tip_regions|grip_bands|background|unclear,hand_on_main_body|hand_on_contact_region|body_on_support_region|floor_support|persistent_two_palm_line|no_contact|unclear,forced_choice_gate_only_no_continuous_pose_or_loss,,,
,stick,stage4,11,,,0.416667,anchor_update_check,/mnt/hdd/AudioHOI/samples_known_object/11_stick/results/benchmark_vlm_qwen/vlm/stage4/evidence/frame00011_anchor_update_check.png,/mnt/hdd/AudioHOI/samples_known_object/11_stick/results/benchmark_vlm_qwen/vlm/stage4/evidence/frame00011_anchor_update_check.png,before_after_anchor_update_overlay,"Using the visual guide in the image: brown render is the predicted stick, green line is the tracked visible stick, yellow circles are active palm contacts, and gray circles are inactive palms. Does the predicted stick preserve alignment with the green visible stick and the active yellow palm contacts without creating a wrong contact?",improvement|no_change|worse_overlay|wrong_contact|unclear,mistral_llm_schema_validated,main_body|contact_region|support_region|tip_regions|grip_bands|background|unclear,hand_on_main_body|hand_on_contact_region|body_on_support_region|floor_support|persistent_two_palm_line|no_contact|unclear,forced_choice_gate_only_no_continuous_pose_or_loss,,,
,stick,stage4,12,,,0.458333,anchor_update_check,/mnt/hdd/AudioHOI/samples_known_object/11_stick/results/benchmark_vlm_qwen/vlm/stage4/evidence/frame00012_anchor_update_check.png,/mnt/hdd/AudioHOI/samples_known_object/11_stick/results/benchmark_vlm_qwen/vlm/stage4/evidence/frame00012_anchor_update_check.png,before_after_anchor_update_overlay,"Using the visual guide in the image: brown render is the predicted stick, green line is the tracked visible stick, yellow circles are active palm contacts, and gray circles are inactive palms. Does the predicted stick preserve alignment with the green visible stick and the active yellow palm contacts without creating a wrong contact?",improvement|no_change|worse_overlay|wrong_contact|unclear,mistral_llm_schema_validated,main_body|contact_region|support_region|tip_regions|grip_bands|background|unclear,hand_on_main_body|hand_on_contact_region|body_on_support_region|floor_support|persistent_two_palm_line|no_contact|unclear,forced_choice_gate_only_no_continuous_pose_or_loss,,,
,stick,stage4,13,,,0.500000,anchor_update_check,/mnt/hdd/AudioHOI/samples_known_object/11_stick/results/benchmark_vlm_qwen/vlm/stage4/evidence/frame00013_anchor_update_check.png,/mnt/hdd/AudioHOI/samples_known_object/11_stick/results/benchmark_vlm_qwen/vlm/stage4/evidence/frame00013_anchor_update_check.png,before_after_anchor_update_overlay,"Using the visual guide in the image: brown render is the predicted stick, green line is the tracked visible stick, yellow circles are active palm contacts, and gray circles are inactive palms. Does the predicted stick preserve alignment with the green visible stick and the active yellow palm contacts without creating a wrong contact?",improvement|no_change|worse_overlay|wrong_contact|unclear,mistral_llm_schema_validated,main_body|contact_region|support_region|tip_regions|grip_bands|background|unclear,hand_on_main_body|hand_on_contact_region|body_on_support_region|floor_support|persistent_two_palm_line|no_contact|unclear,forced_choice_gate_only_no_continuous_pose_or_loss,,,
,stick,stage4,14,,,0.541667,anchor_update_check,/mnt/hdd/AudioHOI/samples_known_object/11_stick/results/benchmark_vlm_qwen/vlm/stage4/evidence/frame00014_anchor_update_check.png,/mnt/hdd/AudioHOI/samples_known_object/11_stick/results/benchmark_vlm_qwen/vlm/stage4/evidence/frame00014_anchor_update_check.png,before_after_anchor_update_overlay,"Using the visual guide in the image: brown render is the predicted stick, green line is the tracked visible stick, yellow circles are active palm contacts, and gray circles are inactive palms. Does the predicted stick preserve alignment with the green visible stick and the active yellow palm contacts without creating a wrong contact?",improvement|no_change|worse_overlay|wrong_contact|unclear,mistral_llm_schema_validated,main_body|contact_region|support_region|tip_regions|grip_bands|background|unclear,hand_on_main_body|hand_on_contact_region|body_on_support_region|floor_support|persistent_two_palm_line|no_contact|unclear,forced_choice_gate_only_no_continuous_pose_or_loss,,,
,stick,stage4,15,,,0.583333,anchor_update_check,/mnt/hdd/AudioHOI/samples_known_object/11_stick/results/benchmark_vlm_qwen/vlm/stage4/evidence/frame00015_anchor_update_check.png,/mnt/hdd/AudioHOI/samples_known_object/11_stick/results/benchmark_vlm_qwen/vlm/stage4/evidence/frame00015_anchor_update_check.png,before_after_anchor_update_overlay,"Using the visual guide in the image: brown render is the predicted stick, green line is the tracked visible stick, yellow circles are active palm contacts, and gray circles are inactive palms. Does the predicted stick preserve alignment with the green visible stick and the active yellow palm contacts without creating a wrong contact?",improvement|no_change|worse_overlay|wrong_contact|unclear,mistral_llm_schema_validated,main_body|contact_region|support_region|tip_regions|grip_bands|background|unclear,hand_on_main_body|hand_on_contact_region|body_on_support_region|floor_support|persistent_two_palm_line|no_contact|unclear,forced_choice_gate_only_no_continuous_pose_or_loss,,,
,stick,stage4,16,,,0.625000,anchor_update_check,/mnt/hdd/AudioHOI/samples_known_object/11_stick/results/benchmark_vlm_qwen/vlm/stage4/evidence/frame00016_anchor_update_check.png,/mnt/hdd/AudioHOI/samples_known_object/11_stick/results/benchmark_vlm_qwen/vlm/stage4/evidence/frame00016_anchor_update_check.png,before_after_anchor_update_overlay,"Using the visual guide in the image: brown render is the predicted stick, green line is the tracked visible stick, yellow circles are active palm contacts, and gray circles are inactive palms. Does the predicted stick preserve alignment with the green visible stick and the active yellow palm contacts without creating a wrong contact?",improvement|no_change|worse_overlay|wrong_contact|unclear,mistral_llm_schema_validated,main_body|contact_region|support_region|tip_regions|grip_bands|background|unclear,hand_on_main_body|hand_on_contact_region|body_on_support_region|floor_support|persistent_two_palm_line|no_contact|unclear,forced_choice_gate_only_no_continuous_pose_or_loss,,,
,stick,stage4,17,,,0.666667,anchor_update_check,/mnt/hdd/AudioHOI/samples_known_object/11_stick/results/benchmark_vlm_qwen/vlm/stage4/evidence/frame00017_anchor_update_check.png,/mnt/hdd/AudioHOI/samples_known_object/11_stick/results/benchmark_vlm_qwen/vlm/stage4/evidence/frame00017_anchor_update_check.png,before_after_anchor_update_overlay,"Using the visual guide in the image: brown render is the predicted stick, green line is the tracked visible stick, yellow circles are active palm contacts, and gray circles are inactive palms. Does the predicted stick preserve alignment with the green visible stick and the active yellow palm contacts without creating a wrong contact?",improvement|no_change|worse_overlay|wrong_contact|unclear,mistral_llm_schema_validated,main_body|contact_region|support_region|tip_regions|grip_bands|background|unclear,hand_on_main_body|hand_on_contact_region|body_on_support_region|floor_support|persistent_two_palm_line|no_contact|unclear,forced_choice_gate_only_no_continuous_pose_or_loss,,,
,stick,stage4,18,,,0.708333,anchor_update_check,/mnt/hdd/AudioHOI/samples_known_object/11_stick/results/benchmark_vlm_qwen/vlm/stage4/evidence/frame00018_anchor_update_check.png,/mnt/hdd/AudioHOI/samples_known_object/11_stick/results/benchmark_vlm_qwen/vlm/stage4/evidence/frame00018_anchor_update_check.png,before_after_anchor_update_overlay,"Using the visual guide in the image: brown render is the predicted stick, green line is the tracked visible stick, yellow circles are active palm contacts, and gray circles are inactive palms. Does the predicted stick preserve alignment with the green visible stick and the active yellow palm contacts without creating a wrong contact?",improvement|no_change|worse_overlay|wrong_contact|unclear,mistral_llm_schema_validated,main_body|contact_region|support_region|tip_regions|grip_bands|background|unclear,hand_on_main_body|hand_on_contact_region|body_on_support_region|floor_support|persistent_two_palm_line|no_contact|unclear,forced_choice_gate_only_no_continuous_pose_or_loss,,,
,stick,stage4,19,,,0.750000,anchor_update_check,/mnt/hdd/AudioHOI/samples_known_object/11_stick/results/benchmark_vlm_qwen/vlm/stage4/evidence/frame00019_anchor_update_check.png,/mnt/hdd/AudioHOI/samples_known_object/11_stick/results/benchmark_vlm_qwen/vlm/stage4/evidence/frame00019_anchor_update_check.png,before_after_anchor_update_overlay,"Using the visual guide in the image: brown render is the predicted stick, green line is the tracked visible stick, yellow circles are active palm contacts, and gray circles are inactive palms. Does the predicted stick preserve alignment with the green visible stick and the active yellow palm contacts without creating a wrong contact?",improvement|no_change|worse_overlay|wrong_contact|unclear,mistral_llm_schema_validated,main_body|contact_region|support_region|tip_regions|grip_bands|background|unclear,hand_on_main_body|hand_on_contact_region|body_on_support_region|floor_support|persistent_two_palm_line|no_contact|unclear,forced_choice_gate_only_no_continuous_pose_or_loss,,,
,stick,stage4,20,,,0.791667,anchor_update_check,/mnt/hdd/AudioHOI/samples_known_object/11_stick/results/benchmark_vlm_qwen/vlm/stage4/evidence/frame00020_anchor_update_check.png,/mnt/hdd/AudioHOI/samples_known_object/11_stick/results/benchmark_vlm_qwen/vlm/stage4/evidence/frame00020_anchor_update_check.png,before_after_anchor_update_overlay,"Using the visual guide in the image: brown render is the predicted stick, green line is the tracked visible stick, yellow circles are active palm contacts, and gray circles are inactive palms. Does the predicted stick preserve alignment with the green visible stick and the active yellow palm contacts without creating a wrong contact?",improvement|no_change|worse_overlay|wrong_contact|unclear,mistral_llm_schema_validated,main_body|contact_region|support_region|tip_regions|grip_bands|background|unclear,hand_on_main_body|hand_on_contact_region|body_on_support_region|floor_support|persistent_two_palm_line|no_contact|unclear,forced_choice_gate_only_no_continuous_pose_or_loss,,,
,stick,stage4,21,,,0.833333,anchor_update_check,/mnt/hdd/AudioHOI/samples_known_object/11_stick/results/benchmark_vlm_qwen/vlm/stage4/evidence/frame00021_anchor_update_check.png,/mnt/hdd/AudioHOI/samples_known_object/11_stick/results/benchmark_vlm_qwen/vlm/stage4/evidence/frame00021_anchor_update_check.png,before_after_anchor_update_overlay,"Using the visual guide in the image: brown render is the predicted stick, green line is the tracked visible stick, yellow circles are active palm contacts, and gray circles are inactive palms. Does the predicted stick preserve alignment with the green visible stick and the active yellow palm contacts without creating a wrong contact?",improvement|no_change|worse_overlay|wrong_contact|unclear,mistral_llm_schema_validated,main_body|contact_region|support_region|tip_regions|grip_bands|background|unclear,hand_on_main_body|hand_on_contact_region|body_on_support_region|floor_support|persistent_two_palm_line|no_contact|unclear,forced_choice_gate_only_no_continuous_pose_or_loss,,,
,stick,stage4,22,,,0.875000,anchor_update_check,/mnt/hdd/AudioHOI/samples_known_object/11_stick/results/benchmark_vlm_qwen/vlm/stage4/evidence/frame00022_anchor_update_check.png,/mnt/hdd/AudioHOI/samples_known_object/11_stick/results/benchmark_vlm_qwen/vlm/stage4/evidence/frame00022_anchor_update_check.png,before_after_anchor_update_overlay,"Using the visual guide in the image: brown render is the predicted stick, green line is the tracked visible stick, yellow circles are active palm contacts, and gray circles are inactive palms. Does the predicted stick preserve alignment with the green visible stick and the active yellow palm contacts without creating a wrong contact?",improvement|no_change|worse_overlay|wrong_contact|unclear,mistral_llm_schema_validated,main_body|contact_region|support_region|tip_regions|grip_bands|background|unclear,hand_on_main_body|hand_on_contact_region|body_on_support_region|floor_support|persistent_two_palm_line|no_contact|unclear,forced_choice_gate_only_no_continuous_pose_or_loss,,,
,stick,stage4,23,,,0.916667,anchor_update_check,/mnt/hdd/AudioHOI/samples_known_object/11_stick/results/benchmark_vlm_qwen/vlm/stage4/evidence/frame00023_anchor_update_check.png,/mnt/hdd/AudioHOI/samples_known_object/11_stick/results/benchmark_vlm_qwen/vlm/stage4/evidence/frame00023_anchor_update_check.png,before_after_anchor_update_overlay,"Using the visual guide in the image: brown render is the predicted stick, green line is the tracked visible stick, yellow circles are active palm contacts, and gray circles are inactive palms. Does the predicted stick preserve alignment with the green visible stick and the active yellow palm contacts without creating a wrong contact?",improvement|no_change|worse_overlay|wrong_contact|unclear,mistral_llm_schema_validated,main_body|contact_region|support_region|tip_regions|grip_bands|background|unclear,hand_on_main_body|hand_on_contact_region|body_on_support_region|floor_support|persistent_two_palm_line|no_contact|unclear,forced_choice_gate_only_no_continuous_pose_or_loss,,,
,stick,stage4,24,,,0.958333,anchor_update_check,/mnt/hdd/AudioHOI/samples_known_object/11_stick/results/benchmark_vlm_qwen/vlm/stage4/evidence/frame00024_anchor_update_check.png,/mnt/hdd/AudioHOI/samples_known_object/11_stick/results/benchmark_vlm_qwen/vlm/stage4/evidence/frame00024_anchor_update_check.png,before_after_anchor_update_overlay,"Using the visual guide in the image: brown render is the predicted stick, green line is the tracked visible stick, yellow circles are active palm contacts, and gray circles are inactive palms. Does the predicted stick preserve alignment with the green visible stick and the active yellow palm contacts without creating a wrong contact?",improvement|no_change|worse_overlay|wrong_contact|unclear,mistral_llm_schema_validated,main_body|contact_region|support_region|tip_regions|grip_bands|background|unclear,hand_on_main_body|hand_on_contact_region|body_on_support_region|floor_support|persistent_two_palm_line|no_contact|unclear,forced_choice_gate_only_no_continuous_pose_or_loss,,,
,stick,stage4,25,,,1.000000,anchor_update_check,/mnt/hdd/AudioHOI/samples_known_object/11_stick/results/benchmark_vlm_qwen/vlm/stage4/evidence/frame00025_anchor_update_check.png,/mnt/hdd/AudioHOI/samples_known_object/11_stick/results/benchmark_vlm_qwen/vlm/stage4/evidence/frame00025_anchor_update_check.png,before_after_anchor_update_overlay,"Using the visual guide in the image: brown render is the predicted stick, green line is the tracked visible stick, yellow circles are active palm contacts, and gray circles are inactive palms. Does the predicted stick preserve alignment with the green visible stick and the active yellow palm contacts without creating a wrong contact?",improvement|no_change|worse_overlay|wrong_contact|unclear,mistral_llm_schema_validated,main_body|contact_region|support_region|tip_regions|grip_bands|background|unclear,hand_on_main_body|hand_on_contact_region|body_on_support_region|floor_support|persistent_two_palm_line|no_contact|unclear,forced_choice_gate_only_no_continuous_pose_or_loss,,,
,stick,stage4,26,,,1.041667,anchor_update_check,/mnt/hdd/AudioHOI/samples_known_object/11_stick/results/benchmark_vlm_qwen/vlm/stage4/evidence/frame00026_anchor_update_check.png,/mnt/hdd/AudioHOI/samples_known_object/11_stick/results/benchmark_vlm_qwen/vlm/stage4/evidence/frame00026_anchor_update_check.png,before_after_anchor_update_overlay,"Using the visual guide in the image: brown render is the predicted stick, green line is the tracked visible stick, yellow circles are active palm contacts, and gray circles are inactive palms. Does the predicted stick preserve alignment with the green visible stick and the active yellow palm contacts without creating a wrong contact?",improvement|no_change|worse_overlay|wrong_contact|unclear,mistral_llm_schema_validated,main_body|contact_region|support_region|tip_regions|grip_bands|background|unclear,hand_on_main_body|hand_on_contact_region|body_on_support_region|floor_support|persistent_two_palm_line|no_contact|unclear,forced_choice_gate_only_no_continuous_pose_or_loss,,,
,stick,stage4,27,,,1.083333,anchor_update_check,/mnt/hdd/AudioHOI/samples_known_object/11_stick/results/benchmark_vlm_qwen/vlm/stage4/evidence/frame00027_anchor_update_check.png,/mnt/hdd/AudioHOI/samples_known_object/11_stick/results/benchmark_vlm_qwen/vlm/stage4/evidence/frame00027_anchor_update_check.png,before_after_anchor_update_overlay,"Using the visual guide in the image: brown render is the predicted stick, green line is the tracked visible stick, yellow circles are active palm contacts, and gray circles are inactive palms. Does the predicted stick preserve alignment with the green visible stick and the active yellow palm contacts without creating a wrong contact?",improvement|no_change|worse_overlay|wrong_contact|unclear,mistral_llm_schema_validated,main_body|contact_region|support_region|tip_regions|grip_bands|background|unclear,hand_on_main_body|hand_on_contact_region|body_on_support_region|floor_support|persistent_two_palm_line|no_contact|unclear,forced_choice_gate_only_no_continuous_pose_or_loss,,,
,stick,stage4,28,,,1.125000,anchor_update_check,/mnt/hdd/AudioHOI/samples_known_object/11_stick/results/benchmark_vlm_qwen/vlm/stage4/evidence/frame00028_anchor_update_check.png,/mnt/hdd/AudioHOI/samples_known_object/11_stick/results/benchmark_vlm_qwen/vlm/stage4/evidence/frame00028_anchor_update_check.png,before_after_anchor_update_overlay,"Using the visual guide in the image: brown render is the predicted stick, green line is the tracked visible stick, yellow circles are active palm contacts, and gray circles are inactive palms. Does the predicted stick preserve alignment with the green visible stick and the active yellow palm contacts without creating a wrong contact?",improvement|no_change|worse_overlay|wrong_contact|unclear,mistral_llm_schema_validated,main_body|contact_region|support_region|tip_regions|grip_bands|background|unclear,hand_on_main_body|hand_on_contact_region|body_on_support_region|floor_support|persistent_two_palm_line|no_contact|unclear,forced_choice_gate_only_no_continuous_pose_or_loss,,,
,stick,stage4,29,,,1.166667,anchor_update_check,/mnt/hdd/AudioHOI/samples_known_object/11_stick/results/benchmark_vlm_qwen/vlm/stage4/evidence/frame00029_anchor_update_check.png,/mnt/hdd/AudioHOI/samples_known_object/11_stick/results/benchmark_vlm_qwen/vlm/stage4/evidence/frame00029_anchor_update_check.png,before_after_anchor_update_overlay,"Using the visual guide in the image: brown render is the predicted stick, green line is the tracked visible stick, yellow circles are active palm contacts, and gray circles are inactive palms. Does the predicted stick preserve alignment with the green visible stick and the active yellow palm contacts without creating a wrong contact?",improvement|no_change|worse_overlay|wrong_contact|unclear,mistral_llm_schema_validated,main_body|contact_region|support_region|tip_regions|grip_bands|background|unclear,hand_on_main_body|hand_on_contact_region|body_on_support_region|floor_support|persistent_two_palm_line|no_contact|unclear,forced_choice_gate_only_no_continuous_pose_or_loss,,,
,stick,stage4,30,,,1.208333,anchor_update_check,/mnt/hdd/AudioHOI/samples_known_object/11_stick/results/benchmark_vlm_qwen/vlm/stage4/evidence/frame00030_anchor_update_check.png,/mnt/hdd/AudioHOI/samples_known_object/11_stick/results/benchmark_vlm_qwen/vlm/stage4/evidence/frame00030_anchor_update_check.png,before_after_anchor_update_overlay,"Using the visual guide in the image: brown render is the predicted stick, green line is the tracked visible stick, yellow circles are active palm contacts, and gray circles are inactive palms. Does the predicted stick preserve alignment with the green visible stick and the active yellow palm contacts without creating a wrong contact?",improvement|no_change|worse_overlay|wrong_contact|unclear,mistral_llm_schema_validated,main_body|contact_region|support_region|tip_regions|grip_bands|background|unclear,hand_on_main_body|hand_on_contact_region|body_on_support_region|floor_support|persistent_two_palm_line|no_contact|unclear,forced_choice_gate_only_no_continuous_pose_or_loss,,,
,stick,stage4,31,,,1.250000,anchor_update_check,/mnt/hdd/AudioHOI/samples_known_object/11_stick/results/benchmark_vlm_qwen/vlm/stage4/evidence/frame00031_anchor_update_check.png,/mnt/hdd/AudioHOI/samples_known_object/11_stick/results/benchmark_vlm_qwen/vlm/stage4/evidence/frame00031_anchor_update_check.png,before_after_anchor_update_overlay,"Using the visual guide in the image: brown render is the predicted stick, green line is the tracked visible stick, yellow circles are active palm contacts, and gray circles are inactive palms. Does the predicted stick preserve alignment with the green visible stick and the active yellow palm contacts without creating a wrong contact?",improvement|no_change|worse_overlay|wrong_contact|unclear,mistral_llm_schema_validated,main_body|contact_region|support_region|tip_regions|grip_bands|background|unclear,hand_on_main_body|hand_on_contact_region|body_on_support_region|floor_support|persistent_two_palm_line|no_contact|unclear,forced_choice_gate_only_no_continuous_pose_or_loss,,,
,stick,stage4,32,,,1.291667,anchor_update_check,/mnt/hdd/AudioHOI/samples_known_object/11_stick/results/benchmark_vlm_qwen/vlm/stage4/evidence/frame00032_anchor_update_check.png,/mnt/hdd/AudioHOI/samples_known_object/11_stick/results/benchmark_vlm_qwen/vlm/stage4/evidence/frame00032_anchor_update_check.png,before_after_anchor_update_overlay,"Using the visual guide in the image: brown render is the predicted stick, green line is the tracked visible stick, yellow circles are active palm contacts, and gray circles are inactive palms. Does the predicted stick preserve alignment with the green visible stick and the active yellow palm contacts without creating a wrong contact?",improvement|no_change|worse_overlay|wrong_contact|unclear,mistral_llm_schema_validated,main_body|contact_region|support_region|tip_regions|grip_bands|background|unclear,hand_on_main_body|hand_on_contact_region|body_on_support_region|floor_support|persistent_two_palm_line|no_contact|unclear,forced_choice_gate_only_no_continuous_pose_or_loss,,,
,stick,stage4,33,,,1.333333,anchor_update_check,/mnt/hdd/AudioHOI/samples_known_object/11_stick/results/benchmark_vlm_qwen/vlm/stage4/evidence/frame00033_anchor_update_check.png,/mnt/hdd/AudioHOI/samples_known_object/11_stick/results/benchmark_vlm_qwen/vlm/stage4/evidence/frame00033_anchor_update_check.png,before_after_anchor_update_overlay,"Using the visual guide in the image: brown render is the predicted stick, green line is the tracked visible stick, yellow circles are active palm contacts, and gray circles are inactive palms. Does the predicted stick preserve alignment with the green visible stick and the active yellow palm contacts without creating a wrong contact?",improvement|no_change|worse_overlay|wrong_contact|unclear,mistral_llm_schema_validated,main_body|contact_region|support_region|tip_regions|grip_bands|background|unclear,hand_on_main_body|hand_on_contact_region|body_on_support_region|floor_support|persistent_two_palm_line|no_contact|unclear,forced_choice_gate_only_no_continuous_pose_or_loss,,,
,stick,stage4,34,,,1.375000,anchor_update_check,/mnt/hdd/AudioHOI/samples_known_object/11_stick/results/benchmark_vlm_qwen/vlm/stage4/evidence/frame00034_anchor_update_check.png,/mnt/hdd/AudioHOI/samples_known_object/11_stick/results/benchmark_vlm_qwen/vlm/stage4/evidence/frame00034_anchor_update_check.png,before_after_anchor_update_overlay,"Using the visual guide in the image: brown render is the predicted stick, green line is the tracked visible stick, yellow circles are active palm contacts, and gray circles are inactive palms. Does the predicted stick preserve alignment with the green visible stick and the active yellow palm contacts without creating a wrong contact?",improvement|no_change|worse_overlay|wrong_contact|unclear,mistral_llm_schema_validated,main_body|contact_region|support_region|tip_regions|grip_bands|background|unclear,hand_on_main_body|hand_on_contact_region|body_on_support_region|floor_support|persistent_two_palm_line|no_contact|unclear,forced_choice_gate_only_no_continuous_pose_or_loss,,,
,stick,stage4,35,,,1.416667,anchor_update_check,/mnt/hdd/AudioHOI/samples_known_object/11_stick/results/benchmark_vlm_qwen/vlm/stage4/evidence/frame00035_anchor_update_check.png,/mnt/hdd/AudioHOI/samples_known_object/11_stick/results/benchmark_vlm_qwen/vlm/stage4/evidence/frame00035_anchor_update_check.png,before_after_anchor_update_overlay,"Using the visual guide in the image: brown render is the predicted stick, green line is the tracked visible stick, yellow circles are active palm contacts, and gray circles are inactive palms. Does the predicted stick preserve alignment with the green visible stick and the active yellow palm contacts without creating a wrong contact?",improvement|no_change|worse_overlay|wrong_contact|unclear,mistral_llm_schema_validated,main_body|contact_region|support_region|tip_regions|grip_bands|background|unclear,hand_on_main_body|hand_on_contact_region|body_on_support_region|floor_support|persistent_two_palm_line|no_contact|unclear,forced_choice_gate_only_no_continuous_pose_or_loss,,,
,stick,stage4,36,,,1.458333,anchor_update_check,/mnt/hdd/AudioHOI/samples_known_object/11_stick/results/benchmark_vlm_qwen/vlm/stage4/evidence/frame00036_anchor_update_check.png,/mnt/hdd/AudioHOI/samples_known_object/11_stick/results/benchmark_vlm_qwen/vlm/stage4/evidence/frame00036_anchor_update_check.png,before_after_anchor_update_overlay,"Using the visual guide in the image: brown render is the predicted stick, green line is the tracked visible stick, yellow circles are active palm contacts, and gray circles are inactive palms. Does the predicted stick preserve alignment with the green visible stick and the active yellow palm contacts without creating a wrong contact?",improvement|no_change|worse_overlay|wrong_contact|unclear,mistral_llm_schema_validated,main_body|contact_region|support_region|tip_regions|grip_bands|background|unclear,hand_on_main_body|hand_on_contact_region|body_on_support_region|floor_support|persistent_two_palm_line|no_contact|unclear,forced_choice_gate_only_no_continuous_pose_or_loss,,,
,stick,stage4,37,,,1.500000,anchor_update_check,/mnt/hdd/AudioHOI/samples_known_object/11_stick/results/benchmark_vlm_qwen/vlm/stage4/evidence/frame00037_anchor_update_check.png,/mnt/hdd/AudioHOI/samples_known_object/11_stick/results/benchmark_vlm_qwen/vlm/stage4/evidence/frame00037_anchor_update_check.png,before_after_anchor_update_overlay,"Using the visual guide in the image: brown render is the predicted stick, green line is the tracked visible stick, yellow circles are active palm contacts, and gray circles are inactive palms. Does the predicted stick preserve alignment with the green visible stick and the active yellow palm contacts without creating a wrong contact?",improvement|no_change|worse_overlay|wrong_contact|unclear,mistral_llm_schema_validated,main_body|contact_region|support_region|tip_regions|grip_bands|background|unclear,hand_on_main_body|hand_on_contact_region|body_on_support_region|floor_support|persistent_two_palm_line|no_contact|unclear,forced_choice_gate_only_no_continuous_pose_or_loss,,,
,stick,stage4,38,,,1.541667,anchor_update_check,/mnt/hdd/AudioHOI/samples_known_object/11_stick/results/benchmark_vlm_qwen/vlm/stage4/evidence/frame00038_anchor_update_check.png,/mnt/hdd/AudioHOI/samples_known_object/11_stick/results/benchmark_vlm_qwen/vlm/stage4/evidence/frame00038_anchor_update_check.png,before_after_anchor_update_overlay,"Using the visual guide in the image: brown render is the predicted stick, green line is the tracked visible stick, yellow circles are active palm contacts, and gray circles are inactive palms. Does the predicted stick preserve alignment with the green visible stick and the active yellow palm contacts without creating a wrong contact?",improvement|no_change|worse_overlay|wrong_contact|unclear,mistral_llm_schema_validated,main_body|contact_region|support_region|tip_regions|grip_bands|background|unclear,hand_on_main_body|hand_on_contact_region|body_on_support_region|floor_support|persistent_two_palm_line|no_contact|unclear,forced_choice_gate_only_no_continuous_pose_or_loss,,,
,stick,stage4,39,,,1.583333,anchor_update_check,/mnt/hdd/AudioHOI/samples_known_object/11_stick/results/benchmark_vlm_qwen/vlm/stage4/evidence/frame00039_anchor_update_check.png,/mnt/hdd/AudioHOI/samples_known_object/11_stick/results/benchmark_vlm_qwen/vlm/stage4/evidence/frame00039_anchor_update_check.png,before_after_anchor_update_overlay,"Using the visual guide in the image: brown render is the predicted stick, green line is the tracked visible stick, yellow circles are active palm contacts, and gray circles are inactive palms. Does the predicted stick preserve alignment with the green visible stick and the active yellow palm contacts without creating a wrong contact?",improvement|no_change|worse_overlay|wrong_contact|unclear,mistral_llm_schema_validated,main_body|contact_region|support_region|tip_regions|grip_bands|background|unclear,hand_on_main_body|hand_on_contact_region|body_on_support_region|floor_support|persistent_two_palm_line|no_contact|unclear,forced_choice_gate_only_no_continuous_pose_or_loss,,,
,stick,stage4,40,,,1.625000,anchor_update_check,/mnt/hdd/AudioHOI/samples_known_object/11_stick/results/benchmark_vlm_qwen/vlm/stage4/evidence/frame00040_anchor_update_check.png,/mnt/hdd/AudioHOI/samples_known_object/11_stick/results/benchmark_vlm_qwen/vlm/stage4/evidence/frame00040_anchor_update_check.png,before_after_anchor_update_overlay,"Using the visual guide in the image: brown render is the predicted stick, green line is the tracked visible stick, yellow circles are active palm contacts, and gray circles are inactive palms. Does the predicted stick preserve alignment with the green visible stick and the active yellow palm contacts without creating a wrong contact?",improvement|no_change|worse_overlay|wrong_contact|unclear,mistral_llm_schema_validated,main_body|contact_region|support_region|tip_regions|grip_bands|background|unclear,hand_on_main_body|hand_on_contact_region|body_on_support_region|floor_support|persistent_two_palm_line|no_contact|unclear,forced_choice_gate_only_no_continuous_pose_or_loss,,,
,stick,stage4,41,,,1.666667,anchor_update_check,/mnt/hdd/AudioHOI/samples_known_object/11_stick/results/benchmark_vlm_qwen/vlm/stage4/evidence/frame00041_anchor_update_check.png,/mnt/hdd/AudioHOI/samples_known_object/11_stick/results/benchmark_vlm_qwen/vlm/stage4/evidence/frame00041_anchor_update_check.png,before_after_anchor_update_overlay,"Using the visual guide in the image: brown render is the predicted stick, green line is the tracked visible stick, yellow circles are active palm contacts, and gray circles are inactive palms. Does the predicted stick preserve alignment with the green visible stick and the active yellow palm contacts without creating a wrong contact?",improvement|no_change|worse_overlay|wrong_contact|unclear,mistral_llm_schema_validated,main_body|contact_region|support_region|tip_regions|grip_bands|background|unclear,hand_on_main_body|hand_on_contact_region|body_on_support_region|floor_support|persistent_two_palm_line|no_contact|unclear,forced_choice_gate_only_no_continuous_pose_or_loss,,,
,stick,stage4,42,,,1.708333,anchor_update_check,/mnt/hdd/AudioHOI/samples_known_object/11_stick/results/benchmark_vlm_qwen/vlm/stage4/evidence/frame00042_anchor_update_check.png,/mnt/hdd/AudioHOI/samples_known_object/11_stick/results/benchmark_vlm_qwen/vlm/stage4/evidence/frame00042_anchor_update_check.png,before_after_anchor_update_overlay,"Using the visual guide in the image: brown render is the predicted stick, green line is the tracked visible stick, yellow circles are active palm contacts, and gray circles are inactive palms. Does the predicted stick preserve alignment with the green visible stick and the active yellow palm contacts without creating a wrong contact?",improvement|no_change|worse_overlay|wrong_contact|unclear,mistral_llm_schema_validated,main_body|contact_region|support_region|tip_regions|grip_bands|background|unclear,hand_on_main_body|hand_on_contact_region|body_on_support_region|floor_support|persistent_two_palm_line|no_contact|unclear,forced_choice_gate_only_no_continuous_pose_or_loss,,,
,stick,stage4,43,,,1.750000,anchor_update_check,/mnt/hdd/AudioHOI/samples_known_object/11_stick/results/benchmark_vlm_qwen/vlm/stage4/evidence/frame00043_anchor_update_check.png,/mnt/hdd/AudioHOI/samples_known_object/11_stick/results/benchmark_vlm_qwen/vlm/stage4/evidence/frame00043_anchor_update_check.png,before_after_anchor_update_overlay,"Using the visual guide in the image: brown render is the predicted stick, green line is the tracked visible stick, yellow circles are active palm contacts, and gray circles are inactive palms. Does the predicted stick preserve alignment with the green visible stick and the active yellow palm contacts without creating a wrong contact?",improvement|no_change|worse_overlay|wrong_contact|unclear,mistral_llm_schema_validated,main_body|contact_region|support_region|tip_regions|grip_bands|background|unclear,hand_on_main_body|hand_on_contact_region|body_on_support_region|floor_support|persistent_two_palm_line|no_contact|unclear,forced_choice_gate_only_no_continuous_pose_or_loss,,,
,stick,stage4,44,,,1.791667,anchor_update_check,/mnt/hdd/AudioHOI/samples_known_object/11_stick/results/benchmark_vlm_qwen/vlm/stage4/evidence/frame00044_anchor_update_check.png,/mnt/hdd/AudioHOI/samples_known_object/11_stick/results/benchmark_vlm_qwen/vlm/stage4/evidence/frame00044_anchor_update_check.png,before_after_anchor_update_overlay,"Using the visual guide in the image: brown render is the predicted stick, green line is the tracked visible stick, yellow circles are active palm contacts, and gray circles are inactive palms. Does the predicted stick preserve alignment with the green visible stick and the active yellow palm contacts without creating a wrong contact?",improvement|no_change|worse_overlay|wrong_contact|unclear,mistral_llm_schema_validated,main_body|contact_region|support_region|tip_regions|grip_bands|background|unclear,hand_on_main_body|hand_on_contact_region|body_on_support_region|floor_support|persistent_two_palm_line|no_contact|unclear,forced_choice_gate_only_no_continuous_pose_or_loss,,,
,stick,stage4,45,,,1.833333,anchor_update_check,/mnt/hdd/AudioHOI/samples_known_object/11_stick/results/benchmark_vlm_qwen/vlm/stage4/evidence/frame00045_anchor_update_check.png,/mnt/hdd/AudioHOI/samples_known_object/11_stick/results/benchmark_vlm_qwen/vlm/stage4/evidence/frame00045_anchor_update_check.png,before_after_anchor_update_overlay,"Using the visual guide in the image: brown render is the predicted stick, green line is the tracked visible stick, yellow circles are active palm contacts, and gray circles are inactive palms. Does the predicted stick preserve alignment with the green visible stick and the active yellow palm contacts without creating a wrong contact?",improvement|no_change|worse_overlay|wrong_contact|unclear,mistral_llm_schema_validated,main_body|contact_region|support_region|tip_regions|grip_bands|background|unclear,hand_on_main_body|hand_on_contact_region|body_on_support_region|floor_support|persistent_two_palm_line|no_contact|unclear,forced_choice_gate_only_no_continuous_pose_or_loss,,,
,stick,stage4,46,,,1.875000,anchor_update_check,/mnt/hdd/AudioHOI/samples_known_object/11_stick/results/benchmark_vlm_qwen/vlm/stage4/evidence/frame00046_anchor_update_check.png,/mnt/hdd/AudioHOI/samples_known_object/11_stick/results/benchmark_vlm_qwen/vlm/stage4/evidence/frame00046_anchor_update_check.png,before_after_anchor_update_overlay,"Using the visual guide in the image: brown render is the predicted stick, green line is the tracked visible stick, yellow circles are active palm contacts, and gray circles are inactive palms. Does the predicted stick preserve alignment with the green visible stick and the active yellow palm contacts without creating a wrong contact?",improvement|no_change|worse_overlay|wrong_contact|unclear,mistral_llm_schema_validated,main_body|contact_region|support_region|tip_regions|grip_bands|background|unclear,hand_on_main_body|hand_on_contact_region|body_on_support_region|floor_support|persistent_two_palm_line|no_contact|unclear,forced_choice_gate_only_no_continuous_pose_or_loss,,,
,stick,stage4,47,,,1.916667,anchor_update_check,/mnt/hdd/AudioHOI/samples_known_object/11_stick/results/benchmark_vlm_qwen/vlm/stage4/evidence/frame00047_anchor_update_check.png,/mnt/hdd/AudioHOI/samples_known_object/11_stick/results/benchmark_vlm_qwen/vlm/stage4/evidence/frame00047_anchor_update_check.png,before_after_anchor_update_overlay,"Using the visual guide in the image: brown render is the predicted stick, green line is the tracked visible stick, yellow circles are active palm contacts, and gray circles are inactive palms. Does the predicted stick preserve alignment with the green visible stick and the active yellow palm contacts without creating a wrong contact?",improvement|no_change|worse_overlay|wrong_contact|unclear,mistral_llm_schema_validated,main_body|contact_region|support_region|tip_regions|grip_bands|background|unclear,hand_on_main_body|hand_on_contact_region|body_on_support_region|floor_support|persistent_two_palm_line|no_contact|unclear,forced_choice_gate_only_no_continuous_pose_or_loss,,,
,stick,stage4,48,,,1.958333,anchor_update_check,/mnt/hdd/AudioHOI/samples_known_object/11_stick/results/benchmark_vlm_qwen/vlm/stage4/evidence/frame00048_anchor_update_check.png,/mnt/hdd/AudioHOI/samples_known_object/11_stick/results/benchmark_vlm_qwen/vlm/stage4/evidence/frame00048_anchor_update_check.png,before_after_anchor_update_overlay,"Using the visual guide in the image: brown render is the predicted stick, green line is the tracked visible stick, yellow circles are active palm contacts, and gray circles are inactive palms. Does the predicted stick preserve alignment with the green visible stick and the active yellow palm contacts without creating a wrong contact?",improvement|no_change|worse_overlay|wrong_contact|unclear,mistral_llm_schema_validated,main_body|contact_region|support_region|tip_regions|grip_bands|background|unclear,hand_on_main_body|hand_on_contact_region|body_on_support_region|floor_support|persistent_two_palm_line|no_contact|unclear,forced_choice_gate_only_no_continuous_pose_or_loss,,,
,stick,stage4,49,,,2.000000,anchor_update_check,/mnt/hdd/AudioHOI/samples_known_object/11_stick/results/benchmark_vlm_qwen/vlm/stage4/evidence/frame00049_anchor_update_check.png,/mnt/hdd/AudioHOI/samples_known_object/11_stick/results/benchmark_vlm_qwen/vlm/stage4/evidence/frame00049_anchor_update_check.png,before_after_anchor_update_overlay,"Using the visual guide in the image: brown render is the predicted stick, green line is the tracked visible stick, yellow circles are active palm contacts, and gray circles are inactive palms. Does the predicted stick preserve alignment with the green visible stick and the active yellow palm contacts without creating a wrong contact?",improvement|no_change|worse_overlay|wrong_contact|unclear,mistral_llm_schema_validated,main_body|contact_region|support_region|tip_regions|grip_bands|background|unclear,hand_on_main_body|hand_on_contact_region|body_on_support_region|floor_support|persistent_two_palm_line|no_contact|unclear,forced_choice_gate_only_no_continuous_pose_or_loss,,,
,stick,stage4,50,,,2.041667,anchor_update_check,/mnt/hdd/AudioHOI/samples_known_object/11_stick/results/benchmark_vlm_qwen/vlm/stage4/evidence/frame00050_anchor_update_check.png,/mnt/hdd/AudioHOI/samples_known_object/11_stick/results/benchmark_vlm_qwen/vlm/stage4/evidence/frame00050_anchor_update_check.png,before_after_anchor_update_overlay,"Using the visual guide in the image: brown render is the predicted stick, green line is the tracked visible stick, yellow circles are active palm contacts, and gray circles are inactive palms. Does the predicted stick preserve alignment with the green visible stick and the active yellow palm contacts without creating a wrong contact?",improvement|no_change|worse_overlay|wrong_contact|unclear,mistral_llm_schema_validated,main_body|contact_region|support_region|tip_regions|grip_bands|background|unclear,hand_on_main_body|hand_on_contact_region|body_on_support_region|floor_support|persistent_two_palm_line|no_contact|unclear,forced_choice_gate_only_no_continuous_pose_or_loss,,,
,stick,stage4,51,,,2.083333,anchor_update_check,/mnt/hdd/AudioHOI/samples_known_object/11_stick/results/benchmark_vlm_qwen/vlm/stage4/evidence/frame00051_anchor_update_check.png,/mnt/hdd/AudioHOI/samples_known_object/11_stick/results/benchmark_vlm_qwen/vlm/stage4/evidence/frame00051_anchor_update_check.png,before_after_anchor_update_overlay,"Using the visual guide in the image: brown render is the predicted stick, green line is the tracked visible stick, yellow circles are active palm contacts, and gray circles are inactive palms. Does the predicted stick preserve alignment with the green visible stick and the active yellow palm contacts without creating a wrong contact?",improvement|no_change|worse_overlay|wrong_contact|unclear,mistral_llm_schema_validated,main_body|contact_region|support_region|tip_regions|grip_bands|background|unclear,hand_on_main_body|hand_on_contact_region|body_on_support_region|floor_support|persistent_two_palm_line|no_contact|unclear,forced_choice_gate_only_no_continuous_pose_or_loss,,,
,stick,stage4,52,,,2.125000,anchor_update_check,/mnt/hdd/AudioHOI/samples_known_object/11_stick/results/benchmark_vlm_qwen/vlm/stage4/evidence/frame00052_anchor_update_check.png,/mnt/hdd/AudioHOI/samples_known_object/11_stick/results/benchmark_vlm_qwen/vlm/stage4/evidence/frame00052_anchor_update_check.png,before_after_anchor_update_overlay,"Using the visual guide in the image: brown render is the predicted stick, green line is the tracked visible stick, yellow circles are active palm contacts, and gray circles are inactive palms. Does the predicted stick preserve alignment with the green visible stick and the active yellow palm contacts without creating a wrong contact?",improvement|no_change|worse_overlay|wrong_contact|unclear,mistral_llm_schema_validated,main_body|contact_region|support_region|tip_regions|grip_bands|background|unclear,hand_on_main_body|hand_on_contact_region|body_on_support_region|floor_support|persistent_two_palm_line|no_contact|unclear,forced_choice_gate_only_no_continuous_pose_or_loss,,,
,stick,stage4,53,,,2.166667,anchor_update_check,/mnt/hdd/AudioHOI/samples_known_object/11_stick/results/benchmark_vlm_qwen/vlm/stage4/evidence/frame00053_anchor_update_check.png,/mnt/hdd/AudioHOI/samples_known_object/11_stick/results/benchmark_vlm_qwen/vlm/stage4/evidence/frame00053_anchor_update_check.png,before_after_anchor_update_overlay,"Using the visual guide in the image: brown render is the predicted stick, green line is the tracked visible stick, yellow circles are active palm contacts, and gray circles are inactive palms. Does the predicted stick preserve alignment with the green visible stick and the active yellow palm contacts without creating a wrong contact?",improvement|no_change|worse_overlay|wrong_contact|unclear,mistral_llm_schema_validated,main_body|contact_region|support_region|tip_regions|grip_bands|background|unclear,hand_on_main_body|hand_on_contact_region|body_on_support_region|floor_support|persistent_two_palm_line|no_contact|unclear,forced_choice_gate_only_no_continuous_pose_or_loss,,,
,stick,stage4,54,,,2.208333,anchor_update_check,/mnt/hdd/AudioHOI/samples_known_object/11_stick/results/benchmark_vlm_qwen/vlm/stage4/evidence/frame00054_anchor_update_check.png,/mnt/hdd/AudioHOI/samples_known_object/11_stick/results/benchmark_vlm_qwen/vlm/stage4/evidence/frame00054_anchor_update_check.png,before_after_anchor_update_overlay,"Using the visual guide in the image: brown render is the predicted stick, green line is the tracked visible stick, yellow circles are active palm contacts, and gray circles are inactive palms. Does the predicted stick preserve alignment with the green visible stick and the active yellow palm contacts without creating a wrong contact?",improvement|no_change|worse_overlay|wrong_contact|unclear,mistral_llm_schema_validated,main_body|contact_region|support_region|tip_regions|grip_bands|background|unclear,hand_on_main_body|hand_on_contact_region|body_on_support_region|floor_support|persistent_two_palm_line|no_contact|unclear,forced_choice_gate_only_no_continuous_pose_or_loss,,,
,stick,stage4,55,,,2.250000,anchor_update_check,/mnt/hdd/AudioHOI/samples_known_object/11_stick/results/benchmark_vlm_qwen/vlm/stage4/evidence/frame00055_anchor_update_check.png,/mnt/hdd/AudioHOI/samples_known_object/11_stick/results/benchmark_vlm_qwen/vlm/stage4/evidence/frame00055_anchor_update_check.png,before_after_anchor_update_overlay,"Using the visual guide in the image: brown render is the predicted stick, green line is the tracked visible stick, yellow circles are active palm contacts, and gray circles are inactive palms. Does the predicted stick preserve alignment with the green visible stick and the active yellow palm contacts without creating a wrong contact?",improvement|no_change|worse_overlay|wrong_contact|unclear,mistral_llm_schema_validated,main_body|contact_region|support_region|tip_regions|grip_bands|background|unclear,hand_on_main_body|hand_on_contact_region|body_on_support_region|floor_support|persistent_two_palm_line|no_contact|unclear,forced_choice_gate_only_no_continuous_pose_or_loss,,,
,stick,stage4,56,,,2.291667,anchor_update_check,/mnt/hdd/AudioHOI/samples_known_object/11_stick/results/benchmark_vlm_qwen/vlm/stage4/evidence/frame00056_anchor_update_check.png,/mnt/hdd/AudioHOI/samples_known_object/11_stick/results/benchmark_vlm_qwen/vlm/stage4/evidence/frame00056_anchor_update_check.png,before_after_anchor_update_overlay,"Using the visual guide in the image: brown render is the predicted stick, green line is the tracked visible stick, yellow circles are active palm contacts, and gray circles are inactive palms. Does the predicted stick preserve alignment with the green visible stick and the active yellow palm contacts without creating a wrong contact?",improvement|no_change|worse_overlay|wrong_contact|unclear,mistral_llm_schema_validated,main_body|contact_region|support_region|tip_regions|grip_bands|background|unclear,hand_on_main_body|hand_on_contact_region|body_on_support_region|floor_support|persistent_two_palm_line|no_contact|unclear,forced_choice_gate_only_no_continuous_pose_or_loss,,,
,stick,stage4,57,,,2.333333,anchor_update_check,/mnt/hdd/AudioHOI/samples_known_object/11_stick/results/benchmark_vlm_qwen/vlm/stage4/evidence/frame00057_anchor_update_check.png,/mnt/hdd/AudioHOI/samples_known_object/11_stick/results/benchmark_vlm_qwen/vlm/stage4/evidence/frame00057_anchor_update_check.png,before_after_anchor_update_overlay,"Using the visual guide in the image: brown render is the predicted stick, green line is the tracked visible stick, yellow circles are active palm contacts, and gray circles are inactive palms. Does the predicted stick preserve alignment with the green visible stick and the active yellow palm contacts without creating a wrong contact?",improvement|no_change|worse_overlay|wrong_contact|unclear,mistral_llm_schema_validated,main_body|contact_region|support_region|tip_regions|grip_bands|background|unclear,hand_on_main_body|hand_on_contact_region|body_on_support_region|floor_support|persistent_two_palm_line|no_contact|unclear,forced_choice_gate_only_no_continuous_pose_or_loss,,,
,stick,stage4,58,,,2.375000,anchor_update_check,/mnt/hdd/AudioHOI/samples_known_object/11_stick/results/benchmark_vlm_qwen/vlm/stage4/evidence/frame00058_anchor_update_check.png,/mnt/hdd/AudioHOI/samples_known_object/11_stick/results/benchmark_vlm_qwen/vlm/stage4/evidence/frame00058_anchor_update_check.png,before_after_anchor_update_overlay,"Using the visual guide in the image: brown render is the predicted stick, green line is the tracked visible stick, yellow circles are active palm contacts, and gray circles are inactive palms. Does the predicted stick preserve alignment with the green visible stick and the active yellow palm contacts without creating a wrong contact?",improvement|no_change|worse_overlay|wrong_contact|unclear,mistral_llm_schema_validated,main_body|contact_region|support_region|tip_regions|grip_bands|background|unclear,hand_on_main_body|hand_on_contact_region|body_on_support_region|floor_support|persistent_two_palm_line|no_contact|unclear,forced_choice_gate_only_no_continuous_pose_or_loss,,,
,stick,stage4,59,,,2.416667,anchor_update_check,/mnt/hdd/AudioHOI/samples_known_object/11_stick/results/benchmark_vlm_qwen/vlm/stage4/evidence/frame00059_anchor_update_check.png,/mnt/hdd/AudioHOI/samples_known_object/11_stick/results/benchmark_vlm_qwen/vlm/stage4/evidence/frame00059_anchor_update_check.png,before_after_anchor_update_overlay,"Using the visual guide in the image: brown render is the predicted stick, green line is the tracked visible stick, yellow circles are active palm contacts, and gray circles are inactive palms. Does the predicted stick preserve alignment with the green visible stick and the active yellow palm contacts without creating a wrong contact?",improvement|no_change|worse_overlay|wrong_contact|unclear,mistral_llm_schema_validated,main_body|contact_region|support_region|tip_regions|grip_bands|background|unclear,hand_on_main_body|hand_on_contact_region|body_on_support_region|floor_support|persistent_two_palm_line|no_contact|unclear,forced_choice_gate_only_no_continuous_pose_or_loss,,,
,stick,stage4,60,,,2.458333,anchor_update_check,/mnt/hdd/AudioHOI/samples_known_object/11_stick/results/benchmark_vlm_qwen/vlm/stage4/evidence/frame00060_anchor_update_check.png,/mnt/hdd/AudioHOI/samples_known_object/11_stick/results/benchmark_vlm_qwen/vlm/stage4/evidence/frame00060_anchor_update_check.png,before_after_anchor_update_overlay,"Using the visual guide in the image: brown render is the predicted stick, green line is the tracked visible stick, yellow circles are active palm contacts, and gray circles are inactive palms. Does the predicted stick preserve alignment with the green visible stick and the active yellow palm contacts without creating a wrong contact?",improvement|no_change|worse_overlay|wrong_contact|unclear,mistral_llm_schema_validated,main_body|contact_region|support_region|tip_regions|grip_bands|background|unclear,hand_on_main_body|hand_on_contact_region|body_on_support_region|floor_support|persistent_two_palm_line|no_contact|unclear,forced_choice_gate_only_no_continuous_pose_or_loss,,,
,stick,stage4,61,,,2.500000,anchor_update_check,/mnt/hdd/AudioHOI/samples_known_object/11_stick/results/benchmark_vlm_qwen/vlm/stage4/evidence/frame00061_anchor_update_check.png,/mnt/hdd/AudioHOI/samples_known_object/11_stick/results/benchmark_vlm_qwen/vlm/stage4/evidence/frame00061_anchor_update_check.png,before_after_anchor_update_overlay,"Using the visual guide in the image: brown render is the predicted stick, green line is the tracked visible stick, yellow circles are active palm contacts, and gray circles are inactive palms. Does the predicted stick preserve alignment with the green visible stick and the active yellow palm contacts without creating a wrong contact?",improvement|no_change|worse_overlay|wrong_contact|unclear,mistral_llm_schema_validated,main_body|contact_region|support_region|tip_regions|grip_bands|background|unclear,hand_on_main_body|hand_on_contact_region|body_on_support_region|floor_support|persistent_two_palm_line|no_contact|unclear,forced_choice_gate_only_no_continuous_pose_or_loss,,,
,stick,stage4,62,,,2.541667,anchor_update_check,/mnt/hdd/AudioHOI/samples_known_object/11_stick/results/benchmark_vlm_qwen/vlm/stage4/evidence/frame00062_anchor_update_check.png,/mnt/hdd/AudioHOI/samples_known_object/11_stick/results/benchmark_vlm_qwen/vlm/stage4/evidence/frame00062_anchor_update_check.png,before_after_anchor_update_overlay,"Using the visual guide in the image: brown render is the predicted stick, green line is the tracked visible stick, yellow circles are active palm contacts, and gray circles are inactive palms. Does the predicted stick preserve alignment with the green visible stick and the active yellow palm contacts without creating a wrong contact?",improvement|no_change|worse_overlay|wrong_contact|unclear,mistral_llm_schema_validated,main_body|contact_region|support_region|tip_regions|grip_bands|background|unclear,hand_on_main_body|hand_on_contact_region|body_on_support_region|floor_support|persistent_two_palm_line|no_contact|unclear,forced_choice_gate_only_no_continuous_pose_or_loss,,,
,stick,stage4,63,,,2.583333,anchor_update_check,/mnt/hdd/AudioHOI/samples_known_object/11_stick/results/benchmark_vlm_qwen/vlm/stage4/evidence/frame00063_anchor_update_check.png,/mnt/hdd/AudioHOI/samples_known_object/11_stick/results/benchmark_vlm_qwen/vlm/stage4/evidence/frame00063_anchor_update_check.png,before_after_anchor_update_overlay,"Using the visual guide in the image: brown render is the predicted stick, green line is the tracked visible stick, yellow circles are active palm contacts, and gray circles are inactive palms. Does the predicted stick preserve alignment with the green visible stick and the active yellow palm contacts without creating a wrong contact?",improvement|no_change|worse_overlay|wrong_contact|unclear,mistral_llm_schema_validated,main_body|contact_region|support_region|tip_regions|grip_bands|background|unclear,hand_on_main_body|hand_on_contact_region|body_on_support_region|floor_support|persistent_two_palm_line|no_contact|unclear,forced_choice_gate_only_no_continuous_pose_or_loss,,,
,stick,stage4,64,,,2.625000,anchor_update_check,/mnt/hdd/AudioHOI/samples_known_object/11_stick/results/benchmark_vlm_qwen/vlm/stage4/evidence/frame00064_anchor_update_check.png,/mnt/hdd/AudioHOI/samples_known_object/11_stick/results/benchmark_vlm_qwen/vlm/stage4/evidence/frame00064_anchor_update_check.png,before_after_anchor_update_overlay,"Using the visual guide in the image: brown render is the predicted stick, green line is the tracked visible stick, yellow circles are active palm contacts, and gray circles are inactive palms. Does the predicted stick preserve alignment with the green visible stick and the active yellow palm contacts without creating a wrong contact?",improvement|no_change|worse_overlay|wrong_contact|unclear,mistral_llm_schema_validated,main_body|contact_region|support_region|tip_regions|grip_bands|background|unclear,hand_on_main_body|hand_on_contact_region|body_on_support_region|floor_support|persistent_two_palm_line|no_contact|unclear,forced_choice_gate_only_no_continuous_pose_or_loss,,,
,stick,stage4,65,,,2.666667,anchor_update_check,/mnt/hdd/AudioHOI/samples_known_object/11_stick/results/benchmark_vlm_qwen/vlm/stage4/evidence/frame00065_anchor_update_check.png,/mnt/hdd/AudioHOI/samples_known_object/11_stick/results/benchmark_vlm_qwen/vlm/stage4/evidence/frame00065_anchor_update_check.png,before_after_anchor_update_overlay,"Using the visual guide in the image: brown render is the predicted stick, green line is the tracked visible stick, yellow circles are active palm contacts, and gray circles are inactive palms. Does the predicted stick preserve alignment with the green visible stick and the active yellow palm contacts without creating a wrong contact?",improvement|no_change|worse_overlay|wrong_contact|unclear,mistral_llm_schema_validated,main_body|contact_region|support_region|tip_regions|grip_bands|background|unclear,hand_on_main_body|hand_on_contact_region|body_on_support_region|floor_support|persistent_two_palm_line|no_contact|unclear,forced_choice_gate_only_no_continuous_pose_or_loss,,,
,stick,stage4,66,,,2.708333,anchor_update_check,/mnt/hdd/AudioHOI/samples_known_object/11_stick/results/benchmark_vlm_qwen/vlm/stage4/evidence/frame00066_anchor_update_check.png,/mnt/hdd/AudioHOI/samples_known_object/11_stick/results/benchmark_vlm_qwen/vlm/stage4/evidence/frame00066_anchor_update_check.png,before_after_anchor_update_overlay,"Using the visual guide in the image: brown render is the predicted stick, green line is the tracked visible stick, yellow circles are active palm contacts, and gray circles are inactive palms. Does the predicted stick preserve alignment with the green visible stick and the active yellow palm contacts without creating a wrong contact?",improvement|no_change|worse_overlay|wrong_contact|unclear,mistral_llm_schema_validated,main_body|contact_region|support_region|tip_regions|grip_bands|background|unclear,hand_on_main_body|hand_on_contact_region|body_on_support_region|floor_support|persistent_two_palm_line|no_contact|unclear,forced_choice_gate_only_no_continuous_pose_or_loss,,,
,stick,stage4,67,,,2.750000,anchor_update_check,/mnt/hdd/AudioHOI/samples_known_object/11_stick/results/benchmark_vlm_qwen/vlm/stage4/evidence/frame00067_anchor_update_check.png,/mnt/hdd/AudioHOI/samples_known_object/11_stick/results/benchmark_vlm_qwen/vlm/stage4/evidence/frame00067_anchor_update_check.png,before_after_anchor_update_overlay,"Using the visual guide in the image: brown render is the predicted stick, green line is the tracked visible stick, yellow circles are active palm contacts, and gray circles are inactive palms. Does the predicted stick preserve alignment with the green visible stick and the active yellow palm contacts without creating a wrong contact?",improvement|no_change|worse_overlay|wrong_contact|unclear,mistral_llm_schema_validated,main_body|contact_region|support_region|tip_regions|grip_bands|background|unclear,hand_on_main_body|hand_on_contact_region|body_on_support_region|floor_support|persistent_two_palm_line|no_contact|unclear,forced_choice_gate_only_no_continuous_pose_or_loss,,,
,stick,stage4,68,,,2.791667,anchor_update_check,/mnt/hdd/AudioHOI/samples_known_object/11_stick/results/benchmark_vlm_qwen/vlm/stage4/evidence/frame00068_anchor_update_check.png,/mnt/hdd/AudioHOI/samples_known_object/11_stick/results/benchmark_vlm_qwen/vlm/stage4/evidence/frame00068_anchor_update_check.png,before_after_anchor_update_overlay,"Using the visual guide in the image: brown render is the predicted stick, green line is the tracked visible stick, yellow circles are active palm contacts, and gray circles are inactive palms. Does the predicted stick preserve alignment with the green visible stick and the active yellow palm contacts without creating a wrong contact?",improvement|no_change|worse_overlay|wrong_contact|unclear,mistral_llm_schema_validated,main_body|contact_region|support_region|tip_regions|grip_bands|background|unclear,hand_on_main_body|hand_on_contact_region|body_on_support_region|floor_support|persistent_two_palm_line|no_contact|unclear,forced_choice_gate_only_no_continuous_pose_or_loss,,,
,stick,stage4,69,,,2.833333,anchor_update_check,/mnt/hdd/AudioHOI/samples_known_object/11_stick/results/benchmark_vlm_qwen/vlm/stage4/evidence/frame00069_anchor_update_check.png,/mnt/hdd/AudioHOI/samples_known_object/11_stick/results/benchmark_vlm_qwen/vlm/stage4/evidence/frame00069_anchor_update_check.png,before_after_anchor_update_overlay,"Using the visual guide in the image: brown render is the predicted stick, green line is the tracked visible stick, yellow circles are active palm contacts, and gray circles are inactive palms. Does the predicted stick preserve alignment with the green visible stick and the active yellow palm contacts without creating a wrong contact?",improvement|no_change|worse_overlay|wrong_contact|unclear,mistral_llm_schema_validated,main_body|contact_region|support_region|tip_regions|grip_bands|background|unclear,hand_on_main_body|hand_on_contact_region|body_on_support_region|floor_support|persistent_two_palm_line|no_contact|unclear,forced_choice_gate_only_no_continuous_pose_or_loss,,,
,stick,stage4,70,,,2.875000,anchor_update_check,/mnt/hdd/AudioHOI/samples_known_object/11_stick/results/benchmark_vlm_qwen/vlm/stage4/evidence/frame00070_anchor_update_check.png,/mnt/hdd/AudioHOI/samples_known_object/11_stick/results/benchmark_vlm_qwen/vlm/stage4/evidence/frame00070_anchor_update_check.png,before_after_anchor_update_overlay,"Using the visual guide in the image: brown render is the predicted stick, green line is the tracked visible stick, yellow circles are active palm contacts, and gray circles are inactive palms. Does the predicted stick preserve alignment with the green visible stick and the active yellow palm contacts without creating a wrong contact?",improvement|no_change|worse_overlay|wrong_contact|unclear,mistral_llm_schema_validated,main_body|contact_region|support_region|tip_regions|grip_bands|background|unclear,hand_on_main_body|hand_on_contact_region|body_on_support_region|floor_support|persistent_two_palm_line|no_contact|unclear,forced_choice_gate_only_no_continuous_pose_or_loss,,,
,stick,stage4,71,,,2.916667,anchor_update_check,/mnt/hdd/AudioHOI/samples_known_object/11_stick/results/benchmark_vlm_qwen/vlm/stage4/evidence/frame00071_anchor_update_check.png,/mnt/hdd/AudioHOI/samples_known_object/11_stick/results/benchmark_vlm_qwen/vlm/stage4/evidence/frame00071_anchor_update_check.png,before_after_anchor_update_overlay,"Using the visual guide in the image: brown render is the predicted stick, green line is the tracked visible stick, yellow circles are active palm contacts, and gray circles are inactive palms. Does the predicted stick preserve alignment with the green visible stick and the active yellow palm contacts without creating a wrong contact?",improvement|no_change|worse_overlay|wrong_contact|unclear,mistral_llm_schema_validated,main_body|contact_region|support_region|tip_regions|grip_bands|background|unclear,hand_on_main_body|hand_on_contact_region|body_on_support_region|floor_support|persistent_two_palm_line|no_contact|unclear,forced_choice_gate_only_no_continuous_pose_or_loss,,,
,stick,stage4,72,,,2.958333,anchor_update_check,/mnt/hdd/AudioHOI/samples_known_object/11_stick/results/benchmark_vlm_qwen/vlm/stage4/evidence/frame00072_anchor_update_check.png,/mnt/hdd/AudioHOI/samples_known_object/11_stick/results/benchmark_vlm_qwen/vlm/stage4/evidence/frame00072_anchor_update_check.png,before_after_anchor_update_overlay,"Using the visual guide in the image: brown render is the predicted stick, green line is the tracked visible stick, yellow circles are active palm contacts, and gray circles are inactive palms. Does the predicted stick preserve alignment with the green visible stick and the active yellow palm contacts without creating a wrong contact?",improvement|no_change|worse_overlay|wrong_contact|unclear,mistral_llm_schema_validated,main_body|contact_region|support_region|tip_regions|grip_bands|background|unclear,hand_on_main_body|hand_on_contact_region|body_on_support_region|floor_support|persistent_two_palm_line|no_contact|unclear,forced_choice_gate_only_no_continuous_pose_or_loss,,,
,stick,stage4,73,,,3.000000,anchor_update_check,/mnt/hdd/AudioHOI/samples_known_object/11_stick/results/benchmark_vlm_qwen/vlm/stage4/evidence/frame00073_anchor_update_check.png,/mnt/hdd/AudioHOI/samples_known_object/11_stick/results/benchmark_vlm_qwen/vlm/stage4/evidence/frame00073_anchor_update_check.png,before_after_anchor_update_overlay,"Using the visual guide in the image: brown render is the predicted stick, green line is the tracked visible stick, yellow circles are active palm contacts, and gray circles are inactive palms. Does the predicted stick preserve alignment with the green visible stick and the active yellow palm contacts without creating a wrong contact?",improvement|no_change|worse_overlay|wrong_contact|unclear,mistral_llm_schema_validated,main_body|contact_region|support_region|tip_regions|grip_bands|background|unclear,hand_on_main_body|hand_on_contact_region|body_on_support_region|floor_support|persistent_two_palm_line|no_contact|unclear,forced_choice_gate_only_no_continuous_pose_or_loss,,,
,stick,stage4,74,,,3.041667,anchor_update_check,/mnt/hdd/AudioHOI/samples_known_object/11_stick/results/benchmark_vlm_qwen/vlm/stage4/evidence/frame00074_anchor_update_check.png,/mnt/hdd/AudioHOI/samples_known_object/11_stick/results/benchmark_vlm_qwen/vlm/stage4/evidence/frame00074_anchor_update_check.png,before_after_anchor_update_overlay,"Using the visual guide in the image: brown render is the predicted stick, green line is the tracked visible stick, yellow circles are active palm contacts, and gray circles are inactive palms. Does the predicted stick preserve alignment with the green visible stick and the active yellow palm contacts without creating a wrong contact?",improvement|no_change|worse_overlay|wrong_contact|unclear,mistral_llm_schema_validated,main_body|contact_region|support_region|tip_regions|grip_bands|background|unclear,hand_on_main_body|hand_on_contact_region|body_on_support_region|floor_support|persistent_two_palm_line|no_contact|unclear,forced_choice_gate_only_no_continuous_pose_or_loss,,,
,stick,stage4,75,,,3.083333,anchor_update_check,/mnt/hdd/AudioHOI/samples_known_object/11_stick/results/benchmark_vlm_qwen/vlm/stage4/evidence/frame00075_anchor_update_check.png,/mnt/hdd/AudioHOI/samples_known_object/11_stick/results/benchmark_vlm_qwen/vlm/stage4/evidence/frame00075_anchor_update_check.png,before_after_anchor_update_overlay,"Using the visual guide in the image: brown render is the predicted stick, green line is the tracked visible stick, yellow circles are active palm contacts, and gray circles are inactive palms. Does the predicted stick preserve alignment with the green visible stick and the active yellow palm contacts without creating a wrong contact?",improvement|no_change|worse_overlay|wrong_contact|unclear,mistral_llm_schema_validated,main_body|contact_region|support_region|tip_regions|grip_bands|background|unclear,hand_on_main_body|hand_on_contact_region|body_on_support_region|floor_support|persistent_two_palm_line|no_contact|unclear,forced_choice_gate_only_no_continuous_pose_or_loss,,,
,stick,stage4,76,,,3.125000,anchor_update_check,/mnt/hdd/AudioHOI/samples_known_object/11_stick/results/benchmark_vlm_qwen/vlm/stage4/evidence/frame00076_anchor_update_check.png,/mnt/hdd/AudioHOI/samples_known_object/11_stick/results/benchmark_vlm_qwen/vlm/stage4/evidence/frame00076_anchor_update_check.png,before_after_anchor_update_overlay,"Using the visual guide in the image: brown render is the predicted stick, green line is the tracked visible stick, yellow circles are active palm contacts, and gray circles are inactive palms. Does the predicted stick preserve alignment with the green visible stick and the active yellow palm contacts without creating a wrong contact?",improvement|no_change|worse_overlay|wrong_contact|unclear,mistral_llm_schema_validated,main_body|contact_region|support_region|tip_regions|grip_bands|background|unclear,hand_on_main_body|hand_on_contact_region|body_on_support_region|floor_support|persistent_two_palm_line|no_contact|unclear,forced_choice_gate_only_no_continuous_pose_or_loss,,,
,stick,stage4,77,,,3.166667,anchor_update_check,/mnt/hdd/AudioHOI/samples_known_object/11_stick/results/benchmark_vlm_qwen/vlm/stage4/evidence/frame00077_anchor_update_check.png,/mnt/hdd/AudioHOI/samples_known_object/11_stick/results/benchmark_vlm_qwen/vlm/stage4/evidence/frame00077_anchor_update_check.png,before_after_anchor_update_overlay,"Using the visual guide in the image: brown render is the predicted stick, green line is the tracked visible stick, yellow circles are active palm contacts, and gray circles are inactive palms. Does the predicted stick preserve alignment with the green visible stick and the active yellow palm contacts without creating a wrong contact?",improvement|no_change|worse_overlay|wrong_contact|unclear,mistral_llm_schema_validated,main_body|contact_region|support_region|tip_regions|grip_bands|background|unclear,hand_on_main_body|hand_on_contact_region|body_on_support_region|floor_support|persistent_two_palm_line|no_contact|unclear,forced_choice_gate_only_no_continuous_pose_or_loss,,,
,stick,stage4,78,,,3.208333,anchor_update_check,/mnt/hdd/AudioHOI/samples_known_object/11_stick/results/benchmark_vlm_qwen/vlm/stage4/evidence/frame00078_anchor_update_check.png,/mnt/hdd/AudioHOI/samples_known_object/11_stick/results/benchmark_vlm_qwen/vlm/stage4/evidence/frame00078_anchor_update_check.png,before_after_anchor_update_overlay,"Using the visual guide in the image: brown render is the predicted stick, green line is the tracked visible stick, yellow circles are active palm contacts, and gray circles are inactive palms. Does the predicted stick preserve alignment with the green visible stick and the active yellow palm contacts without creating a wrong contact?",improvement|no_change|worse_overlay|wrong_contact|unclear,mistral_llm_schema_validated,main_body|contact_region|support_region|tip_regions|grip_bands|background|unclear,hand_on_main_body|hand_on_contact_region|body_on_support_region|floor_support|persistent_two_palm_line|no_contact|unclear,forced_choice_gate_only_no_continuous_pose_or_loss,,,
,stick,stage4,79,,,3.250000,anchor_update_check,/mnt/hdd/AudioHOI/samples_known_object/11_stick/results/benchmark_vlm_qwen/vlm/stage4/evidence/frame00079_anchor_update_check.png,/mnt/hdd/AudioHOI/samples_known_object/11_stick/results/benchmark_vlm_qwen/vlm/stage4/evidence/frame00079_anchor_update_check.png,before_after_anchor_update_overlay,"Using the visual guide in the image: brown render is the predicted stick, green line is the tracked visible stick, yellow circles are active palm contacts, and gray circles are inactive palms. Does the predicted stick preserve alignment with the green visible stick and the active yellow palm contacts without creating a wrong contact?",improvement|no_change|worse_overlay|wrong_contact|unclear,mistral_llm_schema_validated,main_body|contact_region|support_region|tip_regions|grip_bands|background|unclear,hand_on_main_body|hand_on_contact_region|body_on_support_region|floor_support|persistent_two_palm_line|no_contact|unclear,forced_choice_gate_only_no_continuous_pose_or_loss,,,
,stick,stage4,80,,,3.291667,anchor_update_check,/mnt/hdd/AudioHOI/samples_known_object/11_stick/results/benchmark_vlm_qwen/vlm/stage4/evidence/frame00080_anchor_update_check.png,/mnt/hdd/AudioHOI/samples_known_object/11_stick/results/benchmark_vlm_qwen/vlm/stage4/evidence/frame00080_anchor_update_check.png,before_after_anchor_update_overlay,"Using the visual guide in the image: brown render is the predicted stick, green line is the tracked visible stick, yellow circles are active palm contacts, and gray circles are inactive palms. Does the predicted stick preserve alignment with the green visible stick and the active yellow palm contacts without creating a wrong contact?",improvement|no_change|worse_overlay|wrong_contact|unclear,mistral_llm_schema_validated,main_body|contact_region|support_region|tip_regions|grip_bands|background|unclear,hand_on_main_body|hand_on_contact_region|body_on_support_region|floor_support|persistent_two_palm_line|no_contact|unclear,forced_choice_gate_only_no_continuous_pose_or_loss,,,
,stick,stage4,81,,,3.333333,anchor_update_check,/mnt/hdd/AudioHOI/samples_known_object/11_stick/results/benchmark_vlm_qwen/vlm/stage4/evidence/frame00081_anchor_update_check.png,/mnt/hdd/AudioHOI/samples_known_object/11_stick/results/benchmark_vlm_qwen/vlm/stage4/evidence/frame00081_anchor_update_check.png,before_after_anchor_update_overlay,"Using the visual guide in the image: brown render is the predicted stick, green line is the tracked visible stick, yellow circles are active palm contacts, and gray circles are inactive palms. Does the predicted stick preserve alignment with the green visible stick and the active yellow palm contacts without creating a wrong contact?",improvement|no_change|worse_overlay|wrong_contact|unclear,mistral_llm_schema_validated,main_body|contact_region|support_region|tip_regions|grip_bands|background|unclear,hand_on_main_body|hand_on_contact_region|body_on_support_region|floor_support|persistent_two_palm_line|no_contact|unclear,forced_choice_gate_only_no_continuous_pose_or_loss,,,
,stick,stage4,82,,,3.375000,anchor_update_check,/mnt/hdd/AudioHOI/samples_known_object/11_stick/results/benchmark_vlm_qwen/vlm/stage4/evidence/frame00082_anchor_update_check.png,/mnt/hdd/AudioHOI/samples_known_object/11_stick/results/benchmark_vlm_qwen/vlm/stage4/evidence/frame00082_anchor_update_check.png,before_after_anchor_update_overlay,"Using the visual guide in the image: brown render is the predicted stick, green line is the tracked visible stick, yellow circles are active palm contacts, and gray circles are inactive palms. Does the predicted stick preserve alignment with the green visible stick and the active yellow palm contacts without creating a wrong contact?",improvement|no_change|worse_overlay|wrong_contact|unclear,mistral_llm_schema_validated,main_body|contact_region|support_region|tip_regions|grip_bands|background|unclear,hand_on_main_body|hand_on_contact_region|body_on_support_region|floor_support|persistent_two_palm_line|no_contact|unclear,forced_choice_gate_only_no_continuous_pose_or_loss,,,
,stick,stage4,83,,,3.416667,anchor_update_check,/mnt/hdd/AudioHOI/samples_known_object/11_stick/results/benchmark_vlm_qwen/vlm/stage4/evidence/frame00083_anchor_update_check.png,/mnt/hdd/AudioHOI/samples_known_object/11_stick/results/benchmark_vlm_qwen/vlm/stage4/evidence/frame00083_anchor_update_check.png,before_after_anchor_update_overlay,"Using the visual guide in the image: brown render is the predicted stick, green line is the tracked visible stick, yellow circles are active palm contacts, and gray circles are inactive palms. Does the predicted stick preserve alignment with the green visible stick and the active yellow palm contacts without creating a wrong contact?",improvement|no_change|worse_overlay|wrong_contact|unclear,mistral_llm_schema_validated,main_body|contact_region|support_region|tip_regions|grip_bands|background|unclear,hand_on_main_body|hand_on_contact_region|body_on_support_region|floor_support|persistent_two_palm_line|no_contact|unclear,forced_choice_gate_only_no_continuous_pose_or_loss,,,
,stick,stage4,84,,,3.458333,anchor_update_check,/mnt/hdd/AudioHOI/samples_known_object/11_stick/results/benchmark_vlm_qwen/vlm/stage4/evidence/frame00084_anchor_update_check.png,/mnt/hdd/AudioHOI/samples_known_object/11_stick/results/benchmark_vlm_qwen/vlm/stage4/evidence/frame00084_anchor_update_check.png,before_after_anchor_update_overlay,"Using the visual guide in the image: brown render is the predicted stick, green line is the tracked visible stick, yellow circles are active palm contacts, and gray circles are inactive palms. Does the predicted stick preserve alignment with the green visible stick and the active yellow palm contacts without creating a wrong contact?",improvement|no_change|worse_overlay|wrong_contact|unclear,mistral_llm_schema_validated,main_body|contact_region|support_region|tip_regions|grip_bands|background|unclear,hand_on_main_body|hand_on_contact_region|body_on_support_region|floor_support|persistent_two_palm_line|no_contact|unclear,forced_choice_gate_only_no_continuous_pose_or_loss,,,
,stick,stage4,85,,,3.500000,anchor_update_check,/mnt/hdd/AudioHOI/samples_known_object/11_stick/results/benchmark_vlm_qwen/vlm/stage4/evidence/frame00085_anchor_update_check.png,/mnt/hdd/AudioHOI/samples_known_object/11_stick/results/benchmark_vlm_qwen/vlm/stage4/evidence/frame00085_anchor_update_check.png,before_after_anchor_update_overlay,"Using the visual guide in the image: brown render is the predicted stick, green line is the tracked visible stick, yellow circles are active palm contacts, and gray circles are inactive palms. Does the predicted stick preserve alignment with the green visible stick and the active yellow palm contacts without creating a wrong contact?",improvement|no_change|worse_overlay|wrong_contact|unclear,mistral_llm_schema_validated,main_body|contact_region|support_region|tip_regions|grip_bands|background|unclear,hand_on_main_body|hand_on_contact_region|body_on_support_region|floor_support|persistent_two_palm_line|no_contact|unclear,forced_choice_gate_only_no_continuous_pose_or_loss,,,
,stick,stage4,86,,,3.541667,anchor_update_check,/mnt/hdd/AudioHOI/samples_known_object/11_stick/results/benchmark_vlm_qwen/vlm/stage4/evidence/frame00086_anchor_update_check.png,/mnt/hdd/AudioHOI/samples_known_object/11_stick/results/benchmark_vlm_qwen/vlm/stage4/evidence/frame00086_anchor_update_check.png,before_after_anchor_update_overlay,"Using the visual guide in the image: brown render is the predicted stick, green line is the tracked visible stick, yellow circles are active palm contacts, and gray circles are inactive palms. Does the predicted stick preserve alignment with the green visible stick and the active yellow palm contacts without creating a wrong contact?",improvement|no_change|worse_overlay|wrong_contact|unclear,mistral_llm_schema_validated,main_body|contact_region|support_region|tip_regions|grip_bands|background|unclear,hand_on_main_body|hand_on_contact_region|body_on_support_region|floor_support|persistent_two_palm_line|no_contact|unclear,forced_choice_gate_only_no_continuous_pose_or_loss,,,
,stick,stage4,87,,,3.583333,anchor_update_check,/mnt/hdd/AudioHOI/samples_known_object/11_stick/results/benchmark_vlm_qwen/vlm/stage4/evidence/frame00087_anchor_update_check.png,/mnt/hdd/AudioHOI/samples_known_object/11_stick/results/benchmark_vlm_qwen/vlm/stage4/evidence/frame00087_anchor_update_check.png,before_after_anchor_update_overlay,"Using the visual guide in the image: brown render is the predicted stick, green line is the tracked visible stick, yellow circles are active palm contacts, and gray circles are inactive palms. Does the predicted stick preserve alignment with the green visible stick and the active yellow palm contacts without creating a wrong contact?",improvement|no_change|worse_overlay|wrong_contact|unclear,mistral_llm_schema_validated,main_body|contact_region|support_region|tip_regions|grip_bands|background|unclear,hand_on_main_body|hand_on_contact_region|body_on_support_region|floor_support|persistent_two_palm_line|no_contact|unclear,forced_choice_gate_only_no_continuous_pose_or_loss,,,
,stick,stage4,88,,,3.625000,anchor_update_check,/mnt/hdd/AudioHOI/samples_known_object/11_stick/results/benchmark_vlm_qwen/vlm/stage4/evidence/frame00088_anchor_update_check.png,/mnt/hdd/AudioHOI/samples_known_object/11_stick/results/benchmark_vlm_qwen/vlm/stage4/evidence/frame00088_anchor_update_check.png,before_after_anchor_update_overlay,"Using the visual guide in the image: brown render is the predicted stick, green line is the tracked visible stick, yellow circles are active palm contacts, and gray circles are inactive palms. Does the predicted stick preserve alignment with the green visible stick and the active yellow palm contacts without creating a wrong contact?",improvement|no_change|worse_overlay|wrong_contact|unclear,mistral_llm_schema_validated,main_body|contact_region|support_region|tip_regions|grip_bands|background|unclear,hand_on_main_body|hand_on_contact_region|body_on_support_region|floor_support|persistent_two_palm_line|no_contact|unclear,forced_choice_gate_only_no_continuous_pose_or_loss,,,
,stick,stage4,89,,,3.666667,anchor_update_check,/mnt/hdd/AudioHOI/samples_known_object/11_stick/results/benchmark_vlm_qwen/vlm/stage4/evidence/frame00089_anchor_update_check.png,/mnt/hdd/AudioHOI/samples_known_object/11_stick/results/benchmark_vlm_qwen/vlm/stage4/evidence/frame00089_anchor_update_check.png,before_after_anchor_update_overlay,"Using the visual guide in the image: brown render is the predicted stick, green line is the tracked visible stick, yellow circles are active palm contacts, and gray circles are inactive palms. Does the predicted stick preserve alignment with the green visible stick and the active yellow palm contacts without creating a wrong contact?",improvement|no_change|worse_overlay|wrong_contact|unclear,mistral_llm_schema_validated,main_body|contact_region|support_region|tip_regions|grip_bands|background|unclear,hand_on_main_body|hand_on_contact_region|body_on_support_region|floor_support|persistent_two_palm_line|no_contact|unclear,forced_choice_gate_only_no_continuous_pose_or_loss,,,
,stick,stage4,90,,,3.708333,anchor_update_check,/mnt/hdd/AudioHOI/samples_known_object/11_stick/results/benchmark_vlm_qwen/vlm/stage4/evidence/frame00090_anchor_update_check.png,/mnt/hdd/AudioHOI/samples_known_object/11_stick/results/benchmark_vlm_qwen/vlm/stage4/evidence/frame00090_anchor_update_check.png,before_after_anchor_update_overlay,"Using the visual guide in the image: brown render is the predicted stick, green line is the tracked visible stick, yellow circles are active palm contacts, and gray circles are inactive palms. Does the predicted stick preserve alignment with the green visible stick and the active yellow palm contacts without creating a wrong contact?",improvement|no_change|worse_overlay|wrong_contact|unclear,mistral_llm_schema_validated,main_body|contact_region|support_region|tip_regions|grip_bands|background|unclear,hand_on_main_body|hand_on_contact_region|body_on_support_region|floor_support|persistent_two_palm_line|no_contact|unclear,forced_choice_gate_only_no_continuous_pose_or_loss,,,
,stick,stage4,91,,,3.750000,anchor_update_check,/mnt/hdd/AudioHOI/samples_known_object/11_stick/results/benchmark_vlm_qwen/vlm/stage4/evidence/frame00091_anchor_update_check.png,/mnt/hdd/AudioHOI/samples_known_object/11_stick/results/benchmark_vlm_qwen/vlm/stage4/evidence/frame00091_anchor_update_check.png,before_after_anchor_update_overlay,"Using the visual guide in the image: brown render is the predicted stick, green line is the tracked visible stick, yellow circles are active palm contacts, and gray circles are inactive palms. Does the predicted stick preserve alignment with the green visible stick and the active yellow palm contacts without creating a wrong contact?",improvement|no_change|worse_overlay|wrong_contact|unclear,mistral_llm_schema_validated,main_body|contact_region|support_region|tip_regions|grip_bands|background|unclear,hand_on_main_body|hand_on_contact_region|body_on_support_region|floor_support|persistent_two_palm_line|no_contact|unclear,forced_choice_gate_only_no_continuous_pose_or_loss,,,
,stick,stage4,92,,,3.791667,anchor_update_check,/mnt/hdd/AudioHOI/samples_known_object/11_stick/results/benchmark_vlm_qwen/vlm/stage4/evidence/frame00092_anchor_update_check.png,/mnt/hdd/AudioHOI/samples_known_object/11_stick/results/benchmark_vlm_qwen/vlm/stage4/evidence/frame00092_anchor_update_check.png,before_after_anchor_update_overlay,"Using the visual guide in the image: brown render is the predicted stick, green line is the tracked visible stick, yellow circles are active palm contacts, and gray circles are inactive palms. Does the predicted stick preserve alignment with the green visible stick and the active yellow palm contacts without creating a wrong contact?",improvement|no_change|worse_overlay|wrong_contact|unclear,mistral_llm_schema_validated,main_body|contact_region|support_region|tip_regions|grip_bands|background|unclear,hand_on_main_body|hand_on_contact_region|body_on_support_region|floor_support|persistent_two_palm_line|no_contact|unclear,forced_choice_gate_only_no_continuous_pose_or_loss,,,
,stick,stage4,93,,,3.833333,anchor_update_check,/mnt/hdd/AudioHOI/samples_known_object/11_stick/results/benchmark_vlm_qwen/vlm/stage4/evidence/frame00093_anchor_update_check.png,/mnt/hdd/AudioHOI/samples_known_object/11_stick/results/benchmark_vlm_qwen/vlm/stage4/evidence/frame00093_anchor_update_check.png,before_after_anchor_update_overlay,"Using the visual guide in the image: brown render is the predicted stick, green line is the tracked visible stick, yellow circles are active palm contacts, and gray circles are inactive palms. Does the predicted stick preserve alignment with the green visible stick and the active yellow palm contacts without creating a wrong contact?",improvement|no_change|worse_overlay|wrong_contact|unclear,mistral_llm_schema_validated,main_body|contact_region|support_region|tip_regions|grip_bands|background|unclear,hand_on_main_body|hand_on_contact_region|body_on_support_region|floor_support|persistent_two_palm_line|no_contact|unclear,forced_choice_gate_only_no_continuous_pose_or_loss,,,
,stick,stage4,94,,,3.875000,anchor_update_check,/mnt/hdd/AudioHOI/samples_known_object/11_stick/results/benchmark_vlm_qwen/vlm/stage4/evidence/frame00094_anchor_update_check.png,/mnt/hdd/AudioHOI/samples_known_object/11_stick/results/benchmark_vlm_qwen/vlm/stage4/evidence/frame00094_anchor_update_check.png,before_after_anchor_update_overlay,"Using the visual guide in the image: brown render is the predicted stick, green line is the tracked visible stick, yellow circles are active palm contacts, and gray circles are inactive palms. Does the predicted stick preserve alignment with the green visible stick and the active yellow palm contacts without creating a wrong contact?",improvement|no_change|worse_overlay|wrong_contact|unclear,mistral_llm_schema_validated,main_body|contact_region|support_region|tip_regions|grip_bands|background|unclear,hand_on_main_body|hand_on_contact_region|body_on_support_region|floor_support|persistent_two_palm_line|no_contact|unclear,forced_choice_gate_only_no_continuous_pose_or_loss,,,
,stick,stage4,95,,,3.916667,anchor_update_check,/mnt/hdd/AudioHOI/samples_known_object/11_stick/results/benchmark_vlm_qwen/vlm/stage4/evidence/frame00095_anchor_update_check.png,/mnt/hdd/AudioHOI/samples_known_object/11_stick/results/benchmark_vlm_qwen/vlm/stage4/evidence/frame00095_anchor_update_check.png,before_after_anchor_update_overlay,"Using the visual guide in the image: brown render is the predicted stick, green line is the tracked visible stick, yellow circles are active palm contacts, and gray circles are inactive palms. Does the predicted stick preserve alignment with the green visible stick and the active yellow palm contacts without creating a wrong contact?",improvement|no_change|worse_overlay|wrong_contact|unclear,mistral_llm_schema_validated,main_body|contact_region|support_region|tip_regions|grip_bands|background|unclear,hand_on_main_body|hand_on_contact_region|body_on_support_region|floor_support|persistent_two_palm_line|no_contact|unclear,forced_choice_gate_only_no_continuous_pose_or_loss,,,
,stick,stage4,96,,,3.958333,anchor_update_check,/mnt/hdd/AudioHOI/samples_known_object/11_stick/results/benchmark_vlm_qwen/vlm/stage4/evidence/frame00096_anchor_update_check.png,/mnt/hdd/AudioHOI/samples_known_object/11_stick/results/benchmark_vlm_qwen/vlm/stage4/evidence/frame00096_anchor_update_check.png,before_after_anchor_update_overlay,"Using the visual guide in the image: brown render is the predicted stick, green line is the tracked visible stick, yellow circles are active palm contacts, and gray circles are inactive palms. Does the predicted stick preserve alignment with the green visible stick and the active yellow palm contacts without creating a wrong contact?",improvement|no_change|worse_overlay|wrong_contact|unclear,mistral_llm_schema_validated,main_body|contact_region|support_region|tip_regions|grip_bands|background|unclear,hand_on_main_body|hand_on_contact_region|body_on_support_region|floor_support|persistent_two_palm_line|no_contact|unclear,forced_choice_gate_only_no_continuous_pose_or_loss,,,
,stick,stage4,97,,,4.000000,anchor_update_check,/mnt/hdd/AudioHOI/samples_known_object/11_stick/results/benchmark_vlm_qwen/vlm/stage4/evidence/frame00097_anchor_update_check.png,/mnt/hdd/AudioHOI/samples_known_object/11_stick/results/benchmark_vlm_qwen/vlm/stage4/evidence/frame00097_anchor_update_check.png,before_after_anchor_update_overlay,"Using the visual guide in the image: brown render is the predicted stick, green line is the tracked visible stick, yellow circles are active palm contacts, and gray circles are inactive palms. Does the predicted stick preserve alignment with the green visible stick and the active yellow palm contacts without creating a wrong contact?",improvement|no_change|worse_overlay|wrong_contact|unclear,mistral_llm_schema_validated,main_body|contact_region|support_region|tip_regions|grip_bands|background|unclear,hand_on_main_body|hand_on_contact_region|body_on_support_region|floor_support|persistent_two_palm_line|no_contact|unclear,forced_choice_gate_only_no_continuous_pose_or_loss,,,
,stick,stage4,98,,,4.041667,anchor_update_check,/mnt/hdd/AudioHOI/samples_known_object/11_stick/results/benchmark_vlm_qwen/vlm/stage4/evidence/frame00098_anchor_update_check.png,/mnt/hdd/AudioHOI/samples_known_object/11_stick/results/benchmark_vlm_qwen/vlm/stage4/evidence/frame00098_anchor_update_check.png,before_after_anchor_update_overlay,"Using the visual guide in the image: brown render is the predicted stick, green line is the tracked visible stick, yellow circles are active palm contacts, and gray circles are inactive palms. Does the predicted stick preserve alignment with the green visible stick and the active yellow palm contacts without creating a wrong contact?",improvement|no_change|worse_overlay|wrong_contact|unclear,mistral_llm_schema_validated,main_body|contact_region|support_region|tip_regions|grip_bands|background|unclear,hand_on_main_body|hand_on_contact_region|body_on_support_region|floor_support|persistent_two_palm_line|no_contact|unclear,forced_choice_gate_only_no_continuous_pose_or_loss,,,
,stick,stage4,99,,,4.083333,anchor_update_check,/mnt/hdd/AudioHOI/samples_known_object/11_stick/results/benchmark_vlm_qwen/vlm/stage4/evidence/frame00099_anchor_update_check.png,/mnt/hdd/AudioHOI/samples_known_object/11_stick/results/benchmark_vlm_qwen/vlm/stage4/evidence/frame00099_anchor_update_check.png,before_after_anchor_update_overlay,"Using the visual guide in the image: brown render is the predicted stick, green line is the tracked visible stick, yellow circles are active palm contacts, and gray circles are inactive palms. Does the predicted stick preserve alignment with the green visible stick and the active yellow palm contacts without creating a wrong contact?",improvement|no_change|worse_overlay|wrong_contact|unclear,mistral_llm_schema_validated,main_body|contact_region|support_region|tip_regions|grip_bands|background|unclear,hand_on_main_body|hand_on_contact_region|body_on_support_region|floor_support|persistent_two_palm_line|no_contact|unclear,forced_choice_gate_only_no_continuous_pose_or_loss,,,
,stick,stage4,100,,,4.125000,anchor_update_check,/mnt/hdd/AudioHOI/samples_known_object/11_stick/results/benchmark_vlm_qwen/vlm/stage4/evidence/frame00100_anchor_update_check.png,/mnt/hdd/AudioHOI/samples_known_object/11_stick/results/benchmark_vlm_qwen/vlm/stage4/evidence/frame00100_anchor_update_check.png,before_after_anchor_update_overlay,"Using the visual guide in the image: brown render is the predicted stick, green line is the tracked visible stick, yellow circles are active palm contacts, and gray circles are inactive palms. Does the predicted stick preserve alignment with the green visible stick and the active yellow palm contacts without creating a wrong contact?",improvement|no_change|worse_overlay|wrong_contact|unclear,mistral_llm_schema_validated,main_body|contact_region|support_region|tip_regions|grip_bands|background|unclear,hand_on_main_body|hand_on_contact_region|body_on_support_region|floor_support|persistent_two_palm_line|no_contact|unclear,forced_choice_gate_only_no_continuous_pose_or_loss,,,
,stick,stage4,101,,,4.166667,anchor_update_check,/mnt/hdd/AudioHOI/samples_known_object/11_stick/results/benchmark_vlm_qwen/vlm/stage4/evidence/frame00101_anchor_update_check.png,/mnt/hdd/AudioHOI/samples_known_object/11_stick/results/benchmark_vlm_qwen/vlm/stage4/evidence/frame00101_anchor_update_check.png,before_after_anchor_update_overlay,"Using the visual guide in the image: brown render is the predicted stick, green line is the tracked visible stick, yellow circles are active palm contacts, and gray circles are inactive palms. Does the predicted stick preserve alignment with the green visible stick and the active yellow palm contacts without creating a wrong contact?",improvement|no_change|worse_overlay|wrong_contact|unclear,mistral_llm_schema_validated,main_body|contact_region|support_region|tip_regions|grip_bands|background|unclear,hand_on_main_body|hand_on_contact_region|body_on_support_region|floor_support|persistent_two_palm_line|no_contact|unclear,forced_choice_gate_only_no_continuous_pose_or_loss,,,
,stick,stage4,102,,,4.208333,anchor_update_check,/mnt/hdd/AudioHOI/samples_known_object/11_stick/results/benchmark_vlm_qwen/vlm/stage4/evidence/frame00102_anchor_update_check.png,/mnt/hdd/AudioHOI/samples_known_object/11_stick/results/benchmark_vlm_qwen/vlm/stage4/evidence/frame00102_anchor_update_check.png,before_after_anchor_update_overlay,"Using the visual guide in the image: brown render is the predicted stick, green line is the tracked visible stick, yellow circles are active palm contacts, and gray circles are inactive palms. Does the predicted stick preserve alignment with the green visible stick and the active yellow palm contacts without creating a wrong contact?",improvement|no_change|worse_overlay|wrong_contact|unclear,mistral_llm_schema_validated,main_body|contact_region|support_region|tip_regions|grip_bands|background|unclear,hand_on_main_body|hand_on_contact_region|body_on_support_region|floor_support|persistent_two_palm_line|no_contact|unclear,forced_choice_gate_only_no_continuous_pose_or_loss,,,
,stick,stage4,103,,,4.250000,anchor_update_check,/mnt/hdd/AudioHOI/samples_known_object/11_stick/results/benchmark_vlm_qwen/vlm/stage4/evidence/frame00103_anchor_update_check.png,/mnt/hdd/AudioHOI/samples_known_object/11_stick/results/benchmark_vlm_qwen/vlm/stage4/evidence/frame00103_anchor_update_check.png,before_after_anchor_update_overlay,"Using the visual guide in the image: brown render is the predicted stick, green line is the tracked visible stick, yellow circles are active palm contacts, and gray circles are inactive palms. Does the predicted stick preserve alignment with the green visible stick and the active yellow palm contacts without creating a wrong contact?",improvement|no_change|worse_overlay|wrong_contact|unclear,mistral_llm_schema_validated,main_body|contact_region|support_region|tip_regions|grip_bands|background|unclear,hand_on_main_body|hand_on_contact_region|body_on_support_region|floor_support|persistent_two_palm_line|no_contact|unclear,forced_choice_gate_only_no_continuous_pose_or_loss,,,
,stick,stage4,104,,,4.291667,anchor_update_check,/mnt/hdd/AudioHOI/samples_known_object/11_stick/results/benchmark_vlm_qwen/vlm/stage4/evidence/frame00104_anchor_update_check.png,/mnt/hdd/AudioHOI/samples_known_object/11_stick/results/benchmark_vlm_qwen/vlm/stage4/evidence/frame00104_anchor_update_check.png,before_after_anchor_update_overlay,"Using the visual guide in the image: brown render is the predicted stick, green line is the tracked visible stick, yellow circles are active palm contacts, and gray circles are inactive palms. Does the predicted stick preserve alignment with the green visible stick and the active yellow palm contacts without creating a wrong contact?",improvement|no_change|worse_overlay|wrong_contact|unclear,mistral_llm_schema_validated,main_body|contact_region|support_region|tip_regions|grip_bands|background|unclear,hand_on_main_body|hand_on_contact_region|body_on_support_region|floor_support|persistent_two_palm_line|no_contact|unclear,forced_choice_gate_only_no_continuous_pose_or_loss,,,
,stick,stage4,105,,,4.333333,anchor_update_check,/mnt/hdd/AudioHOI/samples_known_object/11_stick/results/benchmark_vlm_qwen/vlm/stage4/evidence/frame00105_anchor_update_check.png,/mnt/hdd/AudioHOI/samples_known_object/11_stick/results/benchmark_vlm_qwen/vlm/stage4/evidence/frame00105_anchor_update_check.png,before_after_anchor_update_overlay,"Using the visual guide in the image: brown render is the predicted stick, green line is the tracked visible stick, yellow circles are active palm contacts, and gray circles are inactive palms. Does the predicted stick preserve alignment with the green visible stick and the active yellow palm contacts without creating a wrong contact?",improvement|no_change|worse_overlay|wrong_contact|unclear,mistral_llm_schema_validated,main_body|contact_region|support_region|tip_regions|grip_bands|background|unclear,hand_on_main_body|hand_on_contact_region|body_on_support_region|floor_support|persistent_two_palm_line|no_contact|unclear,forced_choice_gate_only_no_continuous_pose_or_loss,,,
,stick,stage4,106,,,4.375000,anchor_update_check,/mnt/hdd/AudioHOI/samples_known_object/11_stick/results/benchmark_vlm_qwen/vlm/stage4/evidence/frame00106_anchor_update_check.png,/mnt/hdd/AudioHOI/samples_known_object/11_stick/results/benchmark_vlm_qwen/vlm/stage4/evidence/frame00106_anchor_update_check.png,before_after_anchor_update_overlay,"Using the visual guide in the image: brown render is the predicted stick, green line is the tracked visible stick, yellow circles are active palm contacts, and gray circles are inactive palms. Does the predicted stick preserve alignment with the green visible stick and the active yellow palm contacts without creating a wrong contact?",improvement|no_change|worse_overlay|wrong_contact|unclear,mistral_llm_schema_validated,main_body|contact_region|support_region|tip_regions|grip_bands|background|unclear,hand_on_main_body|hand_on_contact_region|body_on_support_region|floor_support|persistent_two_palm_line|no_contact|unclear,forced_choice_gate_only_no_continuous_pose_or_loss,,,
,stick,stage4,107,,,4.416667,anchor_update_check,/mnt/hdd/AudioHOI/samples_known_object/11_stick/results/benchmark_vlm_qwen/vlm/stage4/evidence/frame00107_anchor_update_check.png,/mnt/hdd/AudioHOI/samples_known_object/11_stick/results/benchmark_vlm_qwen/vlm/stage4/evidence/frame00107_anchor_update_check.png,before_after_anchor_update_overlay,"Using the visual guide in the image: brown render is the predicted stick, green line is the tracked visible stick, yellow circles are active palm contacts, and gray circles are inactive palms. Does the predicted stick preserve alignment with the green visible stick and the active yellow palm contacts without creating a wrong contact?",improvement|no_change|worse_overlay|wrong_contact|unclear,mistral_llm_schema_validated,main_body|contact_region|support_region|tip_regions|grip_bands|background|unclear,hand_on_main_body|hand_on_contact_region|body_on_support_region|floor_support|persistent_two_palm_line|no_contact|unclear,forced_choice_gate_only_no_continuous_pose_or_loss,,,
,stick,stage4,108,,,4.458333,anchor_update_check,/mnt/hdd/AudioHOI/samples_known_object/11_stick/results/benchmark_vlm_qwen/vlm/stage4/evidence/frame00108_anchor_update_check.png,/mnt/hdd/AudioHOI/samples_known_object/11_stick/results/benchmark_vlm_qwen/vlm/stage4/evidence/frame00108_anchor_update_check.png,before_after_anchor_update_overlay,"Using the visual guide in the image: brown render is the predicted stick, green line is the tracked visible stick, yellow circles are active palm contacts, and gray circles are inactive palms. Does the predicted stick preserve alignment with the green visible stick and the active yellow palm contacts without creating a wrong contact?",improvement|no_change|worse_overlay|wrong_contact|unclear,mistral_llm_schema_validated,main_body|contact_region|support_region|tip_regions|grip_bands|background|unclear,hand_on_main_body|hand_on_contact_region|body_on_support_region|floor_support|persistent_two_palm_line|no_contact|unclear,forced_choice_gate_only_no_continuous_pose_or_loss,,,
,stick,stage4,109,,,4.500000,anchor_update_check,/mnt/hdd/AudioHOI/samples_known_object/11_stick/results/benchmark_vlm_qwen/vlm/stage4/evidence/frame00109_anchor_update_check.png,/mnt/hdd/AudioHOI/samples_known_object/11_stick/results/benchmark_vlm_qwen/vlm/stage4/evidence/frame00109_anchor_update_check.png,before_after_anchor_update_overlay,"Using the visual guide in the image: brown render is the predicted stick, green line is the tracked visible stick, yellow circles are active palm contacts, and gray circles are inactive palms. Does the predicted stick preserve alignment with the green visible stick and the active yellow palm contacts without creating a wrong contact?",improvement|no_change|worse_overlay|wrong_contact|unclear,mistral_llm_schema_validated,main_body|contact_region|support_region|tip_regions|grip_bands|background|unclear,hand_on_main_body|hand_on_contact_region|body_on_support_region|floor_support|persistent_two_palm_line|no_contact|unclear,forced_choice_gate_only_no_continuous_pose_or_loss,,,
,stick,stage4,110,,,4.541667,anchor_update_check,/mnt/hdd/AudioHOI/samples_known_object/11_stick/results/benchmark_vlm_qwen/vlm/stage4/evidence/frame00110_anchor_update_check.png,/mnt/hdd/AudioHOI/samples_known_object/11_stick/results/benchmark_vlm_qwen/vlm/stage4/evidence/frame00110_anchor_update_check.png,before_after_anchor_update_overlay,"Using the visual guide in the image: brown render is the predicted stick, green line is the tracked visible stick, yellow circles are active palm contacts, and gray circles are inactive palms. Does the predicted stick preserve alignment with the green visible stick and the active yellow palm contacts without creating a wrong contact?",improvement|no_change|worse_overlay|wrong_contact|unclear,mistral_llm_schema_validated,main_body|contact_region|support_region|tip_regions|grip_bands|background|unclear,hand_on_main_body|hand_on_contact_region|body_on_support_region|floor_support|persistent_two_palm_line|no_contact|unclear,forced_choice_gate_only_no_continuous_pose_or_loss,,,
,stick,stage4,111,,,4.583333,anchor_update_check,/mnt/hdd/AudioHOI/samples_known_object/11_stick/results/benchmark_vlm_qwen/vlm/stage4/evidence/frame00111_anchor_update_check.png,/mnt/hdd/AudioHOI/samples_known_object/11_stick/results/benchmark_vlm_qwen/vlm/stage4/evidence/frame00111_anchor_update_check.png,before_after_anchor_update_overlay,"Using the visual guide in the image: brown render is the predicted stick, green line is the tracked visible stick, yellow circles are active palm contacts, and gray circles are inactive palms. Does the predicted stick preserve alignment with the green visible stick and the active yellow palm contacts without creating a wrong contact?",improvement|no_change|worse_overlay|wrong_contact|unclear,mistral_llm_schema_validated,main_body|contact_region|support_region|tip_regions|grip_bands|background|unclear,hand_on_main_body|hand_on_contact_region|body_on_support_region|floor_support|persistent_two_palm_line|no_contact|unclear,forced_choice_gate_only_no_continuous_pose_or_loss,,,
,stick,stage4,112,,,4.625000,anchor_update_check,/mnt/hdd/AudioHOI/samples_known_object/11_stick/results/benchmark_vlm_qwen/vlm/stage4/evidence/frame00112_anchor_update_check.png,/mnt/hdd/AudioHOI/samples_known_object/11_stick/results/benchmark_vlm_qwen/vlm/stage4/evidence/frame00112_anchor_update_check.png,before_after_anchor_update_overlay,"Using the visual guide in the image: brown render is the predicted stick, green line is the tracked visible stick, yellow circles are active palm contacts, and gray circles are inactive palms. Does the predicted stick preserve alignment with the green visible stick and the active yellow palm contacts without creating a wrong contact?",improvement|no_change|worse_overlay|wrong_contact|unclear,mistral_llm_schema_validated,main_body|contact_region|support_region|tip_regions|grip_bands|background|unclear,hand_on_main_body|hand_on_contact_region|body_on_support_region|floor_support|persistent_two_palm_line|no_contact|unclear,forced_choice_gate_only_no_continuous_pose_or_loss,,,
,stick,stage4,113,,,4.666667,anchor_update_check,/mnt/hdd/AudioHOI/samples_known_object/11_stick/results/benchmark_vlm_qwen/vlm/stage4/evidence/frame00113_anchor_update_check.png,/mnt/hdd/AudioHOI/samples_known_object/11_stick/results/benchmark_vlm_qwen/vlm/stage4/evidence/frame00113_anchor_update_check.png,before_after_anchor_update_overlay,"Using the visual guide in the image: brown render is the predicted stick, green line is the tracked visible stick, yellow circles are active palm contacts, and gray circles are inactive palms. Does the predicted stick preserve alignment with the green visible stick and the active yellow palm contacts without creating a wrong contact?",improvement|no_change|worse_overlay|wrong_contact|unclear,mistral_llm_schema_validated,main_body|contact_region|support_region|tip_regions|grip_bands|background|unclear,hand_on_main_body|hand_on_contact_region|body_on_support_region|floor_support|persistent_two_palm_line|no_contact|unclear,forced_choice_gate_only_no_continuous_pose_or_loss,,,
,stick,stage4,114,,,4.708333,anchor_update_check,/mnt/hdd/AudioHOI/samples_known_object/11_stick/results/benchmark_vlm_qwen/vlm/stage4/evidence/frame00114_anchor_update_check.png,/mnt/hdd/AudioHOI/samples_known_object/11_stick/results/benchmark_vlm_qwen/vlm/stage4/evidence/frame00114_anchor_update_check.png,before_after_anchor_update_overlay,"Using the visual guide in the image: brown render is the predicted stick, green line is the tracked visible stick, yellow circles are active palm contacts, and gray circles are inactive palms. Does the predicted stick preserve alignment with the green visible stick and the active yellow palm contacts without creating a wrong contact?",improvement|no_change|worse_overlay|wrong_contact|unclear,mistral_llm_schema_validated,main_body|contact_region|support_region|tip_regions|grip_bands|background|unclear,hand_on_main_body|hand_on_contact_region|body_on_support_region|floor_support|persistent_two_palm_line|no_contact|unclear,forced_choice_gate_only_no_continuous_pose_or_loss,,,
,stick,stage4,115,,,4.750000,anchor_update_check,/mnt/hdd/AudioHOI/samples_known_object/11_stick/results/benchmark_vlm_qwen/vlm/stage4/evidence/frame00115_anchor_update_check.png,/mnt/hdd/AudioHOI/samples_known_object/11_stick/results/benchmark_vlm_qwen/vlm/stage4/evidence/frame00115_anchor_update_check.png,before_after_anchor_update_overlay,"Using the visual guide in the image: brown render is the predicted stick, green line is the tracked visible stick, yellow circles are active palm contacts, and gray circles are inactive palms. Does the predicted stick preserve alignment with the green visible stick and the active yellow palm contacts without creating a wrong contact?",improvement|no_change|worse_overlay|wrong_contact|unclear,mistral_llm_schema_validated,main_body|contact_region|support_region|tip_regions|grip_bands|background|unclear,hand_on_main_body|hand_on_contact_region|body_on_support_region|floor_support|persistent_two_palm_line|no_contact|unclear,forced_choice_gate_only_no_continuous_pose_or_loss,,,
,stick,stage4,116,,,4.791667,anchor_update_check,/mnt/hdd/AudioHOI/samples_known_object/11_stick/results/benchmark_vlm_qwen/vlm/stage4/evidence/frame00116_anchor_update_check.png,/mnt/hdd/AudioHOI/samples_known_object/11_stick/results/benchmark_vlm_qwen/vlm/stage4/evidence/frame00116_anchor_update_check.png,before_after_anchor_update_overlay,"Using the visual guide in the image: brown render is the predicted stick, green line is the tracked visible stick, yellow circles are active palm contacts, and gray circles are inactive palms. Does the predicted stick preserve alignment with the green visible stick and the active yellow palm contacts without creating a wrong contact?",improvement|no_change|worse_overlay|wrong_contact|unclear,mistral_llm_schema_validated,main_body|contact_region|support_region|tip_regions|grip_bands|background|unclear,hand_on_main_body|hand_on_contact_region|body_on_support_region|floor_support|persistent_two_palm_line|no_contact|unclear,forced_choice_gate_only_no_continuous_pose_or_loss,,,
,stick,stage4,117,,,4.833333,anchor_update_check,/mnt/hdd/AudioHOI/samples_known_object/11_stick/results/benchmark_vlm_qwen/vlm/stage4/evidence/frame00117_anchor_update_check.png,/mnt/hdd/AudioHOI/samples_known_object/11_stick/results/benchmark_vlm_qwen/vlm/stage4/evidence/frame00117_anchor_update_check.png,before_after_anchor_update_overlay,"Using the visual guide in the image: brown render is the predicted stick, green line is the tracked visible stick, yellow circles are active palm contacts, and gray circles are inactive palms. Does the predicted stick preserve alignment with the green visible stick and the active yellow palm contacts without creating a wrong contact?",improvement|no_change|worse_overlay|wrong_contact|unclear,mistral_llm_schema_validated,main_body|contact_region|support_region|tip_regions|grip_bands|background|unclear,hand_on_main_body|hand_on_contact_region|body_on_support_region|floor_support|persistent_two_palm_line|no_contact|unclear,forced_choice_gate_only_no_continuous_pose_or_loss,,,
,stick,stage4,118,,,4.875000,anchor_update_check,/mnt/hdd/AudioHOI/samples_known_object/11_stick/results/benchmark_vlm_qwen/vlm/stage4/evidence/frame00118_anchor_update_check.png,/mnt/hdd/AudioHOI/samples_known_object/11_stick/results/benchmark_vlm_qwen/vlm/stage4/evidence/frame00118_anchor_update_check.png,before_after_anchor_update_overlay,"Using the visual guide in the image: brown render is the predicted stick, green line is the tracked visible stick, yellow circles are active palm contacts, and gray circles are inactive palms. Does the predicted stick preserve alignment with the green visible stick and the active yellow palm contacts without creating a wrong contact?",improvement|no_change|worse_overlay|wrong_contact|unclear,mistral_llm_schema_validated,main_body|contact_region|support_region|tip_regions|grip_bands|background|unclear,hand_on_main_body|hand_on_contact_region|body_on_support_region|floor_support|persistent_two_palm_line|no_contact|unclear,forced_choice_gate_only_no_continuous_pose_or_loss,,,
,stick,stage4,119,,,4.916667,anchor_update_check,/mnt/hdd/AudioHOI/samples_known_object/11_stick/results/benchmark_vlm_qwen/vlm/stage4/evidence/frame00119_anchor_update_check.png,/mnt/hdd/AudioHOI/samples_known_object/11_stick/results/benchmark_vlm_qwen/vlm/stage4/evidence/frame00119_anchor_update_check.png,before_after_anchor_update_overlay,"Using the visual guide in the image: brown render is the predicted stick, green line is the tracked visible stick, yellow circles are active palm contacts, and gray circles are inactive palms. Does the predicted stick preserve alignment with the green visible stick and the active yellow palm contacts without creating a wrong contact?",improvement|no_change|worse_overlay|wrong_contact|unclear,mistral_llm_schema_validated,main_body|contact_region|support_region|tip_regions|grip_bands|background|unclear,hand_on_main_body|hand_on_contact_region|body_on_support_region|floor_support|persistent_two_palm_line|no_contact|unclear,forced_choice_gate_only_no_continuous_pose_or_loss,,,
,stick,stage4,120,,,4.958333,anchor_update_check,/mnt/hdd/AudioHOI/samples_known_object/11_stick/results/benchmark_vlm_qwen/vlm/stage4/evidence/frame00120_anchor_update_check.png,/mnt/hdd/AudioHOI/samples_known_object/11_stick/results/benchmark_vlm_qwen/vlm/stage4/evidence/frame00120_anchor_update_check.png,before_after_anchor_update_overlay,"Using the visual guide in the image: brown render is the predicted stick, green line is the tracked visible stick, yellow circles are active palm contacts, and gray circles are inactive palms. Does the predicted stick preserve alignment with the green visible stick and the active yellow palm contacts without creating a wrong contact?",improvement|no_change|worse_overlay|wrong_contact|unclear,mistral_llm_schema_validated,main_body|contact_region|support_region|tip_regions|grip_bands|background|unclear,hand_on_main_body|hand_on_contact_region|body_on_support_region|floor_support|persistent_two_palm_line|no_contact|unclear,forced_choice_gate_only_no_continuous_pose_or_loss,,,
,stick,stage4,121,,,5.000000,anchor_update_check,/mnt/hdd/AudioHOI/samples_known_object/11_stick/results/benchmark_vlm_qwen/vlm/stage4/evidence/frame00121_anchor_update_check.png,/mnt/hdd/AudioHOI/samples_known_object/11_stick/results/benchmark_vlm_qwen/vlm/stage4/evidence/frame00121_anchor_update_check.png,before_after_anchor_update_overlay,"Using the visual guide in the image: brown render is the predicted stick, green line is the tracked visible stick, yellow circles are active palm contacts, and gray circles are inactive palms. Does the predicted stick preserve alignment with the green visible stick and the active yellow palm contacts without creating a wrong contact?",improvement|no_change|worse_overlay|wrong_contact|unclear,mistral_llm_schema_validated,main_body|contact_region|support_region|tip_regions|grip_bands|background|unclear,hand_on_main_body|hand_on_contact_region|body_on_support_region|floor_support|persistent_two_palm_line|no_contact|unclear,forced_choice_gate_only_no_continuous_pose_or_loss,,,
,stick,stage4,122,,,5.041667,anchor_update_check,/mnt/hdd/AudioHOI/samples_known_object/11_stick/results/benchmark_vlm_qwen/vlm/stage4/evidence/frame00122_anchor_update_check.png,/mnt/hdd/AudioHOI/samples_known_object/11_stick/results/benchmark_vlm_qwen/vlm/stage4/evidence/frame00122_anchor_update_check.png,before_after_anchor_update_overlay,"Using the visual guide in the image: brown render is the predicted stick, green line is the tracked visible stick, yellow circles are active palm contacts, and gray circles are inactive palms. Does the predicted stick preserve alignment with the green visible stick and the active yellow palm contacts without creating a wrong contact?",improvement|no_change|worse_overlay|wrong_contact|unclear,mistral_llm_schema_validated,main_body|contact_region|support_region|tip_regions|grip_bands|background|unclear,hand_on_main_body|hand_on_contact_region|body_on_support_region|floor_support|persistent_two_palm_line|no_contact|unclear,forced_choice_gate_only_no_continuous_pose_or_loss,,,
,stick,stage4,123,,,5.083333,anchor_update_check,/mnt/hdd/AudioHOI/samples_known_object/11_stick/results/benchmark_vlm_qwen/vlm/stage4/evidence/frame00123_anchor_update_check.png,/mnt/hdd/AudioHOI/samples_known_object/11_stick/results/benchmark_vlm_qwen/vlm/stage4/evidence/frame00123_anchor_update_check.png,before_after_anchor_update_overlay,"Using the visual guide in the image: brown render is the predicted stick, green line is the tracked visible stick, yellow circles are active palm contacts, and gray circles are inactive palms. Does the predicted stick preserve alignment with the green visible stick and the active yellow palm contacts without creating a wrong contact?",improvement|no_change|worse_overlay|wrong_contact|unclear,mistral_llm_schema_validated,main_body|contact_region|support_region|tip_regions|grip_bands|background|unclear,hand_on_main_body|hand_on_contact_region|body_on_support_region|floor_support|persistent_two_palm_line|no_contact|unclear,forced_choice_gate_only_no_continuous_pose_or_loss,,,
,stick,stage4,124,,,5.125000,anchor_update_check,/mnt/hdd/AudioHOI/samples_known_object/11_stick/results/benchmark_vlm_qwen/vlm/stage4/evidence/frame00124_anchor_update_check.png,/mnt/hdd/AudioHOI/samples_known_object/11_stick/results/benchmark_vlm_qwen/vlm/stage4/evidence/frame00124_anchor_update_check.png,before_after_anchor_update_overlay,"Using the visual guide in the image: brown render is the predicted stick, green line is the tracked visible stick, yellow circles are active palm contacts, and gray circles are inactive palms. Does the predicted stick preserve alignment with the green visible stick and the active yellow palm contacts without creating a wrong contact?",improvement|no_change|worse_overlay|wrong_contact|unclear,mistral_llm_schema_validated,main_body|contact_region|support_region|tip_regions|grip_bands|background|unclear,hand_on_main_body|hand_on_contact_region|body_on_support_region|floor_support|persistent_two_palm_line|no_contact|unclear,forced_choice_gate_only_no_continuous_pose_or_loss,,,
,stick,stage4,125,,,5.166667,anchor_update_check,/mnt/hdd/AudioHOI/samples_known_object/11_stick/results/benchmark_vlm_qwen/vlm/stage4/evidence/frame00125_anchor_update_check.png,/mnt/hdd/AudioHOI/samples_known_object/11_stick/results/benchmark_vlm_qwen/vlm/stage4/evidence/frame00125_anchor_update_check.png,before_after_anchor_update_overlay,"Using the visual guide in the image: brown render is the predicted stick, green line is the tracked visible stick, yellow circles are active palm contacts, and gray circles are inactive palms. Does the predicted stick preserve alignment with the green visible stick and the active yellow palm contacts without creating a wrong contact?",improvement|no_change|worse_overlay|wrong_contact|unclear,mistral_llm_schema_validated,main_body|contact_region|support_region|tip_regions|grip_bands|background|unclear,hand_on_main_body|hand_on_contact_region|body_on_support_region|floor_support|persistent_two_palm_line|no_contact|unclear,forced_choice_gate_only_no_continuous_pose_or_loss,,,
,stick,stage4,126,,,5.208333,anchor_update_check,/mnt/hdd/AudioHOI/samples_known_object/11_stick/results/benchmark_vlm_qwen/vlm/stage4/evidence/frame00126_anchor_update_check.png,/mnt/hdd/AudioHOI/samples_known_object/11_stick/results/benchmark_vlm_qwen/vlm/stage4/evidence/frame00126_anchor_update_check.png,before_after_anchor_update_overlay,"Using the visual guide in the image: brown render is the predicted stick, green line is the tracked visible stick, yellow circles are active palm contacts, and gray circles are inactive palms. Does the predicted stick preserve alignment with the green visible stick and the active yellow palm contacts without creating a wrong contact?",improvement|no_change|worse_overlay|wrong_contact|unclear,mistral_llm_schema_validated,main_body|contact_region|support_region|tip_regions|grip_bands|background|unclear,hand_on_main_body|hand_on_contact_region|body_on_support_region|floor_support|persistent_two_palm_line|no_contact|unclear,forced_choice_gate_only_no_continuous_pose_or_loss,,,
,stick,stage4,127,,,5.250000,anchor_update_check,/mnt/hdd/AudioHOI/samples_known_object/11_stick/results/benchmark_vlm_qwen/vlm/stage4/evidence/frame00127_anchor_update_check.png,/mnt/hdd/AudioHOI/samples_known_object/11_stick/results/benchmark_vlm_qwen/vlm/stage4/evidence/frame00127_anchor_update_check.png,before_after_anchor_update_overlay,"Using the visual guide in the image: brown render is the predicted stick, green line is the tracked visible stick, yellow circles are active palm contacts, and gray circles are inactive palms. Does the predicted stick preserve alignment with the green visible stick and the active yellow palm contacts without creating a wrong contact?",improvement|no_change|worse_overlay|wrong_contact|unclear,mistral_llm_schema_validated,main_body|contact_region|support_region|tip_regions|grip_bands|background|unclear,hand_on_main_body|hand_on_contact_region|body_on_support_region|floor_support|persistent_two_palm_line|no_contact|unclear,forced_choice_gate_only_no_continuous_pose_or_loss,,,
,stick,stage4,128,,,5.291667,anchor_update_check,/mnt/hdd/AudioHOI/samples_known_object/11_stick/results/benchmark_vlm_qwen/vlm/stage4/evidence/frame00128_anchor_update_check.png,/mnt/hdd/AudioHOI/samples_known_object/11_stick/results/benchmark_vlm_qwen/vlm/stage4/evidence/frame00128_anchor_update_check.png,before_after_anchor_update_overlay,"Using the visual guide in the image: brown render is the predicted stick, green line is the tracked visible stick, yellow circles are active palm contacts, and gray circles are inactive palms. Does the predicted stick preserve alignment with the green visible stick and the active yellow palm contacts without creating a wrong contact?",improvement|no_change|worse_overlay|wrong_contact|unclear,mistral_llm_schema_validated,main_body|contact_region|support_region|tip_regions|grip_bands|background|unclear,hand_on_main_body|hand_on_contact_region|body_on_support_region|floor_support|persistent_two_palm_line|no_contact|unclear,forced_choice_gate_only_no_continuous_pose_or_loss,,,
,stick,stage4,129,,,5.333333,anchor_update_check,/mnt/hdd/AudioHOI/samples_known_object/11_stick/results/benchmark_vlm_qwen/vlm/stage4/evidence/frame00129_anchor_update_check.png,/mnt/hdd/AudioHOI/samples_known_object/11_stick/results/benchmark_vlm_qwen/vlm/stage4/evidence/frame00129_anchor_update_check.png,before_after_anchor_update_overlay,"Using the visual guide in the image: brown render is the predicted stick, green line is the tracked visible stick, yellow circles are active palm contacts, and gray circles are inactive palms. Does the predicted stick preserve alignment with the green visible stick and the active yellow palm contacts without creating a wrong contact?",improvement|no_change|worse_overlay|wrong_contact|unclear,mistral_llm_schema_validated,main_body|contact_region|support_region|tip_regions|grip_bands|background|unclear,hand_on_main_body|hand_on_contact_region|body_on_support_region|floor_support|persistent_two_palm_line|no_contact|unclear,forced_choice_gate_only_no_continuous_pose_or_loss,,,
,stick,stage4,130,,,5.375000,anchor_update_check,/mnt/hdd/AudioHOI/samples_known_object/11_stick/results/benchmark_vlm_qwen/vlm/stage4/evidence/frame00130_anchor_update_check.png,/mnt/hdd/AudioHOI/samples_known_object/11_stick/results/benchmark_vlm_qwen/vlm/stage4/evidence/frame00130_anchor_update_check.png,before_after_anchor_update_overlay,"Using the visual guide in the image: brown render is the predicted stick, green line is the tracked visible stick, yellow circles are active palm contacts, and gray circles are inactive palms. Does the predicted stick preserve alignment with the green visible stick and the active yellow palm contacts without creating a wrong contact?",improvement|no_change|worse_overlay|wrong_contact|unclear,mistral_llm_schema_validated,main_body|contact_region|support_region|tip_regions|grip_bands|background|unclear,hand_on_main_body|hand_on_contact_region|body_on_support_region|floor_support|persistent_two_palm_line|no_contact|unclear,forced_choice_gate_only_no_continuous_pose_or_loss,,,
,stick,stage4,131,,,5.416667,anchor_update_check,/mnt/hdd/AudioHOI/samples_known_object/11_stick/results/benchmark_vlm_qwen/vlm/stage4/evidence/frame00131_anchor_update_check.png,/mnt/hdd/AudioHOI/samples_known_object/11_stick/results/benchmark_vlm_qwen/vlm/stage4/evidence/frame00131_anchor_update_check.png,before_after_anchor_update_overlay,"Using the visual guide in the image: brown render is the predicted stick, green line is the tracked visible stick, yellow circles are active palm contacts, and gray circles are inactive palms. Does the predicted stick preserve alignment with the green visible stick and the active yellow palm contacts without creating a wrong contact?",improvement|no_change|worse_overlay|wrong_contact|unclear,mistral_llm_schema_validated,main_body|contact_region|support_region|tip_regions|grip_bands|background|unclear,hand_on_main_body|hand_on_contact_region|body_on_support_region|floor_support|persistent_two_palm_line|no_contact|unclear,forced_choice_gate_only_no_continuous_pose_or_loss,,,
,stick,stage4,132,,,5.458333,anchor_update_check,/mnt/hdd/AudioHOI/samples_known_object/11_stick/results/benchmark_vlm_qwen/vlm/stage4/evidence/frame00132_anchor_update_check.png,/mnt/hdd/AudioHOI/samples_known_object/11_stick/results/benchmark_vlm_qwen/vlm/stage4/evidence/frame00132_anchor_update_check.png,before_after_anchor_update_overlay,"Using the visual guide in the image: brown render is the predicted stick, green line is the tracked visible stick, yellow circles are active palm contacts, and gray circles are inactive palms. Does the predicted stick preserve alignment with the green visible stick and the active yellow palm contacts without creating a wrong contact?",improvement|no_change|worse_overlay|wrong_contact|unclear,mistral_llm_schema_validated,main_body|contact_region|support_region|tip_regions|grip_bands|background|unclear,hand_on_main_body|hand_on_contact_region|body_on_support_region|floor_support|persistent_two_palm_line|no_contact|unclear,forced_choice_gate_only_no_continuous_pose_or_loss,,,
,stick,stage4,133,,,5.500000,anchor_update_check,/mnt/hdd/AudioHOI/samples_known_object/11_stick/results/benchmark_vlm_qwen/vlm/stage4/evidence/frame00133_anchor_update_check.png,/mnt/hdd/AudioHOI/samples_known_object/11_stick/results/benchmark_vlm_qwen/vlm/stage4/evidence/frame00133_anchor_update_check.png,before_after_anchor_update_overlay,"Using the visual guide in the image: brown render is the predicted stick, green line is the tracked visible stick, yellow circles are active palm contacts, and gray circles are inactive palms. Does the predicted stick preserve alignment with the green visible stick and the active yellow palm contacts without creating a wrong contact?",improvement|no_change|worse_overlay|wrong_contact|unclear,mistral_llm_schema_validated,main_body|contact_region|support_region|tip_regions|grip_bands|background|unclear,hand_on_main_body|hand_on_contact_region|body_on_support_region|floor_support|persistent_two_palm_line|no_contact|unclear,forced_choice_gate_only_no_continuous_pose_or_loss,,,
,stick,stage4,134,,,5.541667,anchor_update_check,/mnt/hdd/AudioHOI/samples_known_object/11_stick/results/benchmark_vlm_qwen/vlm/stage4/evidence/frame00134_anchor_update_check.png,/mnt/hdd/AudioHOI/samples_known_object/11_stick/results/benchmark_vlm_qwen/vlm/stage4/evidence/frame00134_anchor_update_check.png,before_after_anchor_update_overlay,"Using the visual guide in the image: brown render is the predicted stick, green line is the tracked visible stick, yellow circles are active palm contacts, and gray circles are inactive palms. Does the predicted stick preserve alignment with the green visible stick and the active yellow palm contacts without creating a wrong contact?",improvement|no_change|worse_overlay|wrong_contact|unclear,mistral_llm_schema_validated,main_body|contact_region|support_region|tip_regions|grip_bands|background|unclear,hand_on_main_body|hand_on_contact_region|body_on_support_region|floor_support|persistent_two_palm_line|no_contact|unclear,forced_choice_gate_only_no_continuous_pose_or_loss,,,
,stick,stage4,135,,,5.583333,anchor_update_check,/mnt/hdd/AudioHOI/samples_known_object/11_stick/results/benchmark_vlm_qwen/vlm/stage4/evidence/frame00135_anchor_update_check.png,/mnt/hdd/AudioHOI/samples_known_object/11_stick/results/benchmark_vlm_qwen/vlm/stage4/evidence/frame00135_anchor_update_check.png,before_after_anchor_update_overlay,"Using the visual guide in the image: brown render is the predicted stick, green line is the tracked visible stick, yellow circles are active palm contacts, and gray circles are inactive palms. Does the predicted stick preserve alignment with the green visible stick and the active yellow palm contacts without creating a wrong contact?",improvement|no_change|worse_overlay|wrong_contact|unclear,mistral_llm_schema_validated,main_body|contact_region|support_region|tip_regions|grip_bands|background|unclear,hand_on_main_body|hand_on_contact_region|body_on_support_region|floor_support|persistent_two_palm_line|no_contact|unclear,forced_choice_gate_only_no_continuous_pose_or_loss,,,
,stick,stage4,136,,,5.625000,anchor_update_check,/mnt/hdd/AudioHOI/samples_known_object/11_stick/results/benchmark_vlm_qwen/vlm/stage4/evidence/frame00136_anchor_update_check.png,/mnt/hdd/AudioHOI/samples_known_object/11_stick/results/benchmark_vlm_qwen/vlm/stage4/evidence/frame00136_anchor_update_check.png,before_after_anchor_update_overlay,"Using the visual guide in the image: brown render is the predicted stick, green line is the tracked visible stick, yellow circles are active palm contacts, and gray circles are inactive palms. Does the predicted stick preserve alignment with the green visible stick and the active yellow palm contacts without creating a wrong contact?",improvement|no_change|worse_overlay|wrong_contact|unclear,mistral_llm_schema_validated,main_body|contact_region|support_region|tip_regions|grip_bands|background|unclear,hand_on_main_body|hand_on_contact_region|body_on_support_region|floor_support|persistent_two_palm_line|no_contact|unclear,forced_choice_gate_only_no_continuous_pose_or_loss,,,
,stick,stage4,137,,,5.666667,anchor_update_check,/mnt/hdd/AudioHOI/samples_known_object/11_stick/results/benchmark_vlm_qwen/vlm/stage4/evidence/frame00137_anchor_update_check.png,/mnt/hdd/AudioHOI/samples_known_object/11_stick/results/benchmark_vlm_qwen/vlm/stage4/evidence/frame00137_anchor_update_check.png,before_after_anchor_update_overlay,"Using the visual guide in the image: brown render is the predicted stick, green line is the tracked visible stick, yellow circles are active palm contacts, and gray circles are inactive palms. Does the predicted stick preserve alignment with the green visible stick and the active yellow palm contacts without creating a wrong contact?",improvement|no_change|worse_overlay|wrong_contact|unclear,mistral_llm_schema_validated,main_body|contact_region|support_region|tip_regions|grip_bands|background|unclear,hand_on_main_body|hand_on_contact_region|body_on_support_region|floor_support|persistent_two_palm_line|no_contact|unclear,forced_choice_gate_only_no_continuous_pose_or_loss,,,
,stick,stage4,138,,,5.708333,anchor_update_check,/mnt/hdd/AudioHOI/samples_known_object/11_stick/results/benchmark_vlm_qwen/vlm/stage4/evidence/frame00138_anchor_update_check.png,/mnt/hdd/AudioHOI/samples_known_object/11_stick/results/benchmark_vlm_qwen/vlm/stage4/evidence/frame00138_anchor_update_check.png,before_after_anchor_update_overlay,"Using the visual guide in the image: brown render is the predicted stick, green line is the tracked visible stick, yellow circles are active palm contacts, and gray circles are inactive palms. Does the predicted stick preserve alignment with the green visible stick and the active yellow palm contacts without creating a wrong contact?",improvement|no_change|worse_overlay|wrong_contact|unclear,mistral_llm_schema_validated,main_body|contact_region|support_region|tip_regions|grip_bands|background|unclear,hand_on_main_body|hand_on_contact_region|body_on_support_region|floor_support|persistent_two_palm_line|no_contact|unclear,forced_choice_gate_only_no_continuous_pose_or_loss,,,
,stick,stage4,139,,,5.750000,anchor_update_check,/mnt/hdd/AudioHOI/samples_known_object/11_stick/results/benchmark_vlm_qwen/vlm/stage4/evidence/frame00139_anchor_update_check.png,/mnt/hdd/AudioHOI/samples_known_object/11_stick/results/benchmark_vlm_qwen/vlm/stage4/evidence/frame00139_anchor_update_check.png,before_after_anchor_update_overlay,"Using the visual guide in the image: brown render is the predicted stick, green line is the tracked visible stick, yellow circles are active palm contacts, and gray circles are inactive palms. Does the predicted stick preserve alignment with the green visible stick and the active yellow palm contacts without creating a wrong contact?",improvement|no_change|worse_overlay|wrong_contact|unclear,mistral_llm_schema_validated,main_body|contact_region|support_region|tip_regions|grip_bands|background|unclear,hand_on_main_body|hand_on_contact_region|body_on_support_region|floor_support|persistent_two_palm_line|no_contact|unclear,forced_choice_gate_only_no_continuous_pose_or_loss,,,
,stick,stage4,140,,,5.791667,anchor_update_check,/mnt/hdd/AudioHOI/samples_known_object/11_stick/results/benchmark_vlm_qwen/vlm/stage4/evidence/frame00140_anchor_update_check.png,/mnt/hdd/AudioHOI/samples_known_object/11_stick/results/benchmark_vlm_qwen/vlm/stage4/evidence/frame00140_anchor_update_check.png,before_after_anchor_update_overlay,"Using the visual guide in the image: brown render is the predicted stick, green line is the tracked visible stick, yellow circles are active palm contacts, and gray circles are inactive palms. Does the predicted stick preserve alignment with the green visible stick and the active yellow palm contacts without creating a wrong contact?",improvement|no_change|worse_overlay|wrong_contact|unclear,mistral_llm_schema_validated,main_body|contact_region|support_region|tip_regions|grip_bands|background|unclear,hand_on_main_body|hand_on_contact_region|body_on_support_region|floor_support|persistent_two_palm_line|no_contact|unclear,forced_choice_gate_only_no_continuous_pose_or_loss,,,
,stick,stage4,141,,,5.833333,anchor_update_check,/mnt/hdd/AudioHOI/samples_known_object/11_stick/results/benchmark_vlm_qwen/vlm/stage4/evidence/frame00141_anchor_update_check.png,/mnt/hdd/AudioHOI/samples_known_object/11_stick/results/benchmark_vlm_qwen/vlm/stage4/evidence/frame00141_anchor_update_check.png,before_after_anchor_update_overlay,"Using the visual guide in the image: brown render is the predicted stick, green line is the tracked visible stick, yellow circles are active palm contacts, and gray circles are inactive palms. Does the predicted stick preserve alignment with the green visible stick and the active yellow palm contacts without creating a wrong contact?",improvement|no_change|worse_overlay|wrong_contact|unclear,mistral_llm_schema_validated,main_body|contact_region|support_region|tip_regions|grip_bands|background|unclear,hand_on_main_body|hand_on_contact_region|body_on_support_region|floor_support|persistent_two_palm_line|no_contact|unclear,forced_choice_gate_only_no_continuous_pose_or_loss,,,
,stick,stage4,142,,,5.875000,anchor_update_check,/mnt/hdd/AudioHOI/samples_known_object/11_stick/results/benchmark_vlm_qwen/vlm/stage4/evidence/frame00142_anchor_update_check.png,/mnt/hdd/AudioHOI/samples_known_object/11_stick/results/benchmark_vlm_qwen/vlm/stage4/evidence/frame00142_anchor_update_check.png,before_after_anchor_update_overlay,"Using the visual guide in the image: brown render is the predicted stick, green line is the tracked visible stick, yellow circles are active palm contacts, and gray circles are inactive palms. Does the predicted stick preserve alignment with the green visible stick and the active yellow palm contacts without creating a wrong contact?",improvement|no_change|worse_overlay|wrong_contact|unclear,mistral_llm_schema_validated,main_body|contact_region|support_region|tip_regions|grip_bands|background|unclear,hand_on_main_body|hand_on_contact_region|body_on_support_region|floor_support|persistent_two_palm_line|no_contact|unclear,forced_choice_gate_only_no_continuous_pose_or_loss,,,
,stick,stage4,143,,,5.916667,anchor_update_check,/mnt/hdd/AudioHOI/samples_known_object/11_stick/results/benchmark_vlm_qwen/vlm/stage4/evidence/frame00143_anchor_update_check.png,/mnt/hdd/AudioHOI/samples_known_object/11_stick/results/benchmark_vlm_qwen/vlm/stage4/evidence/frame00143_anchor_update_check.png,before_after_anchor_update_overlay,"Using the visual guide in the image: brown render is the predicted stick, green line is the tracked visible stick, yellow circles are active palm contacts, and gray circles are inactive palms. Does the predicted stick preserve alignment with the green visible stick and the active yellow palm contacts without creating a wrong contact?",improvement|no_change|worse_overlay|wrong_contact|unclear,mistral_llm_schema_validated,main_body|contact_region|support_region|tip_regions|grip_bands|background|unclear,hand_on_main_body|hand_on_contact_region|body_on_support_region|floor_support|persistent_two_palm_line|no_contact|unclear,forced_choice_gate_only_no_continuous_pose_or_loss,,,
,stick,stage4,144,,,5.958333,anchor_update_check,/mnt/hdd/AudioHOI/samples_known_object/11_stick/results/benchmark_vlm_qwen/vlm/stage4/evidence/frame00144_anchor_update_check.png,/mnt/hdd/AudioHOI/samples_known_object/11_stick/results/benchmark_vlm_qwen/vlm/stage4/evidence/frame00144_anchor_update_check.png,before_after_anchor_update_overlay,"Using the visual guide in the image: brown render is the predicted stick, green line is the tracked visible stick, yellow circles are active palm contacts, and gray circles are inactive palms. Does the predicted stick preserve alignment with the green visible stick and the active yellow palm contacts without creating a wrong contact?",improvement|no_change|worse_overlay|wrong_contact|unclear,mistral_llm_schema_validated,main_body|contact_region|support_region|tip_regions|grip_bands|background|unclear,hand_on_main_body|hand_on_contact_region|body_on_support_region|floor_support|persistent_two_palm_line|no_contact|unclear,forced_choice_gate_only_no_continuous_pose_or_loss,,,
,stick,stage4,145,,,6.000000,anchor_update_check,/mnt/hdd/AudioHOI/samples_known_object/11_stick/results/benchmark_vlm_qwen/vlm/stage4/evidence/frame00145_anchor_update_check.png,/mnt/hdd/AudioHOI/samples_known_object/11_stick/results/benchmark_vlm_qwen/vlm/stage4/evidence/frame00145_anchor_update_check.png,before_after_anchor_update_overlay,"Using the visual guide in the image: brown render is the predicted stick, green line is the tracked visible stick, yellow circles are active palm contacts, and gray circles are inactive palms. Does the predicted stick preserve alignment with the green visible stick and the active yellow palm contacts without creating a wrong contact?",improvement|no_change|worse_overlay|wrong_contact|unclear,mistral_llm_schema_validated,main_body|contact_region|support_region|tip_regions|grip_bands|background|unclear,hand_on_main_body|hand_on_contact_region|body_on_support_region|floor_support|persistent_two_palm_line|no_contact|unclear,forced_choice_gate_only_no_continuous_pose_or_loss,,,
,stick,stage4,146,,,6.041667,anchor_update_check,/mnt/hdd/AudioHOI/samples_known_object/11_stick/results/benchmark_vlm_qwen/vlm/stage4/evidence/frame00146_anchor_update_check.png,/mnt/hdd/AudioHOI/samples_known_object/11_stick/results/benchmark_vlm_qwen/vlm/stage4/evidence/frame00146_anchor_update_check.png,before_after_anchor_update_overlay,"Using the visual guide in the image: brown render is the predicted stick, green line is the tracked visible stick, yellow circles are active palm contacts, and gray circles are inactive palms. Does the predicted stick preserve alignment with the green visible stick and the active yellow palm contacts without creating a wrong contact?",improvement|no_change|worse_overlay|wrong_contact|unclear,mistral_llm_schema_validated,main_body|contact_region|support_region|tip_regions|grip_bands|background|unclear,hand_on_main_body|hand_on_contact_region|body_on_support_region|floor_support|persistent_two_palm_line|no_contact|unclear,forced_choice_gate_only_no_continuous_pose_or_loss,,,
,stick,stage4,147,,,6.083333,anchor_update_check,/mnt/hdd/AudioHOI/samples_known_object/11_stick/results/benchmark_vlm_qwen/vlm/stage4/evidence/frame00147_anchor_update_check.png,/mnt/hdd/AudioHOI/samples_known_object/11_stick/results/benchmark_vlm_qwen/vlm/stage4/evidence/frame00147_anchor_update_check.png,before_after_anchor_update_overlay,"Using the visual guide in the image: brown render is the predicted stick, green line is the tracked visible stick, yellow circles are active palm contacts, and gray circles are inactive palms. Does the predicted stick preserve alignment with the green visible stick and the active yellow palm contacts without creating a wrong contact?",improvement|no_change|worse_overlay|wrong_contact|unclear,mistral_llm_schema_validated,main_body|contact_region|support_region|tip_regions|grip_bands|background|unclear,hand_on_main_body|hand_on_contact_region|body_on_support_region|floor_support|persistent_two_palm_line|no_contact|unclear,forced_choice_gate_only_no_continuous_pose_or_loss,,,
,stick,stage4,148,,,6.125000,anchor_update_check,/mnt/hdd/AudioHOI/samples_known_object/11_stick/results/benchmark_vlm_qwen/vlm/stage4/evidence/frame00148_anchor_update_check.png,/mnt/hdd/AudioHOI/samples_known_object/11_stick/results/benchmark_vlm_qwen/vlm/stage4/evidence/frame00148_anchor_update_check.png,before_after_anchor_update_overlay,"Using the visual guide in the image: brown render is the predicted stick, green line is the tracked visible stick, yellow circles are active palm contacts, and gray circles are inactive palms. Does the predicted stick preserve alignment with the green visible stick and the active yellow palm contacts without creating a wrong contact?",improvement|no_change|worse_overlay|wrong_contact|unclear,mistral_llm_schema_validated,main_body|contact_region|support_region|tip_regions|grip_bands|background|unclear,hand_on_main_body|hand_on_contact_region|body_on_support_region|floor_support|persistent_two_palm_line|no_contact|unclear,forced_choice_gate_only_no_continuous_pose_or_loss,,,
,stick,stage4,149,,,6.166667,anchor_update_check,/mnt/hdd/AudioHOI/samples_known_object/11_stick/results/benchmark_vlm_qwen/vlm/stage4/evidence/frame00149_anchor_update_check.png,/mnt/hdd/AudioHOI/samples_known_object/11_stick/results/benchmark_vlm_qwen/vlm/stage4/evidence/frame00149_anchor_update_check.png,before_after_anchor_update_overlay,"Using the visual guide in the image: brown render is the predicted stick, green line is the tracked visible stick, yellow circles are active palm contacts, and gray circles are inactive palms. Does the predicted stick preserve alignment with the green visible stick and the active yellow palm contacts without creating a wrong contact?",improvement|no_change|worse_overlay|wrong_contact|unclear,mistral_llm_schema_validated,main_body|contact_region|support_region|tip_regions|grip_bands|background|unclear,hand_on_main_body|hand_on_contact_region|body_on_support_region|floor_support|persistent_two_palm_line|no_contact|unclear,forced_choice_gate_only_no_continuous_pose_or_loss,,,
,stick,stage4,150,,,6.208333,anchor_update_check,/mnt/hdd/AudioHOI/samples_known_object/11_stick/results/benchmark_vlm_qwen/vlm/stage4/evidence/frame00150_anchor_update_check.png,/mnt/hdd/AudioHOI/samples_known_object/11_stick/results/benchmark_vlm_qwen/vlm/stage4/evidence/frame00150_anchor_update_check.png,before_after_anchor_update_overlay,"Using the visual guide in the image: brown render is the predicted stick, green line is the tracked visible stick, yellow circles are active palm contacts, and gray circles are inactive palms. Does the predicted stick preserve alignment with the green visible stick and the active yellow palm contacts without creating a wrong contact?",improvement|no_change|worse_overlay|wrong_contact|unclear,mistral_llm_schema_validated,main_body|contact_region|support_region|tip_regions|grip_bands|background|unclear,hand_on_main_body|hand_on_contact_region|body_on_support_region|floor_support|persistent_two_palm_line|no_contact|unclear,forced_choice_gate_only_no_continuous_pose_or_loss,,,
,stick,stage4,151,,,6.250000,anchor_update_check,/mnt/hdd/AudioHOI/samples_known_object/11_stick/results/benchmark_vlm_qwen/vlm/stage4/evidence/frame00151_anchor_update_check.png,/mnt/hdd/AudioHOI/samples_known_object/11_stick/results/benchmark_vlm_qwen/vlm/stage4/evidence/frame00151_anchor_update_check.png,before_after_anchor_update_overlay,"Using the visual guide in the image: brown render is the predicted stick, green line is the tracked visible stick, yellow circles are active palm contacts, and gray circles are inactive palms. Does the predicted stick preserve alignment with the green visible stick and the active yellow palm contacts without creating a wrong contact?",improvement|no_change|worse_overlay|wrong_contact|unclear,mistral_llm_schema_validated,main_body|contact_region|support_region|tip_regions|grip_bands|background|unclear,hand_on_main_body|hand_on_contact_region|body_on_support_region|floor_support|persistent_two_palm_line|no_contact|unclear,forced_choice_gate_only_no_continuous_pose_or_loss,,,
,stick,stage4,152,,,6.291667,anchor_update_check,/mnt/hdd/AudioHOI/samples_known_object/11_stick/results/benchmark_vlm_qwen/vlm/stage4/evidence/frame00152_anchor_update_check.png,/mnt/hdd/AudioHOI/samples_known_object/11_stick/results/benchmark_vlm_qwen/vlm/stage4/evidence/frame00152_anchor_update_check.png,before_after_anchor_update_overlay,"Using the visual guide in the image: brown render is the predicted stick, green line is the tracked visible stick, yellow circles are active palm contacts, and gray circles are inactive palms. Does the predicted stick preserve alignment with the green visible stick and the active yellow palm contacts without creating a wrong contact?",improvement|no_change|worse_overlay|wrong_contact|unclear,mistral_llm_schema_validated,main_body|contact_region|support_region|tip_regions|grip_bands|background|unclear,hand_on_main_body|hand_on_contact_region|body_on_support_region|floor_support|persistent_two_palm_line|no_contact|unclear,forced_choice_gate_only_no_continuous_pose_or_loss,,,
,stick,stage4,153,,,6.333333,anchor_update_check,/mnt/hdd/AudioHOI/samples_known_object/11_stick/results/benchmark_vlm_qwen/vlm/stage4/evidence/frame00153_anchor_update_check.png,/mnt/hdd/AudioHOI/samples_known_object/11_stick/results/benchmark_vlm_qwen/vlm/stage4/evidence/frame00153_anchor_update_check.png,before_after_anchor_update_overlay,"Using the visual guide in the image: brown render is the predicted stick, green line is the tracked visible stick, yellow circles are active palm contacts, and gray circles are inactive palms. Does the predicted stick preserve alignment with the green visible stick and the active yellow palm contacts without creating a wrong contact?",improvement|no_change|worse_overlay|wrong_contact|unclear,mistral_llm_schema_validated,main_body|contact_region|support_region|tip_regions|grip_bands|background|unclear,hand_on_main_body|hand_on_contact_region|body_on_support_region|floor_support|persistent_two_palm_line|no_contact|unclear,forced_choice_gate_only_no_continuous_pose_or_loss,,,
,stick,stage4,154,,,6.375000,anchor_update_check,/mnt/hdd/AudioHOI/samples_known_object/11_stick/results/benchmark_vlm_qwen/vlm/stage4/evidence/frame00154_anchor_update_check.png,/mnt/hdd/AudioHOI/samples_known_object/11_stick/results/benchmark_vlm_qwen/vlm/stage4/evidence/frame00154_anchor_update_check.png,before_after_anchor_update_overlay,"Using the visual guide in the image: brown render is the predicted stick, green line is the tracked visible stick, yellow circles are active palm contacts, and gray circles are inactive palms. Does the predicted stick preserve alignment with the green visible stick and the active yellow palm contacts without creating a wrong contact?",improvement|no_change|worse_overlay|wrong_contact|unclear,mistral_llm_schema_validated,main_body|contact_region|support_region|tip_regions|grip_bands|background|unclear,hand_on_main_body|hand_on_contact_region|body_on_support_region|floor_support|persistent_two_palm_line|no_contact|unclear,forced_choice_gate_only_no_continuous_pose_or_loss,,,
,stick,stage4,155,,,6.416667,anchor_update_check,/mnt/hdd/AudioHOI/samples_known_object/11_stick/results/benchmark_vlm_qwen/vlm/stage4/evidence/frame00155_anchor_update_check.png,/mnt/hdd/AudioHOI/samples_known_object/11_stick/results/benchmark_vlm_qwen/vlm/stage4/evidence/frame00155_anchor_update_check.png,before_after_anchor_update_overlay,"Using the visual guide in the image: brown render is the predicted stick, green line is the tracked visible stick, yellow circles are active palm contacts, and gray circles are inactive palms. Does the predicted stick preserve alignment with the green visible stick and the active yellow palm contacts without creating a wrong contact?",improvement|no_change|worse_overlay|wrong_contact|unclear,mistral_llm_schema_validated,main_body|contact_region|support_region|tip_regions|grip_bands|background|unclear,hand_on_main_body|hand_on_contact_region|body_on_support_region|floor_support|persistent_two_palm_line|no_contact|unclear,forced_choice_gate_only_no_continuous_pose_or_loss,,,
,stick,stage4,156,,,6.458333,anchor_update_check,/mnt/hdd/AudioHOI/samples_known_object/11_stick/results/benchmark_vlm_qwen/vlm/stage4/evidence/frame00156_anchor_update_check.png,/mnt/hdd/AudioHOI/samples_known_object/11_stick/results/benchmark_vlm_qwen/vlm/stage4/evidence/frame00156_anchor_update_check.png,before_after_anchor_update_overlay,"Using the visual guide in the image: brown render is the predicted stick, green line is the tracked visible stick, yellow circles are active palm contacts, and gray circles are inactive palms. Does the predicted stick preserve alignment with the green visible stick and the active yellow palm contacts without creating a wrong contact?",improvement|no_change|worse_overlay|wrong_contact|unclear,mistral_llm_schema_validated,main_body|contact_region|support_region|tip_regions|grip_bands|background|unclear,hand_on_main_body|hand_on_contact_region|body_on_support_region|floor_support|persistent_two_palm_line|no_contact|unclear,forced_choice_gate_only_no_continuous_pose_or_loss,,,
,stick,stage4,157,,,6.500000,anchor_update_check,/mnt/hdd/AudioHOI/samples_known_object/11_stick/results/benchmark_vlm_qwen/vlm/stage4/evidence/frame00157_anchor_update_check.png,/mnt/hdd/AudioHOI/samples_known_object/11_stick/results/benchmark_vlm_qwen/vlm/stage4/evidence/frame00157_anchor_update_check.png,before_after_anchor_update_overlay,"Using the visual guide in the image: brown render is the predicted stick, green line is the tracked visible stick, yellow circles are active palm contacts, and gray circles are inactive palms. Does the predicted stick preserve alignment with the green visible stick and the active yellow palm contacts without creating a wrong contact?",improvement|no_change|worse_overlay|wrong_contact|unclear,mistral_llm_schema_validated,main_body|contact_region|support_region|tip_regions|grip_bands|background|unclear,hand_on_main_body|hand_on_contact_region|body_on_support_region|floor_support|persistent_two_palm_line|no_contact|unclear,forced_choice_gate_only_no_continuous_pose_or_loss,,,
,stick,stage4,158,,,6.541667,anchor_update_check,/mnt/hdd/AudioHOI/samples_known_object/11_stick/results/benchmark_vlm_qwen/vlm/stage4/evidence/frame00158_anchor_update_check.png,/mnt/hdd/AudioHOI/samples_known_object/11_stick/results/benchmark_vlm_qwen/vlm/stage4/evidence/frame00158_anchor_update_check.png,before_after_anchor_update_overlay,"Using the visual guide in the image: brown render is the predicted stick, green line is the tracked visible stick, yellow circles are active palm contacts, and gray circles are inactive palms. Does the predicted stick preserve alignment with the green visible stick and the active yellow palm contacts without creating a wrong contact?",improvement|no_change|worse_overlay|wrong_contact|unclear,mistral_llm_schema_validated,main_body|contact_region|support_region|tip_regions|grip_bands|background|unclear,hand_on_main_body|hand_on_contact_region|body_on_support_region|floor_support|persistent_two_palm_line|no_contact|unclear,forced_choice_gate_only_no_continuous_pose_or_loss,,,
,stick,stage4,159,,,6.583333,anchor_update_check,/mnt/hdd/AudioHOI/samples_known_object/11_stick/results/benchmark_vlm_qwen/vlm/stage4/evidence/frame00159_anchor_update_check.png,/mnt/hdd/AudioHOI/samples_known_object/11_stick/results/benchmark_vlm_qwen/vlm/stage4/evidence/frame00159_anchor_update_check.png,before_after_anchor_update_overlay,"Using the visual guide in the image: brown render is the predicted stick, green line is the tracked visible stick, yellow circles are active palm contacts, and gray circles are inactive palms. Does the predicted stick preserve alignment with the green visible stick and the active yellow palm contacts without creating a wrong contact?",improvement|no_change|worse_overlay|wrong_contact|unclear,mistral_llm_schema_validated,main_body|contact_region|support_region|tip_regions|grip_bands|background|unclear,hand_on_main_body|hand_on_contact_region|body_on_support_region|floor_support|persistent_two_palm_line|no_contact|unclear,forced_choice_gate_only_no_continuous_pose_or_loss,,,
,stick,stage4,160,,,6.625000,anchor_update_check,/mnt/hdd/AudioHOI/samples_known_object/11_stick/results/benchmark_vlm_qwen/vlm/stage4/evidence/frame00160_anchor_update_check.png,/mnt/hdd/AudioHOI/samples_known_object/11_stick/results/benchmark_vlm_qwen/vlm/stage4/evidence/frame00160_anchor_update_check.png,before_after_anchor_update_overlay,"Using the visual guide in the image: brown render is the predicted stick, green line is the tracked visible stick, yellow circles are active palm contacts, and gray circles are inactive palms. Does the predicted stick preserve alignment with the green visible stick and the active yellow palm contacts without creating a wrong contact?",improvement|no_change|worse_overlay|wrong_contact|unclear,mistral_llm_schema_validated,main_body|contact_region|support_region|tip_regions|grip_bands|background|unclear,hand_on_main_body|hand_on_contact_region|body_on_support_region|floor_support|persistent_two_palm_line|no_contact|unclear,forced_choice_gate_only_no_continuous_pose_or_loss,,,
,stick,stage4,161,,,6.666667,anchor_update_check,/mnt/hdd/AudioHOI/samples_known_object/11_stick/results/benchmark_vlm_qwen/vlm/stage4/evidence/frame00161_anchor_update_check.png,/mnt/hdd/AudioHOI/samples_known_object/11_stick/results/benchmark_vlm_qwen/vlm/stage4/evidence/frame00161_anchor_update_check.png,before_after_anchor_update_overlay,"Using the visual guide in the image: brown render is the predicted stick, green line is the tracked visible stick, yellow circles are active palm contacts, and gray circles are inactive palms. Does the predicted stick preserve alignment with the green visible stick and the active yellow palm contacts without creating a wrong contact?",improvement|no_change|worse_overlay|wrong_contact|unclear,mistral_llm_schema_validated,main_body|contact_region|support_region|tip_regions|grip_bands|background|unclear,hand_on_main_body|hand_on_contact_region|body_on_support_region|floor_support|persistent_two_palm_line|no_contact|unclear,forced_choice_gate_only_no_continuous_pose_or_loss,,,
,stick,stage4,162,,,6.708333,anchor_update_check,/mnt/hdd/AudioHOI/samples_known_object/11_stick/results/benchmark_vlm_qwen/vlm/stage4/evidence/frame00162_anchor_update_check.png,/mnt/hdd/AudioHOI/samples_known_object/11_stick/results/benchmark_vlm_qwen/vlm/stage4/evidence/frame00162_anchor_update_check.png,before_after_anchor_update_overlay,"Using the visual guide in the image: brown render is the predicted stick, green line is the tracked visible stick, yellow circles are active palm contacts, and gray circles are inactive palms. Does the predicted stick preserve alignment with the green visible stick and the active yellow palm contacts without creating a wrong contact?",improvement|no_change|worse_overlay|wrong_contact|unclear,mistral_llm_schema_validated,main_body|contact_region|support_region|tip_regions|grip_bands|background|unclear,hand_on_main_body|hand_on_contact_region|body_on_support_region|floor_support|persistent_two_palm_line|no_contact|unclear,forced_choice_gate_only_no_continuous_pose_or_loss,,,
,stick,stage4,163,,,6.750000,anchor_update_check,/mnt/hdd/AudioHOI/samples_known_object/11_stick/results/benchmark_vlm_qwen/vlm/stage4/evidence/frame00163_anchor_update_check.png,/mnt/hdd/AudioHOI/samples_known_object/11_stick/results/benchmark_vlm_qwen/vlm/stage4/evidence/frame00163_anchor_update_check.png,before_after_anchor_update_overlay,"Using the visual guide in the image: brown render is the predicted stick, green line is the tracked visible stick, yellow circles are active palm contacts, and gray circles are inactive palms. Does the predicted stick preserve alignment with the green visible stick and the active yellow palm contacts without creating a wrong contact?",improvement|no_change|worse_overlay|wrong_contact|unclear,mistral_llm_schema_validated,main_body|contact_region|support_region|tip_regions|grip_bands|background|unclear,hand_on_main_body|hand_on_contact_region|body_on_support_region|floor_support|persistent_two_palm_line|no_contact|unclear,forced_choice_gate_only_no_continuous_pose_or_loss,,,
,stick,stage4,164,,,6.791667,anchor_update_check,/mnt/hdd/AudioHOI/samples_known_object/11_stick/results/benchmark_vlm_qwen/vlm/stage4/evidence/frame00164_anchor_update_check.png,/mnt/hdd/AudioHOI/samples_known_object/11_stick/results/benchmark_vlm_qwen/vlm/stage4/evidence/frame00164_anchor_update_check.png,before_after_anchor_update_overlay,"Using the visual guide in the image: brown render is the predicted stick, green line is the tracked visible stick, yellow circles are active palm contacts, and gray circles are inactive palms. Does the predicted stick preserve alignment with the green visible stick and the active yellow palm contacts without creating a wrong contact?",improvement|no_change|worse_overlay|wrong_contact|unclear,mistral_llm_schema_validated,main_body|contact_region|support_region|tip_regions|grip_bands|background|unclear,hand_on_main_body|hand_on_contact_region|body_on_support_region|floor_support|persistent_two_palm_line|no_contact|unclear,forced_choice_gate_only_no_continuous_pose_or_loss,,,
,stick,stage4,165,,,6.833333,anchor_update_check,/mnt/hdd/AudioHOI/samples_known_object/11_stick/results/benchmark_vlm_qwen/vlm/stage4/evidence/frame00165_anchor_update_check.png,/mnt/hdd/AudioHOI/samples_known_object/11_stick/results/benchmark_vlm_qwen/vlm/stage4/evidence/frame00165_anchor_update_check.png,before_after_anchor_update_overlay,"Using the visual guide in the image: brown render is the predicted stick, green line is the tracked visible stick, yellow circles are active palm contacts, and gray circles are inactive palms. Does the predicted stick preserve alignment with the green visible stick and the active yellow palm contacts without creating a wrong contact?",improvement|no_change|worse_overlay|wrong_contact|unclear,mistral_llm_schema_validated,main_body|contact_region|support_region|tip_regions|grip_bands|background|unclear,hand_on_main_body|hand_on_contact_region|body_on_support_region|floor_support|persistent_two_palm_line|no_contact|unclear,forced_choice_gate_only_no_continuous_pose_or_loss,,,
,stick,stage4,166,,,6.875000,anchor_update_check,/mnt/hdd/AudioHOI/samples_known_object/11_stick/results/benchmark_vlm_qwen/vlm/stage4/evidence/frame00166_anchor_update_check.png,/mnt/hdd/AudioHOI/samples_known_object/11_stick/results/benchmark_vlm_qwen/vlm/stage4/evidence/frame00166_anchor_update_check.png,before_after_anchor_update_overlay,"Using the visual guide in the image: brown render is the predicted stick, green line is the tracked visible stick, yellow circles are active palm contacts, and gray circles are inactive palms. Does the predicted stick preserve alignment with the green visible stick and the active yellow palm contacts without creating a wrong contact?",improvement|no_change|worse_overlay|wrong_contact|unclear,mistral_llm_schema_validated,main_body|contact_region|support_region|tip_regions|grip_bands|background|unclear,hand_on_main_body|hand_on_contact_region|body_on_support_region|floor_support|persistent_two_palm_line|no_contact|unclear,forced_choice_gate_only_no_continuous_pose_or_loss,,,
,stick,stage4,167,,,6.916667,anchor_update_check,/mnt/hdd/AudioHOI/samples_known_object/11_stick/results/benchmark_vlm_qwen/vlm/stage4/evidence/frame00167_anchor_update_check.png,/mnt/hdd/AudioHOI/samples_known_object/11_stick/results/benchmark_vlm_qwen/vlm/stage4/evidence/frame00167_anchor_update_check.png,before_after_anchor_update_overlay,"Using the visual guide in the image: brown render is the predicted stick, green line is the tracked visible stick, yellow circles are active palm contacts, and gray circles are inactive palms. Does the predicted stick preserve alignment with the green visible stick and the active yellow palm contacts without creating a wrong contact?",improvement|no_change|worse_overlay|wrong_contact|unclear,mistral_llm_schema_validated,main_body|contact_region|support_region|tip_regions|grip_bands|background|unclear,hand_on_main_body|hand_on_contact_region|body_on_support_region|floor_support|persistent_two_palm_line|no_contact|unclear,forced_choice_gate_only_no_continuous_pose_or_loss,,,
,stick,stage4,168,,,6.958333,anchor_update_check,/mnt/hdd/AudioHOI/samples_known_object/11_stick/results/benchmark_vlm_qwen/vlm/stage4/evidence/frame00168_anchor_update_check.png,/mnt/hdd/AudioHOI/samples_known_object/11_stick/results/benchmark_vlm_qwen/vlm/stage4/evidence/frame00168_anchor_update_check.png,before_after_anchor_update_overlay,"Using the visual guide in the image: brown render is the predicted stick, green line is the tracked visible stick, yellow circles are active palm contacts, and gray circles are inactive palms. Does the predicted stick preserve alignment with the green visible stick and the active yellow palm contacts without creating a wrong contact?",improvement|no_change|worse_overlay|wrong_contact|unclear,mistral_llm_schema_validated,main_body|contact_region|support_region|tip_regions|grip_bands|background|unclear,hand_on_main_body|hand_on_contact_region|body_on_support_region|floor_support|persistent_two_palm_line|no_contact|unclear,forced_choice_gate_only_no_continuous_pose_or_loss,,,
,stick,stage4,169,,,7.000000,anchor_update_check,/mnt/hdd/AudioHOI/samples_known_object/11_stick/results/benchmark_vlm_qwen/vlm/stage4/evidence/frame00169_anchor_update_check.png,/mnt/hdd/AudioHOI/samples_known_object/11_stick/results/benchmark_vlm_qwen/vlm/stage4/evidence/frame00169_anchor_update_check.png,before_after_anchor_update_overlay,"Using the visual guide in the image: brown render is the predicted stick, green line is the tracked visible stick, yellow circles are active palm contacts, and gray circles are inactive palms. Does the predicted stick preserve alignment with the green visible stick and the active yellow palm contacts without creating a wrong contact?",improvement|no_change|worse_overlay|wrong_contact|unclear,mistral_llm_schema_validated,main_body|contact_region|support_region|tip_regions|grip_bands|background|unclear,hand_on_main_body|hand_on_contact_region|body_on_support_region|floor_support|persistent_two_palm_line|no_contact|unclear,forced_choice_gate_only_no_continuous_pose_or_loss,,,
,stick,stage4,170,,,7.041667,anchor_update_check,/mnt/hdd/AudioHOI/samples_known_object/11_stick/results/benchmark_vlm_qwen/vlm/stage4/evidence/frame00170_anchor_update_check.png,/mnt/hdd/AudioHOI/samples_known_object/11_stick/results/benchmark_vlm_qwen/vlm/stage4/evidence/frame00170_anchor_update_check.png,before_after_anchor_update_overlay,"Using the visual guide in the image: brown render is the predicted stick, green line is the tracked visible stick, yellow circles are active palm contacts, and gray circles are inactive palms. Does the predicted stick preserve alignment with the green visible stick and the active yellow palm contacts without creating a wrong contact?",improvement|no_change|worse_overlay|wrong_contact|unclear,mistral_llm_schema_validated,main_body|contact_region|support_region|tip_regions|grip_bands|background|unclear,hand_on_main_body|hand_on_contact_region|body_on_support_region|floor_support|persistent_two_palm_line|no_contact|unclear,forced_choice_gate_only_no_continuous_pose_or_loss,,,
,stick,stage4,171,,,7.083333,anchor_update_check,/mnt/hdd/AudioHOI/samples_known_object/11_stick/results/benchmark_vlm_qwen/vlm/stage4/evidence/frame00171_anchor_update_check.png,/mnt/hdd/AudioHOI/samples_known_object/11_stick/results/benchmark_vlm_qwen/vlm/stage4/evidence/frame00171_anchor_update_check.png,before_after_anchor_update_overlay,"Using the visual guide in the image: brown render is the predicted stick, green line is the tracked visible stick, yellow circles are active palm contacts, and gray circles are inactive palms. Does the predicted stick preserve alignment with the green visible stick and the active yellow palm contacts without creating a wrong contact?",improvement|no_change|worse_overlay|wrong_contact|unclear,mistral_llm_schema_validated,main_body|contact_region|support_region|tip_regions|grip_bands|background|unclear,hand_on_main_body|hand_on_contact_region|body_on_support_region|floor_support|persistent_two_palm_line|no_contact|unclear,forced_choice_gate_only_no_continuous_pose_or_loss,,,
,stick,stage4,172,,,7.125000,anchor_update_check,/mnt/hdd/AudioHOI/samples_known_object/11_stick/results/benchmark_vlm_qwen/vlm/stage4/evidence/frame00172_anchor_update_check.png,/mnt/hdd/AudioHOI/samples_known_object/11_stick/results/benchmark_vlm_qwen/vlm/stage4/evidence/frame00172_anchor_update_check.png,before_after_anchor_update_overlay,"Using the visual guide in the image: brown render is the predicted stick, green line is the tracked visible stick, yellow circles are active palm contacts, and gray circles are inactive palms. Does the predicted stick preserve alignment with the green visible stick and the active yellow palm contacts without creating a wrong contact?",improvement|no_change|worse_overlay|wrong_contact|unclear,mistral_llm_schema_validated,main_body|contact_region|support_region|tip_regions|grip_bands|background|unclear,hand_on_main_body|hand_on_contact_region|body_on_support_region|floor_support|persistent_two_palm_line|no_contact|unclear,forced_choice_gate_only_no_continuous_pose_or_loss,,,
,stick,stage4,173,,,7.166667,anchor_update_check,/mnt/hdd/AudioHOI/samples_known_object/11_stick/results/benchmark_vlm_qwen/vlm/stage4/evidence/frame00173_anchor_update_check.png,/mnt/hdd/AudioHOI/samples_known_object/11_stick/results/benchmark_vlm_qwen/vlm/stage4/evidence/frame00173_anchor_update_check.png,before_after_anchor_update_overlay,"Using the visual guide in the image: brown render is the predicted stick, green line is the tracked visible stick, yellow circles are active palm contacts, and gray circles are inactive palms. Does the predicted stick preserve alignment with the green visible stick and the active yellow palm contacts without creating a wrong contact?",improvement|no_change|worse_overlay|wrong_contact|unclear,mistral_llm_schema_validated,main_body|contact_region|support_region|tip_regions|grip_bands|background|unclear,hand_on_main_body|hand_on_contact_region|body_on_support_region|floor_support|persistent_two_palm_line|no_contact|unclear,forced_choice_gate_only_no_continuous_pose_or_loss,,,
,stick,stage4,174,,,7.208333,anchor_update_check,/mnt/hdd/AudioHOI/samples_known_object/11_stick/results/benchmark_vlm_qwen/vlm/stage4/evidence/frame00174_anchor_update_check.png,/mnt/hdd/AudioHOI/samples_known_object/11_stick/results/benchmark_vlm_qwen/vlm/stage4/evidence/frame00174_anchor_update_check.png,before_after_anchor_update_overlay,"Using the visual guide in the image: brown render is the predicted stick, green line is the tracked visible stick, yellow circles are active palm contacts, and gray circles are inactive palms. Does the predicted stick preserve alignment with the green visible stick and the active yellow palm contacts without creating a wrong contact?",improvement|no_change|worse_overlay|wrong_contact|unclear,mistral_llm_schema_validated,main_body|contact_region|support_region|tip_regions|grip_bands|background|unclear,hand_on_main_body|hand_on_contact_region|body_on_support_region|floor_support|persistent_two_palm_line|no_contact|unclear,forced_choice_gate_only_no_continuous_pose_or_loss,,,
,stick,stage4,175,,,7.250000,anchor_update_check,/mnt/hdd/AudioHOI/samples_known_object/11_stick/results/benchmark_vlm_qwen/vlm/stage4/evidence/frame00175_anchor_update_check.png,/mnt/hdd/AudioHOI/samples_known_object/11_stick/results/benchmark_vlm_qwen/vlm/stage4/evidence/frame00175_anchor_update_check.png,before_after_anchor_update_overlay,"Using the visual guide in the image: brown render is the predicted stick, green line is the tracked visible stick, yellow circles are active palm contacts, and gray circles are inactive palms. Does the predicted stick preserve alignment with the green visible stick and the active yellow palm contacts without creating a wrong contact?",improvement|no_change|worse_overlay|wrong_contact|unclear,mistral_llm_schema_validated,main_body|contact_region|support_region|tip_regions|grip_bands|background|unclear,hand_on_main_body|hand_on_contact_region|body_on_support_region|floor_support|persistent_two_palm_line|no_contact|unclear,forced_choice_gate_only_no_continuous_pose_or_loss,,,
,stick,stage4,176,,,7.291667,anchor_update_check,/mnt/hdd/AudioHOI/samples_known_object/11_stick/results/benchmark_vlm_qwen/vlm/stage4/evidence/frame00176_anchor_update_check.png,/mnt/hdd/AudioHOI/samples_known_object/11_stick/results/benchmark_vlm_qwen/vlm/stage4/evidence/frame00176_anchor_update_check.png,before_after_anchor_update_overlay,"Using the visual guide in the image: brown render is the predicted stick, green line is the tracked visible stick, yellow circles are active palm contacts, and gray circles are inactive palms. Does the predicted stick preserve alignment with the green visible stick and the active yellow palm contacts without creating a wrong contact?",improvement|no_change|worse_overlay|wrong_contact|unclear,mistral_llm_schema_validated,main_body|contact_region|support_region|tip_regions|grip_bands|background|unclear,hand_on_main_body|hand_on_contact_region|body_on_support_region|floor_support|persistent_two_palm_line|no_contact|unclear,forced_choice_gate_only_no_continuous_pose_or_loss,,,
,stick,stage4,177,,,7.333333,anchor_update_check,/mnt/hdd/AudioHOI/samples_known_object/11_stick/results/benchmark_vlm_qwen/vlm/stage4/evidence/frame00177_anchor_update_check.png,/mnt/hdd/AudioHOI/samples_known_object/11_stick/results/benchmark_vlm_qwen/vlm/stage4/evidence/frame00177_anchor_update_check.png,before_after_anchor_update_overlay,"Using the visual guide in the image: brown render is the predicted stick, green line is the tracked visible stick, yellow circles are active palm contacts, and gray circles are inactive palms. Does the predicted stick preserve alignment with the green visible stick and the active yellow palm contacts without creating a wrong contact?",improvement|no_change|worse_overlay|wrong_contact|unclear,mistral_llm_schema_validated,main_body|contact_region|support_region|tip_regions|grip_bands|background|unclear,hand_on_main_body|hand_on_contact_region|body_on_support_region|floor_support|persistent_two_palm_line|no_contact|unclear,forced_choice_gate_only_no_continuous_pose_or_loss,,,
,stick,stage4,178,,,7.375000,anchor_update_check,/mnt/hdd/AudioHOI/samples_known_object/11_stick/results/benchmark_vlm_qwen/vlm/stage4/evidence/frame00178_anchor_update_check.png,/mnt/hdd/AudioHOI/samples_known_object/11_stick/results/benchmark_vlm_qwen/vlm/stage4/evidence/frame00178_anchor_update_check.png,before_after_anchor_update_overlay,"Using the visual guide in the image: brown render is the predicted stick, green line is the tracked visible stick, yellow circles are active palm contacts, and gray circles are inactive palms. Does the predicted stick preserve alignment with the green visible stick and the active yellow palm contacts without creating a wrong contact?",improvement|no_change|worse_overlay|wrong_contact|unclear,mistral_llm_schema_validated,main_body|contact_region|support_region|tip_regions|grip_bands|background|unclear,hand_on_main_body|hand_on_contact_region|body_on_support_region|floor_support|persistent_two_palm_line|no_contact|unclear,forced_choice_gate_only_no_continuous_pose_or_loss,,,
,stick,stage4,179,,,7.416667,anchor_update_check,/mnt/hdd/AudioHOI/samples_known_object/11_stick/results/benchmark_vlm_qwen/vlm/stage4/evidence/frame00179_anchor_update_check.png,/mnt/hdd/AudioHOI/samples_known_object/11_stick/results/benchmark_vlm_qwen/vlm/stage4/evidence/frame00179_anchor_update_check.png,before_after_anchor_update_overlay,"Using the visual guide in the image: brown render is the predicted stick, green line is the tracked visible stick, yellow circles are active palm contacts, and gray circles are inactive palms. Does the predicted stick preserve alignment with the green visible stick and the active yellow palm contacts without creating a wrong contact?",improvement|no_change|worse_overlay|wrong_contact|unclear,mistral_llm_schema_validated,main_body|contact_region|support_region|tip_regions|grip_bands|background|unclear,hand_on_main_body|hand_on_contact_region|body_on_support_region|floor_support|persistent_two_palm_line|no_contact|unclear,forced_choice_gate_only_no_continuous_pose_or_loss,,,
,stick,stage4,180,,,7.458333,anchor_update_check,/mnt/hdd/AudioHOI/samples_known_object/11_stick/results/benchmark_vlm_qwen/vlm/stage4/evidence/frame00180_anchor_update_check.png,/mnt/hdd/AudioHOI/samples_known_object/11_stick/results/benchmark_vlm_qwen/vlm/stage4/evidence/frame00180_anchor_update_check.png,before_after_anchor_update_overlay,"Using the visual guide in the image: brown render is the predicted stick, green line is the tracked visible stick, yellow circles are active palm contacts, and gray circles are inactive palms. Does the predicted stick preserve alignment with the green visible stick and the active yellow palm contacts without creating a wrong contact?",improvement|no_change|worse_overlay|wrong_contact|unclear,mistral_llm_schema_validated,main_body|contact_region|support_region|tip_regions|grip_bands|background|unclear,hand_on_main_body|hand_on_contact_region|body_on_support_region|floor_support|persistent_two_palm_line|no_contact|unclear,forced_choice_gate_only_no_continuous_pose_or_loss,,,
,stick,stage4,181,,,7.500000,anchor_update_check,/mnt/hdd/AudioHOI/samples_known_object/11_stick/results/benchmark_vlm_qwen/vlm/stage4/evidence/frame00181_anchor_update_check.png,/mnt/hdd/AudioHOI/samples_known_object/11_stick/results/benchmark_vlm_qwen/vlm/stage4/evidence/frame00181_anchor_update_check.png,before_after_anchor_update_overlay,"Using the visual guide in the image: brown render is the predicted stick, green line is the tracked visible stick, yellow circles are active palm contacts, and gray circles are inactive palms. Does the predicted stick preserve alignment with the green visible stick and the active yellow palm contacts without creating a wrong contact?",improvement|no_change|worse_overlay|wrong_contact|unclear,mistral_llm_schema_validated,main_body|contact_region|support_region|tip_regions|grip_bands|background|unclear,hand_on_main_body|hand_on_contact_region|body_on_support_region|floor_support|persistent_two_palm_line|no_contact|unclear,forced_choice_gate_only_no_continuous_pose_or_loss,,,
,stick,stage4,182,,,7.541667,anchor_update_check,/mnt/hdd/AudioHOI/samples_known_object/11_stick/results/benchmark_vlm_qwen/vlm/stage4/evidence/frame00182_anchor_update_check.png,/mnt/hdd/AudioHOI/samples_known_object/11_stick/results/benchmark_vlm_qwen/vlm/stage4/evidence/frame00182_anchor_update_check.png,before_after_anchor_update_overlay,"Using the visual guide in the image: brown render is the predicted stick, green line is the tracked visible stick, yellow circles are active palm contacts, and gray circles are inactive palms. Does the predicted stick preserve alignment with the green visible stick and the active yellow palm contacts without creating a wrong contact?",improvement|no_change|worse_overlay|wrong_contact|unclear,mistral_llm_schema_validated,main_body|contact_region|support_region|tip_regions|grip_bands|background|unclear,hand_on_main_body|hand_on_contact_region|body_on_support_region|floor_support|persistent_two_palm_line|no_contact|unclear,forced_choice_gate_only_no_continuous_pose_or_loss,,,
,stick,stage4,183,,,7.583333,anchor_update_check,/mnt/hdd/AudioHOI/samples_known_object/11_stick/results/benchmark_vlm_qwen/vlm/stage4/evidence/frame00183_anchor_update_check.png,/mnt/hdd/AudioHOI/samples_known_object/11_stick/results/benchmark_vlm_qwen/vlm/stage4/evidence/frame00183_anchor_update_check.png,before_after_anchor_update_overlay,"Using the visual guide in the image: brown render is the predicted stick, green line is the tracked visible stick, yellow circles are active palm contacts, and gray circles are inactive palms. Does the predicted stick preserve alignment with the green visible stick and the active yellow palm contacts without creating a wrong contact?",improvement|no_change|worse_overlay|wrong_contact|unclear,mistral_llm_schema_validated,main_body|contact_region|support_region|tip_regions|grip_bands|background|unclear,hand_on_main_body|hand_on_contact_region|body_on_support_region|floor_support|persistent_two_palm_line|no_contact|unclear,forced_choice_gate_only_no_continuous_pose_or_loss,,,
,stick,stage4,184,,,7.625000,anchor_update_check,/mnt/hdd/AudioHOI/samples_known_object/11_stick/results/benchmark_vlm_qwen/vlm/stage4/evidence/frame00184_anchor_update_check.png,/mnt/hdd/AudioHOI/samples_known_object/11_stick/results/benchmark_vlm_qwen/vlm/stage4/evidence/frame00184_anchor_update_check.png,before_after_anchor_update_overlay,"Using the visual guide in the image: brown render is the predicted stick, green line is the tracked visible stick, yellow circles are active palm contacts, and gray circles are inactive palms. Does the predicted stick preserve alignment with the green visible stick and the active yellow palm contacts without creating a wrong contact?",improvement|no_change|worse_overlay|wrong_contact|unclear,mistral_llm_schema_validated,main_body|contact_region|support_region|tip_regions|grip_bands|background|unclear,hand_on_main_body|hand_on_contact_region|body_on_support_region|floor_support|persistent_two_palm_line|no_contact|unclear,forced_choice_gate_only_no_continuous_pose_or_loss,,,
,stick,stage4,185,,,7.666667,anchor_update_check,/mnt/hdd/AudioHOI/samples_known_object/11_stick/results/benchmark_vlm_qwen/vlm/stage4/evidence/frame00185_anchor_update_check.png,/mnt/hdd/AudioHOI/samples_known_object/11_stick/results/benchmark_vlm_qwen/vlm/stage4/evidence/frame00185_anchor_update_check.png,before_after_anchor_update_overlay,"Using the visual guide in the image: brown render is the predicted stick, green line is the tracked visible stick, yellow circles are active palm contacts, and gray circles are inactive palms. Does the predicted stick preserve alignment with the green visible stick and the active yellow palm contacts without creating a wrong contact?",improvement|no_change|worse_overlay|wrong_contact|unclear,mistral_llm_schema_validated,main_body|contact_region|support_region|tip_regions|grip_bands|background|unclear,hand_on_main_body|hand_on_contact_region|body_on_support_region|floor_support|persistent_two_palm_line|no_contact|unclear,forced_choice_gate_only_no_continuous_pose_or_loss,,,
,stick,stage4,186,,,7.708333,anchor_update_check,/mnt/hdd/AudioHOI/samples_known_object/11_stick/results/benchmark_vlm_qwen/vlm/stage4/evidence/frame00186_anchor_update_check.png,/mnt/hdd/AudioHOI/samples_known_object/11_stick/results/benchmark_vlm_qwen/vlm/stage4/evidence/frame00186_anchor_update_check.png,before_after_anchor_update_overlay,"Using the visual guide in the image: brown render is the predicted stick, green line is the tracked visible stick, yellow circles are active palm contacts, and gray circles are inactive palms. Does the predicted stick preserve alignment with the green visible stick and the active yellow palm contacts without creating a wrong contact?",improvement|no_change|worse_overlay|wrong_contact|unclear,mistral_llm_schema_validated,main_body|contact_region|support_region|tip_regions|grip_bands|background|unclear,hand_on_main_body|hand_on_contact_region|body_on_support_region|floor_support|persistent_two_palm_line|no_contact|unclear,forced_choice_gate_only_no_continuous_pose_or_loss,,,
,stick,stage4,187,,,7.750000,anchor_update_check,/mnt/hdd/AudioHOI/samples_known_object/11_stick/results/benchmark_vlm_qwen/vlm/stage4/evidence/frame00187_anchor_update_check.png,/mnt/hdd/AudioHOI/samples_known_object/11_stick/results/benchmark_vlm_qwen/vlm/stage4/evidence/frame00187_anchor_update_check.png,before_after_anchor_update_overlay,"Using the visual guide in the image: brown render is the predicted stick, green line is the tracked visible stick, yellow circles are active palm contacts, and gray circles are inactive palms. Does the predicted stick preserve alignment with the green visible stick and the active yellow palm contacts without creating a wrong contact?",improvement|no_change|worse_overlay|wrong_contact|unclear,mistral_llm_schema_validated,main_body|contact_region|support_region|tip_regions|grip_bands|background|unclear,hand_on_main_body|hand_on_contact_region|body_on_support_region|floor_support|persistent_two_palm_line|no_contact|unclear,forced_choice_gate_only_no_continuous_pose_or_loss,,,
,stick,stage4,188,,,7.791667,anchor_update_check,/mnt/hdd/AudioHOI/samples_known_object/11_stick/results/benchmark_vlm_qwen/vlm/stage4/evidence/frame00188_anchor_update_check.png,/mnt/hdd/AudioHOI/samples_known_object/11_stick/results/benchmark_vlm_qwen/vlm/stage4/evidence/frame00188_anchor_update_check.png,before_after_anchor_update_overlay,"Using the visual guide in the image: brown render is the predicted stick, green line is the tracked visible stick, yellow circles are active palm contacts, and gray circles are inactive palms. Does the predicted stick preserve alignment with the green visible stick and the active yellow palm contacts without creating a wrong contact?",improvement|no_change|worse_overlay|wrong_contact|unclear,mistral_llm_schema_validated,main_body|contact_region|support_region|tip_regions|grip_bands|background|unclear,hand_on_main_body|hand_on_contact_region|body_on_support_region|floor_support|persistent_two_palm_line|no_contact|unclear,forced_choice_gate_only_no_continuous_pose_or_loss,,,
,stick,stage4,189,,,7.833333,anchor_update_check,/mnt/hdd/AudioHOI/samples_known_object/11_stick/results/benchmark_vlm_qwen/vlm/stage4/evidence/frame00189_anchor_update_check.png,/mnt/hdd/AudioHOI/samples_known_object/11_stick/results/benchmark_vlm_qwen/vlm/stage4/evidence/frame00189_anchor_update_check.png,before_after_anchor_update_overlay,"Using the visual guide in the image: brown render is the predicted stick, green line is the tracked visible stick, yellow circles are active palm contacts, and gray circles are inactive palms. Does the predicted stick preserve alignment with the green visible stick and the active yellow palm contacts without creating a wrong contact?",improvement|no_change|worse_overlay|wrong_contact|unclear,mistral_llm_schema_validated,main_body|contact_region|support_region|tip_regions|grip_bands|background|unclear,hand_on_main_body|hand_on_contact_region|body_on_support_region|floor_support|persistent_two_palm_line|no_contact|unclear,forced_choice_gate_only_no_continuous_pose_or_loss,,,
,stick,stage4,190,,,7.875000,anchor_update_check,/mnt/hdd/AudioHOI/samples_known_object/11_stick/results/benchmark_vlm_qwen/vlm/stage4/evidence/frame00190_anchor_update_check.png,/mnt/hdd/AudioHOI/samples_known_object/11_stick/results/benchmark_vlm_qwen/vlm/stage4/evidence/frame00190_anchor_update_check.png,before_after_anchor_update_overlay,"Using the visual guide in the image: brown render is the predicted stick, green line is the tracked visible stick, yellow circles are active palm contacts, and gray circles are inactive palms. Does the predicted stick preserve alignment with the green visible stick and the active yellow palm contacts without creating a wrong contact?",improvement|no_change|worse_overlay|wrong_contact|unclear,mistral_llm_schema_validated,main_body|contact_region|support_region|tip_regions|grip_bands|background|unclear,hand_on_main_body|hand_on_contact_region|body_on_support_region|floor_support|persistent_two_palm_line|no_contact|unclear,forced_choice_gate_only_no_continuous_pose_or_loss,,,
,stick,stage4,191,,,7.916667,anchor_update_check,/mnt/hdd/AudioHOI/samples_known_object/11_stick/results/benchmark_vlm_qwen/vlm/stage4/evidence/frame00191_anchor_update_check.png,/mnt/hdd/AudioHOI/samples_known_object/11_stick/results/benchmark_vlm_qwen/vlm/stage4/evidence/frame00191_anchor_update_check.png,before_after_anchor_update_overlay,"Using the visual guide in the image: brown render is the predicted stick, green line is the tracked visible stick, yellow circles are active palm contacts, and gray circles are inactive palms. Does the predicted stick preserve alignment with the green visible stick and the active yellow palm contacts without creating a wrong contact?",improvement|no_change|worse_overlay|wrong_contact|unclear,mistral_llm_schema_validated,main_body|contact_region|support_region|tip_regions|grip_bands|background|unclear,hand_on_main_body|hand_on_contact_region|body_on_support_region|floor_support|persistent_two_palm_line|no_contact|unclear,forced_choice_gate_only_no_continuous_pose_or_loss,,,
,stick,stage4,192,,,7.958333,anchor_update_check,/mnt/hdd/AudioHOI/samples_known_object/11_stick/results/benchmark_vlm_qwen/vlm/stage4/evidence/frame00192_anchor_update_check.png,/mnt/hdd/AudioHOI/samples_known_object/11_stick/results/benchmark_vlm_qwen/vlm/stage4/evidence/frame00192_anchor_update_check.png,before_after_anchor_update_overlay,"Using the visual guide in the image: brown render is the predicted stick, green line is the tracked visible stick, yellow circles are active palm contacts, and gray circles are inactive palms. Does the predicted stick preserve alignment with the green visible stick and the active yellow palm contacts without creating a wrong contact?",improvement|no_change|worse_overlay|wrong_contact|unclear,mistral_llm_schema_validated,main_body|contact_region|support_region|tip_regions|grip_bands|background|unclear,hand_on_main_body|hand_on_contact_region|body_on_support_region|floor_support|persistent_two_palm_line|no_contact|unclear,forced_choice_gate_only_no_continuous_pose_or_loss,,,
,stick,stage4,193,,,8.000000,anchor_update_check,/mnt/hdd/AudioHOI/samples_known_object/11_stick/results/benchmark_vlm_qwen/vlm/stage4/evidence/frame00193_anchor_update_check.png,/mnt/hdd/AudioHOI/samples_known_object/11_stick/results/benchmark_vlm_qwen/vlm/stage4/evidence/frame00193_anchor_update_check.png,before_after_anchor_update_overlay,"Using the visual guide in the image: brown render is the predicted stick, green line is the tracked visible stick, yellow circles are active palm contacts, and gray circles are inactive palms. Does the predicted stick preserve alignment with the green visible stick and the active yellow palm contacts without creating a wrong contact?",improvement|no_change|worse_overlay|wrong_contact|unclear,mistral_llm_schema_validated,main_body|contact_region|support_region|tip_regions|grip_bands|background|unclear,hand_on_main_body|hand_on_contact_region|body_on_support_region|floor_support|persistent_two_palm_line|no_contact|unclear,forced_choice_gate_only_no_continuous_pose_or_loss,,,
,stick,stage4,194,,,8.041667,anchor_update_check,/mnt/hdd/AudioHOI/samples_known_object/11_stick/results/benchmark_vlm_qwen/vlm/stage4/evidence/frame00194_anchor_update_check.png,/mnt/hdd/AudioHOI/samples_known_object/11_stick/results/benchmark_vlm_qwen/vlm/stage4/evidence/frame00194_anchor_update_check.png,before_after_anchor_update_overlay,"Using the visual guide in the image: brown render is the predicted stick, green line is the tracked visible stick, yellow circles are active palm contacts, and gray circles are inactive palms. Does the predicted stick preserve alignment with the green visible stick and the active yellow palm contacts without creating a wrong contact?",improvement|no_change|worse_overlay|wrong_contact|unclear,mistral_llm_schema_validated,main_body|contact_region|support_region|tip_regions|grip_bands|background|unclear,hand_on_main_body|hand_on_contact_region|body_on_support_region|floor_support|persistent_two_palm_line|no_contact|unclear,forced_choice_gate_only_no_continuous_pose_or_loss,,,
,stick,stage4,195,,,8.083333,anchor_update_check,/mnt/hdd/AudioHOI/samples_known_object/11_stick/results/benchmark_vlm_qwen/vlm/stage4/evidence/frame00195_anchor_update_check.png,/mnt/hdd/AudioHOI/samples_known_object/11_stick/results/benchmark_vlm_qwen/vlm/stage4/evidence/frame00195_anchor_update_check.png,before_after_anchor_update_overlay,"Using the visual guide in the image: brown render is the predicted stick, green line is the tracked visible stick, yellow circles are active palm contacts, and gray circles are inactive palms. Does the predicted stick preserve alignment with the green visible stick and the active yellow palm contacts without creating a wrong contact?",improvement|no_change|worse_overlay|wrong_contact|unclear,mistral_llm_schema_validated,main_body|contact_region|support_region|tip_regions|grip_bands|background|unclear,hand_on_main_body|hand_on_contact_region|body_on_support_region|floor_support|persistent_two_palm_line|no_contact|unclear,forced_choice_gate_only_no_continuous_pose_or_loss,,,
,stick,stage4,196,,,8.125000,anchor_update_check,/mnt/hdd/AudioHOI/samples_known_object/11_stick/results/benchmark_vlm_qwen/vlm/stage4/evidence/frame00196_anchor_update_check.png,/mnt/hdd/AudioHOI/samples_known_object/11_stick/results/benchmark_vlm_qwen/vlm/stage4/evidence/frame00196_anchor_update_check.png,before_after_anchor_update_overlay,"Using the visual guide in the image: brown render is the predicted stick, green line is the tracked visible stick, yellow circles are active palm contacts, and gray circles are inactive palms. Does the predicted stick preserve alignment with the green visible stick and the active yellow palm contacts without creating a wrong contact?",improvement|no_change|worse_overlay|wrong_contact|unclear,mistral_llm_schema_validated,main_body|contact_region|support_region|tip_regions|grip_bands|background|unclear,hand_on_main_body|hand_on_contact_region|body_on_support_region|floor_support|persistent_two_palm_line|no_contact|unclear,forced_choice_gate_only_no_continuous_pose_or_loss,,,
,stick,stage4,197,,,8.166667,anchor_update_check,/mnt/hdd/AudioHOI/samples_known_object/11_stick/results/benchmark_vlm_qwen/vlm/stage4/evidence/frame00197_anchor_update_check.png,/mnt/hdd/AudioHOI/samples_known_object/11_stick/results/benchmark_vlm_qwen/vlm/stage4/evidence/frame00197_anchor_update_check.png,before_after_anchor_update_overlay,"Using the visual guide in the image: brown render is the predicted stick, green line is the tracked visible stick, yellow circles are active palm contacts, and gray circles are inactive palms. Does the predicted stick preserve alignment with the green visible stick and the active yellow palm contacts without creating a wrong contact?",improvement|no_change|worse_overlay|wrong_contact|unclear,mistral_llm_schema_validated,main_body|contact_region|support_region|tip_regions|grip_bands|background|unclear,hand_on_main_body|hand_on_contact_region|body_on_support_region|floor_support|persistent_two_palm_line|no_contact|unclear,forced_choice_gate_only_no_continuous_pose_or_loss,,,
,stick,stage4,198,,,8.208333,anchor_update_check,/mnt/hdd/AudioHOI/samples_known_object/11_stick/results/benchmark_vlm_qwen/vlm/stage4/evidence/frame00198_anchor_update_check.png,/mnt/hdd/AudioHOI/samples_known_object/11_stick/results/benchmark_vlm_qwen/vlm/stage4/evidence/frame00198_anchor_update_check.png,before_after_anchor_update_overlay,"Using the visual guide in the image: brown render is the predicted stick, green line is the tracked visible stick, yellow circles are active palm contacts, and gray circles are inactive palms. Does the predicted stick preserve alignment with the green visible stick and the active yellow palm contacts without creating a wrong contact?",improvement|no_change|worse_overlay|wrong_contact|unclear,mistral_llm_schema_validated,main_body|contact_region|support_region|tip_regions|grip_bands|background|unclear,hand_on_main_body|hand_on_contact_region|body_on_support_region|floor_support|persistent_two_palm_line|no_contact|unclear,forced_choice_gate_only_no_continuous_pose_or_loss,,,
,stick,stage4,199,,,8.250000,anchor_update_check,/mnt/hdd/AudioHOI/samples_known_object/11_stick/results/benchmark_vlm_qwen/vlm/stage4/evidence/frame00199_anchor_update_check.png,/mnt/hdd/AudioHOI/samples_known_object/11_stick/results/benchmark_vlm_qwen/vlm/stage4/evidence/frame00199_anchor_update_check.png,before_after_anchor_update_overlay,"Using the visual guide in the image: brown render is the predicted stick, green line is the tracked visible stick, yellow circles are active palm contacts, and gray circles are inactive palms. Does the predicted stick preserve alignment with the green visible stick and the active yellow palm contacts without creating a wrong contact?",improvement|no_change|worse_overlay|wrong_contact|unclear,mistral_llm_schema_validated,main_body|contact_region|support_region|tip_regions|grip_bands|background|unclear,hand_on_main_body|hand_on_contact_region|body_on_support_region|floor_support|persistent_two_palm_line|no_contact|unclear,forced_choice_gate_only_no_continuous_pose_or_loss,,,
,stick,stage4,200,,,8.291667,anchor_update_check,/mnt/hdd/AudioHOI/samples_known_object/11_stick/results/benchmark_vlm_qwen/vlm/stage4/evidence/frame00200_anchor_update_check.png,/mnt/hdd/AudioHOI/samples_known_object/11_stick/results/benchmark_vlm_qwen/vlm/stage4/evidence/frame00200_anchor_update_check.png,before_after_anchor_update_overlay,"Using the visual guide in the image: brown render is the predicted stick, green line is the tracked visible stick, yellow circles are active palm contacts, and gray circles are inactive palms. Does the predicted stick preserve alignment with the green visible stick and the active yellow palm contacts without creating a wrong contact?",improvement|no_change|worse_overlay|wrong_contact|unclear,mistral_llm_schema_validated,main_body|contact_region|support_region|tip_regions|grip_bands|background|unclear,hand_on_main_body|hand_on_contact_region|body_on_support_region|floor_support|persistent_two_palm_line|no_contact|unclear,forced_choice_gate_only_no_continuous_pose_or_loss,,,
,stick,stage4,201,,,8.333333,anchor_update_check,/mnt/hdd/AudioHOI/samples_known_object/11_stick/results/benchmark_vlm_qwen/vlm/stage4/evidence/frame00201_anchor_update_check.png,/mnt/hdd/AudioHOI/samples_known_object/11_stick/results/benchmark_vlm_qwen/vlm/stage4/evidence/frame00201_anchor_update_check.png,before_after_anchor_update_overlay,"Using the visual guide in the image: brown render is the predicted stick, green line is the tracked visible stick, yellow circles are active palm contacts, and gray circles are inactive palms. Does the predicted stick preserve alignment with the green visible stick and the active yellow palm contacts without creating a wrong contact?",improvement|no_change|worse_overlay|wrong_contact|unclear,mistral_llm_schema_validated,main_body|contact_region|support_region|tip_regions|grip_bands|background|unclear,hand_on_main_body|hand_on_contact_region|body_on_support_region|floor_support|persistent_two_palm_line|no_contact|unclear,forced_choice_gate_only_no_continuous_pose_or_loss,,,
,stick,stage4,202,,,8.375000,anchor_update_check,/mnt/hdd/AudioHOI/samples_known_object/11_stick/results/benchmark_vlm_qwen/vlm/stage4/evidence/frame00202_anchor_update_check.png,/mnt/hdd/AudioHOI/samples_known_object/11_stick/results/benchmark_vlm_qwen/vlm/stage4/evidence/frame00202_anchor_update_check.png,before_after_anchor_update_overlay,"Using the visual guide in the image: brown render is the predicted stick, green line is the tracked visible stick, yellow circles are active palm contacts, and gray circles are inactive palms. Does the predicted stick preserve alignment with the green visible stick and the active yellow palm contacts without creating a wrong contact?",improvement|no_change|worse_overlay|wrong_contact|unclear,mistral_llm_schema_validated,main_body|contact_region|support_region|tip_regions|grip_bands|background|unclear,hand_on_main_body|hand_on_contact_region|body_on_support_region|floor_support|persistent_two_palm_line|no_contact|unclear,forced_choice_gate_only_no_continuous_pose_or_loss,,,
,stick,stage4,203,,,8.416667,anchor_update_check,/mnt/hdd/AudioHOI/samples_known_object/11_stick/results/benchmark_vlm_qwen/vlm/stage4/evidence/frame00203_anchor_update_check.png,/mnt/hdd/AudioHOI/samples_known_object/11_stick/results/benchmark_vlm_qwen/vlm/stage4/evidence/frame00203_anchor_update_check.png,before_after_anchor_update_overlay,"Using the visual guide in the image: brown render is the predicted stick, green line is the tracked visible stick, yellow circles are active palm contacts, and gray circles are inactive palms. Does the predicted stick preserve alignment with the green visible stick and the active yellow palm contacts without creating a wrong contact?",improvement|no_change|worse_overlay|wrong_contact|unclear,mistral_llm_schema_validated,main_body|contact_region|support_region|tip_regions|grip_bands|background|unclear,hand_on_main_body|hand_on_contact_region|body_on_support_region|floor_support|persistent_two_palm_line|no_contact|unclear,forced_choice_gate_only_no_continuous_pose_or_loss,,,
,stick,stage4,204,,,8.458333,anchor_update_check,/mnt/hdd/AudioHOI/samples_known_object/11_stick/results/benchmark_vlm_qwen/vlm/stage4/evidence/frame00204_anchor_update_check.png,/mnt/hdd/AudioHOI/samples_known_object/11_stick/results/benchmark_vlm_qwen/vlm/stage4/evidence/frame00204_anchor_update_check.png,before_after_anchor_update_overlay,"Using the visual guide in the image: brown render is the predicted stick, green line is the tracked visible stick, yellow circles are active palm contacts, and gray circles are inactive palms. Does the predicted stick preserve alignment with the green visible stick and the active yellow palm contacts without creating a wrong contact?",improvement|no_change|worse_overlay|wrong_contact|unclear,mistral_llm_schema_validated,main_body|contact_region|support_region|tip_regions|grip_bands|background|unclear,hand_on_main_body|hand_on_contact_region|body_on_support_region|floor_support|persistent_two_palm_line|no_contact|unclear,forced_choice_gate_only_no_continuous_pose_or_loss,,,
,stick,stage4,205,,,8.500000,anchor_update_check,/mnt/hdd/AudioHOI/samples_known_object/11_stick/results/benchmark_vlm_qwen/vlm/stage4/evidence/frame00205_anchor_update_check.png,/mnt/hdd/AudioHOI/samples_known_object/11_stick/results/benchmark_vlm_qwen/vlm/stage4/evidence/frame00205_anchor_update_check.png,before_after_anchor_update_overlay,"Using the visual guide in the image: brown render is the predicted stick, green line is the tracked visible stick, yellow circles are active palm contacts, and gray circles are inactive palms. Does the predicted stick preserve alignment with the green visible stick and the active yellow palm contacts without creating a wrong contact?",improvement|no_change|worse_overlay|wrong_contact|unclear,mistral_llm_schema_validated,main_body|contact_region|support_region|tip_regions|grip_bands|background|unclear,hand_on_main_body|hand_on_contact_region|body_on_support_region|floor_support|persistent_two_palm_line|no_contact|unclear,forced_choice_gate_only_no_continuous_pose_or_loss,,,
,stick,stage4,206,,,8.541667,anchor_update_check,/mnt/hdd/AudioHOI/samples_known_object/11_stick/results/benchmark_vlm_qwen/vlm/stage4/evidence/frame00206_anchor_update_check.png,/mnt/hdd/AudioHOI/samples_known_object/11_stick/results/benchmark_vlm_qwen/vlm/stage4/evidence/frame00206_anchor_update_check.png,before_after_anchor_update_overlay,"Using the visual guide in the image: brown render is the predicted stick, green line is the tracked visible stick, yellow circles are active palm contacts, and gray circles are inactive palms. Does the predicted stick preserve alignment with the green visible stick and the active yellow palm contacts without creating a wrong contact?",improvement|no_change|worse_overlay|wrong_contact|unclear,mistral_llm_schema_validated,main_body|contact_region|support_region|tip_regions|grip_bands|background|unclear,hand_on_main_body|hand_on_contact_region|body_on_support_region|floor_support|persistent_two_palm_line|no_contact|unclear,forced_choice_gate_only_no_continuous_pose_or_loss,,,
,stick,stage4,207,,,8.583333,anchor_update_check,/mnt/hdd/AudioHOI/samples_known_object/11_stick/results/benchmark_vlm_qwen/vlm/stage4/evidence/frame00207_anchor_update_check.png,/mnt/hdd/AudioHOI/samples_known_object/11_stick/results/benchmark_vlm_qwen/vlm/stage4/evidence/frame00207_anchor_update_check.png,before_after_anchor_update_overlay,"Using the visual guide in the image: brown render is the predicted stick, green line is the tracked visible stick, yellow circles are active palm contacts, and gray circles are inactive palms. Does the predicted stick preserve alignment with the green visible stick and the active yellow palm contacts without creating a wrong contact?",improvement|no_change|worse_overlay|wrong_contact|unclear,mistral_llm_schema_validated,main_body|contact_region|support_region|tip_regions|grip_bands|background|unclear,hand_on_main_body|hand_on_contact_region|body_on_support_region|floor_support|persistent_two_palm_line|no_contact|unclear,forced_choice_gate_only_no_continuous_pose_or_loss,,,
,stick,stage4,208,,,8.625000,anchor_update_check,/mnt/hdd/AudioHOI/samples_known_object/11_stick/results/benchmark_vlm_qwen/vlm/stage4/evidence/frame00208_anchor_update_check.png,/mnt/hdd/AudioHOI/samples_known_object/11_stick/results/benchmark_vlm_qwen/vlm/stage4/evidence/frame00208_anchor_update_check.png,before_after_anchor_update_overlay,"Using the visual guide in the image: brown render is the predicted stick, green line is the tracked visible stick, yellow circles are active palm contacts, and gray circles are inactive palms. Does the predicted stick preserve alignment with the green visible stick and the active yellow palm contacts without creating a wrong contact?",improvement|no_change|worse_overlay|wrong_contact|unclear,mistral_llm_schema_validated,main_body|contact_region|support_region|tip_regions|grip_bands|background|unclear,hand_on_main_body|hand_on_contact_region|body_on_support_region|floor_support|persistent_two_palm_line|no_contact|unclear,forced_choice_gate_only_no_continuous_pose_or_loss,,,
,stick,stage4,209,,,8.666667,anchor_update_check,/mnt/hdd/AudioHOI/samples_known_object/11_stick/results/benchmark_vlm_qwen/vlm/stage4/evidence/frame00209_anchor_update_check.png,/mnt/hdd/AudioHOI/samples_known_object/11_stick/results/benchmark_vlm_qwen/vlm/stage4/evidence/frame00209_anchor_update_check.png,before_after_anchor_update_overlay,"Using the visual guide in the image: brown render is the predicted stick, green line is the tracked visible stick, yellow circles are active palm contacts, and gray circles are inactive palms. Does the predicted stick preserve alignment with the green visible stick and the active yellow palm contacts without creating a wrong contact?",improvement|no_change|worse_overlay|wrong_contact|unclear,mistral_llm_schema_validated,main_body|contact_region|support_region|tip_regions|grip_bands|background|unclear,hand_on_main_body|hand_on_contact_region|body_on_support_region|floor_support|persistent_two_palm_line|no_contact|unclear,forced_choice_gate_only_no_continuous_pose_or_loss,,,
,stick,stage4,210,,,8.708333,anchor_update_check,/mnt/hdd/AudioHOI/samples_known_object/11_stick/results/benchmark_vlm_qwen/vlm/stage4/evidence/frame00210_anchor_update_check.png,/mnt/hdd/AudioHOI/samples_known_object/11_stick/results/benchmark_vlm_qwen/vlm/stage4/evidence/frame00210_anchor_update_check.png,before_after_anchor_update_overlay,"Using the visual guide in the image: brown render is the predicted stick, green line is the tracked visible stick, yellow circles are active palm contacts, and gray circles are inactive palms. Does the predicted stick preserve alignment with the green visible stick and the active yellow palm contacts without creating a wrong contact?",improvement|no_change|worse_overlay|wrong_contact|unclear,mistral_llm_schema_validated,main_body|contact_region|support_region|tip_regions|grip_bands|background|unclear,hand_on_main_body|hand_on_contact_region|body_on_support_region|floor_support|persistent_two_palm_line|no_contact|unclear,forced_choice_gate_only_no_continuous_pose_or_loss,,,
,stick,stage4,211,,,8.750000,anchor_update_check,/mnt/hdd/AudioHOI/samples_known_object/11_stick/results/benchmark_vlm_qwen/vlm/stage4/evidence/frame00211_anchor_update_check.png,/mnt/hdd/AudioHOI/samples_known_object/11_stick/results/benchmark_vlm_qwen/vlm/stage4/evidence/frame00211_anchor_update_check.png,before_after_anchor_update_overlay,"Using the visual guide in the image: brown render is the predicted stick, green line is the tracked visible stick, yellow circles are active palm contacts, and gray circles are inactive palms. Does the predicted stick preserve alignment with the green visible stick and the active yellow palm contacts without creating a wrong contact?",improvement|no_change|worse_overlay|wrong_contact|unclear,mistral_llm_schema_validated,main_body|contact_region|support_region|tip_regions|grip_bands|background|unclear,hand_on_main_body|hand_on_contact_region|body_on_support_region|floor_support|persistent_two_palm_line|no_contact|unclear,forced_choice_gate_only_no_continuous_pose_or_loss,,,
,stick,stage4,212,,,8.791667,anchor_update_check,/mnt/hdd/AudioHOI/samples_known_object/11_stick/results/benchmark_vlm_qwen/vlm/stage4/evidence/frame00212_anchor_update_check.png,/mnt/hdd/AudioHOI/samples_known_object/11_stick/results/benchmark_vlm_qwen/vlm/stage4/evidence/frame00212_anchor_update_check.png,before_after_anchor_update_overlay,"Using the visual guide in the image: brown render is the predicted stick, green line is the tracked visible stick, yellow circles are active palm contacts, and gray circles are inactive palms. Does the predicted stick preserve alignment with the green visible stick and the active yellow palm contacts without creating a wrong contact?",improvement|no_change|worse_overlay|wrong_contact|unclear,mistral_llm_schema_validated,main_body|contact_region|support_region|tip_regions|grip_bands|background|unclear,hand_on_main_body|hand_on_contact_region|body_on_support_region|floor_support|persistent_two_palm_line|no_contact|unclear,forced_choice_gate_only_no_continuous_pose_or_loss,,,
,stick,stage4,213,,,8.833333,anchor_update_check,/mnt/hdd/AudioHOI/samples_known_object/11_stick/results/benchmark_vlm_qwen/vlm/stage4/evidence/frame00213_anchor_update_check.png,/mnt/hdd/AudioHOI/samples_known_object/11_stick/results/benchmark_vlm_qwen/vlm/stage4/evidence/frame00213_anchor_update_check.png,before_after_anchor_update_overlay,"Using the visual guide in the image: brown render is the predicted stick, green line is the tracked visible stick, yellow circles are active palm contacts, and gray circles are inactive palms. Does the predicted stick preserve alignment with the green visible stick and the active yellow palm contacts without creating a wrong contact?",improvement|no_change|worse_overlay|wrong_contact|unclear,mistral_llm_schema_validated,main_body|contact_region|support_region|tip_regions|grip_bands|background|unclear,hand_on_main_body|hand_on_contact_region|body_on_support_region|floor_support|persistent_two_palm_line|no_contact|unclear,forced_choice_gate_only_no_continuous_pose_or_loss,,,
,stick,stage4,214,,,8.875000,anchor_update_check,/mnt/hdd/AudioHOI/samples_known_object/11_stick/results/benchmark_vlm_qwen/vlm/stage4/evidence/frame00214_anchor_update_check.png,/mnt/hdd/AudioHOI/samples_known_object/11_stick/results/benchmark_vlm_qwen/vlm/stage4/evidence/frame00214_anchor_update_check.png,before_after_anchor_update_overlay,"Using the visual guide in the image: brown render is the predicted stick, green line is the tracked visible stick, yellow circles are active palm contacts, and gray circles are inactive palms. Does the predicted stick preserve alignment with the green visible stick and the active yellow palm contacts without creating a wrong contact?",improvement|no_change|worse_overlay|wrong_contact|unclear,mistral_llm_schema_validated,main_body|contact_region|support_region|tip_regions|grip_bands|background|unclear,hand_on_main_body|hand_on_contact_region|body_on_support_region|floor_support|persistent_two_palm_line|no_contact|unclear,forced_choice_gate_only_no_continuous_pose_or_loss,,,
,stick,stage4,215,,,8.916667,anchor_update_check,/mnt/hdd/AudioHOI/samples_known_object/11_stick/results/benchmark_vlm_qwen/vlm/stage4/evidence/frame00215_anchor_update_check.png,/mnt/hdd/AudioHOI/samples_known_object/11_stick/results/benchmark_vlm_qwen/vlm/stage4/evidence/frame00215_anchor_update_check.png,before_after_anchor_update_overlay,"Using the visual guide in the image: brown render is the predicted stick, green line is the tracked visible stick, yellow circles are active palm contacts, and gray circles are inactive palms. Does the predicted stick preserve alignment with the green visible stick and the active yellow palm contacts without creating a wrong contact?",improvement|no_change|worse_overlay|wrong_contact|unclear,mistral_llm_schema_validated,main_body|contact_region|support_region|tip_regions|grip_bands|background|unclear,hand_on_main_body|hand_on_contact_region|body_on_support_region|floor_support|persistent_two_palm_line|no_contact|unclear,forced_choice_gate_only_no_continuous_pose_or_loss,,,
,stick,stage4,216,,,8.958333,anchor_update_check,/mnt/hdd/AudioHOI/samples_known_object/11_stick/results/benchmark_vlm_qwen/vlm/stage4/evidence/frame00216_anchor_update_check.png,/mnt/hdd/AudioHOI/samples_known_object/11_stick/results/benchmark_vlm_qwen/vlm/stage4/evidence/frame00216_anchor_update_check.png,before_after_anchor_update_overlay,"Using the visual guide in the image: brown render is the predicted stick, green line is the tracked visible stick, yellow circles are active palm contacts, and gray circles are inactive palms. Does the predicted stick preserve alignment with the green visible stick and the active yellow palm contacts without creating a wrong contact?",improvement|no_change|worse_overlay|wrong_contact|unclear,mistral_llm_schema_validated,main_body|contact_region|support_region|tip_regions|grip_bands|background|unclear,hand_on_main_body|hand_on_contact_region|body_on_support_region|floor_support|persistent_two_palm_line|no_contact|unclear,forced_choice_gate_only_no_continuous_pose_or_loss,,,
,stick,stage4,217,,,9.000000,anchor_update_check,/mnt/hdd/AudioHOI/samples_known_object/11_stick/results/benchmark_vlm_qwen/vlm/stage4/evidence/frame00217_anchor_update_check.png,/mnt/hdd/AudioHOI/samples_known_object/11_stick/results/benchmark_vlm_qwen/vlm/stage4/evidence/frame00217_anchor_update_check.png,before_after_anchor_update_overlay,"Using the visual guide in the image: brown render is the predicted stick, green line is the tracked visible stick, yellow circles are active palm contacts, and gray circles are inactive palms. Does the predicted stick preserve alignment with the green visible stick and the active yellow palm contacts without creating a wrong contact?",improvement|no_change|worse_overlay|wrong_contact|unclear,mistral_llm_schema_validated,main_body|contact_region|support_region|tip_regions|grip_bands|background|unclear,hand_on_main_body|hand_on_contact_region|body_on_support_region|floor_support|persistent_two_palm_line|no_contact|unclear,forced_choice_gate_only_no_continuous_pose_or_loss,,,
,stick,stage4,218,,,9.041667,anchor_update_check,/mnt/hdd/AudioHOI/samples_known_object/11_stick/results/benchmark_vlm_qwen/vlm/stage4/evidence/frame00218_anchor_update_check.png,/mnt/hdd/AudioHOI/samples_known_object/11_stick/results/benchmark_vlm_qwen/vlm/stage4/evidence/frame00218_anchor_update_check.png,before_after_anchor_update_overlay,"Using the visual guide in the image: brown render is the predicted stick, green line is the tracked visible stick, yellow circles are active palm contacts, and gray circles are inactive palms. Does the predicted stick preserve alignment with the green visible stick and the active yellow palm contacts without creating a wrong contact?",improvement|no_change|worse_overlay|wrong_contact|unclear,mistral_llm_schema_validated,main_body|contact_region|support_region|tip_regions|grip_bands|background|unclear,hand_on_main_body|hand_on_contact_region|body_on_support_region|floor_support|persistent_two_palm_line|no_contact|unclear,forced_choice_gate_only_no_continuous_pose_or_loss,,,
,stick,stage4,219,,,9.083333,anchor_update_check,/mnt/hdd/AudioHOI/samples_known_object/11_stick/results/benchmark_vlm_qwen/vlm/stage4/evidence/frame00219_anchor_update_check.png,/mnt/hdd/AudioHOI/samples_known_object/11_stick/results/benchmark_vlm_qwen/vlm/stage4/evidence/frame00219_anchor_update_check.png,before_after_anchor_update_overlay,"Using the visual guide in the image: brown render is the predicted stick, green line is the tracked visible stick, yellow circles are active palm contacts, and gray circles are inactive palms. Does the predicted stick preserve alignment with the green visible stick and the active yellow palm contacts without creating a wrong contact?",improvement|no_change|worse_overlay|wrong_contact|unclear,mistral_llm_schema_validated,main_body|contact_region|support_region|tip_regions|grip_bands|background|unclear,hand_on_main_body|hand_on_contact_region|body_on_support_region|floor_support|persistent_two_palm_line|no_contact|unclear,forced_choice_gate_only_no_continuous_pose_or_loss,,,
,stick,stage4,220,,,9.125000,anchor_update_check,/mnt/hdd/AudioHOI/samples_known_object/11_stick/results/benchmark_vlm_qwen/vlm/stage4/evidence/frame00220_anchor_update_check.png,/mnt/hdd/AudioHOI/samples_known_object/11_stick/results/benchmark_vlm_qwen/vlm/stage4/evidence/frame00220_anchor_update_check.png,before_after_anchor_update_overlay,"Using the visual guide in the image: brown render is the predicted stick, green line is the tracked visible stick, yellow circles are active palm contacts, and gray circles are inactive palms. Does the predicted stick preserve alignment with the green visible stick and the active yellow palm contacts without creating a wrong contact?",improvement|no_change|worse_overlay|wrong_contact|unclear,mistral_llm_schema_validated,main_body|contact_region|support_region|tip_regions|grip_bands|background|unclear,hand_on_main_body|hand_on_contact_region|body_on_support_region|floor_support|persistent_two_palm_line|no_contact|unclear,forced_choice_gate_only_no_continuous_pose_or_loss,,,
,stick,stage4,221,,,9.166667,anchor_update_check,/mnt/hdd/AudioHOI/samples_known_object/11_stick/results/benchmark_vlm_qwen/vlm/stage4/evidence/frame00221_anchor_update_check.png,/mnt/hdd/AudioHOI/samples_known_object/11_stick/results/benchmark_vlm_qwen/vlm/stage4/evidence/frame00221_anchor_update_check.png,before_after_anchor_update_overlay,"Using the visual guide in the image: brown render is the predicted stick, green line is the tracked visible stick, yellow circles are active palm contacts, and gray circles are inactive palms. Does the predicted stick preserve alignment with the green visible stick and the active yellow palm contacts without creating a wrong contact?",improvement|no_change|worse_overlay|wrong_contact|unclear,mistral_llm_schema_validated,main_body|contact_region|support_region|tip_regions|grip_bands|background|unclear,hand_on_main_body|hand_on_contact_region|body_on_support_region|floor_support|persistent_two_palm_line|no_contact|unclear,forced_choice_gate_only_no_continuous_pose_or_loss,,,
,stick,stage4,222,,,9.208333,anchor_update_check,/mnt/hdd/AudioHOI/samples_known_object/11_stick/results/benchmark_vlm_qwen/vlm/stage4/evidence/frame00222_anchor_update_check.png,/mnt/hdd/AudioHOI/samples_known_object/11_stick/results/benchmark_vlm_qwen/vlm/stage4/evidence/frame00222_anchor_update_check.png,before_after_anchor_update_overlay,"Using the visual guide in the image: brown render is the predicted stick, green line is the tracked visible stick, yellow circles are active palm contacts, and gray circles are inactive palms. Does the predicted stick preserve alignment with the green visible stick and the active yellow palm contacts without creating a wrong contact?",improvement|no_change|worse_overlay|wrong_contact|unclear,mistral_llm_schema_validated,main_body|contact_region|support_region|tip_regions|grip_bands|background|unclear,hand_on_main_body|hand_on_contact_region|body_on_support_region|floor_support|persistent_two_palm_line|no_contact|unclear,forced_choice_gate_only_no_continuous_pose_or_loss,,,
,stick,stage4,223,,,9.250000,anchor_update_check,/mnt/hdd/AudioHOI/samples_known_object/11_stick/results/benchmark_vlm_qwen/vlm/stage4/evidence/frame00223_anchor_update_check.png,/mnt/hdd/AudioHOI/samples_known_object/11_stick/results/benchmark_vlm_qwen/vlm/stage4/evidence/frame00223_anchor_update_check.png,before_after_anchor_update_overlay,"Using the visual guide in the image: brown render is the predicted stick, green line is the tracked visible stick, yellow circles are active palm contacts, and gray circles are inactive palms. Does the predicted stick preserve alignment with the green visible stick and the active yellow palm contacts without creating a wrong contact?",improvement|no_change|worse_overlay|wrong_contact|unclear,mistral_llm_schema_validated,main_body|contact_region|support_region|tip_regions|grip_bands|background|unclear,hand_on_main_body|hand_on_contact_region|body_on_support_region|floor_support|persistent_two_palm_line|no_contact|unclear,forced_choice_gate_only_no_continuous_pose_or_loss,,,
,stick,stage4,224,,,9.291667,anchor_update_check,/mnt/hdd/AudioHOI/samples_known_object/11_stick/results/benchmark_vlm_qwen/vlm/stage4/evidence/frame00224_anchor_update_check.png,/mnt/hdd/AudioHOI/samples_known_object/11_stick/results/benchmark_vlm_qwen/vlm/stage4/evidence/frame00224_anchor_update_check.png,before_after_anchor_update_overlay,"Using the visual guide in the image: brown render is the predicted stick, green line is the tracked visible stick, yellow circles are active palm contacts, and gray circles are inactive palms. Does the predicted stick preserve alignment with the green visible stick and the active yellow palm contacts without creating a wrong contact?",improvement|no_change|worse_overlay|wrong_contact|unclear,mistral_llm_schema_validated,main_body|contact_region|support_region|tip_regions|grip_bands|background|unclear,hand_on_main_body|hand_on_contact_region|body_on_support_region|floor_support|persistent_two_palm_line|no_contact|unclear,forced_choice_gate_only_no_continuous_pose_or_loss,,,
,stick,stage4,225,,,9.333333,anchor_update_check,/mnt/hdd/AudioHOI/samples_known_object/11_stick/results/benchmark_vlm_qwen/vlm/stage4/evidence/frame00225_anchor_update_check.png,/mnt/hdd/AudioHOI/samples_known_object/11_stick/results/benchmark_vlm_qwen/vlm/stage4/evidence/frame00225_anchor_update_check.png,before_after_anchor_update_overlay,"Using the visual guide in the image: brown render is the predicted stick, green line is the tracked visible stick, yellow circles are active palm contacts, and gray circles are inactive palms. Does the predicted stick preserve alignment with the green visible stick and the active yellow palm contacts without creating a wrong contact?",improvement|no_change|worse_overlay|wrong_contact|unclear,mistral_llm_schema_validated,main_body|contact_region|support_region|tip_regions|grip_bands|background|unclear,hand_on_main_body|hand_on_contact_region|body_on_support_region|floor_support|persistent_two_palm_line|no_contact|unclear,forced_choice_gate_only_no_continuous_pose_or_loss,,,
,stick,stage4,226,,,9.375000,anchor_update_check,/mnt/hdd/AudioHOI/samples_known_object/11_stick/results/benchmark_vlm_qwen/vlm/stage4/evidence/frame00226_anchor_update_check.png,/mnt/hdd/AudioHOI/samples_known_object/11_stick/results/benchmark_vlm_qwen/vlm/stage4/evidence/frame00226_anchor_update_check.png,before_after_anchor_update_overlay,"Using the visual guide in the image: brown render is the predicted stick, green line is the tracked visible stick, yellow circles are active palm contacts, and gray circles are inactive palms. Does the predicted stick preserve alignment with the green visible stick and the active yellow palm contacts without creating a wrong contact?",improvement|no_change|worse_overlay|wrong_contact|unclear,mistral_llm_schema_validated,main_body|contact_region|support_region|tip_regions|grip_bands|background|unclear,hand_on_main_body|hand_on_contact_region|body_on_support_region|floor_support|persistent_two_palm_line|no_contact|unclear,forced_choice_gate_only_no_continuous_pose_or_loss,,,
,stick,stage4,227,,,9.416667,anchor_update_check,/mnt/hdd/AudioHOI/samples_known_object/11_stick/results/benchmark_vlm_qwen/vlm/stage4/evidence/frame00227_anchor_update_check.png,/mnt/hdd/AudioHOI/samples_known_object/11_stick/results/benchmark_vlm_qwen/vlm/stage4/evidence/frame00227_anchor_update_check.png,before_after_anchor_update_overlay,"Using the visual guide in the image: brown render is the predicted stick, green line is the tracked visible stick, yellow circles are active palm contacts, and gray circles are inactive palms. Does the predicted stick preserve alignment with the green visible stick and the active yellow palm contacts without creating a wrong contact?",improvement|no_change|worse_overlay|wrong_contact|unclear,mistral_llm_schema_validated,main_body|contact_region|support_region|tip_regions|grip_bands|background|unclear,hand_on_main_body|hand_on_contact_region|body_on_support_region|floor_support|persistent_two_palm_line|no_contact|unclear,forced_choice_gate_only_no_continuous_pose_or_loss,,,
,stick,stage4,228,,,9.458333,anchor_update_check,/mnt/hdd/AudioHOI/samples_known_object/11_stick/results/benchmark_vlm_qwen/vlm/stage4/evidence/frame00228_anchor_update_check.png,/mnt/hdd/AudioHOI/samples_known_object/11_stick/results/benchmark_vlm_qwen/vlm/stage4/evidence/frame00228_anchor_update_check.png,before_after_anchor_update_overlay,"Using the visual guide in the image: brown render is the predicted stick, green line is the tracked visible stick, yellow circles are active palm contacts, and gray circles are inactive palms. Does the predicted stick preserve alignment with the green visible stick and the active yellow palm contacts without creating a wrong contact?",improvement|no_change|worse_overlay|wrong_contact|unclear,mistral_llm_schema_validated,main_body|contact_region|support_region|tip_regions|grip_bands|background|unclear,hand_on_main_body|hand_on_contact_region|body_on_support_region|floor_support|persistent_two_palm_line|no_contact|unclear,forced_choice_gate_only_no_continuous_pose_or_loss,,,
,stick,stage4,229,,,9.500000,anchor_update_check,/mnt/hdd/AudioHOI/samples_known_object/11_stick/results/benchmark_vlm_qwen/vlm/stage4/evidence/frame00229_anchor_update_check.png,/mnt/hdd/AudioHOI/samples_known_object/11_stick/results/benchmark_vlm_qwen/vlm/stage4/evidence/frame00229_anchor_update_check.png,before_after_anchor_update_overlay,"Using the visual guide in the image: brown render is the predicted stick, green line is the tracked visible stick, yellow circles are active palm contacts, and gray circles are inactive palms. Does the predicted stick preserve alignment with the green visible stick and the active yellow palm contacts without creating a wrong contact?",improvement|no_change|worse_overlay|wrong_contact|unclear,mistral_llm_schema_validated,main_body|contact_region|support_region|tip_regions|grip_bands|background|unclear,hand_on_main_body|hand_on_contact_region|body_on_support_region|floor_support|persistent_two_palm_line|no_contact|unclear,forced_choice_gate_only_no_continuous_pose_or_loss,,,
,stick,stage4,230,,,9.541667,anchor_update_check,/mnt/hdd/AudioHOI/samples_known_object/11_stick/results/benchmark_vlm_qwen/vlm/stage4/evidence/frame00230_anchor_update_check.png,/mnt/hdd/AudioHOI/samples_known_object/11_stick/results/benchmark_vlm_qwen/vlm/stage4/evidence/frame00230_anchor_update_check.png,before_after_anchor_update_overlay,"Using the visual guide in the image: brown render is the predicted stick, green line is the tracked visible stick, yellow circles are active palm contacts, and gray circles are inactive palms. Does the predicted stick preserve alignment with the green visible stick and the active yellow palm contacts without creating a wrong contact?",improvement|no_change|worse_overlay|wrong_contact|unclear,mistral_llm_schema_validated,main_body|contact_region|support_region|tip_regions|grip_bands|background|unclear,hand_on_main_body|hand_on_contact_region|body_on_support_region|floor_support|persistent_two_palm_line|no_contact|unclear,forced_choice_gate_only_no_continuous_pose_or_loss,,,
,stick,stage4,231,,,9.583333,anchor_update_check,/mnt/hdd/AudioHOI/samples_known_object/11_stick/results/benchmark_vlm_qwen/vlm/stage4/evidence/frame00231_anchor_update_check.png,/mnt/hdd/AudioHOI/samples_known_object/11_stick/results/benchmark_vlm_qwen/vlm/stage4/evidence/frame00231_anchor_update_check.png,before_after_anchor_update_overlay,"Using the visual guide in the image: brown render is the predicted stick, green line is the tracked visible stick, yellow circles are active palm contacts, and gray circles are inactive palms. Does the predicted stick preserve alignment with the green visible stick and the active yellow palm contacts without creating a wrong contact?",improvement|no_change|worse_overlay|wrong_contact|unclear,mistral_llm_schema_validated,main_body|contact_region|support_region|tip_regions|grip_bands|background|unclear,hand_on_main_body|hand_on_contact_region|body_on_support_region|floor_support|persistent_two_palm_line|no_contact|unclear,forced_choice_gate_only_no_continuous_pose_or_loss,,,
,stick,stage4,232,,,9.625000,anchor_update_check,/mnt/hdd/AudioHOI/samples_known_object/11_stick/results/benchmark_vlm_qwen/vlm/stage4/evidence/frame00232_anchor_update_check.png,/mnt/hdd/AudioHOI/samples_known_object/11_stick/results/benchmark_vlm_qwen/vlm/stage4/evidence/frame00232_anchor_update_check.png,before_after_anchor_update_overlay,"Using the visual guide in the image: brown render is the predicted stick, green line is the tracked visible stick, yellow circles are active palm contacts, and gray circles are inactive palms. Does the predicted stick preserve alignment with the green visible stick and the active yellow palm contacts without creating a wrong contact?",improvement|no_change|worse_overlay|wrong_contact|unclear,mistral_llm_schema_validated,main_body|contact_region|support_region|tip_regions|grip_bands|background|unclear,hand_on_main_body|hand_on_contact_region|body_on_support_region|floor_support|persistent_two_palm_line|no_contact|unclear,forced_choice_gate_only_no_continuous_pose_or_loss,,,
,stick,stage4,233,,,9.666667,anchor_update_check,/mnt/hdd/AudioHOI/samples_known_object/11_stick/results/benchmark_vlm_qwen/vlm/stage4/evidence/frame00233_anchor_update_check.png,/mnt/hdd/AudioHOI/samples_known_object/11_stick/results/benchmark_vlm_qwen/vlm/stage4/evidence/frame00233_anchor_update_check.png,before_after_anchor_update_overlay,"Using the visual guide in the image: brown render is the predicted stick, green line is the tracked visible stick, yellow circles are active palm contacts, and gray circles are inactive palms. Does the predicted stick preserve alignment with the green visible stick and the active yellow palm contacts without creating a wrong contact?",improvement|no_change|worse_overlay|wrong_contact|unclear,mistral_llm_schema_validated,main_body|contact_region|support_region|tip_regions|grip_bands|background|unclear,hand_on_main_body|hand_on_contact_region|body_on_support_region|floor_support|persistent_two_palm_line|no_contact|unclear,forced_choice_gate_only_no_continuous_pose_or_loss,,,
,stick,stage4,234,,,9.708333,anchor_update_check,/mnt/hdd/AudioHOI/samples_known_object/11_stick/results/benchmark_vlm_qwen/vlm/stage4/evidence/frame00234_anchor_update_check.png,/mnt/hdd/AudioHOI/samples_known_object/11_stick/results/benchmark_vlm_qwen/vlm/stage4/evidence/frame00234_anchor_update_check.png,before_after_anchor_update_overlay,"Using the visual guide in the image: brown render is the predicted stick, green line is the tracked visible stick, yellow circles are active palm contacts, and gray circles are inactive palms. Does the predicted stick preserve alignment with the green visible stick and the active yellow palm contacts without creating a wrong contact?",improvement|no_change|worse_overlay|wrong_contact|unclear,mistral_llm_schema_validated,main_body|contact_region|support_region|tip_regions|grip_bands|background|unclear,hand_on_main_body|hand_on_contact_region|body_on_support_region|floor_support|persistent_two_palm_line|no_contact|unclear,forced_choice_gate_only_no_continuous_pose_or_loss,,,
,stick,stage4,235,,,9.750000,anchor_update_check,/mnt/hdd/AudioHOI/samples_known_object/11_stick/results/benchmark_vlm_qwen/vlm/stage4/evidence/frame00235_anchor_update_check.png,/mnt/hdd/AudioHOI/samples_known_object/11_stick/results/benchmark_vlm_qwen/vlm/stage4/evidence/frame00235_anchor_update_check.png,before_after_anchor_update_overlay,"Using the visual guide in the image: brown render is the predicted stick, green line is the tracked visible stick, yellow circles are active palm contacts, and gray circles are inactive palms. Does the predicted stick preserve alignment with the green visible stick and the active yellow palm contacts without creating a wrong contact?",improvement|no_change|worse_overlay|wrong_contact|unclear,mistral_llm_schema_validated,main_body|contact_region|support_region|tip_regions|grip_bands|background|unclear,hand_on_main_body|hand_on_contact_region|body_on_support_region|floor_support|persistent_two_palm_line|no_contact|unclear,forced_choice_gate_only_no_continuous_pose_or_loss,,,
,stick,stage4,236,,,9.791667,anchor_update_check,/mnt/hdd/AudioHOI/samples_known_object/11_stick/results/benchmark_vlm_qwen/vlm/stage4/evidence/frame00236_anchor_update_check.png,/mnt/hdd/AudioHOI/samples_known_object/11_stick/results/benchmark_vlm_qwen/vlm/stage4/evidence/frame00236_anchor_update_check.png,before_after_anchor_update_overlay,"Using the visual guide in the image: brown render is the predicted stick, green line is the tracked visible stick, yellow circles are active palm contacts, and gray circles are inactive palms. Does the predicted stick preserve alignment with the green visible stick and the active yellow palm contacts without creating a wrong contact?",improvement|no_change|worse_overlay|wrong_contact|unclear,mistral_llm_schema_validated,main_body|contact_region|support_region|tip_regions|grip_bands|background|unclear,hand_on_main_body|hand_on_contact_region|body_on_support_region|floor_support|persistent_two_palm_line|no_contact|unclear,forced_choice_gate_only_no_continuous_pose_or_loss,,,
,stick,stage4,237,,,9.833333,anchor_update_check,/mnt/hdd/AudioHOI/samples_known_object/11_stick/results/benchmark_vlm_qwen/vlm/stage4/evidence/frame00237_anchor_update_check.png,/mnt/hdd/AudioHOI/samples_known_object/11_stick/results/benchmark_vlm_qwen/vlm/stage4/evidence/frame00237_anchor_update_check.png,before_after_anchor_update_overlay,"Using the visual guide in the image: brown render is the predicted stick, green line is the tracked visible stick, yellow circles are active palm contacts, and gray circles are inactive palms. Does the predicted stick preserve alignment with the green visible stick and the active yellow palm contacts without creating a wrong contact?",improvement|no_change|worse_overlay|wrong_contact|unclear,mistral_llm_schema_validated,main_body|contact_region|support_region|tip_regions|grip_bands|background|unclear,hand_on_main_body|hand_on_contact_region|body_on_support_region|floor_support|persistent_two_palm_line|no_contact|unclear,forced_choice_gate_only_no_continuous_pose_or_loss,,,
,stick,stage4,238,,,9.875000,anchor_update_check,/mnt/hdd/AudioHOI/samples_known_object/11_stick/results/benchmark_vlm_qwen/vlm/stage4/evidence/frame00238_anchor_update_check.png,/mnt/hdd/AudioHOI/samples_known_object/11_stick/results/benchmark_vlm_qwen/vlm/stage4/evidence/frame00238_anchor_update_check.png,before_after_anchor_update_overlay,"Using the visual guide in the image: brown render is the predicted stick, green line is the tracked visible stick, yellow circles are active palm contacts, and gray circles are inactive palms. Does the predicted stick preserve alignment with the green visible stick and the active yellow palm contacts without creating a wrong contact?",improvement|no_change|worse_overlay|wrong_contact|unclear,mistral_llm_schema_validated,main_body|contact_region|support_region|tip_regions|grip_bands|background|unclear,hand_on_main_body|hand_on_contact_region|body_on_support_region|floor_support|persistent_two_palm_line|no_contact|unclear,forced_choice_gate_only_no_continuous_pose_or_loss,,,
,stick,stage4,239,,,9.916667,anchor_update_check,/mnt/hdd/AudioHOI/samples_known_object/11_stick/results/benchmark_vlm_qwen/vlm/stage4/evidence/frame00239_anchor_update_check.png,/mnt/hdd/AudioHOI/samples_known_object/11_stick/results/benchmark_vlm_qwen/vlm/stage4/evidence/frame00239_anchor_update_check.png,before_after_anchor_update_overlay,"Using the visual guide in the image: brown render is the predicted stick, green line is the tracked visible stick, yellow circles are active palm contacts, and gray circles are inactive palms. Does the predicted stick preserve alignment with the green visible stick and the active yellow palm contacts without creating a wrong contact?",improvement|no_change|worse_overlay|wrong_contact|unclear,mistral_llm_schema_validated,main_body|contact_region|support_region|tip_regions|grip_bands|background|unclear,hand_on_main_body|hand_on_contact_region|body_on_support_region|floor_support|persistent_two_palm_line|no_contact|unclear,forced_choice_gate_only_no_continuous_pose_or_loss,,,
,stick,stage4,240,,,9.958333,anchor_update_check,/mnt/hdd/AudioHOI/samples_known_object/11_stick/results/benchmark_vlm_qwen/vlm/stage4/evidence/frame00240_anchor_update_check.png,/mnt/hdd/AudioHOI/samples_known_object/11_stick/results/benchmark_vlm_qwen/vlm/stage4/evidence/frame00240_anchor_update_check.png,before_after_anchor_update_overlay,"Using the visual guide in the image: brown render is the predicted stick, green line is the tracked visible stick, yellow circles are active palm contacts, and gray circles are inactive palms. Does the predicted stick preserve alignment with the green visible stick and the active yellow palm contacts without creating a wrong contact?",improvement|no_change|worse_overlay|wrong_contact|unclear,mistral_llm_schema_validated,main_body|contact_region|support_region|tip_regions|grip_bands|background|unclear,hand_on_main_body|hand_on_contact_region|body_on_support_region|floor_support|persistent_two_palm_line|no_contact|unclear,forced_choice_gate_only_no_continuous_pose_or_loss,,,
,stick,stage4,1,,,0.000000,temporal_motion_check,/mnt/hdd/AudioHOI/samples_known_object/11_stick/results/benchmark_vlm_qwen/vlm/stage4/evidence/frame00001_temporal_motion_check.png,/mnt/hdd/AudioHOI/samples_known_object/11_stick/results/benchmark_vlm_qwen/vlm/stage4/evidence/frame00001_temporal_motion_check.png,temporal_triplet_overlay,"In the three-panel neighboring-frame view, do the brown predicted stick and green tracked stick move consistently without sudden jumps, wrong-object tracking, or physically implausible motion?",consistent|jumps_unnaturally|wrong_object_tracking|physically_implausible|unclear,mistral_llm_schema_validated,main_body|contact_region|support_region|tip_regions|grip_bands|background|unclear,hand_on_main_body|hand_on_contact_region|body_on_support_region|floor_support|persistent_two_palm_line|no_contact|unclear,forced_choice_gate_only_no_continuous_pose_or_loss,,,
,stick,stage4,2,,,0.041667,temporal_motion_check,/mnt/hdd/AudioHOI/samples_known_object/11_stick/results/benchmark_vlm_qwen/vlm/stage4/evidence/frame00002_temporal_motion_check.png,/mnt/hdd/AudioHOI/samples_known_object/11_stick/results/benchmark_vlm_qwen/vlm/stage4/evidence/frame00002_temporal_motion_check.png,temporal_triplet_overlay,"In the three-panel neighboring-frame view, do the brown predicted stick and green tracked stick move consistently without sudden jumps, wrong-object tracking, or physically implausible motion?",consistent|jumps_unnaturally|wrong_object_tracking|physically_implausible|unclear,mistral_llm_schema_validated,main_body|contact_region|support_region|tip_regions|grip_bands|background|unclear,hand_on_main_body|hand_on_contact_region|body_on_support_region|floor_support|persistent_two_palm_line|no_contact|unclear,forced_choice_gate_only_no_continuous_pose_or_loss,,,
,stick,stage4,3,,,0.083333,temporal_motion_check,/mnt/hdd/AudioHOI/samples_known_object/11_stick/results/benchmark_vlm_qwen/vlm/stage4/evidence/frame00003_temporal_motion_check.png,/mnt/hdd/AudioHOI/samples_known_object/11_stick/results/benchmark_vlm_qwen/vlm/stage4/evidence/frame00003_temporal_motion_check.png,temporal_triplet_overlay,"In the three-panel neighboring-frame view, do the brown predicted stick and green tracked stick move consistently without sudden jumps, wrong-object tracking, or physically implausible motion?",consistent|jumps_unnaturally|wrong_object_tracking|physically_implausible|unclear,mistral_llm_schema_validated,main_body|contact_region|support_region|tip_regions|grip_bands|background|unclear,hand_on_main_body|hand_on_contact_region|body_on_support_region|floor_support|persistent_two_palm_line|no_contact|unclear,forced_choice_gate_only_no_continuous_pose_or_loss,,,
,stick,stage4,4,,,0.125000,temporal_motion_check,/mnt/hdd/AudioHOI/samples_known_object/11_stick/results/benchmark_vlm_qwen/vlm/stage4/evidence/frame00004_temporal_motion_check.png,/mnt/hdd/AudioHOI/samples_known_object/11_stick/results/benchmark_vlm_qwen/vlm/stage4/evidence/frame00004_temporal_motion_check.png,temporal_triplet_overlay,"In the three-panel neighboring-frame view, do the brown predicted stick and green tracked stick move consistently without sudden jumps, wrong-object tracking, or physically implausible motion?",consistent|jumps_unnaturally|wrong_object_tracking|physically_implausible|unclear,mistral_llm_schema_validated,main_body|contact_region|support_region|tip_regions|grip_bands|background|unclear,hand_on_main_body|hand_on_contact_region|body_on_support_region|floor_support|persistent_two_palm_line|no_contact|unclear,forced_choice_gate_only_no_continuous_pose_or_loss,,,
,stick,stage4,5,,,0.166667,temporal_motion_check,/mnt/hdd/AudioHOI/samples_known_object/11_stick/results/benchmark_vlm_qwen/vlm/stage4/evidence/frame00005_temporal_motion_check.png,/mnt/hdd/AudioHOI/samples_known_object/11_stick/results/benchmark_vlm_qwen/vlm/stage4/evidence/frame00005_temporal_motion_check.png,temporal_triplet_overlay,"In the three-panel neighboring-frame view, do the brown predicted stick and green tracked stick move consistently without sudden jumps, wrong-object tracking, or physically implausible motion?",consistent|jumps_unnaturally|wrong_object_tracking|physically_implausible|unclear,mistral_llm_schema_validated,main_body|contact_region|support_region|tip_regions|grip_bands|background|unclear,hand_on_main_body|hand_on_contact_region|body_on_support_region|floor_support|persistent_two_palm_line|no_contact|unclear,forced_choice_gate_only_no_continuous_pose_or_loss,,,
,stick,stage4,6,,,0.208333,temporal_motion_check,/mnt/hdd/AudioHOI/samples_known_object/11_stick/results/benchmark_vlm_qwen/vlm/stage4/evidence/frame00006_temporal_motion_check.png,/mnt/hdd/AudioHOI/samples_known_object/11_stick/results/benchmark_vlm_qwen/vlm/stage4/evidence/frame00006_temporal_motion_check.png,temporal_triplet_overlay,"In the three-panel neighboring-frame view, do the brown predicted stick and green tracked stick move consistently without sudden jumps, wrong-object tracking, or physically implausible motion?",consistent|jumps_unnaturally|wrong_object_tracking|physically_implausible|unclear,mistral_llm_schema_validated,main_body|contact_region|support_region|tip_regions|grip_bands|background|unclear,hand_on_main_body|hand_on_contact_region|body_on_support_region|floor_support|persistent_two_palm_line|no_contact|unclear,forced_choice_gate_only_no_continuous_pose_or_loss,,,
,stick,stage4,7,,,0.250000,temporal_motion_check,/mnt/hdd/AudioHOI/samples_known_object/11_stick/results/benchmark_vlm_qwen/vlm/stage4/evidence/frame00007_temporal_motion_check.png,/mnt/hdd/AudioHOI/samples_known_object/11_stick/results/benchmark_vlm_qwen/vlm/stage4/evidence/frame00007_temporal_motion_check.png,temporal_triplet_overlay,"In the three-panel neighboring-frame view, do the brown predicted stick and green tracked stick move consistently without sudden jumps, wrong-object tracking, or physically implausible motion?",consistent|jumps_unnaturally|wrong_object_tracking|physically_implausible|unclear,mistral_llm_schema_validated,main_body|contact_region|support_region|tip_regions|grip_bands|background|unclear,hand_on_main_body|hand_on_contact_region|body_on_support_region|floor_support|persistent_two_palm_line|no_contact|unclear,forced_choice_gate_only_no_continuous_pose_or_loss,,,
,stick,stage4,8,,,0.291667,temporal_motion_check,/mnt/hdd/AudioHOI/samples_known_object/11_stick/results/benchmark_vlm_qwen/vlm/stage4/evidence/frame00008_temporal_motion_check.png,/mnt/hdd/AudioHOI/samples_known_object/11_stick/results/benchmark_vlm_qwen/vlm/stage4/evidence/frame00008_temporal_motion_check.png,temporal_triplet_overlay,"In the three-panel neighboring-frame view, do the brown predicted stick and green tracked stick move consistently without sudden jumps, wrong-object tracking, or physically implausible motion?",consistent|jumps_unnaturally|wrong_object_tracking|physically_implausible|unclear,mistral_llm_schema_validated,main_body|contact_region|support_region|tip_regions|grip_bands|background|unclear,hand_on_main_body|hand_on_contact_region|body_on_support_region|floor_support|persistent_two_palm_line|no_contact|unclear,forced_choice_gate_only_no_continuous_pose_or_loss,,,
,stick,stage4,9,,,0.333333,temporal_motion_check,/mnt/hdd/AudioHOI/samples_known_object/11_stick/results/benchmark_vlm_qwen/vlm/stage4/evidence/frame00009_temporal_motion_check.png,/mnt/hdd/AudioHOI/samples_known_object/11_stick/results/benchmark_vlm_qwen/vlm/stage4/evidence/frame00009_temporal_motion_check.png,temporal_triplet_overlay,"In the three-panel neighboring-frame view, do the brown predicted stick and green tracked stick move consistently without sudden jumps, wrong-object tracking, or physically implausible motion?",consistent|jumps_unnaturally|wrong_object_tracking|physically_implausible|unclear,mistral_llm_schema_validated,main_body|contact_region|support_region|tip_regions|grip_bands|background|unclear,hand_on_main_body|hand_on_contact_region|body_on_support_region|floor_support|persistent_two_palm_line|no_contact|unclear,forced_choice_gate_only_no_continuous_pose_or_loss,,,
,stick,stage4,10,,,0.375000,temporal_motion_check,/mnt/hdd/AudioHOI/samples_known_object/11_stick/results/benchmark_vlm_qwen/vlm/stage4/evidence/frame00010_temporal_motion_check.png,/mnt/hdd/AudioHOI/samples_known_object/11_stick/results/benchmark_vlm_qwen/vlm/stage4/evidence/frame00010_temporal_motion_check.png,temporal_triplet_overlay,"In the three-panel neighboring-frame view, do the brown predicted stick and green tracked stick move consistently without sudden jumps, wrong-object tracking, or physically implausible motion?",consistent|jumps_unnaturally|wrong_object_tracking|physically_implausible|unclear,mistral_llm_schema_validated,main_body|contact_region|support_region|tip_regions|grip_bands|background|unclear,hand_on_main_body|hand_on_contact_region|body_on_support_region|floor_support|persistent_two_palm_line|no_contact|unclear,forced_choice_gate_only_no_continuous_pose_or_loss,,,
,stick,stage4,11,,,0.416667,temporal_motion_check,/mnt/hdd/AudioHOI/samples_known_object/11_stick/results/benchmark_vlm_qwen/vlm/stage4/evidence/frame00011_temporal_motion_check.png,/mnt/hdd/AudioHOI/samples_known_object/11_stick/results/benchmark_vlm_qwen/vlm/stage4/evidence/frame00011_temporal_motion_check.png,temporal_triplet_overlay,"In the three-panel neighboring-frame view, do the brown predicted stick and green tracked stick move consistently without sudden jumps, wrong-object tracking, or physically implausible motion?",consistent|jumps_unnaturally|wrong_object_tracking|physically_implausible|unclear,mistral_llm_schema_validated,main_body|contact_region|support_region|tip_regions|grip_bands|background|unclear,hand_on_main_body|hand_on_contact_region|body_on_support_region|floor_support|persistent_two_palm_line|no_contact|unclear,forced_choice_gate_only_no_continuous_pose_or_loss,,,
,stick,stage4,12,,,0.458333,temporal_motion_check,/mnt/hdd/AudioHOI/samples_known_object/11_stick/results/benchmark_vlm_qwen/vlm/stage4/evidence/frame00012_temporal_motion_check.png,/mnt/hdd/AudioHOI/samples_known_object/11_stick/results/benchmark_vlm_qwen/vlm/stage4/evidence/frame00012_temporal_motion_check.png,temporal_triplet_overlay,"In the three-panel neighboring-frame view, do the brown predicted stick and green tracked stick move consistently without sudden jumps, wrong-object tracking, or physically implausible motion?",consistent|jumps_unnaturally|wrong_object_tracking|physically_implausible|unclear,mistral_llm_schema_validated,main_body|contact_region|support_region|tip_regions|grip_bands|background|unclear,hand_on_main_body|hand_on_contact_region|body_on_support_region|floor_support|persistent_two_palm_line|no_contact|unclear,forced_choice_gate_only_no_continuous_pose_or_loss,,,
,stick,stage4,13,,,0.500000,temporal_motion_check,/mnt/hdd/AudioHOI/samples_known_object/11_stick/results/benchmark_vlm_qwen/vlm/stage4/evidence/frame00013_temporal_motion_check.png,/mnt/hdd/AudioHOI/samples_known_object/11_stick/results/benchmark_vlm_qwen/vlm/stage4/evidence/frame00013_temporal_motion_check.png,temporal_triplet_overlay,"In the three-panel neighboring-frame view, do the brown predicted stick and green tracked stick move consistently without sudden jumps, wrong-object tracking, or physically implausible motion?",consistent|jumps_unnaturally|wrong_object_tracking|physically_implausible|unclear,mistral_llm_schema_validated,main_body|contact_region|support_region|tip_regions|grip_bands|background|unclear,hand_on_main_body|hand_on_contact_region|body_on_support_region|floor_support|persistent_two_palm_line|no_contact|unclear,forced_choice_gate_only_no_continuous_pose_or_loss,,,
,stick,stage4,14,,,0.541667,temporal_motion_check,/mnt/hdd/AudioHOI/samples_known_object/11_stick/results/benchmark_vlm_qwen/vlm/stage4/evidence/frame00014_temporal_motion_check.png,/mnt/hdd/AudioHOI/samples_known_object/11_stick/results/benchmark_vlm_qwen/vlm/stage4/evidence/frame00014_temporal_motion_check.png,temporal_triplet_overlay,"In the three-panel neighboring-frame view, do the brown predicted stick and green tracked stick move consistently without sudden jumps, wrong-object tracking, or physically implausible motion?",consistent|jumps_unnaturally|wrong_object_tracking|physically_implausible|unclear,mistral_llm_schema_validated,main_body|contact_region|support_region|tip_regions|grip_bands|background|unclear,hand_on_main_body|hand_on_contact_region|body_on_support_region|floor_support|persistent_two_palm_line|no_contact|unclear,forced_choice_gate_only_no_continuous_pose_or_loss,,,
,stick,stage4,15,,,0.583333,temporal_motion_check,/mnt/hdd/AudioHOI/samples_known_object/11_stick/results/benchmark_vlm_qwen/vlm/stage4/evidence/frame00015_temporal_motion_check.png,/mnt/hdd/AudioHOI/samples_known_object/11_stick/results/benchmark_vlm_qwen/vlm/stage4/evidence/frame00015_temporal_motion_check.png,temporal_triplet_overlay,"In the three-panel neighboring-frame view, do the brown predicted stick and green tracked stick move consistently without sudden jumps, wrong-object tracking, or physically implausible motion?",consistent|jumps_unnaturally|wrong_object_tracking|physically_implausible|unclear,mistral_llm_schema_validated,main_body|contact_region|support_region|tip_regions|grip_bands|background|unclear,hand_on_main_body|hand_on_contact_region|body_on_support_region|floor_support|persistent_two_palm_line|no_contact|unclear,forced_choice_gate_only_no_continuous_pose_or_loss,,,
,stick,stage4,16,,,0.625000,temporal_motion_check,/mnt/hdd/AudioHOI/samples_known_object/11_stick/results/benchmark_vlm_qwen/vlm/stage4/evidence/frame00016_temporal_motion_check.png,/mnt/hdd/AudioHOI/samples_known_object/11_stick/results/benchmark_vlm_qwen/vlm/stage4/evidence/frame00016_temporal_motion_check.png,temporal_triplet_overlay,"In the three-panel neighboring-frame view, do the brown predicted stick and green tracked stick move consistently without sudden jumps, wrong-object tracking, or physically implausible motion?",consistent|jumps_unnaturally|wrong_object_tracking|physically_implausible|unclear,mistral_llm_schema_validated,main_body|contact_region|support_region|tip_regions|grip_bands|background|unclear,hand_on_main_body|hand_on_contact_region|body_on_support_region|floor_support|persistent_two_palm_line|no_contact|unclear,forced_choice_gate_only_no_continuous_pose_or_loss,,,
,stick,stage4,17,,,0.666667,temporal_motion_check,/mnt/hdd/AudioHOI/samples_known_object/11_stick/results/benchmark_vlm_qwen/vlm/stage4/evidence/frame00017_temporal_motion_check.png,/mnt/hdd/AudioHOI/samples_known_object/11_stick/results/benchmark_vlm_qwen/vlm/stage4/evidence/frame00017_temporal_motion_check.png,temporal_triplet_overlay,"In the three-panel neighboring-frame view, do the brown predicted stick and green tracked stick move consistently without sudden jumps, wrong-object tracking, or physically implausible motion?",consistent|jumps_unnaturally|wrong_object_tracking|physically_implausible|unclear,mistral_llm_schema_validated,main_body|contact_region|support_region|tip_regions|grip_bands|background|unclear,hand_on_main_body|hand_on_contact_region|body_on_support_region|floor_support|persistent_two_palm_line|no_contact|unclear,forced_choice_gate_only_no_continuous_pose_or_loss,,,
,stick,stage4,18,,,0.708333,temporal_motion_check,/mnt/hdd/AudioHOI/samples_known_object/11_stick/results/benchmark_vlm_qwen/vlm/stage4/evidence/frame00018_temporal_motion_check.png,/mnt/hdd/AudioHOI/samples_known_object/11_stick/results/benchmark_vlm_qwen/vlm/stage4/evidence/frame00018_temporal_motion_check.png,temporal_triplet_overlay,"In the three-panel neighboring-frame view, do the brown predicted stick and green tracked stick move consistently without sudden jumps, wrong-object tracking, or physically implausible motion?",consistent|jumps_unnaturally|wrong_object_tracking|physically_implausible|unclear,mistral_llm_schema_validated,main_body|contact_region|support_region|tip_regions|grip_bands|background|unclear,hand_on_main_body|hand_on_contact_region|body_on_support_region|floor_support|persistent_two_palm_line|no_contact|unclear,forced_choice_gate_only_no_continuous_pose_or_loss,,,
,stick,stage4,19,,,0.750000,temporal_motion_check,/mnt/hdd/AudioHOI/samples_known_object/11_stick/results/benchmark_vlm_qwen/vlm/stage4/evidence/frame00019_temporal_motion_check.png,/mnt/hdd/AudioHOI/samples_known_object/11_stick/results/benchmark_vlm_qwen/vlm/stage4/evidence/frame00019_temporal_motion_check.png,temporal_triplet_overlay,"In the three-panel neighboring-frame view, do the brown predicted stick and green tracked stick move consistently without sudden jumps, wrong-object tracking, or physically implausible motion?",consistent|jumps_unnaturally|wrong_object_tracking|physically_implausible|unclear,mistral_llm_schema_validated,main_body|contact_region|support_region|tip_regions|grip_bands|background|unclear,hand_on_main_body|hand_on_contact_region|body_on_support_region|floor_support|persistent_two_palm_line|no_contact|unclear,forced_choice_gate_only_no_continuous_pose_or_loss,,,
,stick,stage4,20,,,0.791667,temporal_motion_check,/mnt/hdd/AudioHOI/samples_known_object/11_stick/results/benchmark_vlm_qwen/vlm/stage4/evidence/frame00020_temporal_motion_check.png,/mnt/hdd/AudioHOI/samples_known_object/11_stick/results/benchmark_vlm_qwen/vlm/stage4/evidence/frame00020_temporal_motion_check.png,temporal_triplet_overlay,"In the three-panel neighboring-frame view, do the brown predicted stick and green tracked stick move consistently without sudden jumps, wrong-object tracking, or physically implausible motion?",consistent|jumps_unnaturally|wrong_object_tracking|physically_implausible|unclear,mistral_llm_schema_validated,main_body|contact_region|support_region|tip_regions|grip_bands|background|unclear,hand_on_main_body|hand_on_contact_region|body_on_support_region|floor_support|persistent_two_palm_line|no_contact|unclear,forced_choice_gate_only_no_continuous_pose_or_loss,,,
,stick,stage4,21,,,0.833333,temporal_motion_check,/mnt/hdd/AudioHOI/samples_known_object/11_stick/results/benchmark_vlm_qwen/vlm/stage4/evidence/frame00021_temporal_motion_check.png,/mnt/hdd/AudioHOI/samples_known_object/11_stick/results/benchmark_vlm_qwen/vlm/stage4/evidence/frame00021_temporal_motion_check.png,temporal_triplet_overlay,"In the three-panel neighboring-frame view, do the brown predicted stick and green tracked stick move consistently without sudden jumps, wrong-object tracking, or physically implausible motion?",consistent|jumps_unnaturally|wrong_object_tracking|physically_implausible|unclear,mistral_llm_schema_validated,main_body|contact_region|support_region|tip_regions|grip_bands|background|unclear,hand_on_main_body|hand_on_contact_region|body_on_support_region|floor_support|persistent_two_palm_line|no_contact|unclear,forced_choice_gate_only_no_continuous_pose_or_loss,,,
,stick,stage4,22,,,0.875000,temporal_motion_check,/mnt/hdd/AudioHOI/samples_known_object/11_stick/results/benchmark_vlm_qwen/vlm/stage4/evidence/frame00022_temporal_motion_check.png,/mnt/hdd/AudioHOI/samples_known_object/11_stick/results/benchmark_vlm_qwen/vlm/stage4/evidence/frame00022_temporal_motion_check.png,temporal_triplet_overlay,"In the three-panel neighboring-frame view, do the brown predicted stick and green tracked stick move consistently without sudden jumps, wrong-object tracking, or physically implausible motion?",consistent|jumps_unnaturally|wrong_object_tracking|physically_implausible|unclear,mistral_llm_schema_validated,main_body|contact_region|support_region|tip_regions|grip_bands|background|unclear,hand_on_main_body|hand_on_contact_region|body_on_support_region|floor_support|persistent_two_palm_line|no_contact|unclear,forced_choice_gate_only_no_continuous_pose_or_loss,,,
,stick,stage4,23,,,0.916667,temporal_motion_check,/mnt/hdd/AudioHOI/samples_known_object/11_stick/results/benchmark_vlm_qwen/vlm/stage4/evidence/frame00023_temporal_motion_check.png,/mnt/hdd/AudioHOI/samples_known_object/11_stick/results/benchmark_vlm_qwen/vlm/stage4/evidence/frame00023_temporal_motion_check.png,temporal_triplet_overlay,"In the three-panel neighboring-frame view, do the brown predicted stick and green tracked stick move consistently without sudden jumps, wrong-object tracking, or physically implausible motion?",consistent|jumps_unnaturally|wrong_object_tracking|physically_implausible|unclear,mistral_llm_schema_validated,main_body|contact_region|support_region|tip_regions|grip_bands|background|unclear,hand_on_main_body|hand_on_contact_region|body_on_support_region|floor_support|persistent_two_palm_line|no_contact|unclear,forced_choice_gate_only_no_continuous_pose_or_loss,,,
,stick,stage4,24,,,0.958333,temporal_motion_check,/mnt/hdd/AudioHOI/samples_known_object/11_stick/results/benchmark_vlm_qwen/vlm/stage4/evidence/frame00024_temporal_motion_check.png,/mnt/hdd/AudioHOI/samples_known_object/11_stick/results/benchmark_vlm_qwen/vlm/stage4/evidence/frame00024_temporal_motion_check.png,temporal_triplet_overlay,"In the three-panel neighboring-frame view, do the brown predicted stick and green tracked stick move consistently without sudden jumps, wrong-object tracking, or physically implausible motion?",consistent|jumps_unnaturally|wrong_object_tracking|physically_implausible|unclear,mistral_llm_schema_validated,main_body|contact_region|support_region|tip_regions|grip_bands|background|unclear,hand_on_main_body|hand_on_contact_region|body_on_support_region|floor_support|persistent_two_palm_line|no_contact|unclear,forced_choice_gate_only_no_continuous_pose_or_loss,,,
,stick,stage4,25,,,1.000000,temporal_motion_check,/mnt/hdd/AudioHOI/samples_known_object/11_stick/results/benchmark_vlm_qwen/vlm/stage4/evidence/frame00025_temporal_motion_check.png,/mnt/hdd/AudioHOI/samples_known_object/11_stick/results/benchmark_vlm_qwen/vlm/stage4/evidence/frame00025_temporal_motion_check.png,temporal_triplet_overlay,"In the three-panel neighboring-frame view, do the brown predicted stick and green tracked stick move consistently without sudden jumps, wrong-object tracking, or physically implausible motion?",consistent|jumps_unnaturally|wrong_object_tracking|physically_implausible|unclear,mistral_llm_schema_validated,main_body|contact_region|support_region|tip_regions|grip_bands|background|unclear,hand_on_main_body|hand_on_contact_region|body_on_support_region|floor_support|persistent_two_palm_line|no_contact|unclear,forced_choice_gate_only_no_continuous_pose_or_loss,,,
,stick,stage4,26,,,1.041667,temporal_motion_check,/mnt/hdd/AudioHOI/samples_known_object/11_stick/results/benchmark_vlm_qwen/vlm/stage4/evidence/frame00026_temporal_motion_check.png,/mnt/hdd/AudioHOI/samples_known_object/11_stick/results/benchmark_vlm_qwen/vlm/stage4/evidence/frame00026_temporal_motion_check.png,temporal_triplet_overlay,"In the three-panel neighboring-frame view, do the brown predicted stick and green tracked stick move consistently without sudden jumps, wrong-object tracking, or physically implausible motion?",consistent|jumps_unnaturally|wrong_object_tracking|physically_implausible|unclear,mistral_llm_schema_validated,main_body|contact_region|support_region|tip_regions|grip_bands|background|unclear,hand_on_main_body|hand_on_contact_region|body_on_support_region|floor_support|persistent_two_palm_line|no_contact|unclear,forced_choice_gate_only_no_continuous_pose_or_loss,,,
,stick,stage4,27,,,1.083333,temporal_motion_check,/mnt/hdd/AudioHOI/samples_known_object/11_stick/results/benchmark_vlm_qwen/vlm/stage4/evidence/frame00027_temporal_motion_check.png,/mnt/hdd/AudioHOI/samples_known_object/11_stick/results/benchmark_vlm_qwen/vlm/stage4/evidence/frame00027_temporal_motion_check.png,temporal_triplet_overlay,"In the three-panel neighboring-frame view, do the brown predicted stick and green tracked stick move consistently without sudden jumps, wrong-object tracking, or physically implausible motion?",consistent|jumps_unnaturally|wrong_object_tracking|physically_implausible|unclear,mistral_llm_schema_validated,main_body|contact_region|support_region|tip_regions|grip_bands|background|unclear,hand_on_main_body|hand_on_contact_region|body_on_support_region|floor_support|persistent_two_palm_line|no_contact|unclear,forced_choice_gate_only_no_continuous_pose_or_loss,,,
,stick,stage4,28,,,1.125000,temporal_motion_check,/mnt/hdd/AudioHOI/samples_known_object/11_stick/results/benchmark_vlm_qwen/vlm/stage4/evidence/frame00028_temporal_motion_check.png,/mnt/hdd/AudioHOI/samples_known_object/11_stick/results/benchmark_vlm_qwen/vlm/stage4/evidence/frame00028_temporal_motion_check.png,temporal_triplet_overlay,"In the three-panel neighboring-frame view, do the brown predicted stick and green tracked stick move consistently without sudden jumps, wrong-object tracking, or physically implausible motion?",consistent|jumps_unnaturally|wrong_object_tracking|physically_implausible|unclear,mistral_llm_schema_validated,main_body|contact_region|support_region|tip_regions|grip_bands|background|unclear,hand_on_main_body|hand_on_contact_region|body_on_support_region|floor_support|persistent_two_palm_line|no_contact|unclear,forced_choice_gate_only_no_continuous_pose_or_loss,,,
,stick,stage4,29,,,1.166667,temporal_motion_check,/mnt/hdd/AudioHOI/samples_known_object/11_stick/results/benchmark_vlm_qwen/vlm/stage4/evidence/frame00029_temporal_motion_check.png,/mnt/hdd/AudioHOI/samples_known_object/11_stick/results/benchmark_vlm_qwen/vlm/stage4/evidence/frame00029_temporal_motion_check.png,temporal_triplet_overlay,"In the three-panel neighboring-frame view, do the brown predicted stick and green tracked stick move consistently without sudden jumps, wrong-object tracking, or physically implausible motion?",consistent|jumps_unnaturally|wrong_object_tracking|physically_implausible|unclear,mistral_llm_schema_validated,main_body|contact_region|support_region|tip_regions|grip_bands|background|unclear,hand_on_main_body|hand_on_contact_region|body_on_support_region|floor_support|persistent_two_palm_line|no_contact|unclear,forced_choice_gate_only_no_continuous_pose_or_loss,,,
,stick,stage4,30,,,1.208333,temporal_motion_check,/mnt/hdd/AudioHOI/samples_known_object/11_stick/results/benchmark_vlm_qwen/vlm/stage4/evidence/frame00030_temporal_motion_check.png,/mnt/hdd/AudioHOI/samples_known_object/11_stick/results/benchmark_vlm_qwen/vlm/stage4/evidence/frame00030_temporal_motion_check.png,temporal_triplet_overlay,"In the three-panel neighboring-frame view, do the brown predicted stick and green tracked stick move consistently without sudden jumps, wrong-object tracking, or physically implausible motion?",consistent|jumps_unnaturally|wrong_object_tracking|physically_implausible|unclear,mistral_llm_schema_validated,main_body|contact_region|support_region|tip_regions|grip_bands|background|unclear,hand_on_main_body|hand_on_contact_region|body_on_support_region|floor_support|persistent_two_palm_line|no_contact|unclear,forced_choice_gate_only_no_continuous_pose_or_loss,,,
,stick,stage4,31,,,1.250000,temporal_motion_check,/mnt/hdd/AudioHOI/samples_known_object/11_stick/results/benchmark_vlm_qwen/vlm/stage4/evidence/frame00031_temporal_motion_check.png,/mnt/hdd/AudioHOI/samples_known_object/11_stick/results/benchmark_vlm_qwen/vlm/stage4/evidence/frame00031_temporal_motion_check.png,temporal_triplet_overlay,"In the three-panel neighboring-frame view, do the brown predicted stick and green tracked stick move consistently without sudden jumps, wrong-object tracking, or physically implausible motion?",consistent|jumps_unnaturally|wrong_object_tracking|physically_implausible|unclear,mistral_llm_schema_validated,main_body|contact_region|support_region|tip_regions|grip_bands|background|unclear,hand_on_main_body|hand_on_contact_region|body_on_support_region|floor_support|persistent_two_palm_line|no_contact|unclear,forced_choice_gate_only_no_continuous_pose_or_loss,,,
,stick,stage4,32,,,1.291667,temporal_motion_check,/mnt/hdd/AudioHOI/samples_known_object/11_stick/results/benchmark_vlm_qwen/vlm/stage4/evidence/frame00032_temporal_motion_check.png,/mnt/hdd/AudioHOI/samples_known_object/11_stick/results/benchmark_vlm_qwen/vlm/stage4/evidence/frame00032_temporal_motion_check.png,temporal_triplet_overlay,"In the three-panel neighboring-frame view, do the brown predicted stick and green tracked stick move consistently without sudden jumps, wrong-object tracking, or physically implausible motion?",consistent|jumps_unnaturally|wrong_object_tracking|physically_implausible|unclear,mistral_llm_schema_validated,main_body|contact_region|support_region|tip_regions|grip_bands|background|unclear,hand_on_main_body|hand_on_contact_region|body_on_support_region|floor_support|persistent_two_palm_line|no_contact|unclear,forced_choice_gate_only_no_continuous_pose_or_loss,,,
,stick,stage4,33,,,1.333333,temporal_motion_check,/mnt/hdd/AudioHOI/samples_known_object/11_stick/results/benchmark_vlm_qwen/vlm/stage4/evidence/frame00033_temporal_motion_check.png,/mnt/hdd/AudioHOI/samples_known_object/11_stick/results/benchmark_vlm_qwen/vlm/stage4/evidence/frame00033_temporal_motion_check.png,temporal_triplet_overlay,"In the three-panel neighboring-frame view, do the brown predicted stick and green tracked stick move consistently without sudden jumps, wrong-object tracking, or physically implausible motion?",consistent|jumps_unnaturally|wrong_object_tracking|physically_implausible|unclear,mistral_llm_schema_validated,main_body|contact_region|support_region|tip_regions|grip_bands|background|unclear,hand_on_main_body|hand_on_contact_region|body_on_support_region|floor_support|persistent_two_palm_line|no_contact|unclear,forced_choice_gate_only_no_continuous_pose_or_loss,,,
,stick,stage4,34,,,1.375000,temporal_motion_check,/mnt/hdd/AudioHOI/samples_known_object/11_stick/results/benchmark_vlm_qwen/vlm/stage4/evidence/frame00034_temporal_motion_check.png,/mnt/hdd/AudioHOI/samples_known_object/11_stick/results/benchmark_vlm_qwen/vlm/stage4/evidence/frame00034_temporal_motion_check.png,temporal_triplet_overlay,"In the three-panel neighboring-frame view, do the brown predicted stick and green tracked stick move consistently without sudden jumps, wrong-object tracking, or physically implausible motion?",consistent|jumps_unnaturally|wrong_object_tracking|physically_implausible|unclear,mistral_llm_schema_validated,main_body|contact_region|support_region|tip_regions|grip_bands|background|unclear,hand_on_main_body|hand_on_contact_region|body_on_support_region|floor_support|persistent_two_palm_line|no_contact|unclear,forced_choice_gate_only_no_continuous_pose_or_loss,,,
,stick,stage4,35,,,1.416667,temporal_motion_check,/mnt/hdd/AudioHOI/samples_known_object/11_stick/results/benchmark_vlm_qwen/vlm/stage4/evidence/frame00035_temporal_motion_check.png,/mnt/hdd/AudioHOI/samples_known_object/11_stick/results/benchmark_vlm_qwen/vlm/stage4/evidence/frame00035_temporal_motion_check.png,temporal_triplet_overlay,"In the three-panel neighboring-frame view, do the brown predicted stick and green tracked stick move consistently without sudden jumps, wrong-object tracking, or physically implausible motion?",consistent|jumps_unnaturally|wrong_object_tracking|physically_implausible|unclear,mistral_llm_schema_validated,main_body|contact_region|support_region|tip_regions|grip_bands|background|unclear,hand_on_main_body|hand_on_contact_region|body_on_support_region|floor_support|persistent_two_palm_line|no_contact|unclear,forced_choice_gate_only_no_continuous_pose_or_loss,,,
,stick,stage4,36,,,1.458333,temporal_motion_check,/mnt/hdd/AudioHOI/samples_known_object/11_stick/results/benchmark_vlm_qwen/vlm/stage4/evidence/frame00036_temporal_motion_check.png,/mnt/hdd/AudioHOI/samples_known_object/11_stick/results/benchmark_vlm_qwen/vlm/stage4/evidence/frame00036_temporal_motion_check.png,temporal_triplet_overlay,"In the three-panel neighboring-frame view, do the brown predicted stick and green tracked stick move consistently without sudden jumps, wrong-object tracking, or physically implausible motion?",consistent|jumps_unnaturally|wrong_object_tracking|physically_implausible|unclear,mistral_llm_schema_validated,main_body|contact_region|support_region|tip_regions|grip_bands|background|unclear,hand_on_main_body|hand_on_contact_region|body_on_support_region|floor_support|persistent_two_palm_line|no_contact|unclear,forced_choice_gate_only_no_continuous_pose_or_loss,,,
,stick,stage4,37,,,1.500000,temporal_motion_check,/mnt/hdd/AudioHOI/samples_known_object/11_stick/results/benchmark_vlm_qwen/vlm/stage4/evidence/frame00037_temporal_motion_check.png,/mnt/hdd/AudioHOI/samples_known_object/11_stick/results/benchmark_vlm_qwen/vlm/stage4/evidence/frame00037_temporal_motion_check.png,temporal_triplet_overlay,"In the three-panel neighboring-frame view, do the brown predicted stick and green tracked stick move consistently without sudden jumps, wrong-object tracking, or physically implausible motion?",consistent|jumps_unnaturally|wrong_object_tracking|physically_implausible|unclear,mistral_llm_schema_validated,main_body|contact_region|support_region|tip_regions|grip_bands|background|unclear,hand_on_main_body|hand_on_contact_region|body_on_support_region|floor_support|persistent_two_palm_line|no_contact|unclear,forced_choice_gate_only_no_continuous_pose_or_loss,,,
,stick,stage4,38,,,1.541667,temporal_motion_check,/mnt/hdd/AudioHOI/samples_known_object/11_stick/results/benchmark_vlm_qwen/vlm/stage4/evidence/frame00038_temporal_motion_check.png,/mnt/hdd/AudioHOI/samples_known_object/11_stick/results/benchmark_vlm_qwen/vlm/stage4/evidence/frame00038_temporal_motion_check.png,temporal_triplet_overlay,"In the three-panel neighboring-frame view, do the brown predicted stick and green tracked stick move consistently without sudden jumps, wrong-object tracking, or physically implausible motion?",consistent|jumps_unnaturally|wrong_object_tracking|physically_implausible|unclear,mistral_llm_schema_validated,main_body|contact_region|support_region|tip_regions|grip_bands|background|unclear,hand_on_main_body|hand_on_contact_region|body_on_support_region|floor_support|persistent_two_palm_line|no_contact|unclear,forced_choice_gate_only_no_continuous_pose_or_loss,,,
,stick,stage4,39,,,1.583333,temporal_motion_check,/mnt/hdd/AudioHOI/samples_known_object/11_stick/results/benchmark_vlm_qwen/vlm/stage4/evidence/frame00039_temporal_motion_check.png,/mnt/hdd/AudioHOI/samples_known_object/11_stick/results/benchmark_vlm_qwen/vlm/stage4/evidence/frame00039_temporal_motion_check.png,temporal_triplet_overlay,"In the three-panel neighboring-frame view, do the brown predicted stick and green tracked stick move consistently without sudden jumps, wrong-object tracking, or physically implausible motion?",consistent|jumps_unnaturally|wrong_object_tracking|physically_implausible|unclear,mistral_llm_schema_validated,main_body|contact_region|support_region|tip_regions|grip_bands|background|unclear,hand_on_main_body|hand_on_contact_region|body_on_support_region|floor_support|persistent_two_palm_line|no_contact|unclear,forced_choice_gate_only_no_continuous_pose_or_loss,,,
,stick,stage4,40,,,1.625000,temporal_motion_check,/mnt/hdd/AudioHOI/samples_known_object/11_stick/results/benchmark_vlm_qwen/vlm/stage4/evidence/frame00040_temporal_motion_check.png,/mnt/hdd/AudioHOI/samples_known_object/11_stick/results/benchmark_vlm_qwen/vlm/stage4/evidence/frame00040_temporal_motion_check.png,temporal_triplet_overlay,"In the three-panel neighboring-frame view, do the brown predicted stick and green tracked stick move consistently without sudden jumps, wrong-object tracking, or physically implausible motion?",consistent|jumps_unnaturally|wrong_object_tracking|physically_implausible|unclear,mistral_llm_schema_validated,main_body|contact_region|support_region|tip_regions|grip_bands|background|unclear,hand_on_main_body|hand_on_contact_region|body_on_support_region|floor_support|persistent_two_palm_line|no_contact|unclear,forced_choice_gate_only_no_continuous_pose_or_loss,,,
,stick,stage4,41,,,1.666667,temporal_motion_check,/mnt/hdd/AudioHOI/samples_known_object/11_stick/results/benchmark_vlm_qwen/vlm/stage4/evidence/frame00041_temporal_motion_check.png,/mnt/hdd/AudioHOI/samples_known_object/11_stick/results/benchmark_vlm_qwen/vlm/stage4/evidence/frame00041_temporal_motion_check.png,temporal_triplet_overlay,"In the three-panel neighboring-frame view, do the brown predicted stick and green tracked stick move consistently without sudden jumps, wrong-object tracking, or physically implausible motion?",consistent|jumps_unnaturally|wrong_object_tracking|physically_implausible|unclear,mistral_llm_schema_validated,main_body|contact_region|support_region|tip_regions|grip_bands|background|unclear,hand_on_main_body|hand_on_contact_region|body_on_support_region|floor_support|persistent_two_palm_line|no_contact|unclear,forced_choice_gate_only_no_continuous_pose_or_loss,,,
,stick,stage4,42,,,1.708333,temporal_motion_check,/mnt/hdd/AudioHOI/samples_known_object/11_stick/results/benchmark_vlm_qwen/vlm/stage4/evidence/frame00042_temporal_motion_check.png,/mnt/hdd/AudioHOI/samples_known_object/11_stick/results/benchmark_vlm_qwen/vlm/stage4/evidence/frame00042_temporal_motion_check.png,temporal_triplet_overlay,"In the three-panel neighboring-frame view, do the brown predicted stick and green tracked stick move consistently without sudden jumps, wrong-object tracking, or physically implausible motion?",consistent|jumps_unnaturally|wrong_object_tracking|physically_implausible|unclear,mistral_llm_schema_validated,main_body|contact_region|support_region|tip_regions|grip_bands|background|unclear,hand_on_main_body|hand_on_contact_region|body_on_support_region|floor_support|persistent_two_palm_line|no_contact|unclear,forced_choice_gate_only_no_continuous_pose_or_loss,,,
,stick,stage4,43,,,1.750000,temporal_motion_check,/mnt/hdd/AudioHOI/samples_known_object/11_stick/results/benchmark_vlm_qwen/vlm/stage4/evidence/frame00043_temporal_motion_check.png,/mnt/hdd/AudioHOI/samples_known_object/11_stick/results/benchmark_vlm_qwen/vlm/stage4/evidence/frame00043_temporal_motion_check.png,temporal_triplet_overlay,"In the three-panel neighboring-frame view, do the brown predicted stick and green tracked stick move consistently without sudden jumps, wrong-object tracking, or physically implausible motion?",consistent|jumps_unnaturally|wrong_object_tracking|physically_implausible|unclear,mistral_llm_schema_validated,main_body|contact_region|support_region|tip_regions|grip_bands|background|unclear,hand_on_main_body|hand_on_contact_region|body_on_support_region|floor_support|persistent_two_palm_line|no_contact|unclear,forced_choice_gate_only_no_continuous_pose_or_loss,,,
,stick,stage4,44,,,1.791667,temporal_motion_check,/mnt/hdd/AudioHOI/samples_known_object/11_stick/results/benchmark_vlm_qwen/vlm/stage4/evidence/frame00044_temporal_motion_check.png,/mnt/hdd/AudioHOI/samples_known_object/11_stick/results/benchmark_vlm_qwen/vlm/stage4/evidence/frame00044_temporal_motion_check.png,temporal_triplet_overlay,"In the three-panel neighboring-frame view, do the brown predicted stick and green tracked stick move consistently without sudden jumps, wrong-object tracking, or physically implausible motion?",consistent|jumps_unnaturally|wrong_object_tracking|physically_implausible|unclear,mistral_llm_schema_validated,main_body|contact_region|support_region|tip_regions|grip_bands|background|unclear,hand_on_main_body|hand_on_contact_region|body_on_support_region|floor_support|persistent_two_palm_line|no_contact|unclear,forced_choice_gate_only_no_continuous_pose_or_loss,,,
,stick,stage4,45,,,1.833333,temporal_motion_check,/mnt/hdd/AudioHOI/samples_known_object/11_stick/results/benchmark_vlm_qwen/vlm/stage4/evidence/frame00045_temporal_motion_check.png,/mnt/hdd/AudioHOI/samples_known_object/11_stick/results/benchmark_vlm_qwen/vlm/stage4/evidence/frame00045_temporal_motion_check.png,temporal_triplet_overlay,"In the three-panel neighboring-frame view, do the brown predicted stick and green tracked stick move consistently without sudden jumps, wrong-object tracking, or physically implausible motion?",consistent|jumps_unnaturally|wrong_object_tracking|physically_implausible|unclear,mistral_llm_schema_validated,main_body|contact_region|support_region|tip_regions|grip_bands|background|unclear,hand_on_main_body|hand_on_contact_region|body_on_support_region|floor_support|persistent_two_palm_line|no_contact|unclear,forced_choice_gate_only_no_continuous_pose_or_loss,,,
,stick,stage4,46,,,1.875000,temporal_motion_check,/mnt/hdd/AudioHOI/samples_known_object/11_stick/results/benchmark_vlm_qwen/vlm/stage4/evidence/frame00046_temporal_motion_check.png,/mnt/hdd/AudioHOI/samples_known_object/11_stick/results/benchmark_vlm_qwen/vlm/stage4/evidence/frame00046_temporal_motion_check.png,temporal_triplet_overlay,"In the three-panel neighboring-frame view, do the brown predicted stick and green tracked stick move consistently without sudden jumps, wrong-object tracking, or physically implausible motion?",consistent|jumps_unnaturally|wrong_object_tracking|physically_implausible|unclear,mistral_llm_schema_validated,main_body|contact_region|support_region|tip_regions|grip_bands|background|unclear,hand_on_main_body|hand_on_contact_region|body_on_support_region|floor_support|persistent_two_palm_line|no_contact|unclear,forced_choice_gate_only_no_continuous_pose_or_loss,,,
,stick,stage4,47,,,1.916667,temporal_motion_check,/mnt/hdd/AudioHOI/samples_known_object/11_stick/results/benchmark_vlm_qwen/vlm/stage4/evidence/frame00047_temporal_motion_check.png,/mnt/hdd/AudioHOI/samples_known_object/11_stick/results/benchmark_vlm_qwen/vlm/stage4/evidence/frame00047_temporal_motion_check.png,temporal_triplet_overlay,"In the three-panel neighboring-frame view, do the brown predicted stick and green tracked stick move consistently without sudden jumps, wrong-object tracking, or physically implausible motion?",consistent|jumps_unnaturally|wrong_object_tracking|physically_implausible|unclear,mistral_llm_schema_validated,main_body|contact_region|support_region|tip_regions|grip_bands|background|unclear,hand_on_main_body|hand_on_contact_region|body_on_support_region|floor_support|persistent_two_palm_line|no_contact|unclear,forced_choice_gate_only_no_continuous_pose_or_loss,,,
,stick,stage4,48,,,1.958333,temporal_motion_check,/mnt/hdd/AudioHOI/samples_known_object/11_stick/results/benchmark_vlm_qwen/vlm/stage4/evidence/frame00048_temporal_motion_check.png,/mnt/hdd/AudioHOI/samples_known_object/11_stick/results/benchmark_vlm_qwen/vlm/stage4/evidence/frame00048_temporal_motion_check.png,temporal_triplet_overlay,"In the three-panel neighboring-frame view, do the brown predicted stick and green tracked stick move consistently without sudden jumps, wrong-object tracking, or physically implausible motion?",consistent|jumps_unnaturally|wrong_object_tracking|physically_implausible|unclear,mistral_llm_schema_validated,main_body|contact_region|support_region|tip_regions|grip_bands|background|unclear,hand_on_main_body|hand_on_contact_region|body_on_support_region|floor_support|persistent_two_palm_line|no_contact|unclear,forced_choice_gate_only_no_continuous_pose_or_loss,,,
,stick,stage4,49,,,2.000000,temporal_motion_check,/mnt/hdd/AudioHOI/samples_known_object/11_stick/results/benchmark_vlm_qwen/vlm/stage4/evidence/frame00049_temporal_motion_check.png,/mnt/hdd/AudioHOI/samples_known_object/11_stick/results/benchmark_vlm_qwen/vlm/stage4/evidence/frame00049_temporal_motion_check.png,temporal_triplet_overlay,"In the three-panel neighboring-frame view, do the brown predicted stick and green tracked stick move consistently without sudden jumps, wrong-object tracking, or physically implausible motion?",consistent|jumps_unnaturally|wrong_object_tracking|physically_implausible|unclear,mistral_llm_schema_validated,main_body|contact_region|support_region|tip_regions|grip_bands|background|unclear,hand_on_main_body|hand_on_contact_region|body_on_support_region|floor_support|persistent_two_palm_line|no_contact|unclear,forced_choice_gate_only_no_continuous_pose_or_loss,,,
,stick,stage4,50,,,2.041667,temporal_motion_check,/mnt/hdd/AudioHOI/samples_known_object/11_stick/results/benchmark_vlm_qwen/vlm/stage4/evidence/frame00050_temporal_motion_check.png,/mnt/hdd/AudioHOI/samples_known_object/11_stick/results/benchmark_vlm_qwen/vlm/stage4/evidence/frame00050_temporal_motion_check.png,temporal_triplet_overlay,"In the three-panel neighboring-frame view, do the brown predicted stick and green tracked stick move consistently without sudden jumps, wrong-object tracking, or physically implausible motion?",consistent|jumps_unnaturally|wrong_object_tracking|physically_implausible|unclear,mistral_llm_schema_validated,main_body|contact_region|support_region|tip_regions|grip_bands|background|unclear,hand_on_main_body|hand_on_contact_region|body_on_support_region|floor_support|persistent_two_palm_line|no_contact|unclear,forced_choice_gate_only_no_continuous_pose_or_loss,,,
,stick,stage4,51,,,2.083333,temporal_motion_check,/mnt/hdd/AudioHOI/samples_known_object/11_stick/results/benchmark_vlm_qwen/vlm/stage4/evidence/frame00051_temporal_motion_check.png,/mnt/hdd/AudioHOI/samples_known_object/11_stick/results/benchmark_vlm_qwen/vlm/stage4/evidence/frame00051_temporal_motion_check.png,temporal_triplet_overlay,"In the three-panel neighboring-frame view, do the brown predicted stick and green tracked stick move consistently without sudden jumps, wrong-object tracking, or physically implausible motion?",consistent|jumps_unnaturally|wrong_object_tracking|physically_implausible|unclear,mistral_llm_schema_validated,main_body|contact_region|support_region|tip_regions|grip_bands|background|unclear,hand_on_main_body|hand_on_contact_region|body_on_support_region|floor_support|persistent_two_palm_line|no_contact|unclear,forced_choice_gate_only_no_continuous_pose_or_loss,,,
,stick,stage4,52,,,2.125000,temporal_motion_check,/mnt/hdd/AudioHOI/samples_known_object/11_stick/results/benchmark_vlm_qwen/vlm/stage4/evidence/frame00052_temporal_motion_check.png,/mnt/hdd/AudioHOI/samples_known_object/11_stick/results/benchmark_vlm_qwen/vlm/stage4/evidence/frame00052_temporal_motion_check.png,temporal_triplet_overlay,"In the three-panel neighboring-frame view, do the brown predicted stick and green tracked stick move consistently without sudden jumps, wrong-object tracking, or physically implausible motion?",consistent|jumps_unnaturally|wrong_object_tracking|physically_implausible|unclear,mistral_llm_schema_validated,main_body|contact_region|support_region|tip_regions|grip_bands|background|unclear,hand_on_main_body|hand_on_contact_region|body_on_support_region|floor_support|persistent_two_palm_line|no_contact|unclear,forced_choice_gate_only_no_continuous_pose_or_loss,,,
,stick,stage4,53,,,2.166667,temporal_motion_check,/mnt/hdd/AudioHOI/samples_known_object/11_stick/results/benchmark_vlm_qwen/vlm/stage4/evidence/frame00053_temporal_motion_check.png,/mnt/hdd/AudioHOI/samples_known_object/11_stick/results/benchmark_vlm_qwen/vlm/stage4/evidence/frame00053_temporal_motion_check.png,temporal_triplet_overlay,"In the three-panel neighboring-frame view, do the brown predicted stick and green tracked stick move consistently without sudden jumps, wrong-object tracking, or physically implausible motion?",consistent|jumps_unnaturally|wrong_object_tracking|physically_implausible|unclear,mistral_llm_schema_validated,main_body|contact_region|support_region|tip_regions|grip_bands|background|unclear,hand_on_main_body|hand_on_contact_region|body_on_support_region|floor_support|persistent_two_palm_line|no_contact|unclear,forced_choice_gate_only_no_continuous_pose_or_loss,,,
,stick,stage4,54,,,2.208333,temporal_motion_check,/mnt/hdd/AudioHOI/samples_known_object/11_stick/results/benchmark_vlm_qwen/vlm/stage4/evidence/frame00054_temporal_motion_check.png,/mnt/hdd/AudioHOI/samples_known_object/11_stick/results/benchmark_vlm_qwen/vlm/stage4/evidence/frame00054_temporal_motion_check.png,temporal_triplet_overlay,"In the three-panel neighboring-frame view, do the brown predicted stick and green tracked stick move consistently without sudden jumps, wrong-object tracking, or physically implausible motion?",consistent|jumps_unnaturally|wrong_object_tracking|physically_implausible|unclear,mistral_llm_schema_validated,main_body|contact_region|support_region|tip_regions|grip_bands|background|unclear,hand_on_main_body|hand_on_contact_region|body_on_support_region|floor_support|persistent_two_palm_line|no_contact|unclear,forced_choice_gate_only_no_continuous_pose_or_loss,,,
,stick,stage4,55,,,2.250000,temporal_motion_check,/mnt/hdd/AudioHOI/samples_known_object/11_stick/results/benchmark_vlm_qwen/vlm/stage4/evidence/frame00055_temporal_motion_check.png,/mnt/hdd/AudioHOI/samples_known_object/11_stick/results/benchmark_vlm_qwen/vlm/stage4/evidence/frame00055_temporal_motion_check.png,temporal_triplet_overlay,"In the three-panel neighboring-frame view, do the brown predicted stick and green tracked stick move consistently without sudden jumps, wrong-object tracking, or physically implausible motion?",consistent|jumps_unnaturally|wrong_object_tracking|physically_implausible|unclear,mistral_llm_schema_validated,main_body|contact_region|support_region|tip_regions|grip_bands|background|unclear,hand_on_main_body|hand_on_contact_region|body_on_support_region|floor_support|persistent_two_palm_line|no_contact|unclear,forced_choice_gate_only_no_continuous_pose_or_loss,,,
,stick,stage4,56,,,2.291667,temporal_motion_check,/mnt/hdd/AudioHOI/samples_known_object/11_stick/results/benchmark_vlm_qwen/vlm/stage4/evidence/frame00056_temporal_motion_check.png,/mnt/hdd/AudioHOI/samples_known_object/11_stick/results/benchmark_vlm_qwen/vlm/stage4/evidence/frame00056_temporal_motion_check.png,temporal_triplet_overlay,"In the three-panel neighboring-frame view, do the brown predicted stick and green tracked stick move consistently without sudden jumps, wrong-object tracking, or physically implausible motion?",consistent|jumps_unnaturally|wrong_object_tracking|physically_implausible|unclear,mistral_llm_schema_validated,main_body|contact_region|support_region|tip_regions|grip_bands|background|unclear,hand_on_main_body|hand_on_contact_region|body_on_support_region|floor_support|persistent_two_palm_line|no_contact|unclear,forced_choice_gate_only_no_continuous_pose_or_loss,,,
,stick,stage4,57,,,2.333333,temporal_motion_check,/mnt/hdd/AudioHOI/samples_known_object/11_stick/results/benchmark_vlm_qwen/vlm/stage4/evidence/frame00057_temporal_motion_check.png,/mnt/hdd/AudioHOI/samples_known_object/11_stick/results/benchmark_vlm_qwen/vlm/stage4/evidence/frame00057_temporal_motion_check.png,temporal_triplet_overlay,"In the three-panel neighboring-frame view, do the brown predicted stick and green tracked stick move consistently without sudden jumps, wrong-object tracking, or physically implausible motion?",consistent|jumps_unnaturally|wrong_object_tracking|physically_implausible|unclear,mistral_llm_schema_validated,main_body|contact_region|support_region|tip_regions|grip_bands|background|unclear,hand_on_main_body|hand_on_contact_region|body_on_support_region|floor_support|persistent_two_palm_line|no_contact|unclear,forced_choice_gate_only_no_continuous_pose_or_loss,,,
,stick,stage4,58,,,2.375000,temporal_motion_check,/mnt/hdd/AudioHOI/samples_known_object/11_stick/results/benchmark_vlm_qwen/vlm/stage4/evidence/frame00058_temporal_motion_check.png,/mnt/hdd/AudioHOI/samples_known_object/11_stick/results/benchmark_vlm_qwen/vlm/stage4/evidence/frame00058_temporal_motion_check.png,temporal_triplet_overlay,"In the three-panel neighboring-frame view, do the brown predicted stick and green tracked stick move consistently without sudden jumps, wrong-object tracking, or physically implausible motion?",consistent|jumps_unnaturally|wrong_object_tracking|physically_implausible|unclear,mistral_llm_schema_validated,main_body|contact_region|support_region|tip_regions|grip_bands|background|unclear,hand_on_main_body|hand_on_contact_region|body_on_support_region|floor_support|persistent_two_palm_line|no_contact|unclear,forced_choice_gate_only_no_continuous_pose_or_loss,,,
,stick,stage4,59,,,2.416667,temporal_motion_check,/mnt/hdd/AudioHOI/samples_known_object/11_stick/results/benchmark_vlm_qwen/vlm/stage4/evidence/frame00059_temporal_motion_check.png,/mnt/hdd/AudioHOI/samples_known_object/11_stick/results/benchmark_vlm_qwen/vlm/stage4/evidence/frame00059_temporal_motion_check.png,temporal_triplet_overlay,"In the three-panel neighboring-frame view, do the brown predicted stick and green tracked stick move consistently without sudden jumps, wrong-object tracking, or physically implausible motion?",consistent|jumps_unnaturally|wrong_object_tracking|physically_implausible|unclear,mistral_llm_schema_validated,main_body|contact_region|support_region|tip_regions|grip_bands|background|unclear,hand_on_main_body|hand_on_contact_region|body_on_support_region|floor_support|persistent_two_palm_line|no_contact|unclear,forced_choice_gate_only_no_continuous_pose_or_loss,,,
,stick,stage4,60,,,2.458333,temporal_motion_check,/mnt/hdd/AudioHOI/samples_known_object/11_stick/results/benchmark_vlm_qwen/vlm/stage4/evidence/frame00060_temporal_motion_check.png,/mnt/hdd/AudioHOI/samples_known_object/11_stick/results/benchmark_vlm_qwen/vlm/stage4/evidence/frame00060_temporal_motion_check.png,temporal_triplet_overlay,"In the three-panel neighboring-frame view, do the brown predicted stick and green tracked stick move consistently without sudden jumps, wrong-object tracking, or physically implausible motion?",consistent|jumps_unnaturally|wrong_object_tracking|physically_implausible|unclear,mistral_llm_schema_validated,main_body|contact_region|support_region|tip_regions|grip_bands|background|unclear,hand_on_main_body|hand_on_contact_region|body_on_support_region|floor_support|persistent_two_palm_line|no_contact|unclear,forced_choice_gate_only_no_continuous_pose_or_loss,,,
,stick,stage4,61,,,2.500000,temporal_motion_check,/mnt/hdd/AudioHOI/samples_known_object/11_stick/results/benchmark_vlm_qwen/vlm/stage4/evidence/frame00061_temporal_motion_check.png,/mnt/hdd/AudioHOI/samples_known_object/11_stick/results/benchmark_vlm_qwen/vlm/stage4/evidence/frame00061_temporal_motion_check.png,temporal_triplet_overlay,"In the three-panel neighboring-frame view, do the brown predicted stick and green tracked stick move consistently without sudden jumps, wrong-object tracking, or physically implausible motion?",consistent|jumps_unnaturally|wrong_object_tracking|physically_implausible|unclear,mistral_llm_schema_validated,main_body|contact_region|support_region|tip_regions|grip_bands|background|unclear,hand_on_main_body|hand_on_contact_region|body_on_support_region|floor_support|persistent_two_palm_line|no_contact|unclear,forced_choice_gate_only_no_continuous_pose_or_loss,,,
,stick,stage4,62,,,2.541667,temporal_motion_check,/mnt/hdd/AudioHOI/samples_known_object/11_stick/results/benchmark_vlm_qwen/vlm/stage4/evidence/frame00062_temporal_motion_check.png,/mnt/hdd/AudioHOI/samples_known_object/11_stick/results/benchmark_vlm_qwen/vlm/stage4/evidence/frame00062_temporal_motion_check.png,temporal_triplet_overlay,"In the three-panel neighboring-frame view, do the brown predicted stick and green tracked stick move consistently without sudden jumps, wrong-object tracking, or physically implausible motion?",consistent|jumps_unnaturally|wrong_object_tracking|physically_implausible|unclear,mistral_llm_schema_validated,main_body|contact_region|support_region|tip_regions|grip_bands|background|unclear,hand_on_main_body|hand_on_contact_region|body_on_support_region|floor_support|persistent_two_palm_line|no_contact|unclear,forced_choice_gate_only_no_continuous_pose_or_loss,,,
,stick,stage4,63,,,2.583333,temporal_motion_check,/mnt/hdd/AudioHOI/samples_known_object/11_stick/results/benchmark_vlm_qwen/vlm/stage4/evidence/frame00063_temporal_motion_check.png,/mnt/hdd/AudioHOI/samples_known_object/11_stick/results/benchmark_vlm_qwen/vlm/stage4/evidence/frame00063_temporal_motion_check.png,temporal_triplet_overlay,"In the three-panel neighboring-frame view, do the brown predicted stick and green tracked stick move consistently without sudden jumps, wrong-object tracking, or physically implausible motion?",consistent|jumps_unnaturally|wrong_object_tracking|physically_implausible|unclear,mistral_llm_schema_validated,main_body|contact_region|support_region|tip_regions|grip_bands|background|unclear,hand_on_main_body|hand_on_contact_region|body_on_support_region|floor_support|persistent_two_palm_line|no_contact|unclear,forced_choice_gate_only_no_continuous_pose_or_loss,,,
,stick,stage4,64,,,2.625000,temporal_motion_check,/mnt/hdd/AudioHOI/samples_known_object/11_stick/results/benchmark_vlm_qwen/vlm/stage4/evidence/frame00064_temporal_motion_check.png,/mnt/hdd/AudioHOI/samples_known_object/11_stick/results/benchmark_vlm_qwen/vlm/stage4/evidence/frame00064_temporal_motion_check.png,temporal_triplet_overlay,"In the three-panel neighboring-frame view, do the brown predicted stick and green tracked stick move consistently without sudden jumps, wrong-object tracking, or physically implausible motion?",consistent|jumps_unnaturally|wrong_object_tracking|physically_implausible|unclear,mistral_llm_schema_validated,main_body|contact_region|support_region|tip_regions|grip_bands|background|unclear,hand_on_main_body|hand_on_contact_region|body_on_support_region|floor_support|persistent_two_palm_line|no_contact|unclear,forced_choice_gate_only_no_continuous_pose_or_loss,,,
,stick,stage4,65,,,2.666667,temporal_motion_check,/mnt/hdd/AudioHOI/samples_known_object/11_stick/results/benchmark_vlm_qwen/vlm/stage4/evidence/frame00065_temporal_motion_check.png,/mnt/hdd/AudioHOI/samples_known_object/11_stick/results/benchmark_vlm_qwen/vlm/stage4/evidence/frame00065_temporal_motion_check.png,temporal_triplet_overlay,"In the three-panel neighboring-frame view, do the brown predicted stick and green tracked stick move consistently without sudden jumps, wrong-object tracking, or physically implausible motion?",consistent|jumps_unnaturally|wrong_object_tracking|physically_implausible|unclear,mistral_llm_schema_validated,main_body|contact_region|support_region|tip_regions|grip_bands|background|unclear,hand_on_main_body|hand_on_contact_region|body_on_support_region|floor_support|persistent_two_palm_line|no_contact|unclear,forced_choice_gate_only_no_continuous_pose_or_loss,,,
,stick,stage4,66,,,2.708333,temporal_motion_check,/mnt/hdd/AudioHOI/samples_known_object/11_stick/results/benchmark_vlm_qwen/vlm/stage4/evidence/frame00066_temporal_motion_check.png,/mnt/hdd/AudioHOI/samples_known_object/11_stick/results/benchmark_vlm_qwen/vlm/stage4/evidence/frame00066_temporal_motion_check.png,temporal_triplet_overlay,"In the three-panel neighboring-frame view, do the brown predicted stick and green tracked stick move consistently without sudden jumps, wrong-object tracking, or physically implausible motion?",consistent|jumps_unnaturally|wrong_object_tracking|physically_implausible|unclear,mistral_llm_schema_validated,main_body|contact_region|support_region|tip_regions|grip_bands|background|unclear,hand_on_main_body|hand_on_contact_region|body_on_support_region|floor_support|persistent_two_palm_line|no_contact|unclear,forced_choice_gate_only_no_continuous_pose_or_loss,,,
,stick,stage4,67,,,2.750000,temporal_motion_check,/mnt/hdd/AudioHOI/samples_known_object/11_stick/results/benchmark_vlm_qwen/vlm/stage4/evidence/frame00067_temporal_motion_check.png,/mnt/hdd/AudioHOI/samples_known_object/11_stick/results/benchmark_vlm_qwen/vlm/stage4/evidence/frame00067_temporal_motion_check.png,temporal_triplet_overlay,"In the three-panel neighboring-frame view, do the brown predicted stick and green tracked stick move consistently without sudden jumps, wrong-object tracking, or physically implausible motion?",consistent|jumps_unnaturally|wrong_object_tracking|physically_implausible|unclear,mistral_llm_schema_validated,main_body|contact_region|support_region|tip_regions|grip_bands|background|unclear,hand_on_main_body|hand_on_contact_region|body_on_support_region|floor_support|persistent_two_palm_line|no_contact|unclear,forced_choice_gate_only_no_continuous_pose_or_loss,,,
,stick,stage4,68,,,2.791667,temporal_motion_check,/mnt/hdd/AudioHOI/samples_known_object/11_stick/results/benchmark_vlm_qwen/vlm/stage4/evidence/frame00068_temporal_motion_check.png,/mnt/hdd/AudioHOI/samples_known_object/11_stick/results/benchmark_vlm_qwen/vlm/stage4/evidence/frame00068_temporal_motion_check.png,temporal_triplet_overlay,"In the three-panel neighboring-frame view, do the brown predicted stick and green tracked stick move consistently without sudden jumps, wrong-object tracking, or physically implausible motion?",consistent|jumps_unnaturally|wrong_object_tracking|physically_implausible|unclear,mistral_llm_schema_validated,main_body|contact_region|support_region|tip_regions|grip_bands|background|unclear,hand_on_main_body|hand_on_contact_region|body_on_support_region|floor_support|persistent_two_palm_line|no_contact|unclear,forced_choice_gate_only_no_continuous_pose_or_loss,,,
,stick,stage4,69,,,2.833333,temporal_motion_check,/mnt/hdd/AudioHOI/samples_known_object/11_stick/results/benchmark_vlm_qwen/vlm/stage4/evidence/frame00069_temporal_motion_check.png,/mnt/hdd/AudioHOI/samples_known_object/11_stick/results/benchmark_vlm_qwen/vlm/stage4/evidence/frame00069_temporal_motion_check.png,temporal_triplet_overlay,"In the three-panel neighboring-frame view, do the brown predicted stick and green tracked stick move consistently without sudden jumps, wrong-object tracking, or physically implausible motion?",consistent|jumps_unnaturally|wrong_object_tracking|physically_implausible|unclear,mistral_llm_schema_validated,main_body|contact_region|support_region|tip_regions|grip_bands|background|unclear,hand_on_main_body|hand_on_contact_region|body_on_support_region|floor_support|persistent_two_palm_line|no_contact|unclear,forced_choice_gate_only_no_continuous_pose_or_loss,,,
,stick,stage4,70,,,2.875000,temporal_motion_check,/mnt/hdd/AudioHOI/samples_known_object/11_stick/results/benchmark_vlm_qwen/vlm/stage4/evidence/frame00070_temporal_motion_check.png,/mnt/hdd/AudioHOI/samples_known_object/11_stick/results/benchmark_vlm_qwen/vlm/stage4/evidence/frame00070_temporal_motion_check.png,temporal_triplet_overlay,"In the three-panel neighboring-frame view, do the brown predicted stick and green tracked stick move consistently without sudden jumps, wrong-object tracking, or physically implausible motion?",consistent|jumps_unnaturally|wrong_object_tracking|physically_implausible|unclear,mistral_llm_schema_validated,main_body|contact_region|support_region|tip_regions|grip_bands|background|unclear,hand_on_main_body|hand_on_contact_region|body_on_support_region|floor_support|persistent_two_palm_line|no_contact|unclear,forced_choice_gate_only_no_continuous_pose_or_loss,,,
,stick,stage4,71,,,2.916667,temporal_motion_check,/mnt/hdd/AudioHOI/samples_known_object/11_stick/results/benchmark_vlm_qwen/vlm/stage4/evidence/frame00071_temporal_motion_check.png,/mnt/hdd/AudioHOI/samples_known_object/11_stick/results/benchmark_vlm_qwen/vlm/stage4/evidence/frame00071_temporal_motion_check.png,temporal_triplet_overlay,"In the three-panel neighboring-frame view, do the brown predicted stick and green tracked stick move consistently without sudden jumps, wrong-object tracking, or physically implausible motion?",consistent|jumps_unnaturally|wrong_object_tracking|physically_implausible|unclear,mistral_llm_schema_validated,main_body|contact_region|support_region|tip_regions|grip_bands|background|unclear,hand_on_main_body|hand_on_contact_region|body_on_support_region|floor_support|persistent_two_palm_line|no_contact|unclear,forced_choice_gate_only_no_continuous_pose_or_loss,,,
,stick,stage4,72,,,2.958333,temporal_motion_check,/mnt/hdd/AudioHOI/samples_known_object/11_stick/results/benchmark_vlm_qwen/vlm/stage4/evidence/frame00072_temporal_motion_check.png,/mnt/hdd/AudioHOI/samples_known_object/11_stick/results/benchmark_vlm_qwen/vlm/stage4/evidence/frame00072_temporal_motion_check.png,temporal_triplet_overlay,"In the three-panel neighboring-frame view, do the brown predicted stick and green tracked stick move consistently without sudden jumps, wrong-object tracking, or physically implausible motion?",consistent|jumps_unnaturally|wrong_object_tracking|physically_implausible|unclear,mistral_llm_schema_validated,main_body|contact_region|support_region|tip_regions|grip_bands|background|unclear,hand_on_main_body|hand_on_contact_region|body_on_support_region|floor_support|persistent_two_palm_line|no_contact|unclear,forced_choice_gate_only_no_continuous_pose_or_loss,,,
,stick,stage4,73,,,3.000000,temporal_motion_check,/mnt/hdd/AudioHOI/samples_known_object/11_stick/results/benchmark_vlm_qwen/vlm/stage4/evidence/frame00073_temporal_motion_check.png,/mnt/hdd/AudioHOI/samples_known_object/11_stick/results/benchmark_vlm_qwen/vlm/stage4/evidence/frame00073_temporal_motion_check.png,temporal_triplet_overlay,"In the three-panel neighboring-frame view, do the brown predicted stick and green tracked stick move consistently without sudden jumps, wrong-object tracking, or physically implausible motion?",consistent|jumps_unnaturally|wrong_object_tracking|physically_implausible|unclear,mistral_llm_schema_validated,main_body|contact_region|support_region|tip_regions|grip_bands|background|unclear,hand_on_main_body|hand_on_contact_region|body_on_support_region|floor_support|persistent_two_palm_line|no_contact|unclear,forced_choice_gate_only_no_continuous_pose_or_loss,,,
,stick,stage4,74,,,3.041667,temporal_motion_check,/mnt/hdd/AudioHOI/samples_known_object/11_stick/results/benchmark_vlm_qwen/vlm/stage4/evidence/frame00074_temporal_motion_check.png,/mnt/hdd/AudioHOI/samples_known_object/11_stick/results/benchmark_vlm_qwen/vlm/stage4/evidence/frame00074_temporal_motion_check.png,temporal_triplet_overlay,"In the three-panel neighboring-frame view, do the brown predicted stick and green tracked stick move consistently without sudden jumps, wrong-object tracking, or physically implausible motion?",consistent|jumps_unnaturally|wrong_object_tracking|physically_implausible|unclear,mistral_llm_schema_validated,main_body|contact_region|support_region|tip_regions|grip_bands|background|unclear,hand_on_main_body|hand_on_contact_region|body_on_support_region|floor_support|persistent_two_palm_line|no_contact|unclear,forced_choice_gate_only_no_continuous_pose_or_loss,,,
,stick,stage4,75,,,3.083333,temporal_motion_check,/mnt/hdd/AudioHOI/samples_known_object/11_stick/results/benchmark_vlm_qwen/vlm/stage4/evidence/frame00075_temporal_motion_check.png,/mnt/hdd/AudioHOI/samples_known_object/11_stick/results/benchmark_vlm_qwen/vlm/stage4/evidence/frame00075_temporal_motion_check.png,temporal_triplet_overlay,"In the three-panel neighboring-frame view, do the brown predicted stick and green tracked stick move consistently without sudden jumps, wrong-object tracking, or physically implausible motion?",consistent|jumps_unnaturally|wrong_object_tracking|physically_implausible|unclear,mistral_llm_schema_validated,main_body|contact_region|support_region|tip_regions|grip_bands|background|unclear,hand_on_main_body|hand_on_contact_region|body_on_support_region|floor_support|persistent_two_palm_line|no_contact|unclear,forced_choice_gate_only_no_continuous_pose_or_loss,,,
,stick,stage4,76,,,3.125000,temporal_motion_check,/mnt/hdd/AudioHOI/samples_known_object/11_stick/results/benchmark_vlm_qwen/vlm/stage4/evidence/frame00076_temporal_motion_check.png,/mnt/hdd/AudioHOI/samples_known_object/11_stick/results/benchmark_vlm_qwen/vlm/stage4/evidence/frame00076_temporal_motion_check.png,temporal_triplet_overlay,"In the three-panel neighboring-frame view, do the brown predicted stick and green tracked stick move consistently without sudden jumps, wrong-object tracking, or physically implausible motion?",consistent|jumps_unnaturally|wrong_object_tracking|physically_implausible|unclear,mistral_llm_schema_validated,main_body|contact_region|support_region|tip_regions|grip_bands|background|unclear,hand_on_main_body|hand_on_contact_region|body_on_support_region|floor_support|persistent_two_palm_line|no_contact|unclear,forced_choice_gate_only_no_continuous_pose_or_loss,,,
,stick,stage4,77,,,3.166667,temporal_motion_check,/mnt/hdd/AudioHOI/samples_known_object/11_stick/results/benchmark_vlm_qwen/vlm/stage4/evidence/frame00077_temporal_motion_check.png,/mnt/hdd/AudioHOI/samples_known_object/11_stick/results/benchmark_vlm_qwen/vlm/stage4/evidence/frame00077_temporal_motion_check.png,temporal_triplet_overlay,"In the three-panel neighboring-frame view, do the brown predicted stick and green tracked stick move consistently without sudden jumps, wrong-object tracking, or physically implausible motion?",consistent|jumps_unnaturally|wrong_object_tracking|physically_implausible|unclear,mistral_llm_schema_validated,main_body|contact_region|support_region|tip_regions|grip_bands|background|unclear,hand_on_main_body|hand_on_contact_region|body_on_support_region|floor_support|persistent_two_palm_line|no_contact|unclear,forced_choice_gate_only_no_continuous_pose_or_loss,,,
,stick,stage4,78,,,3.208333,temporal_motion_check,/mnt/hdd/AudioHOI/samples_known_object/11_stick/results/benchmark_vlm_qwen/vlm/stage4/evidence/frame00078_temporal_motion_check.png,/mnt/hdd/AudioHOI/samples_known_object/11_stick/results/benchmark_vlm_qwen/vlm/stage4/evidence/frame00078_temporal_motion_check.png,temporal_triplet_overlay,"In the three-panel neighboring-frame view, do the brown predicted stick and green tracked stick move consistently without sudden jumps, wrong-object tracking, or physically implausible motion?",consistent|jumps_unnaturally|wrong_object_tracking|physically_implausible|unclear,mistral_llm_schema_validated,main_body|contact_region|support_region|tip_regions|grip_bands|background|unclear,hand_on_main_body|hand_on_contact_region|body_on_support_region|floor_support|persistent_two_palm_line|no_contact|unclear,forced_choice_gate_only_no_continuous_pose_or_loss,,,
,stick,stage4,79,,,3.250000,temporal_motion_check,/mnt/hdd/AudioHOI/samples_known_object/11_stick/results/benchmark_vlm_qwen/vlm/stage4/evidence/frame00079_temporal_motion_check.png,/mnt/hdd/AudioHOI/samples_known_object/11_stick/results/benchmark_vlm_qwen/vlm/stage4/evidence/frame00079_temporal_motion_check.png,temporal_triplet_overlay,"In the three-panel neighboring-frame view, do the brown predicted stick and green tracked stick move consistently without sudden jumps, wrong-object tracking, or physically implausible motion?",consistent|jumps_unnaturally|wrong_object_tracking|physically_implausible|unclear,mistral_llm_schema_validated,main_body|contact_region|support_region|tip_regions|grip_bands|background|unclear,hand_on_main_body|hand_on_contact_region|body_on_support_region|floor_support|persistent_two_palm_line|no_contact|unclear,forced_choice_gate_only_no_continuous_pose_or_loss,,,
,stick,stage4,80,,,3.291667,temporal_motion_check,/mnt/hdd/AudioHOI/samples_known_object/11_stick/results/benchmark_vlm_qwen/vlm/stage4/evidence/frame00080_temporal_motion_check.png,/mnt/hdd/AudioHOI/samples_known_object/11_stick/results/benchmark_vlm_qwen/vlm/stage4/evidence/frame00080_temporal_motion_check.png,temporal_triplet_overlay,"In the three-panel neighboring-frame view, do the brown predicted stick and green tracked stick move consistently without sudden jumps, wrong-object tracking, or physically implausible motion?",consistent|jumps_unnaturally|wrong_object_tracking|physically_implausible|unclear,mistral_llm_schema_validated,main_body|contact_region|support_region|tip_regions|grip_bands|background|unclear,hand_on_main_body|hand_on_contact_region|body_on_support_region|floor_support|persistent_two_palm_line|no_contact|unclear,forced_choice_gate_only_no_continuous_pose_or_loss,,,
,stick,stage4,81,,,3.333333,temporal_motion_check,/mnt/hdd/AudioHOI/samples_known_object/11_stick/results/benchmark_vlm_qwen/vlm/stage4/evidence/frame00081_temporal_motion_check.png,/mnt/hdd/AudioHOI/samples_known_object/11_stick/results/benchmark_vlm_qwen/vlm/stage4/evidence/frame00081_temporal_motion_check.png,temporal_triplet_overlay,"In the three-panel neighboring-frame view, do the brown predicted stick and green tracked stick move consistently without sudden jumps, wrong-object tracking, or physically implausible motion?",consistent|jumps_unnaturally|wrong_object_tracking|physically_implausible|unclear,mistral_llm_schema_validated,main_body|contact_region|support_region|tip_regions|grip_bands|background|unclear,hand_on_main_body|hand_on_contact_region|body_on_support_region|floor_support|persistent_two_palm_line|no_contact|unclear,forced_choice_gate_only_no_continuous_pose_or_loss,,,
,stick,stage4,82,,,3.375000,temporal_motion_check,/mnt/hdd/AudioHOI/samples_known_object/11_stick/results/benchmark_vlm_qwen/vlm/stage4/evidence/frame00082_temporal_motion_check.png,/mnt/hdd/AudioHOI/samples_known_object/11_stick/results/benchmark_vlm_qwen/vlm/stage4/evidence/frame00082_temporal_motion_check.png,temporal_triplet_overlay,"In the three-panel neighboring-frame view, do the brown predicted stick and green tracked stick move consistently without sudden jumps, wrong-object tracking, or physically implausible motion?",consistent|jumps_unnaturally|wrong_object_tracking|physically_implausible|unclear,mistral_llm_schema_validated,main_body|contact_region|support_region|tip_regions|grip_bands|background|unclear,hand_on_main_body|hand_on_contact_region|body_on_support_region|floor_support|persistent_two_palm_line|no_contact|unclear,forced_choice_gate_only_no_continuous_pose_or_loss,,,
,stick,stage4,83,,,3.416667,temporal_motion_check,/mnt/hdd/AudioHOI/samples_known_object/11_stick/results/benchmark_vlm_qwen/vlm/stage4/evidence/frame00083_temporal_motion_check.png,/mnt/hdd/AudioHOI/samples_known_object/11_stick/results/benchmark_vlm_qwen/vlm/stage4/evidence/frame00083_temporal_motion_check.png,temporal_triplet_overlay,"In the three-panel neighboring-frame view, do the brown predicted stick and green tracked stick move consistently without sudden jumps, wrong-object tracking, or physically implausible motion?",consistent|jumps_unnaturally|wrong_object_tracking|physically_implausible|unclear,mistral_llm_schema_validated,main_body|contact_region|support_region|tip_regions|grip_bands|background|unclear,hand_on_main_body|hand_on_contact_region|body_on_support_region|floor_support|persistent_two_palm_line|no_contact|unclear,forced_choice_gate_only_no_continuous_pose_or_loss,,,
,stick,stage4,84,,,3.458333,temporal_motion_check,/mnt/hdd/AudioHOI/samples_known_object/11_stick/results/benchmark_vlm_qwen/vlm/stage4/evidence/frame00084_temporal_motion_check.png,/mnt/hdd/AudioHOI/samples_known_object/11_stick/results/benchmark_vlm_qwen/vlm/stage4/evidence/frame00084_temporal_motion_check.png,temporal_triplet_overlay,"In the three-panel neighboring-frame view, do the brown predicted stick and green tracked stick move consistently without sudden jumps, wrong-object tracking, or physically implausible motion?",consistent|jumps_unnaturally|wrong_object_tracking|physically_implausible|unclear,mistral_llm_schema_validated,main_body|contact_region|support_region|tip_regions|grip_bands|background|unclear,hand_on_main_body|hand_on_contact_region|body_on_support_region|floor_support|persistent_two_palm_line|no_contact|unclear,forced_choice_gate_only_no_continuous_pose_or_loss,,,
,stick,stage4,85,,,3.500000,temporal_motion_check,/mnt/hdd/AudioHOI/samples_known_object/11_stick/results/benchmark_vlm_qwen/vlm/stage4/evidence/frame00085_temporal_motion_check.png,/mnt/hdd/AudioHOI/samples_known_object/11_stick/results/benchmark_vlm_qwen/vlm/stage4/evidence/frame00085_temporal_motion_check.png,temporal_triplet_overlay,"In the three-panel neighboring-frame view, do the brown predicted stick and green tracked stick move consistently without sudden jumps, wrong-object tracking, or physically implausible motion?",consistent|jumps_unnaturally|wrong_object_tracking|physically_implausible|unclear,mistral_llm_schema_validated,main_body|contact_region|support_region|tip_regions|grip_bands|background|unclear,hand_on_main_body|hand_on_contact_region|body_on_support_region|floor_support|persistent_two_palm_line|no_contact|unclear,forced_choice_gate_only_no_continuous_pose_or_loss,,,
,stick,stage4,86,,,3.541667,temporal_motion_check,/mnt/hdd/AudioHOI/samples_known_object/11_stick/results/benchmark_vlm_qwen/vlm/stage4/evidence/frame00086_temporal_motion_check.png,/mnt/hdd/AudioHOI/samples_known_object/11_stick/results/benchmark_vlm_qwen/vlm/stage4/evidence/frame00086_temporal_motion_check.png,temporal_triplet_overlay,"In the three-panel neighboring-frame view, do the brown predicted stick and green tracked stick move consistently without sudden jumps, wrong-object tracking, or physically implausible motion?",consistent|jumps_unnaturally|wrong_object_tracking|physically_implausible|unclear,mistral_llm_schema_validated,main_body|contact_region|support_region|tip_regions|grip_bands|background|unclear,hand_on_main_body|hand_on_contact_region|body_on_support_region|floor_support|persistent_two_palm_line|no_contact|unclear,forced_choice_gate_only_no_continuous_pose_or_loss,,,
,stick,stage4,87,,,3.583333,temporal_motion_check,/mnt/hdd/AudioHOI/samples_known_object/11_stick/results/benchmark_vlm_qwen/vlm/stage4/evidence/frame00087_temporal_motion_check.png,/mnt/hdd/AudioHOI/samples_known_object/11_stick/results/benchmark_vlm_qwen/vlm/stage4/evidence/frame00087_temporal_motion_check.png,temporal_triplet_overlay,"In the three-panel neighboring-frame view, do the brown predicted stick and green tracked stick move consistently without sudden jumps, wrong-object tracking, or physically implausible motion?",consistent|jumps_unnaturally|wrong_object_tracking|physically_implausible|unclear,mistral_llm_schema_validated,main_body|contact_region|support_region|tip_regions|grip_bands|background|unclear,hand_on_main_body|hand_on_contact_region|body_on_support_region|floor_support|persistent_two_palm_line|no_contact|unclear,forced_choice_gate_only_no_continuous_pose_or_loss,,,
,stick,stage4,88,,,3.625000,temporal_motion_check,/mnt/hdd/AudioHOI/samples_known_object/11_stick/results/benchmark_vlm_qwen/vlm/stage4/evidence/frame00088_temporal_motion_check.png,/mnt/hdd/AudioHOI/samples_known_object/11_stick/results/benchmark_vlm_qwen/vlm/stage4/evidence/frame00088_temporal_motion_check.png,temporal_triplet_overlay,"In the three-panel neighboring-frame view, do the brown predicted stick and green tracked stick move consistently without sudden jumps, wrong-object tracking, or physically implausible motion?",consistent|jumps_unnaturally|wrong_object_tracking|physically_implausible|unclear,mistral_llm_schema_validated,main_body|contact_region|support_region|tip_regions|grip_bands|background|unclear,hand_on_main_body|hand_on_contact_region|body_on_support_region|floor_support|persistent_two_palm_line|no_contact|unclear,forced_choice_gate_only_no_continuous_pose_or_loss,,,
,stick,stage4,89,,,3.666667,temporal_motion_check,/mnt/hdd/AudioHOI/samples_known_object/11_stick/results/benchmark_vlm_qwen/vlm/stage4/evidence/frame00089_temporal_motion_check.png,/mnt/hdd/AudioHOI/samples_known_object/11_stick/results/benchmark_vlm_qwen/vlm/stage4/evidence/frame00089_temporal_motion_check.png,temporal_triplet_overlay,"In the three-panel neighboring-frame view, do the brown predicted stick and green tracked stick move consistently without sudden jumps, wrong-object tracking, or physically implausible motion?",consistent|jumps_unnaturally|wrong_object_tracking|physically_implausible|unclear,mistral_llm_schema_validated,main_body|contact_region|support_region|tip_regions|grip_bands|background|unclear,hand_on_main_body|hand_on_contact_region|body_on_support_region|floor_support|persistent_two_palm_line|no_contact|unclear,forced_choice_gate_only_no_continuous_pose_or_loss,,,
,stick,stage4,90,,,3.708333,temporal_motion_check,/mnt/hdd/AudioHOI/samples_known_object/11_stick/results/benchmark_vlm_qwen/vlm/stage4/evidence/frame00090_temporal_motion_check.png,/mnt/hdd/AudioHOI/samples_known_object/11_stick/results/benchmark_vlm_qwen/vlm/stage4/evidence/frame00090_temporal_motion_check.png,temporal_triplet_overlay,"In the three-panel neighboring-frame view, do the brown predicted stick and green tracked stick move consistently without sudden jumps, wrong-object tracking, or physically implausible motion?",consistent|jumps_unnaturally|wrong_object_tracking|physically_implausible|unclear,mistral_llm_schema_validated,main_body|contact_region|support_region|tip_regions|grip_bands|background|unclear,hand_on_main_body|hand_on_contact_region|body_on_support_region|floor_support|persistent_two_palm_line|no_contact|unclear,forced_choice_gate_only_no_continuous_pose_or_loss,,,
,stick,stage4,91,,,3.750000,temporal_motion_check,/mnt/hdd/AudioHOI/samples_known_object/11_stick/results/benchmark_vlm_qwen/vlm/stage4/evidence/frame00091_temporal_motion_check.png,/mnt/hdd/AudioHOI/samples_known_object/11_stick/results/benchmark_vlm_qwen/vlm/stage4/evidence/frame00091_temporal_motion_check.png,temporal_triplet_overlay,"In the three-panel neighboring-frame view, do the brown predicted stick and green tracked stick move consistently without sudden jumps, wrong-object tracking, or physically implausible motion?",consistent|jumps_unnaturally|wrong_object_tracking|physically_implausible|unclear,mistral_llm_schema_validated,main_body|contact_region|support_region|tip_regions|grip_bands|background|unclear,hand_on_main_body|hand_on_contact_region|body_on_support_region|floor_support|persistent_two_palm_line|no_contact|unclear,forced_choice_gate_only_no_continuous_pose_or_loss,,,
,stick,stage4,92,,,3.791667,temporal_motion_check,/mnt/hdd/AudioHOI/samples_known_object/11_stick/results/benchmark_vlm_qwen/vlm/stage4/evidence/frame00092_temporal_motion_check.png,/mnt/hdd/AudioHOI/samples_known_object/11_stick/results/benchmark_vlm_qwen/vlm/stage4/evidence/frame00092_temporal_motion_check.png,temporal_triplet_overlay,"In the three-panel neighboring-frame view, do the brown predicted stick and green tracked stick move consistently without sudden jumps, wrong-object tracking, or physically implausible motion?",consistent|jumps_unnaturally|wrong_object_tracking|physically_implausible|unclear,mistral_llm_schema_validated,main_body|contact_region|support_region|tip_regions|grip_bands|background|unclear,hand_on_main_body|hand_on_contact_region|body_on_support_region|floor_support|persistent_two_palm_line|no_contact|unclear,forced_choice_gate_only_no_continuous_pose_or_loss,,,
,stick,stage4,93,,,3.833333,temporal_motion_check,/mnt/hdd/AudioHOI/samples_known_object/11_stick/results/benchmark_vlm_qwen/vlm/stage4/evidence/frame00093_temporal_motion_check.png,/mnt/hdd/AudioHOI/samples_known_object/11_stick/results/benchmark_vlm_qwen/vlm/stage4/evidence/frame00093_temporal_motion_check.png,temporal_triplet_overlay,"In the three-panel neighboring-frame view, do the brown predicted stick and green tracked stick move consistently without sudden jumps, wrong-object tracking, or physically implausible motion?",consistent|jumps_unnaturally|wrong_object_tracking|physically_implausible|unclear,mistral_llm_schema_validated,main_body|contact_region|support_region|tip_regions|grip_bands|background|unclear,hand_on_main_body|hand_on_contact_region|body_on_support_region|floor_support|persistent_two_palm_line|no_contact|unclear,forced_choice_gate_only_no_continuous_pose_or_loss,,,
,stick,stage4,94,,,3.875000,temporal_motion_check,/mnt/hdd/AudioHOI/samples_known_object/11_stick/results/benchmark_vlm_qwen/vlm/stage4/evidence/frame00094_temporal_motion_check.png,/mnt/hdd/AudioHOI/samples_known_object/11_stick/results/benchmark_vlm_qwen/vlm/stage4/evidence/frame00094_temporal_motion_check.png,temporal_triplet_overlay,"In the three-panel neighboring-frame view, do the brown predicted stick and green tracked stick move consistently without sudden jumps, wrong-object tracking, or physically implausible motion?",consistent|jumps_unnaturally|wrong_object_tracking|physically_implausible|unclear,mistral_llm_schema_validated,main_body|contact_region|support_region|tip_regions|grip_bands|background|unclear,hand_on_main_body|hand_on_contact_region|body_on_support_region|floor_support|persistent_two_palm_line|no_contact|unclear,forced_choice_gate_only_no_continuous_pose_or_loss,,,
,stick,stage4,95,,,3.916667,temporal_motion_check,/mnt/hdd/AudioHOI/samples_known_object/11_stick/results/benchmark_vlm_qwen/vlm/stage4/evidence/frame00095_temporal_motion_check.png,/mnt/hdd/AudioHOI/samples_known_object/11_stick/results/benchmark_vlm_qwen/vlm/stage4/evidence/frame00095_temporal_motion_check.png,temporal_triplet_overlay,"In the three-panel neighboring-frame view, do the brown predicted stick and green tracked stick move consistently without sudden jumps, wrong-object tracking, or physically implausible motion?",consistent|jumps_unnaturally|wrong_object_tracking|physically_implausible|unclear,mistral_llm_schema_validated,main_body|contact_region|support_region|tip_regions|grip_bands|background|unclear,hand_on_main_body|hand_on_contact_region|body_on_support_region|floor_support|persistent_two_palm_line|no_contact|unclear,forced_choice_gate_only_no_continuous_pose_or_loss,,,
,stick,stage4,96,,,3.958333,temporal_motion_check,/mnt/hdd/AudioHOI/samples_known_object/11_stick/results/benchmark_vlm_qwen/vlm/stage4/evidence/frame00096_temporal_motion_check.png,/mnt/hdd/AudioHOI/samples_known_object/11_stick/results/benchmark_vlm_qwen/vlm/stage4/evidence/frame00096_temporal_motion_check.png,temporal_triplet_overlay,"In the three-panel neighboring-frame view, do the brown predicted stick and green tracked stick move consistently without sudden jumps, wrong-object tracking, or physically implausible motion?",consistent|jumps_unnaturally|wrong_object_tracking|physically_implausible|unclear,mistral_llm_schema_validated,main_body|contact_region|support_region|tip_regions|grip_bands|background|unclear,hand_on_main_body|hand_on_contact_region|body_on_support_region|floor_support|persistent_two_palm_line|no_contact|unclear,forced_choice_gate_only_no_continuous_pose_or_loss,,,
,stick,stage4,97,,,4.000000,temporal_motion_check,/mnt/hdd/AudioHOI/samples_known_object/11_stick/results/benchmark_vlm_qwen/vlm/stage4/evidence/frame00097_temporal_motion_check.png,/mnt/hdd/AudioHOI/samples_known_object/11_stick/results/benchmark_vlm_qwen/vlm/stage4/evidence/frame00097_temporal_motion_check.png,temporal_triplet_overlay,"In the three-panel neighboring-frame view, do the brown predicted stick and green tracked stick move consistently without sudden jumps, wrong-object tracking, or physically implausible motion?",consistent|jumps_unnaturally|wrong_object_tracking|physically_implausible|unclear,mistral_llm_schema_validated,main_body|contact_region|support_region|tip_regions|grip_bands|background|unclear,hand_on_main_body|hand_on_contact_region|body_on_support_region|floor_support|persistent_two_palm_line|no_contact|unclear,forced_choice_gate_only_no_continuous_pose_or_loss,,,
,stick,stage4,98,,,4.041667,temporal_motion_check,/mnt/hdd/AudioHOI/samples_known_object/11_stick/results/benchmark_vlm_qwen/vlm/stage4/evidence/frame00098_temporal_motion_check.png,/mnt/hdd/AudioHOI/samples_known_object/11_stick/results/benchmark_vlm_qwen/vlm/stage4/evidence/frame00098_temporal_motion_check.png,temporal_triplet_overlay,"In the three-panel neighboring-frame view, do the brown predicted stick and green tracked stick move consistently without sudden jumps, wrong-object tracking, or physically implausible motion?",consistent|jumps_unnaturally|wrong_object_tracking|physically_implausible|unclear,mistral_llm_schema_validated,main_body|contact_region|support_region|tip_regions|grip_bands|background|unclear,hand_on_main_body|hand_on_contact_region|body_on_support_region|floor_support|persistent_two_palm_line|no_contact|unclear,forced_choice_gate_only_no_continuous_pose_or_loss,,,
,stick,stage4,99,,,4.083333,temporal_motion_check,/mnt/hdd/AudioHOI/samples_known_object/11_stick/results/benchmark_vlm_qwen/vlm/stage4/evidence/frame00099_temporal_motion_check.png,/mnt/hdd/AudioHOI/samples_known_object/11_stick/results/benchmark_vlm_qwen/vlm/stage4/evidence/frame00099_temporal_motion_check.png,temporal_triplet_overlay,"In the three-panel neighboring-frame view, do the brown predicted stick and green tracked stick move consistently without sudden jumps, wrong-object tracking, or physically implausible motion?",consistent|jumps_unnaturally|wrong_object_tracking|physically_implausible|unclear,mistral_llm_schema_validated,main_body|contact_region|support_region|tip_regions|grip_bands|background|unclear,hand_on_main_body|hand_on_contact_region|body_on_support_region|floor_support|persistent_two_palm_line|no_contact|unclear,forced_choice_gate_only_no_continuous_pose_or_loss,,,
,stick,stage4,100,,,4.125000,temporal_motion_check,/mnt/hdd/AudioHOI/samples_known_object/11_stick/results/benchmark_vlm_qwen/vlm/stage4/evidence/frame00100_temporal_motion_check.png,/mnt/hdd/AudioHOI/samples_known_object/11_stick/results/benchmark_vlm_qwen/vlm/stage4/evidence/frame00100_temporal_motion_check.png,temporal_triplet_overlay,"In the three-panel neighboring-frame view, do the brown predicted stick and green tracked stick move consistently without sudden jumps, wrong-object tracking, or physically implausible motion?",consistent|jumps_unnaturally|wrong_object_tracking|physically_implausible|unclear,mistral_llm_schema_validated,main_body|contact_region|support_region|tip_regions|grip_bands|background|unclear,hand_on_main_body|hand_on_contact_region|body_on_support_region|floor_support|persistent_two_palm_line|no_contact|unclear,forced_choice_gate_only_no_continuous_pose_or_loss,,,
,stick,stage4,101,,,4.166667,temporal_motion_check,/mnt/hdd/AudioHOI/samples_known_object/11_stick/results/benchmark_vlm_qwen/vlm/stage4/evidence/frame00101_temporal_motion_check.png,/mnt/hdd/AudioHOI/samples_known_object/11_stick/results/benchmark_vlm_qwen/vlm/stage4/evidence/frame00101_temporal_motion_check.png,temporal_triplet_overlay,"In the three-panel neighboring-frame view, do the brown predicted stick and green tracked stick move consistently without sudden jumps, wrong-object tracking, or physically implausible motion?",consistent|jumps_unnaturally|wrong_object_tracking|physically_implausible|unclear,mistral_llm_schema_validated,main_body|contact_region|support_region|tip_regions|grip_bands|background|unclear,hand_on_main_body|hand_on_contact_region|body_on_support_region|floor_support|persistent_two_palm_line|no_contact|unclear,forced_choice_gate_only_no_continuous_pose_or_loss,,,
,stick,stage4,102,,,4.208333,temporal_motion_check,/mnt/hdd/AudioHOI/samples_known_object/11_stick/results/benchmark_vlm_qwen/vlm/stage4/evidence/frame00102_temporal_motion_check.png,/mnt/hdd/AudioHOI/samples_known_object/11_stick/results/benchmark_vlm_qwen/vlm/stage4/evidence/frame00102_temporal_motion_check.png,temporal_triplet_overlay,"In the three-panel neighboring-frame view, do the brown predicted stick and green tracked stick move consistently without sudden jumps, wrong-object tracking, or physically implausible motion?",consistent|jumps_unnaturally|wrong_object_tracking|physically_implausible|unclear,mistral_llm_schema_validated,main_body|contact_region|support_region|tip_regions|grip_bands|background|unclear,hand_on_main_body|hand_on_contact_region|body_on_support_region|floor_support|persistent_two_palm_line|no_contact|unclear,forced_choice_gate_only_no_continuous_pose_or_loss,,,
,stick,stage4,103,,,4.250000,temporal_motion_check,/mnt/hdd/AudioHOI/samples_known_object/11_stick/results/benchmark_vlm_qwen/vlm/stage4/evidence/frame00103_temporal_motion_check.png,/mnt/hdd/AudioHOI/samples_known_object/11_stick/results/benchmark_vlm_qwen/vlm/stage4/evidence/frame00103_temporal_motion_check.png,temporal_triplet_overlay,"In the three-panel neighboring-frame view, do the brown predicted stick and green tracked stick move consistently without sudden jumps, wrong-object tracking, or physically implausible motion?",consistent|jumps_unnaturally|wrong_object_tracking|physically_implausible|unclear,mistral_llm_schema_validated,main_body|contact_region|support_region|tip_regions|grip_bands|background|unclear,hand_on_main_body|hand_on_contact_region|body_on_support_region|floor_support|persistent_two_palm_line|no_contact|unclear,forced_choice_gate_only_no_continuous_pose_or_loss,,,
,stick,stage4,104,,,4.291667,temporal_motion_check,/mnt/hdd/AudioHOI/samples_known_object/11_stick/results/benchmark_vlm_qwen/vlm/stage4/evidence/frame00104_temporal_motion_check.png,/mnt/hdd/AudioHOI/samples_known_object/11_stick/results/benchmark_vlm_qwen/vlm/stage4/evidence/frame00104_temporal_motion_check.png,temporal_triplet_overlay,"In the three-panel neighboring-frame view, do the brown predicted stick and green tracked stick move consistently without sudden jumps, wrong-object tracking, or physically implausible motion?",consistent|jumps_unnaturally|wrong_object_tracking|physically_implausible|unclear,mistral_llm_schema_validated,main_body|contact_region|support_region|tip_regions|grip_bands|background|unclear,hand_on_main_body|hand_on_contact_region|body_on_support_region|floor_support|persistent_two_palm_line|no_contact|unclear,forced_choice_gate_only_no_continuous_pose_or_loss,,,
,stick,stage4,105,,,4.333333,temporal_motion_check,/mnt/hdd/AudioHOI/samples_known_object/11_stick/results/benchmark_vlm_qwen/vlm/stage4/evidence/frame00105_temporal_motion_check.png,/mnt/hdd/AudioHOI/samples_known_object/11_stick/results/benchmark_vlm_qwen/vlm/stage4/evidence/frame00105_temporal_motion_check.png,temporal_triplet_overlay,"In the three-panel neighboring-frame view, do the brown predicted stick and green tracked stick move consistently without sudden jumps, wrong-object tracking, or physically implausible motion?",consistent|jumps_unnaturally|wrong_object_tracking|physically_implausible|unclear,mistral_llm_schema_validated,main_body|contact_region|support_region|tip_regions|grip_bands|background|unclear,hand_on_main_body|hand_on_contact_region|body_on_support_region|floor_support|persistent_two_palm_line|no_contact|unclear,forced_choice_gate_only_no_continuous_pose_or_loss,,,
,stick,stage4,106,,,4.375000,temporal_motion_check,/mnt/hdd/AudioHOI/samples_known_object/11_stick/results/benchmark_vlm_qwen/vlm/stage4/evidence/frame00106_temporal_motion_check.png,/mnt/hdd/AudioHOI/samples_known_object/11_stick/results/benchmark_vlm_qwen/vlm/stage4/evidence/frame00106_temporal_motion_check.png,temporal_triplet_overlay,"In the three-panel neighboring-frame view, do the brown predicted stick and green tracked stick move consistently without sudden jumps, wrong-object tracking, or physically implausible motion?",consistent|jumps_unnaturally|wrong_object_tracking|physically_implausible|unclear,mistral_llm_schema_validated,main_body|contact_region|support_region|tip_regions|grip_bands|background|unclear,hand_on_main_body|hand_on_contact_region|body_on_support_region|floor_support|persistent_two_palm_line|no_contact|unclear,forced_choice_gate_only_no_continuous_pose_or_loss,,,
,stick,stage4,107,,,4.416667,temporal_motion_check,/mnt/hdd/AudioHOI/samples_known_object/11_stick/results/benchmark_vlm_qwen/vlm/stage4/evidence/frame00107_temporal_motion_check.png,/mnt/hdd/AudioHOI/samples_known_object/11_stick/results/benchmark_vlm_qwen/vlm/stage4/evidence/frame00107_temporal_motion_check.png,temporal_triplet_overlay,"In the three-panel neighboring-frame view, do the brown predicted stick and green tracked stick move consistently without sudden jumps, wrong-object tracking, or physically implausible motion?",consistent|jumps_unnaturally|wrong_object_tracking|physically_implausible|unclear,mistral_llm_schema_validated,main_body|contact_region|support_region|tip_regions|grip_bands|background|unclear,hand_on_main_body|hand_on_contact_region|body_on_support_region|floor_support|persistent_two_palm_line|no_contact|unclear,forced_choice_gate_only_no_continuous_pose_or_loss,,,
,stick,stage4,108,,,4.458333,temporal_motion_check,/mnt/hdd/AudioHOI/samples_known_object/11_stick/results/benchmark_vlm_qwen/vlm/stage4/evidence/frame00108_temporal_motion_check.png,/mnt/hdd/AudioHOI/samples_known_object/11_stick/results/benchmark_vlm_qwen/vlm/stage4/evidence/frame00108_temporal_motion_check.png,temporal_triplet_overlay,"In the three-panel neighboring-frame view, do the brown predicted stick and green tracked stick move consistently without sudden jumps, wrong-object tracking, or physically implausible motion?",consistent|jumps_unnaturally|wrong_object_tracking|physically_implausible|unclear,mistral_llm_schema_validated,main_body|contact_region|support_region|tip_regions|grip_bands|background|unclear,hand_on_main_body|hand_on_contact_region|body_on_support_region|floor_support|persistent_two_palm_line|no_contact|unclear,forced_choice_gate_only_no_continuous_pose_or_loss,,,
,stick,stage4,109,,,4.500000,temporal_motion_check,/mnt/hdd/AudioHOI/samples_known_object/11_stick/results/benchmark_vlm_qwen/vlm/stage4/evidence/frame00109_temporal_motion_check.png,/mnt/hdd/AudioHOI/samples_known_object/11_stick/results/benchmark_vlm_qwen/vlm/stage4/evidence/frame00109_temporal_motion_check.png,temporal_triplet_overlay,"In the three-panel neighboring-frame view, do the brown predicted stick and green tracked stick move consistently without sudden jumps, wrong-object tracking, or physically implausible motion?",consistent|jumps_unnaturally|wrong_object_tracking|physically_implausible|unclear,mistral_llm_schema_validated,main_body|contact_region|support_region|tip_regions|grip_bands|background|unclear,hand_on_main_body|hand_on_contact_region|body_on_support_region|floor_support|persistent_two_palm_line|no_contact|unclear,forced_choice_gate_only_no_continuous_pose_or_loss,,,
,stick,stage4,110,,,4.541667,temporal_motion_check,/mnt/hdd/AudioHOI/samples_known_object/11_stick/results/benchmark_vlm_qwen/vlm/stage4/evidence/frame00110_temporal_motion_check.png,/mnt/hdd/AudioHOI/samples_known_object/11_stick/results/benchmark_vlm_qwen/vlm/stage4/evidence/frame00110_temporal_motion_check.png,temporal_triplet_overlay,"In the three-panel neighboring-frame view, do the brown predicted stick and green tracked stick move consistently without sudden jumps, wrong-object tracking, or physically implausible motion?",consistent|jumps_unnaturally|wrong_object_tracking|physically_implausible|unclear,mistral_llm_schema_validated,main_body|contact_region|support_region|tip_regions|grip_bands|background|unclear,hand_on_main_body|hand_on_contact_region|body_on_support_region|floor_support|persistent_two_palm_line|no_contact|unclear,forced_choice_gate_only_no_continuous_pose_or_loss,,,
,stick,stage4,111,,,4.583333,temporal_motion_check,/mnt/hdd/AudioHOI/samples_known_object/11_stick/results/benchmark_vlm_qwen/vlm/stage4/evidence/frame00111_temporal_motion_check.png,/mnt/hdd/AudioHOI/samples_known_object/11_stick/results/benchmark_vlm_qwen/vlm/stage4/evidence/frame00111_temporal_motion_check.png,temporal_triplet_overlay,"In the three-panel neighboring-frame view, do the brown predicted stick and green tracked stick move consistently without sudden jumps, wrong-object tracking, or physically implausible motion?",consistent|jumps_unnaturally|wrong_object_tracking|physically_implausible|unclear,mistral_llm_schema_validated,main_body|contact_region|support_region|tip_regions|grip_bands|background|unclear,hand_on_main_body|hand_on_contact_region|body_on_support_region|floor_support|persistent_two_palm_line|no_contact|unclear,forced_choice_gate_only_no_continuous_pose_or_loss,,,
,stick,stage4,112,,,4.625000,temporal_motion_check,/mnt/hdd/AudioHOI/samples_known_object/11_stick/results/benchmark_vlm_qwen/vlm/stage4/evidence/frame00112_temporal_motion_check.png,/mnt/hdd/AudioHOI/samples_known_object/11_stick/results/benchmark_vlm_qwen/vlm/stage4/evidence/frame00112_temporal_motion_check.png,temporal_triplet_overlay,"In the three-panel neighboring-frame view, do the brown predicted stick and green tracked stick move consistently without sudden jumps, wrong-object tracking, or physically implausible motion?",consistent|jumps_unnaturally|wrong_object_tracking|physically_implausible|unclear,mistral_llm_schema_validated,main_body|contact_region|support_region|tip_regions|grip_bands|background|unclear,hand_on_main_body|hand_on_contact_region|body_on_support_region|floor_support|persistent_two_palm_line|no_contact|unclear,forced_choice_gate_only_no_continuous_pose_or_loss,,,
,stick,stage4,113,,,4.666667,temporal_motion_check,/mnt/hdd/AudioHOI/samples_known_object/11_stick/results/benchmark_vlm_qwen/vlm/stage4/evidence/frame00113_temporal_motion_check.png,/mnt/hdd/AudioHOI/samples_known_object/11_stick/results/benchmark_vlm_qwen/vlm/stage4/evidence/frame00113_temporal_motion_check.png,temporal_triplet_overlay,"In the three-panel neighboring-frame view, do the brown predicted stick and green tracked stick move consistently without sudden jumps, wrong-object tracking, or physically implausible motion?",consistent|jumps_unnaturally|wrong_object_tracking|physically_implausible|unclear,mistral_llm_schema_validated,main_body|contact_region|support_region|tip_regions|grip_bands|background|unclear,hand_on_main_body|hand_on_contact_region|body_on_support_region|floor_support|persistent_two_palm_line|no_contact|unclear,forced_choice_gate_only_no_continuous_pose_or_loss,,,
,stick,stage4,114,,,4.708333,temporal_motion_check,/mnt/hdd/AudioHOI/samples_known_object/11_stick/results/benchmark_vlm_qwen/vlm/stage4/evidence/frame00114_temporal_motion_check.png,/mnt/hdd/AudioHOI/samples_known_object/11_stick/results/benchmark_vlm_qwen/vlm/stage4/evidence/frame00114_temporal_motion_check.png,temporal_triplet_overlay,"In the three-panel neighboring-frame view, do the brown predicted stick and green tracked stick move consistently without sudden jumps, wrong-object tracking, or physically implausible motion?",consistent|jumps_unnaturally|wrong_object_tracking|physically_implausible|unclear,mistral_llm_schema_validated,main_body|contact_region|support_region|tip_regions|grip_bands|background|unclear,hand_on_main_body|hand_on_contact_region|body_on_support_region|floor_support|persistent_two_palm_line|no_contact|unclear,forced_choice_gate_only_no_continuous_pose_or_loss,,,
,stick,stage4,115,,,4.750000,temporal_motion_check,/mnt/hdd/AudioHOI/samples_known_object/11_stick/results/benchmark_vlm_qwen/vlm/stage4/evidence/frame00115_temporal_motion_check.png,/mnt/hdd/AudioHOI/samples_known_object/11_stick/results/benchmark_vlm_qwen/vlm/stage4/evidence/frame00115_temporal_motion_check.png,temporal_triplet_overlay,"In the three-panel neighboring-frame view, do the brown predicted stick and green tracked stick move consistently without sudden jumps, wrong-object tracking, or physically implausible motion?",consistent|jumps_unnaturally|wrong_object_tracking|physically_implausible|unclear,mistral_llm_schema_validated,main_body|contact_region|support_region|tip_regions|grip_bands|background|unclear,hand_on_main_body|hand_on_contact_region|body_on_support_region|floor_support|persistent_two_palm_line|no_contact|unclear,forced_choice_gate_only_no_continuous_pose_or_loss,,,
,stick,stage4,116,,,4.791667,temporal_motion_check,/mnt/hdd/AudioHOI/samples_known_object/11_stick/results/benchmark_vlm_qwen/vlm/stage4/evidence/frame00116_temporal_motion_check.png,/mnt/hdd/AudioHOI/samples_known_object/11_stick/results/benchmark_vlm_qwen/vlm/stage4/evidence/frame00116_temporal_motion_check.png,temporal_triplet_overlay,"In the three-panel neighboring-frame view, do the brown predicted stick and green tracked stick move consistently without sudden jumps, wrong-object tracking, or physically implausible motion?",consistent|jumps_unnaturally|wrong_object_tracking|physically_implausible|unclear,mistral_llm_schema_validated,main_body|contact_region|support_region|tip_regions|grip_bands|background|unclear,hand_on_main_body|hand_on_contact_region|body_on_support_region|floor_support|persistent_two_palm_line|no_contact|unclear,forced_choice_gate_only_no_continuous_pose_or_loss,,,
,stick,stage4,117,,,4.833333,temporal_motion_check,/mnt/hdd/AudioHOI/samples_known_object/11_stick/results/benchmark_vlm_qwen/vlm/stage4/evidence/frame00117_temporal_motion_check.png,/mnt/hdd/AudioHOI/samples_known_object/11_stick/results/benchmark_vlm_qwen/vlm/stage4/evidence/frame00117_temporal_motion_check.png,temporal_triplet_overlay,"In the three-panel neighboring-frame view, do the brown predicted stick and green tracked stick move consistently without sudden jumps, wrong-object tracking, or physically implausible motion?",consistent|jumps_unnaturally|wrong_object_tracking|physically_implausible|unclear,mistral_llm_schema_validated,main_body|contact_region|support_region|tip_regions|grip_bands|background|unclear,hand_on_main_body|hand_on_contact_region|body_on_support_region|floor_support|persistent_two_palm_line|no_contact|unclear,forced_choice_gate_only_no_continuous_pose_or_loss,,,
,stick,stage4,118,,,4.875000,temporal_motion_check,/mnt/hdd/AudioHOI/samples_known_object/11_stick/results/benchmark_vlm_qwen/vlm/stage4/evidence/frame00118_temporal_motion_check.png,/mnt/hdd/AudioHOI/samples_known_object/11_stick/results/benchmark_vlm_qwen/vlm/stage4/evidence/frame00118_temporal_motion_check.png,temporal_triplet_overlay,"In the three-panel neighboring-frame view, do the brown predicted stick and green tracked stick move consistently without sudden jumps, wrong-object tracking, or physically implausible motion?",consistent|jumps_unnaturally|wrong_object_tracking|physically_implausible|unclear,mistral_llm_schema_validated,main_body|contact_region|support_region|tip_regions|grip_bands|background|unclear,hand_on_main_body|hand_on_contact_region|body_on_support_region|floor_support|persistent_two_palm_line|no_contact|unclear,forced_choice_gate_only_no_continuous_pose_or_loss,,,
,stick,stage4,119,,,4.916667,temporal_motion_check,/mnt/hdd/AudioHOI/samples_known_object/11_stick/results/benchmark_vlm_qwen/vlm/stage4/evidence/frame00119_temporal_motion_check.png,/mnt/hdd/AudioHOI/samples_known_object/11_stick/results/benchmark_vlm_qwen/vlm/stage4/evidence/frame00119_temporal_motion_check.png,temporal_triplet_overlay,"In the three-panel neighboring-frame view, do the brown predicted stick and green tracked stick move consistently without sudden jumps, wrong-object tracking, or physically implausible motion?",consistent|jumps_unnaturally|wrong_object_tracking|physically_implausible|unclear,mistral_llm_schema_validated,main_body|contact_region|support_region|tip_regions|grip_bands|background|unclear,hand_on_main_body|hand_on_contact_region|body_on_support_region|floor_support|persistent_two_palm_line|no_contact|unclear,forced_choice_gate_only_no_continuous_pose_or_loss,,,
,stick,stage4,120,,,4.958333,temporal_motion_check,/mnt/hdd/AudioHOI/samples_known_object/11_stick/results/benchmark_vlm_qwen/vlm/stage4/evidence/frame00120_temporal_motion_check.png,/mnt/hdd/AudioHOI/samples_known_object/11_stick/results/benchmark_vlm_qwen/vlm/stage4/evidence/frame00120_temporal_motion_check.png,temporal_triplet_overlay,"In the three-panel neighboring-frame view, do the brown predicted stick and green tracked stick move consistently without sudden jumps, wrong-object tracking, or physically implausible motion?",consistent|jumps_unnaturally|wrong_object_tracking|physically_implausible|unclear,mistral_llm_schema_validated,main_body|contact_region|support_region|tip_regions|grip_bands|background|unclear,hand_on_main_body|hand_on_contact_region|body_on_support_region|floor_support|persistent_two_palm_line|no_contact|unclear,forced_choice_gate_only_no_continuous_pose_or_loss,,,
,stick,stage4,121,,,5.000000,temporal_motion_check,/mnt/hdd/AudioHOI/samples_known_object/11_stick/results/benchmark_vlm_qwen/vlm/stage4/evidence/frame00121_temporal_motion_check.png,/mnt/hdd/AudioHOI/samples_known_object/11_stick/results/benchmark_vlm_qwen/vlm/stage4/evidence/frame00121_temporal_motion_check.png,temporal_triplet_overlay,"In the three-panel neighboring-frame view, do the brown predicted stick and green tracked stick move consistently without sudden jumps, wrong-object tracking, or physically implausible motion?",consistent|jumps_unnaturally|wrong_object_tracking|physically_implausible|unclear,mistral_llm_schema_validated,main_body|contact_region|support_region|tip_regions|grip_bands|background|unclear,hand_on_main_body|hand_on_contact_region|body_on_support_region|floor_support|persistent_two_palm_line|no_contact|unclear,forced_choice_gate_only_no_continuous_pose_or_loss,,,
,stick,stage4,122,,,5.041667,temporal_motion_check,/mnt/hdd/AudioHOI/samples_known_object/11_stick/results/benchmark_vlm_qwen/vlm/stage4/evidence/frame00122_temporal_motion_check.png,/mnt/hdd/AudioHOI/samples_known_object/11_stick/results/benchmark_vlm_qwen/vlm/stage4/evidence/frame00122_temporal_motion_check.png,temporal_triplet_overlay,"In the three-panel neighboring-frame view, do the brown predicted stick and green tracked stick move consistently without sudden jumps, wrong-object tracking, or physically implausible motion?",consistent|jumps_unnaturally|wrong_object_tracking|physically_implausible|unclear,mistral_llm_schema_validated,main_body|contact_region|support_region|tip_regions|grip_bands|background|unclear,hand_on_main_body|hand_on_contact_region|body_on_support_region|floor_support|persistent_two_palm_line|no_contact|unclear,forced_choice_gate_only_no_continuous_pose_or_loss,,,
,stick,stage4,123,,,5.083333,temporal_motion_check,/mnt/hdd/AudioHOI/samples_known_object/11_stick/results/benchmark_vlm_qwen/vlm/stage4/evidence/frame00123_temporal_motion_check.png,/mnt/hdd/AudioHOI/samples_known_object/11_stick/results/benchmark_vlm_qwen/vlm/stage4/evidence/frame00123_temporal_motion_check.png,temporal_triplet_overlay,"In the three-panel neighboring-frame view, do the brown predicted stick and green tracked stick move consistently without sudden jumps, wrong-object tracking, or physically implausible motion?",consistent|jumps_unnaturally|wrong_object_tracking|physically_implausible|unclear,mistral_llm_schema_validated,main_body|contact_region|support_region|tip_regions|grip_bands|background|unclear,hand_on_main_body|hand_on_contact_region|body_on_support_region|floor_support|persistent_two_palm_line|no_contact|unclear,forced_choice_gate_only_no_continuous_pose_or_loss,,,
,stick,stage4,124,,,5.125000,temporal_motion_check,/mnt/hdd/AudioHOI/samples_known_object/11_stick/results/benchmark_vlm_qwen/vlm/stage4/evidence/frame00124_temporal_motion_check.png,/mnt/hdd/AudioHOI/samples_known_object/11_stick/results/benchmark_vlm_qwen/vlm/stage4/evidence/frame00124_temporal_motion_check.png,temporal_triplet_overlay,"In the three-panel neighboring-frame view, do the brown predicted stick and green tracked stick move consistently without sudden jumps, wrong-object tracking, or physically implausible motion?",consistent|jumps_unnaturally|wrong_object_tracking|physically_implausible|unclear,mistral_llm_schema_validated,main_body|contact_region|support_region|tip_regions|grip_bands|background|unclear,hand_on_main_body|hand_on_contact_region|body_on_support_region|floor_support|persistent_two_palm_line|no_contact|unclear,forced_choice_gate_only_no_continuous_pose_or_loss,,,
,stick,stage4,125,,,5.166667,temporal_motion_check,/mnt/hdd/AudioHOI/samples_known_object/11_stick/results/benchmark_vlm_qwen/vlm/stage4/evidence/frame00125_temporal_motion_check.png,/mnt/hdd/AudioHOI/samples_known_object/11_stick/results/benchmark_vlm_qwen/vlm/stage4/evidence/frame00125_temporal_motion_check.png,temporal_triplet_overlay,"In the three-panel neighboring-frame view, do the brown predicted stick and green tracked stick move consistently without sudden jumps, wrong-object tracking, or physically implausible motion?",consistent|jumps_unnaturally|wrong_object_tracking|physically_implausible|unclear,mistral_llm_schema_validated,main_body|contact_region|support_region|tip_regions|grip_bands|background|unclear,hand_on_main_body|hand_on_contact_region|body_on_support_region|floor_support|persistent_two_palm_line|no_contact|unclear,forced_choice_gate_only_no_continuous_pose_or_loss,,,
,stick,stage4,126,,,5.208333,temporal_motion_check,/mnt/hdd/AudioHOI/samples_known_object/11_stick/results/benchmark_vlm_qwen/vlm/stage4/evidence/frame00126_temporal_motion_check.png,/mnt/hdd/AudioHOI/samples_known_object/11_stick/results/benchmark_vlm_qwen/vlm/stage4/evidence/frame00126_temporal_motion_check.png,temporal_triplet_overlay,"In the three-panel neighboring-frame view, do the brown predicted stick and green tracked stick move consistently without sudden jumps, wrong-object tracking, or physically implausible motion?",consistent|jumps_unnaturally|wrong_object_tracking|physically_implausible|unclear,mistral_llm_schema_validated,main_body|contact_region|support_region|tip_regions|grip_bands|background|unclear,hand_on_main_body|hand_on_contact_region|body_on_support_region|floor_support|persistent_two_palm_line|no_contact|unclear,forced_choice_gate_only_no_continuous_pose_or_loss,,,
,stick,stage4,127,,,5.250000,temporal_motion_check,/mnt/hdd/AudioHOI/samples_known_object/11_stick/results/benchmark_vlm_qwen/vlm/stage4/evidence/frame00127_temporal_motion_check.png,/mnt/hdd/AudioHOI/samples_known_object/11_stick/results/benchmark_vlm_qwen/vlm/stage4/evidence/frame00127_temporal_motion_check.png,temporal_triplet_overlay,"In the three-panel neighboring-frame view, do the brown predicted stick and green tracked stick move consistently without sudden jumps, wrong-object tracking, or physically implausible motion?",consistent|jumps_unnaturally|wrong_object_tracking|physically_implausible|unclear,mistral_llm_schema_validated,main_body|contact_region|support_region|tip_regions|grip_bands|background|unclear,hand_on_main_body|hand_on_contact_region|body_on_support_region|floor_support|persistent_two_palm_line|no_contact|unclear,forced_choice_gate_only_no_continuous_pose_or_loss,,,
,stick,stage4,128,,,5.291667,temporal_motion_check,/mnt/hdd/AudioHOI/samples_known_object/11_stick/results/benchmark_vlm_qwen/vlm/stage4/evidence/frame00128_temporal_motion_check.png,/mnt/hdd/AudioHOI/samples_known_object/11_stick/results/benchmark_vlm_qwen/vlm/stage4/evidence/frame00128_temporal_motion_check.png,temporal_triplet_overlay,"In the three-panel neighboring-frame view, do the brown predicted stick and green tracked stick move consistently without sudden jumps, wrong-object tracking, or physically implausible motion?",consistent|jumps_unnaturally|wrong_object_tracking|physically_implausible|unclear,mistral_llm_schema_validated,main_body|contact_region|support_region|tip_regions|grip_bands|background|unclear,hand_on_main_body|hand_on_contact_region|body_on_support_region|floor_support|persistent_two_palm_line|no_contact|unclear,forced_choice_gate_only_no_continuous_pose_or_loss,,,
,stick,stage4,129,,,5.333333,temporal_motion_check,/mnt/hdd/AudioHOI/samples_known_object/11_stick/results/benchmark_vlm_qwen/vlm/stage4/evidence/frame00129_temporal_motion_check.png,/mnt/hdd/AudioHOI/samples_known_object/11_stick/results/benchmark_vlm_qwen/vlm/stage4/evidence/frame00129_temporal_motion_check.png,temporal_triplet_overlay,"In the three-panel neighboring-frame view, do the brown predicted stick and green tracked stick move consistently without sudden jumps, wrong-object tracking, or physically implausible motion?",consistent|jumps_unnaturally|wrong_object_tracking|physically_implausible|unclear,mistral_llm_schema_validated,main_body|contact_region|support_region|tip_regions|grip_bands|background|unclear,hand_on_main_body|hand_on_contact_region|body_on_support_region|floor_support|persistent_two_palm_line|no_contact|unclear,forced_choice_gate_only_no_continuous_pose_or_loss,,,
,stick,stage4,130,,,5.375000,temporal_motion_check,/mnt/hdd/AudioHOI/samples_known_object/11_stick/results/benchmark_vlm_qwen/vlm/stage4/evidence/frame00130_temporal_motion_check.png,/mnt/hdd/AudioHOI/samples_known_object/11_stick/results/benchmark_vlm_qwen/vlm/stage4/evidence/frame00130_temporal_motion_check.png,temporal_triplet_overlay,"In the three-panel neighboring-frame view, do the brown predicted stick and green tracked stick move consistently without sudden jumps, wrong-object tracking, or physically implausible motion?",consistent|jumps_unnaturally|wrong_object_tracking|physically_implausible|unclear,mistral_llm_schema_validated,main_body|contact_region|support_region|tip_regions|grip_bands|background|unclear,hand_on_main_body|hand_on_contact_region|body_on_support_region|floor_support|persistent_two_palm_line|no_contact|unclear,forced_choice_gate_only_no_continuous_pose_or_loss,,,
,stick,stage4,131,,,5.416667,temporal_motion_check,/mnt/hdd/AudioHOI/samples_known_object/11_stick/results/benchmark_vlm_qwen/vlm/stage4/evidence/frame00131_temporal_motion_check.png,/mnt/hdd/AudioHOI/samples_known_object/11_stick/results/benchmark_vlm_qwen/vlm/stage4/evidence/frame00131_temporal_motion_check.png,temporal_triplet_overlay,"In the three-panel neighboring-frame view, do the brown predicted stick and green tracked stick move consistently without sudden jumps, wrong-object tracking, or physically implausible motion?",consistent|jumps_unnaturally|wrong_object_tracking|physically_implausible|unclear,mistral_llm_schema_validated,main_body|contact_region|support_region|tip_regions|grip_bands|background|unclear,hand_on_main_body|hand_on_contact_region|body_on_support_region|floor_support|persistent_two_palm_line|no_contact|unclear,forced_choice_gate_only_no_continuous_pose_or_loss,,,
,stick,stage4,132,,,5.458333,temporal_motion_check,/mnt/hdd/AudioHOI/samples_known_object/11_stick/results/benchmark_vlm_qwen/vlm/stage4/evidence/frame00132_temporal_motion_check.png,/mnt/hdd/AudioHOI/samples_known_object/11_stick/results/benchmark_vlm_qwen/vlm/stage4/evidence/frame00132_temporal_motion_check.png,temporal_triplet_overlay,"In the three-panel neighboring-frame view, do the brown predicted stick and green tracked stick move consistently without sudden jumps, wrong-object tracking, or physically implausible motion?",consistent|jumps_unnaturally|wrong_object_tracking|physically_implausible|unclear,mistral_llm_schema_validated,main_body|contact_region|support_region|tip_regions|grip_bands|background|unclear,hand_on_main_body|hand_on_contact_region|body_on_support_region|floor_support|persistent_two_palm_line|no_contact|unclear,forced_choice_gate_only_no_continuous_pose_or_loss,,,
,stick,stage4,133,,,5.500000,temporal_motion_check,/mnt/hdd/AudioHOI/samples_known_object/11_stick/results/benchmark_vlm_qwen/vlm/stage4/evidence/frame00133_temporal_motion_check.png,/mnt/hdd/AudioHOI/samples_known_object/11_stick/results/benchmark_vlm_qwen/vlm/stage4/evidence/frame00133_temporal_motion_check.png,temporal_triplet_overlay,"In the three-panel neighboring-frame view, do the brown predicted stick and green tracked stick move consistently without sudden jumps, wrong-object tracking, or physically implausible motion?",consistent|jumps_unnaturally|wrong_object_tracking|physically_implausible|unclear,mistral_llm_schema_validated,main_body|contact_region|support_region|tip_regions|grip_bands|background|unclear,hand_on_main_body|hand_on_contact_region|body_on_support_region|floor_support|persistent_two_palm_line|no_contact|unclear,forced_choice_gate_only_no_continuous_pose_or_loss,,,
,stick,stage4,134,,,5.541667,temporal_motion_check,/mnt/hdd/AudioHOI/samples_known_object/11_stick/results/benchmark_vlm_qwen/vlm/stage4/evidence/frame00134_temporal_motion_check.png,/mnt/hdd/AudioHOI/samples_known_object/11_stick/results/benchmark_vlm_qwen/vlm/stage4/evidence/frame00134_temporal_motion_check.png,temporal_triplet_overlay,"In the three-panel neighboring-frame view, do the brown predicted stick and green tracked stick move consistently without sudden jumps, wrong-object tracking, or physically implausible motion?",consistent|jumps_unnaturally|wrong_object_tracking|physically_implausible|unclear,mistral_llm_schema_validated,main_body|contact_region|support_region|tip_regions|grip_bands|background|unclear,hand_on_main_body|hand_on_contact_region|body_on_support_region|floor_support|persistent_two_palm_line|no_contact|unclear,forced_choice_gate_only_no_continuous_pose_or_loss,,,
,stick,stage4,135,,,5.583333,temporal_motion_check,/mnt/hdd/AudioHOI/samples_known_object/11_stick/results/benchmark_vlm_qwen/vlm/stage4/evidence/frame00135_temporal_motion_check.png,/mnt/hdd/AudioHOI/samples_known_object/11_stick/results/benchmark_vlm_qwen/vlm/stage4/evidence/frame00135_temporal_motion_check.png,temporal_triplet_overlay,"In the three-panel neighboring-frame view, do the brown predicted stick and green tracked stick move consistently without sudden jumps, wrong-object tracking, or physically implausible motion?",consistent|jumps_unnaturally|wrong_object_tracking|physically_implausible|unclear,mistral_llm_schema_validated,main_body|contact_region|support_region|tip_regions|grip_bands|background|unclear,hand_on_main_body|hand_on_contact_region|body_on_support_region|floor_support|persistent_two_palm_line|no_contact|unclear,forced_choice_gate_only_no_continuous_pose_or_loss,,,
,stick,stage4,136,,,5.625000,temporal_motion_check,/mnt/hdd/AudioHOI/samples_known_object/11_stick/results/benchmark_vlm_qwen/vlm/stage4/evidence/frame00136_temporal_motion_check.png,/mnt/hdd/AudioHOI/samples_known_object/11_stick/results/benchmark_vlm_qwen/vlm/stage4/evidence/frame00136_temporal_motion_check.png,temporal_triplet_overlay,"In the three-panel neighboring-frame view, do the brown predicted stick and green tracked stick move consistently without sudden jumps, wrong-object tracking, or physically implausible motion?",consistent|jumps_unnaturally|wrong_object_tracking|physically_implausible|unclear,mistral_llm_schema_validated,main_body|contact_region|support_region|tip_regions|grip_bands|background|unclear,hand_on_main_body|hand_on_contact_region|body_on_support_region|floor_support|persistent_two_palm_line|no_contact|unclear,forced_choice_gate_only_no_continuous_pose_or_loss,,,
,stick,stage4,137,,,5.666667,temporal_motion_check,/mnt/hdd/AudioHOI/samples_known_object/11_stick/results/benchmark_vlm_qwen/vlm/stage4/evidence/frame00137_temporal_motion_check.png,/mnt/hdd/AudioHOI/samples_known_object/11_stick/results/benchmark_vlm_qwen/vlm/stage4/evidence/frame00137_temporal_motion_check.png,temporal_triplet_overlay,"In the three-panel neighboring-frame view, do the brown predicted stick and green tracked stick move consistently without sudden jumps, wrong-object tracking, or physically implausible motion?",consistent|jumps_unnaturally|wrong_object_tracking|physically_implausible|unclear,mistral_llm_schema_validated,main_body|contact_region|support_region|tip_regions|grip_bands|background|unclear,hand_on_main_body|hand_on_contact_region|body_on_support_region|floor_support|persistent_two_palm_line|no_contact|unclear,forced_choice_gate_only_no_continuous_pose_or_loss,,,
,stick,stage4,138,,,5.708333,temporal_motion_check,/mnt/hdd/AudioHOI/samples_known_object/11_stick/results/benchmark_vlm_qwen/vlm/stage4/evidence/frame00138_temporal_motion_check.png,/mnt/hdd/AudioHOI/samples_known_object/11_stick/results/benchmark_vlm_qwen/vlm/stage4/evidence/frame00138_temporal_motion_check.png,temporal_triplet_overlay,"In the three-panel neighboring-frame view, do the brown predicted stick and green tracked stick move consistently without sudden jumps, wrong-object tracking, or physically implausible motion?",consistent|jumps_unnaturally|wrong_object_tracking|physically_implausible|unclear,mistral_llm_schema_validated,main_body|contact_region|support_region|tip_regions|grip_bands|background|unclear,hand_on_main_body|hand_on_contact_region|body_on_support_region|floor_support|persistent_two_palm_line|no_contact|unclear,forced_choice_gate_only_no_continuous_pose_or_loss,,,
,stick,stage4,139,,,5.750000,temporal_motion_check,/mnt/hdd/AudioHOI/samples_known_object/11_stick/results/benchmark_vlm_qwen/vlm/stage4/evidence/frame00139_temporal_motion_check.png,/mnt/hdd/AudioHOI/samples_known_object/11_stick/results/benchmark_vlm_qwen/vlm/stage4/evidence/frame00139_temporal_motion_check.png,temporal_triplet_overlay,"In the three-panel neighboring-frame view, do the brown predicted stick and green tracked stick move consistently without sudden jumps, wrong-object tracking, or physically implausible motion?",consistent|jumps_unnaturally|wrong_object_tracking|physically_implausible|unclear,mistral_llm_schema_validated,main_body|contact_region|support_region|tip_regions|grip_bands|background|unclear,hand_on_main_body|hand_on_contact_region|body_on_support_region|floor_support|persistent_two_palm_line|no_contact|unclear,forced_choice_gate_only_no_continuous_pose_or_loss,,,
,stick,stage4,140,,,5.791667,temporal_motion_check,/mnt/hdd/AudioHOI/samples_known_object/11_stick/results/benchmark_vlm_qwen/vlm/stage4/evidence/frame00140_temporal_motion_check.png,/mnt/hdd/AudioHOI/samples_known_object/11_stick/results/benchmark_vlm_qwen/vlm/stage4/evidence/frame00140_temporal_motion_check.png,temporal_triplet_overlay,"In the three-panel neighboring-frame view, do the brown predicted stick and green tracked stick move consistently without sudden jumps, wrong-object tracking, or physically implausible motion?",consistent|jumps_unnaturally|wrong_object_tracking|physically_implausible|unclear,mistral_llm_schema_validated,main_body|contact_region|support_region|tip_regions|grip_bands|background|unclear,hand_on_main_body|hand_on_contact_region|body_on_support_region|floor_support|persistent_two_palm_line|no_contact|unclear,forced_choice_gate_only_no_continuous_pose_or_loss,,,
,stick,stage4,141,,,5.833333,temporal_motion_check,/mnt/hdd/AudioHOI/samples_known_object/11_stick/results/benchmark_vlm_qwen/vlm/stage4/evidence/frame00141_temporal_motion_check.png,/mnt/hdd/AudioHOI/samples_known_object/11_stick/results/benchmark_vlm_qwen/vlm/stage4/evidence/frame00141_temporal_motion_check.png,temporal_triplet_overlay,"In the three-panel neighboring-frame view, do the brown predicted stick and green tracked stick move consistently without sudden jumps, wrong-object tracking, or physically implausible motion?",consistent|jumps_unnaturally|wrong_object_tracking|physically_implausible|unclear,mistral_llm_schema_validated,main_body|contact_region|support_region|tip_regions|grip_bands|background|unclear,hand_on_main_body|hand_on_contact_region|body_on_support_region|floor_support|persistent_two_palm_line|no_contact|unclear,forced_choice_gate_only_no_continuous_pose_or_loss,,,
,stick,stage4,142,,,5.875000,temporal_motion_check,/mnt/hdd/AudioHOI/samples_known_object/11_stick/results/benchmark_vlm_qwen/vlm/stage4/evidence/frame00142_temporal_motion_check.png,/mnt/hdd/AudioHOI/samples_known_object/11_stick/results/benchmark_vlm_qwen/vlm/stage4/evidence/frame00142_temporal_motion_check.png,temporal_triplet_overlay,"In the three-panel neighboring-frame view, do the brown predicted stick and green tracked stick move consistently without sudden jumps, wrong-object tracking, or physically implausible motion?",consistent|jumps_unnaturally|wrong_object_tracking|physically_implausible|unclear,mistral_llm_schema_validated,main_body|contact_region|support_region|tip_regions|grip_bands|background|unclear,hand_on_main_body|hand_on_contact_region|body_on_support_region|floor_support|persistent_two_palm_line|no_contact|unclear,forced_choice_gate_only_no_continuous_pose_or_loss,,,
,stick,stage4,143,,,5.916667,temporal_motion_check,/mnt/hdd/AudioHOI/samples_known_object/11_stick/results/benchmark_vlm_qwen/vlm/stage4/evidence/frame00143_temporal_motion_check.png,/mnt/hdd/AudioHOI/samples_known_object/11_stick/results/benchmark_vlm_qwen/vlm/stage4/evidence/frame00143_temporal_motion_check.png,temporal_triplet_overlay,"In the three-panel neighboring-frame view, do the brown predicted stick and green tracked stick move consistently without sudden jumps, wrong-object tracking, or physically implausible motion?",consistent|jumps_unnaturally|wrong_object_tracking|physically_implausible|unclear,mistral_llm_schema_validated,main_body|contact_region|support_region|tip_regions|grip_bands|background|unclear,hand_on_main_body|hand_on_contact_region|body_on_support_region|floor_support|persistent_two_palm_line|no_contact|unclear,forced_choice_gate_only_no_continuous_pose_or_loss,,,
,stick,stage4,144,,,5.958333,temporal_motion_check,/mnt/hdd/AudioHOI/samples_known_object/11_stick/results/benchmark_vlm_qwen/vlm/stage4/evidence/frame00144_temporal_motion_check.png,/mnt/hdd/AudioHOI/samples_known_object/11_stick/results/benchmark_vlm_qwen/vlm/stage4/evidence/frame00144_temporal_motion_check.png,temporal_triplet_overlay,"In the three-panel neighboring-frame view, do the brown predicted stick and green tracked stick move consistently without sudden jumps, wrong-object tracking, or physically implausible motion?",consistent|jumps_unnaturally|wrong_object_tracking|physically_implausible|unclear,mistral_llm_schema_validated,main_body|contact_region|support_region|tip_regions|grip_bands|background|unclear,hand_on_main_body|hand_on_contact_region|body_on_support_region|floor_support|persistent_two_palm_line|no_contact|unclear,forced_choice_gate_only_no_continuous_pose_or_loss,,,
,stick,stage4,145,,,6.000000,temporal_motion_check,/mnt/hdd/AudioHOI/samples_known_object/11_stick/results/benchmark_vlm_qwen/vlm/stage4/evidence/frame00145_temporal_motion_check.png,/mnt/hdd/AudioHOI/samples_known_object/11_stick/results/benchmark_vlm_qwen/vlm/stage4/evidence/frame00145_temporal_motion_check.png,temporal_triplet_overlay,"In the three-panel neighboring-frame view, do the brown predicted stick and green tracked stick move consistently without sudden jumps, wrong-object tracking, or physically implausible motion?",consistent|jumps_unnaturally|wrong_object_tracking|physically_implausible|unclear,mistral_llm_schema_validated,main_body|contact_region|support_region|tip_regions|grip_bands|background|unclear,hand_on_main_body|hand_on_contact_region|body_on_support_region|floor_support|persistent_two_palm_line|no_contact|unclear,forced_choice_gate_only_no_continuous_pose_or_loss,,,
,stick,stage4,146,,,6.041667,temporal_motion_check,/mnt/hdd/AudioHOI/samples_known_object/11_stick/results/benchmark_vlm_qwen/vlm/stage4/evidence/frame00146_temporal_motion_check.png,/mnt/hdd/AudioHOI/samples_known_object/11_stick/results/benchmark_vlm_qwen/vlm/stage4/evidence/frame00146_temporal_motion_check.png,temporal_triplet_overlay,"In the three-panel neighboring-frame view, do the brown predicted stick and green tracked stick move consistently without sudden jumps, wrong-object tracking, or physically implausible motion?",consistent|jumps_unnaturally|wrong_object_tracking|physically_implausible|unclear,mistral_llm_schema_validated,main_body|contact_region|support_region|tip_regions|grip_bands|background|unclear,hand_on_main_body|hand_on_contact_region|body_on_support_region|floor_support|persistent_two_palm_line|no_contact|unclear,forced_choice_gate_only_no_continuous_pose_or_loss,,,
,stick,stage4,147,,,6.083333,temporal_motion_check,/mnt/hdd/AudioHOI/samples_known_object/11_stick/results/benchmark_vlm_qwen/vlm/stage4/evidence/frame00147_temporal_motion_check.png,/mnt/hdd/AudioHOI/samples_known_object/11_stick/results/benchmark_vlm_qwen/vlm/stage4/evidence/frame00147_temporal_motion_check.png,temporal_triplet_overlay,"In the three-panel neighboring-frame view, do the brown predicted stick and green tracked stick move consistently without sudden jumps, wrong-object tracking, or physically implausible motion?",consistent|jumps_unnaturally|wrong_object_tracking|physically_implausible|unclear,mistral_llm_schema_validated,main_body|contact_region|support_region|tip_regions|grip_bands|background|unclear,hand_on_main_body|hand_on_contact_region|body_on_support_region|floor_support|persistent_two_palm_line|no_contact|unclear,forced_choice_gate_only_no_continuous_pose_or_loss,,,
,stick,stage4,148,,,6.125000,temporal_motion_check,/mnt/hdd/AudioHOI/samples_known_object/11_stick/results/benchmark_vlm_qwen/vlm/stage4/evidence/frame00148_temporal_motion_check.png,/mnt/hdd/AudioHOI/samples_known_object/11_stick/results/benchmark_vlm_qwen/vlm/stage4/evidence/frame00148_temporal_motion_check.png,temporal_triplet_overlay,"In the three-panel neighboring-frame view, do the brown predicted stick and green tracked stick move consistently without sudden jumps, wrong-object tracking, or physically implausible motion?",consistent|jumps_unnaturally|wrong_object_tracking|physically_implausible|unclear,mistral_llm_schema_validated,main_body|contact_region|support_region|tip_regions|grip_bands|background|unclear,hand_on_main_body|hand_on_contact_region|body_on_support_region|floor_support|persistent_two_palm_line|no_contact|unclear,forced_choice_gate_only_no_continuous_pose_or_loss,,,
,stick,stage4,149,,,6.166667,temporal_motion_check,/mnt/hdd/AudioHOI/samples_known_object/11_stick/results/benchmark_vlm_qwen/vlm/stage4/evidence/frame00149_temporal_motion_check.png,/mnt/hdd/AudioHOI/samples_known_object/11_stick/results/benchmark_vlm_qwen/vlm/stage4/evidence/frame00149_temporal_motion_check.png,temporal_triplet_overlay,"In the three-panel neighboring-frame view, do the brown predicted stick and green tracked stick move consistently without sudden jumps, wrong-object tracking, or physically implausible motion?",consistent|jumps_unnaturally|wrong_object_tracking|physically_implausible|unclear,mistral_llm_schema_validated,main_body|contact_region|support_region|tip_regions|grip_bands|background|unclear,hand_on_main_body|hand_on_contact_region|body_on_support_region|floor_support|persistent_two_palm_line|no_contact|unclear,forced_choice_gate_only_no_continuous_pose_or_loss,,,
,stick,stage4,150,,,6.208333,temporal_motion_check,/mnt/hdd/AudioHOI/samples_known_object/11_stick/results/benchmark_vlm_qwen/vlm/stage4/evidence/frame00150_temporal_motion_check.png,/mnt/hdd/AudioHOI/samples_known_object/11_stick/results/benchmark_vlm_qwen/vlm/stage4/evidence/frame00150_temporal_motion_check.png,temporal_triplet_overlay,"In the three-panel neighboring-frame view, do the brown predicted stick and green tracked stick move consistently without sudden jumps, wrong-object tracking, or physically implausible motion?",consistent|jumps_unnaturally|wrong_object_tracking|physically_implausible|unclear,mistral_llm_schema_validated,main_body|contact_region|support_region|tip_regions|grip_bands|background|unclear,hand_on_main_body|hand_on_contact_region|body_on_support_region|floor_support|persistent_two_palm_line|no_contact|unclear,forced_choice_gate_only_no_continuous_pose_or_loss,,,
,stick,stage4,151,,,6.250000,temporal_motion_check,/mnt/hdd/AudioHOI/samples_known_object/11_stick/results/benchmark_vlm_qwen/vlm/stage4/evidence/frame00151_temporal_motion_check.png,/mnt/hdd/AudioHOI/samples_known_object/11_stick/results/benchmark_vlm_qwen/vlm/stage4/evidence/frame00151_temporal_motion_check.png,temporal_triplet_overlay,"In the three-panel neighboring-frame view, do the brown predicted stick and green tracked stick move consistently without sudden jumps, wrong-object tracking, or physically implausible motion?",consistent|jumps_unnaturally|wrong_object_tracking|physically_implausible|unclear,mistral_llm_schema_validated,main_body|contact_region|support_region|tip_regions|grip_bands|background|unclear,hand_on_main_body|hand_on_contact_region|body_on_support_region|floor_support|persistent_two_palm_line|no_contact|unclear,forced_choice_gate_only_no_continuous_pose_or_loss,,,
,stick,stage4,152,,,6.291667,temporal_motion_check,/mnt/hdd/AudioHOI/samples_known_object/11_stick/results/benchmark_vlm_qwen/vlm/stage4/evidence/frame00152_temporal_motion_check.png,/mnt/hdd/AudioHOI/samples_known_object/11_stick/results/benchmark_vlm_qwen/vlm/stage4/evidence/frame00152_temporal_motion_check.png,temporal_triplet_overlay,"In the three-panel neighboring-frame view, do the brown predicted stick and green tracked stick move consistently without sudden jumps, wrong-object tracking, or physically implausible motion?",consistent|jumps_unnaturally|wrong_object_tracking|physically_implausible|unclear,mistral_llm_schema_validated,main_body|contact_region|support_region|tip_regions|grip_bands|background|unclear,hand_on_main_body|hand_on_contact_region|body_on_support_region|floor_support|persistent_two_palm_line|no_contact|unclear,forced_choice_gate_only_no_continuous_pose_or_loss,,,
,stick,stage4,153,,,6.333333,temporal_motion_check,/mnt/hdd/AudioHOI/samples_known_object/11_stick/results/benchmark_vlm_qwen/vlm/stage4/evidence/frame00153_temporal_motion_check.png,/mnt/hdd/AudioHOI/samples_known_object/11_stick/results/benchmark_vlm_qwen/vlm/stage4/evidence/frame00153_temporal_motion_check.png,temporal_triplet_overlay,"In the three-panel neighboring-frame view, do the brown predicted stick and green tracked stick move consistently without sudden jumps, wrong-object tracking, or physically implausible motion?",consistent|jumps_unnaturally|wrong_object_tracking|physically_implausible|unclear,mistral_llm_schema_validated,main_body|contact_region|support_region|tip_regions|grip_bands|background|unclear,hand_on_main_body|hand_on_contact_region|body_on_support_region|floor_support|persistent_two_palm_line|no_contact|unclear,forced_choice_gate_only_no_continuous_pose_or_loss,,,
,stick,stage4,154,,,6.375000,temporal_motion_check,/mnt/hdd/AudioHOI/samples_known_object/11_stick/results/benchmark_vlm_qwen/vlm/stage4/evidence/frame00154_temporal_motion_check.png,/mnt/hdd/AudioHOI/samples_known_object/11_stick/results/benchmark_vlm_qwen/vlm/stage4/evidence/frame00154_temporal_motion_check.png,temporal_triplet_overlay,"In the three-panel neighboring-frame view, do the brown predicted stick and green tracked stick move consistently without sudden jumps, wrong-object tracking, or physically implausible motion?",consistent|jumps_unnaturally|wrong_object_tracking|physically_implausible|unclear,mistral_llm_schema_validated,main_body|contact_region|support_region|tip_regions|grip_bands|background|unclear,hand_on_main_body|hand_on_contact_region|body_on_support_region|floor_support|persistent_two_palm_line|no_contact|unclear,forced_choice_gate_only_no_continuous_pose_or_loss,,,
,stick,stage4,155,,,6.416667,temporal_motion_check,/mnt/hdd/AudioHOI/samples_known_object/11_stick/results/benchmark_vlm_qwen/vlm/stage4/evidence/frame00155_temporal_motion_check.png,/mnt/hdd/AudioHOI/samples_known_object/11_stick/results/benchmark_vlm_qwen/vlm/stage4/evidence/frame00155_temporal_motion_check.png,temporal_triplet_overlay,"In the three-panel neighboring-frame view, do the brown predicted stick and green tracked stick move consistently without sudden jumps, wrong-object tracking, or physically implausible motion?",consistent|jumps_unnaturally|wrong_object_tracking|physically_implausible|unclear,mistral_llm_schema_validated,main_body|contact_region|support_region|tip_regions|grip_bands|background|unclear,hand_on_main_body|hand_on_contact_region|body_on_support_region|floor_support|persistent_two_palm_line|no_contact|unclear,forced_choice_gate_only_no_continuous_pose_or_loss,,,
,stick,stage4,156,,,6.458333,temporal_motion_check,/mnt/hdd/AudioHOI/samples_known_object/11_stick/results/benchmark_vlm_qwen/vlm/stage4/evidence/frame00156_temporal_motion_check.png,/mnt/hdd/AudioHOI/samples_known_object/11_stick/results/benchmark_vlm_qwen/vlm/stage4/evidence/frame00156_temporal_motion_check.png,temporal_triplet_overlay,"In the three-panel neighboring-frame view, do the brown predicted stick and green tracked stick move consistently without sudden jumps, wrong-object tracking, or physically implausible motion?",consistent|jumps_unnaturally|wrong_object_tracking|physically_implausible|unclear,mistral_llm_schema_validated,main_body|contact_region|support_region|tip_regions|grip_bands|background|unclear,hand_on_main_body|hand_on_contact_region|body_on_support_region|floor_support|persistent_two_palm_line|no_contact|unclear,forced_choice_gate_only_no_continuous_pose_or_loss,,,
,stick,stage4,157,,,6.500000,temporal_motion_check,/mnt/hdd/AudioHOI/samples_known_object/11_stick/results/benchmark_vlm_qwen/vlm/stage4/evidence/frame00157_temporal_motion_check.png,/mnt/hdd/AudioHOI/samples_known_object/11_stick/results/benchmark_vlm_qwen/vlm/stage4/evidence/frame00157_temporal_motion_check.png,temporal_triplet_overlay,"In the three-panel neighboring-frame view, do the brown predicted stick and green tracked stick move consistently without sudden jumps, wrong-object tracking, or physically implausible motion?",consistent|jumps_unnaturally|wrong_object_tracking|physically_implausible|unclear,mistral_llm_schema_validated,main_body|contact_region|support_region|tip_regions|grip_bands|background|unclear,hand_on_main_body|hand_on_contact_region|body_on_support_region|floor_support|persistent_two_palm_line|no_contact|unclear,forced_choice_gate_only_no_continuous_pose_or_loss,,,
,stick,stage4,158,,,6.541667,temporal_motion_check,/mnt/hdd/AudioHOI/samples_known_object/11_stick/results/benchmark_vlm_qwen/vlm/stage4/evidence/frame00158_temporal_motion_check.png,/mnt/hdd/AudioHOI/samples_known_object/11_stick/results/benchmark_vlm_qwen/vlm/stage4/evidence/frame00158_temporal_motion_check.png,temporal_triplet_overlay,"In the three-panel neighboring-frame view, do the brown predicted stick and green tracked stick move consistently without sudden jumps, wrong-object tracking, or physically implausible motion?",consistent|jumps_unnaturally|wrong_object_tracking|physically_implausible|unclear,mistral_llm_schema_validated,main_body|contact_region|support_region|tip_regions|grip_bands|background|unclear,hand_on_main_body|hand_on_contact_region|body_on_support_region|floor_support|persistent_two_palm_line|no_contact|unclear,forced_choice_gate_only_no_continuous_pose_or_loss,,,
,stick,stage4,159,,,6.583333,temporal_motion_check,/mnt/hdd/AudioHOI/samples_known_object/11_stick/results/benchmark_vlm_qwen/vlm/stage4/evidence/frame00159_temporal_motion_check.png,/mnt/hdd/AudioHOI/samples_known_object/11_stick/results/benchmark_vlm_qwen/vlm/stage4/evidence/frame00159_temporal_motion_check.png,temporal_triplet_overlay,"In the three-panel neighboring-frame view, do the brown predicted stick and green tracked stick move consistently without sudden jumps, wrong-object tracking, or physically implausible motion?",consistent|jumps_unnaturally|wrong_object_tracking|physically_implausible|unclear,mistral_llm_schema_validated,main_body|contact_region|support_region|tip_regions|grip_bands|background|unclear,hand_on_main_body|hand_on_contact_region|body_on_support_region|floor_support|persistent_two_palm_line|no_contact|unclear,forced_choice_gate_only_no_continuous_pose_or_loss,,,
,stick,stage4,160,,,6.625000,temporal_motion_check,/mnt/hdd/AudioHOI/samples_known_object/11_stick/results/benchmark_vlm_qwen/vlm/stage4/evidence/frame00160_temporal_motion_check.png,/mnt/hdd/AudioHOI/samples_known_object/11_stick/results/benchmark_vlm_qwen/vlm/stage4/evidence/frame00160_temporal_motion_check.png,temporal_triplet_overlay,"In the three-panel neighboring-frame view, do the brown predicted stick and green tracked stick move consistently without sudden jumps, wrong-object tracking, or physically implausible motion?",consistent|jumps_unnaturally|wrong_object_tracking|physically_implausible|unclear,mistral_llm_schema_validated,main_body|contact_region|support_region|tip_regions|grip_bands|background|unclear,hand_on_main_body|hand_on_contact_region|body_on_support_region|floor_support|persistent_two_palm_line|no_contact|unclear,forced_choice_gate_only_no_continuous_pose_or_loss,,,
,stick,stage4,161,,,6.666667,temporal_motion_check,/mnt/hdd/AudioHOI/samples_known_object/11_stick/results/benchmark_vlm_qwen/vlm/stage4/evidence/frame00161_temporal_motion_check.png,/mnt/hdd/AudioHOI/samples_known_object/11_stick/results/benchmark_vlm_qwen/vlm/stage4/evidence/frame00161_temporal_motion_check.png,temporal_triplet_overlay,"In the three-panel neighboring-frame view, do the brown predicted stick and green tracked stick move consistently without sudden jumps, wrong-object tracking, or physically implausible motion?",consistent|jumps_unnaturally|wrong_object_tracking|physically_implausible|unclear,mistral_llm_schema_validated,main_body|contact_region|support_region|tip_regions|grip_bands|background|unclear,hand_on_main_body|hand_on_contact_region|body_on_support_region|floor_support|persistent_two_palm_line|no_contact|unclear,forced_choice_gate_only_no_continuous_pose_or_loss,,,
,stick,stage4,162,,,6.708333,temporal_motion_check,/mnt/hdd/AudioHOI/samples_known_object/11_stick/results/benchmark_vlm_qwen/vlm/stage4/evidence/frame00162_temporal_motion_check.png,/mnt/hdd/AudioHOI/samples_known_object/11_stick/results/benchmark_vlm_qwen/vlm/stage4/evidence/frame00162_temporal_motion_check.png,temporal_triplet_overlay,"In the three-panel neighboring-frame view, do the brown predicted stick and green tracked stick move consistently without sudden jumps, wrong-object tracking, or physically implausible motion?",consistent|jumps_unnaturally|wrong_object_tracking|physically_implausible|unclear,mistral_llm_schema_validated,main_body|contact_region|support_region|tip_regions|grip_bands|background|unclear,hand_on_main_body|hand_on_contact_region|body_on_support_region|floor_support|persistent_two_palm_line|no_contact|unclear,forced_choice_gate_only_no_continuous_pose_or_loss,,,
,stick,stage4,163,,,6.750000,temporal_motion_check,/mnt/hdd/AudioHOI/samples_known_object/11_stick/results/benchmark_vlm_qwen/vlm/stage4/evidence/frame00163_temporal_motion_check.png,/mnt/hdd/AudioHOI/samples_known_object/11_stick/results/benchmark_vlm_qwen/vlm/stage4/evidence/frame00163_temporal_motion_check.png,temporal_triplet_overlay,"In the three-panel neighboring-frame view, do the brown predicted stick and green tracked stick move consistently without sudden jumps, wrong-object tracking, or physically implausible motion?",consistent|jumps_unnaturally|wrong_object_tracking|physically_implausible|unclear,mistral_llm_schema_validated,main_body|contact_region|support_region|tip_regions|grip_bands|background|unclear,hand_on_main_body|hand_on_contact_region|body_on_support_region|floor_support|persistent_two_palm_line|no_contact|unclear,forced_choice_gate_only_no_continuous_pose_or_loss,,,
,stick,stage4,164,,,6.791667,temporal_motion_check,/mnt/hdd/AudioHOI/samples_known_object/11_stick/results/benchmark_vlm_qwen/vlm/stage4/evidence/frame00164_temporal_motion_check.png,/mnt/hdd/AudioHOI/samples_known_object/11_stick/results/benchmark_vlm_qwen/vlm/stage4/evidence/frame00164_temporal_motion_check.png,temporal_triplet_overlay,"In the three-panel neighboring-frame view, do the brown predicted stick and green tracked stick move consistently without sudden jumps, wrong-object tracking, or physically implausible motion?",consistent|jumps_unnaturally|wrong_object_tracking|physically_implausible|unclear,mistral_llm_schema_validated,main_body|contact_region|support_region|tip_regions|grip_bands|background|unclear,hand_on_main_body|hand_on_contact_region|body_on_support_region|floor_support|persistent_two_palm_line|no_contact|unclear,forced_choice_gate_only_no_continuous_pose_or_loss,,,
,stick,stage4,165,,,6.833333,temporal_motion_check,/mnt/hdd/AudioHOI/samples_known_object/11_stick/results/benchmark_vlm_qwen/vlm/stage4/evidence/frame00165_temporal_motion_check.png,/mnt/hdd/AudioHOI/samples_known_object/11_stick/results/benchmark_vlm_qwen/vlm/stage4/evidence/frame00165_temporal_motion_check.png,temporal_triplet_overlay,"In the three-panel neighboring-frame view, do the brown predicted stick and green tracked stick move consistently without sudden jumps, wrong-object tracking, or physically implausible motion?",consistent|jumps_unnaturally|wrong_object_tracking|physically_implausible|unclear,mistral_llm_schema_validated,main_body|contact_region|support_region|tip_regions|grip_bands|background|unclear,hand_on_main_body|hand_on_contact_region|body_on_support_region|floor_support|persistent_two_palm_line|no_contact|unclear,forced_choice_gate_only_no_continuous_pose_or_loss,,,
,stick,stage4,166,,,6.875000,temporal_motion_check,/mnt/hdd/AudioHOI/samples_known_object/11_stick/results/benchmark_vlm_qwen/vlm/stage4/evidence/frame00166_temporal_motion_check.png,/mnt/hdd/AudioHOI/samples_known_object/11_stick/results/benchmark_vlm_qwen/vlm/stage4/evidence/frame00166_temporal_motion_check.png,temporal_triplet_overlay,"In the three-panel neighboring-frame view, do the brown predicted stick and green tracked stick move consistently without sudden jumps, wrong-object tracking, or physically implausible motion?",consistent|jumps_unnaturally|wrong_object_tracking|physically_implausible|unclear,mistral_llm_schema_validated,main_body|contact_region|support_region|tip_regions|grip_bands|background|unclear,hand_on_main_body|hand_on_contact_region|body_on_support_region|floor_support|persistent_two_palm_line|no_contact|unclear,forced_choice_gate_only_no_continuous_pose_or_loss,,,
,stick,stage4,167,,,6.916667,temporal_motion_check,/mnt/hdd/AudioHOI/samples_known_object/11_stick/results/benchmark_vlm_qwen/vlm/stage4/evidence/frame00167_temporal_motion_check.png,/mnt/hdd/AudioHOI/samples_known_object/11_stick/results/benchmark_vlm_qwen/vlm/stage4/evidence/frame00167_temporal_motion_check.png,temporal_triplet_overlay,"In the three-panel neighboring-frame view, do the brown predicted stick and green tracked stick move consistently without sudden jumps, wrong-object tracking, or physically implausible motion?",consistent|jumps_unnaturally|wrong_object_tracking|physically_implausible|unclear,mistral_llm_schema_validated,main_body|contact_region|support_region|tip_regions|grip_bands|background|unclear,hand_on_main_body|hand_on_contact_region|body_on_support_region|floor_support|persistent_two_palm_line|no_contact|unclear,forced_choice_gate_only_no_continuous_pose_or_loss,,,
,stick,stage4,168,,,6.958333,temporal_motion_check,/mnt/hdd/AudioHOI/samples_known_object/11_stick/results/benchmark_vlm_qwen/vlm/stage4/evidence/frame00168_temporal_motion_check.png,/mnt/hdd/AudioHOI/samples_known_object/11_stick/results/benchmark_vlm_qwen/vlm/stage4/evidence/frame00168_temporal_motion_check.png,temporal_triplet_overlay,"In the three-panel neighboring-frame view, do the brown predicted stick and green tracked stick move consistently without sudden jumps, wrong-object tracking, or physically implausible motion?",consistent|jumps_unnaturally|wrong_object_tracking|physically_implausible|unclear,mistral_llm_schema_validated,main_body|contact_region|support_region|tip_regions|grip_bands|background|unclear,hand_on_main_body|hand_on_contact_region|body_on_support_region|floor_support|persistent_two_palm_line|no_contact|unclear,forced_choice_gate_only_no_continuous_pose_or_loss,,,
,stick,stage4,169,,,7.000000,temporal_motion_check,/mnt/hdd/AudioHOI/samples_known_object/11_stick/results/benchmark_vlm_qwen/vlm/stage4/evidence/frame00169_temporal_motion_check.png,/mnt/hdd/AudioHOI/samples_known_object/11_stick/results/benchmark_vlm_qwen/vlm/stage4/evidence/frame00169_temporal_motion_check.png,temporal_triplet_overlay,"In the three-panel neighboring-frame view, do the brown predicted stick and green tracked stick move consistently without sudden jumps, wrong-object tracking, or physically implausible motion?",consistent|jumps_unnaturally|wrong_object_tracking|physically_implausible|unclear,mistral_llm_schema_validated,main_body|contact_region|support_region|tip_regions|grip_bands|background|unclear,hand_on_main_body|hand_on_contact_region|body_on_support_region|floor_support|persistent_two_palm_line|no_contact|unclear,forced_choice_gate_only_no_continuous_pose_or_loss,,,
,stick,stage4,170,,,7.041667,temporal_motion_check,/mnt/hdd/AudioHOI/samples_known_object/11_stick/results/benchmark_vlm_qwen/vlm/stage4/evidence/frame00170_temporal_motion_check.png,/mnt/hdd/AudioHOI/samples_known_object/11_stick/results/benchmark_vlm_qwen/vlm/stage4/evidence/frame00170_temporal_motion_check.png,temporal_triplet_overlay,"In the three-panel neighboring-frame view, do the brown predicted stick and green tracked stick move consistently without sudden jumps, wrong-object tracking, or physically implausible motion?",consistent|jumps_unnaturally|wrong_object_tracking|physically_implausible|unclear,mistral_llm_schema_validated,main_body|contact_region|support_region|tip_regions|grip_bands|background|unclear,hand_on_main_body|hand_on_contact_region|body_on_support_region|floor_support|persistent_two_palm_line|no_contact|unclear,forced_choice_gate_only_no_continuous_pose_or_loss,,,
,stick,stage4,171,,,7.083333,temporal_motion_check,/mnt/hdd/AudioHOI/samples_known_object/11_stick/results/benchmark_vlm_qwen/vlm/stage4/evidence/frame00171_temporal_motion_check.png,/mnt/hdd/AudioHOI/samples_known_object/11_stick/results/benchmark_vlm_qwen/vlm/stage4/evidence/frame00171_temporal_motion_check.png,temporal_triplet_overlay,"In the three-panel neighboring-frame view, do the brown predicted stick and green tracked stick move consistently without sudden jumps, wrong-object tracking, or physically implausible motion?",consistent|jumps_unnaturally|wrong_object_tracking|physically_implausible|unclear,mistral_llm_schema_validated,main_body|contact_region|support_region|tip_regions|grip_bands|background|unclear,hand_on_main_body|hand_on_contact_region|body_on_support_region|floor_support|persistent_two_palm_line|no_contact|unclear,forced_choice_gate_only_no_continuous_pose_or_loss,,,
,stick,stage4,172,,,7.125000,temporal_motion_check,/mnt/hdd/AudioHOI/samples_known_object/11_stick/results/benchmark_vlm_qwen/vlm/stage4/evidence/frame00172_temporal_motion_check.png,/mnt/hdd/AudioHOI/samples_known_object/11_stick/results/benchmark_vlm_qwen/vlm/stage4/evidence/frame00172_temporal_motion_check.png,temporal_triplet_overlay,"In the three-panel neighboring-frame view, do the brown predicted stick and green tracked stick move consistently without sudden jumps, wrong-object tracking, or physically implausible motion?",consistent|jumps_unnaturally|wrong_object_tracking|physically_implausible|unclear,mistral_llm_schema_validated,main_body|contact_region|support_region|tip_regions|grip_bands|background|unclear,hand_on_main_body|hand_on_contact_region|body_on_support_region|floor_support|persistent_two_palm_line|no_contact|unclear,forced_choice_gate_only_no_continuous_pose_or_loss,,,
,stick,stage4,173,,,7.166667,temporal_motion_check,/mnt/hdd/AudioHOI/samples_known_object/11_stick/results/benchmark_vlm_qwen/vlm/stage4/evidence/frame00173_temporal_motion_check.png,/mnt/hdd/AudioHOI/samples_known_object/11_stick/results/benchmark_vlm_qwen/vlm/stage4/evidence/frame00173_temporal_motion_check.png,temporal_triplet_overlay,"In the three-panel neighboring-frame view, do the brown predicted stick and green tracked stick move consistently without sudden jumps, wrong-object tracking, or physically implausible motion?",consistent|jumps_unnaturally|wrong_object_tracking|physically_implausible|unclear,mistral_llm_schema_validated,main_body|contact_region|support_region|tip_regions|grip_bands|background|unclear,hand_on_main_body|hand_on_contact_region|body_on_support_region|floor_support|persistent_two_palm_line|no_contact|unclear,forced_choice_gate_only_no_continuous_pose_or_loss,,,
,stick,stage4,174,,,7.208333,temporal_motion_check,/mnt/hdd/AudioHOI/samples_known_object/11_stick/results/benchmark_vlm_qwen/vlm/stage4/evidence/frame00174_temporal_motion_check.png,/mnt/hdd/AudioHOI/samples_known_object/11_stick/results/benchmark_vlm_qwen/vlm/stage4/evidence/frame00174_temporal_motion_check.png,temporal_triplet_overlay,"In the three-panel neighboring-frame view, do the brown predicted stick and green tracked stick move consistently without sudden jumps, wrong-object tracking, or physically implausible motion?",consistent|jumps_unnaturally|wrong_object_tracking|physically_implausible|unclear,mistral_llm_schema_validated,main_body|contact_region|support_region|tip_regions|grip_bands|background|unclear,hand_on_main_body|hand_on_contact_region|body_on_support_region|floor_support|persistent_two_palm_line|no_contact|unclear,forced_choice_gate_only_no_continuous_pose_or_loss,,,
,stick,stage4,175,,,7.250000,temporal_motion_check,/mnt/hdd/AudioHOI/samples_known_object/11_stick/results/benchmark_vlm_qwen/vlm/stage4/evidence/frame00175_temporal_motion_check.png,/mnt/hdd/AudioHOI/samples_known_object/11_stick/results/benchmark_vlm_qwen/vlm/stage4/evidence/frame00175_temporal_motion_check.png,temporal_triplet_overlay,"In the three-panel neighboring-frame view, do the brown predicted stick and green tracked stick move consistently without sudden jumps, wrong-object tracking, or physically implausible motion?",consistent|jumps_unnaturally|wrong_object_tracking|physically_implausible|unclear,mistral_llm_schema_validated,main_body|contact_region|support_region|tip_regions|grip_bands|background|unclear,hand_on_main_body|hand_on_contact_region|body_on_support_region|floor_support|persistent_two_palm_line|no_contact|unclear,forced_choice_gate_only_no_continuous_pose_or_loss,,,
,stick,stage4,176,,,7.291667,temporal_motion_check,/mnt/hdd/AudioHOI/samples_known_object/11_stick/results/benchmark_vlm_qwen/vlm/stage4/evidence/frame00176_temporal_motion_check.png,/mnt/hdd/AudioHOI/samples_known_object/11_stick/results/benchmark_vlm_qwen/vlm/stage4/evidence/frame00176_temporal_motion_check.png,temporal_triplet_overlay,"In the three-panel neighboring-frame view, do the brown predicted stick and green tracked stick move consistently without sudden jumps, wrong-object tracking, or physically implausible motion?",consistent|jumps_unnaturally|wrong_object_tracking|physically_implausible|unclear,mistral_llm_schema_validated,main_body|contact_region|support_region|tip_regions|grip_bands|background|unclear,hand_on_main_body|hand_on_contact_region|body_on_support_region|floor_support|persistent_two_palm_line|no_contact|unclear,forced_choice_gate_only_no_continuous_pose_or_loss,,,
,stick,stage4,177,,,7.333333,temporal_motion_check,/mnt/hdd/AudioHOI/samples_known_object/11_stick/results/benchmark_vlm_qwen/vlm/stage4/evidence/frame00177_temporal_motion_check.png,/mnt/hdd/AudioHOI/samples_known_object/11_stick/results/benchmark_vlm_qwen/vlm/stage4/evidence/frame00177_temporal_motion_check.png,temporal_triplet_overlay,"In the three-panel neighboring-frame view, do the brown predicted stick and green tracked stick move consistently without sudden jumps, wrong-object tracking, or physically implausible motion?",consistent|jumps_unnaturally|wrong_object_tracking|physically_implausible|unclear,mistral_llm_schema_validated,main_body|contact_region|support_region|tip_regions|grip_bands|background|unclear,hand_on_main_body|hand_on_contact_region|body_on_support_region|floor_support|persistent_two_palm_line|no_contact|unclear,forced_choice_gate_only_no_continuous_pose_or_loss,,,
,stick,stage4,178,,,7.375000,temporal_motion_check,/mnt/hdd/AudioHOI/samples_known_object/11_stick/results/benchmark_vlm_qwen/vlm/stage4/evidence/frame00178_temporal_motion_check.png,/mnt/hdd/AudioHOI/samples_known_object/11_stick/results/benchmark_vlm_qwen/vlm/stage4/evidence/frame00178_temporal_motion_check.png,temporal_triplet_overlay,"In the three-panel neighboring-frame view, do the brown predicted stick and green tracked stick move consistently without sudden jumps, wrong-object tracking, or physically implausible motion?",consistent|jumps_unnaturally|wrong_object_tracking|physically_implausible|unclear,mistral_llm_schema_validated,main_body|contact_region|support_region|tip_regions|grip_bands|background|unclear,hand_on_main_body|hand_on_contact_region|body_on_support_region|floor_support|persistent_two_palm_line|no_contact|unclear,forced_choice_gate_only_no_continuous_pose_or_loss,,,
,stick,stage4,179,,,7.416667,temporal_motion_check,/mnt/hdd/AudioHOI/samples_known_object/11_stick/results/benchmark_vlm_qwen/vlm/stage4/evidence/frame00179_temporal_motion_check.png,/mnt/hdd/AudioHOI/samples_known_object/11_stick/results/benchmark_vlm_qwen/vlm/stage4/evidence/frame00179_temporal_motion_check.png,temporal_triplet_overlay,"In the three-panel neighboring-frame view, do the brown predicted stick and green tracked stick move consistently without sudden jumps, wrong-object tracking, or physically implausible motion?",consistent|jumps_unnaturally|wrong_object_tracking|physically_implausible|unclear,mistral_llm_schema_validated,main_body|contact_region|support_region|tip_regions|grip_bands|background|unclear,hand_on_main_body|hand_on_contact_region|body_on_support_region|floor_support|persistent_two_palm_line|no_contact|unclear,forced_choice_gate_only_no_continuous_pose_or_loss,,,
,stick,stage4,180,,,7.458333,temporal_motion_check,/mnt/hdd/AudioHOI/samples_known_object/11_stick/results/benchmark_vlm_qwen/vlm/stage4/evidence/frame00180_temporal_motion_check.png,/mnt/hdd/AudioHOI/samples_known_object/11_stick/results/benchmark_vlm_qwen/vlm/stage4/evidence/frame00180_temporal_motion_check.png,temporal_triplet_overlay,"In the three-panel neighboring-frame view, do the brown predicted stick and green tracked stick move consistently without sudden jumps, wrong-object tracking, or physically implausible motion?",consistent|jumps_unnaturally|wrong_object_tracking|physically_implausible|unclear,mistral_llm_schema_validated,main_body|contact_region|support_region|tip_regions|grip_bands|background|unclear,hand_on_main_body|hand_on_contact_region|body_on_support_region|floor_support|persistent_two_palm_line|no_contact|unclear,forced_choice_gate_only_no_continuous_pose_or_loss,,,
,stick,stage4,181,,,7.500000,temporal_motion_check,/mnt/hdd/AudioHOI/samples_known_object/11_stick/results/benchmark_vlm_qwen/vlm/stage4/evidence/frame00181_temporal_motion_check.png,/mnt/hdd/AudioHOI/samples_known_object/11_stick/results/benchmark_vlm_qwen/vlm/stage4/evidence/frame00181_temporal_motion_check.png,temporal_triplet_overlay,"In the three-panel neighboring-frame view, do the brown predicted stick and green tracked stick move consistently without sudden jumps, wrong-object tracking, or physically implausible motion?",consistent|jumps_unnaturally|wrong_object_tracking|physically_implausible|unclear,mistral_llm_schema_validated,main_body|contact_region|support_region|tip_regions|grip_bands|background|unclear,hand_on_main_body|hand_on_contact_region|body_on_support_region|floor_support|persistent_two_palm_line|no_contact|unclear,forced_choice_gate_only_no_continuous_pose_or_loss,,,
,stick,stage4,182,,,7.541667,temporal_motion_check,/mnt/hdd/AudioHOI/samples_known_object/11_stick/results/benchmark_vlm_qwen/vlm/stage4/evidence/frame00182_temporal_motion_check.png,/mnt/hdd/AudioHOI/samples_known_object/11_stick/results/benchmark_vlm_qwen/vlm/stage4/evidence/frame00182_temporal_motion_check.png,temporal_triplet_overlay,"In the three-panel neighboring-frame view, do the brown predicted stick and green tracked stick move consistently without sudden jumps, wrong-object tracking, or physically implausible motion?",consistent|jumps_unnaturally|wrong_object_tracking|physically_implausible|unclear,mistral_llm_schema_validated,main_body|contact_region|support_region|tip_regions|grip_bands|background|unclear,hand_on_main_body|hand_on_contact_region|body_on_support_region|floor_support|persistent_two_palm_line|no_contact|unclear,forced_choice_gate_only_no_continuous_pose_or_loss,,,
,stick,stage4,183,,,7.583333,temporal_motion_check,/mnt/hdd/AudioHOI/samples_known_object/11_stick/results/benchmark_vlm_qwen/vlm/stage4/evidence/frame00183_temporal_motion_check.png,/mnt/hdd/AudioHOI/samples_known_object/11_stick/results/benchmark_vlm_qwen/vlm/stage4/evidence/frame00183_temporal_motion_check.png,temporal_triplet_overlay,"In the three-panel neighboring-frame view, do the brown predicted stick and green tracked stick move consistently without sudden jumps, wrong-object tracking, or physically implausible motion?",consistent|jumps_unnaturally|wrong_object_tracking|physically_implausible|unclear,mistral_llm_schema_validated,main_body|contact_region|support_region|tip_regions|grip_bands|background|unclear,hand_on_main_body|hand_on_contact_region|body_on_support_region|floor_support|persistent_two_palm_line|no_contact|unclear,forced_choice_gate_only_no_continuous_pose_or_loss,,,
,stick,stage4,184,,,7.625000,temporal_motion_check,/mnt/hdd/AudioHOI/samples_known_object/11_stick/results/benchmark_vlm_qwen/vlm/stage4/evidence/frame00184_temporal_motion_check.png,/mnt/hdd/AudioHOI/samples_known_object/11_stick/results/benchmark_vlm_qwen/vlm/stage4/evidence/frame00184_temporal_motion_check.png,temporal_triplet_overlay,"In the three-panel neighboring-frame view, do the brown predicted stick and green tracked stick move consistently without sudden jumps, wrong-object tracking, or physically implausible motion?",consistent|jumps_unnaturally|wrong_object_tracking|physically_implausible|unclear,mistral_llm_schema_validated,main_body|contact_region|support_region|tip_regions|grip_bands|background|unclear,hand_on_main_body|hand_on_contact_region|body_on_support_region|floor_support|persistent_two_palm_line|no_contact|unclear,forced_choice_gate_only_no_continuous_pose_or_loss,,,
,stick,stage4,185,,,7.666667,temporal_motion_check,/mnt/hdd/AudioHOI/samples_known_object/11_stick/results/benchmark_vlm_qwen/vlm/stage4/evidence/frame00185_temporal_motion_check.png,/mnt/hdd/AudioHOI/samples_known_object/11_stick/results/benchmark_vlm_qwen/vlm/stage4/evidence/frame00185_temporal_motion_check.png,temporal_triplet_overlay,"In the three-panel neighboring-frame view, do the brown predicted stick and green tracked stick move consistently without sudden jumps, wrong-object tracking, or physically implausible motion?",consistent|jumps_unnaturally|wrong_object_tracking|physically_implausible|unclear,mistral_llm_schema_validated,main_body|contact_region|support_region|tip_regions|grip_bands|background|unclear,hand_on_main_body|hand_on_contact_region|body_on_support_region|floor_support|persistent_two_palm_line|no_contact|unclear,forced_choice_gate_only_no_continuous_pose_or_loss,,,
,stick,stage4,186,,,7.708333,temporal_motion_check,/mnt/hdd/AudioHOI/samples_known_object/11_stick/results/benchmark_vlm_qwen/vlm/stage4/evidence/frame00186_temporal_motion_check.png,/mnt/hdd/AudioHOI/samples_known_object/11_stick/results/benchmark_vlm_qwen/vlm/stage4/evidence/frame00186_temporal_motion_check.png,temporal_triplet_overlay,"In the three-panel neighboring-frame view, do the brown predicted stick and green tracked stick move consistently without sudden jumps, wrong-object tracking, or physically implausible motion?",consistent|jumps_unnaturally|wrong_object_tracking|physically_implausible|unclear,mistral_llm_schema_validated,main_body|contact_region|support_region|tip_regions|grip_bands|background|unclear,hand_on_main_body|hand_on_contact_region|body_on_support_region|floor_support|persistent_two_palm_line|no_contact|unclear,forced_choice_gate_only_no_continuous_pose_or_loss,,,
,stick,stage4,187,,,7.750000,temporal_motion_check,/mnt/hdd/AudioHOI/samples_known_object/11_stick/results/benchmark_vlm_qwen/vlm/stage4/evidence/frame00187_temporal_motion_check.png,/mnt/hdd/AudioHOI/samples_known_object/11_stick/results/benchmark_vlm_qwen/vlm/stage4/evidence/frame00187_temporal_motion_check.png,temporal_triplet_overlay,"In the three-panel neighboring-frame view, do the brown predicted stick and green tracked stick move consistently without sudden jumps, wrong-object tracking, or physically implausible motion?",consistent|jumps_unnaturally|wrong_object_tracking|physically_implausible|unclear,mistral_llm_schema_validated,main_body|contact_region|support_region|tip_regions|grip_bands|background|unclear,hand_on_main_body|hand_on_contact_region|body_on_support_region|floor_support|persistent_two_palm_line|no_contact|unclear,forced_choice_gate_only_no_continuous_pose_or_loss,,,
,stick,stage4,188,,,7.791667,temporal_motion_check,/mnt/hdd/AudioHOI/samples_known_object/11_stick/results/benchmark_vlm_qwen/vlm/stage4/evidence/frame00188_temporal_motion_check.png,/mnt/hdd/AudioHOI/samples_known_object/11_stick/results/benchmark_vlm_qwen/vlm/stage4/evidence/frame00188_temporal_motion_check.png,temporal_triplet_overlay,"In the three-panel neighboring-frame view, do the brown predicted stick and green tracked stick move consistently without sudden jumps, wrong-object tracking, or physically implausible motion?",consistent|jumps_unnaturally|wrong_object_tracking|physically_implausible|unclear,mistral_llm_schema_validated,main_body|contact_region|support_region|tip_regions|grip_bands|background|unclear,hand_on_main_body|hand_on_contact_region|body_on_support_region|floor_support|persistent_two_palm_line|no_contact|unclear,forced_choice_gate_only_no_continuous_pose_or_loss,,,
,stick,stage4,189,,,7.833333,temporal_motion_check,/mnt/hdd/AudioHOI/samples_known_object/11_stick/results/benchmark_vlm_qwen/vlm/stage4/evidence/frame00189_temporal_motion_check.png,/mnt/hdd/AudioHOI/samples_known_object/11_stick/results/benchmark_vlm_qwen/vlm/stage4/evidence/frame00189_temporal_motion_check.png,temporal_triplet_overlay,"In the three-panel neighboring-frame view, do the brown predicted stick and green tracked stick move consistently without sudden jumps, wrong-object tracking, or physically implausible motion?",consistent|jumps_unnaturally|wrong_object_tracking|physically_implausible|unclear,mistral_llm_schema_validated,main_body|contact_region|support_region|tip_regions|grip_bands|background|unclear,hand_on_main_body|hand_on_contact_region|body_on_support_region|floor_support|persistent_two_palm_line|no_contact|unclear,forced_choice_gate_only_no_continuous_pose_or_loss,,,
,stick,stage4,190,,,7.875000,temporal_motion_check,/mnt/hdd/AudioHOI/samples_known_object/11_stick/results/benchmark_vlm_qwen/vlm/stage4/evidence/frame00190_temporal_motion_check.png,/mnt/hdd/AudioHOI/samples_known_object/11_stick/results/benchmark_vlm_qwen/vlm/stage4/evidence/frame00190_temporal_motion_check.png,temporal_triplet_overlay,"In the three-panel neighboring-frame view, do the brown predicted stick and green tracked stick move consistently without sudden jumps, wrong-object tracking, or physically implausible motion?",consistent|jumps_unnaturally|wrong_object_tracking|physically_implausible|unclear,mistral_llm_schema_validated,main_body|contact_region|support_region|tip_regions|grip_bands|background|unclear,hand_on_main_body|hand_on_contact_region|body_on_support_region|floor_support|persistent_two_palm_line|no_contact|unclear,forced_choice_gate_only_no_continuous_pose_or_loss,,,
,stick,stage4,191,,,7.916667,temporal_motion_check,/mnt/hdd/AudioHOI/samples_known_object/11_stick/results/benchmark_vlm_qwen/vlm/stage4/evidence/frame00191_temporal_motion_check.png,/mnt/hdd/AudioHOI/samples_known_object/11_stick/results/benchmark_vlm_qwen/vlm/stage4/evidence/frame00191_temporal_motion_check.png,temporal_triplet_overlay,"In the three-panel neighboring-frame view, do the brown predicted stick and green tracked stick move consistently without sudden jumps, wrong-object tracking, or physically implausible motion?",consistent|jumps_unnaturally|wrong_object_tracking|physically_implausible|unclear,mistral_llm_schema_validated,main_body|contact_region|support_region|tip_regions|grip_bands|background|unclear,hand_on_main_body|hand_on_contact_region|body_on_support_region|floor_support|persistent_two_palm_line|no_contact|unclear,forced_choice_gate_only_no_continuous_pose_or_loss,,,
,stick,stage4,192,,,7.958333,temporal_motion_check,/mnt/hdd/AudioHOI/samples_known_object/11_stick/results/benchmark_vlm_qwen/vlm/stage4/evidence/frame00192_temporal_motion_check.png,/mnt/hdd/AudioHOI/samples_known_object/11_stick/results/benchmark_vlm_qwen/vlm/stage4/evidence/frame00192_temporal_motion_check.png,temporal_triplet_overlay,"In the three-panel neighboring-frame view, do the brown predicted stick and green tracked stick move consistently without sudden jumps, wrong-object tracking, or physically implausible motion?",consistent|jumps_unnaturally|wrong_object_tracking|physically_implausible|unclear,mistral_llm_schema_validated,main_body|contact_region|support_region|tip_regions|grip_bands|background|unclear,hand_on_main_body|hand_on_contact_region|body_on_support_region|floor_support|persistent_two_palm_line|no_contact|unclear,forced_choice_gate_only_no_continuous_pose_or_loss,,,
,stick,stage4,193,,,8.000000,temporal_motion_check,/mnt/hdd/AudioHOI/samples_known_object/11_stick/results/benchmark_vlm_qwen/vlm/stage4/evidence/frame00193_temporal_motion_check.png,/mnt/hdd/AudioHOI/samples_known_object/11_stick/results/benchmark_vlm_qwen/vlm/stage4/evidence/frame00193_temporal_motion_check.png,temporal_triplet_overlay,"In the three-panel neighboring-frame view, do the brown predicted stick and green tracked stick move consistently without sudden jumps, wrong-object tracking, or physically implausible motion?",consistent|jumps_unnaturally|wrong_object_tracking|physically_implausible|unclear,mistral_llm_schema_validated,main_body|contact_region|support_region|tip_regions|grip_bands|background|unclear,hand_on_main_body|hand_on_contact_region|body_on_support_region|floor_support|persistent_two_palm_line|no_contact|unclear,forced_choice_gate_only_no_continuous_pose_or_loss,,,
,stick,stage4,194,,,8.041667,temporal_motion_check,/mnt/hdd/AudioHOI/samples_known_object/11_stick/results/benchmark_vlm_qwen/vlm/stage4/evidence/frame00194_temporal_motion_check.png,/mnt/hdd/AudioHOI/samples_known_object/11_stick/results/benchmark_vlm_qwen/vlm/stage4/evidence/frame00194_temporal_motion_check.png,temporal_triplet_overlay,"In the three-panel neighboring-frame view, do the brown predicted stick and green tracked stick move consistently without sudden jumps, wrong-object tracking, or physically implausible motion?",consistent|jumps_unnaturally|wrong_object_tracking|physically_implausible|unclear,mistral_llm_schema_validated,main_body|contact_region|support_region|tip_regions|grip_bands|background|unclear,hand_on_main_body|hand_on_contact_region|body_on_support_region|floor_support|persistent_two_palm_line|no_contact|unclear,forced_choice_gate_only_no_continuous_pose_or_loss,,,
,stick,stage4,195,,,8.083333,temporal_motion_check,/mnt/hdd/AudioHOI/samples_known_object/11_stick/results/benchmark_vlm_qwen/vlm/stage4/evidence/frame00195_temporal_motion_check.png,/mnt/hdd/AudioHOI/samples_known_object/11_stick/results/benchmark_vlm_qwen/vlm/stage4/evidence/frame00195_temporal_motion_check.png,temporal_triplet_overlay,"In the three-panel neighboring-frame view, do the brown predicted stick and green tracked stick move consistently without sudden jumps, wrong-object tracking, or physically implausible motion?",consistent|jumps_unnaturally|wrong_object_tracking|physically_implausible|unclear,mistral_llm_schema_validated,main_body|contact_region|support_region|tip_regions|grip_bands|background|unclear,hand_on_main_body|hand_on_contact_region|body_on_support_region|floor_support|persistent_two_palm_line|no_contact|unclear,forced_choice_gate_only_no_continuous_pose_or_loss,,,
,stick,stage4,196,,,8.125000,temporal_motion_check,/mnt/hdd/AudioHOI/samples_known_object/11_stick/results/benchmark_vlm_qwen/vlm/stage4/evidence/frame00196_temporal_motion_check.png,/mnt/hdd/AudioHOI/samples_known_object/11_stick/results/benchmark_vlm_qwen/vlm/stage4/evidence/frame00196_temporal_motion_check.png,temporal_triplet_overlay,"In the three-panel neighboring-frame view, do the brown predicted stick and green tracked stick move consistently without sudden jumps, wrong-object tracking, or physically implausible motion?",consistent|jumps_unnaturally|wrong_object_tracking|physically_implausible|unclear,mistral_llm_schema_validated,main_body|contact_region|support_region|tip_regions|grip_bands|background|unclear,hand_on_main_body|hand_on_contact_region|body_on_support_region|floor_support|persistent_two_palm_line|no_contact|unclear,forced_choice_gate_only_no_continuous_pose_or_loss,,,
,stick,stage4,197,,,8.166667,temporal_motion_check,/mnt/hdd/AudioHOI/samples_known_object/11_stick/results/benchmark_vlm_qwen/vlm/stage4/evidence/frame00197_temporal_motion_check.png,/mnt/hdd/AudioHOI/samples_known_object/11_stick/results/benchmark_vlm_qwen/vlm/stage4/evidence/frame00197_temporal_motion_check.png,temporal_triplet_overlay,"In the three-panel neighboring-frame view, do the brown predicted stick and green tracked stick move consistently without sudden jumps, wrong-object tracking, or physically implausible motion?",consistent|jumps_unnaturally|wrong_object_tracking|physically_implausible|unclear,mistral_llm_schema_validated,main_body|contact_region|support_region|tip_regions|grip_bands|background|unclear,hand_on_main_body|hand_on_contact_region|body_on_support_region|floor_support|persistent_two_palm_line|no_contact|unclear,forced_choice_gate_only_no_continuous_pose_or_loss,,,
,stick,stage4,198,,,8.208333,temporal_motion_check,/mnt/hdd/AudioHOI/samples_known_object/11_stick/results/benchmark_vlm_qwen/vlm/stage4/evidence/frame00198_temporal_motion_check.png,/mnt/hdd/AudioHOI/samples_known_object/11_stick/results/benchmark_vlm_qwen/vlm/stage4/evidence/frame00198_temporal_motion_check.png,temporal_triplet_overlay,"In the three-panel neighboring-frame view, do the brown predicted stick and green tracked stick move consistently without sudden jumps, wrong-object tracking, or physically implausible motion?",consistent|jumps_unnaturally|wrong_object_tracking|physically_implausible|unclear,mistral_llm_schema_validated,main_body|contact_region|support_region|tip_regions|grip_bands|background|unclear,hand_on_main_body|hand_on_contact_region|body_on_support_region|floor_support|persistent_two_palm_line|no_contact|unclear,forced_choice_gate_only_no_continuous_pose_or_loss,,,
,stick,stage4,199,,,8.250000,temporal_motion_check,/mnt/hdd/AudioHOI/samples_known_object/11_stick/results/benchmark_vlm_qwen/vlm/stage4/evidence/frame00199_temporal_motion_check.png,/mnt/hdd/AudioHOI/samples_known_object/11_stick/results/benchmark_vlm_qwen/vlm/stage4/evidence/frame00199_temporal_motion_check.png,temporal_triplet_overlay,"In the three-panel neighboring-frame view, do the brown predicted stick and green tracked stick move consistently without sudden jumps, wrong-object tracking, or physically implausible motion?",consistent|jumps_unnaturally|wrong_object_tracking|physically_implausible|unclear,mistral_llm_schema_validated,main_body|contact_region|support_region|tip_regions|grip_bands|background|unclear,hand_on_main_body|hand_on_contact_region|body_on_support_region|floor_support|persistent_two_palm_line|no_contact|unclear,forced_choice_gate_only_no_continuous_pose_or_loss,,,
,stick,stage4,200,,,8.291667,temporal_motion_check,/mnt/hdd/AudioHOI/samples_known_object/11_stick/results/benchmark_vlm_qwen/vlm/stage4/evidence/frame00200_temporal_motion_check.png,/mnt/hdd/AudioHOI/samples_known_object/11_stick/results/benchmark_vlm_qwen/vlm/stage4/evidence/frame00200_temporal_motion_check.png,temporal_triplet_overlay,"In the three-panel neighboring-frame view, do the brown predicted stick and green tracked stick move consistently without sudden jumps, wrong-object tracking, or physically implausible motion?",consistent|jumps_unnaturally|wrong_object_tracking|physically_implausible|unclear,mistral_llm_schema_validated,main_body|contact_region|support_region|tip_regions|grip_bands|background|unclear,hand_on_main_body|hand_on_contact_region|body_on_support_region|floor_support|persistent_two_palm_line|no_contact|unclear,forced_choice_gate_only_no_continuous_pose_or_loss,,,
,stick,stage4,201,,,8.333333,temporal_motion_check,/mnt/hdd/AudioHOI/samples_known_object/11_stick/results/benchmark_vlm_qwen/vlm/stage4/evidence/frame00201_temporal_motion_check.png,/mnt/hdd/AudioHOI/samples_known_object/11_stick/results/benchmark_vlm_qwen/vlm/stage4/evidence/frame00201_temporal_motion_check.png,temporal_triplet_overlay,"In the three-panel neighboring-frame view, do the brown predicted stick and green tracked stick move consistently without sudden jumps, wrong-object tracking, or physically implausible motion?",consistent|jumps_unnaturally|wrong_object_tracking|physically_implausible|unclear,mistral_llm_schema_validated,main_body|contact_region|support_region|tip_regions|grip_bands|background|unclear,hand_on_main_body|hand_on_contact_region|body_on_support_region|floor_support|persistent_two_palm_line|no_contact|unclear,forced_choice_gate_only_no_continuous_pose_or_loss,,,
,stick,stage4,202,,,8.375000,temporal_motion_check,/mnt/hdd/AudioHOI/samples_known_object/11_stick/results/benchmark_vlm_qwen/vlm/stage4/evidence/frame00202_temporal_motion_check.png,/mnt/hdd/AudioHOI/samples_known_object/11_stick/results/benchmark_vlm_qwen/vlm/stage4/evidence/frame00202_temporal_motion_check.png,temporal_triplet_overlay,"In the three-panel neighboring-frame view, do the brown predicted stick and green tracked stick move consistently without sudden jumps, wrong-object tracking, or physically implausible motion?",consistent|jumps_unnaturally|wrong_object_tracking|physically_implausible|unclear,mistral_llm_schema_validated,main_body|contact_region|support_region|tip_regions|grip_bands|background|unclear,hand_on_main_body|hand_on_contact_region|body_on_support_region|floor_support|persistent_two_palm_line|no_contact|unclear,forced_choice_gate_only_no_continuous_pose_or_loss,,,
,stick,stage4,203,,,8.416667,temporal_motion_check,/mnt/hdd/AudioHOI/samples_known_object/11_stick/results/benchmark_vlm_qwen/vlm/stage4/evidence/frame00203_temporal_motion_check.png,/mnt/hdd/AudioHOI/samples_known_object/11_stick/results/benchmark_vlm_qwen/vlm/stage4/evidence/frame00203_temporal_motion_check.png,temporal_triplet_overlay,"In the three-panel neighboring-frame view, do the brown predicted stick and green tracked stick move consistently without sudden jumps, wrong-object tracking, or physically implausible motion?",consistent|jumps_unnaturally|wrong_object_tracking|physically_implausible|unclear,mistral_llm_schema_validated,main_body|contact_region|support_region|tip_regions|grip_bands|background|unclear,hand_on_main_body|hand_on_contact_region|body_on_support_region|floor_support|persistent_two_palm_line|no_contact|unclear,forced_choice_gate_only_no_continuous_pose_or_loss,,,
,stick,stage4,204,,,8.458333,temporal_motion_check,/mnt/hdd/AudioHOI/samples_known_object/11_stick/results/benchmark_vlm_qwen/vlm/stage4/evidence/frame00204_temporal_motion_check.png,/mnt/hdd/AudioHOI/samples_known_object/11_stick/results/benchmark_vlm_qwen/vlm/stage4/evidence/frame00204_temporal_motion_check.png,temporal_triplet_overlay,"In the three-panel neighboring-frame view, do the brown predicted stick and green tracked stick move consistently without sudden jumps, wrong-object tracking, or physically implausible motion?",consistent|jumps_unnaturally|wrong_object_tracking|physically_implausible|unclear,mistral_llm_schema_validated,main_body|contact_region|support_region|tip_regions|grip_bands|background|unclear,hand_on_main_body|hand_on_contact_region|body_on_support_region|floor_support|persistent_two_palm_line|no_contact|unclear,forced_choice_gate_only_no_continuous_pose_or_loss,,,
,stick,stage4,205,,,8.500000,temporal_motion_check,/mnt/hdd/AudioHOI/samples_known_object/11_stick/results/benchmark_vlm_qwen/vlm/stage4/evidence/frame00205_temporal_motion_check.png,/mnt/hdd/AudioHOI/samples_known_object/11_stick/results/benchmark_vlm_qwen/vlm/stage4/evidence/frame00205_temporal_motion_check.png,temporal_triplet_overlay,"In the three-panel neighboring-frame view, do the brown predicted stick and green tracked stick move consistently without sudden jumps, wrong-object tracking, or physically implausible motion?",consistent|jumps_unnaturally|wrong_object_tracking|physically_implausible|unclear,mistral_llm_schema_validated,main_body|contact_region|support_region|tip_regions|grip_bands|background|unclear,hand_on_main_body|hand_on_contact_region|body_on_support_region|floor_support|persistent_two_palm_line|no_contact|unclear,forced_choice_gate_only_no_continuous_pose_or_loss,,,
,stick,stage4,206,,,8.541667,temporal_motion_check,/mnt/hdd/AudioHOI/samples_known_object/11_stick/results/benchmark_vlm_qwen/vlm/stage4/evidence/frame00206_temporal_motion_check.png,/mnt/hdd/AudioHOI/samples_known_object/11_stick/results/benchmark_vlm_qwen/vlm/stage4/evidence/frame00206_temporal_motion_check.png,temporal_triplet_overlay,"In the three-panel neighboring-frame view, do the brown predicted stick and green tracked stick move consistently without sudden jumps, wrong-object tracking, or physically implausible motion?",consistent|jumps_unnaturally|wrong_object_tracking|physically_implausible|unclear,mistral_llm_schema_validated,main_body|contact_region|support_region|tip_regions|grip_bands|background|unclear,hand_on_main_body|hand_on_contact_region|body_on_support_region|floor_support|persistent_two_palm_line|no_contact|unclear,forced_choice_gate_only_no_continuous_pose_or_loss,,,
,stick,stage4,207,,,8.583333,temporal_motion_check,/mnt/hdd/AudioHOI/samples_known_object/11_stick/results/benchmark_vlm_qwen/vlm/stage4/evidence/frame00207_temporal_motion_check.png,/mnt/hdd/AudioHOI/samples_known_object/11_stick/results/benchmark_vlm_qwen/vlm/stage4/evidence/frame00207_temporal_motion_check.png,temporal_triplet_overlay,"In the three-panel neighboring-frame view, do the brown predicted stick and green tracked stick move consistently without sudden jumps, wrong-object tracking, or physically implausible motion?",consistent|jumps_unnaturally|wrong_object_tracking|physically_implausible|unclear,mistral_llm_schema_validated,main_body|contact_region|support_region|tip_regions|grip_bands|background|unclear,hand_on_main_body|hand_on_contact_region|body_on_support_region|floor_support|persistent_two_palm_line|no_contact|unclear,forced_choice_gate_only_no_continuous_pose_or_loss,,,
,stick,stage4,208,,,8.625000,temporal_motion_check,/mnt/hdd/AudioHOI/samples_known_object/11_stick/results/benchmark_vlm_qwen/vlm/stage4/evidence/frame00208_temporal_motion_check.png,/mnt/hdd/AudioHOI/samples_known_object/11_stick/results/benchmark_vlm_qwen/vlm/stage4/evidence/frame00208_temporal_motion_check.png,temporal_triplet_overlay,"In the three-panel neighboring-frame view, do the brown predicted stick and green tracked stick move consistently without sudden jumps, wrong-object tracking, or physically implausible motion?",consistent|jumps_unnaturally|wrong_object_tracking|physically_implausible|unclear,mistral_llm_schema_validated,main_body|contact_region|support_region|tip_regions|grip_bands|background|unclear,hand_on_main_body|hand_on_contact_region|body_on_support_region|floor_support|persistent_two_palm_line|no_contact|unclear,forced_choice_gate_only_no_continuous_pose_or_loss,,,
,stick,stage4,209,,,8.666667,temporal_motion_check,/mnt/hdd/AudioHOI/samples_known_object/11_stick/results/benchmark_vlm_qwen/vlm/stage4/evidence/frame00209_temporal_motion_check.png,/mnt/hdd/AudioHOI/samples_known_object/11_stick/results/benchmark_vlm_qwen/vlm/stage4/evidence/frame00209_temporal_motion_check.png,temporal_triplet_overlay,"In the three-panel neighboring-frame view, do the brown predicted stick and green tracked stick move consistently without sudden jumps, wrong-object tracking, or physically implausible motion?",consistent|jumps_unnaturally|wrong_object_tracking|physically_implausible|unclear,mistral_llm_schema_validated,main_body|contact_region|support_region|tip_regions|grip_bands|background|unclear,hand_on_main_body|hand_on_contact_region|body_on_support_region|floor_support|persistent_two_palm_line|no_contact|unclear,forced_choice_gate_only_no_continuous_pose_or_loss,,,
,stick,stage4,210,,,8.708333,temporal_motion_check,/mnt/hdd/AudioHOI/samples_known_object/11_stick/results/benchmark_vlm_qwen/vlm/stage4/evidence/frame00210_temporal_motion_check.png,/mnt/hdd/AudioHOI/samples_known_object/11_stick/results/benchmark_vlm_qwen/vlm/stage4/evidence/frame00210_temporal_motion_check.png,temporal_triplet_overlay,"In the three-panel neighboring-frame view, do the brown predicted stick and green tracked stick move consistently without sudden jumps, wrong-object tracking, or physically implausible motion?",consistent|jumps_unnaturally|wrong_object_tracking|physically_implausible|unclear,mistral_llm_schema_validated,main_body|contact_region|support_region|tip_regions|grip_bands|background|unclear,hand_on_main_body|hand_on_contact_region|body_on_support_region|floor_support|persistent_two_palm_line|no_contact|unclear,forced_choice_gate_only_no_continuous_pose_or_loss,,,
,stick,stage4,211,,,8.750000,temporal_motion_check,/mnt/hdd/AudioHOI/samples_known_object/11_stick/results/benchmark_vlm_qwen/vlm/stage4/evidence/frame00211_temporal_motion_check.png,/mnt/hdd/AudioHOI/samples_known_object/11_stick/results/benchmark_vlm_qwen/vlm/stage4/evidence/frame00211_temporal_motion_check.png,temporal_triplet_overlay,"In the three-panel neighboring-frame view, do the brown predicted stick and green tracked stick move consistently without sudden jumps, wrong-object tracking, or physically implausible motion?",consistent|jumps_unnaturally|wrong_object_tracking|physically_implausible|unclear,mistral_llm_schema_validated,main_body|contact_region|support_region|tip_regions|grip_bands|background|unclear,hand_on_main_body|hand_on_contact_region|body_on_support_region|floor_support|persistent_two_palm_line|no_contact|unclear,forced_choice_gate_only_no_continuous_pose_or_loss,,,
,stick,stage4,212,,,8.791667,temporal_motion_check,/mnt/hdd/AudioHOI/samples_known_object/11_stick/results/benchmark_vlm_qwen/vlm/stage4/evidence/frame00212_temporal_motion_check.png,/mnt/hdd/AudioHOI/samples_known_object/11_stick/results/benchmark_vlm_qwen/vlm/stage4/evidence/frame00212_temporal_motion_check.png,temporal_triplet_overlay,"In the three-panel neighboring-frame view, do the brown predicted stick and green tracked stick move consistently without sudden jumps, wrong-object tracking, or physically implausible motion?",consistent|jumps_unnaturally|wrong_object_tracking|physically_implausible|unclear,mistral_llm_schema_validated,main_body|contact_region|support_region|tip_regions|grip_bands|background|unclear,hand_on_main_body|hand_on_contact_region|body_on_support_region|floor_support|persistent_two_palm_line|no_contact|unclear,forced_choice_gate_only_no_continuous_pose_or_loss,,,
,stick,stage4,213,,,8.833333,temporal_motion_check,/mnt/hdd/AudioHOI/samples_known_object/11_stick/results/benchmark_vlm_qwen/vlm/stage4/evidence/frame00213_temporal_motion_check.png,/mnt/hdd/AudioHOI/samples_known_object/11_stick/results/benchmark_vlm_qwen/vlm/stage4/evidence/frame00213_temporal_motion_check.png,temporal_triplet_overlay,"In the three-panel neighboring-frame view, do the brown predicted stick and green tracked stick move consistently without sudden jumps, wrong-object tracking, or physically implausible motion?",consistent|jumps_unnaturally|wrong_object_tracking|physically_implausible|unclear,mistral_llm_schema_validated,main_body|contact_region|support_region|tip_regions|grip_bands|background|unclear,hand_on_main_body|hand_on_contact_region|body_on_support_region|floor_support|persistent_two_palm_line|no_contact|unclear,forced_choice_gate_only_no_continuous_pose_or_loss,,,
,stick,stage4,214,,,8.875000,temporal_motion_check,/mnt/hdd/AudioHOI/samples_known_object/11_stick/results/benchmark_vlm_qwen/vlm/stage4/evidence/frame00214_temporal_motion_check.png,/mnt/hdd/AudioHOI/samples_known_object/11_stick/results/benchmark_vlm_qwen/vlm/stage4/evidence/frame00214_temporal_motion_check.png,temporal_triplet_overlay,"In the three-panel neighboring-frame view, do the brown predicted stick and green tracked stick move consistently without sudden jumps, wrong-object tracking, or physically implausible motion?",consistent|jumps_unnaturally|wrong_object_tracking|physically_implausible|unclear,mistral_llm_schema_validated,main_body|contact_region|support_region|tip_regions|grip_bands|background|unclear,hand_on_main_body|hand_on_contact_region|body_on_support_region|floor_support|persistent_two_palm_line|no_contact|unclear,forced_choice_gate_only_no_continuous_pose_or_loss,,,
,stick,stage4,215,,,8.916667,temporal_motion_check,/mnt/hdd/AudioHOI/samples_known_object/11_stick/results/benchmark_vlm_qwen/vlm/stage4/evidence/frame00215_temporal_motion_check.png,/mnt/hdd/AudioHOI/samples_known_object/11_stick/results/benchmark_vlm_qwen/vlm/stage4/evidence/frame00215_temporal_motion_check.png,temporal_triplet_overlay,"In the three-panel neighboring-frame view, do the brown predicted stick and green tracked stick move consistently without sudden jumps, wrong-object tracking, or physically implausible motion?",consistent|jumps_unnaturally|wrong_object_tracking|physically_implausible|unclear,mistral_llm_schema_validated,main_body|contact_region|support_region|tip_regions|grip_bands|background|unclear,hand_on_main_body|hand_on_contact_region|body_on_support_region|floor_support|persistent_two_palm_line|no_contact|unclear,forced_choice_gate_only_no_continuous_pose_or_loss,,,
,stick,stage4,216,,,8.958333,temporal_motion_check,/mnt/hdd/AudioHOI/samples_known_object/11_stick/results/benchmark_vlm_qwen/vlm/stage4/evidence/frame00216_temporal_motion_check.png,/mnt/hdd/AudioHOI/samples_known_object/11_stick/results/benchmark_vlm_qwen/vlm/stage4/evidence/frame00216_temporal_motion_check.png,temporal_triplet_overlay,"In the three-panel neighboring-frame view, do the brown predicted stick and green tracked stick move consistently without sudden jumps, wrong-object tracking, or physically implausible motion?",consistent|jumps_unnaturally|wrong_object_tracking|physically_implausible|unclear,mistral_llm_schema_validated,main_body|contact_region|support_region|tip_regions|grip_bands|background|unclear,hand_on_main_body|hand_on_contact_region|body_on_support_region|floor_support|persistent_two_palm_line|no_contact|unclear,forced_choice_gate_only_no_continuous_pose_or_loss,,,
,stick,stage4,217,,,9.000000,temporal_motion_check,/mnt/hdd/AudioHOI/samples_known_object/11_stick/results/benchmark_vlm_qwen/vlm/stage4/evidence/frame00217_temporal_motion_check.png,/mnt/hdd/AudioHOI/samples_known_object/11_stick/results/benchmark_vlm_qwen/vlm/stage4/evidence/frame00217_temporal_motion_check.png,temporal_triplet_overlay,"In the three-panel neighboring-frame view, do the brown predicted stick and green tracked stick move consistently without sudden jumps, wrong-object tracking, or physically implausible motion?",consistent|jumps_unnaturally|wrong_object_tracking|physically_implausible|unclear,mistral_llm_schema_validated,main_body|contact_region|support_region|tip_regions|grip_bands|background|unclear,hand_on_main_body|hand_on_contact_region|body_on_support_region|floor_support|persistent_two_palm_line|no_contact|unclear,forced_choice_gate_only_no_continuous_pose_or_loss,,,
,stick,stage4,218,,,9.041667,temporal_motion_check,/mnt/hdd/AudioHOI/samples_known_object/11_stick/results/benchmark_vlm_qwen/vlm/stage4/evidence/frame00218_temporal_motion_check.png,/mnt/hdd/AudioHOI/samples_known_object/11_stick/results/benchmark_vlm_qwen/vlm/stage4/evidence/frame00218_temporal_motion_check.png,temporal_triplet_overlay,"In the three-panel neighboring-frame view, do the brown predicted stick and green tracked stick move consistently without sudden jumps, wrong-object tracking, or physically implausible motion?",consistent|jumps_unnaturally|wrong_object_tracking|physically_implausible|unclear,mistral_llm_schema_validated,main_body|contact_region|support_region|tip_regions|grip_bands|background|unclear,hand_on_main_body|hand_on_contact_region|body_on_support_region|floor_support|persistent_two_palm_line|no_contact|unclear,forced_choice_gate_only_no_continuous_pose_or_loss,,,
,stick,stage4,219,,,9.083333,temporal_motion_check,/mnt/hdd/AudioHOI/samples_known_object/11_stick/results/benchmark_vlm_qwen/vlm/stage4/evidence/frame00219_temporal_motion_check.png,/mnt/hdd/AudioHOI/samples_known_object/11_stick/results/benchmark_vlm_qwen/vlm/stage4/evidence/frame00219_temporal_motion_check.png,temporal_triplet_overlay,"In the three-panel neighboring-frame view, do the brown predicted stick and green tracked stick move consistently without sudden jumps, wrong-object tracking, or physically implausible motion?",consistent|jumps_unnaturally|wrong_object_tracking|physically_implausible|unclear,mistral_llm_schema_validated,main_body|contact_region|support_region|tip_regions|grip_bands|background|unclear,hand_on_main_body|hand_on_contact_region|body_on_support_region|floor_support|persistent_two_palm_line|no_contact|unclear,forced_choice_gate_only_no_continuous_pose_or_loss,,,
,stick,stage4,220,,,9.125000,temporal_motion_check,/mnt/hdd/AudioHOI/samples_known_object/11_stick/results/benchmark_vlm_qwen/vlm/stage4/evidence/frame00220_temporal_motion_check.png,/mnt/hdd/AudioHOI/samples_known_object/11_stick/results/benchmark_vlm_qwen/vlm/stage4/evidence/frame00220_temporal_motion_check.png,temporal_triplet_overlay,"In the three-panel neighboring-frame view, do the brown predicted stick and green tracked stick move consistently without sudden jumps, wrong-object tracking, or physically implausible motion?",consistent|jumps_unnaturally|wrong_object_tracking|physically_implausible|unclear,mistral_llm_schema_validated,main_body|contact_region|support_region|tip_regions|grip_bands|background|unclear,hand_on_main_body|hand_on_contact_region|body_on_support_region|floor_support|persistent_two_palm_line|no_contact|unclear,forced_choice_gate_only_no_continuous_pose_or_loss,,,
,stick,stage4,221,,,9.166667,temporal_motion_check,/mnt/hdd/AudioHOI/samples_known_object/11_stick/results/benchmark_vlm_qwen/vlm/stage4/evidence/frame00221_temporal_motion_check.png,/mnt/hdd/AudioHOI/samples_known_object/11_stick/results/benchmark_vlm_qwen/vlm/stage4/evidence/frame00221_temporal_motion_check.png,temporal_triplet_overlay,"In the three-panel neighboring-frame view, do the brown predicted stick and green tracked stick move consistently without sudden jumps, wrong-object tracking, or physically implausible motion?",consistent|jumps_unnaturally|wrong_object_tracking|physically_implausible|unclear,mistral_llm_schema_validated,main_body|contact_region|support_region|tip_regions|grip_bands|background|unclear,hand_on_main_body|hand_on_contact_region|body_on_support_region|floor_support|persistent_two_palm_line|no_contact|unclear,forced_choice_gate_only_no_continuous_pose_or_loss,,,
,stick,stage4,222,,,9.208333,temporal_motion_check,/mnt/hdd/AudioHOI/samples_known_object/11_stick/results/benchmark_vlm_qwen/vlm/stage4/evidence/frame00222_temporal_motion_check.png,/mnt/hdd/AudioHOI/samples_known_object/11_stick/results/benchmark_vlm_qwen/vlm/stage4/evidence/frame00222_temporal_motion_check.png,temporal_triplet_overlay,"In the three-panel neighboring-frame view, do the brown predicted stick and green tracked stick move consistently without sudden jumps, wrong-object tracking, or physically implausible motion?",consistent|jumps_unnaturally|wrong_object_tracking|physically_implausible|unclear,mistral_llm_schema_validated,main_body|contact_region|support_region|tip_regions|grip_bands|background|unclear,hand_on_main_body|hand_on_contact_region|body_on_support_region|floor_support|persistent_two_palm_line|no_contact|unclear,forced_choice_gate_only_no_continuous_pose_or_loss,,,
,stick,stage4,223,,,9.250000,temporal_motion_check,/mnt/hdd/AudioHOI/samples_known_object/11_stick/results/benchmark_vlm_qwen/vlm/stage4/evidence/frame00223_temporal_motion_check.png,/mnt/hdd/AudioHOI/samples_known_object/11_stick/results/benchmark_vlm_qwen/vlm/stage4/evidence/frame00223_temporal_motion_check.png,temporal_triplet_overlay,"In the three-panel neighboring-frame view, do the brown predicted stick and green tracked stick move consistently without sudden jumps, wrong-object tracking, or physically implausible motion?",consistent|jumps_unnaturally|wrong_object_tracking|physically_implausible|unclear,mistral_llm_schema_validated,main_body|contact_region|support_region|tip_regions|grip_bands|background|unclear,hand_on_main_body|hand_on_contact_region|body_on_support_region|floor_support|persistent_two_palm_line|no_contact|unclear,forced_choice_gate_only_no_continuous_pose_or_loss,,,
,stick,stage4,224,,,9.291667,temporal_motion_check,/mnt/hdd/AudioHOI/samples_known_object/11_stick/results/benchmark_vlm_qwen/vlm/stage4/evidence/frame00224_temporal_motion_check.png,/mnt/hdd/AudioHOI/samples_known_object/11_stick/results/benchmark_vlm_qwen/vlm/stage4/evidence/frame00224_temporal_motion_check.png,temporal_triplet_overlay,"In the three-panel neighboring-frame view, do the brown predicted stick and green tracked stick move consistently without sudden jumps, wrong-object tracking, or physically implausible motion?",consistent|jumps_unnaturally|wrong_object_tracking|physically_implausible|unclear,mistral_llm_schema_validated,main_body|contact_region|support_region|tip_regions|grip_bands|background|unclear,hand_on_main_body|hand_on_contact_region|body_on_support_region|floor_support|persistent_two_palm_line|no_contact|unclear,forced_choice_gate_only_no_continuous_pose_or_loss,,,
,stick,stage4,225,,,9.333333,temporal_motion_check,/mnt/hdd/AudioHOI/samples_known_object/11_stick/results/benchmark_vlm_qwen/vlm/stage4/evidence/frame00225_temporal_motion_check.png,/mnt/hdd/AudioHOI/samples_known_object/11_stick/results/benchmark_vlm_qwen/vlm/stage4/evidence/frame00225_temporal_motion_check.png,temporal_triplet_overlay,"In the three-panel neighboring-frame view, do the brown predicted stick and green tracked stick move consistently without sudden jumps, wrong-object tracking, or physically implausible motion?",consistent|jumps_unnaturally|wrong_object_tracking|physically_implausible|unclear,mistral_llm_schema_validated,main_body|contact_region|support_region|tip_regions|grip_bands|background|unclear,hand_on_main_body|hand_on_contact_region|body_on_support_region|floor_support|persistent_two_palm_line|no_contact|unclear,forced_choice_gate_only_no_continuous_pose_or_loss,,,
,stick,stage4,226,,,9.375000,temporal_motion_check,/mnt/hdd/AudioHOI/samples_known_object/11_stick/results/benchmark_vlm_qwen/vlm/stage4/evidence/frame00226_temporal_motion_check.png,/mnt/hdd/AudioHOI/samples_known_object/11_stick/results/benchmark_vlm_qwen/vlm/stage4/evidence/frame00226_temporal_motion_check.png,temporal_triplet_overlay,"In the three-panel neighboring-frame view, do the brown predicted stick and green tracked stick move consistently without sudden jumps, wrong-object tracking, or physically implausible motion?",consistent|jumps_unnaturally|wrong_object_tracking|physically_implausible|unclear,mistral_llm_schema_validated,main_body|contact_region|support_region|tip_regions|grip_bands|background|unclear,hand_on_main_body|hand_on_contact_region|body_on_support_region|floor_support|persistent_two_palm_line|no_contact|unclear,forced_choice_gate_only_no_continuous_pose_or_loss,,,
,stick,stage4,227,,,9.416667,temporal_motion_check,/mnt/hdd/AudioHOI/samples_known_object/11_stick/results/benchmark_vlm_qwen/vlm/stage4/evidence/frame00227_temporal_motion_check.png,/mnt/hdd/AudioHOI/samples_known_object/11_stick/results/benchmark_vlm_qwen/vlm/stage4/evidence/frame00227_temporal_motion_check.png,temporal_triplet_overlay,"In the three-panel neighboring-frame view, do the brown predicted stick and green tracked stick move consistently without sudden jumps, wrong-object tracking, or physically implausible motion?",consistent|jumps_unnaturally|wrong_object_tracking|physically_implausible|unclear,mistral_llm_schema_validated,main_body|contact_region|support_region|tip_regions|grip_bands|background|unclear,hand_on_main_body|hand_on_contact_region|body_on_support_region|floor_support|persistent_two_palm_line|no_contact|unclear,forced_choice_gate_only_no_continuous_pose_or_loss,,,
,stick,stage4,228,,,9.458333,temporal_motion_check,/mnt/hdd/AudioHOI/samples_known_object/11_stick/results/benchmark_vlm_qwen/vlm/stage4/evidence/frame00228_temporal_motion_check.png,/mnt/hdd/AudioHOI/samples_known_object/11_stick/results/benchmark_vlm_qwen/vlm/stage4/evidence/frame00228_temporal_motion_check.png,temporal_triplet_overlay,"In the three-panel neighboring-frame view, do the brown predicted stick and green tracked stick move consistently without sudden jumps, wrong-object tracking, or physically implausible motion?",consistent|jumps_unnaturally|wrong_object_tracking|physically_implausible|unclear,mistral_llm_schema_validated,main_body|contact_region|support_region|tip_regions|grip_bands|background|unclear,hand_on_main_body|hand_on_contact_region|body_on_support_region|floor_support|persistent_two_palm_line|no_contact|unclear,forced_choice_gate_only_no_continuous_pose_or_loss,,,
,stick,stage4,229,,,9.500000,temporal_motion_check,/mnt/hdd/AudioHOI/samples_known_object/11_stick/results/benchmark_vlm_qwen/vlm/stage4/evidence/frame00229_temporal_motion_check.png,/mnt/hdd/AudioHOI/samples_known_object/11_stick/results/benchmark_vlm_qwen/vlm/stage4/evidence/frame00229_temporal_motion_check.png,temporal_triplet_overlay,"In the three-panel neighboring-frame view, do the brown predicted stick and green tracked stick move consistently without sudden jumps, wrong-object tracking, or physically implausible motion?",consistent|jumps_unnaturally|wrong_object_tracking|physically_implausible|unclear,mistral_llm_schema_validated,main_body|contact_region|support_region|tip_regions|grip_bands|background|unclear,hand_on_main_body|hand_on_contact_region|body_on_support_region|floor_support|persistent_two_palm_line|no_contact|unclear,forced_choice_gate_only_no_continuous_pose_or_loss,,,
,stick,stage4,230,,,9.541667,temporal_motion_check,/mnt/hdd/AudioHOI/samples_known_object/11_stick/results/benchmark_vlm_qwen/vlm/stage4/evidence/frame00230_temporal_motion_check.png,/mnt/hdd/AudioHOI/samples_known_object/11_stick/results/benchmark_vlm_qwen/vlm/stage4/evidence/frame00230_temporal_motion_check.png,temporal_triplet_overlay,"In the three-panel neighboring-frame view, do the brown predicted stick and green tracked stick move consistently without sudden jumps, wrong-object tracking, or physically implausible motion?",consistent|jumps_unnaturally|wrong_object_tracking|physically_implausible|unclear,mistral_llm_schema_validated,main_body|contact_region|support_region|tip_regions|grip_bands|background|unclear,hand_on_main_body|hand_on_contact_region|body_on_support_region|floor_support|persistent_two_palm_line|no_contact|unclear,forced_choice_gate_only_no_continuous_pose_or_loss,,,
,stick,stage4,231,,,9.583333,temporal_motion_check,/mnt/hdd/AudioHOI/samples_known_object/11_stick/results/benchmark_vlm_qwen/vlm/stage4/evidence/frame00231_temporal_motion_check.png,/mnt/hdd/AudioHOI/samples_known_object/11_stick/results/benchmark_vlm_qwen/vlm/stage4/evidence/frame00231_temporal_motion_check.png,temporal_triplet_overlay,"In the three-panel neighboring-frame view, do the brown predicted stick and green tracked stick move consistently without sudden jumps, wrong-object tracking, or physically implausible motion?",consistent|jumps_unnaturally|wrong_object_tracking|physically_implausible|unclear,mistral_llm_schema_validated,main_body|contact_region|support_region|tip_regions|grip_bands|background|unclear,hand_on_main_body|hand_on_contact_region|body_on_support_region|floor_support|persistent_two_palm_line|no_contact|unclear,forced_choice_gate_only_no_continuous_pose_or_loss,,,
,stick,stage4,232,,,9.625000,temporal_motion_check,/mnt/hdd/AudioHOI/samples_known_object/11_stick/results/benchmark_vlm_qwen/vlm/stage4/evidence/frame00232_temporal_motion_check.png,/mnt/hdd/AudioHOI/samples_known_object/11_stick/results/benchmark_vlm_qwen/vlm/stage4/evidence/frame00232_temporal_motion_check.png,temporal_triplet_overlay,"In the three-panel neighboring-frame view, do the brown predicted stick and green tracked stick move consistently without sudden jumps, wrong-object tracking, or physically implausible motion?",consistent|jumps_unnaturally|wrong_object_tracking|physically_implausible|unclear,mistral_llm_schema_validated,main_body|contact_region|support_region|tip_regions|grip_bands|background|unclear,hand_on_main_body|hand_on_contact_region|body_on_support_region|floor_support|persistent_two_palm_line|no_contact|unclear,forced_choice_gate_only_no_continuous_pose_or_loss,,,
,stick,stage4,233,,,9.666667,temporal_motion_check,/mnt/hdd/AudioHOI/samples_known_object/11_stick/results/benchmark_vlm_qwen/vlm/stage4/evidence/frame00233_temporal_motion_check.png,/mnt/hdd/AudioHOI/samples_known_object/11_stick/results/benchmark_vlm_qwen/vlm/stage4/evidence/frame00233_temporal_motion_check.png,temporal_triplet_overlay,"In the three-panel neighboring-frame view, do the brown predicted stick and green tracked stick move consistently without sudden jumps, wrong-object tracking, or physically implausible motion?",consistent|jumps_unnaturally|wrong_object_tracking|physically_implausible|unclear,mistral_llm_schema_validated,main_body|contact_region|support_region|tip_regions|grip_bands|background|unclear,hand_on_main_body|hand_on_contact_region|body_on_support_region|floor_support|persistent_two_palm_line|no_contact|unclear,forced_choice_gate_only_no_continuous_pose_or_loss,,,
,stick,stage4,234,,,9.708333,temporal_motion_check,/mnt/hdd/AudioHOI/samples_known_object/11_stick/results/benchmark_vlm_qwen/vlm/stage4/evidence/frame00234_temporal_motion_check.png,/mnt/hdd/AudioHOI/samples_known_object/11_stick/results/benchmark_vlm_qwen/vlm/stage4/evidence/frame00234_temporal_motion_check.png,temporal_triplet_overlay,"In the three-panel neighboring-frame view, do the brown predicted stick and green tracked stick move consistently without sudden jumps, wrong-object tracking, or physically implausible motion?",consistent|jumps_unnaturally|wrong_object_tracking|physically_implausible|unclear,mistral_llm_schema_validated,main_body|contact_region|support_region|tip_regions|grip_bands|background|unclear,hand_on_main_body|hand_on_contact_region|body_on_support_region|floor_support|persistent_two_palm_line|no_contact|unclear,forced_choice_gate_only_no_continuous_pose_or_loss,,,
,stick,stage4,235,,,9.750000,temporal_motion_check,/mnt/hdd/AudioHOI/samples_known_object/11_stick/results/benchmark_vlm_qwen/vlm/stage4/evidence/frame00235_temporal_motion_check.png,/mnt/hdd/AudioHOI/samples_known_object/11_stick/results/benchmark_vlm_qwen/vlm/stage4/evidence/frame00235_temporal_motion_check.png,temporal_triplet_overlay,"In the three-panel neighboring-frame view, do the brown predicted stick and green tracked stick move consistently without sudden jumps, wrong-object tracking, or physically implausible motion?",consistent|jumps_unnaturally|wrong_object_tracking|physically_implausible|unclear,mistral_llm_schema_validated,main_body|contact_region|support_region|tip_regions|grip_bands|background|unclear,hand_on_main_body|hand_on_contact_region|body_on_support_region|floor_support|persistent_two_palm_line|no_contact|unclear,forced_choice_gate_only_no_continuous_pose_or_loss,,,
,stick,stage4,236,,,9.791667,temporal_motion_check,/mnt/hdd/AudioHOI/samples_known_object/11_stick/results/benchmark_vlm_qwen/vlm/stage4/evidence/frame00236_temporal_motion_check.png,/mnt/hdd/AudioHOI/samples_known_object/11_stick/results/benchmark_vlm_qwen/vlm/stage4/evidence/frame00236_temporal_motion_check.png,temporal_triplet_overlay,"In the three-panel neighboring-frame view, do the brown predicted stick and green tracked stick move consistently without sudden jumps, wrong-object tracking, or physically implausible motion?",consistent|jumps_unnaturally|wrong_object_tracking|physically_implausible|unclear,mistral_llm_schema_validated,main_body|contact_region|support_region|tip_regions|grip_bands|background|unclear,hand_on_main_body|hand_on_contact_region|body_on_support_region|floor_support|persistent_two_palm_line|no_contact|unclear,forced_choice_gate_only_no_continuous_pose_or_loss,,,
,stick,stage4,237,,,9.833333,temporal_motion_check,/mnt/hdd/AudioHOI/samples_known_object/11_stick/results/benchmark_vlm_qwen/vlm/stage4/evidence/frame00237_temporal_motion_check.png,/mnt/hdd/AudioHOI/samples_known_object/11_stick/results/benchmark_vlm_qwen/vlm/stage4/evidence/frame00237_temporal_motion_check.png,temporal_triplet_overlay,"In the three-panel neighboring-frame view, do the brown predicted stick and green tracked stick move consistently without sudden jumps, wrong-object tracking, or physically implausible motion?",consistent|jumps_unnaturally|wrong_object_tracking|physically_implausible|unclear,mistral_llm_schema_validated,main_body|contact_region|support_region|tip_regions|grip_bands|background|unclear,hand_on_main_body|hand_on_contact_region|body_on_support_region|floor_support|persistent_two_palm_line|no_contact|unclear,forced_choice_gate_only_no_continuous_pose_or_loss,,,
,stick,stage4,238,,,9.875000,temporal_motion_check,/mnt/hdd/AudioHOI/samples_known_object/11_stick/results/benchmark_vlm_qwen/vlm/stage4/evidence/frame00238_temporal_motion_check.png,/mnt/hdd/AudioHOI/samples_known_object/11_stick/results/benchmark_vlm_qwen/vlm/stage4/evidence/frame00238_temporal_motion_check.png,temporal_triplet_overlay,"In the three-panel neighboring-frame view, do the brown predicted stick and green tracked stick move consistently without sudden jumps, wrong-object tracking, or physically implausible motion?",consistent|jumps_unnaturally|wrong_object_tracking|physically_implausible|unclear,mistral_llm_schema_validated,main_body|contact_region|support_region|tip_regions|grip_bands|background|unclear,hand_on_main_body|hand_on_contact_region|body_on_support_region|floor_support|persistent_two_palm_line|no_contact|unclear,forced_choice_gate_only_no_continuous_pose_or_loss,,,
,stick,stage4,239,,,9.916667,temporal_motion_check,/mnt/hdd/AudioHOI/samples_known_object/11_stick/results/benchmark_vlm_qwen/vlm/stage4/evidence/frame00239_temporal_motion_check.png,/mnt/hdd/AudioHOI/samples_known_object/11_stick/results/benchmark_vlm_qwen/vlm/stage4/evidence/frame00239_temporal_motion_check.png,temporal_triplet_overlay,"In the three-panel neighboring-frame view, do the brown predicted stick and green tracked stick move consistently without sudden jumps, wrong-object tracking, or physically implausible motion?",consistent|jumps_unnaturally|wrong_object_tracking|physically_implausible|unclear,mistral_llm_schema_validated,main_body|contact_region|support_region|tip_regions|grip_bands|background|unclear,hand_on_main_body|hand_on_contact_region|body_on_support_region|floor_support|persistent_two_palm_line|no_contact|unclear,forced_choice_gate_only_no_continuous_pose_or_loss,,,
,stick,stage4,240,,,9.958333,temporal_motion_check,/mnt/hdd/AudioHOI/samples_known_object/11_stick/results/benchmark_vlm_qwen/vlm/stage4/evidence/frame00240_temporal_motion_check.png,/mnt/hdd/AudioHOI/samples_known_object/11_stick/results/benchmark_vlm_qwen/vlm/stage4/evidence/frame00240_temporal_motion_check.png,temporal_triplet_overlay,"In the three-panel neighboring-frame view, do the brown predicted stick and green tracked stick move consistently without sudden jumps, wrong-object tracking, or physically implausible motion?",consistent|jumps_unnaturally|wrong_object_tracking|physically_implausible|unclear,mistral_llm_schema_validated,main_body|contact_region|support_region|tip_regions|grip_bands|background|unclear,hand_on_main_body|hand_on_contact_region|body_on_support_region|floor_support|persistent_two_palm_line|no_contact|unclear,forced_choice_gate_only_no_continuous_pose_or_loss,,,
stage4:constraint_reliability_check:00001-00015,stick,stage4,8,1,15,0.291667,constraint_reliability_check,samples_known_object/11_stick/results/benchmark_vlm_qwen/vlm/stage4/evidence/frame00008_constraint_reliability_check.png,samples_known_object/11_stick/results/benchmark_vlm_qwen/vlm/stage4/evidence/frame00008_constraint_reliability_check.png,visual_contact_constraint_temporal_overlay,"Judge each overlay against the physical object pixels, not against the dark render. The green overlay is a visual object measurement. Yellow marks are active human contact sites from a read-only body estimate. Use this rubric: choose both_consistent when green follows the visible physical object and every yellow active site lies on that same object at a plausible hand contact; choose visual_observation_reliable when green follows the physical object but a yellow site is visibly off it; choose contact_relation_reliable when yellow sites lie on the physical object but green tracks the wrong location, extent, or angle; otherwise choose unclear. Never choose visual_observation_reliable merely because green agrees with the dark render.",both_consistent|visual_observation_reliable|contact_relation_reliable|unclear,mistral_llm_schema_validated,main_body|contact_region|support_region|tip_regions|grip_bands|background|unclear,hand_on_main_body|hand_on_contact_region|body_on_support_region|floor_support|persistent_two_palm_line|no_contact|unclear,forced_choice_gate_only_no_continuous_pose_or_loss,25414c46cdd29a3e599f9abd2588486253153fa0958d97e93a67400626348701,point_reprojection|line_reprojection|mask_silhouette|metric_depth|depth_order,contact_distance|contact_relative_velocity|local_anchor_constancy
stage4:constraint_reliability_check:00026-00032,stick,stage4,29,26,32,1.166667,constraint_reliability_check,samples_known_object/11_stick/results/benchmark_vlm_qwen/vlm/stage4/evidence/frame00029_constraint_reliability_check.png,samples_known_object/11_stick/results/benchmark_vlm_qwen/vlm/stage4/evidence/frame00029_constraint_reliability_check.png,visual_contact_constraint_temporal_overlay,"Judge each overlay against the physical object pixels, not against the dark render. The green overlay is a visual object measurement. Yellow marks are active human contact sites from a read-only body estimate. Use this rubric: choose both_consistent when green follows the visible physical object and every yellow active site lies on that same object at a plausible hand contact; choose visual_observation_reliable when green follows the physical object but a yellow site is visibly off it; choose contact_relation_reliable when yellow sites lie on the physical object but green tracks the wrong location, extent, or angle; otherwise choose unclear. Never choose visual_observation_reliable merely because green agrees with the dark render.",both_consistent|visual_observation_reliable|contact_relation_reliable|unclear,mistral_llm_schema_validated,main_body|contact_region|support_region|tip_regions|grip_bands|background|unclear,hand_on_main_body|hand_on_contact_region|body_on_support_region|floor_support|persistent_two_palm_line|no_contact|unclear,forced_choice_gate_only_no_continuous_pose_or_loss,3858dd4b7db5ba15d3af779e01f196e5219233d5405123f0fe1545826cb25ea5,point_reprojection|line_reprojection|mask_silhouette|metric_depth|depth_order,contact_distance|contact_relative_velocity|local_anchor_constancy
stage4:constraint_reliability_check:00035-00041,stick,stage4,38,35,41,1.541667,constraint_reliability_check,samples_known_object/11_stick/results/benchmark_vlm_qwen/vlm/stage4/evidence/frame00038_constraint_reliability_check.png,samples_known_object/11_stick/results/benchmark_vlm_qwen/vlm/stage4/evidence/frame00038_constraint_reliability_check.png,visual_contact_constraint_temporal_overlay,"Judge each overlay against the physical object pixels, not against the dark render. The green overlay is a visual object measurement. Yellow marks are active human contact sites from a read-only body estimate. Use this rubric: choose both_consistent when green follows the visible physical object and every yellow active site lies on that same object at a plausible hand contact; choose visual_observation_reliable when green follows the physical object but a yellow site is visibly off it; choose contact_relation_reliable when yellow sites lie on the physical object but green tracks the wrong location, extent, or angle; otherwise choose unclear. Never choose visual_observation_reliable merely because green agrees with the dark render.",both_consistent|visual_observation_reliable|contact_relation_reliable|unclear,mistral_llm_schema_validated,main_body|contact_region|support_region|tip_regions|grip_bands|background|unclear,hand_on_main_body|hand_on_contact_region|body_on_support_region|floor_support|persistent_two_palm_line|no_contact|unclear,forced_choice_gate_only_no_continuous_pose_or_loss,14d500573d8dfa282582dbc940869ac9418bd8ff5fb7cef61696bf3f28aa888d,point_reprojection|line_reprojection|mask_silhouette|metric_depth|depth_order,contact_distance|contact_relative_velocity|local_anchor_constancy
stage4:constraint_reliability_check:00046-00055,stick,stage4,50,46,55,2.041667,constraint_reliability_check,samples_known_object/11_stick/results/benchmark_vlm_qwen/vlm/stage4/evidence/frame00050_constraint_reliability_check.png,samples_known_object/11_stick/results/benchmark_vlm_qwen/vlm/stage4/evidence/frame00050_constraint_reliability_check.png,visual_contact_constraint_temporal_overlay,"Judge each overlay against the physical object pixels, not against the dark render. The green overlay is a visual object measurement. Yellow marks are active human contact sites from a read-only body estimate. Use this rubric: choose both_consistent when green follows the visible physical object and every yellow active site lies on that same object at a plausible hand contact; choose visual_observation_reliable when green follows the physical object but a yellow site is visibly off it; choose contact_relation_reliable when yellow sites lie on the physical object but green tracks the wrong location, extent, or angle; otherwise choose unclear. Never choose visual_observation_reliable merely because green agrees with the dark render.",both_consistent|visual_observation_reliable|contact_relation_reliable|unclear,mistral_llm_schema_validated,main_body|contact_region|support_region|tip_regions|grip_bands|background|unclear,hand_on_main_body|hand_on_contact_region|body_on_support_region|floor_support|persistent_two_palm_line|no_contact|unclear,forced_choice_gate_only_no_continuous_pose_or_loss,14f98902e88cc8f74a9b149e1948927bcfa5194e6b6a5ceea210390a7152aad6,point_reprojection|line_reprojection|mask_silhouette|metric_depth|depth_order,contact_distance|contact_relative_velocity|local_anchor_constancy
stage4:constraint_reliability_check:00060-00068,stick,stage4,64,60,68,2.625000,constraint_reliability_check,samples_known_object/11_stick/results/benchmark_vlm_qwen/vlm/stage4/evidence/frame00064_constraint_reliability_check.png,samples_known_object/11_stick/results/benchmark_vlm_qwen/vlm/stage4/evidence/frame00064_constraint_reliability_check.png,visual_contact_constraint_temporal_overlay,"Judge each overlay against the physical object pixels, not against the dark render. The green overlay is a visual object measurement. Yellow marks are active human contact sites from a read-only body estimate. Use this rubric: choose both_consistent when green follows the visible physical object and every yellow active site lies on that same object at a plausible hand contact; choose visual_observation_reliable when green follows the physical object but a yellow site is visibly off it; choose contact_relation_reliable when yellow sites lie on the physical object but green tracks the wrong location, extent, or angle; otherwise choose unclear. Never choose visual_observation_reliable merely because green agrees with the dark render.",both_consistent|visual_observation_reliable|contact_relation_reliable|unclear,mistral_llm_schema_validated,main_body|contact_region|support_region|tip_regions|grip_bands|background|unclear,hand_on_main_body|hand_on_contact_region|body_on_support_region|floor_support|persistent_two_palm_line|no_contact|unclear,forced_choice_gate_only_no_continuous_pose_or_loss,1e221929b3bcf5fa3a7a247f1f90b95a48a934a4e5af66519271b550e7eaf09a,point_reprojection|line_reprojection|mask_silhouette|metric_depth|depth_order,contact_distance|contact_relative_velocity|local_anchor_constancy
stage4:constraint_reliability_check:00072-00095,stick,stage4,83,72,95,3.416667,constraint_reliability_check,samples_known_object/11_stick/results/benchmark_vlm_qwen/vlm/stage4/evidence/frame00083_constraint_reliability_check.png,samples_known_object/11_stick/results/benchmark_vlm_qwen/vlm/stage4/evidence/frame00083_constraint_reliability_check.png,visual_contact_constraint_temporal_overlay,"Judge each overlay against the physical object pixels, not against the dark render. The green overlay is a visual object measurement. Yellow marks are active human contact sites from a read-only body estimate. Use this rubric: choose both_consistent when green follows the visible physical object and every yellow active site lies on that same object at a plausible hand contact; choose visual_observation_reliable when green follows the physical object but a yellow site is visibly off it; choose contact_relation_reliable when yellow sites lie on the physical object but green tracks the wrong location, extent, or angle; otherwise choose unclear. Never choose visual_observation_reliable merely because green agrees with the dark render.",both_consistent|visual_observation_reliable|contact_relation_reliable|unclear,mistral_llm_schema_validated,main_body|contact_region|support_region|tip_regions|grip_bands|background|unclear,hand_on_main_body|hand_on_contact_region|body_on_support_region|floor_support|persistent_two_palm_line|no_contact|unclear,forced_choice_gate_only_no_continuous_pose_or_loss,fa87025033a4dfdc608bf82d08d77b0451921560ad3726e90344a02123472b1c,point_reprojection|line_reprojection|mask_silhouette|metric_depth|depth_order,contact_distance|contact_relative_velocity|local_anchor_constancy
stage4:constraint_reliability_check:00096-00119,stick,stage4,107,96,119,4.416667,constraint_reliability_check,samples_known_object/11_stick/results/benchmark_vlm_qwen/vlm/stage4/evidence/frame00107_constraint_reliability_check.png,samples_known_object/11_stick/results/benchmark_vlm_qwen/vlm/stage4/evidence/frame00107_constraint_reliability_check.png,visual_contact_constraint_temporal_overlay,"Judge each overlay against the physical object pixels, not against the dark render. The green overlay is a visual object measurement. Yellow marks are active human contact sites from a read-only body estimate. Use this rubric: choose both_consistent when green follows the visible physical object and every yellow active site lies on that same object at a plausible hand contact; choose visual_observation_reliable when green follows the physical object but a yellow site is visibly off it; choose contact_relation_reliable when yellow sites lie on the physical object but green tracks the wrong location, extent, or angle; otherwise choose unclear. Never choose visual_observation_reliable merely because green agrees with the dark render.",both_consistent|visual_observation_reliable|contact_relation_reliable|unclear,mistral_llm_schema_validated,main_body|contact_region|support_region|tip_regions|grip_bands|background|unclear,hand_on_main_body|hand_on_contact_region|body_on_support_region|floor_support|persistent_two_palm_line|no_contact|unclear,forced_choice_gate_only_no_continuous_pose_or_loss,54cda84071cde931f21797a3444e03c324f9665e54ffccbf2b2d22ec62af39af,point_reprojection|line_reprojection|mask_silhouette|metric_depth|depth_order,contact_distance|contact_relative_velocity|local_anchor_constancy
stage4:constraint_reliability_check:00120-00143,stick,stage4,131,120,143,5.416667,constraint_reliability_check,samples_known_object/11_stick/results/benchmark_vlm_qwen/vlm/stage4/evidence/frame00131_constraint_reliability_check.png,samples_known_object/11_stick/results/benchmark_vlm_qwen/vlm/stage4/evidence/frame00131_constraint_reliability_check.png,visual_contact_constraint_temporal_overlay,"Judge each overlay against the physical object pixels, not against the dark render. The green overlay is a visual object measurement. Yellow marks are active human contact sites from a read-only body estimate. Use this rubric: choose both_consistent when green follows the visible physical object and every yellow active site lies on that same object at a plausible hand contact; choose visual_observation_reliable when green follows the physical object but a yellow site is visibly off it; choose contact_relation_reliable when yellow sites lie on the physical object but green tracks the wrong location, extent, or angle; otherwise choose unclear. Never choose visual_observation_reliable merely because green agrees with the dark render.",both_consistent|visual_observation_reliable|contact_relation_reliable|unclear,mistral_llm_schema_validated,main_body|contact_region|support_region|tip_regions|grip_bands|background|unclear,hand_on_main_body|hand_on_contact_region|body_on_support_region|floor_support|persistent_two_palm_line|no_contact|unclear,forced_choice_gate_only_no_continuous_pose_or_loss,b5622badb4735cf593b42d321692f91f2491ef10c5c53cfdc68f3c2acf65fce9,point_reprojection|line_reprojection|mask_silhouette|metric_depth|depth_order,contact_distance|contact_relative_velocity|local_anchor_constancy
stage4:constraint_reliability_check:00144-00167,stick,stage4,155,144,167,6.416667,constraint_reliability_check,samples_known_object/11_stick/results/benchmark_vlm_qwen/vlm/stage4/evidence/frame00155_constraint_reliability_check.png,samples_known_object/11_stick/results/benchmark_vlm_qwen/vlm/stage4/evidence/frame00155_constraint_reliability_check.png,visual_contact_constraint_temporal_overlay,"Judge each overlay against the physical object pixels, not against the dark render. The green overlay is a visual object measurement. Yellow marks are active human contact sites from a read-only body estimate. Use this rubric: choose both_consistent when green follows the visible physical object and every yellow active site lies on that same object at a plausible hand contact; choose visual_observation_reliable when green follows the physical object but a yellow site is visibly off it; choose contact_relation_reliable when yellow sites lie on the physical object but green tracks the wrong location, extent, or angle; otherwise choose unclear. Never choose visual_observation_reliable merely because green agrees with the dark render.",both_consistent|visual_observation_reliable|contact_relation_reliable|unclear,mistral_llm_schema_validated,main_body|contact_region|support_region|tip_regions|grip_bands|background|unclear,hand_on_main_body|hand_on_contact_region|body_on_support_region|floor_support|persistent_two_palm_line|no_contact|unclear,forced_choice_gate_only_no_continuous_pose_or_loss,029187dcafb7ac1f2eb96897968f3a5743c36e65639213ff0a702033508e7cdf,point_reprojection|line_reprojection|mask_silhouette|metric_depth|depth_order,contact_distance|contact_relative_velocity|local_anchor_constancy
stage4:constraint_reliability_check:00168-00172,stick,stage4,170,168,172,7.041667,constraint_reliability_check,samples_known_object/11_stick/results/benchmark_vlm_qwen/vlm/stage4/evidence/frame00170_constraint_reliability_check.png,samples_known_object/11_stick/results/benchmark_vlm_qwen/vlm/stage4/evidence/frame00170_constraint_reliability_check.png,visual_contact_constraint_temporal_overlay,"Judge each overlay against the physical object pixels, not against the dark render. The green overlay is a visual object measurement. Yellow marks are active human contact sites from a read-only body estimate. Use this rubric: choose both_consistent when green follows the visible physical object and every yellow active site lies on that same object at a plausible hand contact; choose visual_observation_reliable when green follows the physical object but a yellow site is visibly off it; choose contact_relation_reliable when yellow sites lie on the physical object but green tracks the wrong location, extent, or angle; otherwise choose unclear. Never choose visual_observation_reliable merely because green agrees with the dark render.",both_consistent|visual_observation_reliable|contact_relation_reliable|unclear,mistral_llm_schema_validated,main_body|contact_region|support_region|tip_regions|grip_bands|background|unclear,hand_on_main_body|hand_on_contact_region|body_on_support_region|floor_support|persistent_two_palm_line|no_contact|unclear,forced_choice_gate_only_no_continuous_pose_or_loss,4f9d7e9c63cb4b9a3992fb6399151c97103350c33f27cc0a5fd6309bc95254fa,point_reprojection|line_reprojection|mask_silhouette|metric_depth|depth_order,contact_distance|contact_relative_velocity|local_anchor_constancy
stage4:constraint_reliability_check:00175-00179,stick,stage4,177,175,179,7.333333,constraint_reliability_check,samples_known_object/11_stick/results/benchmark_vlm_qwen/vlm/stage4/evidence/frame00177_constraint_reliability_check.png,samples_known_object/11_stick/results/benchmark_vlm_qwen/vlm/stage4/evidence/frame00177_constraint_reliability_check.png,visual_contact_constraint_temporal_overlay,"Judge each overlay against the physical object pixels, not against the dark render. The green overlay is a visual object measurement. Yellow marks are active human contact sites from a read-only body estimate. Use this rubric: choose both_consistent when green follows the visible physical object and every yellow active site lies on that same object at a plausible hand contact; choose visual_observation_reliable when green follows the physical object but a yellow site is visibly off it; choose contact_relation_reliable when yellow sites lie on the physical object but green tracks the wrong location, extent, or angle; otherwise choose unclear. Never choose visual_observation_reliable merely because green agrees with the dark render.",both_consistent|visual_observation_reliable|contact_relation_reliable|unclear,mistral_llm_schema_validated,main_body|contact_region|support_region|tip_regions|grip_bands|background|unclear,hand_on_main_body|hand_on_contact_region|body_on_support_region|floor_support|persistent_two_palm_line|no_contact|unclear,forced_choice_gate_only_no_continuous_pose_or_loss,fea431bfb718872da7bc6cff276724d96d1b0d87e1733a5c27c25535820105e1,point_reprojection|line_reprojection|mask_silhouette|metric_depth|depth_order,contact_distance|contact_relative_velocity|local_anchor_constancy
stage4:constraint_reliability_check:00187-00210,stick,stage4,198,187,210,8.208333,constraint_reliability_check,samples_known_object/11_stick/results/benchmark_vlm_qwen/vlm/stage4/evidence/frame00198_constraint_reliability_check.png,samples_known_object/11_stick/results/benchmark_vlm_qwen/vlm/stage4/evidence/frame00198_constraint_reliability_check.png,visual_contact_constraint_temporal_overlay,"Judge each overlay against the physical object pixels, not against the dark render. The green overlay is a visual object measurement. Yellow marks are active human contact sites from a read-only body estimate. Use this rubric: choose both_consistent when green follows the visible physical object and every yellow active site lies on that same object at a plausible hand contact; choose visual_observation_reliable when green follows the physical object but a yellow site is visibly off it; choose contact_relation_reliable when yellow sites lie on the physical object but green tracks the wrong location, extent, or angle; otherwise choose unclear. Never choose visual_observation_reliable merely because green agrees with the dark render.",both_consistent|visual_observation_reliable|contact_relation_reliable|unclear,mistral_llm_schema_validated,main_body|contact_region|support_region|tip_regions|grip_bands|background|unclear,hand_on_main_body|hand_on_contact_region|body_on_support_region|floor_support|persistent_two_palm_line|no_contact|unclear,forced_choice_gate_only_no_continuous_pose_or_loss,40e8536a634ccdb7e68490229782773a913c4a4b60a2253b9dceff41cb5c8059,point_reprojection|line_reprojection|mask_silhouette|metric_depth|depth_order,contact_distance|contact_relative_velocity|local_anchor_constancy
stage4:constraint_reliability_check:00211-00234,stick,stage4,222,211,234,9.208333,constraint_reliability_check,samples_known_object/11_stick/results/benchmark_vlm_qwen/vlm/stage4/evidence/frame00222_constraint_reliability_check.png,samples_known_object/11_stick/results/benchmark_vlm_qwen/vlm/stage4/evidence/frame00222_constraint_reliability_check.png,visual_contact_constraint_temporal_overlay,"Judge each overlay against the physical object pixels, not against the dark render. The green overlay is a visual object measurement. Yellow marks are active human contact sites from a read-only body estimate. Use this rubric: choose both_consistent when green follows the visible physical object and every yellow active site lies on that same object at a plausible hand contact; choose visual_observation_reliable when green follows the physical object but a yellow site is visibly off it; choose contact_relation_reliable when yellow sites lie on the physical object but green tracks the wrong location, extent, or angle; otherwise choose unclear. Never choose visual_observation_reliable merely because green agrees with the dark render.",both_consistent|visual_observation_reliable|contact_relation_reliable|unclear,mistral_llm_schema_validated,main_body|contact_region|support_region|tip_regions|grip_bands|background|unclear,hand_on_main_body|hand_on_contact_region|body_on_support_region|floor_support|persistent_two_palm_line|no_contact|unclear,forced_choice_gate_only_no_continuous_pose_or_loss,e982d27ac7938061219a269c2753e713c01a131f47d1df33e9b3b7bb709d8255,point_reprojection|line_reprojection|mask_silhouette|metric_depth|depth_order,contact_distance|contact_relative_velocity|local_anchor_constancy
stage4:constraint_reliability_check:00235-00240,stick,stage4,237,235,240,9.833333,constraint_reliability_check,samples_known_object/11_stick/results/benchmark_vlm_qwen/vlm/stage4/evidence/frame00237_constraint_reliability_check.png,samples_known_object/11_stick/results/benchmark_vlm_qwen/vlm/stage4/evidence/frame00237_constraint_reliability_check.png,visual_contact_constraint_temporal_overlay,"Judge each overlay against the physical object pixels, not against the dark render. The green overlay is a visual object measurement. Yellow marks are active human contact sites from a read-only body estimate. Use this rubric: choose both_consistent when green follows the visible physical object and every yellow active site lies on that same object at a plausible hand contact; choose visual_observation_reliable when green follows the physical object but a yellow site is visibly off it; choose contact_relation_reliable when yellow sites lie on the physical object but green tracks the wrong location, extent, or angle; otherwise choose unclear. Never choose visual_observation_reliable merely because green agrees with the dark render.",both_consistent|visual_observation_reliable|contact_relation_reliable|unclear,mistral_llm_schema_validated,main_body|contact_region|support_region|tip_regions|grip_bands|background|unclear,hand_on_main_body|hand_on_contact_region|body_on_support_region|floor_support|persistent_two_palm_line|no_contact|unclear,forced_choice_gate_only_no_continuous_pose_or_loss,15f1fa779a2eae76595d7d316e34737a1110fa1866700eb2ec0b09606d9c9fe3,point_reprojection|line_reprojection|mask_silhouette|metric_depth|depth_order,contact_distance|contact_relative_velocity|local_anchor_constancy
