frame,time,candidate_id,family,angle_deg,length_px,top_u,top_v,bottom_u,bottom_v,source
1,0.000000,0,front_leg_candidate,-68.875,235.850,812.000,376.000,727.000,596.000,rgb_edges_inside_sam2_mask
1,0.000000,1,front_leg_candidate,-70.105,223.329,890.000,388.000,814.000,598.000,rgb_edges_inside_sam2_mask
1,0.000000,2,front_leg_candidate,-69.219,208.569,799.000,399.000,725.000,594.000,rgb_edges_inside_sam2_mask
1,0.000000,3,front_leg_candidate,-70.228,162.585,859.000,475.000,804.000,628.000,rgb_edges_inside_sam2_mask
1,0.000000,4,front_leg_candidate,-68.988,161.756,807.000,376.000,749.000,527.000,rgb_edges_inside_sam2_mask
1,0.000000,5,rear_leg_candidate,82.875,153.183,880.000,434.000,899.000,586.000,rgb_edges_inside_sam2_mask
1,0.000000,6,front_leg_candidate,-70.216,147.719,852.000,481.000,802.000,620.000,rgb_edges_inside_sam2_mask
1,0.000000,7,front_leg_candidate,-70.159,103.121,895.000,392.000,860.000,489.000,rgb_edges_inside_sam2_mask
1,0.000000,8,front_leg_candidate,-70.128,88.255,890.000,407.000,860.000,490.000,rgb_edges_inside_sam2_mask
1,0.000000,9,rear_leg_candidate,83.130,83.600,885.000,522.000,895.000,605.000,rgb_edges_inside_sam2_mask
1,0.000000,10,rear_leg_candidate,82.962,81.615,872.000,457.000,882.000,538.000,rgb_edges_inside_sam2_mask
1,0.000000,11,front_leg_candidate,-68.860,80.411,774.000,492.000,745.000,567.000,rgb_edges_inside_sam2_mask
1,0.000000,12,front_leg_candidate,-70.641,78.435,806.000,404.000,780.000,478.000,rgb_edges_inside_sam2_mask
1,0.000000,13,rear_leg_candidate,82.600,77.647,807.000,495.000,817.000,572.000,rgb_edges_inside_sam2_mask
1,0.000000,14,front_leg_candidate,-69.179,75.961,760.000,530.000,733.000,601.000,rgb_edges_inside_sam2_mask
1,0.000000,15,support_or_stretcher_candidate,20.186,72.450,743.000,565.000,811.000,590.000,rgb_edges_inside_sam2_mask
1,0.000000,16,rear_leg_candidate,82.461,68.593,804.000,496.000,813.000,564.000,rgb_edges_inside_sam2_mask
1,0.000000,17,rear_leg_candidate,81.741,62.650,802.000,418.000,811.000,480.000,rgb_edges_inside_sam2_mask
1,0.000000,18,front_leg_candidate,-70.096,61.685,807.000,404.000,786.000,462.000,rgb_edges_inside_sam2_mask
1,0.000000,19,front_leg_candidate,-69.775,60.745,866.000,475.000,845.000,532.000,rgb_edges_inside_sam2_mask
1,0.000000,20,rear_leg_candidate,82.875,56.436,815.000,506.000,822.000,562.000,rgb_edges_inside_sam2_mask
1,0.000000,21,rear_leg_candidate,83.418,52.345,884.000,519.000,890.000,571.000,rgb_edges_inside_sam2_mask
1,0.000000,22,front_leg_candidate,-68.875,47.170,744.000,555.000,727.000,599.000,rgb_edges_inside_sam2_mask
1,0.000000,23,support_or_stretcher_candidate,20.225,40.497,773.000,572.000,811.000,586.000,rgb_edges_inside_sam2_mask
1,0.000000,24,rear_leg_candidate,82.304,37.336,886.000,566.000,891.000,603.000,rgb_edges_inside_sam2_mask
1,0.000000,25,rear_leg_candidate,85.365,37.121,805.000,496.000,808.000,533.000,rgb_edges_inside_sam2_mask
2,0.041667,0,front_leg_candidate,-70.193,250.841,890.000,388.000,805.000,624.000,rgb_edges_inside_sam2_mask
2,0.041667,1,rear_leg_candidate,83.012,156.160,882.000,445.000,901.000,600.000,rgb_edges_inside_sam2_mask
2,0.041667,2,front_leg_candidate,-70.216,147.719,852.000,481.000,802.000,620.000,rgb_edges_inside_sam2_mask
2,0.041667,3,front_leg_candidate,-70.374,136.956,889.000,409.000,843.000,538.000,rgb_edges_inside_sam2_mask
2,0.041667,4,front_leg_candidate,-69.978,125.591,810.000,376.000,767.000,494.000,rgb_edges_inside_sam2_mask
2,0.041667,5,front_leg_candidate,-68.927,116.812,774.000,492.000,732.000,601.000,rgb_edges_inside_sam2_mask
2,0.041667,6,front_leg_candidate,-70.241,109.444,801.000,390.000,764.000,493.000,rgb_edges_inside_sam2_mask
2,0.041667,7,rear_leg_candidate,84.401,102.489,872.000,437.000,882.000,539.000,rgb_edges_inside_sam2_mask
2,0.041667,8,rear_leg_candidate,83.290,85.586,890.000,516.000,900.000,601.000,rgb_edges_inside_sam2_mask
2,0.041667,9,support_or_stretcher_candidate,21.425,84.865,737.000,562.000,816.000,593.000,rgb_edges_inside_sam2_mask
2,0.041667,10,rear_leg_candidate,82.539,84.717,884.000,521.000,895.000,605.000,rgb_edges_inside_sam2_mask
2,0.041667,11,rear_leg_candidate,82.360,82.735,807.000,495.000,818.000,577.000,rgb_edges_inside_sam2_mask
2,0.041667,12,support_or_stretcher_candidate,20.854,67.417,742.000,560.000,805.000,584.000,rgb_edges_inside_sam2_mask
2,0.041667,13,rear_leg_candidate,81.870,63.640,802.000,417.000,811.000,480.000,rgb_edges_inside_sam2_mask
2,0.041667,14,front_leg_candidate,-70.408,62.626,748.000,541.000,727.000,600.000,rgb_edges_inside_sam2_mask
2,0.041667,15,rear_leg_candidate,82.147,58.549,809.000,514.000,817.000,572.000,rgb_edges_inside_sam2_mask
2,0.041667,16,front_leg_candidate,-69.677,57.585,754.000,546.000,734.000,600.000,rgb_edges_inside_sam2_mask
2,0.041667,17,rear_leg_candidate,82.011,57.559,792.000,417.000,800.000,474.000,rgb_edges_inside_sam2_mask
2,0.041667,18,front_leg_candidate,-69.326,56.648,745.000,540.000,725.000,593.000,rgb_edges_inside_sam2_mask
2,0.041667,19,front_leg_candidate,-68.009,56.080,800.000,426.000,779.000,478.000,rgb_edges_inside_sam2_mask
2,0.041667,20,front_leg_candidate,-67.218,54.231,895.000,399.000,874.000,449.000,rgb_edges_inside_sam2_mask
2,0.041667,21,rear_leg_candidate,81.529,47.518,814.000,507.000,821.000,554.000,rgb_edges_inside_sam2_mask
2,0.041667,22,rear_leg_candidate,82.725,47.381,881.000,444.000,887.000,491.000,rgb_edges_inside_sam2_mask
2,0.041667,23,front_leg_candidate,-70.346,44.598,754.000,526.000,739.000,568.000,rgb_edges_inside_sam2_mask
2,0.041667,24,front_leg_candidate,-71.565,44.272,766.000,491.000,752.000,533.000,rgb_edges_inside_sam2_mask
2,0.041667,25,front_leg_candidate,-69.905,43.658,819.000,587.000,804.000,628.000,rgb_edges_inside_sam2_mask
2,0.041667,26,front_leg_candidate,-71.565,37.947,762.000,492.000,750.000,528.000,rgb_edges_inside_sam2_mask
3,0.083333,0,front_leg_candidate,-69.978,251.181,890.000,388.000,804.000,624.000,rgb_edges_inside_sam2_mask
3,0.083333,1,front_leg_candidate,-70.228,162.585,859.000,475.000,804.000,628.000,rgb_edges_inside_sam2_mask
3,0.083333,2,front_leg_candidate,-68.860,160.823,808.000,376.000,750.000,526.000,rgb_edges_inside_sam2_mask
3,0.083333,3,rear_leg_candidate,82.967,155.168,882.000,445.000,901.000,599.000,rgb_edges_inside_sam2_mask
3,0.083333,4,front_leg_candidate,-69.950,145.839,852.000,482.000,802.000,619.000,rgb_edges_inside_sam2_mask
3,0.083333,5,rear_leg_candidate,82.977,139.043,881.000,444.000,898.000,582.000,rgb_edges_inside_sam2_mask
3,0.083333,6,front_leg_candidate,-70.233,136.015,889.000,410.000,843.000,538.000,rgb_edges_inside_sam2_mask
3,0.083333,7,front_leg_candidate,-70.133,126.531,852.000,480.000,809.000,599.000,rgb_edges_inside_sam2_mask
3,0.083333,8,front_leg_candidate,-69.978,125.591,810.000,376.000,767.000,494.000,rgb_edges_inside_sam2_mask
3,0.083333,9,front_leg_candidate,-69.246,101.592,769.000,506.000,733.000,601.000,rgb_edges_inside_sam2_mask
3,0.083333,10,front_leg_candidate,-69.007,92.114,807.000,376.000,774.000,462.000,rgb_edges_inside_sam2_mask
3,0.083333,11,rear_leg_candidate,82.360,82.735,872.000,455.000,883.000,537.000,rgb_edges_inside_sam2_mask
3,0.083333,12,front_leg_candidate,-69.362,82.280,756.000,523.000,727.000,600.000,rgb_edges_inside_sam2_mask
3,0.083333,13,front_leg_candidate,-71.333,78.109,806.000,404.000,781.000,478.000,rgb_edges_inside_sam2_mask
3,0.083333,14,rear_leg_candidate,81.870,77.782,806.000,495.000,817.000,572.000,rgb_edges_inside_sam2_mask
3,0.083333,15,rear_leg_candidate,82.405,75.664,807.000,495.000,817.000,570.000,rgb_edges_inside_sam2_mask
3,0.083333,16,support_or_stretcher_candidate,20.376,74.673,740.000,564.000,810.000,590.000,rgb_edges_inside_sam2_mask
3,0.083333,17,rear_leg_candidate,82.461,68.593,804.000,496.000,813.000,564.000,rgb_edges_inside_sam2_mask
3,0.083333,18,rear_leg_candidate,83.758,64.382,888.000,545.000,895.000,609.000,rgb_edges_inside_sam2_mask
3,0.083333,19,rear_leg_candidate,83.234,59.414,792.000,415.000,799.000,474.000,rgb_edges_inside_sam2_mask
3,0.083333,20,front_leg_candidate,-70.017,58.523,745.000,540.000,725.000,595.000,rgb_edges_inside_sam2_mask
3,0.083333,21,front_leg_candidate,-68.405,51.624,746.000,548.000,727.000,596.000,rgb_edges_inside_sam2_mask
3,0.083333,22,front_leg_candidate,-69.444,51.264,862.000,488.000,844.000,536.000,rgb_edges_inside_sam2_mask
3,0.083333,23,rear_leg_candidate,82.030,50.488,814.000,507.000,821.000,557.000,rgb_edges_inside_sam2_mask
3,0.083333,24,rear_leg_candidate,80.134,46.690,874.000,449.000,882.000,495.000,rgb_edges_inside_sam2_mask
3,0.083333,25,front_leg_candidate,-68.459,40.853,768.000,490.000,753.000,528.000,rgb_edges_inside_sam2_mask
3,0.083333,26,rear_leg_candidate,77.800,37.855,886.000,570.000,894.000,607.000,rgb_edges_inside_sam2_mask
4,0.125000,0,front_leg_candidate,-69.978,251.181,890.000,388.000,804.000,624.000,rgb_edges_inside_sam2_mask
4,0.125000,1,front_leg_candidate,-69.107,199.090,811.000,376.000,740.000,562.000,rgb_edges_inside_sam2_mask
4,0.125000,2,rear_leg_candidate,83.130,167.200,880.000,435.000,900.000,601.000,rgb_edges_inside_sam2_mask
4,0.125000,3,front_leg_candidate,-68.860,160.823,808.000,376.000,750.000,526.000,rgb_edges_inside_sam2_mask
4,0.125000,4,front_leg_candidate,-70.986,156.541,895.000,389.000,844.000,537.000,rgb_edges_inside_sam2_mask
4,0.125000,5,front_leg_candidate,-70.174,156.263,857.000,481.000,804.000,628.000,rgb_edges_inside_sam2_mask
4,0.125000,6,rear_leg_candidate,83.012,156.160,882.000,445.000,901.000,600.000,rgb_edges_inside_sam2_mask
4,0.125000,7,front_leg_candidate,-70.216,147.719,852.000,480.000,802.000,619.000,rgb_edges_inside_sam2_mask
4,0.125000,8,front_leg_candidate,-68.587,109.563,767.000,494.000,727.000,596.000,rgb_edges_inside_sam2_mask
4,0.125000,9,front_leg_candidate,-70.224,94.578,834.000,532.000,802.000,621.000,rgb_edges_inside_sam2_mask
4,0.125000,10,front_leg_candidate,-69.057,86.729,774.000,492.000,743.000,573.000,rgb_edges_inside_sam2_mask
4,0.125000,11,rear_leg_candidate,83.367,86.579,885.000,523.000,895.000,609.000,rgb_edges_inside_sam2_mask
4,0.125000,12,rear_leg_candidate,82.875,80.623,813.000,495.000,823.000,575.000,rgb_edges_inside_sam2_mask
4,0.125000,13,rear_leg_candidate,82.200,73.682,800.000,407.000,810.000,480.000,rgb_edges_inside_sam2_mask
4,0.125000,14,rear_leg_candidate,82.674,70.576,807.000,495.000,816.000,565.000,rgb_edges_inside_sam2_mask
4,0.125000,15,front_leg_candidate,-70.017,70.228,805.000,408.000,781.000,474.000,rgb_edges_inside_sam2_mask
4,0.125000,16,rear_leg_candidate,82.569,69.584,803.000,496.000,812.000,565.000,rgb_edges_inside_sam2_mask
4,0.125000,17,rear_leg_candidate,82.011,57.559,805.000,507.000,813.000,564.000,rgb_edges_inside_sam2_mask
4,0.125000,18,rear_leg_candidate,82.999,57.428,873.000,455.000,880.000,512.000,rgb_edges_inside_sam2_mask
4,0.125000,19,front_leg_candidate,-69.444,51.264,745.000,552.000,727.000,600.000,rgb_edges_inside_sam2_mask
4,0.125000,20,front_leg_candidate,-71.175,46.487,744.000,539.000,729.000,583.000,rgb_edges_inside_sam2_mask
4,0.125000,21,rear_leg_candidate,86.186,45.100,878.000,484.000,881.000,529.000,rgb_edges_inside_sam2_mask
4,0.125000,22,rear_leg_candidate,82.057,43.417,795.000,432.000,801.000,475.000,rgb_edges_inside_sam2_mask
4,0.125000,23,front_leg_candidate,-67.694,42.154,800.000,426.000,784.000,465.000,rgb_edges_inside_sam2_mask
4,0.125000,24,front_leg_candidate,-68.962,41.785,760.000,530.000,745.000,569.000,rgb_edges_inside_sam2_mask
4,0.125000,25,front_leg_candidate,-69.624,37.336,762.000,492.000,749.000,527.000,rgb_edges_inside_sam2_mask
4,0.125000,26,front_leg_candidate,-70.560,36.056,855.000,504.000,843.000,538.000,rgb_edges_inside_sam2_mask
5,0.166667,0,front_leg_candidate,-69.978,251.181,890.000,388.000,804.000,624.000,rgb_edges_inside_sam2_mask
5,0.166667,1,front_leg_candidate,-68.981,217.470,805.000,393.000,727.000,596.000,rgb_edges_inside_sam2_mask
5,0.166667,2,rear_leg_candidate,83.047,165.215,880.000,436.000,900.000,600.000,rgb_edges_inside_sam2_mask
5,0.166667,3,front_leg_candidate,-70.216,147.719,854.000,489.000,804.000,628.000,rgb_edges_inside_sam2_mask
5,0.166667,4,front_leg_candidate,-70.105,111.665,772.000,495.000,734.000,600.000,rgb_edges_inside_sam2_mask
5,0.166667,5,front_leg_candidate,-70.589,111.328,852.000,480.000,815.000,585.000,rgb_edges_inside_sam2_mask
5,0.166667,6,front_leg_candidate,-69.638,103.465,794.000,409.000,758.000,506.000,rgb_edges_inside_sam2_mask
5,0.166667,7,front_leg_candidate,-70.308,100.901,894.000,395.000,860.000,490.000,rgb_edges_inside_sam2_mask
5,0.166667,8,front_leg_candidate,-70.067,96.799,766.000,510.000,733.000,601.000,rgb_edges_inside_sam2_mask
5,0.166667,9,rear_leg_candidate,84.413,92.439,873.000,447.000,882.000,539.000,rgb_edges_inside_sam2_mask
5,0.166667,10,rear_leg_candidate,82.405,90.796,807.000,495.000,819.000,585.000,rgb_edges_inside_sam2_mask
5,0.166667,11,front_leg_candidate,-69.744,89.538,806.000,378.000,775.000,462.000,rgb_edges_inside_sam2_mask
5,0.166667,12,rear_leg_candidate,83.660,63.388,885.000,522.000,892.000,585.000,rgb_edges_inside_sam2_mask
5,0.166667,13,rear_leg_candidate,82.147,58.549,809.000,514.000,817.000,572.000,rgb_edges_inside_sam2_mask
5,0.166667,14,front_leg_candidate,-69.677,57.585,745.000,541.000,725.000,595.000,rgb_edges_inside_sam2_mask
5,0.166667,15,rear_leg_candidate,82.011,57.559,814.000,507.000,822.000,564.000,rgb_edges_inside_sam2_mask
5,0.166667,16,front_leg_candidate,-68.962,55.714,745.000,540.000,725.000,592.000,rgb_edges_inside_sam2_mask
5,0.166667,17,support_or_stretcher_candidate,20.171,52.202,759.000,567.000,808.000,585.000,rgb_edges_inside_sam2_mask
5,0.166667,18,front_leg_candidate,-68.875,47.170,744.000,555.000,727.000,599.000,rgb_edges_inside_sam2_mask
5,0.166667,19,rear_leg_candidate,81.347,46.530,805.000,507.000,812.000,553.000,rgb_edges_inside_sam2_mask
5,0.166667,20,rear_leg_candidate,82.569,46.390,795.000,432.000,801.000,478.000,rgb_edges_inside_sam2_mask
5,0.166667,21,rear_leg_candidate,80.961,44.553,806.000,520.000,813.000,564.000,rgb_edges_inside_sam2_mask
5,0.166667,22,rear_leg_candidate,81.469,40.447,885.000,565.000,891.000,605.000,rgb_edges_inside_sam2_mask
5,0.166667,23,front_leg_candidate,-71.114,40.162,815.000,583.000,802.000,621.000,rgb_edges_inside_sam2_mask
5,0.166667,24,front_leg_candidate,-69.075,36.401,807.000,406.000,794.000,440.000,rgb_edges_inside_sam2_mask
6,0.208333,0,front_leg_candidate,-70.017,245.799,888.000,393.000,804.000,624.000,rgb_edges_inside_sam2_mask
6,0.208333,1,rear_leg_candidate,83.012,156.160,882.000,445.000,901.000,600.000,rgb_edges_inside_sam2_mask
6,0.208333,2,front_leg_candidate,-70.320,145.499,893.000,398.000,844.000,535.000,rgb_edges_inside_sam2_mask
6,0.208333,3,front_leg_candidate,-70.263,139.176,851.000,497.000,804.000,628.000,rgb_edges_inside_sam2_mask
6,0.208333,4,front_leg_candidate,-71.017,132.189,851.000,480.000,808.000,605.000,rgb_edges_inside_sam2_mask
6,0.208333,5,front_leg_candidate,-69.937,122.430,806.000,378.000,764.000,493.000,rgb_edges_inside_sam2_mask
6,0.208333,6,front_leg_candidate,-70.017,117.047,773.000,491.000,733.000,601.000,rgb_edges_inside_sam2_mask
6,0.208333,7,front_leg_candidate,-68.776,110.494,812.000,373.000,772.000,476.000,rgb_edges_inside_sam2_mask
6,0.208333,8,support_or_stretcher_candidate,21.181,85.796,736.000,562.000,816.000,593.000,rgb_edges_inside_sam2_mask
6,0.208333,9,rear_leg_candidate,83.130,83.600,872.000,455.000,882.000,538.000,rgb_edges_inside_sam2_mask
6,0.208333,10,rear_leg_candidate,82.875,80.623,885.000,522.000,895.000,602.000,rgb_edges_inside_sam2_mask
6,0.208333,11,front_leg_candidate,-69.444,76.896,807.000,406.000,780.000,478.000,rgb_edges_inside_sam2_mask
6,0.208333,12,rear_leg_candidate,82.504,76.655,809.000,511.000,819.000,587.000,rgb_edges_inside_sam2_mask
6,0.208333,13,front_leg_candidate,-70.463,65.788,757.000,517.000,735.000,579.000,rgb_edges_inside_sam2_mask
6,0.208333,14,rear_leg_candidate,81.995,64.630,792.000,414.000,801.000,478.000,rgb_edges_inside_sam2_mask
6,0.208333,15,rear_leg_candidate,82.763,63.506,886.000,536.000,894.000,599.000,rgb_edges_inside_sam2_mask
6,0.208333,16,front_leg_candidate,-69.326,56.648,745.000,540.000,725.000,593.000,rgb_edges_inside_sam2_mask
6,0.208333,17,front_leg_candidate,-68.587,54.781,794.000,423.000,774.000,474.000,rgb_edges_inside_sam2_mask
6,0.208333,18,front_leg_candidate,-70.560,54.083,745.000,549.000,727.000,600.000,rgb_edges_inside_sam2_mask
6,0.208333,19,rear_leg_candidate,82.030,50.488,804.000,430.000,811.000,480.000,rgb_edges_inside_sam2_mask
6,0.208333,20,rear_leg_candidate,80.340,47.676,815.000,514.000,823.000,561.000,rgb_edges_inside_sam2_mask
6,0.208333,21,front_leg_candidate,-72.350,46.174,816.000,580.000,802.000,624.000,rgb_edges_inside_sam2_mask
6,0.208333,22,front_leg_candidate,-71.996,42.059,763.000,488.000,750.000,528.000,rgb_edges_inside_sam2_mask
6,0.208333,23,rear_leg_candidate,84.144,39.205,808.000,526.000,812.000,565.000,rgb_edges_inside_sam2_mask
6,0.208333,24,front_leg_candidate,-69.075,36.401,768.000,490.000,755.000,524.000,rgb_edges_inside_sam2_mask
6,0.208333,25,front_leg_candidate,-69.075,36.401,806.000,407.000,793.000,441.000,rgb_edges_inside_sam2_mask
7,0.250000,0,front_leg_candidate,-69.997,242.638,887.000,396.000,804.000,624.000,rgb_edges_inside_sam2_mask
7,0.250000,1,front_leg_candidate,-69.183,205.409,800.000,407.000,727.000,599.000,rgb_edges_inside_sam2_mask
7,0.250000,2,rear_leg_candidate,83.089,166.208,880.000,436.000,900.000,601.000,rgb_edges_inside_sam2_mask
7,0.250000,3,front_leg_candidate,-68.988,161.756,808.000,375.000,750.000,526.000,rgb_edges_inside_sam2_mask
7,0.250000,4,rear_leg_candidate,83.012,156.160,882.000,445.000,901.000,600.000,rgb_edges_inside_sam2_mask
7,0.250000,5,front_leg_candidate,-71.086,151.162,851.000,480.000,802.000,623.000,rgb_edges_inside_sam2_mask
7,0.250000,6,front_leg_candidate,-70.017,117.047,773.000,491.000,733.000,601.000,rgb_edges_inside_sam2_mask
7,0.250000,7,front_leg_candidate,-69.146,112.361,812.000,374.000,772.000,479.000,rgb_edges_inside_sam2_mask
7,0.250000,8,front_leg_candidate,-71.030,101.514,884.000,421.000,851.000,517.000,rgb_edges_inside_sam2_mask
7,0.250000,9,rear_leg_candidate,83.211,84.593,872.000,455.000,882.000,539.000,rgb_edges_inside_sam2_mask
7,0.250000,10,rear_leg_candidate,82.962,81.615,809.000,506.000,819.000,587.000,rgb_edges_inside_sam2_mask
7,0.250000,11,support_or_stretcher_candidate,20.225,80.994,736.000,563.000,812.000,591.000,rgb_edges_inside_sam2_mask
7,0.250000,12,rear_leg_candidate,83.581,80.505,885.000,522.000,894.000,602.000,rgb_edges_inside_sam2_mask
7,0.250000,13,rear_leg_candidate,83.066,74.545,874.000,463.000,883.000,537.000,rgb_edges_inside_sam2_mask
7,0.250000,14,front_leg_candidate,-69.538,71.512,830.000,557.000,805.000,624.000,rgb_edges_inside_sam2_mask
7,0.250000,15,front_leg_candidate,-70.514,68.949,852.000,481.000,829.000,546.000,rgb_edges_inside_sam2_mask
7,0.250000,16,rear_leg_candidate,80.811,68.884,802.000,496.000,813.000,564.000,rgb_edges_inside_sam2_mask
7,0.250000,17,rear_leg_candidate,82.763,63.506,802.000,417.000,810.000,480.000,rgb_edges_inside_sam2_mask
7,0.250000,18,front_leg_candidate,-70.615,57.245,744.000,539.000,725.000,593.000,rgb_edges_inside_sam2_mask
7,0.250000,19,rear_leg_candidate,83.019,49.366,798.000,430.000,804.000,479.000,rgb_edges_inside_sam2_mask
7,0.250000,20,front_leg_candidate,-72.300,49.336,796.000,431.000,781.000,478.000,rgb_edges_inside_sam2_mask
7,0.250000,21,rear_leg_candidate,81.870,42.426,794.000,432.000,800.000,474.000,rgb_edges_inside_sam2_mask
7,0.250000,22,rear_leg_candidate,83.211,42.297,815.000,506.000,820.000,548.000,rgb_edges_inside_sam2_mask
7,0.250000,23,rear_leg_candidate,81.027,38.471,805.000,509.000,811.000,547.000,rgb_edges_inside_sam2_mask
8,0.291667,0,front_leg_candidate,-69.049,237.716,812.000,374.000,727.000,596.000,rgb_edges_inside_sam2_mask
8,0.291667,1,rear_leg_candidate,83.130,167.200,880.000,434.000,900.000,600.000,rgb_edges_inside_sam2_mask
8,0.291667,2,front_leg_candidate,-71.017,132.189,851.000,480.000,808.000,605.000,rgb_edges_inside_sam2_mask
8,0.291667,3,front_leg_candidate,-71.003,129.027,893.000,395.000,851.000,517.000,rgb_edges_inside_sam2_mask
8,0.291667,4,front_leg_candidate,-70.840,124.920,881.000,411.000,840.000,529.000,rgb_edges_inside_sam2_mask
8,0.291667,5,front_leg_candidate,-70.253,124.310,806.000,376.000,764.000,493.000,rgb_edges_inside_sam2_mask
8,0.291667,6,front_leg_candidate,-70.641,117.652,845.000,512.000,806.000,623.000,rgb_edges_inside_sam2_mask
8,0.291667,7,front_leg_candidate,-70.105,111.665,772.000,495.000,734.000,600.000,rgb_edges_inside_sam2_mask
8,0.291667,8,front_leg_candidate,-70.067,96.799,766.000,510.000,733.000,601.000,rgb_edges_inside_sam2_mask
8,0.291667,9,rear_leg_candidate,83.884,84.481,873.000,455.000,882.000,539.000,rgb_edges_inside_sam2_mask
8,0.291667,10,front_leg_candidate,-68.600,79.480,808.000,404.000,779.000,478.000,rgb_edges_inside_sam2_mask
8,0.291667,11,front_leg_candidate,-69.955,78.772,777.000,454.000,750.000,528.000,rgb_edges_inside_sam2_mask
8,0.291667,12,rear_leg_candidate,82.694,78.638,885.000,524.000,895.000,602.000,rgb_edges_inside_sam2_mask
8,0.291667,13,rear_leg_candidate,81.069,70.859,807.000,505.000,818.000,575.000,rgb_edges_inside_sam2_mask
8,0.291667,14,rear_leg_candidate,80.811,68.884,802.000,496.000,813.000,564.000,rgb_edges_inside_sam2_mask
8,0.291667,15,rear_leg_candidate,82.235,66.611,814.000,507.000,823.000,573.000,rgb_edges_inside_sam2_mask
8,0.291667,16,rear_leg_candidate,79.778,61.984,801.000,419.000,812.000,480.000,rgb_edges_inside_sam2_mask
8,0.291667,17,front_leg_candidate,-68.962,55.714,745.000,540.000,725.000,592.000,rgb_edges_inside_sam2_mask
8,0.291667,18,rear_leg_candidate,81.416,53.600,805.000,507.000,813.000,560.000,rgb_edges_inside_sam2_mask
8,0.291667,19,front_leg_candidate,-68.875,47.170,745.000,552.000,728.000,596.000,rgb_edges_inside_sam2_mask
8,0.291667,20,front_leg_candidate,-71.175,46.487,886.000,397.000,871.000,441.000,rgb_edges_inside_sam2_mask
8,0.291667,21,front_leg_candidate,-70.346,44.598,816.000,580.000,801.000,622.000,rgb_edges_inside_sam2_mask
8,0.291667,22,rear_leg_candidate,83.517,44.283,876.000,449.000,881.000,493.000,rgb_edges_inside_sam2_mask
8,0.291667,23,rear_leg_candidate,82.875,40.311,798.000,433.000,803.000,473.000,rgb_edges_inside_sam2_mask
8,0.291667,24,front_leg_candidate,-71.075,37.000,856.000,502.000,844.000,537.000,rgb_edges_inside_sam2_mask
8,0.291667,25,front_leg_candidate,-71.075,37.000,816.000,593.000,804.000,628.000,rgb_edges_inside_sam2_mask
8,0.291667,26,front_leg_candidate,-72.553,36.688,884.000,426.000,873.000,461.000,rgb_edges_inside_sam2_mask
9,0.333333,0,front_leg_candidate,-69.821,249.303,890.000,390.000,804.000,624.000,rgb_edges_inside_sam2_mask
9,0.333333,1,front_leg_candidate,-69.146,202.250,799.000,410.000,727.000,599.000,rgb_edges_inside_sam2_mask
9,0.333333,2,rear_leg_candidate,83.012,156.160,882.000,445.000,901.000,600.000,rgb_edges_inside_sam2_mask
9,0.333333,3,front_leg_candidate,-70.346,148.661,852.000,480.000,802.000,620.000,rgb_edges_inside_sam2_mask
9,0.333333,4,front_leg_candidate,-68.962,139.284,799.000,398.000,749.000,528.000,rgb_edges_inside_sam2_mask
9,0.333333,5,front_leg_candidate,-69.316,104.752,809.000,381.000,772.000,479.000,rgb_edges_inside_sam2_mask
9,0.333333,6,front_leg_candidate,-69.246,101.592,769.000,506.000,733.000,601.000,rgb_edges_inside_sam2_mask
9,0.333333,7,front_leg_candidate,-68.839,99.725,806.000,380.000,770.000,473.000,rgb_edges_inside_sam2_mask
9,0.333333,8,front_leg_candidate,-70.821,97.406,883.000,426.000,851.000,518.000,rgb_edges_inside_sam2_mask
9,0.333333,9,rear_leg_candidate,83.254,93.648,890.000,516.000,901.000,609.000,rgb_edges_inside_sam2_mask
9,0.333333,10,rear_leg_candidate,81.957,92.914,806.000,495.000,819.000,587.000,rgb_edges_inside_sam2_mask
9,0.333333,11,rear_leg_candidate,82.360,82.735,872.000,455.000,883.000,537.000,rgb_edges_inside_sam2_mask
9,0.333333,12,rear_leg_candidate,83.660,72.443,887.000,537.000,895.000,609.000,rgb_edges_inside_sam2_mask
9,0.333333,13,rear_leg_candidate,81.870,56.569,805.000,507.000,813.000,563.000,rgb_edges_inside_sam2_mask
9,0.333333,14,front_leg_candidate,-68.009,56.080,800.000,426.000,779.000,478.000,rgb_edges_inside_sam2_mask
9,0.333333,15,rear_leg_candidate,81.724,55.579,814.000,507.000,822.000,562.000,rgb_edges_inside_sam2_mask
9,0.333333,16,rear_leg_candidate,83.660,54.332,875.000,446.000,881.000,500.000,rgb_edges_inside_sam2_mask
9,0.333333,17,rear_leg_candidate,81.254,52.612,803.000,428.000,811.000,480.000,rgb_edges_inside_sam2_mask
9,0.333333,18,support_or_stretcher_candidate,20.171,52.202,766.000,491.000,815.000,509.000,rgb_edges_inside_sam2_mask
9,0.333333,19,front_leg_candidate,-69.444,51.264,767.000,479.000,749.000,527.000,rgb_edges_inside_sam2_mask
9,0.333333,20,front_leg_candidate,-68.199,48.466,774.000,492.000,756.000,537.000,rgb_edges_inside_sam2_mask
9,0.333333,21,rear_leg_candidate,82.569,46.390,795.000,432.000,801.000,478.000,rgb_edges_inside_sam2_mask
9,0.333333,22,front_leg_candidate,-69.590,45.880,821.000,581.000,805.000,624.000,rgb_edges_inside_sam2_mask
9,0.333333,23,front_leg_candidate,-71.147,43.324,874.000,449.000,860.000,490.000,rgb_edges_inside_sam2_mask
9,0.333333,24,rear_leg_candidate,84.560,42.190,886.000,529.000,890.000,571.000,rgb_edges_inside_sam2_mask
9,0.333333,25,support_or_stretcher_candidate,68.962,41.785,836.000,476.000,851.000,515.000,rgb_edges_inside_sam2_mask
9,0.333333,26,front_leg_candidate,-71.114,40.162,738.000,557.000,725.000,595.000,rgb_edges_inside_sam2_mask
9,0.333333,27,front_leg_candidate,-68.749,38.626,807.000,404.000,793.000,440.000,rgb_edges_inside_sam2_mask
10,0.375000,0,front_leg_candidate,-69.976,239.477,886.000,399.000,804.000,624.000,rgb_edges_inside_sam2_mask
10,0.375000,1,front_leg_candidate,-69.121,207.634,799.000,410.000,725.000,604.000,rgb_edges_inside_sam2_mask
10,0.375000,2,front_leg_candidate,-69.057,173.459,806.000,378.000,744.000,540.000,rgb_edges_inside_sam2_mask
10,0.375000,3,rear_leg_candidate,83.089,166.208,881.000,444.000,901.000,609.000,rgb_edges_inside_sam2_mask
10,0.375000,4,rear_leg_candidate,83.047,165.215,881.000,434.000,901.000,598.000,rgb_edges_inside_sam2_mask
10,0.375000,5,front_leg_candidate,-71.086,151.162,851.000,480.000,802.000,623.000,rgb_edges_inside_sam2_mask
10,0.375000,6,front_leg_candidate,-70.186,144.558,892.000,402.000,843.000,538.000,rgb_edges_inside_sam2_mask
10,0.375000,7,front_leg_candidate,-68.993,133.899,798.000,401.000,750.000,526.000,rgb_edges_inside_sam2_mask
10,0.375000,8,front_leg_candidate,-68.927,116.812,774.000,492.000,732.000,601.000,rgb_edges_inside_sam2_mask
10,0.375000,9,front_leg_candidate,-69.228,93.048,805.000,392.000,772.000,479.000,rgb_edges_inside_sam2_mask
10,0.375000,10,rear_leg_candidate,83.367,86.579,885.000,523.000,895.000,609.000,rgb_edges_inside_sam2_mask
10,0.375000,11,front_leg_candidate,-69.955,78.772,807.000,404.000,780.000,478.000,rgb_edges_inside_sam2_mask
10,0.375000,12,rear_leg_candidate,83.991,76.420,874.000,463.000,882.000,539.000,rgb_edges_inside_sam2_mask
10,0.375000,13,front_leg_candidate,-69.864,63.906,882.000,429.000,860.000,489.000,rgb_edges_inside_sam2_mask
10,0.375000,14,rear_leg_candidate,82.476,53.460,815.000,509.000,822.000,562.000,rgb_edges_inside_sam2_mask
10,0.375000,15,rear_leg_candidate,83.541,53.339,877.000,484.000,883.000,537.000,rgb_edges_inside_sam2_mask
10,0.375000,16,rear_leg_candidate,82.030,50.488,804.000,430.000,811.000,480.000,rgb_edges_inside_sam2_mask
10,0.375000,17,front_leg_candidate,-69.044,50.329,751.000,554.000,733.000,601.000,rgb_edges_inside_sam2_mask
10,0.375000,18,front_leg_candidate,-69.044,50.329,772.000,496.000,754.000,543.000,rgb_edges_inside_sam2_mask
10,0.375000,19,front_leg_candidate,-68.875,47.170,759.000,513.000,742.000,557.000,rgb_edges_inside_sam2_mask
10,0.375000,20,rear_leg_candidate,82.569,46.390,795.000,432.000,801.000,478.000,rgb_edges_inside_sam2_mask
10,0.375000,21,front_leg_candidate,-70.769,45.541,796.000,431.000,781.000,474.000,rgb_edges_inside_sam2_mask
10,0.375000,22,rear_leg_candidate,-82.235,44.407,813.000,495.000,807.000,539.000,rgb_edges_inside_sam2_mask
10,0.375000,23,front_leg_candidate,-69.444,42.720,820.000,584.000,805.000,624.000,rgb_edges_inside_sam2_mask
10,0.375000,24,front_leg_candidate,-71.114,40.162,852.000,480.000,839.000,518.000,rgb_edges_inside_sam2_mask
10,0.375000,25,front_leg_candidate,-71.114,40.162,738.000,557.000,725.000,595.000,rgb_edges_inside_sam2_mask
10,0.375000,26,rear_leg_candidate,81.254,39.459,811.000,529.000,817.000,568.000,rgb_edges_inside_sam2_mask
10,0.375000,27,rear_leg_candidate,84.144,39.205,808.000,526.000,812.000,565.000,rgb_edges_inside_sam2_mask
10,0.375000,28,rear_leg_candidate,85.365,37.121,878.000,465.000,881.000,502.000,rgb_edges_inside_sam2_mask
11,0.416667,0,front_leg_candidate,-69.171,196.865,810.000,379.000,740.000,563.000,rgb_edges_inside_sam2_mask
11,0.416667,1,rear_leg_candidate,83.130,167.200,880.000,434.000,900.000,600.000,rgb_edges_inside_sam2_mask
11,0.416667,2,front_leg_candidate,-68.731,159.891,807.000,379.000,749.000,528.000,rgb_edges_inside_sam2_mask
11,0.416667,3,front_leg_candidate,-70.079,158.483,859.000,475.000,805.000,624.000,rgb_edges_inside_sam2_mask
11,0.416667,4,front_leg_candidate,-70.244,150.881,852.000,480.000,801.000,622.000,rgb_edges_inside_sam2_mask
11,0.416667,5,front_leg_candidate,-70.017,140.456,891.000,406.000,843.000,538.000,rgb_edges_inside_sam2_mask
11,0.416667,6,front_leg_candidate,-70.346,104.062,885.000,400.000,850.000,498.000,rgb_edges_inside_sam2_mask
11,0.416667,7,rear_leg_candidate,84.346,101.494,872.000,438.000,882.000,539.000,rgb_edges_inside_sam2_mask
11,0.416667,8,front_leg_candidate,-69.963,90.477,891.000,405.000,860.000,490.000,rgb_edges_inside_sam2_mask
11,0.416667,9,front_leg_candidate,-69.057,86.729,774.000,492.000,743.000,573.000,rgb_edges_inside_sam2_mask
11,0.416667,10,support_or_stretcher_candidate,20.323,86.377,736.000,562.000,817.000,592.000,rgb_edges_inside_sam2_mask
11,0.416667,11,rear_leg_candidate,83.501,79.511,885.000,524.000,894.000,603.000,rgb_edges_inside_sam2_mask
11,0.416667,12,rear_leg_candidate,83.066,74.545,886.000,530.000,895.000,604.000,rgb_edges_inside_sam2_mask
11,0.416667,13,rear_leg_candidate,83.346,60.407,793.000,413.000,800.000,473.000,rgb_edges_inside_sam2_mask
11,0.416667,14,front_leg_candidate,-68.749,57.940,760.000,530.000,739.000,584.000,rgb_edges_inside_sam2_mask
11,0.416667,15,front_leg_candidate,-70.615,57.245,744.000,540.000,725.000,594.000,rgb_edges_inside_sam2_mask
11,0.416667,16,rear_leg_candidate,82.476,53.460,815.000,509.000,822.000,562.000,rgb_edges_inside_sam2_mask
11,0.416667,17,rear_leg_candidate,81.254,52.612,874.000,446.000,882.000,498.000,rgb_edges_inside_sam2_mask
11,0.416667,18,rear_leg_candidate,79.992,51.788,801.000,419.000,810.000,470.000,rgb_edges_inside_sam2_mask
11,0.416667,19,rear_leg_candidate,80.538,48.662,804.000,507.000,812.000,555.000,rgb_edges_inside_sam2_mask
11,0.416667,20,rear_leg_candidate,82.725,47.381,812.000,530.000,818.000,577.000,rgb_edges_inside_sam2_mask
11,0.416667,21,front_leg_candidate,-68.875,47.170,793.000,426.000,776.000,470.000,rgb_edges_inside_sam2_mask
11,0.416667,22,front_leg_candidate,-69.444,42.720,745.000,541.000,730.000,581.000,rgb_edges_inside_sam2_mask
11,0.416667,23,front_leg_candidate,-67.166,41.231,740.000,565.000,724.000,603.000,rgb_edges_inside_sam2_mask
11,0.416667,24,rear_leg_candidate,80.074,40.608,885.000,565.000,892.000,605.000,rgb_edges_inside_sam2_mask
11,0.416667,25,rear_leg_candidate,82.093,36.346,812.000,536.000,817.000,572.000,rgb_edges_inside_sam2_mask
11,0.416667,26,rear_leg_candidate,85.236,36.125,874.000,464.000,877.000,500.000,rgb_edges_inside_sam2_mask
12,0.458333,0,front_leg_candidate,-69.156,233.266,809.000,382.000,726.000,600.000,rgb_edges_inside_sam2_mask
12,0.458333,1,front_leg_candidate,-70.181,209.404,885.000,401.000,814.000,598.000,rgb_edges_inside_sam2_mask
12,0.458333,2,rear_leg_candidate,83.157,176.255,880.000,434.000,901.000,609.000,rgb_edges_inside_sam2_mask
12,0.458333,3,rear_leg_candidate,83.047,165.215,881.000,434.000,901.000,598.000,rgb_edges_inside_sam2_mask
12,0.458333,4,front_leg_candidate,-68.962,153.212,804.000,385.000,749.000,528.000,rgb_edges_inside_sam2_mask
12,0.458333,5,front_leg_candidate,-70.244,150.881,852.000,480.000,801.000,622.000,rgb_edges_inside_sam2_mask
12,0.458333,6,front_leg_candidate,-70.089,135.074,851.000,497.000,805.000,624.000,rgb_edges_inside_sam2_mask
12,0.458333,7,front_leg_candidate,-70.925,113.217,881.000,430.000,844.000,537.000,rgb_edges_inside_sam2_mask
12,0.458333,8,front_leg_candidate,-70.224,94.578,834.000,532.000,802.000,621.000,rgb_edges_inside_sam2_mask
12,0.458333,9,front_leg_candidate,-70.594,93.301,773.000,491.000,742.000,579.000,rgb_edges_inside_sam2_mask
12,0.458333,10,rear_leg_candidate,83.884,84.481,873.000,455.000,882.000,539.000,rgb_edges_inside_sam2_mask
12,0.458333,11,rear_leg_candidate,82.875,80.623,885.000,524.000,895.000,604.000,rgb_edges_inside_sam2_mask
12,0.458333,12,front_leg_candidate,-71.565,69.570,804.000,408.000,782.000,474.000,rgb_edges_inside_sam2_mask
12,0.458333,13,rear_leg_candidate,82.461,68.593,804.000,496.000,813.000,564.000,rgb_edges_inside_sam2_mask
12,0.458333,14,front_leg_candidate,-68.039,66.851,750.000,529.000,725.000,591.000,rgb_edges_inside_sam2_mask
12,0.458333,15,rear_leg_candidate,82.117,65.620,808.000,505.000,817.000,570.000,rgb_edges_inside_sam2_mask
12,0.458333,16,rear_leg_candidate,81.741,62.650,802.000,418.000,811.000,480.000,rgb_edges_inside_sam2_mask
12,0.458333,17,front_leg_candidate,-68.587,54.781,745.000,552.000,725.000,603.000,rgb_edges_inside_sam2_mask
12,0.458333,18,rear_leg_candidate,82.030,50.488,814.000,507.000,821.000,557.000,rgb_edges_inside_sam2_mask
12,0.458333,19,front_leg_candidate,-67.694,42.154,800.000,426.000,784.000,465.000,rgb_edges_inside_sam2_mask
12,0.458333,20,rear_leg_candidate,83.047,41.304,798.000,433.000,803.000,474.000,rgb_edges_inside_sam2_mask
12,0.458333,21,rear_leg_candidate,85.365,37.121,878.000,465.000,881.000,502.000,rgb_edges_inside_sam2_mask
12,0.458333,22,front_leg_candidate,-69.075,36.401,746.000,567.000,733.000,601.000,rgb_edges_inside_sam2_mask
13,0.500000,0,front_leg_candidate,-70.125,226.491,882.000,411.000,805.000,624.000,rgb_edges_inside_sam2_mask
13,0.500000,1,front_leg_candidate,-69.134,216.178,809.000,382.000,732.000,584.000,rgb_edges_inside_sam2_mask
13,0.500000,2,rear_leg_candidate,83.171,168.193,881.000,431.000,901.000,598.000,rgb_edges_inside_sam2_mask
13,0.500000,3,rear_leg_candidate,83.089,166.208,881.000,444.000,901.000,609.000,rgb_edges_inside_sam2_mask
13,0.500000,4,front_leg_candidate,-68.827,152.279,804.000,386.000,749.000,528.000,rgb_edges_inside_sam2_mask
13,0.500000,5,front_leg_candidate,-70.244,150.881,852.000,480.000,801.000,622.000,rgb_edges_inside_sam2_mask
13,0.500000,6,front_leg_candidate,-70.145,114.826,882.000,430.000,843.000,538.000,rgb_edges_inside_sam2_mask
13,0.500000,7,front_leg_candidate,-70.308,100.901,884.000,403.000,850.000,498.000,rgb_edges_inside_sam2_mask
13,0.500000,8,front_leg_candidate,-69.057,86.729,774.000,492.000,743.000,573.000,rgb_edges_inside_sam2_mask
13,0.500000,9,rear_leg_candidate,83.211,84.593,872.000,455.000,882.000,539.000,rgb_edges_inside_sam2_mask
13,0.500000,10,rear_leg_candidate,82.360,82.735,807.000,495.000,818.000,577.000,rgb_edges_inside_sam2_mask
13,0.500000,11,rear_leg_candidate,82.504,76.655,885.000,528.000,895.000,604.000,rgb_edges_inside_sam2_mask
13,0.500000,12,front_leg_candidate,-69.624,74.673,807.000,404.000,781.000,474.000,rgb_edges_inside_sam2_mask
13,0.500000,13,front_leg_candidate,-71.259,59.135,744.000,539.000,725.000,595.000,rgb_edges_inside_sam2_mask
13,0.500000,14,rear_leg_candidate,81.027,57.706,804.000,507.000,813.000,564.000,rgb_edges_inside_sam2_mask
13,0.500000,15,rear_leg_candidate,81.724,55.579,814.000,507.000,822.000,562.000,rgb_edges_inside_sam2_mask
13,0.500000,16,front_leg_candidate,-68.199,53.852,752.000,551.000,732.000,601.000,rgb_edges_inside_sam2_mask
13,0.500000,17,rear_leg_candidate,83.290,51.352,794.000,423.000,800.000,474.000,rgb_edges_inside_sam2_mask
13,0.500000,18,front_leg_candidate,-69.444,51.264,862.000,488.000,844.000,536.000,rgb_edges_inside_sam2_mask
13,0.500000,19,rear_leg_candidate,81.703,48.508,802.000,419.000,809.000,467.000,rgb_edges_inside_sam2_mask
13,0.500000,20,front_leg_candidate,-68.962,41.785,740.000,565.000,725.000,604.000,rgb_edges_inside_sam2_mask
13,0.500000,21,rear_leg_candidate,82.875,40.311,798.000,433.000,803.000,473.000,rgb_edges_inside_sam2_mask
13,0.500000,22,rear_leg_candidate,81.027,38.471,885.000,566.000,891.000,604.000,rgb_edges_inside_sam2_mask
13,0.500000,23,rear_leg_candidate,83.991,38.210,875.000,446.000,879.000,484.000,rgb_edges_inside_sam2_mask
14,0.541667,0,front_leg_candidate,-69.102,235.491,809.000,383.000,725.000,603.000,rgb_edges_inside_sam2_mask
14,0.541667,1,front_leg_candidate,-69.996,230.933,883.000,407.000,804.000,624.000,rgb_edges_inside_sam2_mask
14,0.541667,2,rear_leg_candidate,83.130,167.200,880.000,434.000,900.000,600.000,rgb_edges_inside_sam2_mask
14,0.541667,3,front_leg_candidate,-70.115,149.940,852.000,481.000,801.000,622.000,rgb_edges_inside_sam2_mask
14,0.541667,4,front_leg_candidate,-70.089,135.074,851.000,497.000,805.000,624.000,rgb_edges_inside_sam2_mask
14,0.541667,5,front_leg_candidate,-70.317,130.633,802.000,385.000,758.000,508.000,rgb_edges_inside_sam2_mask
14,0.541667,6,front_leg_candidate,-69.386,116.456,774.000,492.000,733.000,601.000,rgb_edges_inside_sam2_mask
14,0.541667,7,front_leg_candidate,-69.044,100.658,809.000,381.000,773.000,475.000,rgb_edges_inside_sam2_mask
14,0.541667,8,front_leg_candidate,-70.074,85.094,754.000,514.000,725.000,594.000,rgb_edges_inside_sam2_mask
14,0.541667,9,front_leg_candidate,-69.955,78.772,889.000,412.000,862.000,486.000,rgb_edges_inside_sam2_mask
14,0.541667,10,rear_leg_candidate,82.600,77.647,807.000,495.000,817.000,572.000,rgb_edges_inside_sam2_mask
14,0.541667,11,rear_leg_candidate,82.504,76.655,873.000,461.000,883.000,537.000,rgb_edges_inside_sam2_mask
14,0.541667,12,rear_leg_candidate,83.746,73.437,886.000,530.000,894.000,603.000,rgb_edges_inside_sam2_mask
14,0.541667,13,rear_leg_candidate,81.870,63.640,802.000,417.000,811.000,480.000,rgb_edges_inside_sam2_mask
14,0.541667,14,front_leg_candidate,-70.096,61.685,807.000,404.000,786.000,462.000,rgb_edges_inside_sam2_mask
14,0.541667,15,rear_leg_candidate,81.085,51.624,804.000,506.000,812.000,557.000,rgb_edges_inside_sam2_mask
14,0.541667,16,rear_leg_candidate,83.290,51.352,815.000,506.000,821.000,557.000,rgb_edges_inside_sam2_mask
14,0.541667,17,front_leg_candidate,-70.821,48.703,796.000,432.000,780.000,478.000,rgb_edges_inside_sam2_mask
14,0.541667,18,rear_leg_candidate,81.529,47.518,794.000,431.000,801.000,478.000,rgb_edges_inside_sam2_mask
14,0.541667,19,front_leg_candidate,-71.175,46.487,875.000,446.000,860.000,490.000,rgb_edges_inside_sam2_mask
14,0.541667,20,front_leg_candidate,-68.682,44.011,772.000,496.000,756.000,537.000,rgb_edges_inside_sam2_mask
14,0.541667,21,front_leg_candidate,-69.905,43.658,745.000,540.000,730.000,581.000,rgb_edges_inside_sam2_mask
14,0.541667,22,rear_leg_candidate,85.236,36.125,878.000,465.000,881.000,501.000,rgb_edges_inside_sam2_mask
15,0.583333,0,front_leg_candidate,-69.996,230.933,883.000,407.000,804.000,624.000,rgb_edges_inside_sam2_mask
15,0.583333,1,front_leg_candidate,-69.034,229.172,809.000,382.000,727.000,596.000,rgb_edges_inside_sam2_mask
15,0.583333,2,rear_leg_candidate,83.130,167.200,880.000,435.000,900.000,601.000,rgb_edges_inside_sam2_mask
15,0.583333,3,rear_leg_candidate,83.089,166.208,881.000,433.000,901.000,598.000,rgb_edges_inside_sam2_mask
15,0.583333,4,front_leg_candidate,-70.084,146.779,852.000,481.000,802.000,619.000,rgb_edges_inside_sam2_mask
15,0.583333,5,front_leg_candidate,-71.125,123.649,884.000,420.000,844.000,537.000,rgb_edges_inside_sam2_mask
15,0.583333,6,front_leg_candidate,-70.183,117.987,804.000,382.000,764.000,493.000,rgb_edges_inside_sam2_mask
15,0.583333,7,front_leg_candidate,-69.386,116.456,774.000,492.000,733.000,601.000,rgb_edges_inside_sam2_mask
15,0.583333,8,support_or_stretcher_candidate,20.225,80.994,736.000,563.000,812.000,591.000,rgb_edges_inside_sam2_mask
15,0.583333,9,rear_leg_candidate,81.870,77.782,813.000,495.000,824.000,572.000,rgb_edges_inside_sam2_mask
15,0.583333,10,front_leg_candidate,-71.095,77.162,750.000,522.000,725.000,595.000,rgb_edges_inside_sam2_mask
15,0.583333,11,rear_leg_candidate,82.569,69.584,810.000,518.000,819.000,587.000,rgb_edges_inside_sam2_mask
15,0.583333,12,rear_leg_candidate,81.607,61.660,792.000,417.000,801.000,478.000,rgb_edges_inside_sam2_mask
15,0.583333,13,rear_leg_candidate,83.660,54.332,885.000,524.000,891.000,578.000,rgb_edges_inside_sam2_mask
15,0.583333,14,front_leg_candidate,-70.560,54.083,820.000,571.000,802.000,622.000,rgb_edges_inside_sam2_mask
15,0.583333,15,front_leg_candidate,-70.498,50.922,807.000,404.000,790.000,452.000,rgb_edges_inside_sam2_mask
15,0.583333,16,rear_leg_candidate,83.019,49.366,804.000,430.000,810.000,479.000,rgb_edges_inside_sam2_mask
15,0.583333,17,front_leg_candidate,-72.350,46.174,796.000,431.000,782.000,475.000,rgb_edges_inside_sam2_mask
15,0.583333,18,front_leg_candidate,-69.444,42.720,820.000,584.000,805.000,624.000,rgb_edges_inside_sam2_mask
15,0.583333,19,front_leg_candidate,-70.145,38.275,762.000,492.000,749.000,528.000,rgb_edges_inside_sam2_mask
15,0.583333,20,rear_leg_candidate,80.789,37.483,802.000,496.000,808.000,533.000,rgb_edges_inside_sam2_mask
15,0.583333,21,front_leg_candidate,-69.624,37.336,783.000,438.000,770.000,473.000,rgb_edges_inside_sam2_mask
15,0.583333,22,front_leg_candidate,-71.075,37.000,855.000,503.000,843.000,538.000,rgb_edges_inside_sam2_mask
16,0.625000,0,front_leg_candidate,-70.192,224.270,881.000,413.000,805.000,624.000,rgb_edges_inside_sam2_mask
16,0.625000,1,front_leg_candidate,-69.111,221.563,804.000,385.000,725.000,592.000,rgb_edges_inside_sam2_mask
16,0.625000,2,front_leg_candidate,-69.209,200.025,799.000,409.000,728.000,596.000,rgb_edges_inside_sam2_mask
16,0.625000,3,rear_leg_candidate,82.875,153.183,882.000,446.000,901.000,598.000,rgb_edges_inside_sam2_mask
16,0.625000,4,front_leg_candidate,-70.115,149.940,852.000,481.000,801.000,622.000,rgb_edges_inside_sam2_mask
16,0.625000,5,front_leg_candidate,-71.125,123.649,884.000,420.000,844.000,537.000,rgb_edges_inside_sam2_mask
16,0.625000,6,front_leg_candidate,-70.017,117.047,773.000,491.000,733.000,601.000,rgb_edges_inside_sam2_mask
16,0.625000,7,rear_leg_candidate,83.884,84.481,873.000,455.000,882.000,539.000,rgb_edges_inside_sam2_mask
16,0.625000,8,rear_leg_candidate,82.360,82.735,807.000,495.000,818.000,577.000,rgb_edges_inside_sam2_mask
16,0.625000,9,front_leg_candidate,-69.274,79.120,807.000,404.000,779.000,478.000,rgb_edges_inside_sam2_mask
16,0.625000,10,support_or_stretcher_candidate,20.045,78.772,743.000,565.000,817.000,592.000,rgb_edges_inside_sam2_mask
16,0.625000,11,front_leg_candidate,-69.444,76.896,767.000,490.000,740.000,562.000,rgb_edges_inside_sam2_mask
16,0.625000,12,rear_leg_candidate,83.911,75.425,886.000,530.000,894.000,605.000,rgb_edges_inside_sam2_mask
16,0.625000,13,front_leg_candidate,-69.075,72.801,800.000,405.000,774.000,473.000,rgb_edges_inside_sam2_mask
16,0.625000,14,support_or_stretcher_candidate,20.462,71.512,738.000,559.000,805.000,584.000,rgb_edges_inside_sam2_mask
16,0.625000,15,rear_leg_candidate,82.235,66.611,794.000,409.000,803.000,475.000,rgb_edges_inside_sam2_mask
16,0.625000,16,rear_leg_candidate,82.648,62.514,813.000,495.000,821.000,557.000,rgb_edges_inside_sam2_mask
16,0.625000,17,rear_leg_candidate,81.724,55.579,793.000,423.000,801.000,478.000,rgb_edges_inside_sam2_mask
16,0.625000,18,rear_leg_candidate,83.541,53.339,894.000,548.000,900.000,601.000,rgb_edges_inside_sam2_mask
16,0.625000,19,rear_leg_candidate,81.254,52.612,803.000,428.000,811.000,480.000,rgb_edges_inside_sam2_mask
16,0.625000,20,rear_leg_candidate,83.019,49.366,875.000,449.000,881.000,498.000,rgb_edges_inside_sam2_mask
16,0.625000,21,front_leg_candidate,-69.305,48.104,744.000,555.000,727.000,600.000,rgb_edges_inside_sam2_mask
16,0.625000,22,rear_leg_candidate,82.057,43.417,802.000,496.000,808.000,539.000,rgb_edges_inside_sam2_mask
16,0.625000,23,front_leg_candidate,-68.962,41.785,741.000,551.000,726.000,590.000,rgb_edges_inside_sam2_mask
16,0.625000,24,rear_leg_candidate,-79.824,39.623,881.000,432.000,874.000,471.000,rgb_edges_inside_sam2_mask
16,0.625000,25,rear_leg_candidate,84.144,39.205,886.000,532.000,890.000,571.000,rgb_edges_inside_sam2_mask
16,0.625000,26,rear_leg_candidate,-78.111,38.833,881.000,426.000,873.000,464.000,rgb_edges_inside_sam2_mask
16,0.625000,27,front_leg_candidate,-70.145,38.275,820.000,571.000,807.000,607.000,rgb_edges_inside_sam2_mask
17,0.666667,0,front_leg_candidate,-69.203,222.497,804.000,385.000,725.000,593.000,rgb_edges_inside_sam2_mask
17,0.666667,1,front_leg_candidate,-68.983,203.541,800.000,406.000,727.000,596.000,rgb_edges_inside_sam2_mask
17,0.666667,2,front_leg_candidate,-69.146,202.250,803.000,386.000,731.000,575.000,rgb_edges_inside_sam2_mask
17,0.666667,3,rear_leg_candidate,82.875,153.183,882.000,446.000,901.000,598.000,rgb_edges_inside_sam2_mask
17,0.666667,4,front_leg_candidate,-70.691,145.165,878.000,419.000,830.000,556.000,rgb_edges_inside_sam2_mask
17,0.666667,5,front_leg_candidate,-71.003,129.027,851.000,480.000,809.000,602.000,rgb_edges_inside_sam2_mask
17,0.666667,6,front_leg_candidate,-68.927,116.812,774.000,492.000,732.000,601.000,rgb_edges_inside_sam2_mask
17,0.666667,7,front_leg_candidate,-70.105,111.665,881.000,433.000,843.000,538.000,rgb_edges_inside_sam2_mask
17,0.666667,8,front_leg_candidate,-69.171,98.433,808.000,383.000,773.000,475.000,rgb_edges_inside_sam2_mask
17,0.666667,9,rear_leg_candidate,83.463,96.628,871.000,440.000,882.000,536.000,rgb_edges_inside_sam2_mask
17,0.666667,10,front_leg_candidate,-70.253,82.873,888.000,411.000,860.000,489.000,rgb_edges_inside_sam2_mask
17,0.666667,11,rear_leg_candidate,82.266,81.744,808.000,505.000,819.000,586.000,rgb_edges_inside_sam2_mask
17,0.666667,12,front_leg_candidate,-70.677,81.597,828.000,545.000,801.000,622.000,rgb_edges_inside_sam2_mask
17,0.666667,13,rear_leg_candidate,83.191,67.476,889.000,508.000,897.000,575.000,rgb_edges_inside_sam2_mask
17,0.666667,14,front_leg_candidate,-71.834,67.357,826.000,564.000,805.000,628.000,rgb_edges_inside_sam2_mask
17,0.666667,15,rear_leg_candidate,81.254,65.765,814.000,507.000,824.000,572.000,rgb_edges_inside_sam2_mask
17,0.666667,16,rear_leg_candidate,83.234,59.414,796.000,416.000,803.000,475.000,rgb_edges_inside_sam2_mask
17,0.666667,17,rear_leg_candidate,79.261,59.034,801.000,422.000,812.000,480.000,rgb_edges_inside_sam2_mask
17,0.666667,18,rear_leg_candidate,82.875,56.436,875.000,442.000,882.000,498.000,rgb_edges_inside_sam2_mask
17,0.666667,19,rear_leg_candidate,82.875,56.436,885.000,523.000,892.000,579.000,rgb_edges_inside_sam2_mask
17,0.666667,20,rear_leg_candidate,82.614,54.452,805.000,507.000,812.000,561.000,rgb_edges_inside_sam2_mask
17,0.666667,21,front_leg_candidate,-73.610,53.160,888.000,414.000,873.000,465.000,rgb_edges_inside_sam2_mask
17,0.666667,22,front_leg_candidate,-71.565,47.434,883.000,404.000,868.000,449.000,rgb_edges_inside_sam2_mask
17,0.666667,23,front_leg_candidate,-68.875,47.170,806.000,407.000,789.000,451.000,rgb_edges_inside_sam2_mask
17,0.666667,24,front_leg_candidate,-71.175,46.487,834.000,543.000,819.000,587.000,rgb_edges_inside_sam2_mask
17,0.666667,25,front_leg_candidate,-69.146,44.944,766.000,512.000,750.000,554.000,rgb_edges_inside_sam2_mask
17,0.666667,26,rear_leg_candidate,82.057,43.417,889.000,562.000,895.000,605.000,rgb_edges_inside_sam2_mask
17,0.666667,27,rear_leg_candidate,83.047,41.304,795.000,429.000,800.000,470.000,rgb_edges_inside_sam2_mask
17,0.666667,28,rear_leg_candidate,85.815,41.110,809.000,496.000,812.000,537.000,rgb_edges_inside_sam2_mask
17,0.666667,29,rear_leg_candidate,80.074,40.608,885.000,565.000,892.000,605.000,rgb_edges_inside_sam2_mask
17,0.666667,30,front_leg_candidate,-65.433,38.484,801.000,427.000,785.000,462.000,rgb_edges_inside_sam2_mask
18,0.708333,0,front_leg_candidate,-69.228,217.113,809.000,381.000,732.000,584.000,rgb_edges_inside_sam2_mask
18,0.708333,1,rear_leg_candidate,83.171,168.193,880.000,434.000,900.000,601.000,rgb_edges_inside_sam2_mask
18,0.708333,2,front_leg_candidate,-70.974,153.379,888.000,409.000,838.000,554.000,rgb_edges_inside_sam2_mask
18,0.708333,3,rear_leg_candidate,82.828,152.191,882.000,447.000,901.000,598.000,rgb_edges_inside_sam2_mask
18,0.708333,4,front_leg_candidate,-70.115,149.940,852.000,481.000,801.000,622.000,rgb_edges_inside_sam2_mask
18,0.708333,5,front_leg_candidate,-70.054,131.913,850.000,500.000,805.000,624.000,rgb_edges_inside_sam2_mask
18,0.708333,6,front_leg_candidate,-68.199,118.474,805.000,385.000,761.000,495.000,rgb_edges_inside_sam2_mask
18,0.708333,7,front_leg_candidate,-70.017,117.047,773.000,491.000,733.000,601.000,rgb_edges_inside_sam2_mask
18,0.708333,8,front_leg_candidate,-70.105,111.665,772.000,495.000,734.000,600.000,rgb_edges_inside_sam2_mask
18,0.708333,9,front_leg_candidate,-68.923,102.883,816.000,382.000,779.000,478.000,rgb_edges_inside_sam2_mask
18,0.708333,10,front_leg_candidate,-70.115,99.960,883.000,405.000,849.000,499.000,rgb_edges_inside_sam2_mask
18,0.708333,11,front_leg_candidate,-68.311,94.705,779.000,451.000,744.000,539.000,rgb_edges_inside_sam2_mask
18,0.708333,12,rear_leg_candidate,81.781,90.934,806.000,495.000,819.000,585.000,rgb_edges_inside_sam2_mask
18,0.708333,13,support_or_stretcher_candidate,20.854,67.417,733.000,478.000,796.000,502.000,rgb_edges_inside_sam2_mask
18,0.708333,14,rear_leg_candidate,83.946,66.370,875.000,473.000,882.000,539.000,rgb_edges_inside_sam2_mask
18,0.708333,15,front_leg_candidate,-69.647,66.129,847.000,508.000,824.000,570.000,rgb_edges_inside_sam2_mask
18,0.708333,16,rear_leg_candidate,81.254,65.765,802.000,496.000,812.000,561.000,rgb_edges_inside_sam2_mask
18,0.708333,17,rear_leg_candidate,82.648,62.514,802.000,417.000,810.000,479.000,rgb_edges_inside_sam2_mask
18,0.708333,18,rear_leg_candidate,82.147,58.549,887.000,547.000,895.000,605.000,rgb_edges_inside_sam2_mask
18,0.708333,19,front_leg_candidate,-69.677,57.585,745.000,539.000,725.000,593.000,rgb_edges_inside_sam2_mask
18,0.708333,20,front_leg_candidate,-73.496,56.321,889.000,408.000,873.000,462.000,rgb_edges_inside_sam2_mask
18,0.708333,21,front_leg_candidate,-69.829,52.202,861.000,468.000,843.000,517.000,rgb_edges_inside_sam2_mask
18,0.708333,22,rear_leg_candidate,83.290,51.352,875.000,443.000,881.000,494.000,rgb_edges_inside_sam2_mask
18,0.708333,23,front_leg_candidate,-70.498,50.922,819.000,573.000,802.000,621.000,rgb_edges_inside_sam2_mask
18,0.708333,24,rear_leg_candidate,82.725,47.381,815.000,510.000,821.000,557.000,rgb_edges_inside_sam2_mask
18,0.708333,25,rear_leg_candidate,81.347,46.530,794.000,432.000,801.000,478.000,rgb_edges_inside_sam2_mask
18,0.708333,26,rear_leg_candidate,83.517,44.283,798.000,431.000,803.000,475.000,rgb_edges_inside_sam2_mask
18,0.708333,27,front_leg_candidate,-68.962,41.785,743.000,557.000,728.000,596.000,rgb_edges_inside_sam2_mask
18,0.708333,28,rear_leg_candidate,77.320,41.000,884.000,565.000,893.000,605.000,rgb_edges_inside_sam2_mask
18,0.708333,29,rear_leg_candidate,81.469,40.447,890.000,565.000,896.000,605.000,rgb_edges_inside_sam2_mask
19,0.750000,0,front_leg_candidate,-69.183,205.409,802.000,388.000,729.000,580.000,rgb_edges_inside_sam2_mask
19,0.750000,1,rear_leg_candidate,83.098,191.387,878.000,419.000,901.000,609.000,rgb_edges_inside_sam2_mask
19,0.750000,2,front_leg_candidate,-70.121,188.215,885.000,401.000,821.000,578.000,rgb_edges_inside_sam2_mask
19,0.750000,3,front_leg_candidate,-69.905,130.973,772.000,476.000,727.000,599.000,rgb_edges_inside_sam2_mask
19,0.750000,4,front_leg_candidate,-70.017,128.752,849.000,503.000,805.000,624.000,rgb_edges_inside_sam2_mask
19,0.750000,5,front_leg_candidate,-71.125,123.649,842.000,506.000,802.000,623.000,rgb_edges_inside_sam2_mask
19,0.750000,6,front_leg_candidate,-70.058,120.208,808.000,381.000,767.000,494.000,rgb_edges_inside_sam2_mask
19,0.750000,7,front_leg_candidate,-68.923,102.883,816.000,382.000,779.000,478.000,rgb_edges_inside_sam2_mask
19,0.750000,8,rear_leg_candidate,81.690,89.944,806.000,495.000,819.000,584.000,rgb_edges_inside_sam2_mask
19,0.750000,9,rear_leg_candidate,83.443,87.573,872.000,450.000,882.000,537.000,rgb_edges_inside_sam2_mask
19,0.750000,10,front_leg_candidate,-71.147,86.649,829.000,540.000,801.000,622.000,rgb_edges_inside_sam2_mask
19,0.750000,11,rear_leg_candidate,83.811,83.487,885.000,522.000,894.000,605.000,rgb_edges_inside_sam2_mask
19,0.750000,12,front_leg_candidate,-70.907,82.541,761.000,524.000,734.000,602.000,rgb_edges_inside_sam2_mask
19,0.750000,13,front_leg_candidate,-70.880,79.379,851.000,481.000,825.000,556.000,rgb_edges_inside_sam2_mask
19,0.750000,14,rear_leg_candidate,83.387,69.462,873.000,432.000,881.000,501.000,rgb_edges_inside_sam2_mask
19,0.750000,15,front_leg_candidate,-69.944,67.067,766.000,494.000,743.000,557.000,rgb_edges_inside_sam2_mask
19,0.750000,16,front_leg_candidate,-74.827,61.131,875.000,443.000,859.000,502.000,rgb_edges_inside_sam2_mask
19,0.750000,17,rear_leg_candidate,81.469,60.671,803.000,496.000,812.000,556.000,rgb_edges_inside_sam2_mask
19,0.750000,18,front_leg_candidate,-76.430,59.666,887.000,408.000,873.000,466.000,rgb_edges_inside_sam2_mask
19,0.750000,19,rear_leg_candidate,-78.111,58.249,887.000,399.000,875.000,456.000,rgb_edges_inside_sam2_mask
19,0.750000,20,front_leg_candidate,-69.677,57.585,745.000,539.000,725.000,593.000,rgb_edges_inside_sam2_mask
19,0.750000,21,front_leg_candidate,-70.907,55.027,856.000,502.000,838.000,554.000,rgb_edges_inside_sam2_mask
19,0.750000,22,rear_leg_candidate,84.611,53.235,814.000,495.000,819.000,548.000,rgb_edges_inside_sam2_mask
19,0.750000,23,front_leg_candidate,-72.646,50.289,772.000,491.000,757.000,539.000,rgb_edges_inside_sam2_mask
19,0.750000,24,front_leg_candidate,-70.821,48.703,750.000,553.000,734.000,599.000,rgb_edges_inside_sam2_mask
19,0.750000,25,rear_leg_candidate,81.703,48.508,804.000,432.000,811.000,480.000,rgb_edges_inside_sam2_mask
19,0.750000,26,rear_leg_candidate,82.569,46.390,794.000,432.000,800.000,478.000,rgb_edges_inside_sam2_mask
19,0.750000,27,rear_leg_candidate,83.367,43.290,884.000,521.000,889.000,564.000,rgb_edges_inside_sam2_mask
19,0.750000,28,rear_leg_candidate,78.111,38.833,795.000,432.000,803.000,470.000,rgb_edges_inside_sam2_mask
19,0.750000,29,support_or_stretcher_candidate,62.103,38.471,828.000,494.000,846.000,528.000,rgb_edges_inside_sam2_mask
19,0.750000,30,front_leg_candidate,-73.009,37.643,868.000,466.000,857.000,502.000,rgb_edges_inside_sam2_mask
20,0.791667,0,front_leg_candidate,-69.199,191.481,801.000,402.000,733.000,581.000,rgb_edges_inside_sam2_mask
20,0.791667,1,front_leg_candidate,-70.115,149.940,855.000,484.000,804.000,625.000,rgb_edges_inside_sam2_mask
20,0.791667,2,front_leg_candidate,-70.186,144.558,851.000,482.000,802.000,618.000,rgb_edges_inside_sam2_mask
20,0.791667,3,front_leg_candidate,-69.063,123.130,769.000,476.000,725.000,591.000,rgb_edges_inside_sam2_mask
20,0.791667,4,rear_leg_candidate,82.304,112.009,879.000,434.000,894.000,545.000,rgb_edges_inside_sam2_mask
20,0.791667,5,front_leg_candidate,-70.017,93.638,833.000,534.000,801.000,622.000,rgb_edges_inside_sam2_mask
20,0.791667,6,rear_leg_candidate,82.235,88.814,889.000,510.000,901.000,598.000,rgb_edges_inside_sam2_mask
20,0.791667,7,rear_leg_candidate,83.130,83.600,885.000,522.000,895.000,605.000,rgb_edges_inside_sam2_mask
20,0.791667,8,rear_leg_candidate,83.130,83.600,872.000,455.000,882.000,538.000,rgb_edges_inside_sam2_mask
20,0.791667,9,front_leg_candidate,-69.015,78.186,875.000,428.000,847.000,501.000,rgb_edges_inside_sam2_mask
20,0.791667,10,front_leg_candidate,-68.749,77.253,755.000,524.000,727.000,596.000,rgb_edges_inside_sam2_mask
20,0.791667,11,front_leg_candidate,-69.179,75.961,772.000,496.000,745.000,567.000,rgb_edges_inside_sam2_mask
20,0.791667,12,front_leg_candidate,-70.514,68.949,804.000,409.000,781.000,474.000,rgb_edges_inside_sam2_mask
20,0.791667,13,rear_leg_candidate,82.528,61.522,811.000,525.000,819.000,586.000,rgb_edges_inside_sam2_mask
20,0.791667,14,rear_leg_candidate,82.405,60.531,813.000,495.000,821.000,555.000,rgb_edges_inside_sam2_mask
20,0.791667,15,rear_leg_candidate,82.405,45.398,894.000,553.000,900.000,598.000,rgb_edges_inside_sam2_mask
20,0.791667,16,front_leg_candidate,-67.964,45.310,749.000,559.000,732.000,601.000,rgb_edges_inside_sam2_mask
20,0.791667,17,rear_leg_candidate,83.047,41.304,795.000,437.000,800.000,478.000,rgb_edges_inside_sam2_mask
20,0.791667,18,front_leg_candidate,-68.749,38.626,761.000,526.000,747.000,562.000,rgb_edges_inside_sam2_mask
20,0.791667,19,front_leg_candidate,-71.075,37.000,855.000,502.000,843.000,537.000,rgb_edges_inside_sam2_mask
21,0.833333,0,front_leg_candidate,-70.884,186.271,882.000,404.000,821.000,580.000,rgb_edges_inside_sam2_mask
21,0.833333,1,front_leg_candidate,-69.118,185.162,793.000,423.000,727.000,596.000,rgb_edges_inside_sam2_mask
21,0.833333,2,rear_leg_candidate,83.047,165.215,881.000,445.000,901.000,609.000,rgb_edges_inside_sam2_mask
21,0.833333,3,front_leg_candidate,-69.037,164.915,803.000,385.000,744.000,539.000,rgb_edges_inside_sam2_mask
21,0.833333,4,front_leg_candidate,-71.003,129.027,851.000,479.000,809.000,601.000,rgb_edges_inside_sam2_mask
21,0.833333,5,front_leg_candidate,-70.735,109.110,837.000,519.000,801.000,622.000,rgb_edges_inside_sam2_mask
21,0.833333,6,front_leg_candidate,-69.121,103.817,815.000,382.000,778.000,479.000,rgb_edges_inside_sam2_mask
21,0.833333,7,rear_leg_candidate,83.211,84.593,872.000,455.000,882.000,539.000,rgb_edges_inside_sam2_mask
21,0.833333,8,rear_leg_candidate,83.130,83.600,885.000,522.000,895.000,605.000,rgb_edges_inside_sam2_mask
21,0.833333,9,front_leg_candidate,-68.962,83.570,802.000,397.000,772.000,475.000,rgb_edges_inside_sam2_mask
21,0.833333,10,front_leg_candidate,-70.907,82.541,771.000,495.000,744.000,573.000,rgb_edges_inside_sam2_mask
21,0.833333,11,support_or_stretcher_candidate,20.472,80.056,736.000,562.000,811.000,590.000,rgb_edges_inside_sam2_mask
21,0.833333,12,front_leg_candidate,-67.913,74.465,769.000,479.000,741.000,548.000,rgb_edges_inside_sam2_mask
21,0.833333,13,front_leg_candidate,-70.821,73.055,758.000,531.000,734.000,600.000,rgb_edges_inside_sam2_mask
21,0.833333,14,rear_leg_candidate,-82.648,62.514,884.000,401.000,876.000,463.000,rgb_edges_inside_sam2_mask
21,0.833333,15,rear_leg_candidate,81.469,60.671,812.000,495.000,821.000,555.000,rgb_edges_inside_sam2_mask
21,0.833333,16,front_leg_candidate,-69.567,54.424,744.000,543.000,725.000,594.000,rgb_edges_inside_sam2_mask
21,0.833333,17,front_leg_candidate,-68.682,44.011,744.000,554.000,728.000,595.000,rgb_edges_inside_sam2_mask
21,0.833333,18,rear_leg_candidate,82.875,40.311,795.000,438.000,800.000,478.000,rgb_edges_inside_sam2_mask
21,0.833333,19,front_leg_candidate,-72.474,39.850,873.000,449.000,861.000,487.000,rgb_edges_inside_sam2_mask
21,0.833333,20,rear_leg_candidate,82.694,39.319,812.000,532.000,817.000,571.000,rgb_edges_inside_sam2_mask
21,0.833333,21,front_leg_candidate,-71.565,37.947,828.000,558.000,816.000,594.000,rgb_edges_inside_sam2_mask
21,0.833333,22,front_leg_candidate,-71.075,37.000,855.000,502.000,843.000,537.000,rgb_edges_inside_sam2_mask
22,0.875000,0,front_leg_candidate,-71.015,230.541,882.000,401.000,807.000,619.000,rgb_edges_inside_sam2_mask
22,0.875000,1,front_leg_candidate,-69.237,194.641,803.000,384.000,734.000,566.000,rgb_edges_inside_sam2_mask
22,0.875000,2,rear_leg_candidate,83.056,157.153,881.000,447.000,900.000,603.000,rgb_edges_inside_sam2_mask
22,0.875000,3,front_leg_candidate,-70.837,149.272,851.000,479.000,802.000,620.000,rgb_edges_inside_sam2_mask
22,0.875000,4,front_leg_candidate,-69.775,121.491,808.000,380.000,766.000,494.000,rgb_edges_inside_sam2_mask
22,0.875000,5,front_leg_candidate,-70.017,117.047,766.000,490.000,726.000,600.000,rgb_edges_inside_sam2_mask
22,0.875000,6,front_leg_candidate,-69.848,116.108,773.000,492.000,733.000,601.000,rgb_edges_inside_sam2_mask
22,0.875000,7,front_leg_candidate,-71.012,98.351,837.000,531.000,805.000,624.000,rgb_edges_inside_sam2_mask
22,0.875000,8,rear_leg_candidate,-81.304,85.988,883.000,405.000,870.000,490.000,rgb_edges_inside_sam2_mask
22,0.875000,9,rear_leg_candidate,83.211,84.593,872.000,455.000,882.000,539.000,rgb_edges_inside_sam2_mask
22,0.875000,10,rear_leg_candidate,82.451,83.726,884.000,522.000,895.000,605.000,rgb_edges_inside_sam2_mask
22,0.875000,11,front_leg_candidate,-69.274,79.120,753.000,517.000,725.000,591.000,rgb_edges_inside_sam2_mask
22,0.875000,12,rear_leg_candidate,81.142,77.929,806.000,495.000,818.000,572.000,rgb_edges_inside_sam2_mask
22,0.875000,13,front_leg_candidate,-71.095,77.162,884.000,416.000,859.000,489.000,rgb_edges_inside_sam2_mask
22,0.875000,14,rear_leg_candidate,80.665,73.980,812.000,495.000,824.000,568.000,rgb_edges_inside_sam2_mask
22,0.875000,15,rear_leg_candidate,81.254,65.765,802.000,496.000,812.000,561.000,rgb_edges_inside_sam2_mask
22,0.875000,16,front_leg_candidate,-70.710,63.569,883.000,402.000,862.000,462.000,rgb_edges_inside_sam2_mask
22,0.875000,17,rear_leg_candidate,82.648,62.514,801.000,417.000,809.000,479.000,rgb_edges_inside_sam2_mask
22,0.875000,18,rear_leg_candidate,81.607,61.660,791.000,413.000,800.000,474.000,rgb_edges_inside_sam2_mask
22,0.875000,19,rear_leg_candidate,80.727,49.649,814.000,512.000,822.000,561.000,rgb_edges_inside_sam2_mask
22,0.875000,20,front_leg_candidate,-71.565,47.434,796.000,427.000,781.000,472.000,rgb_edges_inside_sam2_mask
22,0.875000,21,rear_leg_candidate,83.517,44.283,875.000,449.000,880.000,493.000,rgb_edges_inside_sam2_mask
22,0.875000,22,front_leg_candidate,-71.565,37.947,813.000,586.000,801.000,622.000,rgb_edges_inside_sam2_mask
23,0.916667,0,front_leg_candidate,-70.801,237.192,882.000,401.000,804.000,625.000,rgb_edges_inside_sam2_mask
23,0.916667,1,rear_leg_candidate,82.017,165.605,878.000,434.000,901.000,598.000,rgb_edges_inside_sam2_mask
23,0.916667,2,front_leg_candidate,-71.208,152.109,850.000,479.000,801.000,623.000,rgb_edges_inside_sam2_mask
23,0.916667,3,front_leg_candidate,-70.891,134.406,882.000,402.000,838.000,529.000,rgb_edges_inside_sam2_mask
23,0.916667,4,front_leg_candidate,-70.925,113.217,800.000,386.000,763.000,493.000,rgb_edges_inside_sam2_mask
23,0.916667,5,front_leg_candidate,-70.758,112.272,766.000,476.000,729.000,582.000,rgb_edges_inside_sam2_mask
23,0.916667,6,front_leg_candidate,-69.829,104.403,807.000,380.000,771.000,478.000,rgb_edges_inside_sam2_mask
23,0.916667,7,front_leg_candidate,-70.159,103.121,813.000,381.000,778.000,478.000,rgb_edges_inside_sam2_mask
23,0.916667,8,front_leg_candidate,-71.200,99.298,770.000,495.000,738.000,589.000,rgb_edges_inside_sam2_mask
23,0.916667,9,front_leg_candidate,-70.626,96.462,765.000,510.000,733.000,601.000,rgb_edges_inside_sam2_mask
23,0.916667,10,front_leg_candidate,-73.072,96.167,884.000,409.000,856.000,501.000,rgb_edges_inside_sam2_mask
23,0.916667,11,rear_leg_candidate,81.439,94.048,868.000,442.000,882.000,535.000,rgb_edges_inside_sam2_mask
23,0.916667,12,front_leg_candidate,-69.291,87.664,767.000,490.000,736.000,572.000,rgb_edges_inside_sam2_mask
23,0.916667,13,front_leg_candidate,-71.565,85.381,828.000,540.000,801.000,621.000,rgb_edges_inside_sam2_mask
23,0.916667,14,rear_leg_candidate,82.073,79.762,884.000,523.000,895.000,602.000,rgb_edges_inside_sam2_mask
23,0.916667,15,front_leg_candidate,-69.702,77.833,804.000,405.000,777.000,478.000,rgb_edges_inside_sam2_mask
23,0.916667,16,front_leg_candidate,-69.146,67.417,751.000,533.000,727.000,596.000,rgb_edges_inside_sam2_mask
23,0.916667,17,rear_leg_candidate,81.870,63.640,808.000,507.000,817.000,570.000,rgb_edges_inside_sam2_mask
23,0.916667,18,rear_leg_candidate,80.838,62.801,790.000,416.000,800.000,478.000,rgb_edges_inside_sam2_mask
23,0.916667,19,front_leg_candidate,-70.942,58.189,762.000,489.000,743.000,544.000,rgb_edges_inside_sam2_mask
23,0.916667,20,front_leg_candidate,-71.565,53.759,854.000,501.000,837.000,552.000,rgb_edges_inside_sam2_mask
23,0.916667,21,rear_leg_candidate,82.333,52.469,884.000,528.000,891.000,580.000,rgb_edges_inside_sam2_mask
23,0.916667,22,rear_leg_candidate,82.185,51.478,802.000,428.000,809.000,479.000,rgb_edges_inside_sam2_mask
23,0.916667,23,rear_leg_candidate,80.311,41.593,814.000,508.000,821.000,549.000,rgb_edges_inside_sam2_mask
23,0.916667,24,front_leg_candidate,-71.565,41.110,738.000,555.000,725.000,594.000,rgb_edges_inside_sam2_mask
23,0.916667,25,rear_leg_candidate,82.875,40.311,807.000,524.000,812.000,564.000,rgb_edges_inside_sam2_mask
24,0.958333,0,front_leg_candidate,-70.062,217.007,799.000,386.000,725.000,590.000,rgb_edges_inside_sam2_mask
24,0.958333,1,front_leg_candidate,-70.956,208.406,881.000,401.000,813.000,598.000,rgb_edges_inside_sam2_mask
24,0.958333,2,rear_leg_candidate,81.824,175.787,876.000,424.000,901.000,598.000,rgb_edges_inside_sam2_mask
24,0.958333,3,front_leg_candidate,-71.333,156.218,854.000,480.000,804.000,628.000,rgb_edges_inside_sam2_mask
24,0.958333,4,front_leg_candidate,-71.086,151.162,850.000,480.000,801.000,623.000,rgb_edges_inside_sam2_mask
24,0.958333,5,front_leg_candidate,-71.932,148.314,883.000,411.000,837.000,552.000,rgb_edges_inside_sam2_mask
24,0.958333,6,front_leg_candidate,-71.274,124.595,849.000,478.000,809.000,596.000,rgb_edges_inside_sam2_mask
24,0.958333,7,front_leg_candidate,-70.942,116.379,765.000,490.000,727.000,600.000,rgb_edges_inside_sam2_mask
24,0.958333,8,front_leg_candidate,-70.313,115.767,800.000,386.000,761.000,495.000,rgb_edges_inside_sam2_mask
24,0.958333,9,front_leg_candidate,-71.075,111.000,770.000,495.000,734.000,600.000,rgb_edges_inside_sam2_mask
24,0.958333,10,front_leg_candidate,-70.017,105.342,806.000,379.000,770.000,478.000,rgb_edges_inside_sam2_mask
24,0.958333,11,front_leg_candidate,-70.159,103.121,813.000,381.000,778.000,478.000,rgb_edges_inside_sam2_mask
24,0.958333,12,front_leg_candidate,-71.012,98.351,765.000,508.000,733.000,601.000,rgb_edges_inside_sam2_mask
24,0.958333,13,rear_leg_candidate,81.469,80.895,883.000,521.000,895.000,601.000,rgb_edges_inside_sam2_mask
24,0.958333,14,rear_leg_candidate,82.073,79.762,870.000,460.000,881.000,539.000,rgb_edges_inside_sam2_mask
24,0.958333,15,rear_leg_candidate,80.538,79.076,805.000,495.000,818.000,573.000,rgb_edges_inside_sam2_mask
24,0.958333,16,rear_leg_candidate,82.504,76.655,871.000,457.000,881.000,533.000,rgb_edges_inside_sam2_mask
24,0.958333,17,support_or_stretcher_candidate,20.113,75.611,739.000,564.000,810.000,590.000,rgb_edges_inside_sam2_mask
24,0.958333,18,rear_leg_candidate,81.069,70.859,802.000,496.000,813.000,566.000,rgb_edges_inside_sam2_mask
24,0.958333,19,rear_leg_candidate,80.538,60.828,811.000,495.000,821.000,555.000,rgb_edges_inside_sam2_mask
24,0.958333,20,front_leg_candidate,-71.241,55.973,745.000,546.000,727.000,599.000,rgb_edges_inside_sam2_mask
24,0.958333,21,rear_leg_candidate,80.362,53.759,800.000,426.000,809.000,479.000,rgb_edges_inside_sam2_mask
24,0.958333,22,front_leg_candidate,-72.255,52.498,853.000,501.000,837.000,551.000,rgb_edges_inside_sam2_mask
24,0.958333,23,rear_leg_candidate,78.465,50.010,869.000,437.000,879.000,486.000,rgb_edges_inside_sam2_mask
25,1.000000,0,rear_leg_candidate,81.922,156.554,878.000,443.000,900.000,598.000,rgb_edges_inside_sam2_mask
25,1.000000,1,front_leg_candidate,-72.156,153.379,848.000,476.000,801.000,622.000,rgb_edges_inside_sam2_mask
25,1.000000,2,front_leg_candidate,-71.157,133.135,847.000,498.000,804.000,624.000,rgb_edges_inside_sam2_mask
25,1.000000,3,rear_leg_candidate,80.380,119.683,792.000,439.000,812.000,557.000,rgb_edges_inside_sam2_mask
25,1.000000,4,front_leg_candidate,-70.942,116.379,771.000,491.000,733.000,601.000,rgb_edges_inside_sam2_mask
25,1.000000,5,front_leg_candidate,-71.732,108.467,848.000,480.000,814.000,583.000,rgb_edges_inside_sam2_mask
25,1.000000,6,front_leg_candidate,-71.061,107.838,879.000,401.000,844.000,503.000,rgb_edges_inside_sam2_mask
25,1.000000,7,front_leg_candidate,-71.211,102.460,803.000,380.000,770.000,477.000,rgb_edges_inside_sam2_mask
25,1.000000,8,front_leg_candidate,-70.769,91.082,811.000,379.000,781.000,465.000,rgb_edges_inside_sam2_mask
25,1.000000,9,rear_leg_candidate,80.858,88.119,796.000,443.000,810.000,530.000,rgb_edges_inside_sam2_mask
25,1.000000,10,front_leg_candidate,-71.565,85.381,764.000,490.000,737.000,571.000,rgb_edges_inside_sam2_mask
25,1.000000,11,rear_leg_candidate,81.674,82.873,877.000,441.000,889.000,523.000,rgb_edges_inside_sam2_mask
25,1.000000,12,rear_leg_candidate,81.973,78.772,883.000,521.000,894.000,599.000,rgb_edges_inside_sam2_mask
25,1.000000,13,front_leg_candidate,-72.255,78.746,881.000,411.000,857.000,486.000,rgb_edges_inside_sam2_mask
25,1.000000,14,rear_leg_candidate,81.254,65.765,868.000,453.000,878.000,518.000,rgb_edges_inside_sam2_mask
25,1.000000,15,front_leg_candidate,-71.862,61.033,746.000,542.000,727.000,600.000,rgb_edges_inside_sam2_mask
25,1.000000,16,rear_leg_candidate,80.380,59.841,811.000,494.000,821.000,553.000,rgb_edges_inside_sam2_mask
25,1.000000,17,front_leg_candidate,-72.300,49.336,802.000,400.000,787.000,447.000,rgb_edges_inside_sam2_mask
25,1.000000,18,front_leg_candidate,-71.175,46.487,795.000,405.000,780.000,449.000,rgb_edges_inside_sam2_mask
25,1.000000,19,front_leg_candidate,-71.147,43.324,850.000,509.000,836.000,550.000,rgb_edges_inside_sam2_mask
25,1.000000,20,front_leg_candidate,-71.147,43.324,848.000,493.000,834.000,534.000,rgb_edges_inside_sam2_mask
25,1.000000,21,support_or_stretcher_candidate,65.898,41.629,832.000,473.000,849.000,511.000,rgb_edges_inside_sam2_mask
25,1.000000,22,front_leg_candidate,-69.775,40.497,739.000,553.000,725.000,591.000,rgb_edges_inside_sam2_mask
25,1.000000,23,rear_leg_candidate,82.694,39.319,885.000,561.000,890.000,600.000,rgb_edges_inside_sam2_mask
25,1.000000,24,front_leg_candidate,-70.145,38.275,873.000,442.000,860.000,478.000,rgb_edges_inside_sam2_mask
25,1.000000,25,rear_leg_candidate,82.093,36.346,883.000,523.000,888.000,559.000,rgb_edges_inside_sam2_mask
26,1.041667,0,front_leg_candidate,-72.106,234.335,877.000,400.000,805.000,623.000,rgb_edges_inside_sam2_mask
26,1.041667,1,front_leg_candidate,-71.162,179.622,783.000,421.000,725.000,591.000,rgb_edges_inside_sam2_mask
26,1.041667,2,front_leg_candidate,-72.156,153.379,848.000,476.000,801.000,622.000,rgb_edges_inside_sam2_mask
26,1.041667,3,rear_leg_candidate,80.910,151.908,876.000,440.000,900.000,590.000,rgb_edges_inside_sam2_mask
26,1.041667,4,front_leg_candidate,-71.878,115.741,877.000,399.000,841.000,509.000,rgb_edges_inside_sam2_mask
26,1.041667,5,front_leg_candidate,-72.350,115.434,763.000,489.000,728.000,599.000,rgb_edges_inside_sam2_mask
26,1.041667,6,front_leg_candidate,-71.241,111.946,769.000,495.000,733.000,601.000,rgb_edges_inside_sam2_mask
26,1.041667,7,front_leg_candidate,-71.046,104.676,802.000,378.000,768.000,477.000,rgb_edges_inside_sam2_mask
26,1.041667,8,front_leg_candidate,-70.866,103.730,809.000,378.000,775.000,476.000,rgb_edges_inside_sam2_mask
26,1.041667,9,rear_leg_candidate,79.919,91.411,803.000,491.000,819.000,581.000,rgb_edges_inside_sam2_mask
26,1.041667,10,rear_leg_candidate,81.469,80.895,883.000,521.000,895.000,601.000,rgb_edges_inside_sam2_mask
26,1.041667,11,rear_leg_candidate,80.538,72.993,871.000,475.000,883.000,547.000,rgb_edges_inside_sam2_mask
26,1.041667,12,front_leg_candidate,-72.316,72.422,878.000,417.000,856.000,486.000,rgb_edges_inside_sam2_mask
26,1.041667,13,rear_leg_candidate,79.479,71.197,807.000,508.000,820.000,578.000,rgb_edges_inside_sam2_mask
26,1.041667,14,rear_leg_candidate,79.875,56.886,803.000,507.000,813.000,563.000,rgb_edges_inside_sam2_mask
26,1.041667,15,rear_leg_candidate,80.870,56.719,811.000,493.000,820.000,549.000,rgb_edges_inside_sam2_mask
26,1.041667,16,front_leg_candidate,-71.241,55.973,743.000,541.000,725.000,594.000,rgb_edges_inside_sam2_mask
26,1.041667,17,rear_leg_candidate,83.418,52.345,872.000,446.000,878.000,498.000,rgb_edges_inside_sam2_mask
26,1.041667,18,front_leg_candidate,-74.358,51.923,851.000,499.000,837.000,549.000,rgb_edges_inside_sam2_mask
26,1.041667,19,rear_leg_candidate,79.592,49.820,799.000,427.000,808.000,476.000,rgb_edges_inside_sam2_mask
26,1.041667,20,rear_leg_candidate,79.380,48.836,803.000,505.000,812.000,553.000,rgb_edges_inside_sam2_mask
26,1.041667,21,rear_leg_candidate,80.340,47.676,790.000,428.000,798.000,475.000,rgb_edges_inside_sam2_mask
26,1.041667,22,front_leg_candidate,-70.710,42.379,768.000,497.000,754.000,537.000,rgb_edges_inside_sam2_mask
26,1.041667,23,front_leg_candidate,-71.996,42.059,740.000,559.000,727.000,599.000,rgb_edges_inside_sam2_mask
26,1.041667,24,rear_leg_candidate,80.311,41.593,867.000,449.000,874.000,490.000,rgb_edges_inside_sam2_mask
26,1.041667,25,front_leg_candidate,-71.565,41.110,869.000,444.000,856.000,483.000,rgb_edges_inside_sam2_mask
27,1.083333,0,front_leg_candidate,-72.951,235.342,875.000,397.000,806.000,622.000,rgb_edges_inside_sam2_mask
27,1.083333,1,rear_leg_candidate,79.972,166.544,873.000,426.000,902.000,590.000,rgb_edges_inside_sam2_mask
27,1.083333,2,front_leg_candidate,-72.970,116.090,841.000,510.000,807.000,621.000,rgb_edges_inside_sam2_mask
27,1.083333,3,front_leg_candidate,-72.235,108.157,762.000,492.000,729.000,595.000,rgb_edges_inside_sam2_mask
27,1.083333,4,front_leg_candidate,-72.420,105.948,758.000,491.000,726.000,592.000,rgb_edges_inside_sam2_mask
27,1.083333,5,front_leg_candidate,-72.087,104.043,807.000,376.000,775.000,475.000,rgb_edges_inside_sam2_mask
27,1.083333,6,front_leg_candidate,-73.673,103.160,847.000,472.000,818.000,571.000,rgb_edges_inside_sam2_mask
27,1.083333,7,front_leg_candidate,-73.355,101.242,798.000,378.000,769.000,475.000,rgb_edges_inside_sam2_mask
27,1.083333,8,front_leg_candidate,-73.025,99.328,768.000,493.000,739.000,588.000,rgb_edges_inside_sam2_mask
27,1.083333,9,rear_leg_candidate,78.930,93.744,789.000,382.000,807.000,474.000,rgb_edges_inside_sam2_mask
27,1.083333,10,rear_leg_candidate,80.655,80.062,870.000,465.000,883.000,544.000,rgb_edges_inside_sam2_mask
27,1.083333,11,front_leg_candidate,-72.512,76.538,759.000,522.000,736.000,595.000,rgb_edges_inside_sam2_mask
27,1.083333,12,rear_leg_candidate,79.992,69.051,882.000,515.000,894.000,583.000,rgb_edges_inside_sam2_mask
27,1.083333,13,rear_leg_candidate,79.846,68.066,805.000,493.000,817.000,560.000,rgb_edges_inside_sam2_mask
27,1.083333,14,front_leg_candidate,-74.055,58.241,819.000,565.000,803.000,621.000,rgb_edges_inside_sam2_mask
27,1.083333,15,front_leg_candidate,-72.525,56.613,743.000,540.000,726.000,594.000,rgb_edges_inside_sam2_mask
27,1.083333,16,front_leg_candidate,-74.932,53.852,867.000,443.000,853.000,495.000,rgb_edges_inside_sam2_mask
27,1.083333,17,front_leg_candidate,-74.358,51.923,852.000,496.000,838.000,546.000,rgb_edges_inside_sam2_mask
27,1.083333,18,rear_leg_candidate,79.992,51.788,787.000,417.000,796.000,468.000,rgb_edges_inside_sam2_mask
27,1.083333,19,front_leg_candidate,-73.740,50.000,851.000,497.000,837.000,545.000,rgb_edges_inside_sam2_mask
27,1.083333,20,rear_leg_candidate,79.919,45.706,875.000,440.000,883.000,485.000,rgb_edges_inside_sam2_mask
27,1.083333,21,rear_leg_candidate,81.158,45.541,806.000,516.000,813.000,561.000,rgb_edges_inside_sam2_mask
27,1.083333,22,rear_leg_candidate,78.996,36.674,889.000,553.000,896.000,589.000,rgb_edges_inside_sam2_mask
27,1.083333,23,rear_leg_candidate,-86.820,36.056,875.000,401.000,873.000,437.000,rgb_edges_inside_sam2_mask
28,1.125000,0,front_leg_candidate,-73.987,232.002,874.000,394.000,810.000,617.000,rgb_edges_inside_sam2_mask
28,1.125000,1,front_leg_candidate,-74.224,231.728,872.000,396.000,809.000,619.000,rgb_edges_inside_sam2_mask
28,1.125000,2,front_leg_candidate,-74.211,150.685,847.000,471.000,806.000,616.000,rgb_edges_inside_sam2_mask
28,1.125000,3,front_leg_candidate,-73.250,107.564,762.000,491.000,731.000,594.000,rgb_edges_inside_sam2_mask
28,1.125000,4,front_leg_candidate,-72.937,105.650,799.000,372.000,768.000,473.000,rgb_edges_inside_sam2_mask
28,1.125000,5,rear_leg_candidate,78.906,103.942,875.000,437.000,895.000,539.000,rgb_edges_inside_sam2_mask
28,1.125000,6,rear_leg_candidate,79.531,93.557,866.000,445.000,883.000,537.000,rgb_edges_inside_sam2_mask
28,1.125000,7,front_leg_candidate,-73.301,83.522,768.000,493.000,744.000,573.000,rgb_edges_inside_sam2_mask
28,1.125000,8,front_leg_candidate,-75.619,80.523,876.000,403.000,856.000,481.000,rgb_edges_inside_sam2_mask
28,1.125000,9,rear_leg_candidate,77.638,74.733,804.000,491.000,820.000,564.000,rgb_edges_inside_sam2_mask
28,1.125000,10,front_leg_candidate,-74.055,65.521,840.000,494.000,822.000,557.000,rgb_edges_inside_sam2_mask
28,1.125000,11,front_leg_candidate,-73.393,59.481,756.000,535.000,739.000,592.000,rgb_edges_inside_sam2_mask
28,1.125000,12,rear_leg_candidate,78.111,58.249,804.000,502.000,816.000,559.000,rgb_edges_inside_sam2_mask
28,1.125000,13,front_leg_candidate,-74.745,57.009,792.000,414.000,777.000,469.000,rgb_edges_inside_sam2_mask
28,1.125000,14,front_leg_candidate,-72.582,53.451,744.000,541.000,728.000,592.000,rgb_edges_inside_sam2_mask
28,1.125000,15,rear_leg_candidate,80.181,52.773,883.000,512.000,892.000,564.000,rgb_edges_inside_sam2_mask
28,1.125000,16,front_leg_candidate,-75.141,50.695,788.000,424.000,775.000,473.000,rgb_edges_inside_sam2_mask
28,1.125000,17,front_leg_candidate,-72.646,50.289,743.000,541.000,728.000,589.000,rgb_edges_inside_sam2_mask
28,1.125000,18,front_leg_candidate,-73.740,50.000,852.000,493.000,838.000,541.000,rgb_edges_inside_sam2_mask
28,1.125000,19,front_leg_candidate,-73.072,48.083,746.000,546.000,732.000,592.000,rgb_edges_inside_sam2_mask
28,1.125000,20,rear_leg_candidate,77.989,48.052,814.000,503.000,824.000,550.000,rgb_edges_inside_sam2_mask
28,1.125000,21,front_leg_candidate,-77.989,48.052,877.000,403.000,867.000,450.000,rgb_edges_inside_sam2_mask
28,1.125000,22,rear_leg_candidate,79.160,47.854,874.000,435.000,883.000,482.000,rgb_edges_inside_sam2_mask
28,1.125000,23,rear_leg_candidate,77.735,47.074,785.000,416.000,795.000,462.000,rgb_edges_inside_sam2_mask
28,1.125000,24,rear_leg_candidate,78.690,45.891,868.000,439.000,877.000,484.000,rgb_edges_inside_sam2_mask
28,1.125000,25,rear_leg_candidate,79.461,43.738,798.000,428.000,806.000,471.000,rgb_edges_inside_sam2_mask
28,1.125000,26,front_leg_candidate,-74.624,41.485,872.000,423.000,861.000,463.000,rgb_edges_inside_sam2_mask
28,1.125000,27,rear_leg_candidate,81.254,39.459,890.000,550.000,896.000,589.000,rgb_edges_inside_sam2_mask
29,1.166667,0,front_leg_candidate,-75.069,232.863,871.000,392.000,811.000,617.000,rgb_edges_inside_sam2_mask
29,1.166667,1,front_leg_candidate,-75.005,231.897,872.000,392.000,812.000,616.000,rgb_edges_inside_sam2_mask
29,1.166667,2,front_leg_candidate,-75.141,152.086,847.000,468.000,808.000,615.000,rgb_edges_inside_sam2_mask
29,1.166667,3,rear_leg_candidate,78.170,151.212,874.000,432.000,905.000,580.000,rgb_edges_inside_sam2_mask
29,1.166667,4,rear_leg_candidate,79.095,111.005,866.000,441.000,887.000,550.000,rgb_edges_inside_sam2_mask
29,1.166667,5,front_leg_candidate,-73.698,110.440,764.000,485.000,733.000,591.000,rgb_edges_inside_sam2_mask
29,1.166667,6,front_leg_candidate,-73.698,110.440,770.000,486.000,739.000,592.000,rgb_edges_inside_sam2_mask
29,1.166667,7,front_leg_candidate,-74.055,94.641,767.000,498.000,741.000,589.000,rgb_edges_inside_sam2_mask
29,1.166667,8,front_leg_candidate,-74.511,86.128,796.000,373.000,773.000,456.000,rgb_edges_inside_sam2_mask
29,1.166667,9,rear_leg_candidate,78.003,81.786,888.000,501.000,905.000,581.000,rgb_edges_inside_sam2_mask
29,1.166667,10,front_leg_candidate,-75.600,76.400,875.000,403.000,856.000,477.000,rgb_edges_inside_sam2_mask
29,1.166667,11,rear_leg_candidate,78.232,73.546,884.000,513.000,899.000,585.000,rgb_edges_inside_sam2_mask
29,1.166667,12,rear_leg_candidate,76.569,68.884,805.000,489.000,821.000,556.000,rgb_edges_inside_sam2_mask
29,1.166667,13,rear_leg_candidate,77.074,62.586,802.000,489.000,816.000,550.000,rgb_edges_inside_sam2_mask
29,1.166667,14,rear_leg_candidate,79.077,58.052,874.000,479.000,885.000,536.000,rgb_edges_inside_sam2_mask
29,1.166667,15,rear_leg_candidate,77.692,56.294,788.000,413.000,800.000,468.000,rgb_edges_inside_sam2_mask
29,1.166667,16,rear_leg_candidate,-88.977,56.009,872.000,396.000,871.000,452.000,rgb_edges_inside_sam2_mask
29,1.166667,17,rear_leg_candidate,77.471,55.317,812.000,487.000,824.000,541.000,rgb_edges_inside_sam2_mask
29,1.166667,18,front_leg_candidate,-74.055,50.961,744.000,541.000,730.000,590.000,rgb_edges_inside_sam2_mask
29,1.166667,19,front_leg_candidate,-73.887,46.840,853.000,489.000,840.000,534.000,rgb_edges_inside_sam2_mask
29,1.166667,20,front_leg_candidate,-75.619,40.262,787.000,427.000,777.000,466.000,rgb_edges_inside_sam2_mask
29,1.166667,21,front_leg_candidate,-77.005,40.025,875.000,409.000,866.000,448.000,rgb_edges_inside_sam2_mask
29,1.166667,22,front_leg_candidate,-73.856,39.560,760.000,484.000,749.000,522.000,rgb_edges_inside_sam2_mask
29,1.166667,23,front_leg_candidate,-75.256,39.294,818.000,574.000,808.000,612.000,rgb_edges_inside_sam2_mask
29,1.166667,24,rear_leg_candidate,74.876,38.328,794.000,416.000,804.000,453.000,rgb_edges_inside_sam2_mask
30,1.208333,0,front_leg_candidate,-75.769,142.369,861.000,427.000,826.000,565.000,rgb_edges_inside_sam2_mask
30,1.208333,1,rear_leg_candidate,77.800,113.565,874.000,428.000,898.000,539.000,rgb_edges_inside_sam2_mask
30,1.208333,2,front_leg_candidate,-75.964,111.324,847.000,462.000,820.000,570.000,rgb_edges_inside_sam2_mask
30,1.208333,3,front_leg_candidate,-74.505,104.809,797.000,367.000,769.000,468.000,rgb_edges_inside_sam2_mask
30,1.208333,4,rear_leg_candidate,-87.797,104.077,872.000,379.000,868.000,483.000,rgb_edges_inside_sam2_mask
30,1.208333,5,rear_leg_candidate,78.254,103.160,866.000,438.000,887.000,539.000,rgb_edges_inside_sam2_mask
30,1.208333,6,front_leg_candidate,-74.745,102.616,762.000,489.000,735.000,588.000,rgb_edges_inside_sam2_mask
30,1.208333,7,front_leg_candidate,-74.291,99.725,768.000,493.000,741.000,589.000,rgb_edges_inside_sam2_mask
30,1.208333,8,front_leg_candidate,-76.115,91.679,832.000,520.000,810.000,609.000,rgb_edges_inside_sam2_mask
30,1.208333,9,front_leg_candidate,-76.329,76.158,874.000,399.000,856.000,473.000,rgb_edges_inside_sam2_mask
30,1.208333,10,front_leg_candidate,-76.350,72.035,874.000,403.000,857.000,473.000,rgb_edges_inside_sam2_mask
30,1.208333,11,rear_leg_candidate,78.024,67.469,885.000,509.000,899.000,575.000,rgb_edges_inside_sam2_mask
30,1.208333,12,rear_leg_candidate,76.218,54.571,812.000,484.000,825.000,537.000,rgb_edges_inside_sam2_mask
30,1.208333,13,rear_leg_candidate,77.242,54.342,803.000,486.000,815.000,539.000,rgb_edges_inside_sam2_mask
30,1.208333,14,front_leg_candidate,-74.932,53.852,763.000,486.000,749.000,538.000,rgb_edges_inside_sam2_mask
30,1.208333,15,front_leg_candidate,-73.301,52.202,792.000,412.000,777.000,462.000,rgb_edges_inside_sam2_mask
30,1.208333,16,front_leg_candidate,-75.964,45.354,840.000,508.000,829.000,552.000,rgb_edges_inside_sam2_mask
30,1.208333,17,front_leg_candidate,-74.407,44.643,744.000,541.000,732.000,584.000,rgb_edges_inside_sam2_mask
30,1.208333,18,rear_leg_candidate,78.179,43.932,889.000,495.000,898.000,538.000,rgb_edges_inside_sam2_mask
30,1.208333,19,front_leg_candidate,-76.608,43.174,824.000,569.000,814.000,611.000,rgb_edges_inside_sam2_mask
30,1.208333,20,rear_leg_candidate,74.982,42.450,787.000,423.000,798.000,464.000,rgb_edges_inside_sam2_mask
30,1.208333,21,front_leg_candidate,-75.964,41.231,850.000,498.000,840.000,538.000,rgb_edges_inside_sam2_mask
30,1.208333,22,front_leg_candidate,-76.329,38.079,759.000,484.000,750.000,521.000,rgb_edges_inside_sam2_mask
31,1.250000,0,front_leg_candidate,-75.012,131.472,847.000,482.000,813.000,609.000,rgb_edges_inside_sam2_mask
31,1.250000,1,rear_leg_candidate,76.809,131.469,871.000,411.000,901.000,539.000,rgb_edges_inside_sam2_mask
31,1.250000,2,front_leg_candidate,-74.949,123.227,873.000,382.000,841.000,501.000,rgb_edges_inside_sam2_mask
31,1.250000,3,rear_leg_candidate,78.136,121.598,863.000,420.000,888.000,539.000,rgb_edges_inside_sam2_mask
31,1.250000,4,front_leg_candidate,-73.980,105.081,765.000,482.000,736.000,583.000,rgb_edges_inside_sam2_mask
31,1.250000,5,front_leg_candidate,-75.256,98.234,794.000,369.000,769.000,464.000,rgb_edges_inside_sam2_mask
31,1.250000,6,front_leg_candidate,-74.805,83.934,798.000,382.000,776.000,463.000,rgb_edges_inside_sam2_mask
31,1.250000,7,front_leg_candidate,-74.438,82.006,764.000,506.000,742.000,585.000,rgb_edges_inside_sam2_mask
31,1.250000,8,rear_leg_candidate,78.003,81.786,871.000,455.000,888.000,535.000,rgb_edges_inside_sam2_mask
31,1.250000,9,front_leg_candidate,-77.005,80.050,875.000,391.000,857.000,469.000,rgb_edges_inside_sam2_mask
31,1.250000,10,rear_leg_candidate,78.541,75.505,886.000,505.000,901.000,579.000,rgb_edges_inside_sam2_mask
31,1.250000,11,rear_leg_candidate,75.964,70.093,812.000,480.000,829.000,548.000,rgb_edges_inside_sam2_mask
31,1.250000,12,front_leg_candidate,-75.750,65.000,826.000,542.000,810.000,605.000,rgb_edges_inside_sam2_mask
31,1.250000,13,front_leg_candidate,-76.430,59.666,854.000,481.000,840.000,539.000,rgb_edges_inside_sam2_mask
31,1.250000,14,rear_leg_candidate,76.430,59.666,810.000,495.000,824.000,553.000,rgb_edges_inside_sam2_mask
31,1.250000,15,rear_leg_candidate,77.152,58.464,793.000,398.000,806.000,455.000,rgb_edges_inside_sam2_mask
31,1.250000,16,front_leg_candidate,-75.700,52.631,840.000,485.000,827.000,536.000,rgb_edges_inside_sam2_mask
31,1.250000,17,rear_leg_candidate,77.593,51.196,816.000,489.000,827.000,539.000,rgb_edges_inside_sam2_mask
31,1.250000,18,rear_leg_candidate,76.551,47.297,806.000,492.000,817.000,538.000,rgb_edges_inside_sam2_mask
31,1.250000,19,front_leg_candidate,-75.069,46.573,847.000,480.000,835.000,525.000,rgb_edges_inside_sam2_mask
31,1.250000,20,front_leg_candidate,-74.745,45.607,787.000,419.000,775.000,463.000,rgb_edges_inside_sam2_mask
31,1.250000,21,front_leg_candidate,-77.196,45.122,867.000,424.000,857.000,468.000,rgb_edges_inside_sam2_mask
31,1.250000,22,front_leg_candidate,-74.982,42.450,744.000,541.000,733.000,582.000,rgb_edges_inside_sam2_mask
31,1.250000,23,front_leg_candidate,-76.293,42.202,840.000,487.000,830.000,528.000,rgb_edges_inside_sam2_mask
31,1.250000,24,rear_leg_candidate,77.619,41.976,869.000,428.000,878.000,469.000,rgb_edges_inside_sam2_mask
31,1.250000,25,front_leg_candidate,-73.856,39.560,769.000,487.000,758.000,525.000,rgb_edges_inside_sam2_mask
31,1.250000,26,rear_leg_candidate,75.256,39.294,788.000,422.000,798.000,460.000,rgb_edges_inside_sam2_mask
32,1.291667,0,front_leg_candidate,-75.203,219.272,869.000,393.000,813.000,605.000,rgb_edges_inside_sam2_mask
32,1.291667,1,rear_leg_candidate,77.981,158.474,875.000,420.000,908.000,575.000,rgb_edges_inside_sam2_mask
32,1.291667,2,front_leg_candidate,-74.932,107.703,770.000,477.000,742.000,581.000,rgb_edges_inside_sam2_mask
32,1.291667,3,front_leg_candidate,-72.937,105.650,806.000,358.000,775.000,459.000,rgb_edges_inside_sam2_mask
32,1.291667,4,front_leg_candidate,-73.980,105.081,764.000,478.000,735.000,579.000,rgb_edges_inside_sam2_mask
32,1.291667,5,front_leg_candidate,-75.033,104.547,770.000,479.000,743.000,580.000,rgb_edges_inside_sam2_mask
32,1.291667,6,front_leg_candidate,-74.511,86.128,759.000,497.000,736.000,580.000,rgb_edges_inside_sam2_mask
32,1.291667,7,front_leg_candidate,-76.130,83.433,794.000,364.000,774.000,445.000,rgb_edges_inside_sam2_mask
32,1.291667,8,rear_leg_candidate,77.957,76.688,874.000,464.000,890.000,539.000,rgb_edges_inside_sam2_mask
32,1.291667,9,rear_leg_candidate,77.800,75.710,886.000,500.000,902.000,574.000,rgb_edges_inside_sam2_mask
32,1.291667,10,front_leg_candidate,-75.379,71.309,875.000,395.000,857.000,464.000,rgb_edges_inside_sam2_mask
32,1.291667,11,rear_leg_candidate,78.198,68.447,887.000,506.000,901.000,573.000,rgb_edges_inside_sam2_mask
32,1.291667,12,front_leg_candidate,-74.745,68.411,845.000,468.000,827.000,534.000,rgb_edges_inside_sam2_mask
32,1.291667,13,front_leg_candidate,-75.556,68.154,827.000,536.000,810.000,602.000,rgb_edges_inside_sam2_mask
32,1.291667,14,front_leg_candidate,-74.427,63.325,855.000,476.000,838.000,537.000,rgb_edges_inside_sam2_mask
32,1.291667,15,rear_leg_candidate,78.887,57.070,786.000,399.000,797.000,455.000,rgb_edges_inside_sam2_mask
32,1.291667,16,rear_leg_candidate,76.759,52.393,810.000,489.000,822.000,540.000,rgb_edges_inside_sam2_mask
32,1.291667,17,rear_leg_candidate,76.504,51.420,796.000,406.000,808.000,456.000,rgb_edges_inside_sam2_mask
32,1.291667,18,rear_leg_candidate,76.551,47.297,816.000,487.000,827.000,533.000,rgb_edges_inside_sam2_mask
32,1.291667,19,rear_leg_candidate,76.551,47.297,804.000,477.000,815.000,523.000,rgb_edges_inside_sam2_mask
32,1.291667,20,rear_leg_candidate,77.619,41.976,874.000,417.000,883.000,458.000,rgb_edges_inside_sam2_mask
32,1.291667,21,support_or_stretcher_candidate,22.068,39.925,795.000,441.000,832.000,456.000,rgb_edges_inside_sam2_mask
32,1.291667,22,front_leg_candidate,-74.055,36.401,834.000,510.000,824.000,545.000,rgb_edges_inside_sam2_mask
33,1.333333,0,front_leg_candidate,-75.069,232.863,873.000,373.000,813.000,598.000,rgb_edges_inside_sam2_mask
33,1.333333,1,rear_leg_candidate,78.179,175.727,871.000,393.000,907.000,565.000,rgb_edges_inside_sam2_mask
33,1.333333,2,front_leg_candidate,-74.973,154.276,849.000,448.000,809.000,597.000,rgb_edges_inside_sam2_mask
33,1.333333,3,rear_leg_candidate,78.111,116.499,866.000,422.000,890.000,536.000,rgb_edges_inside_sam2_mask
33,1.333333,4,front_leg_candidate,-74.129,106.042,765.000,470.000,736.000,572.000,rgb_edges_inside_sam2_mask
33,1.333333,5,front_leg_candidate,-73.980,105.081,770.000,474.000,741.000,575.000,rgb_edges_inside_sam2_mask
33,1.333333,6,rear_leg_candidate,78.024,101.203,867.000,424.000,888.000,523.000,rgb_edges_inside_sam2_mask
33,1.333333,7,rear_leg_candidate,-86.634,85.147,874.000,373.000,869.000,458.000,rgb_edges_inside_sam2_mask
33,1.333333,8,rear_leg_candidate,80.655,80.062,809.000,470.000,822.000,549.000,rgb_edges_inside_sam2_mask
33,1.333333,9,rear_leg_candidate,77.957,76.688,885.000,457.000,901.000,532.000,rgb_edges_inside_sam2_mask
33,1.333333,10,rear_leg_candidate,78.845,72.367,887.000,496.000,901.000,567.000,rgb_edges_inside_sam2_mask
33,1.333333,11,front_leg_candidate,-75.174,70.342,854.000,471.000,836.000,539.000,rgb_edges_inside_sam2_mask
33,1.333333,12,front_leg_candidate,-74.521,67.446,875.000,394.000,857.000,459.000,rgb_edges_inside_sam2_mask
33,1.333333,13,front_leg_candidate,-74.291,66.483,771.000,473.000,753.000,537.000,rgb_edges_inside_sam2_mask
33,1.333333,14,rear_leg_candidate,76.931,57.489,816.000,480.000,829.000,536.000,rgb_edges_inside_sam2_mask
33,1.333333,15,front_leg_candidate,-74.197,55.082,876.000,389.000,861.000,442.000,rgb_edges_inside_sam2_mask
33,1.333333,16,rear_leg_candidate,79.315,53.935,886.000,494.000,896.000,547.000,rgb_edges_inside_sam2_mask
33,1.333333,17,rear_leg_candidate,74.932,53.852,796.000,400.000,810.000,452.000,rgb_edges_inside_sam2_mask
33,1.333333,18,front_leg_candidate,-73.301,52.202,784.000,404.000,769.000,454.000,rgb_edges_inside_sam2_mask
33,1.333333,19,rear_leg_candidate,77.347,50.220,816.000,482.000,827.000,531.000,rgb_edges_inside_sam2_mask
33,1.333333,20,front_leg_candidate,-73.740,50.000,792.000,375.000,778.000,423.000,rgb_edges_inside_sam2_mask
33,1.333333,21,front_leg_candidate,-75.069,46.573,860.000,420.000,848.000,465.000,rgb_edges_inside_sam2_mask
33,1.333333,22,rear_leg_candidate,76.293,42.202,788.000,410.000,798.000,451.000,rgb_edges_inside_sam2_mask
33,1.333333,23,rear_leg_candidate,79.287,37.656,870.000,417.000,877.000,454.000,rgb_edges_inside_sam2_mask
34,1.375000,0,rear_leg_candidate,78.218,166.508,873.000,396.000,907.000,559.000,rgb_edges_inside_sam2_mask
34,1.375000,1,front_leg_candidate,-74.162,146.564,847.000,448.000,807.000,589.000,rgb_edges_inside_sam2_mask
34,1.375000,2,front_leg_candidate,-74.055,131.042,847.000,467.000,811.000,593.000,rgb_edges_inside_sam2_mask
34,1.375000,3,front_leg_candidate,-73.202,110.725,771.000,466.000,739.000,572.000,rgb_edges_inside_sam2_mask
34,1.375000,4,front_leg_candidate,-72.897,108.812,766.000,464.000,734.000,568.000,rgb_edges_inside_sam2_mask
34,1.375000,5,front_leg_candidate,-74.445,100.688,872.000,374.000,845.000,471.000,rgb_edges_inside_sam2_mask
34,1.375000,6,front_leg_candidate,-73.974,97.801,796.000,354.000,769.000,448.000,rgb_edges_inside_sam2_mask
34,1.375000,7,front_leg_candidate,-73.811,96.840,797.000,355.000,770.000,448.000,rgb_edges_inside_sam2_mask
34,1.375000,8,rear_leg_candidate,75.635,84.646,803.000,464.000,824.000,546.000,rgb_edges_inside_sam2_mask
34,1.375000,9,rear_leg_candidate,78.111,77.666,876.000,409.000,892.000,485.000,rgb_edges_inside_sam2_mask
34,1.375000,10,rear_leg_candidate,79.287,75.313,886.000,489.000,900.000,563.000,rgb_edges_inside_sam2_mask
34,1.375000,11,rear_leg_candidate,79.479,71.197,808.000,463.000,821.000,533.000,rgb_edges_inside_sam2_mask
34,1.375000,12,front_leg_candidate,-74.168,69.642,847.000,447.000,828.000,514.000,rgb_edges_inside_sam2_mask
34,1.375000,13,front_leg_candidate,-73.034,61.685,855.000,465.000,837.000,524.000,rgb_edges_inside_sam2_mask
34,1.375000,14,rear_leg_candidate,78.311,59.228,864.000,405.000,876.000,463.000,rgb_edges_inside_sam2_mask
34,1.375000,15,front_leg_candidate,-75.005,57.974,872.000,397.000,857.000,453.000,rgb_edges_inside_sam2_mask
34,1.375000,16,front_leg_candidate,-73.610,53.160,848.000,462.000,833.000,513.000,rgb_edges_inside_sam2_mask
34,1.375000,17,rear_leg_candidate,77.989,48.052,816.000,474.000,826.000,521.000,rgb_edges_inside_sam2_mask
34,1.375000,18,rear_leg_candidate,76.551,47.297,805.000,474.000,816.000,520.000,rgb_edges_inside_sam2_mask
34,1.375000,19,front_leg_candidate,-72.897,40.804,788.000,408.000,776.000,447.000,rgb_edges_inside_sam2_mask
34,1.375000,20,front_leg_candidate,-72.897,40.804,764.000,467.000,752.000,506.000,rgb_edges_inside_sam2_mask
34,1.375000,21,rear_leg_candidate,78.690,40.792,798.000,399.000,806.000,439.000,rgb_edges_inside_sam2_mask
34,1.375000,22,rear_leg_candidate,76.675,39.051,800.000,407.000,809.000,445.000,rgb_edges_inside_sam2_mask
34,1.375000,23,front_leg_candidate,-74.476,37.363,844.000,502.000,834.000,538.000,rgb_edges_inside_sam2_mask
34,1.375000,24,rear_leg_candidate,80.538,36.497,873.000,426.000,879.000,462.000,rgb_edges_inside_sam2_mask
35,1.416667,0,front_leg_candidate,-73.818,233.240,874.000,362.000,809.000,586.000,rgb_edges_inside_sam2_mask
35,1.416667,1,rear_leg_candidate,78.959,167.093,873.000,390.000,905.000,554.000,rgb_edges_inside_sam2_mask
35,1.416667,2,rear_leg_candidate,79.160,143.562,864.000,398.000,891.000,539.000,rgb_edges_inside_sam2_mask
35,1.416667,3,front_leg_candidate,-73.051,109.768,764.000,457.000,732.000,562.000,rgb_edges_inside_sam2_mask
35,1.416667,4,front_leg_candidate,-72.897,108.812,770.000,458.000,738.000,562.000,rgb_edges_inside_sam2_mask
35,1.416667,5,front_leg_candidate,-73.095,106.607,770.000,459.000,739.000,561.000,rgb_edges_inside_sam2_mask
35,1.416667,6,rear_leg_candidate,79.144,74.330,885.000,485.000,899.000,558.000,rgb_edges_inside_sam2_mask
35,1.416667,7,rear_leg_candidate,77.125,71.805,802.000,457.000,818.000,527.000,rgb_edges_inside_sam2_mask
35,1.416667,8,front_leg_candidate,-74.389,70.605,850.000,468.000,831.000,536.000,rgb_edges_inside_sam2_mask
35,1.416667,9,front_leg_candidate,-73.465,66.761,824.000,518.000,805.000,582.000,rgb_edges_inside_sam2_mask
35,1.416667,10,rear_leg_candidate,79.380,65.115,875.000,450.000,887.000,514.000,rgb_edges_inside_sam2_mask
35,1.416667,11,rear_leg_candidate,77.074,62.586,795.000,378.000,809.000,439.000,rgb_edges_inside_sam2_mask
35,1.416667,12,rear_leg_candidate,79.611,61.000,815.000,466.000,826.000,526.000,rgb_edges_inside_sam2_mask
35,1.416667,13,front_leg_candidate,-75.256,58.941,847.000,436.000,832.000,493.000,rgb_edges_inside_sam2_mask
35,1.416667,14,front_leg_candidate,-73.780,57.280,786.000,386.000,770.000,441.000,rgb_edges_inside_sam2_mask
35,1.416667,15,rear_leg_candidate,80.870,56.719,810.000,474.000,819.000,530.000,rgb_edges_inside_sam2_mask
35,1.416667,16,front_leg_candidate,-73.740,50.000,871.000,397.000,857.000,445.000,rgb_edges_inside_sam2_mask
35,1.416667,17,support_or_stretcher_candidate,67.109,48.847,829.000,432.000,848.000,477.000,rgb_edges_inside_sam2_mask
35,1.416667,18,support_or_stretcher_candidate,65.898,41.629,833.000,433.000,850.000,471.000,rgb_edges_inside_sam2_mask
35,1.416667,19,rear_leg_candidate,77.320,41.000,869.000,406.000,878.000,446.000,rgb_edges_inside_sam2_mask
35,1.416667,20,front_leg_candidate,-73.009,37.643,789.000,399.000,778.000,435.000,rgb_edges_inside_sam2_mask
35,1.416667,21,front_leg_candidate,-69.075,36.401,873.000,399.000,860.000,433.000,rgb_edges_inside_sam2_mask
36,1.458333,0,front_leg_candidate,-72.970,232.181,874.000,356.000,806.000,578.000,rgb_edges_inside_sam2_mask
36,1.458333,1,rear_leg_candidate,80.091,168.514,873.000,384.000,902.000,550.000,rgb_edges_inside_sam2_mask
36,1.458333,2,front_leg_candidate,-72.818,159.101,875.000,356.000,828.000,508.000,rgb_edges_inside_sam2_mask
36,1.458333,3,rear_leg_candidate,80.083,145.169,864.000,391.000,889.000,534.000,rgb_edges_inside_sam2_mask
36,1.458333,4,front_leg_candidate,-72.956,143.293,872.000,386.000,830.000,523.000,rgb_edges_inside_sam2_mask
36,1.458333,5,front_leg_candidate,-72.087,104.043,769.000,451.000,737.000,550.000,rgb_edges_inside_sam2_mask
36,1.458333,6,front_leg_candidate,-72.350,92.347,797.000,347.000,769.000,435.000,rgb_edges_inside_sam2_mask
36,1.458333,7,front_leg_candidate,-72.801,87.932,851.000,454.000,825.000,538.000,rgb_edges_inside_sam2_mask
36,1.458333,8,rear_leg_candidate,80.407,72.007,884.000,482.000,896.000,553.000,rgb_edges_inside_sam2_mask
36,1.458333,9,front_leg_candidate,-72.838,71.169,826.000,511.000,805.000,579.000,rgb_edges_inside_sam2_mask
36,1.458333,10,rear_leg_candidate,79.177,69.231,802.000,449.000,815.000,517.000,rgb_edges_inside_sam2_mask
36,1.458333,11,front_leg_candidate,-72.525,56.613,847.000,430.000,830.000,484.000,rgb_edges_inside_sam2_mask
36,1.458333,12,rear_leg_candidate,79.695,55.902,811.000,447.000,821.000,502.000,rgb_edges_inside_sam2_mask
36,1.458333,13,rear_leg_candidate,79.380,48.836,807.000,462.000,816.000,510.000,rgb_edges_inside_sam2_mask
36,1.458333,14,rear_leg_candidate,79.160,47.854,803.000,459.000,812.000,506.000,rgb_edges_inside_sam2_mask
36,1.458333,15,front_leg_candidate,-70.769,45.541,750.000,492.000,735.000,535.000,rgb_edges_inside_sam2_mask
36,1.458333,16,rear_leg_candidate,79.461,43.738,869.000,400.000,877.000,443.000,rgb_edges_inside_sam2_mask
36,1.458333,17,front_leg_candidate,-71.996,42.059,788.000,394.000,775.000,434.000,rgb_edges_inside_sam2_mask
36,1.458333,18,rear_leg_candidate,78.959,41.773,799.000,387.000,807.000,428.000,rgb_edges_inside_sam2_mask
36,1.458333,19,front_leg_candidate,-69.775,40.497,765.000,448.000,751.000,486.000,rgb_edges_inside_sam2_mask
36,1.458333,20,rear_leg_candidate,-79.824,39.623,878.000,364.000,871.000,403.000,rgb_edges_inside_sam2_mask
36,1.458333,21,rear_leg_candidate,80.789,37.483,799.000,388.000,805.000,425.000,rgb_edges_inside_sam2_mask
37,1.500000,0,rear_leg_candidate,81.174,162.929,873.000,378.000,898.000,539.000,rgb_edges_inside_sam2_mask
37,1.500000,1,front_leg_candidate,-71.811,147.363,864.000,382.000,818.000,522.000,rgb_edges_inside_sam2_mask
37,1.500000,2,rear_leg_candidate,81.254,118.377,866.000,398.000,884.000,515.000,rgb_edges_inside_sam2_mask
37,1.500000,3,front_leg_candidate,-70.907,110.055,768.000,442.000,732.000,546.000,rgb_edges_inside_sam2_mask
37,1.500000,4,front_leg_candidate,-70.241,109.444,763.000,441.000,726.000,544.000,rgb_edges_inside_sam2_mask
37,1.500000,5,front_leg_candidate,-71.748,98.980,795.000,334.000,764.000,428.000,rgb_edges_inside_sam2_mask
37,1.500000,6,front_leg_candidate,-70.994,95.189,799.000,337.000,768.000,427.000,rgb_edges_inside_sam2_mask
37,1.500000,7,front_leg_candidate,-70.594,93.301,809.000,330.000,778.000,418.000,rgb_edges_inside_sam2_mask
37,1.500000,8,front_leg_candidate,-71.358,87.596,804.000,339.000,776.000,422.000,rgb_edges_inside_sam2_mask
37,1.500000,9,rear_leg_candidate,80.754,87.132,792.000,341.000,806.000,427.000,rgb_edges_inside_sam2_mask
37,1.500000,10,rear_leg_candidate,81.870,84.853,881.000,465.000,893.000,549.000,rgb_edges_inside_sam2_mask
37,1.500000,11,rear_leg_candidate,81.098,84.012,876.000,393.000,889.000,476.000,rgb_edges_inside_sam2_mask
37,1.500000,12,rear_leg_candidate,82.360,82.735,881.000,467.000,892.000,549.000,rgb_edges_inside_sam2_mask
37,1.500000,13,front_leg_candidate,-71.565,79.057,850.000,446.000,825.000,521.000,rgb_edges_inside_sam2_mask
37,1.500000,14,rear_leg_candidate,79.426,76.295,799.000,441.000,813.000,516.000,rgb_edges_inside_sam2_mask
37,1.500000,15,rear_leg_candidate,80.407,72.007,809.000,440.000,821.000,511.000,rgb_edges_inside_sam2_mask
37,1.500000,16,rear_leg_candidate,80.407,72.007,805.000,453.000,817.000,524.000,rgb_edges_inside_sam2_mask
37,1.500000,17,front_leg_candidate,-71.565,69.570,877.000,367.000,855.000,433.000,rgb_edges_inside_sam2_mask
37,1.500000,18,rear_leg_candidate,80.248,64.938,786.000,362.000,797.000,426.000,rgb_edges_inside_sam2_mask
37,1.500000,19,front_leg_candidate,-70.615,57.245,846.000,426.000,827.000,480.000,rgb_edges_inside_sam2_mask
37,1.500000,20,front_leg_candidate,-71.565,56.921,819.000,516.000,801.000,570.000,rgb_edges_inside_sam2_mask
37,1.500000,21,rear_leg_candidate,81.724,55.579,879.000,484.000,887.000,539.000,rgb_edges_inside_sam2_mask
37,1.500000,22,rear_leg_candidate,79.509,54.918,805.000,476.000,815.000,530.000,rgb_edges_inside_sam2_mask
37,1.500000,23,rear_leg_candidate,77.593,51.196,788.000,370.000,799.000,420.000,rgb_edges_inside_sam2_mask
37,1.500000,24,rear_leg_candidate,81.529,47.518,891.000,496.000,898.000,543.000,rgb_edges_inside_sam2_mask
37,1.500000,25,front_leg_candidate,-65.136,45.188,881.000,368.000,862.000,409.000,rgb_edges_inside_sam2_mask
37,1.500000,26,rear_leg_candidate,80.961,44.553,869.000,394.000,876.000,438.000,rgb_edges_inside_sam2_mask
37,1.500000,27,front_leg_candidate,-73.009,37.643,868.000,370.000,857.000,406.000,rgb_edges_inside_sam2_mask
38,1.541667,0,front_leg_candidate,-69.848,232.215,876.000,344.000,796.000,562.000,rgb_edges_inside_sam2_mask
38,1.541667,1,front_leg_candidate,-70.246,192.317,878.000,357.000,813.000,538.000,rgb_edges_inside_sam2_mask
38,1.541667,2,rear_leg_candidate,83.012,156.160,875.000,384.000,894.000,539.000,rgb_edges_inside_sam2_mask
38,1.541667,3,rear_leg_candidate,82.972,147.105,866.000,393.000,884.000,539.000,rgb_edges_inside_sam2_mask
38,1.541667,4,front_leg_candidate,-69.075,109.202,766.000,437.000,727.000,539.000,rgb_edges_inside_sam2_mask
38,1.541667,5,front_leg_candidate,-69.969,102.181,798.000,324.000,763.000,420.000,rgb_edges_inside_sam2_mask
38,1.541667,6,front_leg_candidate,-69.656,94.921,796.000,327.000,763.000,416.000,rgb_edges_inside_sam2_mask
38,1.541667,7,front_leg_candidate,-70.017,93.638,798.000,332.000,766.000,420.000,rgb_edges_inside_sam2_mask
38,1.541667,8,front_leg_candidate,-70.388,92.358,799.000,332.000,768.000,419.000,rgb_edges_inside_sam2_mask
38,1.541667,9,rear_leg_candidate,83.418,78.518,879.000,464.000,888.000,542.000,rgb_edges_inside_sam2_mask
38,1.541667,10,rear_leg_candidate,83.418,78.518,885.000,457.000,894.000,535.000,rgb_edges_inside_sam2_mask
38,1.541667,11,rear_leg_candidate,81.142,77.929,797.000,433.000,809.000,510.000,rgb_edges_inside_sam2_mask
38,1.541667,12,rear_leg_candidate,83.991,76.420,879.000,465.000,887.000,541.000,rgb_edges_inside_sam2_mask
38,1.541667,13,rear_leg_candidate,83.290,68.469,875.000,469.000,883.000,537.000,rgb_edges_inside_sam2_mask
38,1.541667,14,front_leg_candidate,-69.146,67.417,764.000,441.000,740.000,504.000,rgb_edges_inside_sam2_mask
38,1.541667,15,front_leg_candidate,-70.346,59.464,760.000,434.000,740.000,490.000,rgb_edges_inside_sam2_mask
38,1.541667,16,front_leg_candidate,-70.201,53.141,842.000,422.000,824.000,472.000,rgb_edges_inside_sam2_mask
38,1.541667,17,rear_leg_candidate,81.254,52.612,807.000,432.000,815.000,484.000,rgb_edges_inside_sam2_mask
38,1.541667,18,rear_leg_candidate,83.660,45.277,869.000,388.000,874.000,433.000,rgb_edges_inside_sam2_mask
38,1.541667,19,rear_leg_candidate,82.057,43.417,798.000,372.000,804.000,415.000,rgb_edges_inside_sam2_mask
38,1.541667,20,front_leg_candidate,-68.962,41.785,839.000,434.000,824.000,473.000,rgb_edges_inside_sam2_mask
38,1.541667,21,rear_leg_candidate,83.047,41.304,806.000,470.000,811.000,511.000,rgb_edges_inside_sam2_mask
38,1.541667,22,front_leg_candidate,-69.075,36.401,788.000,380.000,775.000,414.000,rgb_edges_inside_sam2_mask
39,1.583333,0,front_leg_candidate,-68.055,222.092,800.000,323.000,717.000,529.000,rgb_edges_inside_sam2_mask
39,1.583333,1,rear_leg_candidate,83.972,161.895,874.000,378.000,891.000,539.000,rgb_edges_inside_sam2_mask
39,1.583333,2,rear_leg_candidate,83.991,152.840,865.000,387.000,881.000,539.000,rgb_edges_inside_sam2_mask
39,1.583333,3,front_leg_candidate,-68.728,140.577,877.000,336.000,826.000,467.000,rgb_edges_inside_sam2_mask
39,1.583333,4,rear_leg_candidate,84.063,125.674,867.000,408.000,880.000,533.000,rgb_edges_inside_sam2_mask
39,1.583333,5,front_leg_candidate,-68.895,122.197,867.000,360.000,823.000,474.000,rgb_edges_inside_sam2_mask
39,1.583333,6,front_leg_candidate,-68.671,112.721,846.000,434.000,805.000,539.000,rgb_edges_inside_sam2_mask
39,1.583333,7,front_leg_candidate,-68.102,109.932,765.000,425.000,724.000,527.000,rgb_edges_inside_sam2_mask
39,1.583333,8,rear_leg_candidate,83.660,90.554,804.000,407.000,814.000,497.000,rgb_edges_inside_sam2_mask
39,1.583333,9,front_leg_candidate,-68.629,74.095,818.000,485.000,791.000,554.000,rgb_edges_inside_sam2_mask
39,1.583333,10,front_leg_candidate,-69.075,72.801,831.000,470.000,805.000,538.000,rgb_edges_inside_sam2_mask
39,1.583333,11,rear_leg_candidate,83.191,67.476,799.000,447.000,807.000,514.000,rgb_edges_inside_sam2_mask
39,1.583333,12,front_leg_candidate,-69.146,67.417,864.000,387.000,840.000,450.000,rgb_edges_inside_sam2_mask
39,1.583333,13,rear_leg_candidate,83.558,62.394,802.000,448.000,809.000,510.000,rgb_edges_inside_sam2_mask
39,1.583333,14,front_leg_candidate,-68.369,62.394,788.000,355.000,765.000,413.000,rgb_edges_inside_sam2_mask
39,1.583333,15,front_leg_candidate,-68.025,61.465,740.000,471.000,717.000,528.000,rgb_edges_inside_sam2_mask
39,1.583333,16,rear_leg_candidate,84.193,59.304,798.000,365.000,804.000,424.000,rgb_edges_inside_sam2_mask
39,1.583333,17,front_leg_candidate,-68.009,56.080,874.000,332.000,853.000,384.000,rgb_edges_inside_sam2_mask
39,1.583333,18,front_leg_candidate,-67.989,50.695,841.000,416.000,822.000,463.000,rgb_edges_inside_sam2_mask
39,1.583333,19,front_leg_candidate,-67.751,47.539,765.000,428.000,747.000,472.000,rgb_edges_inside_sam2_mask
39,1.583333,20,front_leg_candidate,-68.962,41.785,867.000,347.000,852.000,386.000,rgb_edges_inside_sam2_mask
39,1.583333,21,front_leg_candidate,-69.624,37.336,787.000,373.000,774.000,408.000,rgb_edges_inside_sam2_mask
40,1.625000,0,front_leg_candidate,-66.759,177.395,801.000,316.000,731.000,479.000,rgb_edges_inside_sam2_mask
40,1.625000,1,front_leg_candidate,-67.021,171.619,864.000,380.000,797.000,538.000,rgb_edges_inside_sam2_mask
40,1.625000,2,front_leg_candidate,-66.003,169.664,787.000,365.000,718.000,520.000,rgb_edges_inside_sam2_mask
40,1.625000,3,rear_leg_candidate,85.967,156.387,875.000,383.000,886.000,539.000,rgb_edges_inside_sam2_mask
40,1.625000,4,rear_leg_candidate,86.100,132.306,865.000,385.000,874.000,517.000,rgb_edges_inside_sam2_mask
40,1.625000,5,front_leg_candidate,-66.975,130.388,764.000,400.000,713.000,520.000,rgb_edges_inside_sam2_mask
40,1.625000,6,front_leg_candidate,-66.801,106.621,877.000,332.000,835.000,430.000,rgb_edges_inside_sam2_mask
40,1.625000,7,rear_leg_candidate,83.737,82.492,794.000,424.000,803.000,506.000,rgb_edges_inside_sam2_mask
40,1.625000,8,front_leg_candidate,-68.749,57.940,829.000,441.000,808.000,495.000,rgb_edges_inside_sam2_mask
40,1.625000,9,rear_leg_candidate,81.529,47.518,796.000,426.000,803.000,473.000,rgb_edges_inside_sam2_mask
40,1.625000,10,rear_leg_candidate,86.186,45.100,876.000,403.000,879.000,448.000,rgb_edges_inside_sam2_mask
40,1.625000,11,rear_leg_candidate,84.806,44.181,804.000,426.000,808.000,470.000,rgb_edges_inside_sam2_mask
40,1.625000,12,rear_leg_candidate,82.057,43.417,797.000,429.000,803.000,472.000,rgb_edges_inside_sam2_mask
40,1.625000,13,front_leg_candidate,-68.962,41.785,803.000,504.000,788.000,543.000,rgb_edges_inside_sam2_mask
40,1.625000,14,front_leg_candidate,-68.749,38.626,811.000,485.000,797.000,521.000,rgb_edges_inside_sam2_mask
40,1.625000,15,front_leg_candidate,-68.199,37.696,800.000,511.000,786.000,546.000,rgb_edges_inside_sam2_mask
40,1.625000,16,rear_leg_candidate,-82.093,36.346,793.000,388.000,788.000,424.000,rgb_edges_inside_sam2_mask
41,1.666667,0,front_leg_candidate,-64.998,229.506,806.000,300.000,709.000,508.000,rgb_edges_inside_sam2_mask
41,1.666667,1,front_leg_candidate,-64.892,228.600,812.000,303.000,715.000,510.000,rgb_edges_inside_sam2_mask
41,1.666667,2,front_leg_candidate,-65.973,181.747,862.000,373.000,788.000,539.000,rgb_edges_inside_sam2_mask
41,1.666667,3,front_leg_candidate,-64.962,167.765,785.000,359.000,714.000,511.000,rgb_edges_inside_sam2_mask
41,1.666667,4,front_leg_candidate,-65.152,164.201,778.000,361.000,709.000,510.000,rgb_edges_inside_sam2_mask
41,1.666667,5,rear_leg_candidate,86.800,161.251,872.000,365.000,881.000,526.000,rgb_edges_inside_sam2_mask
41,1.666667,6,front_leg_candidate,-66.272,99.403,821.000,448.000,781.000,539.000,rgb_edges_inside_sam2_mask
41,1.666667,7,rear_leg_candidate,86.987,95.131,866.000,430.000,871.000,525.000,rgb_edges_inside_sam2_mask
41,1.666667,8,rear_leg_candidate,85.030,92.347,788.000,378.000,796.000,470.000,rgb_edges_inside_sam2_mask
41,1.666667,9,rear_leg_candidate,85.236,60.208,791.000,408.000,796.000,468.000,rgb_edges_inside_sam2_mask
41,1.666667,10,front_leg_candidate,-66.930,58.694,874.000,328.000,851.000,382.000,rgb_edges_inside_sam2_mask
41,1.666667,11,rear_leg_candidate,88.977,56.009,864.000,373.000,865.000,429.000,rgb_edges_inside_sam2_mask
41,1.666667,12,rear_leg_candidate,85.515,51.157,795.000,419.000,799.000,470.000,rgb_edges_inside_sam2_mask
41,1.666667,13,rear_leg_candidate,85.426,50.160,801.000,417.000,805.000,467.000,rgb_edges_inside_sam2_mask
41,1.666667,14,front_leg_candidate,-66.038,49.244,860.000,360.000,840.000,405.000,rgb_edges_inside_sam2_mask
41,1.666667,15,rear_leg_candidate,87.274,42.048,877.000,439.000,879.000,481.000,rgb_edges_inside_sam2_mask
41,1.666667,16,front_leg_candidate,-64.722,39.812,789.000,326.000,772.000,362.000,rgb_edges_inside_sam2_mask
41,1.666667,17,front_leg_candidate,-66.038,39.395,797.000,501.000,781.000,537.000,rgb_edges_inside_sam2_mask
41,1.666667,18,front_leg_candidate,-66.801,38.079,861.000,358.000,846.000,393.000,rgb_edges_inside_sam2_mask
41,1.666667,19,front_leg_candidate,-77.471,36.878,877.000,325.000,869.000,361.000,rgb_edges_inside_sam2_mask
42,1.708333,0,front_leg_candidate,-63.905,218.248,801.000,304.000,705.000,500.000,rgb_edges_inside_sam2_mask
42,1.708333,1,front_leg_candidate,-63.039,194.095,811.000,301.000,723.000,474.000,rgb_edges_inside_sam2_mask
42,1.708333,2,rear_leg_candidate,87.821,184.133,870.000,332.000,877.000,516.000,rgb_edges_inside_sam2_mask
42,1.708333,3,front_leg_candidate,-64.156,142.225,839.000,399.000,777.000,527.000,rgb_edges_inside_sam2_mask
42,1.708333,4,rear_leg_candidate,88.264,132.061,862.000,379.000,866.000,511.000,rgb_edges_inside_sam2_mask
42,1.708333,5,front_leg_candidate,-64.822,129.283,839.000,412.000,784.000,529.000,rgb_edges_inside_sam2_mask
42,1.708333,6,front_leg_candidate,-62.969,110.018,759.000,405.000,709.000,503.000,rgb_edges_inside_sam2_mask
42,1.708333,7,front_leg_candidate,-64.486,97.509,840.000,412.000,798.000,500.000,rgb_edges_inside_sam2_mask
42,1.708333,8,front_leg_candidate,-65.136,90.377,874.000,322.000,836.000,404.000,rgb_edges_inside_sam2_mask
42,1.708333,9,rear_leg_candidate,86.864,73.110,789.000,407.000,793.000,480.000,rgb_edges_inside_sam2_mask
42,1.708333,10,front_leg_candidate,-63.812,67.978,794.000,319.000,764.000,380.000,rgb_edges_inside_sam2_mask
42,1.708333,11,rear_leg_candidate,85.533,64.195,792.000,410.000,797.000,474.000,rgb_edges_inside_sam2_mask
42,1.708333,12,front_leg_candidate,-75.735,60.877,877.000,318.000,862.000,377.000,rgb_edges_inside_sam2_mask
42,1.708333,13,front_leg_candidate,-62.850,43.829,836.000,396.000,816.000,435.000,rgb_edges_inside_sam2_mask
42,1.708333,14,rear_leg_candidate,87.274,42.048,799.000,408.000,801.000,450.000,rgb_edges_inside_sam2_mask
42,1.708333,15,front_leg_candidate,-64.058,41.146,796.000,489.000,778.000,526.000,rgb_edges_inside_sam2_mask
42,1.708333,16,front_leg_candidate,-59.036,40.817,877.000,341.000,856.000,376.000,rgb_edges_inside_sam2_mask
43,1.750000,0,front_leg_candidate,-63.202,219.584,800.000,297.000,701.000,493.000,rgb_edges_inside_sam2_mask
43,1.750000,1,front_leg_candidate,-63.118,161.447,853.000,375.000,780.000,519.000,rgb_edges_inside_sam2_mask
43,1.750000,2,front_leg_candidate,-62.987,114.490,806.000,288.000,754.000,390.000,rgb_edges_inside_sam2_mask
43,1.750000,3,front_leg_candidate,-64.134,110.023,857.000,339.000,809.000,438.000,rgb_edges_inside_sam2_mask
43,1.750000,4,front_leg_candidate,-62.266,109.590,757.000,397.000,706.000,494.000,rgb_edges_inside_sam2_mask
43,1.750000,5,front_leg_candidate,-64.250,94.372,875.000,312.000,834.000,397.000,rgb_edges_inside_sam2_mask
43,1.750000,6,front_leg_candidate,-63.146,88.549,813.000,440.000,773.000,519.000,rgb_edges_inside_sam2_mask
43,1.750000,7,front_leg_candidate,-63.083,72.897,834.000,412.000,801.000,477.000,rgb_edges_inside_sam2_mask
43,1.750000,8,front_leg_candidate,-61.876,65.765,799.000,317.000,768.000,375.000,rgb_edges_inside_sam2_mask
43,1.750000,9,rear_leg_candidate,86.248,61.131,793.000,326.000,797.000,387.000,rgb_edges_inside_sam2_mask
43,1.750000,10,front_leg_candidate,-61.314,60.415,779.000,356.000,750.000,409.000,rgb_edges_inside_sam2_mask
43,1.750000,11,front_leg_candidate,-63.925,52.326,862.000,330.000,839.000,377.000,rgb_edges_inside_sam2_mask
43,1.750000,12,rear_leg_candidate,87.754,51.039,790.000,402.000,792.000,453.000,rgb_edges_inside_sam2_mask
43,1.750000,13,front_leg_candidate,-62.928,50.537,802.000,460.000,779.000,505.000,rgb_edges_inside_sam2_mask
43,1.750000,14,front_leg_candidate,-63.435,42.485,720.000,453.000,701.000,491.000,rgb_edges_inside_sam2_mask
43,1.750000,15,rear_leg_candidate,86.987,38.053,784.000,342.000,786.000,380.000,rgb_edges_inside_sam2_mask
43,1.750000,16,rear_leg_candidate,88.493,38.013,797.000,401.000,798.000,439.000,rgb_edges_inside_sam2_mask
44,1.791667,0,front_leg_candidate,-62.021,217.412,800.000,290.000,698.000,482.000,rgb_edges_inside_sam2_mask
44,1.791667,1,front_leg_candidate,-63.020,123.434,873.000,309.000,817.000,419.000,rgb_edges_inside_sam2_mask
44,1.791667,2,front_leg_candidate,-62.784,118.072,863.000,320.000,809.000,425.000,rgb_edges_inside_sam2_mask
44,1.791667,3,front_leg_candidate,-61.666,115.884,758.000,383.000,703.000,485.000,rgb_edges_inside_sam2_mask
44,1.791667,4,front_leg_candidate,-61.771,107.824,804.000,286.000,753.000,381.000,rgb_edges_inside_sam2_mask
44,1.791667,5,front_leg_candidate,-63.104,77.369,877.000,317.000,842.000,386.000,rgb_edges_inside_sam2_mask
44,1.791667,6,front_leg_candidate,-64.134,73.348,801.000,447.000,769.000,513.000,rgb_edges_inside_sam2_mask
44,1.791667,7,front_leg_candidate,-62.354,71.120,875.000,324.000,842.000,387.000,rgb_edges_inside_sam2_mask
44,1.791667,8,front_leg_candidate,-63.435,69.318,823.000,421.000,792.000,483.000,rgb_edges_inside_sam2_mask
44,1.791667,9,front_leg_candidate,-63.435,69.318,835.000,398.000,804.000,460.000,rgb_edges_inside_sam2_mask
44,1.791667,10,support_or_stretcher_candidate,20.659,65.192,717.000,451.000,778.000,474.000,rgb_edges_inside_sam2_mask
44,1.791667,11,front_leg_candidate,-63.020,61.717,837.000,369.000,809.000,424.000,rgb_edges_inside_sam2_mask
44,1.791667,12,front_leg_candidate,-63.435,58.138,823.000,405.000,797.000,457.000,rgb_edges_inside_sam2_mask
44,1.791667,13,support_or_stretcher_candidate,21.194,52.555,746.000,461.000,795.000,480.000,rgb_edges_inside_sam2_mask
44,1.791667,14,front_leg_candidate,-62.904,48.301,854.000,346.000,832.000,389.000,rgb_edges_inside_sam2_mask
44,1.791667,15,front_leg_candidate,-63.997,45.618,789.000,470.000,769.000,511.000,rgb_edges_inside_sam2_mask
44,1.791667,16,front_leg_candidate,-61.607,42.059,725.000,446.000,705.000,483.000,rgb_edges_inside_sam2_mask
44,1.791667,17,rear_leg_candidate,88.636,42.012,794.000,333.000,795.000,375.000,rgb_edges_inside_sam2_mask
44,1.791667,18,front_leg_candidate,-62.176,40.706,783.000,338.000,764.000,374.000,rgb_edges_inside_sam2_mask
44,1.791667,19,front_leg_candidate,-63.435,38.013,873.000,311.000,856.000,345.000,rgb_edges_inside_sam2_mask
45,1.833333,0,front_leg_candidate,-61.986,229.941,873.000,302.000,765.000,505.000,rgb_edges_inside_sam2_mask
45,1.833333,1,front_leg_candidate,-60.996,220.676,801.000,283.000,694.000,476.000,rgb_edges_inside_sam2_mask
45,1.833333,2,front_leg_candidate,-61.011,169.198,782.000,330.000,700.000,478.000,rgb_edges_inside_sam2_mask
45,1.833333,3,front_leg_candidate,-62.042,147.177,871.000,297.000,802.000,427.000,rgb_edges_inside_sam2_mask
45,1.833333,4,front_leg_candidate,-61.113,132.484,799.000,300.000,735.000,416.000,rgb_edges_inside_sam2_mask
45,1.833333,5,front_leg_candidate,-61.032,128.016,761.000,366.000,699.000,478.000,rgb_edges_inside_sam2_mask
45,1.833333,6,front_leg_candidate,-61.793,124.824,833.000,392.000,774.000,502.000,rgb_edges_inside_sam2_mask
45,1.833333,7,rear_leg_candidate,-88.929,107.019,867.000,397.000,865.000,504.000,rgb_edges_inside_sam2_mask
45,1.833333,8,rear_leg_candidate,-88.191,95.047,858.000,375.000,855.000,470.000,rgb_edges_inside_sam2_mask
45,1.833333,9,front_leg_candidate,-63.034,63.953,876.000,311.000,847.000,368.000,rgb_edges_inside_sam2_mask
45,1.833333,10,front_leg_candidate,-61.763,61.294,871.000,308.000,842.000,362.000,rgb_edges_inside_sam2_mask
45,1.833333,11,rear_leg_candidate,-88.995,57.009,860.000,448.000,859.000,505.000,rgb_edges_inside_sam2_mask
45,1.833333,12,front_leg_candidate,-71.565,50.596,874.000,306.000,858.000,354.000,rgb_edges_inside_sam2_mask
45,1.833333,13,rear_leg_candidate,88.854,50.010,784.000,416.000,785.000,466.000,rgb_edges_inside_sam2_mask
45,1.833333,14,front_leg_candidate,-62.354,47.413,802.000,434.000,780.000,476.000,rgb_edges_inside_sam2_mask
45,1.833333,15,front_leg_candidate,-62.879,46.065,876.000,312.000,855.000,353.000,rgb_edges_inside_sam2_mask
46,1.875000,0,front_leg_candidate,-60.133,232.938,808.000,265.000,692.000,467.000,rgb_edges_inside_sam2_mask
46,1.875000,1,front_leg_candidate,-60.068,228.473,811.000,273.000,697.000,471.000,rgb_edges_inside_sam2_mask
46,1.875000,2,front_leg_candidate,-61.068,227.379,872.000,298.000,762.000,497.000,rgb_edges_inside_sam2_mask
46,1.875000,3,front_leg_candidate,-60.975,187.555,852.000,333.000,761.000,497.000,rgb_edges_inside_sam2_mask
46,1.875000,4,front_leg_candidate,-60.990,125.782,875.000,294.000,814.000,404.000,rgb_edges_inside_sam2_mask
46,1.875000,5,rear_leg_candidate,-88.008,115.070,866.000,382.000,862.000,497.000,rgb_edges_inside_sam2_mask
46,1.875000,6,front_leg_candidate,-59.959,95.880,823.000,378.000,775.000,461.000,rgb_edges_inside_sam2_mask
46,1.875000,7,front_leg_candidate,-60.180,94.515,839.000,375.000,792.000,457.000,rgb_edges_inside_sam2_mask
46,1.875000,8,front_leg_candidate,-59.797,77.524,755.000,369.000,716.000,436.000,rgb_edges_inside_sam2_mask
46,1.875000,9,front_leg_candidate,-59.967,73.926,755.000,371.000,718.000,435.000,rgb_edges_inside_sam2_mask
46,1.875000,10,front_leg_candidate,-61.327,72.945,875.000,307.000,840.000,371.000,rgb_edges_inside_sam2_mask
46,1.875000,11,front_leg_candidate,-60.461,68.964,873.000,313.000,839.000,373.000,rgb_edges_inside_sam2_mask
46,1.875000,12,front_leg_candidate,-60.046,68.096,790.000,288.000,756.000,347.000,rgb_edges_inside_sam2_mask
46,1.875000,13,front_leg_candidate,-59.621,67.231,791.000,288.000,757.000,346.000,rgb_edges_inside_sam2_mask
46,1.875000,14,support_or_stretcher_candidate,20.323,57.585,712.000,436.000,766.000,456.000,rgb_edges_inside_sam2_mask
46,1.875000,15,front_leg_candidate,-60.255,56.436,825.000,376.000,797.000,425.000,rgb_edges_inside_sam2_mask
46,1.875000,16,front_leg_candidate,-59.744,55.570,830.000,389.000,802.000,437.000,rgb_edges_inside_sam2_mask
46,1.875000,17,front_leg_candidate,-59.589,53.339,718.000,423.000,691.000,469.000,rgb_edges_inside_sam2_mask
46,1.875000,18,front_leg_candidate,-60.832,49.244,862.000,308.000,838.000,351.000,rgb_edges_inside_sam2_mask
46,1.875000,19,front_leg_candidate,-58.627,48.021,792.000,458.000,767.000,499.000,rgb_edges_inside_sam2_mask
46,1.875000,20,rear_leg_candidate,-88.755,46.011,856.000,370.000,855.000,416.000,rgb_edges_inside_sam2_mask
46,1.875000,21,rear_leg_candidate,-87.274,42.048,792.000,318.000,790.000,360.000,rgb_edges_inside_sam2_mask
47,1.916667,0,front_leg_candidate,-60.043,234.303,875.000,288.000,758.000,491.000,rgb_edges_inside_sam2_mask
47,1.916667,1,front_leg_candidate,-59.977,229.839,874.000,289.000,759.000,488.000,rgb_edges_inside_sam2_mask
47,1.916667,2,front_leg_candidate,-59.962,169.806,780.000,317.000,695.000,464.000,rgb_edges_inside_sam2_mask
47,1.916667,3,front_leg_candidate,-60.033,128.129,758.000,353.000,694.000,464.000,rgb_edges_inside_sam2_mask
47,1.916667,4,front_leg_candidate,-59.954,117.835,860.000,305.000,801.000,407.000,rgb_edges_inside_sam2_mask
47,1.916667,5,front_leg_candidate,-59.668,108.908,811.000,267.000,756.000,361.000,rgb_edges_inside_sam2_mask
47,1.916667,6,front_leg_candidate,-60.054,106.174,807.000,260.000,754.000,352.000,rgb_edges_inside_sam2_mask
47,1.916667,7,front_leg_candidate,-59.226,103.586,742.000,371.000,689.000,460.000,rgb_edges_inside_sam2_mask
47,1.916667,8,rear_leg_candidate,-88.152,93.048,853.000,399.000,850.000,492.000,rgb_edges_inside_sam2_mask
47,1.916667,9,front_leg_candidate,-60.422,85.088,830.000,380.000,788.000,454.000,rgb_edges_inside_sam2_mask
47,1.916667,10,front_leg_candidate,-59.995,81.988,842.000,337.000,801.000,408.000,rgb_edges_inside_sam2_mask
47,1.916667,11,front_leg_candidate,-60.461,68.964,875.000,300.000,841.000,360.000,rgb_edges_inside_sam2_mask
47,1.916667,12,support_or_stretcher_candidate,21.975,61.465,713.000,437.000,770.000,460.000,rgb_edges_inside_sam2_mask
47,1.916667,13,rear_leg_candidate,-87.990,57.035,863.000,407.000,861.000,464.000,rgb_edges_inside_sam2_mask
47,1.916667,14,front_leg_candidate,-59.589,53.339,829.000,381.000,802.000,427.000,rgb_edges_inside_sam2_mask
47,1.916667,15,rear_leg_candidate,-88.919,53.009,856.000,416.000,855.000,469.000,rgb_edges_inside_sam2_mask
47,1.916667,16,rear_leg_candidate,-85.426,50.160,857.000,333.000,853.000,383.000,rgb_edges_inside_sam2_mask
47,1.916667,17,front_leg_candidate,-61.074,43.417,859.000,329.000,838.000,367.000,rgb_edges_inside_sam2_mask
47,1.916667,18,front_leg_candidate,-55.561,42.438,788.000,457.000,764.000,492.000,rgb_edges_inside_sam2_mask
47,1.916667,19,rear_leg_candidate,-88.636,42.012,867.000,304.000,866.000,346.000,rgb_edges_inside_sam2_mask
47,1.916667,20,rear_leg_candidate,-88.531,39.013,789.000,391.000,788.000,430.000,rgb_edges_inside_sam2_mask
48,1.958333,0,front_leg_candidate,-58.180,229.491,811.000,257.000,690.000,452.000,rgb_edges_inside_sam2_mask
48,1.958333,1,front_leg_candidate,-58.196,210.623,804.000,256.000,693.000,435.000,rgb_edges_inside_sam2_mask
48,1.958333,2,rear_leg_candidate,-86.396,127.252,864.000,337.000,856.000,464.000,rgb_edges_inside_sam2_mask
48,1.958333,3,rear_leg_candidate,-86.820,126.194,854.000,327.000,847.000,453.000,rgb_edges_inside_sam2_mask
48,1.958333,4,front_leg_candidate,-60.068,114.237,811.000,380.000,754.000,479.000,rgb_edges_inside_sam2_mask
48,1.958333,5,front_leg_candidate,-59.133,101.356,873.000,280.000,821.000,367.000,rgb_edges_inside_sam2_mask
48,1.958333,6,front_leg_candidate,-58.799,83.006,828.000,369.000,785.000,440.000,rgb_edges_inside_sam2_mask
48,1.958333,7,front_leg_candidate,-58.241,74.095,792.000,274.000,753.000,337.000,rgb_edges_inside_sam2_mask
48,1.958333,8,front_leg_candidate,-58.339,70.491,777.000,310.000,740.000,370.000,rgb_edges_inside_sam2_mask
48,1.958333,9,support_or_stretcher_candidate,22.557,70.385,702.000,422.000,767.000,449.000,rgb_edges_inside_sam2_mask
48,1.958333,10,support_or_stretcher_candidate,21.801,70.007,705.000,417.000,770.000,443.000,rgb_edges_inside_sam2_mask
48,1.958333,11,rear_leg_candidate,-86.682,69.116,788.000,360.000,784.000,429.000,rgb_edges_inside_sam2_mask
48,1.958333,12,rear_leg_candidate,-88.091,60.033,777.000,384.000,775.000,444.000,rgb_edges_inside_sam2_mask
48,1.958333,13,support_or_stretcher_candidate,22.694,59.615,732.000,339.000,787.000,362.000,rgb_edges_inside_sam2_mask
48,1.958333,14,front_leg_candidate,-60.852,59.540,751.000,337.000,722.000,389.000,rgb_edges_inside_sam2_mask
48,1.958333,15,rear_leg_candidate,-86.055,58.138,859.000,424.000,855.000,482.000,rgb_edges_inside_sam2_mask
48,1.958333,16,front_leg_candidate,-58.861,56.080,824.000,374.000,795.000,422.000,rgb_edges_inside_sam2_mask
48,1.958333,17,front_leg_candidate,-57.771,54.378,719.000,394.000,690.000,440.000,rgb_edges_inside_sam2_mask
48,1.958333,18,front_leg_candidate,-64.983,49.659,821.000,357.000,800.000,402.000,rgb_edges_inside_sam2_mask
48,1.958333,19,rear_leg_candidate,-85.236,48.166,867.000,270.000,863.000,318.000,rgb_edges_inside_sam2_mask
48,1.958333,20,front_leg_candidate,-58.570,42.190,707.000,414.000,685.000,450.000,rgb_edges_inside_sam2_mask
48,1.958333,21,rear_leg_candidate,88.603,41.012,778.000,296.000,779.000,337.000,rgb_edges_inside_sam2_mask
48,1.958333,22,rear_leg_candidate,-88.568,40.012,847.000,442.000,846.000,482.000,rgb_edges_inside_sam2_mask
48,1.958333,23,support_or_stretcher_candidate,22.068,39.925,730.000,426.000,767.000,441.000,rgb_edges_inside_sam2_mask
49,2.000000,0,front_leg_candidate,-58.994,231.009,871.000,276.000,752.000,474.000,rgb_edges_inside_sam2_mask
49,2.000000,1,front_leg_candidate,-58.048,228.642,810.000,253.000,689.000,447.000,rgb_edges_inside_sam2_mask
49,2.000000,2,front_leg_candidate,-58.050,219.208,799.000,258.000,683.000,444.000,rgb_edges_inside_sam2_mask
49,2.000000,3,front_leg_candidate,-58.899,214.888,862.000,290.000,751.000,474.000,rgb_edges_inside_sam2_mask
49,2.000000,4,front_leg_candidate,-58.087,196.736,809.000,253.000,705.000,420.000,rgb_edges_inside_sam2_mask
49,2.000000,5,rear_leg_candidate,-87.783,155.116,780.000,281.000,774.000,436.000,rgb_edges_inside_sam2_mask
49,2.000000,6,rear_leg_candidate,-86.186,150.333,863.000,329.000,853.000,479.000,rgb_edges_inside_sam2_mask
49,2.000000,7,front_leg_candidate,-59.036,128.281,859.000,287.000,793.000,397.000,rgb_edges_inside_sam2_mask
49,2.000000,8,rear_leg_candidate,-86.396,127.252,852.000,332.000,844.000,459.000,rgb_edges_inside_sam2_mask
49,2.000000,9,front_leg_candidate,-58.050,109.604,748.000,353.000,690.000,446.000,rgb_edges_inside_sam2_mask
49,2.000000,10,front_leg_candidate,-58.285,104.623,798.000,253.000,743.000,342.000,rgb_edges_inside_sam2_mask
49,2.000000,11,front_leg_candidate,-58.753,104.101,860.000,288.000,806.000,377.000,rgb_edges_inside_sam2_mask
49,2.000000,12,front_leg_candidate,-61.336,85.475,869.000,289.000,828.000,364.000,rgb_edges_inside_sam2_mask
49,2.000000,13,rear_leg_candidate,-86.634,85.147,792.000,255.000,787.000,340.000,rgb_edges_inside_sam2_mask
49,2.000000,14,front_leg_candidate,-59.500,84.723,826.000,364.000,783.000,437.000,rgb_edges_inside_sam2_mask
49,2.000000,15,rear_leg_candidate,-86.424,80.156,781.000,353.000,776.000,433.000,rgb_edges_inside_sam2_mask
49,2.000000,16,front_leg_candidate,-59.162,78.032,825.000,365.000,785.000,432.000,rgb_edges_inside_sam2_mask
49,2.000000,17,front_leg_candidate,-58.079,71.868,872.000,289.000,834.000,350.000,rgb_edges_inside_sam2_mask
49,2.000000,18,support_or_stretcher_candidate,22.557,70.385,703.000,411.000,768.000,438.000,rgb_edges_inside_sam2_mask
49,2.000000,19,support_or_stretcher_candidate,21.975,61.465,729.000,334.000,786.000,357.000,rgb_edges_inside_sam2_mask
49,2.000000,20,rear_leg_candidate,-84.806,55.227,868.000,265.000,863.000,320.000,rgb_edges_inside_sam2_mask
49,2.000000,21,support_or_stretcher_candidate,21.801,53.852,716.000,416.000,766.000,436.000,rgb_edges_inside_sam2_mask
49,2.000000,22,rear_leg_candidate,-86.698,52.086,786.000,369.000,783.000,421.000,rgb_edges_inside_sam2_mask
49,2.000000,23,support_or_stretcher_candidate,22.011,50.695,719.000,425.000,766.000,444.000,rgb_edges_inside_sam2_mask
49,2.000000,24,rear_leg_candidate,-87.563,47.043,853.000,372.000,851.000,419.000,rgb_edges_inside_sam2_mask
49,2.000000,25,support_or_stretcher_candidate,21.571,46.239,708.000,420.000,751.000,437.000,rgb_edges_inside_sam2_mask
49,2.000000,26,front_leg_candidate,-57.848,41.340,782.000,278.000,760.000,313.000,rgb_edges_inside_sam2_mask
49,2.000000,27,rear_leg_candidate,-87.064,39.051,856.000,313.000,854.000,352.000,rgb_edges_inside_sam2_mask
50,2.041667,0,front_leg_candidate,-59.121,231.866,871.000,275.000,752.000,474.000,rgb_edges_inside_sam2_mask
50,2.041667,1,front_leg_candidate,-57.967,220.586,800.000,257.000,683.000,444.000,rgb_edges_inside_sam2_mask
50,2.041667,2,front_leg_candidate,-58.851,212.659,862.000,290.000,752.000,472.000,rgb_edges_inside_sam2_mask
50,2.041667,3,front_leg_candidate,-58.191,185.925,799.000,256.000,701.000,414.000,rgb_edges_inside_sam2_mask
50,2.041667,4,front_leg_candidate,-58.872,179.903,858.000,290.000,765.000,444.000,rgb_edges_inside_sam2_mask
50,2.041667,5,front_leg_candidate,-59.149,173.557,872.000,289.000,783.000,438.000,rgb_edges_inside_sam2_mask
50,2.041667,6,front_leg_candidate,-58.031,166.208,777.000,306.000,689.000,447.000,rgb_edges_inside_sam2_mask
50,2.041667,7,rear_leg_candidate,-86.160,149.335,863.000,330.000,853.000,479.000,rgb_edges_inside_sam2_mask
50,2.041667,8,rear_leg_candidate,-86.338,125.256,851.000,352.000,843.000,477.000,rgb_edges_inside_sam2_mask
50,2.041667,9,rear_leg_candidate,-86.849,109.165,853.000,372.000,847.000,481.000,rgb_edges_inside_sam2_mask
50,2.041667,10,front_leg_candidate,-58.062,90.736,752.000,345.000,704.000,422.000,rgb_edges_inside_sam2_mask
50,2.041667,11,rear_leg_candidate,-88.603,82.024,790.000,260.000,788.000,342.000,rgb_edges_inside_sam2_mask
50,2.041667,12,rear_leg_candidate,-86.947,75.107,778.000,353.000,774.000,428.000,rgb_edges_inside_sam2_mask
50,2.041667,13,front_leg_candidate,-59.300,74.431,872.000,287.000,834.000,351.000,rgb_edges_inside_sam2_mask
50,2.041667,14,front_leg_candidate,-59.172,72.201,812.000,365.000,775.000,427.000,rgb_edges_inside_sam2_mask
50,2.041667,15,support_or_stretcher_candidate,23.305,70.774,701.000,416.000,766.000,444.000,rgb_edges_inside_sam2_mask
50,2.041667,16,support_or_stretcher_candidate,22.557,70.385,703.000,411.000,768.000,438.000,rgb_edges_inside_sam2_mask
50,2.041667,17,rear_leg_candidate,-88.363,70.029,780.000,354.000,778.000,424.000,rgb_edges_inside_sam2_mask
50,2.041667,18,rear_leg_candidate,-86.634,68.118,787.000,355.000,783.000,423.000,rgb_edges_inside_sam2_mask
50,2.041667,19,front_leg_candidate,-59.349,62.769,816.000,380.000,784.000,434.000,rgb_edges_inside_sam2_mask
50,2.041667,20,front_leg_candidate,-57.894,60.208,776.000,287.000,744.000,338.000,rgb_edges_inside_sam2_mask
50,2.041667,21,rear_leg_candidate,-86.934,56.080,852.000,321.000,849.000,377.000,rgb_edges_inside_sam2_mask
50,2.041667,22,support_or_stretcher_candidate,21.991,56.080,716.000,416.000,768.000,437.000,rgb_edges_inside_sam2_mask
50,2.041667,23,support_or_stretcher_candidate,20.072,55.362,792.000,425.000,844.000,444.000,rgb_edges_inside_sam2_mask
50,2.041667,24,front_leg_candidate,-56.689,41.881,783.000,439.000,760.000,474.000,rgb_edges_inside_sam2_mask
50,2.041667,25,front_leg_candidate,-57.848,41.340,732.000,358.000,710.000,393.000,rgb_edges_inside_sam2_mask
50,2.041667,26,front_leg_candidate,-59.534,39.446,872.000,286.000,852.000,320.000,rgb_edges_inside_sam2_mask
50,2.041667,27,rear_leg_candidate,-86.906,37.054,865.000,287.000,863.000,324.000,rgb_edges_inside_sam2_mask
51,2.083333,0,front_leg_candidate,-58.180,229.491,809.000,248.000,688.000,443.000,rgb_edges_inside_sam2_mask
51,2.083333,1,front_leg_candidate,-58.104,221.434,799.000,253.000,682.000,441.000,rgb_edges_inside_sam2_mask
51,2.083333,2,front_leg_candidate,-58.188,220.057,798.000,253.000,682.000,440.000,rgb_edges_inside_sam2_mask
51,2.083333,3,front_leg_candidate,-57.965,201.718,796.000,271.000,689.000,442.000,rgb_edges_inside_sam2_mask
51,2.083333,4,front_leg_candidate,-58.216,191.755,853.000,302.000,752.000,465.000,rgb_edges_inside_sam2_mask
51,2.083333,5,rear_leg_candidate,-86.163,164.368,863.000,311.000,852.000,475.000,rgb_edges_inside_sam2_mask
51,2.083333,6,front_leg_candidate,-57.901,129.850,819.000,359.000,750.000,469.000,rgb_edges_inside_sam2_mask
51,2.083333,7,front_leg_candidate,-59.036,128.281,824.000,361.000,758.000,471.000,rgb_edges_inside_sam2_mask
51,2.083333,8,front_leg_candidate,-58.805,127.424,858.000,284.000,792.000,393.000,rgb_edges_inside_sam2_mask
51,2.083333,9,front_leg_candidate,-58.878,123.822,858.000,285.000,794.000,391.000,rgb_edges_inside_sam2_mask
51,2.083333,10,front_leg_candidate,-57.938,107.378,798.000,247.000,741.000,338.000,rgb_edges_inside_sam2_mask
51,2.083333,11,rear_leg_candidate,-87.299,106.118,781.000,321.000,776.000,427.000,rgb_edges_inside_sam2_mask
51,2.083333,12,front_leg_candidate,-57.821,105.152,804.000,247.000,748.000,336.000,rgb_edges_inside_sam2_mask
51,2.083333,13,support_or_stretcher_candidate,21.675,83.934,704.000,409.000,782.000,440.000,rgb_edges_inside_sam2_mask
51,2.083333,14,support_or_stretcher_candidate,22.068,79.850,707.000,416.000,781.000,446.000,rgb_edges_inside_sam2_mask
51,2.083333,15,rear_leg_candidate,-87.064,78.102,852.000,370.000,848.000,448.000,rgb_edges_inside_sam2_mask
51,2.083333,16,rear_leg_candidate,-86.864,73.110,846.000,401.000,842.000,474.000,rgb_edges_inside_sam2_mask
51,2.083333,17,rear_leg_candidate,-88.409,72.028,776.000,348.000,774.000,420.000,rgb_edges_inside_sam2_mask
51,2.083333,18,front_leg_candidate,-58.079,71.868,870.000,288.000,832.000,349.000,rgb_edges_inside_sam2_mask
51,2.083333,19,rear_leg_candidate,-87.546,70.064,852.000,302.000,849.000,372.000,rgb_edges_inside_sam2_mask
51,2.083333,20,front_leg_candidate,-59.744,69.462,868.000,287.000,833.000,347.000,rgb_edges_inside_sam2_mask
51,2.083333,21,front_leg_candidate,-58.736,65.513,817.000,375.000,783.000,431.000,rgb_edges_inside_sam2_mask
51,2.083333,22,front_leg_candidate,-57.051,64.351,790.000,263.000,755.000,317.000,rgb_edges_inside_sam2_mask
51,2.083333,23,rear_leg_candidate,-88.210,64.031,786.000,351.000,784.000,415.000,rgb_edges_inside_sam2_mask
51,2.083333,24,rear_leg_candidate,-85.389,62.201,867.000,256.000,862.000,318.000,rgb_edges_inside_sam2_mask
51,2.083333,25,support_or_stretcher_candidate,21.801,59.237,712.000,411.000,767.000,433.000,rgb_edges_inside_sam2_mask
51,2.083333,26,front_leg_candidate,-57.450,55.758,868.000,277.000,838.000,324.000,rgb_edges_inside_sam2_mask
51,2.083333,27,front_leg_candidate,-57.265,49.930,854.000,300.000,827.000,342.000,rgb_edges_inside_sam2_mask
51,2.083333,28,front_leg_candidate,-57.339,46.325,767.000,299.000,742.000,338.000,rgb_edges_inside_sam2_mask
51,2.083333,29,front_leg_candidate,-58.570,42.190,730.000,356.000,708.000,392.000,rgb_edges_inside_sam2_mask
51,2.083333,30,rear_leg_candidate,-88.409,36.014,789.000,283.000,788.000,319.000,rgb_edges_inside_sam2_mask
52,2.125000,0,front_leg_candidate,-58.021,232.246,871.000,269.000,748.000,466.000,rgb_edges_inside_sam2_mask
52,2.125000,1,front_leg_candidate,-58.048,228.642,809.000,246.000,688.000,440.000,rgb_edges_inside_sam2_mask
52,2.125000,2,front_leg_candidate,-58.104,221.434,798.000,250.000,681.000,438.000,rgb_edges_inside_sam2_mask
52,2.125000,3,front_leg_candidate,-57.963,192.284,798.000,244.000,696.000,407.000,rgb_edges_inside_sam2_mask
52,2.125000,4,rear_leg_candidate,-86.042,159.380,852.000,312.000,841.000,471.000,rgb_edges_inside_sam2_mask
52,2.125000,5,rear_leg_candidate,-86.055,145.344,861.000,328.000,851.000,473.000,rgb_edges_inside_sam2_mask
52,2.125000,6,front_leg_candidate,-58.173,136.528,822.000,348.000,750.000,464.000,rgb_edges_inside_sam2_mask
52,2.125000,7,front_leg_candidate,-57.901,129.850,755.000,331.000,686.000,441.000,rgb_edges_inside_sam2_mask
52,2.125000,8,front_leg_candidate,-59.036,122.450,823.000,358.000,760.000,463.000,rgb_edges_inside_sam2_mask
52,2.125000,9,rear_leg_candidate,-87.089,118.152,781.000,306.000,775.000,424.000,rgb_edges_inside_sam2_mask
52,2.125000,10,front_leg_candidate,-57.232,103.465,817.000,349.000,761.000,436.000,rgb_edges_inside_sam2_mask
52,2.125000,11,front_leg_candidate,-58.266,89.359,869.000,270.000,822.000,346.000,rgb_edges_inside_sam2_mask
52,2.125000,12,front_leg_candidate,-57.783,86.284,797.000,247.000,751.000,320.000,rgb_edges_inside_sam2_mask
52,2.125000,13,front_leg_candidate,-59.899,79.756,872.000,276.000,832.000,345.000,rgb_edges_inside_sam2_mask
52,2.125000,14,rear_leg_candidate,-86.947,75.107,849.000,400.000,845.000,475.000,rgb_edges_inside_sam2_mask
52,2.125000,15,rear_leg_candidate,-86.947,75.107,776.000,345.000,772.000,420.000,rgb_edges_inside_sam2_mask
52,2.125000,16,support_or_stretcher_candidate,20.462,71.512,697.000,404.000,764.000,429.000,rgb_edges_inside_sam2_mask
52,2.125000,17,front_leg_candidate,-59.036,69.971,854.000,285.000,818.000,345.000,rgb_edges_inside_sam2_mask
52,2.125000,18,support_or_stretcher_candidate,20.266,69.289,777.000,414.000,842.000,438.000,rgb_edges_inside_sam2_mask
52,2.125000,19,front_leg_candidate,-57.995,66.038,733.000,347.000,698.000,403.000,rgb_edges_inside_sam2_mask
52,2.125000,20,front_leg_candidate,-59.490,65.000,857.000,281.000,824.000,337.000,rgb_edges_inside_sam2_mask
52,2.125000,21,support_or_stretcher_candidate,23.682,62.241,724.000,420.000,781.000,445.000,rgb_edges_inside_sam2_mask
52,2.125000,22,front_leg_candidate,-57.600,61.587,825.000,335.000,792.000,387.000,rgb_edges_inside_sam2_mask
52,2.125000,23,rear_leg_candidate,-85.986,57.140,862.000,309.000,858.000,366.000,rgb_edges_inside_sam2_mask
52,2.125000,24,rear_leg_candidate,-86.987,57.079,786.000,347.000,783.000,404.000,rgb_edges_inside_sam2_mask
52,2.125000,25,front_leg_candidate,-58.241,49.396,787.000,269.000,761.000,311.000,rgb_edges_inside_sam2_mask
52,2.125000,26,support_or_stretcher_candidate,20.854,44.944,739.000,424.000,781.000,440.000,rgb_edges_inside_sam2_mask
52,2.125000,27,rear_leg_candidate,-87.274,42.048,788.000,292.000,786.000,334.000,rgb_edges_inside_sam2_mask
52,2.125000,28,front_leg_candidate,-70.145,38.275,872.000,268.000,859.000,304.000,rgb_edges_inside_sam2_mask
52,2.125000,29,support_or_stretcher_candidate,23.199,38.079,699.000,410.000,734.000,425.000,rgb_edges_inside_sam2_mask
52,2.125000,30,rear_leg_candidate,-85.365,37.121,851.000,314.000,848.000,351.000,rgb_edges_inside_sam2_mask
53,2.166667,0,front_leg_candidate,-58.123,236.698,811.000,238.000,686.000,439.000,rgb_edges_inside_sam2_mask
53,2.166667,1,front_leg_candidate,-57.995,235.850,812.000,239.000,687.000,439.000,rgb_edges_inside_sam2_mask
53,2.166667,2,front_leg_candidate,-59.036,233.238,868.000,265.000,748.000,465.000,rgb_edges_inside_sam2_mask
53,2.166667,3,front_leg_candidate,-58.188,220.057,797.000,249.000,681.000,436.000,rgb_edges_inside_sam2_mask
53,2.166667,4,front_leg_candidate,-58.975,161.037,868.000,267.000,785.000,405.000,rgb_edges_inside_sam2_mask
53,2.166667,5,rear_leg_candidate,-85.978,128.316,851.000,310.000,842.000,438.000,rgb_edges_inside_sam2_mask
53,2.166667,6,front_leg_candidate,-58.722,125.196,855.000,281.000,790.000,388.000,rgb_edges_inside_sam2_mask
53,2.166667,7,front_leg_candidate,-57.943,116.812,803.000,241.000,741.000,340.000,rgb_edges_inside_sam2_mask
53,2.166667,8,front_leg_candidate,-57.885,110.982,799.000,239.000,740.000,333.000,rgb_edges_inside_sam2_mask
53,2.166667,9,front_leg_candidate,-58.392,106.850,838.000,332.000,782.000,423.000,rgb_edges_inside_sam2_mask
53,2.166667,10,rear_leg_candidate,-86.820,90.139,861.000,306.000,856.000,396.000,rgb_edges_inside_sam2_mask
53,2.166667,11,rear_leg_candidate,-86.711,87.144,856.000,382.000,851.000,469.000,rgb_edges_inside_sam2_mask
53,2.166667,12,rear_leg_candidate,-86.634,85.147,849.000,387.000,844.000,472.000,rgb_edges_inside_sam2_mask
53,2.166667,13,front_leg_candidate,-59.036,81.633,851.000,288.000,809.000,358.000,rgb_edges_inside_sam2_mask
53,2.166667,14,rear_leg_candidate,-87.879,81.056,775.000,343.000,772.000,424.000,rgb_edges_inside_sam2_mask
53,2.166667,15,support_or_stretcher_candidate,21.523,76.322,694.000,407.000,765.000,435.000,rgb_edges_inside_sam2_mask
53,2.166667,16,front_leg_candidate,-59.036,75.802,869.000,279.000,830.000,344.000,rgb_edges_inside_sam2_mask
53,2.166667,17,front_leg_candidate,-58.903,73.573,787.000,399.000,749.000,462.000,rgb_edges_inside_sam2_mask
53,2.166667,18,front_leg_candidate,-57.829,73.246,733.000,346.000,694.000,408.000,rgb_edges_inside_sam2_mask
53,2.166667,19,rear_leg_candidate,-87.647,73.062,779.000,344.000,776.000,417.000,rgb_edges_inside_sam2_mask
53,2.166667,20,front_leg_candidate,-57.407,72.402,785.000,264.000,746.000,325.000,rgb_edges_inside_sam2_mask
53,2.166667,21,support_or_stretcher_candidate,20.266,69.289,776.000,405.000,841.000,429.000,rgb_edges_inside_sam2_mask
53,2.166667,22,front_leg_candidate,-57.265,66.573,791.000,411.000,755.000,467.000,rgb_edges_inside_sam2_mask
53,2.166667,23,front_leg_candidate,-58.465,51.624,732.000,346.000,705.000,390.000,rgb_edges_inside_sam2_mask
53,2.166667,24,rear_leg_candidate,-86.100,44.102,845.000,397.000,842.000,441.000,rgb_edges_inside_sam2_mask
53,2.166667,25,support_or_stretcher_candidate,20.095,43.658,722.000,412.000,763.000,427.000,rgb_edges_inside_sam2_mask
53,2.166667,26,front_leg_candidate,-57.848,41.340,821.000,359.000,799.000,394.000,rgb_edges_inside_sam2_mask
53,2.166667,27,rear_leg_candidate,-88.603,41.012,784.000,359.000,783.000,400.000,rgb_edges_inside_sam2_mask
54,2.208333,0,front_leg_candidate,-58.950,228.779,865.000,268.000,747.000,464.000,rgb_edges_inside_sam2_mask
54,2.208333,1,front_leg_candidate,-59.036,227.407,865.000,269.000,748.000,464.000,rgb_edges_inside_sam2_mask
54,2.208333,2,front_leg_candidate,-58.188,220.057,802.000,239.000,686.000,426.000,rgb_edges_inside_sam2_mask
54,2.208333,3,front_leg_candidate,-59.036,174.929,851.000,283.000,761.000,433.000,rgb_edges_inside_sam2_mask
54,2.208333,4,front_leg_candidate,-58.103,168.434,775.000,296.000,686.000,439.000,rgb_edges_inside_sam2_mask
54,2.208333,5,rear_leg_candidate,-87.120,159.201,849.000,310.000,841.000,469.000,rgb_edges_inside_sam2_mask
54,2.208333,6,front_leg_candidate,-59.290,154.693,854.000,279.000,775.000,412.000,rgb_edges_inside_sam2_mask
54,2.208333,7,front_leg_candidate,-59.112,130.511,822.000,354.000,755.000,466.000,rgb_edges_inside_sam2_mask
54,2.208333,8,front_leg_candidate,-58.946,108.559,841.000,324.000,785.000,417.000,rgb_edges_inside_sam2_mask
54,2.208333,9,rear_leg_candidate,-86.698,104.173,850.000,367.000,844.000,471.000,rgb_edges_inside_sam2_mask
54,2.208333,10,front_leg_candidate,-58.941,102.728,798.000,238.000,745.000,326.000,rgb_edges_inside_sam2_mask
54,2.208333,11,support_or_stretcher_candidate,21.915,93.776,694.000,407.000,781.000,442.000,rgb_edges_inside_sam2_mask
54,2.208333,12,rear_leg_candidate,-86.143,89.202,856.000,381.000,850.000,470.000,rgb_edges_inside_sam2_mask
54,2.208333,13,front_leg_candidate,-58.069,81.302,732.000,345.000,689.000,414.000,rgb_edges_inside_sam2_mask
54,2.208333,14,front_leg_candidate,-58.536,78.549,729.000,350.000,688.000,417.000,rgb_edges_inside_sam2_mask
54,2.208333,15,rear_leg_candidate,-88.409,72.028,778.000,344.000,776.000,416.000,rgb_edges_inside_sam2_mask
54,2.208333,16,front_leg_candidate,-58.173,68.264,866.000,283.000,830.000,341.000,rgb_edges_inside_sam2_mask
54,2.208333,17,front_leg_candidate,-58.891,67.742,789.000,408.000,754.000,466.000,rgb_edges_inside_sam2_mask
54,2.208333,18,rear_leg_candidate,-88.152,62.032,788.000,246.000,786.000,308.000,rgb_edges_inside_sam2_mask
54,2.208333,19,front_leg_candidate,-57.680,57.983,724.000,366.000,693.000,415.000,rgb_edges_inside_sam2_mask
54,2.208333,20,front_leg_candidate,-68.199,53.852,868.000,267.000,848.000,317.000,rgb_edges_inside_sam2_mask
54,2.208333,21,support_or_stretcher_candidate,21.194,52.555,713.000,414.000,762.000,433.000,rgb_edges_inside_sam2_mask
54,2.208333,22,front_leg_candidate,-57.529,52.154,774.000,297.000,746.000,341.000,rgb_edges_inside_sam2_mask
54,2.208333,23,rear_leg_candidate,-86.496,49.092,857.000,359.000,854.000,408.000,rgb_edges_inside_sam2_mask
54,2.208333,24,support_or_stretcher_candidate,24.944,47.424,821.000,270.000,864.000,290.000,rgb_edges_inside_sam2_mask
54,2.208333,25,front_leg_candidate,-57.848,41.340,702.000,402.000,680.000,437.000,rgb_edges_inside_sam2_mask
54,2.208333,26,rear_leg_candidate,-88.603,41.012,852.000,304.000,851.000,345.000,rgb_edges_inside_sam2_mask
54,2.208333,27,rear_leg_candidate,-78.690,40.792,867.000,263.000,859.000,303.000,rgb_edges_inside_sam2_mask
54,2.208333,28,rear_leg_candidate,-87.064,39.051,784.000,362.000,782.000,401.000,rgb_edges_inside_sam2_mask
55,2.250000,0,front_leg_candidate,-59.036,180.760,806.000,242.000,713.000,397.000,rgb_edges_inside_sam2_mask
55,2.250000,1,front_leg_candidate,-59.036,157.436,829.000,327.000,748.000,462.000,rgb_edges_inside_sam2_mask
55,2.250000,2,front_leg_candidate,-59.162,156.064,865.000,265.000,785.000,399.000,rgb_edges_inside_sam2_mask
55,2.250000,3,front_leg_candidate,-59.036,139.943,759.000,319.000,687.000,439.000,rgb_edges_inside_sam2_mask
55,2.250000,4,front_leg_candidate,-58.736,131.027,822.000,354.000,754.000,466.000,rgb_edges_inside_sam2_mask
55,2.250000,5,front_leg_candidate,-60.642,128.503,774.000,275.000,711.000,387.000,rgb_edges_inside_sam2_mask
55,2.250000,6,rear_leg_candidate,-87.039,116.155,847.000,351.000,841.000,467.000,rgb_edges_inside_sam2_mask
55,2.250000,7,rear_leg_candidate,-87.898,109.073,849.000,361.000,845.000,470.000,rgb_edges_inside_sam2_mask
55,2.250000,8,front_leg_candidate,-60.038,98.112,730.000,353.000,681.000,438.000,rgb_edges_inside_sam2_mask
55,2.250000,9,support_or_stretcher_candidate,21.218,91.181,697.000,402.000,782.000,435.000,rgb_edges_inside_sam2_mask
55,2.250000,10,front_leg_candidate,-59.697,89.185,790.000,254.000,745.000,331.000,rgb_edges_inside_sam2_mask
55,2.250000,11,support_or_stretcher_candidate,21.084,88.955,698.000,409.000,781.000,441.000,rgb_edges_inside_sam2_mask
55,2.250000,12,front_leg_candidate,-58.921,85.235,732.000,345.000,688.000,418.000,rgb_edges_inside_sam2_mask
55,2.250000,13,rear_leg_candidate,-87.930,83.054,855.000,379.000,852.000,462.000,rgb_edges_inside_sam2_mask
55,2.250000,14,front_leg_candidate,-59.036,81.633,730.000,347.000,688.000,417.000,rgb_edges_inside_sam2_mask
55,2.250000,15,front_leg_candidate,-61.750,76.059,814.000,340.000,778.000,407.000,rgb_edges_inside_sam2_mask
55,2.250000,16,front_leg_candidate,-60.555,71.197,841.000,296.000,806.000,358.000,rgb_edges_inside_sam2_mask
55,2.250000,17,front_leg_candidate,-57.995,66.038,864.000,283.000,829.000,339.000,rgb_edges_inside_sam2_mask
55,2.250000,18,front_leg_candidate,-59.534,59.169,786.000,274.000,756.000,325.000,rgb_edges_inside_sam2_mask
55,2.250000,19,front_leg_candidate,-57.875,50.774,782.000,423.000,755.000,466.000,rgb_edges_inside_sam2_mask
55,2.250000,20,front_leg_candidate,-59.036,46.648,765.000,289.000,741.000,329.000,rgb_edges_inside_sam2_mask
55,2.250000,21,front_leg_candidate,-59.931,43.909,703.000,398.000,681.000,436.000,rgb_edges_inside_sam2_mask
55,2.250000,22,front_leg_candidate,-61.074,43.417,847.000,286.000,826.000,324.000,rgb_edges_inside_sam2_mask
55,2.250000,23,rear_leg_candidate,-88.636,42.012,786.000,289.000,785.000,331.000,rgb_edges_inside_sam2_mask
55,2.250000,24,rear_leg_candidate,-88.409,36.014,777.000,379.000,776.000,415.000,rgb_edges_inside_sam2_mask
56,2.291667,0,front_leg_candidate,-59.119,237.697,809.000,236.000,687.000,440.000,rgb_edges_inside_sam2_mask
56,2.291667,1,front_leg_candidate,-60.101,230.705,863.000,265.000,748.000,465.000,rgb_edges_inside_sam2_mask
56,2.291667,2,front_leg_candidate,-59.903,181.466,852.000,277.000,761.000,434.000,rgb_edges_inside_sam2_mask
56,2.291667,3,rear_leg_candidate,-88.164,156.080,857.000,309.000,852.000,465.000,rgb_edges_inside_sam2_mask
56,2.291667,4,rear_leg_candidate,-87.754,153.118,847.000,313.000,841.000,466.000,rgb_edges_inside_sam2_mask
56,2.291667,5,front_leg_candidate,-59.108,136.341,773.000,294.000,703.000,411.000,rgb_edges_inside_sam2_mask
56,2.291667,6,front_leg_candidate,-60.046,136.191,749.000,321.000,681.000,439.000,rgb_edges_inside_sam2_mask
56,2.291667,7,front_leg_candidate,-60.046,136.191,851.000,276.000,783.000,394.000,rgb_edges_inside_sam2_mask
56,2.291667,8,front_leg_candidate,-60.092,130.361,820.000,354.000,755.000,467.000,rgb_edges_inside_sam2_mask
56,2.291667,9,front_leg_candidate,-59.845,121.433,809.000,358.000,748.000,463.000,rgb_edges_inside_sam2_mask
56,2.291667,10,front_leg_candidate,-59.816,113.371,796.000,236.000,739.000,334.000,rgb_edges_inside_sam2_mask
56,2.291667,11,front_leg_candidate,-60.884,90.427,799.000,235.000,755.000,314.000,rgb_edges_inside_sam2_mask
56,2.291667,12,rear_leg_candidate,-88.069,89.051,848.000,381.000,845.000,470.000,rgb_edges_inside_sam2_mask
56,2.291667,13,support_or_stretcher_candidate,20.709,87.664,700.000,404.000,782.000,435.000,rgb_edges_inside_sam2_mask
56,2.291667,14,front_leg_candidate,-59.153,83.863,731.000,346.000,688.000,418.000,rgb_edges_inside_sam2_mask
56,2.291667,15,front_leg_candidate,-60.255,72.560,864.000,279.000,828.000,342.000,rgb_edges_inside_sam2_mask
56,2.291667,16,support_or_stretcher_candidate,21.644,67.779,698.000,410.000,761.000,435.000,rgb_edges_inside_sam2_mask
56,2.291667,17,front_leg_candidate,-59.349,62.769,720.000,365.000,688.000,419.000,rgb_edges_inside_sam2_mask
56,2.291667,18,front_leg_candidate,-60.945,61.774,820.000,355.000,790.000,409.000,rgb_edges_inside_sam2_mask
56,2.291667,19,front_leg_candidate,-69.567,54.424,865.000,266.000,846.000,317.000,rgb_edges_inside_sam2_mask
56,2.291667,20,rear_leg_candidate,-88.898,52.010,784.000,346.000,783.000,398.000,rgb_edges_inside_sam2_mask
56,2.291667,21,support_or_stretcher_candidate,25.463,46.519,818.000,269.000,860.000,289.000,rgb_edges_inside_sam2_mask
56,2.291667,22,front_leg_candidate,-60.422,42.544,770.000,286.000,749.000,323.000,rgb_edges_inside_sam2_mask
57,2.333333,0,front_leg_candidate,-60.062,220.411,792.000,247.000,682.000,438.000,rgb_edges_inside_sam2_mask
57,2.333333,1,front_leg_candidate,-60.913,172.792,862.000,263.000,778.000,414.000,rgb_edges_inside_sam2_mask
57,2.333333,2,front_leg_candidate,-59.962,169.806,772.000,295.000,687.000,442.000,rgb_edges_inside_sam2_mask
57,2.333333,3,front_leg_candidate,-60.086,168.440,772.000,296.000,688.000,442.000,rgb_edges_inside_sam2_mask
57,2.333333,4,front_leg_candidate,-60.945,154.434,846.000,282.000,771.000,417.000,rgb_edges_inside_sam2_mask
57,2.333333,5,front_leg_candidate,-61.020,148.607,849.000,278.000,777.000,408.000,rgb_edges_inside_sam2_mask
57,2.333333,6,front_leg_candidate,-60.690,130.736,820.000,354.000,756.000,468.000,rgb_edges_inside_sam2_mask
57,2.333333,7,front_leg_candidate,-60.895,111.018,803.000,367.000,749.000,464.000,rgb_edges_inside_sam2_mask
57,2.333333,8,rear_leg_candidate,-88.949,109.018,848.000,361.000,846.000,470.000,rgb_edges_inside_sam2_mask
57,2.333333,9,support_or_stretcher_candidate,20.556,93.984,693.000,410.000,781.000,443.000,rgb_edges_inside_sam2_mask
57,2.333333,10,front_leg_candidate,-60.255,88.685,782.000,258.000,738.000,335.000,rgb_edges_inside_sam2_mask
57,2.333333,11,front_leg_candidate,-60.819,88.193,727.000,351.000,684.000,428.000,rgb_edges_inside_sam2_mask
57,2.333333,12,front_leg_candidate,-60.255,72.560,862.000,279.000,826.000,342.000,rgb_edges_inside_sam2_mask
57,2.333333,13,support_or_stretcher_candidate,21.644,67.779,713.000,410.000,776.000,435.000,rgb_edges_inside_sam2_mask
57,2.333333,14,front_leg_candidate,-61.113,66.242,841.000,293.000,809.000,351.000,rgb_edges_inside_sam2_mask
57,2.333333,15,front_leg_candidate,-60.593,63.135,729.000,349.000,698.000,404.000,rgb_edges_inside_sam2_mask
57,2.333333,16,front_leg_candidate,-61.390,62.650,791.000,389.000,761.000,444.000,rgb_edges_inside_sam2_mask
57,2.333333,17,front_leg_candidate,-61.477,52.355,780.000,423.000,755.000,469.000,rgb_edges_inside_sam2_mask
57,2.333333,18,front_leg_candidate,-59.982,51.971,861.000,282.000,835.000,327.000,rgb_edges_inside_sam2_mask
57,2.333333,19,front_leg_candidate,-59.744,41.677,703.000,403.000,682.000,439.000,rgb_edges_inside_sam2_mask
58,2.375000,0,front_leg_candidate,-60.945,236.799,804.000,237.000,689.000,444.000,rgb_edges_inside_sam2_mask
58,2.375000,1,front_leg_candidate,-60.945,236.799,797.000,236.000,682.000,443.000,rgb_edges_inside_sam2_mask
58,2.375000,2,front_leg_candidate,-61.091,229.613,859.000,266.000,748.000,467.000,rgb_edges_inside_sam2_mask
58,2.375000,3,front_leg_candidate,-60.887,191.149,775.000,274.000,682.000,441.000,rgb_edges_inside_sam2_mask
58,2.375000,4,front_leg_candidate,-61.037,181.728,767.000,281.000,679.000,440.000,rgb_edges_inside_sam2_mask
58,2.375000,5,front_leg_candidate,-61.174,170.074,830.000,320.000,748.000,469.000,rgb_edges_inside_sam2_mask
58,2.375000,6,front_leg_candidate,-61.998,142.706,844.000,283.000,777.000,409.000,rgb_edges_inside_sam2_mask
58,2.375000,7,front_leg_candidate,-60.903,131.609,818.000,356.000,754.000,471.000,rgb_edges_inside_sam2_mask
58,2.375000,8,front_leg_candidate,-60.900,121.314,792.000,237.000,733.000,343.000,rgb_edges_inside_sam2_mask
58,2.375000,9,front_leg_candidate,-61.085,119.954,746.000,340.000,688.000,445.000,rgb_edges_inside_sam2_mask
58,2.375000,10,front_leg_candidate,-61.040,117.720,812.000,368.000,755.000,471.000,rgb_edges_inside_sam2_mask
58,2.375000,11,rear_leg_candidate,-88.949,109.018,847.000,361.000,845.000,470.000,rgb_edges_inside_sam2_mask
58,2.375000,12,front_leg_candidate,-61.783,93.059,847.000,279.000,803.000,361.000,rgb_edges_inside_sam2_mask
58,2.375000,13,support_or_stretcher_candidate,21.084,88.955,697.000,413.000,780.000,445.000,rgb_edges_inside_sam2_mask
58,2.375000,14,support_or_stretcher_candidate,20.794,84.504,781.000,258.000,860.000,288.000,rgb_edges_inside_sam2_mask
58,2.375000,15,front_leg_candidate,-61.798,78.294,805.000,355.000,768.000,424.000,rgb_edges_inside_sam2_mask
58,2.375000,16,front_leg_candidate,-61.189,68.476,859.000,283.000,826.000,343.000,rgb_edges_inside_sam2_mask
58,2.375000,17,support_or_stretcher_candidate,21.801,59.237,709.000,411.000,764.000,433.000,rgb_edges_inside_sam2_mask
58,2.375000,18,front_leg_candidate,-60.255,56.436,860.000,280.000,832.000,329.000,rgb_edges_inside_sam2_mask
58,2.375000,19,front_leg_candidate,-61.144,55.946,709.000,384.000,682.000,433.000,rgb_edges_inside_sam2_mask
58,2.375000,20,support_or_stretcher_candidate,21.194,52.555,718.000,414.000,767.000,433.000,rgb_edges_inside_sam2_mask
58,2.375000,21,rear_leg_candidate,88.781,47.011,846.000,399.000,847.000,446.000,rgb_edges_inside_sam2_mask
58,2.375000,22,rear_leg_candidate,-88.698,44.011,782.000,288.000,781.000,332.000,rgb_edges_inside_sam2_mask
59,2.416667,0,front_leg_candidate,-62.000,232.177,858.000,264.000,749.000,469.000,rgb_edges_inside_sam2_mask
59,2.416667,1,front_leg_candidate,-61.087,196.492,793.000,242.000,698.000,414.000,rgb_edges_inside_sam2_mask
59,2.416667,2,front_leg_candidate,-62.227,191.003,838.000,302.000,749.000,471.000,rgb_edges_inside_sam2_mask
59,2.416667,3,front_leg_candidate,-62.168,182.060,845.000,279.000,760.000,440.000,rgb_edges_inside_sam2_mask
59,2.416667,4,front_leg_candidate,-61.928,170.000,769.000,297.000,689.000,447.000,rgb_edges_inside_sam2_mask
59,2.416667,5,front_leg_candidate,-61.260,141.421,788.000,249.000,720.000,373.000,rgb_edges_inside_sam2_mask
59,2.416667,6,front_leg_candidate,-62.262,131.061,817.000,357.000,756.000,473.000,rgb_edges_inside_sam2_mask
59,2.416667,7,front_leg_candidate,-62.057,130.177,816.000,358.000,755.000,473.000,rgb_edges_inside_sam2_mask
59,2.416667,8,front_leg_candidate,-61.955,121.235,769.000,298.000,712.000,405.000,rgb_edges_inside_sam2_mask
59,2.416667,9,front_leg_candidate,-61.232,116.362,788.000,242.000,732.000,344.000,rgb_edges_inside_sam2_mask
59,2.416667,10,front_leg_candidate,-61.434,102.474,733.000,351.000,684.000,441.000,rgb_edges_inside_sam2_mask
59,2.416667,11,front_leg_candidate,-61.742,90.824,723.000,361.000,680.000,441.000,rgb_edges_inside_sam2_mask
59,2.416667,12,front_leg_candidate,-63.146,88.549,858.000,278.000,818.000,357.000,rgb_edges_inside_sam2_mask
59,2.416667,13,support_or_stretcher_candidate,21.930,83.006,707.000,412.000,784.000,443.000,rgb_edges_inside_sam2_mask
59,2.416667,14,support_or_stretcher_candidate,21.801,75.392,694.000,414.000,764.000,442.000,rgb_edges_inside_sam2_mask
59,2.416667,15,rear_leg_candidate,87.580,71.063,772.000,350.000,775.000,421.000,rgb_edges_inside_sam2_mask
59,2.416667,16,front_leg_candidate,-61.631,56.824,723.000,362.000,696.000,412.000,rgb_edges_inside_sam2_mask
59,2.416667,17,rear_leg_candidate,88.636,42.012,841.000,311.000,842.000,353.000,rgb_edges_inside_sam2_mask
59,2.416667,18,rear_leg_candidate,88.452,37.014,846.000,410.000,847.000,447.000,rgb_edges_inside_sam2_mask
60,2.458333,0,front_leg_candidate,-62.040,238.883,800.000,239.000,688.000,450.000,rgb_edges_inside_sam2_mask
60,2.458333,1,front_leg_candidate,-62.894,237.034,856.000,263.000,748.000,474.000,rgb_edges_inside_sam2_mask
60,2.458333,2,front_leg_candidate,-63.083,218.692,855.000,280.000,756.000,475.000,rgb_edges_inside_sam2_mask
60,2.458333,3,front_leg_candidate,-63.025,187.387,768.000,282.000,683.000,449.000,rgb_edges_inside_sam2_mask
60,2.458333,4,front_leg_candidate,-63.104,154.738,842.000,280.000,772.000,418.000,rgb_edges_inside_sam2_mask
60,2.458333,5,front_leg_candidate,-63.041,130.142,742.000,331.000,683.000,447.000,rgb_edges_inside_sam2_mask
60,2.458333,6,front_leg_candidate,-62.796,120.308,802.000,367.000,747.000,474.000,rgb_edges_inside_sam2_mask
60,2.458333,7,front_leg_candidate,-62.996,116.726,791.000,238.000,738.000,342.000,rgb_edges_inside_sam2_mask
60,2.458333,8,front_leg_candidate,-61.260,106.066,782.000,251.000,731.000,344.000,rgb_edges_inside_sam2_mask
60,2.458333,9,front_leg_candidate,-63.435,78.262,856.000,276.000,821.000,346.000,rgb_edges_inside_sam2_mask
60,2.458333,10,rear_leg_candidate,88.531,78.026,839.000,316.000,841.000,394.000,rgb_edges_inside_sam2_mask
60,2.458333,11,front_leg_candidate,-62.447,77.827,722.000,364.000,686.000,433.000,rgb_edges_inside_sam2_mask
60,2.458333,12,front_leg_candidate,-62.063,74.706,722.000,363.000,687.000,429.000,rgb_edges_inside_sam2_mask
60,2.458333,13,support_or_stretcher_candidate,21.501,70.937,697.000,411.000,763.000,437.000,rgb_edges_inside_sam2_mask
60,2.458333,14,support_or_stretcher_candidate,21.501,70.937,694.000,417.000,760.000,443.000,rgb_edges_inside_sam2_mask
60,2.458333,15,front_leg_candidate,-62.281,66.648,720.000,391.000,689.000,450.000,rgb_edges_inside_sam2_mask
60,2.458333,16,front_leg_candidate,-63.869,59.034,781.000,423.000,755.000,476.000,rgb_edges_inside_sam2_mask
60,2.458333,17,front_leg_candidate,-61.144,55.946,758.000,296.000,731.000,345.000,rgb_edges_inside_sam2_mask
60,2.458333,18,rear_leg_candidate,88.958,55.009,844.000,364.000,845.000,419.000,rgb_edges_inside_sam2_mask
60,2.458333,19,front_leg_candidate,-62.354,47.413,743.000,345.000,721.000,387.000,rgb_edges_inside_sam2_mask
60,2.458333,20,rear_leg_candidate,87.510,46.043,782.000,356.000,784.000,402.000,rgb_edges_inside_sam2_mask
60,2.458333,21,rear_leg_candidate,87.138,40.050,769.000,299.000,771.000,339.000,rgb_edges_inside_sam2_mask
60,2.458333,22,rear_leg_candidate,88.531,39.013,775.000,357.000,776.000,396.000,rgb_edges_inside_sam2_mask
61,2.500000,0,front_leg_candidate,-62.996,233.452,788.000,243.000,682.000,451.000,rgb_edges_inside_sam2_mask
61,2.500000,1,front_leg_candidate,-63.072,211.983,783.000,243.000,687.000,432.000,rgb_edges_inside_sam2_mask
61,2.500000,2,front_leg_candidate,-63.039,194.095,784.000,249.000,696.000,422.000,rgb_edges_inside_sam2_mask
61,2.500000,3,front_leg_candidate,-63.869,177.102,825.000,318.000,747.000,477.000,rgb_edges_inside_sam2_mask
61,2.500000,4,front_leg_candidate,-63.104,154.738,759.000,314.000,689.000,452.000,rgb_edges_inside_sam2_mask
61,2.500000,5,front_leg_candidate,-63.239,131.034,765.000,300.000,706.000,417.000,rgb_edges_inside_sam2_mask
61,2.500000,6,front_leg_candidate,-63.236,128.798,839.000,283.000,781.000,398.000,rgb_edges_inside_sam2_mask
61,2.500000,7,rear_leg_candidate,88.167,125.064,837.000,312.000,841.000,437.000,rgb_edges_inside_sam2_mask
61,2.500000,8,front_leg_candidate,-63.853,122.540,813.000,361.000,759.000,471.000,rgb_edges_inside_sam2_mask
61,2.500000,9,rear_leg_candidate,86.424,112.219,767.000,300.000,774.000,412.000,rgb_edges_inside_sam2_mask
61,2.500000,10,rear_leg_candidate,88.282,100.045,843.000,372.000,846.000,472.000,rgb_edges_inside_sam2_mask
61,2.500000,11,front_leg_candidate,-63.104,77.369,721.000,366.000,686.000,435.000,rgb_edges_inside_sam2_mask
61,2.500000,12,support_or_stretcher_candidate,20.925,72.801,701.000,422.000,769.000,448.000,rgb_edges_inside_sam2_mask
61,2.500000,13,front_leg_candidate,-63.435,71.554,851.000,284.000,819.000,348.000,rgb_edges_inside_sam2_mask
61,2.500000,14,rear_leg_candidate,88.290,67.030,848.000,332.000,850.000,399.000,rgb_edges_inside_sam2_mask
61,2.500000,15,front_leg_candidate,-65.095,61.741,781.000,422.000,755.000,478.000,rgb_edges_inside_sam2_mask
61,2.500000,16,front_leg_candidate,-64.290,59.933,821.000,327.000,795.000,381.000,rgb_edges_inside_sam2_mask
61,2.500000,17,front_leg_candidate,-63.886,56.798,851.000,267.000,826.000,318.000,rgb_edges_inside_sam2_mask
61,2.500000,18,front_leg_candidate,-62.488,54.120,808.000,347.000,783.000,395.000,rgb_edges_inside_sam2_mask
61,2.500000,19,rear_leg_candidate,87.614,48.042,774.000,357.000,776.000,405.000,rgb_edges_inside_sam2_mask
61,2.500000,20,front_leg_candidate,-64.799,37.577,836.000,296.000,820.000,330.000,rgb_edges_inside_sam2_mask
62,2.541667,0,front_leg_candidate,-64.087,235.697,849.000,265.000,746.000,477.000,rgb_edges_inside_sam2_mask
62,2.541667,1,front_leg_candidate,-64.008,223.618,780.000,252.000,682.000,453.000,rgb_edges_inside_sam2_mask
62,2.541667,2,front_leg_candidate,-64.033,171.292,763.000,301.000,688.000,455.000,rgb_edges_inside_sam2_mask
62,2.541667,3,rear_leg_candidate,87.064,156.205,834.000,315.000,842.000,471.000,rgb_edges_inside_sam2_mask
62,2.541667,4,front_leg_candidate,-64.016,132.382,810.000,362.000,752.000,481.000,rgb_edges_inside_sam2_mask
62,2.541667,5,front_leg_candidate,-64.120,112.259,731.000,350.000,682.000,451.000,rgb_edges_inside_sam2_mask
62,2.541667,6,front_leg_candidate,-63.914,106.888,781.000,242.000,734.000,338.000,rgb_edges_inside_sam2_mask
62,2.541667,7,front_leg_candidate,-63.914,106.888,746.000,312.000,699.000,408.000,rgb_edges_inside_sam2_mask
62,2.541667,8,rear_leg_candidate,86.760,106.170,840.000,367.000,846.000,473.000,rgb_edges_inside_sam2_mask
62,2.541667,9,rear_leg_candidate,87.299,106.118,847.000,366.000,852.000,472.000,rgb_edges_inside_sam2_mask
62,2.541667,10,front_leg_candidate,-64.916,103.788,836.000,281.000,792.000,375.000,rgb_edges_inside_sam2_mask
62,2.541667,11,rear_leg_candidate,85.741,94.260,771.000,251.000,778.000,345.000,rgb_edges_inside_sam2_mask
62,2.541667,12,front_leg_candidate,-64.622,86.331,809.000,337.000,772.000,415.000,rgb_edges_inside_sam2_mask
62,2.541667,13,front_leg_candidate,-65.376,79.202,850.000,277.000,817.000,349.000,rgb_edges_inside_sam2_mask
62,2.541667,14,support_or_stretcher_candidate,23.405,73.007,700.000,424.000,767.000,453.000,rgb_edges_inside_sam2_mask
62,2.541667,15,front_leg_candidate,-63.789,72.450,720.000,389.000,688.000,454.000,rgb_edges_inside_sam2_mask
62,2.541667,16,front_leg_candidate,-64.179,68.877,784.000,418.000,754.000,480.000,rgb_edges_inside_sam2_mask
62,2.541667,17,support_or_stretcher_candidate,21.961,66.851,708.000,421.000,770.000,446.000,rgb_edges_inside_sam2_mask
62,2.541667,18,front_leg_candidate,-62.152,59.942,775.000,265.000,747.000,318.000,rgb_edges_inside_sam2_mask
62,2.541667,19,front_leg_candidate,-72.216,55.660,850.000,268.000,833.000,321.000,rgb_edges_inside_sam2_mask
62,2.541667,20,front_leg_candidate,-63.435,44.721,766.000,438.000,746.000,478.000,rgb_edges_inside_sam2_mask
62,2.541667,21,rear_leg_candidate,86.100,44.102,772.000,361.000,775.000,405.000,rgb_edges_inside_sam2_mask
62,2.541667,22,rear_leg_candidate,83.660,36.222,841.000,298.000,845.000,334.000,rgb_edges_inside_sam2_mask
63,2.583333,0,front_leg_candidate,-64.783,190.118,824.000,310.000,743.000,482.000,rgb_edges_inside_sam2_mask
63,2.583333,1,rear_leg_candidate,86.067,160.378,840.000,311.000,851.000,471.000,rgb_edges_inside_sam2_mask
63,2.583333,2,front_leg_candidate,-64.754,135.989,845.000,267.000,787.000,390.000,rgb_edges_inside_sam2_mask
63,2.583333,3,front_leg_candidate,-65.010,130.188,807.000,364.000,752.000,482.000,rgb_edges_inside_sam2_mask
63,2.583333,4,front_leg_candidate,-64.274,122.102,833.000,283.000,780.000,393.000,rgb_edges_inside_sam2_mask
63,2.583333,5,front_leg_candidate,-64.926,120.341,782.000,242.000,731.000,351.000,rgb_edges_inside_sam2_mask
63,2.583333,6,front_leg_candidate,-64.772,114.965,736.000,353.000,687.000,457.000,rgb_edges_inside_sam2_mask
63,2.583333,7,front_leg_candidate,-64.628,107.355,738.000,351.000,692.000,448.000,rgb_edges_inside_sam2_mask
63,2.583333,8,rear_leg_candidate,86.222,106.231,837.000,368.000,844.000,474.000,rgb_edges_inside_sam2_mask
63,2.583333,9,front_leg_candidate,-64.916,103.788,758.000,292.000,714.000,386.000,rgb_edges_inside_sam2_mask
63,2.583333,10,front_leg_candidate,-66.038,98.489,848.000,274.000,808.000,364.000,rgb_edges_inside_sam2_mask
63,2.583333,11,front_leg_candidate,-63.970,95.708,812.000,328.000,770.000,414.000,rgb_edges_inside_sam2_mask
63,2.583333,12,front_leg_candidate,-62.879,92.130,774.000,255.000,732.000,337.000,rgb_edges_inside_sam2_mask
63,2.583333,13,rear_leg_candidate,82.962,81.615,767.000,265.000,777.000,346.000,rgb_edges_inside_sam2_mask
63,2.583333,14,rear_leg_candidate,86.864,73.110,835.000,390.000,839.000,463.000,rgb_edges_inside_sam2_mask
63,2.583333,15,support_or_stretcher_candidate,24.444,72.498,698.000,425.000,764.000,455.000,rgb_edges_inside_sam2_mask
63,2.583333,16,front_leg_candidate,-65.956,71.176,710.000,391.000,681.000,456.000,rgb_edges_inside_sam2_mask
63,2.583333,17,support_or_stretcher_candidate,21.801,59.237,705.000,423.000,760.000,445.000,rgb_edges_inside_sam2_mask
63,2.583333,18,front_leg_candidate,-66.140,56.859,774.000,431.000,751.000,483.000,rgb_edges_inside_sam2_mask
63,2.583333,19,front_leg_candidate,-64.855,54.129,725.000,352.000,702.000,401.000,rgb_edges_inside_sam2_mask
63,2.583333,20,front_leg_candidate,-69.044,50.329,757.000,310.000,739.000,357.000,rgb_edges_inside_sam2_mask
63,2.583333,21,rear_leg_candidate,85.426,50.160,771.000,363.000,775.000,413.000,rgb_edges_inside_sam2_mask
63,2.583333,22,front_leg_candidate,-64.983,49.659,805.000,367.000,784.000,412.000,rgb_edges_inside_sam2_mask
63,2.583333,23,front_leg_candidate,-66.038,49.244,727.000,355.000,707.000,400.000,rgb_edges_inside_sam2_mask
63,2.583333,24,rear_leg_candidate,86.186,45.100,763.000,299.000,766.000,344.000,rgb_edges_inside_sam2_mask
63,2.583333,25,rear_leg_candidate,86.100,44.102,830.000,320.000,833.000,364.000,rgb_edges_inside_sam2_mask
63,2.583333,26,front_leg_candidate,-64.058,41.146,831.000,286.000,813.000,323.000,rgb_edges_inside_sam2_mask
63,2.583333,27,front_leg_candidate,-65.323,40.719,848.000,281.000,831.000,318.000,rgb_edges_inside_sam2_mask
63,2.583333,28,rear_leg_candidate,85.486,38.118,778.000,362.000,781.000,400.000,rgb_edges_inside_sam2_mask
63,2.583333,29,rear_leg_candidate,85.486,38.118,771.000,370.000,774.000,408.000,rgb_edges_inside_sam2_mask
64,2.625000,0,front_leg_candidate,-65.126,242.495,843.000,262.000,741.000,482.000,rgb_edges_inside_sam2_mask
64,2.625000,1,front_leg_candidate,-64.191,135.518,829.000,285.000,770.000,407.000,rgb_edges_inside_sam2_mask
64,2.625000,2,front_leg_candidate,-64.983,132.424,804.000,366.000,748.000,486.000,rgb_edges_inside_sam2_mask
64,2.625000,3,rear_leg_candidate,85.314,122.409,828.000,349.000,838.000,471.000,rgb_edges_inside_sam2_mask
64,2.625000,4,front_leg_candidate,-65.260,112.308,726.000,355.000,679.000,457.000,rgb_edges_inside_sam2_mask
64,2.625000,5,front_leg_candidate,-63.895,111.360,781.000,242.000,732.000,342.000,rgb_edges_inside_sam2_mask
64,2.625000,6,rear_leg_candidate,84.908,101.400,834.000,374.000,843.000,475.000,rgb_edges_inside_sam2_mask
64,2.625000,7,rear_leg_candidate,85.236,96.333,840.000,368.000,848.000,464.000,rgb_edges_inside_sam2_mask
64,2.625000,8,front_leg_candidate,-64.622,86.331,775.000,244.000,738.000,322.000,rgb_edges_inside_sam2_mask
64,2.625000,9,front_leg_candidate,-64.942,85.000,776.000,408.000,740.000,485.000,rgb_edges_inside_sam2_mask
64,2.625000,10,front_leg_candidate,-64.841,72.918,840.000,286.000,809.000,352.000,rgb_edges_inside_sam2_mask
64,2.625000,11,front_leg_candidate,-64.573,67.543,717.000,367.000,688.000,428.000,rgb_edges_inside_sam2_mask
64,2.625000,12,rear_leg_candidate,83.853,65.376,767.000,283.000,774.000,348.000,rgb_edges_inside_sam2_mask
64,2.625000,13,support_or_stretcher_candidate,21.631,62.394,696.000,423.000,754.000,446.000,rgb_edges_inside_sam2_mask
64,2.625000,14,support_or_stretcher_candidate,22.329,60.539,699.000,430.000,755.000,453.000,rgb_edges_inside_sam2_mask
64,2.625000,15,front_leg_candidate,-64.747,58.600,840.000,271.000,815.000,324.000,rgb_edges_inside_sam2_mask
64,2.625000,16,rear_leg_candidate,83.991,57.315,835.000,310.000,841.000,367.000,rgb_edges_inside_sam2_mask
64,2.625000,17,front_leg_candidate,-64.359,55.462,765.000,292.000,741.000,342.000,rgb_edges_inside_sam2_mask
64,2.625000,18,front_leg_candidate,-62.969,55.009,723.000,380.000,698.000,429.000,rgb_edges_inside_sam2_mask
64,2.625000,19,rear_leg_candidate,85.515,51.157,826.000,318.000,830.000,369.000,rgb_edges_inside_sam2_mask
64,2.625000,20,front_leg_candidate,-64.486,48.754,790.000,367.000,769.000,411.000,rgb_edges_inside_sam2_mask
64,2.625000,21,rear_leg_candidate,81.529,47.518,767.000,365.000,774.000,412.000,rgb_edges_inside_sam2_mask
64,2.625000,22,front_leg_candidate,-63.435,46.957,730.000,365.000,709.000,407.000,rgb_edges_inside_sam2_mask
64,2.625000,23,front_leg_candidate,-64.537,46.519,708.000,412.000,688.000,454.000,rgb_edges_inside_sam2_mask
64,2.625000,24,front_leg_candidate,-65.225,42.953,758.000,303.000,740.000,342.000,rgb_edges_inside_sam2_mask
64,2.625000,25,front_leg_candidate,-64.093,38.910,838.000,293.000,821.000,328.000,rgb_edges_inside_sam2_mask
64,2.625000,26,front_leg_candidate,-64.799,37.577,785.000,379.000,769.000,413.000,rgb_edges_inside_sam2_mask
64,2.625000,27,rear_leg_candidate,85.365,37.121,839.000,438.000,842.000,475.000,rgb_edges_inside_sam2_mask
65,2.666667,0,front_leg_candidate,-65.175,161.966,836.000,270.000,768.000,417.000,rgb_edges_inside_sam2_mask
65,2.666667,1,front_leg_candidate,-65.813,129.356,798.000,369.000,745.000,487.000,rgb_edges_inside_sam2_mask
65,2.666667,2,front_leg_candidate,-65.289,124.391,838.000,255.000,786.000,368.000,rgb_edges_inside_sam2_mask
65,2.666667,3,rear_leg_candidate,83.868,121.696,824.000,353.000,837.000,474.000,rgb_edges_inside_sam2_mask
65,2.666667,4,front_leg_candidate,-64.983,115.871,837.000,270.000,788.000,375.000,rgb_edges_inside_sam2_mask
65,2.666667,5,front_leg_candidate,-65.045,111.400,724.000,357.000,677.000,458.000,rgb_edges_inside_sam2_mask
65,2.666667,6,front_leg_candidate,-66.092,106.104,774.000,246.000,731.000,343.000,rgb_edges_inside_sam2_mask
65,2.666667,7,front_leg_candidate,-65.400,91.285,728.000,362.000,690.000,445.000,rgb_edges_inside_sam2_mask
65,2.666667,8,front_leg_candidate,-64.904,87.235,729.000,362.000,692.000,441.000,rgb_edges_inside_sam2_mask
65,2.666667,9,front_leg_candidate,-65.376,79.202,723.000,356.000,690.000,428.000,rgb_edges_inside_sam2_mask
65,2.666667,10,front_leg_candidate,-64.537,69.778,771.000,413.000,741.000,476.000,rgb_edges_inside_sam2_mask
65,2.666667,11,support_or_stretcher_candidate,25.463,69.778,695.000,430.000,758.000,460.000,rgb_edges_inside_sam2_mask
65,2.666667,12,rear_leg_candidate,84.036,67.365,830.000,301.000,837.000,368.000,rgb_edges_inside_sam2_mask
65,2.666667,13,front_leg_candidate,-66.218,64.475,799.000,368.000,773.000,427.000,rgb_edges_inside_sam2_mask
65,2.666667,14,front_leg_candidate,-65.854,63.561,770.000,430.000,744.000,488.000,rgb_edges_inside_sam2_mask
65,2.666667,15,rear_leg_candidate,84.472,62.290,837.000,373.000,843.000,435.000,rgb_edges_inside_sam2_mask
65,2.666667,16,front_leg_candidate,-65.095,61.741,797.000,347.000,771.000,403.000,rgb_edges_inside_sam2_mask
65,2.666667,17,rear_leg_candidate,83.660,54.332,764.000,284.000,770.000,338.000,rgb_edges_inside_sam2_mask
65,2.666667,18,front_leg_candidate,-61.928,51.000,833.000,299.000,809.000,344.000,rgb_edges_inside_sam2_mask
65,2.666667,19,rear_leg_candidate,84.053,48.260,840.000,411.000,845.000,459.000,rgb_edges_inside_sam2_mask
65,2.666667,20,support_or_stretcher_candidate,21.125,47.170,695.000,426.000,739.000,443.000,rgb_edges_inside_sam2_mask
65,2.666667,21,front_leg_candidate,-63.997,45.618,755.000,305.000,735.000,346.000,rgb_edges_inside_sam2_mask
65,2.666667,22,rear_leg_candidate,83.660,45.277,771.000,339.000,776.000,384.000,rgb_edges_inside_sam2_mask
65,2.666667,23,front_leg_candidate,-65.136,45.188,720.000,355.000,701.000,396.000,rgb_edges_inside_sam2_mask
65,2.666667,24,rear_leg_candidate,86.186,45.100,767.000,369.000,770.000,414.000,rgb_edges_inside_sam2_mask
65,2.666667,25,front_leg_candidate,-65.772,43.863,755.000,306.000,737.000,346.000,rgb_edges_inside_sam2_mask
65,2.666667,26,front_leg_candidate,-65.772,43.863,695.000,420.000,677.000,460.000,rgb_edges_inside_sam2_mask
65,2.666667,27,rear_leg_candidate,83.047,41.304,835.000,435.000,840.000,476.000,rgb_edges_inside_sam2_mask
65,2.666667,28,rear_leg_candidate,82.304,37.336,831.000,390.000,836.000,427.000,rgb_edges_inside_sam2_mask
65,2.666667,29,rear_leg_candidate,83.660,36.222,757.000,305.000,761.000,341.000,rgb_edges_inside_sam2_mask
66,2.708333,0,front_leg_candidate,-66.136,237.287,830.000,271.000,734.000,488.000,rgb_edges_inside_sam2_mask
66,2.708333,1,rear_leg_candidate,83.037,131.973,757.000,258.000,773.000,389.000,rgb_edges_inside_sam2_mask
66,2.708333,2,front_leg_candidate,-65.772,131.590,795.000,369.000,741.000,489.000,rgb_edges_inside_sam2_mask
66,2.708333,3,front_leg_candidate,-66.038,128.035,793.000,371.000,741.000,488.000,rgb_edges_inside_sam2_mask
66,2.708333,4,front_leg_candidate,-66.038,118.186,781.000,380.000,733.000,488.000,rgb_edges_inside_sam2_mask
66,2.708333,5,front_leg_candidate,-65.934,112.805,727.000,359.000,681.000,462.000,rgb_edges_inside_sam2_mask
66,2.708333,6,rear_leg_candidate,83.830,111.647,832.000,369.000,844.000,480.000,rgb_edges_inside_sam2_mask
66,2.708333,7,rear_leg_candidate,82.488,91.788,754.000,306.000,766.000,397.000,rgb_edges_inside_sam2_mask
66,2.708333,8,front_leg_candidate,-66.975,86.925,764.000,258.000,730.000,338.000,rgb_edges_inside_sam2_mask
66,2.708333,9,rear_leg_candidate,82.962,81.615,824.000,287.000,834.000,368.000,rgb_edges_inside_sam2_mask
66,2.708333,10,front_leg_candidate,-66.615,80.623,719.000,359.000,687.000,433.000,rgb_edges_inside_sam2_mask
66,2.708333,11,front_leg_candidate,-66.413,77.473,705.000,390.000,674.000,461.000,rgb_edges_inside_sam2_mask
66,2.708333,12,front_leg_candidate,-64.537,69.778,830.000,293.000,800.000,356.000,rgb_edges_inside_sam2_mask
66,2.708333,13,support_or_stretcher_candidate,23.962,68.942,691.000,431.000,754.000,459.000,rgb_edges_inside_sam2_mask
66,2.708333,14,front_leg_candidate,-65.344,67.119,792.000,348.000,764.000,409.000,rgb_edges_inside_sam2_mask
66,2.708333,15,support_or_stretcher_candidate,24.146,63.561,698.000,428.000,756.000,454.000,rgb_edges_inside_sam2_mask
66,2.708333,16,support_or_stretcher_candidate,21.448,60.166,776.000,421.000,832.000,443.000,rgb_edges_inside_sam2_mask
66,2.708333,17,front_leg_candidate,-68.199,59.237,791.000,346.000,769.000,401.000,rgb_edges_inside_sam2_mask
66,2.708333,18,support_or_stretcher_candidate,21.251,57.940,773.000,419.000,827.000,440.000,rgb_edges_inside_sam2_mask
66,2.708333,19,front_leg_candidate,-66.140,56.859,748.000,289.000,725.000,341.000,rgb_edges_inside_sam2_mask
66,2.708333,20,rear_leg_candidate,84.611,53.235,818.000,318.000,823.000,371.000,rgb_edges_inside_sam2_mask
66,2.708333,21,rear_leg_candidate,84.289,50.249,823.000,379.000,828.000,429.000,rgb_edges_inside_sam2_mask
66,2.708333,22,front_leg_candidate,-65.659,46.098,711.000,370.000,692.000,412.000,rgb_edges_inside_sam2_mask
66,2.708333,23,front_leg_candidate,-65.772,43.863,751.000,307.000,733.000,347.000,rgb_edges_inside_sam2_mask
66,2.708333,24,front_leg_candidate,-66.448,42.544,726.000,362.000,709.000,401.000,rgb_edges_inside_sam2_mask
66,2.708333,25,support_or_stretcher_candidate,23.552,42.544,701.000,429.000,740.000,446.000,rgb_edges_inside_sam2_mask
66,2.708333,26,rear_leg_candidate,81.469,40.447,832.000,437.000,838.000,477.000,rgb_edges_inside_sam2_mask
66,2.708333,27,support_or_stretcher_candidate,23.962,39.395,711.000,441.000,747.000,457.000,rgb_edges_inside_sam2_mask
66,2.708333,28,front_leg_candidate,-66.194,37.162,720.000,359.000,705.000,393.000,rgb_edges_inside_sam2_mask
67,2.750000,0,front_leg_candidate,-66.038,246.221,829.000,263.000,729.000,488.000,rgb_edges_inside_sam2_mask
67,2.750000,1,front_leg_candidate,-66.275,171.493,827.000,257.000,758.000,414.000,rgb_edges_inside_sam2_mask
67,2.750000,2,front_leg_candidate,-66.689,133.933,775.000,244.000,722.000,367.000,rgb_edges_inside_sam2_mask
67,2.750000,3,front_leg_candidate,-65.681,114.127,725.000,358.000,678.000,462.000,rgb_edges_inside_sam2_mask
67,2.750000,4,front_leg_candidate,-65.872,105.190,766.000,249.000,723.000,345.000,rgb_edges_inside_sam2_mask
67,2.750000,5,front_leg_candidate,-65.872,105.190,769.000,244.000,726.000,340.000,rgb_edges_inside_sam2_mask
67,2.750000,6,rear_leg_candidate,85.030,92.347,830.000,384.000,838.000,476.000,rgb_edges_inside_sam2_mask
67,2.750000,7,rear_leg_candidate,82.235,88.814,753.000,262.000,765.000,350.000,rgb_edges_inside_sam2_mask
67,2.750000,8,rear_leg_candidate,83.660,81.498,816.000,353.000,825.000,434.000,rgb_edges_inside_sam2_mask
67,2.750000,9,front_leg_candidate,-65.879,73.410,766.000,423.000,736.000,490.000,rgb_edges_inside_sam2_mask
67,2.750000,10,front_leg_candidate,-67.011,71.694,700.000,395.000,672.000,461.000,rgb_edges_inside_sam2_mask
67,2.750000,11,support_or_stretcher_candidate,20.898,58.873,773.000,421.000,828.000,442.000,rgb_edges_inside_sam2_mask
67,2.750000,12,rear_leg_candidate,82.011,57.559,748.000,291.000,756.000,348.000,rgb_edges_inside_sam2_mask
67,2.750000,13,support_or_stretcher_candidate,25.201,56.365,688.000,432.000,739.000,456.000,rgb_edges_inside_sam2_mask
67,2.750000,14,rear_leg_candidate,82.747,55.444,822.000,315.000,829.000,370.000,rgb_edges_inside_sam2_mask
67,2.750000,15,support_or_stretcher_candidate,25.145,54.129,695.000,429.000,744.000,452.000,rgb_edges_inside_sam2_mask
67,2.750000,16,front_leg_candidate,-67.989,50.695,822.000,294.000,803.000,341.000,rgb_edges_inside_sam2_mask
67,2.750000,17,front_leg_candidate,-67.557,49.769,827.000,284.000,808.000,330.000,rgb_edges_inside_sam2_mask
67,2.750000,18,front_leg_candidate,-68.199,48.466,706.000,382.000,688.000,427.000,rgb_edges_inside_sam2_mask
67,2.750000,19,front_leg_candidate,-67.694,42.154,789.000,371.000,773.000,410.000,rgb_edges_inside_sam2_mask
67,2.750000,20,rear_leg_candidate,82.694,39.319,823.000,397.000,828.000,436.000,rgb_edges_inside_sam2_mask
67,2.750000,21,front_leg_candidate,-65.433,38.484,753.000,454.000,737.000,489.000,rgb_edges_inside_sam2_mask
67,2.750000,22,rear_leg_candidate,81.027,38.471,759.000,370.000,765.000,408.000,rgb_edges_inside_sam2_mask
68,2.791667,0,front_leg_candidate,-65.847,244.395,825.000,261.000,725.000,484.000,rgb_edges_inside_sam2_mask
68,2.791667,1,rear_leg_candidate,83.333,155.048,814.000,288.000,832.000,442.000,rgb_edges_inside_sam2_mask
68,2.791667,2,rear_leg_candidate,83.047,123.911,805.000,307.000,820.000,430.000,rgb_edges_inside_sam2_mask
68,2.791667,3,front_leg_candidate,-65.395,117.686,779.000,384.000,730.000,491.000,rgb_edges_inside_sam2_mask
68,2.791667,4,front_leg_candidate,-66.140,113.719,769.000,386.000,723.000,490.000,rgb_edges_inside_sam2_mask
68,2.791667,5,front_leg_candidate,-64.195,101.079,730.000,343.000,686.000,434.000,rgb_edges_inside_sam2_mask
68,2.791667,6,front_leg_candidate,-66.801,91.389,704.000,378.000,668.000,462.000,rgb_edges_inside_sam2_mask
68,2.791667,7,rear_leg_candidate,82.875,88.685,810.000,354.000,821.000,442.000,rgb_edges_inside_sam2_mask
68,2.791667,8,front_leg_candidate,-64.058,82.292,774.000,246.000,738.000,320.000,rgb_edges_inside_sam2_mask
68,2.791667,9,front_leg_candidate,-66.251,81.939,823.000,283.000,790.000,358.000,rgb_edges_inside_sam2_mask
68,2.791667,10,front_leg_candidate,-63.750,81.394,751.000,295.000,715.000,368.000,rgb_edges_inside_sam2_mask
68,2.791667,11,rear_leg_candidate,83.387,69.462,827.000,405.000,835.000,474.000,rgb_edges_inside_sam2_mask
68,2.791667,12,support_or_stretcher_candidate,24.717,69.354,684.000,426.000,747.000,455.000,rgb_edges_inside_sam2_mask
68,2.791667,13,rear_leg_candidate,84.123,68.359,821.000,410.000,828.000,478.000,rgb_edges_inside_sam2_mask
68,2.791667,14,rear_leg_candidate,82.648,62.514,755.000,298.000,763.000,360.000,rgb_edges_inside_sam2_mask
68,2.791667,15,front_leg_candidate,-65.556,60.415,782.000,349.000,757.000,404.000,rgb_edges_inside_sam2_mask
68,2.791667,16,rear_leg_candidate,81.027,57.706,744.000,291.000,753.000,348.000,rgb_edges_inside_sam2_mask
68,2.791667,17,front_leg_candidate,-65.225,57.271,755.000,438.000,731.000,490.000,rgb_edges_inside_sam2_mask
68,2.791667,18,support_or_stretcher_candidate,20.674,56.648,766.000,414.000,819.000,434.000,rgb_edges_inside_sam2_mask
68,2.791667,19,support_or_stretcher_candidate,22.932,56.462,768.000,420.000,820.000,442.000,rgb_edges_inside_sam2_mask
68,2.791667,20,support_or_stretcher_candidate,25.641,55.462,684.000,432.000,734.000,456.000,rgb_edges_inside_sam2_mask
68,2.791667,21,front_leg_candidate,-66.251,54.626,731.000,312.000,709.000,362.000,rgb_edges_inside_sam2_mask
68,2.791667,22,front_leg_candidate,-66.251,54.626,697.000,412.000,675.000,462.000,rgb_edges_inside_sam2_mask
68,2.791667,23,front_leg_candidate,-67.797,52.924,718.000,345.000,698.000,394.000,rgb_edges_inside_sam2_mask
68,2.791667,24,front_leg_candidate,-68.405,51.624,734.000,313.000,715.000,361.000,rgb_edges_inside_sam2_mask
68,2.791667,25,front_leg_candidate,-76.504,51.420,822.000,271.000,810.000,321.000,rgb_edges_inside_sam2_mask
68,2.791667,26,front_leg_candidate,-64.486,48.754,742.000,314.000,721.000,358.000,rgb_edges_inside_sam2_mask
68,2.791667,27,front_leg_candidate,-65.659,46.098,703.000,373.000,684.000,415.000,rgb_edges_inside_sam2_mask
68,2.791667,28,front_leg_candidate,-65.659,46.098,703.000,374.000,684.000,416.000,rgb_edges_inside_sam2_mask
68,2.791667,29,front_leg_candidate,-66.297,44.777,811.000,293.000,793.000,334.000,rgb_edges_inside_sam2_mask
68,2.791667,30,front_leg_candidate,-64.654,42.048,785.000,371.000,767.000,409.000,rgb_edges_inside_sam2_mask
68,2.791667,31,rear_leg_candidate,-88.531,39.013,838.000,441.000,837.000,480.000,rgb_edges_inside_sam2_mask
69,2.833333,0,front_leg_candidate,-65.991,250.689,820.000,261.000,718.000,490.000,rgb_edges_inside_sam2_mask
69,2.833333,1,front_leg_candidate,-64.964,184.318,747.000,295.000,669.000,462.000,rgb_edges_inside_sam2_mask
69,2.833333,2,front_leg_candidate,-66.005,179.513,790.000,326.000,717.000,490.000,rgb_edges_inside_sam2_mask
69,2.833333,3,rear_leg_candidate,82.921,154.175,801.000,323.000,820.000,476.000,rgb_edges_inside_sam2_mask
69,2.833333,4,front_leg_candidate,-66.114,153.114,817.000,257.000,755.000,397.000,rgb_edges_inside_sam2_mask
69,2.833333,5,rear_leg_candidate,83.173,143.014,812.000,316.000,829.000,458.000,rgb_edges_inside_sam2_mask
69,2.833333,6,front_leg_candidate,-65.256,126.625,738.000,289.000,685.000,404.000,rgb_edges_inside_sam2_mask
69,2.833333,7,rear_leg_candidate,81.148,123.471,745.000,263.000,764.000,385.000,rgb_edges_inside_sam2_mask
69,2.833333,8,front_leg_candidate,-66.400,112.401,709.000,359.000,664.000,462.000,rgb_edges_inside_sam2_mask
69,2.833333,9,front_leg_candidate,-65.772,109.659,708.000,361.000,663.000,461.000,rgb_edges_inside_sam2_mask
69,2.833333,10,rear_leg_candidate,83.019,98.732,803.000,332.000,815.000,430.000,rgb_edges_inside_sam2_mask
69,2.833333,11,rear_leg_candidate,83.530,97.622,819.000,379.000,830.000,476.000,rgb_edges_inside_sam2_mask
69,2.833333,12,front_leg_candidate,-64.335,85.428,743.000,287.000,706.000,364.000,rgb_edges_inside_sam2_mask
69,2.833333,13,support_or_stretcher_candidate,22.190,82.079,751.000,415.000,827.000,446.000,rgb_edges_inside_sam2_mask
69,2.833333,14,front_leg_candidate,-65.026,80.529,704.000,389.000,670.000,462.000,rgb_edges_inside_sam2_mask
69,2.833333,15,front_leg_candidate,-77.957,76.688,819.000,256.000,803.000,331.000,rgb_edges_inside_sam2_mask
69,2.833333,16,front_leg_candidate,-66.114,76.557,815.000,288.000,784.000,358.000,rgb_edges_inside_sam2_mask
69,2.833333,17,front_leg_candidate,-64.537,69.778,760.000,266.000,730.000,329.000,rgb_edges_inside_sam2_mask
69,2.833333,18,front_leg_candidate,-66.038,68.942,814.000,293.000,786.000,356.000,rgb_edges_inside_sam2_mask
69,2.833333,19,support_or_stretcher_candidate,27.681,68.884,677.000,430.000,738.000,462.000,rgb_edges_inside_sam2_mask
69,2.833333,20,support_or_stretcher_candidate,25.821,68.877,679.000,426.000,741.000,456.000,rgb_edges_inside_sam2_mask
69,2.833333,21,rear_leg_candidate,84.036,67.365,816.000,411.000,823.000,478.000,rgb_edges_inside_sam2_mask
69,2.833333,22,support_or_stretcher_candidate,24.590,64.885,660.000,342.000,719.000,369.000,rgb_edges_inside_sam2_mask
69,2.833333,23,front_leg_candidate,-65.638,58.181,757.000,419.000,733.000,472.000,rgb_edges_inside_sam2_mask
69,2.833333,24,front_leg_candidate,-65.298,55.036,743.000,302.000,720.000,352.000,rgb_edges_inside_sam2_mask
69,2.833333,25,rear_leg_candidate,81.085,51.624,742.000,298.000,750.000,349.000,rgb_edges_inside_sam2_mask
69,2.833333,26,front_leg_candidate,-63.947,50.090,752.000,268.000,730.000,313.000,rgb_edges_inside_sam2_mask
69,2.833333,27,support_or_stretcher_candidate,21.371,49.396,766.000,416.000,812.000,434.000,rgb_edges_inside_sam2_mask
69,2.833333,28,support_or_stretcher_candidate,26.565,49.193,687.000,429.000,731.000,451.000,rgb_edges_inside_sam2_mask
69,2.833333,29,support_or_stretcher_candidate,27.121,46.065,684.000,435.000,725.000,456.000,rgb_edges_inside_sam2_mask
69,2.833333,30,front_leg_candidate,-65.772,43.863,776.000,351.000,758.000,391.000,rgb_edges_inside_sam2_mask
69,2.833333,31,front_leg_candidate,-64.026,43.382,743.000,452.000,724.000,491.000,rgb_edges_inside_sam2_mask
69,2.833333,32,rear_leg_candidate,83.211,42.297,766.000,401.000,771.000,443.000,rgb_edges_inside_sam2_mask
69,2.833333,33,rear_leg_candidate,85.601,39.115,826.000,376.000,829.000,415.000,rgb_edges_inside_sam2_mask
70,2.875000,0,front_leg_candidate,-65.095,185.224,743.000,295.000,665.000,463.000,rgb_edges_inside_sam2_mask
70,2.875000,1,front_leg_candidate,-65.002,179.847,812.000,270.000,736.000,433.000,rgb_edges_inside_sam2_mask
70,2.875000,2,front_leg_candidate,-65.989,120.420,773.000,371.000,724.000,481.000,rgb_edges_inside_sam2_mask
70,2.875000,3,front_leg_candidate,-65.638,116.362,799.000,287.000,751.000,393.000,rgb_edges_inside_sam2_mask
70,2.875000,4,front_leg_candidate,-65.260,112.308,758.000,387.000,711.000,489.000,rgb_edges_inside_sam2_mask
70,2.875000,5,rear_leg_candidate,82.020,108.046,795.000,322.000,810.000,429.000,rgb_edges_inside_sam2_mask
70,2.875000,6,front_leg_candidate,-64.885,106.024,704.000,363.000,659.000,459.000,rgb_edges_inside_sam2_mask
70,2.875000,7,rear_leg_candidate,82.147,87.824,803.000,297.000,815.000,384.000,rgb_edges_inside_sam2_mask
70,2.875000,8,rear_leg_candidate,83.367,86.579,815.000,392.000,825.000,478.000,rgb_edges_inside_sam2_mask
70,2.875000,9,front_leg_candidate,-66.251,81.939,753.000,414.000,720.000,489.000,rgb_edges_inside_sam2_mask
70,2.875000,10,support_or_stretcher_candidate,22.068,79.850,747.000,410.000,821.000,440.000,rgb_edges_inside_sam2_mask
70,2.875000,11,support_or_stretcher_candidate,23.886,76.557,745.000,414.000,815.000,445.000,rgb_edges_inside_sam2_mask
70,2.875000,12,rear_leg_candidate,83.191,67.476,811.000,412.000,819.000,479.000,rgb_edges_inside_sam2_mask
70,2.875000,13,support_or_stretcher_candidate,27.719,66.648,673.000,430.000,732.000,461.000,rgb_edges_inside_sam2_mask
70,2.875000,14,support_or_stretcher_candidate,25.796,66.641,675.000,426.000,735.000,455.000,rgb_edges_inside_sam2_mask
70,2.875000,15,front_leg_candidate,-65.556,60.415,701.000,370.000,676.000,425.000,rgb_edges_inside_sam2_mask
70,2.875000,16,front_leg_candidate,-65.556,60.415,738.000,287.000,713.000,342.000,rgb_edges_inside_sam2_mask
70,2.875000,17,support_or_stretcher_candidate,26.996,59.481,679.000,435.000,732.000,462.000,rgb_edges_inside_sam2_mask
70,2.875000,18,front_leg_candidate,-66.801,53.310,810.000,288.000,789.000,337.000,rgb_edges_inside_sam2_mask
70,2.875000,19,rear_leg_candidate,82.185,51.478,748.000,301.000,755.000,352.000,rgb_edges_inside_sam2_mask
70,2.875000,20,front_leg_candidate,-65.462,50.567,739.000,445.000,718.000,491.000,rgb_edges_inside_sam2_mask
70,2.875000,21,support_or_stretcher_candidate,23.962,49.244,670.000,349.000,715.000,369.000,rgb_edges_inside_sam2_mask
70,2.875000,22,rear_leg_candidate,82.569,46.390,809.000,342.000,815.000,388.000,rgb_edges_inside_sam2_mask
70,2.875000,23,rear_leg_candidate,82.405,45.398,762.000,404.000,768.000,449.000,rgb_edges_inside_sam2_mask
70,2.875000,24,support_or_stretcher_candidate,26.565,44.721,683.000,430.000,723.000,450.000,rgb_edges_inside_sam2_mask
70,2.875000,25,rear_leg_candidate,80.754,43.566,739.000,306.000,746.000,349.000,rgb_edges_inside_sam2_mask
70,2.875000,26,front_leg_candidate,-65.225,42.953,737.000,306.000,719.000,345.000,rgb_edges_inside_sam2_mask
70,2.875000,27,front_leg_candidate,-64.654,42.048,677.000,422.000,659.000,460.000,rgb_edges_inside_sam2_mask
70,2.875000,28,rear_leg_candidate,82.304,37.336,819.000,399.000,824.000,436.000,rgb_edges_inside_sam2_mask
70,2.875000,29,rear_leg_candidate,82.304,37.336,809.000,424.000,814.000,461.000,rgb_edges_inside_sam2_mask
71,2.916667,0,front_leg_candidate,-64.940,238.447,806.000,272.000,705.000,488.000,rgb_edges_inside_sam2_mask
71,2.916667,1,front_leg_candidate,-64.983,182.082,739.000,296.000,662.000,461.000,rgb_edges_inside_sam2_mask
71,2.916667,2,front_leg_candidate,-64.983,132.424,768.000,371.000,712.000,491.000,rgb_edges_inside_sam2_mask
71,2.916667,3,rear_leg_candidate,82.930,129.988,791.000,322.000,807.000,451.000,rgb_edges_inside_sam2_mask
71,2.916667,4,front_leg_candidate,-65.225,128.860,810.000,260.000,756.000,377.000,rgb_edges_inside_sam2_mask
71,2.916667,5,front_leg_candidate,-64.799,112.730,756.000,244.000,708.000,346.000,rgb_edges_inside_sam2_mask
71,2.916667,6,front_leg_candidate,-65.045,111.400,754.000,245.000,707.000,346.000,rgb_edges_inside_sam2_mask
71,2.916667,7,rear_leg_candidate,83.260,110.766,792.000,322.000,805.000,432.000,rgb_edges_inside_sam2_mask
71,2.916667,8,front_leg_candidate,-65.225,100.225,703.000,371.000,661.000,462.000,rgb_edges_inside_sam2_mask
71,2.916667,9,front_leg_candidate,-65.353,93.520,744.000,405.000,705.000,490.000,rgb_edges_inside_sam2_mask
71,2.916667,10,rear_leg_candidate,81.957,92.914,742.000,287.000,755.000,379.000,rgb_edges_inside_sam2_mask
71,2.916667,11,rear_leg_candidate,82.954,89.677,799.000,300.000,810.000,389.000,rgb_edges_inside_sam2_mask
71,2.916667,12,rear_leg_candidate,84.094,87.464,812.000,383.000,821.000,470.000,rgb_edges_inside_sam2_mask
71,2.916667,13,front_leg_candidate,-66.280,72.090,700.000,360.000,671.000,426.000,rgb_edges_inside_sam2_mask
71,2.916667,14,front_leg_candidate,-65.624,70.264,683.000,397.000,654.000,461.000,rgb_edges_inside_sam2_mask
71,2.916667,15,support_or_stretcher_candidate,23.629,69.857,746.000,417.000,810.000,445.000,rgb_edges_inside_sam2_mask
71,2.916667,16,support_or_stretcher_candidate,22.751,67.231,741.000,409.000,803.000,435.000,rgb_edges_inside_sam2_mask
71,2.916667,17,support_or_stretcher_candidate,26.952,66.189,668.000,431.000,727.000,461.000,rgb_edges_inside_sam2_mask
71,2.916667,18,rear_leg_candidate,83.758,64.382,736.000,307.000,743.000,371.000,rgb_edges_inside_sam2_mask
71,2.916667,19,front_leg_candidate,-63.435,62.610,752.000,270.000,724.000,326.000,rgb_edges_inside_sam2_mask
71,2.916667,20,front_leg_candidate,-65.095,61.741,741.000,431.000,715.000,487.000,rgb_edges_inside_sam2_mask
71,2.916667,21,support_or_stretcher_candidate,51.340,57.628,717.000,341.000,753.000,386.000,rgb_edges_inside_sam2_mask
71,2.916667,22,support_or_stretcher_candidate,27.512,54.120,671.000,425.000,719.000,450.000,rgb_edges_inside_sam2_mask
71,2.916667,23,front_leg_candidate,-65.556,48.332,767.000,344.000,747.000,388.000,rgb_edges_inside_sam2_mask
71,2.916667,24,rear_leg_candidate,83.928,47.265,806.000,414.000,811.000,461.000,rgb_edges_inside_sam2_mask
71,2.916667,25,front_leg_candidate,-64.537,46.519,729.000,317.000,709.000,359.000,rgb_edges_inside_sam2_mask
71,2.916667,26,rear_leg_candidate,83.660,45.277,758.000,399.000,763.000,444.000,rgb_edges_inside_sam2_mask
71,2.916667,27,support_or_stretcher_candidate,27.150,43.829,679.000,430.000,718.000,450.000,rgb_edges_inside_sam2_mask
71,2.916667,28,support_or_stretcher_candidate,23.025,43.463,658.000,346.000,698.000,363.000,rgb_edges_inside_sam2_mask
71,2.916667,29,rear_leg_candidate,80.538,42.579,751.000,410.000,758.000,452.000,rgb_edges_inside_sam2_mask
71,2.916667,30,front_leg_candidate,-65.433,38.484,790.000,323.000,774.000,358.000,rgb_edges_inside_sam2_mask
72,2.958333,0,front_leg_candidate,-64.837,237.542,758.000,246.000,657.000,461.000,rgb_edges_inside_sam2_mask
72,2.958333,1,front_leg_candidate,-64.983,215.188,798.000,294.000,707.000,489.000,rgb_edges_inside_sam2_mask
72,2.958333,2,rear_leg_candidate,83.056,157.153,786.000,322.000,805.000,478.000,rgb_edges_inside_sam2_mask
72,2.958333,3,front_leg_candidate,-63.954,148.034,802.000,271.000,737.000,404.000,rgb_edges_inside_sam2_mask
72,2.958333,4,front_leg_candidate,-65.010,130.188,761.000,372.000,706.000,490.000,rgb_edges_inside_sam2_mask
72,2.958333,5,front_leg_candidate,-64.581,111.826,752.000,245.000,704.000,346.000,rgb_edges_inside_sam2_mask
72,2.958333,6,front_leg_candidate,-64.855,108.259,749.000,248.000,703.000,346.000,rgb_edges_inside_sam2_mask
72,2.958333,7,front_leg_candidate,-65.450,89.051,736.000,409.000,699.000,490.000,rgb_edges_inside_sam2_mask
72,2.958333,8,front_leg_candidate,-64.011,89.000,698.000,359.000,659.000,439.000,rgb_edges_inside_sam2_mask
72,2.958333,9,rear_leg_candidate,84.806,88.363,805.000,363.000,813.000,451.000,rgb_edges_inside_sam2_mask
72,2.958333,10,support_or_stretcher_candidate,25.096,87.235,734.000,413.000,813.000,450.000,rgb_edges_inside_sam2_mask
72,2.958333,11,front_leg_candidate,-64.335,85.428,761.000,356.000,724.000,433.000,rgb_edges_inside_sam2_mask
72,2.958333,12,rear_leg_candidate,83.047,82.608,794.000,305.000,804.000,387.000,rgb_edges_inside_sam2_mask
72,2.958333,13,support_or_stretcher_candidate,20.886,81.345,735.000,411.000,811.000,440.000,rgb_edges_inside_sam2_mask
72,2.958333,14,support_or_stretcher_candidate,28.179,63.530,664.000,431.000,720.000,461.000,rgb_edges_inside_sam2_mask
72,2.958333,15,rear_leg_candidate,82.614,54.452,753.000,393.000,760.000,447.000,rgb_edges_inside_sam2_mask
72,2.958333,16,support_or_stretcher_candidate,27.051,52.773,666.000,426.000,713.000,450.000,rgb_edges_inside_sam2_mask
72,2.958333,17,support_or_stretcher_candidate,26.565,51.430,646.000,341.000,692.000,364.000,rgb_edges_inside_sam2_mask
72,2.958333,18,front_leg_candidate,-63.947,50.090,691.000,388.000,669.000,433.000,rgb_edges_inside_sam2_mask
72,2.958333,19,support_or_stretcher_candidate,27.597,49.649,669.000,435.000,713.000,458.000,rgb_edges_inside_sam2_mask
72,2.958333,20,front_leg_candidate,-65.136,45.188,730.000,308.000,711.000,349.000,rgb_edges_inside_sam2_mask
72,2.958333,21,rear_leg_candidate,82.057,43.417,732.000,307.000,738.000,350.000,rgb_edges_inside_sam2_mask
72,2.958333,22,front_leg_candidate,-63.435,40.249,671.000,416.000,653.000,452.000,rgb_edges_inside_sam2_mask
72,2.958333,23,rear_leg_candidate,85.486,38.118,795.000,264.000,798.000,302.000,rgb_edges_inside_sam2_mask
73,3.000000,0,front_leg_candidate,-64.087,235.697,796.000,259.000,693.000,471.000,rgb_edges_inside_sam2_mask
73,3.000000,1,front_leg_candidate,-63.958,195.888,771.000,312.000,685.000,488.000,rgb_edges_inside_sam2_mask
73,3.000000,2,rear_leg_candidate,84.674,118.512,792.000,363.000,803.000,481.000,rgb_edges_inside_sam2_mask
73,3.000000,3,front_leg_candidate,-63.208,113.146,746.000,245.000,695.000,346.000,rgb_edges_inside_sam2_mask
73,3.000000,4,rear_leg_candidate,83.830,111.647,776.000,323.000,788.000,434.000,rgb_edges_inside_sam2_mask
73,3.000000,5,front_leg_candidate,-64.134,110.023,751.000,247.000,703.000,346.000,rgb_edges_inside_sam2_mask
73,3.000000,6,front_leg_candidate,-63.905,109.124,741.000,392.000,693.000,490.000,rgb_edges_inside_sam2_mask
73,3.000000,7,front_leg_candidate,-64.463,99.745,683.000,370.000,640.000,460.000,rgb_edges_inside_sam2_mask
73,3.000000,8,front_leg_candidate,-63.693,99.282,690.000,372.000,646.000,461.000,rgb_edges_inside_sam2_mask
73,3.000000,9,front_leg_candidate,-64.213,98.843,728.000,401.000,685.000,490.000,rgb_edges_inside_sam2_mask
73,3.000000,10,front_leg_candidate,-63.958,97.944,735.000,403.000,692.000,491.000,rgb_edges_inside_sam2_mask
73,3.000000,11,rear_leg_candidate,82.875,72.560,733.000,300.000,742.000,372.000,rgb_edges_inside_sam2_mask
73,3.000000,12,front_leg_candidate,-63.435,71.554,679.000,397.000,647.000,461.000,rgb_edges_inside_sam2_mask
73,3.000000,13,rear_leg_candidate,84.289,70.349,744.000,383.000,751.000,453.000,rgb_edges_inside_sam2_mask
73,3.000000,14,front_leg_candidate,-64.983,66.212,788.000,292.000,760.000,352.000,rgb_edges_inside_sam2_mask
73,3.000000,15,rear_leg_candidate,85.236,60.208,786.000,324.000,791.000,384.000,rgb_edges_inside_sam2_mask
73,3.000000,16,support_or_stretcher_candidate,30.256,55.570,662.000,428.000,710.000,456.000,rgb_edges_inside_sam2_mask
73,3.000000,17,rear_leg_candidate,-79.509,54.918,791.000,259.000,781.000,313.000,rgb_edges_inside_sam2_mask
73,3.000000,18,support_or_stretcher_candidate,26.075,52.326,744.000,423.000,791.000,446.000,rgb_edges_inside_sam2_mask
73,3.000000,19,rear_leg_candidate,82.185,51.478,738.000,402.000,745.000,453.000,rgb_edges_inside_sam2_mask
73,3.000000,20,front_leg_candidate,-63.947,50.090,733.000,286.000,711.000,331.000,rgb_edges_inside_sam2_mask
73,3.000000,21,support_or_stretcher_candidate,41.730,49.578,653.000,341.000,690.000,374.000,rgb_edges_inside_sam2_mask
73,3.000000,22,support_or_stretcher_candidate,33.366,49.092,654.000,429.000,695.000,456.000,rgb_edges_inside_sam2_mask
73,3.000000,23,front_leg_candidate,-63.435,44.721,792.000,271.000,772.000,311.000,rgb_edges_inside_sam2_mask
73,3.000000,24,support_or_stretcher_candidate,26.565,44.721,640.000,343.000,680.000,363.000,rgb_edges_inside_sam2_mask
73,3.000000,25,rear_leg_candidate,84.806,44.181,789.000,349.000,793.000,393.000,rgb_edges_inside_sam2_mask
73,3.000000,26,rear_leg_candidate,84.289,40.200,791.000,441.000,795.000,481.000,rgb_edges_inside_sam2_mask
73,3.000000,27,front_leg_candidate,-64.722,39.812,773.000,323.000,756.000,359.000,rgb_edges_inside_sam2_mask
73,3.000000,28,support_or_stretcher_candidate,23.962,39.395,747.000,419.000,783.000,435.000,rgb_edges_inside_sam2_mask
73,3.000000,29,support_or_stretcher_candidate,24.567,38.484,754.000,421.000,789.000,437.000,rgb_edges_inside_sam2_mask
73,3.000000,30,front_leg_candidate,-63.435,38.013,682.000,372.000,665.000,406.000,rgb_edges_inside_sam2_mask
74,3.041667,0,front_leg_candidate,-64.052,249.112,788.000,266.000,679.000,490.000,rgb_edges_inside_sam2_mask
74,3.041667,1,front_leg_candidate,-62.784,157.429,757.000,351.000,685.000,491.000,rgb_edges_inside_sam2_mask
74,3.041667,2,front_leg_candidate,-62.942,156.083,712.000,322.000,641.000,461.000,rgb_edges_inside_sam2_mask
74,3.041667,3,front_leg_candidate,-63.773,151.608,745.000,353.000,678.000,489.000,rgb_edges_inside_sam2_mask
74,3.041667,4,front_leg_candidate,-63.027,125.670,742.000,246.000,685.000,358.000,rgb_edges_inside_sam2_mask
74,3.041667,5,front_leg_candidate,-64.737,98.412,678.000,371.000,636.000,460.000,rgb_edges_inside_sam2_mask
74,3.041667,6,front_leg_candidate,-63.435,71.554,783.000,295.000,751.000,359.000,rgb_edges_inside_sam2_mask
74,3.041667,7,rear_leg_candidate,81.870,70.711,718.000,291.000,728.000,361.000,rgb_edges_inside_sam2_mask
74,3.041667,8,rear_leg_candidate,84.036,67.365,774.000,363.000,781.000,430.000,rgb_edges_inside_sam2_mask
74,3.041667,9,rear_leg_candidate,84.036,67.365,729.000,299.000,736.000,366.000,rgb_edges_inside_sam2_mask
74,3.041667,10,support_or_stretcher_candidate,28.474,67.119,736.000,421.000,795.000,453.000,rgb_edges_inside_sam2_mask
74,3.041667,11,rear_leg_candidate,84.644,64.281,780.000,318.000,786.000,382.000,rgb_edges_inside_sam2_mask
74,3.041667,12,rear_leg_candidate,83.660,63.388,791.000,415.000,798.000,478.000,rgb_edges_inside_sam2_mask
74,3.041667,13,rear_leg_candidate,83.558,62.394,740.000,385.000,747.000,447.000,rgb_edges_inside_sam2_mask
74,3.041667,14,support_or_stretcher_candidate,22.380,55.154,742.000,420.000,793.000,441.000,rgb_edges_inside_sam2_mask
74,3.041667,15,support_or_stretcher_candidate,34.563,54.644,658.000,427.000,703.000,458.000,rgb_edges_inside_sam2_mask
74,3.041667,16,rear_leg_candidate,82.476,53.460,733.000,400.000,740.000,453.000,rgb_edges_inside_sam2_mask
74,3.041667,17,support_or_stretcher_candidate,34.287,53.254,649.000,429.000,693.000,459.000,rgb_edges_inside_sam2_mask
74,3.041667,18,front_leg_candidate,-65.925,51.478,726.000,273.000,705.000,320.000,rgb_edges_inside_sam2_mask
74,3.041667,19,front_leg_candidate,-65.136,45.188,654.000,419.000,635.000,460.000,rgb_edges_inside_sam2_mask
74,3.041667,20,front_leg_candidate,-63.435,44.721,680.000,386.000,660.000,426.000,rgb_edges_inside_sam2_mask
74,3.041667,21,rear_leg_candidate,84.428,41.195,771.000,324.000,775.000,365.000,rgb_edges_inside_sam2_mask
74,3.041667,22,rear_leg_candidate,84.144,39.205,785.000,439.000,789.000,478.000,rgb_edges_inside_sam2_mask
74,3.041667,23,rear_leg_candidate,85.365,37.121,787.000,363.000,790.000,400.000,rgb_edges_inside_sam2_mask
75,3.083333,0,front_leg_candidate,-63.072,211.983,733.000,272.000,637.000,461.000,rgb_edges_inside_sam2_mask
75,3.083333,1,front_leg_candidate,-63.048,198.567,785.000,265.000,695.000,442.000,rgb_edges_inside_sam2_mask
75,3.083333,2,front_leg_candidate,-62.850,131.488,740.000,373.000,680.000,490.000,rgb_edges_inside_sam2_mask
75,3.083333,3,front_leg_candidate,-62.622,126.127,738.000,246.000,680.000,358.000,rgb_edges_inside_sam2_mask
75,3.083333,4,front_leg_candidate,-62.819,124.780,745.000,248.000,688.000,359.000,rgb_edges_inside_sam2_mask
75,3.083333,5,front_leg_candidate,-63.204,110.910,722.000,390.000,672.000,489.000,rgb_edges_inside_sam2_mask
75,3.083333,6,front_leg_candidate,-63.172,97.494,675.000,370.000,631.000,457.000,rgb_edges_inside_sam2_mask
75,3.083333,7,rear_leg_candidate,82.057,86.833,715.000,292.000,727.000,378.000,rgb_edges_inside_sam2_mask
75,3.083333,8,rear_leg_candidate,82.626,85.709,773.000,395.000,784.000,480.000,rgb_edges_inside_sam2_mask
75,3.083333,9,rear_leg_candidate,83.290,85.586,765.000,323.000,775.000,408.000,rgb_edges_inside_sam2_mask
75,3.083333,10,front_leg_candidate,-63.435,78.262,784.000,265.000,749.000,335.000,rgb_edges_inside_sam2_mask
75,3.083333,11,front_leg_candidate,-63.104,77.369,666.000,390.000,631.000,459.000,rgb_edges_inside_sam2_mask
75,3.083333,12,front_leg_candidate,-64.113,75.584,779.000,291.000,746.000,359.000,rgb_edges_inside_sam2_mask
75,3.083333,13,rear_leg_candidate,84.668,75.326,736.000,379.000,743.000,454.000,rgb_edges_inside_sam2_mask
75,3.083333,14,rear_leg_candidate,83.089,66.483,725.000,300.000,733.000,366.000,rgb_edges_inside_sam2_mask
75,3.083333,15,support_or_stretcher_candidate,26.966,63.953,732.000,423.000,789.000,452.000,rgb_edges_inside_sam2_mask
75,3.083333,16,rear_leg_candidate,86.186,60.133,784.000,385.000,788.000,445.000,rgb_edges_inside_sam2_mask
75,3.083333,17,rear_leg_candidate,84.193,59.304,775.000,317.000,781.000,376.000,rgb_edges_inside_sam2_mask
75,3.083333,18,rear_leg_candidate,84.193,59.304,730.000,395.000,736.000,454.000,rgb_edges_inside_sam2_mask
75,3.083333,19,rear_leg_candidate,-82.875,56.436,779.000,259.000,772.000,315.000,rgb_edges_inside_sam2_mask
75,3.083333,20,support_or_stretcher_candidate,34.992,48.826,648.000,431.000,688.000,459.000,rgb_edges_inside_sam2_mask
75,3.083333,21,front_leg_candidate,-62.354,47.413,703.000,316.000,681.000,358.000,rgb_edges_inside_sam2_mask
75,3.083333,22,rear_leg_candidate,77.735,47.074,774.000,436.000,784.000,482.000,rgb_edges_inside_sam2_mask
75,3.083333,23,support_or_stretcher_candidate,25.463,46.519,731.000,416.000,773.000,436.000,rgb_edges_inside_sam2_mask
75,3.083333,24,front_leg_candidate,-77.196,45.122,783.000,272.000,773.000,316.000,rgb_edges_inside_sam2_mask
75,3.083333,25,rear_leg_candidate,84.428,41.195,736.000,388.000,740.000,429.000,rgb_edges_inside_sam2_mask
75,3.083333,26,support_or_stretcher_candidate,31.701,39.962,652.000,428.000,686.000,449.000,rgb_edges_inside_sam2_mask
76,3.125000,0,front_leg_candidate,-63.119,243.288,777.000,272.000,667.000,489.000,rgb_edges_inside_sam2_mask
76,3.125000,1,front_leg_candidate,-63.008,240.160,776.000,273.000,667.000,487.000,rgb_edges_inside_sam2_mask
76,3.125000,2,front_leg_candidate,-63.048,132.378,734.000,373.000,674.000,491.000,rgb_edges_inside_sam2_mask
76,3.125000,3,front_leg_candidate,-64.026,130.146,684.000,343.000,627.000,460.000,rgb_edges_inside_sam2_mask
76,3.125000,4,front_leg_candidate,-63.229,124.326,734.000,247.000,678.000,358.000,rgb_edges_inside_sam2_mask
76,3.125000,5,front_leg_candidate,-64.179,103.315,693.000,342.000,648.000,435.000,rgb_edges_inside_sam2_mask
76,3.125000,6,rear_leg_candidate,83.863,93.536,769.000,306.000,779.000,399.000,rgb_edges_inside_sam2_mask
76,3.125000,7,front_leg_candidate,-63.750,81.394,670.000,387.000,634.000,460.000,rgb_edges_inside_sam2_mask
76,3.125000,8,front_leg_candidate,-65.376,79.202,774.000,289.000,741.000,361.000,rgb_edges_inside_sam2_mask
76,3.125000,9,rear_leg_candidate,84.207,69.354,732.000,386.000,739.000,455.000,rgb_edges_inside_sam2_mask
76,3.125000,10,rear_leg_candidate,84.806,66.272,781.000,414.000,787.000,480.000,rgb_edges_inside_sam2_mask
76,3.125000,11,rear_leg_candidate,81.119,64.777,761.000,356.000,771.000,420.000,rgb_edges_inside_sam2_mask
76,3.125000,12,support_or_stretcher_candidate,28.968,64.008,728.000,422.000,784.000,453.000,rgb_edges_inside_sam2_mask
76,3.125000,13,support_or_stretcher_candidate,26.565,60.374,626.000,343.000,680.000,370.000,rgb_edges_inside_sam2_mask
76,3.125000,14,rear_leg_candidate,84.094,58.310,722.000,303.000,728.000,361.000,rgb_edges_inside_sam2_mask
76,3.125000,15,front_leg_candidate,-76.218,54.571,778.000,261.000,765.000,314.000,rgb_edges_inside_sam2_mask
76,3.125000,16,rear_leg_candidate,82.476,53.460,725.000,402.000,732.000,455.000,rgb_edges_inside_sam2_mask
76,3.125000,17,support_or_stretcher_candidate,33.389,52.697,648.000,428.000,692.000,457.000,rgb_edges_inside_sam2_mask
76,3.125000,18,front_leg_candidate,-66.371,52.393,704.000,321.000,683.000,369.000,rgb_edges_inside_sam2_mask
76,3.125000,19,rear_leg_candidate,83.418,52.345,720.000,289.000,726.000,341.000,rgb_edges_inside_sam2_mask
76,3.125000,20,front_leg_candidate,-62.928,50.537,702.000,438.000,679.000,483.000,rgb_edges_inside_sam2_mask
76,3.125000,21,rear_leg_candidate,83.019,49.366,714.000,313.000,720.000,362.000,rgb_edges_inside_sam2_mask
76,3.125000,22,front_leg_candidate,-63.435,46.957,734.000,347.000,713.000,389.000,rgb_edges_inside_sam2_mask
76,3.125000,23,rear_leg_candidate,82.405,45.398,763.000,357.000,769.000,402.000,rgb_edges_inside_sam2_mask
76,3.125000,24,support_or_stretcher_candidate,31.185,44.418,641.000,428.000,679.000,451.000,rgb_edges_inside_sam2_mask
76,3.125000,25,rear_leg_candidate,84.806,44.181,731.000,383.000,735.000,427.000,rgb_edges_inside_sam2_mask
76,3.125000,26,support_or_stretcher_candidate,23.385,40.311,733.000,421.000,770.000,437.000,rgb_edges_inside_sam2_mask
76,3.125000,27,front_leg_candidate,-66.038,39.395,698.000,333.000,682.000,369.000,rgb_edges_inside_sam2_mask
76,3.125000,28,front_leg_candidate,-64.093,38.910,650.000,426.000,633.000,461.000,rgb_edges_inside_sam2_mask
77,3.166667,0,front_leg_candidate,-63.012,242.396,772.000,273.000,662.000,489.000,rgb_edges_inside_sam2_mask
77,3.166667,1,front_leg_candidate,-63.004,237.924,730.000,248.000,622.000,460.000,rgb_edges_inside_sam2_mask
77,3.166667,2,front_leg_candidate,-63.048,132.378,682.000,341.000,622.000,459.000,rgb_edges_inside_sam2_mask
77,3.166667,3,front_leg_candidate,-62.850,131.488,730.000,373.000,670.000,490.000,rgb_edges_inside_sam2_mask
77,3.166667,4,front_leg_candidate,-62.220,126.590,701.000,322.000,642.000,434.000,rgb_edges_inside_sam2_mask
77,3.166667,5,front_leg_candidate,-61.113,99.363,728.000,272.000,680.000,359.000,rgb_edges_inside_sam2_mask
77,3.166667,6,rear_leg_candidate,84.531,94.430,757.000,329.000,766.000,423.000,rgb_edges_inside_sam2_mask
77,3.166667,7,rear_leg_candidate,83.333,77.524,709.000,300.000,718.000,377.000,rgb_edges_inside_sam2_mask
77,3.166667,8,front_leg_candidate,-62.063,74.706,663.000,396.000,628.000,462.000,rgb_edges_inside_sam2_mask
77,3.166667,9,rear_leg_candidate,82.972,73.553,727.000,380.000,736.000,453.000,rgb_edges_inside_sam2_mask
77,3.166667,10,rear_leg_candidate,86.424,64.125,778.000,419.000,782.000,483.000,rgb_edges_inside_sam2_mask
77,3.166667,11,rear_leg_candidate,83.884,56.321,764.000,305.000,770.000,361.000,rgb_edges_inside_sam2_mask
77,3.166667,12,rear_leg_candidate,84.898,56.223,770.000,434.000,775.000,490.000,rgb_edges_inside_sam2_mask
77,3.166667,13,rear_leg_candidate,83.418,52.345,727.000,381.000,733.000,433.000,rgb_edges_inside_sam2_mask
77,3.166667,14,front_leg_candidate,-63.435,46.957,718.000,397.000,697.000,439.000,rgb_edges_inside_sam2_mask
77,3.166667,15,support_or_stretcher_candidate,35.395,46.615,639.000,431.000,677.000,458.000,rgb_edges_inside_sam2_mask
77,3.166667,16,support_or_stretcher_candidate,27.759,42.942,729.000,426.000,767.000,446.000,rgb_edges_inside_sam2_mask
77,3.166667,17,support_or_stretcher_candidate,32.574,42.720,644.000,429.000,680.000,452.000,rgb_edges_inside_sam2_mask
77,3.166667,18,front_leg_candidate,-64.654,42.048,754.000,324.000,736.000,362.000,rgb_edges_inside_sam2_mask
77,3.166667,19,front_leg_candidate,-62.819,41.593,730.000,348.000,711.000,385.000,rgb_edges_inside_sam2_mask
77,3.166667,20,support_or_stretcher_candidate,30.964,40.817,624.000,342.000,659.000,363.000,rgb_edges_inside_sam2_mask
77,3.166667,21,support_or_stretcher_candidate,26.565,40.249,735.000,423.000,771.000,441.000,rgb_edges_inside_sam2_mask
77,3.166667,22,rear_leg_candidate,88.531,39.013,722.000,331.000,723.000,370.000,rgb_edges_inside_sam2_mask
77,3.166667,23,rear_leg_candidate,85.365,37.121,764.000,396.000,767.000,433.000,rgb_edges_inside_sam2_mask
78,3.208333,0,front_leg_candidate,-62.909,243.742,768.000,273.000,657.000,490.000,rgb_edges_inside_sam2_mask
78,3.208333,1,front_leg_candidate,-63.113,238.816,733.000,250.000,625.000,463.000,rgb_edges_inside_sam2_mask
78,3.208333,2,front_leg_candidate,-63.004,237.924,734.000,250.000,626.000,462.000,rgb_edges_inside_sam2_mask
78,3.208333,3,front_leg_candidate,-63.041,130.142,725.000,374.000,666.000,490.000,rgb_edges_inside_sam2_mask
78,3.208333,4,front_leg_candidate,-63.041,130.142,724.000,375.000,665.000,491.000,rgb_edges_inside_sam2_mask
78,3.208333,5,front_leg_candidate,-62.819,124.780,727.000,248.000,670.000,359.000,rgb_edges_inside_sam2_mask
78,3.208333,6,front_leg_candidate,-62.819,124.780,728.000,248.000,671.000,359.000,rgb_edges_inside_sam2_mask
78,3.208333,7,front_leg_candidate,-63.693,99.282,676.000,345.000,632.000,434.000,rgb_edges_inside_sam2_mask
78,3.208333,8,front_leg_candidate,-63.172,97.494,702.000,400.000,658.000,487.000,rgb_edges_inside_sam2_mask
78,3.208333,9,rear_leg_candidate,84.685,86.371,757.000,377.000,765.000,463.000,rgb_edges_inside_sam2_mask
78,3.208333,10,rear_leg_candidate,83.811,83.487,761.000,319.000,770.000,402.000,rgb_edges_inside_sam2_mask
78,3.208333,11,rear_leg_candidate,83.246,76.531,705.000,301.000,714.000,377.000,rgb_edges_inside_sam2_mask
78,3.208333,12,rear_leg_candidate,84.806,66.272,752.000,325.000,758.000,391.000,rgb_edges_inside_sam2_mask
78,3.208333,13,rear_leg_candidate,85.462,63.198,773.000,421.000,778.000,484.000,rgb_edges_inside_sam2_mask
78,3.208333,14,front_leg_candidate,-63.435,55.902,643.000,411.000,618.000,461.000,rgb_edges_inside_sam2_mask
78,3.208333,15,rear_leg_candidate,82.747,55.444,714.000,302.000,721.000,357.000,rgb_edges_inside_sam2_mask
78,3.208333,16,rear_leg_candidate,82.747,55.444,718.000,402.000,725.000,457.000,rgb_edges_inside_sam2_mask
78,3.208333,17,front_leg_candidate,-77.471,55.317,768.000,261.000,756.000,315.000,rgb_edges_inside_sam2_mask
78,3.208333,18,rear_leg_candidate,78.275,54.129,756.000,436.000,767.000,489.000,rgb_edges_inside_sam2_mask
78,3.208333,19,front_leg_candidate,-57.265,49.930,768.000,299.000,741.000,341.000,rgb_edges_inside_sam2_mask
78,3.208333,20,support_or_stretcher_candidate,29.745,48.374,725.000,426.000,767.000,450.000,rgb_edges_inside_sam2_mask
78,3.208333,21,rear_leg_candidate,-79.695,44.721,768.000,274.000,760.000,318.000,rgb_edges_inside_sam2_mask
78,3.208333,22,front_leg_candidate,-65.323,40.719,749.000,325.000,732.000,362.000,rgb_edges_inside_sam2_mask
78,3.208333,23,rear_leg_candidate,84.144,39.205,725.000,390.000,729.000,429.000,rgb_edges_inside_sam2_mask
79,3.250000,0,front_leg_candidate,-62.923,250.450,767.000,267.000,653.000,490.000,rgb_edges_inside_sam2_mask
79,3.250000,1,front_leg_candidate,-62.899,239.270,730.000,250.000,621.000,463.000,rgb_edges_inside_sam2_mask
79,3.250000,2,front_leg_candidate,-62.996,233.452,769.000,261.000,663.000,469.000,rgb_edges_inside_sam2_mask
79,3.250000,3,front_leg_candidate,-63.068,209.747,718.000,275.000,623.000,462.000,rgb_edges_inside_sam2_mask
79,3.250000,4,front_leg_candidate,-63.041,130.142,720.000,376.000,661.000,492.000,rgb_edges_inside_sam2_mask
79,3.250000,5,front_leg_candidate,-63.041,130.142,721.000,375.000,662.000,491.000,rgb_edges_inside_sam2_mask
79,3.250000,6,front_leg_candidate,-64.069,121.202,715.000,262.000,662.000,371.000,rgb_edges_inside_sam2_mask
79,3.250000,7,front_leg_candidate,-63.178,99.730,660.000,372.000,615.000,461.000,rgb_edges_inside_sam2_mask
79,3.250000,8,rear_leg_candidate,83.019,98.732,754.000,308.000,766.000,406.000,rgb_edges_inside_sam2_mask
79,3.250000,9,rear_leg_candidate,83.581,80.505,720.000,377.000,729.000,457.000,rgb_edges_inside_sam2_mask
79,3.250000,10,rear_leg_candidate,80.417,78.090,699.000,297.000,712.000,374.000,rgb_edges_inside_sam2_mask
79,3.250000,11,rear_leg_candidate,82.972,73.553,750.000,359.000,759.000,432.000,rgb_edges_inside_sam2_mask
79,3.250000,12,front_leg_candidate,-62.281,66.648,759.000,300.000,728.000,359.000,rgb_edges_inside_sam2_mask
79,3.250000,13,rear_leg_candidate,81.254,65.765,712.000,393.000,722.000,458.000,rgb_edges_inside_sam2_mask
79,3.250000,14,rear_leg_candidate,82.648,62.514,714.000,395.000,722.000,457.000,rgb_edges_inside_sam2_mask
79,3.250000,15,rear_leg_candidate,83.234,59.414,757.000,322.000,764.000,381.000,rgb_edges_inside_sam2_mask
79,3.250000,16,rear_leg_candidate,-87.039,58.078,758.000,261.000,755.000,319.000,rgb_edges_inside_sam2_mask
79,3.250000,17,rear_leg_candidate,87.917,55.036,768.000,369.000,770.000,424.000,rgb_edges_inside_sam2_mask
79,3.250000,18,rear_leg_candidate,73.413,49.041,749.000,435.000,763.000,482.000,rgb_edges_inside_sam2_mask
79,3.250000,19,rear_leg_candidate,83.928,47.265,758.000,436.000,763.000,483.000,rgb_edges_inside_sam2_mask
79,3.250000,20,support_or_stretcher_candidate,36.119,45.804,631.000,433.000,668.000,460.000,rgb_edges_inside_sam2_mask
79,3.250000,21,support_or_stretcher_candidate,32.276,44.944,631.000,427.000,669.000,451.000,rgb_edges_inside_sam2_mask
79,3.250000,22,support_or_stretcher_candidate,29.427,44.777,721.000,427.000,760.000,449.000,rgb_edges_inside_sam2_mask
79,3.250000,23,rear_leg_candidate,84.289,40.200,713.000,324.000,717.000,364.000,rgb_edges_inside_sam2_mask
79,3.250000,24,front_leg_candidate,-62.784,39.357,721.000,349.000,703.000,384.000,rgb_edges_inside_sam2_mask
79,3.250000,25,rear_leg_candidate,82.694,39.319,747.000,325.000,752.000,364.000,rgb_edges_inside_sam2_mask
79,3.250000,26,rear_leg_candidate,85.365,37.121,771.000,447.000,774.000,484.000,rgb_edges_inside_sam2_mask
80,3.291667,0,front_leg_candidate,-63.113,238.816,719.000,250.000,611.000,463.000,rgb_edges_inside_sam2_mask
80,3.291667,1,front_leg_candidate,-63.072,211.983,718.000,250.000,622.000,439.000,rgb_edges_inside_sam2_mask
80,3.291667,2,front_leg_candidate,-62.949,211.092,726.000,251.000,630.000,439.000,rgb_edges_inside_sam2_mask
80,3.291667,3,front_leg_candidate,-63.122,163.683,694.000,315.000,620.000,461.000,rgb_edges_inside_sam2_mask
80,3.291667,4,front_leg_candidate,-63.988,139.090,711.000,366.000,650.000,491.000,rgb_edges_inside_sam2_mask
80,3.291667,5,front_leg_candidate,-63.048,132.378,717.000,375.000,657.000,493.000,rgb_edges_inside_sam2_mask
80,3.291667,6,rear_leg_candidate,83.962,104.580,743.000,327.000,754.000,431.000,rgb_edges_inside_sam2_mask
80,3.291667,7,front_leg_candidate,-63.166,95.258,701.000,407.000,658.000,492.000,rgb_edges_inside_sam2_mask
80,3.291667,8,front_leg_candidate,-62.526,84.534,756.000,279.000,717.000,354.000,rgb_edges_inside_sam2_mask
80,3.291667,9,front_leg_candidate,-63.435,71.554,755.000,297.000,723.000,361.000,rgb_edges_inside_sam2_mask
80,3.291667,10,rear_leg_candidate,83.387,69.462,752.000,320.000,760.000,389.000,rgb_edges_inside_sam2_mask
80,3.291667,11,rear_leg_candidate,82.461,68.593,705.000,293.000,714.000,361.000,rgb_edges_inside_sam2_mask
80,3.291667,12,rear_leg_candidate,81.469,60.671,710.000,399.000,719.000,459.000,rgb_edges_inside_sam2_mask
80,3.291667,13,rear_leg_candidate,82.875,56.436,718.000,400.000,725.000,456.000,rgb_edges_inside_sam2_mask
80,3.291667,14,rear_leg_candidate,82.476,53.460,700.000,324.000,707.000,377.000,rgb_edges_inside_sam2_mask
80,3.291667,15,rear_leg_candidate,82.030,50.488,704.000,295.000,711.000,345.000,rgb_edges_inside_sam2_mask
80,3.291667,16,rear_leg_candidate,87.709,50.040,767.000,439.000,769.000,489.000,rgb_edges_inside_sam2_mask
80,3.291667,17,support_or_stretcher_candidate,29.745,48.374,713.000,425.000,755.000,449.000,rgb_edges_inside_sam2_mask
80,3.291667,18,support_or_stretcher_candidate,34.695,47.434,628.000,428.000,667.000,455.000,rgb_edges_inside_sam2_mask
80,3.291667,19,front_leg_candidate,-63.435,42.485,741.000,309.000,722.000,347.000,rgb_edges_inside_sam2_mask
80,3.291667,20,support_or_stretcher_candidate,34.439,42.438,626.000,434.000,661.000,458.000,rgb_edges_inside_sam2_mask
80,3.291667,21,rear_leg_candidate,81.674,41.437,718.000,399.000,724.000,440.000,rgb_edges_inside_sam2_mask
80,3.291667,22,front_leg_candidate,-62.784,39.357,717.000,349.000,699.000,384.000,rgb_edges_inside_sam2_mask
80,3.291667,23,front_leg_candidate,-64.093,38.910,713.000,364.000,696.000,399.000,rgb_edges_inside_sam2_mask
80,3.291667,24,support_or_stretcher_candidate,25.201,37.577,719.000,424.000,753.000,440.000,rgb_edges_inside_sam2_mask
80,3.291667,25,rear_leg_candidate,80.789,37.483,747.000,378.000,753.000,415.000,rgb_edges_inside_sam2_mask
81,3.333333,0,front_leg_candidate,-63.197,215.112,711.000,274.000,614.000,466.000,rgb_edges_inside_sam2_mask
81,3.333333,1,front_leg_candidate,-63.829,194.990,731.000,318.000,645.000,493.000,rgb_edges_inside_sam2_mask
81,3.333333,2,front_leg_candidate,-63.954,148.034,737.000,306.000,672.000,439.000,rgb_edges_inside_sam2_mask
81,3.333333,3,front_leg_candidate,-62.819,124.780,715.000,251.000,658.000,362.000,rgb_edges_inside_sam2_mask
81,3.333333,4,front_leg_candidate,-64.081,118.966,709.000,381.000,657.000,488.000,rgb_edges_inside_sam2_mask
81,3.333333,5,front_leg_candidate,-62.745,111.364,722.000,252.000,671.000,351.000,rgb_edges_inside_sam2_mask
81,3.333333,6,front_leg_candidate,-63.958,97.944,651.000,375.000,608.000,463.000,rgb_edges_inside_sam2_mask
81,3.333333,7,rear_leg_candidate,82.451,83.726,692.000,294.000,703.000,377.000,rgb_edges_inside_sam2_mask
81,3.333333,8,front_leg_candidate,-64.385,80.957,653.000,387.000,618.000,460.000,rgb_edges_inside_sam2_mask
81,3.333333,9,front_leg_candidate,-63.768,76.922,752.000,278.000,718.000,347.000,rgb_edges_inside_sam2_mask
81,3.333333,10,rear_leg_candidate,83.157,75.538,712.000,377.000,721.000,452.000,rgb_edges_inside_sam2_mask
81,3.333333,11,front_leg_candidate,-63.435,71.554,750.000,299.000,718.000,363.000,rgb_edges_inside_sam2_mask
81,3.333333,12,rear_leg_candidate,82.349,67.602,705.000,392.000,714.000,459.000,rgb_edges_inside_sam2_mask
81,3.333333,13,rear_leg_candidate,82.999,57.428,745.000,307.000,752.000,364.000,rgb_edges_inside_sam2_mask
81,3.333333,14,rear_leg_candidate,83.991,57.315,761.000,429.000,767.000,486.000,rgb_edges_inside_sam2_mask
81,3.333333,15,rear_leg_candidate,-84.987,57.219,750.000,262.000,745.000,319.000,rgb_edges_inside_sam2_mask
81,3.333333,16,front_leg_candidate,-64.359,55.462,679.000,441.000,655.000,491.000,rgb_edges_inside_sam2_mask
81,3.333333,17,rear_leg_candidate,83.774,55.326,703.000,310.000,709.000,365.000,rgb_edges_inside_sam2_mask
81,3.333333,18,front_leg_candidate,-63.905,54.562,670.000,441.000,646.000,490.000,rgb_edges_inside_sam2_mask
81,3.333333,19,rear_leg_candidate,83.660,54.332,745.000,385.000,751.000,439.000,rgb_edges_inside_sam2_mask
81,3.333333,20,rear_leg_candidate,81.254,52.612,753.000,441.000,761.000,493.000,rgb_edges_inside_sam2_mask
81,3.333333,21,support_or_stretcher_candidate,32.735,49.930,628.000,433.000,670.000,460.000,rgb_edges_inside_sam2_mask
81,3.333333,22,front_leg_candidate,-64.026,43.382,652.000,374.000,633.000,413.000,rgb_edges_inside_sam2_mask
81,3.333333,23,support_or_stretcher_candidate,29.578,42.544,713.000,428.000,750.000,449.000,rgb_edges_inside_sam2_mask
81,3.333333,24,support_or_stretcher_candidate,35.218,41.617,622.000,435.000,656.000,459.000,rgb_edges_inside_sam2_mask
81,3.333333,25,rear_leg_candidate,78.408,39.812,743.000,438.000,751.000,477.000,rgb_edges_inside_sam2_mask
81,3.333333,26,rear_leg_candidate,82.304,37.336,741.000,360.000,746.000,397.000,rgb_edges_inside_sam2_mask
82,3.375000,0,front_leg_candidate,-63.020,185.151,693.000,302.000,609.000,467.000,rgb_edges_inside_sam2_mask
82,3.375000,1,front_leg_candidate,-63.892,168.158,745.000,282.000,671.000,433.000,rgb_edges_inside_sam2_mask
82,3.375000,2,front_leg_candidate,-64.058,164.584,713.000,345.000,641.000,493.000,rgb_edges_inside_sam2_mask
82,3.375000,3,front_leg_candidate,-62.758,113.600,711.000,251.000,659.000,352.000,rgb_edges_inside_sam2_mask
82,3.375000,4,front_leg_candidate,-63.435,109.567,704.000,384.000,655.000,482.000,rgb_edges_inside_sam2_mask
82,3.375000,5,front_leg_candidate,-63.435,84.971,642.000,387.000,604.000,463.000,rgb_edges_inside_sam2_mask
82,3.375000,6,rear_leg_candidate,81.674,82.873,692.000,276.000,704.000,358.000,rgb_edges_inside_sam2_mask
82,3.375000,7,rear_leg_candidate,83.581,80.505,708.000,379.000,717.000,459.000,rgb_edges_inside_sam2_mask
82,3.375000,8,front_leg_candidate,-63.104,77.369,684.000,426.000,649.000,495.000,rgb_edges_inside_sam2_mask
82,3.375000,9,front_leg_candidate,-63.104,77.369,647.000,394.000,612.000,463.000,rgb_edges_inside_sam2_mask
82,3.375000,10,rear_leg_candidate,83.946,66.370,735.000,339.000,742.000,405.000,rgb_edges_inside_sam2_mask
82,3.375000,11,rear_leg_candidate,82.117,65.620,701.000,395.000,710.000,460.000,rgb_edges_inside_sam2_mask
82,3.375000,12,rear_leg_candidate,82.405,60.531,740.000,308.000,748.000,368.000,rgb_edges_inside_sam2_mask
82,3.375000,13,support_or_stretcher_candidate,69.326,56.648,733.000,436.000,753.000,489.000,rgb_edges_inside_sam2_mask
82,3.375000,14,support_or_stretcher_candidate,34.824,56.036,617.000,436.000,663.000,468.000,rgb_edges_inside_sam2_mask
82,3.375000,15,front_leg_candidate,-61.557,54.589,745.000,285.000,719.000,333.000,rgb_edges_inside_sam2_mask
82,3.375000,16,rear_leg_candidate,83.418,52.345,757.000,433.000,763.000,485.000,rgb_edges_inside_sam2_mask
82,3.375000,17,rear_leg_candidate,81.347,46.530,749.000,443.000,756.000,489.000,rgb_edges_inside_sam2_mask
82,3.375000,18,front_leg_candidate,-62.879,46.065,694.000,299.000,673.000,340.000,rgb_edges_inside_sam2_mask
82,3.375000,19,rear_leg_candidate,80.961,44.553,689.000,313.000,696.000,357.000,rgb_edges_inside_sam2_mask
82,3.375000,20,support_or_stretcher_candidate,27.150,43.829,705.000,422.000,744.000,442.000,rgb_edges_inside_sam2_mask
82,3.375000,21,support_or_stretcher_candidate,28.926,43.417,708.000,429.000,746.000,450.000,rgb_edges_inside_sam2_mask
82,3.375000,22,support_or_stretcher_candidate,35.538,43.012,620.000,430.000,655.000,455.000,rgb_edges_inside_sam2_mask
82,3.375000,23,front_leg_candidate,-62.819,41.593,647.000,376.000,628.000,413.000,rgb_edges_inside_sam2_mask
82,3.375000,24,rear_leg_candidate,84.428,41.195,742.000,396.000,746.000,437.000,rgb_edges_inside_sam2_mask
82,3.375000,25,rear_leg_candidate,-87.064,39.051,743.000,282.000,741.000,321.000,rgb_edges_inside_sam2_mask
82,3.375000,26,front_leg_candidate,-64.093,38.910,730.000,329.000,713.000,364.000,rgb_edges_inside_sam2_mask
82,3.375000,27,rear_leg_candidate,82.504,38.328,698.000,309.000,703.000,347.000,rgb_edges_inside_sam2_mask
83,3.416667,0,front_leg_candidate,-64.075,240.169,741.000,279.000,636.000,495.000,rgb_edges_inside_sam2_mask
83,3.416667,1,front_leg_candidate,-64.033,171.292,681.000,314.000,606.000,468.000,rgb_edges_inside_sam2_mask
83,3.416667,2,front_leg_candidate,-63.281,166.811,674.000,315.000,599.000,464.000,rgb_edges_inside_sam2_mask
83,3.416667,3,front_leg_candidate,-63.846,124.776,703.000,253.000,648.000,365.000,rgb_edges_inside_sam2_mask
83,3.416667,4,rear_leg_candidate,83.136,108.780,728.000,329.000,741.000,437.000,rgb_edges_inside_sam2_mask
83,3.416667,5,front_leg_candidate,-62.904,96.602,703.000,379.000,659.000,465.000,rgb_edges_inside_sam2_mask
83,3.416667,6,front_leg_candidate,-63.138,86.313,683.000,419.000,644.000,496.000,rgb_edges_inside_sam2_mask
83,3.416667,7,front_leg_candidate,-65.966,81.025,709.000,253.000,676.000,327.000,rgb_edges_inside_sam2_mask
83,3.416667,8,rear_leg_candidate,82.504,76.655,703.000,383.000,713.000,459.000,rgb_edges_inside_sam2_mask
83,3.416667,9,front_leg_candidate,-62.354,71.120,651.000,377.000,618.000,440.000,rgb_edges_inside_sam2_mask
83,3.416667,10,front_leg_candidate,-64.156,71.113,740.000,300.000,709.000,364.000,rgb_edges_inside_sam2_mask
83,3.416667,11,front_leg_candidate,-63.435,69.318,692.000,278.000,661.000,340.000,rgb_edges_inside_sam2_mask
83,3.416667,12,rear_leg_candidate,80.690,61.814,736.000,321.000,746.000,382.000,rgb_edges_inside_sam2_mask
83,3.416667,13,rear_leg_candidate,81.327,59.682,696.000,394.000,705.000,453.000,rgb_edges_inside_sam2_mask
83,3.416667,14,front_leg_candidate,-63.004,59.481,700.000,358.000,673.000,411.000,rgb_edges_inside_sam2_mask
83,3.416667,15,rear_leg_candidate,81.180,58.694,697.000,403.000,706.000,461.000,rgb_edges_inside_sam2_mask
83,3.416667,16,front_leg_candidate,-76.218,54.571,745.000,266.000,732.000,319.000,rgb_edges_inside_sam2_mask
83,3.416667,17,rear_leg_candidate,83.541,53.339,752.000,434.000,758.000,487.000,rgb_edges_inside_sam2_mask
83,3.416667,18,front_leg_candidate,-64.398,53.226,682.000,313.000,659.000,361.000,rgb_edges_inside_sam2_mask
83,3.416667,19,rear_leg_candidate,81.085,51.624,744.000,443.000,752.000,494.000,rgb_edges_inside_sam2_mask
83,3.416667,20,rear_leg_candidate,83.019,49.366,741.000,438.000,747.000,487.000,rgb_edges_inside_sam2_mask
83,3.416667,21,rear_leg_candidate,83.019,49.366,693.000,310.000,699.000,359.000,rgb_edges_inside_sam2_mask
83,3.416667,22,front_leg_candidate,-63.435,49.193,621.000,421.000,599.000,465.000,rgb_edges_inside_sam2_mask
83,3.416667,23,support_or_stretcher_candidate,33.366,49.092,620.000,435.000,661.000,462.000,rgb_edges_inside_sam2_mask
83,3.416667,24,support_or_stretcher_candidate,34.992,48.826,618.000,441.000,658.000,469.000,rgb_edges_inside_sam2_mask
83,3.416667,25,rear_leg_candidate,81.158,45.541,684.000,313.000,691.000,358.000,rgb_edges_inside_sam2_mask
83,3.416667,26,support_or_stretcher_candidate,25.346,42.048,707.000,427.000,745.000,445.000,rgb_edges_inside_sam2_mask
83,3.416667,27,support_or_stretcher_candidate,29.055,41.183,705.000,431.000,741.000,451.000,rgb_edges_inside_sam2_mask
83,3.416667,28,rear_leg_candidate,78.690,40.792,733.000,439.000,741.000,479.000,rgb_edges_inside_sam2_mask
83,3.416667,29,front_leg_candidate,-64.093,38.910,725.000,330.000,708.000,365.000,rgb_edges_inside_sam2_mask
84,3.458333,0,front_leg_candidate,-63.933,257.158,744.000,265.000,631.000,496.000,rgb_edges_inside_sam2_mask
84,3.458333,1,front_leg_candidate,-63.938,254.922,744.000,264.000,632.000,493.000,rgb_edges_inside_sam2_mask
84,3.458333,2,front_leg_candidate,-63.865,238.372,706.000,254.000,601.000,468.000,rgb_edges_inside_sam2_mask
84,3.458333,3,front_leg_candidate,-63.149,179.335,700.000,253.000,619.000,413.000,rgb_edges_inside_sam2_mask
84,3.458333,4,front_leg_candidate,-63.846,124.776,694.000,385.000,639.000,497.000,rgb_edges_inside_sam2_mask
84,3.458333,5,front_leg_candidate,-63.853,122.540,697.000,381.000,643.000,491.000,rgb_edges_inside_sam2_mask
84,3.458333,6,front_leg_candidate,-64.463,99.745,637.000,378.000,594.000,468.000,rgb_edges_inside_sam2_mask
84,3.458333,7,front_leg_candidate,-62.879,92.130,692.000,268.000,650.000,350.000,rgb_edges_inside_sam2_mask
84,3.458333,8,rear_leg_candidate,82.200,73.682,697.000,382.000,707.000,455.000,rgb_edges_inside_sam2_mask
84,3.458333,9,rear_leg_candidate,81.511,67.742,691.000,395.000,701.000,462.000,rgb_edges_inside_sam2_mask
84,3.458333,10,front_leg_candidate,-64.259,62.169,627.000,413.000,600.000,469.000,rgb_edges_inside_sam2_mask
84,3.458333,11,rear_leg_candidate,80.690,61.814,685.000,298.000,695.000,359.000,rgb_edges_inside_sam2_mask
84,3.458333,12,front_leg_candidate,-63.853,61.270,695.000,357.000,668.000,412.000,rgb_edges_inside_sam2_mask
84,3.458333,13,rear_leg_candidate,86.121,59.135,746.000,408.000,750.000,467.000,rgb_edges_inside_sam2_mask
84,3.458333,14,rear_leg_candidate,-87.089,59.076,734.000,264.000,731.000,323.000,rgb_edges_inside_sam2_mask
84,3.458333,15,rear_leg_candidate,-87.039,58.078,733.000,264.000,730.000,322.000,rgb_edges_inside_sam2_mask
84,3.458333,16,front_leg_candidate,-64.440,50.990,615.000,422.000,593.000,468.000,rgb_edges_inside_sam2_mask
84,3.458333,17,rear_leg_candidate,83.157,50.359,730.000,384.000,736.000,434.000,rgb_edges_inside_sam2_mask
84,3.458333,18,rear_leg_candidate,81.529,47.518,739.000,444.000,746.000,491.000,rgb_edges_inside_sam2_mask
84,3.458333,19,support_or_stretcher_candidate,35.838,44.407,607.000,437.000,643.000,463.000,rgb_edges_inside_sam2_mask
84,3.458333,20,support_or_stretcher_candidate,32.969,44.102,609.000,433.000,646.000,457.000,rgb_edges_inside_sam2_mask
84,3.458333,21,support_or_stretcher_candidate,27.759,42.942,695.000,430.000,733.000,450.000,rgb_edges_inside_sam2_mask
84,3.458333,22,rear_leg_candidate,83.211,42.297,733.000,327.000,738.000,369.000,rgb_edges_inside_sam2_mask
84,3.458333,23,front_leg_candidate,-66.038,39.395,720.000,331.000,704.000,367.000,rgb_edges_inside_sam2_mask
84,3.458333,24,rear_leg_candidate,81.027,38.471,737.000,453.000,743.000,491.000,rgb_edges_inside_sam2_mask
84,3.458333,25,rear_leg_candidate,81.027,38.471,678.000,314.000,684.000,352.000,rgb_edges_inside_sam2_mask
85,3.500000,0,front_leg_candidate,-64.031,258.056,739.000,265.000,626.000,497.000,rgb_edges_inside_sam2_mask
85,3.500000,1,front_leg_candidate,-63.970,239.270,693.000,254.000,588.000,469.000,rgb_edges_inside_sam2_mask
85,3.500000,2,front_leg_candidate,-63.113,159.211,705.000,357.000,633.000,499.000,rgb_edges_inside_sam2_mask
85,3.500000,3,front_leg_candidate,-63.229,124.326,661.000,337.000,605.000,448.000,rgb_edges_inside_sam2_mask
85,3.500000,4,front_leg_candidate,-64.134,110.023,682.000,278.000,634.000,377.000,rgb_edges_inside_sam2_mask
85,3.500000,5,front_leg_candidate,-63.178,99.730,690.000,278.000,645.000,367.000,rgb_edges_inside_sam2_mask
85,3.500000,6,front_leg_candidate,-63.958,97.944,631.000,379.000,588.000,467.000,rgb_edges_inside_sam2_mask
85,3.500000,7,rear_leg_candidate,83.047,82.608,692.000,380.000,702.000,462.000,rgb_edges_inside_sam2_mask
85,3.500000,8,front_leg_candidate,-63.122,81.841,631.000,397.000,594.000,470.000,rgb_edges_inside_sam2_mask
85,3.500000,9,front_leg_candidate,-63.435,76.026,689.000,386.000,655.000,454.000,rgb_edges_inside_sam2_mask
85,3.500000,10,rear_leg_candidate,85.236,72.250,741.000,418.000,747.000,490.000,rgb_edges_inside_sam2_mask
85,3.500000,11,rear_leg_candidate,81.193,71.847,724.000,314.000,735.000,385.000,rgb_edges_inside_sam2_mask
85,3.500000,12,rear_leg_candidate,81.870,70.711,672.000,305.000,682.000,375.000,rgb_edges_inside_sam2_mask
85,3.500000,13,rear_leg_candidate,81.634,68.731,679.000,298.000,689.000,366.000,rgb_edges_inside_sam2_mask
85,3.500000,14,front_leg_candidate,-63.048,66.189,728.000,307.000,698.000,366.000,rgb_edges_inside_sam2_mask
85,3.500000,15,rear_leg_candidate,81.327,59.682,686.000,404.000,695.000,463.000,rgb_edges_inside_sam2_mask
85,3.500000,16,support_or_stretcher_candidate,37.349,47.802,602.000,437.000,640.000,466.000,rgb_edges_inside_sam2_mask
85,3.500000,17,rear_leg_candidate,81.529,47.518,734.000,444.000,741.000,491.000,rgb_edges_inside_sam2_mask
85,3.500000,18,rear_leg_candidate,81.529,47.518,686.000,400.000,693.000,447.000,rgb_edges_inside_sam2_mask
85,3.500000,19,support_or_stretcher_candidate,28.217,46.530,690.000,430.000,731.000,452.000,rgb_edges_inside_sam2_mask
85,3.500000,20,front_leg_candidate,-63.997,45.618,690.000,357.000,670.000,398.000,rgb_edges_inside_sam2_mask
85,3.500000,21,rear_leg_candidate,79.461,43.738,704.000,338.000,712.000,381.000,rgb_edges_inside_sam2_mask
85,3.500000,22,support_or_stretcher_candidate,36.327,42.202,610.000,436.000,644.000,461.000,rgb_edges_inside_sam2_mask
85,3.500000,23,support_or_stretcher_candidate,28.496,39.825,700.000,436.000,735.000,455.000,rgb_edges_inside_sam2_mask
85,3.500000,24,rear_leg_candidate,81.254,39.459,725.000,314.000,731.000,353.000,rgb_edges_inside_sam2_mask
85,3.500000,25,rear_leg_candidate,84.144,39.205,727.000,403.000,731.000,442.000,rgb_edges_inside_sam2_mask
85,3.500000,26,front_leg_candidate,-64.093,38.910,605.000,431.000,588.000,466.000,rgb_edges_inside_sam2_mask
85,3.500000,27,rear_leg_candidate,82.304,37.336,732.000,453.000,737.000,490.000,rgb_edges_inside_sam2_mask
85,3.500000,28,rear_leg_candidate,-78.996,36.674,730.000,285.000,723.000,321.000,rgb_edges_inside_sam2_mask
86,3.541667,0,front_leg_candidate,-64.081,237.933,725.000,282.000,621.000,496.000,rgb_edges_inside_sam2_mask
86,3.541667,1,front_leg_candidate,-63.880,172.630,665.000,315.000,589.000,470.000,rgb_edges_inside_sam2_mask
86,3.541667,2,front_leg_candidate,-64.754,135.989,686.000,255.000,628.000,378.000,rgb_edges_inside_sam2_mask
86,3.541667,3,front_leg_candidate,-63.825,131.484,687.000,381.000,629.000,499.000,rgb_edges_inside_sam2_mask
86,3.541667,4,rear_leg_candidate,81.289,125.447,716.000,368.000,735.000,492.000,rgb_edges_inside_sam2_mask
86,3.541667,5,front_leg_candidate,-63.947,100.180,687.000,362.000,643.000,452.000,rgb_edges_inside_sam2_mask
86,3.541667,6,front_leg_candidate,-64.213,98.843,625.000,380.000,582.000,469.000,rgb_edges_inside_sam2_mask
86,3.541667,7,front_leg_candidate,-64.359,83.193,619.000,394.000,583.000,469.000,rgb_edges_inside_sam2_mask
86,3.541667,8,rear_leg_candidate,81.870,77.782,671.000,279.000,682.000,356.000,rgb_edges_inside_sam2_mask
86,3.541667,9,rear_leg_candidate,82.405,75.664,721.000,326.000,731.000,401.000,rgb_edges_inside_sam2_mask
86,3.541667,10,rear_leg_candidate,81.995,64.630,667.000,314.000,676.000,378.000,rgb_edges_inside_sam2_mask
86,3.541667,11,front_leg_candidate,-64.259,62.169,724.000,286.000,697.000,342.000,rgb_edges_inside_sam2_mask
86,3.541667,12,rear_leg_candidate,81.607,61.660,680.000,402.000,689.000,463.000,rgb_edges_inside_sam2_mask
86,3.541667,13,front_leg_candidate,-61.763,61.294,721.000,314.000,692.000,368.000,rgb_edges_inside_sam2_mask
86,3.541667,14,rear_leg_candidate,83.234,59.414,686.000,384.000,693.000,443.000,rgb_edges_inside_sam2_mask
86,3.541667,15,rear_leg_candidate,84.094,58.310,736.000,433.000,742.000,491.000,rgb_edges_inside_sam2_mask
86,3.541667,16,support_or_stretcher_candidate,33.408,56.303,598.000,434.000,645.000,465.000,rgb_edges_inside_sam2_mask
86,3.541667,17,front_leg_candidate,-62.488,54.120,723.000,307.000,698.000,355.000,rgb_edges_inside_sam2_mask
86,3.541667,18,front_leg_candidate,-64.486,48.754,666.000,315.000,645.000,359.000,rgb_edges_inside_sam2_mask
86,3.541667,19,rear_leg_candidate,76.827,48.270,723.000,445.000,734.000,492.000,rgb_edges_inside_sam2_mask
86,3.541667,20,support_or_stretcher_candidate,28.217,46.530,689.000,433.000,730.000,455.000,rgb_edges_inside_sam2_mask
86,3.541667,21,support_or_stretcher_candidate,36.870,45.000,596.000,438.000,632.000,465.000,rgb_edges_inside_sam2_mask
86,3.541667,22,support_or_stretcher_candidate,24.228,43.863,689.000,429.000,729.000,447.000,rgb_edges_inside_sam2_mask
86,3.541667,23,front_leg_candidate,-64.026,43.382,608.000,430.000,589.000,469.000,rgb_edges_inside_sam2_mask
86,3.541667,24,front_leg_candidate,-63.435,42.485,640.000,459.000,621.000,497.000,rgb_edges_inside_sam2_mask
86,3.541667,25,support_or_stretcher_candidate,28.393,42.059,689.000,434.000,726.000,454.000,rgb_edges_inside_sam2_mask
86,3.541667,26,rear_leg_candidate,83.047,41.304,691.000,420.000,696.000,461.000,rgb_edges_inside_sam2_mask
86,3.541667,27,front_leg_candidate,-64.722,39.812,653.000,324.000,636.000,360.000,rgb_edges_inside_sam2_mask
86,3.541667,28,front_leg_candidate,-64.722,39.812,686.000,354.000,669.000,390.000,rgb_edges_inside_sam2_mask
86,3.541667,29,rear_leg_candidate,79.563,38.639,711.000,331.000,718.000,369.000,rgb_edges_inside_sam2_mask
86,3.541667,30,rear_leg_candidate,-88.409,36.014,724.000,444.000,723.000,480.000,rgb_edges_inside_sam2_mask
87,3.583333,0,front_leg_candidate,-63.970,239.270,720.000,284.000,615.000,499.000,rgb_edges_inside_sam2_mask
87,3.583333,1,front_leg_candidate,-63.964,193.652,688.000,257.000,603.000,431.000,rgb_edges_inside_sam2_mask
87,3.583333,2,front_leg_candidate,-63.275,160.103,652.000,317.000,580.000,460.000,rgb_edges_inside_sam2_mask
87,3.583333,3,front_leg_candidate,-64.026,130.146,681.000,382.000,624.000,499.000,rgb_edges_inside_sam2_mask
87,3.583333,4,rear_leg_candidate,80.838,125.603,710.000,368.000,730.000,492.000,rgb_edges_inside_sam2_mask
87,3.583333,5,front_leg_candidate,-64.163,105.551,670.000,403.000,624.000,498.000,rgb_edges_inside_sam2_mask
87,3.583333,6,front_leg_candidate,-64.592,88.566,626.000,382.000,588.000,462.000,rgb_edges_inside_sam2_mask
87,3.583333,7,rear_leg_candidate,82.304,74.673,680.000,386.000,690.000,460.000,rgb_edges_inside_sam2_mask
87,3.583333,8,rear_leg_candidate,81.983,71.701,680.000,390.000,690.000,461.000,rgb_edges_inside_sam2_mask
87,3.583333,9,rear_leg_candidate,81.870,70.711,661.000,315.000,671.000,385.000,rgb_edges_inside_sam2_mask
87,3.583333,10,rear_leg_candidate,83.387,69.462,718.000,340.000,726.000,409.000,rgb_edges_inside_sam2_mask
87,3.583333,11,front_leg_candidate,-63.435,69.318,719.000,304.000,688.000,366.000,rgb_edges_inside_sam2_mask
87,3.583333,12,rear_leg_candidate,83.946,66.370,731.000,431.000,738.000,497.000,rgb_edges_inside_sam2_mask
87,3.583333,13,front_leg_candidate,-63.825,65.742,714.000,297.000,685.000,356.000,rgb_edges_inside_sam2_mask
87,3.583333,14,front_leg_candidate,-63.034,63.953,605.000,411.000,576.000,468.000,rgb_edges_inside_sam2_mask
87,3.583333,15,rear_leg_candidate,81.327,59.682,674.000,404.000,683.000,463.000,rgb_edges_inside_sam2_mask
87,3.583333,16,support_or_stretcher_candidate,37.266,57.801,590.000,438.000,636.000,473.000,rgb_edges_inside_sam2_mask
87,3.583333,17,support_or_stretcher_candidate,36.254,55.803,594.000,434.000,639.000,467.000,rgb_edges_inside_sam2_mask
87,3.583333,18,front_leg_candidate,-64.359,55.462,681.000,355.000,657.000,405.000,rgb_edges_inside_sam2_mask
87,3.583333,19,front_leg_candidate,-64.440,50.990,678.000,360.000,656.000,406.000,rgb_edges_inside_sam2_mask
87,3.583333,20,front_leg_candidate,-63.435,49.193,598.000,426.000,576.000,470.000,rgb_edges_inside_sam2_mask
87,3.583333,21,front_leg_candidate,-64.486,48.754,604.000,427.000,583.000,471.000,rgb_edges_inside_sam2_mask
87,3.583333,22,front_leg_candidate,-66.644,47.927,642.000,335.000,623.000,379.000,rgb_edges_inside_sam2_mask
87,3.583333,23,support_or_stretcher_candidate,27.646,47.413,683.000,434.000,725.000,456.000,rgb_edges_inside_sam2_mask
87,3.583333,24,rear_leg_candidate,80.134,46.690,719.000,445.000,727.000,491.000,rgb_edges_inside_sam2_mask
87,3.583333,25,rear_leg_candidate,82.405,45.398,670.000,311.000,676.000,356.000,rgb_edges_inside_sam2_mask
87,3.583333,26,support_or_stretcher_candidate,34.046,44.654,593.000,435.000,630.000,460.000,rgb_edges_inside_sam2_mask
87,3.583333,27,rear_leg_candidate,80.961,44.553,711.000,377.000,718.000,421.000,rgb_edges_inside_sam2_mask
87,3.583333,28,front_leg_candidate,-64.592,44.283,659.000,300.000,640.000,340.000,rgb_edges_inside_sam2_mask
87,3.583333,29,support_or_stretcher_candidate,36.607,43.600,595.000,443.000,630.000,469.000,rgb_edges_inside_sam2_mask
87,3.583333,30,front_leg_candidate,-61.607,42.059,659.000,318.000,639.000,355.000,rgb_edges_inside_sam2_mask
88,3.625000,0,front_leg_candidate,-64.031,258.056,723.000,267.000,610.000,499.000,rgb_edges_inside_sam2_mask
88,3.625000,1,front_leg_candidate,-64.151,178.899,722.000,267.000,644.000,428.000,rgb_edges_inside_sam2_mask
88,3.625000,2,front_leg_candidate,-63.094,150.266,660.000,304.000,592.000,438.000,rgb_edges_inside_sam2_mask
88,3.625000,3,front_leg_candidate,-63.252,139.979,647.000,315.000,584.000,440.000,rgb_edges_inside_sam2_mask
88,3.625000,4,front_leg_candidate,-64.217,131.046,675.000,383.000,618.000,501.000,rgb_edges_inside_sam2_mask
88,3.625000,5,front_leg_candidate,-63.034,127.906,677.000,255.000,619.000,369.000,rgb_edges_inside_sam2_mask
88,3.625000,6,rear_leg_candidate,82.079,116.108,705.000,297.000,721.000,412.000,rgb_edges_inside_sam2_mask
88,3.625000,7,rear_leg_candidate,83.130,83.600,701.000,332.000,711.000,415.000,rgb_edges_inside_sam2_mask
88,3.625000,8,rear_leg_candidate,82.405,75.664,674.000,388.000,684.000,463.000,rgb_edges_inside_sam2_mask
88,3.625000,9,front_leg_candidate,-64.134,73.348,714.000,302.000,682.000,368.000,rgb_edges_inside_sam2_mask
88,3.625000,10,front_leg_candidate,-63.072,70.661,609.000,407.000,577.000,470.000,rgb_edges_inside_sam2_mask
88,3.625000,11,front_leg_candidate,-63.853,61.270,656.000,406.000,629.000,461.000,rgb_edges_inside_sam2_mask
88,3.625000,12,rear_leg_candidate,84.289,60.299,725.000,431.000,731.000,491.000,rgb_edges_inside_sam2_mask
88,3.625000,13,rear_leg_candidate,81.327,59.682,668.000,405.000,677.000,464.000,rgb_edges_inside_sam2_mask
88,3.625000,14,support_or_stretcher_candidate,33.690,57.689,587.000,435.000,635.000,467.000,rgb_edges_inside_sam2_mask
88,3.625000,15,rear_leg_candidate,80.870,56.719,655.000,316.000,664.000,372.000,rgb_edges_inside_sam2_mask
88,3.625000,16,support_or_stretcher_candidate,35.417,55.218,586.000,441.000,631.000,473.000,rgb_edges_inside_sam2_mask
88,3.625000,17,front_leg_candidate,-63.435,53.666,594.000,422.000,570.000,470.000,rgb_edges_inside_sam2_mask
88,3.625000,18,rear_leg_candidate,82.333,52.469,664.000,311.000,671.000,363.000,rgb_edges_inside_sam2_mask
88,3.625000,19,support_or_stretcher_candidate,29.168,49.244,676.000,433.000,719.000,457.000,rgb_edges_inside_sam2_mask
88,3.625000,20,front_leg_candidate,-62.354,47.413,666.000,292.000,644.000,334.000,rgb_edges_inside_sam2_mask
88,3.625000,21,front_leg_candidate,-64.592,44.283,673.000,360.000,654.000,400.000,rgb_edges_inside_sam2_mask
88,3.625000,22,support_or_stretcher_candidate,24.228,43.863,678.000,430.000,718.000,448.000,rgb_edges_inside_sam2_mask
88,3.625000,23,rear_leg_candidate,82.694,39.319,713.000,345.000,718.000,384.000,rgb_edges_inside_sam2_mask
88,3.625000,24,rear_leg_candidate,82.504,38.328,663.000,309.000,668.000,347.000,rgb_edges_inside_sam2_mask
88,3.625000,25,rear_leg_candidate,-83.991,38.210,725.000,378.000,721.000,416.000,rgb_edges_inside_sam2_mask
88,3.625000,26,rear_leg_candidate,77.471,36.878,710.000,444.000,718.000,480.000,rgb_edges_inside_sam2_mask
89,3.666667,0,front_leg_candidate,-63.970,239.270,676.000,257.000,571.000,472.000,rgb_edges_inside_sam2_mask
89,3.666667,1,front_leg_candidate,-64.754,135.989,692.000,318.000,634.000,441.000,rgb_edges_inside_sam2_mask
89,3.666667,2,front_leg_candidate,-64.217,131.046,670.000,383.000,613.000,501.000,rgb_edges_inside_sam2_mask
89,3.666667,3,front_leg_candidate,-65.095,123.483,667.000,257.000,615.000,369.000,rgb_edges_inside_sam2_mask
89,3.666667,4,front_leg_candidate,-64.093,116.730,675.000,260.000,624.000,365.000,rgb_edges_inside_sam2_mask
89,3.666667,5,front_leg_candidate,-63.958,97.944,608.000,381.000,565.000,469.000,rgb_edges_inside_sam2_mask
89,3.666667,6,front_leg_candidate,-63.970,95.708,607.000,381.000,565.000,467.000,rgb_edges_inside_sam2_mask
89,3.666667,7,front_leg_candidate,-64.983,82.765,641.000,425.000,606.000,500.000,rgb_edges_inside_sam2_mask
89,3.666667,8,front_leg_candidate,-64.759,77.389,705.000,291.000,672.000,361.000,rgb_edges_inside_sam2_mask
89,3.666667,9,front_leg_candidate,-64.502,72.014,662.000,270.000,631.000,335.000,rgb_edges_inside_sam2_mask
89,3.666667,10,rear_leg_candidate,82.776,71.568,668.000,389.000,677.000,460.000,rgb_edges_inside_sam2_mask
89,3.666667,11,front_leg_candidate,-63.435,67.082,708.000,305.000,678.000,365.000,rgb_edges_inside_sam2_mask
89,3.666667,12,rear_leg_candidate,83.558,62.394,706.000,329.000,713.000,391.000,rgb_edges_inside_sam2_mask
89,3.666667,13,rear_leg_candidate,82.405,60.531,662.000,403.000,670.000,463.000,rgb_edges_inside_sam2_mask
89,3.666667,14,support_or_stretcher_candidate,33.959,59.076,578.000,440.000,627.000,473.000,rgb_edges_inside_sam2_mask
89,3.666667,15,front_leg_candidate,-64.747,58.600,631.000,444.000,606.000,497.000,rgb_edges_inside_sam2_mask
89,3.666667,16,rear_leg_candidate,84.806,55.227,715.000,374.000,720.000,429.000,rgb_edges_inside_sam2_mask
89,3.666667,17,support_or_stretcher_candidate,27.031,55.009,673.000,435.000,722.000,460.000,rgb_edges_inside_sam2_mask
89,3.666667,18,rear_leg_candidate,79.315,53.935,697.000,365.000,707.000,418.000,rgb_edges_inside_sam2_mask
89,3.666667,19,rear_leg_candidate,76.759,52.393,705.000,444.000,717.000,495.000,rgb_edges_inside_sam2_mask
89,3.666667,20,rear_leg_candidate,85.426,50.160,702.000,286.000,706.000,336.000,rgb_edges_inside_sam2_mask
89,3.666667,21,rear_leg_candidate,84.920,45.177,718.000,414.000,722.000,459.000,rgb_edges_inside_sam2_mask
89,3.666667,22,support_or_stretcher_candidate,28.301,44.294,562.000,352.000,601.000,373.000,rgb_edges_inside_sam2_mask
89,3.666667,23,rear_leg_candidate,82.057,43.417,707.000,416.000,713.000,459.000,rgb_edges_inside_sam2_mask
89,3.666667,24,front_leg_candidate,-65.225,42.953,651.000,404.000,633.000,443.000,rgb_edges_inside_sam2_mask
89,3.666667,25,support_or_stretcher_candidate,25.907,38.910,674.000,429.000,709.000,446.000,rgb_edges_inside_sam2_mask
89,3.666667,26,support_or_stretcher_candidate,26.565,38.013,675.000,430.000,709.000,447.000,rgb_edges_inside_sam2_mask
90,3.708333,0,front_leg_candidate,-64.134,256.720,712.000,267.000,600.000,498.000,rgb_edges_inside_sam2_mask
90,3.708333,1,front_leg_candidate,-63.970,239.270,670.000,257.000,565.000,472.000,rgb_edges_inside_sam2_mask
90,3.708333,2,front_leg_candidate,-63.099,152.502,664.000,256.000,595.000,392.000,rgb_edges_inside_sam2_mask
90,3.708333,3,front_leg_candidate,-63.825,131.484,665.000,383.000,607.000,501.000,rgb_edges_inside_sam2_mask
90,3.708333,4,front_leg_candidate,-64.069,121.202,707.000,276.000,654.000,385.000,rgb_edges_inside_sam2_mask
90,3.708333,5,front_leg_candidate,-63.958,97.944,602.000,381.000,559.000,469.000,rgb_edges_inside_sam2_mask
90,3.708333,6,front_leg_candidate,-63.970,95.708,653.000,390.000,611.000,476.000,rgb_edges_inside_sam2_mask
90,3.708333,7,rear_leg_candidate,82.962,81.615,697.000,312.000,707.000,393.000,rgb_edges_inside_sam2_mask
90,3.708333,8,rear_leg_candidate,82.674,70.576,662.000,392.000,671.000,462.000,rgb_edges_inside_sam2_mask
90,3.708333,9,rear_leg_candidate,82.569,69.584,697.000,387.000,706.000,456.000,rgb_edges_inside_sam2_mask
90,3.708333,10,front_leg_candidate,-64.179,68.877,639.000,438.000,609.000,500.000,rgb_edges_inside_sam2_mask
90,3.708333,11,rear_leg_candidate,83.454,61.400,713.000,430.000,720.000,491.000,rgb_edges_inside_sam2_mask
90,3.708333,12,support_or_stretcher_candidate,35.538,60.216,574.000,436.000,623.000,471.000,rgb_edges_inside_sam2_mask
90,3.708333,13,rear_leg_candidate,82.147,58.549,656.000,405.000,664.000,463.000,rgb_edges_inside_sam2_mask
90,3.708333,14,rear_leg_candidate,82.999,57.428,700.000,327.000,707.000,384.000,rgb_edges_inside_sam2_mask
90,3.708333,15,front_leg_candidate,-63.435,53.666,597.000,390.000,573.000,438.000,rgb_edges_inside_sam2_mask
90,3.708333,16,rear_leg_candidate,84.508,52.240,691.000,334.000,696.000,386.000,rgb_edges_inside_sam2_mask
90,3.708333,17,support_or_stretcher_candidate,25.084,51.894,659.000,426.000,706.000,448.000,rgb_edges_inside_sam2_mask
90,3.708333,18,front_leg_candidate,-63.435,51.430,631.000,323.000,608.000,369.000,rgb_edges_inside_sam2_mask
90,3.708333,19,rear_leg_candidate,78.440,44.911,642.000,317.000,651.000,361.000,rgb_edges_inside_sam2_mask
90,3.708333,20,support_or_stretcher_candidate,27.150,43.829,556.000,353.000,595.000,373.000,rgb_edges_inside_sam2_mask
90,3.708333,21,support_or_stretcher_candidate,26.565,42.485,665.000,434.000,703.000,453.000,rgb_edges_inside_sam2_mask
90,3.708333,22,front_leg_candidate,-62.784,39.357,689.000,334.000,671.000,369.000,rgb_edges_inside_sam2_mask
90,3.708333,23,rear_leg_candidate,85.486,38.118,652.000,315.000,655.000,353.000,rgb_edges_inside_sam2_mask
90,3.708333,24,front_leg_candidate,-63.435,38.013,659.000,368.000,642.000,402.000,rgb_edges_inside_sam2_mask
91,3.750000,0,front_leg_candidate,-64.127,222.281,663.000,257.000,566.000,457.000,rgb_edges_inside_sam2_mask
91,3.750000,1,front_leg_candidate,-64.894,193.259,705.000,267.000,623.000,442.000,rgb_edges_inside_sam2_mask
91,3.750000,2,front_leg_candidate,-64.815,185.648,674.000,332.000,595.000,500.000,rgb_edges_inside_sam2_mask
91,3.750000,3,front_leg_candidate,-64.822,129.283,658.000,384.000,603.000,501.000,rgb_edges_inside_sam2_mask
91,3.750000,4,front_leg_candidate,-64.954,118.106,657.000,387.000,607.000,494.000,rgb_edges_inside_sam2_mask
91,3.750000,5,front_leg_candidate,-63.983,93.472,641.000,304.000,600.000,388.000,rgb_edges_inside_sam2_mask
91,3.750000,6,front_leg_candidate,-65.973,90.874,635.000,298.000,598.000,381.000,rgb_edges_inside_sam2_mask
91,3.750000,7,rear_leg_candidate,79.089,84.528,639.000,290.000,655.000,373.000,rgb_edges_inside_sam2_mask
91,3.750000,8,front_leg_candidate,-64.093,77.820,595.000,381.000,561.000,451.000,rgb_edges_inside_sam2_mask
91,3.750000,9,rear_leg_candidate,83.571,71.449,656.000,392.000,664.000,463.000,rgb_edges_inside_sam2_mask
91,3.750000,10,rear_leg_candidate,82.569,69.584,690.000,381.000,699.000,450.000,rgb_edges_inside_sam2_mask
91,3.750000,11,front_leg_candidate,-64.179,68.877,696.000,306.000,666.000,368.000,rgb_edges_inside_sam2_mask
91,3.750000,12,front_leg_candidate,-64.699,60.836,579.000,416.000,553.000,471.000,rgb_edges_inside_sam2_mask
91,3.750000,13,support_or_stretcher_candidate,34.509,58.249,568.000,441.000,616.000,474.000,rgb_edges_inside_sam2_mask
91,3.750000,14,front_leg_candidate,-64.359,55.462,658.000,359.000,634.000,409.000,rgb_edges_inside_sam2_mask
91,3.750000,15,rear_leg_candidate,82.614,54.452,650.000,407.000,657.000,461.000,rgb_edges_inside_sam2_mask
91,3.750000,16,front_leg_candidate,-64.398,53.226,618.000,450.000,595.000,498.000,rgb_edges_inside_sam2_mask
91,3.750000,17,support_or_stretcher_candidate,31.159,50.249,569.000,436.000,612.000,462.000,rgb_edges_inside_sam2_mask
91,3.750000,18,front_leg_candidate,-66.038,49.244,640.000,287.000,620.000,332.000,rgb_edges_inside_sam2_mask
91,3.750000,19,front_leg_candidate,-66.038,49.244,617.000,336.000,597.000,381.000,rgb_edges_inside_sam2_mask
91,3.750000,20,rear_leg_candidate,81.158,45.541,636.000,316.000,643.000,361.000,rgb_edges_inside_sam2_mask
91,3.750000,21,support_or_stretcher_candidate,27.699,45.177,661.000,428.000,701.000,449.000,rgb_edges_inside_sam2_mask
91,3.750000,22,support_or_stretcher_candidate,27.699,45.177,550.000,353.000,590.000,374.000,rgb_edges_inside_sam2_mask
91,3.750000,23,rear_leg_candidate,83.367,43.290,646.000,320.000,651.000,363.000,rgb_edges_inside_sam2_mask
91,3.750000,24,rear_leg_candidate,76.608,43.174,670.000,341.000,680.000,383.000,rgb_edges_inside_sam2_mask
91,3.750000,25,rear_leg_candidate,83.047,41.304,689.000,274.000,694.000,315.000,rgb_edges_inside_sam2_mask
91,3.750000,26,support_or_stretcher_candidate,25.278,39.812,662.000,437.000,698.000,454.000,rgb_edges_inside_sam2_mask
91,3.750000,27,support_or_stretcher_candidate,27.216,39.357,658.000,433.000,693.000,451.000,rgb_edges_inside_sam2_mask
91,3.750000,28,rear_leg_candidate,82.504,38.328,685.000,334.000,690.000,372.000,rgb_edges_inside_sam2_mask
91,3.750000,29,rear_leg_candidate,82.304,37.336,696.000,347.000,701.000,384.000,rgb_edges_inside_sam2_mask
91,3.750000,30,rear_leg_candidate,83.660,36.222,702.000,374.000,706.000,410.000,rgb_edges_inside_sam2_mask
92,3.791667,0,front_leg_candidate,-65.033,208.483,678.000,312.000,590.000,501.000,rgb_edges_inside_sam2_mask
92,3.791667,1,front_leg_candidate,-63.941,202.596,657.000,257.000,568.000,439.000,rgb_edges_inside_sam2_mask
92,3.791667,2,front_leg_candidate,-64.983,132.424,653.000,383.000,597.000,503.000,rgb_edges_inside_sam2_mask
92,3.791667,3,rear_leg_candidate,83.037,131.973,679.000,334.000,695.000,465.000,rgb_edges_inside_sam2_mask
92,3.791667,4,front_leg_candidate,-64.822,129.283,700.000,267.000,645.000,384.000,rgb_edges_inside_sam2_mask
92,3.791667,5,front_leg_candidate,-64.954,118.106,654.000,383.000,604.000,490.000,rgb_edges_inside_sam2_mask
92,3.791667,6,front_leg_candidate,-63.947,100.180,638.000,280.000,594.000,370.000,rgb_edges_inside_sam2_mask
92,3.791667,7,front_leg_candidate,-63.970,95.708,589.000,382.000,547.000,468.000,rgb_edges_inside_sam2_mask
92,3.791667,8,front_leg_candidate,-65.556,84.581,587.000,383.000,552.000,460.000,rgb_edges_inside_sam2_mask
92,3.791667,9,front_leg_candidate,-63.741,83.630,634.000,307.000,597.000,382.000,rgb_edges_inside_sam2_mask
92,3.791667,10,rear_leg_candidate,82.117,65.620,649.000,395.000,658.000,460.000,rgb_edges_inside_sam2_mask
92,3.791667,11,rear_leg_candidate,80.248,64.938,690.000,346.000,701.000,410.000,rgb_edges_inside_sam2_mask
92,3.791667,12,rear_leg_candidate,-87.089,59.076,689.000,267.000,686.000,326.000,rgb_edges_inside_sam2_mask
92,3.791667,13,front_leg_candidate,-63.869,59.034,654.000,357.000,628.000,410.000,rgb_edges_inside_sam2_mask
92,3.791667,14,rear_leg_candidate,83.884,56.321,702.000,430.000,708.000,486.000,rgb_edges_inside_sam2_mask
92,3.791667,15,rear_leg_candidate,80.707,55.731,637.000,309.000,646.000,364.000,rgb_edges_inside_sam2_mask
92,3.791667,16,support_or_stretcher_candidate,24.179,53.712,646.000,425.000,695.000,447.000,rgb_edges_inside_sam2_mask
92,3.791667,17,support_or_stretcher_candidate,28.009,53.235,646.000,430.000,693.000,455.000,rgb_edges_inside_sam2_mask
92,3.791667,18,support_or_stretcher_candidate,22.011,50.695,635.000,354.000,682.000,373.000,rgb_edges_inside_sam2_mask
92,3.791667,19,support_or_stretcher_candidate,33.366,49.092,560.000,440.000,601.000,467.000,rgb_edges_inside_sam2_mask
92,3.791667,20,support_or_stretcher_candidate,33.690,46.872,560.000,441.000,599.000,467.000,rgb_edges_inside_sam2_mask
92,3.791667,21,support_or_stretcher_candidate,24.864,45.188,543.000,355.000,584.000,374.000,rgb_edges_inside_sam2_mask
92,3.791667,22,rear_leg_candidate,80.961,44.553,630.000,317.000,637.000,361.000,rgb_edges_inside_sam2_mask
92,3.791667,23,support_or_stretcher_candidate,33.311,41.881,568.000,438.000,603.000,461.000,rgb_edges_inside_sam2_mask
92,3.791667,24,support_or_stretcher_candidate,33.311,41.881,569.000,439.000,604.000,462.000,rgb_edges_inside_sam2_mask
92,3.791667,25,rear_leg_candidate,80.074,40.608,684.000,311.000,691.000,351.000,rgb_edges_inside_sam2_mask
92,3.791667,26,rear_leg_candidate,88.568,40.012,696.000,448.000,697.000,488.000,rgb_edges_inside_sam2_mask
92,3.791667,27,rear_leg_candidate,81.254,39.459,643.000,408.000,649.000,447.000,rgb_edges_inside_sam2_mask
92,3.791667,28,front_leg_candidate,-66.038,39.395,676.000,335.000,660.000,371.000,rgb_edges_inside_sam2_mask
93,3.833333,0,front_leg_candidate,-64.929,257.235,694.000,267.000,585.000,500.000,rgb_edges_inside_sam2_mask
93,3.833333,1,front_leg_candidate,-64.776,133.754,604.000,352.000,547.000,473.000,rgb_edges_inside_sam2_mask
93,3.833333,2,front_leg_candidate,-64.926,120.341,649.000,257.000,598.000,366.000,rgb_edges_inside_sam2_mask
93,3.833333,3,front_leg_candidate,-64.949,101.553,635.000,411.000,592.000,503.000,rgb_edges_inside_sam2_mask
93,3.833333,4,front_leg_candidate,-65.266,97.990,582.000,383.000,541.000,472.000,rgb_edges_inside_sam2_mask
93,3.833333,5,front_leg_candidate,-64.511,95.273,650.000,258.000,609.000,344.000,rgb_edges_inside_sam2_mask
93,3.833333,6,rear_leg_candidate,82.126,94.895,676.000,365.000,689.000,459.000,rgb_edges_inside_sam2_mask
93,3.833333,7,front_leg_candidate,-63.153,90.785,622.000,301.000,581.000,382.000,rgb_edges_inside_sam2_mask
93,3.833333,8,front_leg_candidate,-64.312,87.664,642.000,257.000,604.000,336.000,rgb_edges_inside_sam2_mask
93,3.833333,9,rear_leg_candidate,80.991,83.024,679.000,314.000,692.000,396.000,rgb_edges_inside_sam2_mask
93,3.833333,10,support_or_stretcher_candidate,25.067,68.447,623.000,417.000,685.000,446.000,rgb_edges_inside_sam2_mask
93,3.833333,11,support_or_stretcher_candidate,36.501,62.201,555.000,440.000,605.000,477.000,rgb_edges_inside_sam2_mask
93,3.833333,12,rear_leg_candidate,82.875,56.436,688.000,442.000,695.000,498.000,rgb_edges_inside_sam2_mask
93,3.833333,13,rear_leg_candidate,83.884,56.321,697.000,434.000,703.000,490.000,rgb_edges_inside_sam2_mask
93,3.833333,14,support_or_stretcher_candidate,30.784,54.708,562.000,440.000,609.000,468.000,rgb_edges_inside_sam2_mask
93,3.833333,15,front_leg_candidate,-64.855,54.129,646.000,360.000,623.000,409.000,rgb_edges_inside_sam2_mask
93,3.833333,16,rear_leg_candidate,81.416,53.600,637.000,410.000,645.000,463.000,rgb_edges_inside_sam2_mask
93,3.833333,17,support_or_stretcher_candidate,32.471,52.154,562.000,447.000,606.000,475.000,rgb_edges_inside_sam2_mask
93,3.833333,18,support_or_stretcher_candidate,25.017,49.659,640.000,432.000,685.000,453.000,rgb_edges_inside_sam2_mask
93,3.833333,19,front_leg_candidate,-65.556,48.332,630.000,423.000,610.000,467.000,rgb_edges_inside_sam2_mask
93,3.833333,20,support_or_stretcher_candidate,27.121,46.065,538.000,354.000,579.000,375.000,rgb_edges_inside_sam2_mask
93,3.833333,21,rear_leg_candidate,82.057,43.417,638.000,418.000,644.000,461.000,rgb_edges_inside_sam2_mask
93,3.833333,22,front_leg_candidate,-64.026,43.382,684.000,308.000,665.000,347.000,rgb_edges_inside_sam2_mask
93,3.833333,23,rear_leg_candidate,81.674,41.437,631.000,310.000,637.000,351.000,rgb_edges_inside_sam2_mask
93,3.833333,24,rear_leg_candidate,83.047,41.304,673.000,334.000,678.000,375.000,rgb_edges_inside_sam2_mask
93,3.833333,25,front_leg_candidate,-63.435,40.249,681.000,316.000,663.000,352.000,rgb_edges_inside_sam2_mask
94,3.875000,0,front_leg_candidate,-65.023,258.141,689.000,267.000,580.000,501.000,rgb_edges_inside_sam2_mask
94,3.875000,1,front_leg_candidate,-64.940,238.447,642.000,258.000,541.000,474.000,rgb_edges_inside_sam2_mask
94,3.875000,2,rear_leg_candidate,82.073,159.524,667.000,334.000,689.000,492.000,rgb_edges_inside_sam2_mask
94,3.875000,3,front_leg_candidate,-65.194,131.095,677.000,289.000,622.000,408.000,rgb_edges_inside_sam2_mask
94,3.875000,4,front_leg_candidate,-64.628,107.355,636.000,257.000,590.000,354.000,rgb_edges_inside_sam2_mask
94,3.875000,5,front_leg_candidate,-65.980,100.722,633.000,258.000,592.000,350.000,rgb_edges_inside_sam2_mask
94,3.875000,6,front_leg_candidate,-65.266,97.990,575.000,384.000,534.000,473.000,rgb_edges_inside_sam2_mask
94,3.875000,7,front_leg_candidate,-65.659,92.195,629.000,413.000,591.000,497.000,rgb_edges_inside_sam2_mask
94,3.875000,8,rear_leg_candidate,79.509,82.377,618.000,284.000,633.000,365.000,rgb_edges_inside_sam2_mask
94,3.875000,9,rear_leg_candidate,81.545,74.813,676.000,329.000,687.000,403.000,rgb_edges_inside_sam2_mask
94,3.875000,10,front_leg_candidate,-64.841,72.918,614.000,429.000,583.000,495.000,rgb_edges_inside_sam2_mask
94,3.875000,11,front_leg_candidate,-65.225,71.589,582.000,385.000,552.000,450.000,rgb_edges_inside_sam2_mask
94,3.875000,12,front_leg_candidate,-64.612,65.307,620.000,308.000,592.000,367.000,rgb_edges_inside_sam2_mask
94,3.875000,13,support_or_stretcher_candidate,22.964,64.078,625.000,423.000,684.000,448.000,rgb_edges_inside_sam2_mask
94,3.875000,14,rear_leg_candidate,81.607,61.660,637.000,400.000,646.000,461.000,rgb_edges_inside_sam2_mask
94,3.875000,15,rear_leg_candidate,83.234,59.414,691.000,431.000,698.000,490.000,rgb_edges_inside_sam2_mask
94,3.875000,16,front_leg_candidate,-63.869,59.034,577.000,384.000,551.000,437.000,rgb_edges_inside_sam2_mask
94,3.875000,17,support_or_stretcher_candidate,27.897,57.706,531.000,355.000,582.000,382.000,rgb_edges_inside_sam2_mask
94,3.875000,18,support_or_stretcher_candidate,26.565,55.902,633.000,431.000,683.000,456.000,rgb_edges_inside_sam2_mask
94,3.875000,19,front_leg_candidate,-66.666,55.543,671.000,321.000,649.000,372.000,rgb_edges_inside_sam2_mask
94,3.875000,20,rear_leg_candidate,81.085,51.624,670.000,366.000,678.000,417.000,rgb_edges_inside_sam2_mask
94,3.875000,21,support_or_stretcher_candidate,20.556,51.264,624.000,357.000,672.000,375.000,rgb_edges_inside_sam2_mask
94,3.875000,22,rear_leg_candidate,82.030,50.488,631.000,413.000,638.000,463.000,rgb_edges_inside_sam2_mask
94,3.875000,23,support_or_stretcher_candidate,30.763,48.877,548.000,444.000,590.000,469.000,rgb_edges_inside_sam2_mask
94,3.875000,24,front_leg_candidate,-66.161,47.011,607.000,460.000,588.000,503.000,rgb_edges_inside_sam2_mask
94,3.875000,25,support_or_stretcher_candidate,31.608,45.793,551.000,438.000,590.000,462.000,rgb_edges_inside_sam2_mask
94,3.875000,26,support_or_stretcher_candidate,32.276,44.944,551.000,444.000,589.000,468.000,rgb_edges_inside_sam2_mask
94,3.875000,27,rear_leg_candidate,80.754,43.566,617.000,319.000,624.000,362.000,rgb_edges_inside_sam2_mask
94,3.875000,28,support_or_stretcher_candidate,30.735,43.046,560.000,443.000,597.000,465.000,rgb_edges_inside_sam2_mask
94,3.875000,29,front_leg_candidate,-64.654,42.048,642.000,358.000,624.000,396.000,rgb_edges_inside_sam2_mask
94,3.875000,30,rear_leg_candidate,83.660,36.222,689.000,407.000,693.000,443.000,rgb_edges_inside_sam2_mask
95,3.916667,0,front_leg_candidate,-65.041,239.353,636.000,259.000,535.000,476.000,rgb_edges_inside_sam2_mask
95,3.916667,1,front_leg_candidate,-64.983,215.188,676.000,284.000,585.000,479.000,rgb_edges_inside_sam2_mask
95,3.916667,2,front_leg_candidate,-64.983,132.424,637.000,385.000,581.000,505.000,rgb_edges_inside_sam2_mask
95,3.916667,3,front_leg_candidate,-65.993,130.269,582.000,355.000,529.000,474.000,rgb_edges_inside_sam2_mask
95,3.916667,4,rear_leg_candidate,80.981,127.577,665.000,367.000,685.000,493.000,rgb_edges_inside_sam2_mask
95,3.916667,5,front_leg_candidate,-65.256,126.625,629.000,258.000,576.000,373.000,rgb_edges_inside_sam2_mask
95,3.916667,6,front_leg_candidate,-66.038,98.489,569.000,385.000,529.000,475.000,rgb_edges_inside_sam2_mask
95,3.916667,7,rear_leg_candidate,80.640,92.228,667.000,315.000,682.000,406.000,rgb_edges_inside_sam2_mask
95,3.916667,8,front_leg_candidate,-65.179,88.142,678.000,276.000,641.000,356.000,rgb_edges_inside_sam2_mask
95,3.916667,9,front_leg_candidate,-65.225,71.589,673.000,305.000,643.000,370.000,rgb_edges_inside_sam2_mask
95,3.916667,10,rear_leg_candidate,80.942,69.871,618.000,313.000,629.000,382.000,rgb_edges_inside_sam2_mask
95,3.916667,11,support_or_stretcher_candidate,25.821,68.877,627.000,432.000,689.000,462.000,rgb_edges_inside_sam2_mask
95,3.916667,12,rear_leg_candidate,82.648,62.514,631.000,402.000,639.000,464.000,rgb_edges_inside_sam2_mask
95,3.916667,13,front_leg_candidate,-64.699,60.836,608.000,431.000,582.000,486.000,rgb_edges_inside_sam2_mask
95,3.916667,14,support_or_stretcher_candidate,32.005,56.604,550.000,441.000,598.000,471.000,rgb_edges_inside_sam2_mask
95,3.916667,15,rear_leg_candidate,81.254,52.612,625.000,413.000,633.000,465.000,rgb_edges_inside_sam2_mask
95,3.916667,16,rear_leg_candidate,81.254,52.612,686.000,437.000,694.000,489.000,rgb_edges_inside_sam2_mask
95,3.916667,17,support_or_stretcher_candidate,30.018,51.971,551.000,450.000,596.000,476.000,rgb_edges_inside_sam2_mask
95,3.916667,18,support_or_stretcher_candidate,24.944,47.424,636.000,430.000,679.000,450.000,rgb_edges_inside_sam2_mask
95,3.916667,19,rear_leg_candidate,81.347,46.530,678.000,375.000,685.000,421.000,rgb_edges_inside_sam2_mask
95,3.916667,20,front_leg_candidate,-62.879,46.065,670.000,317.000,649.000,358.000,rgb_edges_inside_sam2_mask
95,3.916667,21,rear_leg_candidate,79.919,45.706,610.000,318.000,618.000,363.000,rgb_edges_inside_sam2_mask
95,3.916667,22,front_leg_candidate,-65.136,45.188,602.000,314.000,583.000,355.000,rgb_edges_inside_sam2_mask
95,3.916667,23,rear_leg_candidate,80.961,44.553,669.000,398.000,676.000,442.000,rgb_edges_inside_sam2_mask
95,3.916667,24,support_or_stretcher_candidate,24.775,42.953,529.000,359.000,568.000,377.000,rgb_edges_inside_sam2_mask
95,3.916667,25,front_leg_candidate,-64.654,42.048,577.000,384.000,559.000,422.000,rgb_edges_inside_sam2_mask
95,3.916667,26,rear_leg_candidate,77.800,37.855,660.000,336.000,668.000,373.000,rgb_edges_inside_sam2_mask
96,3.958333,0,front_leg_candidate,-65.943,183.981,645.000,336.000,570.000,504.000,rgb_edges_inside_sam2_mask
96,3.958333,1,front_leg_candidate,-65.973,181.747,664.000,294.000,590.000,460.000,rgb_edges_inside_sam2_mask
96,3.958333,2,front_leg_candidate,-66.297,134.332,627.000,262.000,573.000,385.000,rgb_edges_inside_sam2_mask
96,3.958333,3,front_leg_candidate,-65.772,131.590,631.000,386.000,577.000,506.000,rgb_edges_inside_sam2_mask
96,3.958333,4,rear_leg_candidate,80.910,126.590,659.000,368.000,679.000,493.000,rgb_edges_inside_sam2_mask
96,3.958333,5,front_leg_candidate,-65.014,113.635,584.000,341.000,536.000,444.000,rgb_edges_inside_sam2_mask
96,3.958333,6,front_leg_candidate,-65.772,109.659,621.000,260.000,576.000,360.000,rgb_edges_inside_sam2_mask
96,3.958333,7,rear_leg_candidate,81.951,99.985,607.000,284.000,621.000,383.000,rgb_edges_inside_sam2_mask
96,3.958333,8,front_leg_candidate,-65.746,99.810,570.000,386.000,529.000,477.000,rgb_edges_inside_sam2_mask
96,3.958333,9,front_leg_candidate,-65.308,95.755,563.000,387.000,523.000,474.000,rgb_edges_inside_sam2_mask
96,3.958333,10,rear_leg_candidate,80.882,82.037,660.000,305.000,673.000,386.000,rgb_edges_inside_sam2_mask
96,3.958333,11,front_leg_candidate,-62.650,65.299,608.000,310.000,578.000,368.000,rgb_edges_inside_sam2_mask
96,3.958333,12,rear_leg_candidate,82.763,63.506,625.000,401.000,633.000,464.000,rgb_edges_inside_sam2_mask
96,3.958333,13,support_or_stretcher_candidate,30.651,62.769,538.000,440.000,592.000,472.000,rgb_edges_inside_sam2_mask
96,3.958333,14,rear_leg_candidate,82.405,60.531,673.000,376.000,681.000,436.000,rgb_edges_inside_sam2_mask
96,3.958333,15,support_or_stretcher_candidate,23.575,60.008,628.000,431.000,683.000,455.000,rgb_edges_inside_sam2_mask
96,3.958333,16,front_leg_candidate,-66.541,57.775,670.000,299.000,647.000,352.000,rgb_edges_inside_sam2_mask
96,3.958333,17,rear_leg_candidate,82.875,56.436,681.000,437.000,688.000,493.000,rgb_edges_inside_sam2_mask
96,3.958333,18,support_or_stretcher_candidate,28.856,55.946,542.000,450.000,591.000,477.000,rgb_edges_inside_sam2_mask
96,3.958333,19,support_or_stretcher_candidate,25.641,55.462,621.000,433.000,671.000,457.000,rgb_edges_inside_sam2_mask
96,3.958333,20,rear_leg_candidate,78.906,51.971,652.000,323.000,662.000,374.000,rgb_edges_inside_sam2_mask
96,3.958333,21,rear_leg_candidate,80.727,49.649,619.000,416.000,627.000,465.000,rgb_edges_inside_sam2_mask
96,3.958333,22,front_leg_candidate,-66.038,49.244,657.000,328.000,637.000,373.000,rgb_edges_inside_sam2_mask
96,3.958333,23,support_or_stretcher_candidate,27.096,48.301,519.000,357.000,562.000,379.000,rgb_edges_inside_sam2_mask
96,3.958333,24,rear_leg_candidate,84.053,48.260,672.000,386.000,677.000,434.000,rgb_edges_inside_sam2_mask
96,3.958333,25,support_or_stretcher_candidate,30.964,46.648,543.000,442.000,583.000,466.000,rgb_edges_inside_sam2_mask
96,3.958333,26,rear_leg_candidate,81.347,46.530,662.000,392.000,669.000,438.000,rgb_edges_inside_sam2_mask
96,3.958333,27,rear_leg_candidate,80.961,44.553,604.000,320.000,611.000,364.000,rgb_edges_inside_sam2_mask
96,3.958333,28,front_leg_candidate,-66.448,42.544,630.000,361.000,613.000,400.000,rgb_edges_inside_sam2_mask
96,3.958333,29,support_or_stretcher_candidate,25.346,42.048,621.000,434.000,659.000,452.000,rgb_edges_inside_sam2_mask
97,4.000000,0,front_leg_candidate,-65.041,239.353,624.000,261.000,523.000,478.000,rgb_edges_inside_sam2_mask
97,4.000000,1,front_leg_candidate,-66.067,194.743,644.000,328.000,565.000,506.000,rgb_edges_inside_sam2_mask
97,4.000000,2,front_leg_candidate,-64.179,137.753,617.000,261.000,557.000,385.000,rgb_edges_inside_sam2_mask
97,4.000000,3,front_leg_candidate,-64.826,110.494,563.000,375.000,516.000,475.000,rgb_edges_inside_sam2_mask
97,4.000000,4,rear_leg_candidate,83.530,97.622,665.000,374.000,676.000,471.000,rgb_edges_inside_sam2_mask
97,4.000000,5,rear_leg_candidate,83.928,94.530,669.000,378.000,679.000,472.000,rgb_edges_inside_sam2_mask
97,4.000000,6,front_leg_candidate,-66.161,94.021,611.000,420.000,573.000,506.000,rgb_edges_inside_sam2_mask
97,4.000000,7,rear_leg_candidate,81.764,76.792,605.000,313.000,616.000,389.000,rgb_edges_inside_sam2_mask
97,4.000000,8,rear_leg_candidate,80.789,74.967,653.000,372.000,665.000,446.000,rgb_edges_inside_sam2_mask
97,4.000000,9,support_or_stretcher_candidate,25.463,69.778,614.000,427.000,677.000,457.000,rgb_edges_inside_sam2_mask
97,4.000000,10,front_leg_candidate,-64.179,68.877,662.000,312.000,632.000,374.000,rgb_edges_inside_sam2_mask
97,4.000000,11,front_leg_candidate,-64.654,63.071,662.000,309.000,635.000,366.000,rgb_edges_inside_sam2_mask
97,4.000000,12,rear_leg_candidate,81.741,62.650,664.000,433.000,673.000,495.000,rgb_edges_inside_sam2_mask
97,4.000000,13,rear_leg_candidate,82.648,62.514,619.000,402.000,627.000,464.000,rgb_edges_inside_sam2_mask
97,4.000000,14,support_or_stretcher_candidate,25.301,60.836,619.000,436.000,674.000,462.000,rgb_edges_inside_sam2_mask
97,4.000000,15,front_leg_candidate,-66.425,60.008,609.000,423.000,585.000,478.000,rgb_edges_inside_sam2_mask
97,4.000000,16,support_or_stretcher_candidate,25.560,50.990,622.000,432.000,668.000,454.000,rgb_edges_inside_sam2_mask
97,4.000000,17,support_or_stretcher_candidate,31.759,49.396,532.000,447.000,574.000,473.000,rgb_edges_inside_sam2_mask
97,4.000000,18,support_or_stretcher_candidate,31.759,49.396,531.000,447.000,573.000,473.000,rgb_edges_inside_sam2_mask
97,4.000000,19,rear_leg_candidate,81.529,47.518,613.000,419.000,620.000,466.000,rgb_edges_inside_sam2_mask
97,4.000000,20,front_leg_candidate,-64.537,46.519,536.000,435.000,516.000,477.000,rgb_edges_inside_sam2_mask
97,4.000000,21,support_or_stretcher_candidate,31.608,45.793,541.000,445.000,580.000,469.000,rgb_edges_inside_sam2_mask
97,4.000000,22,front_leg_candidate,-63.997,45.618,589.000,320.000,569.000,361.000,rgb_edges_inside_sam2_mask
97,4.000000,23,rear_leg_candidate,79.461,43.738,647.000,323.000,655.000,366.000,rgb_edges_inside_sam2_mask
97,4.000000,24,front_leg_candidate,-65.225,42.953,594.000,310.000,576.000,349.000,rgb_edges_inside_sam2_mask
97,4.000000,25,support_or_stretcher_candidate,25.346,42.048,519.000,362.000,557.000,380.000,rgb_edges_inside_sam2_mask
97,4.000000,26,rear_leg_candidate,83.047,41.304,659.000,332.000,664.000,373.000,rgb_edges_inside_sam2_mask
97,4.000000,27,front_leg_candidate,-66.801,38.079,640.000,338.000,625.000,373.000,rgb_edges_inside_sam2_mask
97,4.000000,28,rear_leg_candidate,82.304,37.336,606.000,315.000,611.000,352.000,rgb_edges_inside_sam2_mask
97,4.000000,29,rear_leg_candidate,82.093,36.346,598.000,321.000,603.000,357.000,rgb_edges_inside_sam2_mask
98,4.041667,0,front_leg_candidate,-65.084,170.906,669.000,266.000,597.000,421.000,rgb_edges_inside_sam2_mask
98,4.041667,1,front_leg_candidate,-65.813,129.356,621.000,388.000,568.000,506.000,rgb_edges_inside_sam2_mask
98,4.041667,2,front_leg_candidate,-65.813,129.356,619.000,391.000,566.000,509.000,rgb_edges_inside_sam2_mask
98,4.041667,3,front_leg_candidate,-64.826,110.494,618.000,262.000,571.000,362.000,rgb_edges_inside_sam2_mask
98,4.041667,4,front_leg_candidate,-65.980,100.722,609.000,262.000,568.000,354.000,rgb_edges_inside_sam2_mask
98,4.041667,5,rear_leg_candidate,83.019,98.732,645.000,340.000,657.000,438.000,rgb_edges_inside_sam2_mask
98,4.041667,6,front_leg_candidate,-66.038,98.489,559.000,387.000,519.000,477.000,rgb_edges_inside_sam2_mask
98,4.041667,7,front_leg_candidate,-65.400,91.285,549.000,394.000,511.000,477.000,rgb_edges_inside_sam2_mask
98,4.041667,8,front_leg_candidate,-65.225,85.907,639.000,332.000,603.000,410.000,rgb_edges_inside_sam2_mask
98,4.041667,9,support_or_stretcher_candidate,25.821,68.877,609.000,435.000,671.000,465.000,rgb_edges_inside_sam2_mask
98,4.041667,10,front_leg_candidate,-65.695,68.029,545.000,417.000,517.000,479.000,rgb_edges_inside_sam2_mask
98,4.041667,11,front_leg_candidate,-66.915,66.310,586.000,446.000,560.000,507.000,rgb_edges_inside_sam2_mask
98,4.041667,12,rear_leg_candidate,82.147,58.549,613.000,407.000,621.000,465.000,rgb_edges_inside_sam2_mask
98,4.041667,13,front_leg_candidate,-64.323,57.697,605.000,277.000,580.000,329.000,rgb_edges_inside_sam2_mask
98,4.041667,14,support_or_stretcher_candidate,28.369,56.824,526.000,443.000,576.000,470.000,rgb_edges_inside_sam2_mask
98,4.041667,15,support_or_stretcher_candidate,23.334,55.543,568.000,353.000,619.000,375.000,rgb_edges_inside_sam2_mask
98,4.041667,16,rear_leg_candidate,82.747,55.444,652.000,321.000,659.000,376.000,rgb_edges_inside_sam2_mask
98,4.041667,17,rear_leg_candidate,81.254,52.612,660.000,443.000,668.000,495.000,rgb_edges_inside_sam2_mask
98,4.041667,18,support_or_stretcher_candidate,25.560,50.990,507.000,360.000,553.000,382.000,rgb_edges_inside_sam2_mask
98,4.041667,19,support_or_stretcher_candidate,30.174,49.739,526.000,449.000,569.000,474.000,rgb_edges_inside_sam2_mask
98,4.041667,20,support_or_stretcher_candidate,23.962,49.244,618.000,434.000,663.000,454.000,rgb_edges_inside_sam2_mask
98,4.041667,21,rear_leg_candidate,80.961,44.553,592.000,322.000,599.000,366.000,rgb_edges_inside_sam2_mask
98,4.041667,22,rear_leg_candidate,78.959,41.773,594.000,288.000,602.000,329.000,rgb_edges_inside_sam2_mask
98,4.041667,23,front_leg_candidate,-69.274,39.560,619.000,361.000,605.000,398.000,rgb_edges_inside_sam2_mask
98,4.041667,24,rear_leg_candidate,82.694,39.319,655.000,339.000,660.000,378.000,rgb_edges_inside_sam2_mask
98,4.041667,25,rear_leg_candidate,84.144,39.205,667.000,431.000,671.000,470.000,rgb_edges_inside_sam2_mask
98,4.041667,26,rear_leg_candidate,85.601,39.115,652.000,281.000,655.000,320.000,rgb_edges_inside_sam2_mask
98,4.041667,27,rear_leg_candidate,85.486,38.118,667.000,384.000,670.000,422.000,rgb_edges_inside_sam2_mask
98,4.041667,28,rear_leg_candidate,83.660,36.222,664.000,410.000,668.000,446.000,rgb_edges_inside_sam2_mask
99,4.083333,0,front_leg_candidate,-65.846,212.615,641.000,315.000,554.000,509.000,rgb_edges_inside_sam2_mask
99,4.083333,1,rear_leg_candidate,81.219,124.459,643.000,373.000,662.000,496.000,rgb_edges_inside_sam2_mask
99,4.083333,2,front_leg_candidate,-65.014,113.635,559.000,378.000,511.000,481.000,rgb_edges_inside_sam2_mask
99,4.083333,3,front_leg_candidate,-64.341,113.159,606.000,262.000,557.000,364.000,rgb_edges_inside_sam2_mask
99,4.083333,4,front_leg_candidate,-67.341,111.615,609.000,263.000,566.000,366.000,rgb_edges_inside_sam2_mask
99,4.083333,5,rear_leg_candidate,83.355,103.697,656.000,390.000,668.000,493.000,rgb_edges_inside_sam2_mask
99,4.083333,6,rear_leg_candidate,83.991,95.525,593.000,303.000,603.000,398.000,rgb_edges_inside_sam2_mask
99,4.083333,7,front_leg_candidate,-65.353,93.520,544.000,393.000,505.000,478.000,rgb_edges_inside_sam2_mask
99,4.083333,8,front_leg_candidate,-65.095,92.612,600.000,426.000,561.000,510.000,rgb_edges_inside_sam2_mask
99,4.083333,9,front_leg_candidate,-66.413,77.473,656.000,282.000,625.000,353.000,rgb_edges_inside_sam2_mask
99,4.083333,10,rear_leg_candidate,83.454,61.400,607.000,408.000,614.000,469.000,rgb_edges_inside_sam2_mask
99,4.083333,11,rear_leg_candidate,80.218,58.856,643.000,306.000,653.000,364.000,rgb_edges_inside_sam2_mask
99,4.083333,12,support_or_stretcher_candidate,28.369,56.824,520.000,444.000,570.000,471.000,rgb_edges_inside_sam2_mask
99,4.083333,13,support_or_stretcher_candidate,30.784,54.708,520.000,450.000,567.000,478.000,rgb_edges_inside_sam2_mask
99,4.083333,14,front_leg_candidate,-65.925,51.478,644.000,327.000,623.000,374.000,rgb_edges_inside_sam2_mask
99,4.083333,15,support_or_stretcher_candidate,22.011,50.695,609.000,435.000,656.000,454.000,rgb_edges_inside_sam2_mask
99,4.083333,16,support_or_stretcher_candidate,23.962,49.244,502.000,362.000,547.000,382.000,rgb_edges_inside_sam2_mask
99,4.083333,17,front_leg_candidate,-65.056,47.424,582.000,466.000,562.000,509.000,rgb_edges_inside_sam2_mask
99,4.083333,18,rear_leg_candidate,79.919,45.706,586.000,323.000,594.000,368.000,rgb_edges_inside_sam2_mask
99,4.083333,19,support_or_stretcher_candidate,29.427,44.777,526.000,446.000,565.000,468.000,rgb_edges_inside_sam2_mask
99,4.083333,20,front_leg_candidate,-65.772,43.863,550.000,378.000,532.000,418.000,rgb_edges_inside_sam2_mask
99,4.083333,21,rear_leg_candidate,82.057,43.417,602.000,426.000,608.000,469.000,rgb_edges_inside_sam2_mask
99,4.083333,22,rear_leg_candidate,80.538,42.579,650.000,348.000,657.000,390.000,rgb_edges_inside_sam2_mask
99,4.083333,23,support_or_stretcher_candidate,26.565,42.485,607.000,438.000,645.000,457.000,rgb_edges_inside_sam2_mask
99,4.083333,24,rear_leg_candidate,84.289,40.200,645.000,282.000,649.000,322.000,rgb_edges_inside_sam2_mask
99,4.083333,25,front_leg_candidate,-64.093,38.910,577.000,324.000,560.000,359.000,rgb_edges_inside_sam2_mask
99,4.083333,26,rear_leg_candidate,82.504,38.328,640.000,341.000,645.000,379.000,rgb_edges_inside_sam2_mask
99,4.083333,27,front_leg_candidate,-64.799,37.577,599.000,427.000,583.000,461.000,rgb_edges_inside_sam2_mask
99,4.083333,28,rear_leg_candidate,80.789,37.483,586.000,324.000,592.000,361.000,rgb_edges_inside_sam2_mask
99,4.083333,29,front_leg_candidate,-66.194,37.162,637.000,342.000,622.000,376.000,rgb_edges_inside_sam2_mask
99,4.083333,30,rear_leg_candidate,85.365,37.121,663.000,381.000,666.000,418.000,rgb_edges_inside_sam2_mask
99,4.083333,31,front_leg_candidate,-67.620,36.770,614.000,365.000,600.000,399.000,rgb_edges_inside_sam2_mask
100,4.125000,0,front_leg_candidate,-65.931,164.283,616.000,360.000,549.000,510.000,rgb_edges_inside_sam2_mask
100,4.125000,1,front_leg_candidate,-65.791,141.439,659.000,266.000,601.000,395.000,rgb_edges_inside_sam2_mask
100,4.125000,2,front_leg_candidate,-64.826,110.494,607.000,265.000,560.000,365.000,rgb_edges_inside_sam2_mask
100,4.125000,3,front_leg_candidate,-65.336,107.838,606.000,264.000,561.000,362.000,rgb_edges_inside_sam2_mask
100,4.125000,4,rear_leg_candidate,83.108,91.662,635.000,342.000,646.000,433.000,rgb_edges_inside_sam2_mask
100,4.125000,5,front_leg_candidate,-65.714,89.961,593.000,429.000,556.000,511.000,rgb_edges_inside_sam2_mask
100,4.125000,6,front_leg_candidate,-66.038,88.640,594.000,428.000,558.000,509.000,rgb_edges_inside_sam2_mask
100,4.125000,7,front_leg_candidate,-64.722,79.624,586.000,293.000,552.000,365.000,rgb_edges_inside_sam2_mask
100,4.125000,8,rear_leg_candidate,82.600,77.647,651.000,394.000,661.000,471.000,rgb_edges_inside_sam2_mask
100,4.125000,9,front_leg_candidate,-64.841,72.918,584.000,296.000,553.000,362.000,rgb_edges_inside_sam2_mask
100,4.125000,10,rear_leg_candidate,81.995,64.630,588.000,316.000,597.000,380.000,rgb_edges_inside_sam2_mask
100,4.125000,11,front_leg_candidate,-64.654,63.071,538.000,395.000,511.000,452.000,rgb_edges_inside_sam2_mask
100,4.125000,12,support_or_stretcher_candidate,22.329,60.539,603.000,436.000,659.000,459.000,rgb_edges_inside_sam2_mask
100,4.125000,13,rear_leg_candidate,82.875,56.436,642.000,324.000,649.000,380.000,rgb_edges_inside_sam2_mask
100,4.125000,14,rear_leg_candidate,82.875,56.436,656.000,438.000,663.000,494.000,rgb_edges_inside_sam2_mask
100,4.125000,15,front_leg_candidate,-66.666,55.543,545.000,394.000,523.000,445.000,rgb_edges_inside_sam2_mask
100,4.125000,16,support_or_stretcher_candidate,30.784,54.708,515.000,451.000,562.000,479.000,rgb_edges_inside_sam2_mask
100,4.125000,17,support_or_stretcher_candidate,29.476,52.839,512.000,451.000,558.000,477.000,rgb_edges_inside_sam2_mask
100,4.125000,18,support_or_stretcher_candidate,27.553,51.884,592.000,434.000,638.000,458.000,rgb_edges_inside_sam2_mask
100,4.125000,19,rear_leg_candidate,80.910,50.636,649.000,448.000,657.000,498.000,rgb_edges_inside_sam2_mask
100,4.125000,20,support_or_stretcher_candidate,26.565,49.193,509.000,368.000,553.000,390.000,rgb_edges_inside_sam2_mask
100,4.125000,21,front_leg_candidate,-65.056,47.424,610.000,367.000,590.000,410.000,rgb_edges_inside_sam2_mask
100,4.125000,22,rear_leg_candidate,82.725,47.381,602.000,418.000,608.000,465.000,rgb_edges_inside_sam2_mask
100,4.125000,23,support_or_stretcher_candidate,24.341,46.098,584.000,433.000,626.000,452.000,rgb_edges_inside_sam2_mask
100,4.125000,24,support_or_stretcher_candidate,24.228,43.863,502.000,366.000,542.000,384.000,rgb_edges_inside_sam2_mask
100,4.125000,25,rear_leg_candidate,81.674,41.437,596.000,429.000,602.000,470.000,rgb_edges_inside_sam2_mask
100,4.125000,26,front_leg_candidate,-64.058,41.146,524.000,426.000,506.000,463.000,rgb_edges_inside_sam2_mask
100,4.125000,27,rear_leg_candidate,81.469,40.447,595.000,428.000,601.000,468.000,rgb_edges_inside_sam2_mask
100,4.125000,28,front_leg_candidate,-66.038,39.395,532.000,423.000,516.000,459.000,rgb_edges_inside_sam2_mask
101,4.166667,0,front_leg_candidate,-65.050,206.247,643.000,295.000,556.000,482.000,rgb_edges_inside_sam2_mask
101,4.166667,1,rear_leg_candidate,82.988,188.409,634.000,305.000,657.000,492.000,rgb_edges_inside_sam2_mask
101,4.166667,2,rear_leg_candidate,80.910,126.590,632.000,375.000,652.000,500.000,rgb_edges_inside_sam2_mask
101,4.166667,3,front_leg_candidate,-65.323,122.156,595.000,399.000,544.000,510.000,rgb_edges_inside_sam2_mask
101,4.166667,4,front_leg_candidate,-65.014,113.635,548.000,380.000,500.000,483.000,rgb_edges_inside_sam2_mask
101,4.166667,5,front_leg_candidate,-66.194,111.485,600.000,265.000,555.000,367.000,rgb_edges_inside_sam2_mask
101,4.166667,6,front_leg_candidate,-65.045,111.400,540.000,381.000,493.000,482.000,rgb_edges_inside_sam2_mask
101,4.166667,7,front_leg_candidate,-66.105,86.406,588.000,431.000,553.000,510.000,rgb_edges_inside_sam2_mask
101,4.166667,8,front_leg_candidate,-65.833,85.493,587.000,433.000,552.000,511.000,rgb_edges_inside_sam2_mask
101,4.166667,9,front_leg_candidate,-65.072,78.294,541.000,393.000,508.000,464.000,rgb_edges_inside_sam2_mask
101,4.166667,10,front_leg_candidate,-64.983,66.212,533.000,394.000,505.000,454.000,rgb_edges_inside_sam2_mask
101,4.166667,11,rear_leg_candidate,79.261,59.034,572.000,312.000,583.000,370.000,rgb_edges_inside_sam2_mask
101,4.166667,12,rear_leg_candidate,80.707,55.731,578.000,291.000,587.000,346.000,rgb_edges_inside_sam2_mask
101,4.166667,13,support_or_stretcher_candidate,23.334,55.543,592.000,441.000,643.000,463.000,rgb_edges_inside_sam2_mask
101,4.166667,14,support_or_stretcher_candidate,28.443,54.589,506.000,452.000,554.000,478.000,rgb_edges_inside_sam2_mask
101,4.166667,15,support_or_stretcher_candidate,22.203,52.924,597.000,437.000,646.000,457.000,rgb_edges_inside_sam2_mask
101,4.166667,16,rear_leg_candidate,82.333,52.469,596.000,417.000,603.000,469.000,rgb_edges_inside_sam2_mask
101,4.166667,17,front_leg_candidate,-66.371,52.393,628.000,344.000,607.000,392.000,rgb_edges_inside_sam2_mask
101,4.166667,18,front_leg_candidate,-63.435,46.957,574.000,310.000,553.000,352.000,rgb_edges_inside_sam2_mask
101,4.166667,19,rear_leg_candidate,80.134,46.690,629.000,344.000,637.000,390.000,rgb_edges_inside_sam2_mask
101,4.166667,20,rear_leg_candidate,80.134,46.690,630.000,343.000,638.000,389.000,rgb_edges_inside_sam2_mask
101,4.166667,21,front_leg_candidate,-64.537,46.519,605.000,369.000,585.000,411.000,rgb_edges_inside_sam2_mask
101,4.166667,22,support_or_stretcher_candidate,23.703,44.777,492.000,365.000,533.000,383.000,rgb_edges_inside_sam2_mask
101,4.166667,23,support_or_stretcher_candidate,27.759,42.942,519.000,452.000,557.000,472.000,rgb_edges_inside_sam2_mask
101,4.166667,24,rear_leg_candidate,81.674,41.437,590.000,430.000,596.000,471.000,rgb_edges_inside_sam2_mask
101,4.166667,25,front_leg_candidate,-62.784,39.357,566.000,327.000,548.000,362.000,rgb_edges_inside_sam2_mask
102,4.208333,0,front_leg_candidate,-64.998,229.506,635.000,303.000,538.000,511.000,rgb_edges_inside_sam2_mask
102,4.208333,1,rear_leg_candidate,83.859,158.912,635.000,342.000,652.000,500.000,rgb_edges_inside_sam2_mask
102,4.208333,2,front_leg_candidate,-64.106,114.495,543.000,382.000,493.000,485.000,rgb_edges_inside_sam2_mask
102,4.208333,3,rear_leg_candidate,81.870,113.137,630.000,389.000,646.000,501.000,rgb_edges_inside_sam2_mask
102,4.208333,4,front_leg_candidate,-66.092,106.104,531.000,387.000,488.000,484.000,rgb_edges_inside_sam2_mask
102,4.208333,5,front_leg_candidate,-65.148,104.695,596.000,267.000,552.000,362.000,rgb_edges_inside_sam2_mask
102,4.208333,6,front_leg_candidate,-64.832,91.706,580.000,285.000,541.000,368.000,rgb_edges_inside_sam2_mask
102,4.208333,7,front_leg_candidate,-64.058,82.292,542.000,382.000,506.000,456.000,rgb_edges_inside_sam2_mask
102,4.208333,8,front_leg_candidate,-65.674,80.112,582.000,435.000,549.000,508.000,rgb_edges_inside_sam2_mask
102,4.208333,9,rear_leg_candidate,83.571,71.449,632.000,321.000,640.000,392.000,rgb_edges_inside_sam2_mask
102,4.208333,10,support_or_stretcher_candidate,24.044,71.176,576.000,431.000,641.000,460.000,rgb_edges_inside_sam2_mask
102,4.208333,11,front_leg_candidate,-64.537,69.778,637.000,317.000,607.000,380.000,rgb_edges_inside_sam2_mask
102,4.208333,12,support_or_stretcher_candidate,20.353,66.129,581.000,294.000,643.000,317.000,rgb_edges_inside_sam2_mask
102,4.208333,13,front_leg_candidate,-64.654,63.071,575.000,298.000,548.000,355.000,rgb_edges_inside_sam2_mask
102,4.208333,14,front_leg_candidate,-65.943,61.327,512.000,428.000,487.000,484.000,rgb_edges_inside_sam2_mask
102,4.208333,15,support_or_stretcher_candidate,30.466,59.169,501.000,453.000,552.000,483.000,rgb_edges_inside_sam2_mask
102,4.208333,16,rear_leg_candidate,79.695,55.902,572.000,294.000,582.000,349.000,rgb_edges_inside_sam2_mask
102,4.208333,17,support_or_stretcher_candidate,28.523,52.355,503.000,447.000,549.000,472.000,rgb_edges_inside_sam2_mask
102,4.208333,18,support_or_stretcher_candidate,25.084,51.894,589.000,442.000,636.000,464.000,rgb_edges_inside_sam2_mask
102,4.208333,19,rear_leg_candidate,83.157,50.359,590.000,418.000,596.000,468.000,rgb_edges_inside_sam2_mask
102,4.208333,20,support_or_stretcher_candidate,23.499,50.160,486.000,366.000,532.000,386.000,rgb_edges_inside_sam2_mask
102,4.208333,21,support_or_stretcher_candidate,30.174,49.739,504.000,454.000,547.000,479.000,rgb_edges_inside_sam2_mask
102,4.208333,22,support_or_stretcher_candidate,28.706,47.885,513.000,453.000,555.000,476.000,rgb_edges_inside_sam2_mask
102,4.208333,23,rear_leg_candidate,82.569,46.390,630.000,391.000,636.000,437.000,rgb_edges_inside_sam2_mask
102,4.208333,24,front_leg_candidate,-64.654,42.048,569.000,447.000,551.000,485.000,rgb_edges_inside_sam2_mask
102,4.208333,25,rear_leg_candidate,85.815,41.110,627.000,354.000,630.000,395.000,rgb_edges_inside_sam2_mask
102,4.208333,26,rear_leg_candidate,82.875,40.311,571.000,331.000,576.000,371.000,rgb_edges_inside_sam2_mask
102,4.208333,27,support_or_stretcher_candidate,25.278,39.812,591.000,444.000,627.000,461.000,rgb_edges_inside_sam2_mask
102,4.208333,28,front_leg_candidate,-64.093,38.910,596.000,380.000,579.000,415.000,rgb_edges_inside_sam2_mask
103,4.250000,0,front_leg_candidate,-64.940,238.447,634.000,299.000,533.000,515.000,rgb_edges_inside_sam2_mask
103,4.250000,1,front_leg_candidate,-64.864,233.071,632.000,301.000,533.000,512.000,rgb_edges_inside_sam2_mask
103,4.250000,2,rear_leg_candidate,83.897,159.906,629.000,339.000,646.000,498.000,rgb_edges_inside_sam2_mask
103,4.250000,3,rear_leg_candidate,84.012,143.785,631.000,350.000,646.000,493.000,rgb_edges_inside_sam2_mask
103,4.250000,4,front_leg_candidate,-65.113,106.930,527.000,388.000,482.000,485.000,rgb_edges_inside_sam2_mask
103,4.250000,5,front_leg_candidate,-64.983,99.318,530.000,396.000,488.000,486.000,rgb_edges_inside_sam2_mask
103,4.250000,6,front_leg_candidate,-65.179,88.142,577.000,436.000,540.000,516.000,rgb_edges_inside_sam2_mask
103,4.250000,7,front_leg_candidate,-64.075,80.056,571.000,297.000,536.000,369.000,rgb_edges_inside_sam2_mask
103,4.250000,8,front_leg_candidate,-64.075,80.056,579.000,297.000,544.000,369.000,rgb_edges_inside_sam2_mask
103,4.250000,9,front_leg_candidate,-63.768,76.922,571.000,296.000,537.000,365.000,rgb_edges_inside_sam2_mask
103,4.250000,10,front_leg_candidate,-66.114,76.557,634.000,313.000,603.000,383.000,rgb_edges_inside_sam2_mask
103,4.250000,11,rear_leg_candidate,83.066,74.545,631.000,429.000,640.000,503.000,rgb_edges_inside_sam2_mask
103,4.250000,12,rear_leg_candidate,83.066,74.545,571.000,311.000,580.000,385.000,rgb_edges_inside_sam2_mask
103,4.250000,13,front_leg_candidate,-65.344,67.119,570.000,453.000,542.000,514.000,rgb_edges_inside_sam2_mask
103,4.250000,14,front_leg_candidate,-64.983,66.212,509.000,425.000,481.000,485.000,rgb_edges_inside_sam2_mask
103,4.250000,15,support_or_stretcher_candidate,27.378,63.063,501.000,452.000,557.000,481.000,rgb_edges_inside_sam2_mask
103,4.250000,16,support_or_stretcher_candidate,22.694,59.615,574.000,442.000,629.000,465.000,rgb_edges_inside_sam2_mask
103,4.250000,17,rear_leg_candidate,84.898,56.223,585.000,419.000,590.000,475.000,rgb_edges_inside_sam2_mask
103,4.250000,18,support_or_stretcher_candidate,22.380,55.154,579.000,438.000,630.000,459.000,rgb_edges_inside_sam2_mask
103,4.250000,19,support_or_stretcher_candidate,28.443,54.589,495.000,455.000,543.000,481.000,rgb_edges_inside_sam2_mask
103,4.250000,20,front_leg_candidate,-65.376,52.802,595.000,371.000,573.000,419.000,rgb_edges_inside_sam2_mask
103,4.250000,21,support_or_stretcher_candidate,27.072,50.537,482.000,366.000,527.000,389.000,rgb_edges_inside_sam2_mask
103,4.250000,22,rear_leg_candidate,82.235,44.407,565.000,329.000,571.000,373.000,rgb_edges_inside_sam2_mask
103,4.250000,23,rear_leg_candidate,83.367,43.290,625.000,385.000,630.000,428.000,rgb_edges_inside_sam2_mask
103,4.250000,24,rear_leg_candidate,-80.538,36.497,633.000,302.000,627.000,338.000,rgb_edges_inside_sam2_mask
104,4.291667,0,front_leg_candidate,-65.174,235.790,627.000,303.000,528.000,517.000,rgb_edges_inside_sam2_mask
104,4.291667,1,rear_leg_candidate,84.144,156.818,625.000,344.000,641.000,500.000,rgb_edges_inside_sam2_mask
104,4.291667,2,front_leg_candidate,-64.933,136.894,586.000,390.000,528.000,514.000,rgb_edges_inside_sam2_mask
104,4.291667,3,front_leg_candidate,-64.231,96.607,583.000,279.000,541.000,366.000,rgb_edges_inside_sam2_mask
104,4.291667,4,front_leg_candidate,-65.913,93.107,577.000,272.000,539.000,357.000,rgb_edges_inside_sam2_mask
104,4.291667,5,rear_leg_candidate,83.797,92.542,566.000,313.000,576.000,405.000,rgb_edges_inside_sam2_mask
104,4.291667,6,front_leg_candidate,-64.654,84.095,572.000,440.000,536.000,516.000,rgb_edges_inside_sam2_mask
104,4.291667,7,support_or_stretcher_candidate,22.834,82.462,562.000,442.000,638.000,474.000,rgb_edges_inside_sam2_mask
104,4.291667,8,rear_leg_candidate,83.571,71.449,627.000,435.000,635.000,506.000,rgb_edges_inside_sam2_mask
104,4.291667,9,front_leg_candidate,-64.537,69.778,628.000,322.000,598.000,385.000,rgb_edges_inside_sam2_mask
104,4.291667,10,front_leg_candidate,-64.179,68.877,505.000,425.000,475.000,487.000,rgb_edges_inside_sam2_mask
104,4.291667,11,support_or_stretcher_candidate,30.964,58.310,491.000,457.000,541.000,487.000,rgb_edges_inside_sam2_mask
104,4.291667,12,front_leg_candidate,-65.726,55.946,555.000,320.000,532.000,371.000,rgb_edges_inside_sam2_mask
104,4.291667,13,support_or_stretcher_candidate,27.951,55.471,492.000,451.000,541.000,477.000,rgb_edges_inside_sam2_mask
104,4.291667,14,front_leg_candidate,-64.359,55.462,558.000,468.000,534.000,518.000,rgb_edges_inside_sam2_mask
104,4.291667,15,front_leg_candidate,-65.376,52.802,525.000,397.000,503.000,445.000,rgb_edges_inside_sam2_mask
104,4.291667,16,front_leg_candidate,-61.858,48.765,523.000,390.000,500.000,433.000,rgb_edges_inside_sam2_mask
104,4.291667,17,front_leg_candidate,-64.486,48.754,590.000,376.000,569.000,420.000,rgb_edges_inside_sam2_mask
104,4.291667,18,support_or_stretcher_candidate,21.801,48.466,571.000,439.000,616.000,457.000,rgb_edges_inside_sam2_mask
104,4.291667,19,support_or_stretcher_candidate,23.839,47.011,476.000,369.000,519.000,388.000,rgb_edges_inside_sam2_mask
104,4.291667,20,support_or_stretcher_candidate,23.199,45.695,584.000,450.000,626.000,468.000,rgb_edges_inside_sam2_mask
104,4.291667,21,rear_leg_candidate,84.806,44.181,626.000,434.000,630.000,478.000,rgb_edges_inside_sam2_mask
104,4.291667,22,rear_leg_candidate,80.538,42.579,616.000,349.000,623.000,391.000,rgb_edges_inside_sam2_mask
104,4.291667,23,front_leg_candidate,-66.448,42.544,500.000,448.000,483.000,487.000,rgb_edges_inside_sam2_mask
104,4.291667,24,support_or_stretcher_candidate,27.824,40.706,504.000,458.000,540.000,477.000,rgb_edges_inside_sam2_mask
104,4.291667,25,rear_leg_candidate,82.875,40.311,620.000,393.000,625.000,433.000,rgb_edges_inside_sam2_mask
104,4.291667,26,rear_leg_candidate,81.254,39.459,560.000,336.000,566.000,375.000,rgb_edges_inside_sam2_mask
104,4.291667,27,rear_leg_candidate,84.144,39.205,569.000,331.000,573.000,370.000,rgb_edges_inside_sam2_mask
104,4.291667,28,rear_leg_candidate,82.504,38.328,573.000,439.000,578.000,477.000,rgb_edges_inside_sam2_mask
104,4.291667,29,rear_leg_candidate,83.991,38.210,637.000,465.000,641.000,503.000,rgb_edges_inside_sam2_mask
104,4.291667,30,front_leg_candidate,-66.801,38.079,497.000,453.000,482.000,488.000,rgb_edges_inside_sam2_mask
104,4.291667,31,front_leg_candidate,-63.435,38.013,523.000,386.000,506.000,420.000,rgb_edges_inside_sam2_mask
105,4.333333,0,front_leg_candidate,-64.199,167.720,624.000,305.000,551.000,456.000,rgb_edges_inside_sam2_mask
105,4.333333,1,rear_leg_candidate,85.047,150.562,622.000,355.000,635.000,505.000,rgb_edges_inside_sam2_mask
105,4.333333,2,rear_leg_candidate,83.157,125.897,614.000,384.000,629.000,509.000,rgb_edges_inside_sam2_mask
105,4.333333,3,front_leg_candidate,-63.199,108.674,582.000,276.000,533.000,373.000,rgb_edges_inside_sam2_mask
105,4.333333,4,rear_leg_candidate,85.101,105.385,626.000,403.000,635.000,508.000,rgb_edges_inside_sam2_mask
105,4.333333,5,front_leg_candidate,-63.925,104.652,516.000,393.000,470.000,487.000,rgb_edges_inside_sam2_mask
105,4.333333,6,front_leg_candidate,-64.195,101.079,567.000,425.000,523.000,516.000,rgb_edges_inside_sam2_mask
105,4.333333,7,front_leg_candidate,-64.767,96.177,518.000,402.000,477.000,489.000,rgb_edges_inside_sam2_mask
105,4.333333,8,front_leg_candidate,-64.622,86.331,566.000,442.000,529.000,520.000,rgb_edges_inside_sam2_mask
105,4.333333,9,rear_leg_candidate,83.911,75.425,562.000,314.000,570.000,389.000,rgb_edges_inside_sam2_mask
105,4.333333,10,front_leg_candidate,-64.179,68.877,623.000,325.000,593.000,387.000,rgb_edges_inside_sam2_mask
105,4.333333,11,support_or_stretcher_candidate,23.782,64.475,557.000,444.000,616.000,470.000,rgb_edges_inside_sam2_mask
105,4.333333,12,front_leg_candidate,-63.838,63.506,586.000,375.000,558.000,432.000,rgb_edges_inside_sam2_mask
105,4.333333,13,support_or_stretcher_candidate,24.057,61.327,565.000,446.000,621.000,471.000,rgb_edges_inside_sam2_mask
105,4.333333,14,support_or_stretcher_candidate,28.686,60.415,486.000,452.000,539.000,481.000,rgb_edges_inside_sam2_mask
105,4.333333,15,support_or_stretcher_candidate,28.301,59.059,484.000,459.000,536.000,487.000,rgb_edges_inside_sam2_mask
105,4.333333,16,support_or_stretcher_candidate,21.251,57.940,559.000,370.000,613.000,391.000,rgb_edges_inside_sam2_mask
105,4.333333,17,support_or_stretcher_candidate,23.334,55.543,568.000,442.000,619.000,464.000,rgb_edges_inside_sam2_mask
105,4.333333,18,support_or_stretcher_candidate,23.629,52.393,471.000,371.000,519.000,392.000,rgb_edges_inside_sam2_mask
105,4.333333,19,front_leg_candidate,-64.916,51.894,498.000,443.000,476.000,490.000,rgb_edges_inside_sam2_mask
105,4.333333,20,rear_leg_candidate,84.289,50.249,574.000,429.000,579.000,479.000,rgb_edges_inside_sam2_mask
105,4.333333,21,support_or_stretcher_candidate,28.610,50.120,491.000,456.000,535.000,480.000,rgb_edges_inside_sam2_mask
105,4.333333,22,front_leg_candidate,-62.904,48.301,564.000,297.000,542.000,340.000,rgb_edges_inside_sam2_mask
105,4.333333,23,front_leg_candidate,-64.537,46.519,564.000,448.000,544.000,490.000,rgb_edges_inside_sam2_mask
105,4.333333,24,front_leg_candidate,-65.136,45.188,519.000,401.000,500.000,442.000,rgb_edges_inside_sam2_mask
105,4.333333,25,rear_leg_candidate,84.144,39.205,568.000,441.000,572.000,480.000,rgb_edges_inside_sam2_mask
105,4.333333,26,rear_leg_candidate,82.504,38.328,611.000,352.000,616.000,390.000,rgb_edges_inside_sam2_mask
105,4.333333,27,rear_leg_candidate,83.991,38.210,556.000,339.000,560.000,377.000,rgb_edges_inside_sam2_mask
106,4.375000,0,front_leg_candidate,-64.148,215.574,617.000,312.000,523.000,506.000,rgb_edges_inside_sam2_mask
106,4.375000,1,front_leg_candidate,-64.898,122.577,581.000,403.000,529.000,514.000,rgb_edges_inside_sam2_mask
106,4.375000,2,rear_leg_candidate,86.154,119.269,621.000,393.000,629.000,512.000,rgb_edges_inside_sam2_mask
106,4.375000,3,front_leg_candidate,-64.148,107.787,510.000,394.000,463.000,491.000,rgb_edges_inside_sam2_mask
106,4.375000,4,front_leg_candidate,-64.398,106.452,510.000,395.000,464.000,491.000,rgb_edges_inside_sam2_mask
106,4.375000,5,front_leg_candidate,-63.687,101.518,565.000,285.000,520.000,376.000,rgb_edges_inside_sam2_mask
106,4.375000,6,front_leg_candidate,-62.668,100.185,574.000,286.000,528.000,375.000,rgb_edges_inside_sam2_mask
106,4.375000,7,front_leg_candidate,-63.997,91.236,564.000,288.000,524.000,370.000,rgb_edges_inside_sam2_mask
106,4.375000,8,front_leg_candidate,-64.564,90.802,520.000,390.000,481.000,472.000,rgb_edges_inside_sam2_mask
106,4.375000,9,rear_leg_candidate,84.746,87.367,607.000,354.000,615.000,441.000,rgb_edges_inside_sam2_mask
106,4.375000,10,front_leg_candidate,-64.335,85.428,554.000,444.000,517.000,521.000,rgb_edges_inside_sam2_mask
106,4.375000,11,front_leg_candidate,-64.983,82.765,560.000,446.000,525.000,521.000,rgb_edges_inside_sam2_mask
106,4.375000,12,front_leg_candidate,-64.687,81.860,506.000,418.000,471.000,492.000,rgb_edges_inside_sam2_mask
106,4.375000,13,front_leg_candidate,-64.156,71.113,619.000,326.000,588.000,390.000,rgb_edges_inside_sam2_mask
106,4.375000,14,rear_leg_candidate,84.289,70.349,616.000,442.000,623.000,512.000,rgb_edges_inside_sam2_mask
106,4.375000,15,support_or_stretcher_candidate,23.782,64.475,555.000,441.000,614.000,467.000,rgb_edges_inside_sam2_mask
106,4.375000,16,support_or_stretcher_candidate,23.575,60.008,573.000,456.000,628.000,480.000,rgb_edges_inside_sam2_mask
106,4.375000,17,support_or_stretcher_candidate,23.199,53.310,466.000,373.000,515.000,394.000,rgb_edges_inside_sam2_mask
106,4.375000,18,support_or_stretcher_candidate,29.604,50.606,486.000,458.000,530.000,483.000,rgb_edges_inside_sam2_mask
106,4.375000,19,rear_leg_candidate,85.030,46.174,569.000,436.000,573.000,482.000,rgb_edges_inside_sam2_mask
106,4.375000,20,support_or_stretcher_candidate,28.811,45.651,498.000,471.000,538.000,493.000,rgb_edges_inside_sam2_mask
106,4.375000,21,rear_leg_candidate,81.870,42.426,613.000,337.000,619.000,379.000,rgb_edges_inside_sam2_mask
106,4.375000,22,rear_leg_candidate,85.914,42.107,627.000,469.000,630.000,511.000,rgb_edges_inside_sam2_mask
106,4.375000,23,rear_leg_candidate,80.074,40.608,550.000,340.000,557.000,380.000,rgb_edges_inside_sam2_mask
106,4.375000,24,support_or_stretcher_candidate,28.496,39.825,489.000,459.000,524.000,478.000,rgb_edges_inside_sam2_mask
106,4.375000,25,support_or_stretcher_candidate,24.567,38.484,554.000,371.000,589.000,387.000,rgb_edges_inside_sam2_mask
107,4.416667,0,front_leg_candidate,-63.857,242.844,618.000,305.000,511.000,523.000,rgb_edges_inside_sam2_mask
107,4.416667,1,rear_leg_candidate,85.061,162.604,611.000,350.000,625.000,512.000,rgb_edges_inside_sam2_mask
107,4.416667,2,front_leg_candidate,-64.163,105.551,504.000,399.000,458.000,494.000,rgb_edges_inside_sam2_mask
107,4.416667,3,front_leg_candidate,-62.949,105.546,563.000,285.000,515.000,379.000,rgb_edges_inside_sam2_mask
107,4.416667,4,front_leg_candidate,-65.056,94.847,559.000,440.000,519.000,526.000,rgb_edges_inside_sam2_mask
107,4.416667,5,rear_leg_candidate,82.569,92.779,604.000,394.000,616.000,486.000,rgb_edges_inside_sam2_mask
107,4.416667,6,front_leg_candidate,-63.122,81.841,560.000,306.000,523.000,379.000,rgb_edges_inside_sam2_mask
107,4.416667,7,support_or_stretcher_candidate,22.457,81.154,547.000,451.000,622.000,482.000,rgb_edges_inside_sam2_mask
107,4.416667,8,front_leg_candidate,-64.502,72.014,577.000,406.000,546.000,471.000,rgb_edges_inside_sam2_mask
107,4.416667,9,front_leg_candidate,-61.975,70.235,511.000,404.000,478.000,466.000,rgb_edges_inside_sam2_mask
107,4.416667,10,support_or_stretcher_candidate,29.134,69.836,472.000,464.000,533.000,498.000,rgb_edges_inside_sam2_mask
107,4.416667,11,front_leg_candidate,-64.179,68.877,614.000,330.000,584.000,392.000,rgb_edges_inside_sam2_mask
107,4.416667,12,front_leg_candidate,-63.825,65.742,577.000,381.000,548.000,440.000,rgb_edges_inside_sam2_mask
107,4.416667,13,rear_leg_candidate,83.853,65.376,552.000,320.000,559.000,385.000,rgb_edges_inside_sam2_mask
107,4.416667,14,rear_leg_candidate,81.119,64.777,545.000,341.000,555.000,405.000,rgb_edges_inside_sam2_mask
107,4.416667,15,front_leg_candidate,-64.231,64.405,616.000,310.000,588.000,368.000,rgb_edges_inside_sam2_mask
107,4.416667,16,front_leg_candidate,-63.034,63.953,494.000,438.000,465.000,495.000,rgb_edges_inside_sam2_mask
107,4.416667,17,support_or_stretcher_candidate,28.610,62.650,481.000,461.000,536.000,491.000,rgb_edges_inside_sam2_mask
107,4.416667,18,support_or_stretcher_candidate,24.057,61.327,558.000,448.000,614.000,473.000,rgb_edges_inside_sam2_mask
107,4.416667,19,front_leg_candidate,-63.853,61.270,550.000,445.000,523.000,500.000,rgb_edges_inside_sam2_mask
107,4.416667,20,front_leg_candidate,-65.225,57.271,551.000,459.000,527.000,511.000,rgb_edges_inside_sam2_mask
107,4.416667,21,front_leg_candidate,-63.905,54.562,502.000,405.000,478.000,454.000,rgb_edges_inside_sam2_mask
107,4.416667,22,support_or_stretcher_candidate,28.009,53.235,477.000,460.000,524.000,485.000,rgb_edges_inside_sam2_mask
107,4.416667,23,support_or_stretcher_candidate,25.514,48.754,466.000,377.000,510.000,398.000,rgb_edges_inside_sam2_mask
107,4.416667,24,support_or_stretcher_candidate,24.444,48.332,465.000,378.000,509.000,398.000,rgb_edges_inside_sam2_mask
107,4.416667,25,front_leg_candidate,-63.435,38.013,542.000,340.000,525.000,374.000,rgb_edges_inside_sam2_mask
108,4.458333,0,front_leg_candidate,-64.075,240.169,612.000,311.000,507.000,527.000,rgb_edges_inside_sam2_mask
108,4.458333,1,front_leg_candidate,-64.093,233.461,609.000,315.000,507.000,525.000,rgb_edges_inside_sam2_mask
108,4.458333,2,rear_leg_candidate,85.045,173.649,605.000,343.000,620.000,516.000,rgb_edges_inside_sam2_mask
108,4.458333,3,front_leg_candidate,-63.939,152.506,581.000,393.000,514.000,530.000,rgb_edges_inside_sam2_mask
108,4.458333,4,front_leg_candidate,-64.016,132.382,572.000,410.000,514.000,529.000,rgb_edges_inside_sam2_mask
108,4.458333,5,front_leg_candidate,-62.987,114.490,510.000,397.000,458.000,499.000,rgb_edges_inside_sam2_mask
108,4.458333,6,front_leg_candidate,-64.179,103.315,564.000,289.000,519.000,382.000,rgb_edges_inside_sam2_mask
108,4.458333,7,front_leg_candidate,-62.850,87.658,501.000,401.000,461.000,479.000,rgb_edges_inside_sam2_mask
108,4.458333,8,rear_leg_candidate,83.830,74.431,546.000,324.000,554.000,398.000,rgb_edges_inside_sam2_mask
108,4.458333,9,front_leg_candidate,-65.283,69.354,571.000,383.000,542.000,446.000,rgb_edges_inside_sam2_mask
108,4.458333,10,rear_leg_candidate,86.367,63.127,598.000,361.000,602.000,424.000,rgb_edges_inside_sam2_mask
108,4.458333,11,rear_leg_candidate,85.156,59.211,608.000,459.000,613.000,518.000,rgb_edges_inside_sam2_mask
108,4.458333,12,support_or_stretcher_candidate,27.013,57.245,469.000,462.000,520.000,488.000,rgb_edges_inside_sam2_mask
108,4.458333,13,rear_leg_candidate,84.898,56.223,551.000,361.000,556.000,417.000,rgb_edges_inside_sam2_mask
108,4.458333,14,front_leg_candidate,-63.435,53.666,477.000,449.000,453.000,497.000,rgb_edges_inside_sam2_mask
108,4.458333,15,support_or_stretcher_candidate,24.624,52.802,557.000,459.000,605.000,481.000,rgb_edges_inside_sam2_mask
108,4.458333,16,support_or_stretcher_candidate,28.706,47.885,474.000,471.000,516.000,494.000,rgb_edges_inside_sam2_mask
108,4.458333,17,front_leg_candidate,-62.879,46.065,481.000,457.000,460.000,498.000,rgb_edges_inside_sam2_mask
108,4.458333,18,front_leg_candidate,-62.850,43.829,537.000,343.000,517.000,382.000,rgb_edges_inside_sam2_mask
108,4.458333,19,rear_leg_candidate,85.711,40.112,603.000,425.000,606.000,465.000,rgb_edges_inside_sam2_mask
108,4.458333,20,support_or_stretcher_candidate,22.068,39.925,553.000,452.000,590.000,467.000,rgb_edges_inside_sam2_mask
108,4.458333,21,support_or_stretcher_candidate,23.962,39.395,456.000,379.000,492.000,395.000,rgb_edges_inside_sam2_mask
109,4.500000,0,front_leg_candidate,-64.075,240.169,608.000,313.000,503.000,529.000,rgb_edges_inside_sam2_mask
109,4.500000,1,rear_leg_candidate,85.045,173.649,600.000,346.000,615.000,519.000,rgb_edges_inside_sam2_mask
109,4.500000,2,rear_leg_candidate,85.101,140.513,603.000,367.000,615.000,507.000,rgb_edges_inside_sam2_mask
109,4.500000,3,front_leg_candidate,-64.722,119.436,567.000,414.000,516.000,522.000,rgb_edges_inside_sam2_mask
109,4.500000,4,front_leg_candidate,-64.120,112.259,505.000,400.000,456.000,501.000,rgb_edges_inside_sam2_mask
109,4.500000,5,front_leg_candidate,-64.398,106.452,494.000,404.000,448.000,500.000,rgb_edges_inside_sam2_mask
109,4.500000,6,front_leg_candidate,-65.148,104.695,558.000,290.000,514.000,385.000,rgb_edges_inside_sam2_mask
109,4.500000,7,front_leg_candidate,-63.947,100.180,499.000,412.000,455.000,502.000,rgb_edges_inside_sam2_mask
109,4.500000,8,front_leg_candidate,-64.231,96.607,547.000,298.000,505.000,385.000,rgb_edges_inside_sam2_mask
109,4.500000,9,front_leg_candidate,-65.056,94.847,550.000,447.000,510.000,533.000,rgb_edges_inside_sam2_mask
109,4.500000,10,rear_leg_candidate,83.884,84.481,539.000,308.000,548.000,392.000,rgb_edges_inside_sam2_mask
109,4.500000,11,front_leg_candidate,-63.435,82.735,491.000,414.000,454.000,488.000,rgb_edges_inside_sam2_mask
109,4.500000,12,front_leg_candidate,-64.156,71.113,568.000,387.000,537.000,451.000,rgb_edges_inside_sam2_mask
109,4.500000,13,front_leg_candidate,-63.800,70.214,539.000,317.000,508.000,380.000,rgb_edges_inside_sam2_mask
109,4.500000,14,rear_leg_candidate,85.855,69.181,597.000,410.000,602.000,479.000,rgb_edges_inside_sam2_mask
109,4.500000,15,front_leg_candidate,-64.204,66.641,603.000,321.000,574.000,381.000,rgb_edges_inside_sam2_mask
109,4.500000,16,support_or_stretcher_candidate,22.834,61.847,548.000,462.000,605.000,486.000,rgb_edges_inside_sam2_mask
109,4.500000,17,support_or_stretcher_candidate,29.055,61.774,466.000,465.000,520.000,495.000,rgb_edges_inside_sam2_mask
109,4.500000,18,support_or_stretcher_candidate,27.897,57.706,463.000,471.000,514.000,498.000,rgb_edges_inside_sam2_mask
109,4.500000,19,support_or_stretcher_candidate,23.199,53.310,451.000,384.000,500.000,405.000,rgb_edges_inside_sam2_mask
109,4.500000,20,support_or_stretcher_candidate,24.075,51.478,553.000,457.000,600.000,478.000,rgb_edges_inside_sam2_mask
109,4.500000,21,front_leg_candidate,-66.038,49.244,568.000,413.000,548.000,458.000,rgb_edges_inside_sam2_mask
109,4.500000,22,rear_leg_candidate,85.135,47.170,603.000,456.000,607.000,503.000,rgb_edges_inside_sam2_mask
109,4.500000,23,rear_leg_candidate,81.158,45.541,532.000,332.000,539.000,377.000,rgb_edges_inside_sam2_mask
109,4.500000,24,rear_leg_candidate,-84.560,42.190,604.000,315.000,600.000,357.000,rgb_edges_inside_sam2_mask
109,4.500000,25,support_or_stretcher_candidate,29.055,41.183,473.000,477.000,509.000,497.000,rgb_edges_inside_sam2_mask
109,4.500000,26,front_leg_candidate,-66.038,39.395,590.000,365.000,574.000,401.000,rgb_edges_inside_sam2_mask
109,4.500000,27,front_leg_candidate,-65.433,38.484,599.000,347.000,583.000,382.000,rgb_edges_inside_sam2_mask
110,4.541667,0,rear_leg_candidate,85.030,161.608,597.000,363.000,611.000,524.000,rgb_edges_inside_sam2_mask
110,4.541667,1,front_leg_candidate,-64.144,144.461,578.000,369.000,515.000,499.000,rgb_edges_inside_sam2_mask
110,4.541667,2,front_leg_candidate,-64.006,134.618,555.000,418.000,496.000,539.000,rgb_edges_inside_sam2_mask
110,4.541667,3,front_leg_candidate,-63.886,113.596,500.000,405.000,450.000,507.000,rgb_edges_inside_sam2_mask
110,4.541667,4,front_leg_candidate,-65.113,106.930,489.000,408.000,444.000,505.000,rgb_edges_inside_sam2_mask
110,4.541667,5,front_leg_candidate,-63.947,100.180,544.000,299.000,500.000,389.000,rgb_edges_inside_sam2_mask
110,4.541667,6,front_leg_candidate,-63.435,87.207,600.000,324.000,561.000,402.000,rgb_edges_inside_sam2_mask
110,4.541667,7,front_leg_candidate,-65.225,85.907,541.000,462.000,505.000,540.000,rgb_edges_inside_sam2_mask
110,4.541667,8,front_leg_candidate,-64.942,85.000,542.000,462.000,506.000,539.000,rgb_edges_inside_sam2_mask
110,4.541667,9,front_leg_candidate,-64.759,77.389,567.000,381.000,534.000,451.000,rgb_edges_inside_sam2_mask
110,4.541667,10,support_or_stretcher_candidate,24.057,61.327,541.000,463.000,597.000,488.000,rgb_edges_inside_sam2_mask
110,4.541667,11,rear_leg_candidate,82.278,59.540,588.000,399.000,596.000,458.000,rgb_edges_inside_sam2_mask
110,4.541667,12,support_or_stretcher_candidate,25.145,54.129,446.000,387.000,495.000,410.000,rgb_edges_inside_sam2_mask
110,4.541667,13,front_leg_candidate,-66.371,52.393,586.000,368.000,565.000,416.000,rgb_edges_inside_sam2_mask
110,4.541667,14,support_or_stretcher_candidate,28.523,52.355,466.000,472.000,512.000,497.000,rgb_edges_inside_sam2_mask
110,4.541667,15,rear_leg_candidate,83.418,52.345,538.000,344.000,544.000,396.000,rgb_edges_inside_sam2_mask
110,4.541667,16,front_leg_candidate,-61.928,51.000,534.000,339.000,510.000,384.000,rgb_edges_inside_sam2_mask
110,4.541667,17,support_or_stretcher_candidate,24.538,50.567,549.000,460.000,595.000,481.000,rgb_edges_inside_sam2_mask
110,4.541667,18,front_leg_candidate,-62.928,50.537,602.000,319.000,579.000,364.000,rgb_edges_inside_sam2_mask
110,4.541667,19,front_leg_candidate,-65.136,45.188,486.000,416.000,467.000,457.000,rgb_edges_inside_sam2_mask
110,4.541667,20,front_leg_candidate,-65.433,38.484,585.000,369.000,569.000,404.000,rgb_edges_inside_sam2_mask
110,4.541667,21,front_leg_candidate,-64.799,37.577,489.000,411.000,473.000,445.000,rgb_edges_inside_sam2_mask
110,4.541667,22,front_leg_candidate,-64.799,37.577,550.000,416.000,534.000,450.000,rgb_edges_inside_sam2_mask
111,4.583333,0,front_leg_candidate,-65.041,239.353,596.000,323.000,495.000,540.000,rgb_edges_inside_sam2_mask
111,4.583333,1,rear_leg_candidate,84.251,149.753,592.000,366.000,607.000,515.000,rgb_edges_inside_sam2_mask
111,4.583333,2,front_leg_candidate,-63.662,112.699,496.000,410.000,446.000,511.000,rgb_edges_inside_sam2_mask
111,4.583333,3,front_leg_candidate,-64.195,101.079,483.000,419.000,439.000,510.000,rgb_edges_inside_sam2_mask
111,4.583333,4,front_leg_candidate,-64.983,99.318,538.000,303.000,496.000,393.000,rgb_edges_inside_sam2_mask
111,4.583333,5,front_leg_candidate,-64.942,85.000,538.000,466.000,502.000,543.000,rgb_edges_inside_sam2_mask
111,4.583333,6,support_or_stretcher_candidate,23.720,72.090,539.000,468.000,605.000,497.000,rgb_edges_inside_sam2_mask
111,4.583333,7,rear_leg_candidate,84.036,67.365,600.000,449.000,607.000,516.000,rgb_edges_inside_sam2_mask
111,4.583333,8,rear_leg_candidate,82.983,65.490,586.000,413.000,594.000,478.000,rgb_edges_inside_sam2_mask
111,4.583333,9,support_or_stretcher_candidate,28.540,64.885,462.000,477.000,519.000,508.000,rgb_edges_inside_sam2_mask
111,4.583333,10,rear_leg_candidate,82.875,64.498,530.000,335.000,538.000,399.000,rgb_edges_inside_sam2_mask
111,4.583333,11,support_or_stretcher_candidate,22.135,63.695,545.000,465.000,604.000,489.000,rgb_edges_inside_sam2_mask
111,4.583333,12,front_leg_candidate,-64.654,63.071,559.000,394.000,532.000,451.000,rgb_edges_inside_sam2_mask
111,4.583333,13,rear_leg_candidate,84.472,62.290,595.000,467.000,601.000,529.000,rgb_edges_inside_sam2_mask
111,4.583333,14,front_leg_candidate,-61.631,56.824,529.000,343.000,502.000,393.000,rgb_edges_inside_sam2_mask
111,4.583333,15,support_or_stretcher_candidate,27.031,55.009,441.000,391.000,490.000,416.000,rgb_edges_inside_sam2_mask
111,4.583333,16,front_leg_candidate,-64.398,53.226,485.000,413.000,462.000,461.000,rgb_edges_inside_sam2_mask
111,4.583333,17,support_or_stretcher_candidate,29.055,51.478,462.000,476.000,507.000,501.000,rgb_edges_inside_sam2_mask
111,4.583333,18,front_leg_candidate,-64.440,50.990,494.000,410.000,472.000,456.000,rgb_edges_inside_sam2_mask
111,4.583333,19,rear_leg_candidate,83.019,49.366,586.000,412.000,592.000,461.000,rgb_edges_inside_sam2_mask
111,4.583333,20,rear_leg_candidate,84.806,44.181,545.000,450.000,549.000,494.000,rgb_edges_inside_sam2_mask
111,4.583333,21,rear_leg_candidate,-79.824,39.623,596.000,324.000,589.000,363.000,rgb_edges_inside_sam2_mask
111,4.583333,22,rear_leg_candidate,82.694,39.319,525.000,357.000,530.000,396.000,rgb_edges_inside_sam2_mask
111,4.583333,23,front_leg_candidate,-65.433,38.484,580.000,373.000,564.000,408.000,rgb_edges_inside_sam2_mask
111,4.583333,24,front_leg_candidate,-65.433,38.484,546.000,420.000,530.000,455.000,rgb_edges_inside_sam2_mask
112,4.625000,0,front_leg_candidate,-65.833,170.985,589.000,329.000,519.000,485.000,rgb_edges_inside_sam2_mask
112,4.625000,1,rear_leg_candidate,83.897,159.906,587.000,371.000,604.000,530.000,rgb_edges_inside_sam2_mask
112,4.625000,2,front_leg_candidate,-65.165,133.330,555.000,425.000,499.000,546.000,rgb_edges_inside_sam2_mask
112,4.625000,3,front_leg_candidate,-65.045,111.400,489.000,415.000,442.000,516.000,rgb_edges_inside_sam2_mask
112,4.625000,4,front_leg_candidate,-65.821,107.424,535.000,300.000,491.000,398.000,rgb_edges_inside_sam2_mask
112,4.625000,5,front_leg_candidate,-65.821,107.424,592.000,324.000,548.000,422.000,rgb_edges_inside_sam2_mask
112,4.625000,6,front_leg_candidate,-65.113,106.930,481.000,418.000,436.000,515.000,rgb_edges_inside_sam2_mask
112,4.625000,7,front_leg_candidate,-65.019,97.082,484.000,428.000,443.000,516.000,rgb_edges_inside_sam2_mask
112,4.625000,8,support_or_stretcher_candidate,25.866,73.348,527.000,466.000,593.000,498.000,rgb_edges_inside_sam2_mask
112,4.625000,9,front_leg_candidate,-66.595,73.007,522.000,476.000,493.000,543.000,rgb_edges_inside_sam2_mask
112,4.625000,10,rear_leg_candidate,82.674,70.576,523.000,321.000,532.000,391.000,rgb_edges_inside_sam2_mask
112,4.625000,11,rear_leg_candidate,81.634,68.731,580.000,415.000,590.000,483.000,rgb_edges_inside_sam2_mask
112,4.625000,12,rear_leg_candidate,82.349,67.602,589.000,465.000,598.000,532.000,rgb_edges_inside_sam2_mask
112,4.625000,13,rear_leg_candidate,84.036,67.365,594.000,431.000,601.000,498.000,rgb_edges_inside_sam2_mask
112,4.625000,14,support_or_stretcher_candidate,29.407,63.135,452.000,478.000,507.000,509.000,rgb_edges_inside_sam2_mask
112,4.625000,15,front_leg_candidate,-65.638,58.181,524.000,493.000,500.000,546.000,rgb_edges_inside_sam2_mask
112,4.625000,16,front_leg_candidate,-64.323,57.697,478.000,423.000,453.000,475.000,rgb_edges_inside_sam2_mask
112,4.625000,17,support_or_stretcher_candidate,29.745,56.436,455.000,487.000,504.000,515.000,rgb_edges_inside_sam2_mask
112,4.625000,18,support_or_stretcher_candidate,23.334,55.543,436.000,397.000,487.000,419.000,rgb_edges_inside_sam2_mask
112,4.625000,19,support_or_stretcher_candidate,29.876,54.203,450.000,483.000,497.000,510.000,rgb_edges_inside_sam2_mask
112,4.625000,20,rear_leg_candidate,82.875,48.374,528.000,356.000,534.000,404.000,rgb_edges_inside_sam2_mask
112,4.625000,21,front_leg_candidate,-65.659,46.098,517.000,356.000,498.000,398.000,rgb_edges_inside_sam2_mask
112,4.625000,22,rear_leg_candidate,82.405,45.398,519.000,356.000,525.000,401.000,rgb_edges_inside_sam2_mask
112,4.625000,23,front_leg_candidate,-66.297,44.777,517.000,357.000,499.000,398.000,rgb_edges_inside_sam2_mask
112,4.625000,24,front_leg_candidate,-66.975,43.463,508.000,506.000,491.000,546.000,rgb_edges_inside_sam2_mask
112,4.625000,25,rear_leg_candidate,83.047,41.304,541.000,459.000,546.000,500.000,rgb_edges_inside_sam2_mask
112,4.625000,26,rear_leg_candidate,83.047,41.304,582.000,417.000,587.000,458.000,rgb_edges_inside_sam2_mask
112,4.625000,27,front_leg_candidate,-66.615,40.311,576.000,376.000,560.000,413.000,rgb_edges_inside_sam2_mask
112,4.625000,28,support_or_stretcher_candidate,25.278,39.812,541.000,467.000,577.000,484.000,rgb_edges_inside_sam2_mask
112,4.625000,29,front_leg_candidate,-70.560,36.056,590.000,343.000,578.000,377.000,rgb_edges_inside_sam2_mask
113,4.666667,0,front_leg_candidate,-65.966,243.074,586.000,329.000,487.000,551.000,rgb_edges_inside_sam2_mask
113,4.666667,1,front_leg_candidate,-66.179,205.507,581.000,338.000,498.000,526.000,rgb_edges_inside_sam2_mask
113,4.666667,2,front_leg_candidate,-65.418,103.368,475.000,424.000,432.000,518.000,rgb_edges_inside_sam2_mask
113,4.666667,3,rear_leg_candidate,83.596,98.615,573.000,376.000,584.000,474.000,rgb_edges_inside_sam2_mask
113,4.666667,4,rear_leg_candidate,81.957,92.914,579.000,362.000,592.000,454.000,rgb_edges_inside_sam2_mask
113,4.666667,5,front_leg_candidate,-66.105,86.406,530.000,474.000,495.000,553.000,rgb_edges_inside_sam2_mask
113,4.666667,6,front_leg_candidate,-65.026,80.529,485.000,420.000,451.000,493.000,rgb_edges_inside_sam2_mask
113,4.666667,7,rear_leg_candidate,84.738,76.322,593.000,463.000,600.000,539.000,rgb_edges_inside_sam2_mask
113,4.666667,8,support_or_stretcher_candidate,23.962,68.942,522.000,472.000,585.000,500.000,rgb_edges_inside_sam2_mask
113,4.666667,9,front_leg_candidate,-65.410,64.885,549.000,402.000,522.000,461.000,rgb_edges_inside_sam2_mask
113,4.666667,10,front_leg_candidate,-65.158,59.506,457.000,465.000,432.000,519.000,rgb_edges_inside_sam2_mask
113,4.666667,11,support_or_stretcher_candidate,25.677,57.697,452.000,487.000,504.000,512.000,rgb_edges_inside_sam2_mask
113,4.666667,12,front_leg_candidate,-65.298,55.036,484.000,420.000,461.000,470.000,rgb_edges_inside_sam2_mask
113,4.666667,13,front_leg_candidate,-66.251,54.626,511.000,345.000,489.000,395.000,rgb_edges_inside_sam2_mask
113,4.666667,14,support_or_stretcher_candidate,24.179,53.712,539.000,472.000,588.000,494.000,rgb_edges_inside_sam2_mask
113,4.666667,15,rear_leg_candidate,82.185,51.478,522.000,355.000,529.000,406.000,rgb_edges_inside_sam2_mask
113,4.666667,16,support_or_stretcher_candidate,22.011,50.695,430.000,403.000,477.000,422.000,rgb_edges_inside_sam2_mask
113,4.666667,17,support_or_stretcher_candidate,24.444,48.332,540.000,473.000,584.000,493.000,rgb_edges_inside_sam2_mask
113,4.666667,18,front_leg_candidate,-66.161,47.011,506.000,507.000,487.000,550.000,rgb_edges_inside_sam2_mask
113,4.666667,19,front_leg_candidate,-66.161,47.011,549.000,403.000,530.000,446.000,rgb_edges_inside_sam2_mask
113,4.666667,20,rear_leg_candidate,79.695,44.721,513.000,361.000,521.000,405.000,rgb_edges_inside_sam2_mask
113,4.666667,21,rear_leg_candidate,81.870,42.426,536.000,462.000,542.000,504.000,rgb_edges_inside_sam2_mask
113,4.666667,22,rear_leg_candidate,-85.914,42.107,583.000,330.000,580.000,372.000,rgb_edges_inside_sam2_mask
113,4.666667,23,rear_leg_candidate,81.254,39.459,522.000,419.000,528.000,458.000,rgb_edges_inside_sam2_mask
113,4.666667,24,front_leg_candidate,-66.038,39.395,511.000,361.000,495.000,397.000,rgb_edges_inside_sam2_mask
113,4.666667,25,front_leg_candidate,-66.038,39.395,571.000,380.000,555.000,416.000,rgb_edges_inside_sam2_mask
113,4.666667,26,front_leg_candidate,-67.380,39.000,511.000,362.000,496.000,398.000,rgb_edges_inside_sam2_mask
113,4.666667,27,support_or_stretcher_candidate,22.620,39.000,431.000,402.000,467.000,417.000,rgb_edges_inside_sam2_mask
114,4.708333,0,front_leg_candidate,-66.847,165.315,550.000,402.000,485.000,554.000,rgb_edges_inside_sam2_mask
114,4.708333,1,rear_leg_candidate,82.919,162.237,577.000,378.000,597.000,539.000,rgb_edges_inside_sam2_mask
114,4.708333,2,front_leg_candidate,-66.930,117.388,578.000,338.000,532.000,446.000,rgb_edges_inside_sam2_mask
114,4.708333,3,front_leg_candidate,-66.286,116.867,579.000,357.000,532.000,464.000,rgb_edges_inside_sam2_mask
114,4.708333,4,front_leg_candidate,-65.985,110.571,480.000,425.000,435.000,526.000,rgb_edges_inside_sam2_mask
114,4.708333,5,front_leg_candidate,-66.309,107.019,471.000,427.000,428.000,525.000,rgb_edges_inside_sam2_mask
114,4.708333,6,front_leg_candidate,-66.371,104.785,470.000,427.000,428.000,523.000,rgb_edges_inside_sam2_mask
114,4.708333,7,front_leg_candidate,-66.251,81.939,478.000,426.000,445.000,501.000,rgb_edges_inside_sam2_mask
114,4.708333,8,front_leg_candidate,-66.615,80.623,515.000,482.000,483.000,556.000,rgb_edges_inside_sam2_mask
114,4.708333,9,front_leg_candidate,-65.026,80.529,515.000,329.000,481.000,402.000,rgb_edges_inside_sam2_mask
114,4.708333,10,rear_leg_candidate,82.200,73.682,573.000,421.000,583.000,494.000,rgb_edges_inside_sam2_mask
114,4.708333,11,rear_leg_candidate,82.776,71.568,575.000,365.000,584.000,436.000,rgb_edges_inside_sam2_mask
114,4.708333,12,front_leg_candidate,-66.571,65.391,522.000,330.000,496.000,390.000,rgb_edges_inside_sam2_mask
114,4.708333,13,support_or_stretcher_candidate,24.146,63.561,534.000,475.000,592.000,501.000,rgb_edges_inside_sam2_mask
114,4.708333,14,rear_leg_candidate,81.469,60.671,507.000,348.000,516.000,408.000,rgb_edges_inside_sam2_mask
114,4.708333,15,support_or_stretcher_candidate,24.444,60.415,525.000,478.000,580.000,503.000,rgb_edges_inside_sam2_mask
114,4.708333,16,front_leg_candidate,-67.457,57.385,541.000,411.000,519.000,464.000,rgb_edges_inside_sam2_mask
114,4.708333,17,front_leg_candidate,-66.140,56.859,573.000,368.000,550.000,420.000,rgb_edges_inside_sam2_mask
114,4.708333,18,support_or_stretcher_candidate,26.114,56.798,443.000,488.000,494.000,513.000,rgb_edges_inside_sam2_mask
114,4.708333,19,support_or_stretcher_candidate,23.334,55.543,426.000,407.000,477.000,429.000,rgb_edges_inside_sam2_mask
114,4.708333,20,front_leg_candidate,-65.298,55.036,506.000,351.000,483.000,401.000,rgb_edges_inside_sam2_mask
114,4.708333,21,rear_leg_candidate,-79.509,54.918,579.000,337.000,569.000,391.000,rgb_edges_inside_sam2_mask
114,4.708333,22,rear_leg_candidate,81.573,54.589,516.000,356.000,524.000,410.000,rgb_edges_inside_sam2_mask
114,4.708333,23,rear_leg_candidate,81.416,53.600,583.000,487.000,591.000,540.000,rgb_edges_inside_sam2_mask
114,4.708333,24,front_leg_candidate,-66.801,53.310,545.000,406.000,524.000,455.000,rgb_edges_inside_sam2_mask
114,4.708333,25,support_or_stretcher_candidate,27.553,51.884,441.000,494.000,487.000,518.000,rgb_edges_inside_sam2_mask
114,4.708333,26,front_leg_candidate,-65.462,50.567,512.000,511.000,491.000,557.000,rgb_edges_inside_sam2_mask
114,4.708333,27,front_leg_candidate,-66.644,47.927,521.000,330.000,502.000,374.000,rgb_edges_inside_sam2_mask
114,4.708333,28,rear_leg_candidate,81.674,41.437,509.000,367.000,515.000,408.000,rgb_edges_inside_sam2_mask
114,4.708333,29,rear_leg_candidate,81.027,38.471,576.000,454.000,582.000,492.000,rgb_edges_inside_sam2_mask
114,4.708333,30,rear_leg_candidate,80.538,36.497,568.000,384.000,574.000,420.000,rgb_edges_inside_sam2_mask
115,4.750000,0,front_leg_candidate,-66.958,240.160,575.000,338.000,481.000,559.000,rgb_edges_inside_sam2_mask
115,4.750000,1,front_leg_candidate,-67.019,207.466,561.000,369.000,480.000,560.000,rgb_edges_inside_sam2_mask
115,4.750000,2,rear_leg_candidate,82.011,172.676,570.000,369.000,594.000,540.000,rgb_edges_inside_sam2_mask
115,4.750000,3,front_leg_candidate,-66.801,106.621,473.000,433.000,431.000,531.000,rgb_edges_inside_sam2_mask
115,4.750000,4,front_leg_candidate,-66.228,91.788,466.000,431.000,429.000,515.000,rgb_edges_inside_sam2_mask
115,4.750000,5,front_leg_candidate,-66.329,79.706,515.000,337.000,483.000,410.000,rgb_edges_inside_sam2_mask
115,4.750000,6,rear_leg_candidate,81.142,77.929,507.000,337.000,519.000,414.000,rgb_edges_inside_sam2_mask
115,4.750000,7,front_leg_candidate,-66.413,77.473,519.000,490.000,488.000,561.000,rgb_edges_inside_sam2_mask
115,4.750000,8,support_or_stretcher_candidate,23.875,66.708,521.000,482.000,582.000,509.000,rgb_edges_inside_sam2_mask
115,4.750000,9,rear_leg_candidate,83.946,66.370,566.000,400.000,573.000,466.000,rgb_edges_inside_sam2_mask
115,4.750000,10,rear_leg_candidate,82.648,62.514,585.000,480.000,593.000,542.000,rgb_edges_inside_sam2_mask
115,4.750000,11,front_leg_candidate,-66.801,60.926,454.000,475.000,430.000,531.000,rgb_edges_inside_sam2_mask
115,4.750000,12,support_or_stretcher_candidate,23.749,54.626,531.000,480.000,581.000,502.000,rgb_edges_inside_sam2_mask
115,4.750000,13,front_leg_candidate,-66.949,51.078,535.000,421.000,515.000,468.000,rgb_edges_inside_sam2_mask
115,4.750000,14,support_or_stretcher_candidate,24.944,47.424,426.000,413.000,469.000,433.000,rgb_edges_inside_sam2_mask
115,4.750000,15,support_or_stretcher_candidate,26.565,46.957,437.000,499.000,479.000,520.000,rgb_edges_inside_sam2_mask
115,4.750000,16,front_leg_candidate,-65.659,46.098,448.000,474.000,429.000,516.000,rgb_edges_inside_sam2_mask
115,4.750000,17,rear_leg_candidate,79.919,45.706,579.000,498.000,587.000,543.000,rgb_edges_inside_sam2_mask
115,4.750000,18,front_leg_candidate,-66.975,43.463,535.000,422.000,518.000,462.000,rgb_edges_inside_sam2_mask
115,4.750000,19,front_leg_candidate,-65.898,41.629,518.000,492.000,501.000,530.000,rgb_edges_inside_sam2_mask
115,4.750000,20,rear_leg_candidate,80.311,41.593,504.000,371.000,511.000,412.000,rgb_edges_inside_sam2_mask
115,4.750000,21,front_leg_candidate,-66.615,40.311,562.000,388.000,546.000,425.000,rgb_edges_inside_sam2_mask
115,4.750000,22,rear_leg_candidate,-78.111,38.833,575.000,339.000,567.000,377.000,rgb_edges_inside_sam2_mask
115,4.750000,23,front_leg_candidate,-67.620,36.770,495.000,365.000,481.000,399.000,rgb_edges_inside_sam2_mask
116,4.791667,0,front_leg_candidate,-67.900,178.084,545.000,399.000,478.000,564.000,rgb_edges_inside_sam2_mask
116,4.791667,1,rear_leg_candidate,82.073,159.524,567.000,384.000,589.000,542.000,rgb_edges_inside_sam2_mask
116,4.791667,2,front_leg_candidate,-67.878,132.774,536.000,441.000,486.000,564.000,rgb_edges_inside_sam2_mask
116,4.791667,3,front_leg_candidate,-66.801,114.237,470.000,435.000,425.000,540.000,rgb_edges_inside_sam2_mask
116,4.791667,4,front_leg_candidate,-67.218,108.462,466.000,440.000,424.000,540.000,rgb_edges_inside_sam2_mask
116,4.791667,5,front_leg_candidate,-66.801,106.621,512.000,317.000,470.000,415.000,rgb_edges_inside_sam2_mask
116,4.791667,6,rear_leg_candidate,81.209,98.153,562.000,426.000,577.000,523.000,rgb_edges_inside_sam2_mask
116,4.791667,7,front_leg_candidate,-67.724,89.694,519.000,482.000,485.000,565.000,rgb_edges_inside_sam2_mask
116,4.791667,8,rear_leg_candidate,81.142,77.929,502.000,341.000,514.000,418.000,rgb_edges_inside_sam2_mask
116,4.791667,9,front_leg_candidate,-66.413,77.473,461.000,436.000,430.000,507.000,rgb_edges_inside_sam2_mask
116,4.791667,10,front_leg_candidate,-65.807,75.644,511.000,338.000,480.000,407.000,rgb_edges_inside_sam2_mask
116,4.791667,11,front_leg_candidate,-68.344,73.164,552.000,382.000,525.000,450.000,rgb_edges_inside_sam2_mask
116,4.791667,12,support_or_stretcher_candidate,27.979,72.471,438.000,505.000,502.000,539.000,rgb_edges_inside_sam2_mask
116,4.791667,13,front_leg_candidate,-68.356,67.779,502.000,502.000,477.000,565.000,rgb_edges_inside_sam2_mask
116,4.791667,14,support_or_stretcher_candidate,24.057,61.327,521.000,487.000,577.000,512.000,rgb_edges_inside_sam2_mask
116,4.791667,15,support_or_stretcher_candidate,25.301,60.836,438.000,499.000,493.000,525.000,rgb_edges_inside_sam2_mask
116,4.791667,16,front_leg_candidate,-68.385,57.009,568.000,344.000,547.000,397.000,rgb_edges_inside_sam2_mask
116,4.791667,17,front_leg_candidate,-67.068,56.462,535.000,412.000,513.000,464.000,rgb_edges_inside_sam2_mask
116,4.791667,18,front_leg_candidate,-66.251,54.626,449.000,465.000,427.000,515.000,rgb_edges_inside_sam2_mask
116,4.791667,19,support_or_stretcher_candidate,25.560,50.990,454.000,507.000,500.000,529.000,rgb_edges_inside_sam2_mask
116,4.791667,20,front_leg_candidate,-69.717,49.041,555.000,394.000,538.000,440.000,rgb_edges_inside_sam2_mask
116,4.791667,21,rear_leg_candidate,79.919,45.706,576.000,501.000,584.000,546.000,rgb_edges_inside_sam2_mask
116,4.791667,22,support_or_stretcher_candidate,23.703,44.777,423.000,419.000,464.000,437.000,rgb_edges_inside_sam2_mask
116,4.791667,23,rear_leg_candidate,79.695,44.721,498.000,371.000,506.000,415.000,rgb_edges_inside_sam2_mask
116,4.791667,24,support_or_stretcher_candidate,21.038,41.785,524.000,483.000,563.000,498.000,rgb_edges_inside_sam2_mask
116,4.791667,25,front_leg_candidate,-65.898,41.629,527.000,436.000,510.000,474.000,rgb_edges_inside_sam2_mask
116,4.791667,26,rear_leg_candidate,-82.504,38.328,569.000,343.000,564.000,381.000,rgb_edges_inside_sam2_mask
116,4.791667,27,front_leg_candidate,-68.199,37.696,533.000,412.000,519.000,447.000,rgb_edges_inside_sam2_mask
116,4.791667,28,rear_leg_candidate,78.996,36.674,559.000,391.000,566.000,427.000,rgb_edges_inside_sam2_mask
116,4.791667,29,front_leg_candidate,-69.075,36.401,532.000,411.000,519.000,445.000,rgb_edges_inside_sam2_mask
117,4.833333,0,front_leg_candidate,-68.110,241.404,564.000,345.000,474.000,569.000,rgb_edges_inside_sam2_mask
117,4.833333,1,rear_leg_candidate,81.138,188.247,557.000,354.000,586.000,540.000,rgb_edges_inside_sam2_mask
117,4.833333,2,front_leg_candidate,-67.805,135.004,533.000,444.000,482.000,569.000,rgb_edges_inside_sam2_mask
117,4.833333,3,rear_leg_candidate,81.104,116.400,557.000,424.000,575.000,539.000,rgb_edges_inside_sam2_mask
117,4.833333,4,front_leg_candidate,-68.009,112.161,457.000,435.000,415.000,539.000,rgb_edges_inside_sam2_mask
117,4.833333,5,front_leg_candidate,-67.906,109.005,463.000,439.000,422.000,540.000,rgb_edges_inside_sam2_mask
117,4.833333,6,front_leg_candidate,-68.629,74.095,564.000,362.000,537.000,431.000,rgb_edges_inside_sam2_mask
117,4.833333,7,rear_leg_candidate,81.314,72.835,575.000,474.000,586.000,546.000,rgb_edges_inside_sam2_mask
117,4.833333,8,support_or_stretcher_candidate,27.979,72.471,430.000,507.000,494.000,541.000,rgb_edges_inside_sam2_mask
117,4.833333,9,rear_leg_candidate,81.754,69.721,569.000,478.000,579.000,547.000,rgb_edges_inside_sam2_mask
117,4.833333,10,front_leg_candidate,-67.891,69.080,531.000,416.000,505.000,480.000,rgb_edges_inside_sam2_mask
117,4.833333,11,front_leg_candidate,-67.574,68.154,564.000,367.000,538.000,430.000,rgb_edges_inside_sam2_mask
117,4.833333,12,support_or_stretcher_candidate,22.286,65.924,521.000,493.000,582.000,518.000,rgb_edges_inside_sam2_mask
117,4.833333,13,rear_leg_candidate,80.248,64.938,498.000,357.000,509.000,421.000,rgb_edges_inside_sam2_mask
117,4.833333,14,support_or_stretcher_candidate,24.444,60.415,434.000,504.000,489.000,529.000,rgb_edges_inside_sam2_mask
117,4.833333,15,front_leg_candidate,-68.552,60.166,488.000,362.000,466.000,418.000,rgb_edges_inside_sam2_mask
117,4.833333,16,front_leg_candidate,-68.199,53.852,455.000,442.000,435.000,492.000,rgb_edges_inside_sam2_mask
117,4.833333,17,front_leg_candidate,-68.199,48.466,461.000,446.000,443.000,491.000,rgb_edges_inside_sam2_mask
117,4.833333,18,support_or_stretcher_candidate,23.839,47.011,530.000,489.000,573.000,508.000,rgb_edges_inside_sam2_mask
117,4.833333,19,front_leg_candidate,-69.590,45.880,490.000,375.000,474.000,418.000,rgb_edges_inside_sam2_mask
117,4.833333,20,rear_leg_candidate,75.964,45.354,491.000,375.000,502.000,419.000,rgb_edges_inside_sam2_mask
117,4.833333,21,support_or_stretcher_candidate,24.228,43.863,509.000,480.000,549.000,498.000,rgb_edges_inside_sam2_mask
117,4.833333,22,front_leg_candidate,-69.905,43.658,486.000,527.000,471.000,568.000,rgb_edges_inside_sam2_mask
117,4.833333,23,rear_leg_candidate,78.690,40.792,554.000,394.000,562.000,434.000,rgb_edges_inside_sam2_mask
118,4.875000,0,rear_leg_candidate,81.254,170.988,556.000,378.000,582.000,547.000,rgb_edges_inside_sam2_mask
118,4.875000,1,front_leg_candidate,-68.199,134.629,520.000,448.000,470.000,573.000,rgb_edges_inside_sam2_mask
118,4.875000,2,front_leg_candidate,-68.009,112.161,561.000,345.000,519.000,449.000,rgb_edges_inside_sam2_mask
118,4.875000,3,front_leg_candidate,-68.405,103.247,498.000,326.000,460.000,422.000,rgb_edges_inside_sam2_mask
118,4.875000,4,front_leg_candidate,-68.459,81.707,456.000,447.000,426.000,523.000,rgb_edges_inside_sam2_mask
118,4.875000,5,front_leg_candidate,-68.334,78.549,507.000,501.000,478.000,574.000,rgb_edges_inside_sam2_mask
118,4.875000,6,rear_leg_candidate,81.870,77.782,555.000,439.000,566.000,516.000,rgb_edges_inside_sam2_mask
118,4.875000,7,rear_leg_candidate,81.027,76.942,564.000,475.000,576.000,551.000,rgb_edges_inside_sam2_mask
118,4.875000,8,front_leg_candidate,-67.913,74.465,493.000,341.000,465.000,410.000,rgb_edges_inside_sam2_mask
118,4.875000,9,front_leg_candidate,-67.126,69.462,451.000,444.000,424.000,508.000,rgb_edges_inside_sam2_mask
118,4.875000,10,support_or_stretcher_candidate,21.477,65.552,515.000,489.000,576.000,513.000,rgb_edges_inside_sam2_mask
118,4.875000,11,rear_leg_candidate,80.096,63.953,490.000,349.000,501.000,412.000,rgb_edges_inside_sam2_mask
118,4.875000,12,rear_leg_candidate,80.981,63.789,565.000,485.000,575.000,548.000,rgb_edges_inside_sam2_mask
118,4.875000,13,front_leg_candidate,-66.038,59.093,557.000,378.000,533.000,432.000,rgb_edges_inside_sam2_mask
118,4.875000,14,support_or_stretcher_candidate,20.898,58.873,515.000,497.000,570.000,518.000,rgb_edges_inside_sam2_mask
118,4.875000,15,rear_leg_candidate,78.111,58.249,546.000,381.000,558.000,438.000,rgb_edges_inside_sam2_mask
118,4.875000,16,support_or_stretcher_candidate,22.543,57.385,406.000,425.000,459.000,447.000,rgb_edges_inside_sam2_mask
118,4.875000,17,support_or_stretcher_candidate,25.201,56.365,431.000,508.000,482.000,532.000,rgb_edges_inside_sam2_mask
118,4.875000,18,front_leg_candidate,-64.398,53.226,526.000,424.000,503.000,472.000,rgb_edges_inside_sam2_mask
118,4.875000,19,support_or_stretcher_candidate,23.629,52.393,407.000,423.000,455.000,444.000,rgb_edges_inside_sam2_mask
118,4.875000,20,rear_leg_candidate,-85.515,51.157,558.000,340.000,554.000,391.000,rgb_edges_inside_sam2_mask
118,4.875000,21,front_leg_candidate,-67.989,50.695,540.000,398.000,521.000,445.000,rgb_edges_inside_sam2_mask
118,4.875000,22,support_or_stretcher_candidate,26.053,50.090,427.000,513.000,472.000,535.000,rgb_edges_inside_sam2_mask
118,4.875000,23,rear_leg_candidate,79.919,45.706,487.000,377.000,495.000,422.000,rgb_edges_inside_sam2_mask
118,4.875000,24,support_or_stretcher_candidate,26.003,45.618,426.000,512.000,467.000,532.000,rgb_edges_inside_sam2_mask
118,4.875000,25,rear_leg_candidate,80.961,44.553,575.000,506.000,582.000,550.000,rgb_edges_inside_sam2_mask
118,4.875000,26,front_leg_candidate,-71.147,43.324,482.000,531.000,468.000,572.000,rgb_edges_inside_sam2_mask
118,4.875000,27,front_leg_candidate,-68.199,43.081,456.000,450.000,440.000,490.000,rgb_edges_inside_sam2_mask
118,4.875000,28,rear_leg_candidate,77.905,42.953,549.000,398.000,558.000,440.000,rgb_edges_inside_sam2_mask
118,4.875000,29,front_leg_candidate,-67.932,39.925,485.000,380.000,470.000,417.000,rgb_edges_inside_sam2_mask
118,4.875000,30,front_leg_candidate,-67.932,39.925,516.000,447.000,501.000,484.000,rgb_edges_inside_sam2_mask
118,4.875000,31,support_or_stretcher_candidate,20.726,39.560,515.000,496.000,552.000,510.000,rgb_edges_inside_sam2_mask
118,4.875000,32,front_leg_candidate,-66.801,38.079,529.000,448.000,514.000,483.000,rgb_edges_inside_sam2_mask
118,4.875000,33,rear_leg_candidate,79.287,37.656,498.000,440.000,505.000,477.000,rgb_edges_inside_sam2_mask
118,4.875000,34,front_leg_candidate,-67.620,36.770,493.000,539.000,479.000,573.000,rgb_edges_inside_sam2_mask
119,4.916667,0,front_leg_candidate,-68.942,200.382,539.000,391.000,467.000,578.000,rgb_edges_inside_sam2_mask
119,4.916667,1,rear_leg_candidate,81.304,171.977,552.000,381.000,578.000,551.000,rgb_edges_inside_sam2_mask
119,4.916667,2,front_leg_candidate,-69.011,170.300,555.000,350.000,494.000,509.000,rgb_edges_inside_sam2_mask
119,4.916667,3,front_leg_candidate,-68.199,113.088,497.000,320.000,455.000,425.000,rgb_edges_inside_sam2_mask
119,4.916667,4,front_leg_candidate,-69.193,106.977,445.000,448.000,407.000,548.000,rgb_edges_inside_sam2_mask
119,4.916667,5,front_leg_candidate,-67.891,103.619,451.000,453.000,412.000,549.000,rgb_edges_inside_sam2_mask
119,4.916667,6,front_leg_candidate,-68.405,103.247,518.000,468.000,480.000,564.000,rgb_edges_inside_sam2_mask
119,4.916667,7,rear_leg_candidate,80.998,102.259,562.000,451.000,578.000,552.000,rgb_edges_inside_sam2_mask
119,4.916667,8,front_leg_candidate,-68.443,87.092,524.000,451.000,492.000,532.000,rgb_edges_inside_sam2_mask
119,4.916667,9,rear_leg_candidate,79.902,74.148,549.000,438.000,562.000,511.000,rgb_edges_inside_sam2_mask
119,4.916667,10,front_leg_candidate,-68.051,72.236,451.000,451.000,424.000,518.000,rgb_edges_inside_sam2_mask
119,4.916667,11,front_leg_candidate,-68.791,71.868,432.000,480.000,406.000,547.000,rgb_edges_inside_sam2_mask
119,4.916667,12,support_or_stretcher_candidate,20.462,71.512,401.000,430.000,468.000,455.000,rgb_edges_inside_sam2_mask
119,4.916667,13,support_or_stretcher_candidate,22.426,68.154,510.000,492.000,573.000,518.000,rgb_edges_inside_sam2_mask
119,4.916667,14,front_leg_candidate,-67.574,68.154,523.000,425.000,497.000,488.000,rgb_edges_inside_sam2_mask
119,4.916667,15,rear_leg_candidate,80.395,65.924,487.000,363.000,498.000,428.000,rgb_edges_inside_sam2_mask
119,4.916667,16,support_or_stretcher_candidate,20.323,57.585,509.000,499.000,563.000,519.000,rgb_edges_inside_sam2_mask
119,4.916667,17,support_or_stretcher_candidate,24.702,55.036,426.000,512.000,476.000,535.000,rgb_edges_inside_sam2_mask
119,4.916667,18,rear_leg_candidate,79.919,45.706,482.000,381.000,490.000,426.000,rgb_edges_inside_sam2_mask
119,4.916667,19,front_leg_candidate,-68.682,44.011,491.000,537.000,475.000,578.000,rgb_edges_inside_sam2_mask
119,4.916667,20,front_leg_candidate,-68.962,41.785,479.000,537.000,464.000,576.000,rgb_edges_inside_sam2_mask
119,4.916667,21,front_leg_candidate,-68.962,41.785,479.000,534.000,464.000,573.000,rgb_edges_inside_sam2_mask
119,4.916667,22,front_leg_candidate,-66.615,40.311,429.000,512.000,413.000,549.000,rgb_edges_inside_sam2_mask
119,4.916667,23,front_leg_candidate,-71.114,40.162,543.000,401.000,530.000,439.000,rgb_edges_inside_sam2_mask
119,4.916667,24,rear_leg_candidate,81.254,39.459,553.000,394.000,559.000,433.000,rgb_edges_inside_sam2_mask
119,4.916667,25,rear_leg_candidate,77.800,37.855,565.000,518.000,573.000,555.000,rgb_edges_inside_sam2_mask
119,4.916667,26,rear_leg_candidate,82.093,36.346,546.000,402.000,551.000,438.000,rgb_edges_inside_sam2_mask
120,4.958333,0,rear_leg_candidate,80.975,172.131,547.000,385.000,574.000,555.000,rgb_edges_inside_sam2_mask
120,4.958333,1,front_leg_candidate,-68.819,171.593,551.000,355.000,489.000,515.000,rgb_edges_inside_sam2_mask
120,4.958333,2,front_leg_candidate,-68.102,109.932,442.000,450.000,401.000,552.000,rgb_edges_inside_sam2_mask
120,4.958333,3,front_leg_candidate,-69.001,106.042,446.000,453.000,408.000,552.000,rgb_edges_inside_sam2_mask
120,4.958333,4,front_leg_candidate,-69.638,103.465,508.000,485.000,472.000,582.000,rgb_edges_inside_sam2_mask
120,4.958333,5,rear_leg_candidate,80.340,95.352,545.000,441.000,561.000,535.000,rgb_edges_inside_sam2_mask
120,4.958333,6,support_or_stretcher_candidate,20.726,79.120,495.000,499.000,569.000,527.000,rgb_edges_inside_sam2_mask
120,4.958333,7,front_leg_candidate,-69.955,78.772,498.000,509.000,471.000,583.000,rgb_edges_inside_sam2_mask
120,4.958333,8,rear_leg_candidate,80.417,78.090,480.000,354.000,493.000,431.000,rgb_edges_inside_sam2_mask
120,4.958333,9,front_leg_candidate,-69.444,76.896,491.000,509.000,464.000,581.000,rgb_edges_inside_sam2_mask
120,4.958333,10,front_leg_candidate,-67.782,76.694,486.000,358.000,457.000,429.000,rgb_edges_inside_sam2_mask
120,4.958333,11,front_leg_candidate,-67.203,74.847,478.000,360.000,449.000,429.000,rgb_edges_inside_sam2_mask
120,4.958333,12,support_or_stretcher_candidate,21.644,67.779,505.000,496.000,568.000,521.000,rgb_edges_inside_sam2_mask
120,4.958333,13,front_leg_candidate,-69.027,64.257,517.000,431.000,494.000,491.000,rgb_edges_inside_sam2_mask
120,4.958333,14,front_leg_candidate,-68.962,55.714,448.000,450.000,428.000,502.000,rgb_edges_inside_sam2_mask
120,4.958333,15,front_leg_candidate,-69.928,55.362,483.000,528.000,464.000,580.000,rgb_edges_inside_sam2_mask
120,4.958333,16,front_leg_candidate,-67.797,52.924,441.000,450.000,421.000,499.000,rgb_edges_inside_sam2_mask
120,4.958333,17,rear_leg_candidate,81.085,51.624,562.000,483.000,570.000,534.000,rgb_edges_inside_sam2_mask
120,4.958333,18,rear_leg_candidate,79.380,48.836,487.000,448.000,496.000,496.000,rgb_edges_inside_sam2_mask
120,4.958333,19,front_leg_candidate,-70.427,47.760,519.000,456.000,503.000,501.000,rgb_edges_inside_sam2_mask
120,4.958333,20,rear_leg_candidate,80.340,47.676,483.000,377.000,491.000,424.000,rgb_edges_inside_sam2_mask
120,4.958333,21,front_leg_candidate,-69.444,42.720,476.000,538.000,461.000,578.000,rgb_edges_inside_sam2_mask
120,4.958333,22,support_or_stretcher_candidate,28.496,39.825,416.000,512.000,451.000,531.000,rgb_edges_inside_sam2_mask
120,4.958333,23,front_leg_candidate,-69.274,39.560,539.000,404.000,525.000,441.000,rgb_edges_inside_sam2_mask
120,4.958333,24,support_or_stretcher_candidate,27.897,38.471,425.000,516.000,459.000,534.000,rgb_edges_inside_sam2_mask
120,4.958333,25,rear_leg_candidate,79.287,37.656,478.000,392.000,485.000,429.000,rgb_edges_inside_sam2_mask
120,4.958333,26,support_or_stretcher_candidate,20.376,37.336,508.000,497.000,543.000,510.000,rgb_edges_inside_sam2_mask
121,5.000000,0,front_leg_candidate,-68.895,244.393,547.000,357.000,459.000,585.000,rgb_edges_inside_sam2_mask
121,5.000000,1,rear_leg_candidate,78.959,125.320,539.000,439.000,563.000,562.000,rgb_edges_inside_sam2_mask
121,5.000000,2,rear_leg_candidate,81.607,123.321,551.000,436.000,569.000,558.000,rgb_edges_inside_sam2_mask
121,5.000000,3,front_leg_candidate,-68.199,107.703,442.000,457.000,402.000,557.000,rgb_edges_inside_sam2_mask
121,5.000000,4,front_leg_candidate,-67.319,72.615,437.000,453.000,409.000,520.000,rgb_edges_inside_sam2_mask
121,5.000000,5,front_leg_candidate,-70.463,65.788,490.000,524.000,468.000,586.000,rgb_edges_inside_sam2_mask
121,5.000000,6,front_leg_candidate,-69.027,64.257,514.000,435.000,491.000,495.000,rgb_edges_inside_sam2_mask
121,5.000000,7,support_or_stretcher_candidate,20.225,60.745,500.000,506.000,557.000,527.000,rgb_edges_inside_sam2_mask
121,5.000000,8,front_leg_candidate,-67.671,60.539,424.000,485.000,401.000,541.000,rgb_edges_inside_sam2_mask
121,5.000000,9,front_leg_candidate,-67.068,56.462,468.000,376.000,446.000,428.000,rgb_edges_inside_sam2_mask
121,5.000000,10,rear_leg_candidate,80.707,55.731,543.000,389.000,552.000,444.000,rgb_edges_inside_sam2_mask
121,5.000000,11,support_or_stretcher_candidate,21.038,55.714,504.000,501.000,556.000,521.000,rgb_edges_inside_sam2_mask
121,5.000000,12,rear_leg_candidate,80.538,54.745,477.000,370.000,486.000,424.000,rgb_edges_inside_sam2_mask
121,5.000000,13,front_leg_candidate,-69.444,51.264,513.000,434.000,495.000,482.000,rgb_edges_inside_sam2_mask
121,5.000000,14,front_leg_candidate,-69.146,44.944,516.000,459.000,500.000,501.000,rgb_edges_inside_sam2_mask
121,5.000000,15,rear_leg_candidate,82.235,44.407,554.000,458.000,560.000,502.000,rgb_edges_inside_sam2_mask
121,5.000000,16,rear_leg_candidate,80.311,41.593,472.000,392.000,479.000,433.000,rgb_edges_inside_sam2_mask
121,5.000000,17,support_or_stretcher_candidate,20.225,40.497,391.000,437.000,429.000,451.000,rgb_edges_inside_sam2_mask
121,5.000000,18,front_leg_candidate,-62.103,38.471,551.000,380.000,533.000,414.000,rgb_edges_inside_sam2_mask
122,5.041667,0,front_leg_candidate,-68.979,245.326,544.000,360.000,456.000,589.000,rgb_edges_inside_sam2_mask
122,5.041667,1,rear_leg_candidate,82.295,171.549,541.000,392.000,564.000,562.000,rgb_edges_inside_sam2_mask
122,5.041667,2,front_leg_candidate,-68.102,109.932,432.000,456.000,391.000,558.000,rgb_edges_inside_sam2_mask
122,5.041667,3,front_leg_candidate,-68.860,80.411,427.000,485.000,398.000,560.000,rgb_edges_inside_sam2_mask
122,5.041667,4,front_leg_candidate,-67.203,74.847,470.000,364.000,441.000,433.000,rgb_edges_inside_sam2_mask
122,5.041667,5,rear_leg_candidate,79.479,71.197,535.000,442.000,548.000,512.000,rgb_edges_inside_sam2_mask
122,5.041667,6,front_leg_candidate,-69.146,67.417,510.000,439.000,486.000,502.000,rgb_edges_inside_sam2_mask
122,5.041667,7,front_leg_candidate,-69.944,67.067,488.000,524.000,465.000,587.000,rgb_edges_inside_sam2_mask
122,5.041667,8,rear_leg_candidate,80.838,62.801,472.000,376.000,482.000,438.000,rgb_edges_inside_sam2_mask
122,5.041667,9,front_leg_candidate,-68.749,57.940,437.000,460.000,416.000,514.000,rgb_edges_inside_sam2_mask
122,5.041667,10,rear_leg_candidate,81.085,51.624,475.000,387.000,483.000,438.000,rgb_edges_inside_sam2_mask
122,5.041667,11,support_or_stretcher_candidate,20.556,51.264,512.000,517.000,560.000,535.000,rgb_edges_inside_sam2_mask
122,5.041667,12,front_leg_candidate,-70.498,50.922,470.000,540.000,453.000,588.000,rgb_edges_inside_sam2_mask
122,5.041667,13,front_leg_candidate,-67.557,49.769,514.000,462.000,495.000,508.000,rgb_edges_inside_sam2_mask
122,5.041667,14,front_leg_candidate,-70.821,48.703,469.000,540.000,453.000,586.000,rgb_edges_inside_sam2_mask
122,5.041667,15,support_or_stretcher_candidate,21.125,47.170,502.000,506.000,546.000,523.000,rgb_edges_inside_sam2_mask
122,5.041667,16,support_or_stretcher_candidate,22.714,46.615,388.000,439.000,431.000,457.000,rgb_edges_inside_sam2_mask
122,5.041667,17,front_leg_candidate,-68.429,46.239,465.000,393.000,448.000,436.000,rgb_edges_inside_sam2_mask
122,5.041667,18,rear_leg_candidate,81.674,41.437,552.000,525.000,558.000,566.000,rgb_edges_inside_sam2_mask
122,5.041667,19,rear_leg_candidate,-82.875,40.311,544.000,361.000,539.000,401.000,rgb_edges_inside_sam2_mask
122,5.041667,20,rear_leg_candidate,77.005,40.025,467.000,398.000,476.000,437.000,rgb_edges_inside_sam2_mask
122,5.041667,21,front_leg_candidate,-67.932,39.925,533.000,412.000,518.000,449.000,rgb_edges_inside_sam2_mask
122,5.041667,22,support_or_stretcher_candidate,20.726,39.560,499.000,511.000,536.000,525.000,rgb_edges_inside_sam2_mask
122,5.041667,23,front_leg_candidate,-69.624,37.336,531.000,412.000,518.000,447.000,rgb_edges_inside_sam2_mask
122,5.041667,24,rear_leg_candidate,78.996,36.674,543.000,487.000,550.000,523.000,rgb_edges_inside_sam2_mask
122,5.041667,25,rear_leg_candidate,80.538,36.497,534.000,411.000,540.000,447.000,rgb_edges_inside_sam2_mask
122,5.041667,26,rear_leg_candidate,80.538,36.497,535.000,432.000,541.000,468.000,rgb_edges_inside_sam2_mask
122,5.041667,27,front_leg_candidate,-69.075,36.401,419.000,504.000,406.000,538.000,rgb_edges_inside_sam2_mask
123,5.083333,0,front_leg_candidate,-69.063,246.260,541.000,362.000,453.000,592.000,rgb_edges_inside_sam2_mask
123,5.083333,1,front_leg_candidate,-68.962,125.355,535.000,380.000,490.000,497.000,rgb_edges_inside_sam2_mask
123,5.083333,2,rear_leg_candidate,82.444,98.858,547.000,466.000,560.000,564.000,rgb_edges_inside_sam2_mask
123,5.083333,3,front_leg_candidate,-68.199,96.933,478.000,334.000,442.000,424.000,rgb_edges_inside_sam2_mask
123,5.083333,4,front_leg_candidate,-68.443,87.092,433.000,461.000,401.000,542.000,rgb_edges_inside_sam2_mask
123,5.083333,5,front_leg_candidate,-68.819,85.796,427.000,459.000,396.000,539.000,rgb_edges_inside_sam2_mask
123,5.083333,6,front_leg_candidate,-69.179,75.961,508.000,438.000,481.000,509.000,rgb_edges_inside_sam2_mask
123,5.083333,7,rear_leg_candidate,81.545,74.813,531.000,433.000,542.000,507.000,rgb_edges_inside_sam2_mask
123,5.083333,8,rear_leg_candidate,80.981,63.789,466.000,366.000,476.000,429.000,rgb_edges_inside_sam2_mask
123,5.083333,9,front_leg_candidate,-69.550,62.968,483.000,534.000,461.000,593.000,rgb_edges_inside_sam2_mask
123,5.083333,10,front_leg_candidate,-68.552,60.166,418.000,481.000,396.000,537.000,rgb_edges_inside_sam2_mask
123,5.083333,11,front_leg_candidate,-70.278,56.303,509.000,466.000,490.000,519.000,rgb_edges_inside_sam2_mask
123,5.083333,12,front_leg_candidate,-67.620,55.154,457.000,389.000,436.000,440.000,rgb_edges_inside_sam2_mask
123,5.083333,13,front_leg_candidate,-70.907,55.027,468.000,539.000,450.000,591.000,rgb_edges_inside_sam2_mask
123,5.083333,14,front_leg_candidate,-69.193,53.488,529.000,416.000,510.000,466.000,rgb_edges_inside_sam2_mask
123,5.083333,15,rear_leg_candidate,82.476,53.460,535.000,452.000,542.000,505.000,rgb_edges_inside_sam2_mask
123,5.083333,16,front_leg_candidate,-67.797,52.924,429.000,474.000,409.000,523.000,rgb_edges_inside_sam2_mask
123,5.083333,17,support_or_stretcher_candidate,20.956,50.329,483.000,504.000,530.000,522.000,rgb_edges_inside_sam2_mask
123,5.083333,18,rear_leg_candidate,82.875,48.374,537.000,395.000,543.000,443.000,rgb_edges_inside_sam2_mask
123,5.083333,19,support_or_stretcher_candidate,20.695,48.104,502.000,511.000,547.000,528.000,rgb_edges_inside_sam2_mask
123,5.083333,20,rear_leg_candidate,81.529,47.518,475.000,471.000,482.000,518.000,rgb_edges_inside_sam2_mask
123,5.083333,21,front_leg_candidate,-68.429,46.239,507.000,443.000,490.000,486.000,rgb_edges_inside_sam2_mask
123,5.083333,22,rear_leg_candidate,80.074,40.608,548.000,529.000,555.000,569.000,rgb_edges_inside_sam2_mask
123,5.083333,23,front_leg_candidate,-67.932,39.925,460.000,398.000,445.000,435.000,rgb_edges_inside_sam2_mask
123,5.083333,24,support_or_stretcher_candidate,22.068,39.925,421.000,539.000,458.000,554.000,rgb_edges_inside_sam2_mask
123,5.083333,25,rear_leg_candidate,80.538,36.497,531.000,415.000,537.000,451.000,rgb_edges_inside_sam2_mask
123,5.083333,26,rear_leg_candidate,80.538,36.497,480.000,457.000,486.000,493.000,rgb_edges_inside_sam2_mask
124,5.125000,0,front_leg_candidate,-69.167,241.810,537.000,369.000,451.000,595.000,rgb_edges_inside_sam2_mask
124,5.125000,1,front_leg_candidate,-68.102,109.932,429.000,466.000,388.000,568.000,rgb_edges_inside_sam2_mask
124,5.125000,2,rear_leg_candidate,83.073,107.787,543.000,457.000,556.000,564.000,rgb_edges_inside_sam2_mask
124,5.125000,3,rear_leg_candidate,82.108,101.966,528.000,438.000,542.000,539.000,rgb_edges_inside_sam2_mask
124,5.125000,4,front_leg_candidate,-68.962,83.570,412.000,489.000,382.000,567.000,rgb_edges_inside_sam2_mask
124,5.125000,5,rear_leg_candidate,82.073,79.762,540.000,494.000,551.000,573.000,rgb_edges_inside_sam2_mask
124,5.125000,6,support_or_stretcher_candidate,21.337,68.710,395.000,534.000,459.000,559.000,rgb_edges_inside_sam2_mask
124,5.125000,7,rear_leg_candidate,81.741,62.650,462.000,368.000,471.000,430.000,rgb_edges_inside_sam2_mask
124,5.125000,8,front_leg_candidate,-69.677,57.585,467.000,539.000,447.000,593.000,rgb_edges_inside_sam2_mask
124,5.125000,9,rear_leg_candidate,85.601,52.154,478.000,460.000,482.000,512.000,rgb_edges_inside_sam2_mask
124,5.125000,10,front_leg_candidate,-66.038,49.244,462.000,390.000,442.000,435.000,rgb_edges_inside_sam2_mask
124,5.125000,11,front_leg_candidate,-66.297,44.777,450.000,399.000,432.000,440.000,rgb_edges_inside_sam2_mask
124,5.125000,12,rear_leg_candidate,82.235,44.407,536.000,412.000,542.000,456.000,rgb_edges_inside_sam2_mask
124,5.125000,13,rear_leg_candidate,80.754,43.566,458.000,401.000,465.000,444.000,rgb_edges_inside_sam2_mask
124,5.125000,14,front_leg_candidate,-68.199,43.081,474.000,556.000,458.000,596.000,rgb_edges_inside_sam2_mask
124,5.125000,15,front_leg_candidate,-69.444,42.720,467.000,542.000,452.000,582.000,rgb_edges_inside_sam2_mask
124,5.125000,16,rear_leg_candidate,81.674,41.437,471.000,476.000,477.000,517.000,rgb_edges_inside_sam2_mask
124,5.125000,17,front_leg_candidate,-67.932,39.925,526.000,419.000,511.000,456.000,rgb_edges_inside_sam2_mask
124,5.125000,18,support_or_stretcher_candidate,22.068,39.925,421.000,539.000,458.000,554.000,rgb_edges_inside_sam2_mask
124,5.125000,19,front_leg_candidate,-67.932,39.925,500.000,455.000,485.000,492.000,rgb_edges_inside_sam2_mask
124,5.125000,20,rear_leg_candidate,-88.531,39.013,535.000,371.000,534.000,410.000,rgb_edges_inside_sam2_mask
124,5.125000,21,front_leg_candidate,-67.380,39.000,508.000,468.000,493.000,504.000,rgb_edges_inside_sam2_mask
124,5.125000,22,front_leg_candidate,-69.075,36.401,498.000,493.000,485.000,527.000,rgb_edges_inside_sam2_mask
124,5.125000,23,front_leg_candidate,-69.075,36.401,526.000,420.000,513.000,454.000,rgb_edges_inside_sam2_mask
125,5.166667,0,front_leg_candidate,-68.911,239.008,534.000,376.000,448.000,599.000,rgb_edges_inside_sam2_mask
125,5.166667,1,front_leg_candidate,-69.237,194.641,535.000,391.000,466.000,573.000,rgb_edges_inside_sam2_mask
125,5.166667,2,rear_leg_candidate,82.972,147.105,535.000,428.000,553.000,574.000,rgb_edges_inside_sam2_mask
125,5.166667,3,front_leg_candidate,-69.063,123.130,500.000,485.000,456.000,600.000,rgb_edges_inside_sam2_mask
125,5.166667,4,front_leg_candidate,-69.146,112.361,535.000,371.000,495.000,476.000,rgb_edges_inside_sam2_mask
125,5.166667,5,rear_leg_candidate,83.019,98.732,535.000,478.000,547.000,576.000,rgb_edges_inside_sam2_mask
125,5.166667,6,rear_leg_candidate,82.288,96.876,526.000,443.000,539.000,539.000,rgb_edges_inside_sam2_mask
125,5.166667,7,front_leg_candidate,-68.318,89.320,411.000,488.000,378.000,571.000,rgb_edges_inside_sam2_mask
125,5.166667,8,support_or_stretcher_candidate,20.886,81.345,394.000,534.000,470.000,563.000,rgb_edges_inside_sam2_mask
125,5.166667,9,front_leg_candidate,-68.908,75.027,414.000,497.000,387.000,567.000,rgb_edges_inside_sam2_mask
125,5.166667,10,support_or_stretcher_candidate,20.746,70.576,391.000,537.000,457.000,562.000,rgb_edges_inside_sam2_mask
125,5.166667,11,front_leg_candidate,-68.962,69.642,534.000,393.000,509.000,458.000,rgb_edges_inside_sam2_mask
125,5.166667,12,support_or_stretcher_candidate,20.854,67.417,394.000,539.000,457.000,563.000,rgb_edges_inside_sam2_mask
125,5.166667,13,front_leg_candidate,-68.199,59.237,406.000,517.000,384.000,572.000,rgb_edges_inside_sam2_mask
125,5.166667,14,rear_leg_candidate,83.118,58.421,546.000,510.000,553.000,568.000,rgb_edges_inside_sam2_mask
125,5.166667,15,front_leg_candidate,-67.457,57.385,451.000,389.000,429.000,442.000,rgb_edges_inside_sam2_mask
125,5.166667,16,front_leg_candidate,-69.326,56.648,466.000,542.000,446.000,595.000,rgb_edges_inside_sam2_mask
125,5.166667,17,front_leg_candidate,-69.567,54.424,502.000,445.000,483.000,496.000,rgb_edges_inside_sam2_mask
125,5.166667,18,rear_leg_candidate,82.333,52.469,462.000,397.000,469.000,449.000,rgb_edges_inside_sam2_mask
125,5.166667,19,rear_leg_candidate,80.134,46.690,465.000,476.000,473.000,522.000,rgb_edges_inside_sam2_mask
125,5.166667,20,rear_leg_candidate,78.440,44.911,454.000,404.000,463.000,448.000,rgb_edges_inside_sam2_mask
125,5.166667,21,front_leg_candidate,-66.297,44.777,422.000,462.000,404.000,503.000,rgb_edges_inside_sam2_mask
125,5.166667,22,front_leg_candidate,-71.147,43.324,426.000,463.000,412.000,504.000,rgb_edges_inside_sam2_mask
125,5.166667,23,rear_leg_candidate,83.211,42.297,533.000,415.000,538.000,457.000,rgb_edges_inside_sam2_mask
125,5.166667,24,front_leg_candidate,-68.459,40.853,452.000,404.000,437.000,442.000,rgb_edges_inside_sam2_mask
125,5.166667,25,rear_leg_candidate,82.875,40.311,526.000,418.000,531.000,458.000,rgb_edges_inside_sam2_mask
125,5.166667,26,front_leg_candidate,-68.199,37.696,503.000,447.000,489.000,482.000,rgb_edges_inside_sam2_mask
126,5.208333,0,front_leg_candidate,-69.934,177.792,532.000,373.000,471.000,540.000,rgb_edges_inside_sam2_mask
126,5.208333,1,front_leg_candidate,-69.740,158.827,502.000,454.000,447.000,603.000,rgb_edges_inside_sam2_mask
126,5.208333,2,rear_leg_candidate,82.875,128.996,535.000,451.000,551.000,579.000,rgb_edges_inside_sam2_mask
126,5.208333,3,front_leg_candidate,-67.647,115.694,467.000,345.000,423.000,452.000,rgb_edges_inside_sam2_mask
126,5.208333,4,front_leg_candidate,-69.212,115.521,416.000,469.000,375.000,577.000,rgb_edges_inside_sam2_mask
126,5.208333,5,front_leg_candidate,-69.034,114.586,422.000,470.000,381.000,577.000,rgb_edges_inside_sam2_mask
126,5.208333,6,rear_leg_candidate,82.648,93.771,533.000,486.000,545.000,579.000,rgb_edges_inside_sam2_mask
126,5.208333,7,front_leg_candidate,-70.346,89.196,474.000,516.000,444.000,600.000,rgb_edges_inside_sam2_mask
126,5.208333,8,rear_leg_candidate,82.405,75.664,526.000,462.000,536.000,537.000,rgb_edges_inside_sam2_mask
126,5.208333,9,rear_leg_candidate,83.157,75.538,532.000,479.000,541.000,554.000,rgb_edges_inside_sam2_mask
126,5.208333,10,support_or_stretcher_candidate,21.161,66.483,389.000,537.000,451.000,561.000,rgb_edges_inside_sam2_mask
126,5.208333,11,front_leg_candidate,-71.003,64.514,523.000,416.000,502.000,477.000,rgb_edges_inside_sam2_mask
126,5.208333,12,rear_leg_candidate,82.648,62.514,527.000,476.000,535.000,538.000,rgb_edges_inside_sam2_mask
126,5.208333,13,rear_leg_candidate,82.405,60.531,527.000,397.000,535.000,457.000,rgb_edges_inside_sam2_mask
126,5.208333,14,rear_leg_candidate,83.234,59.414,533.000,436.000,540.000,495.000,rgb_edges_inside_sam2_mask
126,5.208333,15,front_leg_candidate,-70.278,56.303,499.000,449.000,480.000,502.000,rgb_edges_inside_sam2_mask
126,5.208333,16,rear_leg_candidate,-79.695,55.902,532.000,375.000,522.000,430.000,rgb_edges_inside_sam2_mask
126,5.208333,17,rear_leg_candidate,82.030,50.488,522.000,418.000,529.000,468.000,rgb_edges_inside_sam2_mask
126,5.208333,18,front_leg_candidate,-69.044,50.329,473.000,556.000,455.000,603.000,rgb_edges_inside_sam2_mask
126,5.208333,19,front_leg_candidate,-68.199,43.081,407.000,491.000,391.000,531.000,rgb_edges_inside_sam2_mask
126,5.208333,20,rear_leg_candidate,81.870,42.426,457.000,400.000,463.000,442.000,rgb_edges_inside_sam2_mask
126,5.208333,21,rear_leg_candidate,79.824,39.623,461.000,480.000,468.000,519.000,rgb_edges_inside_sam2_mask
126,5.208333,22,front_leg_candidate,-69.274,39.560,493.000,501.000,479.000,538.000,rgb_edges_inside_sam2_mask
126,5.208333,23,rear_leg_candidate,81.027,38.471,457.000,399.000,463.000,437.000,rgb_edges_inside_sam2_mask
126,5.208333,24,front_leg_candidate,-69.624,37.336,447.000,410.000,434.000,445.000,rgb_edges_inside_sam2_mask
126,5.208333,25,rear_leg_candidate,80.538,36.497,462.000,480.000,468.000,516.000,rgb_edges_inside_sam2_mask
126,5.208333,26,front_leg_candidate,-69.075,36.401,421.000,475.000,408.000,509.000,rgb_edges_inside_sam2_mask
127,5.250000,0,front_leg_candidate,-70.077,243.578,529.000,377.000,446.000,606.000,rgb_edges_inside_sam2_mask
127,5.250000,1,front_leg_candidate,-70.058,240.416,529.000,379.000,447.000,605.000,rgb_edges_inside_sam2_mask
127,5.250000,2,front_leg_candidate,-70.174,156.263,529.000,399.000,476.000,546.000,rgb_edges_inside_sam2_mask
127,5.250000,3,rear_leg_candidate,82.185,102.956,520.000,441.000,534.000,543.000,rgb_edges_inside_sam2_mask
127,5.250000,4,rear_leg_candidate,83.224,101.710,536.000,479.000,548.000,580.000,rgb_edges_inside_sam2_mask
127,5.250000,5,front_leg_candidate,-68.199,96.933,415.000,469.000,379.000,559.000,rgb_edges_inside_sam2_mask
127,5.250000,6,rear_leg_candidate,82.208,95.885,530.000,487.000,543.000,582.000,rgb_edges_inside_sam2_mask
127,5.250000,7,rear_leg_candidate,82.725,94.763,528.000,422.000,540.000,516.000,rgb_edges_inside_sam2_mask
127,5.250000,8,front_leg_candidate,-67.694,84.309,422.000,470.000,390.000,548.000,rgb_edges_inside_sam2_mask
127,5.250000,9,front_leg_candidate,-68.334,78.549,407.000,508.000,378.000,581.000,rgb_edges_inside_sam2_mask
127,5.250000,10,rear_leg_candidate,80.166,76.118,449.000,381.000,462.000,456.000,rgb_edges_inside_sam2_mask
127,5.250000,11,front_leg_candidate,-67.126,69.462,446.000,391.000,419.000,455.000,rgb_edges_inside_sam2_mask
127,5.250000,12,front_leg_candidate,-70.907,55.027,497.000,453.000,479.000,505.000,rgb_edges_inside_sam2_mask
127,5.250000,13,rear_leg_candidate,81.254,52.612,457.000,483.000,465.000,535.000,rgb_edges_inside_sam2_mask
127,5.250000,14,front_leg_candidate,-68.806,52.555,477.000,545.000,458.000,594.000,rgb_edges_inside_sam2_mask
127,5.250000,15,front_leg_candidate,-71.565,50.596,467.000,534.000,451.000,582.000,rgb_edges_inside_sam2_mask
127,5.250000,16,front_leg_candidate,-70.821,48.703,471.000,525.000,455.000,571.000,rgb_edges_inside_sam2_mask
127,5.250000,17,front_leg_candidate,-69.590,45.880,444.000,412.000,428.000,455.000,rgb_edges_inside_sam2_mask
127,5.250000,18,front_leg_candidate,-73.301,41.761,455.000,565.000,443.000,605.000,rgb_edges_inside_sam2_mask
127,5.250000,19,front_leg_candidate,-70.641,39.217,382.000,540.000,369.000,577.000,rgb_edges_inside_sam2_mask
127,5.250000,20,rear_leg_candidate,81.027,38.471,458.000,484.000,464.000,522.000,rgb_edges_inside_sam2_mask
127,5.250000,21,front_leg_candidate,-70.145,38.275,518.000,428.000,505.000,464.000,rgb_edges_inside_sam2_mask
127,5.250000,22,rear_leg_candidate,80.789,37.483,520.000,427.000,526.000,464.000,rgb_edges_inside_sam2_mask
127,5.250000,23,front_leg_candidate,-67.620,36.770,385.000,546.000,371.000,580.000,rgb_edges_inside_sam2_mask
128,5.291667,0,front_leg_candidate,-70.994,190.379,516.000,430.000,454.000,610.000,rgb_edges_inside_sam2_mask
128,5.291667,1,rear_leg_candidate,82.250,170.558,524.000,411.000,547.000,580.000,rgb_edges_inside_sam2_mask
128,5.291667,2,front_leg_candidate,-70.317,130.633,490.000,487.000,446.000,610.000,rgb_edges_inside_sam2_mask
128,5.291667,3,front_leg_candidate,-70.058,120.208,411.000,472.000,370.000,585.000,rgb_edges_inside_sam2_mask
128,5.291667,4,front_leg_candidate,-70.382,107.224,527.000,380.000,491.000,481.000,rgb_edges_inside_sam2_mask
128,5.291667,5,front_leg_candidate,-69.007,92.114,450.000,373.000,417.000,459.000,rgb_edges_inside_sam2_mask
128,5.291667,6,rear_leg_candidate,82.147,87.824,518.000,444.000,530.000,531.000,rgb_edges_inside_sam2_mask
128,5.291667,7,front_leg_candidate,-69.605,83.217,398.000,507.000,369.000,585.000,rgb_edges_inside_sam2_mask
128,5.291667,8,rear_leg_candidate,82.694,78.638,528.000,487.000,538.000,565.000,rgb_edges_inside_sam2_mask
128,5.291667,9,front_leg_candidate,-70.641,78.435,468.000,534.000,442.000,608.000,rgb_edges_inside_sam2_mask
128,5.291667,10,rear_leg_candidate,81.119,64.777,448.000,395.000,458.000,459.000,rgb_edges_inside_sam2_mask
128,5.291667,11,front_leg_candidate,-70.615,57.245,495.000,457.000,476.000,511.000,rgb_edges_inside_sam2_mask
128,5.291667,12,front_leg_candidate,-69.567,54.424,493.000,478.000,474.000,529.000,rgb_edges_inside_sam2_mask
128,5.291667,13,rear_leg_candidate,79.992,51.788,454.000,487.000,463.000,538.000,rgb_edges_inside_sam2_mask
128,5.291667,14,front_leg_candidate,-68.405,51.624,403.000,516.000,384.000,564.000,rgb_edges_inside_sam2_mask
128,5.291667,15,front_leg_candidate,-66.949,51.078,395.000,539.000,375.000,586.000,rgb_edges_inside_sam2_mask
128,5.291667,16,front_leg_candidate,-69.590,45.880,441.000,415.000,425.000,458.000,rgb_edges_inside_sam2_mask
128,5.291667,17,rear_leg_candidate,83.660,45.277,535.000,536.000,540.000,581.000,rgb_edges_inside_sam2_mask
128,5.291667,18,front_leg_candidate,-71.147,43.324,416.000,477.000,402.000,518.000,rgb_edges_inside_sam2_mask
128,5.291667,19,front_leg_candidate,-71.565,41.110,381.000,540.000,368.000,579.000,rgb_edges_inside_sam2_mask
128,5.291667,20,support_or_stretcher_candidate,20.225,40.497,505.000,540.000,543.000,554.000,rgb_edges_inside_sam2_mask
128,5.291667,21,front_leg_candidate,-69.775,40.497,501.000,455.000,487.000,493.000,rgb_edges_inside_sam2_mask
128,5.291667,22,front_leg_candidate,-76.329,38.079,527.000,395.000,518.000,432.000,rgb_edges_inside_sam2_mask
128,5.291667,23,front_leg_candidate,-68.199,37.696,414.000,486.000,400.000,521.000,rgb_edges_inside_sam2_mask
129,5.333333,0,rear_leg_candidate,82.147,204.922,517.000,381.000,545.000,584.000,rgb_edges_inside_sam2_mask
129,5.333333,1,front_leg_candidate,-71.796,156.850,497.000,463.000,448.000,612.000,rgb_edges_inside_sam2_mask
129,5.333333,2,front_leg_candidate,-71.816,144.201,525.000,379.000,480.000,516.000,rgb_edges_inside_sam2_mask
129,5.333333,3,rear_leg_candidate,81.983,143.402,524.000,428.000,544.000,570.000,rgb_edges_inside_sam2_mask
129,5.333333,4,front_leg_candidate,-71.307,140.407,489.000,475.000,444.000,608.000,rgb_edges_inside_sam2_mask
129,5.333333,5,front_leg_candidate,-71.966,135.665,497.000,485.000,455.000,614.000,rgb_edges_inside_sam2_mask
129,5.333333,6,front_leg_candidate,-70.278,112.606,413.000,484.000,375.000,590.000,rgb_edges_inside_sam2_mask
129,5.333333,7,rear_leg_candidate,83.019,98.732,517.000,449.000,529.000,547.000,rgb_edges_inside_sam2_mask
129,5.333333,8,front_leg_candidate,-68.962,83.570,443.000,385.000,413.000,463.000,rgb_edges_inside_sam2_mask
129,5.333333,9,front_leg_candidate,-68.962,83.570,409.000,479.000,379.000,557.000,rgb_edges_inside_sam2_mask
129,5.333333,10,rear_leg_candidate,81.656,75.802,526.000,489.000,537.000,564.000,rgb_edges_inside_sam2_mask
129,5.333333,11,front_leg_candidate,-69.538,71.512,411.000,489.000,386.000,556.000,rgb_edges_inside_sam2_mask
129,5.333333,12,front_leg_candidate,-69.228,62.032,398.000,508.000,376.000,566.000,rgb_edges_inside_sam2_mask
129,5.333333,13,front_leg_candidate,-69.228,62.032,524.000,412.000,502.000,470.000,rgb_edges_inside_sam2_mask
129,5.333333,14,rear_leg_candidate,82.278,59.540,531.000,527.000,539.000,586.000,rgb_edges_inside_sam2_mask
129,5.333333,15,front_leg_candidate,-72.255,52.498,464.000,561.000,448.000,611.000,rgb_edges_inside_sam2_mask
129,5.333333,16,rear_leg_candidate,82.185,51.478,459.000,490.000,466.000,541.000,rgb_edges_inside_sam2_mask
129,5.333333,17,front_leg_candidate,-71.200,49.649,381.000,541.000,365.000,588.000,rgb_edges_inside_sam2_mask
129,5.333333,18,front_leg_candidate,-70.145,38.275,502.000,438.000,489.000,474.000,rgb_edges_inside_sam2_mask
129,5.333333,19,rear_leg_candidate,-88.493,38.013,523.000,387.000,522.000,425.000,rgb_edges_inside_sam2_mask
129,5.333333,20,front_leg_candidate,-69.075,36.401,444.000,402.000,431.000,436.000,rgb_edges_inside_sam2_mask
130,5.375000,0,front_leg_candidate,-72.157,244.773,523.000,383.000,448.000,616.000,rgb_edges_inside_sam2_mask
130,5.375000,1,front_leg_candidate,-72.023,197.649,523.000,386.000,462.000,574.000,rgb_edges_inside_sam2_mask
130,5.375000,2,front_leg_candidate,-72.140,189.114,513.000,437.000,455.000,617.000,rgb_edges_inside_sam2_mask
130,5.375000,3,rear_leg_candidate,82.023,158.534,522.000,429.000,544.000,586.000,rgb_edges_inside_sam2_mask
130,5.375000,4,front_leg_candidate,-71.089,114.162,404.000,486.000,367.000,594.000,rgb_edges_inside_sam2_mask
130,5.375000,5,rear_leg_candidate,81.941,114.127,528.000,468.000,544.000,581.000,rgb_edges_inside_sam2_mask
130,5.375000,6,front_leg_candidate,-70.925,113.217,449.000,359.000,412.000,466.000,rgb_edges_inside_sam2_mask
130,5.375000,7,front_leg_candidate,-71.075,111.000,411.000,487.000,375.000,592.000,rgb_edges_inside_sam2_mask
130,5.375000,8,rear_leg_candidate,81.703,97.015,525.000,492.000,539.000,588.000,rgb_edges_inside_sam2_mask
130,5.375000,9,front_leg_candidate,-72.848,84.770,469.000,533.000,444.000,614.000,rgb_edges_inside_sam2_mask
130,5.375000,10,rear_leg_candidate,82.694,78.638,516.000,455.000,526.000,533.000,rgb_edges_inside_sam2_mask
130,5.375000,11,front_leg_candidate,-71.003,64.514,404.000,506.000,383.000,567.000,rgb_edges_inside_sam2_mask
130,5.375000,12,rear_leg_candidate,80.538,60.828,451.000,503.000,461.000,563.000,rgb_edges_inside_sam2_mask
130,5.375000,13,front_leg_candidate,-73.393,59.481,490.000,467.000,473.000,524.000,rgb_edges_inside_sam2_mask
130,5.375000,14,rear_leg_candidate,82.147,58.549,522.000,498.000,530.000,556.000,rgb_edges_inside_sam2_mask
130,5.375000,15,front_leg_candidate,-72.525,56.613,491.000,469.000,474.000,523.000,rgb_edges_inside_sam2_mask
130,5.375000,16,front_leg_candidate,-72.255,52.498,380.000,542.000,364.000,592.000,rgb_edges_inside_sam2_mask
130,5.375000,17,rear_leg_candidate,78.906,51.971,456.000,495.000,466.000,546.000,rgb_edges_inside_sam2_mask
130,5.375000,18,front_leg_candidate,-72.350,46.174,434.000,422.000,420.000,466.000,rgb_edges_inside_sam2_mask
130,5.375000,19,rear_leg_candidate,-79.461,43.738,521.000,403.000,513.000,446.000,rgb_edges_inside_sam2_mask
130,5.375000,20,front_leg_candidate,-71.147,43.324,404.000,487.000,390.000,528.000,rgb_edges_inside_sam2_mask
130,5.375000,21,rear_leg_candidate,76.608,43.174,436.000,422.000,446.000,464.000,rgb_edges_inside_sam2_mask
130,5.375000,22,rear_leg_candidate,80.311,41.593,435.000,422.000,442.000,463.000,rgb_edges_inside_sam2_mask
130,5.375000,23,rear_leg_candidate,78.408,39.812,515.000,440.000,523.000,479.000,rgb_edges_inside_sam2_mask
131,5.416667,0,front_leg_candidate,-72.828,243.871,521.000,386.000,449.000,619.000,rgb_edges_inside_sam2_mask
131,5.416667,1,rear_leg_candidate,81.922,156.554,521.000,433.000,543.000,588.000,rgb_edges_inside_sam2_mask
131,5.416667,2,front_leg_candidate,-73.020,136.971,496.000,489.000,456.000,620.000,rgb_edges_inside_sam2_mask
131,5.416667,3,front_leg_candidate,-72.897,136.015,497.000,489.000,457.000,619.000,rgb_edges_inside_sam2_mask
131,5.416667,4,front_leg_candidate,-72.165,120.806,404.000,481.000,367.000,596.000,rgb_edges_inside_sam2_mask
131,5.416667,5,front_leg_candidate,-70.925,113.217,446.000,362.000,409.000,469.000,rgb_edges_inside_sam2_mask
131,5.416667,6,rear_leg_candidate,82.030,100.975,512.000,439.000,526.000,539.000,rgb_edges_inside_sam2_mask
131,5.416667,7,front_leg_candidate,-71.012,98.351,412.000,483.000,380.000,576.000,rgb_edges_inside_sam2_mask
131,5.416667,8,rear_leg_candidate,81.254,92.071,524.000,496.000,538.000,587.000,rgb_edges_inside_sam2_mask
131,5.416667,9,rear_leg_candidate,81.203,85.000,525.000,506.000,538.000,590.000,rgb_edges_inside_sam2_mask
131,5.416667,10,rear_leg_candidate,78.845,72.367,446.000,499.000,460.000,570.000,rgb_edges_inside_sam2_mask
131,5.416667,11,front_leg_candidate,-72.350,69.260,500.000,441.000,479.000,507.000,rgb_edges_inside_sam2_mask
131,5.416667,12,front_leg_candidate,-72.387,66.098,470.000,537.000,450.000,600.000,rgb_edges_inside_sam2_mask
131,5.416667,13,front_leg_candidate,-71.288,65.460,438.000,407.000,417.000,469.000,rgb_edges_inside_sam2_mask
131,5.416667,14,rear_leg_candidate,79.939,62.968,438.000,406.000,449.000,468.000,rgb_edges_inside_sam2_mask
131,5.416667,15,front_leg_candidate,-72.525,56.613,463.000,561.000,446.000,615.000,rgb_edges_inside_sam2_mask
131,5.416667,16,rear_leg_candidate,79.695,55.902,454.000,498.000,464.000,553.000,rgb_edges_inside_sam2_mask
131,5.416667,17,rear_leg_candidate,-87.797,52.038,521.000,377.000,519.000,429.000,rgb_edges_inside_sam2_mask
131,5.416667,18,rear_leg_candidate,-78.232,49.031,522.000,400.000,512.000,448.000,rgb_edges_inside_sam2_mask
131,5.416667,19,rear_leg_candidate,82.235,44.407,537.000,538.000,543.000,582.000,rgb_edges_inside_sam2_mask
131,5.416667,20,rear_leg_candidate,81.674,41.437,520.000,429.000,526.000,470.000,rgb_edges_inside_sam2_mask
131,5.416667,21,front_leg_candidate,-73.856,39.560,380.000,540.000,369.000,578.000,rgb_edges_inside_sam2_mask
131,5.416667,22,front_leg_candidate,-68.199,37.696,386.000,563.000,372.000,598.000,rgb_edges_inside_sam2_mask
131,5.416667,23,front_leg_candidate,-74.476,37.363,511.000,441.000,501.000,477.000,rgb_edges_inside_sam2_mask
131,5.416667,24,front_leg_candidate,-69.624,37.336,487.000,487.000,474.000,522.000,rgb_edges_inside_sam2_mask
132,5.458333,0,front_leg_candidate,-73.926,184.201,517.000,395.000,466.000,572.000,rgb_edges_inside_sam2_mask
132,5.458333,1,rear_leg_candidate,81.045,167.036,517.000,420.000,543.000,585.000,rgb_edges_inside_sam2_mask
132,5.458333,2,front_leg_candidate,-74.113,135.163,496.000,491.000,459.000,621.000,rgb_edges_inside_sam2_mask
132,5.458333,3,front_leg_candidate,-71.715,121.116,410.000,486.000,372.000,601.000,rgb_edges_inside_sam2_mask
132,5.458333,4,front_leg_candidate,-72.165,120.806,403.000,485.000,366.000,600.000,rgb_edges_inside_sam2_mask
132,5.458333,5,rear_leg_candidate,81.254,105.224,527.000,485.000,543.000,589.000,rgb_edges_inside_sam2_mask
132,5.458333,6,rear_leg_candidate,81.787,98.005,511.000,442.000,525.000,539.000,rgb_edges_inside_sam2_mask
132,5.458333,7,rear_leg_candidate,82.042,93.904,524.000,499.000,537.000,592.000,rgb_edges_inside_sam2_mask
132,5.458333,8,rear_leg_candidate,80.106,87.298,450.000,489.000,465.000,575.000,rgb_edges_inside_sam2_mask
132,5.458333,9,front_leg_candidate,-74.332,85.165,470.000,538.000,447.000,620.000,rgb_edges_inside_sam2_mask
132,5.458333,10,front_leg_candidate,-72.688,80.654,439.000,395.000,415.000,472.000,rgb_edges_inside_sam2_mask
132,5.458333,11,front_leg_candidate,-73.836,71.840,471.000,552.000,451.000,621.000,rgb_edges_inside_sam2_mask
132,5.458333,12,rear_leg_candidate,80.942,69.871,447.000,510.000,458.000,579.000,rgb_edges_inside_sam2_mask
132,5.458333,13,front_leg_candidate,-73.706,67.720,519.000,392.000,500.000,457.000,rgb_edges_inside_sam2_mask
132,5.458333,14,rear_leg_candidate,81.995,64.630,523.000,496.000,532.000,560.000,rgb_edges_inside_sam2_mask
132,5.458333,15,front_leg_candidate,-71.878,57.871,381.000,541.000,363.000,596.000,rgb_edges_inside_sam2_mask
132,5.458333,16,front_leg_candidate,-70.201,53.141,426.000,419.000,408.000,469.000,rgb_edges_inside_sam2_mask
132,5.458333,17,front_leg_candidate,-70.866,51.865,434.000,394.000,417.000,443.000,rgb_edges_inside_sam2_mask
132,5.458333,18,front_leg_candidate,-73.887,46.840,488.000,481.000,475.000,526.000,rgb_edges_inside_sam2_mask
132,5.458333,19,front_leg_candidate,-74.249,40.522,474.000,543.000,463.000,582.000,rgb_edges_inside_sam2_mask
132,5.458333,20,front_leg_candidate,-75.619,40.262,440.000,394.000,430.000,433.000,rgb_edges_inside_sam2_mask
132,5.458333,21,rear_leg_candidate,80.538,36.497,514.000,444.000,520.000,480.000,rgb_edges_inside_sam2_mask
133,5.500000,0,front_leg_candidate,-74.087,244.364,519.000,390.000,452.000,625.000,rgb_edges_inside_sam2_mask
133,5.500000,1,front_leg_candidate,-74.141,182.964,499.000,443.000,449.000,619.000,rgb_edges_inside_sam2_mask
133,5.500000,2,front_leg_candidate,-74.103,164.283,504.000,467.000,459.000,625.000,rgb_edges_inside_sam2_mask
133,5.500000,3,rear_leg_candidate,81.198,156.847,518.000,435.000,542.000,590.000,rgb_edges_inside_sam2_mask
133,5.500000,4,rear_leg_candidate,80.969,152.895,518.000,434.000,542.000,585.000,rgb_edges_inside_sam2_mask
133,5.500000,5,front_leg_candidate,-74.268,147.526,510.000,443.000,470.000,585.000,rgb_edges_inside_sam2_mask
133,5.500000,6,front_leg_candidate,-72.165,120.806,402.000,488.000,365.000,603.000,rgb_edges_inside_sam2_mask
133,5.500000,7,front_leg_candidate,-72.933,119.252,408.000,489.000,373.000,603.000,rgb_edges_inside_sam2_mask
133,5.500000,8,rear_leg_candidate,80.633,98.311,509.000,442.000,525.000,539.000,rgb_edges_inside_sam2_mask
133,5.500000,9,rear_leg_candidate,79.824,79.246,448.000,492.000,462.000,570.000,rgb_edges_inside_sam2_mask
133,5.500000,10,rear_leg_candidate,79.287,75.313,441.000,494.000,455.000,568.000,rgb_edges_inside_sam2_mask
133,5.500000,11,rear_leg_candidate,80.538,72.993,522.000,498.000,534.000,570.000,rgb_edges_inside_sam2_mask
133,5.500000,12,rear_leg_candidate,79.992,69.051,526.000,525.000,538.000,593.000,rgb_edges_inside_sam2_mask
133,5.500000,13,front_leg_candidate,-72.150,61.984,438.000,396.000,419.000,455.000,rgb_edges_inside_sam2_mask
133,5.500000,14,front_leg_candidate,-70.942,58.189,424.000,420.000,405.000,475.000,rgb_edges_inside_sam2_mask
133,5.500000,15,front_leg_candidate,-71.565,56.921,434.000,388.000,416.000,442.000,rgb_edges_inside_sam2_mask
133,5.500000,16,rear_leg_candidate,79.695,55.902,446.000,516.000,456.000,571.000,rgb_edges_inside_sam2_mask
133,5.500000,17,rear_leg_candidate,80.181,52.773,435.000,420.000,444.000,472.000,rgb_edges_inside_sam2_mask
133,5.500000,18,front_leg_candidate,-72.255,52.498,378.000,551.000,362.000,601.000,rgb_edges_inside_sam2_mask
133,5.500000,19,rear_leg_candidate,81.158,45.541,517.000,493.000,524.000,538.000,rgb_edges_inside_sam2_mask
133,5.500000,20,rear_leg_candidate,83.660,45.277,440.000,494.000,445.000,539.000,rgb_edges_inside_sam2_mask
133,5.500000,21,rear_leg_candidate,78.408,39.812,512.000,443.000,520.000,482.000,rgb_edges_inside_sam2_mask
133,5.500000,22,rear_leg_candidate,78.996,36.674,431.000,436.000,438.000,472.000,rgb_edges_inside_sam2_mask
134,5.541667,0,front_leg_candidate,-74.851,237.245,516.000,397.000,454.000,626.000,rgb_edges_inside_sam2_mask
134,5.541667,1,front_leg_candidate,-74.951,219.529,518.000,415.000,461.000,627.000,rgb_edges_inside_sam2_mask
134,5.541667,2,rear_leg_candidate,80.942,209.614,509.000,384.000,542.000,591.000,rgb_edges_inside_sam2_mask
134,5.541667,3,front_leg_candidate,-74.989,185.324,498.000,445.000,450.000,624.000,rgb_edges_inside_sam2_mask
134,5.541667,4,front_leg_candidate,-72.759,121.458,401.000,490.000,365.000,606.000,rgb_edges_inside_sam2_mask
134,5.541667,5,front_leg_candidate,-73.720,117.720,407.000,491.000,374.000,604.000,rgb_edges_inside_sam2_mask
134,5.541667,6,front_leg_candidate,-73.974,97.801,400.000,512.000,373.000,606.000,rgb_edges_inside_sam2_mask
134,5.541667,7,rear_leg_candidate,81.158,91.082,522.000,503.000,536.000,593.000,rgb_edges_inside_sam2_mask
134,5.541667,8,rear_leg_candidate,80.961,89.107,510.000,451.000,524.000,539.000,rgb_edges_inside_sam2_mask
134,5.541667,9,front_leg_candidate,-73.045,85.726,437.000,395.000,412.000,477.000,rgb_edges_inside_sam2_mask
134,5.541667,10,rear_leg_candidate,79.114,79.429,443.000,512.000,458.000,590.000,rgb_edges_inside_sam2_mask
134,5.541667,11,front_leg_candidate,-72.512,76.538,432.000,388.000,409.000,461.000,rgb_edges_inside_sam2_mask
134,5.541667,12,front_leg_candidate,-75.411,75.432,518.000,410.000,499.000,483.000,rgb_edges_inside_sam2_mask
134,5.541667,13,rear_leg_candidate,79.216,64.133,431.000,411.000,443.000,474.000,rgb_edges_inside_sam2_mask
134,5.541667,14,front_leg_candidate,-74.427,63.325,380.000,542.000,363.000,603.000,rgb_edges_inside_sam2_mask
134,5.541667,15,rear_leg_candidate,79.778,61.984,449.000,511.000,460.000,572.000,rgb_edges_inside_sam2_mask
134,5.541667,16,rear_leg_candidate,81.469,60.671,533.000,529.000,542.000,589.000,rgb_edges_inside_sam2_mask
134,5.541667,17,front_leg_candidate,-75.466,55.785,501.000,436.000,487.000,490.000,rgb_edges_inside_sam2_mask
134,5.541667,18,rear_leg_candidate,76.908,44.147,427.000,431.000,437.000,474.000,rgb_edges_inside_sam2_mask
134,5.541667,19,rear_leg_candidate,79.461,43.738,511.000,443.000,519.000,486.000,rgb_edges_inside_sam2_mask
134,5.541667,20,rear_leg_candidate,78.959,41.773,446.000,531.000,454.000,572.000,rgb_edges_inside_sam2_mask
134,5.541667,21,rear_leg_candidate,80.074,40.608,437.000,499.000,444.000,539.000,rgb_edges_inside_sam2_mask
134,5.541667,22,front_leg_candidate,-72.031,38.897,416.000,441.000,404.000,478.000,rgb_edges_inside_sam2_mask
135,5.583333,0,front_leg_candidate,-75.805,175.354,500.000,454.000,457.000,624.000,rgb_edges_inside_sam2_mask
135,5.583333,1,rear_leg_candidate,81.064,160.953,517.000,440.000,542.000,599.000,rgb_edges_inside_sam2_mask
135,5.583333,2,front_leg_candidate,-75.235,133.405,501.000,479.000,467.000,608.000,rgb_edges_inside_sam2_mask
135,5.583333,3,front_leg_candidate,-75.324,130.250,484.000,500.000,451.000,626.000,rgb_edges_inside_sam2_mask
135,5.583333,4,rear_leg_candidate,80.929,120.507,524.000,480.000,543.000,599.000,rgb_edges_inside_sam2_mask
135,5.583333,5,front_leg_candidate,-74.320,118.406,399.000,492.000,367.000,606.000,rgb_edges_inside_sam2_mask
135,5.583333,6,front_leg_candidate,-72.708,111.018,436.000,370.000,403.000,476.000,rgb_edges_inside_sam2_mask
135,5.583333,7,rear_leg_candidate,80.256,100.449,508.000,450.000,525.000,549.000,rgb_edges_inside_sam2_mask
135,5.583333,8,rear_leg_candidate,80.838,94.202,521.000,501.000,536.000,594.000,rgb_edges_inside_sam2_mask
135,5.583333,9,front_leg_candidate,-74.908,92.179,486.000,539.000,462.000,628.000,rgb_edges_inside_sam2_mask
135,5.583333,10,front_leg_candidate,-74.407,89.286,507.000,414.000,483.000,500.000,rgb_edges_inside_sam2_mask
135,5.583333,11,front_leg_candidate,-76.149,75.186,514.000,400.000,496.000,473.000,rgb_edges_inside_sam2_mask
135,5.583333,12,front_leg_candidate,-75.964,74.216,474.000,555.000,456.000,627.000,rgb_edges_inside_sam2_mask
135,5.583333,13,front_leg_candidate,-74.604,71.568,405.000,493.000,386.000,562.000,rgb_edges_inside_sam2_mask
135,5.583333,14,front_leg_candidate,-74.745,68.411,391.000,542.000,373.000,608.000,rgb_edges_inside_sam2_mask
135,5.583333,15,rear_leg_candidate,79.380,65.115,429.000,412.000,441.000,476.000,rgb_edges_inside_sam2_mask
135,5.583333,16,front_leg_candidate,-76.185,62.817,501.000,451.000,486.000,512.000,rgb_edges_inside_sam2_mask
135,5.583333,17,front_leg_candidate,-76.464,55.543,518.000,409.000,505.000,463.000,rgb_edges_inside_sam2_mask
135,5.583333,18,front_leg_candidate,-72.897,54.406,423.000,414.000,407.000,466.000,rgb_edges_inside_sam2_mask
135,5.583333,19,rear_leg_candidate,-84.710,54.231,516.000,396.000,511.000,450.000,rgb_edges_inside_sam2_mask
135,5.583333,20,rear_leg_candidate,78.690,50.990,447.000,508.000,457.000,558.000,rgb_edges_inside_sam2_mask
135,5.583333,21,rear_leg_candidate,81.870,49.497,511.000,442.000,518.000,491.000,rgb_edges_inside_sam2_mask
135,5.583333,22,rear_leg_candidate,79.160,47.854,450.000,526.000,459.000,573.000,rgb_edges_inside_sam2_mask
135,5.583333,23,front_leg_candidate,-74.219,47.802,423.000,433.000,410.000,479.000,rgb_edges_inside_sam2_mask
135,5.583333,24,rear_leg_candidate,79.461,43.738,445.000,531.000,453.000,574.000,rgb_edges_inside_sam2_mask
135,5.583333,25,rear_leg_candidate,78.690,40.792,423.000,435.000,431.000,475.000,rgb_edges_inside_sam2_mask
135,5.583333,26,front_leg_candidate,-76.675,39.051,508.000,447.000,499.000,485.000,rgb_edges_inside_sam2_mask
135,5.583333,27,front_leg_candidate,-73.009,37.643,381.000,541.000,370.000,577.000,rgb_edges_inside_sam2_mask
135,5.583333,28,front_leg_candidate,-73.009,37.643,373.000,569.000,362.000,605.000,rgb_edges_inside_sam2_mask
135,5.583333,29,rear_leg_candidate,75.964,37.108,425.000,434.000,434.000,470.000,rgb_edges_inside_sam2_mask
135,5.583333,30,front_leg_candidate,-75.964,37.108,510.000,416.000,501.000,452.000,rgb_edges_inside_sam2_mask
136,5.625000,0,front_leg_candidate,-76.081,236.958,514.000,399.000,457.000,629.000,rgb_edges_inside_sam2_mask
136,5.625000,1,front_leg_candidate,-76.180,192.575,499.000,441.000,453.000,628.000,rgb_edges_inside_sam2_mask
136,5.625000,2,rear_leg_candidate,80.106,174.597,513.000,427.000,543.000,599.000,rgb_edges_inside_sam2_mask
136,5.625000,3,front_leg_candidate,-75.038,120.071,403.000,495.000,372.000,611.000,rgb_edges_inside_sam2_mask
136,5.625000,4,front_leg_candidate,-74.787,118.140,398.000,494.000,367.000,608.000,rgb_edges_inside_sam2_mask
136,5.625000,5,front_leg_candidate,-74.261,114.285,433.000,372.000,402.000,482.000,rgb_edges_inside_sam2_mask
136,5.625000,6,rear_leg_candidate,80.181,105.546,507.000,451.000,525.000,555.000,rgb_edges_inside_sam2_mask
136,5.625000,7,front_leg_candidate,-75.964,98.955,476.000,531.000,452.000,627.000,rgb_edges_inside_sam2_mask
136,5.625000,8,rear_leg_candidate,81.254,92.071,521.000,504.000,535.000,595.000,rgb_edges_inside_sam2_mask
136,5.625000,9,front_leg_candidate,-74.332,85.165,432.000,399.000,409.000,481.000,rgb_edges_inside_sam2_mask
136,5.625000,10,front_leg_candidate,-74.932,80.777,484.000,552.000,463.000,630.000,rgb_edges_inside_sam2_mask
136,5.625000,11,rear_leg_candidate,80.166,76.118,516.000,440.000,529.000,515.000,rgb_edges_inside_sam2_mask
136,5.625000,12,front_leg_candidate,-75.018,73.498,385.000,539.000,366.000,610.000,rgb_edges_inside_sam2_mask
136,5.625000,13,rear_leg_candidate,79.624,72.180,444.000,500.000,457.000,571.000,rgb_edges_inside_sam2_mask
136,5.625000,14,rear_leg_candidate,79.624,72.180,438.000,504.000,451.000,575.000,rgb_edges_inside_sam2_mask
136,5.625000,15,front_leg_candidate,-75.379,71.309,380.000,539.000,362.000,608.000,rgb_edges_inside_sam2_mask
136,5.625000,16,front_leg_candidate,-75.719,56.754,487.000,535.000,473.000,590.000,rgb_edges_inside_sam2_mask
136,5.625000,17,front_leg_candidate,-74.358,51.923,381.000,541.000,367.000,591.000,rgb_edges_inside_sam2_mask
136,5.625000,18,front_leg_candidate,-76.264,46.325,404.000,495.000,393.000,540.000,rgb_edges_inside_sam2_mask
136,5.625000,19,rear_leg_candidate,79.695,44.721,430.000,428.000,438.000,472.000,rgb_edges_inside_sam2_mask
136,5.625000,20,rear_leg_candidate,80.961,44.553,509.000,454.000,516.000,498.000,rgb_edges_inside_sam2_mask
136,5.625000,21,rear_leg_candidate,80.754,43.566,535.000,556.000,542.000,599.000,rgb_edges_inside_sam2_mask
136,5.625000,22,front_leg_candidate,-75.256,39.294,495.000,503.000,485.000,541.000,rgb_edges_inside_sam2_mask
136,5.625000,23,rear_leg_candidate,76.675,39.051,509.000,449.000,518.000,487.000,rgb_edges_inside_sam2_mask
136,5.625000,24,rear_leg_candidate,79.563,38.639,423.000,439.000,430.000,477.000,rgb_edges_inside_sam2_mask
136,5.625000,25,front_leg_candidate,-76.329,38.079,508.000,449.000,499.000,486.000,rgb_edges_inside_sam2_mask
136,5.625000,26,rear_leg_candidate,76.329,38.079,432.000,500.000,441.000,537.000,rgb_edges_inside_sam2_mask
136,5.625000,27,rear_leg_candidate,-86.987,38.053,515.000,399.000,513.000,437.000,rgb_edges_inside_sam2_mask
137,5.666667,0,front_leg_candidate,-76.073,253.450,513.000,384.000,452.000,630.000,rgb_edges_inside_sam2_mask
137,5.666667,1,front_leg_candidate,-76.077,245.204,515.000,394.000,456.000,632.000,rgb_edges_inside_sam2_mask
137,5.666667,2,rear_leg_candidate,79.992,172.627,512.000,430.000,542.000,600.000,rgb_edges_inside_sam2_mask
137,5.666667,3,front_leg_candidate,-76.686,134.618,495.000,500.000,464.000,631.000,rgb_edges_inside_sam2_mask
137,5.666667,4,rear_leg_candidate,80.233,123.794,512.000,422.000,533.000,544.000,rgb_edges_inside_sam2_mask
137,5.666667,5,front_leg_candidate,-74.914,119.105,403.000,497.000,372.000,612.000,rgb_edges_inside_sam2_mask
137,5.666667,6,front_leg_candidate,-73.918,115.521,433.000,373.000,401.000,484.000,rgb_edges_inside_sam2_mask
137,5.666667,7,front_leg_candidate,-75.964,103.078,489.000,502.000,464.000,602.000,rgb_edges_inside_sam2_mask
137,5.666667,8,rear_leg_candidate,80.106,87.298,521.000,511.000,536.000,597.000,rgb_edges_inside_sam2_mask
137,5.666667,9,rear_leg_candidate,78.690,76.485,423.000,404.000,438.000,479.000,rgb_edges_inside_sam2_mask
137,5.666667,10,rear_leg_candidate,79.144,74.330,436.000,503.000,450.000,576.000,rgb_edges_inside_sam2_mask
137,5.666667,11,front_leg_candidate,-75.964,74.216,384.000,542.000,366.000,614.000,rgb_edges_inside_sam2_mask
137,5.666667,12,front_leg_candidate,-74.814,72.533,380.000,540.000,361.000,610.000,rgb_edges_inside_sam2_mask
137,5.666667,13,rear_leg_candidate,78.871,62.169,444.000,513.000,456.000,574.000,rgb_edges_inside_sam2_mask
137,5.666667,14,rear_leg_candidate,79.778,61.984,514.000,495.000,525.000,556.000,rgb_edges_inside_sam2_mask
137,5.666667,15,front_leg_candidate,-74.827,61.131,397.000,496.000,381.000,555.000,rgb_edges_inside_sam2_mask
137,5.666667,16,front_leg_candidate,-75.069,46.573,400.000,509.000,388.000,554.000,rgb_edges_inside_sam2_mask
137,5.666667,17,front_leg_candidate,-74.982,42.450,393.000,510.000,382.000,551.000,rgb_edges_inside_sam2_mask
137,5.666667,18,rear_leg_candidate,80.311,41.593,528.000,556.000,535.000,597.000,rgb_edges_inside_sam2_mask
137,5.666667,19,rear_leg_candidate,78.408,39.812,509.000,448.000,517.000,487.000,rgb_edges_inside_sam2_mask
137,5.666667,20,front_leg_candidate,-70.145,38.275,426.000,426.000,413.000,462.000,rgb_edges_inside_sam2_mask
137,5.666667,21,rear_leg_candidate,77.800,37.855,420.000,439.000,428.000,476.000,rgb_edges_inside_sam2_mask
138,5.708333,0,front_leg_candidate,-76.136,242.052,514.000,398.000,456.000,633.000,rgb_edges_inside_sam2_mask
138,5.708333,1,front_leg_candidate,-76.092,216.342,514.000,423.000,462.000,633.000,rgb_edges_inside_sam2_mask
138,5.708333,2,front_leg_candidate,-76.232,155.467,489.000,479.000,452.000,630.000,rgb_edges_inside_sam2_mask
138,5.708333,3,rear_leg_candidate,80.036,150.266,513.000,440.000,539.000,588.000,rgb_edges_inside_sam2_mask
138,5.708333,4,front_leg_candidate,-74.249,121.565,397.000,497.000,364.000,614.000,rgb_edges_inside_sam2_mask
138,5.708333,5,front_leg_candidate,-74.659,117.175,403.000,498.000,372.000,611.000,rgb_edges_inside_sam2_mask
138,5.708333,6,front_leg_candidate,-74.055,109.202,429.000,380.000,399.000,485.000,rgb_edges_inside_sam2_mask
138,5.708333,7,rear_leg_candidate,80.451,108.503,506.000,454.000,524.000,561.000,rgb_edges_inside_sam2_mask
138,5.708333,8,rear_leg_candidate,80.538,97.324,504.000,437.000,520.000,533.000,rgb_edges_inside_sam2_mask
138,5.708333,9,front_leg_candidate,-76.109,95.802,509.000,416.000,486.000,509.000,rgb_edges_inside_sam2_mask
138,5.708333,10,front_leg_candidate,-74.638,94.372,395.000,524.000,370.000,615.000,rgb_edges_inside_sam2_mask
138,5.708333,11,front_leg_candidate,-74.141,91.482,425.000,397.000,400.000,485.000,rgb_edges_inside_sam2_mask
138,5.708333,12,rear_leg_candidate,80.218,88.284,520.000,511.000,535.000,598.000,rgb_edges_inside_sam2_mask
138,5.708333,13,front_leg_candidate,-72.951,78.447,413.000,426.000,390.000,501.000,rgb_edges_inside_sam2_mask
138,5.708333,14,rear_leg_candidate,80.036,75.133,514.000,441.000,527.000,515.000,rgb_edges_inside_sam2_mask
138,5.708333,15,rear_leg_candidate,79.144,74.330,441.000,503.000,455.000,576.000,rgb_edges_inside_sam2_mask
138,5.708333,16,front_leg_candidate,-74.389,70.605,380.000,540.000,361.000,608.000,rgb_edges_inside_sam2_mask
138,5.708333,17,rear_leg_candidate,78.486,55.109,416.000,426.000,427.000,480.000,rgb_edges_inside_sam2_mask
138,5.708333,18,rear_leg_candidate,80.538,54.745,530.000,538.000,539.000,592.000,rgb_edges_inside_sam2_mask
138,5.708333,19,front_leg_candidate,-73.740,50.000,394.000,507.000,380.000,555.000,rgb_edges_inside_sam2_mask
138,5.708333,20,rear_leg_candidate,78.930,46.872,508.000,446.000,517.000,492.000,rgb_edges_inside_sam2_mask
138,5.708333,21,front_leg_candidate,-76.908,44.147,418.000,441.000,408.000,484.000,rgb_edges_inside_sam2_mask
138,5.708333,22,rear_leg_candidate,79.824,39.623,509.000,452.000,516.000,491.000,rgb_edges_inside_sam2_mask
138,5.708333,23,front_leg_candidate,-75.256,39.294,371.000,574.000,361.000,612.000,rgb_edges_inside_sam2_mask
139,5.750000,0,front_leg_candidate,-76.079,241.081,513.000,400.000,455.000,634.000,rgb_edges_inside_sam2_mask
139,5.750000,1,front_leg_candidate,-76.180,192.575,497.000,445.000,451.000,632.000,rgb_edges_inside_sam2_mask
139,5.750000,2,front_leg_candidate,-76.273,134.852,494.000,502.000,462.000,633.000,rgb_edges_inside_sam2_mask
139,5.750000,3,rear_leg_candidate,80.311,124.780,511.000,431.000,532.000,554.000,rgb_edges_inside_sam2_mask
139,5.750000,4,front_leg_candidate,-74.120,120.603,396.000,498.000,363.000,614.000,rgb_edges_inside_sam2_mask
139,5.750000,5,front_leg_candidate,-74.120,120.603,402.000,499.000,369.000,615.000,rgb_edges_inside_sam2_mask
139,5.750000,6,front_leg_candidate,-74.261,114.285,430.000,376.000,399.000,486.000,rgb_edges_inside_sam2_mask
139,5.750000,7,rear_leg_candidate,80.372,113.600,504.000,448.000,523.000,560.000,rgb_edges_inside_sam2_mask
139,5.750000,8,front_leg_candidate,-76.097,104.048,511.000,406.000,486.000,507.000,rgb_edges_inside_sam2_mask
139,5.750000,9,rear_leg_candidate,79.303,91.591,434.000,505.000,451.000,595.000,rgb_edges_inside_sam2_mask
139,5.750000,10,rear_leg_candidate,81.304,85.988,520.000,514.000,533.000,599.000,rgb_edges_inside_sam2_mask
139,5.750000,11,front_leg_candidate,-74.678,75.690,379.000,540.000,359.000,613.000,rgb_edges_inside_sam2_mask
139,5.750000,12,rear_leg_candidate,79.287,75.313,440.000,504.000,454.000,578.000,rgb_edges_inside_sam2_mask
139,5.750000,13,rear_leg_candidate,80.665,73.980,526.000,521.000,538.000,594.000,rgb_edges_inside_sam2_mask
139,5.750000,14,front_leg_candidate,-74.814,72.533,515.000,419.000,496.000,489.000,rgb_edges_inside_sam2_mask
139,5.750000,15,rear_leg_candidate,80.134,46.690,508.000,448.000,516.000,494.000,rgb_edges_inside_sam2_mask
139,5.750000,16,front_leg_candidate,-76.608,43.174,417.000,443.000,407.000,485.000,rgb_edges_inside_sam2_mask
140,5.791667,0,front_leg_candidate,-75.964,239.140,512.000,403.000,454.000,635.000,rgb_edges_inside_sam2_mask
140,5.791667,1,front_leg_candidate,-76.026,223.618,514.000,418.000,460.000,635.000,rgb_edges_inside_sam2_mask
140,5.791667,2,front_leg_candidate,-76.190,184.329,494.000,455.000,450.000,634.000,rgb_edges_inside_sam2_mask
140,5.791667,3,rear_leg_candidate,81.085,154.871,513.000,445.000,537.000,598.000,rgb_edges_inside_sam2_mask
140,5.791667,4,front_leg_candidate,-74.249,121.565,395.000,499.000,362.000,616.000,rgb_edges_inside_sam2_mask
140,5.791667,5,front_leg_candidate,-75.005,115.948,400.000,500.000,370.000,612.000,rgb_edges_inside_sam2_mask
140,5.791667,6,rear_leg_candidate,81.170,104.235,506.000,462.000,522.000,565.000,rgb_edges_inside_sam2_mask
140,5.791667,7,front_leg_candidate,-76.097,104.048,475.000,530.000,450.000,631.000,rgb_edges_inside_sam2_mask
140,5.791667,8,rear_leg_candidate,80.858,88.119,518.000,513.000,532.000,600.000,rgb_edges_inside_sam2_mask
140,5.791667,9,front_leg_candidate,-74.148,84.202,427.000,405.000,404.000,486.000,rgb_edges_inside_sam2_mask
140,5.791667,10,rear_leg_candidate,80.882,82.037,509.000,480.000,522.000,561.000,rgb_edges_inside_sam2_mask
140,5.791667,11,front_leg_candidate,-74.476,74.726,388.000,544.000,368.000,616.000,rgb_edges_inside_sam2_mask
140,5.791667,12,front_leg_candidate,-74.268,73.763,378.000,542.000,358.000,613.000,rgb_edges_inside_sam2_mask
140,5.791667,13,rear_leg_candidate,77.367,59.439,431.000,506.000,444.000,564.000,rgb_edges_inside_sam2_mask
140,5.791667,14,rear_leg_candidate,76.931,57.489,416.000,424.000,429.000,480.000,rgb_edges_inside_sam2_mask
140,5.791667,15,rear_leg_candidate,78.690,50.990,423.000,423.000,433.000,473.000,rgb_edges_inside_sam2_mask
140,5.791667,16,rear_leg_candidate,80.538,48.662,506.000,448.000,514.000,496.000,rgb_edges_inside_sam2_mask
140,5.791667,17,rear_leg_candidate,80.311,41.593,418.000,442.000,425.000,483.000,rgb_edges_inside_sam2_mask
140,5.791667,18,rear_leg_candidate,-83.660,36.222,513.000,401.000,509.000,437.000,rgb_edges_inside_sam2_mask
141,5.833333,0,front_leg_candidate,-75.964,243.263,512.000,400.000,453.000,636.000,rgb_edges_inside_sam2_mask
141,5.833333,1,rear_leg_candidate,81.129,175.094,509.000,426.000,536.000,599.000,rgb_edges_inside_sam2_mask
141,5.833333,2,rear_leg_candidate,80.987,146.813,513.000,450.000,536.000,595.000,rgb_edges_inside_sam2_mask
141,5.833333,3,front_leg_candidate,-76.059,145.279,495.000,449.000,460.000,590.000,rgb_edges_inside_sam2_mask
141,5.833333,4,front_leg_candidate,-76.273,134.852,492.000,504.000,460.000,635.000,rgb_edges_inside_sam2_mask
141,5.833333,5,front_leg_candidate,-73.985,112.361,428.000,380.000,397.000,488.000,rgb_edges_inside_sam2_mask
141,5.833333,6,front_leg_candidate,-76.961,97.514,471.000,540.000,449.000,635.000,rgb_edges_inside_sam2_mask
141,5.833333,7,rear_leg_candidate,81.501,87.966,518.000,515.000,531.000,602.000,rgb_edges_inside_sam2_mask
141,5.833333,8,front_leg_candidate,-73.045,85.726,401.000,501.000,376.000,583.000,rgb_edges_inside_sam2_mask
141,5.833333,9,front_leg_candidate,-73.496,84.481,389.000,519.000,365.000,600.000,rgb_edges_inside_sam2_mask
141,5.833333,10,front_leg_candidate,-74.148,84.202,427.000,406.000,404.000,487.000,rgb_edges_inside_sam2_mask
141,5.833333,11,front_leg_candidate,-74.358,77.885,378.000,541.000,357.000,616.000,rgb_edges_inside_sam2_mask
141,5.833333,12,front_leg_candidate,-74.157,76.922,378.000,540.000,357.000,614.000,rgb_edges_inside_sam2_mask
141,5.833333,13,front_leg_candidate,-73.496,56.321,394.000,500.000,378.000,554.000,rgb_edges_inside_sam2_mask
141,5.833333,14,rear_leg_candidate,79.315,53.935,431.000,506.000,441.000,559.000,rgb_edges_inside_sam2_mask
141,5.833333,15,rear_leg_candidate,79.315,53.935,416.000,424.000,426.000,477.000,rgb_edges_inside_sam2_mask
141,5.833333,16,rear_leg_candidate,79.114,52.953,424.000,432.000,434.000,484.000,rgb_edges_inside_sam2_mask
141,5.833333,17,rear_leg_candidate,80.181,52.773,433.000,512.000,442.000,564.000,rgb_edges_inside_sam2_mask
141,5.833333,18,rear_leg_candidate,82.030,50.488,510.000,492.000,517.000,542.000,rgb_edges_inside_sam2_mask
141,5.833333,19,rear_leg_candidate,79.592,49.820,414.000,431.000,423.000,480.000,rgb_edges_inside_sam2_mask
141,5.833333,20,rear_leg_candidate,80.340,47.676,506.000,449.000,514.000,496.000,rgb_edges_inside_sam2_mask
141,5.833333,21,front_leg_candidate,-72.350,46.174,411.000,430.000,397.000,474.000,rgb_edges_inside_sam2_mask
141,5.833333,22,rear_leg_candidate,-81.158,45.541,512.000,418.000,505.000,463.000,rgb_edges_inside_sam2_mask
141,5.833333,23,front_leg_candidate,-76.908,44.147,459.000,591.000,449.000,634.000,rgb_edges_inside_sam2_mask
141,5.833333,24,front_leg_candidate,-73.686,42.720,379.000,576.000,367.000,617.000,rgb_edges_inside_sam2_mask
141,5.833333,25,rear_leg_candidate,83.211,42.297,446.000,540.000,451.000,582.000,rgb_edges_inside_sam2_mask
141,5.833333,26,rear_leg_candidate,-83.211,42.297,511.000,426.000,506.000,468.000,rgb_edges_inside_sam2_mask
141,5.833333,27,rear_leg_candidate,81.027,38.471,505.000,465.000,511.000,503.000,rgb_edges_inside_sam2_mask
141,5.833333,28,front_leg_candidate,-76.329,38.079,480.000,508.000,471.000,545.000,rgb_edges_inside_sam2_mask
142,5.875000,0,front_leg_candidate,-76.077,245.204,507.000,398.000,448.000,636.000,rgb_edges_inside_sam2_mask
142,5.875000,1,front_leg_candidate,-75.964,239.140,511.000,404.000,453.000,636.000,rgb_edges_inside_sam2_mask
142,5.875000,2,rear_leg_candidate,81.098,168.024,509.000,434.000,535.000,600.000,rgb_edges_inside_sam2_mask
142,5.875000,3,rear_leg_candidate,81.167,149.777,499.000,430.000,522.000,578.000,rgb_edges_inside_sam2_mask
142,5.875000,4,rear_leg_candidate,80.925,145.825,513.000,454.000,536.000,598.000,rgb_edges_inside_sam2_mask
142,5.875000,5,front_leg_candidate,-76.171,133.881,491.000,506.000,459.000,636.000,rgb_edges_inside_sam2_mask
142,5.875000,6,front_leg_candidate,-76.068,132.910,492.000,505.000,460.000,634.000,rgb_edges_inside_sam2_mask
142,5.875000,7,front_leg_candidate,-73.926,122.801,393.000,501.000,359.000,619.000,rgb_edges_inside_sam2_mask
142,5.875000,8,front_leg_candidate,-73.989,119.641,400.000,502.000,367.000,617.000,rgb_edges_inside_sam2_mask
142,5.875000,9,front_leg_candidate,-74.134,98.762,399.000,502.000,372.000,597.000,rgb_edges_inside_sam2_mask
142,5.875000,10,front_leg_candidate,-73.413,98.082,424.000,395.000,396.000,489.000,rgb_edges_inside_sam2_mask
142,5.875000,11,rear_leg_candidate,81.158,91.082,517.000,513.000,531.000,603.000,rgb_edges_inside_sam2_mask
142,5.875000,12,front_leg_candidate,-74.358,77.885,377.000,542.000,356.000,617.000,rgb_edges_inside_sam2_mask
142,5.875000,13,front_leg_candidate,-73.951,75.961,377.000,541.000,356.000,614.000,rgb_edges_inside_sam2_mask
142,5.875000,14,rear_leg_candidate,79.144,74.330,437.000,508.000,451.000,581.000,rgb_edges_inside_sam2_mask
142,5.875000,15,front_leg_candidate,-75.174,70.342,513.000,423.000,495.000,491.000,rgb_edges_inside_sam2_mask
142,5.875000,16,rear_leg_candidate,78.871,62.169,415.000,424.000,427.000,485.000,rgb_edges_inside_sam2_mask
142,5.875000,17,support_or_stretcher_candidate,68.429,46.239,470.000,480.000,487.000,523.000,rgb_edges_inside_sam2_mask
142,5.875000,18,rear_leg_candidate,79.695,44.721,505.000,453.000,513.000,497.000,rgb_edges_inside_sam2_mask
142,5.875000,19,rear_leg_candidate,78.111,38.833,435.000,533.000,443.000,571.000,rgb_edges_inside_sam2_mask
142,5.875000,20,rear_leg_candidate,82.093,36.346,427.000,449.000,432.000,485.000,rgb_edges_inside_sam2_mask
143,5.916667,0,front_leg_candidate,-76.021,244.233,507.000,398.000,448.000,635.000,rgb_edges_inside_sam2_mask
143,5.916667,1,front_leg_candidate,-76.081,236.958,509.000,408.000,452.000,638.000,rgb_edges_inside_sam2_mask
143,5.916667,2,rear_leg_candidate,81.085,154.871,511.000,448.000,535.000,601.000,rgb_edges_inside_sam2_mask
143,5.916667,3,front_leg_candidate,-73.796,121.840,399.000,503.000,365.000,620.000,rgb_edges_inside_sam2_mask
143,5.916667,4,rear_leg_candidate,81.027,115.412,502.000,452.000,520.000,566.000,rgb_edges_inside_sam2_mask
143,5.916667,5,front_leg_candidate,-74.124,113.323,427.000,381.000,396.000,490.000,rgb_edges_inside_sam2_mask
143,5.916667,6,front_leg_candidate,-76.701,113.031,486.000,525.000,460.000,635.000,rgb_edges_inside_sam2_mask
143,5.916667,7,rear_leg_candidate,78.944,88.645,430.000,508.000,447.000,595.000,rgb_edges_inside_sam2_mask
143,5.916667,8,rear_leg_candidate,80.858,88.119,516.000,516.000,530.000,603.000,rgb_edges_inside_sam2_mask
143,5.916667,9,front_leg_candidate,-74.148,84.202,398.000,503.000,375.000,584.000,rgb_edges_inside_sam2_mask
143,5.916667,10,front_leg_candidate,-73.571,81.320,393.000,502.000,370.000,580.000,rgb_edges_inside_sam2_mask
143,5.916667,11,front_leg_candidate,-76.310,80.281,513.000,416.000,494.000,494.000,rgb_edges_inside_sam2_mask
143,5.916667,12,front_leg_candidate,-75.784,77.369,485.000,489.000,466.000,564.000,rgb_edges_inside_sam2_mask
143,5.916667,13,front_leg_candidate,-74.157,76.922,409.000,432.000,388.000,506.000,rgb_edges_inside_sam2_mask
143,5.916667,14,rear_leg_candidate,80.665,73.980,506.000,481.000,518.000,554.000,rgb_edges_inside_sam2_mask
143,5.916667,15,front_leg_candidate,-74.745,68.411,377.000,540.000,359.000,606.000,rgb_edges_inside_sam2_mask
143,5.916667,16,front_leg_candidate,-73.393,59.481,382.000,541.000,365.000,598.000,rgb_edges_inside_sam2_mask
143,5.916667,17,front_leg_candidate,-75.005,57.974,371.000,561.000,356.000,617.000,rgb_edges_inside_sam2_mask
143,5.916667,18,rear_leg_candidate,78.690,56.089,438.000,519.000,449.000,574.000,rgb_edges_inside_sam2_mask
143,5.916667,19,front_leg_candidate,-77.471,55.317,490.000,508.000,478.000,562.000,rgb_edges_inside_sam2_mask
143,5.916667,20,rear_leg_candidate,79.796,50.804,505.000,451.000,514.000,501.000,rgb_edges_inside_sam2_mask
143,5.916667,21,front_leg_candidate,-75.964,49.477,500.000,428.000,488.000,476.000,rgb_edges_inside_sam2_mask
143,5.916667,22,rear_leg_candidate,79.380,48.836,424.000,438.000,433.000,486.000,rgb_edges_inside_sam2_mask
143,5.916667,23,rear_leg_candidate,79.461,43.738,430.000,511.000,438.000,554.000,rgb_edges_inside_sam2_mask
143,5.916667,24,rear_leg_candidate,80.538,42.579,416.000,444.000,423.000,486.000,rgb_edges_inside_sam2_mask
143,5.916667,25,front_leg_candidate,-75.256,39.294,415.000,444.000,405.000,482.000,rgb_edges_inside_sam2_mask
144,5.958333,0,front_leg_candidate,-76.136,242.052,510.000,405.000,452.000,640.000,rgb_edges_inside_sam2_mask
144,5.958333,1,rear_leg_candidate,80.819,200.569,503.000,403.000,535.000,601.000,rgb_edges_inside_sam2_mask
144,5.958333,2,front_leg_candidate,-76.040,182.387,492.000,459.000,448.000,636.000,rgb_edges_inside_sam2_mask
144,5.958333,3,front_leg_candidate,-76.665,138.741,491.000,506.000,459.000,641.000,rgb_edges_inside_sam2_mask
144,5.958333,4,front_leg_candidate,-75.256,137.528,395.000,488.000,360.000,621.000,rgb_edges_inside_sam2_mask
144,5.958333,5,front_leg_candidate,-74.745,125.419,398.000,504.000,365.000,625.000,rgb_edges_inside_sam2_mask
144,5.958333,6,front_leg_candidate,-74.124,113.323,426.000,382.000,395.000,491.000,rgb_edges_inside_sam2_mask
144,5.958333,7,rear_leg_candidate,80.451,108.503,502.000,459.000,520.000,566.000,rgb_edges_inside_sam2_mask
144,5.958333,8,front_leg_candidate,-76.097,104.048,473.000,537.000,448.000,638.000,rgb_edges_inside_sam2_mask
144,5.958333,9,front_leg_candidate,-76.390,97.745,508.000,409.000,485.000,504.000,rgb_edges_inside_sam2_mask
144,5.958333,10,rear_leg_candidate,80.858,88.119,516.000,517.000,530.000,604.000,rgb_edges_inside_sam2_mask
144,5.958333,11,front_leg_candidate,-74.554,78.848,377.000,542.000,356.000,618.000,rgb_edges_inside_sam2_mask
144,5.958333,12,rear_leg_candidate,79.563,77.279,430.000,509.000,444.000,585.000,rgb_edges_inside_sam2_mask
144,5.958333,13,rear_leg_candidate,80.981,63.789,525.000,536.000,535.000,599.000,rgb_edges_inside_sam2_mask
144,5.958333,14,rear_leg_candidate,79.046,63.151,420.000,425.000,432.000,487.000,rgb_edges_inside_sam2_mask
144,5.958333,15,front_leg_candidate,-77.074,62.586,512.000,418.000,498.000,479.000,rgb_edges_inside_sam2_mask
144,5.958333,16,front_leg_candidate,-71.565,60.083,410.000,432.000,391.000,489.000,rgb_edges_inside_sam2_mask
144,5.958333,17,rear_leg_candidate,79.315,53.935,412.000,434.000,422.000,487.000,rgb_edges_inside_sam2_mask
144,5.958333,18,rear_leg_candidate,-84.611,53.235,512.000,412.000,507.000,465.000,rgb_edges_inside_sam2_mask
144,5.958333,19,rear_leg_candidate,80.340,47.676,437.000,510.000,445.000,557.000,rgb_edges_inside_sam2_mask
144,5.958333,20,rear_leg_candidate,79.919,45.706,504.000,452.000,512.000,497.000,rgb_edges_inside_sam2_mask
144,5.958333,21,rear_leg_candidate,-78.179,43.932,503.000,452.000,494.000,495.000,rgb_edges_inside_sam2_mask
144,5.958333,22,rear_leg_candidate,80.754,43.566,443.000,541.000,450.000,584.000,rgb_edges_inside_sam2_mask
144,5.958333,23,rear_leg_candidate,80.754,43.566,523.000,558.000,530.000,601.000,rgb_edges_inside_sam2_mask
144,5.958333,24,front_leg_candidate,-72.031,38.897,409.000,433.000,397.000,470.000,rgb_edges_inside_sam2_mask
144,5.958333,25,front_leg_candidate,-74.476,37.363,399.000,504.000,389.000,540.000,rgb_edges_inside_sam2_mask
145,6.000000,0,front_leg_candidate,-77.005,240.150,507.000,410.000,453.000,644.000,rgb_edges_inside_sam2_mask
145,6.000000,1,front_leg_candidate,-76.887,180.712,490.000,463.000,449.000,639.000,rgb_edges_inside_sam2_mask
145,6.000000,2,front_leg_candidate,-77.159,139.488,490.000,508.000,459.000,644.000,rgb_edges_inside_sam2_mask
145,6.000000,3,front_leg_candidate,-74.624,124.455,398.000,505.000,365.000,625.000,rgb_edges_inside_sam2_mask
145,6.000000,4,front_leg_candidate,-76.971,124.197,507.000,412.000,479.000,533.000,rgb_edges_inside_sam2_mask
145,6.000000,5,front_leg_candidate,-75.005,115.948,390.000,511.000,360.000,623.000,rgb_edges_inside_sam2_mask
145,6.000000,6,rear_leg_candidate,80.181,105.546,510.000,449.000,528.000,553.000,rgb_edges_inside_sam2_mask
145,6.000000,7,rear_leg_candidate,80.446,102.421,503.000,467.000,520.000,568.000,rgb_edges_inside_sam2_mask
145,6.000000,8,front_leg_candidate,-76.921,101.637,512.000,417.000,489.000,516.000,rgb_edges_inside_sam2_mask
145,6.000000,9,rear_leg_candidate,80.106,87.298,516.000,518.000,531.000,604.000,rgb_edges_inside_sam2_mask
145,6.000000,10,front_leg_candidate,-77.005,80.050,471.000,563.000,453.000,641.000,rgb_edges_inside_sam2_mask
145,6.000000,11,front_leg_candidate,-74.358,77.885,377.000,544.000,356.000,619.000,rgb_edges_inside_sam2_mask
145,6.000000,12,rear_leg_candidate,78.690,76.485,429.000,510.000,444.000,585.000,rgb_edges_inside_sam2_mask
145,6.000000,13,rear_leg_candidate,76.715,73.980,416.000,416.000,433.000,488.000,rgb_edges_inside_sam2_mask
145,6.000000,14,rear_leg_candidate,80.538,72.993,523.000,529.000,535.000,601.000,rgb_edges_inside_sam2_mask
145,6.000000,15,rear_leg_candidate,78.690,71.386,436.000,512.000,450.000,582.000,rgb_edges_inside_sam2_mask
145,6.000000,16,rear_leg_candidate,80.272,71.021,518.000,534.000,530.000,604.000,rgb_edges_inside_sam2_mask
145,6.000000,17,front_leg_candidate,-73.379,69.921,414.000,426.000,394.000,493.000,rgb_edges_inside_sam2_mask
145,6.000000,18,rear_leg_candidate,80.395,65.924,501.000,452.000,512.000,517.000,rgb_edges_inside_sam2_mask
145,6.000000,19,rear_leg_candidate,79.778,61.984,514.000,476.000,525.000,537.000,rgb_edges_inside_sam2_mask
145,6.000000,20,front_leg_candidate,-76.866,61.612,475.000,577.000,461.000,637.000,rgb_edges_inside_sam2_mask
145,6.000000,21,front_leg_candidate,-75.069,46.573,414.000,447.000,402.000,492.000,rgb_edges_inside_sam2_mask
145,6.000000,22,front_leg_candidate,-73.856,39.560,377.000,587.000,366.000,625.000,rgb_edges_inside_sam2_mask
145,6.000000,23,rear_leg_candidate,79.287,37.656,418.000,451.000,425.000,488.000,rgb_edges_inside_sam2_mask
145,6.000000,24,front_leg_candidate,-73.009,37.643,417.000,415.000,406.000,451.000,rgb_edges_inside_sam2_mask
145,6.000000,25,front_leg_candidate,-77.471,36.878,492.000,455.000,484.000,491.000,rgb_edges_inside_sam2_mask
146,6.041667,0,front_leg_candidate,-77.059,241.124,507.000,410.000,453.000,645.000,rgb_edges_inside_sam2_mask
146,6.041667,1,front_leg_candidate,-76.827,193.080,493.000,452.000,449.000,640.000,rgb_edges_inside_sam2_mask
146,6.041667,2,front_leg_candidate,-77.159,139.488,490.000,509.000,459.000,645.000,rgb_edges_inside_sam2_mask
146,6.041667,3,rear_leg_candidate,80.961,133.660,514.000,473.000,535.000,605.000,rgb_edges_inside_sam2_mask
146,6.041667,4,front_leg_candidate,-74.949,123.227,398.000,507.000,366.000,626.000,rgb_edges_inside_sam2_mask
146,6.041667,5,front_leg_candidate,-74.827,122.262,392.000,506.000,360.000,624.000,rgb_edges_inside_sam2_mask
146,6.041667,6,rear_leg_candidate,81.369,113.283,502.000,458.000,519.000,570.000,rgb_edges_inside_sam2_mask
146,6.041667,7,front_leg_candidate,-77.082,111.830,486.000,529.000,461.000,638.000,rgb_edges_inside_sam2_mask
146,6.041667,8,rear_leg_candidate,79.346,102.772,436.000,512.000,455.000,613.000,rgb_edges_inside_sam2_mask
146,6.041667,9,rear_leg_candidate,79.992,86.313,516.000,520.000,531.000,605.000,rgb_edges_inside_sam2_mask
146,6.041667,10,rear_leg_candidate,79.114,79.429,430.000,511.000,445.000,589.000,rgb_edges_inside_sam2_mask
146,6.041667,11,front_leg_candidate,-74.389,70.605,375.000,552.000,356.000,620.000,rgb_edges_inside_sam2_mask
146,6.041667,12,rear_leg_candidate,81.384,66.753,526.000,539.000,536.000,605.000,rgb_edges_inside_sam2_mask
146,6.041667,13,rear_leg_candidate,80.395,65.924,519.000,540.000,530.000,605.000,rgb_edges_inside_sam2_mask
146,6.041667,14,rear_leg_candidate,79.046,63.151,431.000,521.000,443.000,583.000,rgb_edges_inside_sam2_mask
146,6.041667,15,rear_leg_candidate,81.469,60.671,509.000,498.000,518.000,558.000,rgb_edges_inside_sam2_mask
146,6.041667,16,rear_leg_candidate,81.027,57.706,510.000,450.000,519.000,507.000,rgb_edges_inside_sam2_mask
146,6.041667,17,front_leg_candidate,-73.909,54.120,414.000,425.000,399.000,477.000,rgb_edges_inside_sam2_mask
146,6.041667,18,rear_leg_candidate,81.870,49.497,422.000,440.000,429.000,489.000,rgb_edges_inside_sam2_mask
146,6.041667,19,front_leg_candidate,-74.249,40.522,414.000,448.000,403.000,487.000,rgb_edges_inside_sam2_mask
146,6.041667,20,rear_leg_candidate,77.800,37.855,413.000,449.000,421.000,486.000,rgb_edges_inside_sam2_mask
147,6.083333,0,front_leg_candidate,-76.743,196.229,497.000,454.000,452.000,645.000,rgb_edges_inside_sam2_mask
147,6.083333,1,rear_leg_candidate,80.091,168.514,507.000,439.000,536.000,605.000,rgb_edges_inside_sam2_mask
147,6.083333,2,front_leg_candidate,-76.924,159.126,485.000,485.000,449.000,640.000,rgb_edges_inside_sam2_mask
147,6.083333,3,front_leg_candidate,-76.945,141.662,507.000,412.000,475.000,550.000,rgb_edges_inside_sam2_mask
147,6.083333,4,front_leg_candidate,-76.853,140.688,491.000,508.000,459.000,645.000,rgb_edges_inside_sam2_mask
147,6.083333,5,front_leg_candidate,-74.116,127.883,392.000,506.000,357.000,629.000,rgb_edges_inside_sam2_mask
147,6.083333,6,front_leg_candidate,-75.303,126.127,397.000,507.000,365.000,629.000,rgb_edges_inside_sam2_mask
147,6.083333,7,rear_leg_candidate,81.293,112.294,502.000,458.000,519.000,569.000,rgb_edges_inside_sam2_mask
147,6.083333,8,front_leg_candidate,-74.650,105.773,425.000,385.000,397.000,487.000,rgb_edges_inside_sam2_mask
147,6.083333,9,rear_leg_candidate,79.418,92.574,429.000,511.000,446.000,602.000,rgb_edges_inside_sam2_mask
147,6.083333,10,front_leg_candidate,-74.805,83.934,377.000,540.000,355.000,621.000,rgb_edges_inside_sam2_mask
147,6.083333,11,front_leg_candidate,-75.292,82.710,377.000,542.000,356.000,622.000,rgb_edges_inside_sam2_mask
147,6.083333,12,rear_leg_candidate,81.254,65.765,516.000,520.000,526.000,585.000,rgb_edges_inside_sam2_mask
147,6.083333,13,rear_leg_candidate,79.439,60.017,419.000,427.000,430.000,486.000,rgb_edges_inside_sam2_mask
147,6.083333,14,front_leg_candidate,-77.367,59.439,490.000,464.000,477.000,522.000,rgb_edges_inside_sam2_mask
147,6.083333,15,rear_leg_candidate,79.695,55.902,411.000,435.000,421.000,490.000,rgb_edges_inside_sam2_mask
147,6.083333,16,rear_leg_candidate,79.695,55.902,509.000,448.000,519.000,503.000,rgb_edges_inside_sam2_mask
147,6.083333,17,front_leg_candidate,-75.203,54.818,409.000,441.000,395.000,494.000,rgb_edges_inside_sam2_mask
147,6.083333,18,rear_leg_candidate,80.134,46.690,501.000,462.000,509.000,508.000,rgb_edges_inside_sam2_mask
147,6.083333,19,rear_leg_candidate,79.216,42.755,442.000,548.000,450.000,590.000,rgb_edges_inside_sam2_mask
148,6.125000,0,front_leg_candidate,-76.983,190.906,502.000,459.000,459.000,645.000,rgb_edges_inside_sam2_mask
148,6.125000,1,front_leg_candidate,-76.720,165.424,503.000,430.000,465.000,591.000,rgb_edges_inside_sam2_mask
148,6.125000,2,front_leg_candidate,-76.695,152.082,487.000,477.000,452.000,625.000,rgb_edges_inside_sam2_mask
148,6.125000,3,front_leg_candidate,-75.160,121.037,396.000,510.000,365.000,627.000,rgb_edges_inside_sam2_mask
148,6.125000,4,front_leg_candidate,-73.856,118.680,390.000,511.000,357.000,625.000,rgb_edges_inside_sam2_mask
148,6.125000,5,front_leg_candidate,-74.124,113.323,425.000,385.000,394.000,494.000,rgb_edges_inside_sam2_mask
148,6.125000,6,rear_leg_candidate,80.028,92.396,428.000,511.000,444.000,602.000,rgb_edges_inside_sam2_mask
148,6.125000,7,rear_leg_candidate,81.597,88.955,503.000,465.000,516.000,553.000,rgb_edges_inside_sam2_mask
148,6.125000,8,rear_leg_candidate,78.944,88.645,434.000,512.000,451.000,599.000,rgb_edges_inside_sam2_mask
148,6.125000,9,rear_leg_candidate,81.501,87.966,520.000,511.000,533.000,598.000,rgb_edges_inside_sam2_mask
148,6.125000,10,front_leg_candidate,-74.332,85.165,377.000,540.000,354.000,622.000,rgb_edges_inside_sam2_mask
148,6.125000,11,front_leg_candidate,-74.805,83.934,386.000,546.000,364.000,627.000,rgb_edges_inside_sam2_mask
148,6.125000,12,rear_leg_candidate,80.676,67.897,515.000,518.000,526.000,585.000,rgb_edges_inside_sam2_mask
148,6.125000,13,front_leg_candidate,-74.320,59.203,373.000,573.000,357.000,630.000,rgb_edges_inside_sam2_mask
148,6.125000,14,rear_leg_candidate,81.180,58.694,520.000,552.000,529.000,610.000,rgb_edges_inside_sam2_mask
148,6.125000,15,front_leg_candidate,-77.242,54.342,464.000,592.000,452.000,645.000,rgb_edges_inside_sam2_mask
148,6.125000,16,rear_leg_candidate,-78.056,53.151,460.000,588.000,449.000,640.000,rgb_edges_inside_sam2_mask
148,6.125000,17,rear_leg_candidate,81.870,49.497,508.000,437.000,515.000,486.000,rgb_edges_inside_sam2_mask
148,6.125000,18,front_leg_candidate,-76.908,44.147,413.000,450.000,403.000,493.000,rgb_edges_inside_sam2_mask
148,6.125000,19,rear_leg_candidate,82.057,43.417,514.000,474.000,520.000,517.000,rgb_edges_inside_sam2_mask
148,6.125000,20,rear_leg_candidate,82.057,43.417,519.000,505.000,525.000,548.000,rgb_edges_inside_sam2_mask
148,6.125000,21,rear_leg_candidate,80.074,40.608,414.000,450.000,421.000,490.000,rgb_edges_inside_sam2_mask
148,6.125000,22,rear_leg_candidate,77.471,36.878,417.000,451.000,425.000,487.000,rgb_edges_inside_sam2_mask
148,6.125000,23,rear_leg_candidate,82.093,36.346,424.000,451.000,429.000,487.000,rgb_edges_inside_sam2_mask
149,6.166667,0,rear_leg_candidate,80.985,210.602,501.000,398.000,534.000,606.000,rgb_edges_inside_sam2_mask
149,6.166667,1,front_leg_candidate,-76.983,190.906,502.000,459.000,459.000,645.000,rgb_edges_inside_sam2_mask
149,6.166667,2,front_leg_candidate,-76.759,174.642,492.000,475.000,452.000,645.000,rgb_edges_inside_sam2_mask
149,6.166667,3,front_leg_candidate,-77.115,156.952,484.000,487.000,449.000,640.000,rgb_edges_inside_sam2_mask
149,6.166667,4,front_leg_candidate,-76.866,154.029,507.000,412.000,472.000,562.000,rgb_edges_inside_sam2_mask
149,6.166667,5,front_leg_candidate,-76.759,139.714,490.000,509.000,458.000,645.000,rgb_edges_inside_sam2_mask
149,6.166667,6,front_leg_candidate,-74.181,124.724,390.000,510.000,356.000,630.000,rgb_edges_inside_sam2_mask
149,6.166667,7,front_leg_candidate,-75.160,121.037,395.000,510.000,364.000,627.000,rgb_edges_inside_sam2_mask
149,6.166667,8,front_leg_candidate,-73.780,114.560,425.000,385.000,393.000,495.000,rgb_edges_inside_sam2_mask
149,6.166667,9,rear_leg_candidate,81.293,112.294,501.000,461.000,518.000,572.000,rgb_edges_inside_sam2_mask
149,6.166667,10,rear_leg_candidate,80.028,92.396,434.000,512.000,450.000,603.000,rgb_edges_inside_sam2_mask
149,6.166667,11,rear_leg_candidate,80.961,89.107,515.000,521.000,529.000,609.000,rgb_edges_inside_sam2_mask
149,6.166667,12,front_leg_candidate,-73.686,85.440,377.000,541.000,353.000,623.000,rgb_edges_inside_sam2_mask
149,6.166667,13,rear_leg_candidate,78.690,81.584,427.000,513.000,443.000,593.000,rgb_edges_inside_sam2_mask
149,6.166667,14,front_leg_candidate,-77.005,66.708,490.000,465.000,475.000,530.000,rgb_edges_inside_sam2_mask
149,6.166667,15,rear_leg_candidate,78.690,61.188,418.000,430.000,430.000,490.000,rgb_edges_inside_sam2_mask
149,6.166667,16,rear_leg_candidate,81.416,53.600,510.000,513.000,518.000,566.000,rgb_edges_inside_sam2_mask
149,6.166667,17,front_leg_candidate,-76.759,52.393,460.000,588.000,448.000,639.000,rgb_edges_inside_sam2_mask
149,6.166667,18,front_leg_candidate,-73.887,46.840,413.000,449.000,400.000,494.000,rgb_edges_inside_sam2_mask
149,6.166667,19,front_leg_candidate,-73.887,46.840,388.000,516.000,375.000,561.000,rgb_edges_inside_sam2_mask
149,6.166667,20,rear_leg_candidate,-79.919,45.706,422.000,412.000,414.000,457.000,rgb_edges_inside_sam2_mask
149,6.166667,21,rear_leg_candidate,78.959,41.773,416.000,450.000,424.000,491.000,rgb_edges_inside_sam2_mask
149,6.166667,22,rear_leg_candidate,78.690,40.792,504.000,459.000,512.000,499.000,rgb_edges_inside_sam2_mask
150,6.208333,0,rear_leg_candidate,81.170,208.471,501.000,398.000,533.000,604.000,rgb_edges_inside_sam2_mask
150,6.208333,1,front_leg_candidate,-76.964,208.370,507.000,410.000,460.000,613.000,rgb_edges_inside_sam2_mask
150,6.208333,2,front_leg_candidate,-73.989,119.641,390.000,510.000,357.000,625.000,rgb_edges_inside_sam2_mask
150,6.208333,3,front_leg_candidate,-74.970,111.826,423.000,387.000,394.000,495.000,rgb_edges_inside_sam2_mask
150,6.208333,4,front_leg_candidate,-76.218,109.142,484.000,539.000,458.000,645.000,rgb_edges_inside_sam2_mask
150,6.208333,5,front_leg_candidate,-77.005,106.733,473.000,534.000,449.000,638.000,rgb_edges_inside_sam2_mask
150,6.208333,6,rear_leg_candidate,79.418,92.574,433.000,512.000,450.000,603.000,rgb_edges_inside_sam2_mask
150,6.208333,7,rear_leg_candidate,80.327,89.269,427.000,513.000,442.000,601.000,rgb_edges_inside_sam2_mask
150,6.208333,8,rear_leg_candidate,81.203,85.000,516.000,525.000,529.000,609.000,rgb_edges_inside_sam2_mask
150,6.208333,9,front_leg_candidate,-74.624,82.970,376.000,542.000,354.000,622.000,rgb_edges_inside_sam2_mask
150,6.208333,10,front_leg_candidate,-76.640,82.225,501.000,463.000,482.000,543.000,rgb_edges_inside_sam2_mask
150,6.208333,11,front_leg_candidate,-77.705,79.831,470.000,567.000,453.000,645.000,rgb_edges_inside_sam2_mask
150,6.208333,12,front_leg_candidate,-76.842,79.076,491.000,461.000,473.000,538.000,rgb_edges_inside_sam2_mask
150,6.208333,13,rear_leg_candidate,81.656,75.802,507.000,497.000,518.000,572.000,rgb_edges_inside_sam2_mask
150,6.208333,14,rear_leg_candidate,77.638,74.733,415.000,418.000,431.000,491.000,rgb_edges_inside_sam2_mask
150,6.208333,15,front_leg_candidate,-76.159,71.063,382.000,558.000,365.000,627.000,rgb_edges_inside_sam2_mask
150,6.208333,16,front_leg_candidate,-75.556,68.154,395.000,510.000,378.000,576.000,rgb_edges_inside_sam2_mask
150,6.208333,17,rear_leg_candidate,81.327,59.682,519.000,550.000,528.000,609.000,rgb_edges_inside_sam2_mask
150,6.208333,18,rear_leg_candidate,79.875,56.886,431.000,535.000,441.000,591.000,rgb_edges_inside_sam2_mask
150,6.208333,19,front_leg_candidate,-75.069,46.573,412.000,449.000,400.000,494.000,rgb_edges_inside_sam2_mask
150,6.208333,20,rear_leg_candidate,-78.111,38.833,501.000,459.000,493.000,497.000,rgb_edges_inside_sam2_mask
150,6.208333,21,rear_leg_candidate,79.563,38.639,412.000,452.000,419.000,490.000,rgb_edges_inside_sam2_mask
150,6.208333,22,front_leg_candidate,-75.964,37.108,395.000,511.000,386.000,547.000,rgb_edges_inside_sam2_mask
151,6.250000,0,front_leg_candidate,-77.059,241.124,507.000,410.000,453.000,645.000,rgb_edges_inside_sam2_mask
151,6.250000,1,front_leg_candidate,-77.209,189.708,501.000,460.000,459.000,645.000,rgb_edges_inside_sam2_mask
151,6.250000,2,rear_leg_candidate,81.254,184.141,505.000,422.000,533.000,604.000,rgb_edges_inside_sam2_mask
151,6.250000,3,front_leg_candidate,-77.099,183.636,490.000,462.000,449.000,641.000,rgb_edges_inside_sam2_mask
151,6.250000,4,front_leg_candidate,-73.796,121.840,391.000,509.000,357.000,626.000,rgb_edges_inside_sam2_mask
151,6.250000,5,front_leg_candidate,-75.160,121.037,395.000,510.000,364.000,627.000,rgb_edges_inside_sam2_mask
151,6.250000,6,front_leg_candidate,-74.612,113.053,423.000,386.000,393.000,495.000,rgb_edges_inside_sam2_mask
151,6.250000,7,rear_leg_candidate,81.529,95.037,504.000,478.000,518.000,572.000,rgb_edges_inside_sam2_mask
151,6.250000,8,rear_leg_candidate,78.811,92.763,433.000,512.000,451.000,603.000,rgb_edges_inside_sam2_mask
151,6.250000,9,front_leg_candidate,-74.859,88.057,423.000,387.000,400.000,472.000,rgb_edges_inside_sam2_mask
151,6.250000,10,front_leg_candidate,-76.608,86.348,468.000,555.000,448.000,639.000,rgb_edges_inside_sam2_mask
151,6.250000,11,rear_leg_candidate,81.773,83.863,516.000,526.000,528.000,609.000,rgb_edges_inside_sam2_mask
151,6.250000,12,front_leg_candidate,-73.960,83.241,376.000,542.000,353.000,622.000,rgb_edges_inside_sam2_mask
151,6.250000,13,front_leg_candidate,-77.196,67.683,471.000,563.000,456.000,629.000,rgb_edges_inside_sam2_mask
151,6.250000,14,rear_leg_candidate,78.518,65.307,429.000,529.000,442.000,593.000,rgb_edges_inside_sam2_mask
151,6.250000,15,rear_leg_candidate,80.248,64.938,418.000,426.000,429.000,490.000,rgb_edges_inside_sam2_mask
151,6.250000,16,rear_leg_candidate,78.275,54.129,426.000,513.000,437.000,566.000,rgb_edges_inside_sam2_mask
151,6.250000,17,front_leg_candidate,-76.908,44.147,411.000,451.000,401.000,494.000,rgb_edges_inside_sam2_mask
151,6.250000,18,rear_leg_candidate,82.057,43.417,516.000,527.000,522.000,570.000,rgb_edges_inside_sam2_mask
151,6.250000,19,rear_leg_candidate,77.905,42.953,414.000,449.000,423.000,491.000,rgb_edges_inside_sam2_mask
151,6.250000,20,rear_leg_candidate,79.216,42.755,439.000,548.000,447.000,590.000,rgb_edges_inside_sam2_mask
151,6.250000,21,front_leg_candidate,-71.075,37.000,407.000,437.000,395.000,472.000,rgb_edges_inside_sam2_mask
152,6.291667,0,front_leg_candidate,-74.890,207.162,412.000,426.000,358.000,626.000,rgb_edges_inside_sam2_mask
152,6.291667,1,rear_leg_candidate,81.102,200.412,502.000,406.000,533.000,604.000,rgb_edges_inside_sam2_mask
152,6.291667,2,front_leg_candidate,-76.827,193.080,496.000,457.000,452.000,645.000,rgb_edges_inside_sam2_mask
152,6.291667,3,front_leg_candidate,-77.142,188.733,501.000,461.000,459.000,645.000,rgb_edges_inside_sam2_mask
152,6.291667,4,front_leg_candidate,-74.745,159.625,423.000,388.000,381.000,542.000,rgb_edges_inside_sam2_mask
152,6.291667,5,rear_leg_candidate,81.048,147.801,510.000,455.000,533.000,601.000,rgb_edges_inside_sam2_mask
152,6.291667,6,front_leg_candidate,-76.827,144.810,508.000,409.000,475.000,550.000,rgb_edges_inside_sam2_mask
152,6.291667,7,front_leg_candidate,-76.264,138.975,481.000,504.000,448.000,639.000,rgb_edges_inside_sam2_mask
152,6.291667,8,front_leg_candidate,-75.069,124.193,396.000,507.000,364.000,627.000,rgb_edges_inside_sam2_mask
152,6.291667,9,rear_leg_candidate,79.186,90.609,426.000,513.000,443.000,602.000,rgb_edges_inside_sam2_mask
152,6.291667,10,front_leg_candidate,-74.982,84.900,376.000,540.000,354.000,622.000,rgb_edges_inside_sam2_mask
152,6.291667,11,front_leg_candidate,-74.982,84.900,376.000,541.000,354.000,623.000,rgb_edges_inside_sam2_mask
152,6.291667,12,rear_leg_candidate,81.098,84.012,516.000,526.000,529.000,609.000,rgb_edges_inside_sam2_mask
152,6.291667,13,rear_leg_candidate,81.363,79.906,434.000,512.000,446.000,591.000,rgb_edges_inside_sam2_mask
152,6.291667,14,rear_leg_candidate,80.166,76.118,505.000,495.000,518.000,570.000,rgb_edges_inside_sam2_mask
152,6.291667,15,rear_leg_candidate,80.665,73.980,502.000,468.000,514.000,541.000,rgb_edges_inside_sam2_mask
152,6.291667,16,front_leg_candidate,-76.201,58.694,477.000,519.000,463.000,576.000,rgb_edges_inside_sam2_mask
152,6.291667,17,front_leg_candidate,-74.932,53.852,383.000,554.000,369.000,606.000,rgb_edges_inside_sam2_mask
152,6.291667,18,front_leg_candidate,-72.300,49.336,407.000,437.000,392.000,484.000,rgb_edges_inside_sam2_mask
152,6.291667,19,front_leg_candidate,-76.264,46.325,412.000,449.000,401.000,494.000,rgb_edges_inside_sam2_mask
152,6.291667,20,rear_leg_candidate,80.961,44.553,504.000,461.000,511.000,505.000,rgb_edges_inside_sam2_mask
152,6.291667,21,rear_leg_candidate,80.074,40.608,415.000,451.000,422.000,491.000,rgb_edges_inside_sam2_mask
152,6.291667,22,rear_leg_candidate,82.875,40.311,422.000,450.000,427.000,490.000,rgb_edges_inside_sam2_mask
152,6.291667,23,rear_leg_candidate,78.408,39.812,503.000,459.000,511.000,498.000,rgb_edges_inside_sam2_mask
152,6.291667,24,rear_leg_candidate,82.504,38.328,435.000,523.000,440.000,561.000,rgb_edges_inside_sam2_mask
153,6.333333,0,front_leg_candidate,-74.888,245.489,422.000,389.000,358.000,626.000,rgb_edges_inside_sam2_mask
153,6.333333,1,front_leg_candidate,-76.792,201.326,498.000,449.000,452.000,645.000,rgb_edges_inside_sam2_mask
153,6.333333,2,rear_leg_candidate,81.180,176.082,506.000,430.000,533.000,604.000,rgb_edges_inside_sam2_mask
153,6.333333,3,front_leg_candidate,-76.779,170.520,508.000,409.000,469.000,575.000,rgb_edges_inside_sam2_mask
153,6.333333,4,front_leg_candidate,-77.159,139.488,490.000,509.000,459.000,645.000,rgb_edges_inside_sam2_mask
153,6.333333,5,front_leg_candidate,-75.069,124.193,396.000,507.000,364.000,627.000,rgb_edges_inside_sam2_mask
153,6.333333,6,front_leg_candidate,-74.699,109.895,386.000,520.000,357.000,626.000,rgb_edges_inside_sam2_mask
153,6.333333,7,front_leg_candidate,-77.005,106.733,473.000,534.000,449.000,638.000,rgb_edges_inside_sam2_mask
153,6.333333,8,front_leg_candidate,-76.792,100.663,491.000,461.000,468.000,559.000,rgb_edges_inside_sam2_mask
153,6.333333,9,rear_leg_candidate,80.134,93.381,426.000,510.000,442.000,602.000,rgb_edges_inside_sam2_mask
153,6.333333,10,front_leg_candidate,-75.324,86.833,376.000,540.000,354.000,624.000,rgb_edges_inside_sam2_mask
153,6.333333,11,rear_leg_candidate,81.773,83.863,516.000,526.000,528.000,609.000,rgb_edges_inside_sam2_mask
153,6.333333,12,rear_leg_candidate,81.469,80.895,503.000,473.000,515.000,553.000,rgb_edges_inside_sam2_mask
153,6.333333,13,rear_leg_candidate,80.417,78.090,433.000,512.000,446.000,589.000,rgb_edges_inside_sam2_mask
153,6.333333,14,rear_leg_candidate,80.942,69.871,517.000,499.000,528.000,568.000,rgb_edges_inside_sam2_mask
153,6.333333,15,front_leg_candidate,-74.055,58.241,406.000,437.000,390.000,493.000,rgb_edges_inside_sam2_mask
153,6.333333,16,front_leg_candidate,-77.829,52.173,501.000,460.000,490.000,511.000,rgb_edges_inside_sam2_mask
153,6.333333,17,rear_leg_candidate,78.232,49.031,418.000,438.000,428.000,486.000,rgb_edges_inside_sam2_mask
153,6.333333,18,front_leg_candidate,-75.324,43.417,365.000,580.000,354.000,622.000,rgb_edges_inside_sam2_mask
153,6.333333,19,rear_leg_candidate,80.538,42.579,412.000,449.000,419.000,491.000,rgb_edges_inside_sam2_mask
153,6.333333,20,rear_leg_candidate,81.674,41.437,516.000,530.000,522.000,571.000,rgb_edges_inside_sam2_mask
153,6.333333,21,front_leg_candidate,-77.005,40.025,484.000,537.000,475.000,576.000,rgb_edges_inside_sam2_mask
153,6.333333,22,rear_leg_candidate,82.093,36.346,513.000,535.000,518.000,571.000,rgb_edges_inside_sam2_mask
154,6.375000,0,front_leg_candidate,-75.025,251.543,422.000,389.000,357.000,632.000,rgb_edges_inside_sam2_mask
154,6.375000,1,front_leg_candidate,-77.059,241.124,507.000,410.000,453.000,645.000,rgb_edges_inside_sam2_mask
154,6.375000,2,rear_leg_candidate,81.085,206.495,502.000,405.000,534.000,609.000,rgb_edges_inside_sam2_mask
154,6.375000,3,front_leg_candidate,-77.209,189.708,501.000,460.000,459.000,645.000,rgb_edges_inside_sam2_mask
154,6.375000,4,front_leg_candidate,-77.099,183.636,490.000,462.000,449.000,641.000,rgb_edges_inside_sam2_mask
154,6.375000,5,front_leg_candidate,-74.781,140.943,394.000,490.000,357.000,626.000,rgb_edges_inside_sam2_mask
154,6.375000,6,front_leg_candidate,-75.069,124.193,396.000,507.000,364.000,627.000,rgb_edges_inside_sam2_mask
154,6.375000,7,rear_leg_candidate,79.531,93.557,426.000,510.000,443.000,602.000,rgb_edges_inside_sam2_mask
154,6.375000,8,rear_leg_candidate,80.028,92.396,433.000,512.000,449.000,603.000,rgb_edges_inside_sam2_mask
154,6.375000,9,front_leg_candidate,-75.324,86.833,376.000,540.000,354.000,624.000,rgb_edges_inside_sam2_mask
154,6.375000,10,rear_leg_candidate,80.417,78.090,516.000,532.000,529.000,609.000,rgb_edges_inside_sam2_mask
154,6.375000,11,rear_leg_candidate,81.656,75.802,507.000,497.000,518.000,572.000,rgb_edges_inside_sam2_mask
154,6.375000,12,front_leg_candidate,-76.715,73.980,465.000,567.000,448.000,639.000,rgb_edges_inside_sam2_mask
154,6.375000,13,front_leg_candidate,-72.553,73.376,406.000,439.000,384.000,509.000,rgb_edges_inside_sam2_mask
154,6.375000,14,front_leg_candidate,-77.196,67.683,470.000,567.000,455.000,633.000,rgb_edges_inside_sam2_mask
154,6.375000,15,rear_leg_candidate,80.134,46.690,419.000,439.000,427.000,485.000,rgb_edges_inside_sam2_mask
154,6.375000,16,rear_leg_candidate,81.027,38.471,412.000,449.000,418.000,487.000,rgb_edges_inside_sam2_mask
154,6.375000,17,rear_leg_candidate,79.287,37.656,416.000,454.000,423.000,491.000,rgb_edges_inside_sam2_mask
155,6.416667,0,rear_leg_candidate,81.128,207.483,502.000,404.000,534.000,609.000,rgb_edges_inside_sam2_mask
155,6.416667,1,front_leg_candidate,-76.792,201.326,498.000,449.000,452.000,645.000,rgb_edges_inside_sam2_mask
155,6.416667,2,front_leg_candidate,-76.759,139.714,490.000,509.000,458.000,645.000,rgb_edges_inside_sam2_mask
155,6.416667,3,front_leg_candidate,-77.137,130.269,478.000,513.000,449.000,640.000,rgb_edges_inside_sam2_mask
155,6.416667,4,front_leg_candidate,-73.811,129.120,424.000,386.000,388.000,510.000,rgb_edges_inside_sam2_mask
155,6.416667,5,front_leg_candidate,-73.867,125.960,397.000,507.000,362.000,628.000,rgb_edges_inside_sam2_mask
155,6.416667,6,front_leg_candidate,-74.539,97.529,390.000,506.000,364.000,600.000,rgb_edges_inside_sam2_mask
155,6.416667,7,rear_leg_candidate,81.529,95.037,504.000,478.000,518.000,572.000,rgb_edges_inside_sam2_mask
155,6.416667,8,rear_leg_candidate,78.930,93.744,425.000,510.000,443.000,602.000,rgb_edges_inside_sam2_mask
155,6.416667,9,rear_leg_candidate,80.134,93.381,432.000,511.000,448.000,603.000,rgb_edges_inside_sam2_mask
155,6.416667,10,front_leg_candidate,-74.982,84.900,376.000,540.000,354.000,622.000,rgb_edges_inside_sam2_mask
155,6.416667,11,rear_leg_candidate,80.991,83.024,516.000,527.000,529.000,609.000,rgb_edges_inside_sam2_mask
155,6.416667,12,front_leg_candidate,-77.320,82.000,486.000,479.000,468.000,559.000,rgb_edges_inside_sam2_mask
155,6.416667,13,front_leg_candidate,-77.550,78.854,506.000,413.000,489.000,490.000,rgb_edges_inside_sam2_mask
155,6.416667,14,front_leg_candidate,-76.675,78.102,479.000,560.000,461.000,636.000,rgb_edges_inside_sam2_mask
155,6.416667,15,front_leg_candidate,-72.759,60.729,406.000,439.000,388.000,497.000,rgb_edges_inside_sam2_mask
155,6.416667,16,front_leg_candidate,-77.574,60.415,501.000,460.000,488.000,519.000,rgb_edges_inside_sam2_mask
155,6.416667,17,rear_leg_candidate,81.724,55.579,502.000,467.000,510.000,522.000,rgb_edges_inside_sam2_mask
155,6.416667,18,front_leg_candidate,-75.069,46.573,412.000,449.000,400.000,494.000,rgb_edges_inside_sam2_mask
155,6.416667,19,front_leg_candidate,-74.745,45.607,370.000,581.000,358.000,625.000,rgb_edges_inside_sam2_mask
155,6.416667,20,rear_leg_candidate,81.158,45.541,504.000,461.000,511.000,506.000,rgb_edges_inside_sam2_mask
155,6.416667,21,rear_leg_candidate,80.961,44.553,420.000,441.000,427.000,485.000,rgb_edges_inside_sam2_mask
155,6.416667,22,front_leg_candidate,-75.651,44.385,484.000,540.000,473.000,583.000,rgb_edges_inside_sam2_mask
155,6.416667,23,front_leg_candidate,-72.408,43.012,376.000,587.000,363.000,628.000,rgb_edges_inside_sam2_mask
155,6.416667,24,front_leg_candidate,-74.055,36.401,383.000,534.000,373.000,569.000,rgb_edges_inside_sam2_mask
155,6.416667,25,rear_leg_candidate,82.093,36.346,506.000,468.000,511.000,504.000,rgb_edges_inside_sam2_mask
155,6.416667,26,rear_leg_candidate,82.093,36.346,513.000,535.000,518.000,571.000,rgb_edges_inside_sam2_mask
156,6.458333,0,rear_leg_candidate,81.128,207.483,502.000,404.000,534.000,609.000,rgb_edges_inside_sam2_mask
156,6.458333,1,front_leg_candidate,-75.030,193.569,407.000,444.000,357.000,631.000,rgb_edges_inside_sam2_mask
156,6.458333,2,front_leg_candidate,-77.142,188.733,501.000,461.000,459.000,645.000,rgb_edges_inside_sam2_mask
156,6.458333,3,front_leg_candidate,-77.029,182.661,490.000,462.000,449.000,640.000,rgb_edges_inside_sam2_mask
156,6.458333,4,front_leg_candidate,-76.855,171.493,491.000,478.000,452.000,645.000,rgb_edges_inside_sam2_mask
156,6.458333,5,front_leg_candidate,-76.853,140.688,508.000,409.000,476.000,546.000,rgb_edges_inside_sam2_mask
156,6.458333,6,front_leg_candidate,-75.069,124.193,396.000,507.000,364.000,627.000,rgb_edges_inside_sam2_mask
156,6.458333,7,front_leg_candidate,-74.275,107.005,414.000,407.000,385.000,510.000,rgb_edges_inside_sam2_mask
156,6.458333,8,rear_leg_candidate,80.134,93.381,426.000,510.000,442.000,602.000,rgb_edges_inside_sam2_mask
156,6.458333,9,rear_leg_candidate,80.028,92.396,433.000,512.000,449.000,603.000,rgb_edges_inside_sam2_mask
156,6.458333,10,front_leg_candidate,-74.859,88.057,386.000,543.000,363.000,628.000,rgb_edges_inside_sam2_mask
156,6.458333,11,front_leg_candidate,-74.624,82.970,376.000,541.000,354.000,621.000,rgb_edges_inside_sam2_mask
156,6.458333,12,rear_leg_candidate,81.674,82.873,516.000,527.000,528.000,609.000,rgb_edges_inside_sam2_mask
156,6.458333,13,front_leg_candidate,-77.229,76.903,490.000,463.000,473.000,538.000,rgb_edges_inside_sam2_mask
156,6.458333,14,rear_leg_candidate,80.538,72.993,502.000,470.000,514.000,542.000,rgb_edges_inside_sam2_mask
156,6.458333,15,front_leg_candidate,-74.476,56.045,369.000,569.000,354.000,623.000,rgb_edges_inside_sam2_mask
156,6.458333,16,rear_leg_candidate,82.030,50.488,516.000,528.000,523.000,578.000,rgb_edges_inside_sam2_mask
156,6.458333,17,front_leg_candidate,-73.887,46.840,412.000,449.000,399.000,494.000,rgb_edges_inside_sam2_mask
156,6.458333,18,front_leg_candidate,-77.471,36.878,421.000,413.000,413.000,449.000,rgb_edges_inside_sam2_mask
156,6.458333,19,rear_leg_candidate,80.538,36.497,412.000,451.000,418.000,487.000,rgb_edges_inside_sam2_mask
157,6.500000,0,front_leg_candidate,-77.093,246.221,508.000,405.000,453.000,645.000,rgb_edges_inside_sam2_mask
157,6.500000,1,front_leg_candidate,-77.074,187.758,501.000,462.000,459.000,645.000,rgb_edges_inside_sam2_mask
157,6.500000,2,front_leg_candidate,-77.099,183.636,490.000,462.000,449.000,641.000,rgb_edges_inside_sam2_mask
157,6.500000,3,rear_leg_candidate,81.060,180.189,506.000,431.000,534.000,609.000,rgb_edges_inside_sam2_mask
157,6.500000,4,front_leg_candidate,-74.342,137.088,398.000,479.000,361.000,611.000,rgb_edges_inside_sam2_mask
157,6.500000,5,front_leg_candidate,-73.811,129.120,424.000,386.000,388.000,510.000,rgb_edges_inside_sam2_mask
157,6.500000,6,front_leg_candidate,-75.069,124.193,396.000,507.000,364.000,627.000,rgb_edges_inside_sam2_mask
157,6.500000,7,rear_leg_candidate,79.958,97.494,500.000,464.000,517.000,560.000,rgb_edges_inside_sam2_mask
157,6.500000,8,rear_leg_candidate,77.735,94.149,424.000,510.000,444.000,602.000,rgb_edges_inside_sam2_mask
157,6.500000,9,front_leg_candidate,-74.982,84.900,376.000,540.000,354.000,622.000,rgb_edges_inside_sam2_mask
157,6.500000,10,rear_leg_candidate,80.991,83.024,516.000,527.000,529.000,609.000,rgb_edges_inside_sam2_mask
157,6.500000,11,front_leg_candidate,-74.055,72.801,377.000,556.000,357.000,626.000,rgb_edges_inside_sam2_mask
157,6.500000,12,front_leg_candidate,-76.945,70.831,508.000,408.000,492.000,477.000,rgb_edges_inside_sam2_mask
157,6.500000,13,front_leg_candidate,-73.113,58.523,416.000,438.000,399.000,494.000,rgb_edges_inside_sam2_mask
157,6.500000,14,rear_leg_candidate,81.027,57.706,518.000,505.000,527.000,562.000,rgb_edges_inside_sam2_mask
157,6.500000,15,rear_leg_candidate,78.906,51.971,409.000,440.000,419.000,491.000,rgb_edges_inside_sam2_mask
157,6.500000,16,rear_leg_candidate,79.992,51.788,419.000,439.000,428.000,490.000,rgb_edges_inside_sam2_mask
157,6.500000,17,rear_leg_candidate,81.158,45.541,433.000,512.000,440.000,557.000,rgb_edges_inside_sam2_mask
157,6.500000,18,support_or_stretcher_candidate,65.898,41.629,469.000,486.000,486.000,524.000,rgb_edges_inside_sam2_mask
157,6.500000,19,rear_leg_candidate,80.074,40.608,415.000,451.000,422.000,491.000,rgb_edges_inside_sam2_mask
157,6.500000,20,rear_leg_candidate,82.504,38.328,506.000,468.000,511.000,506.000,rgb_edges_inside_sam2_mask
157,6.500000,21,rear_leg_candidate,80.538,36.497,437.000,534.000,443.000,570.000,rgb_edges_inside_sam2_mask
158,6.541667,0,front_leg_candidate,-76.789,218.790,502.000,432.000,452.000,645.000,rgb_edges_inside_sam2_mask
158,6.541667,1,rear_leg_candidate,81.042,205.507,502.000,406.000,534.000,609.000,rgb_edges_inside_sam2_mask
158,6.541667,2,front_leg_candidate,-77.142,188.733,501.000,461.000,459.000,645.000,rgb_edges_inside_sam2_mask
158,6.541667,3,front_leg_candidate,-77.099,183.636,490.000,462.000,449.000,641.000,rgb_edges_inside_sam2_mask
158,6.541667,4,rear_leg_candidate,81.027,153.883,509.000,449.000,533.000,601.000,rgb_edges_inside_sam2_mask
158,6.541667,5,rear_leg_candidate,80.925,145.825,502.000,468.000,525.000,612.000,rgb_edges_inside_sam2_mask
158,6.541667,6,front_leg_candidate,-76.880,136.565,489.000,512.000,458.000,645.000,rgb_edges_inside_sam2_mask
158,6.541667,7,front_leg_candidate,-74.745,125.419,396.000,507.000,363.000,628.000,rgb_edges_inside_sam2_mask
158,6.541667,8,front_leg_candidate,-76.967,110.856,506.000,417.000,481.000,525.000,rgb_edges_inside_sam2_mask
158,6.541667,9,rear_leg_candidate,79.531,93.557,432.000,511.000,449.000,603.000,rgb_edges_inside_sam2_mask
158,6.541667,10,rear_leg_candidate,80.134,93.381,426.000,510.000,442.000,602.000,rgb_edges_inside_sam2_mask
158,6.541667,11,front_leg_candidate,-73.496,84.481,412.000,429.000,388.000,510.000,rgb_edges_inside_sam2_mask
158,6.541667,12,rear_leg_candidate,81.773,83.863,516.000,526.000,528.000,609.000,rgb_edges_inside_sam2_mask
158,6.541667,13,rear_leg_candidate,77.471,73.756,414.000,419.000,430.000,491.000,rgb_edges_inside_sam2_mask
158,6.541667,14,front_leg_candidate,-74.055,72.801,377.000,556.000,357.000,626.000,rgb_edges_inside_sam2_mask
158,6.541667,15,front_leg_candidate,-74.814,72.533,376.000,540.000,357.000,610.000,rgb_edges_inside_sam2_mask
158,6.541667,16,rear_leg_candidate,78.845,72.367,430.000,531.000,444.000,602.000,rgb_edges_inside_sam2_mask
158,6.541667,17,front_leg_candidate,-73.179,44.922,391.000,506.000,378.000,549.000,rgb_edges_inside_sam2_mask
158,6.541667,18,rear_leg_candidate,81.870,42.426,516.000,529.000,522.000,571.000,rgb_edges_inside_sam2_mask
158,6.541667,19,rear_leg_candidate,80.311,41.593,412.000,450.000,419.000,491.000,rgb_edges_inside_sam2_mask
158,6.541667,20,rear_leg_candidate,82.093,36.346,506.000,469.000,511.000,505.000,rgb_edges_inside_sam2_mask
159,6.583333,0,front_leg_candidate,-77.132,237.977,506.000,413.000,453.000,645.000,rgb_edges_inside_sam2_mask
159,6.583333,1,front_leg_candidate,-74.851,237.245,422.000,389.000,360.000,618.000,rgb_edges_inside_sam2_mask
159,6.583333,2,rear_leg_candidate,81.146,201.400,502.000,404.000,533.000,603.000,rgb_edges_inside_sam2_mask
159,6.583333,3,rear_leg_candidate,80.987,146.813,501.000,460.000,524.000,605.000,rgb_edges_inside_sam2_mask
159,6.583333,4,front_leg_candidate,-76.759,139.714,490.000,509.000,458.000,645.000,rgb_edges_inside_sam2_mask
159,6.583333,5,front_leg_candidate,-76.709,130.495,491.000,461.000,461.000,588.000,rgb_edges_inside_sam2_mask
159,6.583333,6,front_leg_candidate,-75.005,115.948,388.000,513.000,358.000,625.000,rgb_edges_inside_sam2_mask
159,6.583333,7,front_leg_candidate,-76.849,109.882,474.000,531.000,449.000,638.000,rgb_edges_inside_sam2_mask
159,6.583333,8,rear_leg_candidate,80.134,93.381,426.000,510.000,442.000,602.000,rgb_edges_inside_sam2_mask
159,6.583333,9,front_leg_candidate,-75.324,86.833,376.000,540.000,354.000,624.000,rgb_edges_inside_sam2_mask
159,6.583333,10,rear_leg_candidate,81.098,84.012,516.000,526.000,529.000,609.000,rgb_edges_inside_sam2_mask
159,6.583333,11,front_leg_candidate,-75.556,68.154,386.000,543.000,369.000,609.000,rgb_edges_inside_sam2_mask
159,6.583333,12,rear_leg_candidate,80.690,61.814,418.000,429.000,428.000,490.000,rgb_edges_inside_sam2_mask
159,6.583333,13,front_leg_candidate,-77.367,59.439,466.000,584.000,453.000,642.000,rgb_edges_inside_sam2_mask
159,6.583333,14,rear_leg_candidate,82.030,50.488,434.000,512.000,441.000,562.000,rgb_edges_inside_sam2_mask
159,6.583333,15,rear_leg_candidate,84.920,45.177,443.000,558.000,447.000,603.000,rgb_edges_inside_sam2_mask
159,6.583333,16,rear_leg_candidate,77.905,42.953,414.000,449.000,423.000,491.000,rgb_edges_inside_sam2_mask
159,6.583333,17,front_leg_candidate,-71.996,42.059,413.000,450.000,400.000,490.000,rgb_edges_inside_sam2_mask
159,6.583333,18,rear_leg_candidate,81.674,41.437,505.000,464.000,511.000,505.000,rgb_edges_inside_sam2_mask
159,6.583333,19,front_leg_candidate,-75.964,41.231,394.000,513.000,384.000,553.000,rgb_edges_inside_sam2_mask
159,6.583333,20,front_leg_candidate,-74.055,36.401,373.000,592.000,363.000,627.000,rgb_edges_inside_sam2_mask
160,6.625000,0,front_leg_candidate,-77.132,237.977,506.000,413.000,453.000,645.000,rgb_edges_inside_sam2_mask
160,6.625000,1,front_leg_candidate,-74.982,212.250,412.000,426.000,357.000,631.000,rgb_edges_inside_sam2_mask
160,6.625000,2,rear_leg_candidate,81.146,201.400,502.000,405.000,533.000,604.000,rgb_edges_inside_sam2_mask
160,6.625000,3,front_leg_candidate,-76.759,139.714,490.000,509.000,458.000,645.000,rgb_edges_inside_sam2_mask
160,6.625000,4,front_leg_candidate,-76.165,138.004,481.000,505.000,448.000,639.000,rgb_edges_inside_sam2_mask
160,6.625000,5,front_leg_candidate,-74.820,133.664,423.000,387.000,388.000,516.000,rgb_edges_inside_sam2_mask
160,6.625000,6,front_leg_candidate,-74.624,124.455,397.000,507.000,364.000,627.000,rgb_edges_inside_sam2_mask
160,6.625000,7,front_leg_candidate,-75.280,122.004,394.000,510.000,363.000,628.000,rgb_edges_inside_sam2_mask
160,6.625000,8,front_leg_candidate,-76.316,118.360,491.000,461.000,463.000,576.000,rgb_edges_inside_sam2_mask
160,6.625000,9,front_leg_candidate,-73.698,110.440,430.000,388.000,399.000,494.000,rgb_edges_inside_sam2_mask
160,6.625000,10,front_leg_candidate,-76.827,96.540,474.000,551.000,452.000,645.000,rgb_edges_inside_sam2_mask
160,6.625000,11,rear_leg_candidate,78.930,93.744,425.000,510.000,443.000,602.000,rgb_edges_inside_sam2_mask
160,6.625000,12,front_leg_candidate,-74.624,82.970,376.000,541.000,354.000,621.000,rgb_edges_inside_sam2_mask
160,6.625000,13,rear_leg_candidate,81.573,81.884,516.000,528.000,528.000,609.000,rgb_edges_inside_sam2_mask
160,6.625000,14,rear_leg_candidate,81.469,80.895,503.000,473.000,515.000,553.000,rgb_edges_inside_sam2_mask
160,6.625000,15,rear_leg_candidate,80.942,69.871,516.000,493.000,527.000,562.000,rgb_edges_inside_sam2_mask
160,6.625000,16,front_leg_candidate,-74.745,57.009,369.000,569.000,354.000,624.000,rgb_edges_inside_sam2_mask
160,6.625000,17,rear_leg_candidate,80.538,54.745,433.000,511.000,442.000,565.000,rgb_edges_inside_sam2_mask
160,6.625000,18,rear_leg_candidate,78.690,50.990,420.000,441.000,430.000,491.000,rgb_edges_inside_sam2_mask
160,6.625000,19,rear_leg_candidate,79.796,50.804,413.000,441.000,422.000,491.000,rgb_edges_inside_sam2_mask
160,6.625000,20,front_leg_candidate,-77.989,48.052,501.000,462.000,491.000,509.000,rgb_edges_inside_sam2_mask
160,6.625000,21,rear_leg_candidate,79.160,47.854,410.000,444.000,419.000,491.000,rgb_edges_inside_sam2_mask
160,6.625000,22,front_leg_candidate,-75.379,47.539,490.000,463.000,478.000,509.000,rgb_edges_inside_sam2_mask
160,6.625000,23,rear_leg_candidate,81.674,41.437,442.000,558.000,448.000,599.000,rgb_edges_inside_sam2_mask
160,6.625000,24,rear_leg_candidate,-78.111,38.833,501.000,460.000,493.000,498.000,rgb_edges_inside_sam2_mask
160,6.625000,25,front_leg_candidate,-73.443,38.601,413.000,450.000,402.000,487.000,rgb_edges_inside_sam2_mask
160,6.625000,26,rear_leg_candidate,82.304,37.336,514.000,541.000,519.000,578.000,rgb_edges_inside_sam2_mask
161,6.666667,0,front_leg_candidate,-77.005,213.467,501.000,437.000,453.000,645.000,rgb_edges_inside_sam2_mask
161,6.666667,1,front_leg_candidate,-77.074,187.758,501.000,462.000,459.000,645.000,rgb_edges_inside_sam2_mask
161,6.666667,2,rear_leg_candidate,81.203,170.000,507.000,438.000,533.000,606.000,rgb_edges_inside_sam2_mask
161,6.666667,3,rear_leg_candidate,80.969,152.895,509.000,450.000,533.000,601.000,rgb_edges_inside_sam2_mask
161,6.666667,4,front_leg_candidate,-76.917,145.784,508.000,408.000,475.000,550.000,rgb_edges_inside_sam2_mask
161,6.666667,5,front_leg_candidate,-76.264,138.975,481.000,504.000,448.000,639.000,rgb_edges_inside_sam2_mask
161,6.666667,6,front_leg_candidate,-74.624,124.455,389.000,511.000,356.000,631.000,rgb_edges_inside_sam2_mask
161,6.666667,7,front_leg_candidate,-74.827,122.262,396.000,509.000,364.000,627.000,rgb_edges_inside_sam2_mask
161,6.666667,8,front_leg_candidate,-74.787,118.140,394.000,514.000,363.000,628.000,rgb_edges_inside_sam2_mask
161,6.666667,9,front_leg_candidate,-76.446,115.209,490.000,464.000,463.000,576.000,rgb_edges_inside_sam2_mask
161,6.666667,10,rear_leg_candidate,79.695,89.443,432.000,511.000,448.000,599.000,rgb_edges_inside_sam2_mask
161,6.666667,11,front_leg_candidate,-75.324,86.833,376.000,540.000,354.000,624.000,rgb_edges_inside_sam2_mask
161,6.666667,12,front_leg_candidate,-74.148,84.202,422.000,413.000,399.000,494.000,rgb_edges_inside_sam2_mask
161,6.666667,13,rear_leg_candidate,80.991,83.024,516.000,527.000,529.000,609.000,rgb_edges_inside_sam2_mask
161,6.666667,14,rear_leg_candidate,78.690,81.584,425.000,513.000,441.000,593.000,rgb_edges_inside_sam2_mask
161,6.666667,15,rear_leg_candidate,80.665,73.980,505.000,490.000,517.000,563.000,rgb_edges_inside_sam2_mask
161,6.666667,16,front_leg_candidate,-77.005,66.708,467.000,580.000,452.000,645.000,rgb_edges_inside_sam2_mask
161,6.666667,17,front_leg_candidate,-77.367,59.439,473.000,581.000,460.000,639.000,rgb_edges_inside_sam2_mask
161,6.666667,18,rear_leg_candidate,80.870,56.719,501.000,461.000,510.000,517.000,rgb_edges_inside_sam2_mask
161,6.666667,19,rear_leg_candidate,79.509,54.918,409.000,437.000,419.000,491.000,rgb_edges_inside_sam2_mask
161,6.666667,20,rear_leg_candidate,78.930,46.872,411.000,433.000,420.000,479.000,rgb_edges_inside_sam2_mask
161,6.666667,21,front_leg_candidate,-73.887,46.840,419.000,403.000,406.000,448.000,rgb_edges_inside_sam2_mask
161,6.666667,22,front_leg_candidate,-72.897,40.804,410.000,437.000,398.000,476.000,rgb_edges_inside_sam2_mask
161,6.666667,23,rear_leg_candidate,-87.064,39.051,509.000,409.000,507.000,448.000,rgb_edges_inside_sam2_mask
161,6.666667,24,rear_leg_candidate,79.563,38.639,504.000,460.000,511.000,498.000,rgb_edges_inside_sam2_mask
161,6.666667,25,rear_leg_candidate,79.287,37.656,416.000,454.000,423.000,491.000,rgb_edges_inside_sam2_mask
162,6.708333,0,front_leg_candidate,-77.005,213.467,501.000,437.000,453.000,645.000,rgb_edges_inside_sam2_mask
162,6.708333,1,front_leg_candidate,-76.915,189.932,502.000,460.000,459.000,645.000,rgb_edges_inside_sam2_mask
162,6.708333,2,front_leg_candidate,-77.099,183.636,490.000,462.000,449.000,641.000,rgb_edges_inside_sam2_mask
162,6.708333,3,rear_leg_candidate,81.151,169.012,507.000,437.000,533.000,604.000,rgb_edges_inside_sam2_mask
162,6.708333,4,front_leg_candidate,-77.005,146.758,508.000,407.000,475.000,550.000,rgb_edges_inside_sam2_mask
162,6.708333,5,rear_leg_candidate,81.254,131.529,501.000,460.000,521.000,590.000,rgb_edges_inside_sam2_mask
162,6.708333,6,front_leg_candidate,-75.187,125.160,389.000,511.000,357.000,632.000,rgb_edges_inside_sam2_mask
162,6.708333,7,front_leg_candidate,-74.914,119.105,395.000,512.000,364.000,627.000,rgb_edges_inside_sam2_mask
162,6.708333,8,front_leg_candidate,-74.876,114.983,386.000,520.000,356.000,631.000,rgb_edges_inside_sam2_mask
162,6.708333,9,front_leg_candidate,-74.124,113.323,424.000,386.000,393.000,495.000,rgb_edges_inside_sam2_mask
162,6.708333,10,rear_leg_candidate,79.186,90.609,426.000,513.000,443.000,602.000,rgb_edges_inside_sam2_mask
162,6.708333,11,front_leg_candidate,-75.155,85.866,376.000,540.000,354.000,623.000,rgb_edges_inside_sam2_mask
162,6.708333,12,rear_leg_candidate,81.469,80.895,516.000,529.000,528.000,609.000,rgb_edges_inside_sam2_mask
162,6.708333,13,rear_leg_candidate,79.992,51.788,419.000,439.000,428.000,490.000,rgb_edges_inside_sam2_mask
162,6.708333,14,front_leg_candidate,-76.504,51.420,414.000,440.000,402.000,490.000,rgb_edges_inside_sam2_mask
162,6.708333,15,rear_leg_candidate,82.030,50.488,434.000,512.000,441.000,562.000,rgb_edges_inside_sam2_mask
162,6.708333,16,rear_leg_candidate,79.919,45.706,414.000,442.000,422.000,487.000,rgb_edges_inside_sam2_mask
162,6.708333,17,rear_leg_candidate,82.405,45.398,442.000,558.000,448.000,603.000,rgb_edges_inside_sam2_mask
162,6.708333,18,rear_leg_candidate,-79.461,43.738,421.000,413.000,413.000,456.000,rgb_edges_inside_sam2_mask
162,6.708333,19,rear_leg_candidate,79.461,43.738,410.000,444.000,418.000,487.000,rgb_edges_inside_sam2_mask
162,6.708333,20,rear_leg_candidate,78.959,41.773,504.000,460.000,512.000,501.000,rgb_edges_inside_sam2_mask
162,6.708333,21,rear_leg_candidate,-85.601,39.115,510.000,409.000,507.000,448.000,rgb_edges_inside_sam2_mask
163,6.750000,0,front_leg_candidate,-76.775,205.448,499.000,445.000,452.000,645.000,rgb_edges_inside_sam2_mask
163,6.750000,1,front_leg_candidate,-77.005,173.442,509.000,402.000,470.000,571.000,rgb_edges_inside_sam2_mask
163,6.750000,2,rear_leg_candidate,81.151,169.012,507.000,437.000,533.000,604.000,rgb_edges_inside_sam2_mask
163,6.750000,3,front_leg_candidate,-76.877,167.371,497.000,482.000,459.000,645.000,rgb_edges_inside_sam2_mask
163,6.750000,4,front_leg_candidate,-77.033,155.978,484.000,488.000,449.000,640.000,rgb_edges_inside_sam2_mask
163,6.750000,5,front_leg_candidate,-76.759,139.714,490.000,509.000,458.000,645.000,rgb_edges_inside_sam2_mask
163,6.750000,6,front_leg_candidate,-74.827,122.262,396.000,509.000,364.000,627.000,rgb_edges_inside_sam2_mask
163,6.750000,7,front_leg_candidate,-74.970,111.826,423.000,387.000,394.000,495.000,rgb_edges_inside_sam2_mask
163,6.750000,8,rear_leg_candidate,81.714,104.087,503.000,472.000,518.000,575.000,rgb_edges_inside_sam2_mask
163,6.750000,9,front_leg_candidate,-74.358,103.846,389.000,511.000,361.000,611.000,rgb_edges_inside_sam2_mask
163,6.750000,10,front_leg_candidate,-76.827,96.540,490.000,465.000,468.000,559.000,rgb_edges_inside_sam2_mask
163,6.750000,11,rear_leg_candidate,79.186,90.609,426.000,513.000,443.000,602.000,rgb_edges_inside_sam2_mask
163,6.750000,12,rear_leg_candidate,81.690,89.944,511.000,523.000,524.000,612.000,rgb_edges_inside_sam2_mask
163,6.750000,13,front_leg_candidate,-75.324,86.833,376.000,540.000,354.000,624.000,rgb_edges_inside_sam2_mask
163,6.750000,14,rear_leg_candidate,80.991,83.024,516.000,527.000,529.000,609.000,rgb_edges_inside_sam2_mask
163,6.750000,15,rear_leg_candidate,80.074,81.216,432.000,511.000,446.000,591.000,rgb_edges_inside_sam2_mask
163,6.750000,16,front_leg_candidate,-74.055,72.801,377.000,556.000,357.000,626.000,rgb_edges_inside_sam2_mask
163,6.750000,17,rear_leg_candidate,81.741,62.650,418.000,428.000,427.000,490.000,rgb_edges_inside_sam2_mask
163,6.750000,18,rear_leg_candidate,79.992,51.788,437.000,534.000,446.000,585.000,rgb_edges_inside_sam2_mask
163,6.750000,19,rear_leg_candidate,80.910,50.636,410.000,437.000,418.000,487.000,rgb_edges_inside_sam2_mask
163,6.750000,20,rear_leg_candidate,80.727,49.649,414.000,442.000,422.000,491.000,rgb_edges_inside_sam2_mask
163,6.750000,21,front_leg_candidate,-75.964,37.108,502.000,460.000,493.000,496.000,rgb_edges_inside_sam2_mask
163,6.750000,22,rear_leg_candidate,78.996,36.674,505.000,464.000,512.000,500.000,rgb_edges_inside_sam2_mask
164,6.791667,0,front_leg_candidate,-76.759,209.571,500.000,441.000,452.000,645.000,rgb_edges_inside_sam2_mask
164,6.791667,1,front_leg_candidate,-77.053,178.539,489.000,467.000,449.000,641.000,rgb_edges_inside_sam2_mask
164,6.791667,2,front_leg_candidate,-77.005,160.100,510.000,398.000,474.000,554.000,rgb_edges_inside_sam2_mask
164,6.791667,3,front_leg_candidate,-75.069,124.193,389.000,511.000,357.000,631.000,rgb_edges_inside_sam2_mask
164,6.791667,4,front_leg_candidate,-74.827,122.262,396.000,509.000,364.000,627.000,rgb_edges_inside_sam2_mask
164,6.791667,5,front_leg_candidate,-74.876,114.983,393.000,517.000,363.000,628.000,rgb_edges_inside_sam2_mask
164,6.791667,6,rear_leg_candidate,80.340,95.352,508.000,448.000,524.000,542.000,rgb_edges_inside_sam2_mask
164,6.791667,7,front_leg_candidate,-74.141,91.482,418.000,407.000,393.000,495.000,rgb_edges_inside_sam2_mask
164,6.791667,8,rear_leg_candidate,80.538,91.241,518.000,510.000,533.000,600.000,rgb_edges_inside_sam2_mask
164,6.791667,9,rear_leg_candidate,79.808,90.427,427.000,513.000,443.000,602.000,rgb_edges_inside_sam2_mask
164,6.791667,10,front_leg_candidate,-75.324,86.833,376.000,540.000,354.000,624.000,rgb_edges_inside_sam2_mask
164,6.791667,11,front_leg_candidate,-77.471,82.976,477.000,564.000,459.000,645.000,rgb_edges_inside_sam2_mask
164,6.791667,12,rear_leg_candidate,81.674,82.873,516.000,527.000,528.000,609.000,rgb_edges_inside_sam2_mask
164,6.791667,13,front_leg_candidate,-74.438,82.006,422.000,413.000,400.000,492.000,rgb_edges_inside_sam2_mask
164,6.791667,14,rear_leg_candidate,81.573,81.884,503.000,472.000,515.000,553.000,rgb_edges_inside_sam2_mask
164,6.791667,15,front_leg_candidate,-74.745,79.812,378.000,549.000,357.000,626.000,rgb_edges_inside_sam2_mask
164,6.791667,16,front_leg_candidate,-77.391,77.878,490.000,509.000,473.000,585.000,rgb_edges_inside_sam2_mask
164,6.791667,17,rear_leg_candidate,81.870,77.782,513.000,535.000,524.000,612.000,rgb_edges_inside_sam2_mask
164,6.791667,18,front_leg_candidate,-76.715,73.980,465.000,567.000,448.000,639.000,rgb_edges_inside_sam2_mask
164,6.791667,19,rear_leg_candidate,79.592,49.820,420.000,441.000,429.000,490.000,rgb_edges_inside_sam2_mask
164,6.791667,20,rear_leg_candidate,80.754,43.566,411.000,444.000,418.000,487.000,rgb_edges_inside_sam2_mask
164,6.791667,21,rear_leg_candidate,80.754,43.566,526.000,561.000,533.000,604.000,rgb_edges_inside_sam2_mask
164,6.791667,22,front_leg_candidate,-77.905,42.953,490.000,465.000,481.000,507.000,rgb_edges_inside_sam2_mask
164,6.791667,23,front_leg_candidate,-77.905,42.953,515.000,405.000,506.000,447.000,rgb_edges_inside_sam2_mask
164,6.791667,24,rear_leg_candidate,78.408,39.812,432.000,511.000,440.000,550.000,rgb_edges_inside_sam2_mask
164,6.791667,25,rear_leg_candidate,-78.111,38.833,501.000,460.000,493.000,498.000,rgb_edges_inside_sam2_mask
164,6.791667,26,rear_leg_candidate,-78.111,38.833,502.000,460.000,494.000,498.000,rgb_edges_inside_sam2_mask
164,6.791667,27,rear_leg_candidate,82.504,38.328,508.000,499.000,513.000,537.000,rgb_edges_inside_sam2_mask
165,6.833333,0,front_leg_candidate,-76.967,221.712,503.000,429.000,453.000,645.000,rgb_edges_inside_sam2_mask
165,6.833333,1,rear_leg_candidate,81.151,169.012,507.000,437.000,533.000,604.000,rgb_edges_inside_sam2_mask
165,6.833333,2,front_leg_candidate,-77.115,156.952,484.000,488.000,449.000,641.000,rgb_edges_inside_sam2_mask
165,6.833333,3,front_leg_candidate,-74.827,122.262,396.000,509.000,364.000,627.000,rgb_edges_inside_sam2_mask
165,6.833333,4,front_leg_candidate,-75.160,121.037,394.000,511.000,363.000,628.000,rgb_edges_inside_sam2_mask
165,6.833333,5,front_leg_candidate,-73.856,118.680,390.000,511.000,357.000,625.000,rgb_edges_inside_sam2_mask
165,6.833333,6,front_leg_candidate,-74.699,109.895,422.000,389.000,393.000,495.000,rgb_edges_inside_sam2_mask
165,6.833333,7,front_leg_candidate,-76.218,109.142,484.000,539.000,458.000,645.000,rgb_edges_inside_sam2_mask
165,6.833333,8,front_leg_candidate,-74.995,100.424,423.000,386.000,397.000,483.000,rgb_edges_inside_sam2_mask
165,6.833333,9,rear_leg_candidate,80.134,93.381,432.000,511.000,448.000,603.000,rgb_edges_inside_sam2_mask
165,6.833333,10,front_leg_candidate,-76.578,90.471,512.000,394.000,491.000,482.000,rgb_edges_inside_sam2_mask
165,6.833333,11,rear_leg_candidate,80.433,90.255,427.000,513.000,442.000,602.000,rgb_edges_inside_sam2_mask
165,6.833333,12,front_leg_candidate,-75.324,86.833,376.000,540.000,354.000,624.000,rgb_edges_inside_sam2_mask
165,6.833333,13,rear_leg_candidate,80.991,83.024,516.000,527.000,529.000,609.000,rgb_edges_inside_sam2_mask
165,6.833333,14,rear_leg_candidate,81.573,81.884,503.000,472.000,515.000,553.000,rgb_edges_inside_sam2_mask
165,6.833333,15,front_leg_candidate,-77.005,80.050,466.000,561.000,448.000,639.000,rgb_edges_inside_sam2_mask
165,6.833333,16,rear_leg_candidate,80.166,76.118,433.000,511.000,446.000,586.000,rgb_edges_inside_sam2_mask
165,6.833333,17,front_leg_candidate,-76.891,74.953,469.000,572.000,452.000,645.000,rgb_edges_inside_sam2_mask
165,6.833333,18,front_leg_candidate,-74.055,72.801,377.000,556.000,357.000,626.000,rgb_edges_inside_sam2_mask
165,6.833333,19,rear_leg_candidate,77.775,61.392,411.000,431.000,424.000,491.000,rgb_edges_inside_sam2_mask
165,6.833333,20,rear_leg_candidate,82.147,58.549,516.000,554.000,524.000,612.000,rgb_edges_inside_sam2_mask
165,6.833333,21,rear_leg_candidate,82.333,52.469,511.000,523.000,518.000,575.000,rgb_edges_inside_sam2_mask
165,6.833333,22,rear_leg_candidate,80.727,49.649,420.000,441.000,428.000,490.000,rgb_edges_inside_sam2_mask
165,6.833333,23,rear_leg_candidate,-79.380,48.836,501.000,460.000,492.000,508.000,rgb_edges_inside_sam2_mask
165,6.833333,24,front_leg_candidate,-74.219,47.802,422.000,413.000,409.000,459.000,rgb_edges_inside_sam2_mask
165,6.833333,25,rear_leg_candidate,79.695,44.721,410.000,444.000,418.000,488.000,rgb_edges_inside_sam2_mask
165,6.833333,26,front_leg_candidate,-76.608,43.174,490.000,510.000,480.000,552.000,rgb_edges_inside_sam2_mask
165,6.833333,27,front_leg_candidate,-68.962,41.785,419.000,439.000,404.000,478.000,rgb_edges_inside_sam2_mask
165,6.833333,28,rear_leg_candidate,78.690,40.792,504.000,460.000,512.000,500.000,rgb_edges_inside_sam2_mask
166,6.875000,0,front_leg_candidate,-77.005,213.467,501.000,437.000,453.000,645.000,rgb_edges_inside_sam2_mask
166,6.875000,1,front_leg_candidate,-74.818,206.197,423.000,386.000,369.000,585.000,rgb_edges_inside_sam2_mask
166,6.875000,2,rear_leg_candidate,81.119,161.941,509.000,449.000,534.000,609.000,rgb_edges_inside_sam2_mask
166,6.875000,3,front_leg_candidate,-76.842,158.152,511.000,396.000,475.000,550.000,rgb_edges_inside_sam2_mask
166,6.875000,4,rear_leg_candidate,81.283,151.753,501.000,462.000,524.000,612.000,rgb_edges_inside_sam2_mask
166,6.875000,5,front_leg_candidate,-76.264,138.975,481.000,504.000,448.000,639.000,rgb_edges_inside_sam2_mask
166,6.875000,6,front_leg_candidate,-77.758,108.467,501.000,460.000,478.000,566.000,rgb_edges_inside_sam2_mask
166,6.875000,7,rear_leg_candidate,78.930,93.744,425.000,510.000,443.000,602.000,rgb_edges_inside_sam2_mask
166,6.875000,8,rear_leg_candidate,78.930,93.744,426.000,510.000,444.000,602.000,rgb_edges_inside_sam2_mask
166,6.875000,9,rear_leg_candidate,79.531,93.557,432.000,511.000,449.000,603.000,rgb_edges_inside_sam2_mask
166,6.875000,10,front_leg_candidate,-75.324,86.833,376.000,540.000,354.000,624.000,rgb_edges_inside_sam2_mask
166,6.875000,11,front_leg_candidate,-74.805,83.934,422.000,413.000,400.000,494.000,rgb_edges_inside_sam2_mask
166,6.875000,12,rear_leg_candidate,80.991,83.024,516.000,527.000,529.000,609.000,rgb_edges_inside_sam2_mask
166,6.875000,13,front_leg_candidate,-76.477,81.253,484.000,488.000,465.000,567.000,rgb_edges_inside_sam2_mask
166,6.875000,14,rear_leg_candidate,81.142,77.929,516.000,532.000,528.000,609.000,rgb_edges_inside_sam2_mask
166,6.875000,15,front_leg_candidate,-76.149,75.186,382.000,557.000,364.000,630.000,rgb_edges_inside_sam2_mask
166,6.875000,16,front_leg_candidate,-75.964,74.216,375.000,560.000,357.000,632.000,rgb_edges_inside_sam2_mask
166,6.875000,17,front_leg_candidate,-76.159,71.063,395.000,506.000,378.000,575.000,rgb_edges_inside_sam2_mask
166,6.875000,18,front_leg_candidate,-77.735,70.612,477.000,564.000,462.000,633.000,rgb_edges_inside_sam2_mask
166,6.875000,19,front_leg_candidate,-77.005,66.708,467.000,580.000,452.000,645.000,rgb_edges_inside_sam2_mask
166,6.875000,20,rear_leg_candidate,77.845,66.491,409.000,423.000,423.000,488.000,rgb_edges_inside_sam2_mask
166,6.875000,21,front_leg_candidate,-77.661,65.513,473.000,581.000,459.000,645.000,rgb_edges_inside_sam2_mask
166,6.875000,22,rear_leg_candidate,81.119,64.777,507.000,498.000,517.000,562.000,rgb_edges_inside_sam2_mask
166,6.875000,23,rear_leg_candidate,-78.232,49.031,489.000,512.000,479.000,560.000,rgb_edges_inside_sam2_mask
166,6.875000,24,rear_leg_candidate,79.695,44.721,410.000,444.000,418.000,488.000,rgb_edges_inside_sam2_mask
166,6.875000,25,rear_leg_candidate,-78.111,38.833,483.000,538.000,475.000,576.000,rgb_edges_inside_sam2_mask
166,6.875000,26,rear_leg_candidate,80.789,37.483,420.000,441.000,426.000,478.000,rgb_edges_inside_sam2_mask
167,6.916667,0,front_leg_candidate,-74.982,254.700,423.000,386.000,357.000,632.000,rgb_edges_inside_sam2_mask
167,6.916667,1,front_leg_candidate,-76.986,217.589,502.000,433.000,453.000,645.000,rgb_edges_inside_sam2_mask
167,6.916667,2,front_leg_candidate,-76.915,189.932,502.000,460.000,459.000,645.000,rgb_edges_inside_sam2_mask
167,6.916667,3,rear_leg_candidate,81.027,173.118,507.000,438.000,534.000,609.000,rgb_edges_inside_sam2_mask
167,6.916667,4,rear_leg_candidate,81.027,153.883,509.000,449.000,533.000,601.000,rgb_edges_inside_sam2_mask
167,6.916667,5,front_leg_candidate,-74.781,140.943,394.000,490.000,357.000,626.000,rgb_edges_inside_sam2_mask
167,6.916667,6,front_leg_candidate,-76.880,136.565,507.000,413.000,476.000,546.000,rgb_edges_inside_sam2_mask
167,6.916667,7,rear_leg_candidate,81.369,113.283,501.000,460.000,518.000,572.000,rgb_edges_inside_sam2_mask
167,6.916667,8,front_leg_candidate,-76.967,110.856,484.000,488.000,459.000,596.000,rgb_edges_inside_sam2_mask
167,6.916667,9,front_leg_candidate,-76.608,107.935,473.000,534.000,448.000,639.000,rgb_edges_inside_sam2_mask
167,6.916667,10,rear_leg_candidate,78.930,93.744,425.000,510.000,443.000,602.000,rgb_edges_inside_sam2_mask
167,6.916667,11,front_leg_candidate,-75.155,85.866,376.000,540.000,354.000,623.000,rgb_edges_inside_sam2_mask
167,6.916667,12,front_leg_candidate,-74.805,83.934,422.000,413.000,400.000,494.000,rgb_edges_inside_sam2_mask
167,6.916667,13,rear_leg_candidate,81.573,81.884,516.000,528.000,528.000,609.000,rgb_edges_inside_sam2_mask
167,6.916667,14,rear_leg_candidate,78.977,78.447,431.000,511.000,446.000,588.000,rgb_edges_inside_sam2_mask
167,6.916667,15,front_leg_candidate,-75.964,78.339,383.000,554.000,364.000,630.000,rgb_edges_inside_sam2_mask
167,6.916667,16,front_leg_candidate,-76.945,70.831,468.000,576.000,452.000,645.000,rgb_edges_inside_sam2_mask
167,6.916667,17,rear_leg_candidate,79.939,62.968,435.000,521.000,446.000,583.000,rgb_edges_inside_sam2_mask
167,6.916667,18,rear_leg_candidate,79.992,51.788,419.000,439.000,428.000,490.000,rgb_edges_inside_sam2_mask
167,6.916667,19,rear_leg_candidate,76.827,48.270,413.000,444.000,424.000,491.000,rgb_edges_inside_sam2_mask
167,6.916667,20,rear_leg_candidate,79.461,43.738,411.000,444.000,419.000,487.000,rgb_edges_inside_sam2_mask
167,6.916667,21,front_leg_candidate,-74.982,42.450,414.000,420.000,403.000,461.000,rgb_edges_inside_sam2_mask
167,6.916667,22,rear_leg_candidate,78.690,40.792,504.000,460.000,512.000,500.000,rgb_edges_inside_sam2_mask
167,6.916667,23,rear_leg_candidate,78.996,36.674,411.000,451.000,418.000,487.000,rgb_edges_inside_sam2_mask
168,6.958333,0,front_leg_candidate,-76.967,221.712,503.000,429.000,453.000,645.000,rgb_edges_inside_sam2_mask
168,6.958333,1,front_leg_candidate,-77.209,189.708,501.000,460.000,459.000,645.000,rgb_edges_inside_sam2_mask
168,6.958333,2,rear_leg_candidate,81.151,169.012,507.000,437.000,533.000,604.000,rgb_edges_inside_sam2_mask
168,6.958333,3,front_leg_candidate,-77.115,156.952,484.000,488.000,449.000,641.000,rgb_edges_inside_sam2_mask
168,6.958333,4,front_leg_candidate,-74.228,136.125,394.000,495.000,357.000,626.000,rgb_edges_inside_sam2_mask
168,6.958333,5,front_leg_candidate,-73.811,129.120,424.000,386.000,388.000,510.000,rgb_edges_inside_sam2_mask
168,6.958333,6,front_leg_candidate,-74.745,125.419,396.000,507.000,363.000,628.000,rgb_edges_inside_sam2_mask
168,6.958333,7,front_leg_candidate,-76.691,95.567,512.000,393.000,490.000,486.000,rgb_edges_inside_sam2_mask
168,6.958333,8,rear_leg_candidate,80.134,93.381,426.000,510.000,442.000,602.000,rgb_edges_inside_sam2_mask
168,6.958333,9,rear_leg_candidate,80.134,93.381,433.000,511.000,449.000,603.000,rgb_edges_inside_sam2_mask
168,6.958333,10,front_leg_candidate,-75.324,86.833,376.000,540.000,354.000,624.000,rgb_edges_inside_sam2_mask
168,6.958333,11,rear_leg_candidate,81.773,83.863,506.000,489.000,518.000,572.000,rgb_edges_inside_sam2_mask
168,6.958333,12,rear_leg_candidate,80.991,83.024,516.000,527.000,529.000,609.000,rgb_edges_inside_sam2_mask
168,6.958333,13,rear_leg_candidate,81.363,79.906,516.000,530.000,528.000,609.000,rgb_edges_inside_sam2_mask
168,6.958333,14,front_leg_candidate,-75.651,44.385,411.000,451.000,400.000,494.000,rgb_edges_inside_sam2_mask
168,6.958333,15,front_leg_candidate,-77.005,40.025,485.000,533.000,476.000,572.000,rgb_edges_inside_sam2_mask
168,6.958333,16,rear_leg_candidate,80.789,37.483,420.000,441.000,426.000,478.000,rgb_edges_inside_sam2_mask
169,7.000000,0,front_leg_candidate,-74.970,223.652,415.000,415.000,357.000,631.000,rgb_edges_inside_sam2_mask
169,7.000000,1,front_leg_candidate,-76.984,204.247,499.000,446.000,453.000,645.000,rgb_edges_inside_sam2_mask
169,7.000000,2,front_leg_candidate,-76.915,189.932,502.000,460.000,459.000,645.000,rgb_edges_inside_sam2_mask
169,7.000000,3,rear_leg_candidate,81.098,168.024,507.000,437.000,533.000,603.000,rgb_edges_inside_sam2_mask
169,7.000000,4,front_leg_candidate,-77.115,156.952,484.000,488.000,449.000,641.000,rgb_edges_inside_sam2_mask
169,7.000000,5,front_leg_candidate,-76.866,154.029,511.000,396.000,476.000,546.000,rgb_edges_inside_sam2_mask
169,7.000000,6,front_leg_candidate,-75.069,124.193,396.000,507.000,364.000,627.000,rgb_edges_inside_sam2_mask
169,7.000000,7,front_leg_candidate,-74.995,100.424,423.000,386.000,397.000,483.000,rgb_edges_inside_sam2_mask
169,7.000000,8,rear_leg_candidate,81.617,96.026,504.000,477.000,518.000,572.000,rgb_edges_inside_sam2_mask
169,7.000000,9,rear_leg_candidate,79.531,93.557,432.000,511.000,449.000,603.000,rgb_edges_inside_sam2_mask
169,7.000000,10,front_leg_candidate,-74.859,88.057,386.000,543.000,363.000,628.000,rgb_edges_inside_sam2_mask
169,7.000000,11,front_leg_candidate,-75.324,86.833,376.000,540.000,354.000,624.000,rgb_edges_inside_sam2_mask
169,7.000000,12,rear_leg_candidate,81.674,82.873,516.000,527.000,528.000,609.000,rgb_edges_inside_sam2_mask
169,7.000000,13,rear_leg_candidate,80.395,65.924,427.000,513.000,438.000,578.000,rgb_edges_inside_sam2_mask
169,7.000000,14,rear_leg_candidate,79.077,58.052,433.000,515.000,444.000,572.000,rgb_edges_inside_sam2_mask
169,7.000000,15,front_leg_candidate,-74.650,52.887,377.000,553.000,363.000,604.000,rgb_edges_inside_sam2_mask
169,7.000000,16,rear_leg_candidate,82.030,50.488,516.000,528.000,523.000,578.000,rgb_edges_inside_sam2_mask
169,7.000000,17,rear_leg_candidate,79.592,49.820,420.000,441.000,429.000,490.000,rgb_edges_inside_sam2_mask
169,7.000000,18,front_leg_candidate,-76.551,47.297,459.000,593.000,448.000,639.000,rgb_edges_inside_sam2_mask
169,7.000000,19,rear_leg_candidate,80.311,41.593,412.000,450.000,419.000,491.000,rgb_edges_inside_sam2_mask
169,7.000000,20,rear_leg_candidate,77.005,40.025,414.000,449.000,423.000,488.000,rgb_edges_inside_sam2_mask
169,7.000000,21,rear_leg_candidate,81.254,39.459,504.000,460.000,510.000,499.000,rgb_edges_inside_sam2_mask
169,7.000000,22,rear_leg_candidate,82.304,37.336,501.000,460.000,506.000,497.000,rgb_edges_inside_sam2_mask
169,7.000000,23,rear_leg_candidate,78.996,36.674,425.000,510.000,432.000,546.000,rgb_edges_inside_sam2_mask
170,7.041667,0,front_leg_candidate,-74.814,217.598,423.000,386.000,366.000,596.000,rgb_edges_inside_sam2_mask
170,7.041667,1,front_leg_candidate,-76.792,201.326,498.000,449.000,452.000,645.000,rgb_edges_inside_sam2_mask
170,7.041667,2,front_leg_candidate,-76.915,189.932,502.000,460.000,459.000,645.000,rgb_edges_inside_sam2_mask
170,7.041667,3,front_leg_candidate,-76.795,183.861,512.000,392.000,470.000,571.000,rgb_edges_inside_sam2_mask
170,7.041667,4,rear_leg_candidate,80.975,172.131,507.000,440.000,534.000,610.000,rgb_edges_inside_sam2_mask
170,7.041667,5,rear_leg_candidate,80.826,163.086,509.000,449.000,535.000,610.000,rgb_edges_inside_sam2_mask
170,7.041667,6,front_leg_candidate,-76.350,144.069,482.000,499.000,448.000,639.000,rgb_edges_inside_sam2_mask
170,7.041667,7,front_leg_candidate,-75.069,124.193,396.000,507.000,364.000,627.000,rgb_edges_inside_sam2_mask
170,7.041667,8,front_leg_candidate,-74.876,114.983,393.000,517.000,363.000,628.000,rgb_edges_inside_sam2_mask
170,7.041667,9,rear_leg_candidate,81.369,113.283,501.000,460.000,518.000,572.000,rgb_edges_inside_sam2_mask
170,7.041667,10,rear_leg_candidate,78.331,93.941,425.000,510.000,444.000,602.000,rgb_edges_inside_sam2_mask
170,7.041667,11,front_leg_candidate,-75.324,86.833,376.000,540.000,354.000,624.000,rgb_edges_inside_sam2_mask
170,7.041667,12,rear_leg_candidate,80.991,83.024,516.000,527.000,529.000,609.000,rgb_edges_inside_sam2_mask
170,7.041667,13,rear_leg_candidate,77.276,63.561,409.000,426.000,423.000,488.000,rgb_edges_inside_sam2_mask
170,7.041667,14,front_leg_candidate,-76.866,61.612,463.000,580.000,449.000,640.000,rgb_edges_inside_sam2_mask
170,7.041667,15,rear_leg_candidate,82.333,52.469,439.000,540.000,446.000,592.000,rgb_edges_inside_sam2_mask
170,7.041667,16,front_leg_candidate,-75.426,51.662,383.000,531.000,370.000,581.000,rgb_edges_inside_sam2_mask
170,7.041667,17,rear_leg_candidate,79.592,49.820,420.000,441.000,429.000,490.000,rgb_edges_inside_sam2_mask
170,7.041667,18,rear_leg_candidate,83.660,45.277,435.000,516.000,440.000,561.000,rgb_edges_inside_sam2_mask
170,7.041667,19,front_leg_candidate,-75.324,43.417,373.000,567.000,362.000,609.000,rgb_edges_inside_sam2_mask
170,7.041667,20,rear_leg_candidate,80.311,41.593,410.000,436.000,417.000,477.000,rgb_edges_inside_sam2_mask
170,7.041667,21,rear_leg_candidate,78.690,40.792,411.000,451.000,419.000,491.000,rgb_edges_inside_sam2_mask
170,7.041667,22,rear_leg_candidate,78.690,40.792,504.000,460.000,512.000,500.000,rgb_edges_inside_sam2_mask
171,7.083333,0,front_leg_candidate,-76.792,201.326,498.000,449.000,452.000,645.000,rgb_edges_inside_sam2_mask
171,7.083333,1,rear_leg_candidate,80.975,172.131,507.000,440.000,534.000,610.000,rgb_edges_inside_sam2_mask
171,7.083333,2,front_leg_candidate,-76.820,162.274,512.000,392.000,475.000,550.000,rgb_edges_inside_sam2_mask
171,7.083333,3,front_leg_candidate,-73.811,129.120,424.000,386.000,388.000,510.000,rgb_edges_inside_sam2_mask
171,7.083333,4,front_leg_candidate,-76.399,127.577,484.000,490.000,454.000,614.000,rgb_edges_inside_sam2_mask
171,7.083333,5,front_leg_candidate,-74.181,124.724,391.000,506.000,357.000,626.000,rgb_edges_inside_sam2_mask
171,7.083333,6,front_leg_candidate,-75.069,124.193,396.000,507.000,364.000,627.000,rgb_edges_inside_sam2_mask
171,7.083333,7,rear_leg_candidate,81.369,113.283,501.000,460.000,518.000,572.000,rgb_edges_inside_sam2_mask
171,7.083333,8,front_leg_candidate,-74.846,99.459,389.000,532.000,363.000,628.000,rgb_edges_inside_sam2_mask
171,7.083333,9,front_leg_candidate,-76.551,94.594,485.000,533.000,463.000,625.000,rgb_edges_inside_sam2_mask
171,7.083333,10,front_leg_candidate,-75.324,86.833,376.000,540.000,354.000,624.000,rgb_edges_inside_sam2_mask
171,7.083333,11,front_leg_candidate,-76.452,85.376,502.000,460.000,482.000,543.000,rgb_edges_inside_sam2_mask
171,7.083333,12,rear_leg_candidate,81.573,81.884,516.000,528.000,528.000,609.000,rgb_edges_inside_sam2_mask
171,7.083333,13,front_leg_candidate,-75.964,70.093,465.000,571.000,448.000,639.000,rgb_edges_inside_sam2_mask
171,7.083333,14,rear_leg_candidate,78.158,63.348,431.000,540.000,444.000,602.000,rgb_edges_inside_sam2_mask
171,7.083333,15,front_leg_candidate,-75.466,55.785,383.000,531.000,369.000,585.000,rgb_edges_inside_sam2_mask
171,7.083333,16,front_leg_candidate,-77.242,54.342,413.000,441.000,401.000,494.000,rgb_edges_inside_sam2_mask
171,7.083333,17,front_leg_candidate,-76.759,52.393,471.000,594.000,459.000,645.000,rgb_edges_inside_sam2_mask
171,7.083333,18,rear_leg_candidate,77.593,51.196,432.000,511.000,443.000,561.000,rgb_edges_inside_sam2_mask
171,7.083333,19,rear_leg_candidate,80.727,49.649,420.000,441.000,428.000,490.000,rgb_edges_inside_sam2_mask
171,7.083333,20,rear_leg_candidate,79.380,48.836,440.000,555.000,449.000,603.000,rgb_edges_inside_sam2_mask
171,7.083333,21,rear_leg_candidate,78.690,40.792,504.000,460.000,512.000,500.000,rgb_edges_inside_sam2_mask
171,7.083333,22,front_leg_candidate,-76.329,38.079,422.000,413.000,413.000,450.000,rgb_edges_inside_sam2_mask
172,7.125000,0,front_leg_candidate,-74.982,254.700,423.000,386.000,357.000,632.000,rgb_edges_inside_sam2_mask
172,7.125000,1,front_leg_candidate,-76.792,201.326,498.000,449.000,452.000,645.000,rgb_edges_inside_sam2_mask
172,7.125000,2,front_leg_candidate,-77.099,183.636,511.000,392.000,470.000,571.000,rgb_edges_inside_sam2_mask
172,7.125000,3,rear_leg_candidate,81.129,175.094,507.000,437.000,534.000,610.000,rgb_edges_inside_sam2_mask
172,7.125000,4,front_leg_candidate,-77.033,155.978,484.000,488.000,449.000,640.000,rgb_edges_inside_sam2_mask
172,7.125000,5,front_leg_candidate,-75.069,124.193,396.000,507.000,364.000,627.000,rgb_edges_inside_sam2_mask
172,7.125000,6,front_leg_candidate,-74.699,109.895,386.000,520.000,357.000,626.000,rgb_edges_inside_sam2_mask
172,7.125000,7,rear_leg_candidate,80.134,93.381,426.000,510.000,442.000,602.000,rgb_edges_inside_sam2_mask
172,7.125000,8,front_leg_candidate,-75.155,85.866,376.000,541.000,354.000,624.000,rgb_edges_inside_sam2_mask
172,7.125000,9,front_leg_candidate,-76.130,83.433,421.000,413.000,401.000,494.000,rgb_edges_inside_sam2_mask
172,7.125000,10,rear_leg_candidate,80.991,83.024,516.000,527.000,529.000,609.000,rgb_edges_inside_sam2_mask
172,7.125000,11,rear_leg_candidate,81.142,77.929,516.000,532.000,528.000,609.000,rgb_edges_inside_sam2_mask
172,7.125000,12,rear_leg_candidate,82.972,73.553,508.000,499.000,517.000,572.000,rgb_edges_inside_sam2_mask
172,7.125000,13,front_leg_candidate,-77.125,71.805,484.000,489.000,468.000,559.000,rgb_edges_inside_sam2_mask
172,7.125000,14,front_leg_candidate,-75.256,58.941,472.000,589.000,457.000,646.000,rgb_edges_inside_sam2_mask
172,7.125000,15,rear_leg_candidate,78.111,58.249,411.000,431.000,423.000,488.000,rgb_edges_inside_sam2_mask
172,7.125000,16,rear_leg_candidate,80.049,57.871,418.000,429.000,428.000,486.000,rgb_edges_inside_sam2_mask
172,7.125000,17,front_leg_candidate,-74.650,52.887,376.000,540.000,362.000,591.000,rgb_edges_inside_sam2_mask
172,7.125000,18,front_leg_candidate,-77.593,51.196,470.000,595.000,459.000,645.000,rgb_edges_inside_sam2_mask
172,7.125000,19,rear_leg_candidate,80.727,49.649,438.000,539.000,446.000,588.000,rgb_edges_inside_sam2_mask
172,7.125000,20,front_leg_candidate,-77.989,48.052,486.000,525.000,476.000,572.000,rgb_edges_inside_sam2_mask
172,7.125000,21,rear_leg_candidate,81.347,46.530,434.000,516.000,441.000,562.000,rgb_edges_inside_sam2_mask
172,7.125000,22,rear_leg_candidate,80.961,44.553,411.000,444.000,418.000,488.000,rgb_edges_inside_sam2_mask
172,7.125000,23,rear_leg_candidate,78.690,40.792,504.000,460.000,512.000,500.000,rgb_edges_inside_sam2_mask
172,7.125000,24,rear_leg_candidate,-78.408,39.812,489.000,512.000,481.000,551.000,rgb_edges_inside_sam2_mask
172,7.125000,25,front_leg_candidate,-77.800,37.855,501.000,460.000,493.000,497.000,rgb_edges_inside_sam2_mask
173,7.166667,0,front_leg_candidate,-74.982,254.700,423.000,386.000,357.000,632.000,rgb_edges_inside_sam2_mask
173,7.166667,1,front_leg_candidate,-76.967,221.712,503.000,429.000,453.000,645.000,rgb_edges_inside_sam2_mask
173,7.166667,2,front_leg_candidate,-76.915,189.932,502.000,460.000,459.000,645.000,rgb_edges_inside_sam2_mask
173,7.166667,3,rear_leg_candidate,81.079,174.106,507.000,438.000,534.000,610.000,rgb_edges_inside_sam2_mask
173,7.166667,4,rear_leg_candidate,80.826,163.086,509.000,449.000,535.000,610.000,rgb_edges_inside_sam2_mask
173,7.166667,5,front_leg_candidate,-76.866,154.029,484.000,488.000,449.000,638.000,rgb_edges_inside_sam2_mask
173,7.166667,6,front_leg_candidate,-74.745,125.419,396.000,507.000,363.000,628.000,rgb_edges_inside_sam2_mask
173,7.166667,7,front_leg_candidate,-75.256,117.881,388.000,510.000,358.000,624.000,rgb_edges_inside_sam2_mask
173,7.166667,8,rear_leg_candidate,82.208,95.885,504.000,477.000,517.000,572.000,rgb_edges_inside_sam2_mask
173,7.166667,9,rear_leg_candidate,80.134,93.381,432.000,511.000,448.000,603.000,rgb_edges_inside_sam2_mask
173,7.166667,10,front_leg_candidate,-74.148,84.202,376.000,541.000,353.000,622.000,rgb_edges_inside_sam2_mask
173,7.166667,11,rear_leg_candidate,81.573,81.884,516.000,528.000,528.000,609.000,rgb_edges_inside_sam2_mask
173,7.166667,12,front_leg_candidate,-77.125,71.805,484.000,489.000,468.000,559.000,rgb_edges_inside_sam2_mask
173,7.166667,13,rear_leg_candidate,80.395,65.924,435.000,521.000,446.000,586.000,rgb_edges_inside_sam2_mask
173,7.166667,14,front_leg_candidate,-74.827,61.131,373.000,567.000,357.000,626.000,rgb_edges_inside_sam2_mask
173,7.166667,15,front_leg_candidate,-74.578,60.166,370.000,565.000,354.000,623.000,rgb_edges_inside_sam2_mask
173,7.166667,16,rear_leg_candidate,82.030,50.488,511.000,522.000,518.000,572.000,rgb_edges_inside_sam2_mask
173,7.166667,17,rear_leg_candidate,80.727,49.649,420.000,441.000,428.000,490.000,rgb_edges_inside_sam2_mask
173,7.166667,18,rear_leg_candidate,77.093,49.244,424.000,510.000,435.000,558.000,rgb_edges_inside_sam2_mask
173,7.166667,19,front_leg_candidate,-77.093,49.244,463.000,597.000,452.000,645.000,rgb_edges_inside_sam2_mask
173,7.166667,20,rear_leg_candidate,80.074,40.608,415.000,451.000,422.000,491.000,rgb_edges_inside_sam2_mask
173,7.166667,21,rear_leg_candidate,76.329,38.079,411.000,454.000,420.000,491.000,rgb_edges_inside_sam2_mask
173,7.166667,22,rear_leg_candidate,78.996,36.674,505.000,464.000,512.000,500.000,rgb_edges_inside_sam2_mask
173,7.166667,23,rear_leg_candidate,75.579,36.139,436.000,567.000,445.000,602.000,rgb_edges_inside_sam2_mask
174,7.208333,0,front_leg_candidate,-76.984,204.247,499.000,446.000,453.000,645.000,rgb_edges_inside_sam2_mask
174,7.208333,1,front_leg_candidate,-76.915,189.932,502.000,460.000,459.000,645.000,rgb_edges_inside_sam2_mask
174,7.208333,2,front_leg_candidate,-74.932,188.481,407.000,444.000,358.000,626.000,rgb_edges_inside_sam2_mask
174,7.208333,3,rear_leg_candidate,81.129,175.094,507.000,437.000,534.000,610.000,rgb_edges_inside_sam2_mask
174,7.208333,4,front_leg_candidate,-76.866,154.029,511.000,396.000,476.000,546.000,rgb_edges_inside_sam2_mask
174,7.208333,5,front_leg_candidate,-75.069,124.193,396.000,507.000,364.000,627.000,rgb_edges_inside_sam2_mask
174,7.208333,6,front_leg_candidate,-76.849,109.882,484.000,489.000,459.000,596.000,rgb_edges_inside_sam2_mask
174,7.208333,7,front_leg_candidate,-76.884,105.759,473.000,535.000,449.000,638.000,rgb_edges_inside_sam2_mask
174,7.208333,8,rear_leg_candidate,81.469,101.119,503.000,472.000,518.000,572.000,rgb_edges_inside_sam2_mask
174,7.208333,9,rear_leg_candidate,79.531,93.557,426.000,510.000,443.000,602.000,rgb_edges_inside_sam2_mask
174,7.208333,10,front_leg_candidate,-75.324,86.833,376.000,540.000,354.000,624.000,rgb_edges_inside_sam2_mask
174,7.208333,11,rear_leg_candidate,80.417,78.090,516.000,532.000,529.000,609.000,rgb_edges_inside_sam2_mask
174,7.208333,12,rear_leg_candidate,80.538,66.910,433.000,511.000,444.000,577.000,rgb_edges_inside_sam2_mask
174,7.208333,13,front_leg_candidate,-76.866,61.612,468.000,576.000,454.000,636.000,rgb_edges_inside_sam2_mask
174,7.208333,14,rear_leg_candidate,80.538,54.745,410.000,437.000,419.000,491.000,rgb_edges_inside_sam2_mask
174,7.208333,15,front_leg_candidate,-77.593,51.196,412.000,444.000,401.000,494.000,rgb_edges_inside_sam2_mask
174,7.208333,16,rear_leg_candidate,79.592,49.820,420.000,441.000,429.000,490.000,rgb_edges_inside_sam2_mask
174,7.208333,17,rear_leg_candidate,81.870,49.497,511.000,522.000,518.000,571.000,rgb_edges_inside_sam2_mask
174,7.208333,18,rear_leg_candidate,80.340,47.676,414.000,444.000,422.000,491.000,rgb_edges_inside_sam2_mask
174,7.208333,19,front_leg_candidate,-75.379,47.539,415.000,415.000,403.000,461.000,rgb_edges_inside_sam2_mask
174,7.208333,20,rear_leg_candidate,81.254,39.459,504.000,460.000,510.000,499.000,rgb_edges_inside_sam2_mask
175,7.250000,0,front_leg_candidate,-76.792,201.326,498.000,449.000,452.000,645.000,rgb_edges_inside_sam2_mask
175,7.250000,1,front_leg_candidate,-76.915,189.932,502.000,460.000,459.000,645.000,rgb_edges_inside_sam2_mask
175,7.250000,2,front_leg_candidate,-76.795,183.861,511.000,396.000,469.000,575.000,rgb_edges_inside_sam2_mask
175,7.250000,3,rear_leg_candidate,81.079,174.106,507.000,438.000,534.000,610.000,rgb_edges_inside_sam2_mask
175,7.250000,4,front_leg_candidate,-74.004,156.042,425.000,385.000,382.000,535.000,rgb_edges_inside_sam2_mask
175,7.250000,5,rear_leg_candidate,81.027,153.883,509.000,449.000,533.000,601.000,rgb_edges_inside_sam2_mask
175,7.250000,6,front_leg_candidate,-76.165,138.004,481.000,505.000,448.000,639.000,rgb_edges_inside_sam2_mask
175,7.250000,7,front_leg_candidate,-74.228,136.125,394.000,495.000,357.000,626.000,rgb_edges_inside_sam2_mask
175,7.250000,8,front_leg_candidate,-74.745,125.419,396.000,507.000,363.000,628.000,rgb_edges_inside_sam2_mask
175,7.250000,9,rear_leg_candidate,82.030,100.975,503.000,472.000,517.000,572.000,rgb_edges_inside_sam2_mask
175,7.250000,10,rear_leg_candidate,80.134,93.381,426.000,510.000,442.000,602.000,rgb_edges_inside_sam2_mask
175,7.250000,11,front_leg_candidate,-76.578,90.471,484.000,488.000,463.000,576.000,rgb_edges_inside_sam2_mask
175,7.250000,12,front_leg_candidate,-75.324,86.833,376.000,540.000,354.000,624.000,rgb_edges_inside_sam2_mask
175,7.250000,13,rear_leg_candidate,80.991,83.024,516.000,527.000,529.000,609.000,rgb_edges_inside_sam2_mask
175,7.250000,14,rear_leg_candidate,80.690,61.814,418.000,429.000,428.000,490.000,rgb_edges_inside_sam2_mask
175,7.250000,15,front_leg_candidate,-74.320,59.203,414.000,419.000,398.000,476.000,rgb_edges_inside_sam2_mask
175,7.250000,16,front_leg_candidate,-76.701,56.515,414.000,439.000,401.000,494.000,rgb_edges_inside_sam2_mask
175,7.250000,17,rear_leg_candidate,81.416,53.600,516.000,530.000,524.000,583.000,rgb_edges_inside_sam2_mask
175,7.250000,18,rear_leg_candidate,81.870,49.497,511.000,522.000,518.000,571.000,rgb_edges_inside_sam2_mask
175,7.250000,19,rear_leg_candidate,80.311,41.593,411.000,444.000,418.000,485.000,rgb_edges_inside_sam2_mask
175,7.250000,20,rear_leg_candidate,78.690,40.792,504.000,460.000,512.000,500.000,rgb_edges_inside_sam2_mask
175,7.250000,21,rear_leg_candidate,80.074,40.608,435.000,558.000,442.000,598.000,rgb_edges_inside_sam2_mask
176,7.291667,0,front_leg_candidate,-76.792,201.326,498.000,449.000,452.000,645.000,rgb_edges_inside_sam2_mask
176,7.291667,1,front_leg_candidate,-76.915,189.932,502.000,460.000,459.000,645.000,rgb_edges_inside_sam2_mask
176,7.291667,2,front_leg_candidate,-74.932,188.481,407.000,444.000,358.000,626.000,rgb_edges_inside_sam2_mask
176,7.291667,3,rear_leg_candidate,81.079,174.106,507.000,438.000,534.000,610.000,rgb_edges_inside_sam2_mask
176,7.291667,4,front_leg_candidate,-76.842,158.152,511.000,396.000,475.000,550.000,rgb_edges_inside_sam2_mask
176,7.291667,5,rear_leg_candidate,81.027,153.883,509.000,449.000,533.000,601.000,rgb_edges_inside_sam2_mask
176,7.291667,6,front_leg_candidate,-76.849,109.882,474.000,531.000,449.000,638.000,rgb_edges_inside_sam2_mask
176,7.291667,7,front_leg_candidate,-77.005,106.733,484.000,488.000,460.000,592.000,rgb_edges_inside_sam2_mask
176,7.291667,8,front_leg_candidate,-74.995,100.424,423.000,386.000,397.000,483.000,rgb_edges_inside_sam2_mask
176,7.291667,9,rear_leg_candidate,79.531,93.557,432.000,511.000,449.000,603.000,rgb_edges_inside_sam2_mask
176,7.291667,10,rear_leg_candidate,79.808,90.427,427.000,513.000,443.000,602.000,rgb_edges_inside_sam2_mask
176,7.291667,11,front_leg_candidate,-75.324,86.833,376.000,540.000,354.000,624.000,rgb_edges_inside_sam2_mask
176,7.291667,12,rear_leg_candidate,80.538,85.159,502.000,471.000,516.000,555.000,rgb_edges_inside_sam2_mask
176,7.291667,13,front_leg_candidate,-74.805,83.934,422.000,413.000,400.000,494.000,rgb_edges_inside_sam2_mask
176,7.291667,14,rear_leg_candidate,81.573,81.884,516.000,528.000,528.000,609.000,rgb_edges_inside_sam2_mask
176,7.291667,15,front_leg_candidate,-76.866,61.612,466.000,584.000,452.000,644.000,rgb_edges_inside_sam2_mask
176,7.291667,16,front_leg_candidate,-73.610,53.160,388.000,539.000,373.000,590.000,rgb_edges_inside_sam2_mask
176,7.291667,17,rear_leg_candidate,78.056,53.151,412.000,439.000,423.000,491.000,rgb_edges_inside_sam2_mask
176,7.291667,18,rear_leg_candidate,77.829,52.173,419.000,439.000,430.000,490.000,rgb_edges_inside_sam2_mask
176,7.291667,19,front_leg_candidate,-76.239,50.448,376.000,581.000,364.000,630.000,rgb_edges_inside_sam2_mask
176,7.291667,20,rear_leg_candidate,78.690,40.792,504.000,460.000,512.000,500.000,rgb_edges_inside_sam2_mask
176,7.291667,21,front_leg_candidate,-72.474,39.850,375.000,590.000,363.000,628.000,rgb_edges_inside_sam2_mask
177,7.333333,0,front_leg_candidate,-74.811,229.000,423.000,386.000,363.000,607.000,rgb_edges_inside_sam2_mask
177,7.333333,1,front_leg_candidate,-76.915,189.932,502.000,460.000,459.000,645.000,rgb_edges_inside_sam2_mask
177,7.333333,2,front_leg_candidate,-76.777,187.984,511.000,396.000,468.000,579.000,rgb_edges_inside_sam2_mask
177,7.333333,3,rear_leg_candidate,81.203,170.000,507.000,438.000,533.000,606.000,rgb_edges_inside_sam2_mask
177,7.333333,4,rear_leg_candidate,81.027,153.883,509.000,449.000,533.000,601.000,rgb_edges_inside_sam2_mask
177,7.333333,5,front_leg_candidate,-76.373,135.823,481.000,504.000,449.000,636.000,rgb_edges_inside_sam2_mask
177,7.333333,6,front_leg_candidate,-76.734,126.372,481.000,522.000,452.000,645.000,rgb_edges_inside_sam2_mask
177,7.333333,7,front_leg_candidate,-75.069,124.193,396.000,507.000,364.000,627.000,rgb_edges_inside_sam2_mask
177,7.333333,8,front_leg_candidate,-74.612,113.053,387.000,517.000,357.000,626.000,rgb_edges_inside_sam2_mask
177,7.333333,9,rear_leg_candidate,79.531,93.557,426.000,510.000,443.000,602.000,rgb_edges_inside_sam2_mask
177,7.333333,10,rear_leg_candidate,81.690,89.944,505.000,483.000,518.000,572.000,rgb_edges_inside_sam2_mask
177,7.333333,11,front_leg_candidate,-75.324,86.833,376.000,540.000,354.000,624.000,rgb_edges_inside_sam2_mask
177,7.333333,12,rear_leg_candidate,81.573,81.884,516.000,528.000,528.000,609.000,rgb_edges_inside_sam2_mask
177,7.333333,13,front_leg_candidate,-74.876,76.655,419.000,388.000,399.000,462.000,rgb_edges_inside_sam2_mask
177,7.333333,14,rear_leg_candidate,78.366,69.426,409.000,423.000,423.000,491.000,rgb_edges_inside_sam2_mask
177,7.333333,15,front_leg_candidate,-76.185,62.817,478.000,515.000,463.000,576.000,rgb_edges_inside_sam2_mask
177,7.333333,16,rear_leg_candidate,79.077,58.052,407.000,430.000,418.000,487.000,rgb_edges_inside_sam2_mask
177,7.333333,17,rear_leg_candidate,81.027,57.706,437.000,534.000,446.000,591.000,rgb_edges_inside_sam2_mask
177,7.333333,18,front_leg_candidate,-73.740,50.000,418.000,429.000,404.000,477.000,rgb_edges_inside_sam2_mask
177,7.333333,19,front_leg_candidate,-74.846,49.729,399.000,459.000,386.000,507.000,rgb_edges_inside_sam2_mask
177,7.333333,20,rear_leg_candidate,78.232,49.031,409.000,439.000,419.000,487.000,rgb_edges_inside_sam2_mask
177,7.333333,21,rear_leg_candidate,80.134,46.690,419.000,439.000,427.000,485.000,rgb_edges_inside_sam2_mask
177,7.333333,22,rear_leg_candidate,81.347,46.530,433.000,511.000,440.000,557.000,rgb_edges_inside_sam2_mask
178,7.375000,0,front_leg_candidate,-74.811,229.000,423.000,386.000,363.000,607.000,rgb_edges_inside_sam2_mask
178,7.375000,1,front_leg_candidate,-76.915,189.932,502.000,460.000,459.000,645.000,rgb_edges_inside_sam2_mask
178,7.375000,2,rear_leg_candidate,81.254,170.988,507.000,437.000,533.000,606.000,rgb_edges_inside_sam2_mask
178,7.375000,3,front_leg_candidate,-76.339,148.192,487.000,499.000,452.000,643.000,rgb_edges_inside_sam2_mask
178,7.375000,4,front_leg_candidate,-76.350,144.069,482.000,499.000,448.000,639.000,rgb_edges_inside_sam2_mask
178,7.375000,5,front_leg_candidate,-76.159,142.127,513.000,392.000,479.000,530.000,rgb_edges_inside_sam2_mask
178,7.375000,6,front_leg_candidate,-74.781,140.943,394.000,490.000,357.000,626.000,rgb_edges_inside_sam2_mask
178,7.375000,7,rear_leg_candidate,81.951,99.985,503.000,473.000,517.000,572.000,rgb_edges_inside_sam2_mask
178,7.375000,8,rear_leg_candidate,80.134,93.381,426.000,510.000,442.000,602.000,rgb_edges_inside_sam2_mask
178,7.375000,9,front_leg_candidate,-75.324,86.833,376.000,540.000,354.000,624.000,rgb_edges_inside_sam2_mask
178,7.375000,10,front_leg_candidate,-74.805,83.934,422.000,413.000,400.000,494.000,rgb_edges_inside_sam2_mask
178,7.375000,11,rear_leg_candidate,81.573,81.884,516.000,528.000,528.000,609.000,rgb_edges_inside_sam2_mask
178,7.375000,12,front_leg_candidate,-76.149,75.186,382.000,557.000,364.000,630.000,rgb_edges_inside_sam2_mask
178,7.375000,13,front_leg_candidate,-75.530,64.031,395.000,510.000,379.000,572.000,rgb_edges_inside_sam2_mask
178,7.375000,14,front_leg_candidate,-76.866,61.612,463.000,580.000,449.000,640.000,rgb_edges_inside_sam2_mask
178,7.375000,15,rear_leg_candidate,77.574,60.415,411.000,432.000,424.000,491.000,rgb_edges_inside_sam2_mask
178,7.375000,16,front_leg_candidate,-76.218,54.571,465.000,592.000,452.000,645.000,rgb_edges_inside_sam2_mask
178,7.375000,17,rear_leg_candidate,81.085,51.624,433.000,511.000,441.000,562.000,rgb_edges_inside_sam2_mask
178,7.375000,18,rear_leg_candidate,79.592,49.820,420.000,441.000,429.000,490.000,rgb_edges_inside_sam2_mask
178,7.375000,19,rear_leg_candidate,79.592,49.820,409.000,439.000,418.000,488.000,rgb_edges_inside_sam2_mask
178,7.375000,20,rear_leg_candidate,80.311,41.593,410.000,437.000,417.000,478.000,rgb_edges_inside_sam2_mask
178,7.375000,21,front_leg_candidate,-75.619,40.262,386.000,543.000,376.000,582.000,rgb_edges_inside_sam2_mask
178,7.375000,22,rear_leg_candidate,82.093,36.346,513.000,535.000,518.000,571.000,rgb_edges_inside_sam2_mask
179,7.416667,0,front_leg_candidate,-75.030,193.569,407.000,444.000,357.000,631.000,rgb_edges_inside_sam2_mask
179,7.416667,1,front_leg_candidate,-76.915,189.932,502.000,460.000,459.000,645.000,rgb_edges_inside_sam2_mask
179,7.416667,2,rear_leg_candidate,81.203,170.000,507.000,438.000,533.000,606.000,rgb_edges_inside_sam2_mask
179,7.416667,3,front_leg_candidate,-76.820,162.274,511.000,396.000,474.000,554.000,rgb_edges_inside_sam2_mask
179,7.416667,4,front_leg_candidate,-77.115,156.952,484.000,488.000,449.000,641.000,rgb_edges_inside_sam2_mask
179,7.416667,5,rear_leg_candidate,80.972,108.342,517.000,499.000,534.000,606.000,rgb_edges_inside_sam2_mask
179,7.416667,6,front_leg_candidate,-76.759,104.785,476.000,543.000,452.000,645.000,rgb_edges_inside_sam2_mask
179,7.416667,7,rear_leg_candidate,81.617,96.026,504.000,477.000,518.000,572.000,rgb_edges_inside_sam2_mask
179,7.416667,8,rear_leg_candidate,80.134,93.381,426.000,510.000,442.000,602.000,rgb_edges_inside_sam2_mask
179,7.416667,9,front_leg_candidate,-75.324,86.833,376.000,540.000,354.000,624.000,rgb_edges_inside_sam2_mask
179,7.416667,10,rear_leg_candidate,80.882,82.037,516.000,528.000,529.000,609.000,rgb_edges_inside_sam2_mask
179,7.416667,11,rear_leg_candidate,81.142,77.929,516.000,532.000,528.000,609.000,rgb_edges_inside_sam2_mask
179,7.416667,12,front_leg_candidate,-77.471,64.537,485.000,504.000,471.000,567.000,rgb_edges_inside_sam2_mask
179,7.416667,13,front_leg_candidate,-75.466,55.785,419.000,400.000,405.000,454.000,rgb_edges_inside_sam2_mask
179,7.416667,14,rear_leg_candidate,81.724,55.579,503.000,473.000,511.000,528.000,rgb_edges_inside_sam2_mask
179,7.416667,15,rear_leg_candidate,80.538,54.745,433.000,511.000,442.000,565.000,rgb_edges_inside_sam2_mask
179,7.416667,16,front_leg_candidate,-76.759,52.393,377.000,576.000,365.000,627.000,rgb_edges_inside_sam2_mask
179,7.416667,17,rear_leg_candidate,79.992,51.788,419.000,439.000,428.000,490.000,rgb_edges_inside_sam2_mask
179,7.416667,18,front_leg_candidate,-75.379,47.539,388.000,536.000,376.000,582.000,rgb_edges_inside_sam2_mask
179,7.416667,19,front_leg_candidate,-75.379,47.539,396.000,507.000,384.000,553.000,rgb_edges_inside_sam2_mask
179,7.416667,20,rear_leg_candidate,83.797,46.271,442.000,557.000,447.000,603.000,rgb_edges_inside_sam2_mask
179,7.416667,21,front_leg_candidate,-74.745,45.607,412.000,450.000,400.000,494.000,rgb_edges_inside_sam2_mask
179,7.416667,22,front_leg_candidate,-76.908,44.147,459.000,593.000,449.000,636.000,rgb_edges_inside_sam2_mask
179,7.416667,23,rear_leg_candidate,77.905,42.953,414.000,449.000,423.000,491.000,rgb_edges_inside_sam2_mask
179,7.416667,24,rear_leg_candidate,78.690,40.792,411.000,451.000,419.000,491.000,rgb_edges_inside_sam2_mask
179,7.416667,25,rear_leg_candidate,79.563,38.639,504.000,460.000,511.000,498.000,rgb_edges_inside_sam2_mask
179,7.416667,26,rear_leg_candidate,79.287,37.656,413.000,454.000,420.000,491.000,rgb_edges_inside_sam2_mask
179,7.416667,27,rear_leg_candidate,80.789,37.483,509.000,449.000,515.000,486.000,rgb_edges_inside_sam2_mask
179,7.416667,28,rear_leg_candidate,80.538,36.497,435.000,558.000,441.000,594.000,rgb_edges_inside_sam2_mask
180,7.458333,0,front_leg_candidate,-76.915,189.932,502.000,460.000,459.000,645.000,rgb_edges_inside_sam2_mask
180,7.458333,1,front_leg_candidate,-76.795,183.861,511.000,396.000,469.000,575.000,rgb_edges_inside_sam2_mask
180,7.458333,2,rear_leg_candidate,81.151,169.012,507.000,437.000,533.000,604.000,rgb_edges_inside_sam2_mask
180,7.458333,3,front_leg_candidate,-74.999,158.398,401.000,465.000,360.000,618.000,rgb_edges_inside_sam2_mask
180,7.458333,4,front_leg_candidate,-76.165,138.004,481.000,505.000,448.000,639.000,rgb_edges_inside_sam2_mask
180,7.458333,5,front_leg_candidate,-76.734,126.372,481.000,522.000,452.000,645.000,rgb_edges_inside_sam2_mask
180,7.458333,6,rear_leg_candidate,81.741,125.300,506.000,489.000,524.000,613.000,rgb_edges_inside_sam2_mask
180,7.458333,7,front_leg_candidate,-74.699,109.895,386.000,520.000,357.000,626.000,rgb_edges_inside_sam2_mask
180,7.458333,8,rear_leg_candidate,80.134,93.381,426.000,510.000,442.000,602.000,rgb_edges_inside_sam2_mask
180,7.458333,9,rear_leg_candidate,80.134,93.381,433.000,511.000,449.000,603.000,rgb_edges_inside_sam2_mask
180,7.458333,10,front_leg_candidate,-75.155,85.866,376.000,540.000,354.000,623.000,rgb_edges_inside_sam2_mask
180,7.458333,11,rear_leg_candidate,80.882,82.037,516.000,528.000,529.000,609.000,rgb_edges_inside_sam2_mask
180,7.458333,12,front_leg_candidate,-76.477,81.253,484.000,488.000,465.000,567.000,rgb_edges_inside_sam2_mask
180,7.458333,13,front_leg_candidate,-75.530,64.031,395.000,510.000,379.000,572.000,rgb_edges_inside_sam2_mask
180,7.458333,14,front_leg_candidate,-75.700,52.631,386.000,543.000,373.000,594.000,rgb_edges_inside_sam2_mask
180,7.458333,15,rear_leg_candidate,78.690,50.990,419.000,440.000,429.000,490.000,rgb_edges_inside_sam2_mask
180,7.458333,16,front_leg_candidate,-77.093,49.244,376.000,579.000,365.000,627.000,rgb_edges_inside_sam2_mask
180,7.458333,17,front_leg_candidate,-74.745,45.607,412.000,450.000,400.000,494.000,rgb_edges_inside_sam2_mask
180,7.458333,18,rear_leg_candidate,82.405,45.398,507.000,497.000,513.000,542.000,rgb_edges_inside_sam2_mask
180,7.458333,19,rear_leg_candidate,77.905,42.953,414.000,449.000,423.000,491.000,rgb_edges_inside_sam2_mask
180,7.458333,20,rear_leg_candidate,81.870,42.426,503.000,473.000,509.000,515.000,rgb_edges_inside_sam2_mask
180,7.458333,21,rear_leg_candidate,81.254,39.459,504.000,460.000,510.000,499.000,rgb_edges_inside_sam2_mask
180,7.458333,22,rear_leg_candidate,78.996,36.674,412.000,451.000,419.000,487.000,rgb_edges_inside_sam2_mask
181,7.500000,0,front_leg_candidate,-76.984,204.247,499.000,446.000,453.000,645.000,rgb_edges_inside_sam2_mask
181,7.500000,1,front_leg_candidate,-76.915,189.932,502.000,460.000,459.000,645.000,rgb_edges_inside_sam2_mask
181,7.500000,2,rear_leg_candidate,81.098,168.024,507.000,437.000,533.000,603.000,rgb_edges_inside_sam2_mask
181,7.500000,3,front_leg_candidate,-76.866,154.029,511.000,396.000,476.000,546.000,rgb_edges_inside_sam2_mask
181,7.500000,4,front_leg_candidate,-74.314,151.648,418.000,407.000,377.000,553.000,rgb_edges_inside_sam2_mask
181,7.500000,5,front_leg_candidate,-76.264,138.975,481.000,504.000,448.000,639.000,rgb_edges_inside_sam2_mask
181,7.500000,6,rear_leg_candidate,81.806,126.289,503.000,473.000,521.000,598.000,rgb_edges_inside_sam2_mask
181,7.500000,7,front_leg_candidate,-75.069,124.193,396.000,507.000,364.000,627.000,rgb_edges_inside_sam2_mask
181,7.500000,8,rear_leg_candidate,82.011,115.117,508.000,499.000,524.000,613.000,rgb_edges_inside_sam2_mask
181,7.500000,9,rear_leg_candidate,78.930,93.744,425.000,510.000,443.000,602.000,rgb_edges_inside_sam2_mask
181,7.500000,10,front_leg_candidate,-76.430,89.499,484.000,489.000,463.000,576.000,rgb_edges_inside_sam2_mask
181,7.500000,11,front_leg_candidate,-75.155,85.866,376.000,540.000,354.000,623.000,rgb_edges_inside_sam2_mask
181,7.500000,12,rear_leg_candidate,79.089,84.528,426.000,510.000,442.000,593.000,rgb_edges_inside_sam2_mask
181,7.500000,13,rear_leg_candidate,80.882,82.037,516.000,528.000,529.000,609.000,rgb_edges_inside_sam2_mask
181,7.500000,14,front_leg_candidate,-74.876,76.655,383.000,554.000,363.000,628.000,rgb_edges_inside_sam2_mask
181,7.500000,15,front_leg_candidate,-76.945,70.831,468.000,576.000,452.000,645.000,rgb_edges_inside_sam2_mask
181,7.500000,16,rear_leg_candidate,80.811,68.884,435.000,524.000,446.000,592.000,rgb_edges_inside_sam2_mask
181,7.500000,17,rear_leg_candidate,80.690,61.814,418.000,429.000,428.000,490.000,rgb_edges_inside_sam2_mask
181,7.500000,18,front_leg_candidate,-73.610,53.160,385.000,527.000,370.000,578.000,rgb_edges_inside_sam2_mask
181,7.500000,19,front_leg_candidate,-74.650,52.887,372.000,574.000,358.000,625.000,rgb_edges_inside_sam2_mask
181,7.500000,20,rear_leg_candidate,77.320,41.000,411.000,451.000,420.000,491.000,rgb_edges_inside_sam2_mask
181,7.500000,21,rear_leg_candidate,79.563,38.639,504.000,460.000,511.000,498.000,rgb_edges_inside_sam2_mask
181,7.500000,22,rear_leg_candidate,79.287,37.656,416.000,454.000,423.000,491.000,rgb_edges_inside_sam2_mask
182,7.541667,0,front_leg_candidate,-76.967,221.712,503.000,429.000,453.000,645.000,rgb_edges_inside_sam2_mask
182,7.541667,1,front_leg_candidate,-74.884,180.236,405.000,451.000,358.000,625.000,rgb_edges_inside_sam2_mask
182,7.541667,2,rear_leg_candidate,81.098,168.024,507.000,437.000,533.000,603.000,rgb_edges_inside_sam2_mask
182,7.541667,3,front_leg_candidate,-77.033,155.978,484.000,488.000,449.000,640.000,rgb_edges_inside_sam2_mask
182,7.541667,4,front_leg_candidate,-76.759,139.714,490.000,509.000,458.000,645.000,rgb_edges_inside_sam2_mask
182,7.541667,5,front_leg_candidate,-75.069,124.193,396.000,507.000,364.000,627.000,rgb_edges_inside_sam2_mask
182,7.541667,6,front_leg_candidate,-74.792,106.738,423.000,386.000,395.000,489.000,rgb_edges_inside_sam2_mask
182,7.541667,7,rear_leg_candidate,81.469,101.119,503.000,472.000,518.000,572.000,rgb_edges_inside_sam2_mask
182,7.541667,8,front_leg_candidate,-77.005,93.392,474.000,551.000,453.000,642.000,rgb_edges_inside_sam2_mask
182,7.541667,9,rear_leg_candidate,80.134,93.381,426.000,510.000,442.000,602.000,rgb_edges_inside_sam2_mask
182,7.541667,10,front_leg_candidate,-73.960,83.241,376.000,542.000,353.000,622.000,rgb_edges_inside_sam2_mask
182,7.541667,11,rear_leg_candidate,81.573,81.884,516.000,528.000,528.000,609.000,rgb_edges_inside_sam2_mask
182,7.541667,12,rear_leg_candidate,79.426,76.295,432.000,511.000,446.000,586.000,rgb_edges_inside_sam2_mask
182,7.541667,13,front_leg_candidate,-77.152,58.464,510.000,400.000,497.000,457.000,rgb_edges_inside_sam2_mask
182,7.541667,14,front_leg_candidate,-77.005,53.367,484.000,490.000,472.000,542.000,rgb_edges_inside_sam2_mask
182,7.541667,15,front_leg_candidate,-76.608,43.174,458.000,597.000,448.000,639.000,rgb_edges_inside_sam2_mask
182,7.541667,16,rear_leg_candidate,80.311,41.593,412.000,450.000,419.000,491.000,rgb_edges_inside_sam2_mask
182,7.541667,17,front_leg_candidate,-76.675,39.051,411.000,451.000,402.000,489.000,rgb_edges_inside_sam2_mask
182,7.541667,18,front_leg_candidate,-76.675,39.051,502.000,460.000,493.000,498.000,rgb_edges_inside_sam2_mask
182,7.541667,19,rear_leg_candidate,78.111,38.833,417.000,430.000,425.000,468.000,rgb_edges_inside_sam2_mask
182,7.541667,20,front_leg_candidate,-77.471,36.878,501.000,460.000,493.000,496.000,rgb_edges_inside_sam2_mask
183,7.583333,0,front_leg_candidate,-74.884,180.236,405.000,451.000,358.000,625.000,rgb_edges_inside_sam2_mask
183,7.583333,1,rear_leg_candidate,81.151,169.012,507.000,437.000,533.000,604.000,rgb_edges_inside_sam2_mask
183,7.583333,2,front_leg_candidate,-74.932,161.555,423.000,386.000,381.000,542.000,rgb_edges_inside_sam2_mask
183,7.583333,3,front_leg_candidate,-76.842,158.152,511.000,396.000,475.000,550.000,rgb_edges_inside_sam2_mask
183,7.583333,4,front_leg_candidate,-76.350,144.069,482.000,499.000,448.000,639.000,rgb_edges_inside_sam2_mask
183,7.583333,5,front_leg_candidate,-76.759,139.714,490.000,509.000,458.000,645.000,rgb_edges_inside_sam2_mask
183,7.583333,6,front_leg_candidate,-75.069,124.193,396.000,507.000,364.000,627.000,rgb_edges_inside_sam2_mask
183,7.583333,7,front_leg_candidate,-77.005,120.075,479.000,528.000,452.000,645.000,rgb_edges_inside_sam2_mask
183,7.583333,8,front_leg_candidate,-74.798,95.336,388.000,536.000,363.000,628.000,rgb_edges_inside_sam2_mask
183,7.583333,9,rear_leg_candidate,79.531,93.557,426.000,510.000,443.000,602.000,rgb_edges_inside_sam2_mask
183,7.583333,10,rear_leg_candidate,81.254,92.071,434.000,512.000,448.000,603.000,rgb_edges_inside_sam2_mask
183,7.583333,11,front_leg_candidate,-74.982,84.900,376.000,540.000,354.000,622.000,rgb_edges_inside_sam2_mask
183,7.583333,12,rear_leg_candidate,80.882,82.037,516.000,528.000,529.000,609.000,rgb_edges_inside_sam2_mask
183,7.583333,13,front_leg_candidate,-74.678,75.690,374.000,550.000,354.000,623.000,rgb_edges_inside_sam2_mask
183,7.583333,14,rear_leg_candidate,79.902,74.148,504.000,490.000,517.000,563.000,rgb_edges_inside_sam2_mask
183,7.583333,15,front_leg_candidate,-77.196,67.683,490.000,510.000,475.000,576.000,rgb_edges_inside_sam2_mask
183,7.583333,16,rear_leg_candidate,80.380,59.841,501.000,464.000,511.000,523.000,rgb_edges_inside_sam2_mask
183,7.583333,17,front_leg_candidate,-77.152,58.464,481.000,522.000,468.000,579.000,rgb_edges_inside_sam2_mask
183,7.583333,18,front_leg_candidate,-76.931,57.489,462.000,584.000,449.000,640.000,rgb_edges_inside_sam2_mask
183,7.583333,19,rear_leg_candidate,80.134,46.690,419.000,439.000,427.000,485.000,rgb_edges_inside_sam2_mask
183,7.583333,20,front_leg_candidate,-73.540,45.880,412.000,450.000,399.000,494.000,rgb_edges_inside_sam2_mask
183,7.583333,21,rear_leg_candidate,77.320,41.000,415.000,451.000,424.000,491.000,rgb_edges_inside_sam2_mask
183,7.583333,22,rear_leg_candidate,-78.111,38.833,501.000,460.000,493.000,498.000,rgb_edges_inside_sam2_mask
183,7.583333,23,rear_leg_candidate,79.563,38.639,504.000,460.000,511.000,498.000,rgb_edges_inside_sam2_mask
183,7.583333,24,rear_leg_candidate,79.287,37.656,411.000,451.000,418.000,488.000,rgb_edges_inside_sam2_mask
184,7.625000,0,front_leg_candidate,-76.792,201.326,498.000,449.000,452.000,645.000,rgb_edges_inside_sam2_mask
184,7.625000,1,front_leg_candidate,-76.915,189.932,502.000,460.000,459.000,645.000,rgb_edges_inside_sam2_mask
184,7.625000,2,rear_leg_candidate,81.098,168.024,507.000,437.000,533.000,603.000,rgb_edges_inside_sam2_mask
184,7.625000,3,front_leg_candidate,-76.842,158.152,511.000,396.000,475.000,550.000,rgb_edges_inside_sam2_mask
184,7.625000,4,front_leg_candidate,-77.033,155.978,484.000,488.000,449.000,640.000,rgb_edges_inside_sam2_mask
184,7.625000,5,front_leg_candidate,-74.314,151.648,418.000,407.000,377.000,553.000,rgb_edges_inside_sam2_mask
184,7.625000,6,front_leg_candidate,-74.228,136.125,394.000,495.000,357.000,626.000,rgb_edges_inside_sam2_mask
184,7.625000,7,front_leg_candidate,-75.069,124.193,396.000,507.000,364.000,627.000,rgb_edges_inside_sam2_mask
184,7.625000,8,rear_leg_candidate,81.170,104.235,502.000,469.000,518.000,572.000,rgb_edges_inside_sam2_mask
184,7.625000,9,rear_leg_candidate,81.085,103.247,501.000,460.000,517.000,562.000,rgb_edges_inside_sam2_mask
184,7.625000,10,front_leg_candidate,-74.798,95.336,388.000,536.000,363.000,628.000,rgb_edges_inside_sam2_mask
184,7.625000,11,rear_leg_candidate,80.134,93.381,426.000,510.000,442.000,602.000,rgb_edges_inside_sam2_mask
184,7.625000,12,front_leg_candidate,-74.982,84.900,376.000,540.000,354.000,622.000,rgb_edges_inside_sam2_mask
184,7.625000,13,rear_leg_candidate,82.266,81.744,516.000,528.000,527.000,609.000,rgb_edges_inside_sam2_mask
184,7.625000,14,rear_leg_candidate,80.417,78.090,433.000,512.000,446.000,589.000,rgb_edges_inside_sam2_mask
184,7.625000,15,rear_leg_candidate,77.775,61.392,417.000,430.000,430.000,490.000,rgb_edges_inside_sam2_mask
184,7.625000,16,rear_leg_candidate,77.905,42.953,414.000,449.000,423.000,491.000,rgb_edges_inside_sam2_mask
184,7.625000,17,front_leg_candidate,-71.996,42.059,413.000,450.000,400.000,490.000,rgb_edges_inside_sam2_mask
184,7.625000,18,rear_leg_candidate,80.074,40.608,411.000,451.000,418.000,491.000,rgb_edges_inside_sam2_mask
184,7.625000,19,rear_leg_candidate,79.824,39.623,434.000,552.000,441.000,591.000,rgb_edges_inside_sam2_mask
184,7.625000,20,rear_leg_candidate,79.563,38.639,504.000,460.000,511.000,498.000,rgb_edges_inside_sam2_mask
185,7.666667,0,front_leg_candidate,-74.965,250.577,422.000,389.000,357.000,631.000,rgb_edges_inside_sam2_mask
185,7.666667,1,rear_leg_candidate,81.098,168.024,507.000,438.000,533.000,604.000,rgb_edges_inside_sam2_mask
185,7.666667,2,front_leg_candidate,-77.115,156.952,484.000,488.000,449.000,641.000,rgb_edges_inside_sam2_mask
185,7.666667,3,rear_leg_candidate,81.027,153.883,509.000,449.000,533.000,601.000,rgb_edges_inside_sam2_mask
185,7.666667,4,front_leg_candidate,-76.329,152.315,493.000,474.000,457.000,622.000,rgb_edges_inside_sam2_mask
185,7.666667,5,front_leg_candidate,-76.759,139.714,490.000,509.000,458.000,645.000,rgb_edges_inside_sam2_mask
185,7.666667,6,rear_leg_candidate,81.293,112.294,501.000,460.000,518.000,571.000,rgb_edges_inside_sam2_mask
185,7.666667,7,front_leg_candidate,-76.097,104.048,512.000,394.000,487.000,495.000,rgb_edges_inside_sam2_mask
185,7.666667,8,front_leg_candidate,-74.995,100.424,423.000,386.000,397.000,483.000,rgb_edges_inside_sam2_mask
185,7.666667,9,rear_leg_candidate,79.695,89.443,432.000,511.000,448.000,599.000,rgb_edges_inside_sam2_mask
185,7.666667,10,rear_leg_candidate,79.695,89.443,426.000,510.000,442.000,598.000,rgb_edges_inside_sam2_mask
185,7.666667,11,front_leg_candidate,-75.964,86.585,386.000,543.000,365.000,627.000,rgb_edges_inside_sam2_mask
185,7.666667,12,front_leg_candidate,-75.155,85.866,376.000,540.000,354.000,623.000,rgb_edges_inside_sam2_mask
185,7.666667,13,rear_leg_candidate,82.171,80.753,517.000,529.000,528.000,609.000,rgb_edges_inside_sam2_mask
185,7.666667,14,front_leg_candidate,-74.678,75.690,377.000,553.000,357.000,626.000,rgb_edges_inside_sam2_mask
185,7.666667,15,front_leg_candidate,-75.379,47.539,396.000,507.000,384.000,553.000,rgb_edges_inside_sam2_mask
185,7.666667,16,front_leg_candidate,-74.745,45.607,412.000,450.000,400.000,494.000,rgb_edges_inside_sam2_mask
185,7.666667,17,rear_leg_candidate,82.235,44.407,516.000,528.000,522.000,572.000,rgb_edges_inside_sam2_mask
185,7.666667,18,rear_leg_candidate,77.905,42.953,414.000,449.000,423.000,491.000,rgb_edges_inside_sam2_mask
185,7.666667,19,front_leg_candidate,-75.964,41.231,466.000,587.000,456.000,627.000,rgb_edges_inside_sam2_mask
185,7.666667,20,rear_leg_candidate,78.111,38.833,417.000,431.000,425.000,469.000,rgb_edges_inside_sam2_mask
185,7.666667,21,front_leg_candidate,-76.329,38.079,458.000,598.000,449.000,635.000,rgb_edges_inside_sam2_mask
185,7.666667,22,front_leg_candidate,-74.476,37.363,373.000,592.000,363.000,628.000,rgb_edges_inside_sam2_mask
186,7.708333,0,front_leg_candidate,-76.792,201.326,498.000,449.000,452.000,645.000,rgb_edges_inside_sam2_mask
186,7.708333,1,front_leg_candidate,-77.209,189.708,501.000,460.000,459.000,645.000,rgb_edges_inside_sam2_mask
186,7.708333,2,front_leg_candidate,-74.852,187.515,407.000,444.000,358.000,625.000,rgb_edges_inside_sam2_mask
186,7.708333,3,rear_leg_candidate,81.098,168.024,507.000,438.000,533.000,604.000,rgb_edges_inside_sam2_mask
186,7.708333,4,front_leg_candidate,-76.799,166.397,508.000,409.000,470.000,571.000,rgb_edges_inside_sam2_mask
186,7.708333,5,front_leg_candidate,-77.115,156.952,484.000,488.000,449.000,641.000,rgb_edges_inside_sam2_mask
186,7.708333,6,rear_leg_candidate,81.027,153.883,509.000,449.000,533.000,601.000,rgb_edges_inside_sam2_mask
186,7.708333,7,front_leg_candidate,-74.745,125.419,396.000,507.000,363.000,628.000,rgb_edges_inside_sam2_mask
186,7.708333,8,rear_leg_candidate,82.030,100.975,503.000,472.000,517.000,572.000,rgb_edges_inside_sam2_mask
186,7.708333,9,rear_leg_candidate,78.930,93.744,425.000,510.000,443.000,602.000,rgb_edges_inside_sam2_mask
186,7.708333,10,rear_leg_candidate,79.531,93.557,432.000,511.000,449.000,603.000,rgb_edges_inside_sam2_mask
186,7.708333,11,front_leg_candidate,-74.407,89.286,424.000,386.000,400.000,472.000,rgb_edges_inside_sam2_mask
186,7.708333,12,front_leg_candidate,-75.155,85.866,376.000,540.000,354.000,623.000,rgb_edges_inside_sam2_mask
186,7.708333,13,rear_leg_candidate,81.674,82.873,516.000,527.000,528.000,609.000,rgb_edges_inside_sam2_mask
186,7.708333,14,rear_leg_candidate,79.902,74.148,433.000,512.000,446.000,585.000,rgb_edges_inside_sam2_mask
186,7.708333,15,rear_leg_candidate,80.961,44.553,421.000,446.000,428.000,490.000,rgb_edges_inside_sam2_mask
186,7.708333,16,front_leg_candidate,-76.908,44.147,411.000,451.000,401.000,494.000,rgb_edges_inside_sam2_mask
186,7.708333,17,rear_leg_candidate,79.216,42.755,408.000,430.000,416.000,472.000,rgb_edges_inside_sam2_mask
186,7.708333,18,rear_leg_candidate,81.870,42.426,512.000,529.000,518.000,571.000,rgb_edges_inside_sam2_mask
186,7.708333,19,rear_leg_candidate,78.690,40.792,415.000,451.000,423.000,491.000,rgb_edges_inside_sam2_mask
186,7.708333,20,rear_leg_candidate,79.563,38.639,504.000,460.000,511.000,498.000,rgb_edges_inside_sam2_mask
187,7.750000,0,front_leg_candidate,-74.818,206.197,423.000,386.000,369.000,585.000,rgb_edges_inside_sam2_mask
187,7.750000,1,front_leg_candidate,-76.792,201.326,498.000,449.000,452.000,645.000,rgb_edges_inside_sam2_mask
187,7.750000,2,front_leg_candidate,-76.915,189.932,502.000,460.000,459.000,645.000,rgb_edges_inside_sam2_mask
187,7.750000,3,rear_leg_candidate,81.151,169.012,507.000,437.000,533.000,604.000,rgb_edges_inside_sam2_mask
187,7.750000,4,front_leg_candidate,-76.820,162.274,511.000,396.000,474.000,554.000,rgb_edges_inside_sam2_mask
187,7.750000,5,front_leg_candidate,-77.115,156.952,484.000,488.000,449.000,641.000,rgb_edges_inside_sam2_mask
187,7.750000,6,rear_leg_candidate,81.027,153.883,509.000,449.000,533.000,601.000,rgb_edges_inside_sam2_mask
187,7.750000,7,front_leg_candidate,-74.624,124.455,390.000,506.000,357.000,626.000,rgb_edges_inside_sam2_mask
187,7.750000,8,front_leg_candidate,-75.069,124.193,396.000,507.000,364.000,627.000,rgb_edges_inside_sam2_mask
187,7.750000,9,rear_leg_candidate,82.030,100.975,503.000,472.000,517.000,572.000,rgb_edges_inside_sam2_mask
187,7.750000,10,rear_leg_candidate,80.134,93.381,426.000,510.000,442.000,602.000,rgb_edges_inside_sam2_mask
187,7.750000,11,front_leg_candidate,-75.324,86.833,376.000,540.000,354.000,624.000,rgb_edges_inside_sam2_mask
187,7.750000,12,rear_leg_candidate,81.674,82.873,516.000,527.000,528.000,609.000,rgb_edges_inside_sam2_mask
187,7.750000,13,rear_leg_candidate,81.469,80.895,434.000,512.000,446.000,592.000,rgb_edges_inside_sam2_mask
187,7.750000,14,rear_leg_candidate,80.690,61.814,418.000,429.000,428.000,490.000,rgb_edges_inside_sam2_mask
187,7.750000,15,front_leg_candidate,-76.827,48.270,466.000,584.000,455.000,631.000,rgb_edges_inside_sam2_mask
187,7.750000,16,rear_leg_candidate,80.340,47.676,433.000,547.000,441.000,594.000,rgb_edges_inside_sam2_mask
187,7.750000,17,front_leg_candidate,-75.651,44.385,411.000,451.000,400.000,494.000,rgb_edges_inside_sam2_mask
187,7.750000,18,rear_leg_candidate,78.690,40.792,415.000,451.000,423.000,491.000,rgb_edges_inside_sam2_mask
187,7.750000,19,rear_leg_candidate,82.694,39.319,508.000,499.000,513.000,538.000,rgb_edges_inside_sam2_mask
187,7.750000,20,rear_leg_candidate,80.789,37.483,412.000,451.000,418.000,488.000,rgb_edges_inside_sam2_mask
188,7.791667,0,front_leg_candidate,-76.984,204.247,499.000,446.000,453.000,645.000,rgb_edges_inside_sam2_mask
188,7.791667,1,front_leg_candidate,-74.884,180.236,423.000,386.000,376.000,560.000,rgb_edges_inside_sam2_mask
188,7.791667,2,rear_leg_candidate,81.098,168.024,507.000,438.000,533.000,604.000,rgb_edges_inside_sam2_mask
188,7.791667,3,rear_leg_candidate,81.027,153.883,509.000,449.000,533.000,601.000,rgb_edges_inside_sam2_mask
188,7.791667,4,front_leg_candidate,-76.759,139.714,490.000,509.000,458.000,645.000,rgb_edges_inside_sam2_mask
188,7.791667,5,front_leg_candidate,-76.165,138.004,481.000,505.000,448.000,639.000,rgb_edges_inside_sam2_mask
188,7.791667,6,rear_leg_candidate,81.617,96.026,504.000,477.000,518.000,572.000,rgb_edges_inside_sam2_mask
188,7.791667,7,rear_leg_candidate,80.134,93.381,426.000,510.000,442.000,602.000,rgb_edges_inside_sam2_mask
188,7.791667,8,front_leg_candidate,-76.430,89.499,484.000,489.000,463.000,576.000,rgb_edges_inside_sam2_mask
188,7.791667,9,rear_leg_candidate,79.695,89.443,433.000,515.000,449.000,603.000,rgb_edges_inside_sam2_mask
188,7.791667,10,front_leg_candidate,-75.324,86.833,376.000,540.000,354.000,624.000,rgb_edges_inside_sam2_mask
188,7.791667,11,rear_leg_candidate,81.573,81.884,516.000,528.000,528.000,609.000,rgb_edges_inside_sam2_mask
188,7.791667,12,rear_leg_candidate,-78.003,81.786,501.000,460.000,484.000,540.000,rgb_edges_inside_sam2_mask
188,7.791667,13,front_leg_candidate,-76.569,68.884,512.000,394.000,496.000,461.000,rgb_edges_inside_sam2_mask
188,7.791667,14,front_leg_candidate,-77.005,66.708,468.000,576.000,453.000,641.000,rgb_edges_inside_sam2_mask
188,7.791667,15,front_leg_candidate,-74.578,60.166,375.000,543.000,359.000,601.000,rgb_edges_inside_sam2_mask
188,7.791667,16,front_leg_candidate,-75.500,59.908,388.000,536.000,373.000,594.000,rgb_edges_inside_sam2_mask
188,7.791667,17,front_leg_candidate,-75.500,59.908,379.000,569.000,364.000,627.000,rgb_edges_inside_sam2_mask
188,7.791667,18,front_leg_candidate,-75.466,55.785,374.000,564.000,360.000,618.000,rgb_edges_inside_sam2_mask
188,7.791667,19,front_leg_candidate,-77.242,54.342,503.000,429.000,491.000,482.000,rgb_edges_inside_sam2_mask
188,7.791667,20,front_leg_candidate,-74.745,45.607,412.000,450.000,400.000,494.000,rgb_edges_inside_sam2_mask
188,7.791667,21,rear_leg_candidate,78.690,40.792,411.000,451.000,419.000,491.000,rgb_edges_inside_sam2_mask
188,7.791667,22,rear_leg_candidate,78.690,40.792,415.000,451.000,423.000,491.000,rgb_edges_inside_sam2_mask
188,7.791667,23,rear_leg_candidate,82.875,40.311,507.000,499.000,512.000,539.000,rgb_edges_inside_sam2_mask
188,7.791667,24,front_leg_candidate,-75.619,40.262,394.000,514.000,384.000,553.000,rgb_edges_inside_sam2_mask
188,7.791667,25,front_leg_candidate,-75.619,40.262,382.000,535.000,372.000,574.000,rgb_edges_inside_sam2_mask
188,7.791667,26,rear_leg_candidate,74.876,38.328,412.000,414.000,422.000,451.000,rgb_edges_inside_sam2_mask
189,7.833333,0,front_leg_candidate,-74.808,240.402,423.000,386.000,360.000,618.000,rgb_edges_inside_sam2_mask
189,7.833333,1,front_leg_candidate,-76.792,201.326,498.000,449.000,452.000,645.000,rgb_edges_inside_sam2_mask
189,7.833333,2,front_leg_candidate,-76.915,189.932,502.000,460.000,459.000,645.000,rgb_edges_inside_sam2_mask
189,7.833333,3,rear_leg_candidate,81.151,169.012,507.000,437.000,533.000,604.000,rgb_edges_inside_sam2_mask
189,7.833333,4,front_leg_candidate,-77.033,155.978,484.000,488.000,449.000,640.000,rgb_edges_inside_sam2_mask
189,7.833333,5,front_leg_candidate,-74.713,155.502,398.000,476.000,357.000,626.000,rgb_edges_inside_sam2_mask
189,7.833333,6,front_leg_candidate,-76.759,139.714,490.000,509.000,458.000,645.000,rgb_edges_inside_sam2_mask
189,7.833333,7,front_leg_candidate,-74.745,125.419,396.000,507.000,363.000,628.000,rgb_edges_inside_sam2_mask
189,7.833333,8,rear_leg_candidate,81.293,112.294,501.000,460.000,518.000,571.000,rgb_edges_inside_sam2_mask
189,7.833333,9,rear_leg_candidate,80.134,93.381,426.000,510.000,442.000,602.000,rgb_edges_inside_sam2_mask
189,7.833333,10,front_leg_candidate,-75.324,86.833,376.000,540.000,354.000,624.000,rgb_edges_inside_sam2_mask
189,7.833333,11,rear_leg_candidate,79.951,80.231,432.000,511.000,446.000,590.000,rgb_edges_inside_sam2_mask
189,7.833333,12,front_leg_candidate,-76.945,70.831,484.000,490.000,468.000,559.000,rgb_edges_inside_sam2_mask
189,7.833333,13,front_leg_candidate,-76.569,68.884,512.000,394.000,496.000,461.000,rgb_edges_inside_sam2_mask
189,7.833333,14,rear_leg_candidate,82.117,65.620,519.000,544.000,528.000,609.000,rgb_edges_inside_sam2_mask
189,7.833333,15,front_leg_candidate,-76.866,61.612,466.000,584.000,452.000,644.000,rgb_edges_inside_sam2_mask
189,7.833333,16,rear_leg_candidate,80.218,58.856,408.000,430.000,418.000,488.000,rgb_edges_inside_sam2_mask
189,7.833333,17,front_leg_candidate,-77.152,58.464,503.000,429.000,490.000,486.000,rgb_edges_inside_sam2_mask
189,7.833333,18,rear_leg_candidate,82.405,45.398,516.000,527.000,522.000,572.000,rgb_edges_inside_sam2_mask
189,7.833333,19,rear_leg_candidate,80.961,44.553,420.000,441.000,427.000,485.000,rgb_edges_inside_sam2_mask
189,7.833333,20,front_leg_candidate,-76.608,43.174,458.000,597.000,448.000,639.000,rgb_edges_inside_sam2_mask
189,7.833333,21,rear_leg_candidate,79.563,38.639,504.000,460.000,511.000,498.000,rgb_edges_inside_sam2_mask
189,7.833333,22,front_leg_candidate,-76.329,38.079,411.000,452.000,402.000,489.000,rgb_edges_inside_sam2_mask
189,7.833333,23,rear_leg_candidate,77.471,36.878,414.000,449.000,422.000,485.000,rgb_edges_inside_sam2_mask
189,7.833333,24,rear_leg_candidate,80.538,36.497,434.000,552.000,440.000,588.000,rgb_edges_inside_sam2_mask
190,7.875000,0,front_leg_candidate,-76.897,238.202,507.000,413.000,453.000,645.000,rgb_edges_inside_sam2_mask
190,7.875000,1,front_leg_candidate,-77.209,189.708,501.000,460.000,459.000,645.000,rgb_edges_inside_sam2_mask
190,7.875000,2,front_leg_candidate,-74.884,180.236,423.000,386.000,376.000,560.000,rgb_edges_inside_sam2_mask
190,7.875000,3,rear_leg_candidate,81.098,168.024,507.000,438.000,533.000,604.000,rgb_edges_inside_sam2_mask
190,7.875000,4,rear_leg_candidate,81.027,153.883,509.000,449.000,533.000,601.000,rgb_edges_inside_sam2_mask
190,7.875000,5,front_leg_candidate,-76.350,144.069,482.000,499.000,448.000,639.000,rgb_edges_inside_sam2_mask
190,7.875000,6,front_leg_candidate,-75.069,124.193,396.000,507.000,364.000,627.000,rgb_edges_inside_sam2_mask
190,7.875000,7,rear_leg_candidate,81.170,104.235,502.000,468.000,518.000,571.000,rgb_edges_inside_sam2_mask
190,7.875000,8,rear_leg_candidate,79.531,93.557,432.000,511.000,449.000,603.000,rgb_edges_inside_sam2_mask
190,7.875000,9,rear_leg_candidate,80.134,93.381,426.000,510.000,442.000,602.000,rgb_edges_inside_sam2_mask
190,7.875000,10,front_leg_candidate,-74.859,88.057,386.000,543.000,363.000,628.000,rgb_edges_inside_sam2_mask
190,7.875000,11,front_leg_candidate,-75.324,86.833,376.000,540.000,354.000,624.000,rgb_edges_inside_sam2_mask
190,7.875000,12,rear_leg_candidate,81.674,82.873,516.000,527.000,528.000,609.000,rgb_edges_inside_sam2_mask
190,7.875000,13,front_leg_candidate,-76.373,67.912,484.000,489.000,468.000,555.000,rgb_edges_inside_sam2_mask
190,7.875000,14,front_leg_candidate,-76.430,59.666,463.000,580.000,449.000,638.000,rgb_edges_inside_sam2_mask
190,7.875000,15,front_leg_candidate,-77.152,58.464,465.000,588.000,452.000,645.000,rgb_edges_inside_sam2_mask
190,7.875000,16,front_leg_candidate,-75.466,55.785,374.000,564.000,360.000,618.000,rgb_edges_inside_sam2_mask
190,7.875000,17,rear_leg_candidate,79.992,51.788,437.000,534.000,446.000,585.000,rgb_edges_inside_sam2_mask
190,7.875000,18,rear_leg_candidate,80.727,49.649,420.000,441.000,428.000,490.000,rgb_edges_inside_sam2_mask
190,7.875000,19,rear_leg_candidate,81.870,49.497,516.000,528.000,523.000,577.000,rgb_edges_inside_sam2_mask
190,7.875000,20,front_leg_candidate,-75.651,44.385,411.000,451.000,400.000,494.000,rgb_edges_inside_sam2_mask
190,7.875000,21,rear_leg_candidate,77.905,42.953,414.000,449.000,423.000,491.000,rgb_edges_inside_sam2_mask
190,7.875000,22,rear_leg_candidate,80.311,41.593,412.000,450.000,419.000,491.000,rgb_edges_inside_sam2_mask
190,7.875000,23,rear_leg_candidate,80.538,36.497,504.000,460.000,510.000,496.000,rgb_edges_inside_sam2_mask
190,7.875000,24,front_leg_candidate,-75.579,36.139,379.000,546.000,370.000,581.000,rgb_edges_inside_sam2_mask
191,7.916667,0,front_leg_candidate,-74.965,250.577,422.000,389.000,357.000,631.000,rgb_edges_inside_sam2_mask
191,7.916667,1,front_leg_candidate,-76.792,201.326,498.000,449.000,452.000,645.000,rgb_edges_inside_sam2_mask
191,7.916667,2,front_leg_candidate,-76.915,189.932,502.000,460.000,459.000,645.000,rgb_edges_inside_sam2_mask
191,7.916667,3,rear_leg_candidate,81.151,169.012,507.000,437.000,533.000,604.000,rgb_edges_inside_sam2_mask
191,7.916667,4,front_leg_candidate,-76.820,162.274,511.000,396.000,474.000,554.000,rgb_edges_inside_sam2_mask
191,7.916667,5,front_leg_candidate,-76.866,154.029,484.000,488.000,449.000,638.000,rgb_edges_inside_sam2_mask
191,7.916667,6,front_leg_candidate,-75.069,124.193,396.000,507.000,364.000,627.000,rgb_edges_inside_sam2_mask
191,7.916667,7,rear_leg_candidate,81.170,104.235,502.000,469.000,518.000,572.000,rgb_edges_inside_sam2_mask
191,7.916667,8,rear_leg_candidate,81.085,103.247,501.000,460.000,517.000,562.000,rgb_edges_inside_sam2_mask
191,7.916667,9,front_leg_candidate,-74.995,100.424,423.000,386.000,397.000,483.000,rgb_edges_inside_sam2_mask
191,7.916667,10,rear_leg_candidate,80.134,93.381,426.000,510.000,442.000,602.000,rgb_edges_inside_sam2_mask
191,7.916667,11,rear_leg_candidate,80.028,92.396,433.000,512.000,449.000,603.000,rgb_edges_inside_sam2_mask
191,7.916667,12,front_leg_candidate,-74.859,88.057,386.000,543.000,363.000,628.000,rgb_edges_inside_sam2_mask
191,7.916667,13,front_leg_candidate,-75.155,85.866,376.000,540.000,354.000,623.000,rgb_edges_inside_sam2_mask
191,7.916667,14,rear_leg_candidate,81.573,81.884,516.000,528.000,528.000,609.000,rgb_edges_inside_sam2_mask
191,7.916667,15,front_leg_candidate,-74.678,75.690,377.000,553.000,357.000,626.000,rgb_edges_inside_sam2_mask
191,7.916667,16,front_leg_candidate,-77.125,71.805,484.000,489.000,468.000,559.000,rgb_edges_inside_sam2_mask
191,7.916667,17,rear_leg_candidate,81.027,57.706,517.000,499.000,526.000,556.000,rgb_edges_inside_sam2_mask
191,7.916667,18,rear_leg_candidate,80.961,44.553,421.000,446.000,428.000,490.000,rgb_edges_inside_sam2_mask
191,7.916667,19,front_leg_candidate,-77.619,41.976,469.000,598.000,460.000,639.000,rgb_edges_inside_sam2_mask
191,7.916667,20,rear_leg_candidate,80.311,41.593,434.000,552.000,441.000,593.000,rgb_edges_inside_sam2_mask
191,7.916667,21,rear_leg_candidate,79.563,38.639,504.000,460.000,511.000,498.000,rgb_edges_inside_sam2_mask
191,7.916667,22,rear_leg_candidate,79.287,37.656,411.000,451.000,418.000,488.000,rgb_edges_inside_sam2_mask
191,7.916667,23,rear_leg_candidate,77.471,36.878,414.000,449.000,422.000,485.000,rgb_edges_inside_sam2_mask
192,7.958333,0,front_leg_candidate,-76.897,238.202,507.000,413.000,453.000,645.000,rgb_edges_inside_sam2_mask
192,7.958333,1,front_leg_candidate,-77.209,189.708,501.000,460.000,459.000,645.000,rgb_edges_inside_sam2_mask
192,7.958333,2,front_leg_candidate,-74.884,180.236,423.000,386.000,376.000,560.000,rgb_edges_inside_sam2_mask
192,7.958333,3,rear_leg_candidate,81.151,169.012,507.000,437.000,533.000,604.000,rgb_edges_inside_sam2_mask
192,7.958333,4,front_leg_candidate,-76.350,144.069,482.000,499.000,448.000,639.000,rgb_edges_inside_sam2_mask
192,7.958333,5,front_leg_candidate,-75.069,124.193,396.000,507.000,364.000,627.000,rgb_edges_inside_sam2_mask
192,7.958333,6,rear_leg_candidate,81.170,104.235,502.000,468.000,518.000,571.000,rgb_edges_inside_sam2_mask
192,7.958333,7,rear_leg_candidate,79.531,93.557,432.000,511.000,449.000,603.000,rgb_edges_inside_sam2_mask
192,7.958333,8,rear_leg_candidate,80.134,93.381,426.000,510.000,442.000,602.000,rgb_edges_inside_sam2_mask
192,7.958333,9,front_leg_candidate,-74.859,88.057,386.000,543.000,363.000,628.000,rgb_edges_inside_sam2_mask
192,7.958333,10,front_leg_candidate,-75.324,86.833,376.000,540.000,354.000,624.000,rgb_edges_inside_sam2_mask
192,7.958333,11,rear_leg_candidate,81.674,82.873,516.000,527.000,528.000,609.000,rgb_edges_inside_sam2_mask
192,7.958333,12,front_leg_candidate,-76.373,67.912,484.000,489.000,468.000,555.000,rgb_edges_inside_sam2_mask
192,7.958333,13,front_leg_candidate,-76.430,59.666,463.000,580.000,449.000,638.000,rgb_edges_inside_sam2_mask
192,7.958333,14,front_leg_candidate,-77.152,58.464,465.000,588.000,452.000,645.000,rgb_edges_inside_sam2_mask
192,7.958333,15,front_leg_candidate,-75.466,55.785,374.000,564.000,360.000,618.000,rgb_edges_inside_sam2_mask
192,7.958333,16,rear_leg_candidate,78.906,51.971,419.000,439.000,429.000,490.000,rgb_edges_inside_sam2_mask
192,7.958333,17,rear_leg_candidate,79.992,51.788,437.000,534.000,446.000,585.000,rgb_edges_inside_sam2_mask
192,7.958333,18,rear_leg_candidate,81.870,49.497,516.000,528.000,523.000,577.000,rgb_edges_inside_sam2_mask
192,7.958333,19,front_leg_candidate,-75.651,44.385,411.000,451.000,400.000,494.000,rgb_edges_inside_sam2_mask
192,7.958333,20,rear_leg_candidate,77.905,42.953,414.000,449.000,423.000,491.000,rgb_edges_inside_sam2_mask
192,7.958333,21,rear_leg_candidate,80.538,36.497,504.000,460.000,510.000,496.000,rgb_edges_inside_sam2_mask
192,7.958333,22,front_leg_candidate,-75.579,36.139,379.000,546.000,370.000,581.000,rgb_edges_inside_sam2_mask
