case_name,stage,frame,time,query_type,input_image_path,input_render_path,highlight_layer,question,choices,hoi_profile_source,object_part_choices,contact_relation_choices,gate_policy
stick,stage2,1,0.000000,contact_relation_check,/mnt/hdd/AudioHOI/samples_known_object/11_stick/results/benchmark_vlm_qwen/vlm/stage2/evidence/frame00001_contact_relation_check.png,/mnt/hdd/AudioHOI/samples_known_object/11_stick/results/benchmark_vlm_qwen/vlm/stage2/evidence/frame00001_contact_relation_check.png,contact_candidate_overlay,What is the highlighted object contact region closest to?,hand_on_main_body|hand_on_contact_region|body_on_support_region|floor_support|persistent_two_palm_line|no_contact|unclear,mistral_llm_schema_validated,main_body|contact_region|support_region|tip_regions|grip_bands|background|unclear,hand_on_main_body|hand_on_contact_region|body_on_support_region|floor_support|persistent_two_palm_line|no_contact|unclear,forced_choice_gate_only_no_continuous_pose_or_loss
stick,stage2,2,0.041667,contact_relation_check,/mnt/hdd/AudioHOI/samples_known_object/11_stick/results/benchmark_vlm_qwen/vlm/stage2/evidence/frame00002_contact_relation_check.png,/mnt/hdd/AudioHOI/samples_known_object/11_stick/results/benchmark_vlm_qwen/vlm/stage2/evidence/frame00002_contact_relation_check.png,contact_candidate_overlay,What is the highlighted object contact region closest to?,hand_on_main_body|hand_on_contact_region|body_on_support_region|floor_support|persistent_two_palm_line|no_contact|unclear,mistral_llm_schema_validated,main_body|contact_region|support_region|tip_regions|grip_bands|background|unclear,hand_on_main_body|hand_on_contact_region|body_on_support_region|floor_support|persistent_two_palm_line|no_contact|unclear,forced_choice_gate_only_no_continuous_pose_or_loss
stick,stage2,3,0.083333,contact_relation_check,/mnt/hdd/AudioHOI/samples_known_object/11_stick/results/benchmark_vlm_qwen/vlm/stage2/evidence/frame00003_contact_relation_check.png,/mnt/hdd/AudioHOI/samples_known_object/11_stick/results/benchmark_vlm_qwen/vlm/stage2/evidence/frame00003_contact_relation_check.png,contact_candidate_overlay,What is the highlighted object contact region closest to?,hand_on_main_body|hand_on_contact_region|body_on_support_region|floor_support|persistent_two_palm_line|no_contact|unclear,mistral_llm_schema_validated,main_body|contact_region|support_region|tip_regions|grip_bands|background|unclear,hand_on_main_body|hand_on_contact_region|body_on_support_region|floor_support|persistent_two_palm_line|no_contact|unclear,forced_choice_gate_only_no_continuous_pose_or_loss
stick,stage2,4,0.125000,contact_relation_check,/mnt/hdd/AudioHOI/samples_known_object/11_stick/results/benchmark_vlm_qwen/vlm/stage2/evidence/frame00004_contact_relation_check.png,/mnt/hdd/AudioHOI/samples_known_object/11_stick/results/benchmark_vlm_qwen/vlm/stage2/evidence/frame00004_contact_relation_check.png,contact_candidate_overlay,What is the highlighted object contact region closest to?,hand_on_main_body|hand_on_contact_region|body_on_support_region|floor_support|persistent_two_palm_line|no_contact|unclear,mistral_llm_schema_validated,main_body|contact_region|support_region|tip_regions|grip_bands|background|unclear,hand_on_main_body|hand_on_contact_region|body_on_support_region|floor_support|persistent_two_palm_line|no_contact|unclear,forced_choice_gate_only_no_continuous_pose_or_loss
stick,stage2,5,0.166667,contact_relation_check,/mnt/hdd/AudioHOI/samples_known_object/11_stick/results/benchmark_vlm_qwen/vlm/stage2/evidence/frame00005_contact_relation_check.png,/mnt/hdd/AudioHOI/samples_known_object/11_stick/results/benchmark_vlm_qwen/vlm/stage2/evidence/frame00005_contact_relation_check.png,contact_candidate_overlay,What is the highlighted object contact region closest to?,hand_on_main_body|hand_on_contact_region|body_on_support_region|floor_support|persistent_two_palm_line|no_contact|unclear,mistral_llm_schema_validated,main_body|contact_region|support_region|tip_regions|grip_bands|background|unclear,hand_on_main_body|hand_on_contact_region|body_on_support_region|floor_support|persistent_two_palm_line|no_contact|unclear,forced_choice_gate_only_no_continuous_pose_or_loss
stick,stage2,6,0.208333,contact_relation_check,/mnt/hdd/AudioHOI/samples_known_object/11_stick/results/benchmark_vlm_qwen/vlm/stage2/evidence/frame00006_contact_relation_check.png,/mnt/hdd/AudioHOI/samples_known_object/11_stick/results/benchmark_vlm_qwen/vlm/stage2/evidence/frame00006_contact_relation_check.png,contact_candidate_overlay,What is the highlighted object contact region closest to?,hand_on_main_body|hand_on_contact_region|body_on_support_region|floor_support|persistent_two_palm_line|no_contact|unclear,mistral_llm_schema_validated,main_body|contact_region|support_region|tip_regions|grip_bands|background|unclear,hand_on_main_body|hand_on_contact_region|body_on_support_region|floor_support|persistent_two_palm_line|no_contact|unclear,forced_choice_gate_only_no_continuous_pose_or_loss
stick,stage2,7,0.250000,contact_relation_check,/mnt/hdd/AudioHOI/samples_known_object/11_stick/results/benchmark_vlm_qwen/vlm/stage2/evidence/frame00007_contact_relation_check.png,/mnt/hdd/AudioHOI/samples_known_object/11_stick/results/benchmark_vlm_qwen/vlm/stage2/evidence/frame00007_contact_relation_check.png,contact_candidate_overlay,What is the highlighted object contact region closest to?,hand_on_main_body|hand_on_contact_region|body_on_support_region|floor_support|persistent_two_palm_line|no_contact|unclear,mistral_llm_schema_validated,main_body|contact_region|support_region|tip_regions|grip_bands|background|unclear,hand_on_main_body|hand_on_contact_region|body_on_support_region|floor_support|persistent_two_palm_line|no_contact|unclear,forced_choice_gate_only_no_continuous_pose_or_loss
stick,stage2,8,0.291667,contact_relation_check,/mnt/hdd/AudioHOI/samples_known_object/11_stick/results/benchmark_vlm_qwen/vlm/stage2/evidence/frame00008_contact_relation_check.png,/mnt/hdd/AudioHOI/samples_known_object/11_stick/results/benchmark_vlm_qwen/vlm/stage2/evidence/frame00008_contact_relation_check.png,contact_candidate_overlay,What is the highlighted object contact region closest to?,hand_on_main_body|hand_on_contact_region|body_on_support_region|floor_support|persistent_two_palm_line|no_contact|unclear,mistral_llm_schema_validated,main_body|contact_region|support_region|tip_regions|grip_bands|background|unclear,hand_on_main_body|hand_on_contact_region|body_on_support_region|floor_support|persistent_two_palm_line|no_contact|unclear,forced_choice_gate_only_no_continuous_pose_or_loss
stick,stage2,9,0.333333,contact_relation_check,/mnt/hdd/AudioHOI/samples_known_object/11_stick/results/benchmark_vlm_qwen/vlm/stage2/evidence/frame00009_contact_relation_check.png,/mnt/hdd/AudioHOI/samples_known_object/11_stick/results/benchmark_vlm_qwen/vlm/stage2/evidence/frame00009_contact_relation_check.png,contact_candidate_overlay,What is the highlighted object contact region closest to?,hand_on_main_body|hand_on_contact_region|body_on_support_region|floor_support|persistent_two_palm_line|no_contact|unclear,mistral_llm_schema_validated,main_body|contact_region|support_region|tip_regions|grip_bands|background|unclear,hand_on_main_body|hand_on_contact_region|body_on_support_region|floor_support|persistent_two_palm_line|no_contact|unclear,forced_choice_gate_only_no_continuous_pose_or_loss
stick,stage2,10,0.375000,contact_relation_check,/mnt/hdd/AudioHOI/samples_known_object/11_stick/results/benchmark_vlm_qwen/vlm/stage2/evidence/frame00010_contact_relation_check.png,/mnt/hdd/AudioHOI/samples_known_object/11_stick/results/benchmark_vlm_qwen/vlm/stage2/evidence/frame00010_contact_relation_check.png,contact_candidate_overlay,What is the highlighted object contact region closest to?,hand_on_main_body|hand_on_contact_region|body_on_support_region|floor_support|persistent_two_palm_line|no_contact|unclear,mistral_llm_schema_validated,main_body|contact_region|support_region|tip_regions|grip_bands|background|unclear,hand_on_main_body|hand_on_contact_region|body_on_support_region|floor_support|persistent_two_palm_line|no_contact|unclear,forced_choice_gate_only_no_continuous_pose_or_loss
stick,stage2,11,0.416667,contact_relation_check,/mnt/hdd/AudioHOI/samples_known_object/11_stick/results/benchmark_vlm_qwen/vlm/stage2/evidence/frame00011_contact_relation_check.png,/mnt/hdd/AudioHOI/samples_known_object/11_stick/results/benchmark_vlm_qwen/vlm/stage2/evidence/frame00011_contact_relation_check.png,contact_candidate_overlay,What is the highlighted object contact region closest to?,hand_on_main_body|hand_on_contact_region|body_on_support_region|floor_support|persistent_two_palm_line|no_contact|unclear,mistral_llm_schema_validated,main_body|contact_region|support_region|tip_regions|grip_bands|background|unclear,hand_on_main_body|hand_on_contact_region|body_on_support_region|floor_support|persistent_two_palm_line|no_contact|unclear,forced_choice_gate_only_no_continuous_pose_or_loss
stick,stage2,12,0.458333,contact_relation_check,/mnt/hdd/AudioHOI/samples_known_object/11_stick/results/benchmark_vlm_qwen/vlm/stage2/evidence/frame00012_contact_relation_check.png,/mnt/hdd/AudioHOI/samples_known_object/11_stick/results/benchmark_vlm_qwen/vlm/stage2/evidence/frame00012_contact_relation_check.png,contact_candidate_overlay,What is the highlighted object contact region closest to?,hand_on_main_body|hand_on_contact_region|body_on_support_region|floor_support|persistent_two_palm_line|no_contact|unclear,mistral_llm_schema_validated,main_body|contact_region|support_region|tip_regions|grip_bands|background|unclear,hand_on_main_body|hand_on_contact_region|body_on_support_region|floor_support|persistent_two_palm_line|no_contact|unclear,forced_choice_gate_only_no_continuous_pose_or_loss
stick,stage2,13,0.500000,contact_relation_check,/mnt/hdd/AudioHOI/samples_known_object/11_stick/results/benchmark_vlm_qwen/vlm/stage2/evidence/frame00013_contact_relation_check.png,/mnt/hdd/AudioHOI/samples_known_object/11_stick/results/benchmark_vlm_qwen/vlm/stage2/evidence/frame00013_contact_relation_check.png,contact_candidate_overlay,What is the highlighted object contact region closest to?,hand_on_main_body|hand_on_contact_region|body_on_support_region|floor_support|persistent_two_palm_line|no_contact|unclear,mistral_llm_schema_validated,main_body|contact_region|support_region|tip_regions|grip_bands|background|unclear,hand_on_main_body|hand_on_contact_region|body_on_support_region|floor_support|persistent_two_palm_line|no_contact|unclear,forced_choice_gate_only_no_continuous_pose_or_loss
stick,stage2,14,0.541667,contact_relation_check,/mnt/hdd/AudioHOI/samples_known_object/11_stick/results/benchmark_vlm_qwen/vlm/stage2/evidence/frame00014_contact_relation_check.png,/mnt/hdd/AudioHOI/samples_known_object/11_stick/results/benchmark_vlm_qwen/vlm/stage2/evidence/frame00014_contact_relation_check.png,contact_candidate_overlay,What is the highlighted object contact region closest to?,hand_on_main_body|hand_on_contact_region|body_on_support_region|floor_support|persistent_two_palm_line|no_contact|unclear,mistral_llm_schema_validated,main_body|contact_region|support_region|tip_regions|grip_bands|background|unclear,hand_on_main_body|hand_on_contact_region|body_on_support_region|floor_support|persistent_two_palm_line|no_contact|unclear,forced_choice_gate_only_no_continuous_pose_or_loss
stick,stage2,15,0.583333,contact_relation_check,/mnt/hdd/AudioHOI/samples_known_object/11_stick/results/benchmark_vlm_qwen/vlm/stage2/evidence/frame00015_contact_relation_check.png,/mnt/hdd/AudioHOI/samples_known_object/11_stick/results/benchmark_vlm_qwen/vlm/stage2/evidence/frame00015_contact_relation_check.png,contact_candidate_overlay,What is the highlighted object contact region closest to?,hand_on_main_body|hand_on_contact_region|body_on_support_region|floor_support|persistent_two_palm_line|no_contact|unclear,mistral_llm_schema_validated,main_body|contact_region|support_region|tip_regions|grip_bands|background|unclear,hand_on_main_body|hand_on_contact_region|body_on_support_region|floor_support|persistent_two_palm_line|no_contact|unclear,forced_choice_gate_only_no_continuous_pose_or_loss
stick,stage2,16,0.625000,contact_relation_check,/mnt/hdd/AudioHOI/samples_known_object/11_stick/results/benchmark_vlm_qwen/vlm/stage2/evidence/frame00016_contact_relation_check.png,/mnt/hdd/AudioHOI/samples_known_object/11_stick/results/benchmark_vlm_qwen/vlm/stage2/evidence/frame00016_contact_relation_check.png,contact_candidate_overlay,What is the highlighted object contact region closest to?,hand_on_main_body|hand_on_contact_region|body_on_support_region|floor_support|persistent_two_palm_line|no_contact|unclear,mistral_llm_schema_validated,main_body|contact_region|support_region|tip_regions|grip_bands|background|unclear,hand_on_main_body|hand_on_contact_region|body_on_support_region|floor_support|persistent_two_palm_line|no_contact|unclear,forced_choice_gate_only_no_continuous_pose_or_loss
stick,stage2,17,0.666667,contact_relation_check,/mnt/hdd/AudioHOI/samples_known_object/11_stick/results/benchmark_vlm_qwen/vlm/stage2/evidence/frame00017_contact_relation_check.png,/mnt/hdd/AudioHOI/samples_known_object/11_stick/results/benchmark_vlm_qwen/vlm/stage2/evidence/frame00017_contact_relation_check.png,contact_candidate_overlay,What is the highlighted object contact region closest to?,hand_on_main_body|hand_on_contact_region|body_on_support_region|floor_support|persistent_two_palm_line|no_contact|unclear,mistral_llm_schema_validated,main_body|contact_region|support_region|tip_regions|grip_bands|background|unclear,hand_on_main_body|hand_on_contact_region|body_on_support_region|floor_support|persistent_two_palm_line|no_contact|unclear,forced_choice_gate_only_no_continuous_pose_or_loss
stick,stage2,18,0.708333,contact_relation_check,/mnt/hdd/AudioHOI/samples_known_object/11_stick/results/benchmark_vlm_qwen/vlm/stage2/evidence/frame00018_contact_relation_check.png,/mnt/hdd/AudioHOI/samples_known_object/11_stick/results/benchmark_vlm_qwen/vlm/stage2/evidence/frame00018_contact_relation_check.png,contact_candidate_overlay,What is the highlighted object contact region closest to?,hand_on_main_body|hand_on_contact_region|body_on_support_region|floor_support|persistent_two_palm_line|no_contact|unclear,mistral_llm_schema_validated,main_body|contact_region|support_region|tip_regions|grip_bands|background|unclear,hand_on_main_body|hand_on_contact_region|body_on_support_region|floor_support|persistent_two_palm_line|no_contact|unclear,forced_choice_gate_only_no_continuous_pose_or_loss
stick,stage2,19,0.750000,contact_relation_check,/mnt/hdd/AudioHOI/samples_known_object/11_stick/results/benchmark_vlm_qwen/vlm/stage2/evidence/frame00019_contact_relation_check.png,/mnt/hdd/AudioHOI/samples_known_object/11_stick/results/benchmark_vlm_qwen/vlm/stage2/evidence/frame00019_contact_relation_check.png,contact_candidate_overlay,What is the highlighted object contact region closest to?,hand_on_main_body|hand_on_contact_region|body_on_support_region|floor_support|persistent_two_palm_line|no_contact|unclear,mistral_llm_schema_validated,main_body|contact_region|support_region|tip_regions|grip_bands|background|unclear,hand_on_main_body|hand_on_contact_region|body_on_support_region|floor_support|persistent_two_palm_line|no_contact|unclear,forced_choice_gate_only_no_continuous_pose_or_loss
stick,stage2,20,0.791667,contact_relation_check,/mnt/hdd/AudioHOI/samples_known_object/11_stick/results/benchmark_vlm_qwen/vlm/stage2/evidence/frame00020_contact_relation_check.png,/mnt/hdd/AudioHOI/samples_known_object/11_stick/results/benchmark_vlm_qwen/vlm/stage2/evidence/frame00020_contact_relation_check.png,contact_candidate_overlay,What is the highlighted object contact region closest to?,hand_on_main_body|hand_on_contact_region|body_on_support_region|floor_support|persistent_two_palm_line|no_contact|unclear,mistral_llm_schema_validated,main_body|contact_region|support_region|tip_regions|grip_bands|background|unclear,hand_on_main_body|hand_on_contact_region|body_on_support_region|floor_support|persistent_two_palm_line|no_contact|unclear,forced_choice_gate_only_no_continuous_pose_or_loss
stick,stage2,21,0.833333,contact_relation_check,/mnt/hdd/AudioHOI/samples_known_object/11_stick/results/benchmark_vlm_qwen/vlm/stage2/evidence/frame00021_contact_relation_check.png,/mnt/hdd/AudioHOI/samples_known_object/11_stick/results/benchmark_vlm_qwen/vlm/stage2/evidence/frame00021_contact_relation_check.png,contact_candidate_overlay,What is the highlighted object contact region closest to?,hand_on_main_body|hand_on_contact_region|body_on_support_region|floor_support|persistent_two_palm_line|no_contact|unclear,mistral_llm_schema_validated,main_body|contact_region|support_region|tip_regions|grip_bands|background|unclear,hand_on_main_body|hand_on_contact_region|body_on_support_region|floor_support|persistent_two_palm_line|no_contact|unclear,forced_choice_gate_only_no_continuous_pose_or_loss
stick,stage2,22,0.875000,contact_relation_check,/mnt/hdd/AudioHOI/samples_known_object/11_stick/results/benchmark_vlm_qwen/vlm/stage2/evidence/frame00022_contact_relation_check.png,/mnt/hdd/AudioHOI/samples_known_object/11_stick/results/benchmark_vlm_qwen/vlm/stage2/evidence/frame00022_contact_relation_check.png,contact_candidate_overlay,What is the highlighted object contact region closest to?,hand_on_main_body|hand_on_contact_region|body_on_support_region|floor_support|persistent_two_palm_line|no_contact|unclear,mistral_llm_schema_validated,main_body|contact_region|support_region|tip_regions|grip_bands|background|unclear,hand_on_main_body|hand_on_contact_region|body_on_support_region|floor_support|persistent_two_palm_line|no_contact|unclear,forced_choice_gate_only_no_continuous_pose_or_loss
stick,stage2,23,0.916667,contact_relation_check,/mnt/hdd/AudioHOI/samples_known_object/11_stick/results/benchmark_vlm_qwen/vlm/stage2/evidence/frame00023_contact_relation_check.png,/mnt/hdd/AudioHOI/samples_known_object/11_stick/results/benchmark_vlm_qwen/vlm/stage2/evidence/frame00023_contact_relation_check.png,contact_candidate_overlay,What is the highlighted object contact region closest to?,hand_on_main_body|hand_on_contact_region|body_on_support_region|floor_support|persistent_two_palm_line|no_contact|unclear,mistral_llm_schema_validated,main_body|contact_region|support_region|tip_regions|grip_bands|background|unclear,hand_on_main_body|hand_on_contact_region|body_on_support_region|floor_support|persistent_two_palm_line|no_contact|unclear,forced_choice_gate_only_no_continuous_pose_or_loss
stick,stage2,24,0.958333,contact_relation_check,/mnt/hdd/AudioHOI/samples_known_object/11_stick/results/benchmark_vlm_qwen/vlm/stage2/evidence/frame00024_contact_relation_check.png,/mnt/hdd/AudioHOI/samples_known_object/11_stick/results/benchmark_vlm_qwen/vlm/stage2/evidence/frame00024_contact_relation_check.png,contact_candidate_overlay,What is the highlighted object contact region closest to?,hand_on_main_body|hand_on_contact_region|body_on_support_region|floor_support|persistent_two_palm_line|no_contact|unclear,mistral_llm_schema_validated,main_body|contact_region|support_region|tip_regions|grip_bands|background|unclear,hand_on_main_body|hand_on_contact_region|body_on_support_region|floor_support|persistent_two_palm_line|no_contact|unclear,forced_choice_gate_only_no_continuous_pose_or_loss
stick,stage2,25,1.000000,contact_relation_check,/mnt/hdd/AudioHOI/samples_known_object/11_stick/results/benchmark_vlm_qwen/vlm/stage2/evidence/frame00025_contact_relation_check.png,/mnt/hdd/AudioHOI/samples_known_object/11_stick/results/benchmark_vlm_qwen/vlm/stage2/evidence/frame00025_contact_relation_check.png,contact_candidate_overlay,What is the highlighted object contact region closest to?,hand_on_main_body|hand_on_contact_region|body_on_support_region|floor_support|persistent_two_palm_line|no_contact|unclear,mistral_llm_schema_validated,main_body|contact_region|support_region|tip_regions|grip_bands|background|unclear,hand_on_main_body|hand_on_contact_region|body_on_support_region|floor_support|persistent_two_palm_line|no_contact|unclear,forced_choice_gate_only_no_continuous_pose_or_loss
stick,stage2,26,1.041667,contact_relation_check,/mnt/hdd/AudioHOI/samples_known_object/11_stick/results/benchmark_vlm_qwen/vlm/stage2/evidence/frame00026_contact_relation_check.png,/mnt/hdd/AudioHOI/samples_known_object/11_stick/results/benchmark_vlm_qwen/vlm/stage2/evidence/frame00026_contact_relation_check.png,contact_candidate_overlay,What is the highlighted object contact region closest to?,hand_on_main_body|hand_on_contact_region|body_on_support_region|floor_support|persistent_two_palm_line|no_contact|unclear,mistral_llm_schema_validated,main_body|contact_region|support_region|tip_regions|grip_bands|background|unclear,hand_on_main_body|hand_on_contact_region|body_on_support_region|floor_support|persistent_two_palm_line|no_contact|unclear,forced_choice_gate_only_no_continuous_pose_or_loss
stick,stage2,27,1.083333,contact_relation_check,/mnt/hdd/AudioHOI/samples_known_object/11_stick/results/benchmark_vlm_qwen/vlm/stage2/evidence/frame00027_contact_relation_check.png,/mnt/hdd/AudioHOI/samples_known_object/11_stick/results/benchmark_vlm_qwen/vlm/stage2/evidence/frame00027_contact_relation_check.png,contact_candidate_overlay,What is the highlighted object contact region closest to?,hand_on_main_body|hand_on_contact_region|body_on_support_region|floor_support|persistent_two_palm_line|no_contact|unclear,mistral_llm_schema_validated,main_body|contact_region|support_region|tip_regions|grip_bands|background|unclear,hand_on_main_body|hand_on_contact_region|body_on_support_region|floor_support|persistent_two_palm_line|no_contact|unclear,forced_choice_gate_only_no_continuous_pose_or_loss
stick,stage2,28,1.125000,contact_relation_check,/mnt/hdd/AudioHOI/samples_known_object/11_stick/results/benchmark_vlm_qwen/vlm/stage2/evidence/frame00028_contact_relation_check.png,/mnt/hdd/AudioHOI/samples_known_object/11_stick/results/benchmark_vlm_qwen/vlm/stage2/evidence/frame00028_contact_relation_check.png,contact_candidate_overlay,What is the highlighted object contact region closest to?,hand_on_main_body|hand_on_contact_region|body_on_support_region|floor_support|persistent_two_palm_line|no_contact|unclear,mistral_llm_schema_validated,main_body|contact_region|support_region|tip_regions|grip_bands|background|unclear,hand_on_main_body|hand_on_contact_region|body_on_support_region|floor_support|persistent_two_palm_line|no_contact|unclear,forced_choice_gate_only_no_continuous_pose_or_loss
stick,stage2,29,1.166667,contact_relation_check,/mnt/hdd/AudioHOI/samples_known_object/11_stick/results/benchmark_vlm_qwen/vlm/stage2/evidence/frame00029_contact_relation_check.png,/mnt/hdd/AudioHOI/samples_known_object/11_stick/results/benchmark_vlm_qwen/vlm/stage2/evidence/frame00029_contact_relation_check.png,contact_candidate_overlay,What is the highlighted object contact region closest to?,hand_on_main_body|hand_on_contact_region|body_on_support_region|floor_support|persistent_two_palm_line|no_contact|unclear,mistral_llm_schema_validated,main_body|contact_region|support_region|tip_regions|grip_bands|background|unclear,hand_on_main_body|hand_on_contact_region|body_on_support_region|floor_support|persistent_two_palm_line|no_contact|unclear,forced_choice_gate_only_no_continuous_pose_or_loss
stick,stage2,30,1.208333,contact_relation_check,/mnt/hdd/AudioHOI/samples_known_object/11_stick/results/benchmark_vlm_qwen/vlm/stage2/evidence/frame00030_contact_relation_check.png,/mnt/hdd/AudioHOI/samples_known_object/11_stick/results/benchmark_vlm_qwen/vlm/stage2/evidence/frame00030_contact_relation_check.png,contact_candidate_overlay,What is the highlighted object contact region closest to?,hand_on_main_body|hand_on_contact_region|body_on_support_region|floor_support|persistent_two_palm_line|no_contact|unclear,mistral_llm_schema_validated,main_body|contact_region|support_region|tip_regions|grip_bands|background|unclear,hand_on_main_body|hand_on_contact_region|body_on_support_region|floor_support|persistent_two_palm_line|no_contact|unclear,forced_choice_gate_only_no_continuous_pose_or_loss
stick,stage2,31,1.250000,contact_relation_check,/mnt/hdd/AudioHOI/samples_known_object/11_stick/results/benchmark_vlm_qwen/vlm/stage2/evidence/frame00031_contact_relation_check.png,/mnt/hdd/AudioHOI/samples_known_object/11_stick/results/benchmark_vlm_qwen/vlm/stage2/evidence/frame00031_contact_relation_check.png,contact_candidate_overlay,What is the highlighted object contact region closest to?,hand_on_main_body|hand_on_contact_region|body_on_support_region|floor_support|persistent_two_palm_line|no_contact|unclear,mistral_llm_schema_validated,main_body|contact_region|support_region|tip_regions|grip_bands|background|unclear,hand_on_main_body|hand_on_contact_region|body_on_support_region|floor_support|persistent_two_palm_line|no_contact|unclear,forced_choice_gate_only_no_continuous_pose_or_loss
stick,stage2,32,1.291667,contact_relation_check,/mnt/hdd/AudioHOI/samples_known_object/11_stick/results/benchmark_vlm_qwen/vlm/stage2/evidence/frame00032_contact_relation_check.png,/mnt/hdd/AudioHOI/samples_known_object/11_stick/results/benchmark_vlm_qwen/vlm/stage2/evidence/frame00032_contact_relation_check.png,contact_candidate_overlay,What is the highlighted object contact region closest to?,hand_on_main_body|hand_on_contact_region|body_on_support_region|floor_support|persistent_two_palm_line|no_contact|unclear,mistral_llm_schema_validated,main_body|contact_region|support_region|tip_regions|grip_bands|background|unclear,hand_on_main_body|hand_on_contact_region|body_on_support_region|floor_support|persistent_two_palm_line|no_contact|unclear,forced_choice_gate_only_no_continuous_pose_or_loss
stick,stage2,33,1.333333,contact_relation_check,/mnt/hdd/AudioHOI/samples_known_object/11_stick/results/benchmark_vlm_qwen/vlm/stage2/evidence/frame00033_contact_relation_check.png,/mnt/hdd/AudioHOI/samples_known_object/11_stick/results/benchmark_vlm_qwen/vlm/stage2/evidence/frame00033_contact_relation_check.png,contact_candidate_overlay,What is the highlighted object contact region closest to?,hand_on_main_body|hand_on_contact_region|body_on_support_region|floor_support|persistent_two_palm_line|no_contact|unclear,mistral_llm_schema_validated,main_body|contact_region|support_region|tip_regions|grip_bands|background|unclear,hand_on_main_body|hand_on_contact_region|body_on_support_region|floor_support|persistent_two_palm_line|no_contact|unclear,forced_choice_gate_only_no_continuous_pose_or_loss
stick,stage2,34,1.375000,contact_relation_check,/mnt/hdd/AudioHOI/samples_known_object/11_stick/results/benchmark_vlm_qwen/vlm/stage2/evidence/frame00034_contact_relation_check.png,/mnt/hdd/AudioHOI/samples_known_object/11_stick/results/benchmark_vlm_qwen/vlm/stage2/evidence/frame00034_contact_relation_check.png,contact_candidate_overlay,What is the highlighted object contact region closest to?,hand_on_main_body|hand_on_contact_region|body_on_support_region|floor_support|persistent_two_palm_line|no_contact|unclear,mistral_llm_schema_validated,main_body|contact_region|support_region|tip_regions|grip_bands|background|unclear,hand_on_main_body|hand_on_contact_region|body_on_support_region|floor_support|persistent_two_palm_line|no_contact|unclear,forced_choice_gate_only_no_continuous_pose_or_loss
stick,stage2,35,1.416667,contact_relation_check,/mnt/hdd/AudioHOI/samples_known_object/11_stick/results/benchmark_vlm_qwen/vlm/stage2/evidence/frame00035_contact_relation_check.png,/mnt/hdd/AudioHOI/samples_known_object/11_stick/results/benchmark_vlm_qwen/vlm/stage2/evidence/frame00035_contact_relation_check.png,contact_candidate_overlay,What is the highlighted object contact region closest to?,hand_on_main_body|hand_on_contact_region|body_on_support_region|floor_support|persistent_two_palm_line|no_contact|unclear,mistral_llm_schema_validated,main_body|contact_region|support_region|tip_regions|grip_bands|background|unclear,hand_on_main_body|hand_on_contact_region|body_on_support_region|floor_support|persistent_two_palm_line|no_contact|unclear,forced_choice_gate_only_no_continuous_pose_or_loss
stick,stage2,36,1.458333,contact_relation_check,/mnt/hdd/AudioHOI/samples_known_object/11_stick/results/benchmark_vlm_qwen/vlm/stage2/evidence/frame00036_contact_relation_check.png,/mnt/hdd/AudioHOI/samples_known_object/11_stick/results/benchmark_vlm_qwen/vlm/stage2/evidence/frame00036_contact_relation_check.png,contact_candidate_overlay,What is the highlighted object contact region closest to?,hand_on_main_body|hand_on_contact_region|body_on_support_region|floor_support|persistent_two_palm_line|no_contact|unclear,mistral_llm_schema_validated,main_body|contact_region|support_region|tip_regions|grip_bands|background|unclear,hand_on_main_body|hand_on_contact_region|body_on_support_region|floor_support|persistent_two_palm_line|no_contact|unclear,forced_choice_gate_only_no_continuous_pose_or_loss
stick,stage2,37,1.500000,contact_relation_check,/mnt/hdd/AudioHOI/samples_known_object/11_stick/results/benchmark_vlm_qwen/vlm/stage2/evidence/frame00037_contact_relation_check.png,/mnt/hdd/AudioHOI/samples_known_object/11_stick/results/benchmark_vlm_qwen/vlm/stage2/evidence/frame00037_contact_relation_check.png,contact_candidate_overlay,What is the highlighted object contact region closest to?,hand_on_main_body|hand_on_contact_region|body_on_support_region|floor_support|persistent_two_palm_line|no_contact|unclear,mistral_llm_schema_validated,main_body|contact_region|support_region|tip_regions|grip_bands|background|unclear,hand_on_main_body|hand_on_contact_region|body_on_support_region|floor_support|persistent_two_palm_line|no_contact|unclear,forced_choice_gate_only_no_continuous_pose_or_loss
stick,stage2,38,1.541667,contact_relation_check,/mnt/hdd/AudioHOI/samples_known_object/11_stick/results/benchmark_vlm_qwen/vlm/stage2/evidence/frame00038_contact_relation_check.png,/mnt/hdd/AudioHOI/samples_known_object/11_stick/results/benchmark_vlm_qwen/vlm/stage2/evidence/frame00038_contact_relation_check.png,contact_candidate_overlay,What is the highlighted object contact region closest to?,hand_on_main_body|hand_on_contact_region|body_on_support_region|floor_support|persistent_two_palm_line|no_contact|unclear,mistral_llm_schema_validated,main_body|contact_region|support_region|tip_regions|grip_bands|background|unclear,hand_on_main_body|hand_on_contact_region|body_on_support_region|floor_support|persistent_two_palm_line|no_contact|unclear,forced_choice_gate_only_no_continuous_pose_or_loss
stick,stage2,39,1.583333,contact_relation_check,/mnt/hdd/AudioHOI/samples_known_object/11_stick/results/benchmark_vlm_qwen/vlm/stage2/evidence/frame00039_contact_relation_check.png,/mnt/hdd/AudioHOI/samples_known_object/11_stick/results/benchmark_vlm_qwen/vlm/stage2/evidence/frame00039_contact_relation_check.png,contact_candidate_overlay,What is the highlighted object contact region closest to?,hand_on_main_body|hand_on_contact_region|body_on_support_region|floor_support|persistent_two_palm_line|no_contact|unclear,mistral_llm_schema_validated,main_body|contact_region|support_region|tip_regions|grip_bands|background|unclear,hand_on_main_body|hand_on_contact_region|body_on_support_region|floor_support|persistent_two_palm_line|no_contact|unclear,forced_choice_gate_only_no_continuous_pose_or_loss
stick,stage2,40,1.625000,contact_relation_check,/mnt/hdd/AudioHOI/samples_known_object/11_stick/results/benchmark_vlm_qwen/vlm/stage2/evidence/frame00040_contact_relation_check.png,/mnt/hdd/AudioHOI/samples_known_object/11_stick/results/benchmark_vlm_qwen/vlm/stage2/evidence/frame00040_contact_relation_check.png,contact_candidate_overlay,What is the highlighted object contact region closest to?,hand_on_main_body|hand_on_contact_region|body_on_support_region|floor_support|persistent_two_palm_line|no_contact|unclear,mistral_llm_schema_validated,main_body|contact_region|support_region|tip_regions|grip_bands|background|unclear,hand_on_main_body|hand_on_contact_region|body_on_support_region|floor_support|persistent_two_palm_line|no_contact|unclear,forced_choice_gate_only_no_continuous_pose_or_loss
stick,stage2,41,1.666667,contact_relation_check,/mnt/hdd/AudioHOI/samples_known_object/11_stick/results/benchmark_vlm_qwen/vlm/stage2/evidence/frame00041_contact_relation_check.png,/mnt/hdd/AudioHOI/samples_known_object/11_stick/results/benchmark_vlm_qwen/vlm/stage2/evidence/frame00041_contact_relation_check.png,contact_candidate_overlay,What is the highlighted object contact region closest to?,hand_on_main_body|hand_on_contact_region|body_on_support_region|floor_support|persistent_two_palm_line|no_contact|unclear,mistral_llm_schema_validated,main_body|contact_region|support_region|tip_regions|grip_bands|background|unclear,hand_on_main_body|hand_on_contact_region|body_on_support_region|floor_support|persistent_two_palm_line|no_contact|unclear,forced_choice_gate_only_no_continuous_pose_or_loss
stick,stage2,42,1.708333,contact_relation_check,/mnt/hdd/AudioHOI/samples_known_object/11_stick/results/benchmark_vlm_qwen/vlm/stage2/evidence/frame00042_contact_relation_check.png,/mnt/hdd/AudioHOI/samples_known_object/11_stick/results/benchmark_vlm_qwen/vlm/stage2/evidence/frame00042_contact_relation_check.png,contact_candidate_overlay,What is the highlighted object contact region closest to?,hand_on_main_body|hand_on_contact_region|body_on_support_region|floor_support|persistent_two_palm_line|no_contact|unclear,mistral_llm_schema_validated,main_body|contact_region|support_region|tip_regions|grip_bands|background|unclear,hand_on_main_body|hand_on_contact_region|body_on_support_region|floor_support|persistent_two_palm_line|no_contact|unclear,forced_choice_gate_only_no_continuous_pose_or_loss
stick,stage2,43,1.750000,contact_relation_check,/mnt/hdd/AudioHOI/samples_known_object/11_stick/results/benchmark_vlm_qwen/vlm/stage2/evidence/frame00043_contact_relation_check.png,/mnt/hdd/AudioHOI/samples_known_object/11_stick/results/benchmark_vlm_qwen/vlm/stage2/evidence/frame00043_contact_relation_check.png,contact_candidate_overlay,What is the highlighted object contact region closest to?,hand_on_main_body|hand_on_contact_region|body_on_support_region|floor_support|persistent_two_palm_line|no_contact|unclear,mistral_llm_schema_validated,main_body|contact_region|support_region|tip_regions|grip_bands|background|unclear,hand_on_main_body|hand_on_contact_region|body_on_support_region|floor_support|persistent_two_palm_line|no_contact|unclear,forced_choice_gate_only_no_continuous_pose_or_loss
stick,stage2,44,1.791667,contact_relation_check,/mnt/hdd/AudioHOI/samples_known_object/11_stick/results/benchmark_vlm_qwen/vlm/stage2/evidence/frame00044_contact_relation_check.png,/mnt/hdd/AudioHOI/samples_known_object/11_stick/results/benchmark_vlm_qwen/vlm/stage2/evidence/frame00044_contact_relation_check.png,contact_candidate_overlay,What is the highlighted object contact region closest to?,hand_on_main_body|hand_on_contact_region|body_on_support_region|floor_support|persistent_two_palm_line|no_contact|unclear,mistral_llm_schema_validated,main_body|contact_region|support_region|tip_regions|grip_bands|background|unclear,hand_on_main_body|hand_on_contact_region|body_on_support_region|floor_support|persistent_two_palm_line|no_contact|unclear,forced_choice_gate_only_no_continuous_pose_or_loss
stick,stage2,45,1.833333,contact_relation_check,/mnt/hdd/AudioHOI/samples_known_object/11_stick/results/benchmark_vlm_qwen/vlm/stage2/evidence/frame00045_contact_relation_check.png,/mnt/hdd/AudioHOI/samples_known_object/11_stick/results/benchmark_vlm_qwen/vlm/stage2/evidence/frame00045_contact_relation_check.png,contact_candidate_overlay,What is the highlighted object contact region closest to?,hand_on_main_body|hand_on_contact_region|body_on_support_region|floor_support|persistent_two_palm_line|no_contact|unclear,mistral_llm_schema_validated,main_body|contact_region|support_region|tip_regions|grip_bands|background|unclear,hand_on_main_body|hand_on_contact_region|body_on_support_region|floor_support|persistent_two_palm_line|no_contact|unclear,forced_choice_gate_only_no_continuous_pose_or_loss
stick,stage2,46,1.875000,contact_relation_check,/mnt/hdd/AudioHOI/samples_known_object/11_stick/results/benchmark_vlm_qwen/vlm/stage2/evidence/frame00046_contact_relation_check.png,/mnt/hdd/AudioHOI/samples_known_object/11_stick/results/benchmark_vlm_qwen/vlm/stage2/evidence/frame00046_contact_relation_check.png,contact_candidate_overlay,What is the highlighted object contact region closest to?,hand_on_main_body|hand_on_contact_region|body_on_support_region|floor_support|persistent_two_palm_line|no_contact|unclear,mistral_llm_schema_validated,main_body|contact_region|support_region|tip_regions|grip_bands|background|unclear,hand_on_main_body|hand_on_contact_region|body_on_support_region|floor_support|persistent_two_palm_line|no_contact|unclear,forced_choice_gate_only_no_continuous_pose_or_loss
stick,stage2,47,1.916667,contact_relation_check,/mnt/hdd/AudioHOI/samples_known_object/11_stick/results/benchmark_vlm_qwen/vlm/stage2/evidence/frame00047_contact_relation_check.png,/mnt/hdd/AudioHOI/samples_known_object/11_stick/results/benchmark_vlm_qwen/vlm/stage2/evidence/frame00047_contact_relation_check.png,contact_candidate_overlay,What is the highlighted object contact region closest to?,hand_on_main_body|hand_on_contact_region|body_on_support_region|floor_support|persistent_two_palm_line|no_contact|unclear,mistral_llm_schema_validated,main_body|contact_region|support_region|tip_regions|grip_bands|background|unclear,hand_on_main_body|hand_on_contact_region|body_on_support_region|floor_support|persistent_two_palm_line|no_contact|unclear,forced_choice_gate_only_no_continuous_pose_or_loss
stick,stage2,48,1.958333,contact_relation_check,/mnt/hdd/AudioHOI/samples_known_object/11_stick/results/benchmark_vlm_qwen/vlm/stage2/evidence/frame00048_contact_relation_check.png,/mnt/hdd/AudioHOI/samples_known_object/11_stick/results/benchmark_vlm_qwen/vlm/stage2/evidence/frame00048_contact_relation_check.png,contact_candidate_overlay,What is the highlighted object contact region closest to?,hand_on_main_body|hand_on_contact_region|body_on_support_region|floor_support|persistent_two_palm_line|no_contact|unclear,mistral_llm_schema_validated,main_body|contact_region|support_region|tip_regions|grip_bands|background|unclear,hand_on_main_body|hand_on_contact_region|body_on_support_region|floor_support|persistent_two_palm_line|no_contact|unclear,forced_choice_gate_only_no_continuous_pose_or_loss
stick,stage2,49,2.000000,contact_relation_check,/mnt/hdd/AudioHOI/samples_known_object/11_stick/results/benchmark_vlm_qwen/vlm/stage2/evidence/frame00049_contact_relation_check.png,/mnt/hdd/AudioHOI/samples_known_object/11_stick/results/benchmark_vlm_qwen/vlm/stage2/evidence/frame00049_contact_relation_check.png,contact_candidate_overlay,What is the highlighted object contact region closest to?,hand_on_main_body|hand_on_contact_region|body_on_support_region|floor_support|persistent_two_palm_line|no_contact|unclear,mistral_llm_schema_validated,main_body|contact_region|support_region|tip_regions|grip_bands|background|unclear,hand_on_main_body|hand_on_contact_region|body_on_support_region|floor_support|persistent_two_palm_line|no_contact|unclear,forced_choice_gate_only_no_continuous_pose_or_loss
stick,stage2,50,2.041667,contact_relation_check,/mnt/hdd/AudioHOI/samples_known_object/11_stick/results/benchmark_vlm_qwen/vlm/stage2/evidence/frame00050_contact_relation_check.png,/mnt/hdd/AudioHOI/samples_known_object/11_stick/results/benchmark_vlm_qwen/vlm/stage2/evidence/frame00050_contact_relation_check.png,contact_candidate_overlay,What is the highlighted object contact region closest to?,hand_on_main_body|hand_on_contact_region|body_on_support_region|floor_support|persistent_two_palm_line|no_contact|unclear,mistral_llm_schema_validated,main_body|contact_region|support_region|tip_regions|grip_bands|background|unclear,hand_on_main_body|hand_on_contact_region|body_on_support_region|floor_support|persistent_two_palm_line|no_contact|unclear,forced_choice_gate_only_no_continuous_pose_or_loss
stick,stage2,51,2.083333,contact_relation_check,/mnt/hdd/AudioHOI/samples_known_object/11_stick/results/benchmark_vlm_qwen/vlm/stage2/evidence/frame00051_contact_relation_check.png,/mnt/hdd/AudioHOI/samples_known_object/11_stick/results/benchmark_vlm_qwen/vlm/stage2/evidence/frame00051_contact_relation_check.png,contact_candidate_overlay,What is the highlighted object contact region closest to?,hand_on_main_body|hand_on_contact_region|body_on_support_region|floor_support|persistent_two_palm_line|no_contact|unclear,mistral_llm_schema_validated,main_body|contact_region|support_region|tip_regions|grip_bands|background|unclear,hand_on_main_body|hand_on_contact_region|body_on_support_region|floor_support|persistent_two_palm_line|no_contact|unclear,forced_choice_gate_only_no_continuous_pose_or_loss
stick,stage2,52,2.125000,contact_relation_check,/mnt/hdd/AudioHOI/samples_known_object/11_stick/results/benchmark_vlm_qwen/vlm/stage2/evidence/frame00052_contact_relation_check.png,/mnt/hdd/AudioHOI/samples_known_object/11_stick/results/benchmark_vlm_qwen/vlm/stage2/evidence/frame00052_contact_relation_check.png,contact_candidate_overlay,What is the highlighted object contact region closest to?,hand_on_main_body|hand_on_contact_region|body_on_support_region|floor_support|persistent_two_palm_line|no_contact|unclear,mistral_llm_schema_validated,main_body|contact_region|support_region|tip_regions|grip_bands|background|unclear,hand_on_main_body|hand_on_contact_region|body_on_support_region|floor_support|persistent_two_palm_line|no_contact|unclear,forced_choice_gate_only_no_continuous_pose_or_loss
stick,stage2,53,2.166667,contact_relation_check,/mnt/hdd/AudioHOI/samples_known_object/11_stick/results/benchmark_vlm_qwen/vlm/stage2/evidence/frame00053_contact_relation_check.png,/mnt/hdd/AudioHOI/samples_known_object/11_stick/results/benchmark_vlm_qwen/vlm/stage2/evidence/frame00053_contact_relation_check.png,contact_candidate_overlay,What is the highlighted object contact region closest to?,hand_on_main_body|hand_on_contact_region|body_on_support_region|floor_support|persistent_two_palm_line|no_contact|unclear,mistral_llm_schema_validated,main_body|contact_region|support_region|tip_regions|grip_bands|background|unclear,hand_on_main_body|hand_on_contact_region|body_on_support_region|floor_support|persistent_two_palm_line|no_contact|unclear,forced_choice_gate_only_no_continuous_pose_or_loss
stick,stage2,54,2.208333,contact_relation_check,/mnt/hdd/AudioHOI/samples_known_object/11_stick/results/benchmark_vlm_qwen/vlm/stage2/evidence/frame00054_contact_relation_check.png,/mnt/hdd/AudioHOI/samples_known_object/11_stick/results/benchmark_vlm_qwen/vlm/stage2/evidence/frame00054_contact_relation_check.png,contact_candidate_overlay,What is the highlighted object contact region closest to?,hand_on_main_body|hand_on_contact_region|body_on_support_region|floor_support|persistent_two_palm_line|no_contact|unclear,mistral_llm_schema_validated,main_body|contact_region|support_region|tip_regions|grip_bands|background|unclear,hand_on_main_body|hand_on_contact_region|body_on_support_region|floor_support|persistent_two_palm_line|no_contact|unclear,forced_choice_gate_only_no_continuous_pose_or_loss
stick,stage2,55,2.250000,contact_relation_check,/mnt/hdd/AudioHOI/samples_known_object/11_stick/results/benchmark_vlm_qwen/vlm/stage2/evidence/frame00055_contact_relation_check.png,/mnt/hdd/AudioHOI/samples_known_object/11_stick/results/benchmark_vlm_qwen/vlm/stage2/evidence/frame00055_contact_relation_check.png,contact_candidate_overlay,What is the highlighted object contact region closest to?,hand_on_main_body|hand_on_contact_region|body_on_support_region|floor_support|persistent_two_palm_line|no_contact|unclear,mistral_llm_schema_validated,main_body|contact_region|support_region|tip_regions|grip_bands|background|unclear,hand_on_main_body|hand_on_contact_region|body_on_support_region|floor_support|persistent_two_palm_line|no_contact|unclear,forced_choice_gate_only_no_continuous_pose_or_loss
stick,stage2,56,2.291667,contact_relation_check,/mnt/hdd/AudioHOI/samples_known_object/11_stick/results/benchmark_vlm_qwen/vlm/stage2/evidence/frame00056_contact_relation_check.png,/mnt/hdd/AudioHOI/samples_known_object/11_stick/results/benchmark_vlm_qwen/vlm/stage2/evidence/frame00056_contact_relation_check.png,contact_candidate_overlay,What is the highlighted object contact region closest to?,hand_on_main_body|hand_on_contact_region|body_on_support_region|floor_support|persistent_two_palm_line|no_contact|unclear,mistral_llm_schema_validated,main_body|contact_region|support_region|tip_regions|grip_bands|background|unclear,hand_on_main_body|hand_on_contact_region|body_on_support_region|floor_support|persistent_two_palm_line|no_contact|unclear,forced_choice_gate_only_no_continuous_pose_or_loss
stick,stage2,57,2.333333,contact_relation_check,/mnt/hdd/AudioHOI/samples_known_object/11_stick/results/benchmark_vlm_qwen/vlm/stage2/evidence/frame00057_contact_relation_check.png,/mnt/hdd/AudioHOI/samples_known_object/11_stick/results/benchmark_vlm_qwen/vlm/stage2/evidence/frame00057_contact_relation_check.png,contact_candidate_overlay,What is the highlighted object contact region closest to?,hand_on_main_body|hand_on_contact_region|body_on_support_region|floor_support|persistent_two_palm_line|no_contact|unclear,mistral_llm_schema_validated,main_body|contact_region|support_region|tip_regions|grip_bands|background|unclear,hand_on_main_body|hand_on_contact_region|body_on_support_region|floor_support|persistent_two_palm_line|no_contact|unclear,forced_choice_gate_only_no_continuous_pose_or_loss
stick,stage2,58,2.375000,contact_relation_check,/mnt/hdd/AudioHOI/samples_known_object/11_stick/results/benchmark_vlm_qwen/vlm/stage2/evidence/frame00058_contact_relation_check.png,/mnt/hdd/AudioHOI/samples_known_object/11_stick/results/benchmark_vlm_qwen/vlm/stage2/evidence/frame00058_contact_relation_check.png,contact_candidate_overlay,What is the highlighted object contact region closest to?,hand_on_main_body|hand_on_contact_region|body_on_support_region|floor_support|persistent_two_palm_line|no_contact|unclear,mistral_llm_schema_validated,main_body|contact_region|support_region|tip_regions|grip_bands|background|unclear,hand_on_main_body|hand_on_contact_region|body_on_support_region|floor_support|persistent_two_palm_line|no_contact|unclear,forced_choice_gate_only_no_continuous_pose_or_loss
stick,stage2,59,2.416667,contact_relation_check,/mnt/hdd/AudioHOI/samples_known_object/11_stick/results/benchmark_vlm_qwen/vlm/stage2/evidence/frame00059_contact_relation_check.png,/mnt/hdd/AudioHOI/samples_known_object/11_stick/results/benchmark_vlm_qwen/vlm/stage2/evidence/frame00059_contact_relation_check.png,contact_candidate_overlay,What is the highlighted object contact region closest to?,hand_on_main_body|hand_on_contact_region|body_on_support_region|floor_support|persistent_two_palm_line|no_contact|unclear,mistral_llm_schema_validated,main_body|contact_region|support_region|tip_regions|grip_bands|background|unclear,hand_on_main_body|hand_on_contact_region|body_on_support_region|floor_support|persistent_two_palm_line|no_contact|unclear,forced_choice_gate_only_no_continuous_pose_or_loss
stick,stage2,60,2.458333,contact_relation_check,/mnt/hdd/AudioHOI/samples_known_object/11_stick/results/benchmark_vlm_qwen/vlm/stage2/evidence/frame00060_contact_relation_check.png,/mnt/hdd/AudioHOI/samples_known_object/11_stick/results/benchmark_vlm_qwen/vlm/stage2/evidence/frame00060_contact_relation_check.png,contact_candidate_overlay,What is the highlighted object contact region closest to?,hand_on_main_body|hand_on_contact_region|body_on_support_region|floor_support|persistent_two_palm_line|no_contact|unclear,mistral_llm_schema_validated,main_body|contact_region|support_region|tip_regions|grip_bands|background|unclear,hand_on_main_body|hand_on_contact_region|body_on_support_region|floor_support|persistent_two_palm_line|no_contact|unclear,forced_choice_gate_only_no_continuous_pose_or_loss
stick,stage2,61,2.500000,contact_relation_check,/mnt/hdd/AudioHOI/samples_known_object/11_stick/results/benchmark_vlm_qwen/vlm/stage2/evidence/frame00061_contact_relation_check.png,/mnt/hdd/AudioHOI/samples_known_object/11_stick/results/benchmark_vlm_qwen/vlm/stage2/evidence/frame00061_contact_relation_check.png,contact_candidate_overlay,What is the highlighted object contact region closest to?,hand_on_main_body|hand_on_contact_region|body_on_support_region|floor_support|persistent_two_palm_line|no_contact|unclear,mistral_llm_schema_validated,main_body|contact_region|support_region|tip_regions|grip_bands|background|unclear,hand_on_main_body|hand_on_contact_region|body_on_support_region|floor_support|persistent_two_palm_line|no_contact|unclear,forced_choice_gate_only_no_continuous_pose_or_loss
stick,stage2,62,2.541667,contact_relation_check,/mnt/hdd/AudioHOI/samples_known_object/11_stick/results/benchmark_vlm_qwen/vlm/stage2/evidence/frame00062_contact_relation_check.png,/mnt/hdd/AudioHOI/samples_known_object/11_stick/results/benchmark_vlm_qwen/vlm/stage2/evidence/frame00062_contact_relation_check.png,contact_candidate_overlay,What is the highlighted object contact region closest to?,hand_on_main_body|hand_on_contact_region|body_on_support_region|floor_support|persistent_two_palm_line|no_contact|unclear,mistral_llm_schema_validated,main_body|contact_region|support_region|tip_regions|grip_bands|background|unclear,hand_on_main_body|hand_on_contact_region|body_on_support_region|floor_support|persistent_two_palm_line|no_contact|unclear,forced_choice_gate_only_no_continuous_pose_or_loss
stick,stage2,63,2.583333,contact_relation_check,/mnt/hdd/AudioHOI/samples_known_object/11_stick/results/benchmark_vlm_qwen/vlm/stage2/evidence/frame00063_contact_relation_check.png,/mnt/hdd/AudioHOI/samples_known_object/11_stick/results/benchmark_vlm_qwen/vlm/stage2/evidence/frame00063_contact_relation_check.png,contact_candidate_overlay,What is the highlighted object contact region closest to?,hand_on_main_body|hand_on_contact_region|body_on_support_region|floor_support|persistent_two_palm_line|no_contact|unclear,mistral_llm_schema_validated,main_body|contact_region|support_region|tip_regions|grip_bands|background|unclear,hand_on_main_body|hand_on_contact_region|body_on_support_region|floor_support|persistent_two_palm_line|no_contact|unclear,forced_choice_gate_only_no_continuous_pose_or_loss
stick,stage2,64,2.625000,contact_relation_check,/mnt/hdd/AudioHOI/samples_known_object/11_stick/results/benchmark_vlm_qwen/vlm/stage2/evidence/frame00064_contact_relation_check.png,/mnt/hdd/AudioHOI/samples_known_object/11_stick/results/benchmark_vlm_qwen/vlm/stage2/evidence/frame00064_contact_relation_check.png,contact_candidate_overlay,What is the highlighted object contact region closest to?,hand_on_main_body|hand_on_contact_region|body_on_support_region|floor_support|persistent_two_palm_line|no_contact|unclear,mistral_llm_schema_validated,main_body|contact_region|support_region|tip_regions|grip_bands|background|unclear,hand_on_main_body|hand_on_contact_region|body_on_support_region|floor_support|persistent_two_palm_line|no_contact|unclear,forced_choice_gate_only_no_continuous_pose_or_loss
stick,stage2,65,2.666667,contact_relation_check,/mnt/hdd/AudioHOI/samples_known_object/11_stick/results/benchmark_vlm_qwen/vlm/stage2/evidence/frame00065_contact_relation_check.png,/mnt/hdd/AudioHOI/samples_known_object/11_stick/results/benchmark_vlm_qwen/vlm/stage2/evidence/frame00065_contact_relation_check.png,contact_candidate_overlay,What is the highlighted object contact region closest to?,hand_on_main_body|hand_on_contact_region|body_on_support_region|floor_support|persistent_two_palm_line|no_contact|unclear,mistral_llm_schema_validated,main_body|contact_region|support_region|tip_regions|grip_bands|background|unclear,hand_on_main_body|hand_on_contact_region|body_on_support_region|floor_support|persistent_two_palm_line|no_contact|unclear,forced_choice_gate_only_no_continuous_pose_or_loss
stick,stage2,66,2.708333,contact_relation_check,/mnt/hdd/AudioHOI/samples_known_object/11_stick/results/benchmark_vlm_qwen/vlm/stage2/evidence/frame00066_contact_relation_check.png,/mnt/hdd/AudioHOI/samples_known_object/11_stick/results/benchmark_vlm_qwen/vlm/stage2/evidence/frame00066_contact_relation_check.png,contact_candidate_overlay,What is the highlighted object contact region closest to?,hand_on_main_body|hand_on_contact_region|body_on_support_region|floor_support|persistent_two_palm_line|no_contact|unclear,mistral_llm_schema_validated,main_body|contact_region|support_region|tip_regions|grip_bands|background|unclear,hand_on_main_body|hand_on_contact_region|body_on_support_region|floor_support|persistent_two_palm_line|no_contact|unclear,forced_choice_gate_only_no_continuous_pose_or_loss
stick,stage2,67,2.750000,contact_relation_check,/mnt/hdd/AudioHOI/samples_known_object/11_stick/results/benchmark_vlm_qwen/vlm/stage2/evidence/frame00067_contact_relation_check.png,/mnt/hdd/AudioHOI/samples_known_object/11_stick/results/benchmark_vlm_qwen/vlm/stage2/evidence/frame00067_contact_relation_check.png,contact_candidate_overlay,What is the highlighted object contact region closest to?,hand_on_main_body|hand_on_contact_region|body_on_support_region|floor_support|persistent_two_palm_line|no_contact|unclear,mistral_llm_schema_validated,main_body|contact_region|support_region|tip_regions|grip_bands|background|unclear,hand_on_main_body|hand_on_contact_region|body_on_support_region|floor_support|persistent_two_palm_line|no_contact|unclear,forced_choice_gate_only_no_continuous_pose_or_loss
stick,stage2,68,2.791667,contact_relation_check,/mnt/hdd/AudioHOI/samples_known_object/11_stick/results/benchmark_vlm_qwen/vlm/stage2/evidence/frame00068_contact_relation_check.png,/mnt/hdd/AudioHOI/samples_known_object/11_stick/results/benchmark_vlm_qwen/vlm/stage2/evidence/frame00068_contact_relation_check.png,contact_candidate_overlay,What is the highlighted object contact region closest to?,hand_on_main_body|hand_on_contact_region|body_on_support_region|floor_support|persistent_two_palm_line|no_contact|unclear,mistral_llm_schema_validated,main_body|contact_region|support_region|tip_regions|grip_bands|background|unclear,hand_on_main_body|hand_on_contact_region|body_on_support_region|floor_support|persistent_two_palm_line|no_contact|unclear,forced_choice_gate_only_no_continuous_pose_or_loss
stick,stage2,69,2.833333,contact_relation_check,/mnt/hdd/AudioHOI/samples_known_object/11_stick/results/benchmark_vlm_qwen/vlm/stage2/evidence/frame00069_contact_relation_check.png,/mnt/hdd/AudioHOI/samples_known_object/11_stick/results/benchmark_vlm_qwen/vlm/stage2/evidence/frame00069_contact_relation_check.png,contact_candidate_overlay,What is the highlighted object contact region closest to?,hand_on_main_body|hand_on_contact_region|body_on_support_region|floor_support|persistent_two_palm_line|no_contact|unclear,mistral_llm_schema_validated,main_body|contact_region|support_region|tip_regions|grip_bands|background|unclear,hand_on_main_body|hand_on_contact_region|body_on_support_region|floor_support|persistent_two_palm_line|no_contact|unclear,forced_choice_gate_only_no_continuous_pose_or_loss
stick,stage2,70,2.875000,contact_relation_check,/mnt/hdd/AudioHOI/samples_known_object/11_stick/results/benchmark_vlm_qwen/vlm/stage2/evidence/frame00070_contact_relation_check.png,/mnt/hdd/AudioHOI/samples_known_object/11_stick/results/benchmark_vlm_qwen/vlm/stage2/evidence/frame00070_contact_relation_check.png,contact_candidate_overlay,What is the highlighted object contact region closest to?,hand_on_main_body|hand_on_contact_region|body_on_support_region|floor_support|persistent_two_palm_line|no_contact|unclear,mistral_llm_schema_validated,main_body|contact_region|support_region|tip_regions|grip_bands|background|unclear,hand_on_main_body|hand_on_contact_region|body_on_support_region|floor_support|persistent_two_palm_line|no_contact|unclear,forced_choice_gate_only_no_continuous_pose_or_loss
stick,stage2,71,2.916667,contact_relation_check,/mnt/hdd/AudioHOI/samples_known_object/11_stick/results/benchmark_vlm_qwen/vlm/stage2/evidence/frame00071_contact_relation_check.png,/mnt/hdd/AudioHOI/samples_known_object/11_stick/results/benchmark_vlm_qwen/vlm/stage2/evidence/frame00071_contact_relation_check.png,contact_candidate_overlay,What is the highlighted object contact region closest to?,hand_on_main_body|hand_on_contact_region|body_on_support_region|floor_support|persistent_two_palm_line|no_contact|unclear,mistral_llm_schema_validated,main_body|contact_region|support_region|tip_regions|grip_bands|background|unclear,hand_on_main_body|hand_on_contact_region|body_on_support_region|floor_support|persistent_two_palm_line|no_contact|unclear,forced_choice_gate_only_no_continuous_pose_or_loss
stick,stage2,72,2.958333,contact_relation_check,/mnt/hdd/AudioHOI/samples_known_object/11_stick/results/benchmark_vlm_qwen/vlm/stage2/evidence/frame00072_contact_relation_check.png,/mnt/hdd/AudioHOI/samples_known_object/11_stick/results/benchmark_vlm_qwen/vlm/stage2/evidence/frame00072_contact_relation_check.png,contact_candidate_overlay,What is the highlighted object contact region closest to?,hand_on_main_body|hand_on_contact_region|body_on_support_region|floor_support|persistent_two_palm_line|no_contact|unclear,mistral_llm_schema_validated,main_body|contact_region|support_region|tip_regions|grip_bands|background|unclear,hand_on_main_body|hand_on_contact_region|body_on_support_region|floor_support|persistent_two_palm_line|no_contact|unclear,forced_choice_gate_only_no_continuous_pose_or_loss
stick,stage2,73,3.000000,contact_relation_check,/mnt/hdd/AudioHOI/samples_known_object/11_stick/results/benchmark_vlm_qwen/vlm/stage2/evidence/frame00073_contact_relation_check.png,/mnt/hdd/AudioHOI/samples_known_object/11_stick/results/benchmark_vlm_qwen/vlm/stage2/evidence/frame00073_contact_relation_check.png,contact_candidate_overlay,What is the highlighted object contact region closest to?,hand_on_main_body|hand_on_contact_region|body_on_support_region|floor_support|persistent_two_palm_line|no_contact|unclear,mistral_llm_schema_validated,main_body|contact_region|support_region|tip_regions|grip_bands|background|unclear,hand_on_main_body|hand_on_contact_region|body_on_support_region|floor_support|persistent_two_palm_line|no_contact|unclear,forced_choice_gate_only_no_continuous_pose_or_loss
stick,stage2,74,3.041667,contact_relation_check,/mnt/hdd/AudioHOI/samples_known_object/11_stick/results/benchmark_vlm_qwen/vlm/stage2/evidence/frame00074_contact_relation_check.png,/mnt/hdd/AudioHOI/samples_known_object/11_stick/results/benchmark_vlm_qwen/vlm/stage2/evidence/frame00074_contact_relation_check.png,contact_candidate_overlay,What is the highlighted object contact region closest to?,hand_on_main_body|hand_on_contact_region|body_on_support_region|floor_support|persistent_two_palm_line|no_contact|unclear,mistral_llm_schema_validated,main_body|contact_region|support_region|tip_regions|grip_bands|background|unclear,hand_on_main_body|hand_on_contact_region|body_on_support_region|floor_support|persistent_two_palm_line|no_contact|unclear,forced_choice_gate_only_no_continuous_pose_or_loss
stick,stage2,75,3.083333,contact_relation_check,/mnt/hdd/AudioHOI/samples_known_object/11_stick/results/benchmark_vlm_qwen/vlm/stage2/evidence/frame00075_contact_relation_check.png,/mnt/hdd/AudioHOI/samples_known_object/11_stick/results/benchmark_vlm_qwen/vlm/stage2/evidence/frame00075_contact_relation_check.png,contact_candidate_overlay,What is the highlighted object contact region closest to?,hand_on_main_body|hand_on_contact_region|body_on_support_region|floor_support|persistent_two_palm_line|no_contact|unclear,mistral_llm_schema_validated,main_body|contact_region|support_region|tip_regions|grip_bands|background|unclear,hand_on_main_body|hand_on_contact_region|body_on_support_region|floor_support|persistent_two_palm_line|no_contact|unclear,forced_choice_gate_only_no_continuous_pose_or_loss
stick,stage2,76,3.125000,contact_relation_check,/mnt/hdd/AudioHOI/samples_known_object/11_stick/results/benchmark_vlm_qwen/vlm/stage2/evidence/frame00076_contact_relation_check.png,/mnt/hdd/AudioHOI/samples_known_object/11_stick/results/benchmark_vlm_qwen/vlm/stage2/evidence/frame00076_contact_relation_check.png,contact_candidate_overlay,What is the highlighted object contact region closest to?,hand_on_main_body|hand_on_contact_region|body_on_support_region|floor_support|persistent_two_palm_line|no_contact|unclear,mistral_llm_schema_validated,main_body|contact_region|support_region|tip_regions|grip_bands|background|unclear,hand_on_main_body|hand_on_contact_region|body_on_support_region|floor_support|persistent_two_palm_line|no_contact|unclear,forced_choice_gate_only_no_continuous_pose_or_loss
stick,stage2,77,3.166667,contact_relation_check,/mnt/hdd/AudioHOI/samples_known_object/11_stick/results/benchmark_vlm_qwen/vlm/stage2/evidence/frame00077_contact_relation_check.png,/mnt/hdd/AudioHOI/samples_known_object/11_stick/results/benchmark_vlm_qwen/vlm/stage2/evidence/frame00077_contact_relation_check.png,contact_candidate_overlay,What is the highlighted object contact region closest to?,hand_on_main_body|hand_on_contact_region|body_on_support_region|floor_support|persistent_two_palm_line|no_contact|unclear,mistral_llm_schema_validated,main_body|contact_region|support_region|tip_regions|grip_bands|background|unclear,hand_on_main_body|hand_on_contact_region|body_on_support_region|floor_support|persistent_two_palm_line|no_contact|unclear,forced_choice_gate_only_no_continuous_pose_or_loss
stick,stage2,78,3.208333,contact_relation_check,/mnt/hdd/AudioHOI/samples_known_object/11_stick/results/benchmark_vlm_qwen/vlm/stage2/evidence/frame00078_contact_relation_check.png,/mnt/hdd/AudioHOI/samples_known_object/11_stick/results/benchmark_vlm_qwen/vlm/stage2/evidence/frame00078_contact_relation_check.png,contact_candidate_overlay,What is the highlighted object contact region closest to?,hand_on_main_body|hand_on_contact_region|body_on_support_region|floor_support|persistent_two_palm_line|no_contact|unclear,mistral_llm_schema_validated,main_body|contact_region|support_region|tip_regions|grip_bands|background|unclear,hand_on_main_body|hand_on_contact_region|body_on_support_region|floor_support|persistent_two_palm_line|no_contact|unclear,forced_choice_gate_only_no_continuous_pose_or_loss
stick,stage2,79,3.250000,contact_relation_check,/mnt/hdd/AudioHOI/samples_known_object/11_stick/results/benchmark_vlm_qwen/vlm/stage2/evidence/frame00079_contact_relation_check.png,/mnt/hdd/AudioHOI/samples_known_object/11_stick/results/benchmark_vlm_qwen/vlm/stage2/evidence/frame00079_contact_relation_check.png,contact_candidate_overlay,What is the highlighted object contact region closest to?,hand_on_main_body|hand_on_contact_region|body_on_support_region|floor_support|persistent_two_palm_line|no_contact|unclear,mistral_llm_schema_validated,main_body|contact_region|support_region|tip_regions|grip_bands|background|unclear,hand_on_main_body|hand_on_contact_region|body_on_support_region|floor_support|persistent_two_palm_line|no_contact|unclear,forced_choice_gate_only_no_continuous_pose_or_loss
stick,stage2,80,3.291667,contact_relation_check,/mnt/hdd/AudioHOI/samples_known_object/11_stick/results/benchmark_vlm_qwen/vlm/stage2/evidence/frame00080_contact_relation_check.png,/mnt/hdd/AudioHOI/samples_known_object/11_stick/results/benchmark_vlm_qwen/vlm/stage2/evidence/frame00080_contact_relation_check.png,contact_candidate_overlay,What is the highlighted object contact region closest to?,hand_on_main_body|hand_on_contact_region|body_on_support_region|floor_support|persistent_two_palm_line|no_contact|unclear,mistral_llm_schema_validated,main_body|contact_region|support_region|tip_regions|grip_bands|background|unclear,hand_on_main_body|hand_on_contact_region|body_on_support_region|floor_support|persistent_two_palm_line|no_contact|unclear,forced_choice_gate_only_no_continuous_pose_or_loss
stick,stage2,81,3.333333,contact_relation_check,/mnt/hdd/AudioHOI/samples_known_object/11_stick/results/benchmark_vlm_qwen/vlm/stage2/evidence/frame00081_contact_relation_check.png,/mnt/hdd/AudioHOI/samples_known_object/11_stick/results/benchmark_vlm_qwen/vlm/stage2/evidence/frame00081_contact_relation_check.png,contact_candidate_overlay,What is the highlighted object contact region closest to?,hand_on_main_body|hand_on_contact_region|body_on_support_region|floor_support|persistent_two_palm_line|no_contact|unclear,mistral_llm_schema_validated,main_body|contact_region|support_region|tip_regions|grip_bands|background|unclear,hand_on_main_body|hand_on_contact_region|body_on_support_region|floor_support|persistent_two_palm_line|no_contact|unclear,forced_choice_gate_only_no_continuous_pose_or_loss
stick,stage2,82,3.375000,contact_relation_check,/mnt/hdd/AudioHOI/samples_known_object/11_stick/results/benchmark_vlm_qwen/vlm/stage2/evidence/frame00082_contact_relation_check.png,/mnt/hdd/AudioHOI/samples_known_object/11_stick/results/benchmark_vlm_qwen/vlm/stage2/evidence/frame00082_contact_relation_check.png,contact_candidate_overlay,What is the highlighted object contact region closest to?,hand_on_main_body|hand_on_contact_region|body_on_support_region|floor_support|persistent_two_palm_line|no_contact|unclear,mistral_llm_schema_validated,main_body|contact_region|support_region|tip_regions|grip_bands|background|unclear,hand_on_main_body|hand_on_contact_region|body_on_support_region|floor_support|persistent_two_palm_line|no_contact|unclear,forced_choice_gate_only_no_continuous_pose_or_loss
stick,stage2,83,3.416667,contact_relation_check,/mnt/hdd/AudioHOI/samples_known_object/11_stick/results/benchmark_vlm_qwen/vlm/stage2/evidence/frame00083_contact_relation_check.png,/mnt/hdd/AudioHOI/samples_known_object/11_stick/results/benchmark_vlm_qwen/vlm/stage2/evidence/frame00083_contact_relation_check.png,contact_candidate_overlay,What is the highlighted object contact region closest to?,hand_on_main_body|hand_on_contact_region|body_on_support_region|floor_support|persistent_two_palm_line|no_contact|unclear,mistral_llm_schema_validated,main_body|contact_region|support_region|tip_regions|grip_bands|background|unclear,hand_on_main_body|hand_on_contact_region|body_on_support_region|floor_support|persistent_two_palm_line|no_contact|unclear,forced_choice_gate_only_no_continuous_pose_or_loss
stick,stage2,84,3.458333,contact_relation_check,/mnt/hdd/AudioHOI/samples_known_object/11_stick/results/benchmark_vlm_qwen/vlm/stage2/evidence/frame00084_contact_relation_check.png,/mnt/hdd/AudioHOI/samples_known_object/11_stick/results/benchmark_vlm_qwen/vlm/stage2/evidence/frame00084_contact_relation_check.png,contact_candidate_overlay,What is the highlighted object contact region closest to?,hand_on_main_body|hand_on_contact_region|body_on_support_region|floor_support|persistent_two_palm_line|no_contact|unclear,mistral_llm_schema_validated,main_body|contact_region|support_region|tip_regions|grip_bands|background|unclear,hand_on_main_body|hand_on_contact_region|body_on_support_region|floor_support|persistent_two_palm_line|no_contact|unclear,forced_choice_gate_only_no_continuous_pose_or_loss
stick,stage2,85,3.500000,contact_relation_check,/mnt/hdd/AudioHOI/samples_known_object/11_stick/results/benchmark_vlm_qwen/vlm/stage2/evidence/frame00085_contact_relation_check.png,/mnt/hdd/AudioHOI/samples_known_object/11_stick/results/benchmark_vlm_qwen/vlm/stage2/evidence/frame00085_contact_relation_check.png,contact_candidate_overlay,What is the highlighted object contact region closest to?,hand_on_main_body|hand_on_contact_region|body_on_support_region|floor_support|persistent_two_palm_line|no_contact|unclear,mistral_llm_schema_validated,main_body|contact_region|support_region|tip_regions|grip_bands|background|unclear,hand_on_main_body|hand_on_contact_region|body_on_support_region|floor_support|persistent_two_palm_line|no_contact|unclear,forced_choice_gate_only_no_continuous_pose_or_loss
stick,stage2,86,3.541667,contact_relation_check,/mnt/hdd/AudioHOI/samples_known_object/11_stick/results/benchmark_vlm_qwen/vlm/stage2/evidence/frame00086_contact_relation_check.png,/mnt/hdd/AudioHOI/samples_known_object/11_stick/results/benchmark_vlm_qwen/vlm/stage2/evidence/frame00086_contact_relation_check.png,contact_candidate_overlay,What is the highlighted object contact region closest to?,hand_on_main_body|hand_on_contact_region|body_on_support_region|floor_support|persistent_two_palm_line|no_contact|unclear,mistral_llm_schema_validated,main_body|contact_region|support_region|tip_regions|grip_bands|background|unclear,hand_on_main_body|hand_on_contact_region|body_on_support_region|floor_support|persistent_two_palm_line|no_contact|unclear,forced_choice_gate_only_no_continuous_pose_or_loss
stick,stage2,87,3.583333,contact_relation_check,/mnt/hdd/AudioHOI/samples_known_object/11_stick/results/benchmark_vlm_qwen/vlm/stage2/evidence/frame00087_contact_relation_check.png,/mnt/hdd/AudioHOI/samples_known_object/11_stick/results/benchmark_vlm_qwen/vlm/stage2/evidence/frame00087_contact_relation_check.png,contact_candidate_overlay,What is the highlighted object contact region closest to?,hand_on_main_body|hand_on_contact_region|body_on_support_region|floor_support|persistent_two_palm_line|no_contact|unclear,mistral_llm_schema_validated,main_body|contact_region|support_region|tip_regions|grip_bands|background|unclear,hand_on_main_body|hand_on_contact_region|body_on_support_region|floor_support|persistent_two_palm_line|no_contact|unclear,forced_choice_gate_only_no_continuous_pose_or_loss
stick,stage2,88,3.625000,contact_relation_check,/mnt/hdd/AudioHOI/samples_known_object/11_stick/results/benchmark_vlm_qwen/vlm/stage2/evidence/frame00088_contact_relation_check.png,/mnt/hdd/AudioHOI/samples_known_object/11_stick/results/benchmark_vlm_qwen/vlm/stage2/evidence/frame00088_contact_relation_check.png,contact_candidate_overlay,What is the highlighted object contact region closest to?,hand_on_main_body|hand_on_contact_region|body_on_support_region|floor_support|persistent_two_palm_line|no_contact|unclear,mistral_llm_schema_validated,main_body|contact_region|support_region|tip_regions|grip_bands|background|unclear,hand_on_main_body|hand_on_contact_region|body_on_support_region|floor_support|persistent_two_palm_line|no_contact|unclear,forced_choice_gate_only_no_continuous_pose_or_loss
stick,stage2,89,3.666667,contact_relation_check,/mnt/hdd/AudioHOI/samples_known_object/11_stick/results/benchmark_vlm_qwen/vlm/stage2/evidence/frame00089_contact_relation_check.png,/mnt/hdd/AudioHOI/samples_known_object/11_stick/results/benchmark_vlm_qwen/vlm/stage2/evidence/frame00089_contact_relation_check.png,contact_candidate_overlay,What is the highlighted object contact region closest to?,hand_on_main_body|hand_on_contact_region|body_on_support_region|floor_support|persistent_two_palm_line|no_contact|unclear,mistral_llm_schema_validated,main_body|contact_region|support_region|tip_regions|grip_bands|background|unclear,hand_on_main_body|hand_on_contact_region|body_on_support_region|floor_support|persistent_two_palm_line|no_contact|unclear,forced_choice_gate_only_no_continuous_pose_or_loss
stick,stage2,90,3.708333,contact_relation_check,/mnt/hdd/AudioHOI/samples_known_object/11_stick/results/benchmark_vlm_qwen/vlm/stage2/evidence/frame00090_contact_relation_check.png,/mnt/hdd/AudioHOI/samples_known_object/11_stick/results/benchmark_vlm_qwen/vlm/stage2/evidence/frame00090_contact_relation_check.png,contact_candidate_overlay,What is the highlighted object contact region closest to?,hand_on_main_body|hand_on_contact_region|body_on_support_region|floor_support|persistent_two_palm_line|no_contact|unclear,mistral_llm_schema_validated,main_body|contact_region|support_region|tip_regions|grip_bands|background|unclear,hand_on_main_body|hand_on_contact_region|body_on_support_region|floor_support|persistent_two_palm_line|no_contact|unclear,forced_choice_gate_only_no_continuous_pose_or_loss
stick,stage2,91,3.750000,contact_relation_check,/mnt/hdd/AudioHOI/samples_known_object/11_stick/results/benchmark_vlm_qwen/vlm/stage2/evidence/frame00091_contact_relation_check.png,/mnt/hdd/AudioHOI/samples_known_object/11_stick/results/benchmark_vlm_qwen/vlm/stage2/evidence/frame00091_contact_relation_check.png,contact_candidate_overlay,What is the highlighted object contact region closest to?,hand_on_main_body|hand_on_contact_region|body_on_support_region|floor_support|persistent_two_palm_line|no_contact|unclear,mistral_llm_schema_validated,main_body|contact_region|support_region|tip_regions|grip_bands|background|unclear,hand_on_main_body|hand_on_contact_region|body_on_support_region|floor_support|persistent_two_palm_line|no_contact|unclear,forced_choice_gate_only_no_continuous_pose_or_loss
stick,stage2,92,3.791667,contact_relation_check,/mnt/hdd/AudioHOI/samples_known_object/11_stick/results/benchmark_vlm_qwen/vlm/stage2/evidence/frame00092_contact_relation_check.png,/mnt/hdd/AudioHOI/samples_known_object/11_stick/results/benchmark_vlm_qwen/vlm/stage2/evidence/frame00092_contact_relation_check.png,contact_candidate_overlay,What is the highlighted object contact region closest to?,hand_on_main_body|hand_on_contact_region|body_on_support_region|floor_support|persistent_two_palm_line|no_contact|unclear,mistral_llm_schema_validated,main_body|contact_region|support_region|tip_regions|grip_bands|background|unclear,hand_on_main_body|hand_on_contact_region|body_on_support_region|floor_support|persistent_two_palm_line|no_contact|unclear,forced_choice_gate_only_no_continuous_pose_or_loss
stick,stage2,93,3.833333,contact_relation_check,/mnt/hdd/AudioHOI/samples_known_object/11_stick/results/benchmark_vlm_qwen/vlm/stage2/evidence/frame00093_contact_relation_check.png,/mnt/hdd/AudioHOI/samples_known_object/11_stick/results/benchmark_vlm_qwen/vlm/stage2/evidence/frame00093_contact_relation_check.png,contact_candidate_overlay,What is the highlighted object contact region closest to?,hand_on_main_body|hand_on_contact_region|body_on_support_region|floor_support|persistent_two_palm_line|no_contact|unclear,mistral_llm_schema_validated,main_body|contact_region|support_region|tip_regions|grip_bands|background|unclear,hand_on_main_body|hand_on_contact_region|body_on_support_region|floor_support|persistent_two_palm_line|no_contact|unclear,forced_choice_gate_only_no_continuous_pose_or_loss
stick,stage2,94,3.875000,contact_relation_check,/mnt/hdd/AudioHOI/samples_known_object/11_stick/results/benchmark_vlm_qwen/vlm/stage2/evidence/frame00094_contact_relation_check.png,/mnt/hdd/AudioHOI/samples_known_object/11_stick/results/benchmark_vlm_qwen/vlm/stage2/evidence/frame00094_contact_relation_check.png,contact_candidate_overlay,What is the highlighted object contact region closest to?,hand_on_main_body|hand_on_contact_region|body_on_support_region|floor_support|persistent_two_palm_line|no_contact|unclear,mistral_llm_schema_validated,main_body|contact_region|support_region|tip_regions|grip_bands|background|unclear,hand_on_main_body|hand_on_contact_region|body_on_support_region|floor_support|persistent_two_palm_line|no_contact|unclear,forced_choice_gate_only_no_continuous_pose_or_loss
stick,stage2,95,3.916667,contact_relation_check,/mnt/hdd/AudioHOI/samples_known_object/11_stick/results/benchmark_vlm_qwen/vlm/stage2/evidence/frame00095_contact_relation_check.png,/mnt/hdd/AudioHOI/samples_known_object/11_stick/results/benchmark_vlm_qwen/vlm/stage2/evidence/frame00095_contact_relation_check.png,contact_candidate_overlay,What is the highlighted object contact region closest to?,hand_on_main_body|hand_on_contact_region|body_on_support_region|floor_support|persistent_two_palm_line|no_contact|unclear,mistral_llm_schema_validated,main_body|contact_region|support_region|tip_regions|grip_bands|background|unclear,hand_on_main_body|hand_on_contact_region|body_on_support_region|floor_support|persistent_two_palm_line|no_contact|unclear,forced_choice_gate_only_no_continuous_pose_or_loss
stick,stage2,96,3.958333,contact_relation_check,/mnt/hdd/AudioHOI/samples_known_object/11_stick/results/benchmark_vlm_qwen/vlm/stage2/evidence/frame00096_contact_relation_check.png,/mnt/hdd/AudioHOI/samples_known_object/11_stick/results/benchmark_vlm_qwen/vlm/stage2/evidence/frame00096_contact_relation_check.png,contact_candidate_overlay,What is the highlighted object contact region closest to?,hand_on_main_body|hand_on_contact_region|body_on_support_region|floor_support|persistent_two_palm_line|no_contact|unclear,mistral_llm_schema_validated,main_body|contact_region|support_region|tip_regions|grip_bands|background|unclear,hand_on_main_body|hand_on_contact_region|body_on_support_region|floor_support|persistent_two_palm_line|no_contact|unclear,forced_choice_gate_only_no_continuous_pose_or_loss
stick,stage2,97,4.000000,contact_relation_check,/mnt/hdd/AudioHOI/samples_known_object/11_stick/results/benchmark_vlm_qwen/vlm/stage2/evidence/frame00097_contact_relation_check.png,/mnt/hdd/AudioHOI/samples_known_object/11_stick/results/benchmark_vlm_qwen/vlm/stage2/evidence/frame00097_contact_relation_check.png,contact_candidate_overlay,What is the highlighted object contact region closest to?,hand_on_main_body|hand_on_contact_region|body_on_support_region|floor_support|persistent_two_palm_line|no_contact|unclear,mistral_llm_schema_validated,main_body|contact_region|support_region|tip_regions|grip_bands|background|unclear,hand_on_main_body|hand_on_contact_region|body_on_support_region|floor_support|persistent_two_palm_line|no_contact|unclear,forced_choice_gate_only_no_continuous_pose_or_loss
stick,stage2,98,4.041667,contact_relation_check,/mnt/hdd/AudioHOI/samples_known_object/11_stick/results/benchmark_vlm_qwen/vlm/stage2/evidence/frame00098_contact_relation_check.png,/mnt/hdd/AudioHOI/samples_known_object/11_stick/results/benchmark_vlm_qwen/vlm/stage2/evidence/frame00098_contact_relation_check.png,contact_candidate_overlay,What is the highlighted object contact region closest to?,hand_on_main_body|hand_on_contact_region|body_on_support_region|floor_support|persistent_two_palm_line|no_contact|unclear,mistral_llm_schema_validated,main_body|contact_region|support_region|tip_regions|grip_bands|background|unclear,hand_on_main_body|hand_on_contact_region|body_on_support_region|floor_support|persistent_two_palm_line|no_contact|unclear,forced_choice_gate_only_no_continuous_pose_or_loss
stick,stage2,99,4.083333,contact_relation_check,/mnt/hdd/AudioHOI/samples_known_object/11_stick/results/benchmark_vlm_qwen/vlm/stage2/evidence/frame00099_contact_relation_check.png,/mnt/hdd/AudioHOI/samples_known_object/11_stick/results/benchmark_vlm_qwen/vlm/stage2/evidence/frame00099_contact_relation_check.png,contact_candidate_overlay,What is the highlighted object contact region closest to?,hand_on_main_body|hand_on_contact_region|body_on_support_region|floor_support|persistent_two_palm_line|no_contact|unclear,mistral_llm_schema_validated,main_body|contact_region|support_region|tip_regions|grip_bands|background|unclear,hand_on_main_body|hand_on_contact_region|body_on_support_region|floor_support|persistent_two_palm_line|no_contact|unclear,forced_choice_gate_only_no_continuous_pose_or_loss
stick,stage2,100,4.125000,contact_relation_check,/mnt/hdd/AudioHOI/samples_known_object/11_stick/results/benchmark_vlm_qwen/vlm/stage2/evidence/frame00100_contact_relation_check.png,/mnt/hdd/AudioHOI/samples_known_object/11_stick/results/benchmark_vlm_qwen/vlm/stage2/evidence/frame00100_contact_relation_check.png,contact_candidate_overlay,What is the highlighted object contact region closest to?,hand_on_main_body|hand_on_contact_region|body_on_support_region|floor_support|persistent_two_palm_line|no_contact|unclear,mistral_llm_schema_validated,main_body|contact_region|support_region|tip_regions|grip_bands|background|unclear,hand_on_main_body|hand_on_contact_region|body_on_support_region|floor_support|persistent_two_palm_line|no_contact|unclear,forced_choice_gate_only_no_continuous_pose_or_loss
stick,stage2,101,4.166667,contact_relation_check,/mnt/hdd/AudioHOI/samples_known_object/11_stick/results/benchmark_vlm_qwen/vlm/stage2/evidence/frame00101_contact_relation_check.png,/mnt/hdd/AudioHOI/samples_known_object/11_stick/results/benchmark_vlm_qwen/vlm/stage2/evidence/frame00101_contact_relation_check.png,contact_candidate_overlay,What is the highlighted object contact region closest to?,hand_on_main_body|hand_on_contact_region|body_on_support_region|floor_support|persistent_two_palm_line|no_contact|unclear,mistral_llm_schema_validated,main_body|contact_region|support_region|tip_regions|grip_bands|background|unclear,hand_on_main_body|hand_on_contact_region|body_on_support_region|floor_support|persistent_two_palm_line|no_contact|unclear,forced_choice_gate_only_no_continuous_pose_or_loss
stick,stage2,102,4.208333,contact_relation_check,/mnt/hdd/AudioHOI/samples_known_object/11_stick/results/benchmark_vlm_qwen/vlm/stage2/evidence/frame00102_contact_relation_check.png,/mnt/hdd/AudioHOI/samples_known_object/11_stick/results/benchmark_vlm_qwen/vlm/stage2/evidence/frame00102_contact_relation_check.png,contact_candidate_overlay,What is the highlighted object contact region closest to?,hand_on_main_body|hand_on_contact_region|body_on_support_region|floor_support|persistent_two_palm_line|no_contact|unclear,mistral_llm_schema_validated,main_body|contact_region|support_region|tip_regions|grip_bands|background|unclear,hand_on_main_body|hand_on_contact_region|body_on_support_region|floor_support|persistent_two_palm_line|no_contact|unclear,forced_choice_gate_only_no_continuous_pose_or_loss
stick,stage2,103,4.250000,contact_relation_check,/mnt/hdd/AudioHOI/samples_known_object/11_stick/results/benchmark_vlm_qwen/vlm/stage2/evidence/frame00103_contact_relation_check.png,/mnt/hdd/AudioHOI/samples_known_object/11_stick/results/benchmark_vlm_qwen/vlm/stage2/evidence/frame00103_contact_relation_check.png,contact_candidate_overlay,What is the highlighted object contact region closest to?,hand_on_main_body|hand_on_contact_region|body_on_support_region|floor_support|persistent_two_palm_line|no_contact|unclear,mistral_llm_schema_validated,main_body|contact_region|support_region|tip_regions|grip_bands|background|unclear,hand_on_main_body|hand_on_contact_region|body_on_support_region|floor_support|persistent_two_palm_line|no_contact|unclear,forced_choice_gate_only_no_continuous_pose_or_loss
stick,stage2,104,4.291667,contact_relation_check,/mnt/hdd/AudioHOI/samples_known_object/11_stick/results/benchmark_vlm_qwen/vlm/stage2/evidence/frame00104_contact_relation_check.png,/mnt/hdd/AudioHOI/samples_known_object/11_stick/results/benchmark_vlm_qwen/vlm/stage2/evidence/frame00104_contact_relation_check.png,contact_candidate_overlay,What is the highlighted object contact region closest to?,hand_on_main_body|hand_on_contact_region|body_on_support_region|floor_support|persistent_two_palm_line|no_contact|unclear,mistral_llm_schema_validated,main_body|contact_region|support_region|tip_regions|grip_bands|background|unclear,hand_on_main_body|hand_on_contact_region|body_on_support_region|floor_support|persistent_two_palm_line|no_contact|unclear,forced_choice_gate_only_no_continuous_pose_or_loss
stick,stage2,105,4.333333,contact_relation_check,/mnt/hdd/AudioHOI/samples_known_object/11_stick/results/benchmark_vlm_qwen/vlm/stage2/evidence/frame00105_contact_relation_check.png,/mnt/hdd/AudioHOI/samples_known_object/11_stick/results/benchmark_vlm_qwen/vlm/stage2/evidence/frame00105_contact_relation_check.png,contact_candidate_overlay,What is the highlighted object contact region closest to?,hand_on_main_body|hand_on_contact_region|body_on_support_region|floor_support|persistent_two_palm_line|no_contact|unclear,mistral_llm_schema_validated,main_body|contact_region|support_region|tip_regions|grip_bands|background|unclear,hand_on_main_body|hand_on_contact_region|body_on_support_region|floor_support|persistent_two_palm_line|no_contact|unclear,forced_choice_gate_only_no_continuous_pose_or_loss
stick,stage2,106,4.375000,contact_relation_check,/mnt/hdd/AudioHOI/samples_known_object/11_stick/results/benchmark_vlm_qwen/vlm/stage2/evidence/frame00106_contact_relation_check.png,/mnt/hdd/AudioHOI/samples_known_object/11_stick/results/benchmark_vlm_qwen/vlm/stage2/evidence/frame00106_contact_relation_check.png,contact_candidate_overlay,What is the highlighted object contact region closest to?,hand_on_main_body|hand_on_contact_region|body_on_support_region|floor_support|persistent_two_palm_line|no_contact|unclear,mistral_llm_schema_validated,main_body|contact_region|support_region|tip_regions|grip_bands|background|unclear,hand_on_main_body|hand_on_contact_region|body_on_support_region|floor_support|persistent_two_palm_line|no_contact|unclear,forced_choice_gate_only_no_continuous_pose_or_loss
stick,stage2,107,4.416667,contact_relation_check,/mnt/hdd/AudioHOI/samples_known_object/11_stick/results/benchmark_vlm_qwen/vlm/stage2/evidence/frame00107_contact_relation_check.png,/mnt/hdd/AudioHOI/samples_known_object/11_stick/results/benchmark_vlm_qwen/vlm/stage2/evidence/frame00107_contact_relation_check.png,contact_candidate_overlay,What is the highlighted object contact region closest to?,hand_on_main_body|hand_on_contact_region|body_on_support_region|floor_support|persistent_two_palm_line|no_contact|unclear,mistral_llm_schema_validated,main_body|contact_region|support_region|tip_regions|grip_bands|background|unclear,hand_on_main_body|hand_on_contact_region|body_on_support_region|floor_support|persistent_two_palm_line|no_contact|unclear,forced_choice_gate_only_no_continuous_pose_or_loss
stick,stage2,108,4.458333,contact_relation_check,/mnt/hdd/AudioHOI/samples_known_object/11_stick/results/benchmark_vlm_qwen/vlm/stage2/evidence/frame00108_contact_relation_check.png,/mnt/hdd/AudioHOI/samples_known_object/11_stick/results/benchmark_vlm_qwen/vlm/stage2/evidence/frame00108_contact_relation_check.png,contact_candidate_overlay,What is the highlighted object contact region closest to?,hand_on_main_body|hand_on_contact_region|body_on_support_region|floor_support|persistent_two_palm_line|no_contact|unclear,mistral_llm_schema_validated,main_body|contact_region|support_region|tip_regions|grip_bands|background|unclear,hand_on_main_body|hand_on_contact_region|body_on_support_region|floor_support|persistent_two_palm_line|no_contact|unclear,forced_choice_gate_only_no_continuous_pose_or_loss
stick,stage2,109,4.500000,contact_relation_check,/mnt/hdd/AudioHOI/samples_known_object/11_stick/results/benchmark_vlm_qwen/vlm/stage2/evidence/frame00109_contact_relation_check.png,/mnt/hdd/AudioHOI/samples_known_object/11_stick/results/benchmark_vlm_qwen/vlm/stage2/evidence/frame00109_contact_relation_check.png,contact_candidate_overlay,What is the highlighted object contact region closest to?,hand_on_main_body|hand_on_contact_region|body_on_support_region|floor_support|persistent_two_palm_line|no_contact|unclear,mistral_llm_schema_validated,main_body|contact_region|support_region|tip_regions|grip_bands|background|unclear,hand_on_main_body|hand_on_contact_region|body_on_support_region|floor_support|persistent_two_palm_line|no_contact|unclear,forced_choice_gate_only_no_continuous_pose_or_loss
stick,stage2,110,4.541667,contact_relation_check,/mnt/hdd/AudioHOI/samples_known_object/11_stick/results/benchmark_vlm_qwen/vlm/stage2/evidence/frame00110_contact_relation_check.png,/mnt/hdd/AudioHOI/samples_known_object/11_stick/results/benchmark_vlm_qwen/vlm/stage2/evidence/frame00110_contact_relation_check.png,contact_candidate_overlay,What is the highlighted object contact region closest to?,hand_on_main_body|hand_on_contact_region|body_on_support_region|floor_support|persistent_two_palm_line|no_contact|unclear,mistral_llm_schema_validated,main_body|contact_region|support_region|tip_regions|grip_bands|background|unclear,hand_on_main_body|hand_on_contact_region|body_on_support_region|floor_support|persistent_two_palm_line|no_contact|unclear,forced_choice_gate_only_no_continuous_pose_or_loss
stick,stage2,111,4.583333,contact_relation_check,/mnt/hdd/AudioHOI/samples_known_object/11_stick/results/benchmark_vlm_qwen/vlm/stage2/evidence/frame00111_contact_relation_check.png,/mnt/hdd/AudioHOI/samples_known_object/11_stick/results/benchmark_vlm_qwen/vlm/stage2/evidence/frame00111_contact_relation_check.png,contact_candidate_overlay,What is the highlighted object contact region closest to?,hand_on_main_body|hand_on_contact_region|body_on_support_region|floor_support|persistent_two_palm_line|no_contact|unclear,mistral_llm_schema_validated,main_body|contact_region|support_region|tip_regions|grip_bands|background|unclear,hand_on_main_body|hand_on_contact_region|body_on_support_region|floor_support|persistent_two_palm_line|no_contact|unclear,forced_choice_gate_only_no_continuous_pose_or_loss
stick,stage2,112,4.625000,contact_relation_check,/mnt/hdd/AudioHOI/samples_known_object/11_stick/results/benchmark_vlm_qwen/vlm/stage2/evidence/frame00112_contact_relation_check.png,/mnt/hdd/AudioHOI/samples_known_object/11_stick/results/benchmark_vlm_qwen/vlm/stage2/evidence/frame00112_contact_relation_check.png,contact_candidate_overlay,What is the highlighted object contact region closest to?,hand_on_main_body|hand_on_contact_region|body_on_support_region|floor_support|persistent_two_palm_line|no_contact|unclear,mistral_llm_schema_validated,main_body|contact_region|support_region|tip_regions|grip_bands|background|unclear,hand_on_main_body|hand_on_contact_region|body_on_support_region|floor_support|persistent_two_palm_line|no_contact|unclear,forced_choice_gate_only_no_continuous_pose_or_loss
stick,stage2,113,4.666667,contact_relation_check,/mnt/hdd/AudioHOI/samples_known_object/11_stick/results/benchmark_vlm_qwen/vlm/stage2/evidence/frame00113_contact_relation_check.png,/mnt/hdd/AudioHOI/samples_known_object/11_stick/results/benchmark_vlm_qwen/vlm/stage2/evidence/frame00113_contact_relation_check.png,contact_candidate_overlay,What is the highlighted object contact region closest to?,hand_on_main_body|hand_on_contact_region|body_on_support_region|floor_support|persistent_two_palm_line|no_contact|unclear,mistral_llm_schema_validated,main_body|contact_region|support_region|tip_regions|grip_bands|background|unclear,hand_on_main_body|hand_on_contact_region|body_on_support_region|floor_support|persistent_two_palm_line|no_contact|unclear,forced_choice_gate_only_no_continuous_pose_or_loss
stick,stage2,114,4.708333,contact_relation_check,/mnt/hdd/AudioHOI/samples_known_object/11_stick/results/benchmark_vlm_qwen/vlm/stage2/evidence/frame00114_contact_relation_check.png,/mnt/hdd/AudioHOI/samples_known_object/11_stick/results/benchmark_vlm_qwen/vlm/stage2/evidence/frame00114_contact_relation_check.png,contact_candidate_overlay,What is the highlighted object contact region closest to?,hand_on_main_body|hand_on_contact_region|body_on_support_region|floor_support|persistent_two_palm_line|no_contact|unclear,mistral_llm_schema_validated,main_body|contact_region|support_region|tip_regions|grip_bands|background|unclear,hand_on_main_body|hand_on_contact_region|body_on_support_region|floor_support|persistent_two_palm_line|no_contact|unclear,forced_choice_gate_only_no_continuous_pose_or_loss
stick,stage2,115,4.750000,contact_relation_check,/mnt/hdd/AudioHOI/samples_known_object/11_stick/results/benchmark_vlm_qwen/vlm/stage2/evidence/frame00115_contact_relation_check.png,/mnt/hdd/AudioHOI/samples_known_object/11_stick/results/benchmark_vlm_qwen/vlm/stage2/evidence/frame00115_contact_relation_check.png,contact_candidate_overlay,What is the highlighted object contact region closest to?,hand_on_main_body|hand_on_contact_region|body_on_support_region|floor_support|persistent_two_palm_line|no_contact|unclear,mistral_llm_schema_validated,main_body|contact_region|support_region|tip_regions|grip_bands|background|unclear,hand_on_main_body|hand_on_contact_region|body_on_support_region|floor_support|persistent_two_palm_line|no_contact|unclear,forced_choice_gate_only_no_continuous_pose_or_loss
stick,stage2,116,4.791667,contact_relation_check,/mnt/hdd/AudioHOI/samples_known_object/11_stick/results/benchmark_vlm_qwen/vlm/stage2/evidence/frame00116_contact_relation_check.png,/mnt/hdd/AudioHOI/samples_known_object/11_stick/results/benchmark_vlm_qwen/vlm/stage2/evidence/frame00116_contact_relation_check.png,contact_candidate_overlay,What is the highlighted object contact region closest to?,hand_on_main_body|hand_on_contact_region|body_on_support_region|floor_support|persistent_two_palm_line|no_contact|unclear,mistral_llm_schema_validated,main_body|contact_region|support_region|tip_regions|grip_bands|background|unclear,hand_on_main_body|hand_on_contact_region|body_on_support_region|floor_support|persistent_two_palm_line|no_contact|unclear,forced_choice_gate_only_no_continuous_pose_or_loss
stick,stage2,117,4.833333,contact_relation_check,/mnt/hdd/AudioHOI/samples_known_object/11_stick/results/benchmark_vlm_qwen/vlm/stage2/evidence/frame00117_contact_relation_check.png,/mnt/hdd/AudioHOI/samples_known_object/11_stick/results/benchmark_vlm_qwen/vlm/stage2/evidence/frame00117_contact_relation_check.png,contact_candidate_overlay,What is the highlighted object contact region closest to?,hand_on_main_body|hand_on_contact_region|body_on_support_region|floor_support|persistent_two_palm_line|no_contact|unclear,mistral_llm_schema_validated,main_body|contact_region|support_region|tip_regions|grip_bands|background|unclear,hand_on_main_body|hand_on_contact_region|body_on_support_region|floor_support|persistent_two_palm_line|no_contact|unclear,forced_choice_gate_only_no_continuous_pose_or_loss
stick,stage2,118,4.875000,contact_relation_check,/mnt/hdd/AudioHOI/samples_known_object/11_stick/results/benchmark_vlm_qwen/vlm/stage2/evidence/frame00118_contact_relation_check.png,/mnt/hdd/AudioHOI/samples_known_object/11_stick/results/benchmark_vlm_qwen/vlm/stage2/evidence/frame00118_contact_relation_check.png,contact_candidate_overlay,What is the highlighted object contact region closest to?,hand_on_main_body|hand_on_contact_region|body_on_support_region|floor_support|persistent_two_palm_line|no_contact|unclear,mistral_llm_schema_validated,main_body|contact_region|support_region|tip_regions|grip_bands|background|unclear,hand_on_main_body|hand_on_contact_region|body_on_support_region|floor_support|persistent_two_palm_line|no_contact|unclear,forced_choice_gate_only_no_continuous_pose_or_loss
stick,stage2,119,4.916667,contact_relation_check,/mnt/hdd/AudioHOI/samples_known_object/11_stick/results/benchmark_vlm_qwen/vlm/stage2/evidence/frame00119_contact_relation_check.png,/mnt/hdd/AudioHOI/samples_known_object/11_stick/results/benchmark_vlm_qwen/vlm/stage2/evidence/frame00119_contact_relation_check.png,contact_candidate_overlay,What is the highlighted object contact region closest to?,hand_on_main_body|hand_on_contact_region|body_on_support_region|floor_support|persistent_two_palm_line|no_contact|unclear,mistral_llm_schema_validated,main_body|contact_region|support_region|tip_regions|grip_bands|background|unclear,hand_on_main_body|hand_on_contact_region|body_on_support_region|floor_support|persistent_two_palm_line|no_contact|unclear,forced_choice_gate_only_no_continuous_pose_or_loss
stick,stage2,120,4.958333,contact_relation_check,/mnt/hdd/AudioHOI/samples_known_object/11_stick/results/benchmark_vlm_qwen/vlm/stage2/evidence/frame00120_contact_relation_check.png,/mnt/hdd/AudioHOI/samples_known_object/11_stick/results/benchmark_vlm_qwen/vlm/stage2/evidence/frame00120_contact_relation_check.png,contact_candidate_overlay,What is the highlighted object contact region closest to?,hand_on_main_body|hand_on_contact_region|body_on_support_region|floor_support|persistent_two_palm_line|no_contact|unclear,mistral_llm_schema_validated,main_body|contact_region|support_region|tip_regions|grip_bands|background|unclear,hand_on_main_body|hand_on_contact_region|body_on_support_region|floor_support|persistent_two_palm_line|no_contact|unclear,forced_choice_gate_only_no_continuous_pose_or_loss
stick,stage2,121,5.000000,contact_relation_check,/mnt/hdd/AudioHOI/samples_known_object/11_stick/results/benchmark_vlm_qwen/vlm/stage2/evidence/frame00121_contact_relation_check.png,/mnt/hdd/AudioHOI/samples_known_object/11_stick/results/benchmark_vlm_qwen/vlm/stage2/evidence/frame00121_contact_relation_check.png,contact_candidate_overlay,What is the highlighted object contact region closest to?,hand_on_main_body|hand_on_contact_region|body_on_support_region|floor_support|persistent_two_palm_line|no_contact|unclear,mistral_llm_schema_validated,main_body|contact_region|support_region|tip_regions|grip_bands|background|unclear,hand_on_main_body|hand_on_contact_region|body_on_support_region|floor_support|persistent_two_palm_line|no_contact|unclear,forced_choice_gate_only_no_continuous_pose_or_loss
stick,stage2,122,5.041667,contact_relation_check,/mnt/hdd/AudioHOI/samples_known_object/11_stick/results/benchmark_vlm_qwen/vlm/stage2/evidence/frame00122_contact_relation_check.png,/mnt/hdd/AudioHOI/samples_known_object/11_stick/results/benchmark_vlm_qwen/vlm/stage2/evidence/frame00122_contact_relation_check.png,contact_candidate_overlay,What is the highlighted object contact region closest to?,hand_on_main_body|hand_on_contact_region|body_on_support_region|floor_support|persistent_two_palm_line|no_contact|unclear,mistral_llm_schema_validated,main_body|contact_region|support_region|tip_regions|grip_bands|background|unclear,hand_on_main_body|hand_on_contact_region|body_on_support_region|floor_support|persistent_two_palm_line|no_contact|unclear,forced_choice_gate_only_no_continuous_pose_or_loss
stick,stage2,123,5.083333,contact_relation_check,/mnt/hdd/AudioHOI/samples_known_object/11_stick/results/benchmark_vlm_qwen/vlm/stage2/evidence/frame00123_contact_relation_check.png,/mnt/hdd/AudioHOI/samples_known_object/11_stick/results/benchmark_vlm_qwen/vlm/stage2/evidence/frame00123_contact_relation_check.png,contact_candidate_overlay,What is the highlighted object contact region closest to?,hand_on_main_body|hand_on_contact_region|body_on_support_region|floor_support|persistent_two_palm_line|no_contact|unclear,mistral_llm_schema_validated,main_body|contact_region|support_region|tip_regions|grip_bands|background|unclear,hand_on_main_body|hand_on_contact_region|body_on_support_region|floor_support|persistent_two_palm_line|no_contact|unclear,forced_choice_gate_only_no_continuous_pose_or_loss
stick,stage2,124,5.125000,contact_relation_check,/mnt/hdd/AudioHOI/samples_known_object/11_stick/results/benchmark_vlm_qwen/vlm/stage2/evidence/frame00124_contact_relation_check.png,/mnt/hdd/AudioHOI/samples_known_object/11_stick/results/benchmark_vlm_qwen/vlm/stage2/evidence/frame00124_contact_relation_check.png,contact_candidate_overlay,What is the highlighted object contact region closest to?,hand_on_main_body|hand_on_contact_region|body_on_support_region|floor_support|persistent_two_palm_line|no_contact|unclear,mistral_llm_schema_validated,main_body|contact_region|support_region|tip_regions|grip_bands|background|unclear,hand_on_main_body|hand_on_contact_region|body_on_support_region|floor_support|persistent_two_palm_line|no_contact|unclear,forced_choice_gate_only_no_continuous_pose_or_loss
stick,stage2,125,5.166667,contact_relation_check,/mnt/hdd/AudioHOI/samples_known_object/11_stick/results/benchmark_vlm_qwen/vlm/stage2/evidence/frame00125_contact_relation_check.png,/mnt/hdd/AudioHOI/samples_known_object/11_stick/results/benchmark_vlm_qwen/vlm/stage2/evidence/frame00125_contact_relation_check.png,contact_candidate_overlay,What is the highlighted object contact region closest to?,hand_on_main_body|hand_on_contact_region|body_on_support_region|floor_support|persistent_two_palm_line|no_contact|unclear,mistral_llm_schema_validated,main_body|contact_region|support_region|tip_regions|grip_bands|background|unclear,hand_on_main_body|hand_on_contact_region|body_on_support_region|floor_support|persistent_two_palm_line|no_contact|unclear,forced_choice_gate_only_no_continuous_pose_or_loss
stick,stage2,126,5.208333,contact_relation_check,/mnt/hdd/AudioHOI/samples_known_object/11_stick/results/benchmark_vlm_qwen/vlm/stage2/evidence/frame00126_contact_relation_check.png,/mnt/hdd/AudioHOI/samples_known_object/11_stick/results/benchmark_vlm_qwen/vlm/stage2/evidence/frame00126_contact_relation_check.png,contact_candidate_overlay,What is the highlighted object contact region closest to?,hand_on_main_body|hand_on_contact_region|body_on_support_region|floor_support|persistent_two_palm_line|no_contact|unclear,mistral_llm_schema_validated,main_body|contact_region|support_region|tip_regions|grip_bands|background|unclear,hand_on_main_body|hand_on_contact_region|body_on_support_region|floor_support|persistent_two_palm_line|no_contact|unclear,forced_choice_gate_only_no_continuous_pose_or_loss
stick,stage2,127,5.250000,contact_relation_check,/mnt/hdd/AudioHOI/samples_known_object/11_stick/results/benchmark_vlm_qwen/vlm/stage2/evidence/frame00127_contact_relation_check.png,/mnt/hdd/AudioHOI/samples_known_object/11_stick/results/benchmark_vlm_qwen/vlm/stage2/evidence/frame00127_contact_relation_check.png,contact_candidate_overlay,What is the highlighted object contact region closest to?,hand_on_main_body|hand_on_contact_region|body_on_support_region|floor_support|persistent_two_palm_line|no_contact|unclear,mistral_llm_schema_validated,main_body|contact_region|support_region|tip_regions|grip_bands|background|unclear,hand_on_main_body|hand_on_contact_region|body_on_support_region|floor_support|persistent_two_palm_line|no_contact|unclear,forced_choice_gate_only_no_continuous_pose_or_loss
stick,stage2,128,5.291667,contact_relation_check,/mnt/hdd/AudioHOI/samples_known_object/11_stick/results/benchmark_vlm_qwen/vlm/stage2/evidence/frame00128_contact_relation_check.png,/mnt/hdd/AudioHOI/samples_known_object/11_stick/results/benchmark_vlm_qwen/vlm/stage2/evidence/frame00128_contact_relation_check.png,contact_candidate_overlay,What is the highlighted object contact region closest to?,hand_on_main_body|hand_on_contact_region|body_on_support_region|floor_support|persistent_two_palm_line|no_contact|unclear,mistral_llm_schema_validated,main_body|contact_region|support_region|tip_regions|grip_bands|background|unclear,hand_on_main_body|hand_on_contact_region|body_on_support_region|floor_support|persistent_two_palm_line|no_contact|unclear,forced_choice_gate_only_no_continuous_pose_or_loss
stick,stage2,129,5.333333,contact_relation_check,/mnt/hdd/AudioHOI/samples_known_object/11_stick/results/benchmark_vlm_qwen/vlm/stage2/evidence/frame00129_contact_relation_check.png,/mnt/hdd/AudioHOI/samples_known_object/11_stick/results/benchmark_vlm_qwen/vlm/stage2/evidence/frame00129_contact_relation_check.png,contact_candidate_overlay,What is the highlighted object contact region closest to?,hand_on_main_body|hand_on_contact_region|body_on_support_region|floor_support|persistent_two_palm_line|no_contact|unclear,mistral_llm_schema_validated,main_body|contact_region|support_region|tip_regions|grip_bands|background|unclear,hand_on_main_body|hand_on_contact_region|body_on_support_region|floor_support|persistent_two_palm_line|no_contact|unclear,forced_choice_gate_only_no_continuous_pose_or_loss
stick,stage2,130,5.375000,contact_relation_check,/mnt/hdd/AudioHOI/samples_known_object/11_stick/results/benchmark_vlm_qwen/vlm/stage2/evidence/frame00130_contact_relation_check.png,/mnt/hdd/AudioHOI/samples_known_object/11_stick/results/benchmark_vlm_qwen/vlm/stage2/evidence/frame00130_contact_relation_check.png,contact_candidate_overlay,What is the highlighted object contact region closest to?,hand_on_main_body|hand_on_contact_region|body_on_support_region|floor_support|persistent_two_palm_line|no_contact|unclear,mistral_llm_schema_validated,main_body|contact_region|support_region|tip_regions|grip_bands|background|unclear,hand_on_main_body|hand_on_contact_region|body_on_support_region|floor_support|persistent_two_palm_line|no_contact|unclear,forced_choice_gate_only_no_continuous_pose_or_loss
stick,stage2,131,5.416667,contact_relation_check,/mnt/hdd/AudioHOI/samples_known_object/11_stick/results/benchmark_vlm_qwen/vlm/stage2/evidence/frame00131_contact_relation_check.png,/mnt/hdd/AudioHOI/samples_known_object/11_stick/results/benchmark_vlm_qwen/vlm/stage2/evidence/frame00131_contact_relation_check.png,contact_candidate_overlay,What is the highlighted object contact region closest to?,hand_on_main_body|hand_on_contact_region|body_on_support_region|floor_support|persistent_two_palm_line|no_contact|unclear,mistral_llm_schema_validated,main_body|contact_region|support_region|tip_regions|grip_bands|background|unclear,hand_on_main_body|hand_on_contact_region|body_on_support_region|floor_support|persistent_two_palm_line|no_contact|unclear,forced_choice_gate_only_no_continuous_pose_or_loss
stick,stage2,132,5.458333,contact_relation_check,/mnt/hdd/AudioHOI/samples_known_object/11_stick/results/benchmark_vlm_qwen/vlm/stage2/evidence/frame00132_contact_relation_check.png,/mnt/hdd/AudioHOI/samples_known_object/11_stick/results/benchmark_vlm_qwen/vlm/stage2/evidence/frame00132_contact_relation_check.png,contact_candidate_overlay,What is the highlighted object contact region closest to?,hand_on_main_body|hand_on_contact_region|body_on_support_region|floor_support|persistent_two_palm_line|no_contact|unclear,mistral_llm_schema_validated,main_body|contact_region|support_region|tip_regions|grip_bands|background|unclear,hand_on_main_body|hand_on_contact_region|body_on_support_region|floor_support|persistent_two_palm_line|no_contact|unclear,forced_choice_gate_only_no_continuous_pose_or_loss
stick,stage2,133,5.500000,contact_relation_check,/mnt/hdd/AudioHOI/samples_known_object/11_stick/results/benchmark_vlm_qwen/vlm/stage2/evidence/frame00133_contact_relation_check.png,/mnt/hdd/AudioHOI/samples_known_object/11_stick/results/benchmark_vlm_qwen/vlm/stage2/evidence/frame00133_contact_relation_check.png,contact_candidate_overlay,What is the highlighted object contact region closest to?,hand_on_main_body|hand_on_contact_region|body_on_support_region|floor_support|persistent_two_palm_line|no_contact|unclear,mistral_llm_schema_validated,main_body|contact_region|support_region|tip_regions|grip_bands|background|unclear,hand_on_main_body|hand_on_contact_region|body_on_support_region|floor_support|persistent_two_palm_line|no_contact|unclear,forced_choice_gate_only_no_continuous_pose_or_loss
stick,stage2,134,5.541667,contact_relation_check,/mnt/hdd/AudioHOI/samples_known_object/11_stick/results/benchmark_vlm_qwen/vlm/stage2/evidence/frame00134_contact_relation_check.png,/mnt/hdd/AudioHOI/samples_known_object/11_stick/results/benchmark_vlm_qwen/vlm/stage2/evidence/frame00134_contact_relation_check.png,contact_candidate_overlay,What is the highlighted object contact region closest to?,hand_on_main_body|hand_on_contact_region|body_on_support_region|floor_support|persistent_two_palm_line|no_contact|unclear,mistral_llm_schema_validated,main_body|contact_region|support_region|tip_regions|grip_bands|background|unclear,hand_on_main_body|hand_on_contact_region|body_on_support_region|floor_support|persistent_two_palm_line|no_contact|unclear,forced_choice_gate_only_no_continuous_pose_or_loss
stick,stage2,135,5.583333,contact_relation_check,/mnt/hdd/AudioHOI/samples_known_object/11_stick/results/benchmark_vlm_qwen/vlm/stage2/evidence/frame00135_contact_relation_check.png,/mnt/hdd/AudioHOI/samples_known_object/11_stick/results/benchmark_vlm_qwen/vlm/stage2/evidence/frame00135_contact_relation_check.png,contact_candidate_overlay,What is the highlighted object contact region closest to?,hand_on_main_body|hand_on_contact_region|body_on_support_region|floor_support|persistent_two_palm_line|no_contact|unclear,mistral_llm_schema_validated,main_body|contact_region|support_region|tip_regions|grip_bands|background|unclear,hand_on_main_body|hand_on_contact_region|body_on_support_region|floor_support|persistent_two_palm_line|no_contact|unclear,forced_choice_gate_only_no_continuous_pose_or_loss
stick,stage2,136,5.625000,contact_relation_check,/mnt/hdd/AudioHOI/samples_known_object/11_stick/results/benchmark_vlm_qwen/vlm/stage2/evidence/frame00136_contact_relation_check.png,/mnt/hdd/AudioHOI/samples_known_object/11_stick/results/benchmark_vlm_qwen/vlm/stage2/evidence/frame00136_contact_relation_check.png,contact_candidate_overlay,What is the highlighted object contact region closest to?,hand_on_main_body|hand_on_contact_region|body_on_support_region|floor_support|persistent_two_palm_line|no_contact|unclear,mistral_llm_schema_validated,main_body|contact_region|support_region|tip_regions|grip_bands|background|unclear,hand_on_main_body|hand_on_contact_region|body_on_support_region|floor_support|persistent_two_palm_line|no_contact|unclear,forced_choice_gate_only_no_continuous_pose_or_loss
stick,stage2,137,5.666667,contact_relation_check,/mnt/hdd/AudioHOI/samples_known_object/11_stick/results/benchmark_vlm_qwen/vlm/stage2/evidence/frame00137_contact_relation_check.png,/mnt/hdd/AudioHOI/samples_known_object/11_stick/results/benchmark_vlm_qwen/vlm/stage2/evidence/frame00137_contact_relation_check.png,contact_candidate_overlay,What is the highlighted object contact region closest to?,hand_on_main_body|hand_on_contact_region|body_on_support_region|floor_support|persistent_two_palm_line|no_contact|unclear,mistral_llm_schema_validated,main_body|contact_region|support_region|tip_regions|grip_bands|background|unclear,hand_on_main_body|hand_on_contact_region|body_on_support_region|floor_support|persistent_two_palm_line|no_contact|unclear,forced_choice_gate_only_no_continuous_pose_or_loss
stick,stage2,138,5.708333,contact_relation_check,/mnt/hdd/AudioHOI/samples_known_object/11_stick/results/benchmark_vlm_qwen/vlm/stage2/evidence/frame00138_contact_relation_check.png,/mnt/hdd/AudioHOI/samples_known_object/11_stick/results/benchmark_vlm_qwen/vlm/stage2/evidence/frame00138_contact_relation_check.png,contact_candidate_overlay,What is the highlighted object contact region closest to?,hand_on_main_body|hand_on_contact_region|body_on_support_region|floor_support|persistent_two_palm_line|no_contact|unclear,mistral_llm_schema_validated,main_body|contact_region|support_region|tip_regions|grip_bands|background|unclear,hand_on_main_body|hand_on_contact_region|body_on_support_region|floor_support|persistent_two_palm_line|no_contact|unclear,forced_choice_gate_only_no_continuous_pose_or_loss
stick,stage2,139,5.750000,contact_relation_check,/mnt/hdd/AudioHOI/samples_known_object/11_stick/results/benchmark_vlm_qwen/vlm/stage2/evidence/frame00139_contact_relation_check.png,/mnt/hdd/AudioHOI/samples_known_object/11_stick/results/benchmark_vlm_qwen/vlm/stage2/evidence/frame00139_contact_relation_check.png,contact_candidate_overlay,What is the highlighted object contact region closest to?,hand_on_main_body|hand_on_contact_region|body_on_support_region|floor_support|persistent_two_palm_line|no_contact|unclear,mistral_llm_schema_validated,main_body|contact_region|support_region|tip_regions|grip_bands|background|unclear,hand_on_main_body|hand_on_contact_region|body_on_support_region|floor_support|persistent_two_palm_line|no_contact|unclear,forced_choice_gate_only_no_continuous_pose_or_loss
stick,stage2,140,5.791667,contact_relation_check,/mnt/hdd/AudioHOI/samples_known_object/11_stick/results/benchmark_vlm_qwen/vlm/stage2/evidence/frame00140_contact_relation_check.png,/mnt/hdd/AudioHOI/samples_known_object/11_stick/results/benchmark_vlm_qwen/vlm/stage2/evidence/frame00140_contact_relation_check.png,contact_candidate_overlay,What is the highlighted object contact region closest to?,hand_on_main_body|hand_on_contact_region|body_on_support_region|floor_support|persistent_two_palm_line|no_contact|unclear,mistral_llm_schema_validated,main_body|contact_region|support_region|tip_regions|grip_bands|background|unclear,hand_on_main_body|hand_on_contact_region|body_on_support_region|floor_support|persistent_two_palm_line|no_contact|unclear,forced_choice_gate_only_no_continuous_pose_or_loss
stick,stage2,141,5.833333,contact_relation_check,/mnt/hdd/AudioHOI/samples_known_object/11_stick/results/benchmark_vlm_qwen/vlm/stage2/evidence/frame00141_contact_relation_check.png,/mnt/hdd/AudioHOI/samples_known_object/11_stick/results/benchmark_vlm_qwen/vlm/stage2/evidence/frame00141_contact_relation_check.png,contact_candidate_overlay,What is the highlighted object contact region closest to?,hand_on_main_body|hand_on_contact_region|body_on_support_region|floor_support|persistent_two_palm_line|no_contact|unclear,mistral_llm_schema_validated,main_body|contact_region|support_region|tip_regions|grip_bands|background|unclear,hand_on_main_body|hand_on_contact_region|body_on_support_region|floor_support|persistent_two_palm_line|no_contact|unclear,forced_choice_gate_only_no_continuous_pose_or_loss
stick,stage2,142,5.875000,contact_relation_check,/mnt/hdd/AudioHOI/samples_known_object/11_stick/results/benchmark_vlm_qwen/vlm/stage2/evidence/frame00142_contact_relation_check.png,/mnt/hdd/AudioHOI/samples_known_object/11_stick/results/benchmark_vlm_qwen/vlm/stage2/evidence/frame00142_contact_relation_check.png,contact_candidate_overlay,What is the highlighted object contact region closest to?,hand_on_main_body|hand_on_contact_region|body_on_support_region|floor_support|persistent_two_palm_line|no_contact|unclear,mistral_llm_schema_validated,main_body|contact_region|support_region|tip_regions|grip_bands|background|unclear,hand_on_main_body|hand_on_contact_region|body_on_support_region|floor_support|persistent_two_palm_line|no_contact|unclear,forced_choice_gate_only_no_continuous_pose_or_loss
stick,stage2,143,5.916667,contact_relation_check,/mnt/hdd/AudioHOI/samples_known_object/11_stick/results/benchmark_vlm_qwen/vlm/stage2/evidence/frame00143_contact_relation_check.png,/mnt/hdd/AudioHOI/samples_known_object/11_stick/results/benchmark_vlm_qwen/vlm/stage2/evidence/frame00143_contact_relation_check.png,contact_candidate_overlay,What is the highlighted object contact region closest to?,hand_on_main_body|hand_on_contact_region|body_on_support_region|floor_support|persistent_two_palm_line|no_contact|unclear,mistral_llm_schema_validated,main_body|contact_region|support_region|tip_regions|grip_bands|background|unclear,hand_on_main_body|hand_on_contact_region|body_on_support_region|floor_support|persistent_two_palm_line|no_contact|unclear,forced_choice_gate_only_no_continuous_pose_or_loss
stick,stage2,144,5.958333,contact_relation_check,/mnt/hdd/AudioHOI/samples_known_object/11_stick/results/benchmark_vlm_qwen/vlm/stage2/evidence/frame00144_contact_relation_check.png,/mnt/hdd/AudioHOI/samples_known_object/11_stick/results/benchmark_vlm_qwen/vlm/stage2/evidence/frame00144_contact_relation_check.png,contact_candidate_overlay,What is the highlighted object contact region closest to?,hand_on_main_body|hand_on_contact_region|body_on_support_region|floor_support|persistent_two_palm_line|no_contact|unclear,mistral_llm_schema_validated,main_body|contact_region|support_region|tip_regions|grip_bands|background|unclear,hand_on_main_body|hand_on_contact_region|body_on_support_region|floor_support|persistent_two_palm_line|no_contact|unclear,forced_choice_gate_only_no_continuous_pose_or_loss
stick,stage2,145,6.000000,contact_relation_check,/mnt/hdd/AudioHOI/samples_known_object/11_stick/results/benchmark_vlm_qwen/vlm/stage2/evidence/frame00145_contact_relation_check.png,/mnt/hdd/AudioHOI/samples_known_object/11_stick/results/benchmark_vlm_qwen/vlm/stage2/evidence/frame00145_contact_relation_check.png,contact_candidate_overlay,What is the highlighted object contact region closest to?,hand_on_main_body|hand_on_contact_region|body_on_support_region|floor_support|persistent_two_palm_line|no_contact|unclear,mistral_llm_schema_validated,main_body|contact_region|support_region|tip_regions|grip_bands|background|unclear,hand_on_main_body|hand_on_contact_region|body_on_support_region|floor_support|persistent_two_palm_line|no_contact|unclear,forced_choice_gate_only_no_continuous_pose_or_loss
stick,stage2,146,6.041667,contact_relation_check,/mnt/hdd/AudioHOI/samples_known_object/11_stick/results/benchmark_vlm_qwen/vlm/stage2/evidence/frame00146_contact_relation_check.png,/mnt/hdd/AudioHOI/samples_known_object/11_stick/results/benchmark_vlm_qwen/vlm/stage2/evidence/frame00146_contact_relation_check.png,contact_candidate_overlay,What is the highlighted object contact region closest to?,hand_on_main_body|hand_on_contact_region|body_on_support_region|floor_support|persistent_two_palm_line|no_contact|unclear,mistral_llm_schema_validated,main_body|contact_region|support_region|tip_regions|grip_bands|background|unclear,hand_on_main_body|hand_on_contact_region|body_on_support_region|floor_support|persistent_two_palm_line|no_contact|unclear,forced_choice_gate_only_no_continuous_pose_or_loss
stick,stage2,147,6.083333,contact_relation_check,/mnt/hdd/AudioHOI/samples_known_object/11_stick/results/benchmark_vlm_qwen/vlm/stage2/evidence/frame00147_contact_relation_check.png,/mnt/hdd/AudioHOI/samples_known_object/11_stick/results/benchmark_vlm_qwen/vlm/stage2/evidence/frame00147_contact_relation_check.png,contact_candidate_overlay,What is the highlighted object contact region closest to?,hand_on_main_body|hand_on_contact_region|body_on_support_region|floor_support|persistent_two_palm_line|no_contact|unclear,mistral_llm_schema_validated,main_body|contact_region|support_region|tip_regions|grip_bands|background|unclear,hand_on_main_body|hand_on_contact_region|body_on_support_region|floor_support|persistent_two_palm_line|no_contact|unclear,forced_choice_gate_only_no_continuous_pose_or_loss
stick,stage2,148,6.125000,contact_relation_check,/mnt/hdd/AudioHOI/samples_known_object/11_stick/results/benchmark_vlm_qwen/vlm/stage2/evidence/frame00148_contact_relation_check.png,/mnt/hdd/AudioHOI/samples_known_object/11_stick/results/benchmark_vlm_qwen/vlm/stage2/evidence/frame00148_contact_relation_check.png,contact_candidate_overlay,What is the highlighted object contact region closest to?,hand_on_main_body|hand_on_contact_region|body_on_support_region|floor_support|persistent_two_palm_line|no_contact|unclear,mistral_llm_schema_validated,main_body|contact_region|support_region|tip_regions|grip_bands|background|unclear,hand_on_main_body|hand_on_contact_region|body_on_support_region|floor_support|persistent_two_palm_line|no_contact|unclear,forced_choice_gate_only_no_continuous_pose_or_loss
stick,stage2,149,6.166667,contact_relation_check,/mnt/hdd/AudioHOI/samples_known_object/11_stick/results/benchmark_vlm_qwen/vlm/stage2/evidence/frame00149_contact_relation_check.png,/mnt/hdd/AudioHOI/samples_known_object/11_stick/results/benchmark_vlm_qwen/vlm/stage2/evidence/frame00149_contact_relation_check.png,contact_candidate_overlay,What is the highlighted object contact region closest to?,hand_on_main_body|hand_on_contact_region|body_on_support_region|floor_support|persistent_two_palm_line|no_contact|unclear,mistral_llm_schema_validated,main_body|contact_region|support_region|tip_regions|grip_bands|background|unclear,hand_on_main_body|hand_on_contact_region|body_on_support_region|floor_support|persistent_two_palm_line|no_contact|unclear,forced_choice_gate_only_no_continuous_pose_or_loss
stick,stage2,150,6.208333,contact_relation_check,/mnt/hdd/AudioHOI/samples_known_object/11_stick/results/benchmark_vlm_qwen/vlm/stage2/evidence/frame00150_contact_relation_check.png,/mnt/hdd/AudioHOI/samples_known_object/11_stick/results/benchmark_vlm_qwen/vlm/stage2/evidence/frame00150_contact_relation_check.png,contact_candidate_overlay,What is the highlighted object contact region closest to?,hand_on_main_body|hand_on_contact_region|body_on_support_region|floor_support|persistent_two_palm_line|no_contact|unclear,mistral_llm_schema_validated,main_body|contact_region|support_region|tip_regions|grip_bands|background|unclear,hand_on_main_body|hand_on_contact_region|body_on_support_region|floor_support|persistent_two_palm_line|no_contact|unclear,forced_choice_gate_only_no_continuous_pose_or_loss
stick,stage2,151,6.250000,contact_relation_check,/mnt/hdd/AudioHOI/samples_known_object/11_stick/results/benchmark_vlm_qwen/vlm/stage2/evidence/frame00151_contact_relation_check.png,/mnt/hdd/AudioHOI/samples_known_object/11_stick/results/benchmark_vlm_qwen/vlm/stage2/evidence/frame00151_contact_relation_check.png,contact_candidate_overlay,What is the highlighted object contact region closest to?,hand_on_main_body|hand_on_contact_region|body_on_support_region|floor_support|persistent_two_palm_line|no_contact|unclear,mistral_llm_schema_validated,main_body|contact_region|support_region|tip_regions|grip_bands|background|unclear,hand_on_main_body|hand_on_contact_region|body_on_support_region|floor_support|persistent_two_palm_line|no_contact|unclear,forced_choice_gate_only_no_continuous_pose_or_loss
stick,stage2,152,6.291667,contact_relation_check,/mnt/hdd/AudioHOI/samples_known_object/11_stick/results/benchmark_vlm_qwen/vlm/stage2/evidence/frame00152_contact_relation_check.png,/mnt/hdd/AudioHOI/samples_known_object/11_stick/results/benchmark_vlm_qwen/vlm/stage2/evidence/frame00152_contact_relation_check.png,contact_candidate_overlay,What is the highlighted object contact region closest to?,hand_on_main_body|hand_on_contact_region|body_on_support_region|floor_support|persistent_two_palm_line|no_contact|unclear,mistral_llm_schema_validated,main_body|contact_region|support_region|tip_regions|grip_bands|background|unclear,hand_on_main_body|hand_on_contact_region|body_on_support_region|floor_support|persistent_two_palm_line|no_contact|unclear,forced_choice_gate_only_no_continuous_pose_or_loss
stick,stage2,153,6.333333,contact_relation_check,/mnt/hdd/AudioHOI/samples_known_object/11_stick/results/benchmark_vlm_qwen/vlm/stage2/evidence/frame00153_contact_relation_check.png,/mnt/hdd/AudioHOI/samples_known_object/11_stick/results/benchmark_vlm_qwen/vlm/stage2/evidence/frame00153_contact_relation_check.png,contact_candidate_overlay,What is the highlighted object contact region closest to?,hand_on_main_body|hand_on_contact_region|body_on_support_region|floor_support|persistent_two_palm_line|no_contact|unclear,mistral_llm_schema_validated,main_body|contact_region|support_region|tip_regions|grip_bands|background|unclear,hand_on_main_body|hand_on_contact_region|body_on_support_region|floor_support|persistent_two_palm_line|no_contact|unclear,forced_choice_gate_only_no_continuous_pose_or_loss
stick,stage2,154,6.375000,contact_relation_check,/mnt/hdd/AudioHOI/samples_known_object/11_stick/results/benchmark_vlm_qwen/vlm/stage2/evidence/frame00154_contact_relation_check.png,/mnt/hdd/AudioHOI/samples_known_object/11_stick/results/benchmark_vlm_qwen/vlm/stage2/evidence/frame00154_contact_relation_check.png,contact_candidate_overlay,What is the highlighted object contact region closest to?,hand_on_main_body|hand_on_contact_region|body_on_support_region|floor_support|persistent_two_palm_line|no_contact|unclear,mistral_llm_schema_validated,main_body|contact_region|support_region|tip_regions|grip_bands|background|unclear,hand_on_main_body|hand_on_contact_region|body_on_support_region|floor_support|persistent_two_palm_line|no_contact|unclear,forced_choice_gate_only_no_continuous_pose_or_loss
stick,stage2,155,6.416667,contact_relation_check,/mnt/hdd/AudioHOI/samples_known_object/11_stick/results/benchmark_vlm_qwen/vlm/stage2/evidence/frame00155_contact_relation_check.png,/mnt/hdd/AudioHOI/samples_known_object/11_stick/results/benchmark_vlm_qwen/vlm/stage2/evidence/frame00155_contact_relation_check.png,contact_candidate_overlay,What is the highlighted object contact region closest to?,hand_on_main_body|hand_on_contact_region|body_on_support_region|floor_support|persistent_two_palm_line|no_contact|unclear,mistral_llm_schema_validated,main_body|contact_region|support_region|tip_regions|grip_bands|background|unclear,hand_on_main_body|hand_on_contact_region|body_on_support_region|floor_support|persistent_two_palm_line|no_contact|unclear,forced_choice_gate_only_no_continuous_pose_or_loss
stick,stage2,156,6.458333,contact_relation_check,/mnt/hdd/AudioHOI/samples_known_object/11_stick/results/benchmark_vlm_qwen/vlm/stage2/evidence/frame00156_contact_relation_check.png,/mnt/hdd/AudioHOI/samples_known_object/11_stick/results/benchmark_vlm_qwen/vlm/stage2/evidence/frame00156_contact_relation_check.png,contact_candidate_overlay,What is the highlighted object contact region closest to?,hand_on_main_body|hand_on_contact_region|body_on_support_region|floor_support|persistent_two_palm_line|no_contact|unclear,mistral_llm_schema_validated,main_body|contact_region|support_region|tip_regions|grip_bands|background|unclear,hand_on_main_body|hand_on_contact_region|body_on_support_region|floor_support|persistent_two_palm_line|no_contact|unclear,forced_choice_gate_only_no_continuous_pose_or_loss
stick,stage2,157,6.500000,contact_relation_check,/mnt/hdd/AudioHOI/samples_known_object/11_stick/results/benchmark_vlm_qwen/vlm/stage2/evidence/frame00157_contact_relation_check.png,/mnt/hdd/AudioHOI/samples_known_object/11_stick/results/benchmark_vlm_qwen/vlm/stage2/evidence/frame00157_contact_relation_check.png,contact_candidate_overlay,What is the highlighted object contact region closest to?,hand_on_main_body|hand_on_contact_region|body_on_support_region|floor_support|persistent_two_palm_line|no_contact|unclear,mistral_llm_schema_validated,main_body|contact_region|support_region|tip_regions|grip_bands|background|unclear,hand_on_main_body|hand_on_contact_region|body_on_support_region|floor_support|persistent_two_palm_line|no_contact|unclear,forced_choice_gate_only_no_continuous_pose_or_loss
stick,stage2,158,6.541667,contact_relation_check,/mnt/hdd/AudioHOI/samples_known_object/11_stick/results/benchmark_vlm_qwen/vlm/stage2/evidence/frame00158_contact_relation_check.png,/mnt/hdd/AudioHOI/samples_known_object/11_stick/results/benchmark_vlm_qwen/vlm/stage2/evidence/frame00158_contact_relation_check.png,contact_candidate_overlay,What is the highlighted object contact region closest to?,hand_on_main_body|hand_on_contact_region|body_on_support_region|floor_support|persistent_two_palm_line|no_contact|unclear,mistral_llm_schema_validated,main_body|contact_region|support_region|tip_regions|grip_bands|background|unclear,hand_on_main_body|hand_on_contact_region|body_on_support_region|floor_support|persistent_two_palm_line|no_contact|unclear,forced_choice_gate_only_no_continuous_pose_or_loss
stick,stage2,159,6.583333,contact_relation_check,/mnt/hdd/AudioHOI/samples_known_object/11_stick/results/benchmark_vlm_qwen/vlm/stage2/evidence/frame00159_contact_relation_check.png,/mnt/hdd/AudioHOI/samples_known_object/11_stick/results/benchmark_vlm_qwen/vlm/stage2/evidence/frame00159_contact_relation_check.png,contact_candidate_overlay,What is the highlighted object contact region closest to?,hand_on_main_body|hand_on_contact_region|body_on_support_region|floor_support|persistent_two_palm_line|no_contact|unclear,mistral_llm_schema_validated,main_body|contact_region|support_region|tip_regions|grip_bands|background|unclear,hand_on_main_body|hand_on_contact_region|body_on_support_region|floor_support|persistent_two_palm_line|no_contact|unclear,forced_choice_gate_only_no_continuous_pose_or_loss
stick,stage2,160,6.625000,contact_relation_check,/mnt/hdd/AudioHOI/samples_known_object/11_stick/results/benchmark_vlm_qwen/vlm/stage2/evidence/frame00160_contact_relation_check.png,/mnt/hdd/AudioHOI/samples_known_object/11_stick/results/benchmark_vlm_qwen/vlm/stage2/evidence/frame00160_contact_relation_check.png,contact_candidate_overlay,What is the highlighted object contact region closest to?,hand_on_main_body|hand_on_contact_region|body_on_support_region|floor_support|persistent_two_palm_line|no_contact|unclear,mistral_llm_schema_validated,main_body|contact_region|support_region|tip_regions|grip_bands|background|unclear,hand_on_main_body|hand_on_contact_region|body_on_support_region|floor_support|persistent_two_palm_line|no_contact|unclear,forced_choice_gate_only_no_continuous_pose_or_loss
stick,stage2,161,6.666667,contact_relation_check,/mnt/hdd/AudioHOI/samples_known_object/11_stick/results/benchmark_vlm_qwen/vlm/stage2/evidence/frame00161_contact_relation_check.png,/mnt/hdd/AudioHOI/samples_known_object/11_stick/results/benchmark_vlm_qwen/vlm/stage2/evidence/frame00161_contact_relation_check.png,contact_candidate_overlay,What is the highlighted object contact region closest to?,hand_on_main_body|hand_on_contact_region|body_on_support_region|floor_support|persistent_two_palm_line|no_contact|unclear,mistral_llm_schema_validated,main_body|contact_region|support_region|tip_regions|grip_bands|background|unclear,hand_on_main_body|hand_on_contact_region|body_on_support_region|floor_support|persistent_two_palm_line|no_contact|unclear,forced_choice_gate_only_no_continuous_pose_or_loss
stick,stage2,162,6.708333,contact_relation_check,/mnt/hdd/AudioHOI/samples_known_object/11_stick/results/benchmark_vlm_qwen/vlm/stage2/evidence/frame00162_contact_relation_check.png,/mnt/hdd/AudioHOI/samples_known_object/11_stick/results/benchmark_vlm_qwen/vlm/stage2/evidence/frame00162_contact_relation_check.png,contact_candidate_overlay,What is the highlighted object contact region closest to?,hand_on_main_body|hand_on_contact_region|body_on_support_region|floor_support|persistent_two_palm_line|no_contact|unclear,mistral_llm_schema_validated,main_body|contact_region|support_region|tip_regions|grip_bands|background|unclear,hand_on_main_body|hand_on_contact_region|body_on_support_region|floor_support|persistent_two_palm_line|no_contact|unclear,forced_choice_gate_only_no_continuous_pose_or_loss
stick,stage2,163,6.750000,contact_relation_check,/mnt/hdd/AudioHOI/samples_known_object/11_stick/results/benchmark_vlm_qwen/vlm/stage2/evidence/frame00163_contact_relation_check.png,/mnt/hdd/AudioHOI/samples_known_object/11_stick/results/benchmark_vlm_qwen/vlm/stage2/evidence/frame00163_contact_relation_check.png,contact_candidate_overlay,What is the highlighted object contact region closest to?,hand_on_main_body|hand_on_contact_region|body_on_support_region|floor_support|persistent_two_palm_line|no_contact|unclear,mistral_llm_schema_validated,main_body|contact_region|support_region|tip_regions|grip_bands|background|unclear,hand_on_main_body|hand_on_contact_region|body_on_support_region|floor_support|persistent_two_palm_line|no_contact|unclear,forced_choice_gate_only_no_continuous_pose_or_loss
stick,stage2,164,6.791667,contact_relation_check,/mnt/hdd/AudioHOI/samples_known_object/11_stick/results/benchmark_vlm_qwen/vlm/stage2/evidence/frame00164_contact_relation_check.png,/mnt/hdd/AudioHOI/samples_known_object/11_stick/results/benchmark_vlm_qwen/vlm/stage2/evidence/frame00164_contact_relation_check.png,contact_candidate_overlay,What is the highlighted object contact region closest to?,hand_on_main_body|hand_on_contact_region|body_on_support_region|floor_support|persistent_two_palm_line|no_contact|unclear,mistral_llm_schema_validated,main_body|contact_region|support_region|tip_regions|grip_bands|background|unclear,hand_on_main_body|hand_on_contact_region|body_on_support_region|floor_support|persistent_two_palm_line|no_contact|unclear,forced_choice_gate_only_no_continuous_pose_or_loss
stick,stage2,165,6.833333,contact_relation_check,/mnt/hdd/AudioHOI/samples_known_object/11_stick/results/benchmark_vlm_qwen/vlm/stage2/evidence/frame00165_contact_relation_check.png,/mnt/hdd/AudioHOI/samples_known_object/11_stick/results/benchmark_vlm_qwen/vlm/stage2/evidence/frame00165_contact_relation_check.png,contact_candidate_overlay,What is the highlighted object contact region closest to?,hand_on_main_body|hand_on_contact_region|body_on_support_region|floor_support|persistent_two_palm_line|no_contact|unclear,mistral_llm_schema_validated,main_body|contact_region|support_region|tip_regions|grip_bands|background|unclear,hand_on_main_body|hand_on_contact_region|body_on_support_region|floor_support|persistent_two_palm_line|no_contact|unclear,forced_choice_gate_only_no_continuous_pose_or_loss
stick,stage2,166,6.875000,contact_relation_check,/mnt/hdd/AudioHOI/samples_known_object/11_stick/results/benchmark_vlm_qwen/vlm/stage2/evidence/frame00166_contact_relation_check.png,/mnt/hdd/AudioHOI/samples_known_object/11_stick/results/benchmark_vlm_qwen/vlm/stage2/evidence/frame00166_contact_relation_check.png,contact_candidate_overlay,What is the highlighted object contact region closest to?,hand_on_main_body|hand_on_contact_region|body_on_support_region|floor_support|persistent_two_palm_line|no_contact|unclear,mistral_llm_schema_validated,main_body|contact_region|support_region|tip_regions|grip_bands|background|unclear,hand_on_main_body|hand_on_contact_region|body_on_support_region|floor_support|persistent_two_palm_line|no_contact|unclear,forced_choice_gate_only_no_continuous_pose_or_loss
stick,stage2,167,6.916667,contact_relation_check,/mnt/hdd/AudioHOI/samples_known_object/11_stick/results/benchmark_vlm_qwen/vlm/stage2/evidence/frame00167_contact_relation_check.png,/mnt/hdd/AudioHOI/samples_known_object/11_stick/results/benchmark_vlm_qwen/vlm/stage2/evidence/frame00167_contact_relation_check.png,contact_candidate_overlay,What is the highlighted object contact region closest to?,hand_on_main_body|hand_on_contact_region|body_on_support_region|floor_support|persistent_two_palm_line|no_contact|unclear,mistral_llm_schema_validated,main_body|contact_region|support_region|tip_regions|grip_bands|background|unclear,hand_on_main_body|hand_on_contact_region|body_on_support_region|floor_support|persistent_two_palm_line|no_contact|unclear,forced_choice_gate_only_no_continuous_pose_or_loss
stick,stage2,168,6.958333,contact_relation_check,/mnt/hdd/AudioHOI/samples_known_object/11_stick/results/benchmark_vlm_qwen/vlm/stage2/evidence/frame00168_contact_relation_check.png,/mnt/hdd/AudioHOI/samples_known_object/11_stick/results/benchmark_vlm_qwen/vlm/stage2/evidence/frame00168_contact_relation_check.png,contact_candidate_overlay,What is the highlighted object contact region closest to?,hand_on_main_body|hand_on_contact_region|body_on_support_region|floor_support|persistent_two_palm_line|no_contact|unclear,mistral_llm_schema_validated,main_body|contact_region|support_region|tip_regions|grip_bands|background|unclear,hand_on_main_body|hand_on_contact_region|body_on_support_region|floor_support|persistent_two_palm_line|no_contact|unclear,forced_choice_gate_only_no_continuous_pose_or_loss
stick,stage2,169,7.000000,contact_relation_check,/mnt/hdd/AudioHOI/samples_known_object/11_stick/results/benchmark_vlm_qwen/vlm/stage2/evidence/frame00169_contact_relation_check.png,/mnt/hdd/AudioHOI/samples_known_object/11_stick/results/benchmark_vlm_qwen/vlm/stage2/evidence/frame00169_contact_relation_check.png,contact_candidate_overlay,What is the highlighted object contact region closest to?,hand_on_main_body|hand_on_contact_region|body_on_support_region|floor_support|persistent_two_palm_line|no_contact|unclear,mistral_llm_schema_validated,main_body|contact_region|support_region|tip_regions|grip_bands|background|unclear,hand_on_main_body|hand_on_contact_region|body_on_support_region|floor_support|persistent_two_palm_line|no_contact|unclear,forced_choice_gate_only_no_continuous_pose_or_loss
stick,stage2,170,7.041667,contact_relation_check,/mnt/hdd/AudioHOI/samples_known_object/11_stick/results/benchmark_vlm_qwen/vlm/stage2/evidence/frame00170_contact_relation_check.png,/mnt/hdd/AudioHOI/samples_known_object/11_stick/results/benchmark_vlm_qwen/vlm/stage2/evidence/frame00170_contact_relation_check.png,contact_candidate_overlay,What is the highlighted object contact region closest to?,hand_on_main_body|hand_on_contact_region|body_on_support_region|floor_support|persistent_two_palm_line|no_contact|unclear,mistral_llm_schema_validated,main_body|contact_region|support_region|tip_regions|grip_bands|background|unclear,hand_on_main_body|hand_on_contact_region|body_on_support_region|floor_support|persistent_two_palm_line|no_contact|unclear,forced_choice_gate_only_no_continuous_pose_or_loss
stick,stage2,171,7.083333,contact_relation_check,/mnt/hdd/AudioHOI/samples_known_object/11_stick/results/benchmark_vlm_qwen/vlm/stage2/evidence/frame00171_contact_relation_check.png,/mnt/hdd/AudioHOI/samples_known_object/11_stick/results/benchmark_vlm_qwen/vlm/stage2/evidence/frame00171_contact_relation_check.png,contact_candidate_overlay,What is the highlighted object contact region closest to?,hand_on_main_body|hand_on_contact_region|body_on_support_region|floor_support|persistent_two_palm_line|no_contact|unclear,mistral_llm_schema_validated,main_body|contact_region|support_region|tip_regions|grip_bands|background|unclear,hand_on_main_body|hand_on_contact_region|body_on_support_region|floor_support|persistent_two_palm_line|no_contact|unclear,forced_choice_gate_only_no_continuous_pose_or_loss
stick,stage2,172,7.125000,contact_relation_check,/mnt/hdd/AudioHOI/samples_known_object/11_stick/results/benchmark_vlm_qwen/vlm/stage2/evidence/frame00172_contact_relation_check.png,/mnt/hdd/AudioHOI/samples_known_object/11_stick/results/benchmark_vlm_qwen/vlm/stage2/evidence/frame00172_contact_relation_check.png,contact_candidate_overlay,What is the highlighted object contact region closest to?,hand_on_main_body|hand_on_contact_region|body_on_support_region|floor_support|persistent_two_palm_line|no_contact|unclear,mistral_llm_schema_validated,main_body|contact_region|support_region|tip_regions|grip_bands|background|unclear,hand_on_main_body|hand_on_contact_region|body_on_support_region|floor_support|persistent_two_palm_line|no_contact|unclear,forced_choice_gate_only_no_continuous_pose_or_loss
stick,stage2,173,7.166667,contact_relation_check,/mnt/hdd/AudioHOI/samples_known_object/11_stick/results/benchmark_vlm_qwen/vlm/stage2/evidence/frame00173_contact_relation_check.png,/mnt/hdd/AudioHOI/samples_known_object/11_stick/results/benchmark_vlm_qwen/vlm/stage2/evidence/frame00173_contact_relation_check.png,contact_candidate_overlay,What is the highlighted object contact region closest to?,hand_on_main_body|hand_on_contact_region|body_on_support_region|floor_support|persistent_two_palm_line|no_contact|unclear,mistral_llm_schema_validated,main_body|contact_region|support_region|tip_regions|grip_bands|background|unclear,hand_on_main_body|hand_on_contact_region|body_on_support_region|floor_support|persistent_two_palm_line|no_contact|unclear,forced_choice_gate_only_no_continuous_pose_or_loss
stick,stage2,174,7.208333,contact_relation_check,/mnt/hdd/AudioHOI/samples_known_object/11_stick/results/benchmark_vlm_qwen/vlm/stage2/evidence/frame00174_contact_relation_check.png,/mnt/hdd/AudioHOI/samples_known_object/11_stick/results/benchmark_vlm_qwen/vlm/stage2/evidence/frame00174_contact_relation_check.png,contact_candidate_overlay,What is the highlighted object contact region closest to?,hand_on_main_body|hand_on_contact_region|body_on_support_region|floor_support|persistent_two_palm_line|no_contact|unclear,mistral_llm_schema_validated,main_body|contact_region|support_region|tip_regions|grip_bands|background|unclear,hand_on_main_body|hand_on_contact_region|body_on_support_region|floor_support|persistent_two_palm_line|no_contact|unclear,forced_choice_gate_only_no_continuous_pose_or_loss
stick,stage2,175,7.250000,contact_relation_check,/mnt/hdd/AudioHOI/samples_known_object/11_stick/results/benchmark_vlm_qwen/vlm/stage2/evidence/frame00175_contact_relation_check.png,/mnt/hdd/AudioHOI/samples_known_object/11_stick/results/benchmark_vlm_qwen/vlm/stage2/evidence/frame00175_contact_relation_check.png,contact_candidate_overlay,What is the highlighted object contact region closest to?,hand_on_main_body|hand_on_contact_region|body_on_support_region|floor_support|persistent_two_palm_line|no_contact|unclear,mistral_llm_schema_validated,main_body|contact_region|support_region|tip_regions|grip_bands|background|unclear,hand_on_main_body|hand_on_contact_region|body_on_support_region|floor_support|persistent_two_palm_line|no_contact|unclear,forced_choice_gate_only_no_continuous_pose_or_loss
stick,stage2,176,7.291667,contact_relation_check,/mnt/hdd/AudioHOI/samples_known_object/11_stick/results/benchmark_vlm_qwen/vlm/stage2/evidence/frame00176_contact_relation_check.png,/mnt/hdd/AudioHOI/samples_known_object/11_stick/results/benchmark_vlm_qwen/vlm/stage2/evidence/frame00176_contact_relation_check.png,contact_candidate_overlay,What is the highlighted object contact region closest to?,hand_on_main_body|hand_on_contact_region|body_on_support_region|floor_support|persistent_two_palm_line|no_contact|unclear,mistral_llm_schema_validated,main_body|contact_region|support_region|tip_regions|grip_bands|background|unclear,hand_on_main_body|hand_on_contact_region|body_on_support_region|floor_support|persistent_two_palm_line|no_contact|unclear,forced_choice_gate_only_no_continuous_pose_or_loss
stick,stage2,177,7.333333,contact_relation_check,/mnt/hdd/AudioHOI/samples_known_object/11_stick/results/benchmark_vlm_qwen/vlm/stage2/evidence/frame00177_contact_relation_check.png,/mnt/hdd/AudioHOI/samples_known_object/11_stick/results/benchmark_vlm_qwen/vlm/stage2/evidence/frame00177_contact_relation_check.png,contact_candidate_overlay,What is the highlighted object contact region closest to?,hand_on_main_body|hand_on_contact_region|body_on_support_region|floor_support|persistent_two_palm_line|no_contact|unclear,mistral_llm_schema_validated,main_body|contact_region|support_region|tip_regions|grip_bands|background|unclear,hand_on_main_body|hand_on_contact_region|body_on_support_region|floor_support|persistent_two_palm_line|no_contact|unclear,forced_choice_gate_only_no_continuous_pose_or_loss
stick,stage2,178,7.375000,contact_relation_check,/mnt/hdd/AudioHOI/samples_known_object/11_stick/results/benchmark_vlm_qwen/vlm/stage2/evidence/frame00178_contact_relation_check.png,/mnt/hdd/AudioHOI/samples_known_object/11_stick/results/benchmark_vlm_qwen/vlm/stage2/evidence/frame00178_contact_relation_check.png,contact_candidate_overlay,What is the highlighted object contact region closest to?,hand_on_main_body|hand_on_contact_region|body_on_support_region|floor_support|persistent_two_palm_line|no_contact|unclear,mistral_llm_schema_validated,main_body|contact_region|support_region|tip_regions|grip_bands|background|unclear,hand_on_main_body|hand_on_contact_region|body_on_support_region|floor_support|persistent_two_palm_line|no_contact|unclear,forced_choice_gate_only_no_continuous_pose_or_loss
stick,stage2,179,7.416667,contact_relation_check,/mnt/hdd/AudioHOI/samples_known_object/11_stick/results/benchmark_vlm_qwen/vlm/stage2/evidence/frame00179_contact_relation_check.png,/mnt/hdd/AudioHOI/samples_known_object/11_stick/results/benchmark_vlm_qwen/vlm/stage2/evidence/frame00179_contact_relation_check.png,contact_candidate_overlay,What is the highlighted object contact region closest to?,hand_on_main_body|hand_on_contact_region|body_on_support_region|floor_support|persistent_two_palm_line|no_contact|unclear,mistral_llm_schema_validated,main_body|contact_region|support_region|tip_regions|grip_bands|background|unclear,hand_on_main_body|hand_on_contact_region|body_on_support_region|floor_support|persistent_two_palm_line|no_contact|unclear,forced_choice_gate_only_no_continuous_pose_or_loss
stick,stage2,180,7.458333,contact_relation_check,/mnt/hdd/AudioHOI/samples_known_object/11_stick/results/benchmark_vlm_qwen/vlm/stage2/evidence/frame00180_contact_relation_check.png,/mnt/hdd/AudioHOI/samples_known_object/11_stick/results/benchmark_vlm_qwen/vlm/stage2/evidence/frame00180_contact_relation_check.png,contact_candidate_overlay,What is the highlighted object contact region closest to?,hand_on_main_body|hand_on_contact_region|body_on_support_region|floor_support|persistent_two_palm_line|no_contact|unclear,mistral_llm_schema_validated,main_body|contact_region|support_region|tip_regions|grip_bands|background|unclear,hand_on_main_body|hand_on_contact_region|body_on_support_region|floor_support|persistent_two_palm_line|no_contact|unclear,forced_choice_gate_only_no_continuous_pose_or_loss
stick,stage2,181,7.500000,contact_relation_check,/mnt/hdd/AudioHOI/samples_known_object/11_stick/results/benchmark_vlm_qwen/vlm/stage2/evidence/frame00181_contact_relation_check.png,/mnt/hdd/AudioHOI/samples_known_object/11_stick/results/benchmark_vlm_qwen/vlm/stage2/evidence/frame00181_contact_relation_check.png,contact_candidate_overlay,What is the highlighted object contact region closest to?,hand_on_main_body|hand_on_contact_region|body_on_support_region|floor_support|persistent_two_palm_line|no_contact|unclear,mistral_llm_schema_validated,main_body|contact_region|support_region|tip_regions|grip_bands|background|unclear,hand_on_main_body|hand_on_contact_region|body_on_support_region|floor_support|persistent_two_palm_line|no_contact|unclear,forced_choice_gate_only_no_continuous_pose_or_loss
stick,stage2,182,7.541667,contact_relation_check,/mnt/hdd/AudioHOI/samples_known_object/11_stick/results/benchmark_vlm_qwen/vlm/stage2/evidence/frame00182_contact_relation_check.png,/mnt/hdd/AudioHOI/samples_known_object/11_stick/results/benchmark_vlm_qwen/vlm/stage2/evidence/frame00182_contact_relation_check.png,contact_candidate_overlay,What is the highlighted object contact region closest to?,hand_on_main_body|hand_on_contact_region|body_on_support_region|floor_support|persistent_two_palm_line|no_contact|unclear,mistral_llm_schema_validated,main_body|contact_region|support_region|tip_regions|grip_bands|background|unclear,hand_on_main_body|hand_on_contact_region|body_on_support_region|floor_support|persistent_two_palm_line|no_contact|unclear,forced_choice_gate_only_no_continuous_pose_or_loss
stick,stage2,183,7.583333,contact_relation_check,/mnt/hdd/AudioHOI/samples_known_object/11_stick/results/benchmark_vlm_qwen/vlm/stage2/evidence/frame00183_contact_relation_check.png,/mnt/hdd/AudioHOI/samples_known_object/11_stick/results/benchmark_vlm_qwen/vlm/stage2/evidence/frame00183_contact_relation_check.png,contact_candidate_overlay,What is the highlighted object contact region closest to?,hand_on_main_body|hand_on_contact_region|body_on_support_region|floor_support|persistent_two_palm_line|no_contact|unclear,mistral_llm_schema_validated,main_body|contact_region|support_region|tip_regions|grip_bands|background|unclear,hand_on_main_body|hand_on_contact_region|body_on_support_region|floor_support|persistent_two_palm_line|no_contact|unclear,forced_choice_gate_only_no_continuous_pose_or_loss
stick,stage2,184,7.625000,contact_relation_check,/mnt/hdd/AudioHOI/samples_known_object/11_stick/results/benchmark_vlm_qwen/vlm/stage2/evidence/frame00184_contact_relation_check.png,/mnt/hdd/AudioHOI/samples_known_object/11_stick/results/benchmark_vlm_qwen/vlm/stage2/evidence/frame00184_contact_relation_check.png,contact_candidate_overlay,What is the highlighted object contact region closest to?,hand_on_main_body|hand_on_contact_region|body_on_support_region|floor_support|persistent_two_palm_line|no_contact|unclear,mistral_llm_schema_validated,main_body|contact_region|support_region|tip_regions|grip_bands|background|unclear,hand_on_main_body|hand_on_contact_region|body_on_support_region|floor_support|persistent_two_palm_line|no_contact|unclear,forced_choice_gate_only_no_continuous_pose_or_loss
stick,stage2,185,7.666667,contact_relation_check,/mnt/hdd/AudioHOI/samples_known_object/11_stick/results/benchmark_vlm_qwen/vlm/stage2/evidence/frame00185_contact_relation_check.png,/mnt/hdd/AudioHOI/samples_known_object/11_stick/results/benchmark_vlm_qwen/vlm/stage2/evidence/frame00185_contact_relation_check.png,contact_candidate_overlay,What is the highlighted object contact region closest to?,hand_on_main_body|hand_on_contact_region|body_on_support_region|floor_support|persistent_two_palm_line|no_contact|unclear,mistral_llm_schema_validated,main_body|contact_region|support_region|tip_regions|grip_bands|background|unclear,hand_on_main_body|hand_on_contact_region|body_on_support_region|floor_support|persistent_two_palm_line|no_contact|unclear,forced_choice_gate_only_no_continuous_pose_or_loss
stick,stage2,186,7.708333,contact_relation_check,/mnt/hdd/AudioHOI/samples_known_object/11_stick/results/benchmark_vlm_qwen/vlm/stage2/evidence/frame00186_contact_relation_check.png,/mnt/hdd/AudioHOI/samples_known_object/11_stick/results/benchmark_vlm_qwen/vlm/stage2/evidence/frame00186_contact_relation_check.png,contact_candidate_overlay,What is the highlighted object contact region closest to?,hand_on_main_body|hand_on_contact_region|body_on_support_region|floor_support|persistent_two_palm_line|no_contact|unclear,mistral_llm_schema_validated,main_body|contact_region|support_region|tip_regions|grip_bands|background|unclear,hand_on_main_body|hand_on_contact_region|body_on_support_region|floor_support|persistent_two_palm_line|no_contact|unclear,forced_choice_gate_only_no_continuous_pose_or_loss
stick,stage2,187,7.750000,contact_relation_check,/mnt/hdd/AudioHOI/samples_known_object/11_stick/results/benchmark_vlm_qwen/vlm/stage2/evidence/frame00187_contact_relation_check.png,/mnt/hdd/AudioHOI/samples_known_object/11_stick/results/benchmark_vlm_qwen/vlm/stage2/evidence/frame00187_contact_relation_check.png,contact_candidate_overlay,What is the highlighted object contact region closest to?,hand_on_main_body|hand_on_contact_region|body_on_support_region|floor_support|persistent_two_palm_line|no_contact|unclear,mistral_llm_schema_validated,main_body|contact_region|support_region|tip_regions|grip_bands|background|unclear,hand_on_main_body|hand_on_contact_region|body_on_support_region|floor_support|persistent_two_palm_line|no_contact|unclear,forced_choice_gate_only_no_continuous_pose_or_loss
stick,stage2,188,7.791667,contact_relation_check,/mnt/hdd/AudioHOI/samples_known_object/11_stick/results/benchmark_vlm_qwen/vlm/stage2/evidence/frame00188_contact_relation_check.png,/mnt/hdd/AudioHOI/samples_known_object/11_stick/results/benchmark_vlm_qwen/vlm/stage2/evidence/frame00188_contact_relation_check.png,contact_candidate_overlay,What is the highlighted object contact region closest to?,hand_on_main_body|hand_on_contact_region|body_on_support_region|floor_support|persistent_two_palm_line|no_contact|unclear,mistral_llm_schema_validated,main_body|contact_region|support_region|tip_regions|grip_bands|background|unclear,hand_on_main_body|hand_on_contact_region|body_on_support_region|floor_support|persistent_two_palm_line|no_contact|unclear,forced_choice_gate_only_no_continuous_pose_or_loss
stick,stage2,189,7.833333,contact_relation_check,/mnt/hdd/AudioHOI/samples_known_object/11_stick/results/benchmark_vlm_qwen/vlm/stage2/evidence/frame00189_contact_relation_check.png,/mnt/hdd/AudioHOI/samples_known_object/11_stick/results/benchmark_vlm_qwen/vlm/stage2/evidence/frame00189_contact_relation_check.png,contact_candidate_overlay,What is the highlighted object contact region closest to?,hand_on_main_body|hand_on_contact_region|body_on_support_region|floor_support|persistent_two_palm_line|no_contact|unclear,mistral_llm_schema_validated,main_body|contact_region|support_region|tip_regions|grip_bands|background|unclear,hand_on_main_body|hand_on_contact_region|body_on_support_region|floor_support|persistent_two_palm_line|no_contact|unclear,forced_choice_gate_only_no_continuous_pose_or_loss
stick,stage2,190,7.875000,contact_relation_check,/mnt/hdd/AudioHOI/samples_known_object/11_stick/results/benchmark_vlm_qwen/vlm/stage2/evidence/frame00190_contact_relation_check.png,/mnt/hdd/AudioHOI/samples_known_object/11_stick/results/benchmark_vlm_qwen/vlm/stage2/evidence/frame00190_contact_relation_check.png,contact_candidate_overlay,What is the highlighted object contact region closest to?,hand_on_main_body|hand_on_contact_region|body_on_support_region|floor_support|persistent_two_palm_line|no_contact|unclear,mistral_llm_schema_validated,main_body|contact_region|support_region|tip_regions|grip_bands|background|unclear,hand_on_main_body|hand_on_contact_region|body_on_support_region|floor_support|persistent_two_palm_line|no_contact|unclear,forced_choice_gate_only_no_continuous_pose_or_loss
stick,stage2,191,7.916667,contact_relation_check,/mnt/hdd/AudioHOI/samples_known_object/11_stick/results/benchmark_vlm_qwen/vlm/stage2/evidence/frame00191_contact_relation_check.png,/mnt/hdd/AudioHOI/samples_known_object/11_stick/results/benchmark_vlm_qwen/vlm/stage2/evidence/frame00191_contact_relation_check.png,contact_candidate_overlay,What is the highlighted object contact region closest to?,hand_on_main_body|hand_on_contact_region|body_on_support_region|floor_support|persistent_two_palm_line|no_contact|unclear,mistral_llm_schema_validated,main_body|contact_region|support_region|tip_regions|grip_bands|background|unclear,hand_on_main_body|hand_on_contact_region|body_on_support_region|floor_support|persistent_two_palm_line|no_contact|unclear,forced_choice_gate_only_no_continuous_pose_or_loss
stick,stage2,192,7.958333,contact_relation_check,/mnt/hdd/AudioHOI/samples_known_object/11_stick/results/benchmark_vlm_qwen/vlm/stage2/evidence/frame00192_contact_relation_check.png,/mnt/hdd/AudioHOI/samples_known_object/11_stick/results/benchmark_vlm_qwen/vlm/stage2/evidence/frame00192_contact_relation_check.png,contact_candidate_overlay,What is the highlighted object contact region closest to?,hand_on_main_body|hand_on_contact_region|body_on_support_region|floor_support|persistent_two_palm_line|no_contact|unclear,mistral_llm_schema_validated,main_body|contact_region|support_region|tip_regions|grip_bands|background|unclear,hand_on_main_body|hand_on_contact_region|body_on_support_region|floor_support|persistent_two_palm_line|no_contact|unclear,forced_choice_gate_only_no_continuous_pose_or_loss
stick,stage2,193,8.000000,contact_relation_check,/mnt/hdd/AudioHOI/samples_known_object/11_stick/results/benchmark_vlm_qwen/vlm/stage2/evidence/frame00193_contact_relation_check.png,/mnt/hdd/AudioHOI/samples_known_object/11_stick/results/benchmark_vlm_qwen/vlm/stage2/evidence/frame00193_contact_relation_check.png,contact_candidate_overlay,What is the highlighted object contact region closest to?,hand_on_main_body|hand_on_contact_region|body_on_support_region|floor_support|persistent_two_palm_line|no_contact|unclear,mistral_llm_schema_validated,main_body|contact_region|support_region|tip_regions|grip_bands|background|unclear,hand_on_main_body|hand_on_contact_region|body_on_support_region|floor_support|persistent_two_palm_line|no_contact|unclear,forced_choice_gate_only_no_continuous_pose_or_loss
stick,stage2,194,8.041667,contact_relation_check,/mnt/hdd/AudioHOI/samples_known_object/11_stick/results/benchmark_vlm_qwen/vlm/stage2/evidence/frame00194_contact_relation_check.png,/mnt/hdd/AudioHOI/samples_known_object/11_stick/results/benchmark_vlm_qwen/vlm/stage2/evidence/frame00194_contact_relation_check.png,contact_candidate_overlay,What is the highlighted object contact region closest to?,hand_on_main_body|hand_on_contact_region|body_on_support_region|floor_support|persistent_two_palm_line|no_contact|unclear,mistral_llm_schema_validated,main_body|contact_region|support_region|tip_regions|grip_bands|background|unclear,hand_on_main_body|hand_on_contact_region|body_on_support_region|floor_support|persistent_two_palm_line|no_contact|unclear,forced_choice_gate_only_no_continuous_pose_or_loss
stick,stage2,195,8.083333,contact_relation_check,/mnt/hdd/AudioHOI/samples_known_object/11_stick/results/benchmark_vlm_qwen/vlm/stage2/evidence/frame00195_contact_relation_check.png,/mnt/hdd/AudioHOI/samples_known_object/11_stick/results/benchmark_vlm_qwen/vlm/stage2/evidence/frame00195_contact_relation_check.png,contact_candidate_overlay,What is the highlighted object contact region closest to?,hand_on_main_body|hand_on_contact_region|body_on_support_region|floor_support|persistent_two_palm_line|no_contact|unclear,mistral_llm_schema_validated,main_body|contact_region|support_region|tip_regions|grip_bands|background|unclear,hand_on_main_body|hand_on_contact_region|body_on_support_region|floor_support|persistent_two_palm_line|no_contact|unclear,forced_choice_gate_only_no_continuous_pose_or_loss
stick,stage2,196,8.125000,contact_relation_check,/mnt/hdd/AudioHOI/samples_known_object/11_stick/results/benchmark_vlm_qwen/vlm/stage2/evidence/frame00196_contact_relation_check.png,/mnt/hdd/AudioHOI/samples_known_object/11_stick/results/benchmark_vlm_qwen/vlm/stage2/evidence/frame00196_contact_relation_check.png,contact_candidate_overlay,What is the highlighted object contact region closest to?,hand_on_main_body|hand_on_contact_region|body_on_support_region|floor_support|persistent_two_palm_line|no_contact|unclear,mistral_llm_schema_validated,main_body|contact_region|support_region|tip_regions|grip_bands|background|unclear,hand_on_main_body|hand_on_contact_region|body_on_support_region|floor_support|persistent_two_palm_line|no_contact|unclear,forced_choice_gate_only_no_continuous_pose_or_loss
stick,stage2,197,8.166667,contact_relation_check,/mnt/hdd/AudioHOI/samples_known_object/11_stick/results/benchmark_vlm_qwen/vlm/stage2/evidence/frame00197_contact_relation_check.png,/mnt/hdd/AudioHOI/samples_known_object/11_stick/results/benchmark_vlm_qwen/vlm/stage2/evidence/frame00197_contact_relation_check.png,contact_candidate_overlay,What is the highlighted object contact region closest to?,hand_on_main_body|hand_on_contact_region|body_on_support_region|floor_support|persistent_two_palm_line|no_contact|unclear,mistral_llm_schema_validated,main_body|contact_region|support_region|tip_regions|grip_bands|background|unclear,hand_on_main_body|hand_on_contact_region|body_on_support_region|floor_support|persistent_two_palm_line|no_contact|unclear,forced_choice_gate_only_no_continuous_pose_or_loss
stick,stage2,198,8.208333,contact_relation_check,/mnt/hdd/AudioHOI/samples_known_object/11_stick/results/benchmark_vlm_qwen/vlm/stage2/evidence/frame00198_contact_relation_check.png,/mnt/hdd/AudioHOI/samples_known_object/11_stick/results/benchmark_vlm_qwen/vlm/stage2/evidence/frame00198_contact_relation_check.png,contact_candidate_overlay,What is the highlighted object contact region closest to?,hand_on_main_body|hand_on_contact_region|body_on_support_region|floor_support|persistent_two_palm_line|no_contact|unclear,mistral_llm_schema_validated,main_body|contact_region|support_region|tip_regions|grip_bands|background|unclear,hand_on_main_body|hand_on_contact_region|body_on_support_region|floor_support|persistent_two_palm_line|no_contact|unclear,forced_choice_gate_only_no_continuous_pose_or_loss
stick,stage2,199,8.250000,contact_relation_check,/mnt/hdd/AudioHOI/samples_known_object/11_stick/results/benchmark_vlm_qwen/vlm/stage2/evidence/frame00199_contact_relation_check.png,/mnt/hdd/AudioHOI/samples_known_object/11_stick/results/benchmark_vlm_qwen/vlm/stage2/evidence/frame00199_contact_relation_check.png,contact_candidate_overlay,What is the highlighted object contact region closest to?,hand_on_main_body|hand_on_contact_region|body_on_support_region|floor_support|persistent_two_palm_line|no_contact|unclear,mistral_llm_schema_validated,main_body|contact_region|support_region|tip_regions|grip_bands|background|unclear,hand_on_main_body|hand_on_contact_region|body_on_support_region|floor_support|persistent_two_palm_line|no_contact|unclear,forced_choice_gate_only_no_continuous_pose_or_loss
stick,stage2,200,8.291667,contact_relation_check,/mnt/hdd/AudioHOI/samples_known_object/11_stick/results/benchmark_vlm_qwen/vlm/stage2/evidence/frame00200_contact_relation_check.png,/mnt/hdd/AudioHOI/samples_known_object/11_stick/results/benchmark_vlm_qwen/vlm/stage2/evidence/frame00200_contact_relation_check.png,contact_candidate_overlay,What is the highlighted object contact region closest to?,hand_on_main_body|hand_on_contact_region|body_on_support_region|floor_support|persistent_two_palm_line|no_contact|unclear,mistral_llm_schema_validated,main_body|contact_region|support_region|tip_regions|grip_bands|background|unclear,hand_on_main_body|hand_on_contact_region|body_on_support_region|floor_support|persistent_two_palm_line|no_contact|unclear,forced_choice_gate_only_no_continuous_pose_or_loss
stick,stage2,201,8.333333,contact_relation_check,/mnt/hdd/AudioHOI/samples_known_object/11_stick/results/benchmark_vlm_qwen/vlm/stage2/evidence/frame00201_contact_relation_check.png,/mnt/hdd/AudioHOI/samples_known_object/11_stick/results/benchmark_vlm_qwen/vlm/stage2/evidence/frame00201_contact_relation_check.png,contact_candidate_overlay,What is the highlighted object contact region closest to?,hand_on_main_body|hand_on_contact_region|body_on_support_region|floor_support|persistent_two_palm_line|no_contact|unclear,mistral_llm_schema_validated,main_body|contact_region|support_region|tip_regions|grip_bands|background|unclear,hand_on_main_body|hand_on_contact_region|body_on_support_region|floor_support|persistent_two_palm_line|no_contact|unclear,forced_choice_gate_only_no_continuous_pose_or_loss
stick,stage2,202,8.375000,contact_relation_check,/mnt/hdd/AudioHOI/samples_known_object/11_stick/results/benchmark_vlm_qwen/vlm/stage2/evidence/frame00202_contact_relation_check.png,/mnt/hdd/AudioHOI/samples_known_object/11_stick/results/benchmark_vlm_qwen/vlm/stage2/evidence/frame00202_contact_relation_check.png,contact_candidate_overlay,What is the highlighted object contact region closest to?,hand_on_main_body|hand_on_contact_region|body_on_support_region|floor_support|persistent_two_palm_line|no_contact|unclear,mistral_llm_schema_validated,main_body|contact_region|support_region|tip_regions|grip_bands|background|unclear,hand_on_main_body|hand_on_contact_region|body_on_support_region|floor_support|persistent_two_palm_line|no_contact|unclear,forced_choice_gate_only_no_continuous_pose_or_loss
stick,stage2,203,8.416667,contact_relation_check,/mnt/hdd/AudioHOI/samples_known_object/11_stick/results/benchmark_vlm_qwen/vlm/stage2/evidence/frame00203_contact_relation_check.png,/mnt/hdd/AudioHOI/samples_known_object/11_stick/results/benchmark_vlm_qwen/vlm/stage2/evidence/frame00203_contact_relation_check.png,contact_candidate_overlay,What is the highlighted object contact region closest to?,hand_on_main_body|hand_on_contact_region|body_on_support_region|floor_support|persistent_two_palm_line|no_contact|unclear,mistral_llm_schema_validated,main_body|contact_region|support_region|tip_regions|grip_bands|background|unclear,hand_on_main_body|hand_on_contact_region|body_on_support_region|floor_support|persistent_two_palm_line|no_contact|unclear,forced_choice_gate_only_no_continuous_pose_or_loss
stick,stage2,204,8.458333,contact_relation_check,/mnt/hdd/AudioHOI/samples_known_object/11_stick/results/benchmark_vlm_qwen/vlm/stage2/evidence/frame00204_contact_relation_check.png,/mnt/hdd/AudioHOI/samples_known_object/11_stick/results/benchmark_vlm_qwen/vlm/stage2/evidence/frame00204_contact_relation_check.png,contact_candidate_overlay,What is the highlighted object contact region closest to?,hand_on_main_body|hand_on_contact_region|body_on_support_region|floor_support|persistent_two_palm_line|no_contact|unclear,mistral_llm_schema_validated,main_body|contact_region|support_region|tip_regions|grip_bands|background|unclear,hand_on_main_body|hand_on_contact_region|body_on_support_region|floor_support|persistent_two_palm_line|no_contact|unclear,forced_choice_gate_only_no_continuous_pose_or_loss
stick,stage2,205,8.500000,contact_relation_check,/mnt/hdd/AudioHOI/samples_known_object/11_stick/results/benchmark_vlm_qwen/vlm/stage2/evidence/frame00205_contact_relation_check.png,/mnt/hdd/AudioHOI/samples_known_object/11_stick/results/benchmark_vlm_qwen/vlm/stage2/evidence/frame00205_contact_relation_check.png,contact_candidate_overlay,What is the highlighted object contact region closest to?,hand_on_main_body|hand_on_contact_region|body_on_support_region|floor_support|persistent_two_palm_line|no_contact|unclear,mistral_llm_schema_validated,main_body|contact_region|support_region|tip_regions|grip_bands|background|unclear,hand_on_main_body|hand_on_contact_region|body_on_support_region|floor_support|persistent_two_palm_line|no_contact|unclear,forced_choice_gate_only_no_continuous_pose_or_loss
stick,stage2,206,8.541667,contact_relation_check,/mnt/hdd/AudioHOI/samples_known_object/11_stick/results/benchmark_vlm_qwen/vlm/stage2/evidence/frame00206_contact_relation_check.png,/mnt/hdd/AudioHOI/samples_known_object/11_stick/results/benchmark_vlm_qwen/vlm/stage2/evidence/frame00206_contact_relation_check.png,contact_candidate_overlay,What is the highlighted object contact region closest to?,hand_on_main_body|hand_on_contact_region|body_on_support_region|floor_support|persistent_two_palm_line|no_contact|unclear,mistral_llm_schema_validated,main_body|contact_region|support_region|tip_regions|grip_bands|background|unclear,hand_on_main_body|hand_on_contact_region|body_on_support_region|floor_support|persistent_two_palm_line|no_contact|unclear,forced_choice_gate_only_no_continuous_pose_or_loss
stick,stage2,207,8.583333,contact_relation_check,/mnt/hdd/AudioHOI/samples_known_object/11_stick/results/benchmark_vlm_qwen/vlm/stage2/evidence/frame00207_contact_relation_check.png,/mnt/hdd/AudioHOI/samples_known_object/11_stick/results/benchmark_vlm_qwen/vlm/stage2/evidence/frame00207_contact_relation_check.png,contact_candidate_overlay,What is the highlighted object contact region closest to?,hand_on_main_body|hand_on_contact_region|body_on_support_region|floor_support|persistent_two_palm_line|no_contact|unclear,mistral_llm_schema_validated,main_body|contact_region|support_region|tip_regions|grip_bands|background|unclear,hand_on_main_body|hand_on_contact_region|body_on_support_region|floor_support|persistent_two_palm_line|no_contact|unclear,forced_choice_gate_only_no_continuous_pose_or_loss
stick,stage2,208,8.625000,contact_relation_check,/mnt/hdd/AudioHOI/samples_known_object/11_stick/results/benchmark_vlm_qwen/vlm/stage2/evidence/frame00208_contact_relation_check.png,/mnt/hdd/AudioHOI/samples_known_object/11_stick/results/benchmark_vlm_qwen/vlm/stage2/evidence/frame00208_contact_relation_check.png,contact_candidate_overlay,What is the highlighted object contact region closest to?,hand_on_main_body|hand_on_contact_region|body_on_support_region|floor_support|persistent_two_palm_line|no_contact|unclear,mistral_llm_schema_validated,main_body|contact_region|support_region|tip_regions|grip_bands|background|unclear,hand_on_main_body|hand_on_contact_region|body_on_support_region|floor_support|persistent_two_palm_line|no_contact|unclear,forced_choice_gate_only_no_continuous_pose_or_loss
stick,stage2,209,8.666667,contact_relation_check,/mnt/hdd/AudioHOI/samples_known_object/11_stick/results/benchmark_vlm_qwen/vlm/stage2/evidence/frame00209_contact_relation_check.png,/mnt/hdd/AudioHOI/samples_known_object/11_stick/results/benchmark_vlm_qwen/vlm/stage2/evidence/frame00209_contact_relation_check.png,contact_candidate_overlay,What is the highlighted object contact region closest to?,hand_on_main_body|hand_on_contact_region|body_on_support_region|floor_support|persistent_two_palm_line|no_contact|unclear,mistral_llm_schema_validated,main_body|contact_region|support_region|tip_regions|grip_bands|background|unclear,hand_on_main_body|hand_on_contact_region|body_on_support_region|floor_support|persistent_two_palm_line|no_contact|unclear,forced_choice_gate_only_no_continuous_pose_or_loss
stick,stage2,210,8.708333,contact_relation_check,/mnt/hdd/AudioHOI/samples_known_object/11_stick/results/benchmark_vlm_qwen/vlm/stage2/evidence/frame00210_contact_relation_check.png,/mnt/hdd/AudioHOI/samples_known_object/11_stick/results/benchmark_vlm_qwen/vlm/stage2/evidence/frame00210_contact_relation_check.png,contact_candidate_overlay,What is the highlighted object contact region closest to?,hand_on_main_body|hand_on_contact_region|body_on_support_region|floor_support|persistent_two_palm_line|no_contact|unclear,mistral_llm_schema_validated,main_body|contact_region|support_region|tip_regions|grip_bands|background|unclear,hand_on_main_body|hand_on_contact_region|body_on_support_region|floor_support|persistent_two_palm_line|no_contact|unclear,forced_choice_gate_only_no_continuous_pose_or_loss
stick,stage2,211,8.750000,contact_relation_check,/mnt/hdd/AudioHOI/samples_known_object/11_stick/results/benchmark_vlm_qwen/vlm/stage2/evidence/frame00211_contact_relation_check.png,/mnt/hdd/AudioHOI/samples_known_object/11_stick/results/benchmark_vlm_qwen/vlm/stage2/evidence/frame00211_contact_relation_check.png,contact_candidate_overlay,What is the highlighted object contact region closest to?,hand_on_main_body|hand_on_contact_region|body_on_support_region|floor_support|persistent_two_palm_line|no_contact|unclear,mistral_llm_schema_validated,main_body|contact_region|support_region|tip_regions|grip_bands|background|unclear,hand_on_main_body|hand_on_contact_region|body_on_support_region|floor_support|persistent_two_palm_line|no_contact|unclear,forced_choice_gate_only_no_continuous_pose_or_loss
stick,stage2,212,8.791667,contact_relation_check,/mnt/hdd/AudioHOI/samples_known_object/11_stick/results/benchmark_vlm_qwen/vlm/stage2/evidence/frame00212_contact_relation_check.png,/mnt/hdd/AudioHOI/samples_known_object/11_stick/results/benchmark_vlm_qwen/vlm/stage2/evidence/frame00212_contact_relation_check.png,contact_candidate_overlay,What is the highlighted object contact region closest to?,hand_on_main_body|hand_on_contact_region|body_on_support_region|floor_support|persistent_two_palm_line|no_contact|unclear,mistral_llm_schema_validated,main_body|contact_region|support_region|tip_regions|grip_bands|background|unclear,hand_on_main_body|hand_on_contact_region|body_on_support_region|floor_support|persistent_two_palm_line|no_contact|unclear,forced_choice_gate_only_no_continuous_pose_or_loss
stick,stage2,213,8.833333,contact_relation_check,/mnt/hdd/AudioHOI/samples_known_object/11_stick/results/benchmark_vlm_qwen/vlm/stage2/evidence/frame00213_contact_relation_check.png,/mnt/hdd/AudioHOI/samples_known_object/11_stick/results/benchmark_vlm_qwen/vlm/stage2/evidence/frame00213_contact_relation_check.png,contact_candidate_overlay,What is the highlighted object contact region closest to?,hand_on_main_body|hand_on_contact_region|body_on_support_region|floor_support|persistent_two_palm_line|no_contact|unclear,mistral_llm_schema_validated,main_body|contact_region|support_region|tip_regions|grip_bands|background|unclear,hand_on_main_body|hand_on_contact_region|body_on_support_region|floor_support|persistent_two_palm_line|no_contact|unclear,forced_choice_gate_only_no_continuous_pose_or_loss
stick,stage2,214,8.875000,contact_relation_check,/mnt/hdd/AudioHOI/samples_known_object/11_stick/results/benchmark_vlm_qwen/vlm/stage2/evidence/frame00214_contact_relation_check.png,/mnt/hdd/AudioHOI/samples_known_object/11_stick/results/benchmark_vlm_qwen/vlm/stage2/evidence/frame00214_contact_relation_check.png,contact_candidate_overlay,What is the highlighted object contact region closest to?,hand_on_main_body|hand_on_contact_region|body_on_support_region|floor_support|persistent_two_palm_line|no_contact|unclear,mistral_llm_schema_validated,main_body|contact_region|support_region|tip_regions|grip_bands|background|unclear,hand_on_main_body|hand_on_contact_region|body_on_support_region|floor_support|persistent_two_palm_line|no_contact|unclear,forced_choice_gate_only_no_continuous_pose_or_loss
stick,stage2,215,8.916667,contact_relation_check,/mnt/hdd/AudioHOI/samples_known_object/11_stick/results/benchmark_vlm_qwen/vlm/stage2/evidence/frame00215_contact_relation_check.png,/mnt/hdd/AudioHOI/samples_known_object/11_stick/results/benchmark_vlm_qwen/vlm/stage2/evidence/frame00215_contact_relation_check.png,contact_candidate_overlay,What is the highlighted object contact region closest to?,hand_on_main_body|hand_on_contact_region|body_on_support_region|floor_support|persistent_two_palm_line|no_contact|unclear,mistral_llm_schema_validated,main_body|contact_region|support_region|tip_regions|grip_bands|background|unclear,hand_on_main_body|hand_on_contact_region|body_on_support_region|floor_support|persistent_two_palm_line|no_contact|unclear,forced_choice_gate_only_no_continuous_pose_or_loss
stick,stage2,216,8.958333,contact_relation_check,/mnt/hdd/AudioHOI/samples_known_object/11_stick/results/benchmark_vlm_qwen/vlm/stage2/evidence/frame00216_contact_relation_check.png,/mnt/hdd/AudioHOI/samples_known_object/11_stick/results/benchmark_vlm_qwen/vlm/stage2/evidence/frame00216_contact_relation_check.png,contact_candidate_overlay,What is the highlighted object contact region closest to?,hand_on_main_body|hand_on_contact_region|body_on_support_region|floor_support|persistent_two_palm_line|no_contact|unclear,mistral_llm_schema_validated,main_body|contact_region|support_region|tip_regions|grip_bands|background|unclear,hand_on_main_body|hand_on_contact_region|body_on_support_region|floor_support|persistent_two_palm_line|no_contact|unclear,forced_choice_gate_only_no_continuous_pose_or_loss
stick,stage2,217,9.000000,contact_relation_check,/mnt/hdd/AudioHOI/samples_known_object/11_stick/results/benchmark_vlm_qwen/vlm/stage2/evidence/frame00217_contact_relation_check.png,/mnt/hdd/AudioHOI/samples_known_object/11_stick/results/benchmark_vlm_qwen/vlm/stage2/evidence/frame00217_contact_relation_check.png,contact_candidate_overlay,What is the highlighted object contact region closest to?,hand_on_main_body|hand_on_contact_region|body_on_support_region|floor_support|persistent_two_palm_line|no_contact|unclear,mistral_llm_schema_validated,main_body|contact_region|support_region|tip_regions|grip_bands|background|unclear,hand_on_main_body|hand_on_contact_region|body_on_support_region|floor_support|persistent_two_palm_line|no_contact|unclear,forced_choice_gate_only_no_continuous_pose_or_loss
stick,stage2,218,9.041667,contact_relation_check,/mnt/hdd/AudioHOI/samples_known_object/11_stick/results/benchmark_vlm_qwen/vlm/stage2/evidence/frame00218_contact_relation_check.png,/mnt/hdd/AudioHOI/samples_known_object/11_stick/results/benchmark_vlm_qwen/vlm/stage2/evidence/frame00218_contact_relation_check.png,contact_candidate_overlay,What is the highlighted object contact region closest to?,hand_on_main_body|hand_on_contact_region|body_on_support_region|floor_support|persistent_two_palm_line|no_contact|unclear,mistral_llm_schema_validated,main_body|contact_region|support_region|tip_regions|grip_bands|background|unclear,hand_on_main_body|hand_on_contact_region|body_on_support_region|floor_support|persistent_two_palm_line|no_contact|unclear,forced_choice_gate_only_no_continuous_pose_or_loss
stick,stage2,219,9.083333,contact_relation_check,/mnt/hdd/AudioHOI/samples_known_object/11_stick/results/benchmark_vlm_qwen/vlm/stage2/evidence/frame00219_contact_relation_check.png,/mnt/hdd/AudioHOI/samples_known_object/11_stick/results/benchmark_vlm_qwen/vlm/stage2/evidence/frame00219_contact_relation_check.png,contact_candidate_overlay,What is the highlighted object contact region closest to?,hand_on_main_body|hand_on_contact_region|body_on_support_region|floor_support|persistent_two_palm_line|no_contact|unclear,mistral_llm_schema_validated,main_body|contact_region|support_region|tip_regions|grip_bands|background|unclear,hand_on_main_body|hand_on_contact_region|body_on_support_region|floor_support|persistent_two_palm_line|no_contact|unclear,forced_choice_gate_only_no_continuous_pose_or_loss
stick,stage2,220,9.125000,contact_relation_check,/mnt/hdd/AudioHOI/samples_known_object/11_stick/results/benchmark_vlm_qwen/vlm/stage2/evidence/frame00220_contact_relation_check.png,/mnt/hdd/AudioHOI/samples_known_object/11_stick/results/benchmark_vlm_qwen/vlm/stage2/evidence/frame00220_contact_relation_check.png,contact_candidate_overlay,What is the highlighted object contact region closest to?,hand_on_main_body|hand_on_contact_region|body_on_support_region|floor_support|persistent_two_palm_line|no_contact|unclear,mistral_llm_schema_validated,main_body|contact_region|support_region|tip_regions|grip_bands|background|unclear,hand_on_main_body|hand_on_contact_region|body_on_support_region|floor_support|persistent_two_palm_line|no_contact|unclear,forced_choice_gate_only_no_continuous_pose_or_loss
stick,stage2,221,9.166667,contact_relation_check,/mnt/hdd/AudioHOI/samples_known_object/11_stick/results/benchmark_vlm_qwen/vlm/stage2/evidence/frame00221_contact_relation_check.png,/mnt/hdd/AudioHOI/samples_known_object/11_stick/results/benchmark_vlm_qwen/vlm/stage2/evidence/frame00221_contact_relation_check.png,contact_candidate_overlay,What is the highlighted object contact region closest to?,hand_on_main_body|hand_on_contact_region|body_on_support_region|floor_support|persistent_two_palm_line|no_contact|unclear,mistral_llm_schema_validated,main_body|contact_region|support_region|tip_regions|grip_bands|background|unclear,hand_on_main_body|hand_on_contact_region|body_on_support_region|floor_support|persistent_two_palm_line|no_contact|unclear,forced_choice_gate_only_no_continuous_pose_or_loss
stick,stage2,222,9.208333,contact_relation_check,/mnt/hdd/AudioHOI/samples_known_object/11_stick/results/benchmark_vlm_qwen/vlm/stage2/evidence/frame00222_contact_relation_check.png,/mnt/hdd/AudioHOI/samples_known_object/11_stick/results/benchmark_vlm_qwen/vlm/stage2/evidence/frame00222_contact_relation_check.png,contact_candidate_overlay,What is the highlighted object contact region closest to?,hand_on_main_body|hand_on_contact_region|body_on_support_region|floor_support|persistent_two_palm_line|no_contact|unclear,mistral_llm_schema_validated,main_body|contact_region|support_region|tip_regions|grip_bands|background|unclear,hand_on_main_body|hand_on_contact_region|body_on_support_region|floor_support|persistent_two_palm_line|no_contact|unclear,forced_choice_gate_only_no_continuous_pose_or_loss
stick,stage2,223,9.250000,contact_relation_check,/mnt/hdd/AudioHOI/samples_known_object/11_stick/results/benchmark_vlm_qwen/vlm/stage2/evidence/frame00223_contact_relation_check.png,/mnt/hdd/AudioHOI/samples_known_object/11_stick/results/benchmark_vlm_qwen/vlm/stage2/evidence/frame00223_contact_relation_check.png,contact_candidate_overlay,What is the highlighted object contact region closest to?,hand_on_main_body|hand_on_contact_region|body_on_support_region|floor_support|persistent_two_palm_line|no_contact|unclear,mistral_llm_schema_validated,main_body|contact_region|support_region|tip_regions|grip_bands|background|unclear,hand_on_main_body|hand_on_contact_region|body_on_support_region|floor_support|persistent_two_palm_line|no_contact|unclear,forced_choice_gate_only_no_continuous_pose_or_loss
stick,stage2,224,9.291667,contact_relation_check,/mnt/hdd/AudioHOI/samples_known_object/11_stick/results/benchmark_vlm_qwen/vlm/stage2/evidence/frame00224_contact_relation_check.png,/mnt/hdd/AudioHOI/samples_known_object/11_stick/results/benchmark_vlm_qwen/vlm/stage2/evidence/frame00224_contact_relation_check.png,contact_candidate_overlay,What is the highlighted object contact region closest to?,hand_on_main_body|hand_on_contact_region|body_on_support_region|floor_support|persistent_two_palm_line|no_contact|unclear,mistral_llm_schema_validated,main_body|contact_region|support_region|tip_regions|grip_bands|background|unclear,hand_on_main_body|hand_on_contact_region|body_on_support_region|floor_support|persistent_two_palm_line|no_contact|unclear,forced_choice_gate_only_no_continuous_pose_or_loss
stick,stage2,225,9.333333,contact_relation_check,/mnt/hdd/AudioHOI/samples_known_object/11_stick/results/benchmark_vlm_qwen/vlm/stage2/evidence/frame00225_contact_relation_check.png,/mnt/hdd/AudioHOI/samples_known_object/11_stick/results/benchmark_vlm_qwen/vlm/stage2/evidence/frame00225_contact_relation_check.png,contact_candidate_overlay,What is the highlighted object contact region closest to?,hand_on_main_body|hand_on_contact_region|body_on_support_region|floor_support|persistent_two_palm_line|no_contact|unclear,mistral_llm_schema_validated,main_body|contact_region|support_region|tip_regions|grip_bands|background|unclear,hand_on_main_body|hand_on_contact_region|body_on_support_region|floor_support|persistent_two_palm_line|no_contact|unclear,forced_choice_gate_only_no_continuous_pose_or_loss
stick,stage2,226,9.375000,contact_relation_check,/mnt/hdd/AudioHOI/samples_known_object/11_stick/results/benchmark_vlm_qwen/vlm/stage2/evidence/frame00226_contact_relation_check.png,/mnt/hdd/AudioHOI/samples_known_object/11_stick/results/benchmark_vlm_qwen/vlm/stage2/evidence/frame00226_contact_relation_check.png,contact_candidate_overlay,What is the highlighted object contact region closest to?,hand_on_main_body|hand_on_contact_region|body_on_support_region|floor_support|persistent_two_palm_line|no_contact|unclear,mistral_llm_schema_validated,main_body|contact_region|support_region|tip_regions|grip_bands|background|unclear,hand_on_main_body|hand_on_contact_region|body_on_support_region|floor_support|persistent_two_palm_line|no_contact|unclear,forced_choice_gate_only_no_continuous_pose_or_loss
stick,stage2,227,9.416667,contact_relation_check,/mnt/hdd/AudioHOI/samples_known_object/11_stick/results/benchmark_vlm_qwen/vlm/stage2/evidence/frame00227_contact_relation_check.png,/mnt/hdd/AudioHOI/samples_known_object/11_stick/results/benchmark_vlm_qwen/vlm/stage2/evidence/frame00227_contact_relation_check.png,contact_candidate_overlay,What is the highlighted object contact region closest to?,hand_on_main_body|hand_on_contact_region|body_on_support_region|floor_support|persistent_two_palm_line|no_contact|unclear,mistral_llm_schema_validated,main_body|contact_region|support_region|tip_regions|grip_bands|background|unclear,hand_on_main_body|hand_on_contact_region|body_on_support_region|floor_support|persistent_two_palm_line|no_contact|unclear,forced_choice_gate_only_no_continuous_pose_or_loss
stick,stage2,228,9.458333,contact_relation_check,/mnt/hdd/AudioHOI/samples_known_object/11_stick/results/benchmark_vlm_qwen/vlm/stage2/evidence/frame00228_contact_relation_check.png,/mnt/hdd/AudioHOI/samples_known_object/11_stick/results/benchmark_vlm_qwen/vlm/stage2/evidence/frame00228_contact_relation_check.png,contact_candidate_overlay,What is the highlighted object contact region closest to?,hand_on_main_body|hand_on_contact_region|body_on_support_region|floor_support|persistent_two_palm_line|no_contact|unclear,mistral_llm_schema_validated,main_body|contact_region|support_region|tip_regions|grip_bands|background|unclear,hand_on_main_body|hand_on_contact_region|body_on_support_region|floor_support|persistent_two_palm_line|no_contact|unclear,forced_choice_gate_only_no_continuous_pose_or_loss
stick,stage2,229,9.500000,contact_relation_check,/mnt/hdd/AudioHOI/samples_known_object/11_stick/results/benchmark_vlm_qwen/vlm/stage2/evidence/frame00229_contact_relation_check.png,/mnt/hdd/AudioHOI/samples_known_object/11_stick/results/benchmark_vlm_qwen/vlm/stage2/evidence/frame00229_contact_relation_check.png,contact_candidate_overlay,What is the highlighted object contact region closest to?,hand_on_main_body|hand_on_contact_region|body_on_support_region|floor_support|persistent_two_palm_line|no_contact|unclear,mistral_llm_schema_validated,main_body|contact_region|support_region|tip_regions|grip_bands|background|unclear,hand_on_main_body|hand_on_contact_region|body_on_support_region|floor_support|persistent_two_palm_line|no_contact|unclear,forced_choice_gate_only_no_continuous_pose_or_loss
stick,stage2,230,9.541667,contact_relation_check,/mnt/hdd/AudioHOI/samples_known_object/11_stick/results/benchmark_vlm_qwen/vlm/stage2/evidence/frame00230_contact_relation_check.png,/mnt/hdd/AudioHOI/samples_known_object/11_stick/results/benchmark_vlm_qwen/vlm/stage2/evidence/frame00230_contact_relation_check.png,contact_candidate_overlay,What is the highlighted object contact region closest to?,hand_on_main_body|hand_on_contact_region|body_on_support_region|floor_support|persistent_two_palm_line|no_contact|unclear,mistral_llm_schema_validated,main_body|contact_region|support_region|tip_regions|grip_bands|background|unclear,hand_on_main_body|hand_on_contact_region|body_on_support_region|floor_support|persistent_two_palm_line|no_contact|unclear,forced_choice_gate_only_no_continuous_pose_or_loss
stick,stage2,231,9.583333,contact_relation_check,/mnt/hdd/AudioHOI/samples_known_object/11_stick/results/benchmark_vlm_qwen/vlm/stage2/evidence/frame00231_contact_relation_check.png,/mnt/hdd/AudioHOI/samples_known_object/11_stick/results/benchmark_vlm_qwen/vlm/stage2/evidence/frame00231_contact_relation_check.png,contact_candidate_overlay,What is the highlighted object contact region closest to?,hand_on_main_body|hand_on_contact_region|body_on_support_region|floor_support|persistent_two_palm_line|no_contact|unclear,mistral_llm_schema_validated,main_body|contact_region|support_region|tip_regions|grip_bands|background|unclear,hand_on_main_body|hand_on_contact_region|body_on_support_region|floor_support|persistent_two_palm_line|no_contact|unclear,forced_choice_gate_only_no_continuous_pose_or_loss
stick,stage2,232,9.625000,contact_relation_check,/mnt/hdd/AudioHOI/samples_known_object/11_stick/results/benchmark_vlm_qwen/vlm/stage2/evidence/frame00232_contact_relation_check.png,/mnt/hdd/AudioHOI/samples_known_object/11_stick/results/benchmark_vlm_qwen/vlm/stage2/evidence/frame00232_contact_relation_check.png,contact_candidate_overlay,What is the highlighted object contact region closest to?,hand_on_main_body|hand_on_contact_region|body_on_support_region|floor_support|persistent_two_palm_line|no_contact|unclear,mistral_llm_schema_validated,main_body|contact_region|support_region|tip_regions|grip_bands|background|unclear,hand_on_main_body|hand_on_contact_region|body_on_support_region|floor_support|persistent_two_palm_line|no_contact|unclear,forced_choice_gate_only_no_continuous_pose_or_loss
stick,stage2,233,9.666667,contact_relation_check,/mnt/hdd/AudioHOI/samples_known_object/11_stick/results/benchmark_vlm_qwen/vlm/stage2/evidence/frame00233_contact_relation_check.png,/mnt/hdd/AudioHOI/samples_known_object/11_stick/results/benchmark_vlm_qwen/vlm/stage2/evidence/frame00233_contact_relation_check.png,contact_candidate_overlay,What is the highlighted object contact region closest to?,hand_on_main_body|hand_on_contact_region|body_on_support_region|floor_support|persistent_two_palm_line|no_contact|unclear,mistral_llm_schema_validated,main_body|contact_region|support_region|tip_regions|grip_bands|background|unclear,hand_on_main_body|hand_on_contact_region|body_on_support_region|floor_support|persistent_two_palm_line|no_contact|unclear,forced_choice_gate_only_no_continuous_pose_or_loss
stick,stage2,234,9.708333,contact_relation_check,/mnt/hdd/AudioHOI/samples_known_object/11_stick/results/benchmark_vlm_qwen/vlm/stage2/evidence/frame00234_contact_relation_check.png,/mnt/hdd/AudioHOI/samples_known_object/11_stick/results/benchmark_vlm_qwen/vlm/stage2/evidence/frame00234_contact_relation_check.png,contact_candidate_overlay,What is the highlighted object contact region closest to?,hand_on_main_body|hand_on_contact_region|body_on_support_region|floor_support|persistent_two_palm_line|no_contact|unclear,mistral_llm_schema_validated,main_body|contact_region|support_region|tip_regions|grip_bands|background|unclear,hand_on_main_body|hand_on_contact_region|body_on_support_region|floor_support|persistent_two_palm_line|no_contact|unclear,forced_choice_gate_only_no_continuous_pose_or_loss
stick,stage2,235,9.750000,contact_relation_check,/mnt/hdd/AudioHOI/samples_known_object/11_stick/results/benchmark_vlm_qwen/vlm/stage2/evidence/frame00235_contact_relation_check.png,/mnt/hdd/AudioHOI/samples_known_object/11_stick/results/benchmark_vlm_qwen/vlm/stage2/evidence/frame00235_contact_relation_check.png,contact_candidate_overlay,What is the highlighted object contact region closest to?,hand_on_main_body|hand_on_contact_region|body_on_support_region|floor_support|persistent_two_palm_line|no_contact|unclear,mistral_llm_schema_validated,main_body|contact_region|support_region|tip_regions|grip_bands|background|unclear,hand_on_main_body|hand_on_contact_region|body_on_support_region|floor_support|persistent_two_palm_line|no_contact|unclear,forced_choice_gate_only_no_continuous_pose_or_loss
stick,stage2,236,9.791667,contact_relation_check,/mnt/hdd/AudioHOI/samples_known_object/11_stick/results/benchmark_vlm_qwen/vlm/stage2/evidence/frame00236_contact_relation_check.png,/mnt/hdd/AudioHOI/samples_known_object/11_stick/results/benchmark_vlm_qwen/vlm/stage2/evidence/frame00236_contact_relation_check.png,contact_candidate_overlay,What is the highlighted object contact region closest to?,hand_on_main_body|hand_on_contact_region|body_on_support_region|floor_support|persistent_two_palm_line|no_contact|unclear,mistral_llm_schema_validated,main_body|contact_region|support_region|tip_regions|grip_bands|background|unclear,hand_on_main_body|hand_on_contact_region|body_on_support_region|floor_support|persistent_two_palm_line|no_contact|unclear,forced_choice_gate_only_no_continuous_pose_or_loss
stick,stage2,237,9.833333,contact_relation_check,/mnt/hdd/AudioHOI/samples_known_object/11_stick/results/benchmark_vlm_qwen/vlm/stage2/evidence/frame00237_contact_relation_check.png,/mnt/hdd/AudioHOI/samples_known_object/11_stick/results/benchmark_vlm_qwen/vlm/stage2/evidence/frame00237_contact_relation_check.png,contact_candidate_overlay,What is the highlighted object contact region closest to?,hand_on_main_body|hand_on_contact_region|body_on_support_region|floor_support|persistent_two_palm_line|no_contact|unclear,mistral_llm_schema_validated,main_body|contact_region|support_region|tip_regions|grip_bands|background|unclear,hand_on_main_body|hand_on_contact_region|body_on_support_region|floor_support|persistent_two_palm_line|no_contact|unclear,forced_choice_gate_only_no_continuous_pose_or_loss
stick,stage2,238,9.875000,contact_relation_check,/mnt/hdd/AudioHOI/samples_known_object/11_stick/results/benchmark_vlm_qwen/vlm/stage2/evidence/frame00238_contact_relation_check.png,/mnt/hdd/AudioHOI/samples_known_object/11_stick/results/benchmark_vlm_qwen/vlm/stage2/evidence/frame00238_contact_relation_check.png,contact_candidate_overlay,What is the highlighted object contact region closest to?,hand_on_main_body|hand_on_contact_region|body_on_support_region|floor_support|persistent_two_palm_line|no_contact|unclear,mistral_llm_schema_validated,main_body|contact_region|support_region|tip_regions|grip_bands|background|unclear,hand_on_main_body|hand_on_contact_region|body_on_support_region|floor_support|persistent_two_palm_line|no_contact|unclear,forced_choice_gate_only_no_continuous_pose_or_loss
stick,stage2,239,9.916667,contact_relation_check,/mnt/hdd/AudioHOI/samples_known_object/11_stick/results/benchmark_vlm_qwen/vlm/stage2/evidence/frame00239_contact_relation_check.png,/mnt/hdd/AudioHOI/samples_known_object/11_stick/results/benchmark_vlm_qwen/vlm/stage2/evidence/frame00239_contact_relation_check.png,contact_candidate_overlay,What is the highlighted object contact region closest to?,hand_on_main_body|hand_on_contact_region|body_on_support_region|floor_support|persistent_two_palm_line|no_contact|unclear,mistral_llm_schema_validated,main_body|contact_region|support_region|tip_regions|grip_bands|background|unclear,hand_on_main_body|hand_on_contact_region|body_on_support_region|floor_support|persistent_two_palm_line|no_contact|unclear,forced_choice_gate_only_no_continuous_pose_or_loss
stick,stage2,240,9.958333,contact_relation_check,/mnt/hdd/AudioHOI/samples_known_object/11_stick/results/benchmark_vlm_qwen/vlm/stage2/evidence/frame00240_contact_relation_check.png,/mnt/hdd/AudioHOI/samples_known_object/11_stick/results/benchmark_vlm_qwen/vlm/stage2/evidence/frame00240_contact_relation_check.png,contact_candidate_overlay,What is the highlighted object contact region closest to?,hand_on_main_body|hand_on_contact_region|body_on_support_region|floor_support|persistent_two_palm_line|no_contact|unclear,mistral_llm_schema_validated,main_body|contact_region|support_region|tip_regions|grip_bands|background|unclear,hand_on_main_body|hand_on_contact_region|body_on_support_region|floor_support|persistent_two_palm_line|no_contact|unclear,forced_choice_gate_only_no_continuous_pose_or_loss
