case_name,stage,frame,query_type,normalized_label,pass_gate,repair_action,used_for_anchor_update,used_for_contact_residual,used_for_report
stick,stage0,1,target_mask_check,yes,pass,accept_candidate,0,0,1
stick,stage1,1,keypart_identity_check,unclear,unclear,unclear_no_update,0,0,1
stick,stage1,2,keypart_identity_check,unclear,unclear,unclear_no_update,0,0,1
stick,stage1,3,keypart_identity_check,unclear,unclear,unclear_no_update,0,0,1
stick,stage1,4,keypart_identity_check,unclear,unclear,unclear_no_update,0,0,1
stick,stage1,5,keypart_identity_check,unclear,unclear,unclear_no_update,0,0,1
stick,stage1,6,keypart_identity_check,unclear,unclear,unclear_no_update,0,0,1
stick,stage1,7,keypart_identity_check,unclear,unclear,unclear_no_update,0,0,1
stick,stage1,8,keypart_identity_check,unclear,unclear,unclear_no_update,0,0,1
stick,stage1,9,keypart_identity_check,unclear,unclear,unclear_no_update,0,0,1
stick,stage1,10,keypart_identity_check,unclear,unclear,unclear_no_update,0,0,1
stick,stage1,11,keypart_identity_check,unclear,unclear,unclear_no_update,0,0,1
stick,stage1,12,keypart_identity_check,unclear,unclear,unclear_no_update,0,0,1
stick,stage1,13,keypart_identity_check,unclear,unclear,unclear_no_update,0,0,1
stick,stage1,14,keypart_identity_check,unclear,unclear,unclear_no_update,0,0,1
stick,stage1,15,keypart_identity_check,unclear,unclear,unclear_no_update,0,0,1
stick,stage1,16,keypart_identity_check,unclear,unclear,unclear_no_update,0,0,1
stick,stage1,17,keypart_identity_check,unclear,unclear,unclear_no_update,0,0,1
stick,stage1,18,keypart_identity_check,unclear,unclear,unclear_no_update,0,0,1
stick,stage1,19,keypart_identity_check,unclear,unclear,unclear_no_update,0,0,1
stick,stage1,20,keypart_identity_check,unclear,unclear,unclear_no_update,0,0,1
stick,stage1,21,keypart_identity_check,unclear,unclear,unclear_no_update,0,0,1
stick,stage1,22,keypart_identity_check,unclear,unclear,unclear_no_update,0,0,1
stick,stage1,23,keypart_identity_check,unclear,unclear,unclear_no_update,0,0,1
stick,stage1,24,keypart_identity_check,unclear,unclear,unclear_no_update,0,0,1
stick,stage1,25,keypart_identity_check,unclear,unclear,unclear_no_update,0,0,1
stick,stage1,26,keypart_identity_check,unclear,unclear,unclear_no_update,0,0,1
stick,stage1,27,keypart_identity_check,unclear,unclear,unclear_no_update,0,0,1
stick,stage1,28,keypart_identity_check,unclear,unclear,unclear_no_update,0,0,1
stick,stage1,29,keypart_identity_check,unclear,unclear,unclear_no_update,0,0,1
stick,stage1,30,keypart_identity_check,unclear,unclear,unclear_no_update,0,0,1
stick,stage1,31,keypart_identity_check,unclear,unclear,unclear_no_update,0,0,1
stick,stage1,32,keypart_identity_check,unclear,unclear,unclear_no_update,0,0,1
stick,stage1,33,keypart_identity_check,unclear,unclear,unclear_no_update,0,0,1
stick,stage1,34,keypart_identity_check,unclear,unclear,unclear_no_update,0,0,1
stick,stage1,35,keypart_identity_check,tip_regions,pass,accept_candidate,1,0,1
stick,stage1,36,keypart_identity_check,unclear,unclear,unclear_no_update,0,0,1
stick,stage1,37,keypart_identity_check,unclear,unclear,unclear_no_update,0,0,1
stick,stage1,38,keypart_identity_check,unclear,unclear,unclear_no_update,0,0,1
stick,stage1,39,keypart_identity_check,unclear,unclear,unclear_no_update,0,0,1
stick,stage1,40,keypart_identity_check,unclear,unclear,unclear_no_update,0,0,1
stick,stage1,41,keypart_identity_check,unclear,unclear,unclear_no_update,0,0,1
stick,stage1,42,keypart_identity_check,unclear,unclear,unclear_no_update,0,0,1
stick,stage1,43,keypart_identity_check,unclear,unclear,unclear_no_update,0,0,1
stick,stage1,44,keypart_identity_check,unclear,unclear,unclear_no_update,0,0,1
stick,stage1,45,keypart_identity_check,unclear,unclear,unclear_no_update,0,0,1
stick,stage1,46,keypart_identity_check,unclear,unclear,unclear_no_update,0,0,1
stick,stage1,47,keypart_identity_check,unclear,unclear,unclear_no_update,0,0,1
stick,stage1,48,keypart_identity_check,unclear,unclear,unclear_no_update,0,0,1
stick,stage1,49,keypart_identity_check,unclear,unclear,unclear_no_update,0,0,1
stick,stage1,50,keypart_identity_check,unclear,unclear,unclear_no_update,0,0,1
stick,stage1,51,keypart_identity_check,unclear,unclear,unclear_no_update,0,0,1
stick,stage1,52,keypart_identity_check,unclear,unclear,unclear_no_update,0,0,1
stick,stage1,53,keypart_identity_check,unclear,unclear,unclear_no_update,0,0,1
stick,stage1,54,keypart_identity_check,unclear,unclear,unclear_no_update,0,0,1
stick,stage1,55,keypart_identity_check,unclear,unclear,unclear_no_update,0,0,1
stick,stage1,56,keypart_identity_check,unclear,unclear,unclear_no_update,0,0,1
stick,stage1,57,keypart_identity_check,unclear,unclear,unclear_no_update,0,0,1
stick,stage1,58,keypart_identity_check,unclear,unclear,unclear_no_update,0,0,1
stick,stage1,59,keypart_identity_check,unclear,unclear,unclear_no_update,0,0,1
stick,stage1,60,keypart_identity_check,unclear,unclear,unclear_no_update,0,0,1
stick,stage1,61,keypart_identity_check,unclear,unclear,unclear_no_update,0,0,1
stick,stage1,62,keypart_identity_check,unclear,unclear,unclear_no_update,0,0,1
stick,stage1,63,keypart_identity_check,unclear,unclear,unclear_no_update,0,0,1
stick,stage1,64,keypart_identity_check,tip_regions,pass,accept_candidate,1,0,1
stick,stage1,65,keypart_identity_check,tip_regions,pass,accept_candidate,1,0,1
stick,stage1,66,keypart_identity_check,tip_regions,pass,accept_candidate,1,0,1
stick,stage1,67,keypart_identity_check,tip_regions,pass,accept_candidate,1,0,1
stick,stage1,68,keypart_identity_check,tip_regions,pass,accept_candidate,1,0,1
stick,stage1,69,keypart_identity_check,tip_regions,pass,accept_candidate,1,0,1
stick,stage1,70,keypart_identity_check,tip_regions,pass,accept_candidate,1,0,1
stick,stage1,71,keypart_identity_check,tip_regions,pass,accept_candidate,1,0,1
stick,stage1,72,keypart_identity_check,tip_regions,pass,accept_candidate,1,0,1
stick,stage1,73,keypart_identity_check,tip_regions,pass,accept_candidate,1,0,1
stick,stage1,74,keypart_identity_check,tip_regions,pass,accept_candidate,1,0,1
stick,stage1,75,keypart_identity_check,unclear,unclear,unclear_no_update,0,0,1
stick,stage1,76,keypart_identity_check,grip_bands,pass,accept_candidate,1,0,1
stick,stage1,77,keypart_identity_check,unclear,unclear,unclear_no_update,0,0,1
stick,stage1,78,keypart_identity_check,unclear,unclear,unclear_no_update,0,0,1
stick,stage1,79,keypart_identity_check,unclear,unclear,unclear_no_update,0,0,1
stick,stage1,80,keypart_identity_check,unclear,unclear,unclear_no_update,0,0,1
stick,stage1,81,keypart_identity_check,unclear,unclear,unclear_no_update,0,0,1
stick,stage1,82,keypart_identity_check,unclear,unclear,unclear_no_update,0,0,1
stick,stage1,83,keypart_identity_check,unclear,unclear,unclear_no_update,0,0,1
stick,stage1,84,keypart_identity_check,unclear,unclear,unclear_no_update,0,0,1
stick,stage1,85,keypart_identity_check,unclear,unclear,unclear_no_update,0,0,1
stick,stage1,86,keypart_identity_check,unclear,unclear,unclear_no_update,0,0,1
stick,stage1,87,keypart_identity_check,unclear,unclear,unclear_no_update,0,0,1
stick,stage1,88,keypart_identity_check,unclear,unclear,unclear_no_update,0,0,1
stick,stage1,89,keypart_identity_check,unclear,unclear,unclear_no_update,0,0,1
stick,stage1,90,keypart_identity_check,grip_bands,pass,accept_candidate,1,0,1
stick,stage1,91,keypart_identity_check,grip_bands,pass,accept_candidate,1,0,1
stick,stage1,92,keypart_identity_check,unclear,unclear,unclear_no_update,0,0,1
stick,stage1,93,keypart_identity_check,unclear,unclear,unclear_no_update,0,0,1
stick,stage1,94,keypart_identity_check,unclear,unclear,unclear_no_update,0,0,1
stick,stage1,95,keypart_identity_check,unclear,unclear,unclear_no_update,0,0,1
stick,stage1,96,keypart_identity_check,unclear,unclear,unclear_no_update,0,0,1
stick,stage1,97,keypart_identity_check,grip_bands,pass,accept_candidate,1,0,1
stick,stage1,98,keypart_identity_check,unclear,unclear,unclear_no_update,0,0,1
stick,stage1,99,keypart_identity_check,grip_bands,pass,accept_candidate,1,0,1
stick,stage1,100,keypart_identity_check,unclear,unclear,unclear_no_update,0,0,1
stick,stage1,101,keypart_identity_check,unclear,unclear,unclear_no_update,0,0,1
stick,stage1,102,keypart_identity_check,unclear,unclear,unclear_no_update,0,0,1
stick,stage1,103,keypart_identity_check,unclear,unclear,unclear_no_update,0,0,1
stick,stage1,104,keypart_identity_check,unclear,unclear,unclear_no_update,0,0,1
stick,stage1,105,keypart_identity_check,unclear,unclear,unclear_no_update,0,0,1
stick,stage1,106,keypart_identity_check,unclear,unclear,unclear_no_update,0,0,1
stick,stage1,107,keypart_identity_check,unclear,unclear,unclear_no_update,0,0,1
stick,stage1,108,keypart_identity_check,unclear,unclear,unclear_no_update,0,0,1
stick,stage1,109,keypart_identity_check,unclear,unclear,unclear_no_update,0,0,1
stick,stage1,110,keypart_identity_check,unclear,unclear,unclear_no_update,0,0,1
stick,stage1,111,keypart_identity_check,unclear,unclear,unclear_no_update,0,0,1
stick,stage1,112,keypart_identity_check,unclear,unclear,unclear_no_update,0,0,1
stick,stage1,113,keypart_identity_check,unclear,unclear,unclear_no_update,0,0,1
stick,stage1,114,keypart_identity_check,unclear,unclear,unclear_no_update,0,0,1
stick,stage1,115,keypart_identity_check,unclear,unclear,unclear_no_update,0,0,1
stick,stage1,116,keypart_identity_check,unclear,unclear,unclear_no_update,0,0,1
stick,stage1,117,keypart_identity_check,unclear,unclear,unclear_no_update,0,0,1
stick,stage1,118,keypart_identity_check,unclear,unclear,unclear_no_update,0,0,1
stick,stage1,119,keypart_identity_check,unclear,unclear,unclear_no_update,0,0,1
stick,stage1,120,keypart_identity_check,unclear,unclear,unclear_no_update,0,0,1
stick,stage1,121,keypart_identity_check,unclear,unclear,unclear_no_update,0,0,1
stick,stage1,122,keypart_identity_check,unclear,unclear,unclear_no_update,0,0,1
stick,stage1,123,keypart_identity_check,unclear,unclear,unclear_no_update,0,0,1
stick,stage1,124,keypart_identity_check,grip_bands,pass,accept_candidate,1,0,1
stick,stage1,125,keypart_identity_check,grip_bands,pass,accept_candidate,1,0,1
stick,stage1,126,keypart_identity_check,grip_bands,pass,accept_candidate,1,0,1
stick,stage1,127,keypart_identity_check,grip_bands,pass,accept_candidate,1,0,1
stick,stage1,128,keypart_identity_check,grip_bands,pass,accept_candidate,1,0,1
stick,stage1,129,keypart_identity_check,grip_bands,pass,accept_candidate,1,0,1
stick,stage1,130,keypart_identity_check,grip_bands,pass,accept_candidate,1,0,1
stick,stage1,131,keypart_identity_check,unclear,unclear,unclear_no_update,0,0,1
stick,stage1,132,keypart_identity_check,unclear,unclear,unclear_no_update,0,0,1
stick,stage1,133,keypart_identity_check,unclear,unclear,unclear_no_update,0,0,1
stick,stage1,134,keypart_identity_check,unclear,unclear,unclear_no_update,0,0,1
stick,stage1,135,keypart_identity_check,unclear,unclear,unclear_no_update,0,0,1
stick,stage1,136,keypart_identity_check,tip_regions,pass,accept_candidate,1,0,1
stick,stage1,137,keypart_identity_check,grip_bands,pass,accept_candidate,1,0,1
stick,stage1,138,keypart_identity_check,grip_bands,pass,accept_candidate,1,0,1
stick,stage1,139,keypart_identity_check,grip_bands,pass,accept_candidate,1,0,1
stick,stage1,140,keypart_identity_check,grip_bands,pass,accept_candidate,1,0,1
stick,stage1,141,keypart_identity_check,grip_bands,pass,accept_candidate,1,0,1
stick,stage1,142,keypart_identity_check,grip_bands,pass,accept_candidate,1,0,1
stick,stage1,143,keypart_identity_check,tip_regions,pass,accept_candidate,1,0,1
stick,stage1,144,keypart_identity_check,grip_bands,pass,accept_candidate,1,0,1
stick,stage1,145,keypart_identity_check,unclear,unclear,unclear_no_update,0,0,1
stick,stage1,146,keypart_identity_check,grip_bands,pass,accept_candidate,1,0,1
stick,stage1,147,keypart_identity_check,unclear,unclear,unclear_no_update,0,0,1
stick,stage1,148,keypart_identity_check,unclear,unclear,unclear_no_update,0,0,1
stick,stage1,149,keypart_identity_check,unclear,unclear,unclear_no_update,0,0,1
stick,stage1,150,keypart_identity_check,unclear,unclear,unclear_no_update,0,0,1
stick,stage1,151,keypart_identity_check,unclear,unclear,unclear_no_update,0,0,1
stick,stage1,152,keypart_identity_check,unclear,unclear,unclear_no_update,0,0,1
stick,stage1,153,keypart_identity_check,unclear,unclear,unclear_no_update,0,0,1
stick,stage1,154,keypart_identity_check,unclear,unclear,unclear_no_update,0,0,1
stick,stage1,155,keypart_identity_check,unclear,unclear,unclear_no_update,0,0,1
stick,stage1,156,keypart_identity_check,unclear,unclear,unclear_no_update,0,0,1
stick,stage1,157,keypart_identity_check,unclear,unclear,unclear_no_update,0,0,1
stick,stage1,158,keypart_identity_check,grip_bands,pass,accept_candidate,1,0,1
stick,stage1,159,keypart_identity_check,unclear,unclear,unclear_no_update,0,0,1
stick,stage1,160,keypart_identity_check,grip_bands,pass,accept_candidate,1,0,1
stick,stage1,161,keypart_identity_check,unclear,unclear,unclear_no_update,0,0,1
stick,stage1,162,keypart_identity_check,unclear,unclear,unclear_no_update,0,0,1
stick,stage1,163,keypart_identity_check,unclear,unclear,unclear_no_update,0,0,1
stick,stage1,164,keypart_identity_check,unclear,unclear,unclear_no_update,0,0,1
stick,stage1,165,keypart_identity_check,unclear,unclear,unclear_no_update,0,0,1
stick,stage1,166,keypart_identity_check,unclear,unclear,unclear_no_update,0,0,1
stick,stage1,167,keypart_identity_check,grip_bands,pass,accept_candidate,1,0,1
stick,stage1,168,keypart_identity_check,unclear,unclear,unclear_no_update,0,0,1
stick,stage1,169,keypart_identity_check,unclear,unclear,unclear_no_update,0,0,1
stick,stage1,170,keypart_identity_check,unclear,unclear,unclear_no_update,0,0,1
stick,stage1,171,keypart_identity_check,unclear,unclear,unclear_no_update,0,0,1
stick,stage1,172,keypart_identity_check,unclear,unclear,unclear_no_update,0,0,1
stick,stage1,173,keypart_identity_check,unclear,unclear,unclear_no_update,0,0,1
stick,stage1,174,keypart_identity_check,unclear,unclear,unclear_no_update,0,0,1
stick,stage1,175,keypart_identity_check,unclear,unclear,unclear_no_update,0,0,1
stick,stage1,176,keypart_identity_check,unclear,unclear,unclear_no_update,0,0,1
stick,stage1,177,keypart_identity_check,unclear,unclear,unclear_no_update,0,0,1
stick,stage1,178,keypart_identity_check,unclear,unclear,unclear_no_update,0,0,1
stick,stage1,179,keypart_identity_check,unclear,unclear,unclear_no_update,0,0,1
stick,stage1,180,keypart_identity_check,unclear,unclear,unclear_no_update,0,0,1
stick,stage1,181,keypart_identity_check,unclear,unclear,unclear_no_update,0,0,1
stick,stage1,182,keypart_identity_check,unclear,unclear,unclear_no_update,0,0,1
stick,stage1,183,keypart_identity_check,unclear,unclear,unclear_no_update,0,0,1
stick,stage1,184,keypart_identity_check,unclear,unclear,unclear_no_update,0,0,1
stick,stage1,185,keypart_identity_check,unclear,unclear,unclear_no_update,0,0,1
stick,stage1,186,keypart_identity_check,unclear,unclear,unclear_no_update,0,0,1
stick,stage1,187,keypart_identity_check,unclear,unclear,unclear_no_update,0,0,1
stick,stage1,188,keypart_identity_check,unclear,unclear,unclear_no_update,0,0,1
stick,stage1,189,keypart_identity_check,unclear,unclear,unclear_no_update,0,0,1
stick,stage1,190,keypart_identity_check,unclear,unclear,unclear_no_update,0,0,1
stick,stage1,191,keypart_identity_check,unclear,unclear,unclear_no_update,0,0,1
stick,stage1,192,keypart_identity_check,grip_bands,pass,accept_candidate,1,0,1
stick,stage1,193,keypart_identity_check,unclear,unclear,unclear_no_update,0,0,1
stick,stage1,194,keypart_identity_check,unclear,unclear,unclear_no_update,0,0,1
stick,stage1,195,keypart_identity_check,unclear,unclear,unclear_no_update,0,0,1
stick,stage1,196,keypart_identity_check,unclear,unclear,unclear_no_update,0,0,1
stick,stage1,197,keypart_identity_check,unclear,unclear,unclear_no_update,0,0,1
stick,stage1,198,keypart_identity_check,unclear,unclear,unclear_no_update,0,0,1
stick,stage1,199,keypart_identity_check,unclear,unclear,unclear_no_update,0,0,1
stick,stage1,200,keypart_identity_check,unclear,unclear,unclear_no_update,0,0,1
stick,stage1,201,keypart_identity_check,unclear,unclear,unclear_no_update,0,0,1
stick,stage1,202,keypart_identity_check,unclear,unclear,unclear_no_update,0,0,1
stick,stage1,203,keypart_identity_check,unclear,unclear,unclear_no_update,0,0,1
stick,stage1,204,keypart_identity_check,unclear,unclear,unclear_no_update,0,0,1
stick,stage1,205,keypart_identity_check,unclear,unclear,unclear_no_update,0,0,1
stick,stage1,206,keypart_identity_check,unclear,unclear,unclear_no_update,0,0,1
stick,stage1,207,keypart_identity_check,unclear,unclear,unclear_no_update,0,0,1
stick,stage1,208,keypart_identity_check,unclear,unclear,unclear_no_update,0,0,1
stick,stage1,209,keypart_identity_check,unclear,unclear,unclear_no_update,0,0,1
stick,stage1,210,keypart_identity_check,unclear,unclear,unclear_no_update,0,0,1
stick,stage1,211,keypart_identity_check,unclear,unclear,unclear_no_update,0,0,1
stick,stage1,212,keypart_identity_check,unclear,unclear,unclear_no_update,0,0,1
stick,stage1,213,keypart_identity_check,unclear,unclear,unclear_no_update,0,0,1
stick,stage1,214,keypart_identity_check,unclear,unclear,unclear_no_update,0,0,1
stick,stage1,215,keypart_identity_check,unclear,unclear,unclear_no_update,0,0,1
stick,stage1,216,keypart_identity_check,unclear,unclear,unclear_no_update,0,0,1
stick,stage1,217,keypart_identity_check,unclear,unclear,unclear_no_update,0,0,1
stick,stage1,218,keypart_identity_check,unclear,unclear,unclear_no_update,0,0,1
stick,stage1,219,keypart_identity_check,unclear,unclear,unclear_no_update,0,0,1
stick,stage1,220,keypart_identity_check,unclear,unclear,unclear_no_update,0,0,1
stick,stage1,221,keypart_identity_check,unclear,unclear,unclear_no_update,0,0,1
stick,stage1,222,keypart_identity_check,unclear,unclear,unclear_no_update,0,0,1
stick,stage1,223,keypart_identity_check,unclear,unclear,unclear_no_update,0,0,1
stick,stage1,224,keypart_identity_check,unclear,unclear,unclear_no_update,0,0,1
stick,stage1,225,keypart_identity_check,unclear,unclear,unclear_no_update,0,0,1
stick,stage1,226,keypart_identity_check,unclear,unclear,unclear_no_update,0,0,1
stick,stage1,227,keypart_identity_check,unclear,unclear,unclear_no_update,0,0,1
stick,stage1,228,keypart_identity_check,unclear,unclear,unclear_no_update,0,0,1
stick,stage1,229,keypart_identity_check,unclear,unclear,unclear_no_update,0,0,1
stick,stage1,230,keypart_identity_check,unclear,unclear,unclear_no_update,0,0,1
stick,stage1,231,keypart_identity_check,unclear,unclear,unclear_no_update,0,0,1
stick,stage1,232,keypart_identity_check,unclear,unclear,unclear_no_update,0,0,1
stick,stage1,233,keypart_identity_check,unclear,unclear,unclear_no_update,0,0,1
stick,stage1,234,keypart_identity_check,unclear,unclear,unclear_no_update,0,0,1
stick,stage1,235,keypart_identity_check,unclear,unclear,unclear_no_update,0,0,1
stick,stage1,236,keypart_identity_check,unclear,unclear,unclear_no_update,0,0,1
stick,stage1,237,keypart_identity_check,unclear,unclear,unclear_no_update,0,0,1
stick,stage1,238,keypart_identity_check,unclear,unclear,unclear_no_update,0,0,1
stick,stage1,239,keypart_identity_check,unclear,unclear,unclear_no_update,0,0,1
stick,stage1,240,keypart_identity_check,unclear,unclear,unclear_no_update,0,0,1
stick,stage1,1,track_stability_check,stable,pass,accept_candidate,1,0,1
stick,stage1,2,track_stability_check,stable,pass,accept_candidate,1,0,1
stick,stage1,3,track_stability_check,stable,pass,accept_candidate,1,0,1
stick,stage1,4,track_stability_check,stable,pass,accept_candidate,1,0,1
stick,stage1,5,track_stability_check,stable,pass,accept_candidate,1,0,1
stick,stage1,6,track_stability_check,stable,pass,accept_candidate,1,0,1
stick,stage1,7,track_stability_check,stable,pass,accept_candidate,1,0,1
stick,stage1,8,track_stability_check,stable,pass,accept_candidate,1,0,1
stick,stage1,9,track_stability_check,stable,pass,accept_candidate,1,0,1
stick,stage1,10,track_stability_check,stable,pass,accept_candidate,1,0,1
stick,stage1,11,track_stability_check,stable,pass,accept_candidate,1,0,1
stick,stage1,12,track_stability_check,stable,pass,accept_candidate,1,0,1
stick,stage1,13,track_stability_check,stable,pass,accept_candidate,1,0,1
stick,stage1,14,track_stability_check,stable,pass,accept_candidate,1,0,1
stick,stage1,15,track_stability_check,stable,pass,accept_candidate,1,0,1
stick,stage1,16,track_stability_check,stable,pass,accept_candidate,1,0,1
stick,stage1,17,track_stability_check,stable,pass,accept_candidate,1,0,1
stick,stage1,18,track_stability_check,stable,pass,accept_candidate,1,0,1
stick,stage1,19,track_stability_check,stable,pass,accept_candidate,1,0,1
stick,stage1,20,track_stability_check,stable,pass,accept_candidate,1,0,1
stick,stage1,21,track_stability_check,stable,pass,accept_candidate,1,0,1
stick,stage1,22,track_stability_check,stable,pass,accept_candidate,1,0,1
stick,stage1,23,track_stability_check,stable,pass,accept_candidate,1,0,1
stick,stage1,24,track_stability_check,stable,pass,accept_candidate,1,0,1
stick,stage1,25,track_stability_check,stable,pass,accept_candidate,1,0,1
stick,stage1,26,track_stability_check,stable,pass,accept_candidate,1,0,1
stick,stage1,27,track_stability_check,stable,pass,accept_candidate,1,0,1
stick,stage1,28,track_stability_check,stable,pass,accept_candidate,1,0,1
stick,stage1,29,track_stability_check,stable,pass,accept_candidate,1,0,1
stick,stage1,30,track_stability_check,stable,pass,accept_candidate,1,0,1
stick,stage1,31,track_stability_check,stable,pass,accept_candidate,1,0,1
stick,stage1,32,track_stability_check,stable,pass,accept_candidate,1,0,1
stick,stage1,33,track_stability_check,stable,pass,accept_candidate,1,0,1
stick,stage1,34,track_stability_check,stable,pass,accept_candidate,1,0,1
stick,stage1,35,track_stability_check,stable,pass,accept_candidate,1,0,1
stick,stage1,36,track_stability_check,stable,pass,accept_candidate,1,0,1
stick,stage1,37,track_stability_check,stable,pass,accept_candidate,1,0,1
stick,stage1,38,track_stability_check,stable,pass,accept_candidate,1,0,1
stick,stage1,39,track_stability_check,stable,pass,accept_candidate,1,0,1
stick,stage1,40,track_stability_check,stable,pass,accept_candidate,1,0,1
stick,stage1,41,track_stability_check,stable,pass,accept_candidate,1,0,1
stick,stage1,42,track_stability_check,stable,pass,accept_candidate,1,0,1
stick,stage1,43,track_stability_check,stable,pass,accept_candidate,1,0,1
stick,stage1,44,track_stability_check,stable,pass,accept_candidate,1,0,1
stick,stage1,45,track_stability_check,stable,pass,accept_candidate,1,0,1
stick,stage1,46,track_stability_check,stable,pass,accept_candidate,1,0,1
stick,stage1,47,track_stability_check,stable,pass,accept_candidate,1,0,1
stick,stage1,48,track_stability_check,stable,pass,accept_candidate,1,0,1
stick,stage1,49,track_stability_check,stable,pass,accept_candidate,1,0,1
stick,stage1,50,track_stability_check,stable,pass,accept_candidate,1,0,1
stick,stage1,51,track_stability_check,stable,pass,accept_candidate,1,0,1
stick,stage1,52,track_stability_check,stable,pass,accept_candidate,1,0,1
stick,stage1,53,track_stability_check,stable,pass,accept_candidate,1,0,1
stick,stage1,54,track_stability_check,stable,pass,accept_candidate,1,0,1
stick,stage1,55,track_stability_check,stable,pass,accept_candidate,1,0,1
stick,stage1,56,track_stability_check,stable,pass,accept_candidate,1,0,1
stick,stage1,57,track_stability_check,stable,pass,accept_candidate,1,0,1
stick,stage1,58,track_stability_check,stable,pass,accept_candidate,1,0,1
stick,stage1,59,track_stability_check,stable,pass,accept_candidate,1,0,1
stick,stage1,60,track_stability_check,stable,pass,accept_candidate,1,0,1
stick,stage1,61,track_stability_check,stable,pass,accept_candidate,1,0,1
stick,stage1,62,track_stability_check,stable,pass,accept_candidate,1,0,1
stick,stage1,63,track_stability_check,stable,pass,accept_candidate,1,0,1
stick,stage1,64,track_stability_check,stable,pass,accept_candidate,1,0,1
stick,stage1,65,track_stability_check,stable,pass,accept_candidate,1,0,1
stick,stage1,66,track_stability_check,stable,pass,accept_candidate,1,0,1
stick,stage1,67,track_stability_check,stable,pass,accept_candidate,1,0,1
stick,stage1,68,track_stability_check,stable,pass,accept_candidate,1,0,1
stick,stage1,69,track_stability_check,stable,pass,accept_candidate,1,0,1
stick,stage1,70,track_stability_check,stable,pass,accept_candidate,1,0,1
stick,stage1,71,track_stability_check,stable,pass,accept_candidate,1,0,1
stick,stage1,72,track_stability_check,stable,pass,accept_candidate,1,0,1
stick,stage1,73,track_stability_check,stable,pass,accept_candidate,1,0,1
stick,stage1,74,track_stability_check,stable,pass,accept_candidate,1,0,1
stick,stage1,75,track_stability_check,stable,pass,accept_candidate,1,0,1
stick,stage1,76,track_stability_check,stable,pass,accept_candidate,1,0,1
stick,stage1,77,track_stability_check,stable,pass,accept_candidate,1,0,1
stick,stage1,78,track_stability_check,stable,pass,accept_candidate,1,0,1
stick,stage1,79,track_stability_check,stable,pass,accept_candidate,1,0,1
stick,stage1,80,track_stability_check,stable,pass,accept_candidate,1,0,1
stick,stage1,81,track_stability_check,stable,pass,accept_candidate,1,0,1
stick,stage1,82,track_stability_check,stable,pass,accept_candidate,1,0,1
stick,stage1,83,track_stability_check,stable,pass,accept_candidate,1,0,1
stick,stage1,84,track_stability_check,stable,pass,accept_candidate,1,0,1
stick,stage1,85,track_stability_check,stable,pass,accept_candidate,1,0,1
stick,stage1,86,track_stability_check,stable,pass,accept_candidate,1,0,1
stick,stage1,87,track_stability_check,stable,pass,accept_candidate,1,0,1
stick,stage1,88,track_stability_check,stable,pass,accept_candidate,1,0,1
stick,stage1,89,track_stability_check,stable,pass,accept_candidate,1,0,1
stick,stage1,90,track_stability_check,stable,pass,accept_candidate,1,0,1
stick,stage1,91,track_stability_check,stable,pass,accept_candidate,1,0,1
stick,stage1,92,track_stability_check,stable,pass,accept_candidate,1,0,1
stick,stage1,93,track_stability_check,stable,pass,accept_candidate,1,0,1
stick,stage1,94,track_stability_check,stable,pass,accept_candidate,1,0,1
stick,stage1,95,track_stability_check,stable,pass,accept_candidate,1,0,1
stick,stage1,96,track_stability_check,stable,pass,accept_candidate,1,0,1
stick,stage1,97,track_stability_check,stable,pass,accept_candidate,1,0,1
stick,stage1,98,track_stability_check,stable,pass,accept_candidate,1,0,1
stick,stage1,99,track_stability_check,stable,pass,accept_candidate,1,0,1
stick,stage1,100,track_stability_check,stable,pass,accept_candidate,1,0,1
stick,stage1,101,track_stability_check,stable,pass,accept_candidate,1,0,1
stick,stage1,102,track_stability_check,stable,pass,accept_candidate,1,0,1
stick,stage1,103,track_stability_check,stable,pass,accept_candidate,1,0,1
stick,stage1,104,track_stability_check,stable,pass,accept_candidate,1,0,1
stick,stage1,105,track_stability_check,stable,pass,accept_candidate,1,0,1
stick,stage1,106,track_stability_check,stable,pass,accept_candidate,1,0,1
stick,stage1,107,track_stability_check,stable,pass,accept_candidate,1,0,1
stick,stage1,108,track_stability_check,stable,pass,accept_candidate,1,0,1
stick,stage1,109,track_stability_check,stable,pass,accept_candidate,1,0,1
stick,stage1,110,track_stability_check,stable,pass,accept_candidate,1,0,1
stick,stage1,111,track_stability_check,stable,pass,accept_candidate,1,0,1
stick,stage1,112,track_stability_check,stable,pass,accept_candidate,1,0,1
stick,stage1,113,track_stability_check,stable,pass,accept_candidate,1,0,1
stick,stage1,114,track_stability_check,stable,pass,accept_candidate,1,0,1
stick,stage1,115,track_stability_check,stable,pass,accept_candidate,1,0,1
stick,stage1,116,track_stability_check,stable,pass,accept_candidate,1,0,1
stick,stage1,117,track_stability_check,stable,pass,accept_candidate,1,0,1
stick,stage1,118,track_stability_check,stable,pass,accept_candidate,1,0,1
stick,stage1,119,track_stability_check,stable,pass,accept_candidate,1,0,1
stick,stage1,120,track_stability_check,stable,pass,accept_candidate,1,0,1
stick,stage1,121,track_stability_check,stable,pass,accept_candidate,1,0,1
stick,stage1,122,track_stability_check,stable,pass,accept_candidate,1,0,1
stick,stage1,123,track_stability_check,stable,pass,accept_candidate,1,0,1
stick,stage1,124,track_stability_check,stable,pass,accept_candidate,1,0,1
stick,stage1,125,track_stability_check,stable,pass,accept_candidate,1,0,1
stick,stage1,126,track_stability_check,stable,pass,accept_candidate,1,0,1
stick,stage1,127,track_stability_check,stable,pass,accept_candidate,1,0,1
stick,stage1,128,track_stability_check,stable,pass,accept_candidate,1,0,1
stick,stage1,129,track_stability_check,stable,pass,accept_candidate,1,0,1
stick,stage1,130,track_stability_check,stable,pass,accept_candidate,1,0,1
stick,stage1,131,track_stability_check,stable,pass,accept_candidate,1,0,1
stick,stage1,132,track_stability_check,stable,pass,accept_candidate,1,0,1
stick,stage1,133,track_stability_check,stable,pass,accept_candidate,1,0,1
stick,stage1,134,track_stability_check,stable,pass,accept_candidate,1,0,1
stick,stage1,135,track_stability_check,stable,pass,accept_candidate,1,0,1
stick,stage1,136,track_stability_check,stable,pass,accept_candidate,1,0,1
stick,stage1,137,track_stability_check,stable,pass,accept_candidate,1,0,1
stick,stage1,138,track_stability_check,stable,pass,accept_candidate,1,0,1
stick,stage1,139,track_stability_check,stable,pass,accept_candidate,1,0,1
stick,stage1,140,track_stability_check,stable,pass,accept_candidate,1,0,1
stick,stage1,141,track_stability_check,stable,pass,accept_candidate,1,0,1
stick,stage1,142,track_stability_check,stable,pass,accept_candidate,1,0,1
stick,stage1,143,track_stability_check,stable,pass,accept_candidate,1,0,1
stick,stage1,144,track_stability_check,stable,pass,accept_candidate,1,0,1
stick,stage1,145,track_stability_check,stable,pass,accept_candidate,1,0,1
stick,stage1,146,track_stability_check,stable,pass,accept_candidate,1,0,1
stick,stage1,147,track_stability_check,stable,pass,accept_candidate,1,0,1
stick,stage1,148,track_stability_check,stable,pass,accept_candidate,1,0,1
stick,stage1,149,track_stability_check,stable,pass,accept_candidate,1,0,1
stick,stage1,150,track_stability_check,stable,pass,accept_candidate,1,0,1
stick,stage1,151,track_stability_check,stable,pass,accept_candidate,1,0,1
stick,stage1,152,track_stability_check,stable,pass,accept_candidate,1,0,1
stick,stage1,153,track_stability_check,stable,pass,accept_candidate,1,0,1
stick,stage1,154,track_stability_check,stable,pass,accept_candidate,1,0,1
stick,stage1,155,track_stability_check,stable,pass,accept_candidate,1,0,1
stick,stage1,156,track_stability_check,stable,pass,accept_candidate,1,0,1
stick,stage1,157,track_stability_check,stable,pass,accept_candidate,1,0,1
stick,stage1,158,track_stability_check,stable,pass,accept_candidate,1,0,1
stick,stage1,159,track_stability_check,stable,pass,accept_candidate,1,0,1
stick,stage1,160,track_stability_check,stable,pass,accept_candidate,1,0,1
stick,stage1,161,track_stability_check,stable,pass,accept_candidate,1,0,1
stick,stage1,162,track_stability_check,stable,pass,accept_candidate,1,0,1
stick,stage1,163,track_stability_check,stable,pass,accept_candidate,1,0,1
stick,stage1,164,track_stability_check,stable,pass,accept_candidate,1,0,1
stick,stage1,165,track_stability_check,stable,pass,accept_candidate,1,0,1
stick,stage1,166,track_stability_check,stable,pass,accept_candidate,1,0,1
stick,stage1,167,track_stability_check,stable,pass,accept_candidate,1,0,1
stick,stage1,168,track_stability_check,stable,pass,accept_candidate,1,0,1
stick,stage1,169,track_stability_check,stable,pass,accept_candidate,1,0,1
stick,stage1,170,track_stability_check,stable,pass,accept_candidate,1,0,1
stick,stage1,171,track_stability_check,stable,pass,accept_candidate,1,0,1
stick,stage1,172,track_stability_check,stable,pass,accept_candidate,1,0,1
stick,stage1,173,track_stability_check,stable,pass,accept_candidate,1,0,1
stick,stage1,174,track_stability_check,stable,pass,accept_candidate,1,0,1
stick,stage1,175,track_stability_check,stable,pass,accept_candidate,1,0,1
stick,stage1,176,track_stability_check,stable,pass,accept_candidate,1,0,1
stick,stage1,177,track_stability_check,stable,pass,accept_candidate,1,0,1
stick,stage1,178,track_stability_check,stable,pass,accept_candidate,1,0,1
stick,stage1,179,track_stability_check,stable,pass,accept_candidate,1,0,1
stick,stage1,180,track_stability_check,stable,pass,accept_candidate,1,0,1
stick,stage1,181,track_stability_check,stable,pass,accept_candidate,1,0,1
stick,stage1,182,track_stability_check,stable,pass,accept_candidate,1,0,1
stick,stage1,183,track_stability_check,stable,pass,accept_candidate,1,0,1
stick,stage1,184,track_stability_check,stable,pass,accept_candidate,1,0,1
stick,stage1,185,track_stability_check,stable,pass,accept_candidate,1,0,1
stick,stage1,186,track_stability_check,stable,pass,accept_candidate,1,0,1
stick,stage1,187,track_stability_check,stable,pass,accept_candidate,1,0,1
stick,stage1,188,track_stability_check,stable,pass,accept_candidate,1,0,1
stick,stage1,189,track_stability_check,stable,pass,accept_candidate,1,0,1
stick,stage1,190,track_stability_check,stable,pass,accept_candidate,1,0,1
stick,stage1,191,track_stability_check,stable,pass,accept_candidate,1,0,1
stick,stage1,192,track_stability_check,stable,pass,accept_candidate,1,0,1
stick,stage1,193,track_stability_check,stable,pass,accept_candidate,1,0,1
stick,stage1,194,track_stability_check,stable,pass,accept_candidate,1,0,1
stick,stage1,195,track_stability_check,stable,pass,accept_candidate,1,0,1
stick,stage1,196,track_stability_check,stable,pass,accept_candidate,1,0,1
stick,stage1,197,track_stability_check,stable,pass,accept_candidate,1,0,1
stick,stage1,198,track_stability_check,stable,pass,accept_candidate,1,0,1
stick,stage1,199,track_stability_check,stable,pass,accept_candidate,1,0,1
stick,stage1,200,track_stability_check,stable,pass,accept_candidate,1,0,1
stick,stage1,201,track_stability_check,stable,pass,accept_candidate,1,0,1
stick,stage1,202,track_stability_check,stable,pass,accept_candidate,1,0,1
stick,stage1,203,track_stability_check,stable,pass,accept_candidate,1,0,1
stick,stage1,204,track_stability_check,stable,pass,accept_candidate,1,0,1
stick,stage1,205,track_stability_check,stable,pass,accept_candidate,1,0,1
stick,stage1,206,track_stability_check,stable,pass,accept_candidate,1,0,1
stick,stage1,207,track_stability_check,stable,pass,accept_candidate,1,0,1
stick,stage1,208,track_stability_check,stable,pass,accept_candidate,1,0,1
stick,stage1,209,track_stability_check,stable,pass,accept_candidate,1,0,1
stick,stage1,210,track_stability_check,stable,pass,accept_candidate,1,0,1
stick,stage1,211,track_stability_check,stable,pass,accept_candidate,1,0,1
stick,stage1,212,track_stability_check,stable,pass,accept_candidate,1,0,1
stick,stage1,213,track_stability_check,stable,pass,accept_candidate,1,0,1
stick,stage1,214,track_stability_check,stable,pass,accept_candidate,1,0,1
stick,stage1,215,track_stability_check,stable,pass,accept_candidate,1,0,1
stick,stage1,216,track_stability_check,stable,pass,accept_candidate,1,0,1
stick,stage1,217,track_stability_check,stable,pass,accept_candidate,1,0,1
stick,stage1,218,track_stability_check,stable,pass,accept_candidate,1,0,1
stick,stage1,219,track_stability_check,stable,pass,accept_candidate,1,0,1
stick,stage1,220,track_stability_check,stable,pass,accept_candidate,1,0,1
stick,stage1,221,track_stability_check,stable,pass,accept_candidate,1,0,1
stick,stage1,222,track_stability_check,stable,pass,accept_candidate,1,0,1
stick,stage1,223,track_stability_check,stable,pass,accept_candidate,1,0,1
stick,stage1,224,track_stability_check,stable,pass,accept_candidate,1,0,1
stick,stage1,225,track_stability_check,stable,pass,accept_candidate,1,0,1
stick,stage1,226,track_stability_check,stable,pass,accept_candidate,1,0,1
stick,stage1,227,track_stability_check,stable,pass,accept_candidate,1,0,1
stick,stage1,228,track_stability_check,stable,pass,accept_candidate,1,0,1
stick,stage1,229,track_stability_check,stable,pass,accept_candidate,1,0,1
stick,stage1,230,track_stability_check,stable,pass,accept_candidate,1,0,1
stick,stage1,231,track_stability_check,stable,pass,accept_candidate,1,0,1
stick,stage1,232,track_stability_check,stable,pass,accept_candidate,1,0,1
stick,stage1,233,track_stability_check,stable,pass,accept_candidate,1,0,1
stick,stage1,234,track_stability_check,stable,pass,accept_candidate,1,0,1
stick,stage1,235,track_stability_check,stable,pass,accept_candidate,1,0,1
stick,stage1,236,track_stability_check,stable,pass,accept_candidate,1,0,1
stick,stage1,237,track_stability_check,stable,pass,accept_candidate,1,0,1
stick,stage1,238,track_stability_check,stable,pass,accept_candidate,1,0,1
stick,stage1,239,track_stability_check,stable,pass,accept_candidate,1,0,1
stick,stage1,240,track_stability_check,stable,pass,accept_candidate,1,0,1
stick,stage2,1,contact_relation_check,hand_on_contact_region,pass,accept_candidate,0,1,1
stick,stage2,2,contact_relation_check,hand_on_contact_region,pass,accept_candidate,0,1,1
stick,stage2,3,contact_relation_check,hand_on_main_body,pass,accept_candidate,0,1,1
stick,stage2,4,contact_relation_check,hand_on_main_body,pass,accept_candidate,0,1,1
stick,stage2,5,contact_relation_check,hand_on_contact_region,pass,accept_candidate,0,1,1
stick,stage2,6,contact_relation_check,hand_on_contact_region,pass,accept_candidate,0,1,1
stick,stage2,7,contact_relation_check,hand_on_contact_region,pass,accept_candidate,0,1,1
stick,stage2,8,contact_relation_check,hand_on_contact_region,pass,accept_candidate,0,1,1
stick,stage2,9,contact_relation_check,hand_on_contact_region,pass,accept_candidate,0,1,1
stick,stage2,10,contact_relation_check,hand_on_contact_region,pass,accept_candidate,0,1,1
stick,stage2,11,contact_relation_check,hand_on_contact_region,pass,accept_candidate,0,1,1
stick,stage2,12,contact_relation_check,hand_on_contact_region,pass,accept_candidate,0,1,1
stick,stage2,13,contact_relation_check,hand_on_contact_region,pass,accept_candidate,0,1,1
stick,stage2,14,contact_relation_check,hand_on_contact_region,pass,accept_candidate,0,1,1
stick,stage2,15,contact_relation_check,hand_on_contact_region,pass,accept_candidate,0,1,1
stick,stage2,16,contact_relation_check,hand_on_contact_region,pass,accept_candidate,0,1,1
stick,stage2,17,contact_relation_check,hand_on_main_body,pass,accept_candidate,0,1,1
stick,stage2,18,contact_relation_check,hand_on_contact_region,pass,accept_candidate,0,1,1
stick,stage2,19,contact_relation_check,hand_on_contact_region,pass,accept_candidate,0,1,1
stick,stage2,20,contact_relation_check,hand_on_main_body,pass,accept_candidate,0,1,1
stick,stage2,21,contact_relation_check,hand_on_main_body,pass,accept_candidate,0,1,1
stick,stage2,22,contact_relation_check,hand_on_main_body,pass,accept_candidate,0,1,1
stick,stage2,23,contact_relation_check,hand_on_contact_region,pass,accept_candidate,0,1,1
stick,stage2,24,contact_relation_check,hand_on_contact_region,pass,accept_candidate,0,1,1
stick,stage2,25,contact_relation_check,hand_on_contact_region,pass,accept_candidate,0,1,1
stick,stage2,26,contact_relation_check,hand_on_contact_region,pass,accept_candidate,0,1,1
stick,stage2,27,contact_relation_check,hand_on_contact_region,pass,accept_candidate,0,1,1
stick,stage2,28,contact_relation_check,hand_on_contact_region,pass,accept_candidate,0,1,1
stick,stage2,29,contact_relation_check,hand_on_main_body,pass,accept_candidate,0,1,1
stick,stage2,30,contact_relation_check,hand_on_contact_region,pass,accept_candidate,0,1,1
stick,stage2,31,contact_relation_check,hand_on_contact_region,pass,accept_candidate,0,1,1
stick,stage2,32,contact_relation_check,hand_on_contact_region,pass,accept_candidate,0,1,1
stick,stage2,33,contact_relation_check,hand_on_contact_region,pass,accept_candidate,0,1,1
stick,stage2,34,contact_relation_check,hand_on_contact_region,pass,accept_candidate,0,1,1
stick,stage2,35,contact_relation_check,hand_on_contact_region,pass,accept_candidate,0,1,1
stick,stage2,36,contact_relation_check,hand_on_contact_region,pass,accept_candidate,0,1,1
stick,stage2,37,contact_relation_check,hand_on_contact_region,pass,accept_candidate,0,1,1
stick,stage2,38,contact_relation_check,hand_on_main_body,pass,accept_candidate,0,1,1
stick,stage2,39,contact_relation_check,hand_on_main_body,pass,accept_candidate,0,1,1
stick,stage2,40,contact_relation_check,hand_on_contact_region,pass,accept_candidate,0,1,1
stick,stage2,41,contact_relation_check,hand_on_main_body,pass,accept_candidate,0,1,1
stick,stage2,42,contact_relation_check,hand_on_contact_region,pass,accept_candidate,0,1,1
stick,stage2,43,contact_relation_check,hand_on_main_body,pass,accept_candidate,0,1,1
stick,stage2,44,contact_relation_check,hand_on_main_body,pass,accept_candidate,0,1,1
stick,stage2,45,contact_relation_check,hand_on_main_body,pass,accept_candidate,0,1,1
stick,stage2,46,contact_relation_check,hand_on_main_body,pass,accept_candidate,0,1,1
stick,stage2,47,contact_relation_check,hand_on_main_body,pass,accept_candidate,0,1,1
stick,stage2,48,contact_relation_check,hand_on_main_body,pass,accept_candidate,0,1,1
stick,stage2,49,contact_relation_check,hand_on_main_body,pass,accept_candidate,0,1,1
stick,stage2,50,contact_relation_check,hand_on_main_body,pass,accept_candidate,0,1,1
stick,stage2,51,contact_relation_check,hand_on_contact_region,pass,accept_candidate,0,1,1
stick,stage2,52,contact_relation_check,hand_on_main_body,pass,accept_candidate,0,1,1
stick,stage2,53,contact_relation_check,hand_on_main_body,pass,accept_candidate,0,1,1
stick,stage2,54,contact_relation_check,hand_on_main_body,pass,accept_candidate,0,1,1
stick,stage2,55,contact_relation_check,hand_on_contact_region,pass,accept_candidate,0,1,1
stick,stage2,56,contact_relation_check,hand_on_contact_region,pass,accept_candidate,0,1,1
stick,stage2,57,contact_relation_check,hand_on_main_body,pass,accept_candidate,0,1,1
stick,stage2,58,contact_relation_check,hand_on_contact_region,pass,accept_candidate,0,1,1
stick,stage2,59,contact_relation_check,hand_on_contact_region,pass,accept_candidate,0,1,1
stick,stage2,60,contact_relation_check,hand_on_contact_region,pass,accept_candidate,0,1,1
stick,stage2,61,contact_relation_check,hand_on_contact_region,pass,accept_candidate,0,1,1
stick,stage2,62,contact_relation_check,hand_on_contact_region,pass,accept_candidate,0,1,1
stick,stage2,63,contact_relation_check,hand_on_contact_region,pass,accept_candidate,0,1,1
stick,stage2,64,contact_relation_check,hand_on_contact_region,pass,accept_candidate,0,1,1
stick,stage2,65,contact_relation_check,hand_on_contact_region,pass,accept_candidate,0,1,1
stick,stage2,66,contact_relation_check,hand_on_contact_region,pass,accept_candidate,0,1,1
stick,stage2,67,contact_relation_check,hand_on_contact_region,pass,accept_candidate,0,1,1
stick,stage2,68,contact_relation_check,hand_on_contact_region,pass,accept_candidate,0,1,1
stick,stage2,69,contact_relation_check,hand_on_contact_region,pass,accept_candidate,0,1,1
stick,stage2,70,contact_relation_check,hand_on_contact_region,pass,accept_candidate,0,1,1
stick,stage2,71,contact_relation_check,hand_on_contact_region,pass,accept_candidate,0,1,1
stick,stage2,72,contact_relation_check,hand_on_contact_region,pass,accept_candidate,0,1,1
stick,stage2,73,contact_relation_check,hand_on_contact_region,pass,accept_candidate,0,1,1
stick,stage2,74,contact_relation_check,hand_on_contact_region,pass,accept_candidate,0,1,1
stick,stage2,75,contact_relation_check,hand_on_contact_region,pass,accept_candidate,0,1,1
stick,stage2,76,contact_relation_check,hand_on_main_body,pass,accept_candidate,0,1,1
stick,stage2,77,contact_relation_check,hand_on_contact_region,pass,accept_candidate,0,1,1
stick,stage2,78,contact_relation_check,hand_on_contact_region,pass,accept_candidate,0,1,1
stick,stage2,79,contact_relation_check,hand_on_main_body,pass,accept_candidate,0,1,1
stick,stage2,80,contact_relation_check,hand_on_contact_region,pass,accept_candidate,0,1,1
stick,stage2,81,contact_relation_check,hand_on_contact_region,pass,accept_candidate,0,1,1
stick,stage2,82,contact_relation_check,hand_on_contact_region,pass,accept_candidate,0,1,1
stick,stage2,83,contact_relation_check,hand_on_contact_region,pass,accept_candidate,0,1,1
stick,stage2,84,contact_relation_check,hand_on_contact_region,pass,accept_candidate,0,1,1
stick,stage2,85,contact_relation_check,hand_on_contact_region,pass,accept_candidate,0,1,1
stick,stage2,86,contact_relation_check,hand_on_contact_region,pass,accept_candidate,0,1,1
stick,stage2,87,contact_relation_check,hand_on_contact_region,pass,accept_candidate,0,1,1
stick,stage2,88,contact_relation_check,hand_on_contact_region,pass,accept_candidate,0,1,1
stick,stage2,89,contact_relation_check,hand_on_contact_region,pass,accept_candidate,0,1,1
stick,stage2,90,contact_relation_check,hand_on_contact_region,pass,accept_candidate,0,1,1
stick,stage2,91,contact_relation_check,hand_on_contact_region,pass,accept_candidate,0,1,1
stick,stage2,92,contact_relation_check,hand_on_contact_region,pass,accept_candidate,0,1,1
stick,stage2,93,contact_relation_check,hand_on_contact_region,pass,accept_candidate,0,1,1
stick,stage2,94,contact_relation_check,hand_on_contact_region,pass,accept_candidate,0,1,1
stick,stage2,95,contact_relation_check,hand_on_main_body,pass,accept_candidate,0,1,1
stick,stage2,96,contact_relation_check,hand_on_main_body,pass,accept_candidate,0,1,1
stick,stage2,97,contact_relation_check,hand_on_contact_region,pass,accept_candidate,0,1,1
stick,stage2,98,contact_relation_check,hand_on_contact_region,pass,accept_candidate,0,1,1
stick,stage2,99,contact_relation_check,hand_on_contact_region,pass,accept_candidate,0,1,1
stick,stage2,100,contact_relation_check,hand_on_contact_region,pass,accept_candidate,0,1,1
stick,stage2,101,contact_relation_check,floor_support,pass,accept_candidate,0,1,1
stick,stage2,102,contact_relation_check,hand_on_main_body,pass,accept_candidate,0,1,1
stick,stage2,103,contact_relation_check,hand_on_contact_region,pass,accept_candidate,0,1,1
stick,stage2,104,contact_relation_check,hand_on_contact_region,pass,accept_candidate,0,1,1
stick,stage2,105,contact_relation_check,hand_on_contact_region,pass,accept_candidate,0,1,1
stick,stage2,106,contact_relation_check,hand_on_contact_region,pass,accept_candidate,0,1,1
stick,stage2,107,contact_relation_check,hand_on_contact_region,pass,accept_candidate,0,1,1
stick,stage2,108,contact_relation_check,hand_on_contact_region,pass,accept_candidate,0,1,1
stick,stage2,109,contact_relation_check,hand_on_contact_region,pass,accept_candidate,0,1,1
stick,stage2,110,contact_relation_check,hand_on_contact_region,pass,accept_candidate,0,1,1
stick,stage2,111,contact_relation_check,hand_on_contact_region,pass,accept_candidate,0,1,1
stick,stage2,112,contact_relation_check,hand_on_main_body,pass,accept_candidate,0,1,1
stick,stage2,113,contact_relation_check,hand_on_contact_region,pass,accept_candidate,0,1,1
stick,stage2,114,contact_relation_check,hand_on_contact_region,pass,accept_candidate,0,1,1
stick,stage2,115,contact_relation_check,hand_on_main_body,pass,accept_candidate,0,1,1
stick,stage2,116,contact_relation_check,hand_on_main_body,pass,accept_candidate,0,1,1
stick,stage2,117,contact_relation_check,hand_on_contact_region,pass,accept_candidate,0,1,1
stick,stage2,118,contact_relation_check,hand_on_contact_region,pass,accept_candidate,0,1,1
stick,stage2,119,contact_relation_check,hand_on_contact_region,pass,accept_candidate,0,1,1
stick,stage2,120,contact_relation_check,hand_on_contact_region,pass,accept_candidate,0,1,1
stick,stage2,121,contact_relation_check,hand_on_contact_region,pass,accept_candidate,0,1,1
stick,stage2,122,contact_relation_check,hand_on_contact_region,pass,accept_candidate,0,1,1
stick,stage2,123,contact_relation_check,hand_on_contact_region,pass,accept_candidate,0,1,1
stick,stage2,124,contact_relation_check,hand_on_contact_region,pass,accept_candidate,0,1,1
stick,stage2,125,contact_relation_check,hand_on_contact_region,pass,accept_candidate,0,1,1
stick,stage2,126,contact_relation_check,hand_on_contact_region,pass,accept_candidate,0,1,1
stick,stage2,127,contact_relation_check,hand_on_contact_region,pass,accept_candidate,0,1,1
stick,stage2,128,contact_relation_check,hand_on_contact_region,pass,accept_candidate,0,1,1
stick,stage2,129,contact_relation_check,hand_on_contact_region,pass,accept_candidate,0,1,1
stick,stage2,130,contact_relation_check,hand_on_contact_region,pass,accept_candidate,0,1,1
stick,stage2,131,contact_relation_check,hand_on_contact_region,pass,accept_candidate,0,1,1
stick,stage2,132,contact_relation_check,hand_on_contact_region,pass,accept_candidate,0,1,1
stick,stage2,133,contact_relation_check,hand_on_contact_region,pass,accept_candidate,0,1,1
stick,stage2,134,contact_relation_check,hand_on_contact_region,pass,accept_candidate,0,1,1
stick,stage2,135,contact_relation_check,hand_on_contact_region,pass,accept_candidate,0,1,1
stick,stage2,136,contact_relation_check,hand_on_contact_region,pass,accept_candidate,0,1,1
stick,stage2,137,contact_relation_check,hand_on_contact_region,pass,accept_candidate,0,1,1
stick,stage2,138,contact_relation_check,hand_on_contact_region,pass,accept_candidate,0,1,1
stick,stage2,139,contact_relation_check,hand_on_main_body,pass,accept_candidate,0,1,1
stick,stage2,140,contact_relation_check,hand_on_contact_region,pass,accept_candidate,0,1,1
stick,stage2,141,contact_relation_check,floor_support,pass,accept_candidate,0,1,1
stick,stage2,142,contact_relation_check,hand_on_contact_region,pass,accept_candidate,0,1,1
stick,stage2,143,contact_relation_check,hand_on_contact_region,pass,accept_candidate,0,1,1
stick,stage2,144,contact_relation_check,hand_on_contact_region,pass,accept_candidate,0,1,1
stick,stage2,145,contact_relation_check,hand_on_contact_region,pass,accept_candidate,0,1,1
stick,stage2,146,contact_relation_check,hand_on_contact_region,pass,accept_candidate,0,1,1
stick,stage2,147,contact_relation_check,hand_on_contact_region,pass,accept_candidate,0,1,1
stick,stage2,148,contact_relation_check,hand_on_main_body,pass,accept_candidate,0,1,1
stick,stage2,149,contact_relation_check,hand_on_contact_region,pass,accept_candidate,0,1,1
stick,stage2,150,contact_relation_check,hand_on_contact_region,pass,accept_candidate,0,1,1
stick,stage2,151,contact_relation_check,hand_on_contact_region,pass,accept_candidate,0,1,1
stick,stage2,152,contact_relation_check,hand_on_contact_region,pass,accept_candidate,0,1,1
stick,stage2,153,contact_relation_check,hand_on_contact_region,pass,accept_candidate,0,1,1
stick,stage2,154,contact_relation_check,hand_on_contact_region,pass,accept_candidate,0,1,1
stick,stage2,155,contact_relation_check,hand_on_contact_region,pass,accept_candidate,0,1,1
stick,stage2,156,contact_relation_check,hand_on_main_body,pass,accept_candidate,0,1,1
stick,stage2,157,contact_relation_check,hand_on_contact_region,pass,accept_candidate,0,1,1
stick,stage2,158,contact_relation_check,hand_on_main_body,pass,accept_candidate,0,1,1
stick,stage2,159,contact_relation_check,hand_on_contact_region,pass,accept_candidate,0,1,1
stick,stage2,160,contact_relation_check,hand_on_contact_region,pass,accept_candidate,0,1,1
stick,stage2,161,contact_relation_check,hand_on_contact_region,pass,accept_candidate,0,1,1
stick,stage2,162,contact_relation_check,hand_on_contact_region,pass,accept_candidate,0,1,1
stick,stage2,163,contact_relation_check,hand_on_contact_region,pass,accept_candidate,0,1,1
stick,stage2,164,contact_relation_check,hand_on_contact_region,pass,accept_candidate,0,1,1
stick,stage2,165,contact_relation_check,hand_on_contact_region,pass,accept_candidate,0,1,1
stick,stage2,166,contact_relation_check,hand_on_contact_region,pass,accept_candidate,0,1,1
stick,stage2,167,contact_relation_check,hand_on_contact_region,pass,accept_candidate,0,1,1
stick,stage2,168,contact_relation_check,hand_on_main_body,pass,accept_candidate,0,1,1
stick,stage2,169,contact_relation_check,hand_on_contact_region,pass,accept_candidate,0,1,1
stick,stage2,170,contact_relation_check,hand_on_contact_region,pass,accept_candidate,0,1,1
stick,stage2,171,contact_relation_check,hand_on_contact_region,pass,accept_candidate,0,1,1
stick,stage2,172,contact_relation_check,hand_on_contact_region,pass,accept_candidate,0,1,1
stick,stage2,173,contact_relation_check,hand_on_contact_region,pass,accept_candidate,0,1,1
stick,stage2,174,contact_relation_check,hand_on_contact_region,pass,accept_candidate,0,1,1
stick,stage2,175,contact_relation_check,hand_on_main_body,pass,accept_candidate,0,1,1
stick,stage2,176,contact_relation_check,hand_on_main_body,pass,accept_candidate,0,1,1
stick,stage2,177,contact_relation_check,hand_on_main_body,pass,accept_candidate,0,1,1
stick,stage2,178,contact_relation_check,hand_on_contact_region,pass,accept_candidate,0,1,1
stick,stage2,179,contact_relation_check,hand_on_contact_region,pass,accept_candidate,0,1,1
stick,stage2,180,contact_relation_check,hand_on_contact_region,pass,accept_candidate,0,1,1
stick,stage2,181,contact_relation_check,hand_on_main_body,pass,accept_candidate,0,1,1
stick,stage2,182,contact_relation_check,hand_on_main_body,pass,accept_candidate,0,1,1
stick,stage2,183,contact_relation_check,hand_on_main_body,pass,accept_candidate,0,1,1
stick,stage2,184,contact_relation_check,hand_on_main_body,pass,accept_candidate,0,1,1
stick,stage2,185,contact_relation_check,hand_on_main_body,pass,accept_candidate,0,1,1
stick,stage2,186,contact_relation_check,hand_on_contact_region,pass,accept_candidate,0,1,1
stick,stage2,187,contact_relation_check,hand_on_contact_region,pass,accept_candidate,0,1,1
stick,stage2,188,contact_relation_check,hand_on_contact_region,pass,accept_candidate,0,1,1
stick,stage2,189,contact_relation_check,hand_on_contact_region,pass,accept_candidate,0,1,1
stick,stage2,190,contact_relation_check,hand_on_contact_region,pass,accept_candidate,0,1,1
stick,stage2,191,contact_relation_check,hand_on_contact_region,pass,accept_candidate,0,1,1
stick,stage2,192,contact_relation_check,hand_on_contact_region,pass,accept_candidate,0,1,1
stick,stage2,193,contact_relation_check,hand_on_main_body,pass,accept_candidate,0,1,1
stick,stage2,194,contact_relation_check,hand_on_contact_region,pass,accept_candidate,0,1,1
stick,stage2,195,contact_relation_check,hand_on_main_body,pass,accept_candidate,0,1,1
stick,stage2,196,contact_relation_check,hand_on_contact_region,pass,accept_candidate,0,1,1
stick,stage2,197,contact_relation_check,hand_on_contact_region,pass,accept_candidate,0,1,1
stick,stage2,198,contact_relation_check,hand_on_contact_region,pass,accept_candidate,0,1,1
stick,stage2,199,contact_relation_check,hand_on_contact_region,pass,accept_candidate,0,1,1
stick,stage2,200,contact_relation_check,hand_on_contact_region,pass,accept_candidate,0,1,1
stick,stage2,201,contact_relation_check,hand_on_main_body,pass,accept_candidate,0,1,1
stick,stage2,202,contact_relation_check,hand_on_main_body,pass,accept_candidate,0,1,1
stick,stage2,203,contact_relation_check,hand_on_main_body,pass,accept_candidate,0,1,1
stick,stage2,204,contact_relation_check,hand_on_main_body,pass,accept_candidate,0,1,1
stick,stage2,205,contact_relation_check,hand_on_main_body,pass,accept_candidate,0,1,1
stick,stage2,206,contact_relation_check,hand_on_main_body,pass,accept_candidate,0,1,1
stick,stage2,207,contact_relation_check,hand_on_main_body,pass,accept_candidate,0,1,1
stick,stage2,208,contact_relation_check,hand_on_main_body,pass,accept_candidate,0,1,1
stick,stage2,209,contact_relation_check,hand_on_main_body,pass,accept_candidate,0,1,1
stick,stage2,210,contact_relation_check,hand_on_main_body,pass,accept_candidate,0,1,1
stick,stage2,211,contact_relation_check,hand_on_main_body,pass,accept_candidate,0,1,1
stick,stage2,212,contact_relation_check,hand_on_contact_region,pass,accept_candidate,0,1,1
stick,stage2,213,contact_relation_check,hand_on_main_body,pass,accept_candidate,0,1,1
stick,stage2,214,contact_relation_check,hand_on_main_body,pass,accept_candidate,0,1,1
stick,stage2,215,contact_relation_check,hand_on_main_body,pass,accept_candidate,0,1,1
stick,stage2,216,contact_relation_check,hand_on_main_body,pass,accept_candidate,0,1,1
stick,stage2,217,contact_relation_check,hand_on_contact_region,pass,accept_candidate,0,1,1
stick,stage2,218,contact_relation_check,floor_support,pass,accept_candidate,0,1,1
stick,stage2,219,contact_relation_check,hand_on_main_body,pass,accept_candidate,0,1,1
stick,stage2,220,contact_relation_check,hand_on_main_body,pass,accept_candidate,0,1,1
stick,stage2,221,contact_relation_check,hand_on_main_body,pass,accept_candidate,0,1,1
stick,stage2,222,contact_relation_check,hand_on_main_body,pass,accept_candidate,0,1,1
stick,stage2,223,contact_relation_check,hand_on_contact_region,pass,accept_candidate,0,1,1
stick,stage2,224,contact_relation_check,hand_on_contact_region,pass,accept_candidate,0,1,1
stick,stage2,225,contact_relation_check,hand_on_main_body,pass,accept_candidate,0,1,1
stick,stage2,226,contact_relation_check,hand_on_contact_region,pass,accept_candidate,0,1,1
stick,stage2,227,contact_relation_check,hand_on_main_body,pass,accept_candidate,0,1,1
stick,stage2,228,contact_relation_check,hand_on_contact_region,pass,accept_candidate,0,1,1
stick,stage2,229,contact_relation_check,hand_on_main_body,pass,accept_candidate,0,1,1
stick,stage2,230,contact_relation_check,hand_on_main_body,pass,accept_candidate,0,1,1
stick,stage2,231,contact_relation_check,hand_on_contact_region,pass,accept_candidate,0,1,1
stick,stage2,232,contact_relation_check,hand_on_contact_region,pass,accept_candidate,0,1,1
stick,stage2,233,contact_relation_check,hand_on_main_body,pass,accept_candidate,0,1,1
stick,stage2,234,contact_relation_check,hand_on_main_body,pass,accept_candidate,0,1,1
stick,stage2,235,contact_relation_check,hand_on_contact_region,pass,accept_candidate,0,1,1
stick,stage2,236,contact_relation_check,hand_on_contact_region,pass,accept_candidate,0,1,1
stick,stage2,237,contact_relation_check,hand_on_main_body,pass,accept_candidate,0,1,1
stick,stage2,238,contact_relation_check,hand_on_main_body,pass,accept_candidate,0,1,1
stick,stage2,239,contact_relation_check,hand_on_contact_region,pass,accept_candidate,0,1,1
stick,stage2,240,contact_relation_check,hand_on_contact_region,pass,accept_candidate,0,1,1
stick,stage3,1,overlay_alignment_check,aligned,pass,accept_candidate,0,0,1
stick,stage3,121,overlay_alignment_check,aligned,pass,accept_candidate,0,0,1
stick,stage3,240,overlay_alignment_check,aligned,pass,accept_candidate,0,0,1
stick,stage4,1,anchor_update_check,no_change,pass,accept_candidate,1,0,1
stick,stage4,2,anchor_update_check,no_change,pass,accept_candidate,1,0,1
stick,stage4,3,anchor_update_check,no_change,pass,accept_candidate,1,0,1
stick,stage4,4,anchor_update_check,no_change,pass,accept_candidate,1,0,1
stick,stage4,5,anchor_update_check,no_change,pass,accept_candidate,1,0,1
stick,stage4,6,anchor_update_check,no_change,pass,accept_candidate,1,0,1
stick,stage4,7,anchor_update_check,no_change,pass,accept_candidate,1,0,1
stick,stage4,8,anchor_update_check,no_change,pass,accept_candidate,1,0,1
stick,stage4,9,anchor_update_check,no_change,pass,accept_candidate,1,0,1
stick,stage4,10,anchor_update_check,no_change,pass,accept_candidate,1,0,1
stick,stage4,11,anchor_update_check,no_change,pass,accept_candidate,1,0,1
stick,stage4,12,anchor_update_check,no_change,pass,accept_candidate,1,0,1
stick,stage4,13,anchor_update_check,no_change,pass,accept_candidate,1,0,1
stick,stage4,14,anchor_update_check,no_change,pass,accept_candidate,1,0,1
stick,stage4,15,anchor_update_check,no_change,pass,accept_candidate,1,0,1
stick,stage4,16,anchor_update_check,no_change,pass,accept_candidate,1,0,1
stick,stage4,17,anchor_update_check,no_change,pass,accept_candidate,1,0,1
stick,stage4,18,anchor_update_check,no_change,pass,accept_candidate,1,0,1
stick,stage4,19,anchor_update_check,no_change,pass,accept_candidate,1,0,1
stick,stage4,20,anchor_update_check,no_change,pass,accept_candidate,1,0,1
stick,stage4,21,anchor_update_check,no_change,pass,accept_candidate,1,0,1
stick,stage4,22,anchor_update_check,no_change,pass,accept_candidate,1,0,1
stick,stage4,23,anchor_update_check,no_change,pass,accept_candidate,1,0,1
stick,stage4,24,anchor_update_check,no_change,pass,accept_candidate,1,0,1
stick,stage4,25,anchor_update_check,no_change,pass,accept_candidate,1,0,1
stick,stage4,26,anchor_update_check,no_change,pass,accept_candidate,1,0,1
stick,stage4,27,anchor_update_check,no_change,pass,accept_candidate,1,0,1
stick,stage4,28,anchor_update_check,no_change,pass,accept_candidate,1,0,1
stick,stage4,29,anchor_update_check,no_change,pass,accept_candidate,1,0,1
stick,stage4,30,anchor_update_check,no_change,pass,accept_candidate,1,0,1
stick,stage4,31,anchor_update_check,no_change,pass,accept_candidate,1,0,1
stick,stage4,32,anchor_update_check,no_change,pass,accept_candidate,1,0,1
stick,stage4,33,anchor_update_check,no_change,pass,accept_candidate,1,0,1
stick,stage4,34,anchor_update_check,no_change,pass,accept_candidate,1,0,1
stick,stage4,35,anchor_update_check,no_change,pass,accept_candidate,1,0,1
stick,stage4,36,anchor_update_check,no_change,pass,accept_candidate,1,0,1
stick,stage4,37,anchor_update_check,no_change,pass,accept_candidate,1,0,1
stick,stage4,38,anchor_update_check,no_change,pass,accept_candidate,1,0,1
stick,stage4,39,anchor_update_check,no_change,pass,accept_candidate,1,0,1
stick,stage4,40,anchor_update_check,no_change,pass,accept_candidate,1,0,1
stick,stage4,41,anchor_update_check,no_change,pass,accept_candidate,1,0,1
stick,stage4,42,anchor_update_check,no_change,pass,accept_candidate,1,0,1
stick,stage4,43,anchor_update_check,no_change,pass,accept_candidate,1,0,1
stick,stage4,44,anchor_update_check,no_change,pass,accept_candidate,1,0,1
stick,stage4,45,anchor_update_check,no_change,pass,accept_candidate,1,0,1
stick,stage4,46,anchor_update_check,no_change,pass,accept_candidate,1,0,1
stick,stage4,47,anchor_update_check,no_change,pass,accept_candidate,1,0,1
stick,stage4,48,anchor_update_check,no_change,pass,accept_candidate,1,0,1
stick,stage4,49,anchor_update_check,no_change,pass,accept_candidate,1,0,1
stick,stage4,50,anchor_update_check,no_change,pass,accept_candidate,1,0,1
stick,stage4,51,anchor_update_check,no_change,pass,accept_candidate,1,0,1
stick,stage4,52,anchor_update_check,no_change,pass,accept_candidate,1,0,1
stick,stage4,53,anchor_update_check,no_change,pass,accept_candidate,1,0,1
stick,stage4,54,anchor_update_check,no_change,pass,accept_candidate,1,0,1
stick,stage4,55,anchor_update_check,no_change,pass,accept_candidate,1,0,1
stick,stage4,56,anchor_update_check,no_change,pass,accept_candidate,1,0,1
stick,stage4,57,anchor_update_check,no_change,pass,accept_candidate,1,0,1
stick,stage4,58,anchor_update_check,no_change,pass,accept_candidate,1,0,1
stick,stage4,59,anchor_update_check,no_change,pass,accept_candidate,1,0,1
stick,stage4,60,anchor_update_check,no_change,pass,accept_candidate,1,0,1
stick,stage4,61,anchor_update_check,no_change,pass,accept_candidate,1,0,1
stick,stage4,62,anchor_update_check,no_change,pass,accept_candidate,1,0,1
stick,stage4,63,anchor_update_check,no_change,pass,accept_candidate,1,0,1
stick,stage4,64,anchor_update_check,no_change,pass,accept_candidate,1,0,1
stick,stage4,65,anchor_update_check,no_change,pass,accept_candidate,1,0,1
stick,stage4,66,anchor_update_check,no_change,pass,accept_candidate,1,0,1
stick,stage4,67,anchor_update_check,no_change,pass,accept_candidate,1,0,1
stick,stage4,68,anchor_update_check,no_change,pass,accept_candidate,1,0,1
stick,stage4,69,anchor_update_check,no_change,pass,accept_candidate,1,0,1
stick,stage4,70,anchor_update_check,no_change,pass,accept_candidate,1,0,1
stick,stage4,71,anchor_update_check,no_change,pass,accept_candidate,1,0,1
stick,stage4,72,anchor_update_check,no_change,pass,accept_candidate,1,0,1
stick,stage4,73,anchor_update_check,no_change,pass,accept_candidate,1,0,1
stick,stage4,74,anchor_update_check,no_change,pass,accept_candidate,1,0,1
stick,stage4,75,anchor_update_check,no_change,pass,accept_candidate,1,0,1
stick,stage4,76,anchor_update_check,no_change,pass,accept_candidate,1,0,1
stick,stage4,77,anchor_update_check,no_change,pass,accept_candidate,1,0,1
stick,stage4,78,anchor_update_check,no_change,pass,accept_candidate,1,0,1
stick,stage4,79,anchor_update_check,no_change,pass,accept_candidate,1,0,1
stick,stage4,80,anchor_update_check,no_change,pass,accept_candidate,1,0,1
stick,stage4,81,anchor_update_check,no_change,pass,accept_candidate,1,0,1
stick,stage4,82,anchor_update_check,no_change,pass,accept_candidate,1,0,1
stick,stage4,83,anchor_update_check,no_change,pass,accept_candidate,1,0,1
stick,stage4,84,anchor_update_check,no_change,pass,accept_candidate,1,0,1
stick,stage4,85,anchor_update_check,no_change,pass,accept_candidate,1,0,1
stick,stage4,86,anchor_update_check,no_change,pass,accept_candidate,1,0,1
stick,stage4,87,anchor_update_check,no_change,pass,accept_candidate,1,0,1
stick,stage4,88,anchor_update_check,no_change,pass,accept_candidate,1,0,1
stick,stage4,89,anchor_update_check,no_change,pass,accept_candidate,1,0,1
stick,stage4,90,anchor_update_check,no_change,pass,accept_candidate,1,0,1
stick,stage4,91,anchor_update_check,no_change,pass,accept_candidate,1,0,1
stick,stage4,92,anchor_update_check,no_change,pass,accept_candidate,1,0,1
stick,stage4,93,anchor_update_check,no_change,pass,accept_candidate,1,0,1
stick,stage4,94,anchor_update_check,no_change,pass,accept_candidate,1,0,1
stick,stage4,95,anchor_update_check,no_change,pass,accept_candidate,1,0,1
stick,stage4,96,anchor_update_check,no_change,pass,accept_candidate,1,0,1
stick,stage4,97,anchor_update_check,no_change,pass,accept_candidate,1,0,1
stick,stage4,98,anchor_update_check,no_change,pass,accept_candidate,1,0,1
stick,stage4,99,anchor_update_check,no_change,pass,accept_candidate,1,0,1
stick,stage4,100,anchor_update_check,no_change,pass,accept_candidate,1,0,1
stick,stage4,101,anchor_update_check,no_change,pass,accept_candidate,1,0,1
stick,stage4,102,anchor_update_check,no_change,pass,accept_candidate,1,0,1
stick,stage4,103,anchor_update_check,no_change,pass,accept_candidate,1,0,1
stick,stage4,104,anchor_update_check,no_change,pass,accept_candidate,1,0,1
stick,stage4,105,anchor_update_check,no_change,pass,accept_candidate,1,0,1
stick,stage4,106,anchor_update_check,no_change,pass,accept_candidate,1,0,1
stick,stage4,107,anchor_update_check,no_change,pass,accept_candidate,1,0,1
stick,stage4,108,anchor_update_check,no_change,pass,accept_candidate,1,0,1
stick,stage4,109,anchor_update_check,no_change,pass,accept_candidate,1,0,1
stick,stage4,110,anchor_update_check,no_change,pass,accept_candidate,1,0,1
stick,stage4,111,anchor_update_check,no_change,pass,accept_candidate,1,0,1
stick,stage4,112,anchor_update_check,no_change,pass,accept_candidate,1,0,1
stick,stage4,113,anchor_update_check,no_change,pass,accept_candidate,1,0,1
stick,stage4,114,anchor_update_check,no_change,pass,accept_candidate,1,0,1
stick,stage4,115,anchor_update_check,no_change,pass,accept_candidate,1,0,1
stick,stage4,116,anchor_update_check,no_change,pass,accept_candidate,1,0,1
stick,stage4,117,anchor_update_check,no_change,pass,accept_candidate,1,0,1
stick,stage4,118,anchor_update_check,no_change,pass,accept_candidate,1,0,1
stick,stage4,119,anchor_update_check,no_change,pass,accept_candidate,1,0,1
stick,stage4,120,anchor_update_check,no_change,pass,accept_candidate,1,0,1
stick,stage4,121,anchor_update_check,no_change,pass,accept_candidate,1,0,1
stick,stage4,122,anchor_update_check,no_change,pass,accept_candidate,1,0,1
stick,stage4,123,anchor_update_check,no_change,pass,accept_candidate,1,0,1
stick,stage4,124,anchor_update_check,no_change,pass,accept_candidate,1,0,1
stick,stage4,125,anchor_update_check,no_change,pass,accept_candidate,1,0,1
stick,stage4,126,anchor_update_check,no_change,pass,accept_candidate,1,0,1
stick,stage4,127,anchor_update_check,no_change,pass,accept_candidate,1,0,1
stick,stage4,128,anchor_update_check,no_change,pass,accept_candidate,1,0,1
stick,stage4,129,anchor_update_check,no_change,pass,accept_candidate,1,0,1
stick,stage4,130,anchor_update_check,no_change,pass,accept_candidate,1,0,1
stick,stage4,131,anchor_update_check,no_change,pass,accept_candidate,1,0,1
stick,stage4,132,anchor_update_check,no_change,pass,accept_candidate,1,0,1
stick,stage4,133,anchor_update_check,no_change,pass,accept_candidate,1,0,1
stick,stage4,134,anchor_update_check,no_change,pass,accept_candidate,1,0,1
stick,stage4,135,anchor_update_check,no_change,pass,accept_candidate,1,0,1
stick,stage4,136,anchor_update_check,no_change,pass,accept_candidate,1,0,1
stick,stage4,137,anchor_update_check,no_change,pass,accept_candidate,1,0,1
stick,stage4,138,anchor_update_check,no_change,pass,accept_candidate,1,0,1
stick,stage4,139,anchor_update_check,no_change,pass,accept_candidate,1,0,1
stick,stage4,140,anchor_update_check,no_change,pass,accept_candidate,1,0,1
stick,stage4,141,anchor_update_check,no_change,pass,accept_candidate,1,0,1
stick,stage4,142,anchor_update_check,no_change,pass,accept_candidate,1,0,1
stick,stage4,143,anchor_update_check,no_change,pass,accept_candidate,1,0,1
stick,stage4,144,anchor_update_check,no_change,pass,accept_candidate,1,0,1
stick,stage4,145,anchor_update_check,no_change,pass,accept_candidate,1,0,1
stick,stage4,146,anchor_update_check,no_change,pass,accept_candidate,1,0,1
stick,stage4,147,anchor_update_check,no_change,pass,accept_candidate,1,0,1
stick,stage4,148,anchor_update_check,no_change,pass,accept_candidate,1,0,1
stick,stage4,149,anchor_update_check,no_change,pass,accept_candidate,1,0,1
stick,stage4,150,anchor_update_check,no_change,pass,accept_candidate,1,0,1
stick,stage4,151,anchor_update_check,no_change,pass,accept_candidate,1,0,1
stick,stage4,152,anchor_update_check,no_change,pass,accept_candidate,1,0,1
stick,stage4,153,anchor_update_check,no_change,pass,accept_candidate,1,0,1
stick,stage4,154,anchor_update_check,no_change,pass,accept_candidate,1,0,1
stick,stage4,155,anchor_update_check,no_change,pass,accept_candidate,1,0,1
stick,stage4,156,anchor_update_check,no_change,pass,accept_candidate,1,0,1
stick,stage4,157,anchor_update_check,no_change,pass,accept_candidate,1,0,1
stick,stage4,158,anchor_update_check,no_change,pass,accept_candidate,1,0,1
stick,stage4,159,anchor_update_check,no_change,pass,accept_candidate,1,0,1
stick,stage4,160,anchor_update_check,no_change,pass,accept_candidate,1,0,1
stick,stage4,161,anchor_update_check,no_change,pass,accept_candidate,1,0,1
stick,stage4,162,anchor_update_check,no_change,pass,accept_candidate,1,0,1
stick,stage4,163,anchor_update_check,no_change,pass,accept_candidate,1,0,1
stick,stage4,164,anchor_update_check,no_change,pass,accept_candidate,1,0,1
stick,stage4,165,anchor_update_check,no_change,pass,accept_candidate,1,0,1
stick,stage4,166,anchor_update_check,no_change,pass,accept_candidate,1,0,1
stick,stage4,167,anchor_update_check,no_change,pass,accept_candidate,1,0,1
stick,stage4,168,anchor_update_check,no_change,pass,accept_candidate,1,0,1
stick,stage4,169,anchor_update_check,no_change,pass,accept_candidate,1,0,1
stick,stage4,170,anchor_update_check,no_change,pass,accept_candidate,1,0,1
stick,stage4,171,anchor_update_check,no_change,pass,accept_candidate,1,0,1
stick,stage4,172,anchor_update_check,no_change,pass,accept_candidate,1,0,1
stick,stage4,173,anchor_update_check,no_change,pass,accept_candidate,1,0,1
stick,stage4,174,anchor_update_check,no_change,pass,accept_candidate,1,0,1
stick,stage4,175,anchor_update_check,no_change,pass,accept_candidate,1,0,1
stick,stage4,176,anchor_update_check,no_change,pass,accept_candidate,1,0,1
stick,stage4,177,anchor_update_check,no_change,pass,accept_candidate,1,0,1
stick,stage4,178,anchor_update_check,no_change,pass,accept_candidate,1,0,1
stick,stage4,179,anchor_update_check,no_change,pass,accept_candidate,1,0,1
stick,stage4,180,anchor_update_check,no_change,pass,accept_candidate,1,0,1
stick,stage4,181,anchor_update_check,no_change,pass,accept_candidate,1,0,1
stick,stage4,182,anchor_update_check,no_change,pass,accept_candidate,1,0,1
stick,stage4,183,anchor_update_check,no_change,pass,accept_candidate,1,0,1
stick,stage4,184,anchor_update_check,no_change,pass,accept_candidate,1,0,1
stick,stage4,185,anchor_update_check,no_change,pass,accept_candidate,1,0,1
stick,stage4,186,anchor_update_check,no_change,pass,accept_candidate,1,0,1
stick,stage4,187,anchor_update_check,no_change,pass,accept_candidate,1,0,1
stick,stage4,188,anchor_update_check,no_change,pass,accept_candidate,1,0,1
stick,stage4,189,anchor_update_check,no_change,pass,accept_candidate,1,0,1
stick,stage4,190,anchor_update_check,no_change,pass,accept_candidate,1,0,1
stick,stage4,191,anchor_update_check,no_change,pass,accept_candidate,1,0,1
stick,stage4,192,anchor_update_check,no_change,pass,accept_candidate,1,0,1
stick,stage4,193,anchor_update_check,no_change,pass,accept_candidate,1,0,1
stick,stage4,194,anchor_update_check,no_change,pass,accept_candidate,1,0,1
stick,stage4,195,anchor_update_check,no_change,pass,accept_candidate,1,0,1
stick,stage4,196,anchor_update_check,no_change,pass,accept_candidate,1,0,1
stick,stage4,197,anchor_update_check,no_change,pass,accept_candidate,1,0,1
stick,stage4,198,anchor_update_check,no_change,pass,accept_candidate,1,0,1
stick,stage4,199,anchor_update_check,no_change,pass,accept_candidate,1,0,1
stick,stage4,200,anchor_update_check,no_change,pass,accept_candidate,1,0,1
stick,stage4,201,anchor_update_check,no_change,pass,accept_candidate,1,0,1
stick,stage4,202,anchor_update_check,no_change,pass,accept_candidate,1,0,1
stick,stage4,203,anchor_update_check,no_change,pass,accept_candidate,1,0,1
stick,stage4,204,anchor_update_check,no_change,pass,accept_candidate,1,0,1
stick,stage4,205,anchor_update_check,no_change,pass,accept_candidate,1,0,1
stick,stage4,206,anchor_update_check,no_change,pass,accept_candidate,1,0,1
stick,stage4,207,anchor_update_check,no_change,pass,accept_candidate,1,0,1
stick,stage4,208,anchor_update_check,no_change,pass,accept_candidate,1,0,1
stick,stage4,209,anchor_update_check,no_change,pass,accept_candidate,1,0,1
stick,stage4,210,anchor_update_check,no_change,pass,accept_candidate,1,0,1
stick,stage4,211,anchor_update_check,no_change,pass,accept_candidate,1,0,1
stick,stage4,212,anchor_update_check,no_change,pass,accept_candidate,1,0,1
stick,stage4,213,anchor_update_check,no_change,pass,accept_candidate,1,0,1
stick,stage4,214,anchor_update_check,no_change,pass,accept_candidate,1,0,1
stick,stage4,215,anchor_update_check,no_change,pass,accept_candidate,1,0,1
stick,stage4,216,anchor_update_check,no_change,pass,accept_candidate,1,0,1
stick,stage4,217,anchor_update_check,no_change,pass,accept_candidate,1,0,1
stick,stage4,218,anchor_update_check,no_change,pass,accept_candidate,1,0,1
stick,stage4,219,anchor_update_check,no_change,pass,accept_candidate,1,0,1
stick,stage4,220,anchor_update_check,no_change,pass,accept_candidate,1,0,1
stick,stage4,221,anchor_update_check,no_change,pass,accept_candidate,1,0,1
stick,stage4,222,anchor_update_check,no_change,pass,accept_candidate,1,0,1
stick,stage4,223,anchor_update_check,no_change,pass,accept_candidate,1,0,1
stick,stage4,224,anchor_update_check,no_change,pass,accept_candidate,1,0,1
stick,stage4,225,anchor_update_check,no_change,pass,accept_candidate,1,0,1
stick,stage4,226,anchor_update_check,no_change,pass,accept_candidate,1,0,1
stick,stage4,227,anchor_update_check,no_change,pass,accept_candidate,1,0,1
stick,stage4,228,anchor_update_check,no_change,pass,accept_candidate,1,0,1
stick,stage4,229,anchor_update_check,no_change,pass,accept_candidate,1,0,1
stick,stage4,230,anchor_update_check,no_change,pass,accept_candidate,1,0,1
stick,stage4,231,anchor_update_check,no_change,pass,accept_candidate,1,0,1
stick,stage4,232,anchor_update_check,no_change,pass,accept_candidate,1,0,1
stick,stage4,233,anchor_update_check,no_change,pass,accept_candidate,1,0,1
stick,stage4,234,anchor_update_check,no_change,pass,accept_candidate,1,0,1
stick,stage4,235,anchor_update_check,no_change,pass,accept_candidate,1,0,1
stick,stage4,236,anchor_update_check,no_change,pass,accept_candidate,1,0,1
stick,stage4,237,anchor_update_check,no_change,pass,accept_candidate,1,0,1
stick,stage4,238,anchor_update_check,no_change,pass,accept_candidate,1,0,1
stick,stage4,239,anchor_update_check,no_change,pass,accept_candidate,1,0,1
stick,stage4,240,anchor_update_check,no_change,pass,accept_candidate,1,0,1
stick,stage4,1,temporal_motion_check,unclear,unclear,unclear_no_update,0,0,1
stick,stage4,2,temporal_motion_check,unclear,unclear,unclear_no_update,0,0,1
stick,stage4,3,temporal_motion_check,unclear,unclear,unclear_no_update,0,0,1
stick,stage4,4,temporal_motion_check,unclear,unclear,unclear_no_update,0,0,1
stick,stage4,5,temporal_motion_check,unclear,unclear,unclear_no_update,0,0,1
stick,stage4,6,temporal_motion_check,unclear,unclear,unclear_no_update,0,0,1
stick,stage4,7,temporal_motion_check,consistent,pass,accept_candidate,0,0,1
stick,stage4,8,temporal_motion_check,consistent,pass,accept_candidate,0,0,1
stick,stage4,9,temporal_motion_check,consistent,pass,accept_candidate,0,0,1
stick,stage4,10,temporal_motion_check,consistent,pass,accept_candidate,0,0,1
stick,stage4,11,temporal_motion_check,consistent,pass,accept_candidate,0,0,1
stick,stage4,12,temporal_motion_check,consistent,pass,accept_candidate,0,0,1
stick,stage4,13,temporal_motion_check,consistent,pass,accept_candidate,0,0,1
stick,stage4,14,temporal_motion_check,unclear,unclear,unclear_no_update,0,0,1
stick,stage4,15,temporal_motion_check,consistent,pass,accept_candidate,0,0,1
stick,stage4,16,temporal_motion_check,consistent,pass,accept_candidate,0,0,1
stick,stage4,17,temporal_motion_check,consistent,pass,accept_candidate,0,0,1
stick,stage4,18,temporal_motion_check,consistent,pass,accept_candidate,0,0,1
stick,stage4,19,temporal_motion_check,unclear,unclear,unclear_no_update,0,0,1
stick,stage4,20,temporal_motion_check,unclear,unclear,unclear_no_update,0,0,1
stick,stage4,21,temporal_motion_check,unclear,unclear,unclear_no_update,0,0,1
stick,stage4,22,temporal_motion_check,unclear,unclear,unclear_no_update,0,0,1
stick,stage4,23,temporal_motion_check,unclear,unclear,unclear_no_update,0,0,1
stick,stage4,24,temporal_motion_check,unclear,unclear,unclear_no_update,0,0,1
stick,stage4,25,temporal_motion_check,consistent,pass,accept_candidate,0,0,1
stick,stage4,26,temporal_motion_check,unclear,unclear,unclear_no_update,0,0,1
stick,stage4,27,temporal_motion_check,consistent,pass,accept_candidate,0,0,1
stick,stage4,28,temporal_motion_check,consistent,pass,accept_candidate,0,0,1
stick,stage4,29,temporal_motion_check,consistent,pass,accept_candidate,0,0,1
stick,stage4,30,temporal_motion_check,consistent,pass,accept_candidate,0,0,1
stick,stage4,31,temporal_motion_check,consistent,pass,accept_candidate,0,0,1
stick,stage4,32,temporal_motion_check,unclear,unclear,unclear_no_update,0,0,1
stick,stage4,33,temporal_motion_check,unclear,unclear,unclear_no_update,0,0,1
stick,stage4,34,temporal_motion_check,unclear,unclear,unclear_no_update,0,0,1
stick,stage4,35,temporal_motion_check,consistent,pass,accept_candidate,0,0,1
stick,stage4,36,temporal_motion_check,consistent,pass,accept_candidate,0,0,1
stick,stage4,37,temporal_motion_check,consistent,pass,accept_candidate,0,0,1
stick,stage4,38,temporal_motion_check,consistent,pass,accept_candidate,0,0,1
stick,stage4,39,temporal_motion_check,consistent,pass,accept_candidate,0,0,1
stick,stage4,40,temporal_motion_check,consistent,pass,accept_candidate,0,0,1
stick,stage4,41,temporal_motion_check,unclear,unclear,unclear_no_update,0,0,1
stick,stage4,42,temporal_motion_check,unclear,unclear,unclear_no_update,0,0,1
stick,stage4,43,temporal_motion_check,unclear,unclear,unclear_no_update,0,0,1
stick,stage4,44,temporal_motion_check,unclear,unclear,unclear_no_update,0,0,1
stick,stage4,45,temporal_motion_check,unclear,unclear,unclear_no_update,0,0,1
stick,stage4,46,temporal_motion_check,unclear,unclear,unclear_no_update,0,0,1
stick,stage4,47,temporal_motion_check,consistent,pass,accept_candidate,0,0,1
stick,stage4,48,temporal_motion_check,consistent,pass,accept_candidate,0,0,1
stick,stage4,49,temporal_motion_check,unclear,unclear,unclear_no_update,0,0,1
stick,stage4,50,temporal_motion_check,unclear,unclear,unclear_no_update,0,0,1
stick,stage4,51,temporal_motion_check,unclear,unclear,unclear_no_update,0,0,1
stick,stage4,52,temporal_motion_check,unclear,unclear,unclear_no_update,0,0,1
stick,stage4,53,temporal_motion_check,unclear,unclear,unclear_no_update,0,0,1
stick,stage4,54,temporal_motion_check,consistent,pass,accept_candidate,0,0,1
stick,stage4,55,temporal_motion_check,unclear,unclear,unclear_no_update,0,0,1
stick,stage4,56,temporal_motion_check,unclear,unclear,unclear_no_update,0,0,1
stick,stage4,57,temporal_motion_check,unclear,unclear,unclear_no_update,0,0,1
stick,stage4,58,temporal_motion_check,unclear,unclear,unclear_no_update,0,0,1
stick,stage4,59,temporal_motion_check,unclear,unclear,unclear_no_update,0,0,1
stick,stage4,60,temporal_motion_check,unclear,unclear,unclear_no_update,0,0,1
stick,stage4,61,temporal_motion_check,unclear,unclear,unclear_no_update,0,0,1
stick,stage4,62,temporal_motion_check,unclear,unclear,unclear_no_update,0,0,1
stick,stage4,63,temporal_motion_check,unclear,unclear,unclear_no_update,0,0,1
stick,stage4,64,temporal_motion_check,unclear,unclear,unclear_no_update,0,0,1
stick,stage4,65,temporal_motion_check,unclear,unclear,unclear_no_update,0,0,1
stick,stage4,66,temporal_motion_check,unclear,unclear,unclear_no_update,0,0,1
stick,stage4,67,temporal_motion_check,unclear,unclear,unclear_no_update,0,0,1
stick,stage4,68,temporal_motion_check,unclear,unclear,unclear_no_update,0,0,1
stick,stage4,69,temporal_motion_check,unclear,unclear,unclear_no_update,0,0,1
stick,stage4,70,temporal_motion_check,unclear,unclear,unclear_no_update,0,0,1
stick,stage4,71,temporal_motion_check,unclear,unclear,unclear_no_update,0,0,1
stick,stage4,72,temporal_motion_check,unclear,unclear,unclear_no_update,0,0,1
stick,stage4,73,temporal_motion_check,unclear,unclear,unclear_no_update,0,0,1
stick,stage4,74,temporal_motion_check,unclear,unclear,unclear_no_update,0,0,1
stick,stage4,75,temporal_motion_check,consistent,pass,accept_candidate,0,0,1
stick,stage4,76,temporal_motion_check,consistent,pass,accept_candidate,0,0,1
stick,stage4,77,temporal_motion_check,unclear,unclear,unclear_no_update,0,0,1
stick,stage4,78,temporal_motion_check,unclear,unclear,unclear_no_update,0,0,1
stick,stage4,79,temporal_motion_check,unclear,unclear,unclear_no_update,0,0,1
stick,stage4,80,temporal_motion_check,unclear,unclear,unclear_no_update,0,0,1
stick,stage4,81,temporal_motion_check,unclear,unclear,unclear_no_update,0,0,1
stick,stage4,82,temporal_motion_check,unclear,unclear,unclear_no_update,0,0,1
stick,stage4,83,temporal_motion_check,consistent,pass,accept_candidate,0,0,1
stick,stage4,84,temporal_motion_check,unclear,unclear,unclear_no_update,0,0,1
stick,stage4,85,temporal_motion_check,consistent,pass,accept_candidate,0,0,1
stick,stage4,86,temporal_motion_check,consistent,pass,accept_candidate,0,0,1
stick,stage4,87,temporal_motion_check,consistent,pass,accept_candidate,0,0,1
stick,stage4,88,temporal_motion_check,consistent,pass,accept_candidate,0,0,1
stick,stage4,89,temporal_motion_check,unclear,unclear,unclear_no_update,0,0,1
stick,stage4,90,temporal_motion_check,unclear,unclear,unclear_no_update,0,0,1
stick,stage4,91,temporal_motion_check,unclear,unclear,unclear_no_update,0,0,1
stick,stage4,92,temporal_motion_check,unclear,unclear,unclear_no_update,0,0,1
stick,stage4,93,temporal_motion_check,consistent,pass,accept_candidate,0,0,1
stick,stage4,94,temporal_motion_check,consistent,pass,accept_candidate,0,0,1
stick,stage4,95,temporal_motion_check,unclear,unclear,unclear_no_update,0,0,1
stick,stage4,96,temporal_motion_check,consistent,pass,accept_candidate,0,0,1
stick,stage4,97,temporal_motion_check,consistent,pass,accept_candidate,0,0,1
stick,stage4,98,temporal_motion_check,unclear,unclear,unclear_no_update,0,0,1
stick,stage4,99,temporal_motion_check,unclear,unclear,unclear_no_update,0,0,1
stick,stage4,100,temporal_motion_check,unclear,unclear,unclear_no_update,0,0,1
stick,stage4,101,temporal_motion_check,unclear,unclear,unclear_no_update,0,0,1
stick,stage4,102,temporal_motion_check,unclear,unclear,unclear_no_update,0,0,1
stick,stage4,103,temporal_motion_check,unclear,unclear,unclear_no_update,0,0,1
stick,stage4,104,temporal_motion_check,unclear,unclear,unclear_no_update,0,0,1
stick,stage4,105,temporal_motion_check,unclear,unclear,unclear_no_update,0,0,1
stick,stage4,106,temporal_motion_check,unclear,unclear,unclear_no_update,0,0,1
stick,stage4,107,temporal_motion_check,unclear,unclear,unclear_no_update,0,0,1
stick,stage4,108,temporal_motion_check,unclear,unclear,unclear_no_update,0,0,1
stick,stage4,109,temporal_motion_check,unclear,unclear,unclear_no_update,0,0,1
stick,stage4,110,temporal_motion_check,unclear,unclear,unclear_no_update,0,0,1
stick,stage4,111,temporal_motion_check,unclear,unclear,unclear_no_update,0,0,1
stick,stage4,112,temporal_motion_check,consistent,pass,accept_candidate,0,0,1
stick,stage4,113,temporal_motion_check,unclear,unclear,unclear_no_update,0,0,1
stick,stage4,114,temporal_motion_check,unclear,unclear,unclear_no_update,0,0,1
stick,stage4,115,temporal_motion_check,consistent,pass,accept_candidate,0,0,1
stick,stage4,116,temporal_motion_check,unclear,unclear,unclear_no_update,0,0,1
stick,stage4,117,temporal_motion_check,unclear,unclear,unclear_no_update,0,0,1
stick,stage4,118,temporal_motion_check,unclear,unclear,unclear_no_update,0,0,1
stick,stage4,119,temporal_motion_check,unclear,unclear,unclear_no_update,0,0,1
stick,stage4,120,temporal_motion_check,consistent,pass,accept_candidate,0,0,1
stick,stage4,121,temporal_motion_check,unclear,unclear,unclear_no_update,0,0,1
stick,stage4,122,temporal_motion_check,unclear,unclear,unclear_no_update,0,0,1
stick,stage4,123,temporal_motion_check,consistent,pass,accept_candidate,0,0,1
stick,stage4,124,temporal_motion_check,unclear,unclear,unclear_no_update,0,0,1
stick,stage4,125,temporal_motion_check,unclear,unclear,unclear_no_update,0,0,1
stick,stage4,126,temporal_motion_check,unclear,unclear,unclear_no_update,0,0,1
stick,stage4,127,temporal_motion_check,unclear,unclear,unclear_no_update,0,0,1
stick,stage4,128,temporal_motion_check,unclear,unclear,unclear_no_update,0,0,1
stick,stage4,129,temporal_motion_check,unclear,unclear,unclear_no_update,0,0,1
stick,stage4,130,temporal_motion_check,unclear,unclear,unclear_no_update,0,0,1
stick,stage4,131,temporal_motion_check,unclear,unclear,unclear_no_update,0,0,1
stick,stage4,132,temporal_motion_check,consistent,pass,accept_candidate,0,0,1
stick,stage4,133,temporal_motion_check,unclear,unclear,unclear_no_update,0,0,1
stick,stage4,134,temporal_motion_check,unclear,unclear,unclear_no_update,0,0,1
stick,stage4,135,temporal_motion_check,consistent,pass,accept_candidate,0,0,1
stick,stage4,136,temporal_motion_check,consistent,pass,accept_candidate,0,0,1
stick,stage4,137,temporal_motion_check,consistent,pass,accept_candidate,0,0,1
stick,stage4,138,temporal_motion_check,consistent,pass,accept_candidate,0,0,1
stick,stage4,139,temporal_motion_check,consistent,pass,accept_candidate,0,0,1
stick,stage4,140,temporal_motion_check,consistent,pass,accept_candidate,0,0,1
stick,stage4,141,temporal_motion_check,unclear,unclear,unclear_no_update,0,0,1
stick,stage4,142,temporal_motion_check,consistent,pass,accept_candidate,0,0,1
stick,stage4,143,temporal_motion_check,consistent,pass,accept_candidate,0,0,1
stick,stage4,144,temporal_motion_check,consistent,pass,accept_candidate,0,0,1
stick,stage4,145,temporal_motion_check,unclear,unclear,unclear_no_update,0,0,1
stick,stage4,146,temporal_motion_check,unclear,unclear,unclear_no_update,0,0,1
stick,stage4,147,temporal_motion_check,unclear,unclear,unclear_no_update,0,0,1
stick,stage4,148,temporal_motion_check,consistent,pass,accept_candidate,0,0,1
stick,stage4,149,temporal_motion_check,unclear,unclear,unclear_no_update,0,0,1
stick,stage4,150,temporal_motion_check,unclear,unclear,unclear_no_update,0,0,1
stick,stage4,151,temporal_motion_check,unclear,unclear,unclear_no_update,0,0,1
stick,stage4,152,temporal_motion_check,unclear,unclear,unclear_no_update,0,0,1
stick,stage4,153,temporal_motion_check,unclear,unclear,unclear_no_update,0,0,1
stick,stage4,154,temporal_motion_check,unclear,unclear,unclear_no_update,0,0,1
stick,stage4,155,temporal_motion_check,consistent,pass,accept_candidate,0,0,1
stick,stage4,156,temporal_motion_check,unclear,unclear,unclear_no_update,0,0,1
stick,stage4,157,temporal_motion_check,unclear,unclear,unclear_no_update,0,0,1
stick,stage4,158,temporal_motion_check,consistent,pass,accept_candidate,0,0,1
stick,stage4,159,temporal_motion_check,consistent,pass,accept_candidate,0,0,1
stick,stage4,160,temporal_motion_check,consistent,pass,accept_candidate,0,0,1
stick,stage4,161,temporal_motion_check,consistent,pass,accept_candidate,0,0,1
stick,stage4,162,temporal_motion_check,consistent,pass,accept_candidate,0,0,1
stick,stage4,163,temporal_motion_check,unclear,unclear,unclear_no_update,0,0,1
stick,stage4,164,temporal_motion_check,consistent,pass,accept_candidate,0,0,1
stick,stage4,165,temporal_motion_check,consistent,pass,accept_candidate,0,0,1
stick,stage4,166,temporal_motion_check,consistent,pass,accept_candidate,0,0,1
stick,stage4,167,temporal_motion_check,unclear,unclear,unclear_no_update,0,0,1
stick,stage4,168,temporal_motion_check,consistent,pass,accept_candidate,0,0,1
stick,stage4,169,temporal_motion_check,consistent,pass,accept_candidate,0,0,1
stick,stage4,170,temporal_motion_check,consistent,pass,accept_candidate,0,0,1
stick,stage4,171,temporal_motion_check,consistent,pass,accept_candidate,0,0,1
stick,stage4,172,temporal_motion_check,unclear,unclear,unclear_no_update,0,0,1
stick,stage4,173,temporal_motion_check,unclear,unclear,unclear_no_update,0,0,1
stick,stage4,174,temporal_motion_check,unclear,unclear,unclear_no_update,0,0,1
stick,stage4,175,temporal_motion_check,unclear,unclear,unclear_no_update,0,0,1
stick,stage4,176,temporal_motion_check,unclear,unclear,unclear_no_update,0,0,1
stick,stage4,177,temporal_motion_check,unclear,unclear,unclear_no_update,0,0,1
stick,stage4,178,temporal_motion_check,unclear,unclear,unclear_no_update,0,0,1
stick,stage4,179,temporal_motion_check,unclear,unclear,unclear_no_update,0,0,1
stick,stage4,180,temporal_motion_check,unclear,unclear,unclear_no_update,0,0,1
stick,stage4,181,temporal_motion_check,unclear,unclear,unclear_no_update,0,0,1
stick,stage4,182,temporal_motion_check,unclear,unclear,unclear_no_update,0,0,1
stick,stage4,183,temporal_motion_check,unclear,unclear,unclear_no_update,0,0,1
stick,stage4,184,temporal_motion_check,unclear,unclear,unclear_no_update,0,0,1
stick,stage4,185,temporal_motion_check,unclear,unclear,unclear_no_update,0,0,1
stick,stage4,186,temporal_motion_check,unclear,unclear,unclear_no_update,0,0,1
stick,stage4,187,temporal_motion_check,unclear,unclear,unclear_no_update,0,0,1
stick,stage4,188,temporal_motion_check,unclear,unclear,unclear_no_update,0,0,1
stick,stage4,189,temporal_motion_check,unclear,unclear,unclear_no_update,0,0,1
stick,stage4,190,temporal_motion_check,consistent,pass,accept_candidate,0,0,1
stick,stage4,191,temporal_motion_check,consistent,pass,accept_candidate,0,0,1
stick,stage4,192,temporal_motion_check,unclear,unclear,unclear_no_update,0,0,1
stick,stage4,193,temporal_motion_check,unclear,unclear,unclear_no_update,0,0,1
stick,stage4,194,temporal_motion_check,unclear,unclear,unclear_no_update,0,0,1
stick,stage4,195,temporal_motion_check,unclear,unclear,unclear_no_update,0,0,1
stick,stage4,196,temporal_motion_check,consistent,pass,accept_candidate,0,0,1
stick,stage4,197,temporal_motion_check,unclear,unclear,unclear_no_update,0,0,1
stick,stage4,198,temporal_motion_check,unclear,unclear,unclear_no_update,0,0,1
stick,stage4,199,temporal_motion_check,unclear,unclear,unclear_no_update,0,0,1
stick,stage4,200,temporal_motion_check,unclear,unclear,unclear_no_update,0,0,1
stick,stage4,201,temporal_motion_check,unclear,unclear,unclear_no_update,0,0,1
stick,stage4,202,temporal_motion_check,unclear,unclear,unclear_no_update,0,0,1
stick,stage4,203,temporal_motion_check,unclear,unclear,unclear_no_update,0,0,1
stick,stage4,204,temporal_motion_check,unclear,unclear,unclear_no_update,0,0,1
stick,stage4,205,temporal_motion_check,unclear,unclear,unclear_no_update,0,0,1
stick,stage4,206,temporal_motion_check,unclear,unclear,unclear_no_update,0,0,1
stick,stage4,207,temporal_motion_check,unclear,unclear,unclear_no_update,0,0,1
stick,stage4,208,temporal_motion_check,unclear,unclear,unclear_no_update,0,0,1
stick,stage4,209,temporal_motion_check,unclear,unclear,unclear_no_update,0,0,1
stick,stage4,210,temporal_motion_check,unclear,unclear,unclear_no_update,0,0,1
stick,stage4,211,temporal_motion_check,unclear,unclear,unclear_no_update,0,0,1
stick,stage4,212,temporal_motion_check,unclear,unclear,unclear_no_update,0,0,1
stick,stage4,213,temporal_motion_check,unclear,unclear,unclear_no_update,0,0,1
stick,stage4,214,temporal_motion_check,unclear,unclear,unclear_no_update,0,0,1
stick,stage4,215,temporal_motion_check,unclear,unclear,unclear_no_update,0,0,1
stick,stage4,216,temporal_motion_check,unclear,unclear,unclear_no_update,0,0,1
stick,stage4,217,temporal_motion_check,unclear,unclear,unclear_no_update,0,0,1
stick,stage4,218,temporal_motion_check,unclear,unclear,unclear_no_update,0,0,1
stick,stage4,219,temporal_motion_check,unclear,unclear,unclear_no_update,0,0,1
stick,stage4,220,temporal_motion_check,unclear,unclear,unclear_no_update,0,0,1
stick,stage4,221,temporal_motion_check,unclear,unclear,unclear_no_update,0,0,1
stick,stage4,222,temporal_motion_check,unclear,unclear,unclear_no_update,0,0,1
stick,stage4,223,temporal_motion_check,consistent,pass,accept_candidate,0,0,1
stick,stage4,224,temporal_motion_check,consistent,pass,accept_candidate,0,0,1
stick,stage4,225,temporal_motion_check,unclear,unclear,unclear_no_update,0,0,1
stick,stage4,226,temporal_motion_check,unclear,unclear,unclear_no_update,0,0,1
stick,stage4,227,temporal_motion_check,unclear,unclear,unclear_no_update,0,0,1
stick,stage4,228,temporal_motion_check,unclear,unclear,unclear_no_update,0,0,1
stick,stage4,229,temporal_motion_check,unclear,unclear,unclear_no_update,0,0,1
stick,stage4,230,temporal_motion_check,consistent,pass,accept_candidate,0,0,1
stick,stage4,231,temporal_motion_check,unclear,unclear,unclear_no_update,0,0,1
stick,stage4,232,temporal_motion_check,unclear,unclear,unclear_no_update,0,0,1
stick,stage4,233,temporal_motion_check,unclear,unclear,unclear_no_update,0,0,1
stick,stage4,234,temporal_motion_check,unclear,unclear,unclear_no_update,0,0,1
stick,stage4,235,temporal_motion_check,unclear,unclear,unclear_no_update,0,0,1
stick,stage4,236,temporal_motion_check,unclear,unclear,unclear_no_update,0,0,1
stick,stage4,237,temporal_motion_check,unclear,unclear,unclear_no_update,0,0,1
stick,stage4,238,temporal_motion_check,unclear,unclear,unclear_no_update,0,0,1
stick,stage4,239,temporal_motion_check,unclear,unclear,unclear_no_update,0,0,1
stick,stage4,240,temporal_motion_check,unclear,unclear,unclear_no_update,0,0,1
stick,stage5,1,post_render_sanity_check,pass,pass,accept_candidate,0,0,1
stick,stage5,2,post_render_sanity_check,pass,pass,accept_candidate,0,0,1
stick,stage5,3,post_render_sanity_check,pass,pass,accept_candidate,0,0,1
stick,stage5,4,post_render_sanity_check,pass,pass,accept_candidate,0,0,1
stick,stage5,5,post_render_sanity_check,pass,pass,accept_candidate,0,0,1
stick,stage5,6,post_render_sanity_check,pass,pass,accept_candidate,0,0,1
stick,stage5,7,post_render_sanity_check,pass,pass,accept_candidate,0,0,1
stick,stage5,8,post_render_sanity_check,pass,pass,accept_candidate,0,0,1
stick,stage5,9,post_render_sanity_check,pass,pass,accept_candidate,0,0,1
stick,stage5,10,post_render_sanity_check,pass,pass,accept_candidate,0,0,1
stick,stage5,11,post_render_sanity_check,pass,pass,accept_candidate,0,0,1
stick,stage5,12,post_render_sanity_check,pass,pass,accept_candidate,0,0,1
stick,stage5,13,post_render_sanity_check,pass,pass,accept_candidate,0,0,1
stick,stage5,14,post_render_sanity_check,pass,pass,accept_candidate,0,0,1
stick,stage5,15,post_render_sanity_check,pass,pass,accept_candidate,0,0,1
stick,stage5,16,post_render_sanity_check,pass,pass,accept_candidate,0,0,1
stick,stage5,17,post_render_sanity_check,pass,pass,accept_candidate,0,0,1
stick,stage5,18,post_render_sanity_check,pass,pass,accept_candidate,0,0,1
stick,stage5,19,post_render_sanity_check,pass,pass,accept_candidate,0,0,1
stick,stage5,20,post_render_sanity_check,pass,pass,accept_candidate,0,0,1
stick,stage5,21,post_render_sanity_check,pass,pass,accept_candidate,0,0,1
stick,stage5,22,post_render_sanity_check,pass,pass,accept_candidate,0,0,1
stick,stage5,23,post_render_sanity_check,pass,pass,accept_candidate,0,0,1
stick,stage5,24,post_render_sanity_check,pass,pass,accept_candidate,0,0,1
stick,stage5,25,post_render_sanity_check,pass,pass,accept_candidate,0,0,1
stick,stage5,26,post_render_sanity_check,pass,pass,accept_candidate,0,0,1
stick,stage5,27,post_render_sanity_check,pass,pass,accept_candidate,0,0,1
stick,stage5,28,post_render_sanity_check,pass,pass,accept_candidate,0,0,1
stick,stage5,29,post_render_sanity_check,pass,pass,accept_candidate,0,0,1
stick,stage5,30,post_render_sanity_check,pass,pass,accept_candidate,0,0,1
stick,stage5,31,post_render_sanity_check,pass,pass,accept_candidate,0,0,1
stick,stage5,32,post_render_sanity_check,pass,pass,accept_candidate,0,0,1
stick,stage5,33,post_render_sanity_check,pass,pass,accept_candidate,0,0,1
stick,stage5,34,post_render_sanity_check,pass,pass,accept_candidate,0,0,1
stick,stage5,35,post_render_sanity_check,pass,pass,accept_candidate,0,0,1
stick,stage5,36,post_render_sanity_check,pass,pass,accept_candidate,0,0,1
stick,stage5,37,post_render_sanity_check,pass,pass,accept_candidate,0,0,1
stick,stage5,38,post_render_sanity_check,pass,pass,accept_candidate,0,0,1
stick,stage5,39,post_render_sanity_check,pass,pass,accept_candidate,0,0,1
stick,stage5,40,post_render_sanity_check,pass,pass,accept_candidate,0,0,1
stick,stage5,41,post_render_sanity_check,pass,pass,accept_candidate,0,0,1
stick,stage5,42,post_render_sanity_check,pass,pass,accept_candidate,0,0,1
stick,stage5,43,post_render_sanity_check,pass,pass,accept_candidate,0,0,1
stick,stage5,44,post_render_sanity_check,pass,pass,accept_candidate,0,0,1
stick,stage5,45,post_render_sanity_check,pass,pass,accept_candidate,0,0,1
stick,stage5,46,post_render_sanity_check,pass,pass,accept_candidate,0,0,1
stick,stage5,47,post_render_sanity_check,pass,pass,accept_candidate,0,0,1
stick,stage5,48,post_render_sanity_check,pass,pass,accept_candidate,0,0,1
stick,stage5,49,post_render_sanity_check,pass,pass,accept_candidate,0,0,1
stick,stage5,50,post_render_sanity_check,pass,pass,accept_candidate,0,0,1
stick,stage5,51,post_render_sanity_check,pass,pass,accept_candidate,0,0,1
stick,stage5,52,post_render_sanity_check,pass,pass,accept_candidate,0,0,1
stick,stage5,53,post_render_sanity_check,pass,pass,accept_candidate,0,0,1
stick,stage5,54,post_render_sanity_check,pass,pass,accept_candidate,0,0,1
stick,stage5,55,post_render_sanity_check,pass,pass,accept_candidate,0,0,1
stick,stage5,56,post_render_sanity_check,pass,pass,accept_candidate,0,0,1
stick,stage5,57,post_render_sanity_check,pass,pass,accept_candidate,0,0,1
stick,stage5,58,post_render_sanity_check,pass,pass,accept_candidate,0,0,1
stick,stage5,59,post_render_sanity_check,pass,pass,accept_candidate,0,0,1
stick,stage5,60,post_render_sanity_check,pass,pass,accept_candidate,0,0,1
stick,stage5,61,post_render_sanity_check,pass,pass,accept_candidate,0,0,1
stick,stage5,62,post_render_sanity_check,pass,pass,accept_candidate,0,0,1
stick,stage5,63,post_render_sanity_check,pass,pass,accept_candidate,0,0,1
stick,stage5,64,post_render_sanity_check,pass,pass,accept_candidate,0,0,1
stick,stage5,65,post_render_sanity_check,pass,pass,accept_candidate,0,0,1
stick,stage5,66,post_render_sanity_check,pass,pass,accept_candidate,0,0,1
stick,stage5,67,post_render_sanity_check,pass,pass,accept_candidate,0,0,1
stick,stage5,68,post_render_sanity_check,pass,pass,accept_candidate,0,0,1
stick,stage5,69,post_render_sanity_check,pass,pass,accept_candidate,0,0,1
stick,stage5,70,post_render_sanity_check,pass,pass,accept_candidate,0,0,1
stick,stage5,71,post_render_sanity_check,pass,pass,accept_candidate,0,0,1
stick,stage5,72,post_render_sanity_check,pass,pass,accept_candidate,0,0,1
stick,stage5,73,post_render_sanity_check,pass,pass,accept_candidate,0,0,1
stick,stage5,74,post_render_sanity_check,pass,pass,accept_candidate,0,0,1
stick,stage5,75,post_render_sanity_check,pass,pass,accept_candidate,0,0,1
stick,stage5,76,post_render_sanity_check,pass,pass,accept_candidate,0,0,1
stick,stage5,77,post_render_sanity_check,pass,pass,accept_candidate,0,0,1
stick,stage5,78,post_render_sanity_check,pass,pass,accept_candidate,0,0,1
stick,stage5,79,post_render_sanity_check,pass,pass,accept_candidate,0,0,1
stick,stage5,80,post_render_sanity_check,pass,pass,accept_candidate,0,0,1
stick,stage5,81,post_render_sanity_check,pass,pass,accept_candidate,0,0,1
stick,stage5,82,post_render_sanity_check,pass,pass,accept_candidate,0,0,1
stick,stage5,83,post_render_sanity_check,pass,pass,accept_candidate,0,0,1
stick,stage5,84,post_render_sanity_check,pass,pass,accept_candidate,0,0,1
stick,stage5,85,post_render_sanity_check,pass,pass,accept_candidate,0,0,1
stick,stage5,86,post_render_sanity_check,pass,pass,accept_candidate,0,0,1
stick,stage5,87,post_render_sanity_check,pass,pass,accept_candidate,0,0,1
stick,stage5,88,post_render_sanity_check,pass,pass,accept_candidate,0,0,1
stick,stage5,89,post_render_sanity_check,pass,pass,accept_candidate,0,0,1
stick,stage5,90,post_render_sanity_check,pass,pass,accept_candidate,0,0,1
stick,stage5,91,post_render_sanity_check,pass,pass,accept_candidate,0,0,1
stick,stage5,92,post_render_sanity_check,pass,pass,accept_candidate,0,0,1
stick,stage5,93,post_render_sanity_check,pass,pass,accept_candidate,0,0,1
stick,stage5,94,post_render_sanity_check,pass,pass,accept_candidate,0,0,1
stick,stage5,95,post_render_sanity_check,pass,pass,accept_candidate,0,0,1
stick,stage5,96,post_render_sanity_check,pass,pass,accept_candidate,0,0,1
stick,stage5,97,post_render_sanity_check,pass,pass,accept_candidate,0,0,1
stick,stage5,98,post_render_sanity_check,pass,pass,accept_candidate,0,0,1
stick,stage5,99,post_render_sanity_check,pass,pass,accept_candidate,0,0,1
stick,stage5,100,post_render_sanity_check,pass,pass,accept_candidate,0,0,1
stick,stage5,101,post_render_sanity_check,pass,pass,accept_candidate,0,0,1
stick,stage5,102,post_render_sanity_check,pass,pass,accept_candidate,0,0,1
stick,stage5,103,post_render_sanity_check,pass,pass,accept_candidate,0,0,1
stick,stage5,104,post_render_sanity_check,pass,pass,accept_candidate,0,0,1
stick,stage5,105,post_render_sanity_check,pass,pass,accept_candidate,0,0,1
stick,stage5,106,post_render_sanity_check,pass,pass,accept_candidate,0,0,1
stick,stage5,107,post_render_sanity_check,pass,pass,accept_candidate,0,0,1
stick,stage5,108,post_render_sanity_check,pass,pass,accept_candidate,0,0,1
stick,stage5,109,post_render_sanity_check,pass,pass,accept_candidate,0,0,1
stick,stage5,110,post_render_sanity_check,pass,pass,accept_candidate,0,0,1
stick,stage5,111,post_render_sanity_check,pass,pass,accept_candidate,0,0,1
stick,stage5,112,post_render_sanity_check,pass,pass,accept_candidate,0,0,1
stick,stage5,113,post_render_sanity_check,pass,pass,accept_candidate,0,0,1
stick,stage5,114,post_render_sanity_check,pass,pass,accept_candidate,0,0,1
stick,stage5,115,post_render_sanity_check,pass,pass,accept_candidate,0,0,1
stick,stage5,116,post_render_sanity_check,pass,pass,accept_candidate,0,0,1
stick,stage5,117,post_render_sanity_check,pass,pass,accept_candidate,0,0,1
stick,stage5,118,post_render_sanity_check,pass,pass,accept_candidate,0,0,1
stick,stage5,119,post_render_sanity_check,pass,pass,accept_candidate,0,0,1
stick,stage5,120,post_render_sanity_check,pass,pass,accept_candidate,0,0,1
stick,stage5,121,post_render_sanity_check,pass,pass,accept_candidate,0,0,1
stick,stage5,122,post_render_sanity_check,pass,pass,accept_candidate,0,0,1
stick,stage5,123,post_render_sanity_check,pass,pass,accept_candidate,0,0,1
stick,stage5,124,post_render_sanity_check,pass,pass,accept_candidate,0,0,1
stick,stage5,125,post_render_sanity_check,pass,pass,accept_candidate,0,0,1
stick,stage5,126,post_render_sanity_check,pass,pass,accept_candidate,0,0,1
stick,stage5,127,post_render_sanity_check,pass,pass,accept_candidate,0,0,1
stick,stage5,128,post_render_sanity_check,pass,pass,accept_candidate,0,0,1
stick,stage5,129,post_render_sanity_check,pass,pass,accept_candidate,0,0,1
stick,stage5,130,post_render_sanity_check,pass,pass,accept_candidate,0,0,1
stick,stage5,131,post_render_sanity_check,pass,pass,accept_candidate,0,0,1
stick,stage5,132,post_render_sanity_check,pass,pass,accept_candidate,0,0,1
stick,stage5,133,post_render_sanity_check,pass,pass,accept_candidate,0,0,1
stick,stage5,134,post_render_sanity_check,pass,pass,accept_candidate,0,0,1
stick,stage5,135,post_render_sanity_check,pass,pass,accept_candidate,0,0,1
stick,stage5,136,post_render_sanity_check,pass,pass,accept_candidate,0,0,1
stick,stage5,137,post_render_sanity_check,pass,pass,accept_candidate,0,0,1
stick,stage5,138,post_render_sanity_check,pass,pass,accept_candidate,0,0,1
stick,stage5,139,post_render_sanity_check,pass,pass,accept_candidate,0,0,1
stick,stage5,140,post_render_sanity_check,pass,pass,accept_candidate,0,0,1
stick,stage5,141,post_render_sanity_check,pass,pass,accept_candidate,0,0,1
stick,stage5,142,post_render_sanity_check,pass,pass,accept_candidate,0,0,1
stick,stage5,143,post_render_sanity_check,pass,pass,accept_candidate,0,0,1
stick,stage5,144,post_render_sanity_check,pass,pass,accept_candidate,0,0,1
stick,stage5,145,post_render_sanity_check,pass,pass,accept_candidate,0,0,1
stick,stage5,146,post_render_sanity_check,pass,pass,accept_candidate,0,0,1
stick,stage5,147,post_render_sanity_check,pass,pass,accept_candidate,0,0,1
stick,stage5,148,post_render_sanity_check,pass,pass,accept_candidate,0,0,1
stick,stage5,149,post_render_sanity_check,pass,pass,accept_candidate,0,0,1
stick,stage5,150,post_render_sanity_check,pass,pass,accept_candidate,0,0,1
stick,stage5,151,post_render_sanity_check,pass,pass,accept_candidate,0,0,1
stick,stage5,152,post_render_sanity_check,pass,pass,accept_candidate,0,0,1
stick,stage5,153,post_render_sanity_check,pass,pass,accept_candidate,0,0,1
stick,stage5,154,post_render_sanity_check,pass,pass,accept_candidate,0,0,1
stick,stage5,155,post_render_sanity_check,pass,pass,accept_candidate,0,0,1
stick,stage5,156,post_render_sanity_check,pass,pass,accept_candidate,0,0,1
stick,stage5,157,post_render_sanity_check,pass,pass,accept_candidate,0,0,1
stick,stage5,158,post_render_sanity_check,pass,pass,accept_candidate,0,0,1
stick,stage5,159,post_render_sanity_check,pass,pass,accept_candidate,0,0,1
stick,stage5,160,post_render_sanity_check,pass,pass,accept_candidate,0,0,1
stick,stage5,161,post_render_sanity_check,pass,pass,accept_candidate,0,0,1
stick,stage5,162,post_render_sanity_check,pass,pass,accept_candidate,0,0,1
stick,stage5,163,post_render_sanity_check,pass,pass,accept_candidate,0,0,1
stick,stage5,164,post_render_sanity_check,pass,pass,accept_candidate,0,0,1
stick,stage5,165,post_render_sanity_check,pass,pass,accept_candidate,0,0,1
stick,stage5,166,post_render_sanity_check,pass,pass,accept_candidate,0,0,1
stick,stage5,167,post_render_sanity_check,pass,pass,accept_candidate,0,0,1
stick,stage5,168,post_render_sanity_check,pass,pass,accept_candidate,0,0,1
stick,stage5,169,post_render_sanity_check,pass,pass,accept_candidate,0,0,1
stick,stage5,170,post_render_sanity_check,pass,pass,accept_candidate,0,0,1
stick,stage5,171,post_render_sanity_check,pass,pass,accept_candidate,0,0,1
stick,stage5,172,post_render_sanity_check,pass,pass,accept_candidate,0,0,1
stick,stage5,173,post_render_sanity_check,pass,pass,accept_candidate,0,0,1
stick,stage5,174,post_render_sanity_check,pass,pass,accept_candidate,0,0,1
stick,stage5,175,post_render_sanity_check,pass,pass,accept_candidate,0,0,1
stick,stage5,176,post_render_sanity_check,pass,pass,accept_candidate,0,0,1
stick,stage5,177,post_render_sanity_check,pass,pass,accept_candidate,0,0,1
stick,stage5,178,post_render_sanity_check,pass,pass,accept_candidate,0,0,1
stick,stage5,179,post_render_sanity_check,pass,pass,accept_candidate,0,0,1
stick,stage5,180,post_render_sanity_check,pass,pass,accept_candidate,0,0,1
stick,stage5,181,post_render_sanity_check,pass,pass,accept_candidate,0,0,1
stick,stage5,182,post_render_sanity_check,pass,pass,accept_candidate,0,0,1
stick,stage5,183,post_render_sanity_check,pass,pass,accept_candidate,0,0,1
stick,stage5,184,post_render_sanity_check,pass,pass,accept_candidate,0,0,1
stick,stage5,185,post_render_sanity_check,pass,pass,accept_candidate,0,0,1
stick,stage5,186,post_render_sanity_check,pass,pass,accept_candidate,0,0,1
stick,stage5,187,post_render_sanity_check,pass,pass,accept_candidate,0,0,1
stick,stage5,188,post_render_sanity_check,pass,pass,accept_candidate,0,0,1
stick,stage5,189,post_render_sanity_check,pass,pass,accept_candidate,0,0,1
stick,stage5,190,post_render_sanity_check,pass,pass,accept_candidate,0,0,1
stick,stage5,191,post_render_sanity_check,pass,pass,accept_candidate,0,0,1
stick,stage5,192,post_render_sanity_check,pass,pass,accept_candidate,0,0,1
stick,stage5,193,post_render_sanity_check,pass,pass,accept_candidate,0,0,1
stick,stage5,194,post_render_sanity_check,pass,pass,accept_candidate,0,0,1
stick,stage5,195,post_render_sanity_check,pass,pass,accept_candidate,0,0,1
stick,stage5,196,post_render_sanity_check,pass,pass,accept_candidate,0,0,1
stick,stage5,197,post_render_sanity_check,pass,pass,accept_candidate,0,0,1
stick,stage5,198,post_render_sanity_check,pass,pass,accept_candidate,0,0,1
stick,stage5,199,post_render_sanity_check,pass,pass,accept_candidate,0,0,1
stick,stage5,200,post_render_sanity_check,pass,pass,accept_candidate,0,0,1
stick,stage5,201,post_render_sanity_check,pass,pass,accept_candidate,0,0,1
stick,stage5,202,post_render_sanity_check,pass,pass,accept_candidate,0,0,1
stick,stage5,203,post_render_sanity_check,pass,pass,accept_candidate,0,0,1
stick,stage5,204,post_render_sanity_check,pass,pass,accept_candidate,0,0,1
stick,stage5,205,post_render_sanity_check,pass,pass,accept_candidate,0,0,1
stick,stage5,206,post_render_sanity_check,pass,pass,accept_candidate,0,0,1
stick,stage5,207,post_render_sanity_check,pass,pass,accept_candidate,0,0,1
stick,stage5,208,post_render_sanity_check,pass,pass,accept_candidate,0,0,1
stick,stage5,209,post_render_sanity_check,pass,pass,accept_candidate,0,0,1
stick,stage5,210,post_render_sanity_check,pass,pass,accept_candidate,0,0,1
stick,stage5,211,post_render_sanity_check,pass,pass,accept_candidate,0,0,1
stick,stage5,212,post_render_sanity_check,pass,pass,accept_candidate,0,0,1
stick,stage5,213,post_render_sanity_check,pass,pass,accept_candidate,0,0,1
stick,stage5,214,post_render_sanity_check,pass,pass,accept_candidate,0,0,1
stick,stage5,215,post_render_sanity_check,pass,pass,accept_candidate,0,0,1
stick,stage5,216,post_render_sanity_check,pass,pass,accept_candidate,0,0,1
stick,stage5,217,post_render_sanity_check,pass,pass,accept_candidate,0,0,1
stick,stage5,218,post_render_sanity_check,pass,pass,accept_candidate,0,0,1
stick,stage5,219,post_render_sanity_check,pass,pass,accept_candidate,0,0,1
stick,stage5,220,post_render_sanity_check,pass,pass,accept_candidate,0,0,1
stick,stage5,221,post_render_sanity_check,pass,pass,accept_candidate,0,0,1
stick,stage5,222,post_render_sanity_check,pass,pass,accept_candidate,0,0,1
stick,stage5,223,post_render_sanity_check,pass,pass,accept_candidate,0,0,1
stick,stage5,224,post_render_sanity_check,pass,pass,accept_candidate,0,0,1
stick,stage5,225,post_render_sanity_check,pass,pass,accept_candidate,0,0,1
stick,stage5,226,post_render_sanity_check,pass,pass,accept_candidate,0,0,1
stick,stage5,227,post_render_sanity_check,pass,pass,accept_candidate,0,0,1
stick,stage5,228,post_render_sanity_check,pass,pass,accept_candidate,0,0,1
stick,stage5,229,post_render_sanity_check,pass,pass,accept_candidate,0,0,1
stick,stage5,230,post_render_sanity_check,pass,pass,accept_candidate,0,0,1
stick,stage5,231,post_render_sanity_check,pass,pass,accept_candidate,0,0,1
stick,stage5,232,post_render_sanity_check,pass,pass,accept_candidate,0,0,1
stick,stage5,233,post_render_sanity_check,pass,pass,accept_candidate,0,0,1
stick,stage5,234,post_render_sanity_check,pass,pass,accept_candidate,0,0,1
stick,stage5,235,post_render_sanity_check,pass,pass,accept_candidate,0,0,1
stick,stage5,236,post_render_sanity_check,pass,pass,accept_candidate,0,0,1
stick,stage5,237,post_render_sanity_check,pass,pass,accept_candidate,0,0,1
stick,stage5,238,post_render_sanity_check,pass,pass,accept_candidate,0,0,1
stick,stage5,239,post_render_sanity_check,pass,pass,accept_candidate,0,0,1
stick,stage5,240,post_render_sanity_check,pass,pass,accept_candidate,0,0,1
stick,stage6,1,baseline_regression_check,unclear,unclear,unclear_no_update,0,0,1
stick,stage6,121,baseline_regression_check,unclear,unclear,unclear_no_update,0,0,1
stick,stage6,240,baseline_regression_check,unclear,unclear,unclear_no_update,0,0,1
stick,stage7,33,loss_diagnostic_check,normal,pass,accept_candidate,0,0,1
stick,stage7,186,loss_diagnostic_check,normal,pass,accept_candidate,0,0,1
stick,stage7,181,loss_diagnostic_check,visual_spike,reject,mark_for_report_only,0,0,1
stick,stage7,1,loss_diagnostic_check,visual_spike,reject,mark_for_report_only,0,0,1
stick,stage7,121,loss_diagnostic_check,normal,pass,accept_candidate,0,0,1
