frame,time,left_detected,left_wrist_x,left_wrist_y,left_wrist_z,left_palm_x,left_palm_y,left_palm_z,left_thumb_tip_x,left_thumb_tip_y,left_thumb_tip_z,left_index_tip_x,left_index_tip_y,left_index_tip_z,left_middle_tip_x,left_middle_tip_y,left_middle_tip_z,left_ring_tip_x,left_ring_tip_y,left_ring_tip_z,left_pinky_tip_x,left_pinky_tip_y,left_pinky_tip_z,right_detected,right_wrist_x,right_wrist_y,right_wrist_z,right_palm_x,right_palm_y,right_palm_z,right_thumb_tip_x,right_thumb_tip_y,right_thumb_tip_z,right_index_tip_x,right_index_tip_y,right_index_tip_z,right_middle_tip_x,right_middle_tip_y,right_middle_tip_z,right_ring_tip_x,right_ring_tip_y,right_ring_tip_z,right_pinky_tip_x,right_pinky_tip_y,right_pinky_tip_z
1,0.041667,1,-0.150343,-0.124897,3.975230,-0.209856,-0.093186,3.978070,-0.261001,-0.106696,3.933795,-0.250909,-0.089337,3.924567,-0.229178,-0.092946,3.934418,-0.216059,-0.081477,3.940441,-0.210631,-0.061092,3.947212,1,-0.687631,-0.005466,3.721536,-0.684915,0.060900,3.715960,-0.625860,0.100076,3.724253,-0.631249,0.127090,3.739958,-0.641017,0.129067,3.753642,-0.654535,0.122000,3.762896,-0.676153,0.110316,3.763113
2,0.083333,1,-0.148847,-0.122471,3.975850,-0.208650,-0.090632,3.979715,-0.259236,-0.101824,3.933053,-0.252740,-0.082424,3.925272,-0.229102,-0.087678,3.933980,-0.215416,-0.077303,3.940393,-0.210152,-0.056769,3.948175,1,-0.688898,-0.006776,3.722895,-0.685537,0.060198,3.716518,-0.626094,0.099330,3.725578,-0.631761,0.126535,3.740667,-0.641917,0.127900,3.754333,-0.655796,0.121130,3.763384,-0.677772,0.108923,3.763717
3,0.125000,1,-0.147096,-0.118051,3.978262,-0.206534,-0.086061,3.982580,-0.256213,-0.093619,3.932537,-0.254454,-0.072546,3.927085,-0.227877,-0.080182,3.934574,-0.213347,-0.071461,3.941383,-0.208198,-0.050826,3.949839,1,-0.690238,-0.008282,3.724771,-0.686530,0.059030,3.717729,-0.626313,0.098042,3.728022,-0.632466,0.125545,3.742079,-0.643115,0.126043,3.755700,-0.657571,0.119731,3.764509,-0.680085,0.106454,3.765087
4,0.166667,1,-0.145289,-0.113038,3.982254,-0.203884,-0.080306,3.985767,-0.252696,-0.084594,3.932736,-0.254745,-0.063483,3.929652,-0.224864,-0.073485,3.936869,-0.209667,-0.066263,3.943542,-0.204428,-0.045703,3.951515,1,-0.691284,-0.009533,3.727122,-0.687575,0.057619,3.719371,-0.626410,0.096491,3.730645,-0.633040,0.124156,3.743658,-0.643999,0.123889,3.757261,-0.658993,0.117989,3.766027,-0.681983,0.103578,3.766925
5,0.208333,1,-0.142488,-0.108082,3.986710,-0.201049,-0.074202,3.988341,-0.249297,-0.076774,3.933284,-0.253089,-0.056519,3.931886,-0.220388,-0.068545,3.940367,-0.204991,-0.062310,3.946231,-0.199398,-0.042074,3.953019,1,-0.691073,-0.011106,3.729460,-0.688526,0.056061,3.720861,-0.626558,0.094900,3.732111,-0.633490,0.122253,3.744492,-0.644514,0.121641,3.758143,-0.659740,0.115999,3.767180,-0.682950,0.101283,3.768389
6,0.250000,1,-0.140057,-0.102670,3.989990,-0.198306,-0.068298,3.989913,-0.246313,-0.070668,3.933813,-0.248779,-0.051335,3.933113,-0.215159,-0.064636,3.944380,-0.200015,-0.059000,3.949235,-0.193747,-0.039428,3.955059,1,-0.692048,-0.012908,3.731503,-0.689470,0.054436,3.721887,-0.627043,0.093417,3.731968,-0.634144,0.119830,3.744352,-0.645103,0.119586,3.758078,-0.660122,0.113951,3.767676,-0.683128,0.100132,3.769139
7,0.291667,1,-0.138102,-0.097972,3.991647,-0.195793,-0.062807,3.990721,-0.243883,-0.065814,3.934370,-0.242327,-0.047039,3.933554,-0.210000,-0.060621,3.948012,-0.195416,-0.055387,3.952204,-0.188228,-0.036814,3.957902,1,-0.692536,-0.014355,3.732651,-0.690597,0.052872,3.722797,-0.628163,0.092174,3.731253,-0.635393,0.117293,3.744170,-0.646207,0.118071,3.757940,-0.660680,0.112005,3.768272,-0.682969,0.099633,3.769939
8,0.333333,1,-0.135940,-0.093538,3.991808,-0.193623,-0.057911,3.991144,-0.241958,-0.061865,3.934815,-0.236237,-0.042725,3.933537,-0.205631,-0.056078,3.950037,-0.191698,-0.051111,3.954135,-0.183708,-0.033662,3.960543,1,-0.693461,-0.015851,3.732911,-0.692066,0.051457,3.724124,-0.630154,0.091296,3.731575,-0.637482,0.115368,3.745121,-0.647986,0.117257,3.758862,-0.661886,0.110341,3.769857,-0.683094,0.098944,3.771685
9,0.375000,1,-0.134255,-0.089172,3.992731,-0.191952,-0.053946,3.991271,-0.240287,-0.058922,3.934608,-0.232861,-0.038311,3.932945,-0.202405,-0.051594,3.949761,-0.188950,-0.046769,3.954259,-0.180700,-0.030247,3.961737,1,-0.694627,-0.017428,3.734296,-0.693901,0.050195,3.725927,-0.633010,0.090841,3.733603,-0.640304,0.114563,3.747422,-0.650363,0.116996,3.761024,-0.664074,0.109178,3.772370,-0.684236,0.097851,3.774256
10,0.416667,1,-0.133267,-0.085791,3.994048,-0.190815,-0.051135,3.991064,-0.238720,-0.057036,3.933752,-0.232424,-0.034718,3.931802,-0.200357,-0.048097,3.947903,-0.187047,-0.043251,3.952973,-0.179168,-0.027191,3.961369,1,-0.696192,-0.018623,3.736697,-0.695897,0.049073,3.727814,-0.636391,0.090767,3.736637,-0.643337,0.114778,3.750327,-0.653071,0.116980,3.763677,-0.667237,0.108629,3.774982,-0.686784,0.096782,3.776692
11,0.458333,1,-0.131658,-0.083239,3.993871,-0.190083,-0.049408,3.990630,-0.237261,-0.055893,3.932837,-0.233523,-0.032803,3.930456,-0.199331,-0.045991,3.945780,-0.185851,-0.040975,3.951316,-0.178752,-0.024854,3.960267,1,-0.696702,-0.019818,3.737998,-0.697679,0.048127,3.729506,-0.639777,0.090950,3.739482,-0.645928,0.115504,3.753059,-0.655652,0.117032,3.766124,-0.670749,0.108567,3.777147,-0.690229,0.096102,3.778369
12,0.500000,1,-0.130766,-0.081558,3.994179,-0.189590,-0.048485,3.990095,-0.235919,-0.055280,3.932055,-0.234476,-0.032444,3.928987,-0.199014,-0.044886,3.943772,-0.185173,-0.039737,3.949761,-0.178985,-0.023228,3.958982,1,-0.697295,-0.020467,3.739650,-0.698944,0.047429,3.731070,-0.642598,0.091252,3.741424,-0.647673,0.116228,3.755339,-0.657648,0.117092,3.768223,-0.673708,0.108509,3.779068,-0.693421,0.095507,3.779653
13,0.541667,1,-0.130250,-0.080400,3.993951,-0.189171,-0.047985,3.989598,-0.234898,-0.055367,3.931398,-0.234131,-0.032904,3.927443,-0.198964,-0.044228,3.941801,-0.184764,-0.039139,3.948380,-0.179324,-0.022245,3.957633,1,-0.697835,-0.020842,3.740581,-0.699599,0.046996,3.732578,-0.644346,0.091570,3.742534,-0.648544,0.116649,3.757219,-0.658858,0.117000,3.770112,-0.675622,0.107939,3.781073,-0.695508,0.094407,3.781177
14,0.583333,1,-0.129668,-0.080028,3.994393,-0.188789,-0.047714,3.989414,-0.234595,-0.056232,3.931245,-0.232528,-0.033701,3.926424,-0.198895,-0.044020,3.940447,-0.184544,-0.039125,3.947541,-0.179437,-0.022013,3.956531,1,-0.697140,-0.021031,3.741351,-0.699694,0.046780,3.733868,-0.644861,0.091833,3.743215,-0.648768,0.116763,3.758654,-0.659313,0.116626,3.771757,-0.676456,0.106937,3.782964,-0.696300,0.092862,3.782910
15,0.625000,1,-0.129406,-0.080269,3.994913,-0.188692,-0.047970,3.989556,-0.235032,-0.057611,3.931544,-0.230940,-0.034867,3.926343,-0.199032,-0.044657,3.940015,-0.184825,-0.039931,3.947227,-0.179578,-0.022729,3.955783,1,-0.696168,-0.021100,3.741878,-0.699333,0.046731,3.734708,-0.644464,0.092027,3.743612,-0.648555,0.116757,3.759375,-0.659083,0.116116,3.772835,-0.676289,0.106139,3.784197,-0.695952,0.091644,3.784285
16,0.666667,1,-0.129558,-0.081122,3.995470,-0.189281,-0.049473,3.989197,-0.235722,-0.059583,3.930935,-0.230674,-0.036888,3.926218,-0.199981,-0.046418,3.939149,-0.186151,-0.041711,3.946102,-0.180443,-0.024493,3.954412,1,-0.695222,-0.021088,3.742253,-0.698570,0.046842,3.735005,-0.643611,0.092212,3.743637,-0.647902,0.116782,3.759268,-0.658209,0.115785,3.773066,-0.675256,0.106054,3.784482,-0.694716,0.091397,3.784872
17,0.708333,1,-0.130666,-0.082625,3.994778,-0.190814,-0.052968,3.986887,-0.236347,-0.063161,3.927498,-0.232227,-0.040578,3.924020,-0.202486,-0.049347,3.935313,-0.189041,-0.044413,3.941953,-0.182775,-0.027341,3.950527,1,-0.694467,-0.020778,3.741608,-0.697375,0.047147,3.734951,-0.642532,0.092484,3.743384,-0.646647,0.116925,3.758711,-0.656703,0.115897,3.772657,-0.673519,0.106660,3.784079,-0.692846,0.092114,3.784763
18,0.750000,1,-0.131832,-0.085821,3.991704,-0.193308,-0.058901,3.981627,-0.237029,-0.069565,3.920219,-0.235631,-0.046571,3.918506,-0.207063,-0.053477,3.927028,-0.193704,-0.048040,3.933540,-0.186984,-0.031436,3.942966,1,-0.692743,-0.020155,3.742254,-0.695718,0.047685,3.734852,-0.641218,0.092895,3.743108,-0.644703,0.117262,3.758181,-0.654588,0.116532,3.772038,-0.671163,0.107721,3.783403,-0.690503,0.093485,3.784289
19,0.791667,1,-0.134817,-0.093416,3.979016,-0.196663,-0.067289,3.973874,-0.238041,-0.079273,3.909991,-0.240824,-0.055094,3.910550,-0.213611,-0.059199,3.915663,-0.199944,-0.052917,3.922087,-0.192912,-0.037185,3.932730,1,-0.691083,-0.019464,3.742142,-0.693597,0.048457,3.734810,-0.639575,0.093431,3.742932,-0.642162,0.117779,3.757769,-0.651925,0.117571,3.771376,-0.668232,0.109194,3.782570,-0.687747,0.095362,3.783577
20,0.833333,1,-0.137853,-0.101533,3.969669,-0.200694,-0.077640,3.965297,-0.239979,-0.092348,3.899607,-0.247875,-0.066417,3.902372,-0.222051,-0.067235,3.904113,-0.207777,-0.059539,3.910025,-0.200233,-0.045043,3.921782,1,-0.688962,-0.018393,3.741647,-0.691057,0.049447,3.734805,-0.637475,0.094057,3.742921,-0.639194,0.118405,3.757458,-0.648827,0.118832,3.770759,-0.664889,0.111146,3.781662,-0.684687,0.097694,3.782727
21,0.875000,1,-0.142072,-0.111716,3.965031,-0.205224,-0.089344,3.957289,-0.243431,-0.108762,3.891458,-0.256658,-0.080898,3.895237,-0.232737,-0.078181,3.893863,-0.217779,-0.068257,3.898641,-0.208916,-0.055160,3.911136,1,-0.686743,-0.017092,3.743505,-0.688295,0.050625,3.734853,-0.634829,0.094773,3.743155,-0.636040,0.119126,3.757317,-0.645538,0.120186,3.770357,-0.661479,0.113455,3.780898,-0.681579,0.100275,3.781997
22,0.916667,1,-0.146436,-0.123163,3.959131,-0.210263,-0.102441,3.950011,-0.247659,-0.127433,3.884726,-0.265866,-0.098310,3.888274,-0.244892,-0.092091,3.884387,-0.229900,-0.079155,3.888097,-0.218770,-0.067217,3.901344,1,-0.684125,-0.015680,3.743853,-0.685606,0.051959,3.734915,-0.631714,0.095613,3.743624,-0.632962,0.120012,3.757318,-0.642371,0.121597,3.770172,-0.658342,0.115803,3.780349,-0.678695,0.102770,3.781529
23,0.958333,1,-0.152324,-0.136611,3.952866,-0.215909,-0.117651,3.942946,-0.250921,-0.145568,3.876794,-0.273478,-0.117569,3.880104,-0.255856,-0.108403,3.875119,-0.242234,-0.092223,3.878857,-0.228870,-0.080792,3.893572,1,-0.682606,-0.014311,3.744750,-0.683119,0.053445,3.734951,-0.628345,0.096625,3.744239,-0.630047,0.121196,3.757445,-0.639484,0.123140,3.770138,-0.655589,0.117943,3.780021,-0.676124,0.104910,3.781318
24,1.000000,1,-0.158342,-0.151486,3.946550,-0.222028,-0.135517,3.935865,-0.252580,-0.159872,3.867159,-0.279054,-0.137576,3.871123,-0.263520,-0.126293,3.866937,-0.252290,-0.107664,3.871969,-0.238152,-0.095961,3.888935,1,-0.680814,-0.012576,3.744921,-0.680776,0.055095,3.734966,-0.624914,0.097822,3.744830,-0.627213,0.122734,3.757737,-0.636867,0.124883,3.770287,-0.653131,0.119804,3.780005,-0.673760,0.106573,3.781424
25,1.041667,1,-0.163166,-0.166966,3.938879,-0.228223,-0.155796,3.928831,-0.253433,-0.169203,3.857360,-0.284400,-0.158675,3.862911,-0.268989,-0.145647,3.860909,-0.259891,-0.125833,3.867691,-0.246790,-0.113250,3.887015,1,-0.677401,-0.010583,3.744046,-0.678601,0.056865,3.734865,-0.621558,0.099129,3.745079,-0.624497,0.124445,3.757965,-0.634543,0.126710,3.770442,-0.650869,0.121356,3.780185,-0.671441,0.107773,3.781824
26,1.083333,1,-0.169042,-0.181250,3.932022,-0.233976,-0.177642,3.921463,-0.254270,-0.176044,3.847976,-0.290991,-0.183155,3.855401,-0.275885,-0.167836,3.856046,-0.267872,-0.147037,3.864343,-0.256585,-0.133163,3.885682,1,-0.676300,-0.008777,3.743032,-0.676718,0.058663,3.734407,-0.618413,0.100425,3.744582,-0.622081,0.126000,3.757599,-0.632527,0.128402,3.770109,-0.648665,0.122624,3.780081,-0.668982,0.108736,3.782143
27,1.125000,1,-0.173976,-0.196016,3.924955,-0.238956,-0.200341,3.913255,-0.256050,-0.183805,3.838711,-0.298732,-0.212541,3.847444,-0.287177,-0.193785,3.850753,-0.279418,-0.171128,3.860602,-0.269303,-0.155829,3.883928,1,-0.675693,-0.007390,3.741835,-0.675112,0.060442,3.733378,-0.615628,0.101664,3.743132,-0.620035,0.127219,3.756265,-0.630663,0.129800,3.768928,-0.646287,0.123709,3.779228,-0.666194,0.109818,3.781806
28,1.166667,1,-0.179226,-0.211972,3.917704,-0.243418,-0.223244,3.904991,-0.260612,-0.194320,3.830387,-0.307829,-0.244191,3.840874,-0.302710,-0.221439,3.846536,-0.294916,-0.197205,3.858447,-0.284389,-0.180909,3.883864,1,-0.673720,-0.005431,3.740832,-0.673653,0.062177,3.731695,-0.613305,0.102850,3.740837,-0.618285,0.128163,3.753942,-0.628789,0.130851,3.766882,-0.643653,0.124632,3.777459,-0.663147,0.111174,3.780375
29,1.208333,1,-0.185170,-0.228738,3.908029,-0.247956,-0.245047,3.898513,-0.268827,-0.209847,3.824859,-0.318815,-0.273193,3.840047,-0.319681,-0.247995,3.846983,-0.311796,-0.224491,3.860861,-0.299137,-0.207927,3.887509,1,-0.673061,-0.003268,3.737851,-0.672321,0.063765,3.729538,-0.611373,0.103887,3.738034,-0.616723,0.129012,3.750928,-0.626984,0.131610,3.764242,-0.641083,0.125396,3.774966,-0.660376,0.112720,3.777894
30,1.250000,1,-0.189523,-0.244216,3.899665,-0.252806,-0.264487,3.894299,-0.277944,-0.234176,3.824048,-0.330461,-0.297286,3.845996,-0.334835,-0.273288,3.852584,-0.326612,-0.252705,3.866948,-0.310710,-0.235961,3.892526,1,-0.671634,-0.001814,3.734260,-0.671244,0.065069,3.727485,-0.609618,0.104602,3.735296,-0.615307,0.129924,3.747931,-0.625539,0.132274,3.761625,-0.639169,0.126206,3.772384,-0.658631,0.114322,3.775087
31,1.291667,1,-0.194588,-0.262784,3.894501,-0.257501,-0.281527,3.889772,-0.280928,-0.270621,3.828646,-0.338986,-0.317965,3.852398,-0.344447,-0.298449,3.856879,-0.335421,-0.280501,3.869140,-0.316420,-0.262404,3.890587,1,-0.672354,-0.000782,3.734825,-0.670587,0.066041,3.726152,-0.607967,0.104960,3.733338,-0.614181,0.130947,3.745777,-0.624747,0.133059,3.759751,-0.638323,0.127237,3.770503,-0.658270,0.115740,3.772951
32,1.333333,1,-0.200264,-0.281085,3.888530,-0.260975,-0.297390,3.880967,-0.270146,-0.317305,3.834596,-0.338866,-0.338042,3.848384,-0.343355,-0.323173,3.848910,-0.333353,-0.305114,3.856736,-0.313345,-0.283906,3.872219,1,-0.672889,-0.000359,3.733817,-0.670317,0.066750,3.725683,-0.606566,0.105132,3.732655,-0.613515,0.131977,3.744873,-0.624595,0.133971,3.758957,-0.638357,0.128301,3.769721,-0.658867,0.116665,3.771996
33,1.375000,1,-0.204931,-0.298876,3.885779,-0.262399,-0.314085,3.867581,-0.246357,-0.363123,3.832668,-0.327250,-0.359680,3.829807,-0.329497,-0.346468,3.825384,-0.319027,-0.325639,3.828809,-0.301350,-0.300653,3.839739,1,-0.672831,0.000255,3.735402,-0.670088,0.067310,3.725745,-0.605484,0.105317,3.733059,-0.613113,0.132784,3.745004,-0.624583,0.134806,3.759034,-0.638510,0.129014,3.769859,-0.659434,0.117061,3.771972
34,1.416667,1,-0.208196,-0.316818,3.882793,-0.262394,-0.333672,3.855022,-0.221718,-0.395338,3.818304,-0.310004,-0.384432,3.807242,-0.310817,-0.369904,3.798739,-0.301244,-0.346187,3.800181,-0.287833,-0.318396,3.809943,1,-0.672708,0.000583,3.735611,-0.669512,0.067826,3.725906,-0.604539,0.105580,3.733714,-0.612498,0.133155,3.745586,-0.624065,0.135371,3.759470,-0.638017,0.129215,3.770414,-0.659135,0.117277,3.772261
35,1.458333,1,-0.211241,-0.335180,3.878562,-0.262803,-0.356595,3.848556,-0.207885,-0.412841,3.799066,-0.297917,-0.412917,3.794905,-0.299983,-0.396922,3.784014,-0.293542,-0.372267,3.785331,-0.283684,-0.342797,3.795817,1,-0.671242,0.001054,3.734607,-0.668605,0.068363,3.725974,-0.603634,0.105938,3.733963,-0.611536,0.133154,3.746188,-0.622881,0.135686,3.759893,-0.636744,0.129097,3.770936,-0.657929,0.117664,3.772425
36,1.500000,1,-0.214463,-0.350749,3.875204,-0.265044,-0.380125,3.847142,-0.206504,-0.425455,3.785927,-0.294190,-0.442327,3.793501,-0.299460,-0.426445,3.781236,-0.297847,-0.402528,3.782223,-0.290124,-0.371696,3.792991,1,-0.670164,0.001674,3.733800,-0.667855,0.068930,3.726089,-0.603072,0.106453,3.733963,-0.610680,0.133099,3.746800,-0.621547,0.135917,3.760304,-0.635261,0.128988,3.771317,-0.656490,0.118236,3.772518
37,1.541667,1,-0.219170,-0.366393,3.871280,-0.269160,-0.400192,3.845765,-0.213821,-0.442224,3.782381,-0.292882,-0.467224,3.792935,-0.300706,-0.452089,3.779727,-0.303170,-0.429231,3.779599,-0.296939,-0.397228,3.789486,1,-0.670102,0.002403,3.733464,-0.667763,0.069500,3.726552,-0.603231,0.107113,3.734297,-0.610474,0.133270,3.747633,-0.620773,0.136266,3.760909,-0.634308,0.129114,3.771801,-0.655532,0.118810,3.772970
38,1.583333,1,-0.225346,-0.382678,3.871946,-0.274014,-0.415558,3.841565,-0.225142,-0.463817,3.784302,-0.289366,-0.485110,3.787448,-0.297642,-0.470189,3.773926,-0.301344,-0.448079,3.772694,-0.295783,-0.415396,3.780940,1,-0.670788,0.002588,3.737347,-0.668421,0.070051,3.727398,-0.604118,0.107806,3.735114,-0.611052,0.133742,3.748672,-0.620894,0.136883,3.761722,-0.634280,0.129578,3.772558,-0.655331,0.119331,3.773966
39,1.625000,1,-0.230872,-0.398749,3.870620,-0.278144,-0.428273,3.835052,-0.234916,-0.484805,3.785889,-0.283638,-0.497679,3.779335,-0.290672,-0.482567,3.766717,-0.292709,-0.460996,3.765194,-0.286645,-0.428231,3.771784,1,-0.673038,0.003371,3.738040,-0.669562,0.070578,3.728278,-0.605487,0.108470,3.736061,-0.612198,0.134386,3.749734,-0.621777,0.137721,3.762584,-0.635153,0.130352,3.773488,-0.655820,0.119857,3.775197
40,1.666667,1,-0.237039,-0.414479,3.868891,-0.280935,-0.440674,3.827841,-0.239201,-0.501450,3.784912,-0.275768,-0.507054,3.772829,-0.280802,-0.491893,3.762657,-0.279588,-0.470702,3.761971,-0.273381,-0.438658,3.767391,1,-0.673752,0.003563,3.736913,-0.670854,0.071074,3.728862,-0.607190,0.109140,3.736889,-0.613635,0.135002,3.750852,-0.623125,0.138562,3.763524,-0.636716,0.131281,3.774521,-0.656892,0.120353,3.776352
41,1.708333,1,-0.242809,-0.427916,3.868695,-0.282681,-0.453816,3.821153,-0.237199,-0.514548,3.782719,-0.265349,-0.514430,3.769658,-0.268398,-0.499520,3.762919,-0.263975,-0.478425,3.763943,-0.259942,-0.448043,3.768727,1,-0.674795,0.004000,3.737993,-0.672186,0.071514,3.728972,-0.609215,0.109847,3.737366,-0.615193,0.135559,3.751840,-0.624743,0.139304,3.764365,-0.638752,0.132242,3.775400,-0.658492,0.120743,3.777154
42,1.750000,1,-0.248891,-0.440640,3.865919,-0.283786,-0.467699,3.815452,-0.230521,-0.526318,3.781148,-0.253949,-0.521165,3.768559,-0.255392,-0.506589,3.765019,-0.249008,-0.485327,3.767832,-0.249082,-0.457073,3.772417,1,-0.675839,0.004326,3.735871,-0.673635,0.071845,3.728476,-0.611457,0.110523,3.737066,-0.616787,0.136200,3.751952,-0.626476,0.140049,3.764367,-0.640976,0.133292,3.775382,-0.660469,0.121156,3.777035
43,1.791667,1,-0.255338,-0.456315,3.863474,-0.284484,-0.481913,3.810997,-0.222617,-0.538099,3.781512,-0.244140,-0.528923,3.768499,-0.244255,-0.514432,3.766989,-0.237499,-0.493022,3.770777,-0.241540,-0.466728,3.775222,1,-0.677617,0.004662,3.733416,-0.675187,0.072031,3.727511,-0.613714,0.111085,3.736016,-0.618326,0.137009,3.750879,-0.628106,0.140869,3.763206,-0.643035,0.134505,3.774103,-0.662566,0.121863,3.775692
44,1.833333,1,-0.262933,-0.469760,3.864476,-0.284933,-0.496187,3.808153,-0.216601,-0.550198,3.784777,-0.236794,-0.538876,3.770430,-0.235749,-0.523908,3.769683,-0.229825,-0.502623,3.773169,-0.236421,-0.477971,3.776863,1,-0.679512,0.004284,3.734542,-0.676671,0.072124,3.726460,-0.615862,0.111565,3.734835,-0.619720,0.137864,3.749254,-0.629505,0.141608,3.761526,-0.644731,0.135682,3.772175,-0.664538,0.122837,3.773664
45,1.875000,1,-0.267776,-0.481729,3.863863,-0.285454,-0.510288,3.806951,-0.213263,-0.562269,3.790681,-0.231651,-0.551083,3.774319,-0.229637,-0.534974,3.773645,-0.225114,-0.514038,3.775718,-0.232926,-0.490790,3.777828,1,-0.679367,0.004590,3.733577,-0.677972,0.072228,3.725554,-0.617829,0.112028,3.733912,-0.620948,0.138541,3.747742,-0.630730,0.142054,3.760043,-0.646094,0.136483,3.770427,-0.666186,0.123704,3.771825
46,1.916667,1,-0.273328,-0.491996,3.864632,-0.286532,-0.523752,3.806941,-0.212173,-0.573745,3.797363,-0.228965,-0.564485,3.778089,-0.226074,-0.546981,3.777666,-0.223032,-0.526300,3.778185,-0.231293,-0.504271,3.778314,1,-0.680740,0.004955,3.733875,-0.679096,0.072391,3.724808,-0.619507,0.112442,3.733157,-0.622011,0.138917,3.746506,-0.631835,0.142177,3.758937,-0.647176,0.136808,3.769186,-0.667353,0.124170,3.770636
47,1.958333,1,-0.278409,-0.502518,3.865068,-0.288255,-0.536198,3.807588,-0.212855,-0.584099,3.802903,-0.228730,-0.577743,3.780636,-0.225092,-0.559303,3.781306,-0.223720,-0.538298,3.781699,-0.232265,-0.517267,3.779933,1,-0.681827,0.005102,3.733767,-0.680024,0.072586,3.724235,-0.620820,0.112743,3.732444,-0.622827,0.139004,3.745570,-0.632693,0.142087,3.758168,-0.647926,0.136821,3.768436,-0.667968,0.124238,3.770089
48,2.000000,1,-0.282091,-0.511975,3.863624,-0.290207,-0.547478,3.808619,-0.214677,-0.592835,3.806604,-0.230183,-0.589606,3.783122,-0.226481,-0.571038,3.785863,-0.227651,-0.548923,3.788489,-0.236676,-0.528459,3.785056,1,-0.682374,0.005341,3.732455,-0.680691,0.072754,3.723889,-0.621741,0.112904,3.731889,-0.623319,0.138900,3.745035,-0.633195,0.141913,3.757759,-0.648360,0.136723,3.768139,-0.668160,0.124089,3.770012
49,2.041667,1,-0.284197,-0.517513,3.862566,-0.291960,-0.557461,3.809956,-0.217127,-0.599728,3.808736,-0.232709,-0.598598,3.787598,-0.230270,-0.580487,3.792821,-0.235122,-0.557194,3.798874,-0.244539,-0.536843,3.793719,1,-0.682732,0.005451,3.731912,-0.681106,0.072851,3.723818,-0.622292,0.112939,3.731718,-0.623552,0.138757,3.744918,-0.633428,0.141781,3.757699,-0.648642,0.136643,3.768233,-0.668200,0.123933,3.770243
50,2.083333,1,-0.287661,-0.524175,3.862998,-0.293385,-0.565867,3.811294,-0.219711,-0.604978,3.809652,-0.235832,-0.603977,3.794016,-0.235779,-0.586178,3.801462,-0.244619,-0.562794,3.809887,-0.253906,-0.542491,3.802777,1,-0.683189,0.005317,3.732771,-0.681351,0.072870,3.724005,-0.622559,0.112891,3.731918,-0.623611,0.138660,3.745049,-0.633492,0.141723,3.757847,-0.648838,0.136602,3.768561,-0.668218,0.123867,3.770629
51,2.125000,1,-0.289410,-0.528448,3.863015,-0.294627,-0.572278,3.811940,-0.221311,-0.608875,3.809239,-0.238589,-0.607147,3.797821,-0.240741,-0.588395,3.807767,-0.252820,-0.566037,3.817335,-0.261901,-0.546038,3.808722,1,-0.683439,0.005418,3.733194,-0.681471,0.072838,3.724334,-0.622668,0.112806,3.732230,-0.623501,0.138560,3.745237,-0.633380,0.141643,3.758050,-0.648872,0.136509,3.768963,-0.668147,0.123809,3.771064
52,2.166667,1,-0.290877,-0.532599,3.862309,-0.295736,-0.576675,3.811493,-0.221108,-0.611655,3.807542,-0.240011,-0.610068,3.795366,-0.243235,-0.588755,3.808906,-0.257475,-0.567597,3.819716,-0.267166,-0.548149,3.810676,1,-0.683589,0.005094,3.733500,-0.681470,0.072797,3.724661,-0.622712,0.112724,3.732466,-0.623238,0.138409,3.745427,-0.633127,0.141481,3.758269,-0.648757,0.136325,3.769369,-0.667978,0.123663,3.771512
53,2.208333,1,-0.292355,-0.536793,3.861732,-0.296353,-0.579904,3.810489,-0.219990,-0.613775,3.805530,-0.240043,-0.612439,3.790988,-0.244080,-0.588463,3.808115,-0.259499,-0.568457,3.819568,-0.270592,-0.549754,3.810368,1,-0.683388,0.005186,3.733298,-0.681386,0.072785,3.724906,-0.622732,0.112677,3.732615,-0.622920,0.138282,3.745631,-0.632867,0.141316,3.758520,-0.648641,0.136128,3.769740,-0.667861,0.123453,3.771931
54,2.250000,1,-0.293955,-0.539769,3.861386,-0.296137,-0.583095,3.809906,-0.219504,-0.615941,3.804460,-0.239349,-0.613006,3.791665,-0.245315,-0.588088,3.810389,-0.260959,-0.569493,3.820169,-0.273410,-0.551772,3.809886,1,-0.683658,0.005111,3.733450,-0.681314,0.072810,3.725070,-0.622766,0.112694,3.732716,-0.622668,0.138266,3.745850,-0.632733,0.141233,3.758795,-0.648650,0.135981,3.770055,-0.667936,0.123216,3.772285
55,2.291667,1,-0.294767,-0.542237,3.860560,-0.295446,-0.586754,3.810273,-0.219690,-0.618312,3.804793,-0.238559,-0.612482,3.797305,-0.247200,-0.588282,3.815496,-0.262220,-0.570917,3.822044,-0.275492,-0.554445,3.809976,1,-0.683381,0.005354,3.732707,-0.681342,0.072844,3.725232,-0.622908,0.112769,3.732840,-0.622557,0.138329,3.746139,-0.632773,0.141184,3.759129,-0.648811,0.135831,3.770379,-0.668201,0.122931,3.772613
56,2.333333,1,-0.296112,-0.544782,3.860329,-0.295010,-0.590549,3.811381,-0.219348,-0.620120,3.806010,-0.237684,-0.612730,3.802150,-0.248391,-0.589365,3.819507,-0.262280,-0.572259,3.823650,-0.276012,-0.557250,3.810325,1,-0.683781,0.005193,3.732631,-0.681491,0.072861,3.725513,-0.623257,0.112864,3.733101,-0.622618,0.138384,3.746634,-0.632965,0.141080,3.759636,-0.649088,0.135641,3.770836,-0.668581,0.122649,3.772988
57,2.375000,1,-0.297300,-0.547316,3.861323,-0.294997,-0.593858,3.812599,-0.218171,-0.620915,3.807359,-0.236203,-0.614674,3.802733,-0.247865,-0.590970,3.820514,-0.260402,-0.573035,3.824049,-0.274636,-0.559590,3.810689,1,-0.683910,0.005174,3.733348,-0.681718,0.072865,3.725913,-0.623825,0.112941,3.733521,-0.622854,0.138435,3.747352,-0.633275,0.140949,3.760325,-0.649453,0.135520,3.771392,-0.669046,0.122566,3.773329
58,2.416667,1,-0.299119,-0.549783,3.862821,-0.295028,-0.596459,3.813413,-0.217078,-0.621361,3.808528,-0.233895,-0.618075,3.800239,-0.245855,-0.592674,3.819840,-0.256825,-0.573354,3.823692,-0.271940,-0.561461,3.811231,1,-0.684710,0.005310,3.734899,-0.681984,0.072882,3.726221,-0.624504,0.112986,3.733897,-0.623249,0.138580,3.747998,-0.633680,0.140932,3.760922,-0.649886,0.135647,3.771734,-0.669631,0.122893,3.773327
59,2.458333,1,-0.300253,-0.552229,3.863273,-0.294893,-0.598658,3.813700,-0.216666,-0.622039,3.809450,-0.231336,-0.622044,3.797222,-0.243719,-0.594326,3.819487,-0.253011,-0.573696,3.823451,-0.269344,-0.563285,3.812065,1,-0.685101,0.005330,3.735267,-0.682302,0.072940,3.726196,-0.625109,0.113016,3.733932,-0.623773,0.138889,3.748122,-0.634147,0.141157,3.761021,-0.650337,0.136092,3.771498,-0.670346,0.123678,3.772708
60,2.500000,1,-0.301616,-0.554924,3.863109,-0.294643,-0.600910,3.813672,-0.216700,-0.622675,3.810041,-0.229386,-0.626100,3.794913,-0.242726,-0.596151,3.820157,-0.250871,-0.574571,3.823912,-0.267984,-0.565444,3.813021,1,-0.685734,0.005450,3.735013,-0.682700,0.073063,3.725792,-0.625472,0.113068,3.733510,-0.624380,0.139334,3.747524,-0.634646,0.141634,3.760444,-0.650750,0.136753,3.770617,-0.671136,0.124756,3.771551
61,2.541667,1,-0.302603,-0.557437,3.862796,-0.294250,-0.603548,3.813684,-0.216816,-0.623090,3.810452,-0.228335,-0.631307,3.792724,-0.242710,-0.598944,3.821056,-0.251324,-0.576472,3.825368,-0.267654,-0.568171,3.813884,1,-0.686154,0.005858,3.734599,-0.683150,0.073235,3.725126,-0.625552,0.113163,3.732796,-0.624988,0.139791,3.746409,-0.635164,0.142219,3.759378,-0.651124,0.137410,3.769363,-0.671909,0.125815,3.770206
62,2.583333,1,-0.303172,-0.560073,3.862145,-0.293685,-0.606668,3.813952,-0.216882,-0.623623,3.810752,-0.228153,-0.639184,3.789294,-0.242430,-0.603843,3.820225,-0.253821,-0.579602,3.827473,-0.267595,-0.571517,3.814418,1,-0.686347,0.006061,3.733956,-0.683539,0.073398,3.724301,-0.625508,0.113294,3.732026,-0.625478,0.140116,3.745174,-0.635662,0.142680,3.758171,-0.651486,0.137855,3.768084,-0.672558,0.126555,3.768947
63,2.625000,1,-0.303761,-0.562864,3.861433,-0.293187,-0.609972,3.814205,-0.216840,-0.624147,3.810121,-0.229259,-0.649506,3.783700,-0.241023,-0.611817,3.814606,-0.257056,-0.583505,3.828732,-0.267717,-0.575127,3.813996,1,-0.686479,0.006177,3.733247,-0.683724,0.073497,3.723335,-0.625553,0.113445,3.731249,-0.625718,0.140242,3.744069,-0.636020,0.142875,3.757035,-0.651793,0.138016,3.766951,-0.672948,0.126833,3.767818
64,2.666667,1,-0.304151,-0.565326,3.861159,-0.293118,-0.612827,3.813716,-0.216576,-0.623890,3.807357,-0.231923,-0.659812,3.776015,-0.238961,-0.622429,3.802316,-0.260117,-0.587264,3.827500,-0.268605,-0.578238,3.811829,1,-0.686492,0.006270,3.732943,-0.683634,0.073515,3.722185,-0.625714,0.113594,3.730290,-0.625615,0.140240,3.743013,-0.636093,0.142860,3.755902,-0.651933,0.137969,3.765872,-0.672986,0.126700,3.766719
65,2.708333,1,-0.303514,-0.567793,3.859547,-0.293499,-0.614752,3.812009,-0.215992,-0.622752,3.802735,-0.235105,-0.667187,3.767743,-0.237543,-0.632723,3.786493,-0.262634,-0.590146,3.823750,-0.270445,-0.580241,3.807958,1,-0.685687,0.006210,3.731396,-0.683336,0.073464,3.720785,-0.625814,0.113702,3.728959,-0.625229,0.140223,3.741724,-0.635886,0.142778,3.754543,-0.651859,0.137835,3.764604,-0.672742,0.126353,3.765483
66,2.750000,1,-0.303283,-0.569755,3.856823,-0.293912,-0.615894,3.809522,-0.215134,-0.621740,3.798372,-0.236973,-0.670489,3.761548,-0.237560,-0.639246,3.774042,-0.264282,-0.592154,3.819171,-0.272576,-0.581314,3.803526,1,-0.685403,0.006009,3.728873,-0.683013,0.073363,3.719121,-0.625707,0.113731,3.727293,-0.624818,0.140247,3.740038,-0.635624,0.142715,3.752847,-0.651702,0.137686,3.763002,-0.672475,0.126021,3.763986
67,2.791667,1,-0.302370,-0.571279,3.855263,-0.293864,-0.616956,3.807344,-0.214288,-0.621881,3.796277,-0.236260,-0.670656,3.760034,-0.238407,-0.641230,3.769919,-0.264855,-0.594204,3.815514,-0.274422,-0.582393,3.799886,1,-0.684832,0.005817,3.727298,-0.682833,0.073235,3.717280,-0.625414,0.113676,3.725532,-0.624672,0.140304,3.738041,-0.635584,0.142671,3.750935,-0.651665,0.137516,3.761152,-0.672448,0.125814,3.762243
68,2.833333,1,-0.302440,-0.572580,3.854067,-0.293175,-0.618683,3.806427,-0.213710,-0.623433,3.796911,-0.233047,-0.669926,3.763939,-0.238460,-0.640893,3.773839,-0.264229,-0.597685,3.812991,-0.276028,-0.584556,3.797645,1,-0.684958,0.005768,3.725742,-0.682832,0.073096,3.715415,-0.624957,0.113543,3.723895,-0.624842,0.140378,3.735923,-0.635836,0.142617,3.749013,-0.651826,0.137282,3.759254,-0.672737,0.125673,3.760421
69,2.875000,1,-0.302724,-0.573706,3.852402,-0.292112,-0.621303,3.807064,-0.213126,-0.625962,3.799492,-0.229111,-0.671276,3.770892,-0.236839,-0.641795,3.780770,-0.262182,-0.603360,3.810298,-0.277272,-0.588248,3.796388,1,-0.685091,0.005774,3.723940,-0.682895,0.072959,3.713742,-0.624239,0.113330,3.722520,-0.625091,0.140480,3.733905,-0.636207,0.142576,3.747290,-0.652089,0.136972,3.757554,-0.673203,0.125421,3.758842
70,2.916667,1,-0.302457,-0.574622,3.851517,-0.291032,-0.624404,3.808882,-0.212090,-0.628736,3.803012,-0.226370,-0.675847,3.777816,-0.234459,-0.645650,3.785987,-0.259120,-0.610455,3.806921,-0.277671,-0.593016,3.795502,1,-0.684927,0.005529,3.722978,-0.682856,0.072833,3.712485,-0.623190,0.113039,3.721516,-0.625147,0.140613,3.732266,-0.636477,0.142616,3.745985,-0.652302,0.136617,3.756356,-0.673581,0.124894,3.757912
71,2.958333,1,-0.301963,-0.575166,3.850549,-0.289987,-0.627254,3.811011,-0.210724,-0.631126,3.806829,-0.224807,-0.680753,3.783955,-0.232952,-0.650108,3.789896,-0.256553,-0.616927,3.804687,-0.277190,-0.597824,3.795116,1,-0.684642,0.005435,3.721965,-0.682619,0.072731,3.711764,-0.621897,0.112665,3.720945,-0.624940,0.140689,3.731265,-0.636522,0.142750,3.745258,-0.652348,0.136259,3.755868,-0.673651,0.124089,3.757847
72,3.000000,1,-0.301759,-0.575667,3.849584,-0.288930,-0.629167,3.812326,-0.209467,-0.632653,3.810306,-0.223424,-0.682265,3.789247,-0.233040,-0.651819,3.794638,-0.255576,-0.620877,3.805286,-0.276176,-0.601448,3.795598,1,-0.684604,0.005311,3.721124,-0.682208,0.072662,3.711538,-0.620536,0.112225,3.720833,-0.624571,0.140595,3.731055,-0.636347,0.142917,3.745154,-0.652205,0.135971,3.756046,-0.673444,0.123248,3.758436
73,3.041667,1,-0.301559,-0.576265,3.850093,-0.288038,-0.629939,3.812213,-0.208511,-0.633059,3.812673,-0.222049,-0.679729,3.792953,-0.234128,-0.650209,3.799715,-0.255573,-0.621999,3.807853,-0.274902,-0.603156,3.796710,1,-0.684524,0.005069,3.721760,-0.681753,0.072632,3.711625,-0.619287,0.111783,3.721106,-0.624213,0.140279,3.731584,-0.636068,0.142960,3.745600,-0.651952,0.135753,3.756619,-0.673182,0.122654,3.759196
74,3.083333,1,-0.300949,-0.576335,3.848898,-0.287633,-0.630011,3.811111,-0.207867,-0.632587,3.813562,-0.221268,-0.674584,3.795196,-0.235511,-0.646489,3.803848,-0.255777,-0.621194,3.810538,-0.274060,-0.603200,3.797796,1,-0.684120,0.005138,3.720803,-0.681425,0.072612,3.711753,-0.618336,0.111415,3.721481,-0.624025,0.139710,3.732455,-0.635823,0.142624,3.746297,-0.651648,0.135390,3.757204,-0.672920,0.122274,3.759731
75,3.125000,1,-0.301351,-0.576575,3.848126,-0.287850,-0.629918,3.809815,-0.207571,-0.631793,3.813055,-0.221748,-0.668120,3.796682,-0.237520,-0.641764,3.806690,-0.256627,-0.619329,3.812275,-0.274604,-0.602391,3.798248,1,-0.684462,0.005073,3.720517,-0.681297,0.072526,3.711668,-0.617798,0.111105,3.721561,-0.624026,0.138879,3.733008,-0.635609,0.141780,3.746703,-0.651203,0.134643,3.757402,-0.672417,0.121825,3.759835
76,3.166667,1,-0.301173,-0.576778,3.847882,-0.288421,-0.629918,3.808831,-0.207654,-0.631131,3.811560,-0.223612,-0.662080,3.797400,-0.240432,-0.637722,3.807847,-0.258236,-0.617436,3.812496,-0.276288,-0.601636,3.797805,1,-0.684466,0.004908,3.720326,-0.681308,0.072309,3.711270,-0.617603,0.110744,3.721099,-0.624070,0.137841,3.732776,-0.635287,0.140586,3.746395,-0.650463,0.133508,3.756994,-0.671470,0.121174,3.759448
77,3.208333,1,-0.301511,-0.577177,3.847988,-0.288855,-0.630152,3.808484,-0.208031,-0.630835,3.809850,-0.225884,-0.658645,3.797278,-0.243232,-0.636079,3.807298,-0.259665,-0.616595,3.811382,-0.277754,-0.601629,3.796837,1,-0.684841,0.004487,3.720469,-0.681383,0.071973,3.710673,-0.617567,0.110263,3.720193,-0.624057,0.136701,3.731868,-0.634825,0.139314,3.745477,-0.649498,0.132209,3.756159,-0.670250,0.120439,3.758724
78,3.250000,1,-0.301795,-0.577288,3.847631,-0.288860,-0.630692,3.808879,-0.208507,-0.630962,3.808723,-0.227135,-0.658282,3.797031,-0.244723,-0.636580,3.806355,-0.260258,-0.616940,3.810138,-0.278175,-0.602444,3.796069,1,-0.685143,0.004288,3.720156,-0.681503,0.071592,3.710087,-0.617566,0.109736,3.719229,-0.624047,0.135656,3.730793,-0.634433,0.138209,3.744434,-0.648686,0.131081,3.755279,-0.669251,0.119810,3.757954
79,3.291667,1,-0.302105,-0.577538,3.848040,-0.288487,-0.631390,3.809697,-0.208909,-0.631487,3.808518,-0.226927,-0.659615,3.797394,-0.244833,-0.637804,3.806252,-0.260132,-0.617873,3.809657,-0.277706,-0.603690,3.795823,1,-0.685386,0.003983,3.720533,-0.681651,0.071230,3.709627,-0.617586,0.109307,3.718571,-0.624147,0.134940,3.729970,-0.634356,0.137467,3.743632,-0.648398,0.130417,3.754575,-0.668892,0.119393,3.757320
80,3.333333,1,-0.302011,-0.577648,3.847871,-0.287906,-0.632049,3.810559,-0.209235,-0.632465,3.809180,-0.225887,-0.661599,3.798424,-0.244139,-0.639280,3.806830,-0.259607,-0.619031,3.809743,-0.276703,-0.605220,3.795812,1,-0.685359,0.003681,3.720446,-0.681766,0.070914,3.709289,-0.617643,0.109051,3.718334,-0.624371,0.134646,3.729546,-0.634637,0.137166,3.743173,-0.648695,0.130319,3.754057,-0.669246,0.119237,3.756801
81,3.375000,1,-0.301975,-0.577834,3.847582,-0.287252,-0.632832,3.811728,-0.209602,-0.634101,3.810736,-0.224502,-0.664514,3.800266,-0.242888,-0.641345,3.807840,-0.258989,-0.620471,3.810147,-0.275231,-0.607599,3.795666,1,-0.685236,0.003470,3.720181,-0.681771,0.070649,3.709086,-0.617734,0.108939,3.718483,-0.624647,0.134703,3.729548,-0.635127,0.137263,3.743081,-0.649393,0.130735,3.753725,-0.670146,0.119431,3.756336
82,3.416667,1,-0.301836,-0.578116,3.847220,-0.286708,-0.634151,3.813780,-0.210074,-0.636586,3.813124,-0.222680,-0.668942,3.802981,-0.240990,-0.643614,3.809858,-0.258799,-0.621929,3.811296,-0.273413,-0.611234,3.795408,1,-0.685062,0.003158,3.719771,-0.681634,0.070423,3.709075,-0.617868,0.108884,3.718990,-0.624897,0.134974,3.729950,-0.635638,0.137629,3.743377,-0.650268,0.131518,3.753645,-0.671358,0.120029,3.755933
83,3.458333,1,-0.301612,-0.578577,3.847239,-0.286590,-0.635873,3.816003,-0.210765,-0.639666,3.815107,-0.220588,-0.674218,3.804456,-0.238866,-0.644527,3.812724,-0.259812,-0.622258,3.813580,-0.272073,-0.614536,3.795555,1,-0.684756,0.002995,3.719691,-0.681421,0.070205,3.709223,-0.618080,0.108813,3.719723,-0.625063,0.135285,3.730535,-0.636001,0.138058,3.743882,-0.651099,0.132402,3.753749,-0.672602,0.120905,3.755579
84,3.500000,1,-0.301746,-0.579713,3.848281,-0.287227,-0.637371,3.816507,-0.211785,-0.642649,3.814715,-0.219342,-0.678621,3.801290,-0.237588,-0.643099,3.814806,-0.261971,-0.620721,3.816498,-0.272032,-0.614861,3.796784,1,-0.684711,0.002755,3.720137,-0.681257,0.069959,3.709360,-0.618400,0.108704,3.720378,-0.625108,0.135508,3.730850,-0.636131,0.138386,3.744155,-0.651711,0.133123,3.753732,-0.673606,0.121792,3.755131
85,3.541667,1,-0.301756,-0.582780,3.850362,-0.288651,-0.638666,3.815095,-0.212659,-0.645272,3.812088,-0.220220,-0.681475,3.793834,-0.237527,-0.640899,3.815070,-0.263405,-0.618607,3.818997,-0.272554,-0.612390,3.799268,1,-0.684463,0.002353,3.720618,-0.681222,0.069700,3.709381,-0.618868,0.108615,3.720797,-0.625059,0.135641,3.730630,-0.636114,0.138576,3.743916,-0.652092,0.133546,3.753408,-0.674254,0.122409,3.754545
86,3.583333,1,-0.302005,-0.588782,3.852927,-0.290412,-0.640032,3.813812,-0.212557,-0.647847,3.809760,-0.223068,-0.682861,3.787065,-0.238116,-0.640031,3.814694,-0.262493,-0.617661,3.820657,-0.272380,-0.609847,3.802485,1,-0.684638,0.002339,3.721023,-0.681310,0.069488,3.709499,-0.619620,0.108642,3.721315,-0.625063,0.135684,3.730341,-0.636166,0.138581,3.743592,-0.652403,0.133636,3.753178,-0.674627,0.122601,3.754164
87,3.625000,1,-0.300817,-0.594822,3.857029,-0.291823,-0.640403,3.813916,-0.211728,-0.650133,3.809196,-0.226068,-0.680951,3.785441,-0.239408,-0.639432,3.816017,-0.260572,-0.617441,3.822203,-0.272120,-0.607891,3.805865,1,-0.685007,0.002614,3.722525,-0.681481,0.069371,3.710174,-0.620847,0.108812,3.722542,-0.625323,0.135508,3.730996,-0.636461,0.138279,3.744132,-0.652847,0.133425,3.753841,-0.674932,0.122407,3.754584
88,3.666667,1,-0.298742,-0.593352,3.860871,-0.292511,-0.638088,3.814926,-0.211296,-0.650985,3.809875,-0.227792,-0.673862,3.789509,-0.241493,-0.636616,3.819781,-0.259706,-0.616046,3.824385,-0.272699,-0.604716,3.809120,1,-0.684961,0.002830,3.724895,-0.681800,0.069358,3.711735,-0.622589,0.109076,3.724732,-0.625973,0.135023,3.733190,-0.637088,0.137675,3.746120,-0.653592,0.133036,3.755874,-0.675409,0.121956,3.756229
89,3.708333,1,-0.296270,-0.586835,3.863616,-0.292655,-0.632802,3.816341,-0.211226,-0.649230,3.811432,-0.228737,-0.663467,3.796731,-0.242897,-0.631648,3.823912,-0.259069,-0.612565,3.826709,-0.272835,-0.599451,3.811908,1,-0.686191,0.002858,3.727829,-0.682420,0.069438,3.714126,-0.624655,0.109410,3.727564,-0.627009,0.134399,3.736572,-0.638115,0.137028,3.749277,-0.654769,0.132643,3.759052,-0.676243,0.121356,3.759037
90,3.750000,1,-0.294702,-0.579219,3.866188,-0.292611,-0.625603,3.818179,-0.210579,-0.644552,3.813881,-0.229886,-0.653141,3.804250,-0.242226,-0.626321,3.826109,-0.256840,-0.607660,3.828176,-0.271008,-0.592909,3.813923,1,-0.687493,0.003120,3.730559,-0.683359,0.069604,3.717048,-0.626784,0.109851,3.730635,-0.628280,0.133952,3.740485,-0.639534,0.136630,3.753009,-0.656400,0.132359,3.762849,-0.677514,0.120708,3.762558
91,3.791667,1,-0.293273,-0.570608,3.869631,-0.292559,-0.617514,3.820387,-0.209676,-0.637953,3.816666,-0.231253,-0.644080,3.810921,-0.240246,-0.621619,3.826495,-0.253486,-0.602458,3.828781,-0.267721,-0.586053,3.815343,1,-0.688757,0.003133,3.734881,-0.684484,0.069860,3.720220,-0.628807,0.110418,3.733824,-0.629590,0.133873,3.744628,-0.641187,0.136575,3.757002,-0.658335,0.132165,3.766926,-0.679166,0.120062,3.766337
92,3.833333,1,-0.290344,-0.562020,3.870139,-0.292500,-0.608707,3.822540,-0.209969,-0.631015,3.818866,-0.232472,-0.635693,3.816433,-0.238775,-0.617006,3.826598,-0.250761,-0.597106,3.829245,-0.264149,-0.578936,3.816605,1,-0.688688,0.003585,3.736199,-0.685699,0.070183,3.723417,-0.630615,0.111050,3.737021,-0.630796,0.134173,3.748767,-0.642820,0.136814,3.760997,-0.660288,0.131964,3.771025,-0.680972,0.119418,3.770077
93,3.875000,1,-0.288028,-0.552285,3.872204,-0.292228,-0.598377,3.823670,-0.212076,-0.624246,3.819273,-0.233469,-0.626846,3.819043,-0.238539,-0.610678,3.826415,-0.249219,-0.590205,3.829284,-0.260613,-0.570498,3.817479,1,-0.690136,0.003706,3.739321,-0.686938,0.070509,3.726348,-0.632061,0.111628,3.739851,-0.631788,0.134706,3.752351,-0.644173,0.137221,3.764477,-0.661941,0.131580,3.774742,-0.682573,0.118715,3.773497
94,3.916667,1,-0.285618,-0.541960,3.873727,-0.291348,-0.585693,3.822931,-0.214794,-0.616888,3.817173,-0.234193,-0.617140,3.815763,-0.238519,-0.601668,3.823366,-0.247400,-0.580580,3.826860,-0.256423,-0.559837,3.816614,1,-0.691377,0.003816,3.741661,-0.688074,0.070783,3.728713,-0.632980,0.112078,3.741936,-0.632495,0.135209,3.754892,-0.645112,0.137593,3.767008,-0.663122,0.130774,3.777720,-0.683717,0.117795,3.776354
95,3.958333,1,-0.280589,-0.528874,3.871743,-0.289597,-0.570797,3.820635,-0.216047,-0.608004,3.813546,-0.234546,-0.607510,3.805612,-0.237273,-0.591452,3.814639,-0.243037,-0.569010,3.819634,-0.250366,-0.547469,3.812472,1,-0.691771,0.003877,3.741470,-0.689009,0.070990,3.730390,-0.633409,0.112428,3.743191,-0.632979,0.135478,3.756383,-0.645699,0.137779,3.768604,-0.663915,0.129533,3.779862,-0.684443,0.116607,3.778535
96,4.000000,1,-0.275991,-0.516157,3.870988,-0.287163,-0.554162,3.817880,-0.215284,-0.596764,3.809594,-0.234835,-0.597847,3.791882,-0.235095,-0.581306,3.800678,-0.235911,-0.556638,3.807644,-0.242536,-0.534131,3.805099,1,-0.691537,0.004021,3.742261,-0.689734,0.071115,3.731447,-0.633602,0.112709,3.743690,-0.633332,0.135532,3.757037,-0.646037,0.137791,3.769448,-0.664457,0.128286,3.781138,-0.684918,0.115469,3.779961
97,4.041667,1,-0.270868,-0.501980,3.868969,-0.284579,-0.535583,3.815574,-0.214597,-0.582463,3.804801,-0.235757,-0.585451,3.779720,-0.233952,-0.569558,3.785604,-0.228841,-0.542859,3.794366,-0.235278,-0.519259,3.796752,1,-0.692016,0.004013,3.741123,-0.690206,0.071151,3.731996,-0.633717,0.112891,3.743537,-0.633476,0.135571,3.756947,-0.646069,0.137745,3.769591,-0.664703,0.127543,3.781520,-0.685163,0.114817,3.780610
98,4.083333,1,-0.263863,-0.481790,3.867480,-0.282383,-0.514615,3.814338,-0.216563,-0.564910,3.798261,-0.237709,-0.567718,3.771911,-0.235104,-0.553459,3.773825,-0.225010,-0.526192,3.783930,-0.231141,-0.501760,3.790029,1,-0.692414,0.003570,3.741257,-0.690338,0.071123,3.732159,-0.633648,0.112964,3.742995,-0.633292,0.135755,3.756227,-0.645729,0.137707,3.769133,-0.664547,0.127230,3.781245,-0.685045,0.114622,3.780697
99,4.125000,1,-0.255278,-0.461364,3.866554,-0.280779,-0.491634,3.814838,-0.221646,-0.544463,3.790795,-0.240257,-0.544911,3.768520,-0.238176,-0.532276,3.767256,-0.225834,-0.506118,3.777658,-0.231351,-0.481225,3.785815,1,-0.691621,0.003656,3.741193,-0.690188,0.071044,3.732057,-0.633311,0.112961,3.742432,-0.632912,0.136008,3.755185,-0.645184,0.137542,3.768371,-0.664074,0.126644,3.780762,-0.684506,0.114317,3.780550
100,4.166667,1,-0.246168,-0.437153,3.865490,-0.279593,-0.467706,3.817656,-0.228414,-0.522018,3.784498,-0.243297,-0.519561,3.768609,-0.243122,-0.507603,3.765133,-0.231998,-0.483310,3.774077,-0.236734,-0.457963,3.783428,1,-0.691107,0.004009,3.740735,-0.689974,0.070849,3.731796,-0.632832,0.112856,3.741973,-0.632596,0.136036,3.754141,-0.644675,0.136974,3.767599,-0.663481,0.125239,3.780323,-0.683675,0.113413,3.780316
101,4.208333,1,-0.238123,-0.415479,3.866053,-0.278413,-0.443454,3.822637,-0.235295,-0.499076,3.781211,-0.248684,-0.494512,3.770560,-0.251601,-0.481946,3.765009,-0.244075,-0.458988,3.771060,-0.247401,-0.432857,3.781600,1,-0.690724,0.003510,3.740685,-0.689803,0.070466,3.731342,-0.632329,0.112565,3.741321,-0.632328,0.135605,3.753151,-0.644151,0.135869,3.766829,-0.662792,0.123231,3.779783,-0.682710,0.111994,3.779867
102,4.250000,1,-0.228913,-0.393313,3.867997,-0.276583,-0.418643,3.828468,-0.240938,-0.477206,3.781874,-0.258253,-0.471506,3.772797,-0.264327,-0.457315,3.764768,-0.260371,-0.434367,3.767657,-0.260699,-0.407103,3.779237,1,-0.690868,0.002470,3.741673,-0.689547,0.069939,3.730411,-0.631777,0.112082,3.740007,-0.631846,0.134802,3.751916,-0.643359,0.134472,3.765736,-0.661893,0.121317,3.778778,-0.681680,0.110531,3.778913
103,4.291667,1,-0.220790,-0.369591,3.866415,-0.273457,-0.393102,3.833521,-0.243384,-0.456910,3.785996,-0.270106,-0.449916,3.774871,-0.277876,-0.433727,3.764307,-0.275592,-0.409681,3.764607,-0.271488,-0.381229,3.776354,1,-0.689563,0.001786,3.737431,-0.689104,0.069389,3.728840,-0.631210,0.111500,3.737926,-0.631054,0.133965,3.750200,-0.642284,0.133302,3.764076,-0.660850,0.120043,3.777158,-0.680732,0.109410,3.777320
104,4.333333,1,-0.211189,-0.345718,3.866362,-0.269170,-0.367347,3.837496,-0.241520,-0.436741,3.791756,-0.280131,-0.426841,3.777249,-0.287257,-0.408957,3.765011,-0.284297,-0.383678,3.763663,-0.275977,-0.354584,3.774740,1,-0.688283,0.001644,3.732592,-0.688658,0.068873,3.727046,-0.630912,0.110900,3.735620,-0.630282,0.133376,3.748320,-0.641347,0.132790,3.762160,-0.660000,0.119576,3.775306,-0.680194,0.108748,3.775449
105,4.375000,1,-0.204877,-0.326037,3.869972,-0.264897,-0.341940,3.842005,-0.239115,-0.412877,3.797755,-0.287199,-0.399564,3.781248,-0.291398,-0.380568,3.768899,-0.286029,-0.354954,3.767112,-0.275462,-0.326448,3.777599,1,-0.688172,0.000764,3.731717,-0.688605,0.068387,3.725687,-0.631229,0.110319,3.733821,-0.630147,0.133073,3.746881,-0.641120,0.132907,3.760639,-0.659706,0.119928,3.773820,-0.680295,0.108614,3.773955
106,4.416667,1,-0.200618,-0.304078,3.873014,-0.261754,-0.317164,3.849018,-0.243348,-0.380022,3.803101,-0.294020,-0.367654,3.788470,-0.293574,-0.347586,3.777591,-0.285383,-0.323093,3.776831,-0.275104,-0.296953,3.788021,1,-0.689261,0.000346,3.731461,-0.689198,0.067934,3.725018,-0.632220,0.109800,3.732804,-0.631020,0.132880,3.746164,-0.641803,0.133155,3.759893,-0.660006,0.121014,3.772985,-0.680839,0.109112,3.773280
107,4.458333,1,-0.196911,-0.282811,3.877759,-0.259584,-0.293561,3.858464,-0.254584,-0.337567,3.805880,-0.302983,-0.333685,3.798281,-0.297321,-0.311660,3.789784,-0.287296,-0.289275,3.791444,-0.278581,-0.267026,3.805517,1,-0.691171,0.000049,3.732152,-0.690263,0.067509,3.724902,-0.633594,0.109337,3.732371,-0.632521,0.132589,3.746069,-0.642933,0.133054,3.759850,-0.660524,0.122422,3.772751,-0.681357,0.110068,3.773415
108,4.500000,1,-0.193024,-0.263174,3.881106,-0.257361,-0.271350,3.867993,-0.263595,-0.295859,3.804979,-0.312205,-0.302382,3.807406,-0.302712,-0.277815,3.801026,-0.292405,-0.256994,3.805410,-0.284175,-0.238130,3.823474,1,-0.691915,-0.000393,3.731637,-0.691349,0.067048,3.725181,-0.634984,0.108844,3.732313,-0.633874,0.132134,3.746445,-0.643849,0.132566,3.760277,-0.660896,0.123549,3.772980,-0.681637,0.110985,3.774023
109,4.541667,1,-0.189223,-0.244337,3.886065,-0.254389,-0.249615,3.875695,-0.263399,-0.268271,3.802475,-0.317171,-0.276394,3.813605,-0.306415,-0.250309,3.808104,-0.296810,-0.229349,3.813953,-0.286499,-0.211006,3.834421,1,-0.692786,-0.001044,3.731523,-0.692173,0.066466,3.725823,-0.636123,0.108242,3.732645,-0.634756,0.131554,3.747188,-0.644382,0.131863,3.761034,-0.661144,0.124004,3.773555,-0.681852,0.111429,3.774807
110,4.583333,1,-0.185857,-0.226848,3.892576,-0.250575,-0.227776,3.881960,-0.255944,-0.255841,3.801427,-0.316590,-0.253540,3.817999,-0.306165,-0.227901,3.812212,-0.297283,-0.205660,3.818070,-0.283037,-0.185336,3.838399,1,-0.693870,-0.001648,3.733208,-0.692764,0.065706,3.726827,-0.636811,0.107511,3.733370,-0.635360,0.130862,3.748056,-0.644762,0.130953,3.761996,-0.661425,0.123680,3.774363,-0.682118,0.111213,3.775728
111,4.625000,1,-0.180699,-0.211820,3.900243,-0.246012,-0.206753,3.887942,-0.246634,-0.247483,3.802903,-0.312751,-0.230452,3.822479,-0.302507,-0.206862,3.816122,-0.294064,-0.183516,3.821815,-0.276335,-0.161423,3.841170,1,-0.693312,-0.002935,3.734534,-0.693237,0.064759,3.728096,-0.636965,0.106650,3.734317,-0.635858,0.130044,3.748760,-0.645148,0.129799,3.762972,-0.661752,0.122682,3.775272,-0.682371,0.110368,3.776824
112,4.666667,1,-0.175924,-0.197388,3.907424,-0.240900,-0.187600,3.893985,-0.239513,-0.233809,3.806584,-0.307139,-0.206437,3.827209,-0.296234,-0.185862,3.820730,-0.288273,-0.162049,3.827011,-0.269042,-0.140343,3.846151,1,-0.693682,-0.003663,3.736737,-0.693610,0.063646,3.729441,-0.636710,0.105630,3.735299,-0.636186,0.129156,3.749233,-0.645551,0.128544,3.763798,-0.662154,0.121241,3.776136,-0.682725,0.109073,3.777968
113,4.708333,1,-0.170901,-0.184641,3.914676,-0.235663,-0.170560,3.899925,-0.235865,-0.214184,3.811866,-0.299783,-0.183299,3.831476,-0.288064,-0.165855,3.825552,-0.280723,-0.141841,3.832936,-0.261314,-0.122553,3.852510,1,-0.693668,-0.005130,3.738631,-0.693887,0.062401,3.730709,-0.636302,0.104442,3.736196,-0.636235,0.128261,3.749574,-0.645979,0.127360,3.764396,-0.662767,0.119495,3.776812,-0.683489,0.107482,3.778920
114,4.750000,1,-0.167012,-0.172270,3.920946,-0.230740,-0.155528,3.905651,-0.234575,-0.193299,3.818308,-0.291034,-0.163547,3.835283,-0.279483,-0.148391,3.830417,-0.272645,-0.124181,3.838574,-0.253182,-0.108004,3.858372,1,-0.693634,-0.006425,3.739518,-0.694231,0.061108,3.731876,-0.636068,0.103192,3.736931,-0.636160,0.127309,3.749942,-0.646516,0.126186,3.764848,-0.663684,0.117456,3.777304,-0.684743,0.105684,3.779597
115,4.791667,1,-0.163934,-0.161448,3.928684,-0.226238,-0.142121,3.911149,-0.234565,-0.175495,3.826158,-0.281698,-0.148065,3.839406,-0.271520,-0.134223,3.835687,-0.264766,-0.110153,3.843493,-0.245390,-0.096591,3.862758,1,-0.694505,-0.007769,3.742273,-0.694915,0.059893,3.732932,-0.636311,0.102079,3.737495,-0.636419,0.126265,3.750487,-0.647310,0.124867,3.765391,-0.664866,0.115314,3.777810,-0.686212,0.103838,3.780138
116,4.833333,1,-0.160633,-0.151031,3.933812,-0.221965,-0.129753,3.916242,-0.235455,-0.161743,3.835341,-0.272719,-0.135267,3.844204,-0.264380,-0.122251,3.841376,-0.256830,-0.099205,3.847654,-0.238137,-0.087466,3.865601,1,-0.695745,-0.008750,3.743323,-0.696063,0.058841,3.733697,-0.637154,0.101227,3.737846,-0.637380,0.125273,3.751103,-0.648501,0.123462,3.766073,-0.666243,0.113544,3.778408,-0.687614,0.102231,3.780625
117,4.875000,1,-0.156555,-0.141955,3.938128,-0.217813,-0.118159,3.920733,-0.236647,-0.150487,3.844816,-0.265213,-0.123078,3.849337,-0.258314,-0.110778,3.847019,-0.248629,-0.089837,3.851359,-0.231039,-0.079420,3.867541,1,-0.696616,-0.009517,3.743397,-0.697583,0.057925,3.733984,-0.638483,0.100569,3.737939,-0.638998,0.124470,3.751466,-0.650137,0.122148,3.766618,-0.667832,0.112450,3.778840,-0.688970,0.101070,3.780902
118,4.916667,1,-0.153548,-0.132097,3.941249,-0.213914,-0.107440,3.924844,-0.237730,-0.139925,3.854002,-0.260367,-0.110580,3.854785,-0.253536,-0.099277,3.852592,-0.240270,-0.081540,3.855381,-0.223821,-0.072201,3.869777,1,-0.698103,-0.010190,3.741723,-0.699325,0.057037,3.733945,-0.640075,0.099939,3.737953,-0.640957,0.123814,3.751542,-0.652086,0.120958,3.766883,-0.669648,0.111822,3.778901,-0.690458,0.100267,3.780872
119,4.958333,1,-0.151237,-0.124708,3.945970,-0.210412,-0.097739,3.929046,-0.238876,-0.129240,3.863308,-0.258691,-0.097982,3.861104,-0.249543,-0.088459,3.858695,-0.231779,-0.074955,3.860617,-0.216566,-0.066311,3.873372,1,-0.699590,-0.011263,3.742525,-0.701158,0.056107,3.733977,-0.641783,0.099254,3.738133,-0.643006,0.123263,3.751628,-0.654068,0.119785,3.767098,-0.671536,0.111251,3.778795,-0.692046,0.099539,3.780770
120,5.000000,1,-0.149401,-0.118348,3.949006,-0.207291,-0.089208,3.933307,-0.240164,-0.118880,3.872544,-0.258904,-0.086245,3.868197,-0.245421,-0.079321,3.865184,-0.223648,-0.070307,3.866759,-0.209950,-0.061739,3.878061,1,-0.701324,-0.012425,3.741868,-0.702930,0.055160,3.734238,-0.643521,0.098559,3.738371,-0.645078,0.122922,3.751731,-0.655882,0.118578,3.767429,-0.673187,0.110542,3.778827,-0.693397,0.098687,3.780901
121,5.041667,1,-0.147651,-0.114044,3.952119,-0.204464,-0.082140,3.936862,-0.241141,-0.110092,3.880049,-0.258915,-0.076296,3.874628,-0.241503,-0.071812,3.870385,-0.217625,-0.066180,3.871678,-0.205258,-0.057483,3.882051,1,-0.702674,-0.013567,3.742620,-0.704444,0.054258,3.734550,-0.645098,0.097914,3.738370,-0.647079,0.122891,3.751539,-0.657476,0.117474,3.767711,-0.674341,0.109747,3.779021,-0.694180,0.097716,3.781271
122,5.083333,1,-0.145171,-0.110165,3.951005,-0.201913,-0.076807,3.939100,-0.241271,-0.103604,3.884345,-0.258155,-0.068375,3.879026,-0.239320,-0.064911,3.872894,-0.215258,-0.060901,3.873630,-0.203246,-0.052589,3.883995,1,-0.703045,-0.014252,3.740790,-0.705504,0.053429,3.734829,-0.646240,0.097316,3.738213,-0.648718,0.123042,3.751129,-0.658744,0.116634,3.767872,-0.674948,0.108990,3.779303,-0.694381,0.096775,3.781738
123,5.125000,1,-0.143763,-0.107778,3.951595,-0.199603,-0.073081,3.940184,-0.240551,-0.098917,3.885866,-0.257464,-0.062431,3.881358,-0.239130,-0.058551,3.873221,-0.215695,-0.054891,3.873288,-0.203041,-0.047413,3.884357,1,-0.703605,-0.014995,3.741105,-0.706007,0.052658,3.735252,-0.646809,0.096732,3.738363,-0.649682,0.123044,3.751106,-0.659475,0.116004,3.768230,-0.675147,0.108327,3.779788,-0.694287,0.095984,3.782324
124,5.166667,1,-0.141525,-0.106260,3.952763,-0.197404,-0.070431,3.940537,-0.239459,-0.095102,3.886278,-0.257240,-0.058497,3.882291,-0.239456,-0.053992,3.872624,-0.216664,-0.050061,3.872212,-0.203069,-0.043222,3.884013,1,-0.702933,-0.015986,3.742281,-0.706007,0.051917,3.735848,-0.646924,0.096127,3.738973,-0.649968,0.122668,3.751697,-0.659635,0.115418,3.768898,-0.675195,0.107721,3.780442,-0.694266,0.095348,3.782959
125,5.208333,1,-0.139694,-0.104886,3.953343,-0.195272,-0.068342,3.940481,-0.238461,-0.091727,3.886935,-0.257266,-0.056183,3.882573,-0.239336,-0.051799,3.871791,-0.217099,-0.047248,3.871105,-0.202784,-0.040547,3.883247,1,-0.702346,-0.016541,3.743001,-0.705725,0.051168,3.736284,-0.646857,0.095477,3.739506,-0.649937,0.121976,3.752203,-0.659498,0.114856,3.769305,-0.675288,0.107145,3.780757,-0.694491,0.094860,3.783247
126,5.250000,1,-0.138180,-0.103769,3.952775,-0.193300,-0.066572,3.940364,-0.237676,-0.088900,3.888288,-0.257502,-0.054430,3.883014,-0.239052,-0.050939,3.871023,-0.217377,-0.045632,3.870149,-0.202681,-0.038703,3.882340,1,-0.702113,-0.017160,3.742777,-0.705422,0.050400,3.736303,-0.646780,0.094802,3.739300,-0.649966,0.121195,3.751802,-0.659362,0.114434,3.768819,-0.675336,0.106656,3.780263,-0.694758,0.094564,3.782932
127,5.291667,1,-0.137568,-0.103043,3.954337,-0.191465,-0.064959,3.940398,-0.236930,-0.086711,3.889985,-0.257512,-0.052194,3.883960,-0.238360,-0.050158,3.870461,-0.217462,-0.044228,3.869549,-0.202756,-0.036892,3.881725,1,-0.702315,-0.018034,3.744393,-0.705199,0.049680,3.736071,-0.646626,0.094189,3.738344,-0.650135,0.120553,3.750577,-0.659275,0.114210,3.767638,-0.675061,0.106327,3.779220,-0.694697,0.094452,3.782342
128,5.333333,1,-0.136164,-0.102266,3.954984,-0.189556,-0.063255,3.940460,-0.236077,-0.084855,3.891205,-0.256158,-0.048960,3.884851,-0.236006,-0.048932,3.869917,-0.216277,-0.042634,3.869320,-0.201892,-0.034944,3.881521,1,-0.701572,-0.018533,3.745021,-0.704964,0.049128,3.735920,-0.646275,0.093720,3.737203,-0.650306,0.120197,3.749318,-0.659119,0.114163,3.766561,-0.674362,0.106211,3.778342,-0.694195,0.094454,3.782019
129,5.375000,1,-0.134827,-0.101428,3.954638,-0.187422,-0.061312,3.940166,-0.235189,-0.082986,3.891352,-0.253113,-0.044786,3.884851,-0.231812,-0.047137,3.868936,-0.213437,-0.040681,3.868978,-0.199342,-0.033071,3.881260,1,-0.700631,-0.018800,3.744551,-0.704613,0.048796,3.735954,-0.645796,0.093405,3.736350,-0.650356,0.120121,3.748564,-0.658809,0.114289,3.766034,-0.673402,0.106335,3.777956,-0.693428,0.094546,3.782098
130,5.416667,1,-0.133683,-0.100703,3.953644,-0.185153,-0.059283,3.939191,-0.234455,-0.081136,3.890640,-0.249767,-0.040047,3.883835,-0.227703,-0.044579,3.867098,-0.210439,-0.038185,3.867704,-0.196071,-0.031396,3.880106,1,-0.699957,-0.019029,3.743474,-0.704175,0.048641,3.736075,-0.645431,0.093210,3.735910,-0.650294,0.120183,3.748336,-0.658373,0.114582,3.765932,-0.672425,0.106643,3.777898,-0.692612,0.094725,3.782374
131,5.458333,1,-0.132652,-0.099972,3.953212,-0.183018,-0.057443,3.937696,-0.233881,-0.079239,3.889925,-0.247614,-0.035231,3.882488,-0.225587,-0.041221,3.864521,-0.208979,-0.035275,3.865202,-0.193715,-0.029974,3.877703,1,-0.699499,-0.019121,3.743122,-0.703790,0.048591,3.736225,-0.645373,0.093127,3.735894,-0.650252,0.120257,3.748511,-0.657947,0.114981,3.766066,-0.671641,0.107047,3.778011,-0.691914,0.094966,3.782726
132,5.500000,1,-0.132146,-0.099421,3.952217,-0.181304,-0.055942,3.936345,-0.233227,-0.076890,3.890050,-0.246639,-0.031173,3.881593,-0.225431,-0.037878,3.862157,-0.209172,-0.032679,3.862344,-0.192926,-0.029019,3.874822,1,-0.699175,-0.019208,3.741933,-0.703567,0.048599,3.736417,-0.645599,0.093151,3.736234,-0.650366,0.120317,3.748956,-0.657682,0.115385,3.766373,-0.671162,0.107494,3.778285,-0.691454,0.095250,3.783148
133,5.541667,1,-0.131666,-0.098840,3.952291,-0.180265,-0.054847,3.935843,-0.232464,-0.074198,3.891153,-0.246055,-0.028861,3.881478,-0.226001,-0.035828,3.861090,-0.210025,-0.031161,3.860569,-0.193265,-0.028623,3.872903,1,-0.698875,-0.019141,3.741766,-0.703502,0.048644,3.736631,-0.645899,0.093248,3.736698,-0.650619,0.120372,3.749445,-0.657620,0.115690,3.766735,-0.670949,0.107906,3.778632,-0.691236,0.095569,3.783537
134,5.583333,1,-0.131589,-0.098394,3.952727,-0.180024,-0.054222,3.936514,-0.231913,-0.071947,3.892674,-0.245382,-0.028563,3.882038,-0.226106,-0.035660,3.861675,-0.210437,-0.030904,3.860733,-0.193832,-0.028596,3.872996,1,-0.698975,-0.019123,3.741980,-0.703506,0.048722,3.736811,-0.646053,0.093369,3.737053,-0.650850,0.120412,3.749781,-0.657682,0.115863,3.766997,-0.670886,0.108216,3.778893,-0.691185,0.095925,3.783755
135,5.625000,1,-0.131601,-0.098094,3.953406,-0.180459,-0.054021,3.938296,-0.231849,-0.070589,3.894182,-0.244352,-0.029634,3.883159,-0.224925,-0.037113,3.863695,-0.209582,-0.031739,3.862838,-0.193782,-0.028884,3.875236,1,-0.698804,-0.018972,3.742187,-0.703485,0.048848,3.736996,-0.645990,0.093500,3.737337,-0.650919,0.120446,3.750036,-0.657754,0.115989,3.767189,-0.670904,0.108472,3.779064,-0.691253,0.096342,3.783834
136,5.666667,1,-0.131716,-0.097833,3.954254,-0.181271,-0.054100,3.940885,-0.232258,-0.069923,3.895722,-0.242565,-0.031301,3.884758,-0.221966,-0.039721,3.866909,-0.207013,-0.033548,3.866537,-0.192581,-0.029674,3.879232,1,-0.698878,-0.018810,3.742679,-0.703400,0.049040,3.737337,-0.645814,0.093670,3.737767,-0.650822,0.120496,3.750498,-0.657760,0.116164,3.767537,-0.670958,0.108764,3.779340,-0.691385,0.096821,3.783984
137,5.708333,1,-0.131672,-0.097582,3.956059,-0.182231,-0.054380,3.943836,-0.232980,-0.069800,3.897221,-0.239547,-0.033319,3.886477,-0.217098,-0.043125,3.871147,-0.202708,-0.036213,3.871580,-0.190084,-0.030982,3.884651,1,-0.698649,-0.018457,3.743906,-0.703296,0.049310,3.737922,-0.645710,0.093934,3.738459,-0.650676,0.120587,3.751365,-0.657691,0.116393,3.768231,-0.670959,0.109071,3.779920,-0.691445,0.097311,3.784388
138,5.750000,1,-0.131934,-0.097428,3.957705,-0.183336,-0.054978,3.946621,-0.233811,-0.070573,3.897960,-0.235147,-0.035869,3.887686,-0.210763,-0.046857,3.875998,-0.197233,-0.039374,3.877677,-0.186704,-0.032388,3.891216,1,-0.698744,-0.018188,3.745031,-0.703221,0.049668,3.738675,-0.645826,0.094329,3.739400,-0.650571,0.120749,3.752616,-0.657529,0.116664,3.769270,-0.670809,0.109308,3.780851,-0.691292,0.097756,3.785071
139,5.791667,1,-0.132229,-0.097241,3.959172,-0.184667,-0.056064,3.948768,-0.234371,-0.072675,3.896899,-0.229954,-0.038960,3.887806,-0.204109,-0.050123,3.880483,-0.191720,-0.042331,3.883979,-0.183372,-0.033357,3.898212,1,-0.698709,-0.017670,3.745811,-0.703142,0.050127,3.739448,-0.646140,0.094824,3.740540,-0.650418,0.120966,3.754108,-0.657195,0.117046,3.770508,-0.670443,0.109511,3.782015,-0.690889,0.098203,3.785935
140,5.833333,1,-0.132560,-0.097116,3.960036,-0.186089,-0.057483,3.950183,-0.234324,-0.075762,3.893951,-0.225186,-0.041915,3.886923,-0.198531,-0.052118,3.883666,-0.187288,-0.044338,3.889356,-0.180866,-0.033703,3.904622,1,-0.698696,-0.017122,3.745965,-0.702983,0.050690,3.740115,-0.646423,0.095356,3.741770,-0.650060,0.121177,3.755606,-0.656653,0.117644,3.771688,-0.669866,0.109902,3.783127,-0.690294,0.098795,3.786788
141,5.875000,1,-0.133106,-0.097118,3.961662,-0.187206,-0.058666,3.951369,-0.233991,-0.078568,3.890865,-0.221960,-0.043704,3.886210,-0.194873,-0.052714,3.885803,-0.184486,-0.045159,3.893490,-0.179318,-0.033605,3.909912,1,-0.698758,-0.016479,3.746599,-0.702679,0.051338,3.740534,-0.646311,0.095882,3.742860,-0.649442,0.121403,3.756729,-0.656003,0.118551,3.772442,-0.669155,0.110756,3.783791,-0.689580,0.099661,3.787331
142,5.916667,1,-0.133178,-0.097052,3.963109,-0.187732,-0.059148,3.952960,-0.234110,-0.079835,3.889830,-0.220506,-0.043955,3.886993,-0.193135,-0.052490,3.887968,-0.183317,-0.045142,3.896992,-0.178505,-0.033299,3.914246,1,-0.698297,-0.015694,3.747156,-0.702163,0.052033,3.740563,-0.645474,0.096353,3.743570,-0.648585,0.121750,3.757108,-0.655397,0.119810,3.772457,-0.668413,0.112142,3.783727,-0.688773,0.100784,3.787299
143,5.958333,1,-0.133007,-0.097150,3.964574,-0.187767,-0.059028,3.955064,-0.234844,-0.079200,3.891257,-0.219784,-0.043338,3.889402,-0.192539,-0.052126,3.890827,-0.183266,-0.044841,3.900726,-0.178078,-0.032964,3.918286,1,-0.697393,-0.014850,3.747460,-0.701403,0.052736,3.740193,-0.643862,0.096720,3.743816,-0.647526,0.122198,3.756757,-0.654891,0.121260,3.771787,-0.667663,0.113665,3.783089,-0.687811,0.101903,3.786773
144,6.000000,1,-0.133095,-0.097530,3.966078,-0.187656,-0.058772,3.957264,-0.235582,-0.077220,3.893661,-0.217968,-0.042903,3.892500,-0.191788,-0.052117,3.894674,-0.183262,-0.044773,3.905566,-0.177499,-0.032726,3.922962,1,-0.696672,-0.014193,3.747761,-0.700437,0.053434,3.739634,-0.641772,0.096973,3.743707,-0.646319,0.122502,3.756187,-0.654353,0.122466,3.770956,-0.666750,0.114610,3.782476,-0.686518,0.102619,3.786247
145,6.041667,1,-0.133504,-0.097954,3.967352,-0.187716,-0.058833,3.959101,-0.235675,-0.074969,3.895306,-0.213884,-0.043355,3.895496,-0.189956,-0.052716,3.899887,-0.182384,-0.045217,3.912032,-0.176392,-0.032624,3.928806,1,-0.696224,-0.013501,3.747777,-0.699277,0.054145,3.739181,-0.639548,0.097147,3.743417,-0.644969,0.122408,3.756014,-0.653504,0.123045,3.770570,-0.665438,0.114590,3.782454,-0.684748,0.102760,3.786218
146,6.083333,1,-0.133792,-0.098334,3.968528,-0.188070,-0.059410,3.960473,-0.235022,-0.073370,3.895584,-0.208065,-0.044830,3.898444,-0.187346,-0.053791,3.906382,-0.180765,-0.046018,3.919534,-0.174999,-0.032661,3.935264,1,-0.695774,-0.012856,3.747805,-0.697884,0.054902,3.739008,-0.637336,0.097286,3.743063,-0.643396,0.121955,3.756430,-0.652114,0.123072,3.770826,-0.663659,0.114015,3.783061,-0.682581,0.102613,3.786739
147,6.125000,1,-0.133576,-0.098823,3.969523,-0.188632,-0.060359,3.961620,-0.234043,-0.072593,3.895145,-0.202189,-0.046937,3.901740,-0.184998,-0.054932,3.913049,-0.179268,-0.046768,3.926467,-0.173910,-0.032863,3.941030,1,-0.694565,-0.011991,3.747481,-0.696265,0.055712,3.739065,-0.635171,0.097421,3.742598,-0.641578,0.121497,3.756993,-0.650232,0.123054,3.771332,-0.661602,0.113743,3.783781,-0.680316,0.102708,3.787399
148,6.166667,1,-0.133674,-0.099389,3.970670,-0.189260,-0.061372,3.962860,-0.233264,-0.072253,3.894950,-0.197603,-0.049025,3.905390,-0.183506,-0.055827,3.918549,-0.178419,-0.047162,3.931533,-0.173448,-0.033178,3.945255,1,-0.693524,-0.011117,3.747136,-0.694530,0.056536,3.739085,-0.633063,0.097539,3.741813,-0.639627,0.121319,3.756974,-0.648192,0.123438,3.771362,-0.659593,0.114273,3.783886,-0.678330,0.103383,3.787585
149,6.208333,1,-0.134327,-0.100114,3.971774,-0.189842,-0.062215,3.964391,-0.233051,-0.072168,3.895470,-0.194733,-0.050351,3.908954,-0.182764,-0.056322,3.922377,-0.178144,-0.047038,3.934635,-0.173509,-0.033380,3.948062,1,-0.693038,-0.010374,3.746875,-0.692871,0.057315,3.738768,-0.630975,0.097610,3.740587,-0.637699,0.121255,3.756023,-0.646366,0.124119,3.770457,-0.657903,0.115268,3.782977,-0.676880,0.104490,3.786894
150,6.250000,1,-0.134708,-0.100663,3.972435,-0.190300,-0.062800,3.966223,-0.233623,-0.072660,3.896677,-0.194010,-0.049859,3.911633,-0.182678,-0.055990,3.924333,-0.178348,-0.046084,3.936016,-0.173949,-0.033042,3.949704,1,-0.692221,-0.009379,3.746143,-0.691491,0.058020,3.738025,-0.628884,0.097666,3.739044,-0.635918,0.120969,3.754383,-0.644926,0.124627,3.768762,-0.656612,0.116027,3.781260,-0.675939,0.105601,3.785399
151,6.291667,1,-0.134872,-0.101405,3.974193,-0.190647,-0.063157,3.968212,-0.235117,-0.074132,3.898368,-0.196799,-0.046358,3.912733,-0.183742,-0.054030,3.923743,-0.179371,-0.043754,3.935271,-0.174981,-0.031675,3.949841,1,-0.691038,-0.008687,3.746380,-0.690491,0.058677,3.737044,-0.626876,0.097797,3.737456,-0.634385,0.120620,3.752561,-0.643883,0.124866,3.766813,-0.655705,0.116378,3.779334,-0.675308,0.106493,3.783613
152,6.333333,1,-0.135652,-0.102116,3.975025,-0.190931,-0.063288,3.970161,-0.237457,-0.076361,3.900442,-0.204347,-0.039668,3.912688,-0.186703,-0.050060,3.920507,-0.181586,-0.039849,3.932143,-0.176744,-0.029191,3.948113,1,-0.690603,-0.007891,3.745937,-0.689829,0.059355,3.736172,-0.625153,0.098097,3.736148,-0.633176,0.120795,3.751058,-0.643167,0.125240,3.765223,-0.655156,0.116719,3.777855,-0.674829,0.107217,3.782220
153,6.375000,1,-0.136446,-0.102838,3.975098,-0.191153,-0.063154,3.971855,-0.240141,-0.078493,3.902813,-0.215500,-0.031522,3.912776,-0.191437,-0.044948,3.916148,-0.184620,-0.035188,3.927719,-0.178677,-0.026297,3.945071,1,-0.690212,-0.007220,3.744863,-0.689376,0.060097,3.735671,-0.623957,0.098598,3.735342,-0.632332,0.121705,3.750180,-0.642646,0.126015,3.764356,-0.654832,0.117369,3.777165,-0.674418,0.107930,3.781583
154,6.416667,1,-0.137264,-0.103263,3.975646,-0.191425,-0.062935,3.973102,-0.242409,-0.079835,3.905113,-0.226596,-0.024850,3.913544,-0.196519,-0.040517,3.912738,-0.187480,-0.031313,3.923921,-0.180068,-0.024079,3.942120,1,-0.690121,-0.006408,3.744553,-0.689017,0.060892,3.735535,-0.623432,0.099261,3.735033,-0.631878,0.122902,3.749926,-0.642207,0.126998,3.764149,-0.654537,0.118303,3.777080,-0.674043,0.108829,3.781484
155,6.458333,1,-0.137937,-0.103772,3.977118,-0.191998,-0.062982,3.973913,-0.243886,-0.080287,3.906970,-0.234773,-0.021554,3.914578,-0.200521,-0.038135,3.911160,-0.189632,-0.029258,3.921866,-0.181023,-0.023098,3.940418,1,-0.689796,-0.005597,3.745108,-0.688781,0.061721,3.735619,-0.623607,0.100064,3.735204,-0.631866,0.123881,3.750202,-0.641933,0.127866,3.764410,-0.654281,0.119295,3.777298,-0.673753,0.109865,3.781622
156,6.500000,1,-0.138958,-0.104216,3.978068,-0.193012,-0.063424,3.974495,-0.244842,-0.080132,3.908404,-0.240367,-0.021184,3.915694,-0.203254,-0.037708,3.910951,-0.191296,-0.028838,3.921250,-0.182130,-0.023140,3.939985,1,-0.689909,-0.004836,3.745187,-0.688830,0.062584,3.735870,-0.624445,0.101048,3.735923,-0.632368,0.124581,3.751015,-0.642086,0.128531,3.765124,-0.654342,0.120113,3.777851,-0.673686,0.110680,3.782093
157,6.541667,1,-0.140304,-0.104537,3.978823,-0.194364,-0.064101,3.975130,-0.245824,-0.079841,3.909734,-0.244849,-0.022073,3.917263,-0.205022,-0.038433,3.911705,-0.192582,-0.029463,3.921573,-0.183428,-0.023937,3.940394,1,-0.690431,-0.003687,3.745246,-0.689232,0.063477,3.736364,-0.625751,0.102205,3.737144,-0.633332,0.125253,3.752436,-0.642798,0.129197,3.766386,-0.654957,0.120771,3.778972,-0.674000,0.111132,3.783136
158,6.583333,1,-0.141779,-0.104881,3.979138,-0.195869,-0.064844,3.976199,-0.247236,-0.079775,3.911430,-0.247917,-0.023164,3.919367,-0.205592,-0.040033,3.913788,-0.193198,-0.031030,3.923242,-0.184475,-0.025561,3.941976,1,-0.691111,-0.002905,3.744756,-0.689809,0.064361,3.737191,-0.627184,0.103420,3.738759,-0.634549,0.126106,3.754584,-0.643929,0.130114,3.768316,-0.656107,0.121529,3.780813,-0.674785,0.111527,3.784772
159,6.625000,1,-0.143149,-0.105371,3.980825,-0.197413,-0.065636,3.978000,-0.249134,-0.079838,3.913911,-0.248303,-0.024437,3.921451,-0.204776,-0.042620,3.917326,-0.193246,-0.033573,3.926759,-0.185279,-0.027946,3.945350,1,-0.691841,-0.002268,3.745644,-0.690303,0.065193,3.738257,-0.628447,0.104545,3.740655,-0.635802,0.127140,3.757380,-0.645245,0.131270,3.770867,-0.657595,0.122490,3.783230,-0.675973,0.112084,3.786744
160,6.666667,1,-0.144175,-0.105830,3.982258,-0.198913,-0.066484,3.980402,-0.251212,-0.079619,3.917097,-0.246189,-0.026180,3.922960,-0.203179,-0.045910,3.921415,-0.193381,-0.036660,3.931525,-0.186357,-0.030548,3.950156,1,-0.692140,-0.001631,3.746270,-0.690581,0.065933,3.739210,-0.629329,0.105464,3.742442,-0.636889,0.128198,3.760159,-0.646502,0.132367,3.773479,-0.659113,0.123404,3.785616,-0.677321,0.112633,3.788523
161,6.708333,1,-0.145137,-0.106169,3.982802,-0.200231,-0.067276,3.982870,-0.253035,-0.078943,3.920301,-0.242989,-0.028352,3.923905,-0.201625,-0.049238,3.925050,-0.193913,-0.039664,3.936325,-0.187869,-0.032768,3.955165,1,-0.692419,-0.000984,3.746032,-0.690650,0.066549,3.739698,-0.629632,0.106088,3.743524,-0.637564,0.129085,3.761971,-0.647409,0.133141,3.775281,-0.660290,0.124013,3.787152,-0.678525,0.113016,3.789515
162,6.750000,1,-0.145948,-0.106529,3.983528,-0.201279,-0.067910,3.984889,-0.254353,-0.078096,3.922742,-0.239324,-0.030876,3.924657,-0.200386,-0.052200,3.928250,-0.194406,-0.042409,3.940630,-0.189323,-0.034506,3.959523,1,-0.692427,-0.000568,3.745872,-0.690580,0.067026,3.739640,-0.629246,0.106385,3.743682,-0.637671,0.129659,3.762397,-0.647763,0.133578,3.775788,-0.660891,0.124349,3.787402,-0.679424,0.113399,3.789408
163,6.791667,1,-0.146441,-0.106872,3.984561,-0.202121,-0.068424,3.986283,-0.255180,-0.077380,3.924149,-0.234591,-0.034084,3.925565,-0.199289,-0.054801,3.931646,-0.194361,-0.045084,3.944725,-0.190265,-0.036017,3.963231,1,-0.692158,-0.000212,3.745949,-0.690460,0.067388,3.739207,-0.628273,0.106417,3.743269,-0.637285,0.129980,3.761771,-0.647593,0.133870,3.775218,-0.660956,0.124664,3.786583,-0.680041,0.114020,3.788376
164,6.833333,1,-0.147045,-0.107002,3.984665,-0.202818,-0.068847,3.987224,-0.255698,-0.076665,3.924963,-0.228470,-0.038159,3.926925,-0.198229,-0.056993,3.935455,-0.193813,-0.047604,3.948820,-0.190724,-0.037324,3.966541,1,-0.692082,0.000155,3.745182,-0.690381,0.067694,3.738641,-0.627018,0.106353,3.742790,-0.636605,0.130345,3.760670,-0.647100,0.134287,3.774137,-0.660707,0.125262,3.785313,-0.680375,0.114860,3.787012
165,6.875000,1,-0.147580,-0.107406,3.985414,-0.203308,-0.069081,3.988020,-0.256101,-0.075646,3.925838,-0.222071,-0.042383,3.928794,-0.197352,-0.058542,3.939209,-0.193179,-0.049530,3.952579,-0.190969,-0.038169,3.969415,1,-0.691999,0.000382,3.745067,-0.690366,0.067987,3.738071,-0.625852,0.106378,3.742502,-0.635820,0.130943,3.759480,-0.646488,0.134947,3.773002,-0.660385,0.126343,3.784115,-0.680379,0.115758,3.785884
166,6.916667,1,-0.147816,-0.107372,3.984978,-0.203540,-0.069058,3.988872,-0.256432,-0.074298,3.926951,-0.217229,-0.045440,3.930691,-0.196841,-0.059216,3.942122,-0.192842,-0.050446,3.955387,-0.191213,-0.038331,3.971632,1,-0.691839,0.000760,3.743959,-0.690332,0.068265,3.737463,-0.625046,0.106558,3.742400,-0.635084,0.131593,3.758422,-0.645884,0.135698,3.772030,-0.660150,0.127838,3.783146,-0.680182,0.116679,3.785097
167,6.958333,1,-0.147969,-0.107341,3.985434,-0.203583,-0.068854,3.989831,-0.256613,-0.072824,3.928043,-0.214845,-0.046461,3.931962,-0.196684,-0.058874,3.943698,-0.192915,-0.050198,3.956944,-0.191542,-0.037784,3.973182,1,-0.691581,0.000972,3.743704,-0.690174,0.068509,3.736785,-0.624650,0.106828,3.742412,-0.634498,0.131970,3.757669,-0.645329,0.136243,3.771327,-0.659984,0.129357,3.782336,-0.680016,0.117602,3.784456
168,7.000000,1,-0.148228,-0.107248,3.985610,-0.203551,-0.068604,3.990870,-0.256608,-0.071414,3.928878,-0.214480,-0.045572,3.932441,-0.196731,-0.057607,3.944095,-0.193264,-0.048985,3.957507,-0.191877,-0.036730,3.974303,1,-0.691514,0.001259,3.743143,-0.689863,0.068715,3.736112,-0.624542,0.107097,3.742501,-0.634038,0.131929,3.757271,-0.644762,0.136355,3.770906,-0.659676,0.130421,3.781612,-0.679858,0.118376,3.783817
169,7.041667,1,-0.148107,-0.107087,3.986052,-0.203514,-0.068362,3.991950,-0.256504,-0.070168,3.929484,-0.215275,-0.043529,3.932526,-0.196885,-0.055821,3.943945,-0.193702,-0.047274,3.957608,-0.192067,-0.035507,3.975215,1,-0.691136,0.001532,3.742939,-0.689448,0.068892,3.735564,-0.624558,0.107310,3.742706,-0.633633,0.131636,3.757165,-0.644158,0.136080,3.770722,-0.659115,0.130870,3.781005,-0.679548,0.118864,3.783213
170,7.083333,1,-0.148204,-0.106912,3.986597,-0.203475,-0.068079,3.993062,-0.256443,-0.069054,3.930078,-0.216539,-0.041181,3.932725,-0.197113,-0.054026,3.943854,-0.194135,-0.045515,3.957685,-0.192082,-0.034366,3.976029,1,-0.691011,0.001704,3.742779,-0.689050,0.069048,3.735227,-0.624596,0.107466,3.743098,-0.633324,0.131431,3.757313,-0.643681,0.135748,3.770778,-0.658561,0.130984,3.780640,-0.679200,0.119096,3.782811
171,7.125000,1,-0.148502,-0.106863,3.987438,-0.203438,-0.067719,3.994207,-0.256510,-0.067962,3.930896,-0.217770,-0.039166,3.933255,-0.197378,-0.052518,3.944041,-0.194535,-0.043968,3.957900,-0.192017,-0.033410,3.976778,1,-0.691049,0.001759,3.742931,-0.688813,0.069194,3.735096,-0.624631,0.107612,3.743618,-0.633212,0.131539,3.757655,-0.643542,0.135684,3.771054,-0.658399,0.131161,3.780569,-0.679116,0.119214,3.782717
172,7.166667,1,-0.148635,-0.106583,3.987944,-0.203435,-0.067320,3.995364,-0.256732,-0.066823,3.932125,-0.218733,-0.037755,3.934064,-0.197669,-0.051340,3.944408,-0.194846,-0.042782,3.958220,-0.191919,-0.032717,3.977447,1,-0.691171,0.001971,3.742953,-0.688813,0.069341,3.735061,-0.624658,0.107787,3.744065,-0.633308,0.131948,3.758017,-0.643787,0.135970,3.771386,-0.658734,0.131539,3.780660,-0.679416,0.119346,3.782814
173,7.208333,1,-0.148920,-0.106376,3.988666,-0.203492,-0.066936,3.996507,-0.257102,-0.065636,3.933850,-0.219335,-0.036999,3.935064,-0.197999,-0.050466,3.944900,-0.195005,-0.042076,3.958659,-0.191787,-0.032357,3.978061,1,-0.691240,0.002068,3.743045,-0.689030,0.069496,3.734994,-0.624649,0.107988,3.744214,-0.633547,0.132534,3.758163,-0.644329,0.136514,3.771503,-0.659372,0.131958,3.780713,-0.679965,0.119559,3.782848
174,7.250000,1,-0.149318,-0.106042,3.989002,-0.203593,-0.066579,3.997643,-0.257562,-0.064401,3.935995,-0.219512,-0.036887,3.936291,-0.198383,-0.049938,3.945663,-0.195073,-0.041859,3.959368,-0.191692,-0.032281,3.978765,1,-0.691682,0.002231,3.742867,-0.689380,0.069668,3.734857,-0.624592,0.108192,3.743897,-0.633860,0.133171,3.757914,-0.644994,0.137183,3.771202,-0.659988,0.132214,3.780585,-0.680534,0.119921,3.782623
175,7.291667,1,-0.149401,-0.105706,3.989403,-0.203718,-0.066246,3.998810,-0.258006,-0.063109,3.938359,-0.219428,-0.037266,3.937823,-0.198867,-0.049821,3.946876,-0.195237,-0.042016,3.960484,-0.191750,-0.032359,3.979726,1,-0.691779,0.002400,3.742706,-0.689743,0.069857,3.734689,-0.624548,0.108385,3.743065,-0.634161,0.133735,3.757234,-0.645542,0.137834,3.770461,-0.660307,0.132257,3.780203,-0.680956,0.120475,3.782078
176,7.333333,1,-0.149750,-0.105331,3.990117,-0.203882,-0.065967,3.999999,-0.258348,-0.061841,3.940653,-0.219409,-0.037857,3.939569,-0.199507,-0.050040,3.948448,-0.195629,-0.042383,3.961918,-0.191986,-0.032547,3.980923,1,-0.692156,0.002628,3.742840,-0.690036,0.070050,3.734525,-0.624648,0.108571,3.741820,-0.634361,0.134091,3.756246,-0.645825,0.138330,3.769431,-0.660246,0.132102,3.779588,-0.681156,0.121080,3.781337
177,7.375000,1,-0.149838,-0.105028,3.991073,-0.204118,-0.065790,4.001136,-0.258557,-0.060774,3.942590,-0.219623,-0.038438,3.941239,-0.200296,-0.050339,3.950000,-0.196224,-0.042782,3.963376,-0.192331,-0.032867,3.982153,1,-0.692236,0.002915,3.743141,-0.690251,0.070227,3.734389,-0.624998,0.108758,3.740376,-0.634433,0.134186,3.755155,-0.645849,0.138605,3.768331,-0.659889,0.131729,3.778900,-0.681062,0.121436,3.780672
178,7.416667,1,-0.150174,-0.104763,3.991650,-0.204432,-0.065738,4.002161,-0.258643,-0.060000,3.944062,-0.219998,-0.038912,3.942606,-0.201154,-0.050435,3.951212,-0.196922,-0.043043,3.964615,-0.192726,-0.033267,3.983245,1,-0.692609,0.003046,3.743130,-0.690400,0.070378,3.734320,-0.625546,0.108927,3.739014,-0.634414,0.134148,3.754183,-0.645662,0.138713,3.767377,-0.659344,0.131209,3.778343,-0.680637,0.121429,3.780277
179,7.458333,1,-0.150304,-0.104593,3.992388,-0.204804,-0.065806,4.003071,-0.258602,-0.059455,3.945126,-0.220379,-0.039278,3.943638,-0.202020,-0.050191,3.952032,-0.197697,-0.043047,3.965582,-0.193197,-0.033622,3.984182,1,-0.692750,0.003202,3.743253,-0.690489,0.070507,3.734351,-0.626102,0.109054,3.738018,-0.634375,0.134142,3.753528,-0.645361,0.138734,3.766756,-0.658760,0.130706,3.778043,-0.680050,0.121233,3.780161
180,7.500000,1,-0.150521,-0.104379,3.992970,-0.205214,-0.065967,4.003830,-0.258419,-0.059044,3.945810,-0.220662,-0.039575,3.944367,-0.202863,-0.049666,3.952555,-0.198555,-0.042800,3.966303,-0.193765,-0.033868,3.984986,1,-0.692724,0.003383,3.743075,-0.690550,0.070608,3.734439,-0.626503,0.109140,3.737494,-0.634387,0.134169,3.753232,-0.645136,0.138667,3.766499,-0.658367,0.130309,3.777970,-0.679617,0.121018,3.780221
181,7.541667,1,-0.150807,-0.104308,3.993892,-0.205618,-0.066161,4.004384,-0.258143,-0.058727,3.946126,-0.220781,-0.039810,3.944866,-0.203581,-0.049050,3.952932,-0.199371,-0.042436,3.966847,-0.194323,-0.034016,3.985673,1,-0.692853,0.003458,3.743313,-0.690611,0.070657,3.734445,-0.626678,0.109195,3.737297,-0.634458,0.134130,3.753099,-0.645126,0.138483,3.766386,-0.658302,0.129983,3.777931,-0.679483,0.120782,3.780288
182,7.583333,1,-0.150919,-0.104237,3.994153,-0.205940,-0.066309,4.004780,-0.257909,-0.058482,3.946227,-0.220680,-0.039957,3.945336,-0.204022,-0.048538,3.953384,-0.199923,-0.042131,3.967389,-0.194696,-0.034094,3.986346,1,-0.692888,0.003328,3.743004,-0.690671,0.070651,3.734293,-0.626647,0.109238,3.737270,-0.634537,0.133988,3.752966,-0.645290,0.138191,3.766240,-0.658493,0.129666,3.777807,-0.679524,0.120431,3.780283
183,7.625000,1,-0.150894,-0.104178,3.994750,-0.206139,-0.066366,4.005168,-0.257807,-0.058224,3.946387,-0.220383,-0.040010,3.946033,-0.204151,-0.048258,3.954135,-0.200111,-0.042034,3.968146,-0.194799,-0.034171,3.987183,1,-0.692668,0.003327,3.742978,-0.690731,0.070623,3.734089,-0.626498,0.109299,3.737447,-0.634604,0.133798,3.752939,-0.645530,0.137861,3.766184,-0.658816,0.129389,3.777746,-0.679599,0.119949,3.780337
184,7.666667,1,-0.151015,-0.104105,3.994887,-0.206234,-0.066343,4.005671,-0.257819,-0.057845,3.946809,-0.220080,-0.039941,3.947071,-0.204101,-0.048246,3.955260,-0.200034,-0.042211,3.969219,-0.194673,-0.034337,3.988278,1,-0.692715,0.003248,3.742548,-0.690800,0.070607,3.733970,-0.626332,0.109387,3.737904,-0.634685,0.133656,3.753182,-0.645793,0.137590,3.766429,-0.659228,0.129298,3.777940,-0.679708,0.119499,3.780573
185,7.708333,1,-0.151070,-0.104003,3.995348,-0.206283,-0.066283,4.006251,-0.257873,-0.057367,3.947467,-0.220134,-0.039612,3.948248,-0.204085,-0.048384,3.956515,-0.199923,-0.042527,3.970409,-0.194480,-0.034557,3.989459,1,-0.692596,0.003255,3.742430,-0.690857,0.070599,3.733950,-0.626208,0.109463,3.738550,-0.634791,0.133613,3.753661,-0.646029,0.137409,3.766948,-0.659678,0.129475,3.778333,-0.679890,0.119282,3.780890
186,7.750000,1,-0.151208,-0.103823,3.995399,-0.206336,-0.066217,4.006754,-0.257923,-0.056956,3.948155,-0.220854,-0.038878,3.949162,-0.204267,-0.048437,3.957438,-0.200010,-0.042701,3.971286,-0.194432,-0.034653,3.990354,1,-0.692659,0.003279,3.742009,-0.690866,0.070574,3.733942,-0.626146,0.109486,3.739190,-0.634922,0.133637,3.754205,-0.646196,0.137274,3.767524,-0.660082,0.129801,3.778701,-0.680130,0.119316,3.781086
187,7.791667,1,-0.151189,-0.103789,3.995973,-0.206392,-0.066136,4.007093,-0.257959,-0.056714,3.948737,-0.222213,-0.037745,3.949630,-0.204646,-0.048295,3.957808,-0.200321,-0.042609,3.971640,-0.194578,-0.034519,3.990777,1,-0.692634,0.003083,3.742157,-0.690819,0.070518,3.733861,-0.626148,0.109456,3.739679,-0.635084,0.133705,3.754668,-0.646319,0.137182,3.767975,-0.660407,0.130134,3.778909,-0.680388,0.119470,3.781080
188,7.833333,1,-0.151192,-0.103623,3.996144,-0.206424,-0.066021,4.007346,-0.258006,-0.056592,3.949259,-0.223909,-0.036339,3.949850,-0.205037,-0.048071,3.957850,-0.200632,-0.042423,3.971690,-0.194739,-0.034267,3.990915,1,-0.692558,0.003106,3.741802,-0.690741,0.070439,3.733713,-0.626204,0.109396,3.739994,-0.635272,0.133830,3.755009,-0.646460,0.137190,3.768281,-0.660695,0.130450,3.779008,-0.680633,0.119631,3.780960
189,7.875000,1,-0.151272,-0.103572,3.996413,-0.206443,-0.065904,4.007602,-0.258065,-0.056511,3.949748,-0.225559,-0.034855,3.950069,-0.205241,-0.047877,3.957869,-0.200730,-0.042321,3.971742,-0.194770,-0.034059,3.991045,1,-0.692586,0.002955,3.741669,-0.690668,0.070352,3.733559,-0.626294,0.109326,3.740149,-0.635466,0.133970,3.755228,-0.646642,0.137267,3.768486,-0.660981,0.130732,3.779087,-0.680829,0.119754,3.780850
190,7.916667,1,-0.151249,-0.103473,3.996563,-0.206510,-0.065844,4.007839,-0.258103,-0.056488,3.950069,-0.226864,-0.033569,3.950266,-0.205241,-0.047660,3.957886,-0.200655,-0.042244,3.971840,-0.194777,-0.033902,3.991223,1,-0.692564,0.002889,3.741468,-0.690636,0.070259,3.733402,-0.626380,0.109246,3.740057,-0.635640,0.134013,3.755225,-0.646829,0.137293,3.768514,-0.661226,0.130920,3.779075,-0.680946,0.119866,3.780715
191,7.958333,1,-0.151285,-0.103386,3.997018,-0.206691,-0.065882,4.007985,-0.258104,-0.056609,3.950054,-0.227615,-0.032798,3.950247,-0.205211,-0.047312,3.957728,-0.200637,-0.042025,3.971861,-0.195030,-0.033665,3.991363,1,-0.692637,0.002779,3.741554,-0.690671,0.070154,3.733211,-0.626444,0.109153,3.739622,-0.635772,0.133908,3.754896,-0.646964,0.137213,3.768244,-0.661369,0.130999,3.778842,-0.680999,0.120041,3.780431
192,8.000000,1,-0.151252,-0.103253,3.997174,-0.207011,-0.066017,4.008058,-0.258086,-0.056905,3.949715,-0.227612,-0.032770,3.949978,-0.205283,-0.046832,3.957418,-0.200826,-0.041609,3.971863,-0.195689,-0.033257,3.991545,1,-0.692557,0.002757,3.741310,-0.690775,0.070028,3.733017,-0.626491,0.109030,3.738966,-0.635875,0.133717,3.754341,-0.647039,0.137094,3.767737,-0.661424,0.131038,3.778417,-0.681083,0.120324,3.779994
193,8.041667,1,-0.151611,-0.103166,3.998138,-0.207408,-0.066192,4.008204,-0.258099,-0.057288,3.949310,-0.226985,-0.033268,3.949732,-0.205425,-0.046336,3.957270,-0.201143,-0.041110,3.972097,-0.196559,-0.032753,3.991980,1,-0.692806,0.002641,3.741766,-0.690923,0.069878,3.732892,-0.626528,0.108872,3.738402,-0.635993,0.133532,3.753820,-0.647109,0.137001,3.767230,-0.661485,0.131101,3.777981,-0.681292,0.120672,3.779537
194,8.083333,1,-0.151719,-0.103064,3.998863,-0.207754,-0.066305,4.008579,-0.258200,-0.057610,3.949205,-0.226356,-0.033652,3.949855,-0.205555,-0.045977,3.957590,-0.201369,-0.040728,3.972728,-0.197162,-0.032374,3.992724,1,-0.692916,0.002452,3.742151,-0.691068,0.069714,3.732879,-0.626558,0.108691,3.738207,-0.636155,0.133400,3.753559,-0.647221,0.136923,3.766955,-0.661617,0.131175,3.777714,-0.681615,0.120968,3.779207
195,8.125000,1,-0.151874,-0.102961,3.999518,-0.207963,-0.066278,4.009211,-0.258393,-0.057742,3.949629,-0.226287,-0.033512,3.950509,-0.205644,-0.045970,3.958507,-0.201339,-0.040718,3.973763,-0.197138,-0.032353,3.993643,1,-0.692999,0.002381,3.742391,-0.691173,0.069541,3.732971,-0.626600,0.108500,3.738474,-0.636353,0.133343,3.753637,-0.647361,0.136831,3.767005,-0.661812,0.131233,3.777686,-0.681977,0.121126,3.779068
196,8.166667,1,-0.152005,-0.102869,4.000256,-0.208016,-0.066076,4.010001,-0.258623,-0.057622,3.950595,-0.226867,-0.032946,3.951644,-0.205677,-0.046593,3.960018,-0.201006,-0.041317,3.975148,-0.196446,-0.032794,3.994590,1,-0.693040,0.002214,3.742633,-0.691247,0.069355,3.733128,-0.626713,0.108317,3.739140,-0.636583,0.133349,3.754022,-0.647526,0.136704,3.767350,-0.662063,0.131253,3.777864,-0.682356,0.121098,3.779110
197,8.208333,1,-0.152268,-0.102922,4.001102,-0.207934,-0.065710,4.010819,-0.258847,-0.057306,3.951933,-0.227746,-0.032287,3.953035,-0.205644,-0.047817,3.961904,-0.200452,-0.042447,3.976716,-0.195343,-0.033535,3.995469,1,-0.693095,0.001975,3.742926,-0.691324,0.069154,3.733324,-0.626982,0.108175,3.740079,-0.636857,0.133342,3.754684,-0.647755,0.136488,3.767973,-0.662390,0.131149,3.778257,-0.682736,0.120786,3.779385
198,8.250000,1,-0.152336,-0.102829,4.001693,-0.207770,-0.065262,4.011571,-0.259051,-0.056937,3.953363,-0.228373,-0.031851,3.954392,-0.205566,-0.049161,3.963757,-0.199858,-0.043650,3.978189,-0.194236,-0.034226,3.996235,1,-0.693186,0.001802,3.743174,-0.691405,0.068951,3.733568,-0.627426,0.108095,3.741144,-0.637155,0.133269,3.755591,-0.648066,0.136172,3.768879,-0.662784,0.130875,3.778923,-0.683048,0.120136,3.779978
199,8.291667,1,-0.152442,-0.102799,4.002169,-0.207600,-0.064854,4.012248,-0.259213,-0.056609,3.954675,-0.228457,-0.031753,3.955588,-0.205466,-0.050149,3.965302,-0.199386,-0.044509,3.979420,-0.193431,-0.034625,3.996934,1,-0.693220,0.001602,3.743282,-0.691465,0.068755,3.733867,-0.627916,0.108046,3.742208,-0.637414,0.133171,3.756615,-0.648408,0.135859,3.769950,-0.663188,0.130530,3.779797,-0.683247,0.119282,3.780829
200,8.333333,1,-0.152554,-0.102741,4.002665,-0.207463,-0.064562,4.012932,-0.259285,-0.056259,3.955844,-0.228084,-0.031903,3.956753,-0.205331,-0.050679,3.966615,-0.199076,-0.044951,3.980550,-0.192995,-0.034733,3.997733,1,-0.693256,0.001416,3.743389,-0.691501,0.068562,3.734206,-0.628272,0.107976,3.743165,-0.637574,0.133129,3.757551,-0.648695,0.135660,3.770952,-0.663533,0.130256,3.780687,-0.683355,0.118470,3.781733
201,8.375000,1,-0.152604,-0.102899,4.003502,-0.207344,-0.064371,4.013717,-0.259252,-0.055775,3.956965,-0.227374,-0.032245,3.958051,-0.205140,-0.050928,3.967924,-0.198868,-0.045144,3.981797,-0.192817,-0.034683,3.998775,1,-0.693052,0.001108,3.743751,-0.691538,0.068372,3.734572,-0.628428,0.107862,3.743904,-0.637625,0.133171,3.758241,-0.648866,0.135575,3.771702,-0.663764,0.130079,3.781435,-0.683393,0.117850,3.782517
202,8.416667,1,-0.152532,-0.102778,4.003861,-0.207216,-0.064203,4.014577,-0.259193,-0.055213,3.958082,-0.226411,-0.032788,3.959423,-0.204920,-0.051110,3.969277,-0.198676,-0.045286,3.983133,-0.192718,-0.034615,3.999935,1,-0.692974,0.001005,3.743787,-0.691598,0.068191,3.734961,-0.628480,0.107714,3.744396,-0.637619,0.133237,3.758697,-0.648923,0.135507,3.772214,-0.663871,0.129913,3.782028,-0.683365,0.117406,3.783146
203,8.458333,1,-0.152635,-0.102791,4.004711,-0.207083,-0.063992,4.015363,-0.259221,-0.054775,3.959121,-0.225407,-0.033429,3.960650,-0.204708,-0.051332,3.970492,-0.198437,-0.045484,3.984305,-0.192567,-0.034580,4.000892,1,-0.693060,0.000757,3.744261,-0.691695,0.068019,3.735347,-0.628575,0.107558,3.744751,-0.637644,0.133233,3.759078,-0.648958,0.135368,3.772640,-0.663926,0.129667,3.782562,-0.683319,0.117017,3.783674
204,8.500000,1,-0.152690,-0.102747,4.005219,-0.206956,-0.063727,4.015974,-0.259385,-0.054558,3.959995,-0.224580,-0.033933,3.961601,-0.204489,-0.051579,3.971436,-0.198120,-0.045714,3.985175,-0.192331,-0.034516,4.001485,1,-0.693132,0.000582,3.744467,-0.691838,0.067851,3.735669,-0.628785,0.107424,3.745067,-0.637774,0.133124,3.759481,-0.649095,0.135165,3.773065,-0.664047,0.129330,3.783091,-0.683348,0.116563,3.784153
205,8.541667,1,-0.152832,-0.102705,4.005570,-0.206839,-0.063445,4.016439,-0.259612,-0.054454,3.960685,-0.223996,-0.034096,3.962298,-0.204229,-0.051730,3.972132,-0.197757,-0.045842,3.985810,-0.192077,-0.034310,4.001837,1,-0.693268,0.000450,3.744461,-0.692029,0.067679,3.735863,-0.629068,0.107321,3.745332,-0.638020,0.132970,3.759841,-0.649391,0.134989,3.773424,-0.664307,0.128967,3.783569,-0.683534,0.116014,3.784589
206,8.583333,1,-0.153010,-0.102710,4.005700,-0.206738,-0.063204,4.016832,-0.259772,-0.054301,3.961209,-0.223657,-0.033901,3.962796,-0.203951,-0.051697,3.972658,-0.197449,-0.045774,3.986302,-0.191911,-0.033931,4.002131,1,-0.693448,0.000206,3.744297,-0.692226,0.067491,3.735928,-0.629325,0.107218,3.745537,-0.638320,0.132818,3.760091,-0.649798,0.134871,3.773669,-0.664685,0.128636,3.783942,-0.683892,0.115419,3.784960
207,8.625000,1,-0.153068,-0.102772,4.006077,-0.206662,-0.063026,4.017177,-0.259797,-0.054039,3.961631,-0.223601,-0.033557,3.963173,-0.203768,-0.051622,3.973173,-0.197286,-0.045638,3.986740,-0.191859,-0.033515,4.002453,1,-0.693545,0.000005,3.744348,-0.692341,0.067283,3.735931,-0.629489,0.107064,3.745821,-0.638587,0.132637,3.760343,-0.650225,0.134727,3.773911,-0.665099,0.128324,3.784253,-0.684352,0.114828,3.785265
208,8.666667,1,-0.153021,-0.102795,4.006338,-0.206617,-0.062893,4.017469,-0.259730,-0.053726,3.962049,-0.223801,-0.033356,3.963524,-0.203771,-0.051743,3.973832,-0.197274,-0.045662,3.987201,-0.191861,-0.033255,4.002784,1,-0.693510,-0.000194,3.744310,-0.692291,0.067061,3.735962,-0.629555,0.106824,3.746378,-0.638752,0.132395,3.760793,-0.650590,0.134466,3.774332,-0.665452,0.127979,3.784620,-0.684808,0.114227,3.785560
209,8.708333,1,-0.153256,-0.102887,4.006918,-0.206591,-0.062770,4.017714,-0.259640,-0.053434,3.962522,-0.224030,-0.033518,3.963911,-0.203934,-0.052097,3.974611,-0.197353,-0.045893,3.987661,-0.191875,-0.033194,4.003062,1,-0.693705,-0.000504,3.744571,-0.692055,0.066846,3.736052,-0.629536,0.106511,3.747179,-0.638744,0.132114,3.761448,-0.650804,0.134067,3.774938,-0.665628,0.127574,3.785057,-0.685146,0.113621,3.785859
210,8.750000,1,-0.153196,-0.102859,4.007383,-0.206561,-0.062636,4.017930,-0.259534,-0.053158,3.963047,-0.224041,-0.034104,3.964349,-0.204191,-0.052543,3.975404,-0.197483,-0.046204,3.988085,-0.191906,-0.033245,4.003264,1,-0.693556,-0.000604,3.744646,-0.691690,0.066648,3.736129,-0.629462,0.106175,3.747917,-0.638516,0.131800,3.762055,-0.650749,0.133519,3.775489,-0.665503,0.127139,3.785361,-0.685267,0.113110,3.786008
211,8.791667,1,-0.153219,-0.102845,4.007684,-0.206529,-0.062496,4.018113,-0.259398,-0.052893,3.963566,-0.223904,-0.034930,3.964789,-0.204529,-0.052974,3.976162,-0.197684,-0.046486,3.988492,-0.191969,-0.033335,4.003404,1,-0.693460,-0.000775,3.744575,-0.691285,0.066465,3.736090,-0.629379,0.105858,3.748303,-0.638083,0.131406,3.762368,-0.650372,0.132813,3.775736,-0.665034,0.126747,3.785294,-0.685140,0.112802,3.785832
212,8.833333,1,-0.153145,-0.102805,4.007978,-0.206535,-0.062381,4.018234,-0.259249,-0.052707,3.963936,-0.223836,-0.035676,3.965095,-0.204909,-0.053266,3.976734,-0.197974,-0.046620,3.988807,-0.192100,-0.033383,4.003461,1,-0.693416,-0.000917,3.744634,-0.690920,0.066291,3.735910,-0.629319,0.105586,3.748301,-0.637553,0.130943,3.762348,-0.649774,0.132034,3.775636,-0.664348,0.126461,3.784848,-0.684841,0.112681,3.785365
213,8.875000,1,-0.153111,-0.102745,4.008312,-0.206615,-0.062327,4.018275,-0.259121,-0.052676,3.963990,-0.223829,-0.036152,3.965116,-0.205191,-0.053216,3.976822,-0.198313,-0.046444,3.988823,-0.192361,-0.033264,4.003384,1,-0.693244,-0.000997,3.744612,-0.690651,0.066133,3.735641,-0.629286,0.105370,3.748031,-0.637093,0.130537,3.762087,-0.649169,0.131375,3.775310,-0.663676,0.126312,3.784222,-0.684495,0.112686,3.784799
214,8.916667,1,-0.153264,-0.102658,4.008482,-0.206743,-0.062326,4.018279,-0.259031,-0.052780,3.963757,-0.223713,-0.036433,3.964869,-0.205282,-0.052791,3.976363,-0.198628,-0.045961,3.988478,-0.192720,-0.032990,4.003190,1,-0.693410,-0.001134,3.744578,-0.690491,0.066002,3.735370,-0.629268,0.105211,3.747649,-0.636810,0.130287,3.761729,-0.648714,0.130957,3.774928,-0.663180,0.126289,3.783637,-0.684208,0.112838,3.784269
215,8.958333,1,-0.153247,-0.102625,4.008669,-0.206841,-0.062321,4.018346,-0.258999,-0.052932,3.963500,-0.223374,-0.036766,3.964595,-0.205224,-0.052232,3.975705,-0.198858,-0.045415,3.988010,-0.193035,-0.032747,4.003013,1,-0.693409,-0.001196,3.744516,-0.690410,0.065906,3.735180,-0.629244,0.105096,3.747323,-0.636688,0.130148,3.761459,-0.648427,0.130704,3.774666,-0.662880,0.126313,3.783236,-0.684044,0.113123,3.783834
216,9.000000,1,-0.153270,-0.102579,4.008806,-0.206846,-0.062260,4.018536,-0.259049,-0.053076,3.963433,-0.222802,-0.037292,3.964515,-0.205082,-0.051763,3.975203,-0.198969,-0.045005,3.987671,-0.193195,-0.032650,4.002967,1,-0.693420,-0.001276,3.744429,-0.690366,0.065855,3.735119,-0.629208,0.105023,3.747167,-0.636657,0.130041,3.761405,-0.648282,0.130509,3.774631,-0.662736,0.126292,3.783088,-0.684018,0.113401,3.783575
217,9.041667,1,-0.153239,-0.102531,4.009398,-0.206762,-0.062136,4.018801,-0.259173,-0.053204,3.963531,-0.222119,-0.037828,3.964592,-0.204860,-0.051406,3.974892,-0.198931,-0.044745,3.987481,-0.193165,-0.032644,4.003018,1,-0.693428,-0.001302,3.744802,-0.690338,0.065858,3.735175,-0.629172,0.105000,3.747184,-0.636663,0.130007,3.761543,-0.648266,0.130405,3.774800,-0.662714,0.126215,3.783192,-0.684092,0.113523,3.783558
218,9.083333,1,-0.153148,-0.102415,4.009218,-0.206638,-0.061972,4.019044,-0.259357,-0.053359,3.963655,-0.221565,-0.038059,3.964622,-0.204575,-0.051122,3.974628,-0.198746,-0.044595,3.987335,-0.192944,-0.032671,4.003043,1,-0.693411,-0.001199,3.744488,-0.690326,0.065910,3.735294,-0.629171,0.105028,3.747326,-0.636690,0.130120,3.761765,-0.648370,0.130465,3.775071,-0.662794,0.126126,3.783484,-0.684213,0.113450,3.783764
219,9.125000,1,-0.153014,-0.102285,4.009304,-0.206547,-0.061807,4.019208,-0.259608,-0.053631,3.963725,-0.221339,-0.037889,3.964469,-0.204305,-0.050946,3.974333,-0.198481,-0.044560,3.987182,-0.192589,-0.032766,4.002984,1,-0.693303,-0.001157,3.744380,-0.690351,0.065996,3.735426,-0.629244,0.105108,3.747542,-0.636751,0.130341,3.762002,-0.648573,0.130661,3.775362,-0.662969,0.126042,3.783877,-0.684355,0.113214,3.784113
220,9.166667,1,-0.153132,-0.102166,4.009545,-0.206535,-0.061685,4.019314,-0.259926,-0.054047,3.963744,-0.221476,-0.037445,3.964166,-0.204124,-0.050868,3.974009,-0.198232,-0.044610,3.987033,-0.192202,-0.032951,4.002877,1,-0.693522,-0.001091,3.744503,-0.690421,0.066106,3.735532,-0.629401,0.105241,3.747732,-0.636848,0.130584,3.762199,-0.648807,0.130940,3.775598,-0.663184,0.126002,3.784246,-0.684487,0.112905,3.784494
221,9.208333,1,-0.153148,-0.102054,4.009645,-0.206595,-0.061631,4.019426,-0.260288,-0.054530,3.963762,-0.221830,-0.036890,3.963844,-0.204029,-0.050748,3.973670,-0.198044,-0.044636,3.986909,-0.191864,-0.033171,4.002814,1,-0.693453,-0.000992,3.744382,-0.690505,0.066235,3.735565,-0.629604,0.105425,3.747756,-0.636948,0.130849,3.762238,-0.648963,0.131308,3.775664,-0.663333,0.126121,3.784416,-0.684558,0.112694,3.784742
222,9.250000,1,-0.153190,-0.101892,4.009487,-0.206676,-0.061625,4.019608,-0.260662,-0.054976,3.963832,-0.222150,-0.036373,3.963635,-0.203959,-0.050512,3.973405,-0.197898,-0.044596,3.986891,-0.191578,-0.033387,4.002897,1,-0.693565,-0.000795,3.744121,-0.690575,0.066375,3.735499,-0.629794,0.105635,3.747569,-0.637030,0.131176,3.762047,-0.648999,0.131789,3.775491,-0.663372,0.126481,3.784282,-0.684575,0.112753,3.784730
223,9.291667,1,-0.153236,-0.101822,4.009748,-0.206720,-0.061608,4.019911,-0.261033,-0.055313,3.964037,-0.222357,-0.035879,3.963617,-0.203877,-0.050270,3.973371,-0.197748,-0.044593,3.987092,-0.191256,-0.033670,4.003188,1,-0.693636,-0.000648,3.744266,-0.690646,0.066518,3.735394,-0.629908,0.105849,3.747333,-0.637137,0.131582,3.761767,-0.649014,0.132394,3.775200,-0.663414,0.127073,3.783955,-0.684668,0.113128,3.784517
224,9.333333,1,-0.153142,-0.101786,4.009696,-0.206726,-0.061545,4.020335,-0.261412,-0.055536,3.964434,-0.222713,-0.035175,3.963757,-0.203821,-0.050141,3.973582,-0.197590,-0.044717,3.987477,-0.190842,-0.034102,4.003611,1,-0.693443,-0.000558,3.743979,-0.690752,0.066672,3.735353,-0.629925,0.106056,3.747256,-0.637326,0.132083,3.761623,-0.649123,0.133159,3.774999,-0.663600,0.127878,3.783640,-0.684981,0.113787,3.784275
225,9.375000,1,-0.153410,-0.101779,4.010072,-0.206775,-0.061474,4.020750,-0.261774,-0.055736,3.964872,-0.223525,-0.034139,3.963873,-0.203874,-0.050112,3.973790,-0.197498,-0.044920,3.987768,-0.190453,-0.034632,4.003926,1,-0.693528,-0.000408,3.744031,-0.690902,0.066850,3.735428,-0.629840,0.106261,3.747321,-0.637560,0.132699,3.761598,-0.649274,0.134084,3.774896,-0.663884,0.128869,3.783386,-0.685445,0.114719,3.784074
226,9.416667,1,-0.153617,-0.101692,4.010041,-0.206948,-0.061463,4.021003,-0.262064,-0.056044,3.965104,-0.224721,-0.033018,3.963818,-0.204070,-0.050104,3.973735,-0.197546,-0.045094,3.987715,-0.190273,-0.035123,4.003952,1,-0.693773,-0.000263,3.743933,-0.691078,0.067054,3.735600,-0.629619,0.106457,3.747348,-0.637731,0.133392,3.761476,-0.649311,0.135065,3.774729,-0.664063,0.129894,3.783160,-0.685773,0.115859,3.783889
227,9.458333,1,-0.153648,-0.101622,4.010641,-0.207230,-0.061530,4.021140,-0.262297,-0.056492,3.965120,-0.225906,-0.032172,3.963704,-0.204377,-0.049996,3.973431,-0.197746,-0.045137,3.987380,-0.190364,-0.035478,4.003789,1,-0.693529,-0.000040,3.744112,-0.691246,0.067274,3.735835,-0.629268,0.106634,3.747302,-0.637791,0.134038,3.761224,-0.649184,0.135929,3.774481,-0.664044,0.130727,3.783022,-0.685790,0.116985,3.783757
228,9.500000,1,-0.153762,-0.101501,4.011328,-0.207549,-0.061641,4.021302,-0.262537,-0.056983,3.965065,-0.226807,-0.031701,3.963698,-0.204753,-0.049632,3.972988,-0.198075,-0.044935,3.986916,-0.190691,-0.035628,4.003597,1,-0.693497,0.000193,3.744513,-0.691379,0.067500,3.736066,-0.628904,0.106792,3.747269,-0.637785,0.134506,3.760992,-0.648979,0.136559,3.774270,-0.663911,0.131264,3.783022,-0.685580,0.117852,3.783748
229,9.541667,1,-0.154059,-0.101604,4.011829,-0.207860,-0.061753,4.021492,-0.262823,-0.057463,3.964939,-0.227421,-0.031485,3.963715,-0.205120,-0.048938,3.972375,-0.198472,-0.044422,3.986310,-0.191199,-0.035492,4.003337,1,-0.693473,0.000304,3.744564,-0.691464,0.067732,3.736184,-0.628659,0.106961,3.747226,-0.637771,0.134754,3.760791,-0.648764,0.136933,3.774082,-0.663744,0.131541,3.783052,-0.685266,0.118378,3.783821
230,9.583333,1,-0.154183,-0.101523,4.011991,-0.208146,-0.061835,4.021650,-0.263187,-0.057988,3.964679,-0.227754,-0.031394,3.963637,-0.205352,-0.048018,3.971643,-0.198784,-0.043701,3.985613,-0.191744,-0.035108,4.002993,1,-0.693467,0.000499,3.744379,-0.691520,0.067981,3.736122,-0.628593,0.107186,3.747063,-0.637783,0.134834,3.760500,-0.648555,0.137076,3.773808,-0.663549,0.131600,3.782988,-0.684872,0.118617,3.783875
231,9.625000,1,-0.154343,-0.101384,4.011814,-0.208397,-0.061881,4.021821,-0.263611,-0.058540,3.964390,-0.227756,-0.031323,3.963591,-0.205352,-0.047086,3.971095,-0.198871,-0.042995,3.985129,-0.192133,-0.034655,4.002794,1,-0.693459,0.000907,3.743870,-0.691563,0.068241,3.735913,-0.628658,0.107480,3.746748,-0.637825,0.134810,3.760093,-0.648364,0.137016,3.773423,-0.663330,0.131434,3.782829,-0.684417,0.118612,3.783859
232,9.666667,1,-0.154628,-0.101386,4.012333,-0.208608,-0.061889,4.022046,-0.263953,-0.058941,3.964201,-0.227494,-0.031190,3.963709,-0.205131,-0.046350,3.970975,-0.198747,-0.042469,3.985100,-0.192305,-0.034268,4.002925,1,-0.693489,0.001173,3.743985,-0.691562,0.068490,3.735633,-0.628739,0.107798,3.746350,-0.637850,0.134717,3.759664,-0.648195,0.136806,3.773002,-0.663096,0.131075,3.782636,-0.683958,0.118421,3.783771
233,9.708333,1,-0.154606,-0.101392,4.012883,-0.208784,-0.061844,4.022253,-0.264077,-0.059046,3.964103,-0.227249,-0.030965,3.963928,-0.204845,-0.045975,3.971270,-0.198566,-0.042198,3.985473,-0.192338,-0.033976,4.003291,1,-0.693208,0.001457,3.744171,-0.691474,0.068717,3.735364,-0.628720,0.108065,3.745960,-0.637790,0.134580,3.759318,-0.648003,0.136561,3.772650,-0.662833,0.130673,3.782472,-0.683543,0.118202,3.783654
234,9.750000,1,-0.154781,-0.101286,4.012989,-0.208910,-0.061694,4.022410,-0.264040,-0.058872,3.964163,-0.227323,-0.030718,3.964228,-0.204733,-0.046133,3.971972,-0.198479,-0.042285,3.986166,-0.192279,-0.033828,4.003743,1,-0.693142,0.001754,3.743866,-0.691296,0.068927,3.735193,-0.628539,0.108231,3.745662,-0.637625,0.134487,3.759120,-0.647756,0.136437,3.772462,-0.662542,0.130442,3.782392,-0.683202,0.118164,3.783587
235,9.791667,1,-0.154956,-0.101229,4.013539,-0.208919,-0.061357,4.022593,-0.264018,-0.058497,3.964596,-0.227748,-0.030625,3.964752,-0.204976,-0.046982,3.973237,-0.198545,-0.042875,3.987261,-0.192085,-0.033902,4.004272,1,-0.693115,0.001904,3.743950,-0.691070,0.069117,3.735143,-0.628209,0.108296,3.745500,-0.637394,0.134536,3.759058,-0.647483,0.136531,3.772439,-0.662271,0.130507,3.782381,-0.682972,0.118400,3.783574
236,9.833333,1,-0.155045,-0.101033,4.014011,-0.208759,-0.060796,4.022866,-0.264106,-0.057968,3.965499,-0.228298,-0.030807,3.965610,-0.205579,-0.048456,3.975171,-0.198729,-0.043954,3.988854,-0.191719,-0.034193,4.004950,1,-0.693068,0.002043,3.743933,-0.690842,0.069280,3.735138,-0.627822,0.108310,3.745446,-0.637158,0.134717,3.759062,-0.647246,0.136784,3.772486,-0.662077,0.130814,3.782354,-0.682883,0.118847,3.783509
237,9.875000,1,-0.155135,-0.100963,4.014630,-0.208472,-0.060095,4.023253,-0.264309,-0.057319,3.966765,-0.228616,-0.031259,3.966838,-0.206355,-0.050158,3.977660,-0.198925,-0.045260,3.990925,-0.191212,-0.034609,4.005894,1,-0.692926,0.002192,3.743976,-0.690670,0.069406,3.735112,-0.627501,0.108320,3.745431,-0.636978,0.134906,3.759078,-0.647091,0.137043,3.772521,-0.661983,0.131184,3.782272,-0.682922,0.119347,3.783354
238,9.916667,1,-0.155253,-0.100762,4.015140,-0.208163,-0.059410,4.023749,-0.264571,-0.056596,3.968173,-0.228355,-0.031963,3.968395,-0.207042,-0.051615,3.980385,-0.199022,-0.046455,3.993308,-0.190659,-0.035030,4.007185,1,-0.692850,0.002335,3.743884,-0.690603,0.069486,3.735095,-0.627332,0.108330,3.745395,-0.636885,0.134970,3.759105,-0.647023,0.137171,3.772555,-0.661958,0.131405,3.782219,-0.683002,0.119685,3.783248
239,9.958333,1,-0.155342,-0.100584,4.015496,-0.207924,-0.058878,4.024241,-0.264793,-0.055906,3.969390,-0.227548,-0.032843,3.969970,-0.207492,-0.052609,3.982835,-0.199016,-0.047328,3.995586,-0.190206,-0.035349,4.008606,1,-0.692806,0.002381,3.743696,-0.690638,0.069515,3.735141,-0.627312,0.108318,3.745326,-0.636869,0.134869,3.759164,-0.647015,0.137120,3.772637,-0.661950,0.131369,3.782289,-0.683032,0.119728,3.783330
240,10.000000,1,-0.155123,-0.099997,4.015802,-0.207800,-0.058586,4.024542,-0.264904,-0.055462,3.970081,-0.226800,-0.033523,3.970990,-0.207698,-0.053118,3.984334,-0.198986,-0.047793,3.997048,-0.189964,-0.035509,4.009584,1,-0.693239,0.002107,3.743829,-0.690696,0.069513,3.735211,-0.627351,0.108291,3.745270,-0.636884,0.134725,3.759228,-0.647027,0.137006,3.772729,-0.661940,0.131222,3.782408,-0.683014,0.119614,3.783491
