case,result_name,frame,time,object_tx,object_ty,object_tz,object_qw,object_qx,object_qy,object_qz,object_pose_source,human_site_id,human_body_part,human_side,human_x,human_y,human_z,human_coordinate_frame,human_confidence,human_source,contact_state,contact_type,contact_part,audio_score,audio_anchor_type
14_pingpong_wall,pingpong_stage0_audit,1,0.0,0.183435164,-0.237164352,3.494999959,1.0,0.0,0.0,0.0,samples_known_object/14_pingpong_wall/results/pingpong_stage0_audit/object_pose.csv,left_palm,hand,left,-0.850791,0.099604,3.185733,gvhmr_incam,1.0,hamer_palm_site_export,,,,,
14_pingpong_wall,pingpong_stage0_audit,1,0.0,0.183435164,-0.237164352,3.494999959,1.0,0.0,0.0,0.0,samples_known_object/14_pingpong_wall/results/pingpong_stage0_audit/object_pose.csv,right_palm,hand,right,-0.060013,-0.086895,3.152240,gvhmr_incam,1.0,hamer_palm_site_export,,,,,
14_pingpong_wall,pingpong_stage0_audit,2,0.041667,0.168262690,-0.224388931,3.241641164,1.0,0.0,0.0,0.0,samples_known_object/14_pingpong_wall/results/pingpong_stage0_audit/object_pose.csv,left_palm,hand,left,-0.849439,0.096691,3.193254,gvhmr_incam,1.0,hamer_palm_site_export,,,,,
14_pingpong_wall,pingpong_stage0_audit,2,0.041667,0.168262690,-0.224388931,3.241641164,1.0,0.0,0.0,0.0,samples_known_object/14_pingpong_wall/results/pingpong_stage0_audit/object_pose.csv,right_palm,hand,right,-0.065907,-0.073013,3.133952,gvhmr_incam,1.0,hamer_palm_site_export,,,,,
14_pingpong_wall,pingpong_stage0_audit,3,0.083333,0.153132165,-0.204869226,2.988387881,1.0,0.0,0.0,0.0,samples_known_object/14_pingpong_wall/results/pingpong_stage0_audit/object_pose.csv,left_palm,hand,left,-0.847435,0.088954,3.209163,gvhmr_incam,1.0,hamer_palm_site_export,,,,,
14_pingpong_wall,pingpong_stage0_audit,3,0.083333,0.153132165,-0.204869226,2.988387881,1.0,0.0,0.0,0.0,samples_known_object/14_pingpong_wall/results/pingpong_stage0_audit/object_pose.csv,right_palm,hand,right,-0.079577,-0.046267,3.100538,gvhmr_incam,1.0,hamer_palm_site_export,,,,,
14_pingpong_wall,pingpong_stage0_audit,4,0.125,0.138078980,-0.175327261,2.735222570,1.0,0.0,0.0,0.0,samples_known_object/14_pingpong_wall/results/pingpong_stage0_audit/object_pose.csv,left_palm,hand,left,-0.844821,0.077091,3.230911,gvhmr_incam,1.0,hamer_palm_site_export,,,,,
14_pingpong_wall,pingpong_stage0_audit,4,0.125,0.138078980,-0.175327261,2.735222570,1.0,0.0,0.0,0.0,samples_known_object/14_pingpong_wall/results/pingpong_stage0_audit/object_pose.csv,right_palm,hand,right,-0.102610,-0.008362,3.056493,gvhmr_incam,1.0,hamer_palm_site_export,,,,,
14_pingpong_wall,pingpong_stage0_audit,5,0.166667,0.123426129,-0.135857882,2.482040927,1.0,0.0,0.0,0.0,samples_known_object/14_pingpong_wall/results/pingpong_stage0_audit/object_pose.csv,left_palm,hand,left,-0.840987,0.065464,3.251866,gvhmr_incam,1.0,hamer_palm_site_export,,,,,
14_pingpong_wall,pingpong_stage0_audit,5,0.166667,0.123426129,-0.135857882,2.482040927,1.0,0.0,0.0,0.0,samples_known_object/14_pingpong_wall/results/pingpong_stage0_audit/object_pose.csv,right_palm,hand,right,-0.133767,0.038460,3.006538,gvhmr_incam,1.0,hamer_palm_site_export,,,,,
14_pingpong_wall,pingpong_stage0_audit,6,0.208333,0.106969355,-0.090635374,2.228713905,1.0,0.0,0.0,0.0,samples_known_object/14_pingpong_wall/results/pingpong_stage0_audit/object_pose.csv,left_palm,hand,left,-0.835656,0.058626,3.265594,gvhmr_incam,1.0,hamer_palm_site_export,,,,,
14_pingpong_wall,pingpong_stage0_audit,6,0.208333,0.106969355,-0.090635374,2.228713905,1.0,0.0,0.0,0.0,samples_known_object/14_pingpong_wall/results/pingpong_stage0_audit/object_pose.csv,right_palm,hand,right,-0.169783,0.091117,2.955696,gvhmr_incam,1.0,hamer_palm_site_export,,,,,
14_pingpong_wall,pingpong_stage0_audit,7,0.25,0.091915619,-0.042869198,1.975073420,1.0,0.0,0.0,0.0,samples_known_object/14_pingpong_wall/results/pingpong_stage0_audit/object_pose.csv,left_palm,hand,left,-0.829366,0.059000,3.270002,gvhmr_incam,1.0,hamer_palm_site_export,,,,,
14_pingpong_wall,pingpong_stage0_audit,7,0.25,0.091915619,-0.042869198,1.975073420,1.0,0.0,0.0,0.0,samples_known_object/14_pingpong_wall/results/pingpong_stage0_audit/object_pose.csv,right_palm,hand,right,-0.208133,0.144989,2.908408,gvhmr_incam,1.0,hamer_palm_site_export,,,,,
14_pingpong_wall,pingpong_stage0_audit,8,0.291667,0.078565785,0.004825075,1.721073544,1.0,0.0,0.0,0.0,samples_known_object/14_pingpong_wall/results/pingpong_stage0_audit/object_pose.csv,left_palm,hand,left,-0.822707,0.066492,3.268597,gvhmr_incam,1.0,hamer_palm_site_export,,,,,
14_pingpong_wall,pingpong_stage0_audit,8,0.291667,0.078565785,0.004825075,1.721073544,1.0,0.0,0.0,0.0,samples_known_object/14_pingpong_wall/results/pingpong_stage0_audit/object_pose.csv,right_palm,hand,right,-0.246630,0.194556,2.868280,gvhmr_incam,1.0,hamer_palm_site_export,,,,,
14_pingpong_wall,pingpong_stage0_audit,9,0.333333,0.064849247,0.052292309,1.466813049,1.0,0.0,0.0,0.0,samples_known_object/14_pingpong_wall/results/pingpong_stage0_audit/object_pose.csv,left_palm,hand,left,-0.815893,0.077915,3.267344,gvhmr_incam,1.0,hamer_palm_site_export,,,,,
14_pingpong_wall,pingpong_stage0_audit,9,0.333333,0.064849247,0.052292309,1.466813049,1.0,0.0,0.0,0.0,samples_known_object/14_pingpong_wall/results/pingpong_stage0_audit/object_pose.csv,right_palm,hand,right,-0.281210,0.235941,2.838717,gvhmr_incam,1.0,hamer_palm_site_export,,,,,
14_pingpong_wall,pingpong_stage0_audit,10,0.375,0.050982103,0.092084418,1.212463486,1.0,0.0,0.0,0.0,samples_known_object/14_pingpong_wall/results/pingpong_stage0_audit/object_pose.csv,left_palm,hand,left,-0.809699,0.088737,3.268943,gvhmr_incam,1.0,hamer_palm_site_export,,,,,
14_pingpong_wall,pingpong_stage0_audit,10,0.375,0.050982103,0.092084418,1.212463486,1.0,0.0,0.0,0.0,samples_known_object/14_pingpong_wall/results/pingpong_stage0_audit/object_pose.csv,right_palm,hand,right,-0.305689,0.267295,2.821075,gvhmr_incam,1.0,hamer_palm_site_export,,,,,
14_pingpong_wall,pingpong_stage0_audit,11,0.416667,0.064209810,0.183718655,1.527369678,1.0,0.0,0.0,0.0,samples_known_object/14_pingpong_wall/results/pingpong_stage0_audit/object_pose.csv,left_palm,hand,left,-0.804904,0.096208,3.271998,gvhmr_incam,1.0,hamer_palm_site_export,,,,,
14_pingpong_wall,pingpong_stage0_audit,11,0.416667,0.064209810,0.183718655,1.527369678,1.0,0.0,0.0,0.0,samples_known_object/14_pingpong_wall/results/pingpong_stage0_audit/object_pose.csv,right_palm,hand,right,-0.313197,0.286656,2.813797,gvhmr_incam,1.0,hamer_palm_site_export,,,,,
14_pingpong_wall,pingpong_stage0_audit,12,0.458333,0.074323604,0.168725553,1.843652728,1.0,0.0,0.0,0.0,samples_known_object/14_pingpong_wall/results/pingpong_stage0_audit/object_pose.csv,left_palm,hand,left,-0.801416,0.099494,3.275692,gvhmr_incam,1.0,hamer_palm_site_export,,,,,
14_pingpong_wall,pingpong_stage0_audit,12,0.458333,0.074323604,0.168725553,1.843652728,1.0,0.0,0.0,0.0,samples_known_object/14_pingpong_wall/results/pingpong_stage0_audit/object_pose.csv,right_palm,hand,right,-0.298434,0.291253,2.816437,gvhmr_incam,1.0,hamer_palm_site_export,,,,,
14_pingpong_wall,pingpong_stage0_audit,13,0.5,0.086680276,0.141571872,2.160397525,1.0,0.0,0.0,0.0,samples_known_object/14_pingpong_wall/results/pingpong_stage0_audit/object_pose.csv,left_palm,hand,left,-0.798829,0.098743,3.281503,gvhmr_incam,1.0,hamer_palm_site_export,,,,,
14_pingpong_wall,pingpong_stage0_audit,13,0.5,0.086680276,0.141571872,2.160397525,1.0,0.0,0.0,0.0,samples_known_object/14_pingpong_wall/results/pingpong_stage0_audit/object_pose.csv,right_palm,hand,right,-0.260534,0.278498,2.832509,gvhmr_incam,1.0,hamer_palm_site_export,,,,,
14_pingpong_wall,pingpong_stage0_audit,14,0.541667,0.099919491,0.108501494,2.477373811,1.0,0.0,0.0,0.0,samples_known_object/14_pingpong_wall/results/pingpong_stage0_audit/object_pose.csv,left_palm,hand,left,-0.796828,0.095388,3.289058,gvhmr_incam,1.0,hamer_palm_site_export,,,,,
14_pingpong_wall,pingpong_stage0_audit,14,0.541667,0.099919491,0.108501494,2.477373811,1.0,0.0,0.0,0.0,samples_known_object/14_pingpong_wall/results/pingpong_stage0_audit/object_pose.csv,right_palm,hand,right,-0.205515,0.248160,2.864895,gvhmr_incam,1.0,hamer_palm_site_export,,,,,
14_pingpong_wall,pingpong_stage0_audit,15,0.583333,0.111477464,0.077401535,2.794391418,1.0,0.0,0.0,0.0,samples_known_object/14_pingpong_wall/results/pingpong_stage0_audit/object_pose.csv,left_palm,hand,left,-0.795348,0.091600,3.294382,gvhmr_incam,1.0,hamer_palm_site_export,,,,,
14_pingpong_wall,pingpong_stage0_audit,15,0.583333,0.111477464,0.077401535,2.794391418,1.0,0.0,0.0,0.0,samples_known_object/14_pingpong_wall/results/pingpong_stage0_audit/object_pose.csv,right_palm,hand,right,-0.145545,0.204498,2.909913,gvhmr_incam,1.0,hamer_palm_site_export,,,,,
14_pingpong_wall,pingpong_stage0_audit,16,0.625,0.114717467,0.042540408,2.757764452,1.0,0.0,0.0,0.0,samples_known_object/14_pingpong_wall/results/pingpong_stage0_audit/object_pose.csv,left_palm,hand,left,-0.795037,0.088822,3.294427,gvhmr_incam,1.0,hamer_palm_site_export,,,,,
14_pingpong_wall,pingpong_stage0_audit,16,0.625,0.114717467,0.042540408,2.757764452,1.0,0.0,0.0,0.0,samples_known_object/14_pingpong_wall/results/pingpong_stage0_audit/object_pose.csv,right_palm,hand,right,-0.093114,0.153952,2.960603,gvhmr_incam,1.0,hamer_palm_site_export,,,,,
14_pingpong_wall,pingpong_stage0_audit,17,0.666667,0.141729010,-0.001722000,2.720912651,1.0,0.0,0.0,0.0,samples_known_object/14_pingpong_wall/results/pingpong_stage0_audit/object_pose.csv,left_palm,hand,left,-0.797481,0.087341,3.289193,gvhmr_incam,1.0,hamer_palm_site_export,,,,,
14_pingpong_wall,pingpong_stage0_audit,17,0.666667,0.141729010,-0.001722000,2.720912651,1.0,0.0,0.0,0.0,samples_known_object/14_pingpong_wall/results/pingpong_stage0_audit/object_pose.csv,right_palm,hand,right,-0.054680,0.100232,3.014019,gvhmr_incam,1.0,hamer_palm_site_export,,,,,
14_pingpong_wall,pingpong_stage0_audit,18,0.708333,0.177913358,-0.062553290,2.684066373,1.0,0.0,0.0,0.0,samples_known_object/14_pingpong_wall/results/pingpong_stage0_audit/object_pose.csv,left_palm,hand,left,-0.803975,0.086835,3.278788,gvhmr_incam,1.0,hamer_palm_site_export,,,,,
14_pingpong_wall,pingpong_stage0_audit,18,0.708333,0.177913358,-0.062553290,2.684066373,1.0,0.0,0.0,0.0,samples_known_object/14_pingpong_wall/results/pingpong_stage0_audit/object_pose.csv,right_palm,hand,right,-0.030478,0.044690,3.069705,gvhmr_incam,1.0,hamer_palm_site_export,,,,,
14_pingpong_wall,pingpong_stage0_audit,19,0.75,0.209095371,-0.114379563,2.647542225,1.0,0.0,0.0,0.0,samples_known_object/14_pingpong_wall/results/pingpong_stage0_audit/object_pose.csv,left_palm,hand,left,-0.813356,0.087746,3.261912,gvhmr_incam,1.0,hamer_palm_site_export,,,,,
14_pingpong_wall,pingpong_stage0_audit,19,0.75,0.209095371,-0.114379563,2.647542225,1.0,0.0,0.0,0.0,samples_known_object/14_pingpong_wall/results/pingpong_stage0_audit/object_pose.csv,right_palm,hand,right,-0.018861,-0.010090,3.124272,gvhmr_incam,1.0,hamer_palm_site_export,,,,,
14_pingpong_wall,pingpong_stage0_audit,20,0.791667,0.233029561,-0.151296010,2.611235648,1.0,0.0,0.0,0.0,samples_known_object/14_pingpong_wall/results/pingpong_stage0_audit/object_pose.csv,left_palm,hand,left,-0.822666,0.091908,3.237577,gvhmr_incam,1.0,hamer_palm_site_export,,,,,
14_pingpong_wall,pingpong_stage0_audit,20,0.791667,0.233029561,-0.151296010,2.611235648,1.0,0.0,0.0,0.0,samples_known_object/14_pingpong_wall/results/pingpong_stage0_audit/object_pose.csv,right_palm,hand,right,-0.018338,-0.060770,3.172465,gvhmr_incam,1.0,hamer_palm_site_export,,,,,
14_pingpong_wall,pingpong_stage0_audit,21,0.833333,0.252073880,-0.176565308,2.574816791,1.0,0.0,0.0,0.0,samples_known_object/14_pingpong_wall/results/pingpong_stage0_audit/object_pose.csv,left_palm,hand,left,-0.830633,0.099841,3.207718,gvhmr_incam,1.0,hamer_palm_site_export,,,,,
14_pingpong_wall,pingpong_stage0_audit,21,0.833333,0.252073880,-0.176565308,2.574816791,1.0,0.0,0.0,0.0,samples_known_object/14_pingpong_wall/results/pingpong_stage0_audit/object_pose.csv,right_palm,hand,right,-0.027024,-0.104830,3.211077,gvhmr_incam,1.0,hamer_palm_site_export,,,,,
14_pingpong_wall,pingpong_stage0_audit,22,0.875,0.268367265,-0.189892694,2.538040724,1.0,0.0,0.0,0.0,samples_known_object/14_pingpong_wall/results/pingpong_stage0_audit/object_pose.csv,left_palm,hand,left,-0.838717,0.109217,3.177854,gvhmr_incam,1.0,hamer_palm_site_export,,,,,
14_pingpong_wall,pingpong_stage0_audit,22,0.875,0.268367265,-0.189892694,2.538040724,1.0,0.0,0.0,0.0,samples_known_object/14_pingpong_wall/results/pingpong_stage0_audit/object_pose.csv,right_palm,hand,right,-0.042965,-0.139638,3.239815,gvhmr_incam,1.0,hamer_palm_site_export,,,,,
14_pingpong_wall,pingpong_stage0_audit,23,0.916667,0.281132044,-0.193696486,2.500730537,1.0,0.0,0.0,0.0,samples_known_object/14_pingpong_wall/results/pingpong_stage0_audit/object_pose.csv,left_palm,hand,left,-0.849496,0.118432,3.154757,gvhmr_incam,1.0,hamer_palm_site_export,,,,,
14_pingpong_wall,pingpong_stage0_audit,23,0.916667,0.281132044,-0.193696486,2.500730537,1.0,0.0,0.0,0.0,samples_known_object/14_pingpong_wall/results/pingpong_stage0_audit/object_pose.csv,right_palm,hand,right,-0.064723,-0.162245,3.260474,gvhmr_incam,1.0,hamer_palm_site_export,,,,,
14_pingpong_wall,pingpong_stage0_audit,24,0.958333,0.288995648,-0.190976189,2.462738946,1.0,0.0,0.0,0.0,samples_known_object/14_pingpong_wall/results/pingpong_stage0_audit/object_pose.csv,left_palm,hand,left,-0.865462,0.128043,3.142561,gvhmr_incam,1.0,hamer_palm_site_export,,,,,
14_pingpong_wall,pingpong_stage0_audit,24,0.958333,0.288995648,-0.190976189,2.462738946,1.0,0.0,0.0,0.0,samples_known_object/14_pingpong_wall/results/pingpong_stage0_audit/object_pose.csv,right_palm,hand,right,-0.091075,-0.171043,3.275870,gvhmr_incam,1.0,hamer_palm_site_export,,,,,
14_pingpong_wall,pingpong_stage0_audit,25,1.0,0.276979935,-0.193333630,2.424142787,1.0,0.0,0.0,0.0,samples_known_object/14_pingpong_wall/results/pingpong_stage0_audit/object_pose.csv,left_palm,hand,left,-0.886921,0.137396,3.139585,gvhmr_incam,1.0,hamer_palm_site_export,,,,,
14_pingpong_wall,pingpong_stage0_audit,25,1.0,0.276979935,-0.193333630,2.424142787,1.0,0.0,0.0,0.0,samples_known_object/14_pingpong_wall/results/pingpong_stage0_audit/object_pose.csv,right_palm,hand,right,-0.120704,-0.166602,3.288074,gvhmr_incam,1.0,hamer_palm_site_export,,,,,
14_pingpong_wall,pingpong_stage0_audit,26,1.041667,0.256587090,-0.204552352,2.384369460,1.0,0.0,0.0,0.0,samples_known_object/14_pingpong_wall/results/pingpong_stage0_audit/object_pose.csv,left_palm,hand,left,-0.908674,0.143647,3.139522,gvhmr_incam,1.0,hamer_palm_site_export,,,,,
14_pingpong_wall,pingpong_stage0_audit,26,1.041667,0.256587090,-0.204552352,2.384369460,1.0,0.0,0.0,0.0,samples_known_object/14_pingpong_wall/results/pingpong_stage0_audit/object_pose.csv,right_palm,hand,right,-0.152130,-0.151092,3.297064,gvhmr_incam,1.0,hamer_palm_site_export,,,,,
14_pingpong_wall,pingpong_stage0_audit,27,1.083333,0.233696294,-0.212583741,2.343452642,1.0,0.0,0.0,0.0,samples_known_object/14_pingpong_wall/results/pingpong_stage0_audit/object_pose.csv,left_palm,hand,left,-0.921187,0.144356,3.137368,gvhmr_incam,1.0,hamer_palm_site_export,,,,,
14_pingpong_wall,pingpong_stage0_audit,27,1.083333,0.233696294,-0.212583741,2.343452642,1.0,0.0,0.0,0.0,samples_known_object/14_pingpong_wall/results/pingpong_stage0_audit/object_pose.csv,right_palm,hand,right,-0.183546,-0.127486,3.299865,gvhmr_incam,1.0,hamer_palm_site_export,,,,,
14_pingpong_wall,pingpong_stage0_audit,28,1.125,0.212727693,-0.213064511,2.301272039,1.0,0.0,0.0,0.0,samples_known_object/14_pingpong_wall/results/pingpong_stage0_audit/object_pose.csv,left_palm,hand,left,-0.920150,0.139030,3.134122,gvhmr_incam,1.0,hamer_palm_site_export,,,,,
14_pingpong_wall,pingpong_stage0_audit,28,1.125,0.212727693,-0.213064511,2.301272039,1.0,0.0,0.0,0.0,samples_known_object/14_pingpong_wall/results/pingpong_stage0_audit/object_pose.csv,right_palm,hand,right,-0.212589,-0.098641,3.291468,gvhmr_incam,1.0,hamer_palm_site_export,,,,,
14_pingpong_wall,pingpong_stage0_audit,29,1.166667,0.191972323,-0.207167733,2.257792403,1.0,0.0,0.0,0.0,samples_known_object/14_pingpong_wall/results/pingpong_stage0_audit/object_pose.csv,left_palm,hand,left,-0.912017,0.129067,3.134771,gvhmr_incam,1.0,hamer_palm_site_export,,,,,
14_pingpong_wall,pingpong_stage0_audit,29,1.166667,0.191972323,-0.207167733,2.257792403,1.0,0.0,0.0,0.0,samples_known_object/14_pingpong_wall/results/pingpong_stage0_audit/object_pose.csv,right_palm,hand,right,-0.236526,-0.066849,3.268782,gvhmr_incam,1.0,hamer_palm_site_export,,,,,
14_pingpong_wall,pingpong_stage0_audit,30,1.208333,0.175872363,-0.186867544,2.213091144,1.0,0.0,0.0,0.0,samples_known_object/14_pingpong_wall/results/pingpong_stage0_audit/object_pose.csv,left_palm,hand,left,-0.905715,0.116593,3.143535,gvhmr_incam,1.0,hamer_palm_site_export,,,,,
14_pingpong_wall,pingpong_stage0_audit,30,1.208333,0.175872363,-0.186867544,2.213091144,1.0,0.0,0.0,0.0,samples_known_object/14_pingpong_wall/results/pingpong_stage0_audit/object_pose.csv,right_palm,hand,right,-0.253878,-0.034362,3.233265,gvhmr_incam,1.0,hamer_palm_site_export,,,,,
14_pingpong_wall,pingpong_stage0_audit,31,1.25,0.162510707,-0.170122444,2.166707419,1.0,0.0,0.0,0.0,samples_known_object/14_pingpong_wall/results/pingpong_stage0_audit/object_pose.csv,left_palm,hand,left,-0.904761,0.102282,3.162435,gvhmr_incam,1.0,hamer_palm_site_export,,,,,
14_pingpong_wall,pingpong_stage0_audit,31,1.25,0.162510707,-0.170122444,2.166707419,1.0,0.0,0.0,0.0,samples_known_object/14_pingpong_wall/results/pingpong_stage0_audit/object_pose.csv,right_palm,hand,right,-0.266063,-0.002993,3.189562,gvhmr_incam,1.0,hamer_palm_site_export,,,,,
14_pingpong_wall,pingpong_stage0_audit,32,1.291667,0.148560837,-0.143350511,2.119206278,1.0,0.0,0.0,0.0,samples_known_object/14_pingpong_wall/results/pingpong_stage0_audit/object_pose.csv,left_palm,hand,left,-0.908800,0.086081,3.190614,gvhmr_incam,1.0,hamer_palm_site_export,,,,,
14_pingpong_wall,pingpong_stage0_audit,32,1.291667,0.148560837,-0.143350511,2.119206278,1.0,0.0,0.0,0.0,samples_known_object/14_pingpong_wall/results/pingpong_stage0_audit/object_pose.csv,right_palm,hand,right,-0.275551,0.026982,3.140786,gvhmr_incam,1.0,hamer_palm_site_export,,,,,
14_pingpong_wall,pingpong_stage0_audit,33,1.333333,0.130846766,-0.086253572,2.071209271,1.0,0.0,0.0,0.0,samples_known_object/14_pingpong_wall/results/pingpong_stage0_audit/object_pose.csv,left_palm,hand,left,-0.915993,0.070743,3.223072,gvhmr_incam,1.0,hamer_palm_site_export,,,,,
14_pingpong_wall,pingpong_stage0_audit,33,1.333333,0.130846766,-0.086253572,2.071209271,1.0,0.0,0.0,0.0,samples_known_object/14_pingpong_wall/results/pingpong_stage0_audit/object_pose.csv,right_palm,hand,right,-0.282889,0.055858,3.085256,gvhmr_incam,1.0,hamer_palm_site_export,,,,,
14_pingpong_wall,pingpong_stage0_audit,34,1.375,0.115583865,-0.020953159,2.022513817,1.0,0.0,0.0,0.0,samples_known_object/14_pingpong_wall/results/pingpong_stage0_audit/object_pose.csv,left_palm,hand,left,-0.922461,0.061184,3.252527,gvhmr_incam,1.0,hamer_palm_site_export,,,,,
14_pingpong_wall,pingpong_stage0_audit,34,1.375,0.115583865,-0.020953159,2.022513817,1.0,0.0,0.0,0.0,samples_known_object/14_pingpong_wall/results/pingpong_stage0_audit/object_pose.csv,right_palm,hand,right,-0.288054,0.082051,3.021256,gvhmr_incam,1.0,hamer_palm_site_export,,,,,
14_pingpong_wall,pingpong_stage0_audit,35,1.416667,0.101624227,0.011062809,1.972909089,1.0,0.0,0.0,0.0,samples_known_object/14_pingpong_wall/results/pingpong_stage0_audit/object_pose.csv,left_palm,hand,left,-0.922435,0.059209,3.274104,gvhmr_incam,1.0,hamer_palm_site_export,,,,,
14_pingpong_wall,pingpong_stage0_audit,35,1.416667,0.101624227,0.011062809,1.972909089,1.0,0.0,0.0,0.0,samples_known_object/14_pingpong_wall/results/pingpong_stage0_audit/object_pose.csv,right_palm,hand,right,-0.292763,0.102183,2.953307,gvhmr_incam,1.0,hamer_palm_site_export,,,,,
14_pingpong_wall,pingpong_stage0_audit,36,1.458333,0.086703349,0.075810391,1.922585130,1.0,0.0,0.0,0.0,samples_known_object/14_pingpong_wall/results/pingpong_stage0_audit/object_pose.csv,left_palm,hand,left,-0.910900,0.062477,3.287902,gvhmr_incam,1.0,hamer_palm_site_export,,,,,
14_pingpong_wall,pingpong_stage0_audit,36,1.458333,0.086703349,0.075810391,1.922585130,1.0,0.0,0.0,0.0,samples_known_object/14_pingpong_wall/results/pingpong_stage0_audit/object_pose.csv,right_palm,hand,right,-0.298756,0.114595,2.889320,gvhmr_incam,1.0,hamer_palm_site_export,,,,,
14_pingpong_wall,pingpong_stage0_audit,37,1.5,0.071846571,0.150039080,1.871883564,1.0,0.0,0.0,0.0,samples_known_object/14_pingpong_wall/results/pingpong_stage0_audit/object_pose.csv,left_palm,hand,left,-0.887091,0.068405,3.296772,gvhmr_incam,1.0,hamer_palm_site_export,,,,,
14_pingpong_wall,pingpong_stage0_audit,37,1.5,0.071846571,0.150039080,1.871883564,1.0,0.0,0.0,0.0,samples_known_object/14_pingpong_wall/results/pingpong_stage0_audit/object_pose.csv,right_palm,hand,right,-0.305518,0.120947,2.833981,gvhmr_incam,1.0,hamer_palm_site_export,,,,,
14_pingpong_wall,pingpong_stage0_audit,38,1.541667,0.071828693,0.191368077,1.907860147,1.0,0.0,0.0,0.0,samples_known_object/14_pingpong_wall/results/pingpong_stage0_audit/object_pose.csv,left_palm,hand,left,-0.855492,0.075349,3.302517,gvhmr_incam,1.0,hamer_palm_site_export,,,,,
14_pingpong_wall,pingpong_stage0_audit,38,1.541667,0.071828693,0.191368077,1.907860147,1.0,0.0,0.0,0.0,samples_known_object/14_pingpong_wall/results/pingpong_stage0_audit/object_pose.csv,right_palm,hand,right,-0.310775,0.123877,2.788108,gvhmr_incam,1.0,hamer_palm_site_export,,,,,
14_pingpong_wall,pingpong_stage0_audit,39,1.583333,0.076107603,0.125789698,1.944914476,1.0,0.0,0.0,0.0,samples_known_object/14_pingpong_wall/results/pingpong_stage0_audit/object_pose.csv,left_palm,hand,left,-0.823058,0.081608,3.304382,gvhmr_incam,1.0,hamer_palm_site_export,,,,,
14_pingpong_wall,pingpong_stage0_audit,39,1.583333,0.076107603,0.125789698,1.944914476,1.0,0.0,0.0,0.0,samples_known_object/14_pingpong_wall/results/pingpong_stage0_audit/object_pose.csv,right_palm,hand,right,-0.311987,0.124729,2.751878,gvhmr_incam,1.0,hamer_palm_site_export,,,,,
14_pingpong_wall,pingpong_stage0_audit,40,1.625,0.078892818,0.076672569,1.981520725,1.0,0.0,0.0,0.0,samples_known_object/14_pingpong_wall/results/pingpong_stage0_audit/object_pose.csv,left_palm,hand,left,-0.794977,0.086266,3.301542,gvhmr_incam,1.0,hamer_palm_site_export,,,,,
14_pingpong_wall,pingpong_stage0_audit,40,1.625,0.078892818,0.076672569,1.981520725,1.0,0.0,0.0,0.0,samples_known_object/14_pingpong_wall/results/pingpong_stage0_audit/object_pose.csv,right_palm,hand,right,-0.306948,0.123489,2.726219,gvhmr_incam,1.0,hamer_palm_site_export,,,,,
14_pingpong_wall,pingpong_stage0_audit,41,1.666667,0.080674908,0.035225752,2.017415072,1.0,0.0,0.0,0.0,samples_known_object/14_pingpong_wall/results/pingpong_stage0_audit/object_pose.csv,left_palm,hand,left,-0.772730,0.089526,3.298583,gvhmr_incam,1.0,hamer_palm_site_export,,,,,
14_pingpong_wall,pingpong_stage0_audit,41,1.666667,0.080674908,0.035225752,2.017415072,1.0,0.0,0.0,0.0,samples_known_object/14_pingpong_wall/results/pingpong_stage0_audit/object_pose.csv,right_palm,hand,right,-0.293835,0.119735,2.712535,gvhmr_incam,1.0,hamer_palm_site_export,,,,,
14_pingpong_wall,pingpong_stage0_audit,42,1.708333,0.082423662,0.000770015,2.052324688,1.0,0.0,0.0,0.0,samples_known_object/14_pingpong_wall/results/pingpong_stage0_audit/object_pose.csv,left_palm,hand,left,-0.756258,0.091016,3.304365,gvhmr_incam,1.0,hamer_palm_site_export,,,,,
14_pingpong_wall,pingpong_stage0_audit,42,1.708333,0.082423662,0.000770015,2.052324688,1.0,0.0,0.0,0.0,samples_known_object/14_pingpong_wall/results/pingpong_stage0_audit/object_pose.csv,right_palm,hand,right,-0.271604,0.113300,2.712444,gvhmr_incam,1.0,hamer_palm_site_export,,,,,
14_pingpong_wall,pingpong_stage0_audit,43,1.75,0.082765289,-0.026369951,2.086092327,1.0,0.0,0.0,0.0,samples_known_object/14_pingpong_wall/results/pingpong_stage0_audit/object_pose.csv,left_palm,hand,left,-0.746583,0.089455,3.320030,gvhmr_incam,1.0,hamer_palm_site_export,,,,,
14_pingpong_wall,pingpong_stage0_audit,43,1.75,0.082765289,-0.026369951,2.086092327,1.0,0.0,0.0,0.0,samples_known_object/14_pingpong_wall/results/pingpong_stage0_audit/object_pose.csv,right_palm,hand,right,-0.240260,0.104296,2.726525,gvhmr_incam,1.0,hamer_palm_site_export,,,,,
14_pingpong_wall,pingpong_stage0_audit,44,1.791667,0.082210374,-0.043290782,2.118612778,1.0,0.0,0.0,0.0,samples_known_object/14_pingpong_wall/results/pingpong_stage0_audit/object_pose.csv,left_palm,hand,left,-0.745173,0.084271,3.334405,gvhmr_incam,1.0,hamer_palm_site_export,,,,,
14_pingpong_wall,pingpong_stage0_audit,44,1.791667,0.082210374,-0.043290782,2.118612778,1.0,0.0,0.0,0.0,samples_known_object/14_pingpong_wall/results/pingpong_stage0_audit/object_pose.csv,right_palm,hand,right,-0.200551,0.092586,2.753016,gvhmr_incam,1.0,hamer_palm_site_export,,,,,
14_pingpong_wall,pingpong_stage0_audit,45,1.833333,0.081218915,-0.051596506,2.149827942,1.0,0.0,0.0,0.0,samples_known_object/14_pingpong_wall/results/pingpong_stage0_audit/object_pose.csv,left_palm,hand,left,-0.751817,0.076065,3.336966,gvhmr_incam,1.0,hamer_palm_site_export,,,,,
14_pingpong_wall,pingpong_stage0_audit,45,1.833333,0.081218915,-0.051596506,2.149827942,1.0,0.0,0.0,0.0,samples_known_object/14_pingpong_wall/results/pingpong_stage0_audit/object_pose.csv,right_palm,hand,right,-0.154139,0.076876,2.789498,gvhmr_incam,1.0,hamer_palm_site_export,,,,,
14_pingpong_wall,pingpong_stage0_audit,46,1.875,0.080665260,-0.052711459,2.179733092,1.0,0.0,0.0,0.0,samples_known_object/14_pingpong_wall/results/pingpong_stage0_audit/object_pose.csv,left_palm,hand,left,-0.762983,0.066072,3.328364,gvhmr_incam,1.0,hamer_palm_site_export,,,,,
14_pingpong_wall,pingpong_stage0_audit,46,1.875,0.080665260,-0.052711459,2.179733092,1.0,0.0,0.0,0.0,samples_known_object/14_pingpong_wall/results/pingpong_stage0_audit/object_pose.csv,right_palm,hand,right,-0.104612,0.054491,2.835132,gvhmr_incam,1.0,hamer_palm_site_export,,,,,
14_pingpong_wall,pingpong_stage0_audit,47,1.916667,0.090999394,-0.058609206,2.208159223,1.0,0.0,0.0,0.0,samples_known_object/14_pingpong_wall/results/pingpong_stage0_audit/object_pose.csv,left_palm,hand,left,-0.772113,0.056153,3.315470,gvhmr_incam,1.0,hamer_palm_site_export,,,,,
14_pingpong_wall,pingpong_stage0_audit,47,1.916667,0.090999394,-0.058609206,2.208159223,1.0,0.0,0.0,0.0,samples_known_object/14_pingpong_wall/results/pingpong_stage0_audit/object_pose.csv,right_palm,hand,right,-0.057773,0.023337,2.890004,gvhmr_incam,1.0,hamer_palm_site_export,,,,,
14_pingpong_wall,pingpong_stage0_audit,48,1.958333,0.126996199,-0.082570666,2.234933895,1.0,0.0,0.0,0.0,samples_known_object/14_pingpong_wall/results/pingpong_stage0_audit/object_pose.csv,left_palm,hand,left,-0.774198,0.048076,3.302896,gvhmr_incam,1.0,hamer_palm_site_export,,,,,
14_pingpong_wall,pingpong_stage0_audit,48,1.958333,0.126996199,-0.082570666,2.234933895,1.0,0.0,0.0,0.0,samples_known_object/14_pingpong_wall/results/pingpong_stage0_audit/object_pose.csv,right_palm,hand,right,-0.020250,-0.015651,2.953097,gvhmr_incam,1.0,hamer_palm_site_export,,,,,
14_pingpong_wall,pingpong_stage0_audit,49,2.0,0.162717144,-0.113172644,2.260529326,1.0,0.0,0.0,0.0,samples_known_object/14_pingpong_wall/results/pingpong_stage0_audit/object_pose.csv,left_palm,hand,left,-0.771705,0.041986,3.290895,gvhmr_incam,1.0,hamer_palm_site_export,,,,,
14_pingpong_wall,pingpong_stage0_audit,49,2.0,0.162717144,-0.113172644,2.260529326,1.0,0.0,0.0,0.0,samples_known_object/14_pingpong_wall/results/pingpong_stage0_audit/object_pose.csv,right_palm,hand,right,0.002844,-0.059257,3.021280,gvhmr_incam,1.0,hamer_palm_site_export,,,,,
14_pingpong_wall,pingpong_stage0_audit,50,2.041667,0.196919204,-0.137809160,2.285044339,1.0,0.0,0.0,0.0,samples_known_object/14_pingpong_wall/results/pingpong_stage0_audit/object_pose.csv,left_palm,hand,left,-0.772263,0.036669,3.277739,gvhmr_incam,1.0,hamer_palm_site_export,,,,,
14_pingpong_wall,pingpong_stage0_audit,50,2.041667,0.196919204,-0.137809160,2.285044339,1.0,0.0,0.0,0.0,samples_known_object/14_pingpong_wall/results/pingpong_stage0_audit/object_pose.csv,right_palm,hand,right,0.009728,-0.104899,3.090260,gvhmr_incam,1.0,hamer_palm_site_export,,,,,
14_pingpong_wall,pingpong_stage0_audit,51,2.083333,0.227152961,-0.155553055,2.308382890,1.0,0.0,0.0,0.0,samples_known_object/14_pingpong_wall/results/pingpong_stage0_audit/object_pose.csv,left_palm,hand,left,-0.779329,0.031397,3.262343,gvhmr_incam,1.0,hamer_palm_site_export,,,,,
14_pingpong_wall,pingpong_stage0_audit,51,2.083333,0.227152961,-0.155553055,2.308382890,1.0,0.0,0.0,0.0,samples_known_object/14_pingpong_wall/results/pingpong_stage0_audit/object_pose.csv,right_palm,hand,right,0.001958,-0.151385,3.155560,gvhmr_incam,1.0,hamer_palm_site_export,,,,,
14_pingpong_wall,pingpong_stage0_audit,52,2.125,0.251518102,-0.165170980,2.330449482,1.0,0.0,0.0,0.0,samples_known_object/14_pingpong_wall/results/pingpong_stage0_audit/object_pose.csv,left_palm,hand,left,-0.789805,0.027159,3.244485,gvhmr_incam,1.0,hamer_palm_site_export,,,,,
14_pingpong_wall,pingpong_stage0_audit,52,2.125,0.251518102,-0.165170980,2.330449482,1.0,0.0,0.0,0.0,samples_known_object/14_pingpong_wall/results/pingpong_stage0_audit/object_pose.csv,right_palm,hand,right,-0.017106,-0.197256,3.213264,gvhmr_incam,1.0,hamer_palm_site_export,,,,,
14_pingpong_wall,pingpong_stage0_audit,53,2.166667,0.268000295,-0.172532731,2.351024776,1.0,0.0,0.0,0.0,samples_known_object/14_pingpong_wall/results/pingpong_stage0_audit/object_pose.csv,left_palm,hand,left,-0.799649,0.025817,3.224454,gvhmr_incam,1.0,hamer_palm_site_export,,,,,
14_pingpong_wall,pingpong_stage0_audit,53,2.166667,0.268000295,-0.172532731,2.351024776,1.0,0.0,0.0,0.0,samples_known_object/14_pingpong_wall/results/pingpong_stage0_audit/object_pose.csv,right_palm,hand,right,-0.044056,-0.239199,3.262796,gvhmr_incam,1.0,hamer_palm_site_export,,,,,
14_pingpong_wall,pingpong_stage0_audit,54,2.208333,0.261096379,-0.188868912,2.370167451,1.0,0.0,0.0,0.0,samples_known_object/14_pingpong_wall/results/pingpong_stage0_audit/object_pose.csv,left_palm,hand,left,-0.807836,0.027907,3.203656,gvhmr_incam,1.0,hamer_palm_site_export,,,,,
14_pingpong_wall,pingpong_stage0_audit,54,2.208333,0.261096379,-0.188868912,2.370167451,1.0,0.0,0.0,0.0,samples_known_object/14_pingpong_wall/results/pingpong_stage0_audit/object_pose.csv,right_palm,hand,right,-0.076559,-0.271946,3.307925,gvhmr_incam,1.0,hamer_palm_site_export,,,,,
14_pingpong_wall,pingpong_stage0_audit,55,2.25,0.242973178,-0.208667264,2.387576997,1.0,0.0,0.0,0.0,samples_known_object/14_pingpong_wall/results/pingpong_stage0_audit/object_pose.csv,left_palm,hand,left,-0.816078,0.032882,3.183850,gvhmr_incam,1.0,hamer_palm_site_export,,,,,
14_pingpong_wall,pingpong_stage0_audit,55,2.25,0.242973178,-0.208667264,2.387576997,1.0,0.0,0.0,0.0,samples_known_object/14_pingpong_wall/results/pingpong_stage0_audit/object_pose.csv,right_palm,hand,right,-0.113392,-0.290776,3.351502,gvhmr_incam,1.0,hamer_palm_site_export,,,,,
14_pingpong_wall,pingpong_stage0_audit,56,2.291667,0.223313102,-0.219956261,2.403154499,1.0,0.0,0.0,0.0,samples_known_object/14_pingpong_wall/results/pingpong_stage0_audit/object_pose.csv,left_palm,hand,left,-0.826234,0.040449,3.165814,gvhmr_incam,1.0,hamer_palm_site_export,,,,,
14_pingpong_wall,pingpong_stage0_audit,56,2.291667,0.223313102,-0.219956261,2.403154499,1.0,0.0,0.0,0.0,samples_known_object/14_pingpong_wall/results/pingpong_stage0_audit/object_pose.csv,right_palm,hand,right,-0.153228,-0.294805,3.389770,gvhmr_incam,1.0,hamer_palm_site_export,,,,,
14_pingpong_wall,pingpong_stage0_audit,57,2.333333,0.203289581,-0.223123705,2.416747412,1.0,0.0,0.0,0.0,samples_known_object/14_pingpong_wall/results/pingpong_stage0_audit/object_pose.csv,left_palm,hand,left,-0.838120,0.049394,3.149884,gvhmr_incam,1.0,hamer_palm_site_export,,,,,
14_pingpong_wall,pingpong_stage0_audit,57,2.333333,0.203289581,-0.223123705,2.416747412,1.0,0.0,0.0,0.0,samples_known_object/14_pingpong_wall/results/pingpong_stage0_audit/object_pose.csv,right_palm,hand,right,-0.193486,-0.286826,3.415333,gvhmr_incam,1.0,hamer_palm_site_export,,,,,
14_pingpong_wall,pingpong_stage0_audit,58,2.375,0.182496963,-0.217254022,2.428330714,1.0,0.0,0.0,0.0,samples_known_object/14_pingpong_wall/results/pingpong_stage0_audit/object_pose.csv,left_palm,hand,left,-0.850000,0.057351,3.136696,gvhmr_incam,1.0,hamer_palm_site_export,,,,,
14_pingpong_wall,pingpong_stage0_audit,58,2.375,0.182496963,-0.217254022,2.428330714,1.0,0.0,0.0,0.0,samples_known_object/14_pingpong_wall/results/pingpong_stage0_audit/object_pose.csv,right_palm,hand,right,-0.231583,-0.269612,3.425391,gvhmr_incam,1.0,hamer_palm_site_export,,,,,
14_pingpong_wall,pingpong_stage0_audit,59,2.416667,0.160809118,-0.203292204,2.437847987,1.0,0.0,0.0,0.0,samples_known_object/14_pingpong_wall/results/pingpong_stage0_audit/object_pose.csv,left_palm,hand,left,-0.860634,0.063077,3.126637,gvhmr_incam,1.0,hamer_palm_site_export,,,,,
14_pingpong_wall,pingpong_stage0_audit,59,2.416667,0.160809118,-0.203292204,2.437847987,1.0,0.0,0.0,0.0,samples_known_object/14_pingpong_wall/results/pingpong_stage0_audit/object_pose.csv,right_palm,hand,right,-0.267056,-0.243578,3.423127,gvhmr_incam,1.0,hamer_palm_site_export,,,,,
14_pingpong_wall,pingpong_stage0_audit,60,2.458333,0.137872772,-0.179815195,2.445355320,1.0,0.0,0.0,0.0,samples_known_object/14_pingpong_wall/results/pingpong_stage0_audit/object_pose.csv,left_palm,hand,left,-0.870107,0.067005,3.119855,gvhmr_incam,1.0,hamer_palm_site_export,,,,,
14_pingpong_wall,pingpong_stage0_audit,60,2.458333,0.137872772,-0.179815195,2.445355320,1.0,0.0,0.0,0.0,samples_known_object/14_pingpong_wall/results/pingpong_stage0_audit/object_pose.csv,right_palm,hand,right,-0.301072,-0.208304,3.412556,gvhmr_incam,1.0,hamer_palm_site_export,,,,,
14_pingpong_wall,pingpong_stage0_audit,61,2.5,0.115547627,-0.148185683,2.450819014,1.0,0.0,0.0,0.0,samples_known_object/14_pingpong_wall/results/pingpong_stage0_audit/object_pose.csv,left_palm,hand,left,-0.879126,0.069571,3.117299,gvhmr_incam,1.0,hamer_palm_site_export,,,,,
14_pingpong_wall,pingpong_stage0_audit,61,2.5,0.115547627,-0.148185683,2.450819014,1.0,0.0,0.0,0.0,samples_known_object/14_pingpong_wall/results/pingpong_stage0_audit/object_pose.csv,right_palm,hand,right,-0.334753,-0.164823,3.396095,gvhmr_incam,1.0,hamer_palm_site_export,,,,,
14_pingpong_wall,pingpong_stage0_audit,62,2.541667,0.095642072,-0.109374534,2.454255479,1.0,0.0,0.0,0.0,samples_known_object/14_pingpong_wall/results/pingpong_stage0_audit/object_pose.csv,left_palm,hand,left,-0.888157,0.070761,3.120564,gvhmr_incam,1.0,hamer_palm_site_export,,,,,
14_pingpong_wall,pingpong_stage0_audit,62,2.541667,0.095642072,-0.109374534,2.454255479,1.0,0.0,0.0,0.0,samples_known_object/14_pingpong_wall/results/pingpong_stage0_audit/object_pose.csv,right_palm,hand,right,-0.368065,-0.115914,3.375553,gvhmr_incam,1.0,hamer_palm_site_export,,,,,
14_pingpong_wall,pingpong_stage0_audit,63,2.583333,0.075676314,-0.060578206,2.455876129,1.0,0.0,0.0,0.0,samples_known_object/14_pingpong_wall/results/pingpong_stage0_audit/object_pose.csv,left_palm,hand,left,-0.896996,0.070846,3.130282,gvhmr_incam,1.0,hamer_palm_site_export,,,,,
14_pingpong_wall,pingpong_stage0_audit,63,2.583333,0.075676314,-0.060578206,2.455876129,1.0,0.0,0.0,0.0,samples_known_object/14_pingpong_wall/results/pingpong_stage0_audit/object_pose.csv,right_palm,hand,right,-0.398439,-0.065387,3.352517,gvhmr_incam,1.0,hamer_palm_site_export,,,,,
14_pingpong_wall,pingpong_stage0_audit,64,2.625,0.056943026,-0.005634033,2.455787194,1.0,0.0,0.0,0.0,samples_known_object/14_pingpong_wall/results/pingpong_stage0_audit/object_pose.csv,left_palm,hand,left,-0.904946,0.070349,3.145473,gvhmr_incam,1.0,hamer_palm_site_export,,,,,
14_pingpong_wall,pingpong_stage0_audit,64,2.625,0.056943026,-0.005634033,2.455787194,1.0,0.0,0.0,0.0,samples_known_object/14_pingpong_wall/results/pingpong_stage0_audit/object_pose.csv,right_palm,hand,right,-0.421300,-0.017465,3.328159,gvhmr_incam,1.0,hamer_palm_site_export,,,,,
14_pingpong_wall,pingpong_stage0_audit,65,2.666667,0.038337533,0.049300058,2.454146669,1.0,0.0,0.0,0.0,samples_known_object/14_pingpong_wall/results/pingpong_stage0_audit/object_pose.csv,left_palm,hand,left,-0.911271,0.069249,3.164510,gvhmr_incam,1.0,hamer_palm_site_export,,,,,
14_pingpong_wall,pingpong_stage0_audit,65,2.666667,0.038337533,0.049300058,2.454146669,1.0,0.0,0.0,0.0,samples_known_object/14_pingpong_wall/results/pingpong_stage0_audit/object_pose.csv,right_palm,hand,right,-0.433598,0.023580,3.303572,gvhmr_incam,1.0,hamer_palm_site_export,,,,,
14_pingpong_wall,pingpong_stage0_audit,66,2.708333,0.024105986,0.055627833,2.451102831,1.0,0.0,0.0,0.0,samples_known_object/14_pingpong_wall/results/pingpong_stage0_audit/object_pose.csv,left_palm,hand,left,-0.915374,0.066360,3.185970,gvhmr_incam,1.0,hamer_palm_site_export,,,,,
14_pingpong_wall,pingpong_stage0_audit,66,2.708333,0.024105986,0.055627833,2.451102831,1.0,0.0,0.0,0.0,samples_known_object/14_pingpong_wall/results/pingpong_stage0_audit/object_pose.csv,right_palm,hand,right,-0.435503,0.053768,3.279732,gvhmr_incam,1.0,hamer_palm_site_export,,,,,
14_pingpong_wall,pingpong_stage0_audit,67,2.75,0.013043565,0.016312152,2.446683644,1.0,0.0,0.0,0.0,samples_known_object/14_pingpong_wall/results/pingpong_stage0_audit/object_pose.csv,left_palm,hand,left,-0.917024,0.060160,3.208312,gvhmr_incam,1.0,hamer_palm_site_export,,,,,
14_pingpong_wall,pingpong_stage0_audit,67,2.75,0.013043565,0.016312152,2.446683644,1.0,0.0,0.0,0.0,samples_known_object/14_pingpong_wall/results/pingpong_stage0_audit/object_pose.csv,right_palm,hand,right,-0.428404,0.070555,3.256546,gvhmr_incam,1.0,hamer_palm_site_export,,,,,
14_pingpong_wall,pingpong_stage0_audit,68,2.791667,0.003493384,-0.019988860,2.440731067,1.0,0.0,0.0,0.0,samples_known_object/14_pingpong_wall/results/pingpong_stage0_audit/object_pose.csv,left_palm,hand,left,-0.916519,0.050461,3.229396,gvhmr_incam,1.0,hamer_palm_site_export,,,,,
14_pingpong_wall,pingpong_stage0_audit,68,2.791667,0.003493384,-0.019988860,2.440731067,1.0,0.0,0.0,0.0,samples_known_object/14_pingpong_wall/results/pingpong_stage0_audit/object_pose.csv,right_palm,hand,right,-0.412386,0.074543,3.231813,gvhmr_incam,1.0,hamer_palm_site_export,,,,,
14_pingpong_wall,pingpong_stage0_audit,69,2.833333,-0.006438698,-0.046791311,2.433199877,1.0,0.0,0.0,0.0,samples_known_object/14_pingpong_wall/results/pingpong_stage0_audit/object_pose.csv,left_palm,hand,left,-0.913688,0.038644,3.247305,gvhmr_incam,1.0,hamer_palm_site_export,,,,,
14_pingpong_wall,pingpong_stage0_audit,69,2.833333,-0.006438698,-0.046791311,2.433199877,1.0,0.0,0.0,0.0,samples_known_object/14_pingpong_wall/results/pingpong_stage0_audit/object_pose.csv,right_palm,hand,right,-0.385018,0.070092,3.201273,gvhmr_incam,1.0,hamer_palm_site_export,,,,,
14_pingpong_wall,pingpong_stage0_audit,70,2.875,-0.019325117,-0.064095419,2.424082415,1.0,0.0,0.0,0.0,samples_known_object/14_pingpong_wall/results/pingpong_stage0_audit/object_pose.csv,left_palm,hand,left,-0.906490,0.027200,3.261608,gvhmr_incam,1.0,hamer_palm_site_export,,,,,
14_pingpong_wall,pingpong_stage0_audit,70,2.875,-0.019325117,-0.064095419,2.424082415,1.0,0.0,0.0,0.0,samples_known_object/14_pingpong_wall/results/pingpong_stage0_audit/object_pose.csv,right_palm,hand,right,-0.344755,0.063371,3.160433,gvhmr_incam,1.0,hamer_palm_site_export,,,,,
14_pingpong_wall,pingpong_stage0_audit,71,2.916667,-0.033501354,-0.072357399,2.413428260,1.0,0.0,0.0,0.0,samples_known_object/14_pingpong_wall/results/pingpong_stage0_audit/object_pose.csv,left_palm,hand,left,-0.892085,0.019231,3.272895,gvhmr_incam,1.0,hamer_palm_site_export,,,,,
14_pingpong_wall,pingpong_stage0_audit,71,2.916667,-0.033501354,-0.072357399,2.413428260,1.0,0.0,0.0,0.0,samples_known_object/14_pingpong_wall/results/pingpong_stage0_audit/object_pose.csv,right_palm,hand,right,-0.297550,0.059253,3.107248,gvhmr_incam,1.0,hamer_palm_site_export,,,,,
14_pingpong_wall,pingpong_stage0_audit,72,2.958333,-0.048472721,-0.071923905,2.401341005,1.0,0.0,0.0,0.0,samples_known_object/14_pingpong_wall/results/pingpong_stage0_audit/object_pose.csv,left_palm,hand,left,-0.869839,0.016333,3.280721,gvhmr_incam,1.0,hamer_palm_site_export,,,,,
14_pingpong_wall,pingpong_stage0_audit,72,2.958333,-0.048472721,-0.071923905,2.401341005,1.0,0.0,0.0,0.0,samples_known_object/14_pingpong_wall/results/pingpong_stage0_audit/object_pose.csv,right_palm,hand,right,-0.255390,0.059855,3.043161,gvhmr_incam,1.0,hamer_palm_site_export,,,,,
14_pingpong_wall,pingpong_stage0_audit,73,3.0,-0.064312160,-0.063947434,2.387960291,1.0,0.0,0.0,0.0,samples_known_object/14_pingpong_wall/results/pingpong_stage0_audit/object_pose.csv,left_palm,hand,left,-0.841438,0.016807,3.282566,gvhmr_incam,1.0,hamer_palm_site_export,,,,,
14_pingpong_wall,pingpong_stage0_audit,73,3.0,-0.064312160,-0.063947434,2.387960291,1.0,0.0,0.0,0.0,samples_known_object/14_pingpong_wall/results/pingpong_stage0_audit/object_pose.csv,right_palm,hand,right,-0.226735,0.064879,2.972486,gvhmr_incam,1.0,hamer_palm_site_export,,,,,
14_pingpong_wall,pingpong_stage0_audit,74,3.041667,-0.076512377,-0.052946494,2.373445398,1.0,0.0,0.0,0.0,samples_known_object/14_pingpong_wall/results/pingpong_stage0_audit/object_pose.csv,left_palm,hand,left,-0.807523,0.017588,3.276258,gvhmr_incam,1.0,hamer_palm_site_export,,,,,
14_pingpong_wall,pingpong_stage0_audit,74,3.041667,-0.076512377,-0.052946494,2.373445398,1.0,0.0,0.0,0.0,samples_known_object/14_pingpong_wall/results/pingpong_stage0_audit/object_pose.csv,right_palm,hand,right,-0.212444,0.073087,2.901820,gvhmr_incam,1.0,hamer_palm_site_export,,,,,
14_pingpong_wall,pingpong_stage0_audit,75,3.083333,-0.077408109,-0.056716621,2.357880612,1.0,0.0,0.0,0.0,samples_known_object/14_pingpong_wall/results/pingpong_stage0_audit/object_pose.csv,left_palm,hand,left,-0.768724,0.017234,3.264955,gvhmr_incam,1.0,hamer_palm_site_export,,,,,
14_pingpong_wall,pingpong_stage0_audit,75,3.083333,-0.077408109,-0.056716621,2.357880612,1.0,0.0,0.0,0.0,samples_known_object/14_pingpong_wall/results/pingpong_stage0_audit/object_pose.csv,right_palm,hand,right,-0.209282,0.083930,2.837979,gvhmr_incam,1.0,hamer_palm_site_export,,,,,
14_pingpong_wall,pingpong_stage0_audit,76,3.125,-0.063417249,-0.082725689,2.341404916,1.0,0.0,0.0,0.0,samples_known_object/14_pingpong_wall/results/pingpong_stage0_audit/object_pose.csv,left_palm,hand,left,-0.731527,0.015780,3.258953,gvhmr_incam,1.0,hamer_palm_site_export,,,,,
14_pingpong_wall,pingpong_stage0_audit,76,3.125,-0.063417249,-0.082725689,2.341404916,1.0,0.0,0.0,0.0,samples_known_object/14_pingpong_wall/results/pingpong_stage0_audit/object_pose.csv,right_palm,hand,right,-0.213367,0.097475,2.785268,gvhmr_incam,1.0,hamer_palm_site_export,,,,,
14_pingpong_wall,pingpong_stage0_audit,77,3.166667,-0.038658498,-0.109805431,2.324290325,1.0,0.0,0.0,0.0,samples_known_object/14_pingpong_wall/results/pingpong_stage0_audit/object_pose.csv,left_palm,hand,left,-0.704341,0.013378,3.267541,gvhmr_incam,1.0,hamer_palm_site_export,,,,,
14_pingpong_wall,pingpong_stage0_audit,77,3.166667,-0.038658498,-0.109805431,2.324290325,1.0,0.0,0.0,0.0,samples_known_object/14_pingpong_wall/results/pingpong_stage0_audit/object_pose.csv,right_palm,hand,right,-0.220814,0.113223,2.745930,gvhmr_incam,1.0,hamer_palm_site_export,,,,,
14_pingpong_wall,pingpong_stage0_audit,78,3.208333,-0.016090848,-0.124340771,2.306675151,1.0,0.0,0.0,0.0,samples_known_object/14_pingpong_wall/results/pingpong_stage0_audit/object_pose.csv,left_palm,hand,left,-0.687439,0.010332,3.287737,gvhmr_incam,1.0,hamer_palm_site_export,,,,,
14_pingpong_wall,pingpong_stage0_audit,78,3.208333,-0.016090848,-0.124340771,2.306675151,1.0,0.0,0.0,0.0,samples_known_object/14_pingpong_wall/results/pingpong_stage0_audit/object_pose.csv,right_palm,hand,right,-0.227165,0.129746,2.721578,gvhmr_incam,1.0,hamer_palm_site_export,,,,,
14_pingpong_wall,pingpong_stage0_audit,79,3.25,0.005230227,-0.126876921,2.288567897,1.0,0.0,0.0,0.0,samples_known_object/14_pingpong_wall/results/pingpong_stage0_audit/object_pose.csv,left_palm,hand,left,-0.675447,0.007241,3.307102,gvhmr_incam,1.0,hamer_palm_site_export,,,,,
14_pingpong_wall,pingpong_stage0_audit,79,3.25,0.005230227,-0.126876921,2.288567897,1.0,0.0,0.0,0.0,samples_known_object/14_pingpong_wall/results/pingpong_stage0_audit/object_pose.csv,right_palm,hand,right,-0.227532,0.144695,2.711903,gvhmr_incam,1.0,hamer_palm_site_export,,,,,
14_pingpong_wall,pingpong_stage0_audit,80,3.291667,0.025896886,-0.118980638,2.269993314,1.0,0.0,0.0,0.0,samples_known_object/14_pingpong_wall/results/pingpong_stage0_audit/object_pose.csv,left_palm,hand,left,-0.665683,0.004571,3.315620,gvhmr_incam,1.0,hamer_palm_site_export,,,,,
14_pingpong_wall,pingpong_stage0_audit,80,3.291667,0.025896886,-0.118980638,2.269993314,1.0,0.0,0.0,0.0,samples_known_object/14_pingpong_wall/results/pingpong_stage0_audit/object_pose.csv,right_palm,hand,right,-0.217811,0.154757,2.713837,gvhmr_incam,1.0,hamer_palm_site_export,,,,,
14_pingpong_wall,pingpong_stage0_audit,81,3.333333,0.045264587,-0.100227809,2.251047095,1.0,0.0,0.0,0.0,samples_known_object/14_pingpong_wall/results/pingpong_stage0_audit/object_pose.csv,left_palm,hand,left,-0.658962,0.002790,3.309922,gvhmr_incam,1.0,hamer_palm_site_export,,,,,
14_pingpong_wall,pingpong_stage0_audit,81,3.333333,0.045264587,-0.100227809,2.251047095,1.0,0.0,0.0,0.0,samples_known_object/14_pingpong_wall/results/pingpong_stage0_audit/object_pose.csv,right_palm,hand,right,-0.195959,0.156295,2.724485,gvhmr_incam,1.0,hamer_palm_site_export,,,,,
14_pingpong_wall,pingpong_stage0_audit,82,3.375,0.064462827,-0.069532833,2.231865767,1.0,0.0,0.0,0.0,samples_known_object/14_pingpong_wall/results/pingpong_stage0_audit/object_pose.csv,left_palm,hand,left,-0.656915,0.002118,3.293316,gvhmr_incam,1.0,hamer_palm_site_export,,,,,
14_pingpong_wall,pingpong_stage0_audit,82,3.375,0.064462827,-0.069532833,2.231865767,1.0,0.0,0.0,0.0,samples_known_object/14_pingpong_wall/results/pingpong_stage0_audit/object_pose.csv,right_palm,hand,right,-0.163224,0.146130,2.744998,gvhmr_incam,1.0,hamer_palm_site_export,,,,,
14_pingpong_wall,pingpong_stage0_audit,83,3.416667,0.082356210,-0.028014356,2.212611727,1.0,0.0,0.0,0.0,samples_known_object/14_pingpong_wall/results/pingpong_stage0_audit/object_pose.csv,left_palm,hand,left,-0.661055,0.001373,3.274991,gvhmr_incam,1.0,hamer_palm_site_export,,,,,
14_pingpong_wall,pingpong_stage0_audit,83,3.416667,0.082356210,-0.028014356,2.212611727,1.0,0.0,0.0,0.0,samples_known_object/14_pingpong_wall/results/pingpong_stage0_audit/object_pose.csv,right_palm,hand,right,-0.125180,0.122005,2.780386,gvhmr_incam,1.0,hamer_palm_site_export,,,,,
14_pingpong_wall,pingpong_stage0_audit,84,3.458333,0.105204578,0.015809417,2.224156978,1.0,0.0,0.0,0.0,samples_known_object/14_pingpong_wall/results/pingpong_stage0_audit/object_pose.csv,left_palm,hand,left,-0.671752,-0.001954,3.262978,gvhmr_incam,1.0,hamer_palm_site_export,,,,,
14_pingpong_wall,pingpong_stage0_audit,84,3.458333,0.105204578,0.015809417,2.224156978,1.0,0.0,0.0,0.0,samples_known_object/14_pingpong_wall/results/pingpong_stage0_audit/object_pose.csv,right_palm,hand,right,-0.090652,0.083351,2.834893,gvhmr_incam,1.0,hamer_palm_site_export,,,,,
14_pingpong_wall,pingpong_stage0_audit,85,3.5,0.141575435,-0.020781845,2.235575718,1.0,0.0,0.0,0.0,samples_known_object/14_pingpong_wall/results/pingpong_stage0_audit/object_pose.csv,left_palm,hand,left,-0.686062,-0.009253,3.258781,gvhmr_incam,1.0,hamer_palm_site_export,,,,,
14_pingpong_wall,pingpong_stage0_audit,85,3.5,0.141575435,-0.020781845,2.235575718,1.0,0.0,0.0,0.0,samples_known_object/14_pingpong_wall/results/pingpong_stage0_audit/object_pose.csv,right_palm,hand,right,-0.068121,0.031736,2.907240,gvhmr_incam,1.0,hamer_palm_site_export,,,,,
14_pingpong_wall,pingpong_stage0_audit,86,3.541667,0.183889153,-0.078901784,2.246998600,1.0,0.0,0.0,0.0,samples_known_object/14_pingpong_wall/results/pingpong_stage0_audit/object_pose.csv,left_palm,hand,left,-0.699236,-0.018212,3.260663,gvhmr_incam,1.0,hamer_palm_site_export,,,,,
14_pingpong_wall,pingpong_stage0_audit,86,3.541667,0.183889153,-0.078901784,2.246998600,1.0,0.0,0.0,0.0,samples_known_object/14_pingpong_wall/results/pingpong_stage0_audit/object_pose.csv,right_palm,hand,right,-0.062619,-0.028928,2.990061,gvhmr_incam,1.0,hamer_palm_site_export,,,,,
14_pingpong_wall,pingpong_stage0_audit,87,3.583333,0.221341909,-0.126323386,2.258753537,1.0,0.0,0.0,0.0,samples_known_object/14_pingpong_wall/results/pingpong_stage0_audit/object_pose.csv,left_palm,hand,left,-0.710930,-0.024282,3.266498,gvhmr_incam,1.0,hamer_palm_site_export,,,,,
14_pingpong_wall,pingpong_stage0_audit,87,3.583333,0.221341909,-0.126323386,2.258753537,1.0,0.0,0.0,0.0,samples_known_object/14_pingpong_wall/results/pingpong_stage0_audit/object_pose.csv,right_palm,hand,right,-0.074911,-0.091614,3.074640,gvhmr_incam,1.0,hamer_palm_site_export,,,,,
14_pingpong_wall,pingpong_stage0_audit,88,3.625,0.251717996,-0.160251895,2.270641773,1.0,0.0,0.0,0.0,samples_known_object/14_pingpong_wall/results/pingpong_stage0_audit/object_pose.csv,left_palm,hand,left,-0.725452,-0.025084,3.272306,gvhmr_incam,1.0,hamer_palm_site_export,,,,,
14_pingpong_wall,pingpong_stage0_audit,88,3.625,0.251717996,-0.160251895,2.270641773,1.0,0.0,0.0,0.0,samples_known_object/14_pingpong_wall/results/pingpong_stage0_audit/object_pose.csv,right_palm,hand,right,-0.101605,-0.147289,3.156253,gvhmr_incam,1.0,hamer_palm_site_export,,,,,
14_pingpong_wall,pingpong_stage0_audit,89,3.666667,0.273672518,-0.182701440,2.282406205,1.0,0.0,0.0,0.0,samples_known_object/14_pingpong_wall/results/pingpong_stage0_audit/object_pose.csv,left_palm,hand,left,-0.744896,-0.021515,3.273165,gvhmr_incam,1.0,hamer_palm_site_export,,,,,
14_pingpong_wall,pingpong_stage0_audit,89,3.666667,0.273672518,-0.182701440,2.282406205,1.0,0.0,0.0,0.0,samples_known_object/14_pingpong_wall/results/pingpong_stage0_audit/object_pose.csv,right_palm,hand,right,-0.136594,-0.189157,3.232413,gvhmr_incam,1.0,hamer_palm_site_export,,,,,
14_pingpong_wall,pingpong_stage0_audit,90,3.708333,0.266322318,-0.198077873,2.294285934,1.0,0.0,0.0,0.0,samples_known_object/14_pingpong_wall/results/pingpong_stage0_audit/object_pose.csv,left_palm,hand,left,-0.767696,-0.015267,3.267421,gvhmr_incam,1.0,hamer_palm_site_export,,,,,
14_pingpong_wall,pingpong_stage0_audit,90,3.708333,0.266322318,-0.198077873,2.294285934,1.0,0.0,0.0,0.0,samples_known_object/14_pingpong_wall/results/pingpong_stage0_audit/object_pose.csv,right_palm,hand,right,-0.174336,-0.216250,3.297032,gvhmr_incam,1.0,hamer_palm_site_export,,,,,
14_pingpong_wall,pingpong_stage0_audit,91,3.75,0.254153516,-0.207384213,2.305307315,1.0,0.0,0.0,0.0,samples_known_object/14_pingpong_wall/results/pingpong_stage0_audit/object_pose.csv,left_palm,hand,left,-0.791482,-0.007862,3.257888,gvhmr_incam,1.0,hamer_palm_site_export,,,,,
14_pingpong_wall,pingpong_stage0_audit,91,3.75,0.254153516,-0.207384213,2.305307315,1.0,0.0,0.0,0.0,samples_known_object/14_pingpong_wall/results/pingpong_stage0_audit/object_pose.csv,right_palm,hand,right,-0.211807,-0.231758,3.342547,gvhmr_incam,1.0,hamer_palm_site_export,,,,,
14_pingpong_wall,pingpong_stage0_audit,92,3.791667,0.242868042,-0.209072523,2.315095829,1.0,0.0,0.0,0.0,samples_known_object/14_pingpong_wall/results/pingpong_stage0_audit/object_pose.csv,left_palm,hand,left,-0.813264,-0.000478,3.247889,gvhmr_incam,1.0,hamer_palm_site_export,,,,,
14_pingpong_wall,pingpong_stage0_audit,92,3.791667,0.242868042,-0.209072523,2.315095829,1.0,0.0,0.0,0.0,samples_known_object/14_pingpong_wall/results/pingpong_stage0_audit/object_pose.csv,right_palm,hand,right,-0.247418,-0.237170,3.366896,gvhmr_incam,1.0,hamer_palm_site_export,,,,,
14_pingpong_wall,pingpong_stage0_audit,93,3.833333,0.233353238,-0.203953070,2.323434698,1.0,0.0,0.0,0.0,samples_known_object/14_pingpong_wall/results/pingpong_stage0_audit/object_pose.csv,left_palm,hand,left,-0.830735,0.007015,3.238568,gvhmr_incam,1.0,hamer_palm_site_export,,,,,
14_pingpong_wall,pingpong_stage0_audit,93,3.833333,0.233353238,-0.203953070,2.323434698,1.0,0.0,0.0,0.0,samples_known_object/14_pingpong_wall/results/pingpong_stage0_audit/object_pose.csv,right_palm,hand,right,-0.279676,-0.230124,3.373471,gvhmr_incam,1.0,hamer_palm_site_export,,,,,
14_pingpong_wall,pingpong_stage0_audit,94,3.875,0.225710193,-0.190584033,2.330244862,1.0,0.0,0.0,0.0,samples_known_object/14_pingpong_wall/results/pingpong_stage0_audit/object_pose.csv,left_palm,hand,left,-0.844710,0.015008,3.230578,gvhmr_incam,1.0,hamer_palm_site_export,,,,,
14_pingpong_wall,pingpong_stage0_audit,94,3.875,0.225710193,-0.190584033,2.330244862,1.0,0.0,0.0,0.0,samples_known_object/14_pingpong_wall/results/pingpong_stage0_audit/object_pose.csv,right_palm,hand,right,-0.307486,-0.208283,3.366934,gvhmr_incam,1.0,hamer_palm_site_export,,,,,
14_pingpong_wall,pingpong_stage0_audit,95,3.916667,0.217403804,-0.170058742,2.335508762,1.0,0.0,0.0,0.0,samples_known_object/14_pingpong_wall/results/pingpong_stage0_audit/object_pose.csv,left_palm,hand,left,-0.857458,0.022636,3.225264,gvhmr_incam,1.0,hamer_palm_site_export,,,,,
14_pingpong_wall,pingpong_stage0_audit,95,3.916667,0.217403804,-0.170058742,2.335508762,1.0,0.0,0.0,0.0,samples_known_object/14_pingpong_wall/results/pingpong_stage0_audit/object_pose.csv,right_palm,hand,right,-0.330499,-0.172858,3.350881,gvhmr_incam,1.0,hamer_palm_site_export,,,,,
14_pingpong_wall,pingpong_stage0_audit,96,3.958333,0.209661532,-0.141566019,2.339169149,1.0,0.0,0.0,0.0,samples_known_object/14_pingpong_wall/results/pingpong_stage0_audit/object_pose.csv,left_palm,hand,left,-0.869916,0.028676,3.223630,gvhmr_incam,1.0,hamer_palm_site_export,,,,,
14_pingpong_wall,pingpong_stage0_audit,96,3.958333,0.209661532,-0.141566019,2.339169149,1.0,0.0,0.0,0.0,samples_known_object/14_pingpong_wall/results/pingpong_stage0_audit/object_pose.csv,right_palm,hand,right,-0.348507,-0.128335,3.327034,gvhmr_incam,1.0,hamer_palm_site_export,,,,,
14_pingpong_wall,pingpong_stage0_audit,97,4.0,0.202370814,-0.106052569,2.341210720,1.0,0.0,0.0,0.0,samples_known_object/14_pingpong_wall/results/pingpong_stage0_audit/object_pose.csv,left_palm,hand,left,-0.882086,0.032323,3.225832,gvhmr_incam,1.0,hamer_palm_site_export,,,,,
14_pingpong_wall,pingpong_stage0_audit,97,4.0,0.202370814,-0.106052569,2.341210720,1.0,0.0,0.0,0.0,samples_known_object/14_pingpong_wall/results/pingpong_stage0_audit/object_pose.csv,right_palm,hand,right,-0.360191,-0.080481,3.295566,gvhmr_incam,1.0,hamer_palm_site_export,,,,,
14_pingpong_wall,pingpong_stage0_audit,98,4.041667,0.195330527,-0.068374931,2.341579622,1.0,0.0,0.0,0.0,samples_known_object/14_pingpong_wall/results/pingpong_stage0_audit/object_pose.csv,left_palm,hand,left,-0.893897,0.031702,3.231771,gvhmr_incam,1.0,hamer_palm_site_export,,,,,
14_pingpong_wall,pingpong_stage0_audit,98,4.041667,0.195330527,-0.068374931,2.341579622,1.0,0.0,0.0,0.0,samples_known_object/14_pingpong_wall/results/pingpong_stage0_audit/object_pose.csv,right_palm,hand,right,-0.362877,-0.035076,3.256102,gvhmr_incam,1.0,hamer_palm_site_export,,,,,
14_pingpong_wall,pingpong_stage0_audit,99,4.083333,0.187920391,-0.077695503,2.339872336,1.0,0.0,0.0,0.0,samples_known_object/14_pingpong_wall/results/pingpong_stage0_audit/object_pose.csv,left_palm,hand,left,-0.904390,0.024513,3.241458,gvhmr_incam,1.0,hamer_palm_site_export,,,,,
14_pingpong_wall,pingpong_stage0_audit,99,4.083333,0.187920391,-0.077695503,2.339872336,1.0,0.0,0.0,0.0,samples_known_object/14_pingpong_wall/results/pingpong_stage0_audit/object_pose.csv,right_palm,hand,right,-0.355399,0.003494,3.209046,gvhmr_incam,1.0,hamer_palm_site_export,,,,,
14_pingpong_wall,pingpong_stage0_audit,100,4.125,0.179701997,-0.096218889,2.336232338,1.0,0.0,0.0,0.0,samples_known_object/14_pingpong_wall/results/pingpong_stage0_audit/object_pose.csv,left_palm,hand,left,-0.911431,0.013161,3.254298,gvhmr_incam,1.0,hamer_palm_site_export,,,,,
14_pingpong_wall,pingpong_stage0_audit,100,4.125,0.179701997,-0.096218889,2.336232338,1.0,0.0,0.0,0.0,samples_known_object/14_pingpong_wall/results/pingpong_stage0_audit/object_pose.csv,right_palm,hand,right,-0.340976,0.033937,3.156059,gvhmr_incam,1.0,hamer_palm_site_export,,,,,
14_pingpong_wall,pingpong_stage0_audit,101,4.166667,0.170796949,-0.109061111,2.330784882,1.0,0.0,0.0,0.0,samples_known_object/14_pingpong_wall/results/pingpong_stage0_audit/object_pose.csv,left_palm,hand,left,-0.912835,0.004662,3.268122,gvhmr_incam,1.0,hamer_palm_site_export,,,,,
14_pingpong_wall,pingpong_stage0_audit,101,4.166667,0.170796949,-0.109061111,2.330784882,1.0,0.0,0.0,0.0,samples_known_object/14_pingpong_wall/results/pingpong_stage0_audit/object_pose.csv,right_palm,hand,right,-0.325107,0.057617,3.098381,gvhmr_incam,1.0,hamer_palm_site_export,,,,,
14_pingpong_wall,pingpong_stage0_audit,102,4.208333,0.163383117,-0.112439696,2.323482403,1.0,0.0,0.0,0.0,samples_known_object/14_pingpong_wall/results/pingpong_stage0_audit/object_pose.csv,left_palm,hand,left,-0.906762,0.002546,3.279836,gvhmr_incam,1.0,hamer_palm_site_export,,,,,
14_pingpong_wall,pingpong_stage0_audit,102,4.208333,0.163383117,-0.112439696,2.323482403,1.0,0.0,0.0,0.0,samples_known_object/14_pingpong_wall/results/pingpong_stage0_audit/object_pose.csv,right_palm,hand,right,-0.311561,0.076210,3.036287,gvhmr_incam,1.0,hamer_palm_site_export,,,,,
14_pingpong_wall,pingpong_stage0_audit,103,4.25,0.154947197,-0.107701088,2.314371795,1.0,0.0,0.0,0.0,samples_known_object/14_pingpong_wall/results/pingpong_stage0_audit/object_pose.csv,left_palm,hand,left,-0.890892,0.003851,3.287063,gvhmr_incam,1.0,hamer_palm_site_export,,,,,
14_pingpong_wall,pingpong_stage0_audit,103,4.25,0.154947197,-0.107701088,2.314371795,1.0,0.0,0.0,0.0,samples_known_object/14_pingpong_wall/results/pingpong_stage0_audit/object_pose.csv,right_palm,hand,right,-0.302038,0.090493,2.971885,gvhmr_incam,1.0,hamer_palm_site_export,,,,,
14_pingpong_wall,pingpong_stage0_audit,104,4.291667,0.146835269,-0.092633547,2.303508412,1.0,0.0,0.0,0.0,samples_known_object/14_pingpong_wall/results/pingpong_stage0_audit/object_pose.csv,left_palm,hand,left,-0.863367,0.004104,3.288466,gvhmr_incam,1.0,hamer_palm_site_export,,,,,
14_pingpong_wall,pingpong_stage0_audit,104,4.291667,0.146835269,-0.092633547,2.303508412,1.0,0.0,0.0,0.0,samples_known_object/14_pingpong_wall/results/pingpong_stage0_audit/object_pose.csv,right_palm,hand,right,-0.297568,0.101495,2.909586,gvhmr_incam,1.0,hamer_palm_site_export,,,,,
14_pingpong_wall,pingpong_stage0_audit,105,4.333333,0.138557299,-0.066884303,2.291015457,1.0,0.0,0.0,0.0,samples_known_object/14_pingpong_wall/results/pingpong_stage0_audit/object_pose.csv,left_palm,hand,left,-0.827193,0.001579,3.285524,gvhmr_incam,1.0,hamer_palm_site_export,,,,,
14_pingpong_wall,pingpong_stage0_audit,105,4.333333,0.138557299,-0.066884303,2.291015457,1.0,0.0,0.0,0.0,samples_known_object/14_pingpong_wall/results/pingpong_stage0_audit/object_pose.csv,right_palm,hand,right,-0.298480,0.111407,2.853134,gvhmr_incam,1.0,hamer_palm_site_export,,,,,
14_pingpong_wall,pingpong_stage0_audit,106,4.375,0.130812986,-0.028205312,2.277064704,1.0,0.0,0.0,0.0,samples_known_object/14_pingpong_wall/results/pingpong_stage0_audit/object_pose.csv,left_palm,hand,left,-0.791676,-0.002439,3.284717,gvhmr_incam,1.0,hamer_palm_site_export,,,,,
14_pingpong_wall,pingpong_stage0_audit,106,4.375,0.130812986,-0.028205312,2.277064704,1.0,0.0,0.0,0.0,samples_known_object/14_pingpong_wall/results/pingpong_stage0_audit/object_pose.csv,right_palm,hand,right,-0.303821,0.122277,2.805020,gvhmr_incam,1.0,hamer_palm_site_export,,,,,
14_pingpong_wall,pingpong_stage0_audit,107,4.416667,0.121791706,0.024431262,2.261926849,1.0,0.0,0.0,0.0,samples_known_object/14_pingpong_wall/results/pingpong_stage0_audit/object_pose.csv,left_palm,hand,left,-0.764554,-0.005122,3.290456,gvhmr_incam,1.0,hamer_palm_site_export,,,,,
14_pingpong_wall,pingpong_stage0_audit,107,4.416667,0.121791706,0.024431262,2.261926849,1.0,0.0,0.0,0.0,samples_known_object/14_pingpong_wall/results/pingpong_stage0_audit/object_pose.csv,right_palm,hand,right,-0.311339,0.134749,2.766973,gvhmr_incam,1.0,hamer_palm_site_export,,,,,
14_pingpong_wall,pingpong_stage0_audit,108,4.458333,0.113997277,0.090223600,2.245832688,1.0,0.0,0.0,0.0,samples_known_object/14_pingpong_wall/results/pingpong_stage0_audit/object_pose.csv,left_palm,hand,left,-0.744987,-0.004293,3.298509,gvhmr_incam,1.0,hamer_palm_site_export,,,,,
14_pingpong_wall,pingpong_stage0_audit,108,4.458333,0.113997277,0.090223600,2.245832688,1.0,0.0,0.0,0.0,samples_known_object/14_pingpong_wall/results/pingpong_stage0_audit/object_pose.csv,right_palm,hand,right,-0.317834,0.148294,2.739206,gvhmr_incam,1.0,hamer_palm_site_export,,,,,
14_pingpong_wall,pingpong_stage0_audit,109,4.5,0.104221586,0.169437789,2.229183156,1.0,0.0,0.0,0.0,samples_known_object/14_pingpong_wall/results/pingpong_stage0_audit/object_pose.csv,left_palm,hand,left,-0.728303,-0.000468,3.303904,gvhmr_incam,1.0,hamer_palm_site_export,,,,,
14_pingpong_wall,pingpong_stage0_audit,109,4.5,0.104221586,0.169437789,2.229183156,1.0,0.0,0.0,0.0,samples_known_object/14_pingpong_wall/results/pingpong_stage0_audit/object_pose.csv,right_palm,hand,right,-0.319396,0.161468,2.720931,gvhmr_incam,1.0,hamer_palm_site_export,,,,,
14_pingpong_wall,pingpong_stage0_audit,110,4.541667,0.100805351,0.229642182,2.247447585,1.0,0.0,0.0,0.0,samples_known_object/14_pingpong_wall/results/pingpong_stage0_audit/object_pose.csv,left_palm,hand,left,-0.712288,0.003918,3.307299,gvhmr_incam,1.0,hamer_palm_site_export,,,,,
14_pingpong_wall,pingpong_stage0_audit,110,4.541667,0.100805351,0.229642182,2.247447585,1.0,0.0,0.0,0.0,samples_known_object/14_pingpong_wall/results/pingpong_stage0_audit/object_pose.csv,right_palm,hand,right,-0.311860,0.171950,2.711747,gvhmr_incam,1.0,hamer_palm_site_export,,,,,
14_pingpong_wall,pingpong_stage0_audit,111,4.583333,0.100788312,0.167926404,2.266855419,1.0,0.0,0.0,0.0,samples_known_object/14_pingpong_wall/results/pingpong_stage0_audit/object_pose.csv,left_palm,hand,left,-0.696722,0.007163,3.310529,gvhmr_incam,1.0,hamer_palm_site_export,,,,,
14_pingpong_wall,pingpong_stage0_audit,111,4.583333,0.100788312,0.167926404,2.266855419,1.0,0.0,0.0,0.0,samples_known_object/14_pingpong_wall/results/pingpong_stage0_audit/object_pose.csv,right_palm,hand,right,-0.291991,0.177260,2.712087,gvhmr_incam,1.0,hamer_palm_site_export,,,,,
14_pingpong_wall,pingpong_stage0_audit,112,4.625,0.100783272,0.103800908,2.286444894,1.0,0.0,0.0,0.0,samples_known_object/14_pingpong_wall/results/pingpong_stage0_audit/object_pose.csv,left_palm,hand,left,-0.683595,0.009842,3.311741,gvhmr_incam,1.0,hamer_palm_site_export,,,,,
14_pingpong_wall,pingpong_stage0_audit,112,4.625,0.100783272,0.103800908,2.286444894,1.0,0.0,0.0,0.0,samples_known_object/14_pingpong_wall/results/pingpong_stage0_audit/object_pose.csv,right_palm,hand,right,-0.258833,0.175568,2.722799,gvhmr_incam,1.0,hamer_palm_site_export,,,,,
14_pingpong_wall,pingpong_stage0_audit,113,4.666667,0.098923323,0.051686519,2.305725690,1.0,0.0,0.0,0.0,samples_known_object/14_pingpong_wall/results/pingpong_stage0_audit/object_pose.csv,left_palm,hand,left,-0.678801,0.014030,3.306304,gvhmr_incam,1.0,hamer_palm_site_export,,,,,
14_pingpong_wall,pingpong_stage0_audit,113,4.666667,0.098923323,0.051686519,2.305725690,1.0,0.0,0.0,0.0,samples_known_object/14_pingpong_wall/results/pingpong_stage0_audit/object_pose.csv,right_palm,hand,right,-0.213940,0.165266,2.744148,gvhmr_incam,1.0,hamer_palm_site_export,,,,,
14_pingpong_wall,pingpong_stage0_audit,114,4.708333,0.098997608,0.008789733,2.324444771,1.0,0.0,0.0,0.0,samples_known_object/14_pingpong_wall/results/pingpong_stage0_audit/object_pose.csv,left_palm,hand,left,-0.686812,0.020158,3.293323,gvhmr_incam,1.0,hamer_palm_site_export,,,,,
14_pingpong_wall,pingpong_stage0_audit,114,4.708333,0.098997608,0.008789733,2.324444771,1.0,0.0,0.0,0.0,samples_known_object/14_pingpong_wall/results/pingpong_stage0_audit/object_pose.csv,right_palm,hand,right,-0.161040,0.144693,2.775958,gvhmr_incam,1.0,hamer_palm_site_export,,,,,
14_pingpong_wall,pingpong_stage0_audit,115,4.75,0.097856720,-0.022328950,2.342467120,1.0,0.0,0.0,0.0,samples_known_object/14_pingpong_wall/results/pingpong_stage0_audit/object_pose.csv,left_palm,hand,left,-0.704018,0.025437,3.277984,gvhmr_incam,1.0,hamer_palm_site_export,,,,,
14_pingpong_wall,pingpong_stage0_audit,115,4.75,0.097856720,-0.022328950,2.342467120,1.0,0.0,0.0,0.0,samples_known_object/14_pingpong_wall/results/pingpong_stage0_audit/object_pose.csv,right_palm,hand,right,-0.106462,0.113522,2.819617,gvhmr_incam,1.0,hamer_palm_site_export,,,,,
14_pingpong_wall,pingpong_stage0_audit,116,4.791667,0.102771556,-0.045621880,2.359537932,1.0,0.0,0.0,0.0,samples_known_object/14_pingpong_wall/results/pingpong_stage0_audit/object_pose.csv,left_palm,hand,left,-0.721698,0.027127,3.265314,gvhmr_incam,1.0,hamer_palm_site_export,,,,,
14_pingpong_wall,pingpong_stage0_audit,116,4.791667,0.102771556,-0.045621880,2.359537932,1.0,0.0,0.0,0.0,samples_known_object/14_pingpong_wall/results/pingpong_stage0_audit/object_pose.csv,right_palm,hand,right,-0.058335,0.072659,2.876778,gvhmr_incam,1.0,hamer_palm_site_export,,,,,
14_pingpong_wall,pingpong_stage0_audit,117,4.833333,0.119887148,-0.065769584,2.375453228,1.0,0.0,0.0,0.0,samples_known_object/14_pingpong_wall/results/pingpong_stage0_audit/object_pose.csv,left_palm,hand,left,-0.733637,0.025457,3.256057,gvhmr_incam,1.0,hamer_palm_site_export,,,,,
14_pingpong_wall,pingpong_stage0_audit,117,4.833333,0.119887148,-0.065769584,2.375453228,1.0,0.0,0.0,0.0,samples_known_object/14_pingpong_wall/results/pingpong_stage0_audit/object_pose.csv,right_palm,hand,right,-0.023346,0.022614,2.944212,gvhmr_incam,1.0,hamer_palm_site_export,,,,,
14_pingpong_wall,pingpong_stage0_audit,118,4.875,0.129134082,-0.097242283,2.390352047,1.0,0.0,0.0,0.0,samples_known_object/14_pingpong_wall/results/pingpong_stage0_audit/object_pose.csv,left_palm,hand,left,-0.740965,0.022403,3.247749,gvhmr_incam,1.0,hamer_palm_site_export,,,,,
14_pingpong_wall,pingpong_stage0_audit,118,4.875,0.129134082,-0.097242283,2.390352047,1.0,0.0,0.0,0.0,samples_known_object/14_pingpong_wall/results/pingpong_stage0_audit/object_pose.csv,right_palm,hand,right,-0.004652,-0.035002,3.014365,gvhmr_incam,1.0,hamer_palm_site_export,,,,,
14_pingpong_wall,pingpong_stage0_audit,119,4.916667,0.141854062,-0.135688269,2.404018603,1.0,0.0,0.0,0.0,samples_known_object/14_pingpong_wall/results/pingpong_stage0_audit/object_pose.csv,left_palm,hand,left,-0.749783,0.019769,3.237635,gvhmr_incam,1.0,hamer_palm_site_export,,,,,
14_pingpong_wall,pingpong_stage0_audit,119,4.916667,0.141854062,-0.135688269,2.404018603,1.0,0.0,0.0,0.0,samples_known_object/14_pingpong_wall/results/pingpong_stage0_audit/object_pose.csv,right_palm,hand,right,-0.002343,-0.095629,3.081554,gvhmr_incam,1.0,hamer_palm_site_export,,,,,
14_pingpong_wall,pingpong_stage0_audit,120,4.958333,0.160243494,-0.164604234,2.416608012,1.0,0.0,0.0,0.0,samples_known_object/14_pingpong_wall/results/pingpong_stage0_audit/object_pose.csv,left_palm,hand,left,-0.763300,0.018655,3.225509,gvhmr_incam,1.0,hamer_palm_site_export,,,,,
14_pingpong_wall,pingpong_stage0_audit,120,4.958333,0.160243494,-0.164604234,2.416608012,1.0,0.0,0.0,0.0,samples_known_object/14_pingpong_wall/results/pingpong_stage0_audit/object_pose.csv,right_palm,hand,right,-0.014330,-0.153491,3.143912,gvhmr_incam,1.0,hamer_palm_site_export,,,,,
14_pingpong_wall,pingpong_stage0_audit,121,5.0,0.179062728,-0.182420040,2.428164019,1.0,0.0,0.0,0.0,samples_known_object/14_pingpong_wall/results/pingpong_stage0_audit/object_pose.csv,left_palm,hand,left,-0.779689,0.019881,3.213454,gvhmr_incam,1.0,hamer_palm_site_export,,,,,
14_pingpong_wall,pingpong_stage0_audit,121,5.0,0.179062728,-0.182420040,2.428164019,1.0,0.0,0.0,0.0,samples_known_object/14_pingpong_wall/results/pingpong_stage0_audit/object_pose.csv,right_palm,hand,right,-0.037388,-0.203259,3.201453,gvhmr_incam,1.0,hamer_palm_site_export,,,,,
14_pingpong_wall,pingpong_stage0_audit,122,5.041667,0.195247968,-0.190077006,2.438662155,1.0,0.0,0.0,0.0,samples_known_object/14_pingpong_wall/results/pingpong_stage0_audit/object_pose.csv,left_palm,hand,left,-0.796479,0.024839,3.203340,gvhmr_incam,1.0,hamer_palm_site_export,,,,,
14_pingpong_wall,pingpong_stage0_audit,122,5.041667,0.195247968,-0.190077006,2.438662155,1.0,0.0,0.0,0.0,samples_known_object/14_pingpong_wall/results/pingpong_stage0_audit/object_pose.csv,right_palm,hand,right,-0.068586,-0.240141,3.255557,gvhmr_incam,1.0,hamer_palm_site_export,,,,,
14_pingpong_wall,pingpong_stage0_audit,123,5.083333,0.210884747,-0.190103476,2.447936251,1.0,0.0,0.0,0.0,samples_known_object/14_pingpong_wall/results/pingpong_stage0_audit/object_pose.csv,left_palm,hand,left,-0.812453,0.034234,3.194486,gvhmr_incam,1.0,hamer_palm_site_export,,,,,
14_pingpong_wall,pingpong_stage0_audit,123,5.083333,0.210884747,-0.190103476,2.447936251,1.0,0.0,0.0,0.0,samples_known_object/14_pingpong_wall/results/pingpong_stage0_audit/object_pose.csv,right_palm,hand,right,-0.105843,-0.261560,3.306922,gvhmr_incam,1.0,hamer_palm_site_export,,,,,
14_pingpong_wall,pingpong_stage0_audit,124,5.125,0.222466068,-0.184192118,2.456032359,1.0,0.0,0.0,0.0,samples_known_object/14_pingpong_wall/results/pingpong_stage0_audit/object_pose.csv,left_palm,hand,left,-0.826504,0.045911,3.183743,gvhmr_incam,1.0,hamer_palm_site_export,,,,,
14_pingpong_wall,pingpong_stage0_audit,124,5.125,0.222466068,-0.184192118,2.456032359,1.0,0.0,0.0,0.0,samples_known_object/14_pingpong_wall/results/pingpong_stage0_audit/object_pose.csv,right_palm,hand,right,-0.147241,-0.269068,3.351447,gvhmr_incam,1.0,hamer_palm_site_export,,,,,
14_pingpong_wall,pingpong_stage0_audit,125,5.166667,0.212330321,-0.184614589,2.463068664,1.0,0.0,0.0,0.0,samples_known_object/14_pingpong_wall/results/pingpong_stage0_audit/object_pose.csv,left_palm,hand,left,-0.838188,0.056386,3.169774,gvhmr_incam,1.0,hamer_palm_site_export,,,,,
14_pingpong_wall,pingpong_stage0_audit,125,5.166667,0.212330321,-0.184614589,2.463068664,1.0,0.0,0.0,0.0,samples_known_object/14_pingpong_wall/results/pingpong_stage0_audit/object_pose.csv,right_palm,hand,right,-0.190482,-0.265968,3.382466,gvhmr_incam,1.0,hamer_palm_site_export,,,,,
14_pingpong_wall,pingpong_stage0_audit,126,5.208333,0.185596332,-0.194748232,2.468865303,1.0,0.0,0.0,0.0,samples_known_object/14_pingpong_wall/results/pingpong_stage0_audit/object_pose.csv,left_palm,hand,left,-0.848778,0.064213,3.155962,gvhmr_incam,1.0,hamer_palm_site_export,,,,,
14_pingpong_wall,pingpong_stage0_audit,126,5.208333,0.185596332,-0.194748232,2.468865303,1.0,0.0,0.0,0.0,samples_known_object/14_pingpong_wall/results/pingpong_stage0_audit/object_pose.csv,right_palm,hand,right,-0.233220,-0.253261,3.397746,gvhmr_incam,1.0,hamer_palm_site_export,,,,,
14_pingpong_wall,pingpong_stage0_audit,127,5.25,0.156112587,-0.198256920,2.473513247,1.0,0.0,0.0,0.0,samples_known_object/14_pingpong_wall/results/pingpong_stage0_audit/object_pose.csv,left_palm,hand,left,-0.859959,0.070216,3.146779,gvhmr_incam,1.0,hamer_palm_site_export,,,,,
14_pingpong_wall,pingpong_stage0_audit,127,5.25,0.156112587,-0.198256920,2.473513247,1.0,0.0,0.0,0.0,samples_known_object/14_pingpong_wall/results/pingpong_stage0_audit/object_pose.csv,right_palm,hand,right,-0.273779,-0.230153,3.399782,gvhmr_incam,1.0,hamer_palm_site_export,,,,,
14_pingpong_wall,pingpong_stage0_audit,128,5.291667,0.127090626,-0.193671246,2.476965598,1.0,0.0,0.0,0.0,samples_known_object/14_pingpong_wall/results/pingpong_stage0_audit/object_pose.csv,left_palm,hand,left,-0.872216,0.075218,3.143725,gvhmr_incam,1.0,hamer_palm_site_export,,,,,
14_pingpong_wall,pingpong_stage0_audit,128,5.291667,0.127090626,-0.193671246,2.476965598,1.0,0.0,0.0,0.0,samples_known_object/14_pingpong_wall/results/pingpong_stage0_audit/object_pose.csv,right_palm,hand,right,-0.311615,-0.197023,3.391198,gvhmr_incam,1.0,hamer_palm_site_export,,,,,
14_pingpong_wall,pingpong_stage0_audit,129,5.333333,0.097668398,-0.181807236,2.479239588,1.0,0.0,0.0,0.0,samples_known_object/14_pingpong_wall/results/pingpong_stage0_audit/object_pose.csv,left_palm,hand,left,-0.885010,0.078764,3.146255,gvhmr_incam,1.0,hamer_palm_site_export,,,,,
14_pingpong_wall,pingpong_stage0_audit,129,5.333333,0.097668398,-0.181807236,2.479239588,1.0,0.0,0.0,0.0,samples_known_object/14_pingpong_wall/results/pingpong_stage0_audit/object_pose.csv,right_palm,hand,right,-0.346803,-0.155786,3.373443,gvhmr_incam,1.0,hamer_palm_site_export,,,,,
14_pingpong_wall,pingpong_stage0_audit,130,5.375,0.068732517,-0.162155021,2.480391429,1.0,0.0,0.0,0.0,samples_known_object/14_pingpong_wall/results/pingpong_stage0_audit/object_pose.csv,left_palm,hand,left,-0.897824,0.080081,3.153955,gvhmr_incam,1.0,hamer_palm_site_export,,,,,
14_pingpong_wall,pingpong_stage0_audit,130,5.375,0.068732517,-0.162155021,2.480391429,1.0,0.0,0.0,0.0,samples_known_object/14_pingpong_wall/results/pingpong_stage0_audit/object_pose.csv,right_palm,hand,right,-0.379140,-0.109136,3.347775,gvhmr_incam,1.0,hamer_palm_site_export,,,,,
14_pingpong_wall,pingpong_stage0_audit,131,5.416667,0.040723693,-0.134357488,2.480516926,1.0,0.0,0.0,0.0,samples_known_object/14_pingpong_wall/results/pingpong_stage0_audit/object_pose.csv,left_palm,hand,left,-0.911103,0.079555,3.166935,gvhmr_incam,1.0,hamer_palm_site_export,,,,,
14_pingpong_wall,pingpong_stage0_audit,131,5.416667,0.040723693,-0.134357488,2.480516926,1.0,0.0,0.0,0.0,samples_known_object/14_pingpong_wall/results/pingpong_stage0_audit/object_pose.csv,right_palm,hand,right,-0.407903,-0.060705,3.315428,gvhmr_incam,1.0,hamer_palm_site_export,,,,,
14_pingpong_wall,pingpong_stage0_audit,132,5.458333,0.012330790,-0.098495469,2.479763529,1.0,0.0,0.0,0.0,samples_known_object/14_pingpong_wall/results/pingpong_stage0_audit/object_pose.csv,left_palm,hand,left,-0.925276,0.078141,3.185068,gvhmr_incam,1.0,hamer_palm_site_export,,,,,
14_pingpong_wall,pingpong_stage0_audit,132,5.458333,0.012330790,-0.098495469,2.479763529,1.0,0.0,0.0,0.0,samples_known_object/14_pingpong_wall/results/pingpong_stage0_audit/object_pose.csv,right_palm,hand,right,-0.431153,-0.014318,3.277630,gvhmr_incam,1.0,hamer_palm_site_export,,,,,
14_pingpong_wall,pingpong_stage0_audit,133,5.5,-0.012469924,-0.056223586,2.478263027,1.0,0.0,0.0,0.0,samples_known_object/14_pingpong_wall/results/pingpong_stage0_audit/object_pose.csv,left_palm,hand,left,-0.938193,0.074971,3.206685,gvhmr_incam,1.0,hamer_palm_site_export,,,,,
14_pingpong_wall,pingpong_stage0_audit,133,5.5,-0.012469924,-0.056223586,2.478263027,1.0,0.0,0.0,0.0,samples_known_object/14_pingpong_wall/results/pingpong_stage0_audit/object_pose.csv,right_palm,hand,right,-0.444557,0.027491,3.235866,gvhmr_incam,1.0,hamer_palm_site_export,,,,,
14_pingpong_wall,pingpong_stage0_audit,134,5.541667,-0.038614185,-0.009327065,2.476212761,1.0,0.0,0.0,0.0,samples_known_object/14_pingpong_wall/results/pingpong_stage0_audit/object_pose.csv,left_palm,hand,left,-0.946613,0.067443,3.228672,gvhmr_incam,1.0,hamer_palm_site_export,,,,,
14_pingpong_wall,pingpong_stage0_audit,134,5.541667,-0.038614185,-0.009327065,2.476212761,1.0,0.0,0.0,0.0,samples_known_object/14_pingpong_wall/results/pingpong_stage0_audit/object_pose.csv,right_palm,hand,right,-0.443552,0.063087,3.191397,gvhmr_incam,1.0,hamer_palm_site_export,,,,,
14_pingpong_wall,pingpong_stage0_audit,135,5.583333,-0.045792571,-0.014134893,2.473651658,1.0,0.0,0.0,0.0,samples_known_object/14_pingpong_wall/results/pingpong_stage0_audit/object_pose.csv,left_palm,hand,left,-0.950685,0.055145,3.248029,gvhmr_incam,1.0,hamer_palm_site_export,,,,,
14_pingpong_wall,pingpong_stage0_audit,135,5.583333,-0.045792571,-0.014134893,2.473651658,1.0,0.0,0.0,0.0,samples_known_object/14_pingpong_wall/results/pingpong_stage0_audit/object_pose.csv,right_palm,hand,right,-0.428462,0.090549,3.144262,gvhmr_incam,1.0,hamer_palm_site_export,,,,,
14_pingpong_wall,pingpong_stage0_audit,136,5.625,-0.030474884,-0.069547733,2.470628234,1.0,0.0,0.0,0.0,samples_known_object/14_pingpong_wall/results/pingpong_stage0_audit/object_pose.csv,left_palm,hand,left,-0.952088,0.041882,3.262632,gvhmr_incam,1.0,hamer_palm_site_export,,,,,
14_pingpong_wall,pingpong_stage0_audit,136,5.625,-0.030474884,-0.069547733,2.470628234,1.0,0.0,0.0,0.0,samples_known_object/14_pingpong_wall/results/pingpong_stage0_audit/object_pose.csv,right_palm,hand,right,-0.404909,0.108555,3.092814,gvhmr_incam,1.0,hamer_palm_site_export,,,,,
14_pingpong_wall,pingpong_stage0_audit,137,5.666667,-0.015090188,-0.120115702,2.467172791,1.0,0.0,0.0,0.0,samples_known_object/14_pingpong_wall/results/pingpong_stage0_audit/object_pose.csv,left_palm,hand,left,-0.948715,0.032262,3.271844,gvhmr_incam,1.0,hamer_palm_site_export,,,,,
14_pingpong_wall,pingpong_stage0_audit,137,5.666667,-0.015090188,-0.120115702,2.467172791,1.0,0.0,0.0,0.0,samples_known_object/14_pingpong_wall/results/pingpong_stage0_audit/object_pose.csv,right_palm,hand,right,-0.378655,0.117223,3.035383,gvhmr_incam,1.0,hamer_palm_site_export,,,,,
14_pingpong_wall,pingpong_stage0_audit,138,5.708333,-0.000673527,-0.159387487,2.463175457,1.0,0.0,0.0,0.0,samples_known_object/14_pingpong_wall/results/pingpong_stage0_audit/object_pose.csv,left_palm,hand,left,-0.936231,0.027923,3.277496,gvhmr_incam,1.0,hamer_palm_site_export,,,,,
14_pingpong_wall,pingpong_stage0_audit,138,5.708333,-0.000673527,-0.159387487,2.463175457,1.0,0.0,0.0,0.0,samples_known_object/14_pingpong_wall/results/pingpong_stage0_audit/object_pose.csv,right_palm,hand,right,-0.352807,0.116719,2.974028,gvhmr_incam,1.0,hamer_palm_site_export,,,,,
14_pingpong_wall,pingpong_stage0_audit,139,5.75,0.010738174,-0.192341469,2.458390474,1.0,0.0,0.0,0.0,samples_known_object/14_pingpong_wall/results/pingpong_stage0_audit/object_pose.csv,left_palm,hand,left,-0.913276,0.028046,3.282499,gvhmr_incam,1.0,hamer_palm_site_export,,,,,
14_pingpong_wall,pingpong_stage0_audit,139,5.75,0.010738174,-0.192341469,2.458390474,1.0,0.0,0.0,0.0,samples_known_object/14_pingpong_wall/results/pingpong_stage0_audit/object_pose.csv,right_palm,hand,right,-0.328829,0.107614,2.914954,gvhmr_incam,1.0,hamer_palm_site_export,,,,,
14_pingpong_wall,pingpong_stage0_audit,140,5.791667,0.022521877,-0.217162350,2.452765693,1.0,0.0,0.0,0.0,samples_known_object/14_pingpong_wall/results/pingpong_stage0_audit/object_pose.csv,left_palm,hand,left,-0.882281,0.031700,3.287031,gvhmr_incam,1.0,hamer_palm_site_export,,,,,
14_pingpong_wall,pingpong_stage0_audit,140,5.791667,0.022521877,-0.217162350,2.452765693,1.0,0.0,0.0,0.0,samples_known_object/14_pingpong_wall/results/pingpong_stage0_audit/object_pose.csv,right_palm,hand,right,-0.307441,0.093298,2.863399,gvhmr_incam,1.0,hamer_palm_site_export,,,,,
14_pingpong_wall,pingpong_stage0_audit,141,5.833333,0.034676336,-0.230989334,2.446327405,1.0,0.0,0.0,0.0,samples_known_object/14_pingpong_wall/results/pingpong_stage0_audit/object_pose.csv,left_palm,hand,left,-0.846990,0.038077,3.287260,gvhmr_incam,1.0,hamer_palm_site_export,,,,,
14_pingpong_wall,pingpong_stage0_audit,141,5.833333,0.034676336,-0.230989334,2.446327405,1.0,0.0,0.0,0.0,samples_known_object/14_pingpong_wall/results/pingpong_stage0_audit/object_pose.csv,right_palm,hand,right,-0.288537,0.079164,2.820558,gvhmr_incam,1.0,hamer_palm_site_export,,,,,
14_pingpong_wall,pingpong_stage0_audit,142,5.875,0.047890652,-0.235451736,2.439021447,1.0,0.0,0.0,0.0,samples_known_object/14_pingpong_wall/results/pingpong_stage0_audit/object_pose.csv,left_palm,hand,left,-0.810515,0.045347,3.279598,gvhmr_incam,1.0,hamer_palm_site_export,,,,,
14_pingpong_wall,pingpong_stage0_audit,142,5.875,0.047890652,-0.235451736,2.439021447,1.0,0.0,0.0,0.0,samples_known_object/14_pingpong_wall/results/pingpong_stage0_audit/object_pose.csv,right_palm,hand,right,-0.271114,0.069517,2.786296,gvhmr_incam,1.0,hamer_palm_site_export,,,,,
14_pingpong_wall,pingpong_stage0_audit,143,5.916667,0.061805583,-0.229992647,2.430913462,1.0,0.0,0.0,0.0,samples_known_object/14_pingpong_wall/results/pingpong_stage0_audit/object_pose.csv,left_palm,hand,left,-0.774959,0.051502,3.267346,gvhmr_incam,1.0,hamer_palm_site_export,,,,,
14_pingpong_wall,pingpong_stage0_audit,143,5.916667,0.061805583,-0.229992647,2.430913462,1.0,0.0,0.0,0.0,samples_known_object/14_pingpong_wall/results/pingpong_stage0_audit/object_pose.csv,right_palm,hand,right,-0.253703,0.066353,2.761795,gvhmr_incam,1.0,hamer_palm_site_export,,,,,
14_pingpong_wall,pingpong_stage0_audit,144,5.958333,0.075598206,-0.215104879,2.422089818,1.0,0.0,0.0,0.0,samples_known_object/14_pingpong_wall/results/pingpong_stage0_audit/object_pose.csv,left_palm,hand,left,-0.742836,0.055914,3.261727,gvhmr_incam,1.0,hamer_palm_site_export,,,,,
14_pingpong_wall,pingpong_stage0_audit,144,5.958333,0.075598206,-0.215104879,2.422089818,1.0,0.0,0.0,0.0,samples_known_object/14_pingpong_wall/results/pingpong_stage0_audit/object_pose.csv,right_palm,hand,right,-0.234636,0.069573,2.748638,gvhmr_incam,1.0,hamer_palm_site_export,,,,,
14_pingpong_wall,pingpong_stage0_audit,145,6.0,0.088417448,-0.189415301,2.412743524,1.0,0.0,0.0,0.0,samples_known_object/14_pingpong_wall/results/pingpong_stage0_audit/object_pose.csv,left_palm,hand,left,-0.719095,0.058831,3.270783,gvhmr_incam,1.0,hamer_palm_site_export,,,,,
14_pingpong_wall,pingpong_stage0_audit,145,6.0,0.088417448,-0.189415301,2.412743524,1.0,0.0,0.0,0.0,samples_known_object/14_pingpong_wall/results/pingpong_stage0_audit/object_pose.csv,right_palm,hand,right,-0.211764,0.077245,2.746966,gvhmr_incam,1.0,hamer_palm_site_export,,,,,
14_pingpong_wall,pingpong_stage0_audit,146,6.041667,0.102133147,-0.151686487,2.403083200,1.0,0.0,0.0,0.0,samples_known_object/14_pingpong_wall/results/pingpong_stage0_audit/object_pose.csv,left_palm,hand,left,-0.709408,0.060338,3.287296,gvhmr_incam,1.0,hamer_palm_site_export,,,,,
14_pingpong_wall,pingpong_stage0_audit,146,6.041667,0.102133147,-0.151686487,2.403083200,1.0,0.0,0.0,0.0,samples_known_object/14_pingpong_wall/results/pingpong_stage0_audit/object_pose.csv,right_palm,hand,right,-0.182799,0.086129,2.755345,gvhmr_incam,1.0,hamer_palm_site_export,,,,,
14_pingpong_wall,pingpong_stage0_audit,147,6.083333,0.114190766,-0.101086216,2.393417322,1.0,0.0,0.0,0.0,samples_known_object/14_pingpong_wall/results/pingpong_stage0_audit/object_pose.csv,left_palm,hand,left,-0.713462,0.060019,3.296876,gvhmr_incam,1.0,hamer_palm_site_export,,,,,
14_pingpong_wall,pingpong_stage0_audit,147,6.083333,0.114190766,-0.101086216,2.393417322,1.0,0.0,0.0,0.0,samples_known_object/14_pingpong_wall/results/pingpong_stage0_audit/object_pose.csv,right_palm,hand,right,-0.146541,0.092319,2.773135,gvhmr_incam,1.0,hamer_palm_site_export,,,,,
14_pingpong_wall,pingpong_stage0_audit,148,6.125,0.127819381,-0.039771141,2.399772090,1.0,0.0,0.0,0.0,samples_known_object/14_pingpong_wall/results/pingpong_stage0_audit/object_pose.csv,left_palm,hand,left,-0.722940,0.057737,3.295827,gvhmr_incam,1.0,hamer_palm_site_export,,,,,
14_pingpong_wall,pingpong_stage0_audit,148,6.125,0.127819381,-0.039771141,2.399772090,1.0,0.0,0.0,0.0,samples_known_object/14_pingpong_wall/results/pingpong_stage0_audit/object_pose.csv,right_palm,hand,right,-0.103862,0.091047,2.802772,gvhmr_incam,1.0,hamer_palm_site_export,,,,,
14_pingpong_wall,pingpong_stage0_audit,149,6.166667,0.139949876,-0.030878470,2.405993482,1.0,0.0,0.0,0.0,samples_known_object/14_pingpong_wall/results/pingpong_stage0_audit/object_pose.csv,left_palm,hand,left,-0.728837,0.054899,3.290475,gvhmr_incam,1.0,hamer_palm_site_export,,,,,
14_pingpong_wall,pingpong_stage0_audit,149,6.166667,0.139949876,-0.030878470,2.405993482,1.0,0.0,0.0,0.0,samples_known_object/14_pingpong_wall/results/pingpong_stage0_audit/object_pose.csv,right_palm,hand,right,-0.058102,0.076530,2.847031,gvhmr_incam,1.0,hamer_palm_site_export,,,,,
14_pingpong_wall,pingpong_stage0_audit,150,6.208333,0.152282373,-0.036507883,2.412159904,1.0,0.0,0.0,0.0,samples_known_object/14_pingpong_wall/results/pingpong_stage0_audit/object_pose.csv,left_palm,hand,left,-0.727443,0.052573,3.285359,gvhmr_incam,1.0,hamer_palm_site_export,,,,,
14_pingpong_wall,pingpong_stage0_audit,150,6.208333,0.152282373,-0.036507883,2.412159904,1.0,0.0,0.0,0.0,samples_known_object/14_pingpong_wall/results/pingpong_stage0_audit/object_pose.csv,right_palm,hand,right,-0.014924,0.044504,2.904603,gvhmr_incam,1.0,hamer_palm_site_export,,,,,
14_pingpong_wall,pingpong_stage0_audit,151,6.25,0.177745844,-0.080641111,2.418012494,1.0,0.0,0.0,0.0,samples_known_object/14_pingpong_wall/results/pingpong_stage0_audit/object_pose.csv,left_palm,hand,left,-0.721854,0.049031,3.280519,gvhmr_incam,1.0,hamer_palm_site_export,,,,,
14_pingpong_wall,pingpong_stage0_audit,151,6.25,0.177745844,-0.080641111,2.418012494,1.0,0.0,0.0,0.0,samples_known_object/14_pingpong_wall/results/pingpong_stage0_audit/object_pose.csv,right_palm,hand,right,0.019058,-0.004435,2.970217,gvhmr_incam,1.0,hamer_palm_site_export,,,,,
14_pingpong_wall,pingpong_stage0_audit,152,6.291667,0.215948371,-0.130881678,2.423743551,1.0,0.0,0.0,0.0,samples_known_object/14_pingpong_wall/results/pingpong_stage0_audit/object_pose.csv,left_palm,hand,left,-0.720641,0.042596,3.275102,gvhmr_incam,1.0,hamer_palm_site_export,,,,,
14_pingpong_wall,pingpong_stage0_audit,152,6.291667,0.215948371,-0.130881678,2.423743551,1.0,0.0,0.0,0.0,samples_known_object/14_pingpong_wall/results/pingpong_stage0_audit/object_pose.csv,right_palm,hand,right,0.038796,-0.065012,3.037239,gvhmr_incam,1.0,hamer_palm_site_export,,,,,
14_pingpong_wall,pingpong_stage0_audit,153,6.333333,0.247973002,-0.174659250,2.429929882,1.0,0.0,0.0,0.0,samples_known_object/14_pingpong_wall/results/pingpong_stage0_audit/object_pose.csv,left_palm,hand,left,-0.729807,0.035024,3.268693,gvhmr_incam,1.0,hamer_palm_site_export,,,,,
14_pingpong_wall,pingpong_stage0_audit,153,6.333333,0.247973002,-0.174659250,2.429929882,1.0,0.0,0.0,0.0,samples_known_object/14_pingpong_wall/results/pingpong_stage0_audit/object_pose.csv,right_palm,hand,right,0.042631,-0.129919,3.099928,gvhmr_incam,1.0,hamer_palm_site_export,,,,,
14_pingpong_wall,pingpong_stage0_audit,154,6.375,0.276281999,-0.207675648,2.436331196,1.0,0.0,0.0,0.0,samples_known_object/14_pingpong_wall/results/pingpong_stage0_audit/object_pose.csv,left_palm,hand,left,-0.746196,0.029345,3.260230,gvhmr_incam,1.0,hamer_palm_site_export,,,,,
14_pingpong_wall,pingpong_stage0_audit,154,6.375,0.276281999,-0.207675648,2.436331196,1.0,0.0,0.0,0.0,samples_known_object/14_pingpong_wall/results/pingpong_stage0_audit/object_pose.csv,right_palm,hand,right,0.032242,-0.192198,3.154675,gvhmr_incam,1.0,hamer_palm_site_export,,,,,
14_pingpong_wall,pingpong_stage0_audit,155,6.416667,0.299563881,-0.230335813,2.442746358,1.0,0.0,0.0,0.0,samples_known_object/14_pingpong_wall/results/pingpong_stage0_audit/object_pose.csv,left_palm,hand,left,-0.762672,0.027011,3.248374,gvhmr_incam,1.0,hamer_palm_site_export,,,,,
14_pingpong_wall,pingpong_stage0_audit,155,6.416667,0.299563881,-0.230335813,2.442746358,1.0,0.0,0.0,0.0,samples_known_object/14_pingpong_wall/results/pingpong_stage0_audit/object_pose.csv,right_palm,hand,right,0.011273,-0.246706,3.200408,gvhmr_incam,1.0,hamer_palm_site_export,,,,,
14_pingpong_wall,pingpong_stage0_audit,156,6.458333,0.321387778,-0.244343733,2.448762110,1.0,0.0,0.0,0.0,samples_known_object/14_pingpong_wall/results/pingpong_stage0_audit/object_pose.csv,left_palm,hand,left,-0.776131,0.028483,3.233792,gvhmr_incam,1.0,hamer_palm_site_export,,,,,
14_pingpong_wall,pingpong_stage0_audit,156,6.458333,0.321387778,-0.244343733,2.448762110,1.0,0.0,0.0,0.0,samples_known_object/14_pingpong_wall/results/pingpong_stage0_audit/object_pose.csv,right_palm,hand,right,-0.016600,-0.290048,3.238759,gvhmr_incam,1.0,hamer_palm_site_export,,,,,
14_pingpong_wall,pingpong_stage0_audit,157,6.5,0.341502620,-0.252435055,2.454118961,1.0,0.0,0.0,0.0,samples_known_object/14_pingpong_wall/results/pingpong_stage0_audit/object_pose.csv,left_palm,hand,left,-0.788033,0.034463,3.219302,gvhmr_incam,1.0,hamer_palm_site_export,,,,,
14_pingpong_wall,pingpong_stage0_audit,157,6.5,0.341502620,-0.252435055,2.454118961,1.0,0.0,0.0,0.0,samples_known_object/14_pingpong_wall/results/pingpong_stage0_audit/object_pose.csv,right_palm,hand,right,-0.049348,-0.319360,3.272710,gvhmr_incam,1.0,hamer_palm_site_export,,,,,
14_pingpong_wall,pingpong_stage0_audit,158,6.541667,0.351839323,-0.259884843,2.458835880,1.0,0.0,0.0,0.0,samples_known_object/14_pingpong_wall/results/pingpong_stage0_audit/object_pose.csv,left_palm,hand,left,-0.800806,0.044943,3.206583,gvhmr_incam,1.0,hamer_palm_site_export,,,,,
14_pingpong_wall,pingpong_stage0_audit,158,6.541667,0.351839323,-0.259884843,2.458835880,1.0,0.0,0.0,0.0,samples_known_object/14_pingpong_wall/results/pingpong_stage0_audit/object_pose.csv,right_palm,hand,right,-0.086696,-0.331946,3.303935,gvhmr_incam,1.0,hamer_palm_site_export,,,,,
14_pingpong_wall,pingpong_stage0_audit,159,6.583333,0.340151717,-0.278849707,2.462782703,1.0,0.0,0.0,0.0,samples_known_object/14_pingpong_wall/results/pingpong_stage0_audit/object_pose.csv,left_palm,hand,left,-0.815244,0.057896,3.194069,gvhmr_incam,1.0,hamer_palm_site_export,,,,,
14_pingpong_wall,pingpong_stage0_audit,159,6.583333,0.340151717,-0.278849707,2.462782703,1.0,0.0,0.0,0.0,samples_known_object/14_pingpong_wall/results/pingpong_stage0_audit/object_pose.csv,right_palm,hand,right,-0.128266,-0.326894,3.330420,gvhmr_incam,1.0,hamer_palm_site_export,,,,,
14_pingpong_wall,pingpong_stage0_audit,160,6.625,0.323794687,-0.294500694,2.465654506,1.0,0.0,0.0,0.0,samples_known_object/14_pingpong_wall/results/pingpong_stage0_audit/object_pose.csv,left_palm,hand,left,-0.830505,0.070651,3.179850,gvhmr_incam,1.0,hamer_palm_site_export,,,,,
14_pingpong_wall,pingpong_stage0_audit,160,6.625,0.323794687,-0.294500694,2.465654506,1.0,0.0,0.0,0.0,samples_known_object/14_pingpong_wall/results/pingpong_stage0_audit/object_pose.csv,right_palm,hand,right,-0.171921,-0.306498,3.346178,gvhmr_incam,1.0,hamer_palm_site_export,,,,,
14_pingpong_wall,pingpong_stage0_audit,161,6.666667,0.308311502,-0.302310556,2.467173896,1.0,0.0,0.0,0.0,samples_known_object/14_pingpong_wall/results/pingpong_stage0_audit/object_pose.csv,left_palm,hand,left,-0.845978,0.081725,3.165146,gvhmr_incam,1.0,hamer_palm_site_export,,,,,
14_pingpong_wall,pingpong_stage0_audit,161,6.666667,0.308311502,-0.302310556,2.467173896,1.0,0.0,0.0,0.0,samples_known_object/14_pingpong_wall/results/pingpong_stage0_audit/object_pose.csv,right_palm,hand,right,-0.214788,-0.274671,3.346079,gvhmr_incam,1.0,hamer_palm_site_export,,,,,
14_pingpong_wall,pingpong_stage0_audit,162,6.708333,0.293457788,-0.303949808,2.467099695,1.0,0.0,0.0,0.0,samples_known_object/14_pingpong_wall/results/pingpong_stage0_audit/object_pose.csv,left_palm,hand,left,-0.862185,0.091023,3.152719,gvhmr_incam,1.0,hamer_palm_site_export,,,,,
14_pingpong_wall,pingpong_stage0_audit,162,6.708333,0.293457788,-0.303949808,2.467099695,1.0,0.0,0.0,0.0,samples_known_object/14_pingpong_wall/results/pingpong_stage0_audit/object_pose.csv,right_palm,hand,right,-0.255608,-0.234024,3.331030,gvhmr_incam,1.0,hamer_palm_site_export,,,,,
14_pingpong_wall,pingpong_stage0_audit,163,6.75,0.278199546,-0.298193801,2.465366736,1.0,0.0,0.0,0.0,samples_known_object/14_pingpong_wall/results/pingpong_stage0_audit/object_pose.csv,left_palm,hand,left,-0.879815,0.099496,3.143720,gvhmr_incam,1.0,hamer_palm_site_export,,,,,
14_pingpong_wall,pingpong_stage0_audit,163,6.75,0.278199546,-0.298193801,2.465366736,1.0,0.0,0.0,0.0,samples_known_object/14_pingpong_wall/results/pingpong_stage0_audit/object_pose.csv,right_palm,hand,right,-0.295294,-0.185546,3.306159,gvhmr_incam,1.0,hamer_palm_site_export,,,,,
14_pingpong_wall,pingpong_stage0_audit,164,6.791667,0.263505384,-0.285986545,2.461750922,1.0,0.0,0.0,0.0,samples_known_object/14_pingpong_wall/results/pingpong_stage0_audit/object_pose.csv,left_palm,hand,left,-0.898778,0.108167,3.137781,gvhmr_incam,1.0,hamer_palm_site_export,,,,,
14_pingpong_wall,pingpong_stage0_audit,164,6.791667,0.263505384,-0.285986545,2.461750922,1.0,0.0,0.0,0.0,samples_known_object/14_pingpong_wall/results/pingpong_stage0_audit/object_pose.csv,right_palm,hand,right,-0.335679,-0.130803,3.275990,gvhmr_incam,1.0,hamer_palm_site_export,,,,,
14_pingpong_wall,pingpong_stage0_audit,165,6.833333,0.248097327,-0.268276171,2.456138745,1.0,0.0,0.0,0.0,samples_known_object/14_pingpong_wall/results/pingpong_stage0_audit/object_pose.csv,left_palm,hand,left,-0.918365,0.117002,3.134669,gvhmr_incam,1.0,hamer_palm_site_export,,,,,
14_pingpong_wall,pingpong_stage0_audit,165,6.833333,0.248097327,-0.268276171,2.456138745,1.0,0.0,0.0,0.0,samples_known_object/14_pingpong_wall/results/pingpong_stage0_audit/object_pose.csv,right_palm,hand,right,-0.377430,-0.073924,3.242588,gvhmr_incam,1.0,hamer_palm_site_export,,,,,
14_pingpong_wall,pingpong_stage0_audit,166,6.875,0.233078768,-0.243394469,2.448448682,1.0,0.0,0.0,0.0,samples_known_object/14_pingpong_wall/results/pingpong_stage0_audit/object_pose.csv,left_palm,hand,left,-0.937859,0.124858,3.135299,gvhmr_incam,1.0,hamer_palm_site_export,,,,,
14_pingpong_wall,pingpong_stage0_audit,166,6.875,0.233078768,-0.243394469,2.448448682,1.0,0.0,0.0,0.0,samples_known_object/14_pingpong_wall/results/pingpong_stage0_audit/object_pose.csv,right_palm,hand,right,-0.417843,-0.020480,3.206696,gvhmr_incam,1.0,hamer_palm_site_export,,,,,
14_pingpong_wall,pingpong_stage0_audit,167,6.916667,0.219836785,-0.212285837,2.438509844,1.0,0.0,0.0,0.0,samples_known_object/14_pingpong_wall/results/pingpong_stage0_audit/object_pose.csv,left_palm,hand,left,-0.956024,0.130026,3.141132,gvhmr_incam,1.0,hamer_palm_site_export,,,,,
14_pingpong_wall,pingpong_stage0_audit,167,6.916667,0.219836785,-0.212285837,2.438509844,1.0,0.0,0.0,0.0,samples_known_object/14_pingpong_wall/results/pingpong_stage0_audit/object_pose.csv,right_palm,hand,right,-0.451245,0.025876,3.169374,gvhmr_incam,1.0,hamer_palm_site_export,,,,,
14_pingpong_wall,pingpong_stage0_audit,168,6.958333,0.204660916,-0.174665305,2.426402931,1.0,0.0,0.0,0.0,samples_known_object/14_pingpong_wall/results/pingpong_stage0_audit/object_pose.csv,left_palm,hand,left,-0.970223,0.130678,3.151913,gvhmr_incam,1.0,hamer_palm_site_export,,,,,
14_pingpong_wall,pingpong_stage0_audit,168,6.958333,0.204660916,-0.174665305,2.426402931,1.0,0.0,0.0,0.0,samples_known_object/14_pingpong_wall/results/pingpong_stage0_audit/object_pose.csv,right_palm,hand,right,-0.472875,0.064456,3.131829,gvhmr_incam,1.0,hamer_palm_site_export,,,,,
14_pingpong_wall,pingpong_stage0_audit,169,7.0,0.190084983,-0.129869451,2.412053100,1.0,0.0,0.0,0.0,samples_known_object/14_pingpong_wall/results/pingpong_stage0_audit/object_pose.csv,left_palm,hand,left,-0.978879,0.126224,3.165848,gvhmr_incam,1.0,hamer_palm_site_export,,,,,
14_pingpong_wall,pingpong_stage0_audit,169,7.0,0.190084983,-0.129869451,2.412053100,1.0,0.0,0.0,0.0,samples_known_object/14_pingpong_wall/results/pingpong_stage0_audit/object_pose.csv,right_palm,hand,right,-0.482482,0.096241,3.094590,gvhmr_incam,1.0,hamer_palm_site_export,,,,,
14_pingpong_wall,pingpong_stage0_audit,170,7.041667,0.174845874,-0.078239620,2.395524057,1.0,0.0,0.0,0.0,samples_known_object/14_pingpong_wall/results/pingpong_stage0_audit/object_pose.csv,left_palm,hand,left,-0.985069,0.118383,3.182772,gvhmr_incam,1.0,hamer_palm_site_export,,,,,
14_pingpong_wall,pingpong_stage0_audit,170,7.041667,0.174845874,-0.078239620,2.395524057,1.0,0.0,0.0,0.0,samples_known_object/14_pingpong_wall/results/pingpong_stage0_audit/object_pose.csv,right_palm,hand,right,-0.483847,0.122493,3.058331,gvhmr_incam,1.0,hamer_palm_site_export,,,,,
14_pingpong_wall,pingpong_stage0_audit,171,7.083333,0.162197106,-0.020502456,2.376791468,1.0,0.0,0.0,0.0,samples_known_object/14_pingpong_wall/results/pingpong_stage0_audit/object_pose.csv,left_palm,hand,left,-0.994054,0.109417,3.203669,gvhmr_incam,1.0,hamer_palm_site_export,,,,,
14_pingpong_wall,pingpong_stage0_audit,171,7.083333,0.162197106,-0.020502456,2.376791468,1.0,0.0,0.0,0.0,samples_known_object/14_pingpong_wall/results/pingpong_stage0_audit/object_pose.csv,right_palm,hand,right,-0.480755,0.143013,3.025243,gvhmr_incam,1.0,hamer_palm_site_export,,,,,
14_pingpong_wall,pingpong_stage0_audit,172,7.125,0.150602134,0.043758698,2.356023479,1.0,0.0,0.0,0.0,samples_known_object/14_pingpong_wall/results/pingpong_stage0_audit/object_pose.csv,left_palm,hand,left,-1.006198,0.099957,3.226252,gvhmr_incam,1.0,hamer_palm_site_export,,,,,
14_pingpong_wall,pingpong_stage0_audit,172,7.125,0.150602134,0.043758698,2.356023479,1.0,0.0,0.0,0.0,samples_known_object/14_pingpong_wall/results/pingpong_stage0_audit/object_pose.csv,right_palm,hand,right,-0.474233,0.156286,2.998239,gvhmr_incam,1.0,hamer_palm_site_export,,,,,
14_pingpong_wall,pingpong_stage0_audit,173,7.166667,0.136115574,0.115090682,2.333506765,1.0,0.0,0.0,0.0,samples_known_object/14_pingpong_wall/results/pingpong_stage0_audit/object_pose.csv,left_palm,hand,left,-1.014718,0.089799,3.244913,gvhmr_incam,1.0,hamer_palm_site_export,,,,,
14_pingpong_wall,pingpong_stage0_audit,173,7.166667,0.136115574,0.115090682,2.333506765,1.0,0.0,0.0,0.0,samples_known_object/14_pingpong_wall/results/pingpong_stage0_audit/object_pose.csv,right_palm,hand,right,-0.463490,0.162172,2.978223,gvhmr_incam,1.0,hamer_palm_site_export,,,,,
14_pingpong_wall,pingpong_stage0_audit,174,7.208333,0.122603759,0.198558318,2.309380558,1.0,0.0,0.0,0.0,samples_known_object/14_pingpong_wall/results/pingpong_stage0_audit/object_pose.csv,left_palm,hand,left,-1.012017,0.079547,3.256204,gvhmr_incam,1.0,hamer_palm_site_export,,,,,
14_pingpong_wall,pingpong_stage0_audit,174,7.208333,0.122603759,0.198558318,2.309380558,1.0,0.0,0.0,0.0,samples_known_object/14_pingpong_wall/results/pingpong_stage0_audit/object_pose.csv,right_palm,hand,right,-0.447984,0.162724,2.963226,gvhmr_incam,1.0,hamer_palm_site_export,,,,,
14_pingpong_wall,pingpong_stage0_audit,175,7.25,0.110033867,0.288433737,2.284099839,1.0,0.0,0.0,0.0,samples_known_object/14_pingpong_wall/results/pingpong_stage0_audit/object_pose.csv,left_palm,hand,left,-0.996152,0.069859,3.261115,gvhmr_incam,1.0,hamer_palm_site_export,,,,,
14_pingpong_wall,pingpong_stage0_audit,175,7.25,0.110033867,0.288433737,2.284099839,1.0,0.0,0.0,0.0,samples_known_object/14_pingpong_wall/results/pingpong_stage0_audit/object_pose.csv,right_palm,hand,right,-0.428148,0.160103,2.950595,gvhmr_incam,1.0,hamer_palm_site_export,,,,,
14_pingpong_wall,pingpong_stage0_audit,176,7.291667,0.094934494,0.386866648,2.258027359,1.0,0.0,0.0,0.0,samples_known_object/14_pingpong_wall/results/pingpong_stage0_audit/object_pose.csv,left_palm,hand,left,-0.970150,0.060184,3.262399,gvhmr_incam,1.0,hamer_palm_site_export,,,,,
14_pingpong_wall,pingpong_stage0_audit,176,7.291667,0.094934494,0.386866648,2.258027359,1.0,0.0,0.0,0.0,samples_known_object/14_pingpong_wall/results/pingpong_stage0_audit/object_pose.csv,right_palm,hand,right,-0.405058,0.155250,2.939039,gvhmr_incam,1.0,hamer_palm_site_export,,,,,
14_pingpong_wall,pingpong_stage0_audit,177,7.333333,0.087653113,0.457840601,2.234508077,1.0,0.0,0.0,0.0,samples_known_object/14_pingpong_wall/results/pingpong_stage0_audit/object_pose.csv,left_palm,hand,left,-0.938430,0.049413,3.261801,gvhmr_incam,1.0,hamer_palm_site_export,,,,,
14_pingpong_wall,pingpong_stage0_audit,177,7.333333,0.087653113,0.457840601,2.234508077,1.0,0.0,0.0,0.0,samples_known_object/14_pingpong_wall/results/pingpong_stage0_audit/object_pose.csv,right_palm,hand,right,-0.380134,0.148628,2.928780,gvhmr_incam,1.0,hamer_palm_site_export,,,,,
14_pingpong_wall,pingpong_stage0_audit,178,7.375,0.088319176,0.377958029,2.213281014,1.0,0.0,0.0,0.0,samples_known_object/14_pingpong_wall/results/pingpong_stage0_audit/object_pose.csv,left_palm,hand,left,-0.905101,0.037549,3.259001,gvhmr_incam,1.0,hamer_palm_site_export,,,,,
14_pingpong_wall,pingpong_stage0_audit,178,7.375,0.088319176,0.377958029,2.213281014,1.0,0.0,0.0,0.0,samples_known_object/14_pingpong_wall/results/pingpong_stage0_audit/object_pose.csv,right_palm,hand,right,-0.354908,0.141005,2.919940,gvhmr_incam,1.0,hamer_palm_site_export,,,,,
14_pingpong_wall,pingpong_stage0_audit,179,7.416667,0.090520125,0.301852730,2.191799345,1.0,0.0,0.0,0.0,samples_known_object/14_pingpong_wall/results/pingpong_stage0_audit/object_pose.csv,left_palm,hand,left,-0.872879,0.027037,3.252714,gvhmr_incam,1.0,hamer_palm_site_export,,,,,
14_pingpong_wall,pingpong_stage0_audit,179,7.416667,0.090520125,0.301852730,2.191799345,1.0,0.0,0.0,0.0,samples_known_object/14_pingpong_wall/results/pingpong_stage0_audit/object_pose.csv,right_palm,hand,right,-0.330739,0.133244,2.910793,gvhmr_incam,1.0,hamer_palm_site_export,,,,,
14_pingpong_wall,pingpong_stage0_audit,180,7.458333,0.089382862,0.234428397,2.169530333,1.0,0.0,0.0,0.0,samples_known_object/14_pingpong_wall/results/pingpong_stage0_audit/object_pose.csv,left_palm,hand,left,-0.842634,0.021562,3.242767,gvhmr_incam,1.0,hamer_palm_site_export,,,,,
14_pingpong_wall,pingpong_stage0_audit,180,7.458333,0.089382862,0.234428397,2.169530333,1.0,0.0,0.0,0.0,samples_known_object/14_pingpong_wall/results/pingpong_stage0_audit/object_pose.csv,right_palm,hand,right,-0.308753,0.126097,2.898368,gvhmr_incam,1.0,hamer_palm_site_export,,,,,
14_pingpong_wall,pingpong_stage0_audit,181,7.5,0.090365243,0.177295738,2.146021033,1.0,0.0,0.0,0.0,samples_known_object/14_pingpong_wall/results/pingpong_stage0_audit/object_pose.csv,left_palm,hand,left,-0.814527,0.022329,3.230971,gvhmr_incam,1.0,hamer_palm_site_export,,,,,
14_pingpong_wall,pingpong_stage0_audit,181,7.5,0.090365243,0.177295738,2.146021033,1.0,0.0,0.0,0.0,samples_known_object/14_pingpong_wall/results/pingpong_stage0_audit/object_pose.csv,right_palm,hand,right,-0.289928,0.120372,2.880717,gvhmr_incam,1.0,hamer_palm_site_export,,,,,
14_pingpong_wall,pingpong_stage0_audit,182,7.541667,0.092308868,0.129726473,2.121073298,1.0,0.0,0.0,0.0,samples_known_object/14_pingpong_wall/results/pingpong_stage0_audit/object_pose.csv,left_palm,hand,left,-0.788659,0.026775,3.219740,gvhmr_incam,1.0,hamer_palm_site_export,,,,,
14_pingpong_wall,pingpong_stage0_audit,182,7.541667,0.092308868,0.129726473,2.121073298,1.0,0.0,0.0,0.0,samples_known_object/14_pingpong_wall/results/pingpong_stage0_audit/object_pose.csv,right_palm,hand,right,-0.275247,0.117065,2.858175,gvhmr_incam,1.0,hamer_palm_site_export,,,,,
14_pingpong_wall,pingpong_stage0_audit,183,7.583333,0.092919853,0.092017040,2.094556660,1.0,0.0,0.0,0.0,samples_known_object/14_pingpong_wall/results/pingpong_stage0_audit/object_pose.csv,left_palm,hand,left,-0.763919,0.031679,3.209084,gvhmr_incam,1.0,hamer_palm_site_export,,,,,
14_pingpong_wall,pingpong_stage0_audit,183,7.583333,0.092919853,0.092017040,2.094556660,1.0,0.0,0.0,0.0,samples_known_object/14_pingpong_wall/results/pingpong_stage0_audit/object_pose.csv,right_palm,hand,right,-0.265910,0.117238,2.832441,gvhmr_incam,1.0,hamer_palm_site_export,,,,,
14_pingpong_wall,pingpong_stage0_audit,184,7.625,0.093490554,0.065680500,2.066340211,1.0,0.0,0.0,0.0,samples_known_object/14_pingpong_wall/results/pingpong_stage0_audit/object_pose.csv,left_palm,hand,left,-0.738409,0.035526,3.196373,gvhmr_incam,1.0,hamer_palm_site_export,,,,,
14_pingpong_wall,pingpong_stage0_audit,184,7.625,0.093490554,0.065680500,2.066340211,1.0,0.0,0.0,0.0,samples_known_object/14_pingpong_wall/results/pingpong_stage0_audit/object_pose.csv,right_palm,hand,right,-0.263341,0.121483,2.804900,gvhmr_incam,1.0,hamer_palm_site_export,,,,,
14_pingpong_wall,pingpong_stage0_audit,185,7.666667,0.093846664,0.051383815,2.036397200,1.0,0.0,0.0,0.0,samples_known_object/14_pingpong_wall/results/pingpong_stage0_audit/object_pose.csv,left_palm,hand,left,-0.714105,0.037663,3.182044,gvhmr_incam,1.0,hamer_palm_site_export,,,,,
14_pingpong_wall,pingpong_stage0_audit,185,7.666667,0.093846664,0.051383815,2.036397200,1.0,0.0,0.0,0.0,samples_known_object/14_pingpong_wall/results/pingpong_stage0_audit/object_pose.csv,right_palm,hand,right,-0.268681,0.129460,2.776433,gvhmr_incam,1.0,hamer_palm_site_export,,,,,
14_pingpong_wall,pingpong_stage0_audit,186,7.708333,0.093583165,0.050160029,2.004748619,1.0,0.0,0.0,0.0,samples_known_object/14_pingpong_wall/results/pingpong_stage0_audit/object_pose.csv,left_palm,hand,left,-0.698550,0.037807,3.173403,gvhmr_incam,1.0,hamer_palm_site_export,,,,,
14_pingpong_wall,pingpong_stage0_audit,186,7.708333,0.093583165,0.050160029,2.004748619,1.0,0.0,0.0,0.0,samples_known_object/14_pingpong_wall/results/pingpong_stage0_audit/object_pose.csv,right_palm,hand,right,-0.282083,0.140255,2.748233,gvhmr_incam,1.0,hamer_palm_site_export,,,,,
14_pingpong_wall,pingpong_stage0_audit,187,7.75,0.093156185,0.063661886,1.971445107,1.0,0.0,0.0,0.0,samples_known_object/14_pingpong_wall/results/pingpong_stage0_audit/object_pose.csv,left_palm,hand,left,-0.695944,0.036558,3.176233,gvhmr_incam,1.0,hamer_palm_site_export,,,,,
14_pingpong_wall,pingpong_stage0_audit,187,7.75,0.093156185,0.063661886,1.971445107,1.0,0.0,0.0,0.0,samples_known_object/14_pingpong_wall/results/pingpong_stage0_audit/object_pose.csv,right_palm,hand,right,-0.302543,0.153162,2.721799,gvhmr_incam,1.0,hamer_palm_site_export,,,,,
14_pingpong_wall,pingpong_stage0_audit,188,7.791667,0.092124304,0.089654982,1.936629829,1.0,0.0,0.0,0.0,samples_known_object/14_pingpong_wall/results/pingpong_stage0_audit/object_pose.csv,left_palm,hand,left,-0.700329,0.035532,3.186061,gvhmr_incam,1.0,hamer_palm_site_export,,,,,
14_pingpong_wall,pingpong_stage0_audit,188,7.791667,0.092124304,0.089654982,1.936629829,1.0,0.0,0.0,0.0,samples_known_object/14_pingpong_wall/results/pingpong_stage0_audit/object_pose.csv,right_palm,hand,right,-0.328089,0.167742,2.698367,gvhmr_incam,1.0,hamer_palm_site_export,,,,,
14_pingpong_wall,pingpong_stage0_audit,189,7.833333,0.090754956,0.131149355,1.900436854,1.0,0.0,0.0,0.0,samples_known_object/14_pingpong_wall/results/pingpong_stage0_audit/object_pose.csv,left_palm,hand,left,-0.703323,0.036596,3.194885,gvhmr_incam,1.0,hamer_palm_site_export,,,,,
14_pingpong_wall,pingpong_stage0_audit,189,7.833333,0.090754956,0.131149355,1.900436854,1.0,0.0,0.0,0.0,samples_known_object/14_pingpong_wall/results/pingpong_stage0_audit/object_pose.csv,right_palm,hand,right,-0.355635,0.183354,2.678755,gvhmr_incam,1.0,hamer_palm_site_export,,,,,
14_pingpong_wall,pingpong_stage0_audit,190,7.875,0.088484999,0.189913125,1.863086689,1.0,0.0,0.0,0.0,samples_known_object/14_pingpong_wall/results/pingpong_stage0_audit/object_pose.csv,left_palm,hand,left,-0.702441,0.040013,3.200214,gvhmr_incam,1.0,hamer_palm_site_export,,,,,
14_pingpong_wall,pingpong_stage0_audit,190,7.875,0.088484999,0.189913125,1.863086689,1.0,0.0,0.0,0.0,samples_known_object/14_pingpong_wall/results/pingpong_stage0_audit/object_pose.csv,right_palm,hand,right,-0.381034,0.199130,2.663519,gvhmr_incam,1.0,hamer_palm_site_export,,,,,
14_pingpong_wall,pingpong_stage0_audit,191,7.916667,0.087193889,0.263578995,1.824887677,1.0,0.0,0.0,0.0,samples_known_object/14_pingpong_wall/results/pingpong_stage0_audit/object_pose.csv,left_palm,hand,left,-0.699246,0.044459,3.203557,gvhmr_incam,1.0,hamer_palm_site_export,,,,,
14_pingpong_wall,pingpong_stage0_audit,191,7.916667,0.087193889,0.263578995,1.824887677,1.0,0.0,0.0,0.0,samples_known_object/14_pingpong_wall/results/pingpong_stage0_audit/object_pose.csv,right_palm,hand,right,-0.399783,0.214048,2.652745,gvhmr_incam,1.0,hamer_palm_site_export,,,,,
14_pingpong_wall,pingpong_stage0_audit,192,7.958333,0.084729301,0.351476173,1.866919791,1.0,0.0,0.0,0.0,samples_known_object/14_pingpong_wall/results/pingpong_stage0_audit/object_pose.csv,left_palm,hand,left,-0.695277,0.048843,3.206343,gvhmr_incam,1.0,hamer_palm_site_export,,,,,
14_pingpong_wall,pingpong_stage0_audit,192,7.958333,0.084729301,0.351476173,1.866919791,1.0,0.0,0.0,0.0,samples_known_object/14_pingpong_wall/results/pingpong_stage0_audit/object_pose.csv,right_palm,hand,right,-0.407886,0.226653,2.645644,gvhmr_incam,1.0,hamer_palm_site_export,,,,,
14_pingpong_wall,pingpong_stage0_audit,193,8.0,0.085284089,0.339772527,1.910751321,1.0,0.0,0.0,0.0,samples_known_object/14_pingpong_wall/results/pingpong_stage0_audit/object_pose.csv,left_palm,hand,left,-0.691167,0.052603,3.209379,gvhmr_incam,1.0,hamer_palm_site_export,,,,,
14_pingpong_wall,pingpong_stage0_audit,193,8.0,0.085284089,0.339772527,1.910751321,1.0,0.0,0.0,0.0,samples_known_object/14_pingpong_wall/results/pingpong_stage0_audit/object_pose.csv,right_palm,hand,right,-0.402271,0.235189,2.641474,gvhmr_incam,1.0,hamer_palm_site_export,,,,,
14_pingpong_wall,pingpong_stage0_audit,194,8.041667,0.089002436,0.272266652,1.955964185,1.0,0.0,0.0,0.0,samples_known_object/14_pingpong_wall/results/pingpong_stage0_audit/object_pose.csv,left_palm,hand,left,-0.687186,0.055337,3.213185,gvhmr_incam,1.0,hamer_palm_site_export,,,,,
14_pingpong_wall,pingpong_stage0_audit,194,8.041667,0.089002436,0.272266652,1.955964185,1.0,0.0,0.0,0.0,samples_known_object/14_pingpong_wall/results/pingpong_stage0_audit/object_pose.csv,right_palm,hand,right,-0.380563,0.238167,2.641671,gvhmr_incam,1.0,hamer_palm_site_export,,,,,
14_pingpong_wall,pingpong_stage0_audit,195,8.083333,0.087685301,0.202669990,2.000863587,1.0,0.0,0.0,0.0,samples_known_object/14_pingpong_wall/results/pingpong_stage0_audit/object_pose.csv,left_palm,hand,left,-0.684669,0.057242,3.216712,gvhmr_incam,1.0,hamer_palm_site_export,,,,,
14_pingpong_wall,pingpong_stage0_audit,195,8.083333,0.087685301,0.202669990,2.000863587,1.0,0.0,0.0,0.0,samples_known_object/14_pingpong_wall/results/pingpong_stage0_audit/object_pose.csv,right_palm,hand,right,-0.341521,0.234242,2.650331,gvhmr_incam,1.0,hamer_palm_site_export,,,,,
14_pingpong_wall,pingpong_stage0_audit,196,8.125,0.088217743,0.143990383,2.044308268,1.0,0.0,0.0,0.0,samples_known_object/14_pingpong_wall/results/pingpong_stage0_audit/object_pose.csv,left_palm,hand,left,-0.687405,0.058527,3.217741,gvhmr_incam,1.0,hamer_palm_site_export,,,,,
14_pingpong_wall,pingpong_stage0_audit,196,8.125,0.088217743,0.143990383,2.044308268,1.0,0.0,0.0,0.0,samples_known_object/14_pingpong_wall/results/pingpong_stage0_audit/object_pose.csv,right_palm,hand,right,-0.286641,0.221492,2.671996,gvhmr_incam,1.0,hamer_palm_site_export,,,,,
14_pingpong_wall,pingpong_stage0_audit,197,8.166667,0.089091199,0.093547297,2.085919472,1.0,0.0,0.0,0.0,samples_known_object/14_pingpong_wall/results/pingpong_stage0_audit/object_pose.csv,left_palm,hand,left,-0.698726,0.057625,3.216788,gvhmr_incam,1.0,hamer_palm_site_export,,,,,
14_pingpong_wall,pingpong_stage0_audit,197,8.166667,0.089091199,0.093547297,2.085919472,1.0,0.0,0.0,0.0,samples_known_object/14_pingpong_wall/results/pingpong_stage0_audit/object_pose.csv,right_palm,hand,right,-0.221306,0.197822,2.708735,gvhmr_incam,1.0,hamer_palm_site_export,,,,,
14_pingpong_wall,pingpong_stage0_audit,198,8.208333,0.090540266,0.051784115,2.125304945,1.0,0.0,0.0,0.0,samples_known_object/14_pingpong_wall/results/pingpong_stage0_audit/object_pose.csv,left_palm,hand,left,-0.716343,0.052111,3.216186,gvhmr_incam,1.0,hamer_palm_site_export,,,,,
14_pingpong_wall,pingpong_stage0_audit,198,8.208333,0.090540266,0.051784115,2.125304945,1.0,0.0,0.0,0.0,samples_known_object/14_pingpong_wall/results/pingpong_stage0_audit/object_pose.csv,right_palm,hand,right,-0.154439,0.162429,2.758897,gvhmr_incam,1.0,hamer_palm_site_export,,,,,
14_pingpong_wall,pingpong_stage0_audit,199,8.25,0.093419646,0.017149684,2.162175385,1.0,0.0,0.0,0.0,samples_known_object/14_pingpong_wall/results/pingpong_stage0_audit/object_pose.csv,left_palm,hand,left,-0.733482,0.042349,3.215388,gvhmr_incam,1.0,hamer_palm_site_export,,,,,
14_pingpong_wall,pingpong_stage0_audit,199,8.25,0.093419646,0.017149684,2.162175385,1.0,0.0,0.0,0.0,samples_known_object/14_pingpong_wall/results/pingpong_stage0_audit/object_pose.csv,right_palm,hand,right,-0.096439,0.115736,2.819003,gvhmr_incam,1.0,hamer_palm_site_export,,,,,
14_pingpong_wall,pingpong_stage0_audit,200,8.291667,0.115798656,-0.029953274,2.196241281,1.0,0.0,0.0,0.0,samples_known_object/14_pingpong_wall/results/pingpong_stage0_audit/object_pose.csv,left_palm,hand,left,-0.745640,0.031895,3.213017,gvhmr_incam,1.0,hamer_palm_site_export,,,,,
14_pingpong_wall,pingpong_stage0_audit,200,8.291667,0.115798656,-0.029953274,2.196241281,1.0,0.0,0.0,0.0,samples_known_object/14_pingpong_wall/results/pingpong_stage0_audit/object_pose.csv,right_palm,hand,right,-0.055832,0.058842,2.887008,gvhmr_incam,1.0,hamer_palm_site_export,,,,,
14_pingpong_wall,pingpong_stage0_audit,201,8.333333,0.145891966,-0.084611726,2.227608945,1.0,0.0,0.0,0.0,samples_known_object/14_pingpong_wall/results/pingpong_stage0_audit/object_pose.csv,left_palm,hand,left,-0.754604,0.024115,3.210011,gvhmr_incam,1.0,hamer_palm_site_export,,,,,
14_pingpong_wall,pingpong_stage0_audit,201,8.333333,0.145891966,-0.084611726,2.227608945,1.0,0.0,0.0,0.0,samples_known_object/14_pingpong_wall/results/pingpong_stage0_audit/object_pose.csv,right_palm,hand,right,-0.036788,-0.005091,2.962540,gvhmr_incam,1.0,hamer_palm_site_export,,,,,
14_pingpong_wall,pingpong_stage0_audit,202,8.375,0.173871849,-0.134155044,2.256494299,1.0,0.0,0.0,0.0,samples_known_object/14_pingpong_wall/results/pingpong_stage0_audit/object_pose.csv,left_palm,hand,left,-0.765650,0.020426,3.208260,gvhmr_incam,1.0,hamer_palm_site_export,,,,,
14_pingpong_wall,pingpong_stage0_audit,202,8.375,0.173871849,-0.134155044,2.256494299,1.0,0.0,0.0,0.0,samples_known_object/14_pingpong_wall/results/pingpong_stage0_audit/object_pose.csv,right_palm,hand,right,-0.039213,-0.070551,3.044085,gvhmr_incam,1.0,hamer_palm_site_export,,,,,
14_pingpong_wall,pingpong_stage0_audit,203,8.416667,0.196253187,-0.171069910,2.282939661,1.0,0.0,0.0,0.0,samples_known_object/14_pingpong_wall/results/pingpong_stage0_audit/object_pose.csv,left_palm,hand,left,-0.782014,0.020663,3.208226,gvhmr_incam,1.0,hamer_palm_site_export,,,,,
14_pingpong_wall,pingpong_stage0_audit,203,8.416667,0.196253187,-0.171069910,2.282939661,1.0,0.0,0.0,0.0,samples_known_object/14_pingpong_wall/results/pingpong_stage0_audit/object_pose.csv,right_palm,hand,right,-0.060546,-0.131732,3.127254,gvhmr_incam,1.0,hamer_palm_site_export,,,,,
14_pingpong_wall,pingpong_stage0_audit,204,8.458333,0.215385196,-0.195233594,2.306732910,1.0,0.0,0.0,0.0,samples_known_object/14_pingpong_wall/results/pingpong_stage0_audit/object_pose.csv,left_palm,hand,left,-0.802547,0.024142,3.206681,gvhmr_incam,1.0,hamer_palm_site_export,,,,,
14_pingpong_wall,pingpong_stage0_audit,204,8.458333,0.215385196,-0.195233594,2.306732910,1.0,0.0,0.0,0.0,samples_known_object/14_pingpong_wall/results/pingpong_stage0_audit/object_pose.csv,right_palm,hand,right,-0.097021,-0.184109,3.205527,gvhmr_incam,1.0,hamer_palm_site_export,,,,,
14_pingpong_wall,pingpong_stage0_audit,205,8.5,0.231621775,-0.209118224,2.327712592,1.0,0.0,0.0,0.0,samples_known_object/14_pingpong_wall/results/pingpong_stage0_audit/object_pose.csv,left_palm,hand,left,-0.823583,0.030912,3.198338,gvhmr_incam,1.0,hamer_palm_site_export,,,,,
14_pingpong_wall,pingpong_stage0_audit,205,8.5,0.231621775,-0.209118224,2.327712592,1.0,0.0,0.0,0.0,samples_known_object/14_pingpong_wall/results/pingpong_stage0_audit/object_pose.csv,right_palm,hand,right,-0.143770,-0.225290,3.271996,gvhmr_incam,1.0,hamer_palm_site_export,,,,,
14_pingpong_wall,pingpong_stage0_audit,206,8.541667,0.247695407,-0.213377475,2.345729692,1.0,0.0,0.0,0.0,samples_known_object/14_pingpong_wall/results/pingpong_stage0_audit/object_pose.csv,left_palm,hand,left,-0.842323,0.040575,3.181720,gvhmr_incam,1.0,hamer_palm_site_export,,,,,
14_pingpong_wall,pingpong_stage0_audit,206,8.541667,0.247695407,-0.213377475,2.345729692,1.0,0.0,0.0,0.0,samples_known_object/14_pingpong_wall/results/pingpong_stage0_audit/object_pose.csv,right_palm,hand,right,-0.194855,-0.254425,3.321607,gvhmr_incam,1.0,hamer_palm_site_export,,,,,
14_pingpong_wall,pingpong_stage0_audit,207,8.583333,0.261241582,-0.209906711,2.360827589,1.0,0.0,0.0,0.0,samples_known_object/14_pingpong_wall/results/pingpong_stage0_audit/object_pose.csv,left_palm,hand,left,-0.858510,0.050921,3.160824,gvhmr_incam,1.0,hamer_palm_site_export,,,,,
14_pingpong_wall,pingpong_stage0_audit,207,8.583333,0.261241582,-0.209906711,2.360827589,1.0,0.0,0.0,0.0,samples_known_object/14_pingpong_wall/results/pingpong_stage0_audit/object_pose.csv,right_palm,hand,right,-0.244769,-0.269847,3.353566,gvhmr_incam,1.0,hamer_palm_site_export,,,,,
14_pingpong_wall,pingpong_stage0_audit,208,8.625,0.265100038,-0.205392171,2.373096168,1.0,0.0,0.0,0.0,samples_known_object/14_pingpong_wall/results/pingpong_stage0_audit/object_pose.csv,left_palm,hand,left,-0.873779,0.060076,3.140822,gvhmr_incam,1.0,hamer_palm_site_export,,,,,
14_pingpong_wall,pingpong_stage0_audit,208,8.625,0.265100038,-0.205392171,2.373096168,1.0,0.0,0.0,0.0,samples_known_object/14_pingpong_wall/results/pingpong_stage0_audit/object_pose.csv,right_palm,hand,right,-0.290509,-0.269267,3.370825,gvhmr_incam,1.0,hamer_palm_site_export,,,,,
14_pingpong_wall,pingpong_stage0_audit,209,8.666667,0.252611289,-0.212589031,2.382415177,1.0,0.0,0.0,0.0,samples_known_object/14_pingpong_wall/results/pingpong_stage0_audit/object_pose.csv,left_palm,hand,left,-0.890889,0.068030,3.125290,gvhmr_incam,1.0,hamer_palm_site_export,,,,,
14_pingpong_wall,pingpong_stage0_audit,209,8.666667,0.252611289,-0.212589031,2.382415177,1.0,0.0,0.0,0.0,samples_known_object/14_pingpong_wall/results/pingpong_stage0_audit/object_pose.csv,right_palm,hand,right,-0.331353,-0.253090,3.376308,gvhmr_incam,1.0,hamer_palm_site_export,,,,,
14_pingpong_wall,pingpong_stage0_audit,210,8.708333,0.236605559,-0.214811991,2.388911863,1.0,0.0,0.0,0.0,samples_known_object/14_pingpong_wall/results/pingpong_stage0_audit/object_pose.csv,left_palm,hand,left,-0.913510,0.074939,3.117004,gvhmr_incam,1.0,hamer_palm_site_export,,,,,
14_pingpong_wall,pingpong_stage0_audit,210,8.708333,0.236605559,-0.214811991,2.388911863,1.0,0.0,0.0,0.0,samples_known_object/14_pingpong_wall/results/pingpong_stage0_audit/object_pose.csv,right_palm,hand,right,-0.366831,-0.224672,3.371052,gvhmr_incam,1.0,hamer_palm_site_export,,,,,
14_pingpong_wall,pingpong_stage0_audit,211,8.75,0.222002373,-0.206954998,2.392620079,1.0,0.0,0.0,0.0,samples_known_object/14_pingpong_wall/results/pingpong_stage0_audit/object_pose.csv,left_palm,hand,left,-0.943747,0.080146,3.117268,gvhmr_incam,1.0,hamer_palm_site_export,,,,,
14_pingpong_wall,pingpong_stage0_audit,211,8.75,0.222002373,-0.206954998,2.392620079,1.0,0.0,0.0,0.0,samples_known_object/14_pingpong_wall/results/pingpong_stage0_audit/object_pose.csv,right_palm,hand,right,-0.396093,-0.186540,3.355952,gvhmr_incam,1.0,hamer_palm_site_export,,,,,
14_pingpong_wall,pingpong_stage0_audit,212,8.791667,0.207630013,-0.188556535,2.393683408,1.0,0.0,0.0,0.0,samples_known_object/14_pingpong_wall/results/pingpong_stage0_audit/object_pose.csv,left_palm,hand,left,-0.977222,0.083194,3.123647,gvhmr_incam,1.0,hamer_palm_site_export,,,,,
14_pingpong_wall,pingpong_stage0_audit,212,8.791667,0.207630013,-0.188556535,2.393683408,1.0,0.0,0.0,0.0,samples_known_object/14_pingpong_wall/results/pingpong_stage0_audit/object_pose.csv,right_palm,hand,right,-0.419000,-0.139602,3.332870,gvhmr_incam,1.0,hamer_palm_site_export,,,,,
14_pingpong_wall,pingpong_stage0_audit,213,8.833333,0.192115425,-0.160917567,2.392241181,1.0,0.0,0.0,0.0,samples_known_object/14_pingpong_wall/results/pingpong_stage0_audit/object_pose.csv,left_palm,hand,left,-1.003481,0.084556,3.132172,gvhmr_incam,1.0,hamer_palm_site_export,,,,,
14_pingpong_wall,pingpong_stage0_audit,213,8.833333,0.192115425,-0.160917567,2.392241181,1.0,0.0,0.0,0.0,samples_known_object/14_pingpong_wall/results/pingpong_stage0_audit/object_pose.csv,right_palm,hand,right,-0.436155,-0.086639,3.303467,gvhmr_incam,1.0,hamer_palm_site_export,,,,,
14_pingpong_wall,pingpong_stage0_audit,214,8.875,0.177141597,-0.122432314,2.388447611,1.0,0.0,0.0,0.0,samples_known_object/14_pingpong_wall/results/pingpong_stage0_audit/object_pose.csv,left_palm,hand,left,-1.014135,0.084949,3.141931,gvhmr_incam,1.0,hamer_palm_site_export,,,,,
14_pingpong_wall,pingpong_stage0_audit,214,8.875,0.177141597,-0.122432314,2.388447611,1.0,0.0,0.0,0.0,samples_known_object/14_pingpong_wall/results/pingpong_stage0_audit/object_pose.csv,right_palm,hand,right,-0.447245,-0.033091,3.268432,gvhmr_incam,1.0,hamer_palm_site_export,,,,,
14_pingpong_wall,pingpong_stage0_audit,215,8.916667,0.162855030,-0.073370111,2.382504085,1.0,0.0,0.0,0.0,samples_known_object/14_pingpong_wall/results/pingpong_stage0_audit/object_pose.csv,left_palm,hand,left,-1.007869,0.083932,3.154584,gvhmr_incam,1.0,hamer_palm_site_export,,,,,
14_pingpong_wall,pingpong_stage0_audit,215,8.916667,0.162855030,-0.073370111,2.382504085,1.0,0.0,0.0,0.0,samples_known_object/14_pingpong_wall/results/pingpong_stage0_audit/object_pose.csv,right_palm,hand,right,-0.449840,0.016238,3.228361,gvhmr_incam,1.0,hamer_palm_site_export,,,,,
14_pingpong_wall,pingpong_stage0_audit,216,8.958333,0.149579144,-0.013810541,2.374655000,1.0,0.0,0.0,0.0,samples_known_object/14_pingpong_wall/results/pingpong_stage0_audit/object_pose.csv,left_palm,hand,left,-0.988548,0.079635,3.171531,gvhmr_incam,1.0,hamer_palm_site_export,,,,,
14_pingpong_wall,pingpong_stage0_audit,216,8.958333,0.149579144,-0.013810541,2.374655000,1.0,0.0,0.0,0.0,samples_known_object/14_pingpong_wall/results/pingpong_stage0_audit/object_pose.csv,right_palm,hand,right,-0.440619,0.058523,3.184426,gvhmr_incam,1.0,hamer_palm_site_export,,,,,
14_pingpong_wall,pingpong_stage0_audit,217,9.0,0.135915191,0.055766868,2.365233192,1.0,0.0,0.0,0.0,samples_known_object/14_pingpong_wall/results/pingpong_stage0_audit/object_pose.csv,left_palm,hand,left,-0.963860,0.071148,3.192714,gvhmr_incam,1.0,hamer_palm_site_export,,,,,
14_pingpong_wall,pingpong_stage0_audit,217,9.0,0.135915191,0.055766868,2.365233192,1.0,0.0,0.0,0.0,samples_known_object/14_pingpong_wall/results/pingpong_stage0_audit/object_pose.csv,right_palm,hand,right,-0.419138,0.091533,3.137323,gvhmr_incam,1.0,hamer_palm_site_export,,,,,
14_pingpong_wall,pingpong_stage0_audit,218,9.041667,0.121036540,0.138285801,2.354616346,1.0,0.0,0.0,0.0,samples_known_object/14_pingpong_wall/results/pingpong_stage0_audit/object_pose.csv,left_palm,hand,left,-0.942547,0.060653,3.215234,gvhmr_incam,1.0,hamer_palm_site_export,,,,,
14_pingpong_wall,pingpong_stage0_audit,218,9.041667,0.121036540,0.138285801,2.354616346,1.0,0.0,0.0,0.0,samples_known_object/14_pingpong_wall/results/pingpong_stage0_audit/object_pose.csv,right_palm,hand,right,-0.389886,0.114317,3.086012,gvhmr_incam,1.0,hamer_palm_site_export,,,,,
14_pingpong_wall,pingpong_stage0_audit,219,9.083333,0.105593220,0.234754173,2.343224913,1.0,0.0,0.0,0.0,samples_known_object/14_pingpong_wall/results/pingpong_stage0_audit/object_pose.csv,left_palm,hand,left,-0.926914,0.051231,3.234063,gvhmr_incam,1.0,hamer_palm_site_export,,,,,
14_pingpong_wall,pingpong_stage0_audit,219,9.083333,0.105593220,0.234754173,2.343224913,1.0,0.0,0.0,0.0,samples_known_object/14_pingpong_wall/results/pingpong_stage0_audit/object_pose.csv,right_palm,hand,right,-0.359477,0.128645,3.028918,gvhmr_incam,1.0,hamer_palm_site_export,,,,,
14_pingpong_wall,pingpong_stage0_audit,220,9.125,0.091737210,0.312004695,2.302592290,1.0,0.0,0.0,0.0,samples_known_object/14_pingpong_wall/results/pingpong_stage0_audit/object_pose.csv,left_palm,hand,left,-0.910711,0.044035,3.245735,gvhmr_incam,1.0,hamer_palm_site_export,,,,,
14_pingpong_wall,pingpong_stage0_audit,220,9.125,0.091737210,0.312004695,2.302592290,1.0,0.0,0.0,0.0,samples_known_object/14_pingpong_wall/results/pingpong_stage0_audit/object_pose.csv,right_palm,hand,right,-0.333133,0.137039,2.967061,gvhmr_incam,1.0,hamer_palm_site_export,,,,,
14_pingpong_wall,pingpong_stage0_audit,221,9.166667,0.085629015,0.267342074,2.263381996,1.0,0.0,0.0,0.0,samples_known_object/14_pingpong_wall/results/pingpong_stage0_audit/object_pose.csv,left_palm,hand,left,-0.885731,0.039066,3.249100,gvhmr_incam,1.0,hamer_palm_site_export,,,,,
14_pingpong_wall,pingpong_stage0_audit,221,9.166667,0.085629015,0.267342074,2.263381996,1.0,0.0,0.0,0.0,samples_known_object/14_pingpong_wall/results/pingpong_stage0_audit/object_pose.csv,right_palm,hand,right,-0.313908,0.141297,2.904521,gvhmr_incam,1.0,hamer_palm_site_export,,,,,
14_pingpong_wall,pingpong_stage0_audit,222,9.208333,0.085679709,0.211409398,2.224590855,1.0,0.0,0.0,0.0,samples_known_object/14_pingpong_wall/results/pingpong_stage0_audit/object_pose.csv,left_palm,hand,left,-0.848390,0.036235,3.242968,gvhmr_incam,1.0,hamer_palm_site_export,,,,,
14_pingpong_wall,pingpong_stage0_audit,222,9.208333,0.085679709,0.211409398,2.224590855,1.0,0.0,0.0,0.0,samples_known_object/14_pingpong_wall/results/pingpong_stage0_audit/object_pose.csv,right_palm,hand,right,-0.302957,0.144024,2.845141,gvhmr_incam,1.0,hamer_palm_site_export,,,,,
14_pingpong_wall,pingpong_stage0_audit,223,9.25,0.085865091,0.164164638,2.185451763,1.0,0.0,0.0,0.0,samples_known_object/14_pingpong_wall/results/pingpong_stage0_audit/object_pose.csv,left_palm,hand,left,-0.802515,0.035132,3.228698,gvhmr_incam,1.0,hamer_palm_site_export,,,,,
14_pingpong_wall,pingpong_stage0_audit,223,9.25,0.085865091,0.164164638,2.185451763,1.0,0.0,0.0,0.0,samples_known_object/14_pingpong_wall/results/pingpong_stage0_audit/object_pose.csv,right_palm,hand,right,-0.299858,0.148487,2.790888,gvhmr_incam,1.0,hamer_palm_site_export,,,,,
14_pingpong_wall,pingpong_stage0_audit,224,9.291667,0.084277926,0.131390916,2.145700807,1.0,0.0,0.0,0.0,samples_known_object/14_pingpong_wall/results/pingpong_stage0_audit/object_pose.csv,left_palm,hand,left,-0.759179,0.035643,3.216124,gvhmr_incam,1.0,hamer_palm_site_export,,,,,
14_pingpong_wall,pingpong_stage0_audit,224,9.291667,0.084277926,0.131390916,2.145700807,1.0,0.0,0.0,0.0,samples_known_object/14_pingpong_wall/results/pingpong_stage0_audit/object_pose.csv,right_palm,hand,right,-0.303171,0.156541,2.743379,gvhmr_incam,1.0,hamer_palm_site_export,,,,,
14_pingpong_wall,pingpong_stage0_audit,225,9.333333,0.078975220,0.115539125,2.105232057,1.0,0.0,0.0,0.0,samples_known_object/14_pingpong_wall/results/pingpong_stage0_audit/object_pose.csv,left_palm,hand,left,-0.729115,0.038510,3.217195,gvhmr_incam,1.0,hamer_palm_site_export,,,,,
14_pingpong_wall,pingpong_stage0_audit,225,9.333333,0.078975220,0.115539125,2.105232057,1.0,0.0,0.0,0.0,samples_known_object/14_pingpong_wall/results/pingpong_stage0_audit/object_pose.csv,right_palm,hand,right,-0.310643,0.168312,2.704670,gvhmr_incam,1.0,hamer_palm_site_export,,,,,
14_pingpong_wall,pingpong_stage0_audit,226,9.375,0.071940310,0.114718103,2.064033793,1.0,0.0,0.0,0.0,samples_known_object/14_pingpong_wall/results/pingpong_stage0_audit/object_pose.csv,left_palm,hand,left,-0.712484,0.044419,3.230476,gvhmr_incam,1.0,hamer_palm_site_export,,,,,
14_pingpong_wall,pingpong_stage0_audit,226,9.375,0.071940310,0.114718103,2.064033793,1.0,0.0,0.0,0.0,samples_known_object/14_pingpong_wall/results/pingpong_stage0_audit/object_pose.csv,right_palm,hand,right,-0.318695,0.183144,2.676444,gvhmr_incam,1.0,hamer_palm_site_export,,,,,
14_pingpong_wall,pingpong_stage0_audit,227,9.416667,0.064613830,0.126018090,2.022202119,1.0,0.0,0.0,0.0,samples_known_object/14_pingpong_wall/results/pingpong_stage0_audit/object_pose.csv,left_palm,hand,left,-0.701346,0.052926,3.243236,gvhmr_incam,1.0,hamer_palm_site_export,,,,,
14_pingpong_wall,pingpong_stage0_audit,227,9.416667,0.064613830,0.126018090,2.022202119,1.0,0.0,0.0,0.0,samples_known_object/14_pingpong_wall/results/pingpong_stage0_audit/object_pose.csv,right_palm,hand,right,-0.322074,0.199350,2.659373,gvhmr_incam,1.0,hamer_palm_site_export,,,,,
14_pingpong_wall,pingpong_stage0_audit,228,9.458333,0.058242038,0.147456725,1.979908898,1.0,0.0,0.0,0.0,samples_known_object/14_pingpong_wall/results/pingpong_stage0_audit/object_pose.csv,left_palm,hand,left,-0.690329,0.062272,3.248181,gvhmr_incam,1.0,hamer_palm_site_export,,,,,
14_pingpong_wall,pingpong_stage0_audit,228,9.458333,0.058242038,0.147456725,1.979908898,1.0,0.0,0.0,0.0,samples_known_object/14_pingpong_wall/results/pingpong_stage0_audit/object_pose.csv,right_palm,hand,right,-0.314662,0.213294,2.653322,gvhmr_incam,1.0,hamer_palm_site_export,,,,,
14_pingpong_wall,pingpong_stage0_audit,229,9.5,0.057338485,0.179152206,2.026829871,1.0,0.0,0.0,0.0,samples_known_object/14_pingpong_wall/results/pingpong_stage0_audit/object_pose.csv,left_palm,hand,left,-0.680314,0.070081,3.247514,gvhmr_incam,1.0,hamer_palm_site_export,,,,,
14_pingpong_wall,pingpong_stage0_audit,229,9.5,0.057338485,0.179152206,2.026829871,1.0,0.0,0.0,0.0,samples_known_object/14_pingpong_wall/results/pingpong_stage0_audit/object_pose.csv,right_palm,hand,right,-0.291604,0.219799,2.658694,gvhmr_incam,1.0,hamer_palm_site_export,,,,,
14_pingpong_wall,pingpong_stage0_audit,230,9.541667,0.056033228,0.125200952,2.074872254,1.0,0.0,0.0,0.0,samples_known_object/14_pingpong_wall/results/pingpong_stage0_audit/object_pose.csv,left_palm,hand,left,-0.675341,0.074400,3.245413,gvhmr_incam,1.0,hamer_palm_site_export,,,,,
14_pingpong_wall,pingpong_stage0_audit,230,9.541667,0.056033228,0.125200952,2.074872254,1.0,0.0,0.0,0.0,samples_known_object/14_pingpong_wall/results/pingpong_stage0_audit/object_pose.csv,right_palm,hand,right,-0.252225,0.213736,2.677261,gvhmr_incam,1.0,hamer_palm_site_export,,,,,
14_pingpong_wall,pingpong_stage0_audit,231,9.583333,0.054489944,0.079861150,2.122977508,1.0,0.0,0.0,0.0,samples_known_object/14_pingpong_wall/results/pingpong_stage0_audit/object_pose.csv,left_palm,hand,left,-0.678698,0.074439,3.243226,gvhmr_incam,1.0,hamer_palm_site_export,,,,,
14_pingpong_wall,pingpong_stage0_audit,231,9.583333,0.054489944,0.079861150,2.122977508,1.0,0.0,0.0,0.0,samples_known_object/14_pingpong_wall/results/pingpong_stage0_audit/object_pose.csv,right_palm,hand,right,-0.201459,0.191716,2.709562,gvhmr_incam,1.0,hamer_palm_site_export,,,,,
14_pingpong_wall,pingpong_stage0_audit,232,9.625,0.054049687,0.045368357,2.170958669,1.0,0.0,0.0,0.0,samples_known_object/14_pingpong_wall/results/pingpong_stage0_audit/object_pose.csv,left_palm,hand,left,-0.690830,0.070571,3.238687,gvhmr_incam,1.0,hamer_palm_site_export,,,,,
14_pingpong_wall,pingpong_stage0_audit,232,9.625,0.054049687,0.045368357,2.170958669,1.0,0.0,0.0,0.0,samples_known_object/14_pingpong_wall/results/pingpong_stage0_audit/object_pose.csv,right_palm,hand,right,-0.147984,0.153513,2.752620,gvhmr_incam,1.0,hamer_palm_site_export,,,,,
14_pingpong_wall,pingpong_stage0_audit,233,9.666667,0.069476289,0.005340809,2.218823679,1.0,0.0,0.0,0.0,samples_known_object/14_pingpong_wall/results/pingpong_stage0_audit/object_pose.csv,left_palm,hand,left,-0.709623,0.064026,3.229632,gvhmr_incam,1.0,hamer_palm_site_export,,,,,
14_pingpong_wall,pingpong_stage0_audit,233,9.666667,0.069476289,0.005340809,2.218823679,1.0,0.0,0.0,0.0,samples_known_object/14_pingpong_wall/results/pingpong_stage0_audit/object_pose.csv,right_palm,hand,right,-0.100920,0.102084,2.803561,gvhmr_incam,1.0,hamer_palm_site_export,,,,,
14_pingpong_wall,pingpong_stage0_audit,234,9.708333,0.108932913,-0.048803601,2.266650810,1.0,0.0,0.0,0.0,samples_known_object/14_pingpong_wall/results/pingpong_stage0_audit/object_pose.csv,left_palm,hand,left,-0.730976,0.056706,3.219062,gvhmr_incam,1.0,hamer_palm_site_export,,,,,
14_pingpong_wall,pingpong_stage0_audit,234,9.708333,0.108932913,-0.048803601,2.266650810,1.0,0.0,0.0,0.0,samples_known_object/14_pingpong_wall/results/pingpong_stage0_audit/object_pose.csv,right_palm,hand,right,-0.067219,0.041960,2.862836,gvhmr_incam,1.0,hamer_palm_site_export,,,,,
14_pingpong_wall,pingpong_stage0_audit,235,9.75,0.151925613,-0.100867914,2.314792861,1.0,0.0,0.0,0.0,samples_known_object/14_pingpong_wall/results/pingpong_stage0_audit/object_pose.csv,left_palm,hand,left,-0.750159,0.050372,3.212309,gvhmr_incam,1.0,hamer_palm_site_export,,,,,
14_pingpong_wall,pingpong_stage0_audit,235,9.75,0.151925613,-0.100867914,2.314792861,1.0,0.0,0.0,0.0,samples_known_object/14_pingpong_wall/results/pingpong_stage0_audit/object_pose.csv,right_palm,hand,right,-0.050247,-0.021990,2.929922,gvhmr_incam,1.0,hamer_palm_site_export,,,,,
14_pingpong_wall,pingpong_stage0_audit,236,9.791667,0.190685874,-0.140605169,2.363467499,1.0,0.0,0.0,0.0,samples_known_object/14_pingpong_wall/results/pingpong_stage0_audit/object_pose.csv,left_palm,hand,left,-0.765155,0.045834,3.210478,gvhmr_incam,1.0,hamer_palm_site_export,,,,,
14_pingpong_wall,pingpong_stage0_audit,236,9.791667,0.190685874,-0.140605169,2.363467499,1.0,0.0,0.0,0.0,samples_known_object/14_pingpong_wall/results/pingpong_stage0_audit/object_pose.csv,right_palm,hand,right,-0.049767,-0.084771,2.999507,gvhmr_incam,1.0,hamer_palm_site_export,,,,,
14_pingpong_wall,pingpong_stage0_audit,237,9.833333,0.226860600,-0.170372093,2.412537803,1.0,0.0,0.0,0.0,samples_known_object/14_pingpong_wall/results/pingpong_stage0_audit/object_pose.csv,left_palm,hand,left,-0.778548,0.043294,3.211404,gvhmr_incam,1.0,hamer_palm_site_export,,,,,
14_pingpong_wall,pingpong_stage0_audit,237,9.833333,0.226860600,-0.170372093,2.412537803,1.0,0.0,0.0,0.0,samples_known_object/14_pingpong_wall/results/pingpong_stage0_audit/object_pose.csv,right_palm,hand,right,-0.062405,-0.141769,3.064245,gvhmr_incam,1.0,hamer_palm_site_export,,,,,
14_pingpong_wall,pingpong_stage0_audit,238,9.875,0.259382621,-0.186751157,2.462091184,1.0,0.0,0.0,0.0,samples_known_object/14_pingpong_wall/results/pingpong_stage0_audit/object_pose.csv,left_palm,hand,left,-0.794795,0.042697,3.214434,gvhmr_incam,1.0,hamer_palm_site_export,,,,,
14_pingpong_wall,pingpong_stage0_audit,238,9.875,0.259382621,-0.186751157,2.462091184,1.0,0.0,0.0,0.0,samples_known_object/14_pingpong_wall/results/pingpong_stage0_audit/object_pose.csv,right_palm,hand,right,-0.082194,-0.189301,3.117676,gvhmr_incam,1.0,hamer_palm_site_export,,,,,
14_pingpong_wall,pingpong_stage0_audit,239,9.916667,0.271388357,-0.199619853,2.512379603,1.0,0.0,0.0,0.0,samples_known_object/14_pingpong_wall/results/pingpong_stage0_audit/object_pose.csv,left_palm,hand,left,-0.813783,0.043359,3.219600,gvhmr_incam,1.0,hamer_palm_site_export,,,,,
14_pingpong_wall,pingpong_stage0_audit,239,9.916667,0.271388357,-0.199619853,2.512379603,1.0,0.0,0.0,0.0,samples_known_object/14_pingpong_wall/results/pingpong_stage0_audit/object_pose.csv,right_palm,hand,right,-0.101760,-0.224129,3.155197,gvhmr_incam,1.0,hamer_palm_site_export,,,,,
14_pingpong_wall,pingpong_stage0_audit,240,9.958333,0.261962774,-0.218263998,2.563173210,1.0,0.0,0.0,0.0,samples_known_object/14_pingpong_wall/results/pingpong_stage0_audit/object_pose.csv,left_palm,hand,left,-0.827671,0.044114,3.224096,gvhmr_incam,1.0,hamer_palm_site_export,,,,,
14_pingpong_wall,pingpong_stage0_audit,240,9.958333,0.261962774,-0.218263998,2.563173210,1.0,0.0,0.0,0.0,samples_known_object/14_pingpong_wall/results/pingpong_stage0_audit/object_pose.csv,right_palm,hand,right,-0.113933,-0.242839,3.174454,gvhmr_incam,1.0,hamer_palm_site_export,,,,,
