factor_id,residual_index,value,squared_error
point_reprojection:measurement_ir,0,4.9045985929296879e-05,2.4055087357767873e-09
point_reprojection:measurement_ir,1,0.00010620731353583324,1.1279993448498786e-08
point_reprojection:measurement_ir,2,-0.00014816390648775268,2.1952543185711522e-08
point_reprojection:measurement_ir,3,-8.183291024579375e-05,6.6966251992961355e-09
point_reprojection:measurement_ir,4,4.7995835666370111e-05,2.3036002413132051e-09
point_reprojection:measurement_ir,5,0.00019552228479824407,3.8228963852725666e-08
point_reprojection:measurement_ir,6,0.00010880852084937942,1.1839294209429836e-08
point_reprojection:measurement_ir,7,-0.00049443711308185814,2.4446805879272216e-07
point_reprojection:measurement_ir,8,-8.642970215078094e-05,7.4700934138727073e-09
point_reprojection:measurement_ir,9,0.00036383584416626035,1.3237652150017529e-07
point_reprojection:measurement_ir,10,0.00010372477927376167,1.0758829835390579e-08
point_reprojection:measurement_ir,11,-0.00027439173237553405,7.5290822796046697e-08
point_reprojection:measurement_ir,12,-0.00011179603052369202,1.2498352440854279e-08
point_reprojection:measurement_ir,13,2.9587260110019996e-05,8.7540596081798048e-10
point_reprojection:measurement_ir,14,9.4784417001392285e-05,8.9840857062938225e-09
point_reprojection:measurement_ir,15,0.00042661550412503857,1.820007883598608e-07
point_reprojection:measurement_ir,16,-1.4995203264334122e-05,2.2485612093869673e-10
point_reprojection:measurement_ir,17,-0.00041260657818611437,1.702441883624541e-07
point_reprojection:measurement_ir,18,0.00024560219098930248,6.0320436218745815e-08
point_reprojection:measurement_ir,19,-9.6061813792402972e-06,9.227872069086302e-11
point_reprojection:measurement_ir,20,-0.00047537201508021101,2.2597855272142037e-07
point_reprojection:measurement_ir,21,0.00014907649541555655,2.2223801485384455e-08
point_reprojection:measurement_ir,22,0.00026892462440173401,7.2320453609613719e-08
point_reprojection:measurement_ir,23,-0.00011053120335873246,1.2217146915929469e-08
point_reprojection:measurement_ir,24,-8.9025528632191714e-05,7.9255447482411863e-09
point_reprojection:measurement_ir,25,8.2698955316118367e-05,6.8391172103773425e-09
point_reprojection:measurement_ir,26,-9.7218121345576941e-05,9.4513631179633235e-09
point_reprojection:measurement_ir,27,-0.00036009194849384585,1.2966621137009452e-07
point_reprojection:measurement_ir,28,0.00030217075725431642,9.1307166539647025e-08
point_reprojection:measurement_ir,29,1.4254414196557263e-05,2.0318832408701326e-10
point_reprojection:measurement_ir,30,-0.00044608192370105827,1.9898908265283676e-07
point_reprojection:measurement_ir,31,0.00046230624441250255,2.1372706362279255e-07
point_reprojection:measurement_ir,32,0.0002428120199510886,5.8957677032727848e-08
point_reprojection:measurement_ir,33,-8.4177678832020317e-05,7.0858816135467617e-09
point_reprojection:measurement_ir,34,-5.4112781276671741e-05,2.9281930974969156e-09
point_reprojection:measurement_ir,35,-5.233159066619919e-05,2.7385953816546261e-09
point_reprojection:measurement_ir,36,0.0015425558933884532,2.3794786842274491e-06
point_reprojection:measurement_ir,37,-3.3496516334707851e-05,1.1220166065613498e-09
point_reprojection:measurement_ir,38,-0.002724973515455531,7.4254806599340755e-06
point_reprojection:measurement_ir,39,0.0012875547513317542,1.6577972376769753e-06
point_reprojection:measurement_ir,40,-5.8468711745263133e-05,3.4185902531506709e-09
point_reprojection:measurement_ir,41,0.002344247918972542,5.4954983056070942e-06
point_reprojection:measurement_ir,42,0.0016210148085519904,2.627689009544846e-06
point_reprojection:measurement_ir,43,0.00013051008645561523,1.7032882666652162e-08
point_reprojection:measurement_ir,44,0.00071007200987196486,5.0420225920361181e-07
point_reprojection:measurement_ir,45,-0.047787619447854014,0.0022836565724929153
point_reprojection:measurement_ir,46,0.00046611915672656323,2.1726706826748241e-07
point_reprojection:measurement_ir,47,0.0092213056186551505,8.5032477312641053e-05
point_reprojection:measurement_ir,48,-0.0016068878302576196,2.5820884990300406e-06
point_reprojection:measurement_ir,49,-0.0018580336108357186,3.4522888989952185e-06
point_reprojection:measurement_ir,50,-0.0010797616690524591,1.1658852619549523e-06
point_reprojection:measurement_ir,51,0.0013962266715452643,1.9494489183343672e-06
point_reprojection:measurement_ir,52,0.0031327780634910598,9.8142983950907947e-06
point_reprojection:measurement_ir,53,-0.00051448956699005064,2.6469951454160983e-07
point_reprojection:measurement_ir,54,-0.0012939614789956976,1.6743363091247333e-06
point_reprojection:measurement_ir,55,-0.00018039372920384267,3.2541897536069323e-08
point_reprojection:measurement_ir,56,-0.00035314761973950228,1.2471324132767611e-07
point_reprojection:measurement_ir,57,0.00053665672221541176,2.8800043749898963e-07
point_reprojection:measurement_ir,58,0.00023652150972566232,5.5942424562906573e-08
point_reprojection:measurement_ir,59,-0.00046345851575324559,2.1479379582420139e-07
point_reprojection:measurement_ir,60,-1.6709149690541381e-06,2.7919568338091911e-12
point_reprojection:measurement_ir,61,0.0010267386748751051,1.0541923064842869e-06
point_reprojection:measurement_ir,62,-1.3270140459553659e-05,1.7609662781628301e-10
point_reprojection:measurement_ir,63,-0.0025992210857907596,6.7559502528192949e-06
point_reprojection:measurement_ir,64,-0.00012599579119978443,1.5874939400059675e-08
point_reprojection:measurement_ir,65,0.0024991430913587466,6.2457161910861527e-06
point_reprojection:measurement_ir,66,0.00026130147751928233,6.8278462153760004e-08
point_reprojection:measurement_ir,67,-0.00088313197378511179,7.7992208312158734e-07
point_reprojection:measurement_ir,68,4.1370356495917807e-05,1.7115063965993287e-09
point_reprojection:measurement_ir,69,0.00028161072754073757,7.9304601866023535e-08
point_reprojection:measurement_ir,70,-0.0004736867507745046,2.2437913785930764e-07
point_reprojection:measurement_ir,71,-0.00095815368520106863,9.1805848446438847e-07
point_reprojection:measurement_ir,72,-0.00057259637612787633,3.278666099547764e-07
point_reprojection:measurement_ir,73,5.6304730924239267e-05,3.1702227244509856e-09
point_reprojection:measurement_ir,74,0.00047940468402885017,2.2982885106880168e-07
point_reprojection:measurement_ir,75,0.0007138686575558495,5.0960846024059076e-07
point_reprojection:measurement_ir,76,0.0038124409902366096,1.45347063040363e-05
point_reprojection:measurement_ir,77,0.0010683862707423942,1.1414492235108404e-06
point_reprojection:measurement_ir,78,-0.0055460799141428653,3.0759002414058931e-05
point_reprojection:measurement_ir,79,0.00051489366226178392,2.6511548343735202e-07
point_reprojection:measurement_ir,80,0.0034280344490980495,1.1751420184202968e-05
point_reprojection:measurement_ir,81,0.0055602844900590753,3.0916763610391512e-05
point_reprojection:measurement_ir,82,-0.0086400433058884119,7.4650348327627157e-05
point_reprojection:measurement_ir,83,-0.056976114652076151,0.0032462776408465266
point_reprojection:measurement_ir,84,0.0012857003908493426,1.6530254950301522e-06
point_reprojection:measurement_ir,85,0.0067477377835984953,4.5531965196202736e-05
point_reprojection:measurement_ir,86,-0.0029800009479458824,8.8804056497583581e-06
point_reprojection:measurement_ir,87,-0.0019164216305171066,3.6726718659138455e-06
point_reprojection:measurement_ir,88,0.0064308394014005897,4.1355695406606295e-05
point_reprojection:measurement_ir,89,0.0036239275841467135,1.3132851135139435e-05
point_reprojection:measurement_ir,90,-0.0053437266433320474,2.855541443865679e-05
point_reprojection:measurement_ir,91,-0.0013819231518937159,1.9097115977398623e-06
point_reprojection:measurement_ir,92,0.0017712469330035674,3.1373156976745441e-06
point_reprojection:measurement_ir,93,-0.00049484415966389857,2.4487074235346996e-07
point_reprojection:measurement_ir,94,-0.00045809313633071724,2.0984932155331309e-07
point_reprojection:measurement_ir,95,0.00032682382792472711,1.0681381449937163e-07
point_reprojection:measurement_ir,96,0.00034188957599781136,1.1688848217596323e-07
point_reprojection:measurement_ir,97,7.1955861210426525e-05,5.177645962534165e-09
point_reprojection:measurement_ir,98,-0.00033158265332531298,1.099470559862547e-07
point_reprojection:measurement_ir,99,0.00017254969222904037,2.9773396288336555e-08
point_reprojection:measurement_ir,100,0.0005006193583085405,2.5061974191325485e-07
point_reprojection:measurement_ir,101,-0.00046706306746955304,2.1814790899406824e-07
point_reprojection:measurement_ir,102,-0.00053501350139413257,2.8623944667400948e-07
point_reprojection:measurement_ir,103,0.00035830130816520976,1.2837982743290062e-07
point_reprojection:measurement_ir,104,9.505764298864961e-05,9.0359554905575659e-09
point_reprojection:measurement_ir,105,-0.00059109356858471078,3.4939160682220819e-07
point_reprojection:measurement_ir,106,0.00098178642467701134,9.6390458368006877e-07
point_reprojection:measurement_ir,107,0.0018910977725681733,3.5762507854123065e-06
point_reprojection:measurement_ir,108,-0.0024180627572832234,5.8470274981601448e-06
point_reprojection:measurement_ir,109,-0.0035704124379094537,1.2747844976778529e-05
point_reprojection:measurement_ir,110,0.002262869613696239,5.1205788885897664e-06
point_reprojection:measurement_ir,111,0.0081425489896787447,6.6301104049318343e-05
point_reprojection:measurement_ir,112,-0.002810401530814488,7.8983567644044175e-06
point_reprojection:measurement_ir,113,-0.00073970889851580066,5.4716925454345908e-07
point_reprojection:measurement_ir,114,0.013499915129256124,0.00018224770849711841
point_reprojection:measurement_ir,115,-0.047991596053390137,0.0023031932917517719
point_reprojection:measurement_ir,116,-0.0019543690977570803,3.8195585702678243e-06
point_reprojection:measurement_ir,117,0.0050735523390130766,2.5740933336705059e-05
point_reprojection:measurement_ir,118,0.0016824826610445597,2.8307479047155827e-06
point_reprojection:measurement_ir,119,0.0027870316095572889,7.7675451926714923e-06
point_reprojection:measurement_ir,120,-0.0019378309607418487,3.7551888324096762e-06
point_reprojection:measurement_ir,121,-0.0022185781377515924,4.9220889533093236e-06
point_reprojection:measurement_ir,122,0.00082981673608628626,6.8859581548889728e-07
point_reprojection:measurement_ir,123,0.0015708374119640211,2.4675301748258237e-06
point_reprojection:measurement_ir,124,-0.00040661286720933276,1.6533402378019447e-07
point_reprojection:measurement_ir,125,-0.0013277948252834904,1.7630390980496148e-06
point_reprojection:measurement_ir,126,0.0018508914197013838,3.425799047524204e-06
point_reprojection:measurement_ir,127,0.0036370729123632374,1.3228299369846402e-05
point_reprojection:measurement_ir,128,-0.0018321897178793733,3.3569191623028975e-06
point_reprojection:measurement_ir,129,-0.0041122351777744372,1.6910478157325558e-05
point_reprojection:measurement_ir,130,0.00049013343144679313,2.4023078062180826e-07
point_reprojection:measurement_ir,131,0.0014947027123298541,2.2341361982462225e-06
point_reprojection:measurement_ir,132,-1.0970099469886919e-05,1.2034308237921325e-10
point_reprojection:measurement_ir,133,-5.2536455052631935e-05,2.7600791094972154e-09
point_reprojection:measurement_ir,134,-0.00014932788702708421,2.2298817843973624e-08
point_reprojection:measurement_ir,135,1.6998086937292101e-05,2.8893495952774038e-10
point_reprojection:measurement_ir,136,4.5905003958068846e-05,2.1072693883903163e-09
point_reprojection:measurement_ir,137,0.00010639071148261791,1.1318983489777647e-08
point_reprojection:measurement_ir,138,0.00018787094895742485,3.5295493462163332e-08
point_reprojection:measurement_ir,139,-8.9407360690074711e-05,7.9936761455651163e-09
point_reprojection:measurement_ir,140,-0.00035230569433224445,1.2411930225892485e-07
point_reprojection:measurement_ir,141,8.1358414195165094e-05,6.6191915603520407e-09
point_reprojection:measurement_ir,142,0.00050819472585317271,2.5826187938498137e-07
point_reprojection:measurement_ir,143,-0.00058847403528261566,3.4630169020180519e-07
point_reprojection:measurement_ir,144,-0.0084393977773913782,7.1223434845038537e-05
point_reprojection:measurement_ir,145,0.0021444986179886883,4.5988743225553944e-06
point_reprojection:measurement_ir,146,0.0046793970491535216,2.1896756743626687e-05
point_reprojection:measurement_ir,147,0.00063148282049496629,3.9877055258027782e-07
point_reprojection:measurement_ir,148,-0.0038680376885622536,1.4961715560138021e-05
point_reprojection:measurement_ir,149,-0.0022442903754040346,5.0368392891311829e-06
point_reprojection:measurement_ir,150,0.0011026003968254371,1.2157276350796114e-06
point_reprojection:measurement_ir,151,0.007617127515254651,5.8020631583649492e-05
point_reprojection:measurement_ir,152,0.00066774150186574841,4.458787133139253e-07
point_reprojection:measurement_ir,153,-0.0051895163377594141,2.693107981987188e-05
point_reprojection:measurement_ir,154,-0.0034567735772668582,1.1949283564490311e-05
point_reprojection:measurement_ir,155,-0.021023484475233545,0.00044198689948038591
point_reprojection:measurement_ir,156,-0.0010805012436321704,1.1674829374906668e-06
point_reprojection:measurement_ir,157,0.0030142065054178601,9.0854408573033476e-06
point_reprojection:measurement_ir,158,0.0030049512917912579,9.0297322660379497e-06
point_reprojection:measurement_ir,159,0.0023859276263578978,5.6926506382178319e-06
point_reprojection:measurement_ir,160,-0.0027004006053857666,7.2921634295678149e-06
point_reprojection:measurement_ir,161,-0.0010831463188196722,1.173205947972607e-06
point_reprojection:measurement_ir,162,0.00087271992906607916,7.6164007458910224e-07
point_reprojection:measurement_ir,163,-0.00063652784810983574,4.0516770141933811e-07
point_reprojection:measurement_ir,164,0.00026860122013658836,7.2146615458864003e-08
point_reprojection:measurement_ir,165,0.001157445934484258,1.3396810912541372e-06
point_reprojection:measurement_ir,166,-0.00040968067585254173,1.6783825616699538e-07
point_reprojection:measurement_ir,167,-0.00094104534141479233,8.8556633459848309e-07
point_reprojection:measurement_ir,168,0.00042640857277547183,1.8182427093641486e-07
point_reprojection:measurement_ir,169,0.00085419941049167389,7.2965663288432325e-07
point_reprojection:measurement_ir,170,-0.00037107667503732955,1.3769789875675988e-07
point_reprojection:measurement_ir,171,-0.00061337271375805358,3.7622608598291912e-07
point_reprojection:measurement_ir,172,0.00027979731141840601,7.8286535476968473e-08
point_reprojection:measurement_ir,173,5.7998348961518789e-05,3.3638084822621074e-09
point_reprojection:measurement_ir,174,-0.00063315227339444391,4.0088180130455265e-07
point_reprojection:measurement_ir,175,0.00070087156281033462,4.9122094755620082e-07
point_reprojection:measurement_ir,176,0.00059966735746002091,3.5960093960308448e-07
point_reprojection:measurement_ir,177,-0.0010227029089378448,1.0459212399499297e-06
point_reprojection:measurement_ir,178,-0.00012516183917341551,1.5665485985271928e-08
point_reprojection:measurement_ir,179,0.00027541623868501122,7.5854104531399069e-08
point_reprojection:measurement_ir,180,0.00067939600501176756,4.6157893162594969e-07
point_reprojection:measurement_ir,181,0.0004503305138769065,2.0279757172863867e-07
point_reprojection:measurement_ir,182,-0.00038240073620272598,1.4623032304838682e-07
point_reprojection:measurement_ir,183,0.00018897581826422539,3.5711859888633542e-08
point_reprojection:measurement_ir,184,-0.00062587893007730604,3.9172443511471337e-07
point_reprojection:measurement_ir,185,-0.00036767001485031868,1.3518123982003355e-07
point_reprojection:measurement_ir,186,-0.0010335187427244819,1.0681609915627939e-06
point_reprojection:measurement_ir,187,0.0037071297057082119,1.3742810654944254e-05
point_reprojection:measurement_ir,188,0.00041044083875476647,1.6846168211771622e-07
point_reprojection:measurement_ir,189,0.00030616986848599483,9.3739988368731376e-08
point_reprojection:measurement_ir,190,0.009510884331314173,9.0456920763637444e-05
point_reprojection:measurement_ir,191,-0.044906418801986092,0.0020165864496193698
point_reprojection:measurement_ir,192,-0.0016363277842629032,2.6775686175507425e-06
point_reprojection:measurement_ir,193,0.0073376490264308817,5.3841093235082064e-05
point_reprojection:measurement_ir,194,0.00063150705946100059,3.9880116614907975e-07
point_reprojection:measurement_ir,195,3.3874300993375075e-05,1.1474682677897717e-09
point_reprojection:measurement_ir,196,-0.001756632357023591,3.0857572377422566e-06
point_reprojection:measurement_ir,197,-0.0018672027942557179,3.4864462748763607e-06
point_reprojection:measurement_ir,198,0.0021309570691073533,4.5409780303786012e-06
point_reprojection:measurement_ir,199,0.0031715921739419173,1.0058996917809616e-05
point_reprojection:measurement_ir,200,-0.0011570695793807317,1.3388100115283033e-06
point_reprojection:measurement_ir,201,-0.0012959838581764415,1.6795741606538949e-06
point_reprojection:measurement_ir,202,0.0005839722491032262,3.4102358772268047e-07
point_reprojection:measurement_ir,203,-0.00035654791146271235,1.2712641316842216e-07
point_reprojection:measurement_ir,204,-0.00030830774328478584,9.5053664569357413e-08
point_reprojection:measurement_ir,205,-7.117998507055745e-06,5.0665902746447815e-11
point_reprojection:measurement_ir,206,7.496709106362687e-05,5.6200647425421239e-09
point_reprojection:measurement_ir,207,0.00026540929360407972,7.0442093131416589e-08
point_reprojection:measurement_ir,208,0.00015913262835738352,2.5323193407929142e-08
point_reprojection:measurement_ir,209,-2.4234825264102256e-05,5.8732675558156897e-10
point_reprojection:measurement_ir,210,-0.00046670657467302591,2.1781502684302872e-07
point_reprojection:measurement_ir,211,0.00012493746277186801,1.5609369603871906e-08
point_reprojection:measurement_ir,212,0.00054769819184912198,2.9997330935479763e-07
point_reprojection:measurement_ir,213,-0.00054044170054794454,2.9207723169115413e-07
point_reprojection:measurement_ir,214,-0.0001369935002458078,1.8767219109598141e-08
point_reprojection:measurement_ir,215,0.00081618350600365375,6.6615551547241628e-07
point_reprojection:measurement_ir,216,-0.00011669585055642528,1.3617921537087542e-08
point_reprojection:measurement_ir,217,-0.00069136129362732388,4.779804383260468e-07
point_reprojection:measurement_ir,218,-0.00011894684903381857,1.4148352895074027e-08
point_reprojection:measurement_ir,219,0.0010588267340153833,1.1211140526656833e-06
point_reprojection:measurement_ir,220,0.00040389003124801092,1.6312715734151923e-07
point_reprojection:measurement_ir,221,-0.0018378582279069632,3.3777228658853232e-06
point_reprojection:measurement_ir,222,-0.00032523787367608745,1.0577967447334262e-07
point_reprojection:measurement_ir,223,0.0016814633190165296,2.8273188931980836e-06
point_reprojection:measurement_ir,224,-0.00068952485839872684,4.7544453034978432e-07
point_reprojection:measurement_ir,225,-0.001330985197228074,1.771521595240255e-06
point_reprojection:measurement_ir,226,-2.5468107946835516e-05,6.4862452239166634e-10
point_reprojection:measurement_ir,227,0.0018213852015151132,3.3174440522982495e-06
point_reprojection:measurement_ir,228,0.0033539267000833204,1.1248824309531791e-05
point_reprojection:measurement_ir,229,-0.0020517508094712866,4.2096813841660802e-06
point_reprojection:measurement_ir,230,-0.0017103287271311273,2.9252243548499823e-06
point_reprojection:measurement_ir,231,0.0013683224764463376,1.8723063995482381e-06
point_reprojection:measurement_ir,232,-0.0028288222463061174,8.0022353011963883e-06
point_reprojection:measurement_ir,233,-0.00071003728725145261,5.0415294928740185e-07
point_reprojection:measurement_ir,234,0.0020108188752601562,4.0433925491025199e-06
point_reprojection:measurement_ir,235,0.00038194953916672605,1.458854504696744e-07
point_reprojection:measurement_ir,236,8.4119462871967696e-05,7.0760840338683513e-09
point_reprojection:measurement_ir,237,-0.0002543984357316731,6.4718564102722205e-08
point_reprojection:measurement_ir,238,-0.00027556713357625997,7.5937245107436311e-08
point_reprojection:measurement_ir,239,-2.42975327523709e-05,5.9037009785253659e-10
point_reprojection:measurement_ir,240,0.00028987299135678767,8.4026351118132301e-08
point_reprojection:measurement_ir,241,0.0002306440876623128,5.3196695173580631e-08
point_reprojection:measurement_ir,242,-0.00025072570906559122,6.2863381186443497e-08
point_reprojection:measurement_ir,243,-0.00022973867531845827,5.2779858937079989e-08
point_reprojection:measurement_ir,244,0.00011978021279901441,1.4347299378177174e-08
point_reprojection:measurement_ir,245,0.00022262061366973285,4.9559937630688442e-08
point_reprojection:measurement_ir,246,-0.00021392819830907684,4.5765274031767707e-08
point_reprojection:measurement_ir,247,-0.00015415441923778418,2.3763584970538523e-08
point_reprojection:measurement_ir,248,0.00010956059966247267,1.2003524998400607e-08
point_reprojection:measurement_ir,249,0.00018465296525391751,3.4096717577064466e-08
point_reprojection:measurement_ir,250,0.00025052617936580643,6.2763366547628223e-08
point_reprojection:measurement_ir,251,-0.00016150562328220985,2.6084066351775084e-08
point_reprojection:measurement_ir,252,-0.0008203179493193602,6.7292153797552036e-07
point_reprojection:measurement_ir,253,-0.00021096145551382505,4.4504735712511587e-08
point_reprojection:measurement_ir,254,0.0017597025877194028,3.0965531972263624e-06
point_reprojection:measurement_ir,255,0.00087299224412618059,7.6211545830446487e-07
point_reprojection:measurement_ir,256,-0.0016301620659987747,2.6574283614213934e-06
point_reprojection:measurement_ir,257,-0.00086549232653396755,7.4907696728917995e-07
point_reprojection:measurement_ir,258,0.00048886284787386103,2.3898688403134178e-07
point_reprojection:measurement_ir,259,0.00032241251644791189,1.0394983076227505e-07
point_reprojection:measurement_ir,260,3.0924883731131558e-05,9.5634843378400528e-10
point_reprojection:measurement_ir,261,-3.7476374131983903e-05,1.4044786180804322e-09
point_reprojection:measurement_ir,262,5.6177569263127225e-05,3.1559192883134568e-09
point_reprojection:measurement_ir,263,-0.000127364093543747,1.6221612324220336e-08
point_reprojection:measurement_ir,264,-8.1566032076807463e-05,6.6530175887547839e-09
point_reprojection:measurement_ir,265,0.00023192141458139304,5.378754254143439e-08
point_reprojection:measurement_ir,266,3.8135791260174298e-05,1.4543385750395863e-09
point_reprojection:measurement_ir,267,-0.00024104205579078553,5.8101272659848161e-08
point_reprojection:measurement_ir,268,8.6043114674794199e-05,7.4034175829397846e-09
point_reprojection:measurement_ir,269,0.00022233605295696179,4.9433320444480922e-08
point_reprojection:measurement_ir,270,-0.00032586290960807674,1.061866358582416e-07
point_reprojection:measurement_ir,271,-0.00015928271067195966,2.5370981919007213e-08
point_reprojection:measurement_ir,272,0.00022267848019055236,4.958570553997422e-08
point_reprojection:measurement_ir,273,3.1191223911264387e-05,9.7289244908263136e-10
point_reprojection:measurement_ir,274,-0.00012723894162718351,1.6189748266405812e-08
point_reprojection:measurement_ir,275,-0.00013256459278636611,1.7573371260615068e-08
point_reprojection:measurement_ir,276,0.0002409946695479448,5.8078430750523115e-08
point_reprojection:measurement_ir,277,0.00031808995831852374,1.0118122158308016e-07
point_reprojection:measurement_ir,278,-0.00045761211413264391,2.0940884700094793e-07
point_reprojection:measurement_ir,279,-0.00031704488781088004,1.0051746088701351e-07
point_reprojection:measurement_ir,280,0.0006954530973871442,4.8365501066537263e-07
point_reprojection:measurement_ir,281,0.00011637544914719911,1.3543245164212327e-08
point_reprojection:measurement_ir,282,-0.00055790262233585959,3.1125533600922876e-07
point_reprojection:measurement_ir,283,-8.5017043670632122e-05,7.2278977144941696e-09
point_reprojection:measurement_ir,284,0.00025427325870168714,6.4654890090775122e-08
point_reprojection:measurement_ir,285,9.1439404627635674e-06,8.3611647186564807e-11
point_reprojection:measurement_ir,286,6.9307797025430767e-05,4.8035707285183098e-09
point_reprojection:measurement_ir,287,-0.00050825640794300848,2.5832457621512988e-07
point_reprojection:measurement_ir,288,7.8596508888040259e-05,6.1774112093877911e-09
point_reprojection:measurement_ir,289,0.0015942998648938555,2.541792059200566e-06
point_reprojection:measurement_ir,290,-0.00028680762841304386,8.2258615715914644e-08
point_reprojection:measurement_ir,291,-0.0010554063648555712,1.1138825949776509e-06
point_reprojection:measurement_ir,292,7.9614588662479941e-05,6.3384827278958798e-09
point_reprojection:measurement_ir,293,8.4990795323847129e-05,7.2234352897800754e-09
point_reprojection:measurement_ir,294,-5.6412321737298046e-05,3.1823500437924296e-09
point_reprojection:measurement_ir,295,-3.4027807646452854e-05,1.1578916932239953e-09
point_reprojection:measurement_ir,296,2.4137589275596837e-05,5.8262321603740748e-10
point_reprojection:measurement_ir,297,3.9840143733727019e-05,1.5872370527240283e-09
point_reprojection:measurement_ir,298,6.6589654147719562e-05,4.4341820395129053e-09
point_reprojection:measurement_ir,299,-0.00022339636010428875,4.9905933707845058e-08
point_reprojection:measurement_ir,300,5.07409728697894e-05,2.5746463277727041e-09
point_reprojection:measurement_ir,301,0.00033849233068394824,1.1457705793185136e-07
point_reprojection:measurement_ir,302,-0.00024475989787333676,5.9907407606966236e-08
point_reprojection:measurement_ir,303,-0.00010364059903622547,1.0741373768587659e-08
point_reprojection:measurement_ir,304,6.5301418158014715e-05,4.264275213447894e-09
point_reprojection:measurement_ir,305,-0.00015042373961478007,2.2627301439695155e-08
point_reprojection:measurement_ir,306,7.032903845356486e-05,4.9461736498030045e-09
point_reprojection:measurement_ir,307,5.2379275587099979e-06,2.7435885110293678e-11
point_reprojection:measurement_ir,308,0.00015279887675205827,2.3347496736690693e-08
point_reprojection:measurement_ir,309,0.00016927168713891659,2.8652904066855263e-08
point_reprojection:measurement_ir,310,3.4434070585120936e-06,1.1857052170610909e-11
point_reprojection:measurement_ir,311,-1.4346694774758361e-05,2.0582765096007886e-10
point_reprojection:measurement_ir,312,-0.00016749388064454251,2.8054200053368252e-08
point_reprojection:measurement_ir,313,-2.8865410115486156e-05,8.3321190113521052e-10
point_reprojection:measurement_ir,314,0.00018741581020549348,3.5124685914981554e-08
point_reprojection:measurement_ir,315,-6.7896130923372772e-05,4.6098845943637766e-09
point_reprojection:measurement_ir,316,-0.003396617551015879,1.1537010787869108e-05
point_reprojection:measurement_ir,317,-0.001343595411253773,1.8052486291421952e-06
point_reprojection:measurement_ir,318,0.0094876852053175746,9.0016170555201987e-05
point_reprojection:measurement_ir,319,0.0042430058071545318,1.8003098279547081e-05
point_reprojection:measurement_ir,320,-0.036667165222036148,0.0013444810054200971
point_reprojection:measurement_ir,321,-0.016995092431733382,0.00028883316676316128
point_reprojection:measurement_ir,322,0.010822054217715048,0.00011711685749116407
point_reprojection:measurement_ir,323,0.005735328817468144,3.2893996644480538e-05
point_reprojection:measurement_ir,324,0.00030362965449057808,9.2190967086067819e-08
point_reprojection:measurement_ir,325,4.1575189243303615e-06,1.7284963606165087e-11
point_reprojection:measurement_ir,326,-0.00010566983071385039,1.1166113123093799e-08
point_reprojection:measurement_ir,327,2.0688444635652559e-05,4.2801174144246113e-10
point_reprojection:measurement_ir,328,3.1042254158819559e-05,9.6362154326075018e-10
point_reprojection:measurement_ir,329,-9.6873036966371728e-05,9.3843852910880242e-09
point_reprojection:measurement_ir,330,-5.8635677669371943e-05,3.4381426957464833e-09
point_reprojection:measurement_ir,331,9.7656126365563983e-05,9.5367190167270009e-09
point_reprojection:measurement_ir,332,5.3999872307031183e-05,2.915986209175673e-09
point_reprojection:measurement_ir,333,-0.00012117227307726353,1.4682719762710925e-08
point_reprojection:measurement_ir,334,-1.0995509478561872e-05,1.2090122869314396e-10
point_reprojection:measurement_ir,335,0.00012922669449153546,1.6699538569208641e-08
point_reprojection:measurement_ir,336,-0.00010522198667786142,1.1071666480436046e-08
point_reprojection:measurement_ir,337,-0.00019717448425353722,3.8877777240648397e-08
point_reprojection:measurement_ir,338,0.00021815778850395873,4.7592820684937989e-08
point_reprojection:measurement_ir,339,0.00012142264691874515,1.4743459184754252e-08
point_reprojection:measurement_ir,340,-9.7972341973218138e-05,9.5985797917172012e-09
point_reprojection:measurement_ir,341,3.4484119021271907e-05,1.189154464673247e-09
point_reprojection:measurement_ir,342,-0.00011180643423358561,1.2500678736029103e-08
point_reprojection:measurement_ir,343,1.0139040387002752e-05,1.0280013996927292e-10
point_reprojection:measurement_ir,344,0.00016715134684091025,2.7939572750730277e-08
point_reprojection:measurement_ir,345,-6.4662376928481535e-05,4.1812229900410212e-09
point_reprojection:measurement_ir,346,-0.00012170144284482376,1.4811241190511906e-08
point_reprojection:measurement_ir,347,0.00016381370858198352,2.683493111938302e-08
point_reprojection:measurement_ir,348,1.5717508654233824e-05,2.4704007829591514e-10
point_reprojection:measurement_ir,349,-0.00022526944516698677,5.0746322925842057e-08
point_reprojection:measurement_ir,350,3.2095834944811942e-05,1.0301426208046114e-09
point_reprojection:measurement_ir,351,0.00010266047304412496,1.0539172725643507e-08
point_reprojection:measurement_ir,352,8.4620042480310081e-05,7.1605515893694831e-09
point_reprojection:measurement_ir,353,-2.2912288756060661e-05,5.249729760411038e-10
point_reprojection:measurement_ir,354,-2.6751965719995496e-05,7.1566766988381414e-10
point_reprojection:measurement_ir,355,-0.00015649500235781488,2.4490685762972487e-08
point_reprojection:measurement_ir,356,-3.3717292058099699e-05,1.1368557837311931e-09
point_reprojection:measurement_ir,357,0.00024690995220453258,6.0964524497644559e-08
point_reprojection:measurement_ir,358,3.3026290793713999e-06,1.0907358835909581e-11
point_reprojection:measurement_ir,359,-5.8112317958602947e-06,3.3770414985217666e-11
point_reprojection:measurement_ir,360,8.9689932337932984e-06,8.0442839627829968e-11
point_reprojection:measurement_ir,361,-6.9606525909193809e-05,4.8450684491472686e-09
point_reprojection:measurement_ir,362,9.2482036711771792e-05,8.5529271143575051e-09
point_reprojection:measurement_ir,363,1.3467350186147087e-06,1.8136952103631597e-12
point_reprojection:measurement_ir,364,-0.00023309285409141013,5.4332278628479411e-08
point_reprojection:measurement_ir,365,-9.0598818303533328e-06,8.2081458779966453e-11
point_reprojection:measurement_ir,366,0.00023099787401861249,5.3360017801118764e-08
point_reprojection:measurement_ir,367,2.1496353679140156e-05,4.620932214986825e-10
point_reprojection:measurement_ir,368,-0.00020736420051434835,4.2999911654954868e-08
point_reprojection:measurement_ir,369,-1.7657779943647255e-05,3.1179719253827122e-10
point_reprojection:measurement_ir,370,0.00011386580313228478,1.2965421122960233e-08
point_reprojection:measurement_ir,371,7.8644867926414015e-06,6.1850152511631044e-11
point_reprojection:measurement_ir,372,-3.9070645993888323e-05,1.5265153783797417e-09
point_reprojection:measurement_ir,373,-1.2674181664351637e-05,1.6063488086098722e-10
point_reprojection:measurement_ir,374,3.2699143184800049e-05,1.0692339650200554e-09
point_reprojection:measurement_ir,375,3.1943612287932408e-05,1.0203943660017463e-09
point_reprojection:measurement_ir,376,-4.9969378756031803e-05,2.4969388132637624e-09
point_reprojection:measurement_ir,377,-4.7280700442797752e-05,2.2354646343615755e-09
point_reprojection:measurement_ir,378,3.9009455576888286e-06,1.5217376244052206e-11
point_reprojection:measurement_ir,379,3.626338198614576e-05,1.3150328730731209e-09
point_reprojection:measurement_ir,380,0.00013650594046339394,1.8633871781795649e-08
point_reprojection:measurement_ir,381,7.7332321274070631e-05,5.9802879136360769e-09
point_reprojection:measurement_ir,382,-0.00025407769978755821,6.4555477529336559e-08
point_reprojection:measurement_ir,383,-0.00032058557439427202,1.0277511050970533e-07
point_reprojection:measurement_ir,384,0.00018501967240354135,3.4232279176313757e-08
point_reprojection:measurement_ir,385,0.00037778627828402025,1.427224720596912e-07
point_reprojection:measurement_ir,386,6.1182086892586088e-05,3.7432477565319545e-09
point_reprojection:measurement_ir,387,-0.00019483104397295393,3.7959135695591109e-08
point_reprojection:measurement_ir,388,-0.00027569560656957035,7.6008067481763322e-08
point_reprojection:measurement_ir,389,3.1449383283188584e-05,9.8906370889290155e-10
point_reprojection:measurement_ir,390,0.00033289171979049569,1.108168971050739e-07
point_reprojection:measurement_ir,391,2.7476847589014141e-05,7.549771534299122e-10
point_reprojection:measurement_ir,392,-0.0002326373339883503,5.4120129165207247e-08
point_reprojection:measurement_ir,393,3.5080148529686993e-05,1.2306168208649004e-09
point_reprojection:measurement_ir,394,4.3851277450812634e-05,1.9229345340681485e-09
point_reprojection:measurement_ir,395,-7.6336072021376827e-05,5.8271958916528297e-09
point_reprojection:measurement_ir,396,0.00011557949462712714,1.3358619578262111e-08
point_reprojection:measurement_ir,397,5.5195354889292503e-05,3.0465272013549456e-09
point_reprojection:measurement_ir,398,-0.0001770493432331932,3.1346469939305053e-08
point_reprojection:measurement_ir,399,-1.2262851953437349e-06,1.5037753803192219e-12
point_reprojection:measurement_ir,400,5.1836224133694484e-05,2.6869941324386104e-09
point_reprojection:measurement_ir,401,5.9492206281674954e-05,3.5393226082613648e-09
point_reprojection:measurement_ir,402,8.6526173618040048e-05,7.4867787209792095e-09
point_reprojection:measurement_ir,403,-0.00023722561501244855,5.6275992418034454e-08
point_reprojection:measurement_ir,404,-0.00012259495833859545,1.5029523810041953e-08
point_reprojection:measurement_ir,405,0.00013240445902056307,1.7530940768527966e-08
point_reprojection:measurement_ir,406,3.899795351571811e-05,1.5208403784141104e-09
point_reprojection:measurement_ir,407,3.1730950513519926e-05,1.0068532204914505e-09
point_reprojection:measurement_ir,408,6.3401270335816665e-05,4.0197210801953061e-09
point_reprojection:measurement_ir,409,-1.8990553638786877e-05,3.6064112750764151e-10
point_reprojection:measurement_ir,410,-4.6436173624897493e-05,2.1563182209216258e-09
point_reprojection:measurement_ir,411,-2.1891861769063327e-05,4.7925361171577652e-10
point_reprojection:measurement_ir,412,5.3371061335383273e-05,2.8484701880652432e-09
point_reprojection:measurement_ir,413,9.1949869113250318e-05,8.4547784299438645e-09
point_reprojection:measurement_ir,414,-0.00010914047857113474,1.1911644062736321e-08
point_reprojection:measurement_ir,415,-8.8772312096807582e-06,7.8805233950130094e-11
point_reprojection:measurement_ir,416,0.00018713516137722764,3.5019568623681033e-08
point_reprojection:measurement_ir,417,-0.00015045558193378384,2.2636882135033544e-08
point_reprojection:measurement_ir,418,-0.00012672613379436371,1.6059512986466971e-08
point_reprojection:measurement_ir,419,2.1818926222749722e-05,4.760655415137955e-10
point_reprojection:measurement_ir,420,6.2669357976119497e-05,3.9274484291390121e-09
point_reprojection:measurement_ir,421,0.00014508128730881254,2.1048579927182209e-08
point_reprojection:measurement_ir,422,-6.686725787403702e-05,4.4712301755929662e-09
point_reprojection:measurement_ir,423,4.3815063924057541e-05,1.9197598266692488e-09
point_reprojection:measurement_ir,424,0.00015194446036730368,2.308711903631112e-08
point_reprojection:measurement_ir,425,-0.00023566781615613763,5.5539319571803088e-08
point_reprojection:measurement_ir,426,-0.00023766880003677214,5.6486458510919184e-08
point_reprojection:measurement_ir,427,0.00011402887553231267,1.3002584455163653e-08
point_reprojection:measurement_ir,428,0.00031796123369076668,1.0109934613015434e-07
point_reprojection:measurement_ir,429,9.1719940195389432e-05,8.4125474294458136e-09
point_reprojection:measurement_ir,430,-0.0002818075820641752,7.9415513308856834e-08
point_reprojection:measurement_ir,431,-8.9782995684117853e-05,8.0609863140143247e-09
point_reprojection:measurement_ir,432,1.2600862260114808e-05,1.5878172969838567e-10
point_reprojection:measurement_ir,433,-0.00011934793998875648,1.4243930779559817e-08
point_reprojection:measurement_ir,434,9.4444088790623934e-05,8.9196859074912576e-09
point_reprojection:measurement_ir,435,0.00032686206974403832,1.0683881263735657e-07
point_reprojection:measurement_ir,436,4.1897101095855763e-05,1.7553670802363581e-09
point_reprojection:measurement_ir,437,-0.00021310593551220335,4.541413975053137e-08
point_reprojection:measurement_ir,438,-9.1740398420370181e-05,8.4163007023282593e-09
point_reprojection:measurement_ir,439,7.1203674735897948e-05,5.0699632958955521e-09
point_reprojection:measurement_ir,440,-0.00011609731839143934,1.3478587337683239e-08
point_reprojection:measurement_ir,441,4.2144040060065889e-05,1.7761201125844385e-09
point_reprojection:measurement_ir,442,0.00028182273167658422,7.9424052089651979e-08
point_reprojection:measurement_ir,443,-0.00015032994566013257,2.2599092562178413e-08
point_reprojection:measurement_ir,444,-0.00030630119304078109,9.3820420858205845e-08
point_reprojection:measurement_ir,445,-3.1725723198405829e-05,1.0065215124618658e-09
point_reprojection:measurement_ir,446,0.00018189303739291063,3.3085077052018784e-08
point_reprojection:measurement_ir,447,-6.5335477813732723e-05,4.2687246611487609e-09
point_reprojection:measurement_ir,448,4.5226017755339852e-05,2.0453926820063155e-09
point_reprojection:measurement_ir,449,9.18818375396313e-05,8.4422720696591999e-09
point_reprojection:measurement_ir,450,-0.00031298497356146981,9.7959593675273953e-08
point_reprojection:measurement_ir,451,0.00031088400662611094,9.6648865575903796e-08
point_reprojection:measurement_ir,452,0.0002939307504448152,8.6395286057052227e-08
point_reprojection:measurement_ir,453,-0.00030190660325501995,9.1147597088984024e-08
point_reprojection:measurement_ir,454,-9.1440375422280345e-05,8.3613422573675706e-09
point_reprojection:measurement_ir,455,-0.00017805962253873985,3.1705229178638509e-08
point_reprojection:measurement_ir,456,9.2949060217506483e-07,8.6395277953176468e-13
point_reprojection:measurement_ir,457,0.00019031670750564446,3.6220449155789023e-08
point_reprojection:measurement_ir,458,0.00011991029957698629,1.4378479944642597e-08
point_reprojection:measurement_ir,459,-7.162158582900702e-05,5.129651556661819e-09
point_reprojection:measurement_ir,460,-9.8845004004033399e-05,9.7703348165573782e-09
point_reprojection:measurement_ir,461,0.00014283739872098523,2.0402522473377711e-08
point_reprojection:measurement_ir,462,-9.3957483386475367e-06,8.8280086843197946e-11
point_reprojection:measurement_ir,463,-3.9585093122695977e-05,1.5669795975325124e-09
point_reprojection:measurement_ir,464,-6.7812728502758542e-06,4.598566146988841e-11
point_reprojection:measurement_ir,465,-4.5326072665829996e-06,2.0544528633081012e-11
point_reprojection:measurement_ir,466,0.00013206225019075647,1.7440437925445957e-08
point_reprojection:measurement_ir,467,0.00011974668460652537,1.4339268474254662e-08
point_reprojection:measurement_ir,468,-0.0001867405745315409,3.4872042176369984e-08
point_reprojection:measurement_ir,469,9.5875339491158234e-05,9.1920807225448454e-09
point_reprojection:measurement_ir,470,0.00012687928754075983,1.6098353606850812e-08
point_reprojection:measurement_ir,471,-0.00022729008657620397,5.1660783455818296e-08
point_reprojection:measurement_ir,472,-0.00019920739307508484,3.9683585455771359e-08
point_reprojection:measurement_ir,473,0.00036947145901535807,1.3650915902693741e-07
point_reprojection:measurement_ir,474,0.00016060696073054713,2.5794595835103508e-08
point_reprojection:measurement_ir,475,-0.00040531226143230014,1.6427802926736522e-07
point_reprojection:measurement_ir,476,0.00022341303333632822,4.9913383464539303e-08
point_reprojection:measurement_ir,477,-0.00034345398880191168,1.1796064242394367e-07
point_reprojection:measurement_ir,478,-0.00022537594743425869,5.0794317681889736e-08
point_reprojection:measurement_ir,479,0.00039652608667779533,1.5723293741600647e-07
metric_depth:measurement_ir,0,-0.00015712633806623801,2.4688686114105717e-08
metric_depth:measurement_ir,1,-6.5125119677489351e-05,4.2412812130073109e-09
metric_depth:measurement_ir,2,3.9903692535414595e-05,1.5923046779609025e-09
metric_depth:measurement_ir,3,0.00013583764814901756,1.8451866654656296e-08
metric_depth:measurement_ir,4,0.00020632072533679493,4.2568241703501171e-08
metric_depth:measurement_ir,5,0.00028014538523093437,7.8481436866188617e-08
metric_depth:measurement_ir,6,0.00034060017256543063,1.1600847755160112e-07
metric_depth:measurement_ir,7,0.00041086983911036156,1.6881402469057439e-07
metric_depth:measurement_ir,8,0.000473001910583637,2.2373080741577093e-07
metric_depth:measurement_ir,9,0.00049254947116663674,2.4260498154653354e-07
metric_depth:measurement_ir,10,0.00046141936751435962,2.1290783271735166e-07
metric_depth:measurement_ir,11,0.00044003233775793412,1.9362845827271262e-07
metric_depth:measurement_ir,12,0.00030831339844548109,9.505715166100198e-08
metric_depth:measurement_ir,13,3.8384194087282003e-05,1.4733463557301346e-09
metric_depth:measurement_ir,14,-0.00044356154041045313,1.9674684013129403e-07
metric_depth:measurement_ir,15,-0.0011923122105086392,1.4216084073279976e-06
metric_depth:measurement_ir,16,-0.0021661694493542607,4.6922900833157414e-06
metric_depth:measurement_ir,17,-0.0034830237687321743,1.2131454573553279e-05
metric_depth:measurement_ir,18,-0.0051469042408140101,2.6490623264109243e-05
metric_depth:measurement_ir,19,-0.0071034719647607323,5.0459313954141702e-05
metric_depth:measurement_ir,20,-0.0088766485999530083,7.87948903670477e-05
metric_depth:measurement_ir,21,-0.0102633676185242,0.0001053367148729711
metric_depth:measurement_ir,22,-0.0026377764613849,6.9578646602362452e-06
metric_depth:measurement_ir,23,-0.0086962488142775744,7.5624743439824113e-05
metric_depth:measurement_ir,24,-0.0067829448429983508,4.6008340743157923e-05
metric_depth:measurement_ir,25,-0.004929722754660304,2.4302166437815575e-05
metric_depth:measurement_ir,26,-0.0033172192282111546,1.1003943408013808e-05
metric_depth:measurement_ir,27,-0.0018174480978500719,3.3031175883788448e-06
metric_depth:measurement_ir,28,-0.00066944708635148238,4.4815940142448909e-07
metric_depth:measurement_ir,29,0.00011218565080675091,1.258562024693425e-08
metric_depth:measurement_ir,30,0.00057156510427098801,3.2668666842030538e-07
metric_depth:measurement_ir,31,0.00072786890187011006,5.2979313830959995e-07
metric_depth:measurement_ir,32,0.00052807766524640696,2.7886602053209622e-07
metric_depth:measurement_ir,33,8.9497374692015805e-05,8.0097800767630718e-09
metric_depth:measurement_ir,34,-0.0006765178863024524,4.5767645048713791e-07
metric_depth:measurement_ir,35,-0.0018310105444270699,3.3525996138031152e-06
metric_depth:measurement_ir,36,-0.0034532698484992081,1.1925072646553744e-05
metric_depth:measurement_ir,37,-0.0054374576441145626,2.9565945631539889e-05
metric_depth:measurement_ir,38,-0.0075284051639900266,5.6676884313191702e-05
metric_depth:measurement_ir,39,-0.009446163849772659,8.9230011476751825e-05
metric_depth:measurement_ir,40,-0.011034140845685858,0.00012175226420243301
metric_depth:measurement_ir,41,-0.0029785488946646676,8.8717535179081127e-06
metric_depth:measurement_ir,42,-0.010306909470316495,0.00010623238282929986
metric_depth:measurement_ir,43,-0.0082725249571741887,6.8434669167069808e-05
metric_depth:measurement_ir,44,-0.006059519319112994,3.6717774378703604e-05
metric_depth:measurement_ir,45,-0.0045834281979733049,2.1007814045976817e-05
metric_depth:measurement_ir,46,-0.0029868318416052197,8.9211644500268279e-06
metric_depth:measurement_ir,47,-0.0018586503756151452,3.4545812187743204e-06
metric_depth:measurement_ir,48,-0.0011780376446152373,1.3877726921306162e-06
metric_depth:measurement_ir,49,-0.0010579336291462128,1.1192235636784766e-06
metric_depth:measurement_ir,50,-0.0014693720858992344,2.1590543268198668e-06
metric_depth:measurement_ir,51,-0.0025029252573619768,6.2646348439405178e-06
metric_depth:measurement_ir,52,-0.0039855732286564922,1.5884793960983336e-05
metric_depth:measurement_ir,53,-0.0059274583274779866,3.5134762223988129e-05
metric_depth:measurement_ir,54,-0.0081784021220205009,6.6886261269469434e-05
metric_depth:measurement_ir,55,-0.010246924949517934,0.00010499947092105312
metric_depth:measurement_ir,56,-0.012195061284745901,0.00014871951973870833
metric_depth:measurement_ir,57,-0.0031817661511443834,1.0123635840568143e-05
metric_depth:measurement_ir,58,-0.010826354187071719,0.00011720994498392535
metric_depth:measurement_ir,59,-0.0084598172829133851,7.1568508460280014e-05
metric_depth:measurement_ir,60,-0.0062597252272434296,3.9184159920587809e-05
metric_depth:measurement_ir,61,-0.0043335272060571308,1.8779458045637323e-05
metric_depth:measurement_ir,62,-0.0027337306075767565,7.473283034801982e-06
metric_depth:measurement_ir,63,-0.00145068968905111,2.1045005739192063e-06
metric_depth:measurement_ir,64,-0.00037486904631318653,1.4052680188375798e-07
metric_depth:measurement_ir,65,0.00022890867563027942,5.239918177880848e-08
metric_depth:measurement_ir,66,0.00054591106533630196,2.9801889125661617e-07
metric_depth:measurement_ir,67,0.00059437581978203367,3.5328261514156457e-07
metric_depth:measurement_ir,68,0.00038641023416055023,1.4931286906401127e-07
metric_depth:measurement_ir,69,-4.9359691819184093e-05,2.4363791764848289e-09
metric_depth:measurement_ir,70,-0.00070797058682794403,5.012223518135034e-07
metric_depth:measurement_ir,71,-0.0016141528922373636,2.6054895595182459e-06
metric_depth:measurement_ir,72,-0.00068013476582351462,4.6258329968180705e-07
metric_depth:measurement_ir,73,-0.0040169881781415562,1.6136194023329019e-05
metric_depth:measurement_ir,74,-0.005199488227952998,2.7034677832621807e-05
metric_depth:measurement_ir,75,-0.0063706095947638989,4.0584666608897845e-05
metric_depth:measurement_ir,76,-0.0075711803208479362,5.7322771450795055e-05
metric_depth:measurement_ir,77,-0.0018951328251222367,3.59152842485579e-06
metric_depth:measurement_ir,78,-0.0061735836446005447,3.8113135016879342e-05
metric_depth:measurement_ir,79,-0.0045414465767129823,2.0624737009138066e-05
metric_depth:measurement_ir,80,-0.0033058218871905966,1.0928458349828397e-05
metric_depth:measurement_ir,81,-0.0020266726474843289,4.1074020200611388e-06
metric_depth:measurement_ir,82,-0.0010011803572332668,1.0023621077097317e-06
metric_depth:measurement_ir,83,-0.00028604574162898188,8.182216630407425e-08
metric_depth:measurement_ir,84,0.00019390347664121068,3.7598558253548536e-08
metric_depth:measurement_ir,85,0.00039015275809788368,1.5221917465138574e-07
metric_depth:measurement_ir,86,0.00036662907207993809,1.3441687649419643e-07
metric_depth:measurement_ir,87,7.9528892902125395e-05,6.3248448062377307e-09
metric_depth:measurement_ir,88,-0.00042373351967066601,1.7955009569249069e-07
metric_depth:measurement_ir,89,-0.0013857470416558826,1.9202948634580307e-06
metric_depth:measurement_ir,90,-0.0027537108989293736,7.5829237148824187e-06
metric_depth:measurement_ir,91,-0.0045068114606519492,2.0311349541863755e-05
metric_depth:measurement_ir,92,-0.0063590097575556125,4.0437005096687489e-05
metric_depth:measurement_ir,93,-0.0080510499028956239,6.4819404538915635e-05
metric_depth:measurement_ir,94,-0.0093998484926781419,8.835715168530354e-05
metric_depth:measurement_ir,95,-0.0024302334723656617,5.9060347302064612e-06
metric_depth:measurement_ir,96,-0.0080177882385737767,6.4284928238611988e-05
metric_depth:measurement_ir,97,-0.0062319191256844592,3.8836815989071755e-05
metric_depth:measurement_ir,98,-0.0045523804557539909,2.0724167813930914e-05
metric_depth:measurement_ir,99,-0.0030553228029533306,9.3349974302465973e-06
metric_depth:measurement_ir,100,-0.0018395149799020239,3.3838153612839435e-06
metric_depth:measurement_ir,101,-0.00095825400050459926,9.1825072948306856e-07
metric_depth:measurement_ir,102,-0.00031954115929977439,1.0210655248664379e-07
metric_depth:measurement_ir,103,7.9658307335517267e-05,6.3454459275597238e-09
metric_depth:measurement_ir,104,0.00030555698388559096,9.3365070401259298e-08
metric_depth:measurement_ir,105,0.00040166553447420485,1.6133520158444865e-07
metric_depth:measurement_ir,106,0.00037492793414912735,1.4057095580533237e-07
metric_depth:measurement_ir,107,0.0003117557812385208,9.7191667135640439e-08
metric_depth:measurement_ir,108,0.00021571558435926619,4.6533213335459692e-08
metric_depth:measurement_ir,109,5.4189521835112942e-05,2.9365042767181824e-09
metric_depth:measurement_ir,110,-0.00014308013399499941,2.0471924744026986e-08
metric_depth:measurement_ir,111,-0.00040139999284560801,1.6112195425645415e-07
metric_depth:measurement_ir,112,-0.00067588211550928545,4.5681663406530709e-07
metric_depth:measurement_ir,113,-0.00099723374692555215,9.9447514600717629e-07
metric_depth:measurement_ir,114,-0.001251996069571515,1.5674941582225219e-06
metric_depth:measurement_ir,115,-0.0014246588061117118,2.029652713831648e-06
metric_depth:measurement_ir,116,-0.0013368293404040445,1.7871126853651127e-06
metric_depth:measurement_ir,117,-0.00099777883122280646,9.9556259603634967e-07
metric_depth:measurement_ir,118,-0.00070920461450345589,5.0297118523299544e-07
metric_depth:measurement_ir,119,-0.0004905966643683257,2.406850870893276e-07
metric_depth:measurement_ir,120,-0.00031706078135700371,1.0052753907471371e-07
metric_depth:measurement_ir,121,-0.0002000050346123494,4.0002013870287083e-08
metric_depth:measurement_ir,122,-0.00011016057774142496,1.2135352888324533e-08
metric_depth:measurement_ir,123,-4.3275582062296536e-05,1.8727760028305618e-09
metric_depth:measurement_ir,124,1.2276418721057782e-05,1.5071045661473798e-10
metric_depth:measurement_ir,125,3.9785950477710941e-05,1.5829218554148675e-09
metric_depth:measurement_ir,126,2.7840819032665109e-05,7.7511120440960782e-10
metric_depth:measurement_ir,127,2.4854121603379299e-05,6.1772736067556556e-10
metric_depth:measurement_ir,128,-6.1514690409048001e-05,3.7840571361210221e-09
metric_depth:measurement_ir,129,-5.5925625430042212e-05,3.1276755797413843e-09
metric_depth:measurement_ir,130,-4.6134667466013472e-05,2.1284075421996419e-09
metric_depth:measurement_ir,131,-4.3668137475982857e-05,1.9069062306213383e-09
metric_depth:measurement_ir,132,-5.1102870908881212e-05,2.6115034151297775e-09
metric_depth:measurement_ir,133,-5.2413389634331514e-05,2.7471634129602502e-09
metric_depth:measurement_ir,134,-5.748831735905569e-05,3.304906632775504e-09
metric_depth:measurement_ir,135,-5.6414890677558561e-05,3.1826398901608839e-09
metric_depth:measurement_ir,136,-3.5784179868869617e-05,1.2805075288876136e-09
metric_depth:measurement_ir,137,-2.2733587128431767e-05,5.1681598372599853e-10
metric_depth:measurement_ir,138,-1.4304089416405929e-05,2.0460697403253612e-10
metric_depth:measurement_ir,139,-1.4433913021250078e-05,2.0833784510501253e-10
metric_depth:measurement_ir,140,-2.3533753449989096e-05,5.5383755144487367e-10
metric_depth:measurement_ir,141,-6.0503664950761764e-05,3.6606934724740373e-09
metric_depth:measurement_ir,142,-9.5848316696312005e-05,9.1868998135165226e-09
metric_depth:measurement_ir,143,-0.00013368622791203323,1.7872007533348094e-08
metric_depth:measurement_ir,144,-0.00015928301019680903,2.5371077337356769e-08
metric_depth:measurement_ir,145,-8.9502742607550103e-05,8.010740934273365e-09
metric_depth:measurement_ir,146,-3.4828636751527142e-05,1.2130339379698271e-09
metric_depth:measurement_ir,147,5.7391152313179826e-06,3.293744363834606e-11
metric_depth:measurement_ir,148,2.8780612997358903e-05,8.2832368450374423e-10
metric_depth:measurement_ir,149,3.1388385868069693e-05,9.8523076740283717e-10
metric_depth:measurement_ir,150,6.6819683516960999e-06,4.4648701053068298e-11
metric_depth:measurement_ir,151,-2.1979031802210616e-05,4.8307783896258559e-10
metric_depth:measurement_ir,152,-7.265754395584523e-05,5.279118693695582e-09
metric_depth:measurement_ir,153,-0.0001579378881880089,2.4944376525288001e-08
metric_depth:measurement_ir,154,-0.00026696352706645499,7.1269524783761845e-08
metric_depth:measurement_ir,155,-0.00038511605278550575,1.4831437411308845e-07
metric_depth:measurement_ir,156,-0.00051444301562186823,2.6465161632212178e-07
metric_depth:measurement_ir,157,-0.00064716358880971829,4.1882071068107412e-07
metric_depth:measurement_ir,158,-0.00076457033449877092,5.8456779639556243e-07
metric_depth:measurement_ir,159,-0.00082082405725687486,6.7375213297163733e-07
metric_depth:measurement_ir,160,-0.0001592380609410471,2.5356760052264629e-08
metric_depth:measurement_ir,161,-0.00010553191642876937,1.1136985385128763e-08
metric_depth:measurement_ir,162,-0.00023814305655696087,5.6712115386291863e-08
metric_depth:measurement_ir,163,-0.00010399163637888619,1.0814260436758486e-08
metric_depth:measurement_ir,164,-9.9900713627754108e-06,9.9801525833345359e-11
metric_depth:measurement_ir,165,4.4709746652404904e-05,1.9989614457222317e-09
metric_depth:measurement_ir,166,7.5371315760630608e-05,5.6808352394886836e-09
metric_depth:measurement_ir,167,8.037463410923707e-05,6.4600818081937352e-09
metric_depth:measurement_ir,168,7.4887350747676606e-05,5.6081153020055399e-09
metric_depth:measurement_ir,169,5.5850573280302741e-05,3.1192865357384666e-09
metric_depth:measurement_ir,170,3.7648916019072948e-05,1.4174408774112076e-09
metric_depth:measurement_ir,171,2.8658749282861606e-05,8.2132391045792063e-10
metric_depth:measurement_ir,172,2.7542800910396182e-05,7.586058819897208e-10
metric_depth:measurement_ir,173,2.6217950862239549e-05,6.8738094741480752e-10
metric_depth:measurement_ir,174,3.1437729475847218e-05,9.8833083459655293e-10
metric_depth:measurement_ir,175,2.2467844862372743e-05,5.0480405275964927e-10
metric_depth:measurement_ir,176,9.1437609746058968e-06,8.3608364760725783e-11
metric_depth:measurement_ir,177,-1.1940762904405489e-05,1.425818187392262e-10
metric_depth:measurement_ir,178,-3.7021490468802654e-05,1.3705907565316457e-09
metric_depth:measurement_ir,179,-4.1094664578889001e-05,1.6887714568513943e-09
metric_depth:measurement_ir,180,-3.7122469704264918e-05,1.3780777569440666e-09
metric_depth:measurement_ir,181,-3.6103364239625789e-05,1.3034529094190903e-09
metric_depth:measurement_ir,182,-3.7144504723762847e-05,1.3797142311736405e-09
metric_depth:measurement_ir,183,-2.9858916735747699e-05,8.9155490863231398e-10
metric_depth:measurement_ir,184,-2.6716932717985034e-05,7.1379449385733915e-10
metric_depth:measurement_ir,185,-1.6484875043776272e-05,2.7175110520891778e-10
metric_depth:measurement_ir,186,-9.7802497816879001e-06,9.5653285792206218e-11
metric_depth:measurement_ir,187,-3.9091700190674318e-06,1.5281610237975665e-11
metric_depth:measurement_ir,188,9.5664428165775908e-07,9.151682816284899e-13
metric_depth:measurement_ir,189,4.1546805519487867e-06,1.7261370488741474e-11
metric_depth:measurement_ir,190,5.6361915835800854e-06,3.1766655566818993e-11
metric_depth:measurement_ir,191,3.4988154933301981e-07,1.2241709856367436e-13
metric_depth:measurement_ir,192,-1.1558678687695335e-05,1.3360305300538234e-10
metric_depth:measurement_ir,193,-1.2409772119248432e-05,1.540024440516757e-10
metric_depth:measurement_ir,194,-2.052247132233731e-05,4.2117182917615731e-10
metric_depth:measurement_ir,195,-1.75339830735588e-05,3.0744056242384649e-10
metric_depth:measurement_ir,196,-1.8196797347158622e-05,3.3112343369355905e-10
metric_depth:measurement_ir,197,-9.1188644370632239e-06,8.3153688621536392e-11
metric_depth:measurement_ir,198,-2.7344306206877892e-06,7.4771108193550076e-12
metric_depth:measurement_ir,199,3.9703851714811831e-06,1.5763958409917663e-11
metric_depth:measurement_ir,200,1.3810610019948656e-05,1.9073294912310623e-10
metric_depth:measurement_ir,201,1.8720789915249723e-05,3.5046797505091576e-10
metric_depth:measurement_ir,202,3.8523987485383774e-06,1.4840976117740057e-11
metric_depth:measurement_ir,203,-5.6588542834745684e-06,3.2022631801598472e-11
metric_depth:measurement_ir,204,-9.5486608728379003e-06,9.1176924464465452e-11
metric_depth:measurement_ir,205,-1.1631814160306675e-05,1.3529910065991087e-10
metric_depth:measurement_ir,206,-1.148721029018418e-05,1.3195600025091332e-10
metric_depth:measurement_ir,207,-5.3583821197911172e-06,2.8712258941697146e-11
metric_depth:measurement_ir,208,-4.0338412871321344e-06,1.6271875529771835e-11
metric_depth:measurement_ir,209,-1.7395282997334505e-05,3.0259587055735494e-10
metric_depth:measurement_ir,210,-2.9146610717223356e-05,8.4952491630135937e-10
metric_depth:measurement_ir,211,-2.7669590034573591e-05,7.6560621268137417e-10
metric_depth:measurement_ir,212,-2.3739185997140311e-05,5.6354895180682267e-10
metric_depth:measurement_ir,213,-3.6309918103683005e-05,1.3184101526961667e-09
metric_depth:measurement_ir,214,-4.1174950357802947e-05,1.6953765369675371e-09
metric_depth:measurement_ir,215,-4.0838715770608051e-05,1.6678007057925107e-09
metric_depth:measurement_ir,216,-3.7045943612667999e-05,1.3724019381529769e-09
metric_depth:measurement_ir,217,-3.1705076092425345e-05,1.0052118500264812e-09
metric_depth:measurement_ir,218,-7.1746075920309238e-06,5.147499409962777e-11
metric_depth:measurement_ir,219,1.1680887503651148e-05,1.3644313287295355e-10
metric_depth:measurement_ir,220,3.3373000003145142e-05,1.1137571292099256e-09
metric_depth:measurement_ir,221,5.0801922564858157e-05,2.5808353362858444e-09
metric_depth:measurement_ir,222,4.4100092582866071e-05,1.944818165817359e-09
metric_depth:measurement_ir,223,2.6392647081419084e-05,6.9657181996433936e-10
metric_depth:measurement_ir,224,2.344306238999394e-06,5.4957717422114838e-12
metric_depth:measurement_ir,225,-9.1976565716578314e-06,8.4596886410160489e-11
metric_depth:measurement_ir,226,-2.6208570387709075e-06,6.8688916176750107e-12
metric_depth:measurement_ir,227,-2.2720900672812407e-05,5.162393273838073e-10
metric_depth:measurement_ir,228,-6.8090787193231248e-05,4.6363553005939042e-09
metric_depth:measurement_ir,229,-0.00010475217468997045,1.0973018102278084e-08
metric_depth:measurement_ir,230,-0.00013114160723608491,1.7198121148463559e-08
metric_depth:measurement_ir,231,-0.00013561968560207304,1.8392699122805138e-08
metric_depth:measurement_ir,232,-0.00012607836594051848,1.589575435823129e-08
metric_depth:measurement_ir,233,-9.9652044927012184e-05,9.9305300581352548e-09
metric_depth:measurement_ir,234,-4.9720616031390109e-05,2.4721396585409273e-09
metric_depth:measurement_ir,235,1.5132647110505105e-06,2.2899700857107847e-12
metric_depth:measurement_ir,236,2.7491348905428483e-05,7.557742646400038e-10
metric_depth:measurement_ir,237,3.2793451261170503e-05,1.0754104456187654e-09
metric_depth:measurement_ir,238,-2.7817026909815469e-05,7.737869861013979e-10
metric_depth:measurement_ir,239,-0.00014393151349336719,2.071628057649134e-08
temporal_acceleration:state_sequence,0,-0.0026520099802584962,7.0331569353906694e-06
temporal_acceleration:state_sequence,1,-0.0048027956233113135,2.3066845799298308e-05
temporal_acceleration:state_sequence,2,9.3054241601109311e-05,8.6590918799576234e-09
temporal_acceleration:state_sequence,3,0.002692539562853119,7.2497692975292655e-06
temporal_acceleration:state_sequence,4,-0.0059045873059809257,3.4864151253951086e-05
temporal_acceleration:state_sequence,5,-6.4963261423578444e-05,4.2202253347881955e-09
temporal_acceleration:state_sequence,6,0.0054385563999830022,2.9577895715796075e-05
temporal_acceleration:state_sequence,7,-0.015849122031831107,0.00025119466917987421
temporal_acceleration:state_sequence,8,-0.00018179198875589719,3.3048327175824255e-08
temporal_acceleration:state_sequence,9,0.0023129894378340343,5.3499201395318017e-06
temporal_acceleration:state_sequence,10,-0.0034320050695217093,1.1778658797222712e-05
temporal_acceleration:state_sequence,11,2.3868447902586354e-05,5.6970280527847893e-10
temporal_acceleration:state_sequence,12,0.0038499038883921255,1.4821759949856808e-05
temporal_acceleration:state_sequence,13,-0.0074686337556580541,5.5780490176154926e-05
temporal_acceleration:state_sequence,14,-9.5499089711736929e-05,9.1200761357703778e-09
temporal_acceleration:state_sequence,15,-0.0002329886786865687,5.4283724396113148e-08
temporal_acceleration:state_sequence,16,0.0009060305212055253,8.2089130535595581e-07
temporal_acceleration:state_sequence,17,7.0106280074533345e-05,4.9148905058889109e-09
temporal_acceleration:state_sequence,18,0.0017007216365354239,2.8924540849797305e-06
temporal_acceleration:state_sequence,19,0.0079470035552976197,6.3154865507913005e-05
temporal_acceleration:state_sequence,20,-5.8125679083254056e-05,3.378594568889438e-09
temporal_acceleration:state_sequence,21,-0.0015125956265513163,2.2879455294621692e-06
temporal_acceleration:state_sequence,22,-0.0042950408641068052,1.8447376024347332e-05
temporal_acceleration:state_sequence,23,-0.00030417507778768282,9.2522477947142894e-08
temporal_acceleration:state_sequence,24,-0.0039195069710695751,1.5362534896262994e-05
temporal_acceleration:state_sequence,25,0.0021198971674623482,4.493964000614887e-06
temporal_acceleration:state_sequence,26,-0.00036198331596626332,1.3103192103793163e-07
temporal_acceleration:state_sequence,27,-0.01960478011478986,0.00038434740334925991
temporal_acceleration:state_sequence,28,0.0089741063044917278,8.0534583964318171e-05
temporal_acceleration:state_sequence,29,6.9593384970367822e-05,4.8432392316338178e-09
temporal_acceleration:state_sequence,30,-0.0095743899368211371,9.1668942662301859e-05
temporal_acceleration:state_sequence,31,0.0090734225081693185,8.2326996011753607e-05
temporal_acceleration:state_sequence,32,-0.00078808506825733815,6.210780748101733e-07
temporal_acceleration:state_sequence,33,-0.01406877877223614,0.00019793053614212223
temporal_acceleration:state_sequence,34,0.014172260962058536,0.00020085298077668833
temporal_acceleration:state_sequence,35,-0.00098721617889818702,9.7459578387833718e-07
temporal_acceleration:state_sequence,36,-0.013766667161332347,0.00018952112473090641
temporal_acceleration:state_sequence,37,0.015535429888566803,0.00024134958182257476
temporal_acceleration:state_sequence,38,-0.0015144037867109716,2.29341882920453e-06
temporal_acceleration:state_sequence,39,-0.0082268501367553648,6.7681063172631763e-05
temporal_acceleration:state_sequence,40,0.033202437041390476,0.0011024018254874983
temporal_acceleration:state_sequence,41,-0.0019057495400032209,3.6318813092224882e-06
temporal_acceleration:state_sequence,42,-0.019084839214403154,0.00036423108783962041
temporal_acceleration:state_sequence,43,0.050282620970360993,0.0025283419716489869
temporal_acceleration:state_sequence,44,-0.0016079040624816798,2.5853554741450899e-06
temporal_acceleration:state_sequence,45,-0.0058993685283717512,3.4802549033543079e-05
temporal_acceleration:state_sequence,46,0.046413238371438958,0.0021541886961240135
temporal_acceleration:state_sequence,47,-0.0024499791466592313,6.0023978190650955e-06
temporal_acceleration:state_sequence,48,-0.0058192516437480246,3.3863689693264086e-05
temporal_acceleration:state_sequence,49,0.046359704810413141,0.0021492222301086432
temporal_acceleration:state_sequence,50,-0.0024787582335994429,6.1442423806370302e-06
temporal_acceleration:state_sequence,51,-0.0028395131505898341,8.0628349323726058e-06
temporal_acceleration:state_sequence,52,0.048689013726778398,0.002370620057686415
temporal_acceleration:state_sequence,53,-0.0020906232276063363,4.3707054798071356e-06
temporal_acceleration:state_sequence,54,-0.083589291954420109,0.0069871697294412822
temporal_acceleration:state_sequence,55,0.052543629700039084,0.0027608330220548292
temporal_acceleration:state_sequence,56,0.0013099363482460546,1.715933236456209e-06
temporal_acceleration:state_sequence,57,-0.016287061346156977,0.00026526836729348071
temporal_acceleration:state_sequence,58,-0.0020509121748890219,4.2062407491080178e-06
temporal_acceleration:state_sequence,59,0.002760411547293451,7.6198719104310242e-06
temporal_acceleration:state_sequence,60,0.053946651991334194,0.0029102412610741216
temporal_acceleration:state_sequence,61,-0.16512905696498945,0.027267605454146731
temporal_acceleration:state_sequence,62,0.0078498627968270895,6.1620345929010016e-05
temporal_acceleration:state_sequence,63,0.036204723739962363,0.0013107820210869943
temporal_acceleration:state_sequence,64,-0.34922433362131416,0.12195763519325094
temporal_acceleration:state_sequence,65,0.015304251844838745,0.00023422012453025014
temporal_acceleration:state_sequence,66,0.0088753582251313232,7.8771983624406232e-05
temporal_acceleration:state_sequence,67,0.045058308245257653,0.0020302511419246537
temporal_acceleration:state_sequence,68,0.00041747814297998787,1.7428799986601919e-07
temporal_acceleration:state_sequence,69,-0.043723348999951082,0.0019117312477715234
temporal_acceleration:state_sequence,70,0.0015239102388717547,2.3223024161381685e-06
temporal_acceleration:state_sequence,71,-0.0004291563067226889,1.8417513559985863e-07
temporal_acceleration:state_sequence,72,-0.0092778934324581029,8.6079306544049205e-05
temporal_acceleration:state_sequence,73,0.042276263004242622,0.0017872824136038934
temporal_acceleration:state_sequence,74,-0.00171941829920641,2.9563992876458637e-06
temporal_acceleration:state_sequence,75,0.083817444989258277,0.0070253640845273375
temporal_acceleration:state_sequence,76,0.019713593576140723,0.00038862577168525679
temporal_acceleration:state_sequence,77,-0.0008052314006290473,6.483976085590173e-07
temporal_acceleration:state_sequence,78,0.0070012652151795612,4.9017714613283311e-05
temporal_acceleration:state_sequence,79,0.020472772289078692,0.00041913440520046838
temporal_acceleration:state_sequence,80,-0.0025126437061606666,6.3133783941088104e-06
temporal_acceleration:state_sequence,81,0.00039339408398675335,1.5475890531577676e-07
temporal_acceleration:state_sequence,82,0.029402480650766536,0.00086450586841870056
temporal_acceleration:state_sequence,83,-0.0026169162452882588,6.8482506348535987e-06
temporal_acceleration:state_sequence,84,0.012877081696669873,0.00016581923302271025
temporal_acceleration:state_sequence,85,0.014041400602936904,0.00019716093089215686
temporal_acceleration:state_sequence,86,-0.00230180916924283,5.2983254516103667e-06
temporal_acceleration:state_sequence,87,0.012604302682325125,0.00015886844610766833
temporal_acceleration:state_sequence,88,0.019652056714849667,0.00038620333312366787
temporal_acceleration:state_sequence,89,-0.0021648261133222491,4.6864721009219148e-06
temporal_acceleration:state_sequence,90,0.012436922395823932,0.00015467703867974689
temporal_acceleration:state_sequence,91,-0.021161722546654278,0.00044781850114157605
temporal_acceleration:state_sequence,92,-0.0025435359587344664,6.4695751733752613e-06
temporal_acceleration:state_sequence,93,0.012992604279021339,0.0001688077659512436
temporal_acceleration:state_sequence,94,0.055626367969568241,0.0030942928134858076
temporal_acceleration:state_sequence,95,-0.0017056360995049147,2.9091945039343393e-06
temporal_acceleration:state_sequence,96,0.020360356420982897,0.00041454411358945949
temporal_acceleration:state_sequence,97,0.019259788329725001,0.00037093944650581131
temporal_acceleration:state_sequence,98,-0.0023388212174291212,5.4700846870966367e-06
temporal_acceleration:state_sequence,99,0.013620792547817534,0.00018552598963068168
temporal_acceleration:state_sequence,100,0.022911182207669682,0.00052492227015303984
temporal_acceleration:state_sequence,101,-0.0027748385509296369,7.699728983725288e-06
temporal_acceleration:state_sequence,102,0.0046519043325048831,2.1640213918777701e-05
temporal_acceleration:state_sequence,103,0.013820776077536108,0.00019101385138539436
temporal_acceleration:state_sequence,104,-0.0033411903281965749,1.1163552809234335e-05
temporal_acceleration:state_sequence,105,0.021298777699589044,0.00045363793149651161
temporal_acceleration:state_sequence,106,0.048148898433854746,0.0023183164203936599
temporal_acceleration:state_sequence,107,-0.0025852035110229821,6.6832771934055541e-06
temporal_acceleration:state_sequence,108,0.069072882296710922,0.0047710630687752813
temporal_acceleration:state_sequence,109,0.080080571958943192,0.0064128980052714788
temporal_acceleration:state_sequence,110,-0.00076256945900077255,5.8151217980073094e-07
temporal_acceleration:state_sequence,111,0.090967017782503448,0.0082749983242422984
temporal_acceleration:state_sequence,112,0.079468262407718426,0.0063152047301019932
temporal_acceleration:state_sequence,113,0.0012370631006630717,1.5303251150221331e-06
temporal_acceleration:state_sequence,114,-0.09449506467791223,0.008929317248482815
temporal_acceleration:state_sequence,115,0.030192516168701094,0.00091158803259727694
temporal_acceleration:state_sequence,116,0.0023555834990673929,5.5487736210785827e-06
temporal_acceleration:state_sequence,117,0.021652488956038912,0.00046883027799138707
temporal_acceleration:state_sequence,118,-0.042275030475151867,0.0017871782016750191
temporal_acceleration:state_sequence,119,0.0050565875924313275,2.5569078079930449e-05
temporal_acceleration:state_sequence,120,-0.048446279708063054,0.002347042017551882
temporal_acceleration:state_sequence,121,-0.39447132672706764,0.15560762760981295
temporal_acceleration:state_sequence,122,0.017766720295107064,0.00031565635004456922
temporal_acceleration:state_sequence,123,-0.0013489752272779001,1.8197341638094624e-06
temporal_acceleration:state_sequence,124,-0.046140426055984757,0.002128938916627797
temporal_acceleration:state_sequence,125,0.003050702891429502,9.3067881317763233e-06
temporal_acceleration:state_sequence,126,-0.023952360780964965,0.00057371558698150857
temporal_acceleration:state_sequence,127,-0.031381155393914749,0.0009847769138570247
temporal_acceleration:state_sequence,128,0.0012758651779920527,1.6278319524126922e-06
temporal_acceleration:state_sequence,129,0.11556412570555313,0.013355067150088886
temporal_acceleration:state_sequence,130,0.070427134693719584,0.0049599813011673207
temporal_acceleration:state_sequence,131,-0.0052636751208678945,2.7706275778043643e-05
temporal_acceleration:state_sequence,132,-0.094843229321288913,0.0089952381480905962
temporal_acceleration:state_sequence,133,0.0076545304148830703,5.8591835872369986e-05
temporal_acceleration:state_sequence,134,0.00086075168020283144,7.4089345497199735e-07
temporal_acceleration:state_sequence,135,-0.014741133479832108,0.00021730101627022707
temporal_acceleration:state_sequence,136,0.0076326807922969305,5.8257816077098498e-05
temporal_acceleration:state_sequence,137,-0.0033458206455572181,1.1194515792236919e-05
temporal_acceleration:state_sequence,138,-0.030783171368707202,0.0009476036395151948
temporal_acceleration:state_sequence,139,0.03002123317510625,0.00090127444135410016
temporal_acceleration:state_sequence,140,-0.0031969195356440494,1.0220294517382564e-05
temporal_acceleration:state_sequence,141,-0.02206531353766028,0.00048687806151525404
temporal_acceleration:state_sequence,142,0.037623007312182821,0.001415490679212562
temporal_acceleration:state_sequence,143,-0.00400363368236345,1.6029082662555117e-05
temporal_acceleration:state_sequence,144,-0.031903452524140452,0.0010178302829600837
temporal_acceleration:state_sequence,145,0.04198059992725145,0.0017623707702519443
temporal_acceleration:state_sequence,146,-0.003796731944443188,1.4415173457955351e-05
temporal_acceleration:state_sequence,147,-0.02385142861520681,0.00056889064698630628
temporal_acceleration:state_sequence,148,0.038520310243745214,0.0014838143012743824
temporal_acceleration:state_sequence,149,-0.0044436765336408612,1.974626113563046e-05
temporal_acceleration:state_sequence,150,-0.042880021611948205,0.0018386962534411451
temporal_acceleration:state_sequence,151,0.056258916742301879,0.0031650657130172545
temporal_acceleration:state_sequence,152,-0.003207819998798378,1.0290109144690825e-05
temporal_acceleration:state_sequence,153,-0.032985131075708718,0.0010880188720816849
temporal_acceleration:state_sequence,154,0.057737783380825768,0.0033336516297311604
temporal_acceleration:state_sequence,155,-0.0032802651966212792,1.076013976016484e-05
temporal_acceleration:state_sequence,156,-0.028288404667332484,0.00080023383862275828
temporal_acceleration:state_sequence,157,0.086200405182655856,0.0074305098536540425
temporal_acceleration:state_sequence,158,-0.0022075621122930045,4.8733304796315517e-06
temporal_acceleration:state_sequence,159,-0.076986552828110996,0.0059269293163555252
temporal_acceleration:state_sequence,160,0.028480882116999309,0.00081116064616241102
temporal_acceleration:state_sequence,161,0.0013030069074648765,1.6978270009011812e-06
temporal_acceleration:state_sequence,162,0.0054100448694777148,2.9268585489762143e-05
temporal_acceleration:state_sequence,163,0.13407503917699745,0.017976116130313403
temporal_acceleration:state_sequence,164,0.00085990351621045846,7.3943405719111016e-07
temporal_acceleration:state_sequence,165,-0.035108886145615407,0.0012326338863857854
temporal_acceleration:state_sequence,166,-0.13324907613852893,0.017755316291771482
temporal_acceleration:state_sequence,167,0.01011523582425955,0.00010231799578038377
temporal_acceleration:state_sequence,168,0.076853722066340557,0.0059064945954503218
temporal_acceleration:state_sequence,169,-0.39015802331180155,0.15222328315457229
temporal_acceleration:state_sequence,170,0.017376526695267458,0.00030194367999134258
temporal_acceleration:state_sequence,171,0.0051344872966124083,2.6362959799074199e-05
temporal_acceleration:state_sequence,172,-0.050694805379255123,0.0025699632924405542
temporal_acceleration:state_sequence,173,0.0033273320475180057,1.1071138554440364e-05
temporal_acceleration:state_sequence,174,0.039502067005901045,0.001560413297738696
temporal_acceleration:state_sequence,175,0.032067281515619571,0.0010283105438019967
temporal_acceleration:state_sequence,176,-0.0011888917749169892,1.4134636524652688e-06
temporal_acceleration:state_sequence,177,-0.017198767470887576,0.00029579760251766064
temporal_acceleration:state_sequence,178,-0.011753604122342741,0.00013814720986475226
temporal_acceleration:state_sequence,179,-0.0019563859605975509,3.8274460268232015e-06
temporal_acceleration:state_sequence,180,0.031022299065246069,0.00096238303929356713
temporal_acceleration:state_sequence,181,0.044939092392841322,0.002019522025092329
temporal_acceleration:state_sequence,182,-0.0023314387336137443,5.4356065685944598e-06
temporal_acceleration:state_sequence,183,0.03441206568024241,0.0011841902643813175
temporal_acceleration:state_sequence,184,0.030420877825226511,0.00092542980765735806
temporal_acceleration:state_sequence,185,-0.0022625405711051982,5.119089835897037e-06
temporal_acceleration:state_sequence,186,0.059860355765796805,0.0035832621924077627
temporal_acceleration:state_sequence,187,0.076223883225591649,0.0058100803739886322
temporal_acceleration:state_sequence,188,-0.0014801448270551631,2.1908287090581587e-06
temporal_acceleration:state_sequence,189,-0.014844133633273096,0.00022034830332246953
temporal_acceleration:state_sequence,190,-0.042958764979111698,0.0018454554885305537
temporal_acceleration:state_sequence,191,-0.0033717351485318403,1.1368597911845032e-05
temporal_acceleration:state_sequence,192,0.0094950221635623638,9.0155445886540519e-05
temporal_acceleration:state_sequence,193,0.024114927886901522,0.00058152974699046071
temporal_acceleration:state_sequence,194,-0.0020483952302674524,4.1959230193824495e-06
temporal_acceleration:state_sequence,195,0.0074029867450010889,5.4804212746661819e-05
temporal_acceleration:state_sequence,196,0.023568216406477781,0.00055546082458256848
temporal_acceleration:state_sequence,197,-0.0019181259661449346,3.6792072219994389e-06
temporal_acceleration:state_sequence,198,0.0059259786917305324,3.5117223454844312e-05
temporal_acceleration:state_sequence,199,0.025397791013663538,0.00064504778837372843
temporal_acceleration:state_sequence,200,-0.0018316452861943944,3.354924454438145e-06
temporal_acceleration:state_sequence,201,0.012522481113166617,0.00015681253322961464
temporal_acceleration:state_sequence,202,0.026458813310763944,0.00070006880181385921
temporal_acceleration:state_sequence,203,-0.0016271738597017915,2.6476947696968257e-06
temporal_acceleration:state_sequence,204,0.016662820348239821,0.00027764958195771502
temporal_acceleration:state_sequence,205,0.022710595107679633,0.00051577113014496202
temporal_acceleration:state_sequence,206,-0.001591721207350183,2.533576401928324e-06
temporal_acceleration:state_sequence,207,0.010670525429671979,0.00011386011294527637
temporal_acceleration:state_sequence,208,0.023012840100941342,0.00052959080951149389
temporal_acceleration:state_sequence,209,-0.0017683672171475706,3.1271226146822433e-06
temporal_acceleration:state_sequence,210,0.02372704287283374,0.0005629725634892904
temporal_acceleration:state_sequence,211,0.019636068721101612,0.00038557519481982507
temporal_acceleration:state_sequence,212,-0.0014300276117662492,2.0449789704138824e-06
temporal_acceleration:state_sequence,213,0.0093265667445150552,8.698484723989416e-05
temporal_acceleration:state_sequence,214,0.042924140413428673,0.0018424818302317405
temporal_acceleration:state_sequence,215,-0.001357592455648593,1.843057275633977e-06
temporal_acceleration:state_sequence,216,0.10960356166013416,0.012012940728586829
temporal_acceleration:state_sequence,217,0.041908724180100373,0.0017563411624037298
temporal_acceleration:state_sequence,218,0.00081392189311468854,6.6246884809139843e-07
temporal_acceleration:state_sequence,219,-0.044467418915409437,0.0019773513449985129
temporal_acceleration:state_sequence,220,0.012265588565049605,0.00015044466284707563
temporal_acceleration:state_sequence,221,8.1276307146715965e-05,6.6058381034073127e-09
temporal_acceleration:state_sequence,222,0.011418699983319902,0.00013038670930906994
temporal_acceleration:state_sequence,223,0.084628274431858316,0.0071619448333139239
temporal_acceleration:state_sequence,224,-0.00021035256623669341,4.4248202122362484e-08
temporal_acceleration:state_sequence,225,0.0075911147925274668,5.7625023793329325e-05
temporal_acceleration:state_sequence,226,-0.1922915931631495,0.036976056801222207
temporal_acceleration:state_sequence,227,0.0085087124745930609,7.2398187975295574e-05
temporal_acceleration:state_sequence,228,-0.032377306082148928,0.001048289949137158
temporal_acceleration:state_sequence,229,-0.23276198743934337,0.054178142796713041
temporal_acceleration:state_sequence,230,0.010116418825210083,0.00010234192984706495
temporal_acceleration:state_sequence,231,-0.025544074544200865,0.00065249974431969059
temporal_acceleration:state_sequence,232,-0.02637496719249979,0.00069563889440544028
temporal_acceleration:state_sequence,233,0.0016084957999940031,2.5872587385983477e-06
temporal_acceleration:state_sequence,234,0.039803997989465364,0.0015843582559453627
temporal_acceleration:state_sequence,235,0.037411527493708956,0.0013996223894125412
temporal_acceleration:state_sequence,236,-0.0028322312740369782,8.0215339896331238e-06
temporal_acceleration:state_sequence,237,-0.057565522555152321,0.0033137893870477508
temporal_acceleration:state_sequence,238,-0.0069549929494028186,4.8371926926242916e-05
temporal_acceleration:state_sequence,239,0.00031088964417058662,9.6652370852513968e-08
temporal_acceleration:state_sequence,240,-0.0087728045451053449,7.6962099586620999e-05
temporal_acceleration:state_sequence,241,-0.0022733861464681623,5.1682845709533608e-06
temporal_acceleration:state_sequence,242,-0.0018118353532514675,3.28274734729187e-06
temporal_acceleration:state_sequence,243,-0.0072580308208107513,5.267901139583879e-05
temporal_acceleration:state_sequence,244,0.03122205494564232,0.0009748167150287081
temporal_acceleration:state_sequence,245,-0.0022168405331912666,4.9143819495997395e-06
temporal_acceleration:state_sequence,246,-0.020262141913720833,0.00041055439493176252
temporal_acceleration:state_sequence,247,0.012333294755206711,0.00015211015951880938
temporal_acceleration:state_sequence,248,-0.0016798956952435162,2.8220495468976967e-06
temporal_acceleration:state_sequence,249,-0.011167497912462493,0.00012471300962485415
temporal_acceleration:state_sequence,250,0.036033485259942953,0.0012984120599785261
temporal_acceleration:state_sequence,251,-0.0020264281200965684,4.1064109259181125e-06
temporal_acceleration:state_sequence,252,-0.025133940405003552,0.00063171496028227017
temporal_acceleration:state_sequence,253,0.021077797367637863,0.00044427354187120163
temporal_acceleration:state_sequence,254,-0.0015698069105329893,2.4642937363571286e-06
temporal_acceleration:state_sequence,255,-0.0191216861268724,0.00036563888033462442
temporal_acceleration:state_sequence,256,0.033892766419121076,0.0011487196155411012
temporal_acceleration:state_sequence,257,-0.0018826892368561943,3.5445187625741594e-06
temporal_acceleration:state_sequence,258,-0.028307913747534635,0.00080133798073786045
temporal_acceleration:state_sequence,259,0.044108811924342392,0.0019455872893770097
temporal_acceleration:state_sequence,260,-0.001544015952821276,2.3839852625665927e-06
temporal_acceleration:state_sequence,261,-0.0034121643229975684,1.1642865367137455e-05
temporal_acceleration:state_sequence,262,0.022595921772649383,0.00051057568075569041
temporal_acceleration:state_sequence,263,-0.0032767936386601804,1.0737376550363824e-05
temporal_acceleration:state_sequence,264,-0.010950362347501852,0.00011991043554158627
temporal_acceleration:state_sequence,265,0.047424131598425782,0.0022490482578648068
temporal_acceleration:state_sequence,266,-0.0028996452520591021,8.4079425877888943e-06
temporal_acceleration:state_sequence,267,-0.011754420025095469,0.00013816639012636535
temporal_acceleration:state_sequence,268,0.059803452880940022,0.0035764529764828134
temporal_acceleration:state_sequence,269,-0.0027509764603506071,7.5678714854031553e-06
temporal_acceleration:state_sequence,270,-0.049332647022326259,0.002433710062229436
temporal_acceleration:state_sequence,271,0.051707484319738088,0.0026736639346759601
temporal_acceleration:state_sequence,272,-0.0007078409655791873,5.0103883255207627e-07
temporal_acceleration:state_sequence,273,-0.066323371773435238,0.0043987896433973061
temporal_acceleration:state_sequence,274,0.035046066719054095,0.0012282267924763909
temporal_acceleration:state_sequence,275,0.0011439867968832118,1.3087057914431109e-06
temporal_acceleration:state_sequence,276,-0.049293641848544428,0.0024298631266925705
temporal_acceleration:state_sequence,277,0.035084977505750584,0.0012309556465790244
temporal_acceleration:state_sequence,278,0.0024517253968392438,6.0109574215065479e-06
temporal_acceleration:state_sequence,279,0.023669671584808163,0.00056025335293267498
temporal_acceleration:state_sequence,280,-0.13417929441726503,0.018004083050315089
temporal_acceleration:state_sequence,281,0.0073408085214143881,5.3887469748070094e-05
temporal_acceleration:state_sequence,282,0.074458257257737942,0.0055440320738594853
temporal_acceleration:state_sequence,283,-0.33183625899554781,0.11011530278416028
temporal_acceleration:state_sequence,284,0.014458793197666964,0.00020905670073290047
temporal_acceleration:state_sequence,285,-0.0039430219867988767,1.5547422388379361e-05
temporal_acceleration:state_sequence,286,0.011863395169884725,0.00014074014495684423
temporal_acceleration:state_sequence,287,0.00059088187143174764,3.4914138598668434e-07
temporal_acceleration:state_sequence,288,0.0064154558374529894,4.1158073602309639e-05
temporal_acceleration:state_sequence,289,0.0059809176431905786,3.5771375854628345e-05
temporal_acceleration:state_sequence,290,-0.00075950316399175932,5.768450561134933e-07
temporal_acceleration:state_sequence,291,-0.017388591782906866,0.00030236312419257619
temporal_acceleration:state_sequence,292,-0.0014482854059489536,2.0975306170847251e-06
temporal_acceleration:state_sequence,293,-0.0013034358366414978,1.6989449802413212e-06
temporal_acceleration:state_sequence,294,0.053882989656664146,0.0029033765743401753
temporal_acceleration:state_sequence,295,0.075889380149773283,0.0057591980195168032
temporal_acceleration:state_sequence,296,-0.0020089273553525189,4.0357891190836652e-06
temporal_acceleration:state_sequence,297,0.0098219608693975863,9.6470915319977395e-05
temporal_acceleration:state_sequence,298,0.009230083492778856,8.5194441283668729e-05
temporal_acceleration:state_sequence,299,-0.0023896203118134451,5.7102852346313866e-06
temporal_acceleration:state_sequence,300,0.028359818301421161,0.00080427929408962264
temporal_acceleration:state_sequence,301,0.00142954226350565,2.0435910831488573e-06
temporal_acceleration:state_sequence,302,-0.0017324867013757128,3.0015101704436981e-06
temporal_acceleration:state_sequence,303,0.015348077917907502,0.00023556349577415987
temporal_acceleration:state_sequence,304,0.0097545309980399224,9.5150874991721719e-05
temporal_acceleration:state_sequence,305,-0.001710809818353809,2.9268702345757928e-06
temporal_acceleration:state_sequence,306,0.018994619713217226,0.00036079557804974042
temporal_acceleration:state_sequence,307,0.018404685686075253,0.00033873245520322327
temporal_acceleration:state_sequence,308,-0.0012378627863229852,1.5323042777633045e-06
temporal_acceleration:state_sequence,309,0.018592562606625992,0.00034568338428130714
temporal_acceleration:state_sequence,310,0.01504943276951091,0.0002264854266840288
temporal_acceleration:state_sequence,311,-0.00092707232829614128,8.5946310189242837e-07
temporal_acceleration:state_sequence,312,0.0095931298402426174,9.2028140131753349e-05
temporal_acceleration:state_sequence,313,0.012789544397809015,0.00016357244590352795
temporal_acceleration:state_sequence,314,-0.00087747250652636666,7.6995799970966457e-07
temporal_acceleration:state_sequence,315,0.025809869107030203,0.00066614934332203204
temporal_acceleration:state_sequence,316,0.0048826230918789836,2.3840008257349884e-05
temporal_acceleration:state_sequence,317,-0.00026024680418235135,6.7728399087127133e-08
temporal_acceleration:state_sequence,318,0.012481778673179844,0.00015579479884624719
temporal_acceleration:state_sequence,319,0.021427785170121852,0.00045914997729689397
temporal_acceleration:state_sequence,320,-0.00023477174263319966,5.5117771139029342e-08
temporal_acceleration:state_sequence,321,0.0065727494699556466,4.3201035594802234e-05
temporal_acceleration:state_sequence,322,0.0010633760810671452,1.1307686897857197e-06
temporal_acceleration:state_sequence,323,-0.00046775618317784762,2.1879584690110813e-07
temporal_acceleration:state_sequence,324,0.0069857574947709139,4.8800807775747997e-05
temporal_acceleration:state_sequence,325,0.011973591238777949,0.00014336688715334007
temporal_acceleration:state_sequence,326,-0.00025531138075685078,6.5183901143969629e-08
temporal_acceleration:state_sequence,327,0.013836429681298168,0.00019144678632550892
temporal_acceleration:state_sequence,328,-0.025000320902472152,0.00062501604522658598
temporal_acceleration:state_sequence,329,-0.00043607287871783029,1.9015955555325553e-07
temporal_acceleration:state_sequence,330,-0.0011168547031738252,1.2473644280014931e-06
temporal_acceleration:state_sequence,331,0.021163361320704652,0.00044788786239069776
temporal_acceleration:state_sequence,332,-0.00011544474152191952,1.3327488345062811e-08
temporal_acceleration:state_sequence,333,0.0014986955909560007,2.2460884743509561e-06
temporal_acceleration:state_sequence,334,-0.0087355946887830559,7.6310614566694741e-05
temporal_acceleration:state_sequence,335,-0.00033478220537563885,1.1207912503617643e-07
temporal_acceleration:state_sequence,336,0.04139411558932618,0.0017134728054224967
temporal_acceleration:state_sequence,337,0.021582270579594099,0.00046579440337081299
temporal_acceleration:state_sequence,338,0.00047563791978788572,2.2623143074014722e-07
temporal_acceleration:state_sequence,339,0.082882077129954768,0.0068694387093757711
temporal_acceleration:state_sequence,340,-0.030509415335102874,0.00093082442408981038
temporal_acceleration:state_sequence,341,0.00058642561504118618,3.4389500197643351e-07
temporal_acceleration:state_sequence,342,-0.057424265246953585,0.0032975462391524814
temporal_acceleration:state_sequence,343,0.010254115244155516,0.00010514687944042254
temporal_acceleration:state_sequence,344,0.0018606585874847426,3.4620503791807174e-06
temporal_acceleration:state_sequence,345,-0.10544853666488957,0.01111939388476656
temporal_acceleration:state_sequence,346,-0.010903184447260367,0.00011887943109098036
temporal_acceleration:state_sequence,347,0.001794436024811219,3.2200006471402898e-06
temporal_acceleration:state_sequence,348,0.00039873866043899087,1.5899251932868087e-07
temporal_acceleration:state_sequence,349,6.5106876689758613e-05,4.2389053922954334e-09
temporal_acceleration:state_sequence,350,-0.00036054494615633814,1.2999265819887677e-07
temporal_acceleration:state_sequence,351,-0.0029593297490444759,8.757632563579641e-06
temporal_acceleration:state_sequence,352,-0.006238872090048718,3.8923524955988855e-05
temporal_acceleration:state_sequence,353,-0.00049975904703014606,2.4975910508847976e-07
temporal_acceleration:state_sequence,354,-0.010870266644816759,0.0001181626969294158
temporal_acceleration:state_sequence,355,-0.0010327056347217796,1.0664809279861137e-06
temporal_acceleration:state_sequence,356,-0.00032194333659862906,1.0364751198025817e-07
temporal_acceleration:state_sequence,357,-0.0039238594631134383,1.5396673086264879e-05
temporal_acceleration:state_sequence,358,0.0052811688588720075,2.7890744515919461e-05
temporal_acceleration:state_sequence,359,-0.00040342954476191295,1.6275539758680432e-07
temporal_acceleration:state_sequence,360,-0.012653867285886827,0.00016012035728883687
temporal_acceleration:state_sequence,361,0.0011717216680305349,1.3729316673322591e-06
temporal_acceleration:state_sequence,362,-0.00019436635624092702,3.7778280438374946e-08
temporal_acceleration:state_sequence,363,-0.0078469693228519488,6.1574927553779569e-05
temporal_acceleration:state_sequence,364,0.0074532702057157714,5.5551236759410414e-05
temporal_acceleration:state_sequence,365,-0.0001639961513699717,2.6894737664162669e-08
temporal_acceleration:state_sequence,366,-0.009516719318917663,9.0567946595060666e-05
temporal_acceleration:state_sequence,367,0.0036700174218092063,1.3469027876383094e-05
temporal_acceleration:state_sequence,368,-8.0949963541243619e-05,6.5528965973286708e-09
temporal_acceleration:state_sequence,369,0.00035806246227086669,1.2820872688747582e-07
temporal_acceleration:state_sequence,370,0.0068606343117819883,4.7068303160000315e-05
temporal_acceleration:state_sequence,371,-0.00020030335019072254,4.0121432097627229e-08
temporal_acceleration:state_sequence,372,0.0043079221289409053,1.855819306901874e-05
temporal_acceleration:state_sequence,373,0.0017041745995821892,2.9042110658611147e-06
temporal_acceleration:state_sequence,374,-0.00028181902286927851,7.9421961650994926e-08
temporal_acceleration:state_sequence,375,-0.0052906295506598838,2.7990761042315604e-05
temporal_acceleration:state_sequence,376,0.0038588217754204233,1.4890505494458828e-05
temporal_acceleration:state_sequence,377,6.3988814398285854e-05,4.0945683680982752e-09
temporal_acceleration:state_sequence,378,0.029410547586338487,0.00086498030932828055
temporal_acceleration:state_sequence,379,0.015556437680683679,0.000242002753312995
temporal_acceleration:state_sequence,380,-0.00059558653273672491,3.5472331797735389e-07
temporal_acceleration:state_sequence,381,-0.030947108441126553,0.00095772352086684635
temporal_acceleration:state_sequence,382,-0.012224861998597151,0.00014944725088474474
temporal_acceleration:state_sequence,383,0.0006568419785102364,4.3144138473324185e-07
temporal_acceleration:state_sequence,384,-0.0032509830341465734,1.056889068830886e-05
temporal_acceleration:state_sequence,385,-0.00086149040182343056,7.421657124338959e-07
temporal_acceleration:state_sequence,386,3.0013521321592407e-05,9.0081146212168198e-10
temporal_acceleration:state_sequence,387,-0.0019777841925985862,3.9116303124928417e-06
temporal_acceleration:state_sequence,388,-0.0040756774013668874,1.6611146280012745e-05
temporal_acceleration:state_sequence,389,-5.231734267141519e-05,2.7371043441982806e-09
temporal_acceleration:state_sequence,390,-0.0023827350830573496,5.6774264760323151e-06
temporal_acceleration:state_sequence,391,-0.0055930730708662786,3.1282466376049545e-05
temporal_acceleration:state_sequence,392,-7.0723310163778308e-05,5.0017866005219879e-09
temporal_acceleration:state_sequence,393,-0.0058242831348413737,3.3922274034797659e-05
temporal_acceleration:state_sequence,394,-0.0013500237855240515,1.8225642214806902e-06
temporal_acceleration:state_sequence,395,4.3744390767486152e-05,1.9135717236185279e-09
temporal_acceleration:state_sequence,396,-0.0048615869348398594,2.3635027525005621e-05
temporal_acceleration:state_sequence,397,-0.00759500327931869,5.7684074812861654e-05
temporal_acceleration:state_sequence,398,-2.6888635709099162e-05,7.2299873029664259e-10
temporal_acceleration:state_sequence,399,-0.0059635954523750562,3.5564470719588451e-05
temporal_acceleration:state_sequence,400,-0.0029380379760023463,8.6320671484319645e-06
temporal_acceleration:state_sequence,401,4.391681718729501e-05,1.9286868318622905e-09
temporal_acceleration:state_sequence,402,-0.01171772406646128,0.00013730505729772586
temporal_acceleration:state_sequence,403,-0.0083343099629429318,6.9460722558409809e-05
temporal_acceleration:state_sequence,404,0.00013969488662279872,1.951466134855659e-08
temporal_acceleration:state_sequence,405,0.00012263689427881308,1.5039807838352778e-08
temporal_acceleration:state_sequence,406,-0.0065266538327906267,4.2597210253080577e-05
temporal_acceleration:state_sequence,407,-5.4143700487507829e-05,2.9315403024809555e-09
temporal_acceleration:state_sequence,408,-6.1629034199262023e-05,3.7981378563338076e-09
temporal_acceleration:state_sequence,409,-0.006129465894481277,3.7570352151609164e-05
temporal_acceleration:state_sequence,410,-3.3007821631514389e-05,1.0895162888578693e-09
temporal_acceleration:state_sequence,411,0.0066206511896682932,4.3833022175256184e-05
temporal_acceleration:state_sequence,412,0.00026409316640359909,6.9745200541079079e-08
temporal_acceleration:state_sequence,413,-6.1138009406214167e-05,3.7378561941543318e-09
temporal_acceleration:state_sequence,414,0.00028546401232801277,8.1489702334407828e-08
temporal_acceleration:state_sequence,415,-0.0077241644700930152,5.966271676104731e-05
temporal_acceleration:state_sequence,416,-6.4071548742106188e-05,4.1051633582120888e-09
temporal_acceleration:state_sequence,417,0.01865908604030183,0.0003481614918593866
temporal_acceleration:state_sequence,418,-0.0013728772837305096,1.884792036183262e-06
temporal_acceleration:state_sequence,419,-0.00019907193622881181,3.9629635793888113e-08
temporal_acceleration:state_sequence,420,-0.00052420979032772458,2.7479590427543697e-07
temporal_acceleration:state_sequence,421,-0.0002846907746610844,8.1048837177128331e-08
temporal_acceleration:state_sequence,422,1.1608998251588787e-05,1.3476884040539152e-10
temporal_acceleration:state_sequence,423,0.010419487049189956,0.00010856571036823722
temporal_acceleration:state_sequence,424,0.004649086324471678,2.1614003652389575e-05
temporal_acceleration:state_sequence,425,-1.7808996215507022e-05,3.1716034620394345e-10
temporal_acceleration:state_sequence,426,0.0076308868602612684,5.8230434274108078e-05
temporal_acceleration:state_sequence,427,0.0091718452941515309,8.4122746099849578e-05
temporal_acceleration:state_sequence,428,8.7436635221038728e-05,7.6451651787769903e-09
temporal_acceleration:state_sequence,429,0.0010993045431781021,1.2084704786520157e-06
temporal_acceleration:state_sequence,430,0.036704089990316775,0.001347190222017272
temporal_acceleration:state_sequence,431,0.00068126464195739089,4.6412151238133199e-07
temporal_acceleration:state_sequence,432,-0.0096771946172999682,9.364809566109948e-05
temporal_acceleration:state_sequence,433,-0.0079098428488139326,6.2565613892932916e-05
temporal_acceleration:state_sequence,434,-0.00010790115523739985,1.164265930156546e-08
temporal_acceleration:state_sequence,435,-0.0049665451867210789,2.4666571091742317e-05
temporal_acceleration:state_sequence,436,-0.0047714018221975858,2.2766275348870442e-05
temporal_acceleration:state_sequence,437,-0.00010075967052269874,1.0152511203842806e-08
temporal_acceleration:state_sequence,438,-0.0045570683204282023,2.0766871677050318e-05
temporal_acceleration:state_sequence,439,-0.0054732222770710786,2.9956162094227122e-05
temporal_acceleration:state_sequence,440,-0.00012518753012003003,1.5671917697553426e-08
temporal_acceleration:state_sequence,441,-0.0011020386524165232,1.2144891914200265e-06
temporal_acceleration:state_sequence,442,-0.0046354064965651127,2.1486993388398051e-05
temporal_acceleration:state_sequence,443,-0.00014595517782378664,2.1302913933573179e-08
temporal_acceleration:state_sequence,444,0.0010497966860923726,1.1020730821305273e-06
temporal_acceleration:state_sequence,445,-0.0055992633437893079,3.1351749993102621e-05
temporal_acceleration:state_sequence,446,-0.00019510135990774558,3.8064540637851672e-08
temporal_acceleration:state_sequence,447,-0.00039393789298305948,1.5518706352793241e-07
temporal_acceleration:state_sequence,448,0.0035389438750918776,1.2524123751050315e-05
temporal_acceleration:state_sequence,449,-2.8247018839522298e-05,7.9789407332032765e-10
temporal_acceleration:state_sequence,450,-0.0045782815822084655,2.0960662245989251e-05
temporal_acceleration:state_sequence,451,-0.0026280739146689542,6.9067725009634012e-06
temporal_acceleration:state_sequence,452,-0.00015726794285519929,2.4733205849906232e-08
temporal_acceleration:state_sequence,453,0.0044540244708001463,1.9838333986486524e-05
temporal_acceleration:state_sequence,454,-0.0041070792280816009,1.6868099785739359e-05
temporal_acceleration:state_sequence,455,-0.00024715594341806479,6.1086060366873648e-08
temporal_acceleration:state_sequence,456,0.0099616314977444501,9.9234102096854333e-05
temporal_acceleration:state_sequence,457,0.0012167806536087411,1.4805551589965152e-06
temporal_acceleration:state_sequence,458,-0.00016960924747344563,2.8767296828508526e-08
temporal_acceleration:state_sequence,459,0.01166635848603278,0.00013610392032462905
temporal_acceleration:state_sequence,460,0.0063055410331508488,3.9759847720749076e-05
temporal_acceleration:state_sequence,461,-6.5192048861462126e-05,4.250003234755265e-09
temporal_acceleration:state_sequence,462,0.0051173882896027745,2.6187662906563611e-05
temporal_acceleration:state_sequence,463,0.003738607335762755,1.3977184811019085e-05
temporal_acceleration:state_sequence,464,-7.9817407980797839e-05,6.3708186167731306e-09
temporal_acceleration:state_sequence,465,-0.0016093463648139163,2.5899957219397668e-06
temporal_acceleration:state_sequence,466,0.001822357367360162,3.3209863743718601e-06
temporal_acceleration:state_sequence,467,-2.4240073939196805e-05,5.8758118457772808e-10
temporal_acceleration:state_sequence,468,0.00070825452137094312,5.0162446704238375e-07
temporal_acceleration:state_sequence,469,0.0012129014058305954,1.4711298202658347e-06
temporal_acceleration:state_sequence,470,0.0001093844821342671,1.1964964931781798e-08
temporal_acceleration:state_sequence,471,-0.0071002180054783801,5.0413095725319388e-05
temporal_acceleration:state_sequence,472,0.0036743035936285398,1.3500506898151603e-05
temporal_acceleration:state_sequence,473,0.00043680730664963363,1.9080062314250707e-07
temporal_acceleration:state_sequence,474,0.17098352254303673,0.02923536498122515
temporal_acceleration:state_sequence,475,0.067060799195114443,0.0044971507886874618
temporal_acceleration:state_sequence,476,0.0017151824017913597,2.9418506714147773e-06
temporal_acceleration:state_sequence,477,-0.17066004867963769,0.029124852215336304
temporal_acceleration:state_sequence,478,-0.061889866335521022,0.0038303555550286581
temporal_acceleration:state_sequence,479,0.00022109117540303203,4.8881307841094275e-08
temporal_acceleration:state_sequence,480,-0.010268310054787309,0.00010543819138124615
temporal_acceleration:state_sequence,481,0.0016889386782782448,2.8525138589842644e-06
temporal_acceleration:state_sequence,482,-0.00022028549207853132,4.8525698020280685e-08
temporal_acceleration:state_sequence,483,0.0015984912924063219,2.5551744118988334e-06
temporal_acceleration:state_sequence,484,0.00030325564163514611,9.1963984183544162e-08
temporal_acceleration:state_sequence,485,-0.00035595134985744181,1.2670136346533495e-07
temporal_acceleration:state_sequence,486,-0.0029308218187231241,8.5897165331035217e-06
temporal_acceleration:state_sequence,487,-0.0012704637633924299,1.6140781740932562e-06
temporal_acceleration:state_sequence,488,-0.00028678467972831356,8.2245452526871386e-08
temporal_acceleration:state_sequence,489,-0.0017558571658202182,3.0830343867622093e-06
temporal_acceleration:state_sequence,490,-0.003777701721308588,1.4271030295177868e-05
temporal_acceleration:state_sequence,491,-0.00028072676429236054,7.8807516190058554e-08
temporal_acceleration:state_sequence,492,-0.0022577523451512357,5.0974456520359046e-06
temporal_acceleration:state_sequence,493,-0.0019031670278033938,3.622044735718004e-06
temporal_acceleration:state_sequence,494,-0.00017170177790681862,2.9481500536362466e-08
temporal_acceleration:state_sequence,495,0.00040614374299894479,1.6495273997719291e-07
temporal_acceleration:state_sequence,496,-0.0044443722960810766,1.9752445106172982e-05
temporal_acceleration:state_sequence,497,-0.00018327321971156607,3.3589073063443969e-08
temporal_acceleration:state_sequence,498,0.0001544548523963081,2.3856301428765324e-08
temporal_acceleration:state_sequence,499,-0.0015062384125094268,2.2687541553189181e-06
temporal_acceleration:state_sequence,500,-7.4932869358335097e-05,5.6149349102733153e-09
temporal_acceleration:state_sequence,501,0.00049611878845048571,2.4613385225357778e-07
temporal_acceleration:state_sequence,502,-0.0044110913572308376,1.9457726961836594e-05
temporal_acceleration:state_sequence,503,-9.6782100755810063e-05,9.3667750267077709e-09
temporal_acceleration:state_sequence,504,0.0065187706294013957,4.2494370518746269e-05
temporal_acceleration:state_sequence,505,0.0016009466404094529,2.563030145438314e-06
temporal_acceleration:state_sequence,506,5.9651443296004913e-06,3.5582946872964894e-11
temporal_acceleration:state_sequence,507,0.00076171013969511189,5.8020233691434684e-07
temporal_acceleration:state_sequence,508,0.0021230688420240985,4.5074213079735464e-06
temporal_acceleration:state_sequence,509,6.5796360892989014e-05,4.329161106760454e-09
temporal_acceleration:state_sequence,510,0.00029469045298716884,8.6842463081782768e-08
temporal_acceleration:state_sequence,511,0.0010857533308182129,1.1788602953828438e-06
temporal_acceleration:state_sequence,512,5.6244416883899362e-05,3.1634344306098635e-09
temporal_acceleration:state_sequence,513,0.005864226392271292,3.4389151179811175e-05
temporal_acceleration:state_sequence,514,-0.00040900497609289193,1.672850704687471e-07
temporal_acceleration:state_sequence,515,-1.4921548263657769e-06,2.2265260258466819e-12
temporal_acceleration:state_sequence,516,0.0024084226745085119,5.8004997790867336e-06
temporal_acceleration:state_sequence,517,0.0010202903338785813,1.040992365406067e-06
temporal_acceleration:state_sequence,518,4.6747347584030763e-05,2.185314506142187e-09
temporal_acceleration:state_sequence,519,0.0055237566104401718,3.0511887091381495e-05
temporal_acceleration:state_sequence,520,-0.0049576554014774945,2.4578347079798977e-05
temporal_acceleration:state_sequence,521,-0.00010135473733630107,1.0272782780510582e-08
temporal_acceleration:state_sequence,522,0.0077901749423875746,6.0686825633003251e-05
temporal_acceleration:state_sequence,523,-0.00074789381987452918,5.5934516580651473e-07
temporal_acceleration:state_sequence,524,-3.110142338780264e-05,9.6729853674735716e-10
temporal_acceleration:state_sequence,525,0.0083232148232040802,6.9275904993204132e-05
temporal_acceleration:state_sequence,526,-0.0011797151125471962,1.3917277467722438e-06
temporal_acceleration:state_sequence,527,-5.5431714223175277e-05,3.0726749417197722e-09
temporal_acceleration:state_sequence,528,0.0042869563643311778,1.8377994869679589e-05
temporal_acceleration:state_sequence,529,-0.00057553442195536805,3.3123987085549962e-07
temporal_acceleration:state_sequence,530,-2.8544312038469855e-05,8.1477774974953504e-10
temporal_acceleration:state_sequence,531,0.0016946133142104261,2.8717142846992444e-06
temporal_acceleration:state_sequence,532,0.007107138253205544,5.051141415017755e-05
temporal_acceleration:state_sequence,533,0.00015005395324507731,2.2516188884475848e-08
temporal_acceleration:state_sequence,534,0.00092230584975223212,8.5064808048718697e-07
temporal_acceleration:state_sequence,535,0.0036250560220571948,1.3141031163053134e-05
temporal_acceleration:state_sequence,536,5.7466921319360154e-05,3.3024470459255306e-09
temporal_acceleration:state_sequence,537,-2.8383177291813055e-05,8.0560475317849233e-10
temporal_acceleration:state_sequence,538,0.00040594519136315953,1.6479149839087221e-07
temporal_acceleration:state_sequence,539,-2.1093495785606819e-05,4.4493556445741264e-10
temporal_acceleration:state_sequence,540,-0.0014634569943547393,2.1417063743258076e-06
temporal_acceleration:state_sequence,541,0.00033467628274283468,1.1200821423056183e-07
temporal_acceleration:state_sequence,542,-1.4716042491258463e-05,2.1656190660452458e-10
temporal_acceleration:state_sequence,543,-0.0078926412149386491,6.229378534774824e-05
temporal_acceleration:state_sequence,544,0.00020295099784230818,4.1189107525188581e-08
temporal_acceleration:state_sequence,545,5.9476631943944369e-05,3.5374697473954238e-09
temporal_acceleration:state_sequence,546,-0.0017357746877152622,3.0129137665130158e-06
temporal_acceleration:state_sequence,547,0.0004812371899737349,2.3158923301381661e-07
temporal_acceleration:state_sequence,548,-2.959717121608918e-05,8.7599254399449781e-10
temporal_acceleration:state_sequence,549,-0.0080525168639622446,6.4843027844396347e-05
temporal_acceleration:state_sequence,550,-0.00021205173360472836,4.4965937724770687e-08
temporal_acceleration:state_sequence,551,5.0643383260329244e-05,2.5647522680525962e-09
temporal_acceleration:state_sequence,552,-0.0031724230777307322,1.0064268184118531e-05
temporal_acceleration:state_sequence,553,-0.00010657074334392856,1.1357323336877493e-08
temporal_acceleration:state_sequence,554,-2.5195945800859931e-05,6.3483568479987116e-10
temporal_acceleration:state_sequence,555,-0.004440815164693801,1.9720839326974432e-05
temporal_acceleration:state_sequence,556,-0.00035666426038428946,1.2720939463547224e-07
temporal_acceleration:state_sequence,557,-5.9538964247707327e-06,3.5448882636897715e-11
temporal_acceleration:state_sequence,558,-0.003599648075081896,1.2957466264440799e-05
temporal_acceleration:state_sequence,559,-3.3529670037792879e-05,1.1242387728432656e-09
temporal_acceleration:state_sequence,560,-7.1804675849662658e-06,5.1559114738751276e-11
temporal_acceleration:state_sequence,561,-0.004524084158461783,2.0467337472844858e-05
temporal_acceleration:state_sequence,562,-0.0011548959590825239,1.3337846763051427e-06
temporal_acceleration:state_sequence,563,-1.1912700217386885e-05,1.4191242646932953e-10
temporal_acceleration:state_sequence,564,-0.0027509017231888699,7.567460290643494e-06
temporal_acceleration:state_sequence,565,-0.00013775943007062437,1.8977660573383248e-08
temporal_acceleration:state_sequence,566,-1.2260894561855196e-05,1.5032953545693031e-10
temporal_acceleration:state_sequence,567,-0.0011883722606920166,1.4122286299822543e-06
temporal_acceleration:state_sequence,568,-0.0007604404523043779,5.7826968150088686e-07
temporal_acceleration:state_sequence,569,-4.8341579041988325e-05,2.3369082642728048e-09
temporal_acceleration:state_sequence,570,-0.0069971624978222569,4.8960283020930204e-05
temporal_acceleration:state_sequence,571,-0.0048794895676134847,2.3809418440448834e-05
temporal_acceleration:state_sequence,572,-4.7301787162723485e-05,2.2374590687875923e-09
temporal_acceleration:state_sequence,573,0.00091315718544690561,8.3385604533331432e-07
temporal_acceleration:state_sequence,574,0.0054985017867826549,3.0233521899252049e-05
temporal_acceleration:state_sequence,575,7.8981905753394699e-05,6.238141436438123e-09
temporal_acceleration:state_sequence,576,-0.0011677322161907089,1.3635985287296644e-06
temporal_acceleration:state_sequence,577,-0.0012061858884868891,1.4548843975849062e-06
temporal_acceleration:state_sequence,578,-5.1868612653827029e-05,2.6903529786327453e-09
temporal_acceleration:state_sequence,579,-0.0065523972532716135,4.2933909764681386e-05
temporal_acceleration:state_sequence,580,0.00089966024339185912,8.0938855353989924e-07
temporal_acceleration:state_sequence,581,7.9294196084767066e-05,6.2875695327294886e-09
temporal_acceleration:state_sequence,582,0.0029485720993958214,8.6940774253354827e-06
temporal_acceleration:state_sequence,583,0.0015842416421164292,2.5098215806157599e-06
temporal_acceleration:state_sequence,584,-2.6080732302702359e-05,6.8020459744522229e-10
temporal_acceleration:state_sequence,585,-0.0055249471393731958,3.0525040892868061e-05
temporal_acceleration:state_sequence,586,0.0010261843382183128,1.0530542960045566e-06
temporal_acceleration:state_sequence,587,6.9576765597822998e-05,4.8409263110544059e-09
temporal_acceleration:state_sequence,588,-0.0014376090539027636,2.0667197918631989e-06
temporal_acceleration:state_sequence,589,-0.001117546311557748,1.2489097584763271e-06
temporal_acceleration:state_sequence,590,-1.9239279240856888e-05,3.7014986570766679e-10
temporal_acceleration:state_sequence,591,0.00028207853039041025,7.9568297307213603e-08
temporal_acceleration:state_sequence,592,0.00019039008493574133,3.6248384441838794e-08
temporal_acceleration:state_sequence,593,2.2884426842395555e-06,5.2369699190495422e-12
temporal_acceleration:state_sequence,594,-0.0042389169722228254,1.7968417097398725e-05
temporal_acceleration:state_sequence,595,-0.00099751192787820848,9.9503004625930023e-07
temporal_acceleration:state_sequence,596,2.2395778973560709e-05,5.0157091583258396e-10
temporal_acceleration:state_sequence,597,0.00079980874032178559,6.3969402109512149e-07
temporal_acceleration:state_sequence,598,-0.0021300090822299316,4.5369386903819959e-06
temporal_acceleration:state_sequence,599,-3.5214606808331439e-05,1.2400685326653828e-09
temporal_acceleration:state_sequence,600,0.0030395842831801995,9.2390726145560875e-06
temporal_acceleration:state_sequence,601,-0.0059525788525391487,3.5433194995696291e-05
temporal_acceleration:state_sequence,602,-0.00014127550758580298,1.9958769043626276e-08
temporal_acceleration:state_sequence,603,0.00060730351825187198,3.688175632811018e-07
temporal_acceleration:state_sequence,604,0.00095288802605360452,9.0799559019633485e-07
temporal_acceleration:state_sequence,605,3.8265272390702876e-05,1.4642310711346877e-09
temporal_acceleration:state_sequence,606,0.0047944828103028015,2.298706541828905e-05
temporal_acceleration:state_sequence,607,0.001870963169859294,3.5005031829699371e-06
temporal_acceleration:state_sequence,608,4.0153188876068668e-05,1.6122785769172447e-09
temporal_acceleration:state_sequence,609,0.0068760598773814951,4.7280199437335619e-05
temporal_acceleration:state_sequence,610,0.0013541112186621516,1.8336171925066974e-06
temporal_acceleration:state_sequence,611,1.2904666442103974e-05,1.6653041598196444e-10
temporal_acceleration:state_sequence,612,0.0055341062807749046,3.0626332326912247e-05
temporal_acceleration:state_sequence,613,0.0016960997432404026,2.8767543390201596e-06
temporal_acceleration:state_sequence,614,1.591255112565193e-05,2.5320928332648651e-10
temporal_acceleration:state_sequence,615,0.0066995630066664716,4.4884144480293891e-05
temporal_acceleration:state_sequence,616,0.0030281705467883275,9.1698168604363173e-06
temporal_acceleration:state_sequence,617,4.2744459287646919e-05,1.8270887997933049e-09
temporal_acceleration:state_sequence,618,0.0049830560009481032,2.4830847108584902e-05
temporal_acceleration:state_sequence,619,0.00020343891431752408,4.1387391858692899e-08
temporal_acceleration:state_sequence,620,-3.4316338126672008e-05,1.177611062424083e-09
temporal_acceleration:state_sequence,621,0.0091598770776029053,8.3903348076795143e-05
temporal_acceleration:state_sequence,622,-0.0022194094485236638,4.9257783001961135e-06
temporal_acceleration:state_sequence,623,-0.00010489987530615252,1.1003983839246349e-08
temporal_acceleration:state_sequence,624,0.0032317718729210892,1.0444349438603884e-05
temporal_acceleration:state_sequence,625,0.002161363466329697,4.6714920335847232e-06
temporal_acceleration:state_sequence,626,1.1500814216525157e-05,1.3226872764302717e-10
temporal_acceleration:state_sequence,627,0.0041465013467186168,1.7193473418339303e-05
temporal_acceleration:state_sequence,628,0.0055563990665811998,3.0873570587104428e-05
temporal_acceleration:state_sequence,629,9.4488202875275817e-05,8.9280204825992819e-09
temporal_acceleration:state_sequence,630,0.0016770731294879406,2.8125742816504749e-06
temporal_acceleration:state_sequence,631,0.0023927540308703124,5.7252718522461275e-06
temporal_acceleration:state_sequence,632,1.7524166819882225e-05,3.0709642273106111e-10
temporal_acceleration:state_sequence,633,0.0028180931367924669,7.9416489276368058e-06
temporal_acceleration:state_sequence,634,-0.0027517410615482863,7.5720788698108894e-06
temporal_acceleration:state_sequence,635,-0.00011786525817125693,1.3892219083777048e-08
temporal_acceleration:state_sequence,636,-0.0042457038005896432,1.8026000762341341e-05
temporal_acceleration:state_sequence,637,0.0027634112382060798,7.6364416714436584e-06
temporal_acceleration:state_sequence,638,5.5040713231591099e-05,3.0294801130422475e-09
temporal_acceleration:state_sequence,639,0.0015233829062240647,2.3206954789756777e-06
temporal_acceleration:state_sequence,640,0.0031224196871330692,9.7495047025961739e-06
temporal_acceleration:state_sequence,641,3.7151906009391666e-05,1.3802641201306727e-09
temporal_acceleration:state_sequence,642,-0.0098767564072495609,9.755031712814525e-05
temporal_acceleration:state_sequence,643,-0.00066506293561992464,4.4230870833539203e-07
temporal_acceleration:state_sequence,644,2.4689554076751108e-05,6.0957408050881728e-10
temporal_acceleration:state_sequence,645,-0.0060599529937605499,3.6723030286587454e-05
temporal_acceleration:state_sequence,646,-0.00039218351533366327,1.5380790969946968e-07
temporal_acceleration:state_sequence,647,1.1057824016447171e-05,1.2227547197871583e-10
temporal_acceleration:state_sequence,648,-0.0029239062841907026,8.5492279587298826e-06
temporal_acceleration:state_sequence,649,0.0052779923564348023,2.7857203314584198e-05
temporal_acceleration:state_sequence,650,0.00013706857842965547,1.8787795192726614e-08
temporal_acceleration:state_sequence,651,-0.0048875082972686668,2.3887737355870064e-05
temporal_acceleration:state_sequence,652,-0.003832905369114055,1.4691163568583351e-05
temporal_acceleration:state_sequence,653,-4.0535524319373906e-05,1.6431287318465534e-09
temporal_acceleration:state_sequence,654,-0.0091137348206235015,8.3060162380645288e-05
temporal_acceleration:state_sequence,655,-0.0033066756875458994,1.0934104102607145e-05
temporal_acceleration:state_sequence,656,2.0261552884370815e-05,4.1053052528615526e-10
temporal_acceleration:state_sequence,657,-0.0083861682289982156,7.0327817565059075e-05
temporal_acceleration:state_sequence,658,-0.0060002604297685813,3.6003125225046641e-05
temporal_acceleration:state_sequence,659,-3.0451356698435461e-05,9.2728512477535026e-10
temporal_acceleration:state_sequence,660,-0.0013899382950024672,1.9319284639143654e-06
temporal_acceleration:state_sequence,661,-0.010599803233736927,0.00011235582859393982
temporal_acceleration:state_sequence,662,-0.00017236251816932224,2.9708837669669942e-08
temporal_acceleration:state_sequence,663,-0.0096110323475916311,9.2371942786452694e-05
temporal_acceleration:state_sequence,664,-0.0084005206800969144,7.0568747696735925e-05
temporal_acceleration:state_sequence,665,-7.8611539424677801e-05,6.1797741307176719e-09
temporal_acceleration:state_sequence,666,-0.0012929329039670836,1.6716754941607557e-06
temporal_acceleration:state_sequence,667,-0.0047667103048508359,2.272152713037115e-05
temporal_acceleration:state_sequence,668,-4.5292109578376483e-05,2.0513751900596628e-09
temporal_acceleration:state_sequence,669,-0.0027963984197527762,7.819844121995824e-06
temporal_acceleration:state_sequence,670,0.0018216649510372105,3.3184631938374025e-06
temporal_acceleration:state_sequence,671,8.9331271655446187e-05,7.9800760955791237e-09
temporal_acceleration:state_sequence,672,-0.006741950876319909,4.5453901618710789e-05
temporal_acceleration:state_sequence,673,0.0042552577806204217,1.8107218779530636e-05
temporal_acceleration:state_sequence,674,0.00012941973102531534,1.674946677866497e-08
temporal_acceleration:state_sequence,675,0.0062122950785257688,3.8592610142675491e-05
temporal_acceleration:state_sequence,676,-0.0073691994436357574,5.4305100440081554e-05
temporal_acceleration:state_sequence,677,-0.00019054887976377444,3.6308875579229367e-08
temporal_acceleration:state_sequence,678,0.0032956071088351396,1.0861026215804707e-05
temporal_acceleration:state_sequence,679,-0.0053407470817697766,2.8523579391432385e-05
temporal_acceleration:state_sequence,680,-0.00018049887775983819,3.2579844872561013e-08
temporal_acceleration:state_sequence,681,0.0053162884832562603,2.8262923237203147e-05
temporal_acceleration:state_sequence,682,0.0047394313493789733,2.2462209515476196e-05
temporal_acceleration:state_sequence,683,6.2203564454854643e-05,3.8692834308892558e-09
temporal_acceleration:state_sequence,684,0.0072869418477988258,5.3099521493201765e-05
temporal_acceleration:state_sequence,685,0.0062138114231068357,3.8611452401933e-05
temporal_acceleration:state_sequence,686,7.3371106790176555e-05,5.383319311615492e-09
temporal_acceleration:state_sequence,687,0.0027828246396977875,7.7441129753091216e-06
temporal_acceleration:state_sequence,688,0.010928242594963784,0.00011942648621438079
temporal_acceleration:state_sequence,689,0.00015650967271518823,2.4495277653415335e-08
temporal_acceleration:state_sequence,690,0.0036163739235754722,1.3078160355116656e-05
temporal_acceleration:state_sequence,691,0.0091831279051607616,8.4329838122542273e-05
temporal_acceleration:state_sequence,692,0.00010013855733959076,1.0027730666054507e-08
temporal_acceleration:state_sequence,693,0.0049573124458986151,2.457494668626131e-05
temporal_acceleration:state_sequence,694,0.0092284600899068172,8.5164475631002939e-05
temporal_acceleration:state_sequence,695,0.00012060715251394072,1.4546085237520956e-08
temporal_acceleration:state_sequence,696,0.0066645654349537994,4.4416432436780926e-05
temporal_acceleration:state_sequence,697,0.0094788173439273593,8.9847978239538116e-05
temporal_acceleration:state_sequence,698,0.00016789362772939853,2.818827023213786e-08
temporal_acceleration:state_sequence,699,0.0012413285268232654,1.5408965115052184e-06
temporal_acceleration:state_sequence,700,0.0043149039266267885,1.8618395896019279e-05
temporal_acceleration:state_sequence,701,9.3032274772752999e-06,8.6550041493930138e-11
temporal_acceleration:state_sequence,702,0.0059014630307055102,3.4827265902783865e-05
temporal_acceleration:state_sequence,703,-0.0051841757681248815,2.6875678394813204e-05
temporal_acceleration:state_sequence,704,-0.00018039854677187606,3.2543635677404756e-08
temporal_acceleration:state_sequence,705,0.0037107088722777501,1.3769360334800812e-05
temporal_acceleration:state_sequence,706,-0.0044048385164404194,1.9402602355917036e-05
temporal_acceleration:state_sequence,707,-0.00014768558456168535,2.1811031887326714e-08
temporal_acceleration:state_sequence,708,0.01227701614899112,0.00015072512552258873
temporal_acceleration:state_sequence,709,-0.020336512596466336,0.00041357374458623396
temporal_acceleration:state_sequence,710,-0.00047080414661948566,2.2165654447410215e-07
temporal_acceleration:state_sequence,711,0.012170530017702672,0.00014812180091180178
temporal_acceleration:state_sequence,712,-0.017934645488993893,0.000321651508815889
temporal_acceleration:state_sequence,713,-0.00039645720294689824,1.5717831376847806e-07
static_freeze:state_sequence,0,0,0
static_freeze:state_sequence,1,-0,0
static_freeze:state_sequence,2,0,0
static_freeze:state_sequence,3,0,0
static_freeze:state_sequence,4,-0,0
static_freeze:state_sequence,5,0,0
static_freeze:state_sequence,6,0,0
static_freeze:state_sequence,7,-0,0
static_freeze:state_sequence,8,0,0
static_freeze:state_sequence,9,0,0
static_freeze:state_sequence,10,-0,0
static_freeze:state_sequence,11,0,0
static_freeze:state_sequence,12,0,0
static_freeze:state_sequence,13,-0,0
static_freeze:state_sequence,14,0,0
static_freeze:state_sequence,15,0,0
static_freeze:state_sequence,16,-0,0
static_freeze:state_sequence,17,0,0
static_freeze:state_sequence,18,0,0
static_freeze:state_sequence,19,-0,0
static_freeze:state_sequence,20,0,0
static_freeze:state_sequence,21,0,0
static_freeze:state_sequence,22,-0,0
static_freeze:state_sequence,23,0,0
static_freeze:state_sequence,24,0,0
static_freeze:state_sequence,25,-0,0
static_freeze:state_sequence,26,0,0
static_freeze:state_sequence,27,0,0
static_freeze:state_sequence,28,-0,0
static_freeze:state_sequence,29,0,0
static_freeze:state_sequence,30,0,0
static_freeze:state_sequence,31,-0,0
static_freeze:state_sequence,32,0,0
static_freeze:state_sequence,33,0,0
static_freeze:state_sequence,34,-0,0
static_freeze:state_sequence,35,0,0
static_freeze:state_sequence,36,0,0
static_freeze:state_sequence,37,-0,0
static_freeze:state_sequence,38,0,0
static_freeze:state_sequence,39,0,0
static_freeze:state_sequence,40,-0,0
static_freeze:state_sequence,41,-0,0
static_freeze:state_sequence,42,0,0
static_freeze:state_sequence,43,-0,0
static_freeze:state_sequence,44,-0,0
static_freeze:state_sequence,45,0,0
static_freeze:state_sequence,46,-0,0
static_freeze:state_sequence,47,-0,0
static_freeze:state_sequence,48,-0,0
static_freeze:state_sequence,49,-0,0
static_freeze:state_sequence,50,-0,0
static_freeze:state_sequence,51,-0,0
static_freeze:state_sequence,52,0,0
static_freeze:state_sequence,53,-0,0
static_freeze:state_sequence,54,-0,0
static_freeze:state_sequence,55,0,0
static_freeze:state_sequence,56,-0,0
static_freeze:state_sequence,57,-0,0
static_freeze:state_sequence,58,0,0
static_freeze:state_sequence,59,-0,0
static_freeze:state_sequence,60,-0,0
static_freeze:state_sequence,61,0,0
static_freeze:state_sequence,62,-0,0
static_freeze:state_sequence,63,0,0
static_freeze:state_sequence,64,0,0
static_freeze:state_sequence,65,0,0
static_freeze:state_sequence,66,0,0
static_freeze:state_sequence,67,0,0
static_freeze:state_sequence,68,0,0
static_freeze:state_sequence,69,-0,0
static_freeze:state_sequence,70,-0,0
static_freeze:state_sequence,71,0,0
static_freeze:state_sequence,72,-0,0
static_freeze:state_sequence,73,-0,0
static_freeze:state_sequence,74,0,0
static_freeze:state_sequence,75,-0,0
static_freeze:state_sequence,76,-0,0
static_freeze:state_sequence,77,0,0
static_freeze:state_sequence,78,-0,0
static_freeze:state_sequence,79,-0,0
static_freeze:state_sequence,80,0,0
static_freeze:state_sequence,81,-0,0
static_freeze:state_sequence,82,-0,0
static_freeze:state_sequence,83,0,0
static_freeze:state_sequence,84,-0,0
static_freeze:state_sequence,85,-0,0
static_freeze:state_sequence,86,0,0
static_freeze:state_sequence,87,-0,0
static_freeze:state_sequence,88,-0,0
static_freeze:state_sequence,89,0,0
static_freeze:state_sequence,90,-0,0
static_freeze:state_sequence,91,-0,0
static_freeze:state_sequence,92,0,0
static_freeze:state_sequence,93,-0,0
static_freeze:state_sequence,94,-0,0
static_freeze:state_sequence,95,0,0
static_freeze:state_sequence,96,-0,0
static_freeze:state_sequence,97,-0,0
static_freeze:state_sequence,98,0,0
static_freeze:state_sequence,99,-0,0
static_freeze:state_sequence,100,-0,0
static_freeze:state_sequence,101,0,0
static_freeze:state_sequence,102,-0,0
static_freeze:state_sequence,103,-0,0
static_freeze:state_sequence,104,0,0
static_freeze:state_sequence,105,-0,0
static_freeze:state_sequence,106,-0,0
static_freeze:state_sequence,107,0,0
static_freeze:state_sequence,108,-0,0
static_freeze:state_sequence,109,-0,0
static_freeze:state_sequence,110,0,0
static_freeze:state_sequence,111,-0,0
static_freeze:state_sequence,112,-0,0
static_freeze:state_sequence,113,0,0
static_freeze:state_sequence,114,0,0
static_freeze:state_sequence,115,-0,0
static_freeze:state_sequence,116,-0,0
static_freeze:state_sequence,117,0,0
static_freeze:state_sequence,118,-0,0
static_freeze:state_sequence,119,-0,0
static_freeze:state_sequence,120,0,0
static_freeze:state_sequence,121,0,0
static_freeze:state_sequence,122,0,0
static_freeze:state_sequence,123,0,0
static_freeze:state_sequence,124,0,0
static_freeze:state_sequence,125,0,0
static_freeze:state_sequence,126,0,0
static_freeze:state_sequence,127,-0,0
static_freeze:state_sequence,128,0,0
static_freeze:state_sequence,129,0,0
static_freeze:state_sequence,130,-0,0
static_freeze:state_sequence,131,0,0
static_freeze:state_sequence,132,0,0
static_freeze:state_sequence,133,-0,0
static_freeze:state_sequence,134,0,0
static_freeze:state_sequence,135,0,0
static_freeze:state_sequence,136,-0,0
static_freeze:state_sequence,137,0,0
static_freeze:state_sequence,138,0,0
static_freeze:state_sequence,139,-0,0
static_freeze:state_sequence,140,0,0
static_freeze:state_sequence,141,0,0
static_freeze:state_sequence,142,-0,0
static_freeze:state_sequence,143,0,0
static_freeze:state_sequence,144,0,0
static_freeze:state_sequence,145,-0,0
static_freeze:state_sequence,146,0,0
static_freeze:state_sequence,147,0,0
static_freeze:state_sequence,148,-0,0
static_freeze:state_sequence,149,0,0
static_freeze:state_sequence,150,0,0
static_freeze:state_sequence,151,-0,0
static_freeze:state_sequence,152,0,0
static_freeze:state_sequence,153,0,0
static_freeze:state_sequence,154,-0,0
static_freeze:state_sequence,155,0,0
static_freeze:state_sequence,156,0,0
static_freeze:state_sequence,157,-0,0
static_freeze:state_sequence,158,0,0
static_freeze:state_sequence,159,0,0
static_freeze:state_sequence,160,-0,0
static_freeze:state_sequence,161,0,0
static_freeze:state_sequence,162,0,0
static_freeze:state_sequence,163,-0,0
static_freeze:state_sequence,164,0,0
static_freeze:state_sequence,165,-0,0
static_freeze:state_sequence,166,-0,0
static_freeze:state_sequence,167,-0,0
static_freeze:state_sequence,168,0,0
static_freeze:state_sequence,169,0,0
static_freeze:state_sequence,170,0,0
static_freeze:state_sequence,171,0,0
static_freeze:state_sequence,172,0,0
static_freeze:state_sequence,173,0,0
static_freeze:state_sequence,174,-0,0
static_freeze:state_sequence,175,-0,0
static_freeze:state_sequence,176,0,0
static_freeze:state_sequence,177,-0,0
static_freeze:state_sequence,178,-0,0
static_freeze:state_sequence,179,0,0
static_freeze:state_sequence,180,-0,0
static_freeze:state_sequence,181,-0,0
static_freeze:state_sequence,182,0,0
static_freeze:state_sequence,183,-0,0
static_freeze:state_sequence,184,-0,0
static_freeze:state_sequence,185,0,0
static_freeze:state_sequence,186,-0,0
static_freeze:state_sequence,187,-0,0
static_freeze:state_sequence,188,0,0
static_freeze:state_sequence,189,-0,0
static_freeze:state_sequence,190,-0,0
static_freeze:state_sequence,191,0,0
static_freeze:state_sequence,192,-0,0
static_freeze:state_sequence,193,-0,0
static_freeze:state_sequence,194,0,0
static_freeze:state_sequence,195,-0,0
static_freeze:state_sequence,196,-0,0
static_freeze:state_sequence,197,0,0
static_freeze:state_sequence,198,-0,0
static_freeze:state_sequence,199,-0,0
static_freeze:state_sequence,200,0,0
static_freeze:state_sequence,201,-0,0
static_freeze:state_sequence,202,-0,0
static_freeze:state_sequence,203,0,0
static_freeze:state_sequence,204,-0,0
static_freeze:state_sequence,205,-0,0
static_freeze:state_sequence,206,0,0
static_freeze:state_sequence,207,-0,0
static_freeze:state_sequence,208,-0,0
static_freeze:state_sequence,209,0,0
static_freeze:state_sequence,210,-0,0
static_freeze:state_sequence,211,-0,0
static_freeze:state_sequence,212,0,0
static_freeze:state_sequence,213,-0,0
static_freeze:state_sequence,214,-0,0
static_freeze:state_sequence,215,0,0
static_freeze:state_sequence,216,-0,0
static_freeze:state_sequence,217,-0,0
static_freeze:state_sequence,218,0,0
static_freeze:state_sequence,219,-0,0
static_freeze:state_sequence,220,-0,0
static_freeze:state_sequence,221,0,0
static_freeze:state_sequence,222,0,0
static_freeze:state_sequence,223,-0,0
static_freeze:state_sequence,224,0,0
static_freeze:state_sequence,225,0,0
static_freeze:state_sequence,226,0,0
static_freeze:state_sequence,227,0,0
static_freeze:state_sequence,228,0,0
static_freeze:state_sequence,229,0,0
static_freeze:state_sequence,230,0,0
static_freeze:state_sequence,231,0,0
static_freeze:state_sequence,232,0,0
static_freeze:state_sequence,233,0,0
static_freeze:state_sequence,234,0,0
static_freeze:state_sequence,235,-0,0
static_freeze:state_sequence,236,0,0
static_freeze:state_sequence,237,0,0
static_freeze:state_sequence,238,-0,0
static_freeze:state_sequence,239,0,0
static_freeze:state_sequence,240,0,0
static_freeze:state_sequence,241,-0,0
static_freeze:state_sequence,242,0,0
static_freeze:state_sequence,243,0,0
static_freeze:state_sequence,244,-0,0
static_freeze:state_sequence,245,0,0
static_freeze:state_sequence,246,0,0
static_freeze:state_sequence,247,-0,0
static_freeze:state_sequence,248,0,0
static_freeze:state_sequence,249,0,0
static_freeze:state_sequence,250,-0,0
static_freeze:state_sequence,251,0,0
static_freeze:state_sequence,252,0,0
static_freeze:state_sequence,253,-0,0
static_freeze:state_sequence,254,0,0
static_freeze:state_sequence,255,0,0
static_freeze:state_sequence,256,-0,0
static_freeze:state_sequence,257,0,0
static_freeze:state_sequence,258,0,0
static_freeze:state_sequence,259,-0,0
static_freeze:state_sequence,260,0,0
static_freeze:state_sequence,261,0,0
static_freeze:state_sequence,262,-0,0
static_freeze:state_sequence,263,0,0
static_freeze:state_sequence,264,0,0
static_freeze:state_sequence,265,-0,0
static_freeze:state_sequence,266,0,0
static_freeze:state_sequence,267,0,0
static_freeze:state_sequence,268,-0,0
static_freeze:state_sequence,269,0,0
static_freeze:state_sequence,270,0,0
static_freeze:state_sequence,271,-0,0
static_freeze:state_sequence,272,0,0
static_freeze:state_sequence,273,0,0
static_freeze:state_sequence,274,-0,0
static_freeze:state_sequence,275,-0,0
static_freeze:state_sequence,276,0,0
static_freeze:state_sequence,277,-0,0
static_freeze:state_sequence,278,-0,0
static_freeze:state_sequence,279,-0,0
static_freeze:state_sequence,280,0,0
static_freeze:state_sequence,281,-0,0
static_freeze:state_sequence,282,0,0
static_freeze:state_sequence,283,0,0
static_freeze:state_sequence,284,0,0
static_freeze:state_sequence,285,0,0
static_freeze:state_sequence,286,0,0
static_freeze:state_sequence,287,0,0
static_freeze:state_sequence,288,-0,0
static_freeze:state_sequence,289,-0,0
static_freeze:state_sequence,290,0,0
static_freeze:state_sequence,291,-0,0
static_freeze:state_sequence,292,-0,0
static_freeze:state_sequence,293,0,0
static_freeze:state_sequence,294,-0,0
static_freeze:state_sequence,295,-0,0
static_freeze:state_sequence,296,0,0
static_freeze:state_sequence,297,-0,0
static_freeze:state_sequence,298,-0,0
static_freeze:state_sequence,299,0,0
static_freeze:state_sequence,300,-0,0
static_freeze:state_sequence,301,-0,0
static_freeze:state_sequence,302,0,0
static_freeze:state_sequence,303,-0,0
static_freeze:state_sequence,304,-0,0
static_freeze:state_sequence,305,0,0
static_freeze:state_sequence,306,-0,0
static_freeze:state_sequence,307,-0,0
static_freeze:state_sequence,308,0,0
static_freeze:state_sequence,309,-0,0
static_freeze:state_sequence,310,-0,0
static_freeze:state_sequence,311,0,0
static_freeze:state_sequence,312,-0,0
static_freeze:state_sequence,313,-0,0
static_freeze:state_sequence,314,0,0
static_freeze:state_sequence,315,-0,0
static_freeze:state_sequence,316,-0,0
static_freeze:state_sequence,317,0,0
static_freeze:state_sequence,318,-0,0
static_freeze:state_sequence,319,-0,0
static_freeze:state_sequence,320,0,0
static_freeze:state_sequence,321,-0,0
static_freeze:state_sequence,322,-0,0
static_freeze:state_sequence,323,0,0
static_freeze:state_sequence,324,-0,0
static_freeze:state_sequence,325,-0,0
static_freeze:state_sequence,326,0,0
static_freeze:state_sequence,327,-0,0
static_freeze:state_sequence,328,-0,0
static_freeze:state_sequence,329,0,0
static_freeze:state_sequence,330,-0,0
static_freeze:state_sequence,331,-0,0
static_freeze:state_sequence,332,0,0
static_freeze:state_sequence,333,-0,0
static_freeze:state_sequence,334,-0,0
static_freeze:state_sequence,335,0,0
static_freeze:state_sequence,336,-0,0
static_freeze:state_sequence,337,-0,0
static_freeze:state_sequence,338,0,0
static_freeze:state_sequence,339,-0,0
static_freeze:state_sequence,340,-0,0
static_freeze:state_sequence,341,0,0
static_freeze:state_sequence,342,0,0
static_freeze:state_sequence,343,-0,0
static_freeze:state_sequence,344,0,0
static_freeze:state_sequence,345,0,0
static_freeze:state_sequence,346,-0,0
static_freeze:state_sequence,347,0,0
static_freeze:state_sequence,348,0,0
static_freeze:state_sequence,349,-0,0
static_freeze:state_sequence,350,0,0
static_freeze:state_sequence,351,0,0
static_freeze:state_sequence,352,-0,0
static_freeze:state_sequence,353,0,0
static_freeze:state_sequence,354,0,0
static_freeze:state_sequence,355,-0,0
static_freeze:state_sequence,356,0,0
static_freeze:state_sequence,357,0,0
static_freeze:state_sequence,358,-0,0
static_freeze:state_sequence,359,0,0
static_freeze:state_sequence,360,0,0
static_freeze:state_sequence,361,-0,0
static_freeze:state_sequence,362,0,0
static_freeze:state_sequence,363,0,0
static_freeze:state_sequence,364,-0,0
static_freeze:state_sequence,365,0,0
static_freeze:state_sequence,366,0,0
static_freeze:state_sequence,367,-0,0
static_freeze:state_sequence,368,0,0
static_freeze:state_sequence,369,0,0
static_freeze:state_sequence,370,-0,0
static_freeze:state_sequence,371,0,0
static_freeze:state_sequence,372,0,0
static_freeze:state_sequence,373,-0,0
static_freeze:state_sequence,374,0,0
static_freeze:state_sequence,375,0,0
static_freeze:state_sequence,376,-0,0
static_freeze:state_sequence,377,0,0
static_freeze:state_sequence,378,0,0
static_freeze:state_sequence,379,-0,0
static_freeze:state_sequence,380,0,0
static_freeze:state_sequence,381,0,0
static_freeze:state_sequence,382,-0,0
static_freeze:state_sequence,383,0,0
static_freeze:state_sequence,384,0,0
static_freeze:state_sequence,385,-0,0
static_freeze:state_sequence,386,0,0
static_freeze:state_sequence,387,0,0
static_freeze:state_sequence,388,-0,0
static_freeze:state_sequence,389,0,0
static_freeze:state_sequence,390,0,0
static_freeze:state_sequence,391,-0,0
static_freeze:state_sequence,392,0,0
static_freeze:state_sequence,393,0,0
static_freeze:state_sequence,394,-0,0
static_freeze:state_sequence,395,0,0
static_freeze:state_sequence,396,0,0
static_freeze:state_sequence,397,-0,0
static_freeze:state_sequence,398,0,0
static_freeze:state_sequence,399,0,0
static_freeze:state_sequence,400,-0,0
static_freeze:state_sequence,401,0,0
static_freeze:state_sequence,402,0,0
static_freeze:state_sequence,403,-0,0
static_freeze:state_sequence,404,0,0
static_freeze:state_sequence,405,0,0
static_freeze:state_sequence,406,-0,0
static_freeze:state_sequence,407,0,0
static_freeze:state_sequence,408,0,0
static_freeze:state_sequence,409,-0,0
static_freeze:state_sequence,410,0,0
static_freeze:state_sequence,411,0,0
static_freeze:state_sequence,412,-0,0
static_freeze:state_sequence,413,0,0
static_freeze:state_sequence,414,0,0
static_freeze:state_sequence,415,-0,0
static_freeze:state_sequence,416,0,0
static_freeze:state_sequence,417,0,0
static_freeze:state_sequence,418,-0,0
static_freeze:state_sequence,419,0,0
static_freeze:state_sequence,420,0,0
static_freeze:state_sequence,421,-0,0
static_freeze:state_sequence,422,0,0
static_freeze:state_sequence,423,0,0
static_freeze:state_sequence,424,-0,0
static_freeze:state_sequence,425,0,0
static_freeze:state_sequence,426,0,0
static_freeze:state_sequence,427,-0,0
static_freeze:state_sequence,428,0,0
static_freeze:state_sequence,429,0,0
static_freeze:state_sequence,430,-0,0
static_freeze:state_sequence,431,0,0
static_freeze:state_sequence,432,0,0
static_freeze:state_sequence,433,-0,0
static_freeze:state_sequence,434,0,0
static_freeze:state_sequence,435,0,0
static_freeze:state_sequence,436,-0,0
static_freeze:state_sequence,437,0,0
static_freeze:state_sequence,438,0,0
static_freeze:state_sequence,439,-0,0
static_freeze:state_sequence,440,0,0
static_freeze:state_sequence,441,0,0
static_freeze:state_sequence,442,-0,0
static_freeze:state_sequence,443,0,0
static_freeze:state_sequence,444,0,0
static_freeze:state_sequence,445,-0,0
static_freeze:state_sequence,446,0,0
static_freeze:state_sequence,447,0,0
static_freeze:state_sequence,448,-0,0
static_freeze:state_sequence,449,0,0
static_freeze:state_sequence,450,0,0
static_freeze:state_sequence,451,-0,0
static_freeze:state_sequence,452,0,0
static_freeze:state_sequence,453,0,0
static_freeze:state_sequence,454,-0,0
static_freeze:state_sequence,455,0,0
static_freeze:state_sequence,456,-0,0
static_freeze:state_sequence,457,-0,0
static_freeze:state_sequence,458,0,0
static_freeze:state_sequence,459,-0,0
static_freeze:state_sequence,460,-0,0
static_freeze:state_sequence,461,0,0
static_freeze:state_sequence,462,-0,0
static_freeze:state_sequence,463,-0,0
static_freeze:state_sequence,464,0,0
static_freeze:state_sequence,465,-0,0
static_freeze:state_sequence,466,-0,0
static_freeze:state_sequence,467,0,0
static_freeze:state_sequence,468,0,0
static_freeze:state_sequence,469,-0,0
static_freeze:state_sequence,470,0,0
static_freeze:state_sequence,471,0,0
static_freeze:state_sequence,472,-0,0
static_freeze:state_sequence,473,0,0
static_freeze:state_sequence,474,0,0
static_freeze:state_sequence,475,-0,0
static_freeze:state_sequence,476,0,0
static_freeze:state_sequence,477,0,0
static_freeze:state_sequence,478,-0,0
static_freeze:state_sequence,479,0,0
static_freeze:state_sequence,480,0,0
static_freeze:state_sequence,481,-0,0
static_freeze:state_sequence,482,0,0
static_freeze:state_sequence,483,0,0
static_freeze:state_sequence,484,-0,0
static_freeze:state_sequence,485,0,0
static_freeze:state_sequence,486,0,0
static_freeze:state_sequence,487,-0,0
static_freeze:state_sequence,488,0,0
static_freeze:state_sequence,489,0,0
static_freeze:state_sequence,490,-0,0
static_freeze:state_sequence,491,0,0
static_freeze:state_sequence,492,0,0
static_freeze:state_sequence,493,-0,0
static_freeze:state_sequence,494,0,0
static_freeze:state_sequence,495,0,0
static_freeze:state_sequence,496,-0,0
static_freeze:state_sequence,497,0,0
static_freeze:state_sequence,498,0,0
static_freeze:state_sequence,499,-0,0
static_freeze:state_sequence,500,0,0
static_freeze:state_sequence,501,0,0
static_freeze:state_sequence,502,-0,0
static_freeze:state_sequence,503,0,0
static_freeze:state_sequence,504,0,0
static_freeze:state_sequence,505,-0,0
static_freeze:state_sequence,506,0,0
static_freeze:state_sequence,507,0,0
static_freeze:state_sequence,508,-0,0
static_freeze:state_sequence,509,0,0
static_freeze:state_sequence,510,0,0
static_freeze:state_sequence,511,-0,0
static_freeze:state_sequence,512,0,0
static_freeze:state_sequence,513,0,0
static_freeze:state_sequence,514,-0,0
static_freeze:state_sequence,515,0,0
static_freeze:state_sequence,516,0,0
static_freeze:state_sequence,517,-0,0
static_freeze:state_sequence,518,0,0
static_freeze:state_sequence,519,0,0
static_freeze:state_sequence,520,-0,0
static_freeze:state_sequence,521,0,0
static_freeze:state_sequence,522,0,0
static_freeze:state_sequence,523,-0,0
static_freeze:state_sequence,524,0,0
static_freeze:state_sequence,525,0,0
static_freeze:state_sequence,526,-0,0
static_freeze:state_sequence,527,0,0
static_freeze:state_sequence,528,0,0
static_freeze:state_sequence,529,-0,0
static_freeze:state_sequence,530,0,0
static_freeze:state_sequence,531,0,0
static_freeze:state_sequence,532,-0,0
static_freeze:state_sequence,533,0,0
static_freeze:state_sequence,534,0,0
static_freeze:state_sequence,535,-0,0
static_freeze:state_sequence,536,0,0
static_freeze:state_sequence,537,0,0
static_freeze:state_sequence,538,-0,0
static_freeze:state_sequence,539,0,0
static_freeze:state_sequence,540,0,0
static_freeze:state_sequence,541,-0,0
static_freeze:state_sequence,542,0,0
static_freeze:state_sequence,543,0,0
static_freeze:state_sequence,544,-0,0
static_freeze:state_sequence,545,0,0
static_freeze:state_sequence,546,0,0
static_freeze:state_sequence,547,-0,0
static_freeze:state_sequence,548,0,0
static_freeze:state_sequence,549,0,0
static_freeze:state_sequence,550,-0,0
static_freeze:state_sequence,551,0,0
static_freeze:state_sequence,552,0,0
static_freeze:state_sequence,553,-0,0
static_freeze:state_sequence,554,0,0
static_freeze:state_sequence,555,0,0
static_freeze:state_sequence,556,-0,0
static_freeze:state_sequence,557,0,0
static_freeze:state_sequence,558,0,0
static_freeze:state_sequence,559,-0,0
static_freeze:state_sequence,560,0,0
static_freeze:state_sequence,561,0,0
static_freeze:state_sequence,562,-0,0
static_freeze:state_sequence,563,0,0
static_freeze:state_sequence,564,0,0
static_freeze:state_sequence,565,-0,0
static_freeze:state_sequence,566,0,0
static_freeze:state_sequence,567,0,0
static_freeze:state_sequence,568,-0,0
static_freeze:state_sequence,569,0,0
static_freeze:state_sequence,570,0,0
static_freeze:state_sequence,571,-0,0
static_freeze:state_sequence,572,0,0
static_freeze:state_sequence,573,0,0
static_freeze:state_sequence,574,-0,0
static_freeze:state_sequence,575,0,0
static_freeze:state_sequence,576,0,0
static_freeze:state_sequence,577,-0,0
static_freeze:state_sequence,578,0,0
static_freeze:state_sequence,579,0,0
static_freeze:state_sequence,580,-0,0
static_freeze:state_sequence,581,0,0
static_freeze:state_sequence,582,0,0
static_freeze:state_sequence,583,-0,0
static_freeze:state_sequence,584,0,0
static_freeze:state_sequence,585,0,0
static_freeze:state_sequence,586,-0,0
static_freeze:state_sequence,587,0,0
static_freeze:state_sequence,588,0,0
static_freeze:state_sequence,589,-0,0
static_freeze:state_sequence,590,0,0
static_freeze:state_sequence,591,0,0
static_freeze:state_sequence,592,-0,0
static_freeze:state_sequence,593,0,0
static_freeze:state_sequence,594,0,0
static_freeze:state_sequence,595,-0,0
static_freeze:state_sequence,596,0,0
static_freeze:state_sequence,597,0,0
static_freeze:state_sequence,598,-0,0
static_freeze:state_sequence,599,0,0
static_freeze:state_sequence,600,0,0
static_freeze:state_sequence,601,-0,0
static_freeze:state_sequence,602,0,0
static_freeze:state_sequence,603,0,0
static_freeze:state_sequence,604,-0,0
static_freeze:state_sequence,605,0,0
static_freeze:state_sequence,606,0,0
static_freeze:state_sequence,607,-0,0
static_freeze:state_sequence,608,0,0
static_freeze:state_sequence,609,-0,0
static_freeze:state_sequence,610,-0,0
static_freeze:state_sequence,611,0,0
static_freeze:state_sequence,612,-0,0
static_freeze:state_sequence,613,-0,0
static_freeze:state_sequence,614,0,0
static_freeze:state_sequence,615,-0,0
static_freeze:state_sequence,616,-0,0
static_freeze:state_sequence,617,0,0
static_freeze:state_sequence,618,-0,0
static_freeze:state_sequence,619,-0,0
static_freeze:state_sequence,620,0,0
static_freeze:state_sequence,621,-0,0
static_freeze:state_sequence,622,-0,0
static_freeze:state_sequence,623,0,0
static_freeze:state_sequence,624,-0,0
static_freeze:state_sequence,625,-0,0
static_freeze:state_sequence,626,0,0
static_freeze:state_sequence,627,-0,0
static_freeze:state_sequence,628,-0,0
static_freeze:state_sequence,629,0,0
static_freeze:state_sequence,630,0,0
static_freeze:state_sequence,631,-0,0
static_freeze:state_sequence,632,0,0
static_freeze:state_sequence,633,0,0
static_freeze:state_sequence,634,-0,0
static_freeze:state_sequence,635,0,0
static_freeze:state_sequence,636,0,0
static_freeze:state_sequence,637,-0,0
static_freeze:state_sequence,638,0,0
static_freeze:state_sequence,639,0,0
static_freeze:state_sequence,640,-0,0
static_freeze:state_sequence,641,0,0
static_freeze:state_sequence,642,0,0
static_freeze:state_sequence,643,-0,0
static_freeze:state_sequence,644,0,0
static_freeze:state_sequence,645,0,0
static_freeze:state_sequence,646,-0,0
static_freeze:state_sequence,647,0,0
static_freeze:state_sequence,648,0,0
static_freeze:state_sequence,649,-0,0
static_freeze:state_sequence,650,0,0
static_freeze:state_sequence,651,0,0
static_freeze:state_sequence,652,-0,0
static_freeze:state_sequence,653,0,0
static_freeze:state_sequence,654,0,0
static_freeze:state_sequence,655,-0,0
static_freeze:state_sequence,656,0,0
static_freeze:state_sequence,657,0,0
static_freeze:state_sequence,658,-0,0
static_freeze:state_sequence,659,0,0
static_freeze:state_sequence,660,0,0
static_freeze:state_sequence,661,-0,0
static_freeze:state_sequence,662,0,0
static_freeze:state_sequence,663,0,0
static_freeze:state_sequence,664,-0,0
static_freeze:state_sequence,665,0,0
static_freeze:state_sequence,666,0,0
static_freeze:state_sequence,667,-0,0
static_freeze:state_sequence,668,0,0
static_freeze:state_sequence,669,-0,0
static_freeze:state_sequence,670,-0,0
static_freeze:state_sequence,671,0,0
static_freeze:state_sequence,672,-0,0
static_freeze:state_sequence,673,-0,0
static_freeze:state_sequence,674,0,0
static_freeze:state_sequence,675,-0,0
static_freeze:state_sequence,676,-0,0
static_freeze:state_sequence,677,0,0
static_freeze:state_sequence,678,-0,0
static_freeze:state_sequence,679,-0,0
static_freeze:state_sequence,680,0,0
static_freeze:state_sequence,681,-0,0
static_freeze:state_sequence,682,-0,0
static_freeze:state_sequence,683,0,0
static_freeze:state_sequence,684,-0,0
static_freeze:state_sequence,685,-0,0
static_freeze:state_sequence,686,0,0
static_freeze:state_sequence,687,-0,0
static_freeze:state_sequence,688,-0,0
static_freeze:state_sequence,689,0,0
static_freeze:state_sequence,690,-0,0
static_freeze:state_sequence,691,-0,0
static_freeze:state_sequence,692,0,0
static_freeze:state_sequence,693,-0,0
static_freeze:state_sequence,694,-0,0
static_freeze:state_sequence,695,0,0
static_freeze:state_sequence,696,-0,0
static_freeze:state_sequence,697,-0,0
static_freeze:state_sequence,698,0,0
static_freeze:state_sequence,699,-0,0
static_freeze:state_sequence,700,-0,0
static_freeze:state_sequence,701,0,0
static_freeze:state_sequence,702,-0,0
static_freeze:state_sequence,703,-0,0
static_freeze:state_sequence,704,0,0
static_freeze:state_sequence,705,-0,0
static_freeze:state_sequence,706,-0,0
static_freeze:state_sequence,707,0,0
static_freeze:state_sequence,708,-0,0
static_freeze:state_sequence,709,-0,0
static_freeze:state_sequence,710,0,0
static_freeze:state_sequence,711,-0,0
static_freeze:state_sequence,712,-0,0
static_freeze:state_sequence,713,0,0
static_freeze:state_sequence,714,-0,0
static_freeze:state_sequence,715,-0,0
static_freeze:state_sequence,716,0,0
contact_distance:interaction_state,0,0,0
contact_distance:interaction_state,1,0,0
contact_distance:interaction_state,2,0.0034251586947403904,1.1731712084155696e-05
