frame,time,site_id,body_part,side,x_m,y_m,z_m,coordinate_frame,confidence,source
1,0.000000,left_hand,hand,left,-0.852676809,0.121308786,3.189949608,gvhmr_incam,1.000000,gvhmr_smplx_contact_site_provider
1,0.000000,right_hand,hand,right,-0.068538797,-0.120715660,3.220380783,gvhmr_incam,1.000000,gvhmr_smplx_contact_site_provider
1,0.000000,left_foot,foot,left,-1.167933583,0.954406500,3.139025927,gvhmr_incam,1.000000,gvhmr_smplx_contact_site_provider
1,0.000000,right_foot,foot,right,-0.370208859,1.024800777,3.074702024,gvhmr_incam,1.000000,gvhmr_smplx_contact_site_provider
2,0.041667,left_hand,hand,left,-0.843117344,0.116946936,3.190493250,gvhmr_incam,1.000000,gvhmr_smplx_contact_site_provider
2,0.041667,right_hand,hand,right,-0.070048738,-0.106463850,3.193058586,gvhmr_incam,1.000000,gvhmr_smplx_contact_site_provider
2,0.041667,left_foot,foot,left,-1.164878845,0.953226149,3.134706497,gvhmr_incam,1.000000,gvhmr_smplx_contact_site_provider
2,0.041667,right_foot,foot,right,-0.367591470,1.024023056,3.069935560,gvhmr_incam,1.000000,gvhmr_smplx_contact_site_provider
3,0.083333,left_hand,hand,left,-0.833850574,0.109526205,3.203823471,gvhmr_incam,1.000000,gvhmr_smplx_contact_site_provider
3,0.083333,right_hand,hand,right,-0.079051900,-0.079923809,3.165319633,gvhmr_incam,1.000000,gvhmr_smplx_contact_site_provider
3,0.083333,left_foot,foot,left,-1.165980101,0.952139497,3.139458656,gvhmr_incam,1.000000,gvhmr_smplx_contact_site_provider
3,0.083333,right_foot,foot,right,-0.369170099,1.024258494,3.074354172,gvhmr_incam,1.000000,gvhmr_smplx_contact_site_provider
4,0.125000,left_hand,hand,left,-0.822942019,0.098415446,3.233975554,gvhmr_incam,1.000000,gvhmr_smplx_contact_site_provider
4,0.125000,right_hand,hand,right,-0.096008813,-0.041688997,3.138059473,gvhmr_incam,1.000000,gvhmr_smplx_contact_site_provider
4,0.125000,left_foot,foot,left,-1.168883204,0.951677322,3.159250975,gvhmr_incam,1.000000,gvhmr_smplx_contact_site_provider
4,0.125000,right_foot,foot,right,-0.372986376,1.025281549,3.093474865,gvhmr_incam,1.000000,gvhmr_smplx_contact_site_provider
5,0.166667,left_hand,hand,left,-0.806709659,0.082009983,3.265124321,gvhmr_incam,1.000000,gvhmr_smplx_contact_site_provider
5,0.166667,right_hand,hand,right,-0.120870030,0.005417013,3.106402397,gvhmr_incam,1.000000,gvhmr_smplx_contact_site_provider
5,0.166667,left_foot,foot,left,-1.172643423,0.950767040,3.180022955,gvhmr_incam,1.000000,gvhmr_smplx_contact_site_provider
5,0.166667,right_foot,foot,right,-0.377534866,1.025145411,3.113353968,gvhmr_incam,1.000000,gvhmr_smplx_contact_site_provider
6,0.208333,left_hand,hand,left,-0.783097541,0.065028077,3.277009010,gvhmr_incam,1.000000,gvhmr_smplx_contact_site_provider
6,0.208333,right_hand,hand,right,-0.145562923,0.067289162,3.040872908,gvhmr_incam,1.000000,gvhmr_smplx_contact_site_provider
6,0.208333,left_foot,foot,left,-1.171586037,0.950611115,3.181338072,gvhmr_incam,1.000000,gvhmr_smplx_contact_site_provider
6,0.208333,right_foot,foot,right,-0.377001345,1.024684906,3.113643646,gvhmr_incam,1.000000,gvhmr_smplx_contact_site_provider
7,0.250000,left_hand,hand,left,-0.754934311,0.048276317,3.284981918,gvhmr_incam,1.000000,gvhmr_smplx_contact_site_provider
7,0.250000,right_hand,hand,right,-0.180142140,0.131559700,2.971172857,gvhmr_incam,1.000000,gvhmr_smplx_contact_site_provider
7,0.250000,left_foot,foot,left,-1.168933988,0.950149059,3.182841063,gvhmr_incam,1.000000,gvhmr_smplx_contact_site_provider
7,0.250000,right_foot,foot,right,-0.374886930,1.023553729,3.113805532,gvhmr_incam,1.000000,gvhmr_smplx_contact_site_provider
8,0.291667,left_hand,hand,left,-0.728859818,0.044971538,3.288066292,gvhmr_incam,1.000000,gvhmr_smplx_contact_site_provider
8,0.291667,right_hand,hand,right,-0.218519700,0.189425206,2.912059784,gvhmr_incam,1.000000,gvhmr_smplx_contact_site_provider
8,0.291667,left_foot,foot,left,-1.165378809,0.952747464,3.185626984,gvhmr_incam,1.000000,gvhmr_smplx_contact_site_provider
8,0.291667,right_foot,foot,right,-0.371772259,1.024238706,3.115680218,gvhmr_incam,1.000000,gvhmr_smplx_contact_site_provider
9,0.333333,left_hand,hand,left,-0.714154685,0.054396349,3.297128582,gvhmr_incam,1.000000,gvhmr_smplx_contact_site_provider
9,0.333333,right_hand,hand,right,-0.260401714,0.238399780,2.877956152,gvhmr_incam,1.000000,gvhmr_smplx_contact_site_provider
9,0.333333,left_foot,foot,left,-1.164632320,0.954241872,3.194818974,gvhmr_incam,1.000000,gvhmr_smplx_contact_site_provider
9,0.333333,right_foot,foot,right,-0.371675104,1.025628209,3.124282360,gvhmr_incam,1.000000,gvhmr_smplx_contact_site_provider
10,0.375000,left_hand,hand,left,-0.703549778,0.067732090,3.302499485,gvhmr_incam,1.000000,gvhmr_smplx_contact_site_provider
10,0.375000,right_hand,hand,right,-0.289077568,0.275188917,2.855792665,gvhmr_incam,1.000000,gvhmr_smplx_contact_site_provider
10,0.375000,left_foot,foot,left,-1.166108012,0.957225263,3.205252409,gvhmr_incam,1.000000,gvhmr_smplx_contact_site_provider
10,0.375000,right_foot,foot,right,-0.372848868,1.025543213,3.135404825,gvhmr_incam,1.000000,gvhmr_smplx_contact_site_provider
11,0.416667,left_hand,hand,left,-0.698250878,0.078922826,3.310924864,gvhmr_incam,1.000000,gvhmr_smplx_contact_site_provider
11,0.416667,right_hand,hand,right,-0.304143518,0.295041478,2.848753405,gvhmr_incam,1.000000,gvhmr_smplx_contact_site_provider
11,0.416667,left_foot,foot,left,-1.169376373,0.959393263,3.216578722,gvhmr_incam,1.000000,gvhmr_smplx_contact_site_provider
11,0.416667,right_foot,foot,right,-0.376133054,1.025473595,3.146121740,gvhmr_incam,1.000000,gvhmr_smplx_contact_site_provider
12,0.458333,left_hand,hand,left,-0.689705491,0.088238972,3.305780315,gvhmr_incam,1.000000,gvhmr_smplx_contact_site_provider
12,0.458333,right_hand,hand,right,-0.290449083,0.302303094,2.838608170,gvhmr_incam,1.000000,gvhmr_smplx_contact_site_provider
12,0.458333,left_foot,foot,left,-1.165464163,0.960655928,3.214839935,gvhmr_incam,1.000000,gvhmr_smplx_contact_site_provider
12,0.458333,right_foot,foot,right,-0.372256726,1.025740743,3.143550873,gvhmr_incam,1.000000,gvhmr_smplx_contact_site_provider
13,0.500000,left_hand,hand,left,-0.683924580,0.092164958,3.301488209,gvhmr_incam,1.000000,gvhmr_smplx_contact_site_provider
13,0.500000,right_hand,hand,right,-0.248749733,0.293882585,2.836981010,gvhmr_incam,1.000000,gvhmr_smplx_contact_site_provider
13,0.500000,left_foot,foot,left,-1.161870599,0.961905897,3.213002682,gvhmr_incam,1.000000,gvhmr_smplx_contact_site_provider
13,0.500000,right_foot,foot,right,-0.368423700,1.026286840,3.140617132,gvhmr_incam,1.000000,gvhmr_smplx_contact_site_provider
14,0.541667,left_hand,hand,left,-0.688329732,0.093784010,3.300994635,gvhmr_incam,1.000000,gvhmr_smplx_contact_site_provider
14,0.541667,right_hand,hand,right,-0.186540282,0.267567378,2.862444925,gvhmr_incam,1.000000,gvhmr_smplx_contact_site_provider
14,0.541667,left_foot,foot,left,-1.161200166,0.961191654,3.211701870,gvhmr_incam,1.000000,gvhmr_smplx_contact_site_provider
14,0.541667,right_foot,foot,right,-0.367538154,1.026666999,3.138620377,gvhmr_incam,1.000000,gvhmr_smplx_contact_site_provider
15,0.583333,left_hand,hand,left,-0.701066613,0.091382152,3.303904486,gvhmr_incam,1.000000,gvhmr_smplx_contact_site_provider
15,0.583333,right_hand,hand,right,-0.116215324,0.217398208,2.912529516,gvhmr_incam,1.000000,gvhmr_smplx_contact_site_provider
15,0.583333,left_foot,foot,left,-1.163451195,0.959483624,3.211501122,gvhmr_incam,1.000000,gvhmr_smplx_contact_site_provider
15,0.583333,right_foot,foot,right,-0.368493825,1.023838282,3.138483286,gvhmr_incam,1.000000,gvhmr_smplx_contact_site_provider
16,0.625000,left_hand,hand,left,-0.718683755,0.093438303,3.285011292,gvhmr_incam,1.000000,gvhmr_smplx_contact_site_provider
16,0.625000,right_hand,hand,right,-0.052696133,0.158693254,2.959405136,gvhmr_incam,1.000000,gvhmr_smplx_contact_site_provider
16,0.625000,left_foot,foot,left,-1.166845560,0.959622145,3.192085505,gvhmr_incam,1.000000,gvhmr_smplx_contact_site_provider
16,0.625000,right_foot,foot,right,-0.370557457,1.025355101,3.120162249,gvhmr_incam,1.000000,gvhmr_smplx_contact_site_provider
17,0.666667,left_hand,hand,left,-0.749874544,0.095940131,3.291491508,gvhmr_incam,1.000000,gvhmr_smplx_contact_site_provider
17,0.666667,right_hand,hand,right,-0.010511470,0.088562632,3.052143288,gvhmr_incam,1.000000,gvhmr_smplx_contact_site_provider
17,0.666667,left_foot,foot,left,-1.171151519,0.959997892,3.203279972,gvhmr_incam,1.000000,gvhmr_smplx_contact_site_provider
17,0.666667,right_foot,foot,right,-0.373245329,1.022984982,3.131497145,gvhmr_incam,1.000000,gvhmr_smplx_contact_site_provider
18,0.708333,left_hand,hand,left,-0.779851139,0.100020242,3.292667580,gvhmr_incam,1.000000,gvhmr_smplx_contact_site_provider
18,0.708333,right_hand,hand,right,0.008965492,0.010599828,3.138941050,gvhmr_incam,1.000000,gvhmr_smplx_contact_site_provider
18,0.708333,left_foot,foot,left,-1.172296882,0.960648060,3.211347580,gvhmr_incam,1.000000,gvhmr_smplx_contact_site_provider
18,0.708333,right_foot,foot,right,-0.373392642,1.022699833,3.138329029,gvhmr_incam,1.000000,gvhmr_smplx_contact_site_provider
19,0.750000,left_hand,hand,left,-0.805625153,0.106454110,3.276430798,gvhmr_incam,1.000000,gvhmr_smplx_contact_site_provider
19,0.750000,right_hand,hand,right,0.011656463,-0.050341094,3.196251535,gvhmr_incam,1.000000,gvhmr_smplx_contact_site_provider
19,0.750000,left_foot,foot,left,-1.171393871,0.963320136,3.205387592,gvhmr_incam,1.000000,gvhmr_smplx_contact_site_provider
19,0.750000,right_foot,foot,right,-0.371850163,1.023206949,3.131918907,gvhmr_incam,1.000000,gvhmr_smplx_contact_site_provider
20,0.791667,left_hand,hand,left,-0.830363178,0.112983209,3.260033941,gvhmr_incam,1.000000,gvhmr_smplx_contact_site_provider
20,0.791667,right_hand,hand,right,-0.000185287,-0.105279481,3.251348209,gvhmr_incam,1.000000,gvhmr_smplx_contact_site_provider
20,0.791667,left_foot,foot,left,-1.171176672,0.964177787,3.201686144,gvhmr_incam,1.000000,gvhmr_smplx_contact_site_provider
20,0.791667,right_foot,foot,right,-0.371196687,1.023051143,3.127786875,gvhmr_incam,1.000000,gvhmr_smplx_contact_site_provider
21,0.833333,left_hand,hand,left,-0.850565445,0.118479127,3.240477848,gvhmr_incam,1.000000,gvhmr_smplx_contact_site_provider
21,0.833333,right_hand,hand,right,-0.020728111,-0.146291411,3.294945621,gvhmr_incam,1.000000,gvhmr_smplx_contact_site_provider
21,0.833333,left_foot,foot,left,-1.169623852,0.964864969,3.196644306,gvhmr_incam,1.000000,gvhmr_smplx_contact_site_provider
21,0.833333,right_foot,foot,right,-0.369350582,1.022214174,3.122592688,gvhmr_incam,1.000000,gvhmr_smplx_contact_site_provider
22,0.875000,left_hand,hand,left,-0.867349517,0.123944885,3.210653877,gvhmr_incam,1.000000,gvhmr_smplx_contact_site_provider
22,0.875000,right_hand,hand,right,-0.047113299,-0.177883828,3.318752527,gvhmr_incam,1.000000,gvhmr_smplx_contact_site_provider
22,0.875000,left_foot,foot,left,-1.167704582,0.964591861,3.180338860,gvhmr_incam,1.000000,gvhmr_smplx_contact_site_provider
22,0.875000,right_foot,foot,right,-0.367675066,1.022072554,3.105284452,gvhmr_incam,1.000000,gvhmr_smplx_contact_site_provider
23,0.916667,left_hand,hand,left,-0.879997969,0.129510808,3.187050629,gvhmr_incam,1.000000,gvhmr_smplx_contact_site_provider
23,0.916667,right_hand,hand,right,-0.077473617,-0.191716194,3.335524702,gvhmr_incam,1.000000,gvhmr_smplx_contact_site_provider
23,0.916667,left_foot,foot,left,-1.164787054,0.966196060,3.169068813,gvhmr_incam,1.000000,gvhmr_smplx_contact_site_provider
23,0.916667,right_foot,foot,right,-0.364899337,1.023328543,3.093674421,gvhmr_incam,1.000000,gvhmr_smplx_contact_site_provider
24,0.958333,left_hand,hand,left,-0.893894970,0.137690896,3.171047306,gvhmr_incam,1.000000,gvhmr_smplx_contact_site_provider
24,0.958333,right_hand,hand,right,-0.108833730,-0.194280541,3.348568392,gvhmr_incam,1.000000,gvhmr_smplx_contact_site_provider
24,0.958333,left_foot,foot,left,-1.166085958,0.967870712,3.163862705,gvhmr_incam,1.000000,gvhmr_smplx_contact_site_provider
24,0.958333,right_foot,foot,right,-0.366411597,1.024746180,3.088226318,gvhmr_incam,1.000000,gvhmr_smplx_contact_site_provider
25,1.000000,left_hand,hand,left,-0.910181558,0.144902831,3.182782650,gvhmr_incam,1.000000,gvhmr_smplx_contact_site_provider
25,1.000000,right_hand,hand,right,-0.143532991,-0.184915602,3.376519585,gvhmr_incam,1.000000,gvhmr_smplx_contact_site_provider
25,1.000000,left_foot,foot,left,-1.170313001,0.970532179,3.182935715,gvhmr_incam,1.000000,gvhmr_smplx_contact_site_provider
25,1.000000,right_foot,foot,right,-0.370732546,1.026600361,3.107489824,gvhmr_incam,1.000000,gvhmr_smplx_contact_site_provider
26,1.041667,left_hand,hand,left,-0.922271526,0.150004625,3.184303379,gvhmr_incam,1.000000,gvhmr_smplx_contact_site_provider
26,1.041667,right_hand,hand,right,-0.176658952,-0.165631497,3.379584932,gvhmr_incam,1.000000,gvhmr_smplx_contact_site_provider
26,1.041667,left_foot,foot,left,-1.174190044,0.971799016,3.188261271,gvhmr_incam,1.000000,gvhmr_smplx_contact_site_provider
26,1.041667,right_foot,foot,right,-0.374590933,1.027703762,3.113253832,gvhmr_incam,1.000000,gvhmr_smplx_contact_site_provider
27,1.083333,left_hand,hand,left,-0.931286967,0.152249330,3.172724915,gvhmr_incam,1.000000,gvhmr_smplx_contact_site_provider
27,1.083333,right_hand,hand,right,-0.206815207,-0.140974796,3.358636379,gvhmr_incam,1.000000,gvhmr_smplx_contact_site_provider
27,1.083333,left_foot,foot,left,-1.175503492,0.972636044,3.177130699,gvhmr_incam,1.000000,gvhmr_smplx_contact_site_provider
27,1.083333,right_foot,foot,right,-0.375871480,1.029203892,3.102527618,gvhmr_incam,1.000000,gvhmr_smplx_contact_site_provider
28,1.125000,left_hand,hand,left,-0.939188373,0.152249354,3.169806671,gvhmr_incam,1.000000,gvhmr_smplx_contact_site_provider
28,1.125000,right_hand,hand,right,-0.237990779,-0.110869491,3.335262489,gvhmr_incam,1.000000,gvhmr_smplx_contact_site_provider
28,1.125000,left_foot,foot,left,-1.175697088,0.972598910,3.173702478,gvhmr_incam,1.000000,gvhmr_smplx_contact_site_provider
28,1.125000,right_foot,foot,right,-0.376317233,1.030542493,3.098750353,gvhmr_incam,1.000000,gvhmr_smplx_contact_site_provider
29,1.166667,left_hand,hand,left,-0.944855583,0.146603477,3.175632620,gvhmr_incam,1.000000,gvhmr_smplx_contact_site_provider
29,1.166667,right_hand,hand,right,-0.264691919,-0.080348128,3.310288811,gvhmr_incam,1.000000,gvhmr_smplx_contact_site_provider
29,1.166667,left_foot,foot,left,-1.176204920,0.970400631,3.176274300,gvhmr_incam,1.000000,gvhmr_smplx_contact_site_provider
29,1.166667,right_foot,foot,right,-0.377059937,1.030012012,3.101159096,gvhmr_incam,1.000000,gvhmr_smplx_contact_site_provider
30,1.208333,left_hand,hand,left,-0.943964934,0.141334134,3.181260967,gvhmr_incam,1.000000,gvhmr_smplx_contact_site_provider
30,1.208333,right_hand,hand,right,-0.279937756,-0.046580780,3.272485304,gvhmr_incam,1.000000,gvhmr_smplx_contact_site_provider
30,1.208333,left_foot,foot,left,-1.175230742,0.969826102,3.172715425,gvhmr_incam,1.000000,gvhmr_smplx_contact_site_provider
30,1.208333,right_foot,foot,right,-0.376363337,1.031534314,3.098464012,gvhmr_incam,1.000000,gvhmr_smplx_contact_site_provider
31,1.250000,left_hand,hand,left,-0.939835393,0.133450043,3.194255495,gvhmr_incam,1.000000,gvhmr_smplx_contact_site_provider
31,1.250000,right_hand,hand,right,-0.289014459,-0.011084282,3.228905153,gvhmr_incam,1.000000,gvhmr_smplx_contact_site_provider
31,1.250000,left_foot,foot,left,-1.174985528,0.969022095,3.173492908,gvhmr_incam,1.000000,gvhmr_smplx_contact_site_provider
31,1.250000,right_foot,foot,right,-0.376376688,1.032325745,3.100707054,gvhmr_incam,1.000000,gvhmr_smplx_contact_site_provider
32,1.291667,left_hand,hand,left,-0.930691683,0.124085051,3.216180992,gvhmr_incam,1.000000,gvhmr_smplx_contact_site_provider
32,1.291667,right_hand,hand,right,-0.292517835,0.023731732,3.180674934,gvhmr_incam,1.000000,gvhmr_smplx_contact_site_provider
32,1.291667,left_foot,foot,left,-1.176190138,0.967944980,3.179383993,gvhmr_incam,1.000000,gvhmr_smplx_contact_site_provider
32,1.291667,right_foot,foot,right,-0.378159285,1.034054637,3.107573271,gvhmr_incam,1.000000,gvhmr_smplx_contact_site_provider
33,1.333333,left_hand,hand,left,-0.916333985,0.112172490,3.241667318,gvhmr_incam,1.000000,gvhmr_smplx_contact_site_provider
33,1.333333,right_hand,hand,right,-0.289479554,0.055551118,3.124358606,gvhmr_incam,1.000000,gvhmr_smplx_contact_site_provider
33,1.333333,left_foot,foot,left,-1.176894903,0.967281520,3.184144735,gvhmr_incam,1.000000,gvhmr_smplx_contact_site_provider
33,1.333333,right_foot,foot,right,-0.379346639,1.034609079,3.113528967,gvhmr_incam,1.000000,gvhmr_smplx_contact_site_provider
34,1.375000,left_hand,hand,left,-0.892739189,0.101947290,3.271328402,gvhmr_incam,1.000000,gvhmr_smplx_contact_site_provider
34,1.375000,right_hand,hand,right,-0.284197271,0.080909276,3.065703773,gvhmr_incam,1.000000,gvhmr_smplx_contact_site_provider
34,1.375000,left_foot,foot,left,-1.176122189,0.967062593,3.193166971,gvhmr_incam,1.000000,gvhmr_smplx_contact_site_provider
34,1.375000,right_foot,foot,right,-0.378713876,1.034497619,3.123414040,gvhmr_incam,1.000000,gvhmr_smplx_contact_site_provider
35,1.416667,left_hand,hand,left,-0.860660696,0.089241856,3.288658285,gvhmr_incam,1.000000,gvhmr_smplx_contact_site_provider
35,1.416667,right_hand,hand,right,-0.281633425,0.097593468,2.996145153,gvhmr_incam,1.000000,gvhmr_smplx_contact_site_provider
35,1.416667,left_foot,foot,left,-1.176506519,0.965157866,3.192663193,gvhmr_incam,1.000000,gvhmr_smplx_contact_site_provider
35,1.416667,right_foot,foot,right,-0.378256381,1.031223774,3.122161388,gvhmr_incam,1.000000,gvhmr_smplx_contact_site_provider
36,1.458333,left_hand,hand,left,-0.822029305,0.074670064,3.311372757,gvhmr_incam,1.000000,gvhmr_smplx_contact_site_provider
36,1.458333,right_hand,hand,right,-0.282213628,0.108409649,2.933187962,gvhmr_incam,1.000000,gvhmr_smplx_contact_site_provider
36,1.458333,left_foot,foot,left,-1.178618670,0.962818980,3.205345392,gvhmr_incam,1.000000,gvhmr_smplx_contact_site_provider
36,1.458333,right_foot,foot,right,-0.378290176,1.027028322,3.131142616,gvhmr_incam,1.000000,gvhmr_smplx_contact_site_provider
37,1.500000,left_hand,hand,left,-0.780588555,0.061898464,3.327636909,gvhmr_incam,1.000000,gvhmr_smplx_contact_site_provider
37,1.500000,right_hand,hand,right,-0.287827796,0.113101351,2.873319912,gvhmr_incam,1.000000,gvhmr_smplx_contact_site_provider
37,1.500000,left_foot,foot,left,-1.181250095,0.959828019,3.218394756,gvhmr_incam,1.000000,gvhmr_smplx_contact_site_provider
37,1.500000,right_foot,foot,right,-0.378493190,1.020563245,3.136744022,gvhmr_incam,1.000000,gvhmr_smplx_contact_site_provider
38,1.541667,left_hand,hand,left,-0.739248037,0.062747437,3.333213472,gvhmr_incam,1.000000,gvhmr_smplx_contact_site_provider
38,1.541667,right_hand,hand,right,-0.292149222,0.116152841,2.823459673,gvhmr_incam,1.000000,gvhmr_smplx_contact_site_provider
38,1.541667,left_foot,foot,left,-1.180664539,0.958948612,3.226206779,gvhmr_incam,1.000000,gvhmr_smplx_contact_site_provider
38,1.541667,right_foot,foot,right,-0.375845850,1.016605377,3.138172626,gvhmr_incam,1.000000,gvhmr_smplx_contact_site_provider
39,1.583333,left_hand,hand,left,-0.695819223,0.075142825,3.329616547,gvhmr_incam,1.000000,gvhmr_smplx_contact_site_provider
39,1.583333,right_hand,hand,right,-0.290438974,0.116993028,2.778995848,gvhmr_incam,1.000000,gvhmr_smplx_contact_site_provider
39,1.583333,left_foot,foot,left,-1.174088717,0.961497545,3.220258713,gvhmr_incam,1.000000,gvhmr_smplx_contact_site_provider
39,1.583333,right_foot,foot,right,-0.366608977,1.015996456,3.127975941,gvhmr_incam,1.000000,gvhmr_smplx_contact_site_provider
40,1.625000,left_hand,hand,left,-0.665300417,0.081790966,3.328501225,gvhmr_incam,1.000000,gvhmr_smplx_contact_site_provider
40,1.625000,right_hand,hand,right,-0.286311656,0.116215920,2.751377869,gvhmr_incam,1.000000,gvhmr_smplx_contact_site_provider
40,1.625000,left_foot,foot,left,-1.174975157,0.963047504,3.224809170,gvhmr_incam,1.000000,gvhmr_smplx_contact_site_provider
40,1.625000,right_foot,foot,right,-0.365942121,1.015522003,3.128686190,gvhmr_incam,1.000000,gvhmr_smplx_contact_site_provider
41,1.666667,left_hand,hand,left,-0.645574749,0.084543914,3.328865957,gvhmr_incam,1.000000,gvhmr_smplx_contact_site_provider
41,1.666667,right_hand,hand,right,-0.272755039,0.108728373,2.735578060,gvhmr_incam,1.000000,gvhmr_smplx_contact_site_provider
41,1.666667,left_foot,foot,left,-1.177054644,0.963677227,3.234646559,gvhmr_incam,1.000000,gvhmr_smplx_contact_site_provider
41,1.666667,right_foot,foot,right,-0.366801292,1.013582230,3.135620832,gvhmr_incam,1.000000,gvhmr_smplx_contact_site_provider
42,1.708333,left_hand,hand,left,-0.629541671,0.082889366,3.323209906,gvhmr_incam,1.000000,gvhmr_smplx_contact_site_provider
42,1.708333,right_hand,hand,right,-0.250218499,0.099170864,2.721585512,gvhmr_incam,1.000000,gvhmr_smplx_contact_site_provider
42,1.708333,left_foot,foot,left,-1.177787066,0.963724375,3.235419750,gvhmr_incam,1.000000,gvhmr_smplx_contact_site_provider
42,1.708333,right_foot,foot,right,-0.366584063,1.012933016,3.134355545,gvhmr_incam,1.000000,gvhmr_smplx_contact_site_provider
43,1.750000,left_hand,hand,left,-0.622655952,0.075927645,3.330328465,gvhmr_incam,1.000000,gvhmr_smplx_contact_site_provider
43,1.750000,right_hand,hand,right,-0.217898083,0.089438057,2.737983322,gvhmr_incam,1.000000,gvhmr_smplx_contact_site_provider
43,1.750000,left_foot,foot,left,-1.180540323,0.962097406,3.247262001,gvhmr_incam,1.000000,gvhmr_smplx_contact_site_provider
43,1.750000,right_foot,foot,right,-0.368213356,1.011910439,3.143642187,gvhmr_incam,1.000000,gvhmr_smplx_contact_site_provider
44,1.791667,left_hand,hand,left,-0.628204978,0.065653390,3.359043550,gvhmr_incam,1.000000,gvhmr_smplx_contact_site_provider
44,1.791667,right_hand,hand,right,-0.182068288,0.075625950,2.779462385,gvhmr_incam,1.000000,gvhmr_smplx_contact_site_provider
44,1.791667,left_foot,foot,left,-1.187328100,0.962021112,3.281090736,gvhmr_incam,1.000000,gvhmr_smplx_contact_site_provider
44,1.791667,right_foot,foot,right,-0.374124855,1.011225343,3.175079107,gvhmr_incam,1.000000,gvhmr_smplx_contact_site_provider
45,1.833333,left_hand,hand,left,-0.632487178,0.053119582,3.344359875,gvhmr_incam,1.000000,gvhmr_smplx_contact_site_provider
45,1.833333,right_hand,hand,right,-0.131434846,0.063152093,2.798407745,gvhmr_incam,1.000000,gvhmr_smplx_contact_site_provider
45,1.833333,left_foot,foot,left,-1.189350128,0.958555579,3.271241665,gvhmr_incam,1.000000,gvhmr_smplx_contact_site_provider
45,1.833333,right_foot,foot,right,-0.375615776,1.011910439,3.162846804,gvhmr_incam,1.000000,gvhmr_smplx_contact_site_provider
46,1.875000,left_hand,hand,left,-0.651312518,0.045915782,3.329638767,gvhmr_incam,1.000000,gvhmr_smplx_contact_site_provider
46,1.875000,right_hand,hand,right,-0.081361067,0.042089802,2.840474701,gvhmr_incam,1.000000,gvhmr_smplx_contact_site_provider
46,1.875000,left_foot,foot,left,-1.193724632,0.955546498,3.258697033,gvhmr_incam,1.000000,gvhmr_smplx_contact_site_provider
46,1.875000,right_foot,foot,right,-0.379611582,1.015598774,3.147534132,gvhmr_incam,1.000000,gvhmr_smplx_contact_site_provider
47,1.916667,left_hand,hand,left,-0.665704000,0.041729981,3.321746397,gvhmr_incam,1.000000,gvhmr_smplx_contact_site_provider
47,1.916667,right_hand,hand,right,-0.025734186,0.013057792,2.899200773,gvhmr_incam,1.000000,gvhmr_smplx_contact_site_provider
47,1.916667,left_foot,foot,left,-1.190956354,0.954490304,3.246696711,gvhmr_incam,1.000000,gvhmr_smplx_contact_site_provider
47,1.916667,right_foot,foot,right,-0.376499355,1.017741084,3.133089304,gvhmr_incam,1.000000,gvhmr_smplx_contact_site_provider
48,1.958333,left_hand,hand,left,-0.685777271,0.038535881,3.313027334,gvhmr_incam,1.000000,gvhmr_smplx_contact_site_provider
48,1.958333,right_hand,hand,right,0.014695239,-0.026276517,2.980555344,gvhmr_incam,1.000000,gvhmr_smplx_contact_site_provider
48,1.958333,left_foot,foot,left,-1.188710213,0.953714609,3.234654188,gvhmr_incam,1.000000,gvhmr_smplx_contact_site_provider
48,1.958333,right_foot,foot,right,-0.373925775,1.017163992,3.119062901,gvhmr_incam,1.000000,gvhmr_smplx_contact_site_provider
49,2.000000,left_hand,hand,left,-0.710228086,0.036475509,3.301424122,gvhmr_incam,1.000000,gvhmr_smplx_contact_site_provider
49,2.000000,right_hand,hand,right,0.035573065,-0.078491330,3.067445803,gvhmr_incam,1.000000,gvhmr_smplx_contact_site_provider
49,2.000000,left_foot,foot,left,-1.187166691,0.953668892,3.222678900,gvhmr_incam,1.000000,gvhmr_smplx_contact_site_provider
49,2.000000,right_foot,foot,right,-0.371675432,1.013705730,3.107728243,gvhmr_incam,1.000000,gvhmr_smplx_contact_site_provider
50,2.041667,left_hand,hand,left,-0.734508669,0.038055873,3.281120396,gvhmr_incam,1.000000,gvhmr_smplx_contact_site_provider
50,2.041667,right_hand,hand,right,0.035167909,-0.127232194,3.149532938,gvhmr_incam,1.000000,gvhmr_smplx_contact_site_provider
50,2.041667,left_foot,foot,left,-1.180658698,0.955182731,3.203777790,gvhmr_incam,1.000000,gvhmr_smplx_contact_site_provider
50,2.041667,right_foot,foot,right,-0.364399254,1.012798309,3.090376377,gvhmr_incam,1.000000,gvhmr_smplx_contact_site_provider
51,2.083333,left_hand,hand,left,-0.761771405,0.039248908,3.270920372,gvhmr_incam,1.000000,gvhmr_smplx_contact_site_provider
51,2.083333,right_hand,hand,right,0.014974320,-0.181677377,3.231723022,gvhmr_incam,1.000000,gvhmr_smplx_contact_site_provider
51,2.083333,left_foot,foot,left,-1.180030107,0.955811739,3.198925972,gvhmr_incam,1.000000,gvhmr_smplx_contact_site_provider
51,2.083333,right_foot,foot,right,-0.363206744,1.011261821,3.086953640,gvhmr_incam,1.000000,gvhmr_smplx_contact_site_provider
52,2.125000,left_hand,hand,left,-0.785209632,0.041105872,3.262849951,gvhmr_incam,1.000000,gvhmr_smplx_contact_site_provider
52,2.125000,right_hand,hand,right,-0.018030608,-0.235311109,3.305821562,gvhmr_incam,1.000000,gvhmr_smplx_contact_site_provider
52,2.125000,left_foot,foot,left,-1.178472161,0.955827713,3.198431492,gvhmr_incam,1.000000,gvhmr_smplx_contact_site_provider
52,2.125000,right_foot,foot,right,-0.360454977,1.008347869,3.090553045,gvhmr_incam,1.000000,gvhmr_smplx_contact_site_provider
53,2.166667,left_hand,hand,left,-0.802322209,0.043003672,3.238558435,gvhmr_incam,1.000000,gvhmr_smplx_contact_site_provider
53,2.166667,right_hand,hand,right,-0.052512884,-0.276517272,3.347214508,gvhmr_incam,1.000000,gvhmr_smplx_contact_site_provider
53,2.166667,left_foot,foot,left,-1.175200582,0.955202103,3.181756735,gvhmr_incam,1.000000,gvhmr_smplx_contact_site_provider
53,2.166667,right_foot,foot,right,-0.356375158,1.007619262,3.077007294,gvhmr_incam,1.000000,gvhmr_smplx_contact_site_provider
54,2.208333,left_hand,hand,left,-0.823038888,0.047649831,3.224017191,gvhmr_incam,1.000000,gvhmr_smplx_contact_site_provider
54,2.208333,right_hand,hand,right,-0.093540156,-0.304335463,3.388884306,gvhmr_incam,1.000000,gvhmr_smplx_contact_site_provider
54,2.208333,left_foot,foot,left,-1.173610449,0.954035997,3.178095818,gvhmr_incam,1.000000,gvhmr_smplx_contact_site_provider
54,2.208333,right_foot,foot,right,-0.353991598,1.007035732,3.075507879,gvhmr_incam,1.000000,gvhmr_smplx_contact_site_provider
55,2.250000,left_hand,hand,left,-0.842156005,0.051430404,3.226806450,gvhmr_incam,1.000000,gvhmr_smplx_contact_site_provider
55,2.250000,right_hand,hand,right,-0.130715692,-0.326868963,3.427074337,gvhmr_incam,1.000000,gvhmr_smplx_contact_site_provider
55,2.250000,left_foot,foot,left,-1.174216986,0.953894436,3.189883471,gvhmr_incam,1.000000,gvhmr_smplx_contact_site_provider
55,2.250000,right_foot,foot,right,-0.353725791,1.006383061,3.090395689,gvhmr_incam,1.000000,gvhmr_smplx_contact_site_provider
56,2.291667,left_hand,hand,left,-0.859973979,0.056622124,3.215755939,gvhmr_incam,1.000000,gvhmr_smplx_contact_site_provider
56,2.291667,right_hand,hand,right,-0.171028709,-0.331635928,3.448917818,gvhmr_incam,1.000000,gvhmr_smplx_contact_site_provider
56,2.291667,left_foot,foot,left,-1.174097180,0.954935610,3.187323332,gvhmr_incam,1.000000,gvhmr_smplx_contact_site_provider
56,2.291667,right_foot,foot,right,-0.352734417,1.007660627,3.089794636,gvhmr_incam,1.000000,gvhmr_smplx_contact_site_provider
57,2.333333,left_hand,hand,left,-0.875069249,0.063315654,3.189912081,gvhmr_incam,1.000000,gvhmr_smplx_contact_site_provider
57,2.333333,right_hand,hand,right,-0.204737604,-0.324894446,3.443837404,gvhmr_incam,1.000000,gvhmr_smplx_contact_site_provider
57,2.333333,left_foot,foot,left,-1.174345016,0.957591176,3.167483807,gvhmr_incam,1.000000,gvhmr_smplx_contact_site_provider
57,2.333333,right_foot,foot,right,-0.352272183,1.010666490,3.072421789,gvhmr_incam,1.000000,gvhmr_smplx_contact_site_provider
58,2.375000,left_hand,hand,left,-0.888293183,0.069598335,3.175562668,gvhmr_incam,1.000000,gvhmr_smplx_contact_site_provider
58,2.375000,right_hand,hand,right,-0.237302911,-0.306473589,3.440149927,gvhmr_incam,1.000000,gvhmr_smplx_contact_site_provider
58,2.375000,left_foot,foot,left,-1.173598647,0.960304379,3.158489227,gvhmr_incam,1.000000,gvhmr_smplx_contact_site_provider
58,2.375000,right_foot,foot,right,-0.351276696,1.012912750,3.065596342,gvhmr_incam,1.000000,gvhmr_smplx_contact_site_provider
59,2.416667,left_hand,hand,left,-0.900318122,0.074396229,3.170905781,gvhmr_incam,1.000000,gvhmr_smplx_contact_site_provider
59,2.416667,right_hand,hand,right,-0.270063198,-0.278310347,3.438535833,gvhmr_incam,1.000000,gvhmr_smplx_contact_site_provider
59,2.416667,left_foot,foot,left,-1.176240921,0.961619139,3.155897617,gvhmr_incam,1.000000,gvhmr_smplx_contact_site_provider
59,2.416667,right_foot,foot,right,-0.353973418,1.014252424,3.064833879,gvhmr_incam,1.000000,gvhmr_smplx_contact_site_provider
60,2.458333,left_hand,hand,left,-0.912994969,0.079047674,3.168855143,gvhmr_incam,1.000000,gvhmr_smplx_contact_site_provider
60,2.458333,right_hand,hand,right,-0.306087756,-0.236422127,3.430001736,gvhmr_incam,1.000000,gvhmr_smplx_contact_site_provider
60,2.458333,left_foot,foot,left,-1.180675507,0.963659763,3.156455755,gvhmr_incam,1.000000,gvhmr_smplx_contact_site_provider
60,2.458333,right_foot,foot,right,-0.358730376,1.015613675,3.067542076,gvhmr_incam,1.000000,gvhmr_smplx_contact_site_provider
61,2.500000,left_hand,hand,left,-0.920738888,0.082188535,3.166943645,gvhmr_incam,1.000000,gvhmr_smplx_contact_site_provider
61,2.500000,right_hand,hand,right,-0.339102679,-0.186183214,3.411689281,gvhmr_incam,1.000000,gvhmr_smplx_contact_site_provider
61,2.500000,left_foot,foot,left,-1.183214664,0.965733051,3.156062603,gvhmr_incam,1.000000,gvhmr_smplx_contact_site_provider
61,2.500000,right_foot,foot,right,-0.361926258,1.017335176,3.069326401,gvhmr_incam,1.000000,gvhmr_smplx_contact_site_provider
62,2.541667,left_hand,hand,left,-0.929689813,0.082972437,3.170201492,gvhmr_incam,1.000000,gvhmr_smplx_contact_site_provider
62,2.541667,right_hand,hand,right,-0.373208827,-0.132713580,3.389117813,gvhmr_incam,1.000000,gvhmr_smplx_contact_site_provider
62,2.541667,left_foot,foot,left,-1.186555743,0.966402948,3.159096003,gvhmr_incam,1.000000,gvhmr_smplx_contact_site_provider
62,2.541667,right_foot,foot,right,-0.365914911,1.017488956,3.075474977,gvhmr_incam,1.000000,gvhmr_smplx_contact_site_provider
63,2.583333,left_hand,hand,left,-0.937420702,0.081820601,3.180395603,gvhmr_incam,1.000000,gvhmr_smplx_contact_site_provider
63,2.583333,right_hand,hand,right,-0.409179211,-0.075289977,3.368738508,gvhmr_incam,1.000000,gvhmr_smplx_contact_site_provider
63,2.583333,left_foot,foot,left,-1.191158056,0.966769814,3.169586897,gvhmr_incam,1.000000,gvhmr_smplx_contact_site_provider
63,2.583333,right_foot,foot,right,-0.371334851,1.016385555,3.090313673,gvhmr_incam,1.000000,gvhmr_smplx_contact_site_provider
64,2.625000,left_hand,hand,left,-0.940171945,0.080146027,3.190665531,gvhmr_incam,1.000000,gvhmr_smplx_contact_site_provider
64,2.625000,right_hand,hand,right,-0.438913971,-0.019608766,3.342336702,gvhmr_incam,1.000000,gvhmr_smplx_contact_site_provider
64,2.625000,left_foot,foot,left,-1.193246603,0.966794968,3.177359581,gvhmr_incam,1.000000,gvhmr_smplx_contact_site_provider
64,2.625000,right_foot,foot,right,-0.375032306,1.016500354,3.103845358,gvhmr_incam,1.000000,gvhmr_smplx_contact_site_provider
65,2.666667,left_hand,hand,left,-0.940500355,0.078654587,3.204672623,gvhmr_incam,1.000000,gvhmr_smplx_contact_site_provider
65,2.666667,right_hand,hand,right,-0.457839650,0.040206635,3.318734121,gvhmr_incam,1.000000,gvhmr_smplx_contact_site_provider
65,2.666667,left_foot,foot,left,-1.195235252,0.967675209,3.185960054,gvhmr_incam,1.000000,gvhmr_smplx_contact_site_provider
65,2.666667,right_foot,foot,right,-0.379024327,1.015711546,3.120235205,gvhmr_incam,1.000000,gvhmr_smplx_contact_site_provider
66,2.708333,left_hand,hand,left,-0.937403059,0.076479757,3.217287683,gvhmr_incam,1.000000,gvhmr_smplx_contact_site_provider
66,2.708333,right_hand,hand,right,-0.465731102,0.079763794,3.291883755,gvhmr_incam,1.000000,gvhmr_smplx_contact_site_provider
66,2.708333,left_foot,foot,left,-1.194489479,0.969059110,3.190609694,gvhmr_incam,1.000000,gvhmr_smplx_contact_site_provider
66,2.708333,right_foot,foot,right,-0.380280524,1.015736341,3.131838560,gvhmr_incam,1.000000,gvhmr_smplx_contact_site_provider
67,2.750000,left_hand,hand,left,-0.927483320,0.076405680,3.231406593,gvhmr_incam,1.000000,gvhmr_smplx_contact_site_provider
67,2.750000,right_hand,hand,right,-0.453563249,0.100277621,3.271114826,gvhmr_incam,1.000000,gvhmr_smplx_contact_site_provider
67,2.750000,left_foot,foot,left,-1.192030668,0.970522165,3.195585251,gvhmr_incam,1.000000,gvhmr_smplx_contact_site_provider
67,2.750000,right_foot,foot,right,-0.379770428,1.016656637,3.141757488,gvhmr_incam,1.000000,gvhmr_smplx_contact_site_provider
68,2.791667,left_hand,hand,left,-0.913007987,0.071239197,3.246330643,gvhmr_incam,1.000000,gvhmr_smplx_contact_site_provider
68,2.791667,right_hand,hand,right,-0.425955540,0.099619567,3.252439737,gvhmr_incam,1.000000,gvhmr_smplx_contact_site_provider
68,2.791667,left_foot,foot,left,-1.189437628,0.970756054,3.198198795,gvhmr_incam,1.000000,gvhmr_smplx_contact_site_provider
68,2.791667,right_foot,foot,right,-0.378609270,1.016843200,3.147557735,gvhmr_incam,1.000000,gvhmr_smplx_contact_site_provider
69,2.833333,left_hand,hand,left,-0.891261852,0.064097136,3.256541586,gvhmr_incam,1.000000,gvhmr_smplx_contact_site_provider
69,2.833333,right_hand,hand,right,-0.380110955,0.084488630,3.226896906,gvhmr_incam,1.000000,gvhmr_smplx_contact_site_provider
69,2.833333,left_foot,foot,left,-1.185517311,0.969404936,3.194177151,gvhmr_incam,1.000000,gvhmr_smplx_contact_site_provider
69,2.833333,right_foot,foot,right,-0.375605315,1.016847849,3.146149635,gvhmr_incam,1.000000,gvhmr_smplx_contact_site_provider
70,2.875000,left_hand,hand,left,-0.861611712,0.054967535,3.263119459,gvhmr_incam,1.000000,gvhmr_smplx_contact_site_provider
70,2.875000,right_hand,hand,right,-0.329786336,0.067143959,3.191752529,gvhmr_incam,1.000000,gvhmr_smplx_contact_site_provider
70,2.875000,left_foot,foot,left,-1.179595947,0.966719091,3.189332008,gvhmr_incam,1.000000,gvhmr_smplx_contact_site_provider
70,2.875000,right_foot,foot,right,-0.370158076,1.016433120,3.142453671,gvhmr_incam,1.000000,gvhmr_smplx_contact_site_provider
71,2.916667,left_hand,hand,left,-0.828118026,0.043522561,3.271260452,gvhmr_incam,1.000000,gvhmr_smplx_contact_site_provider
71,2.916667,right_hand,hand,right,-0.284038448,0.054908508,3.143910170,gvhmr_incam,1.000000,gvhmr_smplx_contact_site_provider
71,2.916667,left_foot,foot,left,-1.175035715,0.962524891,3.185041189,gvhmr_incam,1.000000,gvhmr_smplx_contact_site_provider
71,2.916667,right_foot,foot,right,-0.366252542,1.016109943,3.138500690,gvhmr_incam,1.000000,gvhmr_smplx_contact_site_provider
72,2.958333,left_hand,hand,left,-0.788493514,0.033360940,3.284995508,gvhmr_incam,1.000000,gvhmr_smplx_contact_site_provider
72,2.958333,right_hand,hand,right,-0.244879657,0.051028007,3.090771246,gvhmr_incam,1.000000,gvhmr_smplx_contact_site_provider
72,2.958333,left_foot,foot,left,-1.172416329,0.958020687,3.192399263,gvhmr_incam,1.000000,gvhmr_smplx_contact_site_provider
72,2.958333,right_foot,foot,right,-0.364158750,1.016027331,3.144998789,gvhmr_incam,1.000000,gvhmr_smplx_contact_site_provider
73,3.000000,left_hand,hand,left,-0.745350993,0.022025520,3.290639400,gvhmr_incam,1.000000,gvhmr_smplx_contact_site_provider
73,3.000000,right_hand,hand,right,-0.212519896,0.051927137,3.025725365,gvhmr_incam,1.000000,gvhmr_smplx_contact_site_provider
73,3.000000,left_foot,foot,left,-1.170609713,0.955713987,3.194564342,gvhmr_incam,1.000000,gvhmr_smplx_contact_site_provider
73,3.000000,right_foot,foot,right,-0.362206340,1.015043616,3.145612240,gvhmr_incam,1.000000,gvhmr_smplx_contact_site_provider
74,3.041667,left_hand,hand,left,-0.701998687,0.015192854,3.290739202,gvhmr_incam,1.000000,gvhmr_smplx_contact_site_provider
74,3.041667,right_hand,hand,right,-0.193362331,0.058835870,2.952516985,gvhmr_incam,1.000000,gvhmr_smplx_contact_site_provider
74,3.041667,left_foot,foot,left,-1.171584606,0.953324258,3.192870140,gvhmr_incam,1.000000,gvhmr_smplx_contact_site_provider
74,3.041667,right_foot,foot,right,-0.362764418,1.014832973,3.142620087,gvhmr_incam,1.000000,gvhmr_smplx_contact_site_provider
75,3.083333,left_hand,hand,left,-0.660549319,0.012794906,3.298781919,gvhmr_incam,1.000000,gvhmr_smplx_contact_site_provider
75,3.083333,right_hand,hand,right,-0.184544837,0.070929825,2.885632420,gvhmr_incam,1.000000,gvhmr_smplx_contact_site_provider
75,3.083333,left_foot,foot,left,-1.171093941,0.954555869,3.200132132,gvhmr_incam,1.000000,gvhmr_smplx_contact_site_provider
75,3.083333,right_foot,foot,right,-0.362217575,1.016310692,3.148965120,gvhmr_incam,1.000000,gvhmr_smplx_contact_site_provider
76,3.125000,left_hand,hand,left,-0.615405881,0.007380587,3.310612631,gvhmr_incam,1.000000,gvhmr_smplx_contact_site_provider
76,3.125000,right_hand,hand,right,-0.188440824,0.088257486,2.828949785,gvhmr_incam,1.000000,gvhmr_smplx_contact_site_provider
76,3.125000,left_foot,foot,left,-1.167696238,0.956905246,3.208311796,gvhmr_incam,1.000000,gvhmr_smplx_contact_site_provider
76,3.125000,right_foot,foot,right,-0.358238906,1.015069842,3.156811953,gvhmr_incam,1.000000,gvhmr_smplx_contact_site_provider
77,3.166667,left_hand,hand,left,-0.572927964,0.007610220,3.300189447,gvhmr_incam,1.000000,gvhmr_smplx_contact_site_provider
77,3.166667,right_hand,hand,right,-0.195685261,0.104530537,2.768310404,gvhmr_incam,1.000000,gvhmr_smplx_contact_site_provider
77,3.166667,left_foot,foot,left,-1.160956025,0.959986091,3.198457241,gvhmr_incam,1.000000,gvhmr_smplx_contact_site_provider
77,3.166667,right_foot,foot,right,-0.350831836,1.015520334,3.145746469,gvhmr_incam,1.000000,gvhmr_smplx_contact_site_provider
78,3.208333,left_hand,hand,left,-0.549915731,0.003870612,3.316160631,gvhmr_incam,1.000000,gvhmr_smplx_contact_site_provider
78,3.208333,right_hand,hand,right,-0.207070744,0.120045900,2.744812584,gvhmr_incam,1.000000,gvhmr_smplx_contact_site_provider
78,3.208333,left_foot,foot,left,-1.160281658,0.961446881,3.212969542,gvhmr_incam,1.000000,gvhmr_smplx_contact_site_provider
78,3.208333,right_foot,foot,right,-0.349930584,1.015806675,3.159888029,gvhmr_incam,1.000000,gvhmr_smplx_contact_site_provider
79,3.250000,left_hand,hand,left,-0.530333424,-0.000085109,3.326638651,gvhmr_incam,1.000000,gvhmr_smplx_contact_site_provider
79,3.250000,right_hand,hand,right,-0.211294627,0.138166064,2.732245874,gvhmr_incam,1.000000,gvhmr_smplx_contact_site_provider
79,3.250000,left_foot,foot,left,-1.158819318,0.962281942,3.222652435,gvhmr_incam,1.000000,gvhmr_smplx_contact_site_provider
79,3.250000,right_foot,foot,right,-0.348578036,1.015928864,3.167652130,gvhmr_incam,1.000000,gvhmr_smplx_contact_site_provider
80,3.291667,left_hand,hand,left,-0.519213992,-0.003616333,3.337625122,gvhmr_incam,1.000000,gvhmr_smplx_contact_site_provider
80,3.291667,right_hand,hand,right,-0.205064547,0.151775020,2.737426853,gvhmr_incam,1.000000,gvhmr_smplx_contact_site_provider
80,3.291667,left_foot,foot,left,-1.159806728,0.962939858,3.232339859,gvhmr_incam,1.000000,gvhmr_smplx_contact_site_provider
80,3.291667,right_foot,foot,right,-0.349119186,1.015623569,3.176346540,gvhmr_incam,1.000000,gvhmr_smplx_contact_site_provider
81,3.333333,left_hand,hand,left,-0.513329053,-0.008591568,3.341136837,gvhmr_incam,1.000000,gvhmr_smplx_contact_site_provider
81,3.333333,right_hand,hand,right,-0.182498753,0.154205787,2.749157810,gvhmr_incam,1.000000,gvhmr_smplx_contact_site_provider
81,3.333333,left_foot,foot,left,-1.161197901,0.961898923,3.235324144,gvhmr_incam,1.000000,gvhmr_smplx_contact_site_provider
81,3.333333,right_foot,foot,right,-0.350300163,1.014829159,3.178193808,gvhmr_incam,1.000000,gvhmr_smplx_contact_site_provider
82,3.375000,left_hand,hand,left,-0.511223751,-0.018035579,3.320823145,gvhmr_incam,1.000000,gvhmr_smplx_contact_site_provider
82,3.375000,right_hand,hand,right,-0.139877963,0.143865722,2.761687183,gvhmr_incam,1.000000,gvhmr_smplx_contact_site_provider
82,3.375000,left_foot,foot,left,-1.160921931,0.959670305,3.218095541,gvhmr_incam,1.000000,gvhmr_smplx_contact_site_provider
82,3.375000,right_foot,foot,right,-0.349645406,1.014406204,3.160321712,gvhmr_incam,1.000000,gvhmr_smplx_contact_site_provider
83,3.416667,left_hand,hand,left,-0.513986552,-0.030621076,3.289082336,gvhmr_incam,1.000000,gvhmr_smplx_contact_site_provider
83,3.416667,right_hand,hand,right,-0.092624855,0.123529232,2.785437918,gvhmr_incam,1.000000,gvhmr_smplx_contact_site_provider
83,3.416667,left_foot,foot,left,-1.160772562,0.956003070,3.195763826,gvhmr_incam,1.000000,gvhmr_smplx_contact_site_provider
83,3.416667,right_foot,foot,right,-0.349529684,1.013294935,3.136055470,gvhmr_incam,1.000000,gvhmr_smplx_contact_site_provider
84,3.458333,left_hand,hand,left,-0.540064704,-0.040031183,3.270911312,gvhmr_incam,1.000000,gvhmr_smplx_contact_site_provider
84,3.458333,right_hand,hand,right,-0.045770895,0.075421739,2.852238655,gvhmr_incam,1.000000,gvhmr_smplx_contact_site_provider
84,3.458333,left_foot,foot,left,-1.165874958,0.953101873,3.181743860,gvhmr_incam,1.000000,gvhmr_smplx_contact_site_provider
84,3.458333,right_foot,foot,right,-0.354297429,1.011001468,3.121591806,gvhmr_incam,1.000000,gvhmr_smplx_contact_site_provider
85,3.500000,left_hand,hand,left,-0.572689927,-0.047065461,3.257739067,gvhmr_incam,1.000000,gvhmr_smplx_contact_site_provider
85,3.500000,right_hand,hand,right,-0.022544265,0.013232493,2.955939960,gvhmr_incam,1.000000,gvhmr_smplx_contact_site_provider
85,3.500000,left_foot,foot,left,-1.166794538,0.952577949,3.172421217,gvhmr_incam,1.000000,gvhmr_smplx_contact_site_provider
85,3.500000,right_foot,foot,right,-0.355673552,1.014961958,3.110000610,gvhmr_incam,1.000000,gvhmr_smplx_contact_site_provider
86,3.541667,left_hand,hand,left,-0.604309464,-0.054130006,3.258678770,gvhmr_incam,1.000000,gvhmr_smplx_contact_site_provider
86,3.541667,right_hand,hand,right,-0.029180658,-0.062253165,3.066744614,gvhmr_incam,1.000000,gvhmr_smplx_contact_site_provider
86,3.541667,left_foot,foot,left,-1.168128967,0.951647401,3.173816681,gvhmr_incam,1.000000,gvhmr_smplx_contact_site_provider
86,3.541667,right_foot,foot,right,-0.357140929,1.015092134,3.109164476,gvhmr_incam,1.000000,gvhmr_smplx_contact_site_provider
87,3.583333,left_hand,hand,left,-0.637486768,-0.063988018,3.256517553,gvhmr_incam,1.000000,gvhmr_smplx_contact_site_provider
87,3.583333,right_hand,hand,right,-0.057140613,-0.142209721,3.162187290,gvhmr_incam,1.000000,gvhmr_smplx_contact_site_provider
87,3.583333,left_foot,foot,left,-1.167773247,0.950374484,3.171645641,gvhmr_incam,1.000000,gvhmr_smplx_contact_site_provider
87,3.583333,right_foot,foot,right,-0.357102931,1.013274908,3.105737686,gvhmr_incam,1.000000,gvhmr_smplx_contact_site_provider
88,3.625000,left_hand,hand,left,-0.675659692,-0.060577220,3.275554085,gvhmr_incam,1.000000,gvhmr_smplx_contact_site_provider
88,3.625000,right_hand,hand,right,-0.100993419,-0.208351666,3.253790760,gvhmr_incam,1.000000,gvhmr_smplx_contact_site_provider
88,3.625000,left_foot,foot,left,-1.172811389,0.949825168,3.191177368,gvhmr_incam,1.000000,gvhmr_smplx_contact_site_provider
88,3.625000,right_foot,foot,right,-0.361791044,1.012040973,3.125359535,gvhmr_incam,1.000000,gvhmr_smplx_contact_site_provider
89,3.666667,left_hand,hand,left,-0.710163295,-0.050920796,3.294854021,gvhmr_incam,1.000000,gvhmr_smplx_contact_site_provider
89,3.666667,right_hand,hand,right,-0.147416997,-0.260589015,3.333976078,gvhmr_incam,1.000000,gvhmr_smplx_contact_site_provider
89,3.666667,left_foot,foot,left,-1.173704028,0.952297568,3.213279247,gvhmr_incam,1.000000,gvhmr_smplx_contact_site_provider
89,3.666667,right_foot,foot,right,-0.362152874,1.009930015,3.149127245,gvhmr_incam,1.000000,gvhmr_smplx_contact_site_provider
90,3.708333,left_hand,hand,left,-0.736415386,-0.039697182,3.273258495,gvhmr_incam,1.000000,gvhmr_smplx_contact_site_provider
90,3.708333,right_hand,hand,right,-0.185845602,-0.288535917,3.355724716,gvhmr_incam,1.000000,gvhmr_smplx_contact_site_provider
90,3.708333,left_foot,foot,left,-1.173591852,0.952282667,3.197920322,gvhmr_incam,1.000000,gvhmr_smplx_contact_site_provider
90,3.708333,right_foot,foot,right,-0.361745954,1.009865284,3.132938623,gvhmr_incam,1.000000,gvhmr_smplx_contact_site_provider
91,3.750000,left_hand,hand,left,-0.764143503,-0.024008584,3.261638784,gvhmr_incam,1.000000,gvhmr_smplx_contact_site_provider
91,3.750000,right_hand,hand,right,-0.225115627,-0.299154341,3.376740265,gvhmr_incam,1.000000,gvhmr_smplx_contact_site_provider
91,3.750000,left_foot,foot,left,-1.175899267,0.953570902,3.193397522,gvhmr_incam,1.000000,gvhmr_smplx_contact_site_provider
91,3.750000,right_foot,foot,right,-0.363669395,1.011095047,3.128176212,gvhmr_incam,1.000000,gvhmr_smplx_contact_site_provider
92,3.791667,left_hand,hand,left,-0.788471532,-0.010743546,3.254480553,gvhmr_incam,1.000000,gvhmr_smplx_contact_site_provider
92,3.791667,right_hand,hand,right,-0.260656995,-0.294999695,3.392811251,gvhmr_incam,1.000000,gvhmr_smplx_contact_site_provider
92,3.791667,left_foot,foot,left,-1.177092671,0.955460429,3.192653179,gvhmr_incam,1.000000,gvhmr_smplx_contact_site_provider
92,3.791667,right_foot,foot,right,-0.364723414,1.013187885,3.127148628,gvhmr_incam,1.000000,gvhmr_smplx_contact_site_provider
93,3.833333,left_hand,hand,left,-0.812078691,0.003450471,3.245947981,gvhmr_incam,1.000000,gvhmr_smplx_contact_site_provider
93,3.833333,right_hand,hand,right,-0.290223467,-0.272606921,3.395107746,gvhmr_incam,1.000000,gvhmr_smplx_contact_site_provider
93,3.833333,left_foot,foot,left,-1.178592682,0.957049608,3.188669920,gvhmr_incam,1.000000,gvhmr_smplx_contact_site_provider
93,3.833333,right_foot,foot,right,-0.366072267,1.013675332,3.123564243,gvhmr_incam,1.000000,gvhmr_smplx_contact_site_provider
94,3.875000,left_hand,hand,left,-0.831542635,0.017249930,3.238128805,gvhmr_incam,1.000000,gvhmr_smplx_contact_site_provider
94,3.875000,right_hand,hand,right,-0.318343854,-0.237134057,3.387128448,gvhmr_incam,1.000000,gvhmr_smplx_contact_site_provider
94,3.875000,left_foot,foot,left,-1.179399490,0.959791660,3.185990095,gvhmr_incam,1.000000,gvhmr_smplx_contact_site_provider
94,3.875000,right_foot,foot,right,-0.367025226,1.016066909,3.121151209,gvhmr_incam,1.000000,gvhmr_smplx_contact_site_provider
95,3.916667,left_hand,hand,left,-0.850780737,0.028203219,3.234421301,gvhmr_incam,1.000000,gvhmr_smplx_contact_site_provider
95,3.916667,right_hand,hand,right,-0.345711941,-0.188220477,3.374242640,gvhmr_incam,1.000000,gvhmr_smplx_contact_site_provider
95,3.916667,left_foot,foot,left,-1.180668116,0.961781621,3.186278820,gvhmr_incam,1.000000,gvhmr_smplx_contact_site_provider
95,3.916667,right_foot,foot,right,-0.368733168,1.018302917,3.121767759,gvhmr_incam,1.000000,gvhmr_smplx_contact_site_provider
96,3.958333,left_hand,hand,left,-0.866277385,0.036276293,3.233476162,gvhmr_incam,1.000000,gvhmr_smplx_contact_site_provider
96,3.958333,right_hand,hand,right,-0.364480501,-0.136952949,3.349439096,gvhmr_incam,1.000000,gvhmr_smplx_contact_site_provider
96,3.958333,left_foot,foot,left,-1.181594014,0.962756276,3.186549187,gvhmr_incam,1.000000,gvhmr_smplx_contact_site_provider
96,3.958333,right_foot,foot,right,-0.370171785,1.019152880,3.122102499,gvhmr_incam,1.000000,gvhmr_smplx_contact_site_provider
97,4.000000,left_hand,hand,left,-0.878933847,0.041132659,3.237289858,gvhmr_incam,1.000000,gvhmr_smplx_contact_site_provider
97,4.000000,right_hand,hand,right,-0.376845157,-0.082137501,3.320990324,gvhmr_incam,1.000000,gvhmr_smplx_contact_site_provider
97,4.000000,left_foot,foot,left,-1.183643341,0.962486148,3.189563513,gvhmr_incam,1.000000,gvhmr_smplx_contact_site_provider
97,4.000000,right_foot,foot,right,-0.373022705,1.019168615,3.126410484,gvhmr_incam,1.000000,gvhmr_smplx_contact_site_provider
98,4.041667,left_hand,hand,left,-0.881186199,0.043831563,3.238931036,gvhmr_incam,1.000000,gvhmr_smplx_contact_site_provider
98,4.041667,right_hand,hand,right,-0.379046124,-0.032441431,3.279300594,gvhmr_incam,1.000000,gvhmr_smplx_contact_site_provider
98,4.041667,left_foot,foot,left,-1.183220744,0.962757587,3.188207150,gvhmr_incam,1.000000,gvhmr_smplx_contact_site_provider
98,4.041667,right_foot,foot,right,-0.373740256,1.019897103,3.127045631,gvhmr_incam,1.000000,gvhmr_smplx_contact_site_provider
99,4.083333,left_hand,hand,left,-0.879987907,0.043766284,3.247313929,gvhmr_incam,1.000000,gvhmr_smplx_contact_site_provider
99,4.083333,right_hand,hand,right,-0.374925244,0.008603644,3.237303638,gvhmr_incam,1.000000,gvhmr_smplx_contact_site_provider
99,4.083333,left_foot,foot,left,-1.184915781,0.962934971,3.190821409,gvhmr_incam,1.000000,gvhmr_smplx_contact_site_provider
99,4.083333,right_foot,foot,right,-0.376875281,1.021476507,3.131943703,gvhmr_incam,1.000000,gvhmr_smplx_contact_site_provider
100,4.125000,left_hand,hand,left,-0.870341122,0.040091062,3.258690453,gvhmr_incam,1.000000,gvhmr_smplx_contact_site_provider
100,4.125000,right_hand,hand,right,-0.361020303,0.039285737,3.191311884,gvhmr_incam,1.000000,gvhmr_smplx_contact_site_provider
100,4.125000,left_foot,foot,left,-1.184273720,0.962112129,3.193614721,gvhmr_incam,1.000000,gvhmr_smplx_contact_site_provider
100,4.125000,right_foot,foot,right,-0.377907932,1.022866964,3.136559248,gvhmr_incam,1.000000,gvhmr_smplx_contact_site_provider
101,4.166667,left_hand,hand,left,-0.854011619,0.034147900,3.271261501,gvhmr_incam,1.000000,gvhmr_smplx_contact_site_provider
101,4.166667,right_hand,hand,right,-0.339478517,0.062168491,3.139247179,gvhmr_incam,1.000000,gvhmr_smplx_contact_site_provider
101,4.166667,left_foot,foot,left,-1.183556318,0.962233067,3.195087910,gvhmr_incam,1.000000,gvhmr_smplx_contact_site_provider
101,4.166667,right_foot,foot,right,-0.378656685,1.024268389,3.139621496,gvhmr_incam,1.000000,gvhmr_smplx_contact_site_provider
102,4.208333,left_hand,hand,left,-0.827805102,0.024365979,3.287847424,gvhmr_incam,1.000000,gvhmr_smplx_contact_site_provider
102,4.208333,right_hand,hand,right,-0.315080714,0.077463043,3.083116674,gvhmr_incam,1.000000,gvhmr_smplx_contact_site_provider
102,4.208333,left_foot,foot,left,-1.182189465,0.960659087,3.202543974,gvhmr_incam,1.000000,gvhmr_smplx_contact_site_provider
102,4.208333,right_foot,foot,right,-0.378448814,1.024270296,3.146699429,gvhmr_incam,1.000000,gvhmr_smplx_contact_site_provider
103,4.250000,left_hand,hand,left,-0.795874655,0.011185753,3.300859499,gvhmr_incam,1.000000,gvhmr_smplx_contact_site_provider
103,4.250000,right_hand,hand,right,-0.296341300,0.084016961,3.022646284,gvhmr_incam,1.000000,gvhmr_smplx_contact_site_provider
103,4.250000,left_foot,foot,left,-1.181803107,0.956977069,3.207902670,gvhmr_incam,1.000000,gvhmr_smplx_contact_site_provider
103,4.250000,right_foot,foot,right,-0.378459185,1.022295952,3.150207281,gvhmr_incam,1.000000,gvhmr_smplx_contact_site_provider
104,4.291667,left_hand,hand,left,-0.758516490,-0.002841949,3.318687439,gvhmr_incam,1.000000,gvhmr_smplx_contact_site_provider
104,4.291667,right_hand,hand,right,-0.284023362,0.091209769,2.963936377,gvhmr_incam,1.000000,gvhmr_smplx_contact_site_provider
104,4.291667,left_foot,foot,left,-1.182723641,0.953629851,3.223829746,gvhmr_incam,1.000000,gvhmr_smplx_contact_site_provider
104,4.291667,right_foot,foot,right,-0.378322482,1.020709395,3.160627842,gvhmr_incam,1.000000,gvhmr_smplx_contact_site_provider
105,4.333333,left_hand,hand,left,-0.714626837,-0.013941723,3.324860287,gvhmr_incam,1.000000,gvhmr_smplx_contact_site_provider
105,4.333333,right_hand,hand,right,-0.279339004,0.100200003,2.901804733,gvhmr_incam,1.000000,gvhmr_smplx_contact_site_provider
105,4.333333,left_foot,foot,left,-1.180267334,0.951077998,3.233973742,gvhmr_incam,1.000000,gvhmr_smplx_contact_site_provider
105,4.333333,right_foot,foot,right,-0.374138892,1.017862201,3.162749290,gvhmr_incam,1.000000,gvhmr_smplx_contact_site_provider
106,4.375000,left_hand,hand,left,-0.667464030,-0.013605642,3.314765024,gvhmr_incam,1.000000,gvhmr_smplx_contact_site_provider
106,4.375000,right_hand,hand,right,-0.280445117,0.113537967,2.833941841,gvhmr_incam,1.000000,gvhmr_smplx_contact_site_provider
106,4.375000,left_foot,foot,left,-1.173593044,0.950272322,3.229174137,gvhmr_incam,1.000000,gvhmr_smplx_contact_site_provider
106,4.375000,right_foot,foot,right,-0.365018964,1.015395284,3.151487112,gvhmr_incam,1.000000,gvhmr_smplx_contact_site_provider
107,4.416667,left_hand,hand,left,-0.631830239,-0.014384842,3.323733282,gvhmr_incam,1.000000,gvhmr_smplx_contact_site_provider
107,4.416667,right_hand,hand,right,-0.286754680,0.123377317,2.807650566,gvhmr_incam,1.000000,gvhmr_smplx_contact_site_provider
107,4.416667,left_foot,foot,left,-1.171621323,0.950831711,3.245051146,gvhmr_incam,1.000000,gvhmr_smplx_contact_site_provider
107,4.416667,right_foot,foot,right,-0.360801518,1.013826489,3.162821293,gvhmr_incam,1.000000,gvhmr_smplx_contact_site_provider
108,4.458333,left_hand,hand,left,-0.603486347,-0.008921456,3.316659880,gvhmr_incam,1.000000,gvhmr_smplx_contact_site_provider
108,4.458333,right_hand,hand,right,-0.294416201,0.140428114,2.773304033,gvhmr_incam,1.000000,gvhmr_smplx_contact_site_provider
108,4.458333,left_foot,foot,left,-1.170265675,0.953374922,3.244538784,gvhmr_incam,1.000000,gvhmr_smplx_contact_site_provider
108,4.458333,right_foot,foot,right,-0.358556271,1.013747573,3.159347296,gvhmr_incam,1.000000,gvhmr_smplx_contact_site_provider
109,4.500000,left_hand,hand,left,-0.581466115,-0.001704884,3.315937519,gvhmr_incam,1.000000,gvhmr_smplx_contact_site_provider
109,4.500000,right_hand,hand,right,-0.299492311,0.156918472,2.758004522,gvhmr_incam,1.000000,gvhmr_smplx_contact_site_provider
109,4.500000,left_foot,foot,left,-1.168285251,0.956135750,3.248926163,gvhmr_incam,1.000000,gvhmr_smplx_contact_site_provider
109,4.500000,right_foot,foot,right,-0.355776101,1.013939977,3.161212921,gvhmr_incam,1.000000,gvhmr_smplx_contact_site_provider
110,4.541667,left_hand,hand,left,-0.564497364,0.004815733,3.311179161,gvhmr_incam,1.000000,gvhmr_smplx_contact_site_provider
110,4.541667,right_hand,hand,right,-0.293854976,0.170073211,2.744288254,gvhmr_incam,1.000000,gvhmr_smplx_contact_site_provider
110,4.541667,left_foot,foot,left,-1.166465282,0.957250237,3.251473427,gvhmr_incam,1.000000,gvhmr_smplx_contact_site_provider
110,4.541667,right_foot,foot,right,-0.353326559,1.013510227,3.162589788,gvhmr_incam,1.000000,gvhmr_smplx_contact_site_provider
111,4.583333,left_hand,hand,left,-0.554187715,0.008406150,3.308892107,gvhmr_incam,1.000000,gvhmr_smplx_contact_site_provider
111,4.583333,right_hand,hand,right,-0.275258422,0.174590153,2.739944983,gvhmr_incam,1.000000,gvhmr_smplx_contact_site_provider
111,4.583333,left_foot,foot,left,-1.165828943,0.956713319,3.254347801,gvhmr_incam,1.000000,gvhmr_smplx_contact_site_provider
111,4.583333,right_foot,foot,right,-0.352092743,1.011953831,3.163919210,gvhmr_incam,1.000000,gvhmr_smplx_contact_site_provider
112,4.625000,left_hand,hand,left,-0.548504317,0.009103262,3.307572365,gvhmr_incam,1.000000,gvhmr_smplx_contact_site_provider
112,4.625000,right_hand,hand,right,-0.237583029,0.169713098,2.745755386,gvhmr_incam,1.000000,gvhmr_smplx_contact_site_provider
112,4.625000,left_foot,foot,left,-1.164730906,0.954615593,3.257093191,gvhmr_incam,1.000000,gvhmr_smplx_contact_site_provider
112,4.625000,right_foot,foot,right,-0.350699604,1.010349751,3.165185213,gvhmr_incam,1.000000,gvhmr_smplx_contact_site_provider
113,4.666667,left_hand,hand,left,-0.548141062,0.008434278,3.305378437,gvhmr_incam,1.000000,gvhmr_smplx_contact_site_provider
113,4.666667,right_hand,hand,right,-0.187583125,0.154702497,2.761781931,gvhmr_incam,1.000000,gvhmr_smplx_contact_site_provider
113,4.666667,left_foot,foot,left,-1.166900396,0.952522755,3.258389473,gvhmr_incam,1.000000,gvhmr_smplx_contact_site_provider
113,4.666667,right_foot,foot,right,-0.351872653,1.008403778,3.165934086,gvhmr_incam,1.000000,gvhmr_smplx_contact_site_provider
114,4.708333,left_hand,hand,left,-0.557243109,0.006535959,3.311356735,gvhmr_incam,1.000000,gvhmr_smplx_contact_site_provider
114,4.708333,right_hand,hand,right,-0.136219251,0.135070288,2.796350098,gvhmr_incam,1.000000,gvhmr_smplx_contact_site_provider
114,4.708333,left_foot,foot,left,-1.174648762,0.949065089,3.266482353,gvhmr_incam,1.000000,gvhmr_smplx_contact_site_provider
114,4.708333,right_foot,foot,right,-0.359757483,1.008397818,3.171731949,gvhmr_incam,1.000000,gvhmr_smplx_contact_site_provider
115,4.750000,left_hand,hand,left,-0.578930163,0.002561003,3.276195955,gvhmr_incam,1.000000,gvhmr_smplx_contact_site_provider
115,4.750000,right_hand,hand,right,-0.070098269,0.101468670,2.822432661,gvhmr_incam,1.000000,gvhmr_smplx_contact_site_provider
115,4.750000,left_foot,foot,left,-1.175819278,0.944113433,3.236299515,gvhmr_incam,1.000000,gvhmr_smplx_contact_site_provider
115,4.750000,right_foot,foot,right,-0.360790789,1.008406401,3.139463663,gvhmr_incam,1.000000,gvhmr_smplx_contact_site_provider
116,4.791667,left_hand,hand,left,-0.609170520,0.006881511,3.263684940,gvhmr_incam,1.000000,gvhmr_smplx_contact_site_provider
116,4.791667,right_hand,hand,right,-0.011135066,0.057224911,2.894067812,gvhmr_incam,1.000000,gvhmr_smplx_contact_site_provider
116,4.791667,left_foot,foot,left,-1.179935455,0.944578528,3.225734711,gvhmr_incam,1.000000,gvhmr_smplx_contact_site_provider
116,4.791667,right_foot,foot,right,-0.365138322,1.010699034,3.126578093,gvhmr_incam,1.000000,gvhmr_smplx_contact_site_provider
117,4.833333,left_hand,hand,left,-0.636473203,0.006954712,3.262619591,gvhmr_incam,1.000000,gvhmr_smplx_contact_site_provider
117,4.833333,right_hand,hand,right,0.023840582,-0.003244519,2.994224977,gvhmr_incam,1.000000,gvhmr_smplx_contact_site_provider
117,4.833333,left_foot,foot,left,-1.178272486,0.945269406,3.222535610,gvhmr_incam,1.000000,gvhmr_smplx_contact_site_provider
117,4.833333,right_foot,foot,right,-0.363890290,1.012431383,3.120530605,gvhmr_incam,1.000000,gvhmr_smplx_contact_site_provider
118,4.875000,left_hand,hand,left,-0.666868854,0.008409530,3.252030373,gvhmr_incam,1.000000,gvhmr_smplx_contact_site_provider
118,4.875000,right_hand,hand,right,0.035139549,-0.071164536,3.081383944,gvhmr_incam,1.000000,gvhmr_smplx_contact_site_provider
118,4.875000,left_foot,foot,left,-1.176138520,0.946049452,3.211367130,gvhmr_incam,1.000000,gvhmr_smplx_contact_site_provider
118,4.875000,right_foot,foot,right,-0.362063736,1.010320306,3.108247280,gvhmr_incam,1.000000,gvhmr_smplx_contact_site_provider
119,4.916667,left_hand,hand,left,-0.698075449,0.014384300,3.233620453,gvhmr_incam,1.000000,gvhmr_smplx_contact_site_provider
119,4.916667,right_hand,hand,right,0.025230193,-0.133981264,3.154603672,gvhmr_incam,1.000000,gvhmr_smplx_contact_site_provider
119,4.916667,left_foot,foot,left,-1.172331452,0.948321462,3.192392349,gvhmr_incam,1.000000,gvhmr_smplx_contact_site_provider
119,4.916667,right_foot,foot,right,-0.358262926,1.009227395,3.089499474,gvhmr_incam,1.000000,gvhmr_smplx_contact_site_provider
120,4.958333,left_hand,hand,left,-0.731701934,0.020112604,3.225032711,gvhmr_incam,1.000000,gvhmr_smplx_contact_site_provider
120,4.958333,right_hand,hand,right,-0.003424275,-0.192849165,3.223913717,gvhmr_incam,1.000000,gvhmr_smplx_contact_site_provider
120,4.958333,left_foot,foot,left,-1.172524810,0.948548675,3.186478376,gvhmr_incam,1.000000,gvhmr_smplx_contact_site_provider
120,4.958333,right_foot,foot,right,-0.358375072,1.007607222,3.084373713,gvhmr_incam,1.000000,gvhmr_smplx_contact_site_provider
121,5.000000,left_hand,hand,left,-0.756381547,0.024388611,3.215813589,gvhmr_incam,1.000000,gvhmr_smplx_contact_site_provider
121,5.000000,right_hand,hand,right,-0.041132915,-0.247473019,3.284559202,gvhmr_incam,1.000000,gvhmr_smplx_contact_site_provider
121,5.000000,left_foot,foot,left,-1.169265389,0.948779345,3.183178186,gvhmr_incam,1.000000,gvhmr_smplx_contact_site_provider
121,5.000000,right_foot,foot,right,-0.354774565,1.005050778,3.082892179,gvhmr_incam,1.000000,gvhmr_smplx_contact_site_provider
122,5.041667,left_hand,hand,left,-0.782529354,0.031236303,3.203541899,gvhmr_incam,1.000000,gvhmr_smplx_contact_site_provider
122,5.041667,right_hand,hand,right,-0.082403779,-0.286191612,3.320903492,gvhmr_incam,1.000000,gvhmr_smplx_contact_site_provider
122,5.041667,left_foot,foot,left,-1.167669415,0.948330879,3.174936771,gvhmr_incam,1.000000,gvhmr_smplx_contact_site_provider
122,5.041667,right_foot,foot,right,-0.353090584,1.004735708,3.076242685,gvhmr_incam,1.000000,gvhmr_smplx_contact_site_provider
123,5.083333,left_hand,hand,left,-0.809076774,0.041459054,3.208860159,gvhmr_incam,1.000000,gvhmr_smplx_contact_site_provider
123,5.083333,right_hand,hand,right,-0.125618374,-0.310475516,3.369841576,gvhmr_incam,1.000000,gvhmr_smplx_contact_site_provider
123,5.083333,left_foot,foot,left,-1.168905139,0.950574398,3.187830925,gvhmr_incam,1.000000,gvhmr_smplx_contact_site_provider
123,5.083333,right_foot,foot,right,-0.354422241,1.004898787,3.089979172,gvhmr_incam,1.000000,gvhmr_smplx_contact_site_provider
124,5.125000,left_hand,hand,left,-0.835841882,0.050196308,3.222091913,gvhmr_incam,1.000000,gvhmr_smplx_contact_site_provider
124,5.125000,right_hand,hand,right,-0.170700777,-0.318751186,3.415253258,gvhmr_incam,1.000000,gvhmr_smplx_contact_site_provider
124,5.125000,left_foot,foot,left,-1.172452927,0.953326881,3.207861900,gvhmr_incam,1.000000,gvhmr_smplx_contact_site_provider
124,5.125000,right_foot,foot,right,-0.357798040,1.005680084,3.111466169,gvhmr_incam,1.000000,gvhmr_smplx_contact_site_provider
125,5.166667,left_hand,hand,left,-0.858371210,0.061490381,3.202936268,gvhmr_incam,1.000000,gvhmr_smplx_contact_site_provider
125,5.166667,right_hand,hand,right,-0.210470283,-0.313772488,3.418347025,gvhmr_incam,1.000000,gvhmr_smplx_contact_site_provider
125,5.166667,left_foot,foot,left,-1.172404170,0.957881331,3.193371296,gvhmr_incam,1.000000,gvhmr_smplx_contact_site_provider
125,5.166667,right_foot,foot,right,-0.357943654,1.009692669,3.097406626,gvhmr_incam,1.000000,gvhmr_smplx_contact_site_provider
126,5.208333,left_hand,hand,left,-0.876021874,0.070352960,3.189808893,gvhmr_incam,1.000000,gvhmr_smplx_contact_site_provider
126,5.208333,right_hand,hand,right,-0.248849320,-0.294770008,3.419314194,gvhmr_incam,1.000000,gvhmr_smplx_contact_site_provider
126,5.208333,left_foot,foot,left,-1.170960188,0.960663438,3.186573267,gvhmr_incam,1.000000,gvhmr_smplx_contact_site_provider
126,5.208333,right_foot,foot,right,-0.356463313,1.010986090,3.091856956,gvhmr_incam,1.000000,gvhmr_smplx_contact_site_provider
127,5.250000,left_hand,hand,left,-0.892172122,0.076924402,3.187037849,gvhmr_incam,1.000000,gvhmr_smplx_contact_site_provider
127,5.250000,right_hand,hand,right,-0.286281693,-0.267307293,3.418879795,gvhmr_incam,1.000000,gvhmr_smplx_contact_site_provider
127,5.250000,left_foot,foot,left,-1.173735023,0.962194800,3.186902761,gvhmr_incam,1.000000,gvhmr_smplx_contact_site_provider
127,5.250000,right_foot,foot,right,-0.359586805,1.011883020,3.092768192,gvhmr_incam,1.000000,gvhmr_smplx_contact_site_provider
128,5.291667,left_hand,hand,left,-0.904563808,0.081563276,3.189930820,gvhmr_incam,1.000000,gvhmr_smplx_contact_site_provider
128,5.291667,right_hand,hand,right,-0.324911773,-0.226514959,3.413918638,gvhmr_incam,1.000000,gvhmr_smplx_contact_site_provider
128,5.291667,left_foot,foot,left,-1.177406549,0.964526653,3.194052696,gvhmr_incam,1.000000,gvhmr_smplx_contact_site_provider
128,5.291667,right_foot,foot,right,-0.363544047,1.012854338,3.100814819,gvhmr_incam,1.000000,gvhmr_smplx_contact_site_provider
129,5.333333,left_hand,hand,left,-0.916160095,0.083995092,3.187905073,gvhmr_incam,1.000000,gvhmr_smplx_contact_site_provider
129,5.333333,right_hand,hand,right,-0.360445046,-0.178913480,3.393914747,gvhmr_incam,1.000000,gvhmr_smplx_contact_site_provider
129,5.333333,left_foot,foot,left,-1.180521011,0.965338349,3.192240238,gvhmr_incam,1.000000,gvhmr_smplx_contact_site_provider
129,5.333333,right_foot,foot,right,-0.366956919,1.013188481,3.100254059,gvhmr_incam,1.000000,gvhmr_smplx_contact_site_provider
130,5.375000,left_hand,hand,left,-0.925603223,0.082940096,3.192755747,gvhmr_incam,1.000000,gvhmr_smplx_contact_site_provider
130,5.375000,right_hand,hand,right,-0.394465756,-0.122825295,3.367512941,gvhmr_incam,1.000000,gvhmr_smplx_contact_site_provider
130,5.375000,left_foot,foot,left,-1.184472084,0.965592265,3.195670843,gvhmr_incam,1.000000,gvhmr_smplx_contact_site_provider
130,5.375000,right_foot,foot,right,-0.371430099,1.013951898,3.104868889,gvhmr_incam,1.000000,gvhmr_smplx_contact_site_provider
131,5.416667,left_hand,hand,left,-0.932924736,0.079628670,3.203114748,gvhmr_incam,1.000000,gvhmr_smplx_contact_site_provider
131,5.416667,right_hand,hand,right,-0.419616532,-0.067297697,3.337115431,gvhmr_incam,1.000000,gvhmr_smplx_contact_site_provider
131,5.416667,left_foot,foot,left,-1.189504623,0.965050578,3.201644659,gvhmr_incam,1.000000,gvhmr_smplx_contact_site_provider
131,5.416667,right_foot,foot,right,-0.377274394,1.013742805,3.113129854,gvhmr_incam,1.000000,gvhmr_smplx_contact_site_provider
132,5.458333,left_hand,hand,left,-0.935324371,0.075493896,3.213421535,gvhmr_incam,1.000000,gvhmr_smplx_contact_site_provider
132,5.458333,right_hand,hand,right,-0.436394280,-0.007566059,3.296454287,gvhmr_incam,1.000000,gvhmr_smplx_contact_site_provider
132,5.458333,left_foot,foot,left,-1.191139460,0.964300215,3.205221176,gvhmr_incam,1.000000,gvhmr_smplx_contact_site_provider
132,5.458333,right_foot,foot,right,-0.379987657,1.014028311,3.120412588,gvhmr_incam,1.000000,gvhmr_smplx_contact_site_provider
133,5.500000,left_hand,hand,left,-0.932760596,0.071678180,3.225850058,gvhmr_incam,1.000000,gvhmr_smplx_contact_site_provider
133,5.500000,right_hand,hand,right,-0.445118409,0.041363782,3.251843023,gvhmr_incam,1.000000,gvhmr_smplx_contact_site_provider
133,5.500000,left_foot,foot,left,-1.192560673,0.964687943,3.206403971,gvhmr_incam,1.000000,gvhmr_smplx_contact_site_provider
133,5.500000,right_foot,foot,right,-0.383022934,1.015015006,3.126774073,gvhmr_incam,1.000000,gvhmr_smplx_contact_site_provider
134,5.541667,left_hand,hand,left,-0.927982140,0.070977902,3.242517471,gvhmr_incam,1.000000,gvhmr_smplx_contact_site_provider
134,5.541667,right_hand,hand,right,-0.446569699,0.084923041,3.208865023,gvhmr_incam,1.000000,gvhmr_smplx_contact_site_provider
134,5.541667,left_foot,foot,left,-1.192865372,0.966941357,3.210926056,gvhmr_incam,1.000000,gvhmr_smplx_contact_site_provider
134,5.541667,right_foot,foot,right,-0.385473400,1.017488599,3.135145903,gvhmr_incam,1.000000,gvhmr_smplx_contact_site_provider
135,5.583333,left_hand,hand,left,-0.917545402,0.069362116,3.257167101,gvhmr_incam,1.000000,gvhmr_smplx_contact_site_provider
135,5.583333,right_hand,hand,right,-0.436833888,0.119052368,3.163083458,gvhmr_incam,1.000000,gvhmr_smplx_contact_site_provider
135,5.583333,left_foot,foot,left,-1.191919923,0.968249559,3.212488890,gvhmr_incam,1.000000,gvhmr_smplx_contact_site_provider
135,5.583333,right_foot,foot,right,-0.386885792,1.020537734,3.139403820,gvhmr_incam,1.000000,gvhmr_smplx_contact_site_provider
136,5.625000,left_hand,hand,left,-0.898361826,0.064181727,3.271596718,gvhmr_incam,1.000000,gvhmr_smplx_contact_site_provider
136,5.625000,right_hand,hand,right,-0.414370662,0.135483080,3.118881130,gvhmr_incam,1.000000,gvhmr_smplx_contact_site_provider
136,5.625000,left_foot,foot,left,-1.189986348,0.968965352,3.214601755,gvhmr_incam,1.000000,gvhmr_smplx_contact_site_provider
136,5.625000,right_foot,foot,right,-0.387262881,1.022976398,3.143733978,gvhmr_incam,1.000000,gvhmr_smplx_contact_site_provider
137,5.666667,left_hand,hand,left,-0.870927775,0.056365007,3.287923145,gvhmr_incam,1.000000,gvhmr_smplx_contact_site_provider
137,5.666667,right_hand,hand,right,-0.386324787,0.137040293,3.074250555,gvhmr_incam,1.000000,gvhmr_smplx_contact_site_provider
137,5.666667,left_foot,foot,left,-1.189577103,0.968136251,3.219340324,gvhmr_incam,1.000000,gvhmr_smplx_contact_site_provider
137,5.666667,right_foot,foot,right,-0.388632804,1.024546146,3.149039507,gvhmr_incam,1.000000,gvhmr_smplx_contact_site_provider
138,5.708333,left_hand,hand,left,-0.835221887,0.045681232,3.294322300,gvhmr_incam,1.000000,gvhmr_smplx_contact_site_provider
138,5.708333,right_hand,hand,right,-0.354176098,0.126838577,3.022732162,gvhmr_incam,1.000000,gvhmr_smplx_contact_site_provider
138,5.708333,left_foot,foot,left,-1.187570453,0.965512156,3.221425772,gvhmr_incam,1.000000,gvhmr_smplx_contact_site_provider
138,5.708333,right_foot,foot,right,-0.386905611,1.024147749,3.148611546,gvhmr_incam,1.000000,gvhmr_smplx_contact_site_provider
139,5.750000,left_hand,hand,left,-0.796471930,0.033744347,3.302784061,gvhmr_incam,1.000000,gvhmr_smplx_contact_site_provider
139,5.750000,right_hand,hand,right,-0.320095962,0.107551932,2.973369551,gvhmr_incam,1.000000,gvhmr_smplx_contact_site_provider
139,5.750000,left_foot,foot,left,-1.185822725,0.961180151,3.230063677,gvhmr_incam,1.000000,gvhmr_smplx_contact_site_provider
139,5.750000,right_foot,foot,right,-0.383288682,1.021781921,3.151330233,gvhmr_incam,1.000000,gvhmr_smplx_contact_site_provider
140,5.791667,left_hand,hand,left,-0.758171713,0.025561363,3.310740995,gvhmr_incam,1.000000,gvhmr_smplx_contact_site_provider
140,5.791667,right_hand,hand,right,-0.291491073,0.085868412,2.927354527,gvhmr_incam,1.000000,gvhmr_smplx_contact_site_provider
140,5.791667,left_foot,foot,left,-1.188143730,0.957246780,3.247586012,gvhmr_incam,1.000000,gvhmr_smplx_contact_site_provider
140,5.791667,right_foot,foot,right,-0.383221984,1.019576311,3.158499241,gvhmr_incam,1.000000,gvhmr_smplx_contact_site_provider
141,5.833333,left_hand,hand,left,-0.716719997,0.030401117,3.310732603,gvhmr_incam,1.000000,gvhmr_smplx_contact_site_provider
141,5.833333,right_hand,hand,right,-0.267735410,0.067602581,2.878763485,gvhmr_incam,1.000000,gvhmr_smplx_contact_site_provider
141,5.833333,left_foot,foot,left,-1.187654018,0.956233442,3.262662888,gvhmr_incam,1.000000,gvhmr_smplx_contact_site_provider
141,5.833333,right_foot,foot,right,-0.380283207,1.018739462,3.162753582,gvhmr_incam,1.000000,gvhmr_smplx_contact_site_provider
142,5.875000,left_hand,hand,left,-0.681329691,0.033847272,3.309866762,gvhmr_incam,1.000000,gvhmr_smplx_contact_site_provider
142,5.875000,right_hand,hand,right,-0.250905621,0.055447942,2.838773394,gvhmr_incam,1.000000,gvhmr_smplx_contact_site_provider
142,5.875000,left_foot,foot,left,-1.188059688,0.956700444,3.271359205,gvhmr_incam,1.000000,gvhmr_smplx_contact_site_provider
142,5.875000,right_foot,foot,right,-0.378957242,1.019464016,3.163441181,gvhmr_incam,1.000000,gvhmr_smplx_contact_site_provider
143,5.916667,left_hand,hand,left,-0.639748037,0.047332770,3.298860979,gvhmr_incam,1.000000,gvhmr_smplx_contact_site_provider
143,5.916667,right_hand,hand,right,-0.229779720,0.047624898,2.794654083,gvhmr_incam,1.000000,gvhmr_smplx_contact_site_provider
143,5.916667,left_foot,foot,left,-1.183645248,0.960305691,3.272197008,gvhmr_incam,1.000000,gvhmr_smplx_contact_site_provider
143,5.916667,right_foot,foot,right,-0.372637779,1.021076679,3.157524586,gvhmr_incam,1.000000,gvhmr_smplx_contact_site_provider
144,5.958333,left_hand,hand,left,-0.619446647,0.055080056,3.299656820,gvhmr_incam,1.000000,gvhmr_smplx_contact_site_provider
144,5.958333,right_hand,hand,right,-0.213313764,0.050258845,2.784395409,gvhmr_incam,1.000000,gvhmr_smplx_contact_site_provider
144,5.958333,left_foot,foot,left,-1.185148835,0.960898280,3.285817623,gvhmr_incam,1.000000,gvhmr_smplx_contact_site_provider
144,5.958333,right_foot,foot,right,-0.372780383,1.019811153,3.166236639,gvhmr_incam,1.000000,gvhmr_smplx_contact_site_provider
145,6.000000,left_hand,hand,left,-0.600994205,0.064223045,3.294429302,gvhmr_incam,1.000000,gvhmr_smplx_contact_site_provider
145,6.000000,right_hand,hand,right,-0.191667747,0.058772773,2.774639797,gvhmr_incam,1.000000,gvhmr_smplx_contact_site_provider
145,6.000000,left_foot,foot,left,-1.183099508,0.963135123,3.289668322,gvhmr_incam,1.000000,gvhmr_smplx_contact_site_provider
145,6.000000,right_foot,foot,right,-0.369594604,1.020104170,3.166551828,gvhmr_incam,1.000000,gvhmr_smplx_contact_site_provider
146,6.041667,left_hand,hand,left,-0.591849029,0.067726576,3.303544903,gvhmr_incam,1.000000,gvhmr_smplx_contact_site_provider
146,6.041667,right_hand,hand,right,-0.165772426,0.070930266,2.790485620,gvhmr_incam,1.000000,gvhmr_smplx_contact_site_provider
146,6.041667,left_foot,foot,left,-1.182203174,0.962371588,3.306528568,gvhmr_incam,1.000000,gvhmr_smplx_contact_site_provider
146,6.041667,right_foot,foot,right,-0.368306696,1.019953489,3.181153297,gvhmr_incam,1.000000,gvhmr_smplx_contact_site_provider
147,6.083333,left_hand,hand,left,-0.596886480,0.066259378,3.299179506,gvhmr_incam,1.000000,gvhmr_smplx_contact_site_provider
147,6.083333,right_hand,hand,right,-0.129961753,0.079635215,2.802765322,gvhmr_incam,1.000000,gvhmr_smplx_contact_site_provider
147,6.083333,left_foot,foot,left,-1.182493687,0.959168911,3.306145906,gvhmr_incam,1.000000,gvhmr_smplx_contact_site_provider
147,6.083333,right_foot,foot,right,-0.368752390,1.019742608,3.178378105,gvhmr_incam,1.000000,gvhmr_smplx_contact_site_provider
148,6.125000,left_hand,hand,left,-0.597193944,0.062710035,3.272402620,gvhmr_incam,1.000000,gvhmr_smplx_contact_site_provider
148,6.125000,right_hand,hand,right,-0.082802498,0.082133138,2.802662945,gvhmr_incam,1.000000,gvhmr_smplx_contact_site_provider
148,6.125000,left_foot,foot,left,-1.180978298,0.958292723,3.280007362,gvhmr_incam,1.000000,gvhmr_smplx_contact_site_provider
148,6.125000,right_foot,foot,right,-0.367236912,1.021526814,3.151163340,gvhmr_incam,1.000000,gvhmr_smplx_contact_site_provider
149,6.166667,left_hand,hand,left,-0.607239676,0.058480990,3.277796602,gvhmr_incam,1.000000,gvhmr_smplx_contact_site_provider
149,6.166667,right_hand,hand,right,-0.028625727,0.068147850,2.855236530,gvhmr_incam,1.000000,gvhmr_smplx_contact_site_provider
149,6.166667,left_foot,foot,left,-1.182614803,0.959407687,3.279448986,gvhmr_incam,1.000000,gvhmr_smplx_contact_site_provider
149,6.166667,right_foot,foot,right,-0.369237751,1.022585511,3.149440050,gvhmr_incam,1.000000,gvhmr_smplx_contact_site_provider
150,6.208333,left_hand,hand,left,-0.620762944,0.053606063,3.278924704,gvhmr_incam,1.000000,gvhmr_smplx_contact_site_provider
150,6.208333,right_hand,hand,right,0.023724115,0.032996023,2.926883221,gvhmr_incam,1.000000,gvhmr_smplx_contact_site_provider
150,6.208333,left_foot,foot,left,-1.182930231,0.957035661,3.274656773,gvhmr_incam,1.000000,gvhmr_smplx_contact_site_provider
150,6.208333,right_foot,foot,right,-0.370818138,1.022104025,3.143135786,gvhmr_incam,1.000000,gvhmr_smplx_contact_site_provider
151,6.250000,left_hand,hand,left,-0.639692771,0.044390029,3.279809999,gvhmr_incam,1.000000,gvhmr_smplx_contact_site_provider
151,6.250000,right_hand,hand,right,0.059400773,-0.023357916,3.016178036,gvhmr_incam,1.000000,gvhmr_smplx_contact_site_provider
151,6.250000,left_foot,foot,left,-1.179917336,0.955209434,3.265558243,gvhmr_incam,1.000000,gvhmr_smplx_contact_site_provider
151,6.250000,right_foot,foot,right,-0.368996650,1.018940210,3.134043217,gvhmr_incam,1.000000,gvhmr_smplx_contact_site_provider
152,6.291667,left_hand,hand,left,-0.665278471,0.040037692,3.276678038,gvhmr_incam,1.000000,gvhmr_smplx_contact_site_provider
152,6.291667,right_hand,hand,right,0.073717511,-0.093586338,3.102759695,gvhmr_incam,1.000000,gvhmr_smplx_contact_site_provider
152,6.291667,left_foot,foot,left,-1.174810171,0.958157480,3.253987074,gvhmr_incam,1.000000,gvhmr_smplx_contact_site_provider
152,6.291667,right_foot,foot,right,-0.365562022,1.017265797,3.122864008,gvhmr_incam,1.000000,gvhmr_smplx_contact_site_provider
153,6.333333,left_hand,hand,left,-0.692548835,0.039180064,3.264943886,gvhmr_incam,1.000000,gvhmr_smplx_contact_site_provider
153,6.333333,right_hand,hand,right,0.066443026,-0.163744891,3.174387026,gvhmr_incam,1.000000,gvhmr_smplx_contact_site_provider
153,6.333333,left_foot,foot,left,-1.169698000,0.958438635,3.238642216,gvhmr_incam,1.000000,gvhmr_smplx_contact_site_provider
153,6.333333,right_foot,foot,right,-0.361746728,1.016508937,3.111434937,gvhmr_incam,1.000000,gvhmr_smplx_contact_site_provider
154,6.375000,left_hand,hand,left,-0.719954073,0.038401824,3.263283205,gvhmr_incam,1.000000,gvhmr_smplx_contact_site_provider
154,6.375000,right_hand,hand,right,0.042373717,-0.232327342,3.239742804,gvhmr_incam,1.000000,gvhmr_smplx_contact_site_provider
154,6.375000,left_foot,foot,left,-1.170070887,0.956712365,3.235164881,gvhmr_incam,1.000000,gvhmr_smplx_contact_site_provider
154,6.375000,right_foot,foot,right,-0.363357902,1.015461445,3.112173080,gvhmr_incam,1.000000,gvhmr_smplx_contact_site_provider
155,6.416667,left_hand,hand,left,-0.742142022,0.040023988,3.256485128,gvhmr_incam,1.000000,gvhmr_smplx_contact_site_provider
155,6.416667,right_hand,hand,right,0.010261953,-0.290913987,3.293329954,gvhmr_incam,1.000000,gvhmr_smplx_contact_site_provider
155,6.416667,left_foot,foot,left,-1.169075847,0.952795744,3.232093811,gvhmr_incam,1.000000,gvhmr_smplx_contact_site_provider
155,6.416667,right_foot,foot,right,-0.361710399,1.012974024,3.114457130,gvhmr_incam,1.000000,gvhmr_smplx_contact_site_provider
156,6.458333,left_hand,hand,left,-0.764105153,0.043745321,3.238720608,gvhmr_incam,1.000000,gvhmr_smplx_contact_site_provider
156,6.458333,right_hand,hand,right,-0.025923920,-0.336186993,3.326608324,gvhmr_incam,1.000000,gvhmr_smplx_contact_site_provider
156,6.458333,left_foot,foot,left,-1.168179512,0.950387955,3.220669746,gvhmr_incam,1.000000,gvhmr_smplx_contact_site_provider
156,6.458333,right_foot,foot,right,-0.359968692,1.009661436,3.107623100,gvhmr_incam,1.000000,gvhmr_smplx_contact_site_provider
157,6.500000,left_hand,hand,left,-0.785670590,0.052223116,3.225638437,gvhmr_incam,1.000000,gvhmr_smplx_contact_site_provider
157,6.500000,right_hand,hand,right,-0.064384937,-0.356491083,3.356283188,gvhmr_incam,1.000000,gvhmr_smplx_contact_site_provider
157,6.500000,left_foot,foot,left,-1.167686224,0.948683977,3.214479923,gvhmr_incam,1.000000,gvhmr_smplx_contact_site_provider
157,6.500000,right_foot,foot,right,-0.359064043,1.009214878,3.105586052,gvhmr_incam,1.000000,gvhmr_smplx_contact_site_provider
158,6.541667,left_hand,hand,left,-0.808600307,0.060118616,3.229454231,gvhmr_incam,1.000000,gvhmr_smplx_contact_site_provider
158,6.541667,right_hand,hand,right,-0.103531086,-0.367129874,3.385297632,gvhmr_incam,1.000000,gvhmr_smplx_contact_site_provider
158,6.541667,left_foot,foot,left,-1.169425488,0.948142171,3.226492167,gvhmr_incam,1.000000,gvhmr_smplx_contact_site_provider
158,6.541667,right_foot,foot,right,-0.360575646,1.006494880,3.122356176,gvhmr_incam,1.000000,gvhmr_smplx_contact_site_provider
159,6.583333,left_hand,hand,left,-0.832484436,0.070377749,3.235691166,gvhmr_incam,1.000000,gvhmr_smplx_contact_site_provider
159,6.583333,right_hand,hand,right,-0.149445331,-0.360002565,3.409715414,gvhmr_incam,1.000000,gvhmr_smplx_contact_site_provider
159,6.583333,left_foot,foot,left,-1.170964837,0.950881243,3.238819122,gvhmr_incam,1.000000,gvhmr_smplx_contact_site_provider
159,6.583333,right_foot,foot,right,-0.361661434,1.005849361,3.140346050,gvhmr_incam,1.000000,gvhmr_smplx_contact_site_provider
160,6.625000,left_hand,hand,left,-0.853143704,0.083404678,3.213024759,gvhmr_incam,1.000000,gvhmr_smplx_contact_site_provider
160,6.625000,right_hand,hand,right,-0.190683007,-0.337216312,3.392609978,gvhmr_incam,1.000000,gvhmr_smplx_contact_site_provider
160,6.625000,left_foot,foot,left,-1.168322682,0.954773724,3.219144821,gvhmr_incam,1.000000,gvhmr_smplx_contact_site_provider
160,6.625000,right_foot,foot,right,-0.358900428,1.008361697,3.124306202,gvhmr_incam,1.000000,gvhmr_smplx_contact_site_provider
161,6.666667,left_hand,hand,left,-0.870936465,0.096263349,3.199762249,gvhmr_incam,1.000000,gvhmr_smplx_contact_site_provider
161,6.666667,right_hand,hand,right,-0.231273872,-0.302334005,3.372744465,gvhmr_incam,1.000000,gvhmr_smplx_contact_site_provider
161,6.666667,left_foot,foot,left,-1.169679284,0.957847834,3.208046436,gvhmr_incam,1.000000,gvhmr_smplx_contact_site_provider
161,6.666667,right_foot,foot,right,-0.360409498,1.010014534,3.114246845,gvhmr_incam,1.000000,gvhmr_smplx_contact_site_provider
162,6.708333,left_hand,hand,left,-0.890956676,0.108229315,3.194508028,gvhmr_incam,1.000000,gvhmr_smplx_contact_site_provider
162,6.708333,right_hand,hand,right,-0.270732164,-0.255180091,3.353916502,gvhmr_incam,1.000000,gvhmr_smplx_contact_site_provider
162,6.708333,left_foot,foot,left,-1.170669556,0.959722638,3.204393387,gvhmr_incam,1.000000,gvhmr_smplx_contact_site_provider
162,6.708333,right_foot,foot,right,-0.361276478,1.010346651,3.111521006,gvhmr_incam,1.000000,gvhmr_smplx_contact_site_provider
163,6.750000,left_hand,hand,left,-0.911442864,0.119218534,3.190495825,gvhmr_incam,1.000000,gvhmr_smplx_contact_site_provider
163,6.750000,right_hand,hand,right,-0.311683190,-0.200092518,3.329211712,gvhmr_incam,1.000000,gvhmr_smplx_contact_site_provider
163,6.750000,left_foot,foot,left,-1.175185204,0.960623384,3.203610182,gvhmr_incam,1.000000,gvhmr_smplx_contact_site_provider
163,6.750000,right_foot,foot,right,-0.365740895,1.011014104,3.112138033,gvhmr_incam,1.000000,gvhmr_smplx_contact_site_provider
164,6.791667,left_hand,hand,left,-0.932944763,0.128379714,3.184377050,gvhmr_incam,1.000000,gvhmr_smplx_contact_site_provider
164,6.791667,right_hand,hand,right,-0.351104426,-0.135861641,3.298359585,gvhmr_incam,1.000000,gvhmr_smplx_contact_site_provider
164,6.791667,left_foot,foot,left,-1.178647995,0.961062670,3.200760603,gvhmr_incam,1.000000,gvhmr_smplx_contact_site_provider
164,6.791667,right_foot,foot,right,-0.369284898,1.011313081,3.110519171,gvhmr_incam,1.000000,gvhmr_smplx_contact_site_provider
165,6.833333,left_hand,hand,left,-0.951439059,0.137103242,3.181023836,gvhmr_incam,1.000000,gvhmr_smplx_contact_site_provider
165,6.833333,right_hand,hand,right,-0.384469521,-0.074361318,3.264617872,gvhmr_incam,1.000000,gvhmr_smplx_contact_site_provider
165,6.833333,left_foot,foot,left,-1.181937456,0.961318135,3.198562145,gvhmr_incam,1.000000,gvhmr_smplx_contact_site_provider
165,6.833333,right_foot,foot,right,-0.372851968,1.012272835,3.111052036,gvhmr_incam,1.000000,gvhmr_smplx_contact_site_provider
166,6.875000,left_hand,hand,left,-0.966804969,0.142152113,3.176996613,gvhmr_incam,1.000000,gvhmr_smplx_contact_site_provider
166,6.875000,right_hand,hand,right,-0.413968611,-0.011652726,3.223336172,gvhmr_incam,1.000000,gvhmr_smplx_contact_site_provider
166,6.875000,left_foot,foot,left,-1.184862137,0.961443186,3.195846319,gvhmr_incam,1.000000,gvhmr_smplx_contact_site_provider
166,6.875000,right_foot,foot,right,-0.376598179,1.013855338,3.111632347,gvhmr_incam,1.000000,gvhmr_smplx_contact_site_provider
167,6.916667,left_hand,hand,left,-0.979854214,0.146857560,3.176641703,gvhmr_incam,1.000000,gvhmr_smplx_contact_site_provider
167,6.916667,right_hand,hand,right,-0.440936369,0.042738140,3.180692959,gvhmr_incam,1.000000,gvhmr_smplx_contact_site_provider
167,6.916667,left_foot,foot,left,-1.187207222,0.962344408,3.195250750,gvhmr_incam,1.000000,gvhmr_smplx_contact_site_provider
167,6.916667,right_foot,foot,right,-0.380608678,1.015871406,3.114926815,gvhmr_incam,1.000000,gvhmr_smplx_contact_site_provider
168,6.958333,left_hand,hand,left,-0.993257463,0.149085563,3.183537960,gvhmr_incam,1.000000,gvhmr_smplx_contact_site_provider
168,6.958333,right_hand,hand,right,-0.466357273,0.089550239,3.145345068,gvhmr_incam,1.000000,gvhmr_smplx_contact_site_provider
168,6.958333,left_foot,foot,left,-1.190610051,0.962521791,3.202978611,gvhmr_incam,1.000000,gvhmr_smplx_contact_site_provider
168,6.958333,right_foot,foot,right,-0.387975186,1.017438173,3.125510931,gvhmr_incam,1.000000,gvhmr_smplx_contact_site_provider
169,7.000000,left_hand,hand,left,-0.998369050,0.151002306,3.187499666,gvhmr_incam,1.000000,gvhmr_smplx_contact_site_provider
169,7.000000,right_hand,hand,right,-0.483178639,0.121517253,3.105391407,gvhmr_incam,1.000000,gvhmr_smplx_contact_site_provider
169,7.000000,left_foot,foot,left,-1.187220812,0.962989807,3.205943823,gvhmr_incam,1.000000,gvhmr_smplx_contact_site_provider
169,7.000000,right_foot,foot,right,-0.391879141,1.019196153,3.128803015,gvhmr_incam,1.000000,gvhmr_smplx_contact_site_provider
170,7.041667,left_hand,hand,left,-1.000794208,0.150899488,3.198658848,gvhmr_incam,1.000000,gvhmr_smplx_contact_site_provider
170,7.041667,right_hand,hand,right,-0.495658600,0.141679257,3.075060797,gvhmr_incam,1.000000,gvhmr_smplx_contact_site_provider
170,7.041667,left_foot,foot,left,-1.185019016,0.964137554,3.211310863,gvhmr_incam,1.000000,gvhmr_smplx_contact_site_provider
170,7.041667,right_foot,foot,right,-0.397659302,1.022178650,3.131494045,gvhmr_incam,1.000000,gvhmr_smplx_contact_site_provider
171,7.083333,left_hand,hand,left,-0.996072209,0.148022437,3.214394951,gvhmr_incam,1.000000,gvhmr_smplx_contact_site_provider
171,7.083333,right_hand,hand,right,-0.501872951,0.152237076,3.053152323,gvhmr_incam,1.000000,gvhmr_smplx_contact_site_provider
171,7.083333,left_foot,foot,left,-1.183428645,0.964977264,3.216679573,gvhmr_incam,1.000000,gvhmr_smplx_contact_site_provider
171,7.083333,right_foot,foot,right,-0.402444184,1.024507880,3.133741856,gvhmr_incam,1.000000,gvhmr_smplx_contact_site_provider
172,7.125000,left_hand,hand,left,-0.984280074,0.143283391,3.231629753,gvhmr_incam,1.000000,gvhmr_smplx_contact_site_provider
172,7.125000,right_hand,hand,right,-0.497410017,0.158258551,3.035198355,gvhmr_incam,1.000000,gvhmr_smplx_contact_site_provider
172,7.125000,left_foot,foot,left,-1.179877520,0.966672540,3.219911575,gvhmr_incam,1.000000,gvhmr_smplx_contact_site_provider
172,7.125000,right_foot,foot,right,-0.402837992,1.026772738,3.134198666,gvhmr_incam,1.000000,gvhmr_smplx_contact_site_provider
173,7.166667,left_hand,hand,left,-0.963095272,0.134350270,3.251283789,gvhmr_incam,1.000000,gvhmr_smplx_contact_site_provider
173,7.166667,right_hand,hand,right,-0.484716856,0.158787954,3.023899746,gvhmr_incam,1.000000,gvhmr_smplx_contact_site_provider
173,7.166667,left_foot,foot,left,-1.176991463,0.966859937,3.223775387,gvhmr_incam,1.000000,gvhmr_smplx_contact_site_provider
173,7.166667,right_foot,foot,right,-0.401893318,1.027181864,3.136085987,gvhmr_incam,1.000000,gvhmr_smplx_contact_site_provider
174,7.208333,left_hand,hand,left,-0.937139511,0.122946280,3.264228773,gvhmr_incam,1.000000,gvhmr_smplx_contact_site_provider
174,7.208333,right_hand,hand,right,-0.465462524,0.155542159,3.012185001,gvhmr_incam,1.000000,gvhmr_smplx_contact_site_provider
174,7.208333,left_foot,foot,left,-1.172780871,0.967716932,3.222435474,gvhmr_incam,1.000000,gvhmr_smplx_contact_site_provider
174,7.208333,right_foot,foot,right,-0.398498952,1.026734352,3.134432316,gvhmr_incam,1.000000,gvhmr_smplx_contact_site_provider
175,7.250000,left_hand,hand,left,-0.901125884,0.104331988,3.277540302,gvhmr_incam,1.000000,gvhmr_smplx_contact_site_provider
175,7.250000,right_hand,hand,right,-0.438707352,0.149855316,3.002026749,gvhmr_incam,1.000000,gvhmr_smplx_contact_site_provider
175,7.250000,left_foot,foot,left,-1.168957591,0.966363549,3.224236250,gvhmr_incam,1.000000,gvhmr_smplx_contact_site_provider
175,7.250000,right_foot,foot,right,-0.394906938,1.026076794,3.134801149,gvhmr_incam,1.000000,gvhmr_smplx_contact_site_provider
176,7.291667,left_hand,hand,left,-0.861924505,0.084919924,3.285001564,gvhmr_incam,1.000000,gvhmr_smplx_contact_site_provider
176,7.291667,right_hand,hand,right,-0.410328704,0.142521501,2.994558668,gvhmr_incam,1.000000,gvhmr_smplx_contact_site_provider
176,7.291667,left_foot,foot,left,-1.163062334,0.965262532,3.225620031,gvhmr_incam,1.000000,gvhmr_smplx_contact_site_provider
176,7.291667,right_foot,foot,right,-0.388761580,1.024777412,3.134932756,gvhmr_incam,1.000000,gvhmr_smplx_contact_site_provider
177,7.333333,left_hand,hand,left,-0.820022476,0.061250407,3.283076859,gvhmr_incam,1.000000,gvhmr_smplx_contact_site_provider
177,7.333333,right_hand,hand,right,-0.381158608,0.132964939,2.982748508,gvhmr_incam,1.000000,gvhmr_smplx_contact_site_provider
177,7.333333,left_foot,foot,left,-1.156677127,0.963062882,3.221531153,gvhmr_incam,1.000000,gvhmr_smplx_contact_site_provider
177,7.333333,right_foot,foot,right,-0.381924808,1.023324728,3.129259586,gvhmr_incam,1.000000,gvhmr_smplx_contact_site_provider
178,7.375000,left_hand,hand,left,-0.780263531,0.038436168,3.281615973,gvhmr_incam,1.000000,gvhmr_smplx_contact_site_provider
178,7.375000,right_hand,hand,right,-0.353989476,0.123365438,2.976255178,gvhmr_incam,1.000000,gvhmr_smplx_contact_site_provider
178,7.375000,left_foot,foot,left,-1.151961684,0.960450828,3.221969128,gvhmr_incam,1.000000,gvhmr_smplx_contact_site_provider
178,7.375000,right_foot,foot,right,-0.376589984,1.021685004,3.127920866,gvhmr_incam,1.000000,gvhmr_smplx_contact_site_provider
179,7.416667,left_hand,hand,left,-0.740741098,0.020114452,3.274206400,gvhmr_incam,1.000000,gvhmr_smplx_contact_site_provider
179,7.416667,right_hand,hand,right,-0.326252812,0.115446609,2.965434647,gvhmr_incam,1.000000,gvhmr_smplx_contact_site_provider
179,7.416667,left_foot,foot,left,-1.145981073,0.958194911,3.220191002,gvhmr_incam,1.000000,gvhmr_smplx_contact_site_provider
179,7.416667,right_foot,foot,right,-0.370115995,1.021128178,3.124549150,gvhmr_incam,1.000000,gvhmr_smplx_contact_site_provider
180,7.458333,left_hand,hand,left,-0.707581627,0.009851664,3.265027285,gvhmr_incam,1.000000,gvhmr_smplx_contact_site_provider
180,7.458333,right_hand,hand,right,-0.302696157,0.106661516,2.958213997,gvhmr_incam,1.000000,gvhmr_smplx_contact_site_provider
180,7.458333,left_foot,foot,left,-1.142120242,0.954685211,3.220418930,gvhmr_incam,1.000000,gvhmr_smplx_contact_site_provider
180,7.458333,right_foot,foot,right,-0.365459800,1.018250704,3.123553991,gvhmr_incam,1.000000,gvhmr_smplx_contact_site_provider
181,7.500000,left_hand,hand,left,-0.677093089,0.007272303,3.248438454,gvhmr_incam,1.000000,gvhmr_smplx_contact_site_provider
181,7.500000,right_hand,hand,right,-0.282024115,0.100156122,2.941773319,gvhmr_incam,1.000000,gvhmr_smplx_contact_site_provider
181,7.500000,left_foot,foot,left,-1.137005568,0.950564265,3.213667154,gvhmr_incam,1.000000,gvhmr_smplx_contact_site_provider
181,7.500000,right_foot,foot,right,-0.359850168,1.015073061,3.115451574,gvhmr_incam,1.000000,gvhmr_smplx_contact_site_provider
182,7.541667,left_hand,hand,left,-0.653105569,0.014758497,3.231797361,gvhmr_incam,1.000000,gvhmr_smplx_contact_site_provider
182,7.541667,right_hand,hand,right,-0.264661324,0.097907043,2.922631264,gvhmr_incam,1.000000,gvhmr_smplx_contact_site_provider
182,7.541667,left_foot,foot,left,-1.133447528,0.946920514,3.209551334,gvhmr_incam,1.000000,gvhmr_smplx_contact_site_provider
182,7.541667,right_foot,foot,right,-0.356006742,1.012206793,3.110496044,gvhmr_incam,1.000000,gvhmr_smplx_contact_site_provider
183,7.583333,left_hand,hand,left,-0.632791317,0.022266459,3.216559505,gvhmr_incam,1.000000,gvhmr_smplx_contact_site_provider
183,7.583333,right_hand,hand,right,-0.251219743,0.098746359,2.897266102,gvhmr_incam,1.000000,gvhmr_smplx_contact_site_provider
183,7.583333,left_foot,foot,left,-1.131195188,0.943793178,3.204406261,gvhmr_incam,1.000000,gvhmr_smplx_contact_site_provider
183,7.583333,right_foot,foot,right,-0.354373753,1.011348844,3.103282213,gvhmr_incam,1.000000,gvhmr_smplx_contact_site_provider
184,7.625000,left_hand,hand,left,-0.613541842,0.029195440,3.204045725,gvhmr_incam,1.000000,gvhmr_smplx_contact_site_provider
184,7.625000,right_hand,hand,right,-0.244498229,0.103789508,2.863925695,gvhmr_incam,1.000000,gvhmr_smplx_contact_site_provider
184,7.625000,left_foot,foot,left,-1.131019950,0.942169964,3.203538179,gvhmr_incam,1.000000,gvhmr_smplx_contact_site_provider
184,7.625000,right_foot,foot,right,-0.354847908,1.010682106,3.101202488,gvhmr_incam,1.000000,gvhmr_smplx_contact_site_provider
185,7.666667,left_hand,hand,left,-0.588261855,0.033713090,3.186961079,gvhmr_incam,1.000000,gvhmr_smplx_contact_site_provider
185,7.666667,right_hand,hand,right,-0.244424903,0.115176827,2.820472813,gvhmr_incam,1.000000,gvhmr_smplx_contact_site_provider
185,7.666667,left_foot,foot,left,-1.130810380,0.942096114,3.203856468,gvhmr_incam,1.000000,gvhmr_smplx_contact_site_provider
185,7.666667,right_foot,foot,right,-0.354578733,1.008940220,3.101937771,gvhmr_incam,1.000000,gvhmr_smplx_contact_site_provider
186,7.708333,left_hand,hand,left,-0.579463041,0.037329656,3.182299471,gvhmr_incam,1.000000,gvhmr_smplx_contact_site_provider
186,7.708333,right_hand,hand,right,-0.257050812,0.127862746,2.793731165,gvhmr_incam,1.000000,gvhmr_smplx_contact_site_provider
186,7.708333,left_foot,foot,left,-1.138162851,0.941868663,3.212847233,gvhmr_incam,1.000000,gvhmr_smplx_contact_site_provider
186,7.708333,right_foot,foot,right,-0.362330496,1.010380030,3.109649181,gvhmr_incam,1.000000,gvhmr_smplx_contact_site_provider
187,7.750000,left_hand,hand,left,-0.570906234,0.036054313,3.179382944,gvhmr_incam,1.000000,gvhmr_smplx_contact_site_provider
187,7.750000,right_hand,hand,right,-0.272369289,0.141178048,2.767718267,gvhmr_incam,1.000000,gvhmr_smplx_contact_site_provider
187,7.750000,left_foot,foot,left,-1.144592762,0.944796860,3.224911451,gvhmr_incam,1.000000,gvhmr_smplx_contact_site_provider
187,7.750000,right_foot,foot,right,-0.367903769,1.010390759,3.121198177,gvhmr_incam,1.000000,gvhmr_smplx_contact_site_provider
188,7.791667,left_hand,hand,left,-0.567187738,0.039982581,3.174197054,gvhmr_incam,1.000000,gvhmr_smplx_contact_site_provider
188,7.791667,right_hand,hand,right,-0.298560983,0.160632169,2.739733219,gvhmr_incam,1.000000,gvhmr_smplx_contact_site_provider
188,7.791667,left_foot,foot,left,-1.152974367,0.947074056,3.231369019,gvhmr_incam,1.000000,gvhmr_smplx_contact_site_provider
188,7.791667,right_foot,foot,right,-0.376548916,1.013339996,3.126478672,gvhmr_incam,1.000000,gvhmr_smplx_contact_site_provider
189,7.833333,left_hand,hand,left,-0.565643764,0.041998357,3.173393250,gvhmr_incam,1.000000,gvhmr_smplx_contact_site_provider
189,7.833333,right_hand,hand,right,-0.327008063,0.178347129,2.720132399,gvhmr_incam,1.000000,gvhmr_smplx_contact_site_provider
189,7.833333,left_foot,foot,left,-1.160361052,0.947587967,3.239521503,gvhmr_incam,1.000000,gvhmr_smplx_contact_site_provider
189,7.833333,right_foot,foot,right,-0.384005547,1.013588548,3.133710623,gvhmr_incam,1.000000,gvhmr_smplx_contact_site_provider
190,7.875000,left_hand,hand,left,-0.563437879,0.045974773,3.174582624,gvhmr_incam,1.000000,gvhmr_smplx_contact_site_provider
190,7.875000,right_hand,hand,right,-0.351657432,0.196335202,2.704019499,gvhmr_incam,1.000000,gvhmr_smplx_contact_site_provider
190,7.875000,left_foot,foot,left,-1.165856957,0.948466301,3.244130611,gvhmr_incam,1.000000,gvhmr_smplx_contact_site_provider
190,7.875000,right_foot,foot,right,-0.389722615,1.015372038,3.137533665,gvhmr_incam,1.000000,gvhmr_smplx_contact_site_provider
191,7.916667,left_hand,hand,left,-0.560368645,0.046889877,3.177800894,gvhmr_incam,1.000000,gvhmr_smplx_contact_site_provider
191,7.916667,right_hand,hand,right,-0.373477668,0.212510300,2.690207577,gvhmr_incam,1.000000,gvhmr_smplx_contact_site_provider
191,7.916667,left_foot,foot,left,-1.170745730,0.948064327,3.246374130,gvhmr_incam,1.000000,gvhmr_smplx_contact_site_provider
191,7.916667,right_foot,foot,right,-0.394013911,1.012868166,3.139594078,gvhmr_incam,1.000000,gvhmr_smplx_contact_site_provider
192,7.958333,left_hand,hand,left,-0.557436752,0.048966277,3.183388424,gvhmr_incam,1.000000,gvhmr_smplx_contact_site_provider
192,7.958333,right_hand,hand,right,-0.383725184,0.226185527,2.682445145,gvhmr_incam,1.000000,gvhmr_smplx_contact_site_provider
192,7.958333,left_foot,foot,left,-1.173041821,0.948689878,3.250309467,gvhmr_incam,1.000000,gvhmr_smplx_contact_site_provider
192,7.958333,right_foot,foot,right,-0.395954311,1.012732983,3.142709970,gvhmr_incam,1.000000,gvhmr_smplx_contact_site_provider
193,8.000000,left_hand,hand,left,-0.552555442,0.053557104,3.183869553,gvhmr_incam,1.000000,gvhmr_smplx_contact_site_provider
193,8.000000,right_hand,hand,right,-0.376488847,0.234798825,2.673129559,gvhmr_incam,1.000000,gvhmr_smplx_contact_site_provider
193,8.000000,left_foot,foot,left,-1.170332432,0.950542986,3.248322487,gvhmr_incam,1.000000,gvhmr_smplx_contact_site_provider
193,8.000000,right_foot,foot,right,-0.392810941,1.012727976,3.139984131,gvhmr_incam,1.000000,gvhmr_smplx_contact_site_provider
194,8.041667,left_hand,hand,left,-0.549046922,0.058711916,3.185636568,gvhmr_incam,1.000000,gvhmr_smplx_contact_site_provider
194,8.041667,right_hand,hand,right,-0.356304640,0.239675587,2.669056654,gvhmr_incam,1.000000,gvhmr_smplx_contact_site_provider
194,8.041667,left_foot,foot,left,-1.166329861,0.951210141,3.245135784,gvhmr_incam,1.000000,gvhmr_smplx_contact_site_provider
194,8.041667,right_foot,foot,right,-0.388434440,1.013998628,3.136271954,gvhmr_incam,1.000000,gvhmr_smplx_contact_site_provider
195,8.083333,left_hand,hand,left,-0.550721669,0.064825225,3.186690760,gvhmr_incam,1.000000,gvhmr_smplx_contact_site_provider
195,8.083333,right_hand,hand,right,-0.317141932,0.237972271,2.669721603,gvhmr_incam,1.000000,gvhmr_smplx_contact_site_provider
195,8.083333,left_foot,foot,left,-1.160867214,0.950463176,3.237898827,gvhmr_incam,1.000000,gvhmr_smplx_contact_site_provider
195,8.083333,right_foot,foot,right,-0.383131623,1.015838265,3.128199816,gvhmr_incam,1.000000,gvhmr_smplx_contact_site_provider
196,8.125000,left_hand,hand,left,-0.553122699,0.065706187,3.197043943,gvhmr_incam,1.000000,gvhmr_smplx_contact_site_provider
196,8.125000,right_hand,hand,right,-0.255731475,0.226806223,2.689567327,gvhmr_incam,1.000000,gvhmr_smplx_contact_site_provider
196,8.125000,left_foot,foot,left,-1.154918432,0.949844718,3.234915972,gvhmr_incam,1.000000,gvhmr_smplx_contact_site_provider
196,8.125000,right_foot,foot,right,-0.376753032,1.016392708,3.124751806,gvhmr_incam,1.000000,gvhmr_smplx_contact_site_provider
197,8.166667,left_hand,hand,left,-0.558690977,0.066607767,3.204863405,gvhmr_incam,1.000000,gvhmr_smplx_contact_site_provider
197,8.166667,right_hand,hand,right,-0.183149838,0.199096644,2.722072268,gvhmr_incam,1.000000,gvhmr_smplx_contact_site_provider
197,8.166667,left_foot,foot,left,-1.149660230,0.947062016,3.232422829,gvhmr_incam,1.000000,gvhmr_smplx_contact_site_provider
197,8.166667,right_foot,foot,right,-0.371071994,1.014275312,3.119669437,gvhmr_incam,1.000000,gvhmr_smplx_contact_site_provider
198,8.208333,left_hand,hand,left,-0.591904032,0.056607676,3.227489328,gvhmr_incam,1.000000,gvhmr_smplx_contact_site_provider
198,8.208333,right_hand,hand,right,-0.115027630,0.158326930,2.785715675,gvhmr_incam,1.000000,gvhmr_smplx_contact_site_provider
198,8.208333,left_foot,foot,left,-1.160142660,0.941717029,3.237400293,gvhmr_incam,1.000000,gvhmr_smplx_contact_site_provider
198,8.208333,right_foot,foot,right,-0.381815851,1.011885166,3.123678684,gvhmr_incam,1.000000,gvhmr_smplx_contact_site_provider
199,8.250000,left_hand,hand,left,-0.616216314,0.050672257,3.211078215,gvhmr_incam,1.000000,gvhmr_smplx_contact_site_provider
199,8.250000,right_hand,hand,right,-0.044847155,0.103320152,2.843883657,gvhmr_incam,1.000000,gvhmr_smplx_contact_site_provider
199,8.250000,left_foot,foot,left,-1.155164003,0.942824721,3.207907915,gvhmr_incam,1.000000,gvhmr_smplx_contact_site_provider
199,8.250000,right_foot,foot,right,-0.376335382,1.014648438,3.093178988,gvhmr_incam,1.000000,gvhmr_smplx_contact_site_provider
200,8.291667,left_hand,hand,left,-0.639790285,0.040397394,3.196951342,gvhmr_incam,1.000000,gvhmr_smplx_contact_site_provider
200,8.291667,right_hand,hand,right,-0.001071775,0.036887854,2.919635773,gvhmr_incam,1.000000,gvhmr_smplx_contact_site_provider
200,8.291667,left_foot,foot,left,-1.150488019,0.942210913,3.186332703,gvhmr_incam,1.000000,gvhmr_smplx_contact_site_provider
200,8.291667,right_foot,foot,right,-0.370700717,1.014202118,3.070447445,gvhmr_incam,1.000000,gvhmr_smplx_contact_site_provider
201,8.333333,left_hand,hand,left,-0.676388645,0.029413444,3.194859600,gvhmr_incam,1.000000,gvhmr_smplx_contact_site_provider
201,8.333333,right_hand,hand,right,0.003521442,-0.041386461,3.022641563,gvhmr_incam,1.000000,gvhmr_smplx_contact_site_provider
201,8.333333,left_foot,foot,left,-1.150065660,0.940588295,3.176417828,gvhmr_incam,1.000000,gvhmr_smplx_contact_site_provider
201,8.333333,right_foot,foot,right,-0.369575560,1.011496067,3.059857130,gvhmr_incam,1.000000,gvhmr_smplx_contact_site_provider
202,8.375000,left_hand,hand,left,-0.711053419,0.023950541,3.190355730,gvhmr_incam,1.000000,gvhmr_smplx_contact_site_provider
202,8.375000,right_hand,hand,right,-0.013055730,-0.118836975,3.104189348,gvhmr_incam,1.000000,gvhmr_smplx_contact_site_provider
202,8.375000,left_foot,foot,left,-1.147603989,0.941810429,3.164079428,gvhmr_incam,1.000000,gvhmr_smplx_contact_site_provider
202,8.375000,right_foot,foot,right,-0.365947306,1.010343552,3.048924446,gvhmr_incam,1.000000,gvhmr_smplx_contact_site_provider
203,8.416667,left_hand,hand,left,-0.750857353,0.022015834,3.205188942,gvhmr_incam,1.000000,gvhmr_smplx_contact_site_provider
203,8.416667,right_hand,hand,right,-0.053571177,-0.186814547,3.196381426,gvhmr_incam,1.000000,gvhmr_smplx_contact_site_provider
203,8.416667,left_foot,foot,left,-1.149695277,0.941208959,3.173605204,gvhmr_incam,1.000000,gvhmr_smplx_contact_site_provider
203,8.416667,right_foot,foot,right,-0.367050231,1.008491993,3.060065746,gvhmr_incam,1.000000,gvhmr_smplx_contact_site_provider
204,8.458333,left_hand,hand,left,-0.788017333,0.022883326,3.233289385,gvhmr_incam,1.000000,gvhmr_smplx_contact_site_provider
204,8.458333,right_hand,hand,right,-0.108404803,-0.247413290,3.285181713,gvhmr_incam,1.000000,gvhmr_smplx_contact_site_provider
204,8.458333,left_foot,foot,left,-1.154431343,0.942034721,3.200479507,gvhmr_incam,1.000000,gvhmr_smplx_contact_site_provider
204,8.458333,right_foot,foot,right,-0.370491415,1.005909681,3.089315414,gvhmr_incam,1.000000,gvhmr_smplx_contact_site_provider
205,8.500000,left_hand,hand,left,-0.819741392,0.028966683,3.226629543,gvhmr_incam,1.000000,gvhmr_smplx_contact_site_provider
205,8.500000,right_hand,hand,right,-0.157450867,-0.292076308,3.328538656,gvhmr_incam,1.000000,gvhmr_smplx_contact_site_provider
205,8.500000,left_foot,foot,left,-1.154793143,0.943303466,3.198349237,gvhmr_incam,1.000000,gvhmr_smplx_contact_site_provider
205,8.500000,right_foot,foot,right,-0.370087892,1.005009055,3.088810921,gvhmr_incam,1.000000,gvhmr_smplx_contact_site_provider
206,8.541667,left_hand,hand,left,-0.846710014,0.038886833,3.205945873,gvhmr_incam,1.000000,gvhmr_smplx_contact_site_provider
206,8.541667,right_hand,hand,right,-0.206249022,-0.313608104,3.351082087,gvhmr_incam,1.000000,gvhmr_smplx_contact_site_provider
206,8.541667,left_foot,foot,left,-1.153542042,0.948016286,3.183946609,gvhmr_incam,1.000000,gvhmr_smplx_contact_site_provider
206,8.541667,right_foot,foot,right,-0.368036777,1.007787466,3.075279951,gvhmr_incam,1.000000,gvhmr_smplx_contact_site_provider
207,8.583333,left_hand,hand,left,-0.875811934,0.052796596,3.193069506,gvhmr_incam,1.000000,gvhmr_smplx_contact_site_provider
207,8.583333,right_hand,hand,right,-0.257572532,-0.319116277,3.373213243,gvhmr_incam,1.000000,gvhmr_smplx_contact_site_provider
207,8.583333,left_foot,foot,left,-1.155734420,0.953133464,3.179794550,gvhmr_incam,1.000000,gvhmr_smplx_contact_site_provider
207,8.583333,right_foot,foot,right,-0.369706154,1.011242628,3.071405888,gvhmr_incam,1.000000,gvhmr_smplx_contact_site_provider
208,8.625000,left_hand,hand,left,-0.901810789,0.065990794,3.182421398,gvhmr_incam,1.000000,gvhmr_smplx_contact_site_provider
208,8.625000,right_hand,hand,right,-0.303087747,-0.313196886,3.387385082,gvhmr_incam,1.000000,gvhmr_smplx_contact_site_provider
208,8.625000,left_foot,foot,left,-1.160378933,0.957149267,3.178179741,gvhmr_incam,1.000000,gvhmr_smplx_contact_site_provider
208,8.625000,right_foot,foot,right,-0.373825014,1.013742208,3.070716619,gvhmr_incam,1.000000,gvhmr_smplx_contact_site_provider
209,8.666667,left_hand,hand,left,-0.923942125,0.080040663,3.174493885,gvhmr_incam,1.000000,gvhmr_smplx_contact_site_provider
209,8.666667,right_hand,hand,right,-0.347597307,-0.287958288,3.398111296,gvhmr_incam,1.000000,gvhmr_smplx_contact_site_provider
209,8.666667,left_foot,foot,left,-1.165160179,0.961184740,3.180943727,gvhmr_incam,1.000000,gvhmr_smplx_contact_site_provider
209,8.666667,right_foot,foot,right,-0.378238946,1.015576124,3.074424267,gvhmr_incam,1.000000,gvhmr_smplx_contact_site_provider
210,8.708333,left_hand,hand,left,-0.942659438,0.092279339,3.162257576,gvhmr_incam,1.000000,gvhmr_smplx_contact_site_provider
210,8.708333,right_hand,hand,right,-0.384833509,-0.253770477,3.391335201,gvhmr_incam,1.000000,gvhmr_smplx_contact_site_provider
210,8.708333,left_foot,foot,left,-1.168973923,0.963510931,3.178747416,gvhmr_incam,1.000000,gvhmr_smplx_contact_site_provider
210,8.708333,right_foot,foot,right,-0.381966650,1.017106652,3.072879791,gvhmr_incam,1.000000,gvhmr_smplx_contact_site_provider
211,8.750000,left_hand,hand,left,-0.958272851,0.102386487,3.150735664,gvhmr_incam,1.000000,gvhmr_smplx_contact_site_provider
211,8.750000,right_hand,hand,right,-0.413901877,-0.209654772,3.375344086,gvhmr_incam,1.000000,gvhmr_smplx_contact_site_provider
211,8.750000,left_foot,foot,left,-1.172221661,0.965740681,3.175126553,gvhmr_incam,1.000000,gvhmr_smplx_contact_site_provider
211,8.750000,right_foot,foot,right,-0.385207951,1.019046307,3.069861412,gvhmr_incam,1.000000,gvhmr_smplx_contact_site_provider
212,8.791667,left_hand,hand,left,-0.969012594,0.109481150,3.143007421,gvhmr_incam,1.000000,gvhmr_smplx_contact_site_provider
212,8.791667,right_hand,hand,right,-0.436309206,-0.160747713,3.352058983,gvhmr_incam,1.000000,gvhmr_smplx_contact_site_provider
212,8.791667,left_foot,foot,left,-1.174659967,0.966729522,3.171756983,gvhmr_incam,1.000000,gvhmr_smplx_contact_site_provider
212,8.791667,right_foot,foot,right,-0.387688518,1.019705296,3.067834616,gvhmr_incam,1.000000,gvhmr_smplx_contact_site_provider
213,8.833333,left_hand,hand,left,-0.974731374,0.114363164,3.139957094,gvhmr_incam,1.000000,gvhmr_smplx_contact_site_provider
213,8.833333,right_hand,hand,right,-0.451276112,-0.099075341,3.321500158,gvhmr_incam,1.000000,gvhmr_smplx_contact_site_provider
213,8.833333,left_foot,foot,left,-1.173438072,0.968357205,3.172037840,gvhmr_incam,1.000000,gvhmr_smplx_contact_site_provider
213,8.833333,right_foot,foot,right,-0.386598080,1.020117283,3.069385052,gvhmr_incam,1.000000,gvhmr_smplx_contact_site_provider
214,8.875000,left_hand,hand,left,-0.976179719,0.115964520,3.145639849,gvhmr_incam,1.000000,gvhmr_smplx_contact_site_provider
214,8.875000,right_hand,hand,right,-0.457748866,-0.037087888,3.290007591,gvhmr_incam,1.000000,gvhmr_smplx_contact_site_provider
214,8.875000,left_foot,foot,left,-1.174681664,0.968786240,3.175830603,gvhmr_incam,1.000000,gvhmr_smplx_contact_site_provider
214,8.875000,right_foot,foot,right,-0.388589591,1.021451592,3.075273752,gvhmr_incam,1.000000,gvhmr_smplx_contact_site_provider
215,8.916667,left_hand,hand,left,-0.969405901,0.113765067,3.157238722,gvhmr_incam,1.000000,gvhmr_smplx_contact_site_provider
215,8.916667,right_hand,hand,right,-0.455053383,0.022010124,3.247085476,gvhmr_incam,1.000000,gvhmr_smplx_contact_site_provider
215,8.916667,left_foot,foot,left,-1.174670577,0.969598651,3.178065062,gvhmr_incam,1.000000,gvhmr_smplx_contact_site_provider
215,8.916667,right_foot,foot,right,-0.389345348,1.022531271,3.080876350,gvhmr_incam,1.000000,gvhmr_smplx_contact_site_provider
216,8.958333,left_hand,hand,left,-0.956058490,0.109879786,3.174124384,gvhmr_incam,1.000000,gvhmr_smplx_contact_site_provider
216,8.958333,right_hand,hand,right,-0.442916471,0.071900386,3.199720001,gvhmr_incam,1.000000,gvhmr_smplx_contact_site_provider
216,8.958333,left_foot,foot,left,-1.173354864,0.971133590,3.180637836,gvhmr_incam,1.000000,gvhmr_smplx_contact_site_provider
216,8.958333,right_foot,foot,right,-0.389128566,1.024218082,3.086290598,gvhmr_incam,1.000000,gvhmr_smplx_contact_site_provider
217,9.000000,left_hand,hand,left,-0.935865176,0.102092421,3.200500488,gvhmr_incam,1.000000,gvhmr_smplx_contact_site_provider
217,9.000000,right_hand,hand,right,-0.422333896,0.109324849,3.158530569,gvhmr_incam,1.000000,gvhmr_smplx_contact_site_provider
217,9.000000,left_foot,foot,left,-1.172916651,0.971315622,3.189561129,gvhmr_incam,1.000000,gvhmr_smplx_contact_site_provider
217,9.000000,right_foot,foot,right,-0.389906764,1.026225805,3.097225189,gvhmr_incam,1.000000,gvhmr_smplx_contact_site_provider
218,9.041667,left_hand,hand,left,-0.909386623,0.092951429,3.220732737,gvhmr_incam,1.000000,gvhmr_smplx_contact_site_provider
218,9.041667,right_hand,hand,right,-0.394129324,0.131344312,3.111114407,gvhmr_incam,1.000000,gvhmr_smplx_contact_site_provider
218,9.041667,left_foot,foot,left,-1.170904875,0.971688271,3.191854000,gvhmr_incam,1.000000,gvhmr_smplx_contact_site_provider
218,9.041667,right_foot,foot,right,-0.389174163,1.028555870,3.101039171,gvhmr_incam,1.000000,gvhmr_smplx_contact_site_provider
219,9.083333,left_hand,hand,left,-0.871513247,0.078928649,3.240652561,gvhmr_incam,1.000000,gvhmr_smplx_contact_site_provider
219,9.083333,right_hand,hand,right,-0.359541345,0.139790982,3.063767767,gvhmr_incam,1.000000,gvhmr_smplx_contact_site_provider
219,9.083333,left_foot,foot,left,-1.167221427,0.969627500,3.195811272,gvhmr_incam,1.000000,gvhmr_smplx_contact_site_provider
219,9.083333,right_foot,foot,right,-0.386494279,1.029355645,3.105733395,gvhmr_incam,1.000000,gvhmr_smplx_contact_site_provider
220,9.125000,left_hand,hand,left,-0.827380276,0.063252062,3.256234074,gvhmr_incam,1.000000,gvhmr_smplx_contact_site_provider
220,9.125000,right_hand,hand,right,-0.325140756,0.138418519,3.010623026,gvhmr_incam,1.000000,gvhmr_smplx_contact_site_provider
220,9.125000,left_foot,foot,left,-1.163889527,0.968134880,3.200471878,gvhmr_incam,1.000000,gvhmr_smplx_contact_site_provider
220,9.125000,right_foot,foot,right,-0.383447647,1.028538704,3.110446692,gvhmr_incam,1.000000,gvhmr_smplx_contact_site_provider
221,9.166667,left_hand,hand,left,-0.781224918,0.043042773,3.271468782,gvhmr_incam,1.000000,gvhmr_smplx_contact_site_provider
221,9.166667,right_hand,hand,right,-0.298709679,0.133342451,2.956311035,gvhmr_incam,1.000000,gvhmr_smplx_contact_site_provider
221,9.166667,left_foot,foot,left,-1.163348913,0.962367296,3.208212376,gvhmr_incam,1.000000,gvhmr_smplx_contact_site_provider
221,9.166667,right_foot,foot,right,-0.383131534,1.025310993,3.117824078,gvhmr_incam,1.000000,gvhmr_smplx_contact_site_provider
222,9.208333,left_hand,hand,left,-0.733828270,0.029947734,3.276075697,gvhmr_incam,1.000000,gvhmr_smplx_contact_site_provider
222,9.208333,right_hand,hand,right,-0.279989070,0.130873656,2.896456766,gvhmr_incam,1.000000,gvhmr_smplx_contact_site_provider
222,9.208333,left_foot,foot,left,-1.161641598,0.957950354,3.214403152,gvhmr_incam,1.000000,gvhmr_smplx_contact_site_provider
222,9.208333,right_foot,foot,right,-0.381676853,1.022179365,3.122175694,gvhmr_incam,1.000000,gvhmr_smplx_contact_site_provider
223,9.250000,left_hand,hand,left,-0.691342354,0.032196951,3.270739317,gvhmr_incam,1.000000,gvhmr_smplx_contact_site_provider
223,9.250000,right_hand,hand,right,-0.274505198,0.132878774,2.830817986,gvhmr_incam,1.000000,gvhmr_smplx_contact_site_provider
223,9.250000,left_foot,foot,left,-1.162584782,0.957021475,3.213228703,gvhmr_incam,1.000000,gvhmr_smplx_contact_site_provider
223,9.250000,right_foot,foot,right,-0.382202625,1.022567511,3.119521618,gvhmr_incam,1.000000,gvhmr_smplx_contact_site_provider
224,9.291667,left_hand,hand,left,-0.641957486,0.033113486,3.258843613,gvhmr_incam,1.000000,gvhmr_smplx_contact_site_provider
224,9.291667,right_hand,hand,right,-0.274351895,0.143191922,2.768961382,gvhmr_incam,1.000000,gvhmr_smplx_contact_site_provider
224,9.291667,left_foot,foot,left,-1.158545017,0.956319094,3.210005283,gvhmr_incam,1.000000,gvhmr_smplx_contact_site_provider
224,9.291667,right_foot,foot,right,-0.377357721,1.020793080,3.114770412,gvhmr_incam,1.000000,gvhmr_smplx_contact_site_provider
225,9.333333,left_hand,hand,left,-0.609611940,0.040210134,3.253449774,gvhmr_incam,1.000000,gvhmr_smplx_contact_site_provider
225,9.333333,right_hand,hand,right,-0.280075908,0.155965471,2.728678322,gvhmr_incam,1.000000,gvhmr_smplx_contact_site_provider
225,9.333333,left_foot,foot,left,-1.159175634,0.956897140,3.217479706,gvhmr_incam,1.000000,gvhmr_smplx_contact_site_provider
225,9.333333,right_foot,foot,right,-0.376657099,1.019940138,3.120836973,gvhmr_incam,1.000000,gvhmr_smplx_contact_site_provider
226,9.375000,left_hand,hand,left,-0.585573030,0.045574200,3.253686047,gvhmr_incam,1.000000,gvhmr_smplx_contact_site_provider
226,9.375000,right_hand,hand,right,-0.288467336,0.167757708,2.697337770,gvhmr_incam,1.000000,gvhmr_smplx_contact_site_provider
226,9.375000,left_foot,foot,left,-1.160677910,0.957241297,3.232437372,gvhmr_incam,1.000000,gvhmr_smplx_contact_site_provider
226,9.375000,right_foot,foot,right,-0.376641273,1.017633557,3.135201931,gvhmr_incam,1.000000,gvhmr_smplx_contact_site_provider
227,9.416667,left_hand,hand,left,-0.563288784,0.053175741,3.246603203,gvhmr_incam,1.000000,gvhmr_smplx_contact_site_provider
227,9.416667,right_hand,hand,right,-0.297838640,0.187602913,2.670807791,gvhmr_incam,1.000000,gvhmr_smplx_contact_site_provider
227,9.416667,left_foot,foot,left,-1.159711599,0.956812620,3.233537197,gvhmr_incam,1.000000,gvhmr_smplx_contact_site_provider
227,9.416667,right_foot,foot,right,-0.375176907,1.018252492,3.136720657,gvhmr_incam,1.000000,gvhmr_smplx_contact_site_provider
228,9.458333,left_hand,hand,left,-0.550651515,0.063551086,3.245822525,gvhmr_incam,1.000000,gvhmr_smplx_contact_site_provider
228,9.458333,right_hand,hand,right,-0.296642721,0.207019818,2.662307119,gvhmr_incam,1.000000,gvhmr_smplx_contact_site_provider
228,9.458333,left_foot,foot,left,-1.160055161,0.957251132,3.237156153,gvhmr_incam,1.000000,gvhmr_smplx_contact_site_provider
228,9.458333,right_foot,foot,right,-0.374978721,1.019393682,3.140271902,gvhmr_incam,1.000000,gvhmr_smplx_contact_site_provider
229,9.500000,left_hand,hand,left,-0.539806044,0.070443851,3.242702293,gvhmr_incam,1.000000,gvhmr_smplx_contact_site_provider
229,9.500000,right_hand,hand,right,-0.274701458,0.215941089,2.664024067,gvhmr_incam,1.000000,gvhmr_smplx_contact_site_provider
229,9.500000,left_foot,foot,left,-1.154812574,0.956302106,3.234360933,gvhmr_incam,1.000000,gvhmr_smplx_contact_site_provider
229,9.500000,right_foot,foot,right,-0.369499981,1.020029545,3.136155844,gvhmr_incam,1.000000,gvhmr_smplx_contact_site_provider
230,9.541667,left_hand,hand,left,-0.527828687,0.073572922,3.227207804,gvhmr_incam,1.000000,gvhmr_smplx_contact_site_provider
230,9.541667,right_hand,hand,right,-0.226182503,0.213530308,2.665164232,gvhmr_incam,1.000000,gvhmr_smplx_contact_site_provider
230,9.541667,left_foot,foot,left,-1.148563743,0.955726326,3.215217113,gvhmr_incam,1.000000,gvhmr_smplx_contact_site_provider
230,9.541667,right_foot,foot,right,-0.362083435,1.016240835,3.117171526,gvhmr_incam,1.000000,gvhmr_smplx_contact_site_provider
231,9.583333,left_hand,hand,left,-0.535766959,0.069629818,3.230022526,gvhmr_incam,1.000000,gvhmr_smplx_contact_site_provider
231,9.583333,right_hand,hand,right,-0.172057867,0.197245991,2.708854628,gvhmr_incam,1.000000,gvhmr_smplx_contact_site_provider
231,9.583333,left_foot,foot,left,-1.150245905,0.951910257,3.216013670,gvhmr_incam,1.000000,gvhmr_smplx_contact_site_provider
231,9.583333,right_foot,foot,right,-0.363367856,1.014897585,3.116861343,gvhmr_incam,1.000000,gvhmr_smplx_contact_site_provider
232,9.625000,left_hand,hand,left,-0.559565115,0.061839324,3.248718023,gvhmr_incam,1.000000,gvhmr_smplx_contact_site_provider
232,9.625000,right_hand,hand,right,-0.117220020,0.149906087,2.775396299,gvhmr_incam,1.000000,gvhmr_smplx_contact_site_provider
232,9.625000,left_foot,foot,left,-1.159571648,0.947861075,3.231530428,gvhmr_incam,1.000000,gvhmr_smplx_contact_site_provider
232,9.625000,right_foot,foot,right,-0.372472525,1.010872126,3.133644581,gvhmr_incam,1.000000,gvhmr_smplx_contact_site_provider
233,9.666667,left_hand,hand,left,-0.580904424,0.055327719,3.218784332,gvhmr_incam,1.000000,gvhmr_smplx_contact_site_provider
233,9.666667,right_hand,hand,right,-0.054346871,0.092470413,2.823781681,gvhmr_incam,1.000000,gvhmr_smplx_contact_site_provider
233,9.666667,left_foot,foot,left,-1.153278708,0.946660995,3.196351767,gvhmr_incam,1.000000,gvhmr_smplx_contact_site_provider
233,9.666667,right_foot,foot,right,-0.365863502,1.012544513,3.097665787,gvhmr_incam,1.000000,gvhmr_smplx_contact_site_provider
234,9.708333,left_hand,hand,left,-0.611472380,0.047250116,3.200680256,gvhmr_incam,1.000000,gvhmr_smplx_contact_site_provider
234,9.708333,right_hand,hand,right,-0.021568918,0.020646840,2.893840313,gvhmr_incam,1.000000,gvhmr_smplx_contact_site_provider
234,9.708333,left_foot,foot,left,-1.151667595,0.944470048,3.169124842,gvhmr_incam,1.000000,gvhmr_smplx_contact_site_provider
234,9.708333,right_foot,foot,right,-0.364215732,1.013684988,3.069121122,gvhmr_incam,1.000000,gvhmr_smplx_contact_site_provider
235,9.750000,left_hand,hand,left,-0.646130216,0.038262987,3.203841496,gvhmr_incam,1.000000,gvhmr_smplx_contact_site_provider
235,9.750000,right_hand,hand,right,-0.015987599,-0.060639846,2.987964153,gvhmr_incam,1.000000,gvhmr_smplx_contact_site_provider
235,9.750000,left_foot,foot,left,-1.151979327,0.946495116,3.161772490,gvhmr_incam,1.000000,gvhmr_smplx_contact_site_provider
235,9.750000,right_foot,foot,right,-0.363843679,1.013656855,3.061579704,gvhmr_incam,1.000000,gvhmr_smplx_contact_site_provider
236,9.791667,left_hand,hand,left,-0.680891836,0.029029262,3.205069685,gvhmr_incam,1.000000,gvhmr_smplx_contact_site_provider
236,9.791667,right_hand,hand,right,-0.033295846,-0.136024499,3.061926365,gvhmr_incam,1.000000,gvhmr_smplx_contact_site_provider
236,9.791667,left_foot,foot,left,-1.154232979,0.947882831,3.157626390,gvhmr_incam,1.000000,gvhmr_smplx_contact_site_provider
236,9.791667,right_foot,foot,right,-0.365741670,1.011910200,3.056328297,gvhmr_incam,1.000000,gvhmr_smplx_contact_site_provider
237,9.833333,left_hand,hand,left,-0.719883013,0.028680384,3.208949804,gvhmr_incam,1.000000,gvhmr_smplx_contact_site_provider
237,9.833333,right_hand,hand,right,-0.060729420,-0.193909365,3.124242544,gvhmr_incam,1.000000,gvhmr_smplx_contact_site_provider
237,9.833333,left_foot,foot,left,-1.159321547,0.949321270,3.157010078,gvhmr_incam,1.000000,gvhmr_smplx_contact_site_provider
237,9.833333,right_foot,foot,right,-0.370489061,1.012639999,3.056216955,gvhmr_incam,1.000000,gvhmr_smplx_contact_site_provider
238,9.875000,left_hand,hand,left,-0.754311693,0.032091212,3.212334824,gvhmr_incam,1.000000,gvhmr_smplx_contact_site_provider
238,9.875000,right_hand,hand,right,-0.093927145,-0.240344614,3.172247934,gvhmr_incam,1.000000,gvhmr_smplx_contact_site_provider
238,9.875000,left_foot,foot,left,-1.163537383,0.951964378,3.156488180,gvhmr_incam,1.000000,gvhmr_smplx_contact_site_provider
238,9.875000,right_foot,foot,right,-0.374215066,1.012922525,3.056389332,gvhmr_incam,1.000000,gvhmr_smplx_contact_site_provider
239,9.916667,left_hand,hand,left,-0.787026751,0.036927593,3.223526525,gvhmr_incam,1.000000,gvhmr_smplx_contact_site_provider
239,9.916667,right_hand,hand,right,-0.129061496,-0.273511624,3.218246078,gvhmr_incam,1.000000,gvhmr_smplx_contact_site_provider
239,9.916667,left_foot,foot,left,-1.169498205,0.952570558,3.169561386,gvhmr_incam,1.000000,gvhmr_smplx_contact_site_provider
239,9.916667,right_foot,foot,right,-0.379910946,1.011943817,3.069175005,gvhmr_incam,1.000000,gvhmr_smplx_contact_site_provider
240,9.958333,left_hand,hand,left,-0.812944853,0.045310819,3.235775185,gvhmr_incam,1.000000,gvhmr_smplx_contact_site_provider
240,9.958333,right_hand,hand,right,-0.156705511,-0.287871814,3.256799030,gvhmr_incam,1.000000,gvhmr_smplx_contact_site_provider
240,9.958333,left_foot,foot,left,-1.174973607,0.955844879,3.185785294,gvhmr_incam,1.000000,gvhmr_smplx_contact_site_provider
240,9.958333,right_foot,foot,right,-0.385202229,1.012591124,3.084403276,gvhmr_incam,1.000000,gvhmr_smplx_contact_site_provider
