# https://github.com/mikedh/trimesh
v -0.04000000 0.04100000 0.00000000 0.86666667 0.80000000 0.67843137
v -0.04000000 -0.04800000 0.00000000 0.86666667 0.80000000 0.67843137
v -0.03400000 0.04100000 0.00000000 0.86666667 0.80000000 0.67843137
v -0.03400000 -0.04800000 0.00000000 0.86666667 0.80000000 0.67843137
v -0.03991400 0.04100000 0.00261600 0.86666667 0.80000000 0.67843137
v -0.03991400 -0.04800000 0.00261600 0.86666667 0.80000000 0.67843137
v -0.03392700 0.04100000 0.00222400 0.86666667 0.80000000 0.67843137
v -0.03392700 -0.04800000 0.00222400 0.86666667 0.80000000 0.67843137
v -0.03965800 0.04100000 0.00522100 0.86666667 0.80000000 0.67843137
v -0.03965800 -0.04800000 0.00522100 0.86666667 0.80000000 0.67843137
v -0.03370900 0.04100000 0.00443800 0.86666667 0.80000000 0.67843137
v -0.03370900 -0.04800000 0.00443800 0.86666667 0.80000000 0.67843137
v -0.03923100 0.04100000 0.00780400 0.86666667 0.80000000 0.67843137
v -0.03923100 -0.04800000 0.00780400 0.86666667 0.80000000 0.67843137
v -0.03334700 0.04100000 0.00663300 0.86666667 0.80000000 0.67843137
v -0.03334700 -0.04800000 0.00663300 0.86666667 0.80000000 0.67843137
v -0.03863700 0.04100000 0.01035300 0.86666667 0.80000000 0.67843137
v -0.03863700 -0.04800000 0.01035300 0.86666667 0.80000000 0.67843137
v -0.03284100 0.04100000 0.00880000 0.86666667 0.80000000 0.67843137
v -0.03284100 -0.04800000 0.00880000 0.86666667 0.80000000 0.67843137
v -0.03787700 0.04100000 0.01285800 0.86666667 0.80000000 0.67843137
v -0.03787700 -0.04800000 0.01285800 0.86666667 0.80000000 0.67843137
v -0.03219600 0.04100000 0.01092900 0.86666667 0.80000000 0.67843137
v -0.03219600 -0.04800000 0.01092900 0.86666667 0.80000000 0.67843137
v -0.03695500 0.04100000 0.01530700 0.86666667 0.80000000 0.67843137
v -0.03695500 -0.04800000 0.01530700 0.86666667 0.80000000 0.67843137
v -0.03141200 0.04100000 0.01301100 0.86666667 0.80000000 0.67843137
v -0.03141200 -0.04800000 0.01301100 0.86666667 0.80000000 0.67843137
v -0.03587500 0.04100000 0.01769200 0.86666667 0.80000000 0.67843137
v -0.03587500 -0.04800000 0.01769200 0.86666667 0.80000000 0.67843137
v -0.03049400 0.04100000 0.01503800 0.86666667 0.80000000 0.67843137
v -0.03049400 -0.04800000 0.01503800 0.86666667 0.80000000 0.67843137
v -0.03464100 0.04100000 0.02000000 0.86666667 0.80000000 0.67843137
v -0.03464100 -0.04800000 0.02000000 0.86666667 0.80000000 0.67843137
v -0.02944500 0.04100000 0.01700000 0.86666667 0.80000000 0.67843137
v -0.02944500 -0.04800000 0.01700000 0.86666667 0.80000000 0.67843137
v -0.03325900 0.04100000 0.02222300 0.86666667 0.80000000 0.67843137
v -0.03325900 -0.04800000 0.02222300 0.86666667 0.80000000 0.67843137
v -0.02827000 0.04100000 0.01888900 0.86666667 0.80000000 0.67843137
v -0.02827000 -0.04800000 0.01888900 0.86666667 0.80000000 0.67843137
v -0.03173400 0.04100000 0.02435000 0.86666667 0.80000000 0.67843137
v -0.03173400 -0.04800000 0.02435000 0.86666667 0.80000000 0.67843137
v -0.02697400 0.04100000 0.02069800 0.86666667 0.80000000 0.67843137
v -0.02697400 -0.04800000 0.02069800 0.86666667 0.80000000 0.67843137
v -0.03007400 0.04100000 0.02637400 0.86666667 0.80000000 0.67843137
v -0.03007400 -0.04800000 0.02637400 0.86666667 0.80000000 0.67843137
v -0.02556300 0.04100000 0.02241800 0.86666667 0.80000000 0.67843137
v -0.02556300 -0.04800000 0.02241800 0.86666667 0.80000000 0.67843137
v -0.02828400 0.04100000 0.02828400 0.86666667 0.80000000 0.67843137
v -0.02828400 -0.04800000 0.02828400 0.86666667 0.80000000 0.67843137
v -0.02404200 0.04100000 0.02404200 0.86666667 0.80000000 0.67843137
v -0.02404200 -0.04800000 0.02404200 0.86666667 0.80000000 0.67843137
v -0.02637400 0.04100000 0.03007400 0.86666667 0.80000000 0.67843137
v -0.02637400 -0.04800000 0.03007400 0.86666667 0.80000000 0.67843137
v -0.02241800 0.04100000 0.02556300 0.86666667 0.80000000 0.67843137
v -0.02241800 -0.04800000 0.02556300 0.86666667 0.80000000 0.67843137
v -0.02435000 0.04100000 0.03173400 0.86666667 0.80000000 0.67843137
v -0.02435000 -0.04800000 0.03173400 0.86666667 0.80000000 0.67843137
v -0.02069800 0.04100000 0.02697400 0.86666667 0.80000000 0.67843137
v -0.02069800 -0.04800000 0.02697400 0.86666667 0.80000000 0.67843137
v -0.02222300 0.04100000 0.03325900 0.86666667 0.80000000 0.67843137
v -0.02222300 -0.04800000 0.03325900 0.86666667 0.80000000 0.67843137
v -0.01888900 0.04100000 0.02827000 0.86666667 0.80000000 0.67843137
v -0.01888900 -0.04800000 0.02827000 0.86666667 0.80000000 0.67843137
v -0.02000000 0.04100000 0.03464100 0.86666667 0.80000000 0.67843137
v -0.02000000 -0.04800000 0.03464100 0.86666667 0.80000000 0.67843137
v -0.01700000 0.04100000 0.02944500 0.86666667 0.80000000 0.67843137
v -0.01700000 -0.04800000 0.02944500 0.86666667 0.80000000 0.67843137
v -0.01769200 0.04100000 0.03587500 0.86666667 0.80000000 0.67843137
v -0.01769200 -0.04800000 0.03587500 0.86666667 0.80000000 0.67843137
v -0.01503800 0.04100000 0.03049400 0.86666667 0.80000000 0.67843137
v -0.01503800 -0.04800000 0.03049400 0.86666667 0.80000000 0.67843137
v -0.01530700 0.04100000 0.03695500 0.86666667 0.80000000 0.67843137
v -0.01530700 -0.04800000 0.03695500 0.86666667 0.80000000 0.67843137
v -0.01301100 0.04100000 0.03141200 0.86666667 0.80000000 0.67843137
v -0.01301100 -0.04800000 0.03141200 0.86666667 0.80000000 0.67843137
v -0.01285800 0.04100000 0.03787700 0.86666667 0.80000000 0.67843137
v -0.01285800 -0.04800000 0.03787700 0.86666667 0.80000000 0.67843137
v -0.01092900 0.04100000 0.03219600 0.86666667 0.80000000 0.67843137
v -0.01092900 -0.04800000 0.03219600 0.86666667 0.80000000 0.67843137
v -0.01035300 0.04100000 0.03863700 0.86666667 0.80000000 0.67843137
v -0.01035300 -0.04800000 0.03863700 0.86666667 0.80000000 0.67843137
v -0.00880000 0.04100000 0.03284100 0.86666667 0.80000000 0.67843137
v -0.00880000 -0.04800000 0.03284100 0.86666667 0.80000000 0.67843137
v -0.00780400 0.04100000 0.03923100 0.86666667 0.80000000 0.67843137
v -0.00780400 -0.04800000 0.03923100 0.86666667 0.80000000 0.67843137
v -0.00663300 0.04100000 0.03334700 0.86666667 0.80000000 0.67843137
v -0.00663300 -0.04800000 0.03334700 0.86666667 0.80000000 0.67843137
v -0.00522100 0.04100000 0.03965800 0.86666667 0.80000000 0.67843137
v -0.00522100 -0.04800000 0.03965800 0.86666667 0.80000000 0.67843137
v -0.00443800 0.04100000 0.03370900 0.86666667 0.80000000 0.67843137
v -0.00443800 -0.04800000 0.03370900 0.86666667 0.80000000 0.67843137
v -0.00261600 0.04100000 0.03991400 0.86666667 0.80000000 0.67843137
v -0.00261600 -0.04800000 0.03991400 0.86666667 0.80000000 0.67843137
v -0.00222400 0.04100000 0.03392700 0.86666667 0.80000000 0.67843137
v -0.00222400 -0.04800000 0.03392700 0.86666667 0.80000000 0.67843137
v -0.00000000 0.04100000 0.04000000 0.86666667 0.80000000 0.67843137
v -0.00000000 -0.04800000 0.04000000 0.86666667 0.80000000 0.67843137
v -0.00000000 0.04100000 0.03400000 0.86666667 0.80000000 0.67843137
v -0.00000000 -0.04800000 0.03400000 0.86666667 0.80000000 0.67843137
v 0.00261600 0.04100000 0.03991400 0.86666667 0.80000000 0.67843137
v 0.00261600 -0.04800000 0.03991400 0.86666667 0.80000000 0.67843137
v 0.00222400 0.04100000 0.03392700 0.86666667 0.80000000 0.67843137
v 0.00222400 -0.04800000 0.03392700 0.86666667 0.80000000 0.67843137
v 0.00522100 0.04100000 0.03965800 0.86666667 0.80000000 0.67843137
v 0.00522100 -0.04800000 0.03965800 0.86666667 0.80000000 0.67843137
v 0.00443800 0.04100000 0.03370900 0.86666667 0.80000000 0.67843137
v 0.00443800 -0.04800000 0.03370900 0.86666667 0.80000000 0.67843137
v 0.00780400 0.04100000 0.03923100 0.86666667 0.80000000 0.67843137
v 0.00780400 -0.04800000 0.03923100 0.86666667 0.80000000 0.67843137
v 0.00663300 0.04100000 0.03334700 0.86666667 0.80000000 0.67843137
v 0.00663300 -0.04800000 0.03334700 0.86666667 0.80000000 0.67843137
v 0.01035300 0.04100000 0.03863700 0.86666667 0.80000000 0.67843137
v 0.01035300 -0.04800000 0.03863700 0.86666667 0.80000000 0.67843137
v 0.00880000 0.04100000 0.03284100 0.86666667 0.80000000 0.67843137
v 0.00880000 -0.04800000 0.03284100 0.86666667 0.80000000 0.67843137
v 0.01285800 0.04100000 0.03787700 0.86666667 0.80000000 0.67843137
v 0.01285800 -0.04800000 0.03787700 0.86666667 0.80000000 0.67843137
v 0.01092900 0.04100000 0.03219600 0.86666667 0.80000000 0.67843137
v 0.01092900 -0.04800000 0.03219600 0.86666667 0.80000000 0.67843137
v 0.01530700 0.04100000 0.03695500 0.86666667 0.80000000 0.67843137
v 0.01530700 -0.04800000 0.03695500 0.86666667 0.80000000 0.67843137
v 0.01301100 0.04100000 0.03141200 0.86666667 0.80000000 0.67843137
v 0.01301100 -0.04800000 0.03141200 0.86666667 0.80000000 0.67843137
v 0.01769200 0.04100000 0.03587500 0.86666667 0.80000000 0.67843137
v 0.01769200 -0.04800000 0.03587500 0.86666667 0.80000000 0.67843137
v 0.01503800 0.04100000 0.03049400 0.86666667 0.80000000 0.67843137
v 0.01503800 -0.04800000 0.03049400 0.86666667 0.80000000 0.67843137
v 0.02000000 0.04100000 0.03464100 0.86666667 0.80000000 0.67843137
v 0.02000000 -0.04800000 0.03464100 0.86666667 0.80000000 0.67843137
v 0.01700000 0.04100000 0.02944500 0.86666667 0.80000000 0.67843137
v 0.01700000 -0.04800000 0.02944500 0.86666667 0.80000000 0.67843137
v 0.02222300 0.04100000 0.03325900 0.86666667 0.80000000 0.67843137
v 0.02222300 -0.04800000 0.03325900 0.86666667 0.80000000 0.67843137
v 0.01888900 0.04100000 0.02827000 0.86666667 0.80000000 0.67843137
v 0.01888900 -0.04800000 0.02827000 0.86666667 0.80000000 0.67843137
v 0.02435000 0.04100000 0.03173400 0.86666667 0.80000000 0.67843137
v 0.02435000 -0.04800000 0.03173400 0.86666667 0.80000000 0.67843137
v 0.02069800 0.04100000 0.02697400 0.86666667 0.80000000 0.67843137
v 0.02069800 -0.04800000 0.02697400 0.86666667 0.80000000 0.67843137
v 0.02637400 0.04100000 0.03007400 0.86666667 0.80000000 0.67843137
v 0.02637400 -0.04800000 0.03007400 0.86666667 0.80000000 0.67843137
v 0.02241800 0.04100000 0.02556300 0.86666667 0.80000000 0.67843137
v 0.02241800 -0.04800000 0.02556300 0.86666667 0.80000000 0.67843137
v 0.02828400 0.04100000 0.02828400 0.86666667 0.80000000 0.67843137
v 0.02828400 -0.04800000 0.02828400 0.86666667 0.80000000 0.67843137
v 0.02404200 0.04100000 0.02404200 0.86666667 0.80000000 0.67843137
v 0.02404200 -0.04800000 0.02404200 0.86666667 0.80000000 0.67843137
v 0.03007400 0.04100000 0.02637400 0.86666667 0.80000000 0.67843137
v 0.03007400 -0.04800000 0.02637400 0.86666667 0.80000000 0.67843137
v 0.02556300 0.04100000 0.02241800 0.86666667 0.80000000 0.67843137
v 0.02556300 -0.04800000 0.02241800 0.86666667 0.80000000 0.67843137
v 0.03173400 0.04100000 0.02435000 0.86666667 0.80000000 0.67843137
v 0.03173400 -0.04800000 0.02435000 0.86666667 0.80000000 0.67843137
v 0.02697400 0.04100000 0.02069800 0.86666667 0.80000000 0.67843137
v 0.02697400 -0.04800000 0.02069800 0.86666667 0.80000000 0.67843137
v 0.03325900 0.04100000 0.02222300 0.86666667 0.80000000 0.67843137
v 0.03325900 -0.04800000 0.02222300 0.86666667 0.80000000 0.67843137
v 0.02827000 0.04100000 0.01888900 0.86666667 0.80000000 0.67843137
v 0.02827000 -0.04800000 0.01888900 0.86666667 0.80000000 0.67843137
v 0.03464100 0.04100000 0.02000000 0.86666667 0.80000000 0.67843137
v 0.03464100 -0.04800000 0.02000000 0.86666667 0.80000000 0.67843137
v 0.02944500 0.04100000 0.01700000 0.86666667 0.80000000 0.67843137
v 0.02944500 -0.04800000 0.01700000 0.86666667 0.80000000 0.67843137
v 0.03587500 0.04100000 0.01769200 0.86666667 0.80000000 0.67843137
v 0.03587500 -0.04800000 0.01769200 0.86666667 0.80000000 0.67843137
v 0.03049400 0.04100000 0.01503800 0.86666667 0.80000000 0.67843137
v 0.03049400 -0.04800000 0.01503800 0.86666667 0.80000000 0.67843137
v 0.03695500 0.04100000 0.01530700 0.86666667 0.80000000 0.67843137
v 0.03695500 -0.04800000 0.01530700 0.86666667 0.80000000 0.67843137
v 0.03141200 0.04100000 0.01301100 0.86666667 0.80000000 0.67843137
v 0.03141200 -0.04800000 0.01301100 0.86666667 0.80000000 0.67843137
v 0.03787700 0.04100000 0.01285800 0.86666667 0.80000000 0.67843137
v 0.03787700 -0.04800000 0.01285800 0.86666667 0.80000000 0.67843137
v 0.03219600 0.04100000 0.01092900 0.86666667 0.80000000 0.67843137
v 0.03219600 -0.04800000 0.01092900 0.86666667 0.80000000 0.67843137
v 0.03863700 0.04100000 0.01035300 0.86666667 0.80000000 0.67843137
v 0.03863700 -0.04800000 0.01035300 0.86666667 0.80000000 0.67843137
v 0.03284100 0.04100000 0.00880000 0.86666667 0.80000000 0.67843137
v 0.03284100 -0.04800000 0.00880000 0.86666667 0.80000000 0.67843137
v 0.03923100 0.04100000 0.00780400 0.86666667 0.80000000 0.67843137
v 0.03923100 -0.04800000 0.00780400 0.86666667 0.80000000 0.67843137
v 0.03334700 0.04100000 0.00663300 0.86666667 0.80000000 0.67843137
v 0.03334700 -0.04800000 0.00663300 0.86666667 0.80000000 0.67843137
v 0.03965800 0.04100000 0.00522100 0.86666667 0.80000000 0.67843137
v 0.03965800 -0.04800000 0.00522100 0.86666667 0.80000000 0.67843137
v 0.03370900 0.04100000 0.00443800 0.86666667 0.80000000 0.67843137
v 0.03370900 -0.04800000 0.00443800 0.86666667 0.80000000 0.67843137
v 0.03991400 0.04100000 0.00261600 0.86666667 0.80000000 0.67843137
v 0.03991400 -0.04800000 0.00261600 0.86666667 0.80000000 0.67843137
v 0.03392700 0.04100000 0.00222400 0.86666667 0.80000000 0.67843137
v 0.03392700 -0.04800000 0.00222400 0.86666667 0.80000000 0.67843137
v 0.04000000 0.04100000 0.00000000 0.86666667 0.80000000 0.67843137
v 0.04000000 -0.04800000 0.00000000 0.86666667 0.80000000 0.67843137
v 0.03400000 0.04100000 0.00000000 0.86666667 0.80000000 0.67843137
v 0.03400000 -0.04800000 0.00000000 0.86666667 0.80000000 0.67843137
v 0.03991400 0.04100000 -0.00261600 0.86666667 0.80000000 0.67843137
v 0.03991400 -0.04800000 -0.00261600 0.86666667 0.80000000 0.67843137
v 0.03392700 0.04100000 -0.00222400 0.86666667 0.80000000 0.67843137
v 0.03392700 -0.04800000 -0.00222400 0.86666667 0.80000000 0.67843137
v 0.03965800 0.04100000 -0.00522100 0.86666667 0.80000000 0.67843137
v 0.03965800 -0.04800000 -0.00522100 0.86666667 0.80000000 0.67843137
v 0.03370900 0.04100000 -0.00443800 0.86666667 0.80000000 0.67843137
v 0.03370900 -0.04800000 -0.00443800 0.86666667 0.80000000 0.67843137
v 0.03923100 0.04100000 -0.00780400 0.86666667 0.80000000 0.67843137
v 0.03923100 -0.04800000 -0.00780400 0.86666667 0.80000000 0.67843137
v 0.03334700 0.04100000 -0.00663300 0.86666667 0.80000000 0.67843137
v 0.03334700 -0.04800000 -0.00663300 0.86666667 0.80000000 0.67843137
v 0.03863700 0.04100000 -0.01035300 0.86666667 0.80000000 0.67843137
v 0.03863700 -0.04800000 -0.01035300 0.86666667 0.80000000 0.67843137
v 0.03284100 0.04100000 -0.00880000 0.86666667 0.80000000 0.67843137
v 0.03284100 -0.04800000 -0.00880000 0.86666667 0.80000000 0.67843137
v 0.03787700 0.04100000 -0.01285800 0.86666667 0.80000000 0.67843137
v 0.03787700 -0.04800000 -0.01285800 0.86666667 0.80000000 0.67843137
v 0.03219600 0.04100000 -0.01092900 0.86666667 0.80000000 0.67843137
v 0.03219600 -0.04800000 -0.01092900 0.86666667 0.80000000 0.67843137
v 0.03695500 0.04100000 -0.01530700 0.86666667 0.80000000 0.67843137
v 0.03695500 -0.04800000 -0.01530700 0.86666667 0.80000000 0.67843137
v 0.03141200 0.04100000 -0.01301100 0.86666667 0.80000000 0.67843137
v 0.03141200 -0.04800000 -0.01301100 0.86666667 0.80000000 0.67843137
v 0.03587500 0.04100000 -0.01769200 0.86666667 0.80000000 0.67843137
v 0.03587500 -0.04800000 -0.01769200 0.86666667 0.80000000 0.67843137
v 0.03049400 0.04100000 -0.01503800 0.86666667 0.80000000 0.67843137
v 0.03049400 -0.04800000 -0.01503800 0.86666667 0.80000000 0.67843137
v 0.03464100 0.04100000 -0.02000000 0.86666667 0.80000000 0.67843137
v 0.03464100 -0.04800000 -0.02000000 0.86666667 0.80000000 0.67843137
v 0.02944500 0.04100000 -0.01700000 0.86666667 0.80000000 0.67843137
v 0.02944500 -0.04800000 -0.01700000 0.86666667 0.80000000 0.67843137
v 0.03325900 0.04100000 -0.02222300 0.86666667 0.80000000 0.67843137
v 0.03325900 -0.04800000 -0.02222300 0.86666667 0.80000000 0.67843137
v 0.02827000 0.04100000 -0.01888900 0.86666667 0.80000000 0.67843137
v 0.02827000 -0.04800000 -0.01888900 0.86666667 0.80000000 0.67843137
v 0.03173400 0.04100000 -0.02435000 0.86666667 0.80000000 0.67843137
v 0.03173400 -0.04800000 -0.02435000 0.86666667 0.80000000 0.67843137
v 0.02697400 0.04100000 -0.02069800 0.86666667 0.80000000 0.67843137
v 0.02697400 -0.04800000 -0.02069800 0.86666667 0.80000000 0.67843137
v 0.03007400 0.04100000 -0.02637400 0.86666667 0.80000000 0.67843137
v 0.03007400 -0.04800000 -0.02637400 0.86666667 0.80000000 0.67843137
v 0.02556300 0.04100000 -0.02241800 0.86666667 0.80000000 0.67843137
v 0.02556300 -0.04800000 -0.02241800 0.86666667 0.80000000 0.67843137
v 0.02828400 0.04100000 -0.02828400 0.86666667 0.80000000 0.67843137
v 0.02828400 -0.04800000 -0.02828400 0.86666667 0.80000000 0.67843137
v 0.02404200 0.04100000 -0.02404200 0.86666667 0.80000000 0.67843137
v 0.02404200 -0.04800000 -0.02404200 0.86666667 0.80000000 0.67843137
v 0.02637400 0.04100000 -0.03007400 0.86666667 0.80000000 0.67843137
v 0.02637400 -0.04800000 -0.03007400 0.86666667 0.80000000 0.67843137
v 0.02241800 0.04100000 -0.02556300 0.86666667 0.80000000 0.67843137
v 0.02241800 -0.04800000 -0.02556300 0.86666667 0.80000000 0.67843137
v 0.02435000 0.04100000 -0.03173400 0.86666667 0.80000000 0.67843137
v 0.02435000 -0.04800000 -0.03173400 0.86666667 0.80000000 0.67843137
v 0.02069800 0.04100000 -0.02697400 0.86666667 0.80000000 0.67843137
v 0.02069800 -0.04800000 -0.02697400 0.86666667 0.80000000 0.67843137
v 0.02222300 0.04100000 -0.03325900 0.86666667 0.80000000 0.67843137
v 0.02222300 -0.04800000 -0.03325900 0.86666667 0.80000000 0.67843137
v 0.01888900 0.04100000 -0.02827000 0.86666667 0.80000000 0.67843137
v 0.01888900 -0.04800000 -0.02827000 0.86666667 0.80000000 0.67843137
v 0.02000000 0.04100000 -0.03464100 0.86666667 0.80000000 0.67843137
v 0.02000000 -0.04800000 -0.03464100 0.86666667 0.80000000 0.67843137
v 0.01700000 0.04100000 -0.02944500 0.86666667 0.80000000 0.67843137
v 0.01700000 -0.04800000 -0.02944500 0.86666667 0.80000000 0.67843137
v 0.01769200 0.04100000 -0.03587500 0.86666667 0.80000000 0.67843137
v 0.01769200 -0.04800000 -0.03587500 0.86666667 0.80000000 0.67843137
v 0.01503800 0.04100000 -0.03049400 0.86666667 0.80000000 0.67843137
v 0.01503800 -0.04800000 -0.03049400 0.86666667 0.80000000 0.67843137
v 0.01530700 0.04100000 -0.03695500 0.86666667 0.80000000 0.67843137
v 0.01530700 -0.04800000 -0.03695500 0.86666667 0.80000000 0.67843137
v 0.01301100 0.04100000 -0.03141200 0.86666667 0.80000000 0.67843137
v 0.01301100 -0.04800000 -0.03141200 0.86666667 0.80000000 0.67843137
v 0.01285800 0.04100000 -0.03787700 0.86666667 0.80000000 0.67843137
v 0.01285800 -0.04800000 -0.03787700 0.86666667 0.80000000 0.67843137
v 0.01092900 0.04100000 -0.03219600 0.86666667 0.80000000 0.67843137
v 0.01092900 -0.04800000 -0.03219600 0.86666667 0.80000000 0.67843137
v 0.01035300 0.04100000 -0.03863700 0.86666667 0.80000000 0.67843137
v 0.01035300 -0.04800000 -0.03863700 0.86666667 0.80000000 0.67843137
v 0.00880000 0.04100000 -0.03284100 0.86666667 0.80000000 0.67843137
v 0.00880000 -0.04800000 -0.03284100 0.86666667 0.80000000 0.67843137
v 0.00780400 0.04100000 -0.03923100 0.86666667 0.80000000 0.67843137
v 0.00780400 -0.04800000 -0.03923100 0.86666667 0.80000000 0.67843137
v 0.00663300 0.04100000 -0.03334700 0.86666667 0.80000000 0.67843137
v 0.00663300 -0.04800000 -0.03334700 0.86666667 0.80000000 0.67843137
v 0.00522100 0.04100000 -0.03965800 0.86666667 0.80000000 0.67843137
v 0.00522100 -0.04800000 -0.03965800 0.86666667 0.80000000 0.67843137
v 0.00443800 0.04100000 -0.03370900 0.86666667 0.80000000 0.67843137
v 0.00443800 -0.04800000 -0.03370900 0.86666667 0.80000000 0.67843137
v 0.00261600 0.04100000 -0.03991400 0.86666667 0.80000000 0.67843137
v 0.00261600 -0.04800000 -0.03991400 0.86666667 0.80000000 0.67843137
v 0.00222400 0.04100000 -0.03392700 0.86666667 0.80000000 0.67843137
v 0.00222400 -0.04800000 -0.03392700 0.86666667 0.80000000 0.67843137
v -0.00000000 0.04100000 -0.04000000 0.86666667 0.80000000 0.67843137
v -0.00000000 -0.04800000 -0.04000000 0.86666667 0.80000000 0.67843137
v -0.00000000 0.04100000 -0.03400000 0.86666667 0.80000000 0.67843137
v -0.00000000 -0.04800000 -0.03400000 0.86666667 0.80000000 0.67843137
v -0.00261600 0.04100000 -0.03991400 0.86666667 0.80000000 0.67843137
v -0.00261600 -0.04800000 -0.03991400 0.86666667 0.80000000 0.67843137
v -0.00222400 0.04100000 -0.03392700 0.86666667 0.80000000 0.67843137
v -0.00222400 -0.04800000 -0.03392700 0.86666667 0.80000000 0.67843137
v -0.00522100 0.04100000 -0.03965800 0.86666667 0.80000000 0.67843137
v -0.00522100 -0.04800000 -0.03965800 0.86666667 0.80000000 0.67843137
v -0.00443800 0.04100000 -0.03370900 0.86666667 0.80000000 0.67843137
v -0.00443800 -0.04800000 -0.03370900 0.86666667 0.80000000 0.67843137
v -0.00780400 0.04100000 -0.03923100 0.86666667 0.80000000 0.67843137
v -0.00780400 -0.04800000 -0.03923100 0.86666667 0.80000000 0.67843137
v -0.00663300 0.04100000 -0.03334700 0.86666667 0.80000000 0.67843137
v -0.00663300 -0.04800000 -0.03334700 0.86666667 0.80000000 0.67843137
v -0.01035300 0.04100000 -0.03863700 0.86666667 0.80000000 0.67843137
v -0.01035300 -0.04800000 -0.03863700 0.86666667 0.80000000 0.67843137
v -0.00880000 0.04100000 -0.03284100 0.86666667 0.80000000 0.67843137
v -0.00880000 -0.04800000 -0.03284100 0.86666667 0.80000000 0.67843137
v -0.01285800 0.04100000 -0.03787700 0.86666667 0.80000000 0.67843137
v -0.01285800 -0.04800000 -0.03787700 0.86666667 0.80000000 0.67843137
v -0.01092900 0.04100000 -0.03219600 0.86666667 0.80000000 0.67843137
v -0.01092900 -0.04800000 -0.03219600 0.86666667 0.80000000 0.67843137
v -0.01530700 0.04100000 -0.03695500 0.86666667 0.80000000 0.67843137
v -0.01530700 -0.04800000 -0.03695500 0.86666667 0.80000000 0.67843137
v -0.01301100 0.04100000 -0.03141200 0.86666667 0.80000000 0.67843137
v -0.01301100 -0.04800000 -0.03141200 0.86666667 0.80000000 0.67843137
v -0.01769200 0.04100000 -0.03587500 0.86666667 0.80000000 0.67843137
v -0.01769200 -0.04800000 -0.03587500 0.86666667 0.80000000 0.67843137
v -0.01503800 0.04100000 -0.03049400 0.86666667 0.80000000 0.67843137
v -0.01503800 -0.04800000 -0.03049400 0.86666667 0.80000000 0.67843137
v -0.02000000 0.04100000 -0.03464100 0.86666667 0.80000000 0.67843137
v -0.02000000 -0.04800000 -0.03464100 0.86666667 0.80000000 0.67843137
v -0.01700000 0.04100000 -0.02944500 0.86666667 0.80000000 0.67843137
v -0.01700000 -0.04800000 -0.02944500 0.86666667 0.80000000 0.67843137
v -0.02222300 0.04100000 -0.03325900 0.86666667 0.80000000 0.67843137
v -0.02222300 -0.04800000 -0.03325900 0.86666667 0.80000000 0.67843137
v -0.01888900 0.04100000 -0.02827000 0.86666667 0.80000000 0.67843137
v -0.01888900 -0.04800000 -0.02827000 0.86666667 0.80000000 0.67843137
v -0.02435000 0.04100000 -0.03173400 0.86666667 0.80000000 0.67843137
v -0.02435000 -0.04800000 -0.03173400 0.86666667 0.80000000 0.67843137
v -0.02069800 0.04100000 -0.02697400 0.86666667 0.80000000 0.67843137
v -0.02069800 -0.04800000 -0.02697400 0.86666667 0.80000000 0.67843137
v -0.02637400 0.04100000 -0.03007400 0.86666667 0.80000000 0.67843137
v -0.02637400 -0.04800000 -0.03007400 0.86666667 0.80000000 0.67843137
v -0.02241800 0.04100000 -0.02556300 0.86666667 0.80000000 0.67843137
v -0.02241800 -0.04800000 -0.02556300 0.86666667 0.80000000 0.67843137
v -0.02828400 0.04100000 -0.02828400 0.86666667 0.80000000 0.67843137
v -0.02828400 -0.04800000 -0.02828400 0.86666667 0.80000000 0.67843137
v -0.02404200 0.04100000 -0.02404200 0.86666667 0.80000000 0.67843137
v -0.02404200 -0.04800000 -0.02404200 0.86666667 0.80000000 0.67843137
v -0.03007400 0.04100000 -0.02637400 0.86666667 0.80000000 0.67843137
v -0.03007400 -0.04800000 -0.02637400 0.86666667 0.80000000 0.67843137
v -0.02556300 0.04100000 -0.02241800 0.86666667 0.80000000 0.67843137
v -0.02556300 -0.04800000 -0.02241800 0.86666667 0.80000000 0.67843137
v -0.03173400 0.04100000 -0.02435000 0.86666667 0.80000000 0.67843137
v -0.03173400 -0.04800000 -0.02435000 0.86666667 0.80000000 0.67843137
v -0.02697400 0.04100000 -0.02069800 0.86666667 0.80000000 0.67843137
v -0.02697400 -0.04800000 -0.02069800 0.86666667 0.80000000 0.67843137
v -0.03325900 0.04100000 -0.02222300 0.86666667 0.80000000 0.67843137
v -0.03325900 -0.04800000 -0.02222300 0.86666667 0.80000000 0.67843137
v -0.02827000 0.04100000 -0.01888900 0.86666667 0.80000000 0.67843137
v -0.02827000 -0.04800000 -0.01888900 0.86666667 0.80000000 0.67843137
v -0.03464100 0.04100000 -0.02000000 0.86666667 0.80000000 0.67843137
v -0.03464100 -0.04800000 -0.02000000 0.86666667 0.80000000 0.67843137
v -0.02944500 0.04100000 -0.01700000 0.86666667 0.80000000 0.67843137
v -0.02944500 -0.04800000 -0.01700000 0.86666667 0.80000000 0.67843137
v -0.03587500 0.04100000 -0.01769200 0.86666667 0.80000000 0.67843137
v -0.03587500 -0.04800000 -0.01769200 0.86666667 0.80000000 0.67843137
v -0.03049400 0.04100000 -0.01503800 0.86666667 0.80000000 0.67843137
v -0.03049400 -0.04800000 -0.01503800 0.86666667 0.80000000 0.67843137
v -0.03695500 0.04100000 -0.01530700 0.86666667 0.80000000 0.67843137
v -0.03695500 -0.04800000 -0.01530700 0.86666667 0.80000000 0.67843137
v -0.03141200 0.04100000 -0.01301100 0.86666667 0.80000000 0.67843137
v -0.03141200 -0.04800000 -0.01301100 0.86666667 0.80000000 0.67843137
v -0.03787700 0.04100000 -0.01285800 0.86666667 0.80000000 0.67843137
v -0.03787700 -0.04800000 -0.01285800 0.86666667 0.80000000 0.67843137
v -0.03219600 0.04100000 -0.01092900 0.86666667 0.80000000 0.67843137
v -0.03219600 -0.04800000 -0.01092900 0.86666667 0.80000000 0.67843137
v -0.03863700 0.04100000 -0.01035300 0.86666667 0.80000000 0.67843137
v -0.03863700 -0.04800000 -0.01035300 0.86666667 0.80000000 0.67843137
v -0.03284100 0.04100000 -0.00880000 0.86666667 0.80000000 0.67843137
v -0.03284100 -0.04800000 -0.00880000 0.86666667 0.80000000 0.67843137
v -0.03923100 0.04100000 -0.00780400 0.86666667 0.80000000 0.67843137
v -0.03923100 -0.04800000 -0.00780400 0.86666667 0.80000000 0.67843137
v -0.03334700 0.04100000 -0.00663300 0.86666667 0.80000000 0.67843137
v -0.03334700 -0.04800000 -0.00663300 0.86666667 0.80000000 0.67843137
v -0.03965800 0.04100000 -0.00522100 0.86666667 0.80000000 0.67843137
v -0.03965800 -0.04800000 -0.00522100 0.86666667 0.80000000 0.67843137
v -0.03370900 0.04100000 -0.00443800 0.86666667 0.80000000 0.67843137
v -0.03370900 -0.04800000 -0.00443800 0.86666667 0.80000000 0.67843137
v -0.03991400 0.04100000 -0.00261600 0.86666667 0.80000000 0.67843137
v -0.03991400 -0.04800000 -0.00261600 0.86666667 0.80000000 0.67843137
v -0.03392700 0.04100000 -0.00222400 0.86666667 0.80000000 0.67843137
v -0.03392700 -0.04800000 -0.00222400 0.86666667 0.80000000 0.67843137
v -0.04000000 -0.05100000 0.00000000 0.77647059 0.71764706 0.60784314
v -0.03758800 -0.05100000 0.01368100 0.77647059 0.71764706 0.60784314
v -0.03064200 -0.05100000 0.02571200 0.77647059 0.71764706 0.60784314
v -0.02000000 -0.05100000 0.03464100 0.77647059 0.71764706 0.60784314
v -0.00694600 -0.05100000 0.03939200 0.77647059 0.71764706 0.60784314
v 0.00694600 -0.05100000 0.03939200 0.77647059 0.71764706 0.60784314
v 0.02000000 -0.05100000 0.03464100 0.77647059 0.71764706 0.60784314
v 0.03064200 -0.05100000 0.02571200 0.77647059 0.71764706 0.60784314
v 0.03758800 -0.05100000 0.01368100 0.77647059 0.71764706 0.60784314
v 0.04000000 -0.05100000 0.00000000 0.77647059 0.71764706 0.60784314
v 0.03758800 -0.05100000 -0.01368100 0.77647059 0.71764706 0.60784314
v 0.03064200 -0.05100000 -0.02571200 0.77647059 0.71764706 0.60784314
v 0.02000000 -0.05100000 -0.03464100 0.77647059 0.71764706 0.60784314
v 0.00694600 -0.05100000 -0.03939200 0.77647059 0.71764706 0.60784314
v -0.00694600 -0.05100000 -0.03939200 0.77647059 0.71764706 0.60784314
v -0.02000000 -0.05100000 -0.03464100 0.77647059 0.71764706 0.60784314
v -0.03064200 -0.05100000 -0.02571200 0.77647059 0.71764706 0.60784314
v -0.03758800 -0.05100000 -0.01368100 0.77647059 0.71764706 0.60784314
v -0.04000000 -0.05100000 0.00000000 0.77647059 0.71764706 0.60784314
v -0.03999400 -0.05119600 0.00000000 0.77647059 0.71764706 0.60784314
v -0.03758200 -0.05119600 0.01367900 0.77647059 0.71764706 0.60784314
v -0.03063700 -0.05119600 0.02570700 0.77647059 0.71764706 0.60784314
v -0.01999700 -0.05119600 0.03463500 0.77647059 0.71764706 0.60784314
v -0.00694500 -0.05119600 0.03938600 0.77647059 0.71764706 0.60784314
v 0.00694500 -0.05119600 0.03938600 0.77647059 0.71764706 0.60784314
v 0.01999700 -0.05119600 0.03463500 0.77647059 0.71764706 0.60784314
v 0.03063700 -0.05119600 0.02570700 0.77647059 0.71764706 0.60784314
v 0.03758200 -0.05119600 0.01367900 0.77647059 0.71764706 0.60784314
v 0.03999400 -0.05119600 0.00000000 0.77647059 0.71764706 0.60784314
v 0.03758200 -0.05119600 -0.01367900 0.77647059 0.71764706 0.60784314
v 0.03063700 -0.05119600 -0.02570700 0.77647059 0.71764706 0.60784314
v 0.01999700 -0.05119600 -0.03463500 0.77647059 0.71764706 0.60784314
v 0.00694500 -0.05119600 -0.03938600 0.77647059 0.71764706 0.60784314
v -0.00694500 -0.05119600 -0.03938600 0.77647059 0.71764706 0.60784314
v -0.01999700 -0.05119600 -0.03463500 0.77647059 0.71764706 0.60784314
v -0.03063700 -0.05119600 -0.02570700 0.77647059 0.71764706 0.60784314
v -0.03758200 -0.05119600 -0.01367900 0.77647059 0.71764706 0.60784314
v -0.03999400 -0.05119600 0.00000000 0.77647059 0.71764706 0.60784314
v -0.03997400 -0.05139200 0.00000000 0.77647059 0.71764706 0.60784314
v -0.03756400 -0.05139200 0.01367200 0.77647059 0.71764706 0.60784314
v -0.03062200 -0.05139200 0.02569500 0.77647059 0.71764706 0.60784314
v -0.01998700 -0.05139200 0.03461900 0.77647059 0.71764706 0.60784314
v -0.00694100 -0.05139200 0.03936700 0.77647059 0.71764706 0.60784314
v 0.00694100 -0.05139200 0.03936700 0.77647059 0.71764706 0.60784314
v 0.01998700 -0.05139200 0.03461900 0.77647059 0.71764706 0.60784314
v 0.03062200 -0.05139200 0.02569500 0.77647059 0.71764706 0.60784314
v 0.03756400 -0.05139200 0.01367200 0.77647059 0.71764706 0.60784314
v 0.03997400 -0.05139200 0.00000000 0.77647059 0.71764706 0.60784314
v 0.03756400 -0.05139200 -0.01367200 0.77647059 0.71764706 0.60784314
v 0.03062200 -0.05139200 -0.02569500 0.77647059 0.71764706 0.60784314
v 0.01998700 -0.05139200 -0.03461900 0.77647059 0.71764706 0.60784314
v 0.00694100 -0.05139200 -0.03936700 0.77647059 0.71764706 0.60784314
v -0.00694100 -0.05139200 -0.03936700 0.77647059 0.71764706 0.60784314
v -0.01998700 -0.05139200 -0.03461900 0.77647059 0.71764706 0.60784314
v -0.03062200 -0.05139200 -0.02569500 0.77647059 0.71764706 0.60784314
v -0.03756400 -0.05139200 -0.01367200 0.77647059 0.71764706 0.60784314
v -0.03997400 -0.05139200 0.00000000 0.77647059 0.71764706 0.60784314
v -0.03994200 -0.05158500 0.00000000 0.77647059 0.71764706 0.60784314
v -0.03753400 -0.05158500 0.01366100 0.77647059 0.71764706 0.60784314
v -0.03059800 -0.05158500 0.02567400 0.77647059 0.71764706 0.60784314
v -0.01997100 -0.05158500 0.03459100 0.77647059 0.71764706 0.60784314
v -0.00693600 -0.05158500 0.03933600 0.77647059 0.71764706 0.60784314
v 0.00693600 -0.05158500 0.03933600 0.77647059 0.71764706 0.60784314
v 0.01997100 -0.05158500 0.03459100 0.77647059 0.71764706 0.60784314
v 0.03059800 -0.05158500 0.02567400 0.77647059 0.71764706 0.60784314
v 0.03753400 -0.05158500 0.01366100 0.77647059 0.71764706 0.60784314
v 0.03994200 -0.05158500 0.00000000 0.77647059 0.71764706 0.60784314
v 0.03753400 -0.05158500 -0.01366100 0.77647059 0.71764706 0.60784314
v 0.03059800 -0.05158500 -0.02567400 0.77647059 0.71764706 0.60784314
v 0.01997100 -0.05158500 -0.03459100 0.77647059 0.71764706 0.60784314
v 0.00693600 -0.05158500 -0.03933600 0.77647059 0.71764706 0.60784314
v -0.00693600 -0.05158500 -0.03933600 0.77647059 0.71764706 0.60784314
v -0.01997100 -0.05158500 -0.03459100 0.77647059 0.71764706 0.60784314
v -0.03059800 -0.05158500 -0.02567400 0.77647059 0.71764706 0.60784314
v -0.03753400 -0.05158500 -0.01366100 0.77647059 0.71764706 0.60784314
v -0.03994200 -0.05158500 0.00000000 0.77647059 0.71764706 0.60784314
v -0.03989800 -0.05177600 0.00000000 0.77647059 0.71764706 0.60784314
v -0.03749200 -0.05177600 0.01364600 0.77647059 0.71764706 0.60784314
v -0.03056300 -0.05177600 0.02564600 0.77647059 0.71764706 0.60784314
v -0.01994900 -0.05177600 0.03455200 0.77647059 0.71764706 0.60784314
v -0.00692800 -0.05177600 0.03929200 0.77647059 0.71764706 0.60784314
v 0.00692800 -0.05177600 0.03929200 0.77647059 0.71764706 0.60784314
v 0.01994900 -0.05177600 0.03455200 0.77647059 0.71764706 0.60784314
v 0.03056300 -0.05177600 0.02564600 0.77647059 0.71764706 0.60784314
v 0.03749200 -0.05177600 0.01364600 0.77647059 0.71764706 0.60784314
v 0.03989800 -0.05177600 0.00000000 0.77647059 0.71764706 0.60784314
v 0.03749200 -0.05177600 -0.01364600 0.77647059 0.71764706 0.60784314
v 0.03056300 -0.05177600 -0.02564600 0.77647059 0.71764706 0.60784314
v 0.01994900 -0.05177600 -0.03455200 0.77647059 0.71764706 0.60784314
v 0.00692800 -0.05177600 -0.03929200 0.77647059 0.71764706 0.60784314
v -0.00692800 -0.05177600 -0.03929200 0.77647059 0.71764706 0.60784314
v -0.01994900 -0.05177600 -0.03455200 0.77647059 0.71764706 0.60784314
v -0.03056300 -0.05177600 -0.02564600 0.77647059 0.71764706 0.60784314
v -0.03749200 -0.05177600 -0.01364600 0.77647059 0.71764706 0.60784314
v -0.03989800 -0.05177600 0.00000000 0.77647059 0.71764706 0.60784314
v -0.03984100 -0.05196400 0.00000000 0.77647059 0.71764706 0.60784314
v -0.03743800 -0.05196400 0.01362600 0.77647059 0.71764706 0.60784314
v -0.03052000 -0.05196400 0.02560900 0.77647059 0.71764706 0.60784314
v -0.01992000 -0.05196400 0.03450300 0.77647059 0.71764706 0.60784314
v -0.00691800 -0.05196400 0.03923600 0.77647059 0.71764706 0.60784314
v 0.00691800 -0.05196400 0.03923600 0.77647059 0.71764706 0.60784314
v 0.01992000 -0.05196400 0.03450300 0.77647059 0.71764706 0.60784314
v 0.03052000 -0.05196400 0.02560900 0.77647059 0.71764706 0.60784314
v 0.03743800 -0.05196400 0.01362600 0.77647059 0.71764706 0.60784314
v 0.03984100 -0.05196400 0.00000000 0.77647059 0.71764706 0.60784314
v 0.03743800 -0.05196400 -0.01362600 0.77647059 0.71764706 0.60784314
v 0.03052000 -0.05196400 -0.02560900 0.77647059 0.71764706 0.60784314
v 0.01992000 -0.05196400 -0.03450300 0.77647059 0.71764706 0.60784314
v 0.00691800 -0.05196400 -0.03923600 0.77647059 0.71764706 0.60784314
v -0.00691800 -0.05196400 -0.03923600 0.77647059 0.71764706 0.60784314
v -0.01992000 -0.05196400 -0.03450300 0.77647059 0.71764706 0.60784314
v -0.03052000 -0.05196400 -0.02560900 0.77647059 0.71764706 0.60784314
v -0.03743800 -0.05196400 -0.01362600 0.77647059 0.71764706 0.60784314
v -0.03984100 -0.05196400 0.00000000 0.77647059 0.71764706 0.60784314
v -0.03977200 -0.05214800 0.00000000 0.77647059 0.71764706 0.60784314
v -0.03737300 -0.05214800 0.01360300 0.77647059 0.71764706 0.60784314
v -0.03046700 -0.05214800 0.02556500 0.77647059 0.71764706 0.60784314
v -0.01988600 -0.05214800 0.03444300 0.77647059 0.71764706 0.60784314
v -0.00690600 -0.05214800 0.03916700 0.77647059 0.71764706 0.60784314
v 0.00690600 -0.05214800 0.03916700 0.77647059 0.71764706 0.60784314
v 0.01988600 -0.05214800 0.03444300 0.77647059 0.71764706 0.60784314
v 0.03046700 -0.05214800 0.02556500 0.77647059 0.71764706 0.60784314
v 0.03737300 -0.05214800 0.01360300 0.77647059 0.71764706 0.60784314
v 0.03977200 -0.05214800 0.00000000 0.77647059 0.71764706 0.60784314
v 0.03737300 -0.05214800 -0.01360300 0.77647059 0.71764706 0.60784314
v 0.03046700 -0.05214800 -0.02556500 0.77647059 0.71764706 0.60784314
v 0.01988600 -0.05214800 -0.03444300 0.77647059 0.71764706 0.60784314
v 0.00690600 -0.05214800 -0.03916700 0.77647059 0.71764706 0.60784314
v -0.00690600 -0.05214800 -0.03916700 0.77647059 0.71764706 0.60784314
v -0.01988600 -0.05214800 -0.03444300 0.77647059 0.71764706 0.60784314
v -0.03046700 -0.05214800 -0.02556500 0.77647059 0.71764706 0.60784314
v -0.03737300 -0.05214800 -0.01360300 0.77647059 0.71764706 0.60784314
v -0.03977200 -0.05214800 0.00000000 0.77647059 0.71764706 0.60784314
v -0.03969100 -0.05232700 0.00000000 0.77647059 0.71764706 0.60784314
v -0.03729700 -0.05232700 0.01357500 0.77647059 0.71764706 0.60784314
v -0.03040500 -0.05232700 0.02551300 0.77647059 0.71764706 0.60784314
v -0.01984500 -0.05232700 0.03437300 0.77647059 0.71764706 0.60784314
v -0.00689200 -0.05232700 0.03908800 0.77647059 0.71764706 0.60784314
v 0.00689200 -0.05232700 0.03908800 0.77647059 0.71764706 0.60784314
v 0.01984500 -0.05232700 0.03437300 0.77647059 0.71764706 0.60784314
v 0.03040500 -0.05232700 0.02551300 0.77647059 0.71764706 0.60784314
v 0.03729700 -0.05232700 0.01357500 0.77647059 0.71764706 0.60784314
v 0.03969100 -0.05232700 0.00000000 0.77647059 0.71764706 0.60784314
v 0.03729700 -0.05232700 -0.01357500 0.77647059 0.71764706 0.60784314
v 0.03040500 -0.05232700 -0.02551300 0.77647059 0.71764706 0.60784314
v 0.01984500 -0.05232700 -0.03437300 0.77647059 0.71764706 0.60784314
v 0.00689200 -0.05232700 -0.03908800 0.77647059 0.71764706 0.60784314
v -0.00689200 -0.05232700 -0.03908800 0.77647059 0.71764706 0.60784314
v -0.01984500 -0.05232700 -0.03437300 0.77647059 0.71764706 0.60784314
v -0.03040500 -0.05232700 -0.02551300 0.77647059 0.71764706 0.60784314
v -0.03729700 -0.05232700 -0.01357500 0.77647059 0.71764706 0.60784314
v -0.03969100 -0.05232700 0.00000000 0.77647059 0.71764706 0.60784314
v -0.03959800 -0.05250000 0.00000000 0.77647059 0.71764706 0.60784314
v -0.03721000 -0.05250000 0.01354300 0.77647059 0.71764706 0.60784314
v -0.03033400 -0.05250000 0.02545300 0.77647059 0.71764706 0.60784314
v -0.01979900 -0.05250000 0.03429300 0.77647059 0.71764706 0.60784314
v -0.00687600 -0.05250000 0.03899600 0.77647059 0.71764706 0.60784314
v 0.00687600 -0.05250000 0.03899600 0.77647059 0.71764706 0.60784314
v 0.01979900 -0.05250000 0.03429300 0.77647059 0.71764706 0.60784314
v 0.03033400 -0.05250000 0.02545300 0.77647059 0.71764706 0.60784314
v 0.03721000 -0.05250000 0.01354300 0.77647059 0.71764706 0.60784314
v 0.03959800 -0.05250000 0.00000000 0.77647059 0.71764706 0.60784314
v 0.03721000 -0.05250000 -0.01354300 0.77647059 0.71764706 0.60784314
v 0.03033400 -0.05250000 -0.02545300 0.77647059 0.71764706 0.60784314
v 0.01979900 -0.05250000 -0.03429300 0.77647059 0.71764706 0.60784314
v 0.00687600 -0.05250000 -0.03899600 0.77647059 0.71764706 0.60784314
v -0.00687600 -0.05250000 -0.03899600 0.77647059 0.71764706 0.60784314
v -0.01979900 -0.05250000 -0.03429300 0.77647059 0.71764706 0.60784314
v -0.03033400 -0.05250000 -0.02545300 0.77647059 0.71764706 0.60784314
v -0.03721000 -0.05250000 -0.01354300 0.77647059 0.71764706 0.60784314
v -0.03959800 -0.05250000 0.00000000 0.77647059 0.71764706 0.60784314
v -0.03949400 -0.05266700 0.00000000 0.77647059 0.71764706 0.60784314
v -0.03711300 -0.05266700 0.01350800 0.77647059 0.71764706 0.60784314
v -0.03025400 -0.05266700 0.02538700 0.77647059 0.71764706 0.60784314
v -0.01974700 -0.05266700 0.03420300 0.77647059 0.71764706 0.60784314
v -0.00685800 -0.05266700 0.03889400 0.77647059 0.71764706 0.60784314
v 0.00685800 -0.05266700 0.03889400 0.77647059 0.71764706 0.60784314
v 0.01974700 -0.05266700 0.03420300 0.77647059 0.71764706 0.60784314
v 0.03025400 -0.05266700 0.02538700 0.77647059 0.71764706 0.60784314
v 0.03711300 -0.05266700 0.01350800 0.77647059 0.71764706 0.60784314
v 0.03949400 -0.05266700 0.00000000 0.77647059 0.71764706 0.60784314
v 0.03711300 -0.05266700 -0.01350800 0.77647059 0.71764706 0.60784314
v 0.03025400 -0.05266700 -0.02538700 0.77647059 0.71764706 0.60784314
v 0.01974700 -0.05266700 -0.03420300 0.77647059 0.71764706 0.60784314
v 0.00685800 -0.05266700 -0.03889400 0.77647059 0.71764706 0.60784314
v -0.00685800 -0.05266700 -0.03889400 0.77647059 0.71764706 0.60784314
v -0.01974700 -0.05266700 -0.03420300 0.77647059 0.71764706 0.60784314
v -0.03025400 -0.05266700 -0.02538700 0.77647059 0.71764706 0.60784314
v -0.03711300 -0.05266700 -0.01350800 0.77647059 0.71764706 0.60784314
v -0.03949400 -0.05266700 0.00000000 0.77647059 0.71764706 0.60784314
v -0.03938000 -0.05282600 0.00000000 0.77647059 0.71764706 0.60784314
v -0.03700500 -0.05282600 0.01346900 0.77647059 0.71764706 0.60784314
v -0.03016700 -0.05282600 0.02531300 0.77647059 0.71764706 0.60784314
v -0.01969000 -0.05282600 0.03410400 0.77647059 0.71764706 0.60784314
v -0.00683800 -0.05282600 0.03878200 0.77647059 0.71764706 0.60784314
v 0.00683800 -0.05282600 0.03878200 0.77647059 0.71764706 0.60784314
v 0.01969000 -0.05282600 0.03410400 0.77647059 0.71764706 0.60784314
v 0.03016700 -0.05282600 0.02531300 0.77647059 0.71764706 0.60784314
v 0.03700500 -0.05282600 0.01346900 0.77647059 0.71764706 0.60784314
v 0.03938000 -0.05282600 0.00000000 0.77647059 0.71764706 0.60784314
v 0.03700500 -0.05282600 -0.01346900 0.77647059 0.71764706 0.60784314
v 0.03016700 -0.05282600 -0.02531300 0.77647059 0.71764706 0.60784314
v 0.01969000 -0.05282600 -0.03410400 0.77647059 0.71764706 0.60784314
v 0.00683800 -0.05282600 -0.03878200 0.77647059 0.71764706 0.60784314
v -0.00683800 -0.05282600 -0.03878200 0.77647059 0.71764706 0.60784314
v -0.01969000 -0.05282600 -0.03410400 0.77647059 0.71764706 0.60784314
v -0.03016700 -0.05282600 -0.02531300 0.77647059 0.71764706 0.60784314
v -0.03700500 -0.05282600 -0.01346900 0.77647059 0.71764706 0.60784314
v -0.03938000 -0.05282600 0.00000000 0.77647059 0.71764706 0.60784314
v -0.03925600 -0.05297800 0.00000000 0.77647059 0.71764706 0.60784314
v -0.03688800 -0.05297800 0.01342600 0.77647059 0.71764706 0.60784314
v -0.03007100 -0.05297800 0.02523300 0.77647059 0.71764706 0.60784314
v -0.01962800 -0.05297800 0.03399600 0.77647059 0.71764706 0.60784314
v -0.00681700 -0.05297800 0.03865900 0.77647059 0.71764706 0.60784314
v 0.00681700 -0.05297800 0.03865900 0.77647059 0.71764706 0.60784314
v 0.01962800 -0.05297800 0.03399600 0.77647059 0.71764706 0.60784314
v 0.03007100 -0.05297800 0.02523300 0.77647059 0.71764706 0.60784314
v 0.03688800 -0.05297800 0.01342600 0.77647059 0.71764706 0.60784314
v 0.03925600 -0.05297800 0.00000000 0.77647059 0.71764706 0.60784314
v 0.03688800 -0.05297800 -0.01342600 0.77647059 0.71764706 0.60784314
v 0.03007100 -0.05297800 -0.02523300 0.77647059 0.71764706 0.60784314
v 0.01962800 -0.05297800 -0.03399600 0.77647059 0.71764706 0.60784314
v 0.00681700 -0.05297800 -0.03865900 0.77647059 0.71764706 0.60784314
v -0.00681700 -0.05297800 -0.03865900 0.77647059 0.71764706 0.60784314
v -0.01962800 -0.05297800 -0.03399600 0.77647059 0.71764706 0.60784314
v -0.03007100 -0.05297800 -0.02523300 0.77647059 0.71764706 0.60784314
v -0.03688800 -0.05297800 -0.01342600 0.77647059 0.71764706 0.60784314
v -0.03925600 -0.05297800 0.00000000 0.77647059 0.71764706 0.60784314
v -0.03912100 -0.05312100 0.00000000 0.77647059 0.71764706 0.60784314
v -0.03676200 -0.05312100 0.01338000 0.77647059 0.71764706 0.60784314
v -0.02996900 -0.05312100 0.02514700 0.77647059 0.71764706 0.60784314
v -0.01956100 -0.05312100 0.03388000 0.77647059 0.71764706 0.60784314
v -0.00679300 -0.05312100 0.03852700 0.77647059 0.71764706 0.60784314
v 0.00679300 -0.05312100 0.03852700 0.77647059 0.71764706 0.60784314
v 0.01956100 -0.05312100 0.03388000 0.77647059 0.71764706 0.60784314
v 0.02996900 -0.05312100 0.02514700 0.77647059 0.71764706 0.60784314
v 0.03676200 -0.05312100 0.01338000 0.77647059 0.71764706 0.60784314
v 0.03912100 -0.05312100 0.00000000 0.77647059 0.71764706 0.60784314
v 0.03676200 -0.05312100 -0.01338000 0.77647059 0.71764706 0.60784314
v 0.02996900 -0.05312100 -0.02514700 0.77647059 0.71764706 0.60784314
v 0.01956100 -0.05312100 -0.03388000 0.77647059 0.71764706 0.60784314
v 0.00679300 -0.05312100 -0.03852700 0.77647059 0.71764706 0.60784314
v -0.00679300 -0.05312100 -0.03852700 0.77647059 0.71764706 0.60784314
v -0.01956100 -0.05312100 -0.03388000 0.77647059 0.71764706 0.60784314
v -0.02996900 -0.05312100 -0.02514700 0.77647059 0.71764706 0.60784314
v -0.03676200 -0.05312100 -0.01338000 0.77647059 0.71764706 0.60784314
v -0.03912100 -0.05312100 0.00000000 0.77647059 0.71764706 0.60784314
v -0.03897800 -0.05325600 0.00000000 0.77647059 0.71764706 0.60784314
v -0.03662700 -0.05325600 0.01333100 0.77647059 0.71764706 0.60784314
v -0.02985900 -0.05325600 0.02505500 0.77647059 0.71764706 0.60784314
v -0.01948900 -0.05325600 0.03375600 0.77647059 0.71764706 0.60784314
v -0.00676800 -0.05325600 0.03838600 0.77647059 0.71764706 0.60784314
v 0.00676800 -0.05325600 0.03838600 0.77647059 0.71764706 0.60784314
v 0.01948900 -0.05325600 0.03375600 0.77647059 0.71764706 0.60784314
v 0.02985900 -0.05325600 0.02505500 0.77647059 0.71764706 0.60784314
v 0.03662700 -0.05325600 0.01333100 0.77647059 0.71764706 0.60784314
v 0.03897800 -0.05325600 0.00000000 0.77647059 0.71764706 0.60784314
v 0.03662700 -0.05325600 -0.01333100 0.77647059 0.71764706 0.60784314
v 0.02985900 -0.05325600 -0.02505500 0.77647059 0.71764706 0.60784314
v 0.01948900 -0.05325600 -0.03375600 0.77647059 0.71764706 0.60784314
v 0.00676800 -0.05325600 -0.03838600 0.77647059 0.71764706 0.60784314
v -0.00676800 -0.05325600 -0.03838600 0.77647059 0.71764706 0.60784314
v -0.01948900 -0.05325600 -0.03375600 0.77647059 0.71764706 0.60784314
v -0.02985900 -0.05325600 -0.02505500 0.77647059 0.71764706 0.60784314
v -0.03662700 -0.05325600 -0.01333100 0.77647059 0.71764706 0.60784314
v -0.03897800 -0.05325600 0.00000000 0.77647059 0.71764706 0.60784314
v -0.03882600 -0.05338000 0.00000000 0.77647059 0.71764706 0.60784314
v -0.03648500 -0.05338000 0.01327900 0.77647059 0.71764706 0.60784314
v -0.02974300 -0.05338000 0.02495700 0.77647059 0.71764706 0.60784314
v -0.01941300 -0.05338000 0.03362500 0.77647059 0.71764706 0.60784314
v -0.00674200 -0.05338000 0.03823600 0.77647059 0.71764706 0.60784314
v 0.00674200 -0.05338000 0.03823600 0.77647059 0.71764706 0.60784314
v 0.01941300 -0.05338000 0.03362500 0.77647059 0.71764706 0.60784314
v 0.02974300 -0.05338000 0.02495700 0.77647059 0.71764706 0.60784314
v 0.03648500 -0.05338000 0.01327900 0.77647059 0.71764706 0.60784314
v 0.03882600 -0.05338000 0.00000000 0.77647059 0.71764706 0.60784314
v 0.03648500 -0.05338000 -0.01327900 0.77647059 0.71764706 0.60784314
v 0.02974300 -0.05338000 -0.02495700 0.77647059 0.71764706 0.60784314
v 0.01941300 -0.05338000 -0.03362500 0.77647059 0.71764706 0.60784314
v 0.00674200 -0.05338000 -0.03823600 0.77647059 0.71764706 0.60784314
v -0.00674200 -0.05338000 -0.03823600 0.77647059 0.71764706 0.60784314
v -0.01941300 -0.05338000 -0.03362500 0.77647059 0.71764706 0.60784314
v -0.02974300 -0.05338000 -0.02495700 0.77647059 0.71764706 0.60784314
v -0.03648500 -0.05338000 -0.01327900 0.77647059 0.71764706 0.60784314
v -0.03882600 -0.05338000 0.00000000 0.77647059 0.71764706 0.60784314
v -0.03866700 -0.05349400 0.00000000 0.77647059 0.71764706 0.60784314
v -0.03633500 -0.05349400 0.01322500 0.77647059 0.71764706 0.60784314
v -0.02962000 -0.05349400 0.02485400 0.77647059 0.71764706 0.60784314
v -0.01933300 -0.05349400 0.03348600 0.77647059 0.71764706 0.60784314
v -0.00671400 -0.05349400 0.03807900 0.77647059 0.71764706 0.60784314
v 0.00671400 -0.05349400 0.03807900 0.77647059 0.71764706 0.60784314
v 0.01933300 -0.05349400 0.03348600 0.77647059 0.71764706 0.60784314
v 0.02962000 -0.05349400 0.02485400 0.77647059 0.71764706 0.60784314
v 0.03633500 -0.05349400 0.01322500 0.77647059 0.71764706 0.60784314
v 0.03866700 -0.05349400 0.00000000 0.77647059 0.71764706 0.60784314
v 0.03633500 -0.05349400 -0.01322500 0.77647059 0.71764706 0.60784314
v 0.02962000 -0.05349400 -0.02485400 0.77647059 0.71764706 0.60784314
v 0.01933300 -0.05349400 -0.03348600 0.77647059 0.71764706 0.60784314
v 0.00671400 -0.05349400 -0.03807900 0.77647059 0.71764706 0.60784314
v -0.00671400 -0.05349400 -0.03807900 0.77647059 0.71764706 0.60784314
v -0.01933300 -0.05349400 -0.03348600 0.77647059 0.71764706 0.60784314
v -0.02962000 -0.05349400 -0.02485400 0.77647059 0.71764706 0.60784314
v -0.03633500 -0.05349400 -0.01322500 0.77647059 0.71764706 0.60784314
v -0.03866700 -0.05349400 0.00000000 0.77647059 0.71764706 0.60784314
v -0.03850000 -0.05359800 0.00000000 0.77647059 0.71764706 0.60784314
v -0.03617800 -0.05359800 0.01316800 0.77647059 0.71764706 0.60784314
v -0.02949300 -0.05359800 0.02474700 0.77647059 0.71764706 0.60784314
v -0.01925000 -0.05359800 0.03334200 0.77647059 0.71764706 0.60784314
v -0.00668500 -0.05359800 0.03791500 0.77647059 0.71764706 0.60784314
v 0.00668500 -0.05359800 0.03791500 0.77647059 0.71764706 0.60784314
v 0.01925000 -0.05359800 0.03334200 0.77647059 0.71764706 0.60784314
v 0.02949300 -0.05359800 0.02474700 0.77647059 0.71764706 0.60784314
v 0.03617800 -0.05359800 0.01316800 0.77647059 0.71764706 0.60784314
v 0.03850000 -0.05359800 0.00000000 0.77647059 0.71764706 0.60784314
v 0.03617800 -0.05359800 -0.01316800 0.77647059 0.71764706 0.60784314
v 0.02949300 -0.05359800 -0.02474700 0.77647059 0.71764706 0.60784314
v 0.01925000 -0.05359800 -0.03334200 0.77647059 0.71764706 0.60784314
v 0.00668500 -0.05359800 -0.03791500 0.77647059 0.71764706 0.60784314
v -0.00668500 -0.05359800 -0.03791500 0.77647059 0.71764706 0.60784314
v -0.01925000 -0.05359800 -0.03334200 0.77647059 0.71764706 0.60784314
v -0.02949300 -0.05359800 -0.02474700 0.77647059 0.71764706 0.60784314
v -0.03617800 -0.05359800 -0.01316800 0.77647059 0.71764706 0.60784314
v -0.03850000 -0.05359800 0.00000000 0.77647059 0.71764706 0.60784314
v -0.03832700 -0.05369100 0.00000000 0.77647059 0.71764706 0.60784314
v -0.03601500 -0.05369100 0.01310900 0.77647059 0.71764706 0.60784314
v -0.02936000 -0.05369100 0.02463600 0.77647059 0.71764706 0.60784314
v -0.01916300 -0.05369100 0.03319200 0.77647059 0.71764706 0.60784314
v -0.00665500 -0.05369100 0.03774500 0.77647059 0.71764706 0.60784314
v 0.00665500 -0.05369100 0.03774500 0.77647059 0.71764706 0.60784314
v 0.01916300 -0.05369100 0.03319200 0.77647059 0.71764706 0.60784314
v 0.02936000 -0.05369100 0.02463600 0.77647059 0.71764706 0.60784314
v 0.03601500 -0.05369100 0.01310900 0.77647059 0.71764706 0.60784314
v 0.03832700 -0.05369100 0.00000000 0.77647059 0.71764706 0.60784314
v 0.03601500 -0.05369100 -0.01310900 0.77647059 0.71764706 0.60784314
v 0.02936000 -0.05369100 -0.02463600 0.77647059 0.71764706 0.60784314
v 0.01916300 -0.05369100 -0.03319200 0.77647059 0.71764706 0.60784314
v 0.00665500 -0.05369100 -0.03774500 0.77647059 0.71764706 0.60784314
v -0.00665500 -0.05369100 -0.03774500 0.77647059 0.71764706 0.60784314
v -0.01916300 -0.05369100 -0.03319200 0.77647059 0.71764706 0.60784314
v -0.02936000 -0.05369100 -0.02463600 0.77647059 0.71764706 0.60784314
v -0.03601500 -0.05369100 -0.01310900 0.77647059 0.71764706 0.60784314
v -0.03832700 -0.05369100 0.00000000 0.77647059 0.71764706 0.60784314
v -0.03814800 -0.05377200 0.00000000 0.77647059 0.71764706 0.60784314
v -0.03584700 -0.05377200 0.01304700 0.77647059 0.71764706 0.60784314
v -0.02922300 -0.05377200 0.02452100 0.77647059 0.71764706 0.60784314
v -0.01907400 -0.05377200 0.03303700 0.77647059 0.71764706 0.60784314
v -0.00662400 -0.05377200 0.03756800 0.77647059 0.71764706 0.60784314
v 0.00662400 -0.05377200 0.03756800 0.77647059 0.71764706 0.60784314
v 0.01907400 -0.05377200 0.03303700 0.77647059 0.71764706 0.60784314
v 0.02922300 -0.05377200 0.02452100 0.77647059 0.71764706 0.60784314
v 0.03584700 -0.05377200 0.01304700 0.77647059 0.71764706 0.60784314
v 0.03814800 -0.05377200 0.00000000 0.77647059 0.71764706 0.60784314
v 0.03584700 -0.05377200 -0.01304700 0.77647059 0.71764706 0.60784314
v 0.02922300 -0.05377200 -0.02452100 0.77647059 0.71764706 0.60784314
v 0.01907400 -0.05377200 -0.03303700 0.77647059 0.71764706 0.60784314
v 0.00662400 -0.05377200 -0.03756800 0.77647059 0.71764706 0.60784314
v -0.00662400 -0.05377200 -0.03756800 0.77647059 0.71764706 0.60784314
v -0.01907400 -0.05377200 -0.03303700 0.77647059 0.71764706 0.60784314
v -0.02922300 -0.05377200 -0.02452100 0.77647059 0.71764706 0.60784314
v -0.03584700 -0.05377200 -0.01304700 0.77647059 0.71764706 0.60784314
v -0.03814800 -0.05377200 0.00000000 0.77647059 0.71764706 0.60784314
v -0.03796400 -0.05384100 0.00000000 0.77647059 0.71764706 0.60784314
v -0.03567500 -0.05384100 0.01298500 0.77647059 0.71764706 0.60784314
v -0.02908200 -0.05384100 0.02440300 0.77647059 0.71764706 0.60784314
v -0.01898200 -0.05384100 0.03287800 0.77647059 0.71764706 0.60784314
v -0.00659200 -0.05384100 0.03738800 0.77647059 0.71764706 0.60784314
v 0.00659200 -0.05384100 0.03738800 0.77647059 0.71764706 0.60784314
v 0.01898200 -0.05384100 0.03287800 0.77647059 0.71764706 0.60784314
v 0.02908200 -0.05384100 0.02440300 0.77647059 0.71764706 0.60784314
v 0.03567500 -0.05384100 0.01298500 0.77647059 0.71764706 0.60784314
v 0.03796400 -0.05384100 0.00000000 0.77647059 0.71764706 0.60784314
v 0.03567500 -0.05384100 -0.01298500 0.77647059 0.71764706 0.60784314
v 0.02908200 -0.05384100 -0.02440300 0.77647059 0.71764706 0.60784314
v 0.01898200 -0.05384100 -0.03287800 0.77647059 0.71764706 0.60784314
v 0.00659200 -0.05384100 -0.03738800 0.77647059 0.71764706 0.60784314
v -0.00659200 -0.05384100 -0.03738800 0.77647059 0.71764706 0.60784314
v -0.01898200 -0.05384100 -0.03287800 0.77647059 0.71764706 0.60784314
v -0.02908200 -0.05384100 -0.02440300 0.77647059 0.71764706 0.60784314
v -0.03567500 -0.05384100 -0.01298500 0.77647059 0.71764706 0.60784314
v -0.03796400 -0.05384100 0.00000000 0.77647059 0.71764706 0.60784314
v -0.03777600 -0.05389800 0.00000000 0.77647059 0.71764706 0.60784314
v -0.03549800 -0.05389800 0.01292000 0.77647059 0.71764706 0.60784314
v -0.02893800 -0.05389800 0.02428200 0.77647059 0.71764706 0.60784314
v -0.01888800 -0.05389800 0.03271500 0.77647059 0.71764706 0.60784314
v -0.00656000 -0.05389800 0.03720300 0.77647059 0.71764706 0.60784314
v 0.00656000 -0.05389800 0.03720300 0.77647059 0.71764706 0.60784314
v 0.01888800 -0.05389800 0.03271500 0.77647059 0.71764706 0.60784314
v 0.02893800 -0.05389800 0.02428200 0.77647059 0.71764706 0.60784314
v 0.03549800 -0.05389800 0.01292000 0.77647059 0.71764706 0.60784314
v 0.03777600 -0.05389800 0.00000000 0.77647059 0.71764706 0.60784314
v 0.03549800 -0.05389800 -0.01292000 0.77647059 0.71764706 0.60784314
v 0.02893800 -0.05389800 -0.02428200 0.77647059 0.71764706 0.60784314
v 0.01888800 -0.05389800 -0.03271500 0.77647059 0.71764706 0.60784314
v 0.00656000 -0.05389800 -0.03720300 0.77647059 0.71764706 0.60784314
v -0.00656000 -0.05389800 -0.03720300 0.77647059 0.71764706 0.60784314
v -0.01888800 -0.05389800 -0.03271500 0.77647059 0.71764706 0.60784314
v -0.02893800 -0.05389800 -0.02428200 0.77647059 0.71764706 0.60784314
v -0.03549800 -0.05389800 -0.01292000 0.77647059 0.71764706 0.60784314
v -0.03777600 -0.05389800 0.00000000 0.77647059 0.71764706 0.60784314
v -0.03758500 -0.05394200 0.00000000 0.77647059 0.71764706 0.60784314
v -0.03531900 -0.05394200 0.01285500 0.77647059 0.71764706 0.60784314
v -0.02879200 -0.05394200 0.02415900 0.77647059 0.71764706 0.60784314
v -0.01879300 -0.05394200 0.03255000 0.77647059 0.71764706 0.60784314
v -0.00652700 -0.05394200 0.03701400 0.77647059 0.71764706 0.60784314
v 0.00652700 -0.05394200 0.03701400 0.77647059 0.71764706 0.60784314
v 0.01879300 -0.05394200 0.03255000 0.77647059 0.71764706 0.60784314
v 0.02879200 -0.05394200 0.02415900 0.77647059 0.71764706 0.60784314
v 0.03531900 -0.05394200 0.01285500 0.77647059 0.71764706 0.60784314
v 0.03758500 -0.05394200 0.00000000 0.77647059 0.71764706 0.60784314
v 0.03531900 -0.05394200 -0.01285500 0.77647059 0.71764706 0.60784314
v 0.02879200 -0.05394200 -0.02415900 0.77647059 0.71764706 0.60784314
v 0.01879300 -0.05394200 -0.03255000 0.77647059 0.71764706 0.60784314
v 0.00652700 -0.05394200 -0.03701400 0.77647059 0.71764706 0.60784314
v -0.00652700 -0.05394200 -0.03701400 0.77647059 0.71764706 0.60784314
v -0.01879300 -0.05394200 -0.03255000 0.77647059 0.71764706 0.60784314
v -0.02879200 -0.05394200 -0.02415900 0.77647059 0.71764706 0.60784314
v -0.03531900 -0.05394200 -0.01285500 0.77647059 0.71764706 0.60784314
v -0.03758500 -0.05394200 0.00000000 0.77647059 0.71764706 0.60784314
v -0.03739200 -0.05397400 0.00000000 0.77647059 0.71764706 0.60784314
v -0.03513700 -0.05397400 0.01278900 0.77647059 0.71764706 0.60784314
v -0.02864400 -0.05397400 0.02403500 0.77647059 0.71764706 0.60784314
v -0.01869600 -0.05397400 0.03238200 0.77647059 0.71764706 0.60784314
v -0.00649300 -0.05397400 0.03682400 0.77647059 0.71764706 0.60784314
v 0.00649300 -0.05397400 0.03682400 0.77647059 0.71764706 0.60784314
v 0.01869600 -0.05397400 0.03238200 0.77647059 0.71764706 0.60784314
v 0.02864400 -0.05397400 0.02403500 0.77647059 0.71764706 0.60784314
v 0.03513700 -0.05397400 0.01278900 0.77647059 0.71764706 0.60784314
v 0.03739200 -0.05397400 0.00000000 0.77647059 0.71764706 0.60784314
v 0.03513700 -0.05397400 -0.01278900 0.77647059 0.71764706 0.60784314
v 0.02864400 -0.05397400 -0.02403500 0.77647059 0.71764706 0.60784314
v 0.01869600 -0.05397400 -0.03238200 0.77647059 0.71764706 0.60784314
v 0.00649300 -0.05397400 -0.03682400 0.77647059 0.71764706 0.60784314
v -0.00649300 -0.05397400 -0.03682400 0.77647059 0.71764706 0.60784314
v -0.01869600 -0.05397400 -0.03238200 0.77647059 0.71764706 0.60784314
v -0.02864400 -0.05397400 -0.02403500 0.77647059 0.71764706 0.60784314
v -0.03513700 -0.05397400 -0.01278900 0.77647059 0.71764706 0.60784314
v -0.03739200 -0.05397400 0.00000000 0.77647059 0.71764706 0.60784314
v -0.03719600 -0.05399400 0.00000000 0.77647059 0.71764706 0.60784314
v -0.03495300 -0.05399400 0.01272200 0.77647059 0.71764706 0.60784314
v -0.02849400 -0.05399400 0.02390900 0.77647059 0.71764706 0.60784314
v -0.01859800 -0.05399400 0.03221300 0.77647059 0.71764706 0.60784314
v -0.00645900 -0.05399400 0.03663100 0.77647059 0.71764706 0.60784314
v 0.00645900 -0.05399400 0.03663100 0.77647059 0.71764706 0.60784314
v 0.01859800 -0.05399400 0.03221300 0.77647059 0.71764706 0.60784314
v 0.02849400 -0.05399400 0.02390900 0.77647059 0.71764706 0.60784314
v 0.03495300 -0.05399400 0.01272200 0.77647059 0.71764706 0.60784314
v 0.03719600 -0.05399400 0.00000000 0.77647059 0.71764706 0.60784314
v 0.03495300 -0.05399400 -0.01272200 0.77647059 0.71764706 0.60784314
v 0.02849400 -0.05399400 -0.02390900 0.77647059 0.71764706 0.60784314
v 0.01859800 -0.05399400 -0.03221300 0.77647059 0.71764706 0.60784314
v 0.00645900 -0.05399400 -0.03663100 0.77647059 0.71764706 0.60784314
v -0.00645900 -0.05399400 -0.03663100 0.77647059 0.71764706 0.60784314
v -0.01859800 -0.05399400 -0.03221300 0.77647059 0.71764706 0.60784314
v -0.02849400 -0.05399400 -0.02390900 0.77647059 0.71764706 0.60784314
v -0.03495300 -0.05399400 -0.01272200 0.77647059 0.71764706 0.60784314
v -0.03719600 -0.05399400 0.00000000 0.77647059 0.71764706 0.60784314
v -0.03700000 -0.05400000 0.00000000 0.77647059 0.71764706 0.60784314
v -0.03476900 -0.05400000 0.01265500 0.77647059 0.71764706 0.60784314
v -0.02834400 -0.05400000 0.02378300 0.77647059 0.71764706 0.60784314
v -0.01850000 -0.05400000 0.03204300 0.77647059 0.71764706 0.60784314
v -0.00642500 -0.05400000 0.03643800 0.77647059 0.71764706 0.60784314
v 0.00642500 -0.05400000 0.03643800 0.77647059 0.71764706 0.60784314
v 0.01850000 -0.05400000 0.03204300 0.77647059 0.71764706 0.60784314
v 0.02834400 -0.05400000 0.02378300 0.77647059 0.71764706 0.60784314
v 0.03476900 -0.05400000 0.01265500 0.77647059 0.71764706 0.60784314
v 0.03700000 -0.05400000 0.00000000 0.77647059 0.71764706 0.60784314
v 0.03476900 -0.05400000 -0.01265500 0.77647059 0.71764706 0.60784314
v 0.02834400 -0.05400000 -0.02378300 0.77647059 0.71764706 0.60784314
v 0.01850000 -0.05400000 -0.03204300 0.77647059 0.71764706 0.60784314
v 0.00642500 -0.05400000 -0.03643800 0.77647059 0.71764706 0.60784314
v -0.00642500 -0.05400000 -0.03643800 0.77647059 0.71764706 0.60784314
v -0.01850000 -0.05400000 -0.03204300 0.77647059 0.71764706 0.60784314
v -0.02834400 -0.05400000 -0.02378300 0.77647059 0.71764706 0.60784314
v -0.03476900 -0.05400000 -0.01265500 0.77647059 0.71764706 0.60784314
v -0.03700000 -0.05400000 0.00000000 0.77647059 0.71764706 0.60784314
v -0.03680400 -0.05399400 0.00000000 0.77647059 0.71764706 0.60784314
v -0.03458400 -0.05399400 0.01258800 0.77647059 0.71764706 0.60784314
v -0.02819300 -0.05399400 0.02365700 0.77647059 0.71764706 0.60784314
v -0.01840200 -0.05399400 0.03187300 0.77647059 0.71764706 0.60784314
v -0.00639100 -0.05399400 0.03624500 0.77647059 0.71764706 0.60784314
v 0.00639100 -0.05399400 0.03624500 0.77647059 0.71764706 0.60784314
v 0.01840200 -0.05399400 0.03187300 0.77647059 0.71764706 0.60784314
v 0.02819300 -0.05399400 0.02365700 0.77647059 0.71764706 0.60784314
v 0.03458400 -0.05399400 0.01258800 0.77647059 0.71764706 0.60784314
v 0.03680400 -0.05399400 0.00000000 0.77647059 0.71764706 0.60784314
v 0.03458400 -0.05399400 -0.01258800 0.77647059 0.71764706 0.60784314
v 0.02819300 -0.05399400 -0.02365700 0.77647059 0.71764706 0.60784314
v 0.01840200 -0.05399400 -0.03187300 0.77647059 0.71764706 0.60784314
v 0.00639100 -0.05399400 -0.03624500 0.77647059 0.71764706 0.60784314
v -0.00639100 -0.05399400 -0.03624500 0.77647059 0.71764706 0.60784314
v -0.01840200 -0.05399400 -0.03187300 0.77647059 0.71764706 0.60784314
v -0.02819300 -0.05399400 -0.02365700 0.77647059 0.71764706 0.60784314
v -0.03458400 -0.05399400 -0.01258800 0.77647059 0.71764706 0.60784314
v -0.03680400 -0.05399400 0.00000000 0.77647059 0.71764706 0.60784314
v -0.03660800 -0.05397400 0.00000000 0.77647059 0.71764706 0.60784314
v -0.03440100 -0.05397400 0.01252100 0.77647059 0.71764706 0.60784314
v -0.02804400 -0.05397400 0.02353100 0.77647059 0.71764706 0.60784314
v -0.01830400 -0.05397400 0.03170400 0.77647059 0.71764706 0.60784314
v -0.00635700 -0.05397400 0.03605200 0.77647059 0.71764706 0.60784314
v 0.00635700 -0.05397400 0.03605200 0.77647059 0.71764706 0.60784314
v 0.01830400 -0.05397400 0.03170400 0.77647059 0.71764706 0.60784314
v 0.02804400 -0.05397400 0.02353100 0.77647059 0.71764706 0.60784314
v 0.03440100 -0.05397400 0.01252100 0.77647059 0.71764706 0.60784314
v 0.03660800 -0.05397400 0.00000000 0.77647059 0.71764706 0.60784314
v 0.03440100 -0.05397400 -0.01252100 0.77647059 0.71764706 0.60784314
v 0.02804400 -0.05397400 -0.02353100 0.77647059 0.71764706 0.60784314
v 0.01830400 -0.05397400 -0.03170400 0.77647059 0.71764706 0.60784314
v 0.00635700 -0.05397400 -0.03605200 0.77647059 0.71764706 0.60784314
v -0.00635700 -0.05397400 -0.03605200 0.77647059 0.71764706 0.60784314
v -0.01830400 -0.05397400 -0.03170400 0.77647059 0.71764706 0.60784314
v -0.02804400 -0.05397400 -0.02353100 0.77647059 0.71764706 0.60784314
v -0.03440100 -0.05397400 -0.01252100 0.77647059 0.71764706 0.60784314
v -0.03660800 -0.05397400 0.00000000 0.77647059 0.71764706 0.60784314
v -0.03641500 -0.05394200 0.00000000 0.77647059 0.71764706 0.60784314
v -0.03421900 -0.05394200 0.01245500 0.77647059 0.71764706 0.60784314
v -0.02789500 -0.05394200 0.02340700 0.77647059 0.71764706 0.60784314
v -0.01820700 -0.05394200 0.03153600 0.77647059 0.71764706 0.60784314
v -0.00632300 -0.05394200 0.03586200 0.77647059 0.71764706 0.60784314
v 0.00632300 -0.05394200 0.03586200 0.77647059 0.71764706 0.60784314
v 0.01820700 -0.05394200 0.03153600 0.77647059 0.71764706 0.60784314
v 0.02789500 -0.05394200 0.02340700 0.77647059 0.71764706 0.60784314
v 0.03421900 -0.05394200 0.01245500 0.77647059 0.71764706 0.60784314
v 0.03641500 -0.05394200 0.00000000 0.77647059 0.71764706 0.60784314
v 0.03421900 -0.05394200 -0.01245500 0.77647059 0.71764706 0.60784314
v 0.02789500 -0.05394200 -0.02340700 0.77647059 0.71764706 0.60784314
v 0.01820700 -0.05394200 -0.03153600 0.77647059 0.71764706 0.60784314
v 0.00632300 -0.05394200 -0.03586200 0.77647059 0.71764706 0.60784314
v -0.00632300 -0.05394200 -0.03586200 0.77647059 0.71764706 0.60784314
v -0.01820700 -0.05394200 -0.03153600 0.77647059 0.71764706 0.60784314
v -0.02789500 -0.05394200 -0.02340700 0.77647059 0.71764706 0.60784314
v -0.03421900 -0.05394200 -0.01245500 0.77647059 0.71764706 0.60784314
v -0.03641500 -0.05394200 0.00000000 0.77647059 0.71764706 0.60784314
v -0.03622400 -0.05389800 0.00000000 0.77647059 0.71764706 0.60784314
v -0.03403900 -0.05389800 0.01238900 0.77647059 0.71764706 0.60784314
v -0.02774900 -0.05389800 0.02328400 0.77647059 0.71764706 0.60784314
v -0.01811200 -0.05389800 0.03137100 0.77647059 0.71764706 0.60784314
v -0.00629000 -0.05389800 0.03567300 0.77647059 0.71764706 0.60784314
v 0.00629000 -0.05389800 0.03567300 0.77647059 0.71764706 0.60784314
v 0.01811200 -0.05389800 0.03137100 0.77647059 0.71764706 0.60784314
v 0.02774900 -0.05389800 0.02328400 0.77647059 0.71764706 0.60784314
v 0.03403900 -0.05389800 0.01238900 0.77647059 0.71764706 0.60784314
v 0.03622400 -0.05389800 0.00000000 0.77647059 0.71764706 0.60784314
v 0.03403900 -0.05389800 -0.01238900 0.77647059 0.71764706 0.60784314
v 0.02774900 -0.05389800 -0.02328400 0.77647059 0.71764706 0.60784314
v 0.01811200 -0.05389800 -0.03137100 0.77647059 0.71764706 0.60784314
v 0.00629000 -0.05389800 -0.03567300 0.77647059 0.71764706 0.60784314
v -0.00629000 -0.05389800 -0.03567300 0.77647059 0.71764706 0.60784314
v -0.01811200 -0.05389800 -0.03137100 0.77647059 0.71764706 0.60784314
v -0.02774900 -0.05389800 -0.02328400 0.77647059 0.71764706 0.60784314
v -0.03403900 -0.05389800 -0.01238900 0.77647059 0.71764706 0.60784314
v -0.03622400 -0.05389800 0.00000000 0.77647059 0.71764706 0.60784314
v -0.03603600 -0.05384100 0.00000000 0.77647059 0.71764706 0.60784314
v -0.03386200 -0.05384100 0.01232500 0.77647059 0.71764706 0.60784314
v -0.02760500 -0.05384100 0.02316300 0.77647059 0.71764706 0.60784314
v -0.01801800 -0.05384100 0.03120800 0.77647059 0.71764706 0.60784314
v -0.00625800 -0.05384100 0.03548800 0.77647059 0.71764706 0.60784314
v 0.00625800 -0.05384100 0.03548800 0.77647059 0.71764706 0.60784314
v 0.01801800 -0.05384100 0.03120800 0.77647059 0.71764706 0.60784314
v 0.02760500 -0.05384100 0.02316300 0.77647059 0.71764706 0.60784314
v 0.03386200 -0.05384100 0.01232500 0.77647059 0.71764706 0.60784314
v 0.03603600 -0.05384100 0.00000000 0.77647059 0.71764706 0.60784314
v 0.03386200 -0.05384100 -0.01232500 0.77647059 0.71764706 0.60784314
v 0.02760500 -0.05384100 -0.02316300 0.77647059 0.71764706 0.60784314
v 0.01801800 -0.05384100 -0.03120800 0.77647059 0.71764706 0.60784314
v 0.00625800 -0.05384100 -0.03548800 0.77647059 0.71764706 0.60784314
v -0.00625800 -0.05384100 -0.03548800 0.77647059 0.71764706 0.60784314
v -0.01801800 -0.05384100 -0.03120800 0.77647059 0.71764706 0.60784314
v -0.02760500 -0.05384100 -0.02316300 0.77647059 0.71764706 0.60784314
v -0.03386200 -0.05384100 -0.01232500 0.77647059 0.71764706 0.60784314
v -0.03603600 -0.05384100 0.00000000 0.77647059 0.71764706 0.60784314
v -0.03585200 -0.05377200 0.00000000 0.77647059 0.71764706 0.60784314
v -0.03369000 -0.05377200 0.01226200 0.77647059 0.71764706 0.60784314
v -0.02746400 -0.05377200 0.02304500 0.77647059 0.71764706 0.60784314
v -0.01792600 -0.05377200 0.03104900 0.77647059 0.71764706 0.60784314
v -0.00622600 -0.05377200 0.03530700 0.77647059 0.71764706 0.60784314
v 0.00622600 -0.05377200 0.03530700 0.77647059 0.71764706 0.60784314
v 0.01792600 -0.05377200 0.03104900 0.77647059 0.71764706 0.60784314
v 0.02746400 -0.05377200 0.02304500 0.77647059 0.71764706 0.60784314
v 0.03369000 -0.05377200 0.01226200 0.77647059 0.71764706 0.60784314
v 0.03585200 -0.05377200 0.00000000 0.77647059 0.71764706 0.60784314
v 0.03369000 -0.05377200 -0.01226200 0.77647059 0.71764706 0.60784314
v 0.02746400 -0.05377200 -0.02304500 0.77647059 0.71764706 0.60784314
v 0.01792600 -0.05377200 -0.03104900 0.77647059 0.71764706 0.60784314
v 0.00622600 -0.05377200 -0.03530700 0.77647059 0.71764706 0.60784314
v -0.00622600 -0.05377200 -0.03530700 0.77647059 0.71764706 0.60784314
v -0.01792600 -0.05377200 -0.03104900 0.77647059 0.71764706 0.60784314
v -0.02746400 -0.05377200 -0.02304500 0.77647059 0.71764706 0.60784314
v -0.03369000 -0.05377200 -0.01226200 0.77647059 0.71764706 0.60784314
v -0.03585200 -0.05377200 0.00000000 0.77647059 0.71764706 0.60784314
v -0.03567300 -0.05369100 0.00000000 0.77647059 0.71764706 0.60784314
v -0.03352200 -0.05369100 0.01220100 0.77647059 0.71764706 0.60784314
v -0.02732700 -0.05369100 0.02293000 0.77647059 0.71764706 0.60784314
v -0.01783700 -0.05369100 0.03089400 0.77647059 0.71764706 0.60784314
v -0.00619500 -0.05369100 0.03513100 0.77647059 0.71764706 0.60784314
v 0.00619500 -0.05369100 0.03513100 0.77647059 0.71764706 0.60784314
v 0.01783700 -0.05369100 0.03089400 0.77647059 0.71764706 0.60784314
v 0.02732700 -0.05369100 0.02293000 0.77647059 0.71764706 0.60784314
v 0.03352200 -0.05369100 0.01220100 0.77647059 0.71764706 0.60784314
v 0.03567300 -0.05369100 0.00000000 0.77647059 0.71764706 0.60784314
v 0.03352200 -0.05369100 -0.01220100 0.77647059 0.71764706 0.60784314
v 0.02732700 -0.05369100 -0.02293000 0.77647059 0.71764706 0.60784314
v 0.01783700 -0.05369100 -0.03089400 0.77647059 0.71764706 0.60784314
v 0.00619500 -0.05369100 -0.03513100 0.77647059 0.71764706 0.60784314
v -0.00619500 -0.05369100 -0.03513100 0.77647059 0.71764706 0.60784314
v -0.01783700 -0.05369100 -0.03089400 0.77647059 0.71764706 0.60784314
v -0.02732700 -0.05369100 -0.02293000 0.77647059 0.71764706 0.60784314
v -0.03352200 -0.05369100 -0.01220100 0.77647059 0.71764706 0.60784314
v -0.03567300 -0.05369100 0.00000000 0.77647059 0.71764706 0.60784314
v -0.03550000 -0.05359800 0.00000000 0.77647059 0.71764706 0.60784314
v -0.03335900 -0.05359800 0.01214200 0.77647059 0.71764706 0.60784314
v -0.02719500 -0.05359800 0.02281900 0.77647059 0.71764706 0.60784314
v -0.01775000 -0.05359800 0.03074400 0.77647059 0.71764706 0.60784314
v -0.00616500 -0.05359800 0.03496100 0.77647059 0.71764706 0.60784314
v 0.00616500 -0.05359800 0.03496100 0.77647059 0.71764706 0.60784314
v 0.01775000 -0.05359800 0.03074400 0.77647059 0.71764706 0.60784314
v 0.02719500 -0.05359800 0.02281900 0.77647059 0.71764706 0.60784314
v 0.03335900 -0.05359800 0.01214200 0.77647059 0.71764706 0.60784314
v 0.03550000 -0.05359800 0.00000000 0.77647059 0.71764706 0.60784314
v 0.03335900 -0.05359800 -0.01214200 0.77647059 0.71764706 0.60784314
v 0.02719500 -0.05359800 -0.02281900 0.77647059 0.71764706 0.60784314
v 0.01775000 -0.05359800 -0.03074400 0.77647059 0.71764706 0.60784314
v 0.00616500 -0.05359800 -0.03496100 0.77647059 0.71764706 0.60784314
v -0.00616500 -0.05359800 -0.03496100 0.77647059 0.71764706 0.60784314
v -0.01775000 -0.05359800 -0.03074400 0.77647059 0.71764706 0.60784314
v -0.02719500 -0.05359800 -0.02281900 0.77647059 0.71764706 0.60784314
v -0.03335900 -0.05359800 -0.01214200 0.77647059 0.71764706 0.60784314
v -0.03550000 -0.05359800 0.00000000 0.77647059 0.71764706 0.60784314
v -0.03533300 -0.05349400 0.00000000 0.77647059 0.71764706 0.60784314
v -0.03320200 -0.05349400 0.01208500 0.77647059 0.71764706 0.60784314
v -0.02706700 -0.05349400 0.02271200 0.77647059 0.71764706 0.60784314
v -0.01766700 -0.05349400 0.03060000 0.77647059 0.71764706 0.60784314
v -0.00613600 -0.05349400 0.03479600 0.77647059 0.71764706 0.60784314
v 0.00613600 -0.05349400 0.03479600 0.77647059 0.71764706 0.60784314
v 0.01766700 -0.05349400 0.03060000 0.77647059 0.71764706 0.60784314
v 0.02706700 -0.05349400 0.02271200 0.77647059 0.71764706 0.60784314
v 0.03320200 -0.05349400 0.01208500 0.77647059 0.71764706 0.60784314
v 0.03533300 -0.05349400 0.00000000 0.77647059 0.71764706 0.60784314
v 0.03320200 -0.05349400 -0.01208500 0.77647059 0.71764706 0.60784314
v 0.02706700 -0.05349400 -0.02271200 0.77647059 0.71764706 0.60784314
v 0.01766700 -0.05349400 -0.03060000 0.77647059 0.71764706 0.60784314
v 0.00613600 -0.05349400 -0.03479600 0.77647059 0.71764706 0.60784314
v -0.00613600 -0.05349400 -0.03479600 0.77647059 0.71764706 0.60784314
v -0.01766700 -0.05349400 -0.03060000 0.77647059 0.71764706 0.60784314
v -0.02706700 -0.05349400 -0.02271200 0.77647059 0.71764706 0.60784314
v -0.03320200 -0.05349400 -0.01208500 0.77647059 0.71764706 0.60784314
v -0.03533300 -0.05349400 0.00000000 0.77647059 0.71764706 0.60784314
v -0.03517400 -0.05338000 0.00000000 0.77647059 0.71764706 0.60784314
v -0.03305200 -0.05338000 0.01203000 0.77647059 0.71764706 0.60784314
v -0.02694500 -0.05338000 0.02260900 0.77647059 0.71764706 0.60784314
v -0.01758700 -0.05338000 0.03046100 0.77647059 0.71764706 0.60784314
v -0.00610800 -0.05338000 0.03463900 0.77647059 0.71764706 0.60784314
v 0.00610800 -0.05338000 0.03463900 0.77647059 0.71764706 0.60784314
v 0.01758700 -0.05338000 0.03046100 0.77647059 0.71764706 0.60784314
v 0.02694500 -0.05338000 0.02260900 0.77647059 0.71764706 0.60784314
v 0.03305200 -0.05338000 0.01203000 0.77647059 0.71764706 0.60784314
v 0.03517400 -0.05338000 0.00000000 0.77647059 0.71764706 0.60784314
v 0.03305200 -0.05338000 -0.01203000 0.77647059 0.71764706 0.60784314
v 0.02694500 -0.05338000 -0.02260900 0.77647059 0.71764706 0.60784314
v 0.01758700 -0.05338000 -0.03046100 0.77647059 0.71764706 0.60784314
v 0.00610800 -0.05338000 -0.03463900 0.77647059 0.71764706 0.60784314
v -0.00610800 -0.05338000 -0.03463900 0.77647059 0.71764706 0.60784314
v -0.01758700 -0.05338000 -0.03046100 0.77647059 0.71764706 0.60784314
v -0.02694500 -0.05338000 -0.02260900 0.77647059 0.71764706 0.60784314
v -0.03305200 -0.05338000 -0.01203000 0.77647059 0.71764706 0.60784314
v -0.03517400 -0.05338000 0.00000000 0.77647059 0.71764706 0.60784314
v -0.03502200 -0.05325600 0.00000000 0.77647059 0.71764706 0.60784314
v -0.03291000 -0.05325600 0.01197800 0.77647059 0.71764706 0.60784314
v -0.02682800 -0.05325600 0.02251200 0.77647059 0.71764706 0.60784314
v -0.01751100 -0.05325600 0.03033000 0.77647059 0.71764706 0.60784314
v -0.00608100 -0.05325600 0.03449000 0.77647059 0.71764706 0.60784314
v 0.00608100 -0.05325600 0.03449000 0.77647059 0.71764706 0.60784314
v 0.01751100 -0.05325600 0.03033000 0.77647059 0.71764706 0.60784314
v 0.02682800 -0.05325600 0.02251200 0.77647059 0.71764706 0.60784314
v 0.03291000 -0.05325600 0.01197800 0.77647059 0.71764706 0.60784314
v 0.03502200 -0.05325600 0.00000000 0.77647059 0.71764706 0.60784314
v 0.03291000 -0.05325600 -0.01197800 0.77647059 0.71764706 0.60784314
v 0.02682800 -0.05325600 -0.02251200 0.77647059 0.71764706 0.60784314
v 0.01751100 -0.05325600 -0.03033000 0.77647059 0.71764706 0.60784314
v 0.00608100 -0.05325600 -0.03449000 0.77647059 0.71764706 0.60784314
v -0.00608100 -0.05325600 -0.03449000 0.77647059 0.71764706 0.60784314
v -0.01751100 -0.05325600 -0.03033000 0.77647059 0.71764706 0.60784314
v -0.02682800 -0.05325600 -0.02251200 0.77647059 0.71764706 0.60784314
v -0.03291000 -0.05325600 -0.01197800 0.77647059 0.71764706 0.60784314
v -0.03502200 -0.05325600 0.00000000 0.77647059 0.71764706 0.60784314
v -0.03487900 -0.05312100 0.00000000 0.77647059 0.71764706 0.60784314
v -0.03277500 -0.05312100 0.01192900 0.77647059 0.71764706 0.60784314
v -0.02671900 -0.05312100 0.02242000 0.77647059 0.71764706 0.60784314
v -0.01743900 -0.05312100 0.03020600 0.77647059 0.71764706 0.60784314
v -0.00605700 -0.05312100 0.03434900 0.77647059 0.71764706 0.60784314
v 0.00605700 -0.05312100 0.03434900 0.77647059 0.71764706 0.60784314
v 0.01743900 -0.05312100 0.03020600 0.77647059 0.71764706 0.60784314
v 0.02671900 -0.05312100 0.02242000 0.77647059 0.71764706 0.60784314
v 0.03277500 -0.05312100 0.01192900 0.77647059 0.71764706 0.60784314
v 0.03487900 -0.05312100 0.00000000 0.77647059 0.71764706 0.60784314
v 0.03277500 -0.05312100 -0.01192900 0.77647059 0.71764706 0.60784314
v 0.02671900 -0.05312100 -0.02242000 0.77647059 0.71764706 0.60784314
v 0.01743900 -0.05312100 -0.03020600 0.77647059 0.71764706 0.60784314
v 0.00605700 -0.05312100 -0.03434900 0.77647059 0.71764706 0.60784314
v -0.00605700 -0.05312100 -0.03434900 0.77647059 0.71764706 0.60784314
v -0.01743900 -0.05312100 -0.03020600 0.77647059 0.71764706 0.60784314
v -0.02671900 -0.05312100 -0.02242000 0.77647059 0.71764706 0.60784314
v -0.03277500 -0.05312100 -0.01192900 0.77647059 0.71764706 0.60784314
v -0.03487900 -0.05312100 0.00000000 0.77647059 0.71764706 0.60784314
v -0.03474400 -0.05297800 0.00000000 0.77647059 0.71764706 0.60784314
v -0.03264900 -0.05297800 0.01188300 0.77647059 0.71764706 0.60784314
v -0.02661600 -0.05297800 0.02233300 0.77647059 0.71764706 0.60784314
v -0.01737200 -0.05297800 0.03009000 0.77647059 0.71764706 0.60784314
v -0.00603300 -0.05297800 0.03421700 0.77647059 0.71764706 0.60784314
v 0.00603300 -0.05297800 0.03421700 0.77647059 0.71764706 0.60784314
v 0.01737200 -0.05297800 0.03009000 0.77647059 0.71764706 0.60784314
v 0.02661600 -0.05297800 0.02233300 0.77647059 0.71764706 0.60784314
v 0.03264900 -0.05297800 0.01188300 0.77647059 0.71764706 0.60784314
v 0.03474400 -0.05297800 0.00000000 0.77647059 0.71764706 0.60784314
v 0.03264900 -0.05297800 -0.01188300 0.77647059 0.71764706 0.60784314
v 0.02661600 -0.05297800 -0.02233300 0.77647059 0.71764706 0.60784314
v 0.01737200 -0.05297800 -0.03009000 0.77647059 0.71764706 0.60784314
v 0.00603300 -0.05297800 -0.03421700 0.77647059 0.71764706 0.60784314
v -0.00603300 -0.05297800 -0.03421700 0.77647059 0.71764706 0.60784314
v -0.01737200 -0.05297800 -0.03009000 0.77647059 0.71764706 0.60784314
v -0.02661600 -0.05297800 -0.02233300 0.77647059 0.71764706 0.60784314
v -0.03264900 -0.05297800 -0.01188300 0.77647059 0.71764706 0.60784314
v -0.03474400 -0.05297800 0.00000000 0.77647059 0.71764706 0.60784314
v -0.03462000 -0.05282600 0.00000000 0.77647059 0.71764706 0.60784314
v -0.03253200 -0.05282600 0.01184100 0.77647059 0.71764706 0.60784314
v -0.02652000 -0.05282600 0.02225300 0.77647059 0.71764706 0.60784314
v -0.01731000 -0.05282600 0.02998200 0.77647059 0.71764706 0.60784314
v -0.00601200 -0.05282600 0.03409400 0.77647059 0.71764706 0.60784314
v 0.00601200 -0.05282600 0.03409400 0.77647059 0.71764706 0.60784314
v 0.01731000 -0.05282600 0.02998200 0.77647059 0.71764706 0.60784314
v 0.02652000 -0.05282600 0.02225300 0.77647059 0.71764706 0.60784314
v 0.03253200 -0.05282600 0.01184100 0.77647059 0.71764706 0.60784314
v 0.03462000 -0.05282600 0.00000000 0.77647059 0.71764706 0.60784314
v 0.03253200 -0.05282600 -0.01184100 0.77647059 0.71764706 0.60784314
v 0.02652000 -0.05282600 -0.02225300 0.77647059 0.71764706 0.60784314
v 0.01731000 -0.05282600 -0.02998200 0.77647059 0.71764706 0.60784314
v 0.00601200 -0.05282600 -0.03409400 0.77647059 0.71764706 0.60784314
v -0.00601200 -0.05282600 -0.03409400 0.77647059 0.71764706 0.60784314
v -0.01731000 -0.05282600 -0.02998200 0.77647059 0.71764706 0.60784314
v -0.02652000 -0.05282600 -0.02225300 0.77647059 0.71764706 0.60784314
v -0.03253200 -0.05282600 -0.01184100 0.77647059 0.71764706 0.60784314
v -0.03462000 -0.05282600 0.00000000 0.77647059 0.71764706 0.60784314
v -0.03450600 -0.05266700 0.00000000 0.77647059 0.71764706 0.60784314
v -0.03242500 -0.05266700 0.01180200 0.77647059 0.71764706 0.60784314
v -0.02643300 -0.05266700 0.02218000 0.77647059 0.71764706 0.60784314
v -0.01725300 -0.05266700 0.02988300 0.77647059 0.71764706 0.60784314
v -0.00599200 -0.05266700 0.03398100 0.77647059 0.71764706 0.60784314
v 0.00599200 -0.05266700 0.03398100 0.77647059 0.71764706 0.60784314
v 0.01725300 -0.05266700 0.02988300 0.77647059 0.71764706 0.60784314
v 0.02643300 -0.05266700 0.02218000 0.77647059 0.71764706 0.60784314
v 0.03242500 -0.05266700 0.01180200 0.77647059 0.71764706 0.60784314
v 0.03450600 -0.05266700 0.00000000 0.77647059 0.71764706 0.60784314
v 0.03242500 -0.05266700 -0.01180200 0.77647059 0.71764706 0.60784314
v 0.02643300 -0.05266700 -0.02218000 0.77647059 0.71764706 0.60784314
v 0.01725300 -0.05266700 -0.02988300 0.77647059 0.71764706 0.60784314
v 0.00599200 -0.05266700 -0.03398100 0.77647059 0.71764706 0.60784314
v -0.00599200 -0.05266700 -0.03398100 0.77647059 0.71764706 0.60784314
v -0.01725300 -0.05266700 -0.02988300 0.77647059 0.71764706 0.60784314
v -0.02643300 -0.05266700 -0.02218000 0.77647059 0.71764706 0.60784314
v -0.03242500 -0.05266700 -0.01180200 0.77647059 0.71764706 0.60784314
v -0.03450600 -0.05266700 0.00000000 0.77647059 0.71764706 0.60784314
v -0.03440200 -0.05250000 0.00000000 0.77647059 0.71764706 0.60784314
v -0.03232700 -0.05250000 0.01176600 0.77647059 0.71764706 0.60784314
v -0.02635300 -0.05250000 0.02211300 0.77647059 0.71764706 0.60784314
v -0.01720100 -0.05250000 0.02979300 0.77647059 0.71764706 0.60784314
v -0.00597400 -0.05250000 0.03387900 0.77647059 0.71764706 0.60784314
v 0.00597400 -0.05250000 0.03387900 0.77647059 0.71764706 0.60784314
v 0.01720100 -0.05250000 0.02979300 0.77647059 0.71764706 0.60784314
v 0.02635300 -0.05250000 0.02211300 0.77647059 0.71764706 0.60784314
v 0.03232700 -0.05250000 0.01176600 0.77647059 0.71764706 0.60784314
v 0.03440200 -0.05250000 0.00000000 0.77647059 0.71764706 0.60784314
v 0.03232700 -0.05250000 -0.01176600 0.77647059 0.71764706 0.60784314
v 0.02635300 -0.05250000 -0.02211300 0.77647059 0.71764706 0.60784314
v 0.01720100 -0.05250000 -0.02979300 0.77647059 0.71764706 0.60784314
v 0.00597400 -0.05250000 -0.03387900 0.77647059 0.71764706 0.60784314
v -0.00597400 -0.05250000 -0.03387900 0.77647059 0.71764706 0.60784314
v -0.01720100 -0.05250000 -0.02979300 0.77647059 0.71764706 0.60784314
v -0.02635300 -0.05250000 -0.02211300 0.77647059 0.71764706 0.60784314
v -0.03232700 -0.05250000 -0.01176600 0.77647059 0.71764706 0.60784314
v -0.03440200 -0.05250000 0.00000000 0.77647059 0.71764706 0.60784314
v -0.03430900 -0.05232700 0.00000000 0.77647059 0.71764706 0.60784314
v -0.03224000 -0.05232700 0.01173400 0.77647059 0.71764706 0.60784314
v -0.02628300 -0.05232700 0.02205400 0.77647059 0.71764706 0.60784314
v -0.01715500 -0.05232700 0.02971300 0.77647059 0.71764706 0.60784314
v -0.00595800 -0.05232700 0.03378800 0.77647059 0.71764706 0.60784314
v 0.00595800 -0.05232700 0.03378800 0.77647059 0.71764706 0.60784314
v 0.01715500 -0.05232700 0.02971300 0.77647059 0.71764706 0.60784314
v 0.02628300 -0.05232700 0.02205400 0.77647059 0.71764706 0.60784314
v 0.03224000 -0.05232700 0.01173400 0.77647059 0.71764706 0.60784314
v 0.03430900 -0.05232700 0.00000000 0.77647059 0.71764706 0.60784314
v 0.03224000 -0.05232700 -0.01173400 0.77647059 0.71764706 0.60784314
v 0.02628300 -0.05232700 -0.02205400 0.77647059 0.71764706 0.60784314
v 0.01715500 -0.05232700 -0.02971300 0.77647059 0.71764706 0.60784314
v 0.00595800 -0.05232700 -0.03378800 0.77647059 0.71764706 0.60784314
v -0.00595800 -0.05232700 -0.03378800 0.77647059 0.71764706 0.60784314
v -0.01715500 -0.05232700 -0.02971300 0.77647059 0.71764706 0.60784314
v -0.02628300 -0.05232700 -0.02205400 0.77647059 0.71764706 0.60784314
v -0.03224000 -0.05232700 -0.01173400 0.77647059 0.71764706 0.60784314
v -0.03430900 -0.05232700 0.00000000 0.77647059 0.71764706 0.60784314
v -0.03422800 -0.05214800 0.00000000 0.77647059 0.71764706 0.60784314
v -0.03216400 -0.05214800 0.01170700 0.77647059 0.71764706 0.60784314
v -0.02622000 -0.05214800 0.02200200 0.77647059 0.71764706 0.60784314
v -0.01711400 -0.05214800 0.02964300 0.77647059 0.71764706 0.60784314
v -0.00594400 -0.05214800 0.03370800 0.77647059 0.71764706 0.60784314
v 0.00594400 -0.05214800 0.03370800 0.77647059 0.71764706 0.60784314
v 0.01711400 -0.05214800 0.02964300 0.77647059 0.71764706 0.60784314
v 0.02622000 -0.05214800 0.02200200 0.77647059 0.71764706 0.60784314
v 0.03216400 -0.05214800 0.01170700 0.77647059 0.71764706 0.60784314
v 0.03422800 -0.05214800 0.00000000 0.77647059 0.71764706 0.60784314
v 0.03216400 -0.05214800 -0.01170700 0.77647059 0.71764706 0.60784314
v 0.02622000 -0.05214800 -0.02200200 0.77647059 0.71764706 0.60784314
v 0.01711400 -0.05214800 -0.02964300 0.77647059 0.71764706 0.60784314
v 0.00594400 -0.05214800 -0.03370800 0.77647059 0.71764706 0.60784314
v -0.00594400 -0.05214800 -0.03370800 0.77647059 0.71764706 0.60784314
v -0.01711400 -0.05214800 -0.02964300 0.77647059 0.71764706 0.60784314
v -0.02622000 -0.05214800 -0.02200200 0.77647059 0.71764706 0.60784314
v -0.03216400 -0.05214800 -0.01170700 0.77647059 0.71764706 0.60784314
v -0.03422800 -0.05214800 0.00000000 0.77647059 0.71764706 0.60784314
v -0.03415900 -0.05196400 0.00000000 0.77647059 0.71764706 0.60784314
v -0.03209900 -0.05196400 0.01168300 0.77647059 0.71764706 0.60784314
v -0.02616700 -0.05196400 0.02195700 0.77647059 0.71764706 0.60784314
v -0.01708000 -0.05196400 0.02958300 0.77647059 0.71764706 0.60784314
v -0.00593200 -0.05196400 0.03364000 0.77647059 0.71764706 0.60784314
v 0.00593200 -0.05196400 0.03364000 0.77647059 0.71764706 0.60784314
v 0.01708000 -0.05196400 0.02958300 0.77647059 0.71764706 0.60784314
v 0.02616700 -0.05196400 0.02195700 0.77647059 0.71764706 0.60784314
v 0.03209900 -0.05196400 0.01168300 0.77647059 0.71764706 0.60784314
v 0.03415900 -0.05196400 0.00000000 0.77647059 0.71764706 0.60784314
v 0.03209900 -0.05196400 -0.01168300 0.77647059 0.71764706 0.60784314
v 0.02616700 -0.05196400 -0.02195700 0.77647059 0.71764706 0.60784314
v 0.01708000 -0.05196400 -0.02958300 0.77647059 0.71764706 0.60784314
v 0.00593200 -0.05196400 -0.03364000 0.77647059 0.71764706 0.60784314
v -0.00593200 -0.05196400 -0.03364000 0.77647059 0.71764706 0.60784314
v -0.01708000 -0.05196400 -0.02958300 0.77647059 0.71764706 0.60784314
v -0.02616700 -0.05196400 -0.02195700 0.77647059 0.71764706 0.60784314
v -0.03209900 -0.05196400 -0.01168300 0.77647059 0.71764706 0.60784314
v -0.03415900 -0.05196400 0.00000000 0.77647059 0.71764706 0.60784314
v -0.03410200 -0.05177600 0.00000000 0.77647059 0.71764706 0.60784314
v -0.03204600 -0.05177600 0.01166400 0.77647059 0.71764706 0.60784314
v -0.02612400 -0.05177600 0.02192000 0.77647059 0.71764706 0.60784314
v -0.01705100 -0.05177600 0.02953300 0.77647059 0.71764706 0.60784314
v -0.00592200 -0.05177600 0.03358400 0.77647059 0.71764706 0.60784314
v 0.00592200 -0.05177600 0.03358400 0.77647059 0.71764706 0.60784314
v 0.01705100 -0.05177600 0.02953300 0.77647059 0.71764706 0.60784314
v 0.02612400 -0.05177600 0.02192000 0.77647059 0.71764706 0.60784314
v 0.03204600 -0.05177600 0.01166400 0.77647059 0.71764706 0.60784314
v 0.03410200 -0.05177600 0.00000000 0.77647059 0.71764706 0.60784314
v 0.03204600 -0.05177600 -0.01166400 0.77647059 0.71764706 0.60784314
v 0.02612400 -0.05177600 -0.02192000 0.77647059 0.71764706 0.60784314
v 0.01705100 -0.05177600 -0.02953300 0.77647059 0.71764706 0.60784314
v 0.00592200 -0.05177600 -0.03358400 0.77647059 0.71764706 0.60784314
v -0.00592200 -0.05177600 -0.03358400 0.77647059 0.71764706 0.60784314
v -0.01705100 -0.05177600 -0.02953300 0.77647059 0.71764706 0.60784314
v -0.02612400 -0.05177600 -0.02192000 0.77647059 0.71764706 0.60784314
v -0.03204600 -0.05177600 -0.01166400 0.77647059 0.71764706 0.60784314
v -0.03410200 -0.05177600 0.00000000 0.77647059 0.71764706 0.60784314
v -0.03405800 -0.05158500 0.00000000 0.77647059 0.71764706 0.60784314
v -0.03200400 -0.05158500 0.01164800 0.77647059 0.71764706 0.60784314
v -0.02609000 -0.05158500 0.02189200 0.77647059 0.71764706 0.60784314
v -0.01702900 -0.05158500 0.02949500 0.77647059 0.71764706 0.60784314
v -0.00591400 -0.05158500 0.03354000 0.77647059 0.71764706 0.60784314
v 0.00591400 -0.05158500 0.03354000 0.77647059 0.71764706 0.60784314
v 0.01702900 -0.05158500 0.02949500 0.77647059 0.71764706 0.60784314
v 0.02609000 -0.05158500 0.02189200 0.77647059 0.71764706 0.60784314
v 0.03200400 -0.05158500 0.01164800 0.77647059 0.71764706 0.60784314
v 0.03405800 -0.05158500 0.00000000 0.77647059 0.71764706 0.60784314
v 0.03200400 -0.05158500 -0.01164800 0.77647059 0.71764706 0.60784314
v 0.02609000 -0.05158500 -0.02189200 0.77647059 0.71764706 0.60784314
v 0.01702900 -0.05158500 -0.02949500 0.77647059 0.71764706 0.60784314
v 0.00591400 -0.05158500 -0.03354000 0.77647059 0.71764706 0.60784314
v -0.00591400 -0.05158500 -0.03354000 0.77647059 0.71764706 0.60784314
v -0.01702900 -0.05158500 -0.02949500 0.77647059 0.71764706 0.60784314
v -0.02609000 -0.05158500 -0.02189200 0.77647059 0.71764706 0.60784314
v -0.03200400 -0.05158500 -0.01164800 0.77647059 0.71764706 0.60784314
v -0.03405800 -0.05158500 0.00000000 0.77647059 0.71764706 0.60784314
v -0.03402600 -0.05139200 0.00000000 0.77647059 0.71764706 0.60784314
v -0.03197400 -0.05139200 0.01163700 0.77647059 0.71764706 0.60784314
v -0.02606500 -0.05139200 0.02187100 0.77647059 0.71764706 0.60784314
v -0.01701300 -0.05139200 0.02946700 0.77647059 0.71764706 0.60784314
v -0.00590800 -0.05139200 0.03350900 0.77647059 0.71764706 0.60784314
v 0.00590800 -0.05139200 0.03350900 0.77647059 0.71764706 0.60784314
v 0.01701300 -0.05139200 0.02946700 0.77647059 0.71764706 0.60784314
v 0.02606500 -0.05139200 0.02187100 0.77647059 0.71764706 0.60784314
v 0.03197400 -0.05139200 0.01163700 0.77647059 0.71764706 0.60784314
v 0.03402600 -0.05139200 0.00000000 0.77647059 0.71764706 0.60784314
v 0.03197400 -0.05139200 -0.01163700 0.77647059 0.71764706 0.60784314
v 0.02606500 -0.05139200 -0.02187100 0.77647059 0.71764706 0.60784314
v 0.01701300 -0.05139200 -0.02946700 0.77647059 0.71764706 0.60784314
v 0.00590800 -0.05139200 -0.03350900 0.77647059 0.71764706 0.60784314
v -0.00590800 -0.05139200 -0.03350900 0.77647059 0.71764706 0.60784314
v -0.01701300 -0.05139200 -0.02946700 0.77647059 0.71764706 0.60784314
v -0.02606500 -0.05139200 -0.02187100 0.77647059 0.71764706 0.60784314
v -0.03197400 -0.05139200 -0.01163700 0.77647059 0.71764706 0.60784314
v -0.03402600 -0.05139200 0.00000000 0.77647059 0.71764706 0.60784314
v -0.03400600 -0.05119600 0.00000000 0.77647059 0.71764706 0.60784314
v -0.03195600 -0.05119600 0.01163100 0.77647059 0.71764706 0.60784314
v -0.02605000 -0.05119600 0.02185900 0.77647059 0.71764706 0.60784314
v -0.01700300 -0.05119600 0.02945000 0.77647059 0.71764706 0.60784314
v -0.00590500 -0.05119600 0.03349000 0.77647059 0.71764706 0.60784314
v 0.00590500 -0.05119600 0.03349000 0.77647059 0.71764706 0.60784314
v 0.01700300 -0.05119600 0.02945000 0.77647059 0.71764706 0.60784314
v 0.02605000 -0.05119600 0.02185900 0.77647059 0.71764706 0.60784314
v 0.03195600 -0.05119600 0.01163100 0.77647059 0.71764706 0.60784314
v 0.03400600 -0.05119600 0.00000000 0.77647059 0.71764706 0.60784314
v 0.03195600 -0.05119600 -0.01163100 0.77647059 0.71764706 0.60784314
v 0.02605000 -0.05119600 -0.02185900 0.77647059 0.71764706 0.60784314
v 0.01700300 -0.05119600 -0.02945000 0.77647059 0.71764706 0.60784314
v 0.00590500 -0.05119600 -0.03349000 0.77647059 0.71764706 0.60784314
v -0.00590500 -0.05119600 -0.03349000 0.77647059 0.71764706 0.60784314
v -0.01700300 -0.05119600 -0.02945000 0.77647059 0.71764706 0.60784314
v -0.02605000 -0.05119600 -0.02185900 0.77647059 0.71764706 0.60784314
v -0.03195600 -0.05119600 -0.01163100 0.77647059 0.71764706 0.60784314
v -0.03400600 -0.05119600 0.00000000 0.77647059 0.71764706 0.60784314
v -0.03400000 -0.05100000 0.00000000 0.77647059 0.71764706 0.60784314
v -0.03195000 -0.05100000 0.01162900 0.77647059 0.71764706 0.60784314
v -0.02604600 -0.05100000 0.02185500 0.77647059 0.71764706 0.60784314
v -0.01700000 -0.05100000 0.02944500 0.77647059 0.71764706 0.60784314
v -0.00590400 -0.05100000 0.03348300 0.77647059 0.71764706 0.60784314
v 0.00590400 -0.05100000 0.03348300 0.77647059 0.71764706 0.60784314
v 0.01700000 -0.05100000 0.02944500 0.77647059 0.71764706 0.60784314
v 0.02604600 -0.05100000 0.02185500 0.77647059 0.71764706 0.60784314
v 0.03195000 -0.05100000 0.01162900 0.77647059 0.71764706 0.60784314
v 0.03400000 -0.05100000 0.00000000 0.77647059 0.71764706 0.60784314
v 0.03195000 -0.05100000 -0.01162900 0.77647059 0.71764706 0.60784314
v 0.02604600 -0.05100000 -0.02185500 0.77647059 0.71764706 0.60784314
v 0.01700000 -0.05100000 -0.02944500 0.77647059 0.71764706 0.60784314
v 0.00590400 -0.05100000 -0.03348300 0.77647059 0.71764706 0.60784314
v -0.00590400 -0.05100000 -0.03348300 0.77647059 0.71764706 0.60784314
v -0.01700000 -0.05100000 -0.02944500 0.77647059 0.71764706 0.60784314
v -0.02604600 -0.05100000 -0.02185500 0.77647059 0.71764706 0.60784314
v -0.03195000 -0.05100000 -0.01162900 0.77647059 0.71764706 0.60784314
v -0.03400000 -0.05100000 0.00000000 0.77647059 0.71764706 0.60784314
v -0.03400600 -0.05080400 0.00000000 0.77647059 0.71764706 0.60784314
v -0.03195600 -0.05080400 0.01163100 0.77647059 0.71764706 0.60784314
v -0.02605000 -0.05080400 0.02185900 0.77647059 0.71764706 0.60784314
v -0.01700300 -0.05080400 0.02945000 0.77647059 0.71764706 0.60784314
v -0.00590500 -0.05080400 0.03349000 0.77647059 0.71764706 0.60784314
v 0.00590500 -0.05080400 0.03349000 0.77647059 0.71764706 0.60784314
v 0.01700300 -0.05080400 0.02945000 0.77647059 0.71764706 0.60784314
v 0.02605000 -0.05080400 0.02185900 0.77647059 0.71764706 0.60784314
v 0.03195600 -0.05080400 0.01163100 0.77647059 0.71764706 0.60784314
v 0.03400600 -0.05080400 0.00000000 0.77647059 0.71764706 0.60784314
v 0.03195600 -0.05080400 -0.01163100 0.77647059 0.71764706 0.60784314
v 0.02605000 -0.05080400 -0.02185900 0.77647059 0.71764706 0.60784314
v 0.01700300 -0.05080400 -0.02945000 0.77647059 0.71764706 0.60784314
v 0.00590500 -0.05080400 -0.03349000 0.77647059 0.71764706 0.60784314
v -0.00590500 -0.05080400 -0.03349000 0.77647059 0.71764706 0.60784314
v -0.01700300 -0.05080400 -0.02945000 0.77647059 0.71764706 0.60784314
v -0.02605000 -0.05080400 -0.02185900 0.77647059 0.71764706 0.60784314
v -0.03195600 -0.05080400 -0.01163100 0.77647059 0.71764706 0.60784314
v -0.03400600 -0.05080400 0.00000000 0.77647059 0.71764706 0.60784314
v -0.03402600 -0.05060800 0.00000000 0.77647059 0.71764706 0.60784314
v -0.03197400 -0.05060800 0.01163700 0.77647059 0.71764706 0.60784314
v -0.02606500 -0.05060800 0.02187100 0.77647059 0.71764706 0.60784314
v -0.01701300 -0.05060800 0.02946700 0.77647059 0.71764706 0.60784314
v -0.00590800 -0.05060800 0.03350900 0.77647059 0.71764706 0.60784314
v 0.00590800 -0.05060800 0.03350900 0.77647059 0.71764706 0.60784314
v 0.01701300 -0.05060800 0.02946700 0.77647059 0.71764706 0.60784314
v 0.02606500 -0.05060800 0.02187100 0.77647059 0.71764706 0.60784314
v 0.03197400 -0.05060800 0.01163700 0.77647059 0.71764706 0.60784314
v 0.03402600 -0.05060800 0.00000000 0.77647059 0.71764706 0.60784314
v 0.03197400 -0.05060800 -0.01163700 0.77647059 0.71764706 0.60784314
v 0.02606500 -0.05060800 -0.02187100 0.77647059 0.71764706 0.60784314
v 0.01701300 -0.05060800 -0.02946700 0.77647059 0.71764706 0.60784314
v 0.00590800 -0.05060800 -0.03350900 0.77647059 0.71764706 0.60784314
v -0.00590800 -0.05060800 -0.03350900 0.77647059 0.71764706 0.60784314
v -0.01701300 -0.05060800 -0.02946700 0.77647059 0.71764706 0.60784314
v -0.02606500 -0.05060800 -0.02187100 0.77647059 0.71764706 0.60784314
v -0.03197400 -0.05060800 -0.01163700 0.77647059 0.71764706 0.60784314
v -0.03402600 -0.05060800 0.00000000 0.77647059 0.71764706 0.60784314
v -0.03405800 -0.05041500 0.00000000 0.77647059 0.71764706 0.60784314
v -0.03200400 -0.05041500 0.01164800 0.77647059 0.71764706 0.60784314
v -0.02609000 -0.05041500 0.02189200 0.77647059 0.71764706 0.60784314
v -0.01702900 -0.05041500 0.02949500 0.77647059 0.71764706 0.60784314
v -0.00591400 -0.05041500 0.03354000 0.77647059 0.71764706 0.60784314
v 0.00591400 -0.05041500 0.03354000 0.77647059 0.71764706 0.60784314
v 0.01702900 -0.05041500 0.02949500 0.77647059 0.71764706 0.60784314
v 0.02609000 -0.05041500 0.02189200 0.77647059 0.71764706 0.60784314
v 0.03200400 -0.05041500 0.01164800 0.77647059 0.71764706 0.60784314
v 0.03405800 -0.05041500 0.00000000 0.77647059 0.71764706 0.60784314
v 0.03200400 -0.05041500 -0.01164800 0.77647059 0.71764706 0.60784314
v 0.02609000 -0.05041500 -0.02189200 0.77647059 0.71764706 0.60784314
v 0.01702900 -0.05041500 -0.02949500 0.77647059 0.71764706 0.60784314
v 0.00591400 -0.05041500 -0.03354000 0.77647059 0.71764706 0.60784314
v -0.00591400 -0.05041500 -0.03354000 0.77647059 0.71764706 0.60784314
v -0.01702900 -0.05041500 -0.02949500 0.77647059 0.71764706 0.60784314
v -0.02609000 -0.05041500 -0.02189200 0.77647059 0.71764706 0.60784314
v -0.03200400 -0.05041500 -0.01164800 0.77647059 0.71764706 0.60784314
v -0.03405800 -0.05041500 0.00000000 0.77647059 0.71764706 0.60784314
v -0.03410200 -0.05022400 0.00000000 0.77647059 0.71764706 0.60784314
v -0.03204600 -0.05022400 0.01166400 0.77647059 0.71764706 0.60784314
v -0.02612400 -0.05022400 0.02192000 0.77647059 0.71764706 0.60784314
v -0.01705100 -0.05022400 0.02953300 0.77647059 0.71764706 0.60784314
v -0.00592200 -0.05022400 0.03358400 0.77647059 0.71764706 0.60784314
v 0.00592200 -0.05022400 0.03358400 0.77647059 0.71764706 0.60784314
v 0.01705100 -0.05022400 0.02953300 0.77647059 0.71764706 0.60784314
v 0.02612400 -0.05022400 0.02192000 0.77647059 0.71764706 0.60784314
v 0.03204600 -0.05022400 0.01166400 0.77647059 0.71764706 0.60784314
v 0.03410200 -0.05022400 0.00000000 0.77647059 0.71764706 0.60784314
v 0.03204600 -0.05022400 -0.01166400 0.77647059 0.71764706 0.60784314
v 0.02612400 -0.05022400 -0.02192000 0.77647059 0.71764706 0.60784314
v 0.01705100 -0.05022400 -0.02953300 0.77647059 0.71764706 0.60784314
v 0.00592200 -0.05022400 -0.03358400 0.77647059 0.71764706 0.60784314
v -0.00592200 -0.05022400 -0.03358400 0.77647059 0.71764706 0.60784314
v -0.01705100 -0.05022400 -0.02953300 0.77647059 0.71764706 0.60784314
v -0.02612400 -0.05022400 -0.02192000 0.77647059 0.71764706 0.60784314
v -0.03204600 -0.05022400 -0.01166400 0.77647059 0.71764706 0.60784314
v -0.03410200 -0.05022400 0.00000000 0.77647059 0.71764706 0.60784314
v -0.03415900 -0.05003600 0.00000000 0.77647059 0.71764706 0.60784314
v -0.03209900 -0.05003600 0.01168300 0.77647059 0.71764706 0.60784314
v -0.02616700 -0.05003600 0.02195700 0.77647059 0.71764706 0.60784314
v -0.01708000 -0.05003600 0.02958300 0.77647059 0.71764706 0.60784314
v -0.00593200 -0.05003600 0.03364000 0.77647059 0.71764706 0.60784314
v 0.00593200 -0.05003600 0.03364000 0.77647059 0.71764706 0.60784314
v 0.01708000 -0.05003600 0.02958300 0.77647059 0.71764706 0.60784314
v 0.02616700 -0.05003600 0.02195700 0.77647059 0.71764706 0.60784314
v 0.03209900 -0.05003600 0.01168300 0.77647059 0.71764706 0.60784314
v 0.03415900 -0.05003600 0.00000000 0.77647059 0.71764706 0.60784314
v 0.03209900 -0.05003600 -0.01168300 0.77647059 0.71764706 0.60784314
v 0.02616700 -0.05003600 -0.02195700 0.77647059 0.71764706 0.60784314
v 0.01708000 -0.05003600 -0.02958300 0.77647059 0.71764706 0.60784314
v 0.00593200 -0.05003600 -0.03364000 0.77647059 0.71764706 0.60784314
v -0.00593200 -0.05003600 -0.03364000 0.77647059 0.71764706 0.60784314
v -0.01708000 -0.05003600 -0.02958300 0.77647059 0.71764706 0.60784314
v -0.02616700 -0.05003600 -0.02195700 0.77647059 0.71764706 0.60784314
v -0.03209900 -0.05003600 -0.01168300 0.77647059 0.71764706 0.60784314
v -0.03415900 -0.05003600 0.00000000 0.77647059 0.71764706 0.60784314
v -0.03422800 -0.04985200 0.00000000 0.77647059 0.71764706 0.60784314
v -0.03216400 -0.04985200 0.01170700 0.77647059 0.71764706 0.60784314
v -0.02622000 -0.04985200 0.02200200 0.77647059 0.71764706 0.60784314
v -0.01711400 -0.04985200 0.02964300 0.77647059 0.71764706 0.60784314
v -0.00594400 -0.04985200 0.03370800 0.77647059 0.71764706 0.60784314
v 0.00594400 -0.04985200 0.03370800 0.77647059 0.71764706 0.60784314
v 0.01711400 -0.04985200 0.02964300 0.77647059 0.71764706 0.60784314
v 0.02622000 -0.04985200 0.02200200 0.77647059 0.71764706 0.60784314
v 0.03216400 -0.04985200 0.01170700 0.77647059 0.71764706 0.60784314
v 0.03422800 -0.04985200 0.00000000 0.77647059 0.71764706 0.60784314
v 0.03216400 -0.04985200 -0.01170700 0.77647059 0.71764706 0.60784314
v 0.02622000 -0.04985200 -0.02200200 0.77647059 0.71764706 0.60784314
v 0.01711400 -0.04985200 -0.02964300 0.77647059 0.71764706 0.60784314
v 0.00594400 -0.04985200 -0.03370800 0.77647059 0.71764706 0.60784314
v -0.00594400 -0.04985200 -0.03370800 0.77647059 0.71764706 0.60784314
v -0.01711400 -0.04985200 -0.02964300 0.77647059 0.71764706 0.60784314
v -0.02622000 -0.04985200 -0.02200200 0.77647059 0.71764706 0.60784314
v -0.03216400 -0.04985200 -0.01170700 0.77647059 0.71764706 0.60784314
v -0.03422800 -0.04985200 0.00000000 0.77647059 0.71764706 0.60784314
v -0.03430900 -0.04967300 0.00000000 0.77647059 0.71764706 0.60784314
v -0.03224000 -0.04967300 0.01173400 0.77647059 0.71764706 0.60784314
v -0.02628300 -0.04967300 0.02205400 0.77647059 0.71764706 0.60784314
v -0.01715500 -0.04967300 0.02971300 0.77647059 0.71764706 0.60784314
v -0.00595800 -0.04967300 0.03378800 0.77647059 0.71764706 0.60784314
v 0.00595800 -0.04967300 0.03378800 0.77647059 0.71764706 0.60784314
v 0.01715500 -0.04967300 0.02971300 0.77647059 0.71764706 0.60784314
v 0.02628300 -0.04967300 0.02205400 0.77647059 0.71764706 0.60784314
v 0.03224000 -0.04967300 0.01173400 0.77647059 0.71764706 0.60784314
v 0.03430900 -0.04967300 0.00000000 0.77647059 0.71764706 0.60784314
v 0.03224000 -0.04967300 -0.01173400 0.77647059 0.71764706 0.60784314
v 0.02628300 -0.04967300 -0.02205400 0.77647059 0.71764706 0.60784314
v 0.01715500 -0.04967300 -0.02971300 0.77647059 0.71764706 0.60784314
v 0.00595800 -0.04967300 -0.03378800 0.77647059 0.71764706 0.60784314
v -0.00595800 -0.04967300 -0.03378800 0.77647059 0.71764706 0.60784314
v -0.01715500 -0.04967300 -0.02971300 0.77647059 0.71764706 0.60784314
v -0.02628300 -0.04967300 -0.02205400 0.77647059 0.71764706 0.60784314
v -0.03224000 -0.04967300 -0.01173400 0.77647059 0.71764706 0.60784314
v -0.03430900 -0.04967300 0.00000000 0.77647059 0.71764706 0.60784314
v -0.03440200 -0.04950000 0.00000000 0.77647059 0.71764706 0.60784314
v -0.03232700 -0.04950000 0.01176600 0.77647059 0.71764706 0.60784314
v -0.02635300 -0.04950000 0.02211300 0.77647059 0.71764706 0.60784314
v -0.01720100 -0.04950000 0.02979300 0.77647059 0.71764706 0.60784314
v -0.00597400 -0.04950000 0.03387900 0.77647059 0.71764706 0.60784314
v 0.00597400 -0.04950000 0.03387900 0.77647059 0.71764706 0.60784314
v 0.01720100 -0.04950000 0.02979300 0.77647059 0.71764706 0.60784314
v 0.02635300 -0.04950000 0.02211300 0.77647059 0.71764706 0.60784314
v 0.03232700 -0.04950000 0.01176600 0.77647059 0.71764706 0.60784314
v 0.03440200 -0.04950000 0.00000000 0.77647059 0.71764706 0.60784314
v 0.03232700 -0.04950000 -0.01176600 0.77647059 0.71764706 0.60784314
v 0.02635300 -0.04950000 -0.02211300 0.77647059 0.71764706 0.60784314
v 0.01720100 -0.04950000 -0.02979300 0.77647059 0.71764706 0.60784314
v 0.00597400 -0.04950000 -0.03387900 0.77647059 0.71764706 0.60784314
v -0.00597400 -0.04950000 -0.03387900 0.77647059 0.71764706 0.60784314
v -0.01720100 -0.04950000 -0.02979300 0.77647059 0.71764706 0.60784314
v -0.02635300 -0.04950000 -0.02211300 0.77647059 0.71764706 0.60784314
v -0.03232700 -0.04950000 -0.01176600 0.77647059 0.71764706 0.60784314
v -0.03440200 -0.04950000 0.00000000 0.77647059 0.71764706 0.60784314
v -0.03450600 -0.04933300 0.00000000 0.77647059 0.71764706 0.60784314
v -0.03242500 -0.04933300 0.01180200 0.77647059 0.71764706 0.60784314
v -0.02643300 -0.04933300 0.02218000 0.77647059 0.71764706 0.60784314
v -0.01725300 -0.04933300 0.02988300 0.77647059 0.71764706 0.60784314
v -0.00599200 -0.04933300 0.03398100 0.77647059 0.71764706 0.60784314
v 0.00599200 -0.04933300 0.03398100 0.77647059 0.71764706 0.60784314
v 0.01725300 -0.04933300 0.02988300 0.77647059 0.71764706 0.60784314
v 0.02643300 -0.04933300 0.02218000 0.77647059 0.71764706 0.60784314
v 0.03242500 -0.04933300 0.01180200 0.77647059 0.71764706 0.60784314
v 0.03450600 -0.04933300 0.00000000 0.77647059 0.71764706 0.60784314
v 0.03242500 -0.04933300 -0.01180200 0.77647059 0.71764706 0.60784314
v 0.02643300 -0.04933300 -0.02218000 0.77647059 0.71764706 0.60784314
v 0.01725300 -0.04933300 -0.02988300 0.77647059 0.71764706 0.60784314
v 0.00599200 -0.04933300 -0.03398100 0.77647059 0.71764706 0.60784314
v -0.00599200 -0.04933300 -0.03398100 0.77647059 0.71764706 0.60784314
v -0.01725300 -0.04933300 -0.02988300 0.77647059 0.71764706 0.60784314
v -0.02643300 -0.04933300 -0.02218000 0.77647059 0.71764706 0.60784314
v -0.03242500 -0.04933300 -0.01180200 0.77647059 0.71764706 0.60784314
v -0.03450600 -0.04933300 0.00000000 0.77647059 0.71764706 0.60784314
v -0.03462000 -0.04917400 0.00000000 0.77647059 0.71764706 0.60784314
v -0.03253200 -0.04917400 0.01184100 0.77647059 0.71764706 0.60784314
v -0.02652000 -0.04917400 0.02225300 0.77647059 0.71764706 0.60784314
v -0.01731000 -0.04917400 0.02998200 0.77647059 0.71764706 0.60784314
v -0.00601200 -0.04917400 0.03409400 0.77647059 0.71764706 0.60784314
v 0.00601200 -0.04917400 0.03409400 0.77647059 0.71764706 0.60784314
v 0.01731000 -0.04917400 0.02998200 0.77647059 0.71764706 0.60784314
v 0.02652000 -0.04917400 0.02225300 0.77647059 0.71764706 0.60784314
v 0.03253200 -0.04917400 0.01184100 0.77647059 0.71764706 0.60784314
v 0.03462000 -0.04917400 0.00000000 0.77647059 0.71764706 0.60784314
v 0.03253200 -0.04917400 -0.01184100 0.77647059 0.71764706 0.60784314
v 0.02652000 -0.04917400 -0.02225300 0.77647059 0.71764706 0.60784314
v 0.01731000 -0.04917400 -0.02998200 0.77647059 0.71764706 0.60784314
v 0.00601200 -0.04917400 -0.03409400 0.77647059 0.71764706 0.60784314
v -0.00601200 -0.04917400 -0.03409400 0.77647059 0.71764706 0.60784314
v -0.01731000 -0.04917400 -0.02998200 0.77647059 0.71764706 0.60784314
v -0.02652000 -0.04917400 -0.02225300 0.77647059 0.71764706 0.60784314
v -0.03253200 -0.04917400 -0.01184100 0.77647059 0.71764706 0.60784314
v -0.03462000 -0.04917400 0.00000000 0.77647059 0.71764706 0.60784314
v -0.03474400 -0.04902200 0.00000000 0.77647059 0.71764706 0.60784314
v -0.03264900 -0.04902200 0.01188300 0.77647059 0.71764706 0.60784314
v -0.02661600 -0.04902200 0.02233300 0.77647059 0.71764706 0.60784314
v -0.01737200 -0.04902200 0.03009000 0.77647059 0.71764706 0.60784314
v -0.00603300 -0.04902200 0.03421700 0.77647059 0.71764706 0.60784314
v 0.00603300 -0.04902200 0.03421700 0.77647059 0.71764706 0.60784314
v 0.01737200 -0.04902200 0.03009000 0.77647059 0.71764706 0.60784314
v 0.02661600 -0.04902200 0.02233300 0.77647059 0.71764706 0.60784314
v 0.03264900 -0.04902200 0.01188300 0.77647059 0.71764706 0.60784314
v 0.03474400 -0.04902200 0.00000000 0.77647059 0.71764706 0.60784314
v 0.03264900 -0.04902200 -0.01188300 0.77647059 0.71764706 0.60784314
v 0.02661600 -0.04902200 -0.02233300 0.77647059 0.71764706 0.60784314
v 0.01737200 -0.04902200 -0.03009000 0.77647059 0.71764706 0.60784314
v 0.00603300 -0.04902200 -0.03421700 0.77647059 0.71764706 0.60784314
v -0.00603300 -0.04902200 -0.03421700 0.77647059 0.71764706 0.60784314
v -0.01737200 -0.04902200 -0.03009000 0.77647059 0.71764706 0.60784314
v -0.02661600 -0.04902200 -0.02233300 0.77647059 0.71764706 0.60784314
v -0.03264900 -0.04902200 -0.01188300 0.77647059 0.71764706 0.60784314
v -0.03474400 -0.04902200 0.00000000 0.77647059 0.71764706 0.60784314
v -0.03487900 -0.04887900 0.00000000 0.77647059 0.71764706 0.60784314
v -0.03277500 -0.04887900 0.01192900 0.77647059 0.71764706 0.60784314
v -0.02671900 -0.04887900 0.02242000 0.77647059 0.71764706 0.60784314
v -0.01743900 -0.04887900 0.03020600 0.77647059 0.71764706 0.60784314
v -0.00605700 -0.04887900 0.03434900 0.77647059 0.71764706 0.60784314
v 0.00605700 -0.04887900 0.03434900 0.77647059 0.71764706 0.60784314
v 0.01743900 -0.04887900 0.03020600 0.77647059 0.71764706 0.60784314
v 0.02671900 -0.04887900 0.02242000 0.77647059 0.71764706 0.60784314
v 0.03277500 -0.04887900 0.01192900 0.77647059 0.71764706 0.60784314
v 0.03487900 -0.04887900 0.00000000 0.77647059 0.71764706 0.60784314
v 0.03277500 -0.04887900 -0.01192900 0.77647059 0.71764706 0.60784314
v 0.02671900 -0.04887900 -0.02242000 0.77647059 0.71764706 0.60784314
v 0.01743900 -0.04887900 -0.03020600 0.77647059 0.71764706 0.60784314
v 0.00605700 -0.04887900 -0.03434900 0.77647059 0.71764706 0.60784314
v -0.00605700 -0.04887900 -0.03434900 0.77647059 0.71764706 0.60784314
v -0.01743900 -0.04887900 -0.03020600 0.77647059 0.71764706 0.60784314
v -0.02671900 -0.04887900 -0.02242000 0.77647059 0.71764706 0.60784314
v -0.03277500 -0.04887900 -0.01192900 0.77647059 0.71764706 0.60784314
v -0.03487900 -0.04887900 0.00000000 0.77647059 0.71764706 0.60784314
v -0.03502200 -0.04874400 0.00000000 0.77647059 0.71764706 0.60784314
v -0.03291000 -0.04874400 0.01197800 0.77647059 0.71764706 0.60784314
v -0.02682800 -0.04874400 0.02251200 0.77647059 0.71764706 0.60784314
v -0.01751100 -0.04874400 0.03033000 0.77647059 0.71764706 0.60784314
v -0.00608100 -0.04874400 0.03449000 0.77647059 0.71764706 0.60784314
v 0.00608100 -0.04874400 0.03449000 0.77647059 0.71764706 0.60784314
v 0.01751100 -0.04874400 0.03033000 0.77647059 0.71764706 0.60784314
v 0.02682800 -0.04874400 0.02251200 0.77647059 0.71764706 0.60784314
v 0.03291000 -0.04874400 0.01197800 0.77647059 0.71764706 0.60784314
v 0.03502200 -0.04874400 0.00000000 0.77647059 0.71764706 0.60784314
v 0.03291000 -0.04874400 -0.01197800 0.77647059 0.71764706 0.60784314
v 0.02682800 -0.04874400 -0.02251200 0.77647059 0.71764706 0.60784314
v 0.01751100 -0.04874400 -0.03033000 0.77647059 0.71764706 0.60784314
v 0.00608100 -0.04874400 -0.03449000 0.77647059 0.71764706 0.60784314
v -0.00608100 -0.04874400 -0.03449000 0.77647059 0.71764706 0.60784314
v -0.01751100 -0.04874400 -0.03033000 0.77647059 0.71764706 0.60784314
v -0.02682800 -0.04874400 -0.02251200 0.77647059 0.71764706 0.60784314
v -0.03291000 -0.04874400 -0.01197800 0.77647059 0.71764706 0.60784314
v -0.03502200 -0.04874400 0.00000000 0.77647059 0.71764706 0.60784314
v -0.03517400 -0.04862000 0.00000000 0.77647059 0.71764706 0.60784314
v -0.03305200 -0.04862000 0.01203000 0.77647059 0.71764706 0.60784314
v -0.02694500 -0.04862000 0.02260900 0.77647059 0.71764706 0.60784314
v -0.01758700 -0.04862000 0.03046100 0.77647059 0.71764706 0.60784314
v -0.00610800 -0.04862000 0.03463900 0.77647059 0.71764706 0.60784314
v 0.00610800 -0.04862000 0.03463900 0.77647059 0.71764706 0.60784314
v 0.01758700 -0.04862000 0.03046100 0.77647059 0.71764706 0.60784314
v 0.02694500 -0.04862000 0.02260900 0.77647059 0.71764706 0.60784314
v 0.03305200 -0.04862000 0.01203000 0.77647059 0.71764706 0.60784314
v 0.03517400 -0.04862000 0.00000000 0.77647059 0.71764706 0.60784314
v 0.03305200 -0.04862000 -0.01203000 0.77647059 0.71764706 0.60784314
v 0.02694500 -0.04862000 -0.02260900 0.77647059 0.71764706 0.60784314
v 0.01758700 -0.04862000 -0.03046100 0.77647059 0.71764706 0.60784314
v 0.00610800 -0.04862000 -0.03463900 0.77647059 0.71764706 0.60784314
v -0.00610800 -0.04862000 -0.03463900 0.77647059 0.71764706 0.60784314
v -0.01758700 -0.04862000 -0.03046100 0.77647059 0.71764706 0.60784314
v -0.02694500 -0.04862000 -0.02260900 0.77647059 0.71764706 0.60784314
v -0.03305200 -0.04862000 -0.01203000 0.77647059 0.71764706 0.60784314
v -0.03517400 -0.04862000 0.00000000 0.77647059 0.71764706 0.60784314
v -0.03533300 -0.04850600 0.00000000 0.77647059 0.71764706 0.60784314
v -0.03320200 -0.04850600 0.01208500 0.77647059 0.71764706 0.60784314
v -0.02706700 -0.04850600 0.02271200 0.77647059 0.71764706 0.60784314
v -0.01766700 -0.04850600 0.03060000 0.77647059 0.71764706 0.60784314
v -0.00613600 -0.04850600 0.03479600 0.77647059 0.71764706 0.60784314
v 0.00613600 -0.04850600 0.03479600 0.77647059 0.71764706 0.60784314
v 0.01766700 -0.04850600 0.03060000 0.77647059 0.71764706 0.60784314
v 0.02706700 -0.04850600 0.02271200 0.77647059 0.71764706 0.60784314
v 0.03320200 -0.04850600 0.01208500 0.77647059 0.71764706 0.60784314
v 0.03533300 -0.04850600 0.00000000 0.77647059 0.71764706 0.60784314
v 0.03320200 -0.04850600 -0.01208500 0.77647059 0.71764706 0.60784314
v 0.02706700 -0.04850600 -0.02271200 0.77647059 0.71764706 0.60784314
v 0.01766700 -0.04850600 -0.03060000 0.77647059 0.71764706 0.60784314
v 0.00613600 -0.04850600 -0.03479600 0.77647059 0.71764706 0.60784314
v -0.00613600 -0.04850600 -0.03479600 0.77647059 0.71764706 0.60784314
v -0.01766700 -0.04850600 -0.03060000 0.77647059 0.71764706 0.60784314
v -0.02706700 -0.04850600 -0.02271200 0.77647059 0.71764706 0.60784314
v -0.03320200 -0.04850600 -0.01208500 0.77647059 0.71764706 0.60784314
v -0.03533300 -0.04850600 0.00000000 0.77647059 0.71764706 0.60784314
v -0.03550000 -0.04840200 0.00000000 0.77647059 0.71764706 0.60784314
v -0.03335900 -0.04840200 0.01214200 0.77647059 0.71764706 0.60784314
v -0.02719500 -0.04840200 0.02281900 0.77647059 0.71764706 0.60784314
v -0.01775000 -0.04840200 0.03074400 0.77647059 0.71764706 0.60784314
v -0.00616500 -0.04840200 0.03496100 0.77647059 0.71764706 0.60784314
v 0.00616500 -0.04840200 0.03496100 0.77647059 0.71764706 0.60784314
v 0.01775000 -0.04840200 0.03074400 0.77647059 0.71764706 0.60784314
v 0.02719500 -0.04840200 0.02281900 0.77647059 0.71764706 0.60784314
v 0.03335900 -0.04840200 0.01214200 0.77647059 0.71764706 0.60784314
v 0.03550000 -0.04840200 0.00000000 0.77647059 0.71764706 0.60784314
v 0.03335900 -0.04840200 -0.01214200 0.77647059 0.71764706 0.60784314
v 0.02719500 -0.04840200 -0.02281900 0.77647059 0.71764706 0.60784314
v 0.01775000 -0.04840200 -0.03074400 0.77647059 0.71764706 0.60784314
v 0.00616500 -0.04840200 -0.03496100 0.77647059 0.71764706 0.60784314
v -0.00616500 -0.04840200 -0.03496100 0.77647059 0.71764706 0.60784314
v -0.01775000 -0.04840200 -0.03074400 0.77647059 0.71764706 0.60784314
v -0.02719500 -0.04840200 -0.02281900 0.77647059 0.71764706 0.60784314
v -0.03335900 -0.04840200 -0.01214200 0.77647059 0.71764706 0.60784314
v -0.03550000 -0.04840200 0.00000000 0.77647059 0.71764706 0.60784314
v -0.03567300 -0.04830900 0.00000000 0.77647059 0.71764706 0.60784314
v -0.03352200 -0.04830900 0.01220100 0.77647059 0.71764706 0.60784314
v -0.02732700 -0.04830900 0.02293000 0.77647059 0.71764706 0.60784314
v -0.01783700 -0.04830900 0.03089400 0.77647059 0.71764706 0.60784314
v -0.00619500 -0.04830900 0.03513100 0.77647059 0.71764706 0.60784314
v 0.00619500 -0.04830900 0.03513100 0.77647059 0.71764706 0.60784314
v 0.01783700 -0.04830900 0.03089400 0.77647059 0.71764706 0.60784314
v 0.02732700 -0.04830900 0.02293000 0.77647059 0.71764706 0.60784314
v 0.03352200 -0.04830900 0.01220100 0.77647059 0.71764706 0.60784314
v 0.03567300 -0.04830900 0.00000000 0.77647059 0.71764706 0.60784314
v 0.03352200 -0.04830900 -0.01220100 0.77647059 0.71764706 0.60784314
v 0.02732700 -0.04830900 -0.02293000 0.77647059 0.71764706 0.60784314
v 0.01783700 -0.04830900 -0.03089400 0.77647059 0.71764706 0.60784314
v 0.00619500 -0.04830900 -0.03513100 0.77647059 0.71764706 0.60784314
v -0.00619500 -0.04830900 -0.03513100 0.77647059 0.71764706 0.60784314
v -0.01783700 -0.04830900 -0.03089400 0.77647059 0.71764706 0.60784314
v -0.02732700 -0.04830900 -0.02293000 0.77647059 0.71764706 0.60784314
v -0.03352200 -0.04830900 -0.01220100 0.77647059 0.71764706 0.60784314
v -0.03567300 -0.04830900 0.00000000 0.77647059 0.71764706 0.60784314
v -0.03585200 -0.04822800 0.00000000 0.77647059 0.71764706 0.60784314
v -0.03369000 -0.04822800 0.01226200 0.77647059 0.71764706 0.60784314
v -0.02746400 -0.04822800 0.02304500 0.77647059 0.71764706 0.60784314
v -0.01792600 -0.04822800 0.03104900 0.77647059 0.71764706 0.60784314
v -0.00622600 -0.04822800 0.03530700 0.77647059 0.71764706 0.60784314
v 0.00622600 -0.04822800 0.03530700 0.77647059 0.71764706 0.60784314
v 0.01792600 -0.04822800 0.03104900 0.77647059 0.71764706 0.60784314
v 0.02746400 -0.04822800 0.02304500 0.77647059 0.71764706 0.60784314
v 0.03369000 -0.04822800 0.01226200 0.77647059 0.71764706 0.60784314
v 0.03585200 -0.04822800 0.00000000 0.77647059 0.71764706 0.60784314
v 0.03369000 -0.04822800 -0.01226200 0.77647059 0.71764706 0.60784314
v 0.02746400 -0.04822800 -0.02304500 0.77647059 0.71764706 0.60784314
v 0.01792600 -0.04822800 -0.03104900 0.77647059 0.71764706 0.60784314
v 0.00622600 -0.04822800 -0.03530700 0.77647059 0.71764706 0.60784314
v -0.00622600 -0.04822800 -0.03530700 0.77647059 0.71764706 0.60784314
v -0.01792600 -0.04822800 -0.03104900 0.77647059 0.71764706 0.60784314
v -0.02746400 -0.04822800 -0.02304500 0.77647059 0.71764706 0.60784314
v -0.03369000 -0.04822800 -0.01226200 0.77647059 0.71764706 0.60784314
v -0.03585200 -0.04822800 0.00000000 0.77647059 0.71764706 0.60784314
v -0.03603600 -0.04815900 0.00000000 0.77647059 0.71764706 0.60784314
v -0.03386200 -0.04815900 0.01232500 0.77647059 0.71764706 0.60784314
v -0.02760500 -0.04815900 0.02316300 0.77647059 0.71764706 0.60784314
v -0.01801800 -0.04815900 0.03120800 0.77647059 0.71764706 0.60784314
v -0.00625800 -0.04815900 0.03548800 0.77647059 0.71764706 0.60784314
v 0.00625800 -0.04815900 0.03548800 0.77647059 0.71764706 0.60784314
v 0.01801800 -0.04815900 0.03120800 0.77647059 0.71764706 0.60784314
v 0.02760500 -0.04815900 0.02316300 0.77647059 0.71764706 0.60784314
v 0.03386200 -0.04815900 0.01232500 0.77647059 0.71764706 0.60784314
v 0.03603600 -0.04815900 0.00000000 0.77647059 0.71764706 0.60784314
v 0.03386200 -0.04815900 -0.01232500 0.77647059 0.71764706 0.60784314
v 0.02760500 -0.04815900 -0.02316300 0.77647059 0.71764706 0.60784314
v 0.01801800 -0.04815900 -0.03120800 0.77647059 0.71764706 0.60784314
v 0.00625800 -0.04815900 -0.03548800 0.77647059 0.71764706 0.60784314
v -0.00625800 -0.04815900 -0.03548800 0.77647059 0.71764706 0.60784314
v -0.01801800 -0.04815900 -0.03120800 0.77647059 0.71764706 0.60784314
v -0.02760500 -0.04815900 -0.02316300 0.77647059 0.71764706 0.60784314
v -0.03386200 -0.04815900 -0.01232500 0.77647059 0.71764706 0.60784314
v -0.03603600 -0.04815900 0.00000000 0.77647059 0.71764706 0.60784314
v -0.03622400 -0.04810200 0.00000000 0.77647059 0.71764706 0.60784314
v -0.03403900 -0.04810200 0.01238900 0.77647059 0.71764706 0.60784314
v -0.02774900 -0.04810200 0.02328400 0.77647059 0.71764706 0.60784314
v -0.01811200 -0.04810200 0.03137100 0.77647059 0.71764706 0.60784314
v -0.00629000 -0.04810200 0.03567300 0.77647059 0.71764706 0.60784314
v 0.00629000 -0.04810200 0.03567300 0.77647059 0.71764706 0.60784314
v 0.01811200 -0.04810200 0.03137100 0.77647059 0.71764706 0.60784314
v 0.02774900 -0.04810200 0.02328400 0.77647059 0.71764706 0.60784314
v 0.03403900 -0.04810200 0.01238900 0.77647059 0.71764706 0.60784314
v 0.03622400 -0.04810200 0.00000000 0.77647059 0.71764706 0.60784314
v 0.03403900 -0.04810200 -0.01238900 0.77647059 0.71764706 0.60784314
v 0.02774900 -0.04810200 -0.02328400 0.77647059 0.71764706 0.60784314
v 0.01811200 -0.04810200 -0.03137100 0.77647059 0.71764706 0.60784314
v 0.00629000 -0.04810200 -0.03567300 0.77647059 0.71764706 0.60784314
v -0.00629000 -0.04810200 -0.03567300 0.77647059 0.71764706 0.60784314
v -0.01811200 -0.04810200 -0.03137100 0.77647059 0.71764706 0.60784314
v -0.02774900 -0.04810200 -0.02328400 0.77647059 0.71764706 0.60784314
v -0.03403900 -0.04810200 -0.01238900 0.77647059 0.71764706 0.60784314
v -0.03622400 -0.04810200 0.00000000 0.77647059 0.71764706 0.60784314
v -0.03641500 -0.04805800 0.00000000 0.77647059 0.71764706 0.60784314
v -0.03421900 -0.04805800 0.01245500 0.77647059 0.71764706 0.60784314
v -0.02789500 -0.04805800 0.02340700 0.77647059 0.71764706 0.60784314
v -0.01820700 -0.04805800 0.03153600 0.77647059 0.71764706 0.60784314
v -0.00632300 -0.04805800 0.03586200 0.77647059 0.71764706 0.60784314
v 0.00632300 -0.04805800 0.03586200 0.77647059 0.71764706 0.60784314
v 0.01820700 -0.04805800 0.03153600 0.77647059 0.71764706 0.60784314
v 0.02789500 -0.04805800 0.02340700 0.77647059 0.71764706 0.60784314
v 0.03421900 -0.04805800 0.01245500 0.77647059 0.71764706 0.60784314
v 0.03641500 -0.04805800 0.00000000 0.77647059 0.71764706 0.60784314
v 0.03421900 -0.04805800 -0.01245500 0.77647059 0.71764706 0.60784314
v 0.02789500 -0.04805800 -0.02340700 0.77647059 0.71764706 0.60784314
v 0.01820700 -0.04805800 -0.03153600 0.77647059 0.71764706 0.60784314
v 0.00632300 -0.04805800 -0.03586200 0.77647059 0.71764706 0.60784314
v -0.00632300 -0.04805800 -0.03586200 0.77647059 0.71764706 0.60784314
v -0.01820700 -0.04805800 -0.03153600 0.77647059 0.71764706 0.60784314
v -0.02789500 -0.04805800 -0.02340700 0.77647059 0.71764706 0.60784314
v -0.03421900 -0.04805800 -0.01245500 0.77647059 0.71764706 0.60784314
v -0.03641500 -0.04805800 0.00000000 0.77647059 0.71764706 0.60784314
v -0.03660800 -0.04802600 0.00000000 0.77647059 0.71764706 0.60784314
v -0.03440100 -0.04802600 0.01252100 0.77647059 0.71764706 0.60784314
v -0.02804400 -0.04802600 0.02353100 0.77647059 0.71764706 0.60784314
v -0.01830400 -0.04802600 0.03170400 0.77647059 0.71764706 0.60784314
v -0.00635700 -0.04802600 0.03605200 0.77647059 0.71764706 0.60784314
v 0.00635700 -0.04802600 0.03605200 0.77647059 0.71764706 0.60784314
v 0.01830400 -0.04802600 0.03170400 0.77647059 0.71764706 0.60784314
v 0.02804400 -0.04802600 0.02353100 0.77647059 0.71764706 0.60784314
v 0.03440100 -0.04802600 0.01252100 0.77647059 0.71764706 0.60784314
v 0.03660800 -0.04802600 0.00000000 0.77647059 0.71764706 0.60784314
v 0.03440100 -0.04802600 -0.01252100 0.77647059 0.71764706 0.60784314
v 0.02804400 -0.04802600 -0.02353100 0.77647059 0.71764706 0.60784314
v 0.01830400 -0.04802600 -0.03170400 0.77647059 0.71764706 0.60784314
v 0.00635700 -0.04802600 -0.03605200 0.77647059 0.71764706 0.60784314
v -0.00635700 -0.04802600 -0.03605200 0.77647059 0.71764706 0.60784314
v -0.01830400 -0.04802600 -0.03170400 0.77647059 0.71764706 0.60784314
v -0.02804400 -0.04802600 -0.02353100 0.77647059 0.71764706 0.60784314
v -0.03440100 -0.04802600 -0.01252100 0.77647059 0.71764706 0.60784314
v -0.03660800 -0.04802600 0.00000000 0.77647059 0.71764706 0.60784314
v -0.03680400 -0.04800600 0.00000000 0.77647059 0.71764706 0.60784314
v -0.03458400 -0.04800600 0.01258800 0.77647059 0.71764706 0.60784314
v -0.02819300 -0.04800600 0.02365700 0.77647059 0.71764706 0.60784314
v -0.01840200 -0.04800600 0.03187300 0.77647059 0.71764706 0.60784314
v -0.00639100 -0.04800600 0.03624500 0.77647059 0.71764706 0.60784314
v 0.00639100 -0.04800600 0.03624500 0.77647059 0.71764706 0.60784314
v 0.01840200 -0.04800600 0.03187300 0.77647059 0.71764706 0.60784314
v 0.02819300 -0.04800600 0.02365700 0.77647059 0.71764706 0.60784314
v 0.03458400 -0.04800600 0.01258800 0.77647059 0.71764706 0.60784314
v 0.03680400 -0.04800600 0.00000000 0.77647059 0.71764706 0.60784314
v 0.03458400 -0.04800600 -0.01258800 0.77647059 0.71764706 0.60784314
v 0.02819300 -0.04800600 -0.02365700 0.77647059 0.71764706 0.60784314
v 0.01840200 -0.04800600 -0.03187300 0.77647059 0.71764706 0.60784314
v 0.00639100 -0.04800600 -0.03624500 0.77647059 0.71764706 0.60784314
v -0.00639100 -0.04800600 -0.03624500 0.77647059 0.71764706 0.60784314
v -0.01840200 -0.04800600 -0.03187300 0.77647059 0.71764706 0.60784314
v -0.02819300 -0.04800600 -0.02365700 0.77647059 0.71764706 0.60784314
v -0.03458400 -0.04800600 -0.01258800 0.77647059 0.71764706 0.60784314
v -0.03680400 -0.04800600 0.00000000 0.77647059 0.71764706 0.60784314
v -0.03700000 -0.04800000 0.00000000 0.77647059 0.71764706 0.60784314
v -0.03476900 -0.04800000 0.01265500 0.77647059 0.71764706 0.60784314
v -0.02834400 -0.04800000 0.02378300 0.77647059 0.71764706 0.60784314
v -0.01850000 -0.04800000 0.03204300 0.77647059 0.71764706 0.60784314
v -0.00642500 -0.04800000 0.03643800 0.77647059 0.71764706 0.60784314
v 0.00642500 -0.04800000 0.03643800 0.77647059 0.71764706 0.60784314
v 0.01850000 -0.04800000 0.03204300 0.77647059 0.71764706 0.60784314
v 0.02834400 -0.04800000 0.02378300 0.77647059 0.71764706 0.60784314
v 0.03476900 -0.04800000 0.01265500 0.77647059 0.71764706 0.60784314
v 0.03700000 -0.04800000 0.00000000 0.77647059 0.71764706 0.60784314
v 0.03476900 -0.04800000 -0.01265500 0.77647059 0.71764706 0.60784314
v 0.02834400 -0.04800000 -0.02378300 0.77647059 0.71764706 0.60784314
v 0.01850000 -0.04800000 -0.03204300 0.77647059 0.71764706 0.60784314
v 0.00642500 -0.04800000 -0.03643800 0.77647059 0.71764706 0.60784314
v -0.00642500 -0.04800000 -0.03643800 0.77647059 0.71764706 0.60784314
v -0.01850000 -0.04800000 -0.03204300 0.77647059 0.71764706 0.60784314
v -0.02834400 -0.04800000 -0.02378300 0.77647059 0.71764706 0.60784314
v -0.03476900 -0.04800000 -0.01265500 0.77647059 0.71764706 0.60784314
v -0.03700000 -0.04800000 0.00000000 0.77647059 0.71764706 0.60784314
v -0.03719600 -0.04800600 0.00000000 0.77647059 0.71764706 0.60784314
v -0.03495300 -0.04800600 0.01272200 0.77647059 0.71764706 0.60784314
v -0.02849400 -0.04800600 0.02390900 0.77647059 0.71764706 0.60784314
v -0.01859800 -0.04800600 0.03221300 0.77647059 0.71764706 0.60784314
v -0.00645900 -0.04800600 0.03663100 0.77647059 0.71764706 0.60784314
v 0.00645900 -0.04800600 0.03663100 0.77647059 0.71764706 0.60784314
v 0.01859800 -0.04800600 0.03221300 0.77647059 0.71764706 0.60784314
v 0.02849400 -0.04800600 0.02390900 0.77647059 0.71764706 0.60784314
v 0.03495300 -0.04800600 0.01272200 0.77647059 0.71764706 0.60784314
v 0.03719600 -0.04800600 0.00000000 0.77647059 0.71764706 0.60784314
v 0.03495300 -0.04800600 -0.01272200 0.77647059 0.71764706 0.60784314
v 0.02849400 -0.04800600 -0.02390900 0.77647059 0.71764706 0.60784314
v 0.01859800 -0.04800600 -0.03221300 0.77647059 0.71764706 0.60784314
v 0.00645900 -0.04800600 -0.03663100 0.77647059 0.71764706 0.60784314
v -0.00645900 -0.04800600 -0.03663100 0.77647059 0.71764706 0.60784314
v -0.01859800 -0.04800600 -0.03221300 0.77647059 0.71764706 0.60784314
v -0.02849400 -0.04800600 -0.02390900 0.77647059 0.71764706 0.60784314
v -0.03495300 -0.04800600 -0.01272200 0.77647059 0.71764706 0.60784314
v -0.03719600 -0.04800600 0.00000000 0.77647059 0.71764706 0.60784314
v -0.03739200 -0.04802600 0.00000000 0.77647059 0.71764706 0.60784314
v -0.03513700 -0.04802600 0.01278900 0.77647059 0.71764706 0.60784314
v -0.02864400 -0.04802600 0.02403500 0.77647059 0.71764706 0.60784314
v -0.01869600 -0.04802600 0.03238200 0.77647059 0.71764706 0.60784314
v -0.00649300 -0.04802600 0.03682400 0.77647059 0.71764706 0.60784314
v 0.00649300 -0.04802600 0.03682400 0.77647059 0.71764706 0.60784314
v 0.01869600 -0.04802600 0.03238200 0.77647059 0.71764706 0.60784314
v 0.02864400 -0.04802600 0.02403500 0.77647059 0.71764706 0.60784314
v 0.03513700 -0.04802600 0.01278900 0.77647059 0.71764706 0.60784314
v 0.03739200 -0.04802600 0.00000000 0.77647059 0.71764706 0.60784314
v 0.03513700 -0.04802600 -0.01278900 0.77647059 0.71764706 0.60784314
v 0.02864400 -0.04802600 -0.02403500 0.77647059 0.71764706 0.60784314
v 0.01869600 -0.04802600 -0.03238200 0.77647059 0.71764706 0.60784314
v 0.00649300 -0.04802600 -0.03682400 0.77647059 0.71764706 0.60784314
v -0.00649300 -0.04802600 -0.03682400 0.77647059 0.71764706 0.60784314
v -0.01869600 -0.04802600 -0.03238200 0.77647059 0.71764706 0.60784314
v -0.02864400 -0.04802600 -0.02403500 0.77647059 0.71764706 0.60784314
v -0.03513700 -0.04802600 -0.01278900 0.77647059 0.71764706 0.60784314
v -0.03739200 -0.04802600 0.00000000 0.77647059 0.71764706 0.60784314
v -0.03758500 -0.04805800 0.00000000 0.77647059 0.71764706 0.60784314
v -0.03531900 -0.04805800 0.01285500 0.77647059 0.71764706 0.60784314
v -0.02879200 -0.04805800 0.02415900 0.77647059 0.71764706 0.60784314
v -0.01879300 -0.04805800 0.03255000 0.77647059 0.71764706 0.60784314
v -0.00652700 -0.04805800 0.03701400 0.77647059 0.71764706 0.60784314
v 0.00652700 -0.04805800 0.03701400 0.77647059 0.71764706 0.60784314
v 0.01879300 -0.04805800 0.03255000 0.77647059 0.71764706 0.60784314
v 0.02879200 -0.04805800 0.02415900 0.77647059 0.71764706 0.60784314
v 0.03531900 -0.04805800 0.01285500 0.77647059 0.71764706 0.60784314
v 0.03758500 -0.04805800 0.00000000 0.77647059 0.71764706 0.60784314
v 0.03531900 -0.04805800 -0.01285500 0.77647059 0.71764706 0.60784314
v 0.02879200 -0.04805800 -0.02415900 0.77647059 0.71764706 0.60784314
v 0.01879300 -0.04805800 -0.03255000 0.77647059 0.71764706 0.60784314
v 0.00652700 -0.04805800 -0.03701400 0.77647059 0.71764706 0.60784314
v -0.00652700 -0.04805800 -0.03701400 0.77647059 0.71764706 0.60784314
v -0.01879300 -0.04805800 -0.03255000 0.77647059 0.71764706 0.60784314
v -0.02879200 -0.04805800 -0.02415900 0.77647059 0.71764706 0.60784314
v -0.03531900 -0.04805800 -0.01285500 0.77647059 0.71764706 0.60784314
v -0.03758500 -0.04805800 0.00000000 0.77647059 0.71764706 0.60784314
v -0.03777600 -0.04810200 0.00000000 0.77647059 0.71764706 0.60784314
v -0.03549800 -0.04810200 0.01292000 0.77647059 0.71764706 0.60784314
v -0.02893800 -0.04810200 0.02428200 0.77647059 0.71764706 0.60784314
v -0.01888800 -0.04810200 0.03271500 0.77647059 0.71764706 0.60784314
v -0.00656000 -0.04810200 0.03720300 0.77647059 0.71764706 0.60784314
v 0.00656000 -0.04810200 0.03720300 0.77647059 0.71764706 0.60784314
v 0.01888800 -0.04810200 0.03271500 0.77647059 0.71764706 0.60784314
v 0.02893800 -0.04810200 0.02428200 0.77647059 0.71764706 0.60784314
v 0.03549800 -0.04810200 0.01292000 0.77647059 0.71764706 0.60784314
v 0.03777600 -0.04810200 0.00000000 0.77647059 0.71764706 0.60784314
v 0.03549800 -0.04810200 -0.01292000 0.77647059 0.71764706 0.60784314
v 0.02893800 -0.04810200 -0.02428200 0.77647059 0.71764706 0.60784314
v 0.01888800 -0.04810200 -0.03271500 0.77647059 0.71764706 0.60784314
v 0.00656000 -0.04810200 -0.03720300 0.77647059 0.71764706 0.60784314
v -0.00656000 -0.04810200 -0.03720300 0.77647059 0.71764706 0.60784314
v -0.01888800 -0.04810200 -0.03271500 0.77647059 0.71764706 0.60784314
v -0.02893800 -0.04810200 -0.02428200 0.77647059 0.71764706 0.60784314
v -0.03549800 -0.04810200 -0.01292000 0.77647059 0.71764706 0.60784314
v -0.03777600 -0.04810200 0.00000000 0.77647059 0.71764706 0.60784314
v -0.03796400 -0.04815900 0.00000000 0.77647059 0.71764706 0.60784314
v -0.03567500 -0.04815900 0.01298500 0.77647059 0.71764706 0.60784314
v -0.02908200 -0.04815900 0.02440300 0.77647059 0.71764706 0.60784314
v -0.01898200 -0.04815900 0.03287800 0.77647059 0.71764706 0.60784314
v -0.00659200 -0.04815900 0.03738800 0.77647059 0.71764706 0.60784314
v 0.00659200 -0.04815900 0.03738800 0.77647059 0.71764706 0.60784314
v 0.01898200 -0.04815900 0.03287800 0.77647059 0.71764706 0.60784314
v 0.02908200 -0.04815900 0.02440300 0.77647059 0.71764706 0.60784314
v 0.03567500 -0.04815900 0.01298500 0.77647059 0.71764706 0.60784314
v 0.03796400 -0.04815900 0.00000000 0.77647059 0.71764706 0.60784314
v 0.03567500 -0.04815900 -0.01298500 0.77647059 0.71764706 0.60784314
v 0.02908200 -0.04815900 -0.02440300 0.77647059 0.71764706 0.60784314
v 0.01898200 -0.04815900 -0.03287800 0.77647059 0.71764706 0.60784314
v 0.00659200 -0.04815900 -0.03738800 0.77647059 0.71764706 0.60784314
v -0.00659200 -0.04815900 -0.03738800 0.77647059 0.71764706 0.60784314
v -0.01898200 -0.04815900 -0.03287800 0.77647059 0.71764706 0.60784314
v -0.02908200 -0.04815900 -0.02440300 0.77647059 0.71764706 0.60784314
v -0.03567500 -0.04815900 -0.01298500 0.77647059 0.71764706 0.60784314
v -0.03796400 -0.04815900 0.00000000 0.77647059 0.71764706 0.60784314
v -0.03814800 -0.04822800 0.00000000 0.77647059 0.71764706 0.60784314
v -0.03584700 -0.04822800 0.01304700 0.77647059 0.71764706 0.60784314
v -0.02922300 -0.04822800 0.02452100 0.77647059 0.71764706 0.60784314
v -0.01907400 -0.04822800 0.03303700 0.77647059 0.71764706 0.60784314
v -0.00662400 -0.04822800 0.03756800 0.77647059 0.71764706 0.60784314
v 0.00662400 -0.04822800 0.03756800 0.77647059 0.71764706 0.60784314
v 0.01907400 -0.04822800 0.03303700 0.77647059 0.71764706 0.60784314
v 0.02922300 -0.04822800 0.02452100 0.77647059 0.71764706 0.60784314
v 0.03584700 -0.04822800 0.01304700 0.77647059 0.71764706 0.60784314
v 0.03814800 -0.04822800 0.00000000 0.77647059 0.71764706 0.60784314
v 0.03584700 -0.04822800 -0.01304700 0.77647059 0.71764706 0.60784314
v 0.02922300 -0.04822800 -0.02452100 0.77647059 0.71764706 0.60784314
v 0.01907400 -0.04822800 -0.03303700 0.77647059 0.71764706 0.60784314
v 0.00662400 -0.04822800 -0.03756800 0.77647059 0.71764706 0.60784314
v -0.00662400 -0.04822800 -0.03756800 0.77647059 0.71764706 0.60784314
v -0.01907400 -0.04822800 -0.03303700 0.77647059 0.71764706 0.60784314
v -0.02922300 -0.04822800 -0.02452100 0.77647059 0.71764706 0.60784314
v -0.03584700 -0.04822800 -0.01304700 0.77647059 0.71764706 0.60784314
v -0.03814800 -0.04822800 0.00000000 0.77647059 0.71764706 0.60784314
v -0.03832700 -0.04830900 0.00000000 0.77647059 0.71764706 0.60784314
v -0.03601500 -0.04830900 0.01310900 0.77647059 0.71764706 0.60784314
v -0.02936000 -0.04830900 0.02463600 0.77647059 0.71764706 0.60784314
v -0.01916300 -0.04830900 0.03319200 0.77647059 0.71764706 0.60784314
v -0.00665500 -0.04830900 0.03774500 0.77647059 0.71764706 0.60784314
v 0.00665500 -0.04830900 0.03774500 0.77647059 0.71764706 0.60784314
v 0.01916300 -0.04830900 0.03319200 0.77647059 0.71764706 0.60784314
v 0.02936000 -0.04830900 0.02463600 0.77647059 0.71764706 0.60784314
v 0.03601500 -0.04830900 0.01310900 0.77647059 0.71764706 0.60784314
v 0.03832700 -0.04830900 0.00000000 0.77647059 0.71764706 0.60784314
v 0.03601500 -0.04830900 -0.01310900 0.77647059 0.71764706 0.60784314
v 0.02936000 -0.04830900 -0.02463600 0.77647059 0.71764706 0.60784314
v 0.01916300 -0.04830900 -0.03319200 0.77647059 0.71764706 0.60784314
v 0.00665500 -0.04830900 -0.03774500 0.77647059 0.71764706 0.60784314
v -0.00665500 -0.04830900 -0.03774500 0.77647059 0.71764706 0.60784314
v -0.01916300 -0.04830900 -0.03319200 0.77647059 0.71764706 0.60784314
v -0.02936000 -0.04830900 -0.02463600 0.77647059 0.71764706 0.60784314
v -0.03601500 -0.04830900 -0.01310900 0.77647059 0.71764706 0.60784314
v -0.03832700 -0.04830900 0.00000000 0.77647059 0.71764706 0.60784314
v -0.03850000 -0.04840200 0.00000000 0.77647059 0.71764706 0.60784314
v -0.03617800 -0.04840200 0.01316800 0.77647059 0.71764706 0.60784314
v -0.02949300 -0.04840200 0.02474700 0.77647059 0.71764706 0.60784314
v -0.01925000 -0.04840200 0.03334200 0.77647059 0.71764706 0.60784314
v -0.00668500 -0.04840200 0.03791500 0.77647059 0.71764706 0.60784314
v 0.00668500 -0.04840200 0.03791500 0.77647059 0.71764706 0.60784314
v 0.01925000 -0.04840200 0.03334200 0.77647059 0.71764706 0.60784314
v 0.02949300 -0.04840200 0.02474700 0.77647059 0.71764706 0.60784314
v 0.03617800 -0.04840200 0.01316800 0.77647059 0.71764706 0.60784314
v 0.03850000 -0.04840200 0.00000000 0.77647059 0.71764706 0.60784314
v 0.03617800 -0.04840200 -0.01316800 0.77647059 0.71764706 0.60784314
v 0.02949300 -0.04840200 -0.02474700 0.77647059 0.71764706 0.60784314
v 0.01925000 -0.04840200 -0.03334200 0.77647059 0.71764706 0.60784314
v 0.00668500 -0.04840200 -0.03791500 0.77647059 0.71764706 0.60784314
v -0.00668500 -0.04840200 -0.03791500 0.77647059 0.71764706 0.60784314
v -0.01925000 -0.04840200 -0.03334200 0.77647059 0.71764706 0.60784314
v -0.02949300 -0.04840200 -0.02474700 0.77647059 0.71764706 0.60784314
v -0.03617800 -0.04840200 -0.01316800 0.77647059 0.71764706 0.60784314
v -0.03850000 -0.04840200 0.00000000 0.77647059 0.71764706 0.60784314
v -0.03866700 -0.04850600 0.00000000 0.77647059 0.71764706 0.60784314
v -0.03633500 -0.04850600 0.01322500 0.77647059 0.71764706 0.60784314
v -0.02962000 -0.04850600 0.02485400 0.77647059 0.71764706 0.60784314
v -0.01933300 -0.04850600 0.03348600 0.77647059 0.71764706 0.60784314
v -0.00671400 -0.04850600 0.03807900 0.77647059 0.71764706 0.60784314
v 0.00671400 -0.04850600 0.03807900 0.77647059 0.71764706 0.60784314
v 0.01933300 -0.04850600 0.03348600 0.77647059 0.71764706 0.60784314
v 0.02962000 -0.04850600 0.02485400 0.77647059 0.71764706 0.60784314
v 0.03633500 -0.04850600 0.01322500 0.77647059 0.71764706 0.60784314
v 0.03866700 -0.04850600 0.00000000 0.77647059 0.71764706 0.60784314
v 0.03633500 -0.04850600 -0.01322500 0.77647059 0.71764706 0.60784314
v 0.02962000 -0.04850600 -0.02485400 0.77647059 0.71764706 0.60784314
v 0.01933300 -0.04850600 -0.03348600 0.77647059 0.71764706 0.60784314
v 0.00671400 -0.04850600 -0.03807900 0.77647059 0.71764706 0.60784314
v -0.00671400 -0.04850600 -0.03807900 0.77647059 0.71764706 0.60784314
v -0.01933300 -0.04850600 -0.03348600 0.77647059 0.71764706 0.60784314
v -0.02962000 -0.04850600 -0.02485400 0.77647059 0.71764706 0.60784314
v -0.03633500 -0.04850600 -0.01322500 0.77647059 0.71764706 0.60784314
v -0.03866700 -0.04850600 0.00000000 0.77647059 0.71764706 0.60784314
v -0.03882600 -0.04862000 0.00000000 0.77647059 0.71764706 0.60784314
v -0.03648500 -0.04862000 0.01327900 0.77647059 0.71764706 0.60784314
v -0.02974300 -0.04862000 0.02495700 0.77647059 0.71764706 0.60784314
v -0.01941300 -0.04862000 0.03362500 0.77647059 0.71764706 0.60784314
v -0.00674200 -0.04862000 0.03823600 0.77647059 0.71764706 0.60784314
v 0.00674200 -0.04862000 0.03823600 0.77647059 0.71764706 0.60784314
v 0.01941300 -0.04862000 0.03362500 0.77647059 0.71764706 0.60784314
v 0.02974300 -0.04862000 0.02495700 0.77647059 0.71764706 0.60784314
v 0.03648500 -0.04862000 0.01327900 0.77647059 0.71764706 0.60784314
v 0.03882600 -0.04862000 0.00000000 0.77647059 0.71764706 0.60784314
v 0.03648500 -0.04862000 -0.01327900 0.77647059 0.71764706 0.60784314
v 0.02974300 -0.04862000 -0.02495700 0.77647059 0.71764706 0.60784314
v 0.01941300 -0.04862000 -0.03362500 0.77647059 0.71764706 0.60784314
v 0.00674200 -0.04862000 -0.03823600 0.77647059 0.71764706 0.60784314
v -0.00674200 -0.04862000 -0.03823600 0.77647059 0.71764706 0.60784314
v -0.01941300 -0.04862000 -0.03362500 0.77647059 0.71764706 0.60784314
v -0.02974300 -0.04862000 -0.02495700 0.77647059 0.71764706 0.60784314
v -0.03648500 -0.04862000 -0.01327900 0.77647059 0.71764706 0.60784314
v -0.03882600 -0.04862000 0.00000000 0.77647059 0.71764706 0.60784314
v -0.03897800 -0.04874400 0.00000000 0.77647059 0.71764706 0.60784314
v -0.03662700 -0.04874400 0.01333100 0.77647059 0.71764706 0.60784314
v -0.02985900 -0.04874400 0.02505500 0.77647059 0.71764706 0.60784314
v -0.01948900 -0.04874400 0.03375600 0.77647059 0.71764706 0.60784314
v -0.00676800 -0.04874400 0.03838600 0.77647059 0.71764706 0.60784314
v 0.00676800 -0.04874400 0.03838600 0.77647059 0.71764706 0.60784314
v 0.01948900 -0.04874400 0.03375600 0.77647059 0.71764706 0.60784314
v 0.02985900 -0.04874400 0.02505500 0.77647059 0.71764706 0.60784314
v 0.03662700 -0.04874400 0.01333100 0.77647059 0.71764706 0.60784314
v 0.03897800 -0.04874400 0.00000000 0.77647059 0.71764706 0.60784314
v 0.03662700 -0.04874400 -0.01333100 0.77647059 0.71764706 0.60784314
v 0.02985900 -0.04874400 -0.02505500 0.77647059 0.71764706 0.60784314
v 0.01948900 -0.04874400 -0.03375600 0.77647059 0.71764706 0.60784314
v 0.00676800 -0.04874400 -0.03838600 0.77647059 0.71764706 0.60784314
v -0.00676800 -0.04874400 -0.03838600 0.77647059 0.71764706 0.60784314
v -0.01948900 -0.04874400 -0.03375600 0.77647059 0.71764706 0.60784314
v -0.02985900 -0.04874400 -0.02505500 0.77647059 0.71764706 0.60784314
v -0.03662700 -0.04874400 -0.01333100 0.77647059 0.71764706 0.60784314
v -0.03897800 -0.04874400 0.00000000 0.77647059 0.71764706 0.60784314
v -0.03912100 -0.04887900 0.00000000 0.77647059 0.71764706 0.60784314
v -0.03676200 -0.04887900 0.01338000 0.77647059 0.71764706 0.60784314
v -0.02996900 -0.04887900 0.02514700 0.77647059 0.71764706 0.60784314
v -0.01956100 -0.04887900 0.03388000 0.77647059 0.71764706 0.60784314
v -0.00679300 -0.04887900 0.03852700 0.77647059 0.71764706 0.60784314
v 0.00679300 -0.04887900 0.03852700 0.77647059 0.71764706 0.60784314
v 0.01956100 -0.04887900 0.03388000 0.77647059 0.71764706 0.60784314
v 0.02996900 -0.04887900 0.02514700 0.77647059 0.71764706 0.60784314
v 0.03676200 -0.04887900 0.01338000 0.77647059 0.71764706 0.60784314
v 0.03912100 -0.04887900 0.00000000 0.77647059 0.71764706 0.60784314
v 0.03676200 -0.04887900 -0.01338000 0.77647059 0.71764706 0.60784314
v 0.02996900 -0.04887900 -0.02514700 0.77647059 0.71764706 0.60784314
v 0.01956100 -0.04887900 -0.03388000 0.77647059 0.71764706 0.60784314
v 0.00679300 -0.04887900 -0.03852700 0.77647059 0.71764706 0.60784314
v -0.00679300 -0.04887900 -0.03852700 0.77647059 0.71764706 0.60784314
v -0.01956100 -0.04887900 -0.03388000 0.77647059 0.71764706 0.60784314
v -0.02996900 -0.04887900 -0.02514700 0.77647059 0.71764706 0.60784314
v -0.03676200 -0.04887900 -0.01338000 0.77647059 0.71764706 0.60784314
v -0.03912100 -0.04887900 0.00000000 0.77647059 0.71764706 0.60784314
v -0.03925600 -0.04902200 0.00000000 0.77647059 0.71764706 0.60784314
v -0.03688800 -0.04902200 0.01342600 0.77647059 0.71764706 0.60784314
v -0.03007100 -0.04902200 0.02523300 0.77647059 0.71764706 0.60784314
v -0.01962800 -0.04902200 0.03399600 0.77647059 0.71764706 0.60784314
v -0.00681700 -0.04902200 0.03865900 0.77647059 0.71764706 0.60784314
v 0.00681700 -0.04902200 0.03865900 0.77647059 0.71764706 0.60784314
v 0.01962800 -0.04902200 0.03399600 0.77647059 0.71764706 0.60784314
v 0.03007100 -0.04902200 0.02523300 0.77647059 0.71764706 0.60784314
v 0.03688800 -0.04902200 0.01342600 0.77647059 0.71764706 0.60784314
v 0.03925600 -0.04902200 0.00000000 0.77647059 0.71764706 0.60784314
v 0.03688800 -0.04902200 -0.01342600 0.77647059 0.71764706 0.60784314
v 0.03007100 -0.04902200 -0.02523300 0.77647059 0.71764706 0.60784314
v 0.01962800 -0.04902200 -0.03399600 0.77647059 0.71764706 0.60784314
v 0.00681700 -0.04902200 -0.03865900 0.77647059 0.71764706 0.60784314
v -0.00681700 -0.04902200 -0.03865900 0.77647059 0.71764706 0.60784314
v -0.01962800 -0.04902200 -0.03399600 0.77647059 0.71764706 0.60784314
v -0.03007100 -0.04902200 -0.02523300 0.77647059 0.71764706 0.60784314
v -0.03688800 -0.04902200 -0.01342600 0.77647059 0.71764706 0.60784314
v -0.03925600 -0.04902200 0.00000000 0.77647059 0.71764706 0.60784314
v -0.03938000 -0.04917400 0.00000000 0.77647059 0.71764706 0.60784314
v -0.03700500 -0.04917400 0.01346900 0.77647059 0.71764706 0.60784314
v -0.03016700 -0.04917400 0.02531300 0.77647059 0.71764706 0.60784314
v -0.01969000 -0.04917400 0.03410400 0.77647059 0.71764706 0.60784314
v -0.00683800 -0.04917400 0.03878200 0.77647059 0.71764706 0.60784314
v 0.00683800 -0.04917400 0.03878200 0.77647059 0.71764706 0.60784314
v 0.01969000 -0.04917400 0.03410400 0.77647059 0.71764706 0.60784314
v 0.03016700 -0.04917400 0.02531300 0.77647059 0.71764706 0.60784314
v 0.03700500 -0.04917400 0.01346900 0.77647059 0.71764706 0.60784314
v 0.03938000 -0.04917400 0.00000000 0.77647059 0.71764706 0.60784314
v 0.03700500 -0.04917400 -0.01346900 0.77647059 0.71764706 0.60784314
v 0.03016700 -0.04917400 -0.02531300 0.77647059 0.71764706 0.60784314
v 0.01969000 -0.04917400 -0.03410400 0.77647059 0.71764706 0.60784314
v 0.00683800 -0.04917400 -0.03878200 0.77647059 0.71764706 0.60784314
v -0.00683800 -0.04917400 -0.03878200 0.77647059 0.71764706 0.60784314
v -0.01969000 -0.04917400 -0.03410400 0.77647059 0.71764706 0.60784314
v -0.03016700 -0.04917400 -0.02531300 0.77647059 0.71764706 0.60784314
v -0.03700500 -0.04917400 -0.01346900 0.77647059 0.71764706 0.60784314
v -0.03938000 -0.04917400 0.00000000 0.77647059 0.71764706 0.60784314
v -0.03949400 -0.04933300 0.00000000 0.77647059 0.71764706 0.60784314
v -0.03711300 -0.04933300 0.01350800 0.77647059 0.71764706 0.60784314
v -0.03025400 -0.04933300 0.02538700 0.77647059 0.71764706 0.60784314
v -0.01974700 -0.04933300 0.03420300 0.77647059 0.71764706 0.60784314
v -0.00685800 -0.04933300 0.03889400 0.77647059 0.71764706 0.60784314
v 0.00685800 -0.04933300 0.03889400 0.77647059 0.71764706 0.60784314
v 0.01974700 -0.04933300 0.03420300 0.77647059 0.71764706 0.60784314
v 0.03025400 -0.04933300 0.02538700 0.77647059 0.71764706 0.60784314
v 0.03711300 -0.04933300 0.01350800 0.77647059 0.71764706 0.60784314
v 0.03949400 -0.04933300 0.00000000 0.77647059 0.71764706 0.60784314
v 0.03711300 -0.04933300 -0.01350800 0.77647059 0.71764706 0.60784314
v 0.03025400 -0.04933300 -0.02538700 0.77647059 0.71764706 0.60784314
v 0.01974700 -0.04933300 -0.03420300 0.77647059 0.71764706 0.60784314
v 0.00685800 -0.04933300 -0.03889400 0.77647059 0.71764706 0.60784314
v -0.00685800 -0.04933300 -0.03889400 0.77647059 0.71764706 0.60784314
v -0.01974700 -0.04933300 -0.03420300 0.77647059 0.71764706 0.60784314
v -0.03025400 -0.04933300 -0.02538700 0.77647059 0.71764706 0.60784314
v -0.03711300 -0.04933300 -0.01350800 0.77647059 0.71764706 0.60784314
v -0.03949400 -0.04933300 0.00000000 0.77647059 0.71764706 0.60784314
v -0.03959800 -0.04950000 0.00000000 0.77647059 0.71764706 0.60784314
v -0.03721000 -0.04950000 0.01354300 0.77647059 0.71764706 0.60784314
v -0.03033400 -0.04950000 0.02545300 0.77647059 0.71764706 0.60784314
v -0.01979900 -0.04950000 0.03429300 0.77647059 0.71764706 0.60784314
v -0.00687600 -0.04950000 0.03899600 0.77647059 0.71764706 0.60784314
v 0.00687600 -0.04950000 0.03899600 0.77647059 0.71764706 0.60784314
v 0.01979900 -0.04950000 0.03429300 0.77647059 0.71764706 0.60784314
v 0.03033400 -0.04950000 0.02545300 0.77647059 0.71764706 0.60784314
v 0.03721000 -0.04950000 0.01354300 0.77647059 0.71764706 0.60784314
v 0.03959800 -0.04950000 0.00000000 0.77647059 0.71764706 0.60784314
v 0.03721000 -0.04950000 -0.01354300 0.77647059 0.71764706 0.60784314
v 0.03033400 -0.04950000 -0.02545300 0.77647059 0.71764706 0.60784314
v 0.01979900 -0.04950000 -0.03429300 0.77647059 0.71764706 0.60784314
v 0.00687600 -0.04950000 -0.03899600 0.77647059 0.71764706 0.60784314
v -0.00687600 -0.04950000 -0.03899600 0.77647059 0.71764706 0.60784314
v -0.01979900 -0.04950000 -0.03429300 0.77647059 0.71764706 0.60784314
v -0.03033400 -0.04950000 -0.02545300 0.77647059 0.71764706 0.60784314
v -0.03721000 -0.04950000 -0.01354300 0.77647059 0.71764706 0.60784314
v -0.03959800 -0.04950000 0.00000000 0.77647059 0.71764706 0.60784314
v -0.03969100 -0.04967300 0.00000000 0.77647059 0.71764706 0.60784314
v -0.03729700 -0.04967300 0.01357500 0.77647059 0.71764706 0.60784314
v -0.03040500 -0.04967300 0.02551300 0.77647059 0.71764706 0.60784314
v -0.01984500 -0.04967300 0.03437300 0.77647059 0.71764706 0.60784314
v -0.00689200 -0.04967300 0.03908800 0.77647059 0.71764706 0.60784314
v 0.00689200 -0.04967300 0.03908800 0.77647059 0.71764706 0.60784314
v 0.01984500 -0.04967300 0.03437300 0.77647059 0.71764706 0.60784314
v 0.03040500 -0.04967300 0.02551300 0.77647059 0.71764706 0.60784314
v 0.03729700 -0.04967300 0.01357500 0.77647059 0.71764706 0.60784314
v 0.03969100 -0.04967300 0.00000000 0.77647059 0.71764706 0.60784314
v 0.03729700 -0.04967300 -0.01357500 0.77647059 0.71764706 0.60784314
v 0.03040500 -0.04967300 -0.02551300 0.77647059 0.71764706 0.60784314
v 0.01984500 -0.04967300 -0.03437300 0.77647059 0.71764706 0.60784314
v 0.00689200 -0.04967300 -0.03908800 0.77647059 0.71764706 0.60784314
v -0.00689200 -0.04967300 -0.03908800 0.77647059 0.71764706 0.60784314
v -0.01984500 -0.04967300 -0.03437300 0.77647059 0.71764706 0.60784314
v -0.03040500 -0.04967300 -0.02551300 0.77647059 0.71764706 0.60784314
v -0.03729700 -0.04967300 -0.01357500 0.77647059 0.71764706 0.60784314
v -0.03969100 -0.04967300 0.00000000 0.77647059 0.71764706 0.60784314
v -0.03977200 -0.04985200 0.00000000 0.77647059 0.71764706 0.60784314
v -0.03737300 -0.04985200 0.01360300 0.77647059 0.71764706 0.60784314
v -0.03046700 -0.04985200 0.02556500 0.77647059 0.71764706 0.60784314
v -0.01988600 -0.04985200 0.03444300 0.77647059 0.71764706 0.60784314
v -0.00690600 -0.04985200 0.03916700 0.77647059 0.71764706 0.60784314
v 0.00690600 -0.04985200 0.03916700 0.77647059 0.71764706 0.60784314
v 0.01988600 -0.04985200 0.03444300 0.77647059 0.71764706 0.60784314
v 0.03046700 -0.04985200 0.02556500 0.77647059 0.71764706 0.60784314
v 0.03737300 -0.04985200 0.01360300 0.77647059 0.71764706 0.60784314
v 0.03977200 -0.04985200 0.00000000 0.77647059 0.71764706 0.60784314
v 0.03737300 -0.04985200 -0.01360300 0.77647059 0.71764706 0.60784314
v 0.03046700 -0.04985200 -0.02556500 0.77647059 0.71764706 0.60784314
v 0.01988600 -0.04985200 -0.03444300 0.77647059 0.71764706 0.60784314
v 0.00690600 -0.04985200 -0.03916700 0.77647059 0.71764706 0.60784314
v -0.00690600 -0.04985200 -0.03916700 0.77647059 0.71764706 0.60784314
v -0.01988600 -0.04985200 -0.03444300 0.77647059 0.71764706 0.60784314
v -0.03046700 -0.04985200 -0.02556500 0.77647059 0.71764706 0.60784314
v -0.03737300 -0.04985200 -0.01360300 0.77647059 0.71764706 0.60784314
v -0.03977200 -0.04985200 0.00000000 0.77647059 0.71764706 0.60784314
v -0.03984100 -0.05003600 0.00000000 0.77647059 0.71764706 0.60784314
v -0.03743800 -0.05003600 0.01362600 0.77647059 0.71764706 0.60784314
v -0.03052000 -0.05003600 0.02560900 0.77647059 0.71764706 0.60784314
v -0.01992000 -0.05003600 0.03450300 0.77647059 0.71764706 0.60784314
v -0.00691800 -0.05003600 0.03923600 0.77647059 0.71764706 0.60784314
v 0.00691800 -0.05003600 0.03923600 0.77647059 0.71764706 0.60784314
v 0.01992000 -0.05003600 0.03450300 0.77647059 0.71764706 0.60784314
v 0.03052000 -0.05003600 0.02560900 0.77647059 0.71764706 0.60784314
v 0.03743800 -0.05003600 0.01362600 0.77647059 0.71764706 0.60784314
v 0.03984100 -0.05003600 0.00000000 0.77647059 0.71764706 0.60784314
v 0.03743800 -0.05003600 -0.01362600 0.77647059 0.71764706 0.60784314
v 0.03052000 -0.05003600 -0.02560900 0.77647059 0.71764706 0.60784314
v 0.01992000 -0.05003600 -0.03450300 0.77647059 0.71764706 0.60784314
v 0.00691800 -0.05003600 -0.03923600 0.77647059 0.71764706 0.60784314
v -0.00691800 -0.05003600 -0.03923600 0.77647059 0.71764706 0.60784314
v -0.01992000 -0.05003600 -0.03450300 0.77647059 0.71764706 0.60784314
v -0.03052000 -0.05003600 -0.02560900 0.77647059 0.71764706 0.60784314
v -0.03743800 -0.05003600 -0.01362600 0.77647059 0.71764706 0.60784314
v -0.03984100 -0.05003600 0.00000000 0.77647059 0.71764706 0.60784314
v -0.03989800 -0.05022400 0.00000000 0.77647059 0.71764706 0.60784314
v -0.03749200 -0.05022400 0.01364600 0.77647059 0.71764706 0.60784314
v -0.03056300 -0.05022400 0.02564600 0.77647059 0.71764706 0.60784314
v -0.01994900 -0.05022400 0.03455200 0.77647059 0.71764706 0.60784314
v -0.00692800 -0.05022400 0.03929200 0.77647059 0.71764706 0.60784314
v 0.00692800 -0.05022400 0.03929200 0.77647059 0.71764706 0.60784314
v 0.01994900 -0.05022400 0.03455200 0.77647059 0.71764706 0.60784314
v 0.03056300 -0.05022400 0.02564600 0.77647059 0.71764706 0.60784314
v 0.03749200 -0.05022400 0.01364600 0.77647059 0.71764706 0.60784314
v 0.03989800 -0.05022400 0.00000000 0.77647059 0.71764706 0.60784314
v 0.03749200 -0.05022400 -0.01364600 0.77647059 0.71764706 0.60784314
v 0.03056300 -0.05022400 -0.02564600 0.77647059 0.71764706 0.60784314
v 0.01994900 -0.05022400 -0.03455200 0.77647059 0.71764706 0.60784314
v 0.00692800 -0.05022400 -0.03929200 0.77647059 0.71764706 0.60784314
v -0.00692800 -0.05022400 -0.03929200 0.77647059 0.71764706 0.60784314
v -0.01994900 -0.05022400 -0.03455200 0.77647059 0.71764706 0.60784314
v -0.03056300 -0.05022400 -0.02564600 0.77647059 0.71764706 0.60784314
v -0.03749200 -0.05022400 -0.01364600 0.77647059 0.71764706 0.60784314
v -0.03989800 -0.05022400 0.00000000 0.77647059 0.71764706 0.60784314
v -0.03994200 -0.05041500 0.00000000 0.77647059 0.71764706 0.60784314
v -0.03753400 -0.05041500 0.01366100 0.77647059 0.71764706 0.60784314
v -0.03059800 -0.05041500 0.02567400 0.77647059 0.71764706 0.60784314
v -0.01997100 -0.05041500 0.03459100 0.77647059 0.71764706 0.60784314
v -0.00693600 -0.05041500 0.03933600 0.77647059 0.71764706 0.60784314
v 0.00693600 -0.05041500 0.03933600 0.77647059 0.71764706 0.60784314
v 0.01997100 -0.05041500 0.03459100 0.77647059 0.71764706 0.60784314
v 0.03059800 -0.05041500 0.02567400 0.77647059 0.71764706 0.60784314
v 0.03753400 -0.05041500 0.01366100 0.77647059 0.71764706 0.60784314
v 0.03994200 -0.05041500 0.00000000 0.77647059 0.71764706 0.60784314
v 0.03753400 -0.05041500 -0.01366100 0.77647059 0.71764706 0.60784314
v 0.03059800 -0.05041500 -0.02567400 0.77647059 0.71764706 0.60784314
v 0.01997100 -0.05041500 -0.03459100 0.77647059 0.71764706 0.60784314
v 0.00693600 -0.05041500 -0.03933600 0.77647059 0.71764706 0.60784314
v -0.00693600 -0.05041500 -0.03933600 0.77647059 0.71764706 0.60784314
v -0.01997100 -0.05041500 -0.03459100 0.77647059 0.71764706 0.60784314
v -0.03059800 -0.05041500 -0.02567400 0.77647059 0.71764706 0.60784314
v -0.03753400 -0.05041500 -0.01366100 0.77647059 0.71764706 0.60784314
v -0.03994200 -0.05041500 0.00000000 0.77647059 0.71764706 0.60784314
v -0.03997400 -0.05060800 0.00000000 0.77647059 0.71764706 0.60784314
v -0.03756400 -0.05060800 0.01367200 0.77647059 0.71764706 0.60784314
v -0.03062200 -0.05060800 0.02569500 0.77647059 0.71764706 0.60784314
v -0.01998700 -0.05060800 0.03461900 0.77647059 0.71764706 0.60784314
v -0.00694100 -0.05060800 0.03936700 0.77647059 0.71764706 0.60784314
v 0.00694100 -0.05060800 0.03936700 0.77647059 0.71764706 0.60784314
v 0.01998700 -0.05060800 0.03461900 0.77647059 0.71764706 0.60784314
v 0.03062200 -0.05060800 0.02569500 0.77647059 0.71764706 0.60784314
v 0.03756400 -0.05060800 0.01367200 0.77647059 0.71764706 0.60784314
v 0.03997400 -0.05060800 0.00000000 0.77647059 0.71764706 0.60784314
v 0.03756400 -0.05060800 -0.01367200 0.77647059 0.71764706 0.60784314
v 0.03062200 -0.05060800 -0.02569500 0.77647059 0.71764706 0.60784314
v 0.01998700 -0.05060800 -0.03461900 0.77647059 0.71764706 0.60784314
v 0.00694100 -0.05060800 -0.03936700 0.77647059 0.71764706 0.60784314
v -0.00694100 -0.05060800 -0.03936700 0.77647059 0.71764706 0.60784314
v -0.01998700 -0.05060800 -0.03461900 0.77647059 0.71764706 0.60784314
v -0.03062200 -0.05060800 -0.02569500 0.77647059 0.71764706 0.60784314
v -0.03756400 -0.05060800 -0.01367200 0.77647059 0.71764706 0.60784314
v -0.03997400 -0.05060800 0.00000000 0.77647059 0.71764706 0.60784314
v -0.03999400 -0.05080400 0.00000000 0.77647059 0.71764706 0.60784314
v -0.03758200 -0.05080400 0.01367900 0.77647059 0.71764706 0.60784314
v -0.03063700 -0.05080400 0.02570700 0.77647059 0.71764706 0.60784314
v -0.01999700 -0.05080400 0.03463500 0.77647059 0.71764706 0.60784314
v -0.00694500 -0.05080400 0.03938600 0.77647059 0.71764706 0.60784314
v 0.00694500 -0.05080400 0.03938600 0.77647059 0.71764706 0.60784314
v 0.01999700 -0.05080400 0.03463500 0.77647059 0.71764706 0.60784314
v 0.03063700 -0.05080400 0.02570700 0.77647059 0.71764706 0.60784314
v 0.03758200 -0.05080400 0.01367900 0.77647059 0.71764706 0.60784314
v 0.03999400 -0.05080400 0.00000000 0.77647059 0.71764706 0.60784314
v 0.03758200 -0.05080400 -0.01367900 0.77647059 0.71764706 0.60784314
v 0.03063700 -0.05080400 -0.02570700 0.77647059 0.71764706 0.60784314
v 0.01999700 -0.05080400 -0.03463500 0.77647059 0.71764706 0.60784314
v 0.00694500 -0.05080400 -0.03938600 0.77647059 0.71764706 0.60784314
v -0.00694500 -0.05080400 -0.03938600 0.77647059 0.71764706 0.60784314
v -0.01999700 -0.05080400 -0.03463500 0.77647059 0.71764706 0.60784314
v -0.03063700 -0.05080400 -0.02570700 0.77647059 0.71764706 0.60784314
v -0.03758200 -0.05080400 -0.01367900 0.77647059 0.71764706 0.60784314
v -0.03999400 -0.05080400 0.00000000 0.77647059 0.71764706 0.60784314
v -0.04000000 -0.05100000 0.00000000 0.77647059 0.71764706 0.60784314
v -0.03758800 -0.05100000 0.01368100 0.77647059 0.71764706 0.60784314
v -0.03064200 -0.05100000 0.02571200 0.77647059 0.71764706 0.60784314
v -0.02000000 -0.05100000 0.03464100 0.77647059 0.71764706 0.60784314
v -0.00694600 -0.05100000 0.03939200 0.77647059 0.71764706 0.60784314
v 0.00694600 -0.05100000 0.03939200 0.77647059 0.71764706 0.60784314
v 0.02000000 -0.05100000 0.03464100 0.77647059 0.71764706 0.60784314
v 0.03064200 -0.05100000 0.02571200 0.77647059 0.71764706 0.60784314
v 0.03758800 -0.05100000 0.01368100 0.77647059 0.71764706 0.60784314
v 0.04000000 -0.05100000 0.00000000 0.77647059 0.71764706 0.60784314
v 0.03758800 -0.05100000 -0.01368100 0.77647059 0.71764706 0.60784314
v 0.03064200 -0.05100000 -0.02571200 0.77647059 0.71764706 0.60784314
v 0.02000000 -0.05100000 -0.03464100 0.77647059 0.71764706 0.60784314
v 0.00694600 -0.05100000 -0.03939200 0.77647059 0.71764706 0.60784314
v -0.00694600 -0.05100000 -0.03939200 0.77647059 0.71764706 0.60784314
v -0.02000000 -0.05100000 -0.03464100 0.77647059 0.71764706 0.60784314
v -0.03064200 -0.05100000 -0.02571200 0.77647059 0.71764706 0.60784314
v -0.03758800 -0.05100000 -0.01368100 0.77647059 0.71764706 0.60784314
v -0.04000000 -0.05100000 0.00000000 0.77647059 0.71764706 0.60784314
v -0.03840000 0.04100000 0.00000000 0.73725490 0.67843137 0.56862745
v -0.03840000 0.04800000 0.00000000 0.73725490 0.67843137 0.56862745
v -0.03831800 0.04100000 0.00251100 0.73725490 0.67843137 0.56862745
v -0.03831800 0.04800000 0.00251100 0.73725490 0.67843137 0.56862745
v -0.03807100 0.04100000 0.00501200 0.73725490 0.67843137 0.56862745
v -0.03807100 0.04800000 0.00501200 0.73725490 0.67843137 0.56862745
v -0.03766200 0.04100000 0.00749100 0.73725490 0.67843137 0.56862745
v -0.03766200 0.04800000 0.00749100 0.73725490 0.67843137 0.56862745
v -0.03709200 0.04100000 0.00993900 0.73725490 0.67843137 0.56862745
v -0.03709200 0.04800000 0.00993900 0.73725490 0.67843137 0.56862745
v -0.03636200 0.04100000 0.01234300 0.73725490 0.67843137 0.56862745
v -0.03636200 0.04800000 0.01234300 0.73725490 0.67843137 0.56862745
v -0.03547700 0.04100000 0.01469500 0.73725490 0.67843137 0.56862745
v -0.03547700 0.04800000 0.01469500 0.73725490 0.67843137 0.56862745
v -0.03444000 0.04100000 0.01698400 0.73725490 0.67843137 0.56862745
v -0.03444000 0.04800000 0.01698400 0.73725490 0.67843137 0.56862745
v -0.03325500 0.04100000 0.01920000 0.73725490 0.67843137 0.56862745
v -0.03325500 0.04800000 0.01920000 0.73725490 0.67843137 0.56862745
v -0.03192800 0.04100000 0.02133400 0.73725490 0.67843137 0.56862745
v -0.03192800 0.04800000 0.02133400 0.73725490 0.67843137 0.56862745
v -0.03046500 0.04100000 0.02337600 0.73725490 0.67843137 0.56862745
v -0.03046500 0.04800000 0.02337600 0.73725490 0.67843137 0.56862745
v -0.02887100 0.04100000 0.02531900 0.73725490 0.67843137 0.56862745
v -0.02887100 0.04800000 0.02531900 0.73725490 0.67843137 0.56862745
v -0.02715300 0.04100000 0.02715300 0.73725490 0.67843137 0.56862745
v -0.02715300 0.04800000 0.02715300 0.73725490 0.67843137 0.56862745
v -0.02531900 0.04100000 0.02887100 0.73725490 0.67843137 0.56862745
v -0.02531900 0.04800000 0.02887100 0.73725490 0.67843137 0.56862745
v -0.02337600 0.04100000 0.03046500 0.73725490 0.67843137 0.56862745
v -0.02337600 0.04800000 0.03046500 0.73725490 0.67843137 0.56862745
v -0.02133400 0.04100000 0.03192800 0.73725490 0.67843137 0.56862745
v -0.02133400 0.04800000 0.03192800 0.73725490 0.67843137 0.56862745
v -0.01920000 0.04100000 0.03325500 0.73725490 0.67843137 0.56862745
v -0.01920000 0.04800000 0.03325500 0.73725490 0.67843137 0.56862745
v -0.01698400 0.04100000 0.03444000 0.73725490 0.67843137 0.56862745
v -0.01698400 0.04800000 0.03444000 0.73725490 0.67843137 0.56862745
v -0.01469500 0.04100000 0.03547700 0.73725490 0.67843137 0.56862745
v -0.01469500 0.04800000 0.03547700 0.73725490 0.67843137 0.56862745
v -0.01234300 0.04100000 0.03636200 0.73725490 0.67843137 0.56862745
v -0.01234300 0.04800000 0.03636200 0.73725490 0.67843137 0.56862745
v -0.00993900 0.04100000 0.03709200 0.73725490 0.67843137 0.56862745
v -0.00993900 0.04800000 0.03709200 0.73725490 0.67843137 0.56862745
v -0.00749100 0.04100000 0.03766200 0.73725490 0.67843137 0.56862745
v -0.00749100 0.04800000 0.03766200 0.73725490 0.67843137 0.56862745
v -0.00501200 0.04100000 0.03807100 0.73725490 0.67843137 0.56862745
v -0.00501200 0.04800000 0.03807100 0.73725490 0.67843137 0.56862745
v -0.00251100 0.04100000 0.03831800 0.73725490 0.67843137 0.56862745
v -0.00251100 0.04800000 0.03831800 0.73725490 0.67843137 0.56862745
v -0.00000000 0.04100000 0.03840000 0.73725490 0.67843137 0.56862745
v -0.00000000 0.04800000 0.03840000 0.73725490 0.67843137 0.56862745
v 0.00251100 0.04100000 0.03831800 0.73725490 0.67843137 0.56862745
v 0.00251100 0.04800000 0.03831800 0.73725490 0.67843137 0.56862745
v 0.00501200 0.04100000 0.03807100 0.73725490 0.67843137 0.56862745
v 0.00501200 0.04800000 0.03807100 0.73725490 0.67843137 0.56862745
v 0.00749100 0.04100000 0.03766200 0.73725490 0.67843137 0.56862745
v 0.00749100 0.04800000 0.03766200 0.73725490 0.67843137 0.56862745
v 0.00993900 0.04100000 0.03709200 0.73725490 0.67843137 0.56862745
v 0.00993900 0.04800000 0.03709200 0.73725490 0.67843137 0.56862745
v 0.01234300 0.04100000 0.03636200 0.73725490 0.67843137 0.56862745
v 0.01234300 0.04800000 0.03636200 0.73725490 0.67843137 0.56862745
v 0.01469500 0.04100000 0.03547700 0.73725490 0.67843137 0.56862745
v 0.01469500 0.04800000 0.03547700 0.73725490 0.67843137 0.56862745
v 0.01698400 0.04100000 0.03444000 0.73725490 0.67843137 0.56862745
v 0.01698400 0.04800000 0.03444000 0.73725490 0.67843137 0.56862745
v 0.01920000 0.04100000 0.03325500 0.73725490 0.67843137 0.56862745
v 0.01920000 0.04800000 0.03325500 0.73725490 0.67843137 0.56862745
v 0.02133400 0.04100000 0.03192800 0.73725490 0.67843137 0.56862745
v 0.02133400 0.04800000 0.03192800 0.73725490 0.67843137 0.56862745
v 0.02337600 0.04100000 0.03046500 0.73725490 0.67843137 0.56862745
v 0.02337600 0.04800000 0.03046500 0.73725490 0.67843137 0.56862745
v 0.02531900 0.04100000 0.02887100 0.73725490 0.67843137 0.56862745
v 0.02531900 0.04800000 0.02887100 0.73725490 0.67843137 0.56862745
v 0.02715300 0.04100000 0.02715300 0.73725490 0.67843137 0.56862745
v 0.02715300 0.04800000 0.02715300 0.73725490 0.67843137 0.56862745
v 0.02887100 0.04100000 0.02531900 0.73725490 0.67843137 0.56862745
v 0.02887100 0.04800000 0.02531900 0.73725490 0.67843137 0.56862745
v 0.03046500 0.04100000 0.02337600 0.73725490 0.67843137 0.56862745
v 0.03046500 0.04800000 0.02337600 0.73725490 0.67843137 0.56862745
v 0.03192800 0.04100000 0.02133400 0.73725490 0.67843137 0.56862745
v 0.03192800 0.04800000 0.02133400 0.73725490 0.67843137 0.56862745
v 0.03325500 0.04100000 0.01920000 0.73725490 0.67843137 0.56862745
v 0.03325500 0.04800000 0.01920000 0.73725490 0.67843137 0.56862745
v 0.03444000 0.04100000 0.01698400 0.73725490 0.67843137 0.56862745
v 0.03444000 0.04800000 0.01698400 0.73725490 0.67843137 0.56862745
v 0.03547700 0.04100000 0.01469500 0.73725490 0.67843137 0.56862745
v 0.03547700 0.04800000 0.01469500 0.73725490 0.67843137 0.56862745
v 0.03636200 0.04100000 0.01234300 0.73725490 0.67843137 0.56862745
v 0.03636200 0.04800000 0.01234300 0.73725490 0.67843137 0.56862745
v 0.03709200 0.04100000 0.00993900 0.73725490 0.67843137 0.56862745
v 0.03709200 0.04800000 0.00993900 0.73725490 0.67843137 0.56862745
v 0.03766200 0.04100000 0.00749100 0.73725490 0.67843137 0.56862745
v 0.03766200 0.04800000 0.00749100 0.73725490 0.67843137 0.56862745
v 0.03807100 0.04100000 0.00501200 0.73725490 0.67843137 0.56862745
v 0.03807100 0.04800000 0.00501200 0.73725490 0.67843137 0.56862745
v 0.03831800 0.04100000 0.00251100 0.73725490 0.67843137 0.56862745
v 0.03831800 0.04800000 0.00251100 0.73725490 0.67843137 0.56862745
v 0.03840000 0.04100000 0.00000000 0.73725490 0.67843137 0.56862745
v 0.03840000 0.04800000 0.00000000 0.73725490 0.67843137 0.56862745
v 0.03831800 0.04100000 -0.00251100 0.73725490 0.67843137 0.56862745
v 0.03831800 0.04800000 -0.00251100 0.73725490 0.67843137 0.56862745
v 0.03807100 0.04100000 -0.00501200 0.73725490 0.67843137 0.56862745
v 0.03807100 0.04800000 -0.00501200 0.73725490 0.67843137 0.56862745
v 0.03766200 0.04100000 -0.00749100 0.73725490 0.67843137 0.56862745
v 0.03766200 0.04800000 -0.00749100 0.73725490 0.67843137 0.56862745
v 0.03709200 0.04100000 -0.00993900 0.73725490 0.67843137 0.56862745
v 0.03709200 0.04800000 -0.00993900 0.73725490 0.67843137 0.56862745
v 0.03636200 0.04100000 -0.01234300 0.73725490 0.67843137 0.56862745
v 0.03636200 0.04800000 -0.01234300 0.73725490 0.67843137 0.56862745
v 0.03547700 0.04100000 -0.01469500 0.73725490 0.67843137 0.56862745
v 0.03547700 0.04800000 -0.01469500 0.73725490 0.67843137 0.56862745
v 0.03444000 0.04100000 -0.01698400 0.73725490 0.67843137 0.56862745
v 0.03444000 0.04800000 -0.01698400 0.73725490 0.67843137 0.56862745
v 0.03325500 0.04100000 -0.01920000 0.73725490 0.67843137 0.56862745
v 0.03325500 0.04800000 -0.01920000 0.73725490 0.67843137 0.56862745
v 0.03192800 0.04100000 -0.02133400 0.73725490 0.67843137 0.56862745
v 0.03192800 0.04800000 -0.02133400 0.73725490 0.67843137 0.56862745
v 0.03046500 0.04100000 -0.02337600 0.73725490 0.67843137 0.56862745
v 0.03046500 0.04800000 -0.02337600 0.73725490 0.67843137 0.56862745
v 0.02887100 0.04100000 -0.02531900 0.73725490 0.67843137 0.56862745
v 0.02887100 0.04800000 -0.02531900 0.73725490 0.67843137 0.56862745
v 0.02715300 0.04100000 -0.02715300 0.73725490 0.67843137 0.56862745
v 0.02715300 0.04800000 -0.02715300 0.73725490 0.67843137 0.56862745
v 0.02531900 0.04100000 -0.02887100 0.73725490 0.67843137 0.56862745
v 0.02531900 0.04800000 -0.02887100 0.73725490 0.67843137 0.56862745
v 0.02337600 0.04100000 -0.03046500 0.73725490 0.67843137 0.56862745
v 0.02337600 0.04800000 -0.03046500 0.73725490 0.67843137 0.56862745
v 0.02133400 0.04100000 -0.03192800 0.73725490 0.67843137 0.56862745
v 0.02133400 0.04800000 -0.03192800 0.73725490 0.67843137 0.56862745
v 0.01920000 0.04100000 -0.03325500 0.73725490 0.67843137 0.56862745
v 0.01920000 0.04800000 -0.03325500 0.73725490 0.67843137 0.56862745
v 0.01698400 0.04100000 -0.03444000 0.73725490 0.67843137 0.56862745
v 0.01698400 0.04800000 -0.03444000 0.73725490 0.67843137 0.56862745
v 0.01469500 0.04100000 -0.03547700 0.73725490 0.67843137 0.56862745
v 0.01469500 0.04800000 -0.03547700 0.73725490 0.67843137 0.56862745
v 0.01234300 0.04100000 -0.03636200 0.73725490 0.67843137 0.56862745
v 0.01234300 0.04800000 -0.03636200 0.73725490 0.67843137 0.56862745
v 0.00993900 0.04100000 -0.03709200 0.73725490 0.67843137 0.56862745
v 0.00993900 0.04800000 -0.03709200 0.73725490 0.67843137 0.56862745
v 0.00749100 0.04100000 -0.03766200 0.73725490 0.67843137 0.56862745
v 0.00749100 0.04800000 -0.03766200 0.73725490 0.67843137 0.56862745
v 0.00501200 0.04100000 -0.03807100 0.73725490 0.67843137 0.56862745
v 0.00501200 0.04800000 -0.03807100 0.73725490 0.67843137 0.56862745
v 0.00251100 0.04100000 -0.03831800 0.73725490 0.67843137 0.56862745
v 0.00251100 0.04800000 -0.03831800 0.73725490 0.67843137 0.56862745
v -0.00000000 0.04100000 -0.03840000 0.73725490 0.67843137 0.56862745
v -0.00000000 0.04800000 -0.03840000 0.73725490 0.67843137 0.56862745
v -0.00251100 0.04100000 -0.03831800 0.73725490 0.67843137 0.56862745
v -0.00251100 0.04800000 -0.03831800 0.73725490 0.67843137 0.56862745
v -0.00501200 0.04100000 -0.03807100 0.73725490 0.67843137 0.56862745
v -0.00501200 0.04800000 -0.03807100 0.73725490 0.67843137 0.56862745
v -0.00749100 0.04100000 -0.03766200 0.73725490 0.67843137 0.56862745
v -0.00749100 0.04800000 -0.03766200 0.73725490 0.67843137 0.56862745
v -0.00993900 0.04100000 -0.03709200 0.73725490 0.67843137 0.56862745
v -0.00993900 0.04800000 -0.03709200 0.73725490 0.67843137 0.56862745
v -0.01234300 0.04100000 -0.03636200 0.73725490 0.67843137 0.56862745
v -0.01234300 0.04800000 -0.03636200 0.73725490 0.67843137 0.56862745
v -0.01469500 0.04100000 -0.03547700 0.73725490 0.67843137 0.56862745
v -0.01469500 0.04800000 -0.03547700 0.73725490 0.67843137 0.56862745
v -0.01698400 0.04100000 -0.03444000 0.73725490 0.67843137 0.56862745
v -0.01698400 0.04800000 -0.03444000 0.73725490 0.67843137 0.56862745
v -0.01920000 0.04100000 -0.03325500 0.73725490 0.67843137 0.56862745
v -0.01920000 0.04800000 -0.03325500 0.73725490 0.67843137 0.56862745
v -0.02133400 0.04100000 -0.03192800 0.73725490 0.67843137 0.56862745
v -0.02133400 0.04800000 -0.03192800 0.73725490 0.67843137 0.56862745
v -0.02337600 0.04100000 -0.03046500 0.73725490 0.67843137 0.56862745
v -0.02337600 0.04800000 -0.03046500 0.73725490 0.67843137 0.56862745
v -0.02531900 0.04100000 -0.02887100 0.73725490 0.67843137 0.56862745
v -0.02531900 0.04800000 -0.02887100 0.73725490 0.67843137 0.56862745
v -0.02715300 0.04100000 -0.02715300 0.73725490 0.67843137 0.56862745
v -0.02715300 0.04800000 -0.02715300 0.73725490 0.67843137 0.56862745
v -0.02887100 0.04100000 -0.02531900 0.73725490 0.67843137 0.56862745
v -0.02887100 0.04800000 -0.02531900 0.73725490 0.67843137 0.56862745
v -0.03046500 0.04100000 -0.02337600 0.73725490 0.67843137 0.56862745
v -0.03046500 0.04800000 -0.02337600 0.73725490 0.67843137 0.56862745
v -0.03192800 0.04100000 -0.02133400 0.73725490 0.67843137 0.56862745
v -0.03192800 0.04800000 -0.02133400 0.73725490 0.67843137 0.56862745
v -0.03325500 0.04100000 -0.01920000 0.73725490 0.67843137 0.56862745
v -0.03325500 0.04800000 -0.01920000 0.73725490 0.67843137 0.56862745
v -0.03444000 0.04100000 -0.01698400 0.73725490 0.67843137 0.56862745
v -0.03444000 0.04800000 -0.01698400 0.73725490 0.67843137 0.56862745
v -0.03547700 0.04100000 -0.01469500 0.73725490 0.67843137 0.56862745
v -0.03547700 0.04800000 -0.01469500 0.73725490 0.67843137 0.56862745
v -0.03636200 0.04100000 -0.01234300 0.73725490 0.67843137 0.56862745
v -0.03636200 0.04800000 -0.01234300 0.73725490 0.67843137 0.56862745
v -0.03709200 0.04100000 -0.00993900 0.73725490 0.67843137 0.56862745
v -0.03709200 0.04800000 -0.00993900 0.73725490 0.67843137 0.56862745
v -0.03766200 0.04100000 -0.00749100 0.73725490 0.67843137 0.56862745
v -0.03766200 0.04800000 -0.00749100 0.73725490 0.67843137 0.56862745
v -0.03807100 0.04100000 -0.00501200 0.73725490 0.67843137 0.56862745
v -0.03807100 0.04800000 -0.00501200 0.73725490 0.67843137 0.56862745
v -0.03831800 0.04100000 -0.00251100 0.73725490 0.67843137 0.56862745
v -0.03831800 0.04800000 -0.00251100 0.73725490 0.67843137 0.56862745
v -0.00000000 0.04100000 0.00000000 0.73725490 0.67843137 0.56862745
v -0.00000000 0.04800000 0.00000000 0.73725490 0.67843137 0.56862745
v -0.03989200 -0.02538900 0.00000000 0.86666667 0.80000000 0.67843137
v -0.03976000 -0.02553200 0.00135200 0.86666667 0.80000000 0.67843137
v -0.03937500 -0.02595000 0.00259500 0.86666667 0.80000000 0.67843137
v -0.03876900 -0.02660800 0.00362800 0.86666667 0.80000000 0.67843137
v -0.03799100 -0.02745400 0.00436600 0.86666667 0.80000000 0.67843137
v -0.03710300 -0.02841800 0.00475100 0.86666667 0.80000000 0.67843137
v -0.03617700 -0.02942300 0.00475100 0.86666667 0.80000000 0.67843137
v -0.03528900 -0.03038700 0.00436600 0.86666667 0.80000000 0.67843137
v -0.03451100 -0.03123300 0.00362800 0.86666667 0.80000000 0.67843137
v -0.03390500 -0.03189100 0.00259500 0.86666667 0.80000000 0.67843137
v -0.03352000 -0.03230800 0.00135200 0.86666667 0.80000000 0.67843137
v -0.03338800 -0.03245100 0.00000000 0.86666667 0.80000000 0.67843137
v -0.03352000 -0.03230800 -0.00135200 0.86666667 0.80000000 0.67843137
v -0.03390500 -0.03189100 -0.00259500 0.86666667 0.80000000 0.67843137
v -0.03451100 -0.03123300 -0.00362800 0.86666667 0.80000000 0.67843137
v -0.03528900 -0.03038700 -0.00436600 0.86666667 0.80000000 0.67843137
v -0.03617700 -0.02942300 -0.00475100 0.86666667 0.80000000 0.67843137
v -0.03710300 -0.02841800 -0.00475100 0.86666667 0.80000000 0.67843137
v -0.03799100 -0.02745400 -0.00436600 0.86666667 0.80000000 0.67843137
v -0.03876900 -0.02660800 -0.00362800 0.86666667 0.80000000 0.67843137
v -0.03937500 -0.02595000 -0.00259500 0.86666667 0.80000000 0.67843137
v -0.03976000 -0.02553200 -0.00135200 0.86666667 0.80000000 0.67843137
v -0.04225500 -0.02757700 0.00000000 0.86666667 0.80000000 0.67843137
v -0.04213200 -0.02772700 0.00135200 0.86666667 0.80000000 0.67843137
v -0.04177200 -0.02816600 0.00259500 0.86666667 0.80000000 0.67843137
v -0.04120500 -0.02885800 0.00362800 0.86666667 0.80000000 0.67843137
v -0.04047700 -0.02974700 0.00436600 0.86666667 0.80000000 0.67843137
v -0.03964600 -0.03076100 0.00475100 0.86666667 0.80000000 0.67843137
v -0.03878000 -0.03181800 0.00475100 0.86666667 0.80000000 0.67843137
v -0.03794900 -0.03283200 0.00436600 0.86666667 0.80000000 0.67843137
v -0.03722000 -0.03372100 0.00362800 0.86666667 0.80000000 0.67843137
v -0.03665300 -0.03441300 0.00259500 0.86666667 0.80000000 0.67843137
v -0.03629400 -0.03485200 0.00135200 0.86666667 0.80000000 0.67843137
v -0.03617000 -0.03500200 0.00000000 0.86666667 0.80000000 0.67843137
v -0.03629400 -0.03485200 -0.00135200 0.86666667 0.80000000 0.67843137
v -0.03665300 -0.03441300 -0.00259500 0.86666667 0.80000000 0.67843137
v -0.03722000 -0.03372100 -0.00362800 0.86666667 0.80000000 0.67843137
v -0.03794900 -0.03283200 -0.00436600 0.86666667 0.80000000 0.67843137
v -0.03878000 -0.03181800 -0.00475100 0.86666667 0.80000000 0.67843137
v -0.03964600 -0.03076100 -0.00475100 0.86666667 0.80000000 0.67843137
v -0.04047700 -0.02974700 -0.00436600 0.86666667 0.80000000 0.67843137
v -0.04120500 -0.02885800 -0.00362800 0.86666667 0.80000000 0.67843137
v -0.04177200 -0.02816600 -0.00259500 0.86666667 0.80000000 0.67843137
v -0.04213200 -0.02772700 -0.00135200 0.86666667 0.80000000 0.67843137
v -0.04462300 -0.02929800 0.00000000 0.86666667 0.80000000 0.67843137
v -0.04451800 -0.02946200 0.00135200 0.86666667 0.80000000 0.67843137
v -0.04421200 -0.02993900 0.00259500 0.86666667 0.80000000 0.67843137
v -0.04372900 -0.03069300 0.00362800 0.86666667 0.80000000 0.67843137
v -0.04310800 -0.03166000 0.00436600 0.86666667 0.80000000 0.67843137
v -0.04240000 -0.03276300 0.00475100 0.86666667 0.80000000 0.67843137
v -0.04166300 -0.03391300 0.00475100 0.86666667 0.80000000 0.67843137
v -0.04095500 -0.03501700 0.00436600 0.86666667 0.80000000 0.67843137
v -0.04033400 -0.03598400 0.00362800 0.86666667 0.80000000 0.67843137
v -0.03985100 -0.03673700 0.00259500 0.86666667 0.80000000 0.67843137
v -0.03954500 -0.03721500 0.00135200 0.86666667 0.80000000 0.67843137
v -0.03944000 -0.03737900 0.00000000 0.86666667 0.80000000 0.67843137
v -0.03954500 -0.03721500 -0.00135200 0.86666667 0.80000000 0.67843137
v -0.03985100 -0.03673700 -0.00259500 0.86666667 0.80000000 0.67843137
v -0.04033400 -0.03598400 -0.00362800 0.86666667 0.80000000 0.67843137
v -0.04095500 -0.03501700 -0.00436600 0.86666667 0.80000000 0.67843137
v -0.04166300 -0.03391300 -0.00475100 0.86666667 0.80000000 0.67843137
v -0.04240000 -0.03276300 -0.00475100 0.86666667 0.80000000 0.67843137
v -0.04310800 -0.03166000 -0.00436600 0.86666667 0.80000000 0.67843137
v -0.04372900 -0.03069300 -0.00362800 0.86666667 0.80000000 0.67843137
v -0.04421200 -0.02993900 -0.00259500 0.86666667 0.80000000 0.67843137
v -0.04451800 -0.02946200 -0.00135200 0.86666667 0.80000000 0.67843137
v -0.04716100 -0.03072400 0.00000000 0.86666667 0.80000000 0.67843137
v -0.04707600 -0.03089900 0.00135200 0.86666667 0.80000000 0.67843137
v -0.04682800 -0.03140900 0.00259500 0.86666667 0.80000000 0.67843137
v -0.04643600 -0.03221400 0.00362800 0.86666667 0.80000000 0.67843137
v -0.04593200 -0.03324700 0.00436600 0.86666667 0.80000000 0.67843137
v -0.04535800 -0.03442500 0.00475100 0.86666667 0.80000000 0.67843137
v -0.04476000 -0.03565400 0.00475100 0.86666667 0.80000000 0.67843137
v -0.04418600 -0.03683200 0.00436600 0.86666667 0.80000000 0.67843137
v -0.04368200 -0.03786500 0.00362800 0.86666667 0.80000000 0.67843137
v -0.04329000 -0.03867000 0.00259500 0.86666667 0.80000000 0.67843137
v -0.04304200 -0.03918000 0.00135200 0.86666667 0.80000000 0.67843137
v -0.04295700 -0.03935500 0.00000000 0.86666667 0.80000000 0.67843137
v -0.04304200 -0.03918000 -0.00135200 0.86666667 0.80000000 0.67843137
v -0.04329000 -0.03867000 -0.00259500 0.86666667 0.80000000 0.67843137
v -0.04368200 -0.03786500 -0.00362800 0.86666667 0.80000000 0.67843137
v -0.04418600 -0.03683200 -0.00436600 0.86666667 0.80000000 0.67843137
v -0.04476000 -0.03565400 -0.00475100 0.86666667 0.80000000 0.67843137
v -0.04535800 -0.03442500 -0.00475100 0.86666667 0.80000000 0.67843137
v -0.04593200 -0.03324700 -0.00436600 0.86666667 0.80000000 0.67843137
v -0.04643600 -0.03221400 -0.00362800 0.86666667 0.80000000 0.67843137
v -0.04682800 -0.03140900 -0.00259500 0.86666667 0.80000000 0.67843137
v -0.04707600 -0.03089900 -0.00135200 0.86666667 0.80000000 0.67843137
v -0.04983700 -0.03183900 0.00000000 0.86666667 0.80000000 0.67843137
v -0.04977300 -0.03202200 0.00135200 0.86666667 0.80000000 0.67843137
v -0.04958600 -0.03255800 0.00259500 0.86666667 0.80000000 0.67843137
v -0.04929100 -0.03340300 0.00362800 0.86666667 0.80000000 0.67843137
v -0.04891200 -0.03448800 0.00436600 0.86666667 0.80000000 0.67843137
v -0.04848000 -0.03572600 0.00475100 0.86666667 0.80000000 0.67843137
v -0.04803000 -0.03701600 0.00475100 0.86666667 0.80000000 0.67843137
v -0.04759800 -0.03825300 0.00436600 0.86666667 0.80000000 0.67843137
v -0.04722000 -0.03933900 0.00362800 0.86666667 0.80000000 0.67843137
v -0.04692500 -0.04018300 0.00259500 0.86666667 0.80000000 0.67843137
v -0.04673800 -0.04071900 0.00135200 0.86666667 0.80000000 0.67843137
v -0.04667400 -0.04090300 0.00000000 0.86666667 0.80000000 0.67843137
v -0.04673800 -0.04071900 -0.00135200 0.86666667 0.80000000 0.67843137
v -0.04692500 -0.04018300 -0.00259500 0.86666667 0.80000000 0.67843137
v -0.04722000 -0.03933900 -0.00362800 0.86666667 0.80000000 0.67843137
v -0.04759800 -0.03825300 -0.00436600 0.86666667 0.80000000 0.67843137
v -0.04803000 -0.03701600 -0.00475100 0.86666667 0.80000000 0.67843137
v -0.04848000 -0.03572600 -0.00475100 0.86666667 0.80000000 0.67843137
v -0.04891200 -0.03448800 -0.00436600 0.86666667 0.80000000 0.67843137
v -0.04929100 -0.03340300 -0.00362800 0.86666667 0.80000000 0.67843137
v -0.04958600 -0.03255800 -0.00259500 0.86666667 0.80000000 0.67843137
v -0.04977300 -0.03202200 -0.00135200 0.86666667 0.80000000 0.67843137
v -0.05261400 -0.03262700 0.00000000 0.86666667 0.80000000 0.67843137
v -0.05257200 -0.03281700 0.00135200 0.86666667 0.80000000 0.67843137
v -0.05245000 -0.03337100 0.00259500 0.86666667 0.80000000 0.67843137
v -0.05225700 -0.03424500 0.00362800 0.86666667 0.80000000 0.67843137
v -0.05200900 -0.03536700 0.00436600 0.86666667 0.80000000 0.67843137
v -0.05172600 -0.03664700 0.00475100 0.86666667 0.80000000 0.67843137
v -0.05143100 -0.03798100 0.00475100 0.86666667 0.80000000 0.67843137
v -0.05114800 -0.03926100 0.00436600 0.86666667 0.80000000 0.67843137
v -0.05090000 -0.04038400 0.00362800 0.86666667 0.80000000 0.67843137
v -0.05070700 -0.04125700 0.00259500 0.86666667 0.80000000 0.67843137
v -0.05058400 -0.04181100 0.00135200 0.86666667 0.80000000 0.67843137
v -0.05054200 -0.04200100 0.00000000 0.86666667 0.80000000 0.67843137
v -0.05058400 -0.04181100 -0.00135200 0.86666667 0.80000000 0.67843137
v -0.05070700 -0.04125700 -0.00259500 0.86666667 0.80000000 0.67843137
v -0.05090000 -0.04038400 -0.00362800 0.86666667 0.80000000 0.67843137
v -0.05114800 -0.03926100 -0.00436600 0.86666667 0.80000000 0.67843137
v -0.05143100 -0.03798100 -0.00475100 0.86666667 0.80000000 0.67843137
v -0.05172600 -0.03664700 -0.00475100 0.86666667 0.80000000 0.67843137
v -0.05200900 -0.03536700 -0.00436600 0.86666667 0.80000000 0.67843137
v -0.05225700 -0.03424500 -0.00362800 0.86666667 0.80000000 0.67843137
v -0.05245000 -0.03337100 -0.00259500 0.86666667 0.80000000 0.67843137
v -0.05257200 -0.03281700 -0.00135200 0.86666667 0.80000000 0.67843137
v -0.05545800 -0.03308100 0.00000000 0.86666667 0.80000000 0.67843137
v -0.05543900 -0.03327500 0.00135200 0.86666667 0.80000000 0.67843137
v -0.05538300 -0.03384000 0.00259500 0.86666667 0.80000000 0.67843137
v -0.05529500 -0.03473000 0.00362800 0.86666667 0.80000000 0.67843137
v -0.05518100 -0.03587400 0.00436600 0.86666667 0.80000000 0.67843137
v -0.05505200 -0.03717800 0.00475100 0.86666667 0.80000000 0.67843137
v -0.05491700 -0.03853800 0.00475100 0.86666667 0.80000000 0.67843137
v -0.05478700 -0.03984200 0.00436600 0.86666667 0.80000000 0.67843137
v -0.05467400 -0.04098600 0.00362800 0.86666667 0.80000000 0.67843137
v -0.05458500 -0.04187600 0.00259500 0.86666667 0.80000000 0.67843137
v -0.05452900 -0.04244100 0.00135200 0.86666667 0.80000000 0.67843137
v -0.05451000 -0.04263400 0.00000000 0.86666667 0.80000000 0.67843137
v -0.05452900 -0.04244100 -0.00135200 0.86666667 0.80000000 0.67843137
v -0.05458500 -0.04187600 -0.00259500 0.86666667 0.80000000 0.67843137
v -0.05467400 -0.04098600 -0.00362800 0.86666667 0.80000000 0.67843137
v -0.05478700 -0.03984200 -0.00436600 0.86666667 0.80000000 0.67843137
v -0.05491700 -0.03853800 -0.00475100 0.86666667 0.80000000 0.67843137
v -0.05505200 -0.03717800 -0.00475100 0.86666667 0.80000000 0.67843137
v -0.05518100 -0.03587400 -0.00436600 0.86666667 0.80000000 0.67843137
v -0.05529500 -0.03473000 -0.00362800 0.86666667 0.80000000 0.67843137
v -0.05538300 -0.03384000 -0.00259500 0.86666667 0.80000000 0.67843137
v -0.05543900 -0.03327500 -0.00135200 0.86666667 0.80000000 0.67843137
v -0.05833300 -0.03319500 0.00000000 0.86666667 0.80000000 0.67843137
v -0.05833700 -0.03339000 0.00135200 0.86666667 0.80000000 0.67843137
v -0.05834800 -0.03395700 0.00259500 0.86666667 0.80000000 0.67843137
v -0.05836600 -0.03485200 0.00362800 0.86666667 0.80000000 0.67843137
v -0.05838800 -0.03600100 0.00436600 0.86666667 0.80000000 0.67843137
v -0.05841400 -0.03731100 0.00475100 0.86666667 0.80000000 0.67843137
v -0.05844100 -0.03867700 0.00475100 0.86666667 0.80000000 0.67843137
v -0.05846700 -0.03998800 0.00436600 0.86666667 0.80000000 0.67843137
v -0.05849000 -0.04113700 0.00362800 0.86666667 0.80000000 0.67843137
v -0.05850800 -0.04203200 0.00259500 0.86666667 0.80000000 0.67843137
v -0.05851900 -0.04259900 0.00135200 0.86666667 0.80000000 0.67843137
v -0.05852300 -0.04279300 0.00000000 0.86666667 0.80000000 0.67843137
v -0.05851900 -0.04259900 -0.00135200 0.86666667 0.80000000 0.67843137
v -0.05850800 -0.04203200 -0.00259500 0.86666667 0.80000000 0.67843137
v -0.05849000 -0.04113700 -0.00362800 0.86666667 0.80000000 0.67843137
v -0.05846700 -0.03998800 -0.00436600 0.86666667 0.80000000 0.67843137
v -0.05844100 -0.03867700 -0.00475100 0.86666667 0.80000000 0.67843137
v -0.05841400 -0.03731100 -0.00475100 0.86666667 0.80000000 0.67843137
v -0.05838800 -0.03600100 -0.00436600 0.86666667 0.80000000 0.67843137
v -0.05836600 -0.03485200 -0.00362800 0.86666667 0.80000000 0.67843137
v -0.05834800 -0.03395700 -0.00259500 0.86666667 0.80000000 0.67843137
v -0.05833700 -0.03339000 -0.00135200 0.86666667 0.80000000 0.67843137
v -0.06120100 -0.03296800 0.00000000 0.86666667 0.80000000 0.67843137
v -0.06122800 -0.03316000 0.00135200 0.86666667 0.80000000 0.67843137
v -0.06130600 -0.03372200 0.00259500 0.86666667 0.80000000 0.67843137
v -0.06143000 -0.03460800 0.00362800 0.86666667 0.80000000 0.67843137
v -0.06158900 -0.03574700 0.00436600 0.86666667 0.80000000 0.67843137
v -0.06177000 -0.03704500 0.00475100 0.86666667 0.80000000 0.67843137
v -0.06195800 -0.03839800 0.00475100 0.86666667 0.80000000 0.67843137
v -0.06213900 -0.03969700 0.00436600 0.86666667 0.80000000 0.67843137
v -0.06229800 -0.04083500 0.00362800 0.86666667 0.80000000 0.67843137
v -0.06242100 -0.04172100 0.00259500 0.86666667 0.80000000 0.67843137
v -0.06250000 -0.04228300 0.00135200 0.86666667 0.80000000 0.67843137
v -0.06252700 -0.04247600 0.00000000 0.86666667 0.80000000 0.67843137
v -0.06250000 -0.04228300 -0.00135200 0.86666667 0.80000000 0.67843137
v -0.06242100 -0.04172100 -0.00259500 0.86666667 0.80000000 0.67843137
v -0.06229800 -0.04083500 -0.00362800 0.86666667 0.80000000 0.67843137
v -0.06213900 -0.03969700 -0.00436600 0.86666667 0.80000000 0.67843137
v -0.06195800 -0.03839800 -0.00475100 0.86666667 0.80000000 0.67843137
v -0.06177000 -0.03704500 -0.00475100 0.86666667 0.80000000 0.67843137
v -0.06158900 -0.03574700 -0.00436600 0.86666667 0.80000000 0.67843137
v -0.06143000 -0.03460800 -0.00362800 0.86666667 0.80000000 0.67843137
v -0.06130600 -0.03372200 -0.00259500 0.86666667 0.80000000 0.67843137
v -0.06122800 -0.03316000 -0.00135200 0.86666667 0.80000000 0.67843137
v -0.06402700 -0.03240100 0.00000000 0.86666667 0.80000000 0.67843137
v -0.06407700 -0.03258900 0.00135200 0.86666667 0.80000000 0.67843137
v -0.06422100 -0.03313800 0.00259500 0.86666667 0.80000000 0.67843137
v -0.06444800 -0.03400400 0.00362800 0.86666667 0.80000000 0.67843137
v -0.06474000 -0.03511500 0.00436600 0.86666667 0.80000000 0.67843137
v -0.06507300 -0.03638300 0.00475100 0.86666667 0.80000000 0.67843137
v -0.06542100 -0.03770400 0.00475100 0.86666667 0.80000000 0.67843137
v -0.06575400 -0.03897200 0.00436600 0.86666667 0.80000000 0.67843137
v -0.06604600 -0.04008400 0.00362800 0.86666667 0.80000000 0.67843137
v -0.06627300 -0.04094900 0.00259500 0.86666667 0.80000000 0.67843137
v -0.06641800 -0.04149800 0.00135200 0.86666667 0.80000000 0.67843137
v -0.06646700 -0.04168600 0.00000000 0.86666667 0.80000000 0.67843137
v -0.06641800 -0.04149800 -0.00135200 0.86666667 0.80000000 0.67843137
v -0.06627300 -0.04094900 -0.00259500 0.86666667 0.80000000 0.67843137
v -0.06604600 -0.04008400 -0.00362800 0.86666667 0.80000000 0.67843137
v -0.06575400 -0.03897200 -0.00436600 0.86666667 0.80000000 0.67843137
v -0.06542100 -0.03770400 -0.00475100 0.86666667 0.80000000 0.67843137
v -0.06507300 -0.03638300 -0.00475100 0.86666667 0.80000000 0.67843137
v -0.06474000 -0.03511500 -0.00436600 0.86666667 0.80000000 0.67843137
v -0.06444800 -0.03400400 -0.00362800 0.86666667 0.80000000 0.67843137
v -0.06422100 -0.03313800 -0.00259500 0.86666667 0.80000000 0.67843137
v -0.06407700 -0.03258900 -0.00135200 0.86666667 0.80000000 0.67843137
v -0.06677500 -0.03150300 0.00000000 0.86666667 0.80000000 0.67843137
v -0.06684600 -0.03168400 0.00135200 0.86666667 0.80000000 0.67843137
v -0.06705400 -0.03221200 0.00259500 0.86666667 0.80000000 0.67843137
v -0.06738100 -0.03304400 0.00362800 0.86666667 0.80000000 0.67843137
v -0.06780200 -0.03411400 0.00436600 0.86666667 0.80000000 0.67843137
v -0.06828200 -0.03533400 0.00475100 0.86666667 0.80000000 0.67843137
v -0.06878300 -0.03660500 0.00475100 0.86666667 0.80000000 0.67843137
v -0.06926300 -0.03782500 0.00436600 0.86666667 0.80000000 0.67843137
v -0.06968400 -0.03889400 0.00362800 0.86666667 0.80000000 0.67843137
v -0.07001200 -0.03972700 0.00259500 0.86666667 0.80000000 0.67843137
v -0.07022000 -0.04025500 0.00135200 0.86666667 0.80000000 0.67843137
v -0.07029100 -0.04043600 0.00000000 0.86666667 0.80000000 0.67843137
v -0.07022000 -0.04025500 -0.00135200 0.86666667 0.80000000 0.67843137
v -0.07001200 -0.03972700 -0.00259500 0.86666667 0.80000000 0.67843137
v -0.06968400 -0.03889400 -0.00362800 0.86666667 0.80000000 0.67843137
v -0.06926300 -0.03782500 -0.00436600 0.86666667 0.80000000 0.67843137
v -0.06878300 -0.03660500 -0.00475100 0.86666667 0.80000000 0.67843137
v -0.06828200 -0.03533400 -0.00475100 0.86666667 0.80000000 0.67843137
v -0.06780200 -0.03411400 -0.00436600 0.86666667 0.80000000 0.67843137
v -0.06738100 -0.03304400 -0.00362800 0.86666667 0.80000000 0.67843137
v -0.06705400 -0.03221200 -0.00259500 0.86666667 0.80000000 0.67843137
v -0.06684600 -0.03168400 -0.00135200 0.86666667 0.80000000 0.67843137
v -0.06940800 -0.03028300 0.00000000 0.86666667 0.80000000 0.67843137
v -0.06950000 -0.03045400 0.00135200 0.86666667 0.80000000 0.67843137
v -0.06976800 -0.03095400 0.00259500 0.86666667 0.80000000 0.67843137
v -0.07019100 -0.03174300 0.00362800 0.86666667 0.80000000 0.67843137
v -0.07073500 -0.03275500 0.00436600 0.86666667 0.80000000 0.67843137
v -0.07135400 -0.03391100 0.00475100 0.86666667 0.80000000 0.67843137
v -0.07200000 -0.03511500 0.00475100 0.86666667 0.80000000 0.67843137
v -0.07262000 -0.03627000 0.00436600 0.86666667 0.80000000 0.67843137
v -0.07316300 -0.03728200 0.00362800 0.86666667 0.80000000 0.67843137
v -0.07358600 -0.03807100 0.00259500 0.86666667 0.80000000 0.67843137
v -0.07385500 -0.03857100 0.00135200 0.86666667 0.80000000 0.67843137
v -0.07394700 -0.03874200 0.00000000 0.86666667 0.80000000 0.67843137
v -0.07385500 -0.03857100 -0.00135200 0.86666667 0.80000000 0.67843137
v -0.07358600 -0.03807100 -0.00259500 0.86666667 0.80000000 0.67843137
v -0.07316300 -0.03728200 -0.00362800 0.86666667 0.80000000 0.67843137
v -0.07262000 -0.03627000 -0.00436600 0.86666667 0.80000000 0.67843137
v -0.07200000 -0.03511500 -0.00475100 0.86666667 0.80000000 0.67843137
v -0.07135400 -0.03391100 -0.00475100 0.86666667 0.80000000 0.67843137
v -0.07073500 -0.03275500 -0.00436600 0.86666667 0.80000000 0.67843137
v -0.07019100 -0.03174300 -0.00362800 0.86666667 0.80000000 0.67843137
v -0.06976800 -0.03095400 -0.00259500 0.86666667 0.80000000 0.67843137
v -0.06950000 -0.03045400 -0.00135200 0.86666667 0.80000000 0.67843137
v -0.07189300 -0.02875600 0.00000000 0.86666667 0.80000000 0.67843137
v -0.07200400 -0.02891600 0.00135200 0.86666667 0.80000000 0.67843137
v -0.07232900 -0.02938100 0.00259500 0.86666667 0.80000000 0.67843137
v -0.07284100 -0.03011500 0.00362800 0.86666667 0.80000000 0.67843137
v -0.07349900 -0.03105700 0.00436600 0.86666667 0.80000000 0.67843137
v -0.07424900 -0.03213300 0.00475100 0.86666667 0.80000000 0.67843137
v -0.07503000 -0.03325300 0.00475100 0.86666667 0.80000000 0.67843137
v -0.07578000 -0.03432800 0.00436600 0.86666667 0.80000000 0.67843137
v -0.07643800 -0.03527100 0.00362800 0.86666667 0.80000000 0.67843137
v -0.07695000 -0.03600500 0.00259500 0.86666667 0.80000000 0.67843137
v -0.07727500 -0.03647000 0.00135200 0.86666667 0.80000000 0.67843137
v -0.07738600 -0.03662900 0.00000000 0.86666667 0.80000000 0.67843137
v -0.07727500 -0.03647000 -0.00135200 0.86666667 0.80000000 0.67843137
v -0.07695000 -0.03600500 -0.00259500 0.86666667 0.80000000 0.67843137
v -0.07643800 -0.03527100 -0.00362800 0.86666667 0.80000000 0.67843137
v -0.07578000 -0.03432800 -0.00436600 0.86666667 0.80000000 0.67843137
v -0.07503000 -0.03325300 -0.00475100 0.86666667 0.80000000 0.67843137
v -0.07424900 -0.03213300 -0.00475100 0.86666667 0.80000000 0.67843137
v -0.07349900 -0.03105700 -0.00436600 0.86666667 0.80000000 0.67843137
v -0.07284100 -0.03011500 -0.00362800 0.86666667 0.80000000 0.67843137
v -0.07232900 -0.02938100 -0.00259500 0.86666667 0.80000000 0.67843137
v -0.07200400 -0.02891600 -0.00135200 0.86666667 0.80000000 0.67843137
v -0.07419700 -0.02694100 0.00000000 0.86666667 0.80000000 0.67843137
v -0.07432600 -0.02708700 0.00135200 0.86666667 0.80000000 0.67843137
v -0.07470300 -0.02751200 0.00259500 0.86666667 0.80000000 0.67843137
v -0.07529600 -0.02818100 0.00362800 0.86666667 0.80000000 0.67843137
v -0.07605800 -0.02904100 0.00436600 0.86666667 0.80000000 0.67843137
v -0.07692700 -0.03002300 0.00475100 0.86666667 0.80000000 0.67843137
v -0.07783300 -0.03104500 0.00475100 0.86666667 0.80000000 0.67843137
v -0.07870300 -0.03202600 0.00436600 0.86666667 0.80000000 0.67843137
v -0.07946500 -0.03288700 0.00362800 0.86666667 0.80000000 0.67843137
v -0.08005800 -0.03355600 0.00259500 0.86666667 0.80000000 0.67843137
v -0.08043400 -0.03398100 0.00135200 0.86666667 0.80000000 0.67843137
v -0.08056300 -0.03412700 0.00000000 0.86666667 0.80000000 0.67843137
v -0.08043400 -0.03398100 -0.00135200 0.86666667 0.80000000 0.67843137
v -0.08005800 -0.03355600 -0.00259500 0.86666667 0.80000000 0.67843137
v -0.07946500 -0.03288700 -0.00362800 0.86666667 0.80000000 0.67843137
v -0.07870300 -0.03202600 -0.00436600 0.86666667 0.80000000 0.67843137
v -0.07783300 -0.03104500 -0.00475100 0.86666667 0.80000000 0.67843137
v -0.07692700 -0.03002300 -0.00475100 0.86666667 0.80000000 0.67843137
v -0.07605800 -0.02904100 -0.00436600 0.86666667 0.80000000 0.67843137
v -0.07529600 -0.02818100 -0.00362800 0.86666667 0.80000000 0.67843137
v -0.07470300 -0.02751200 -0.00259500 0.86666667 0.80000000 0.67843137
v -0.07432600 -0.02708700 -0.00135200 0.86666667 0.80000000 0.67843137
v -0.07628900 -0.02486100 0.00000000 0.86666667 0.80000000 0.67843137
v -0.07643400 -0.02499100 0.00135200 0.86666667 0.80000000 0.67843137
v -0.07685600 -0.02536900 0.00259500 0.86666667 0.80000000 0.67843137
v -0.07752300 -0.02596700 0.00362800 0.86666667 0.80000000 0.67843137
v -0.07837900 -0.02673400 0.00436600 0.86666667 0.80000000 0.67843137
v -0.07935500 -0.02760900 0.00475100 0.86666667 0.80000000 0.67843137
v -0.08037200 -0.02852100 0.00475100 0.86666667 0.80000000 0.67843137
v -0.08134800 -0.02939500 0.00436600 0.86666667 0.80000000 0.67843137
v -0.08220400 -0.03016300 0.00362800 0.86666667 0.80000000 0.67843137
v -0.08287000 -0.03076000 0.00259500 0.86666667 0.80000000 0.67843137
v -0.08329300 -0.03113900 0.00135200 0.86666667 0.80000000 0.67843137
v -0.08343800 -0.03126800 0.00000000 0.86666667 0.80000000 0.67843137
v -0.08329300 -0.03113900 -0.00135200 0.86666667 0.80000000 0.67843137
v -0.08287000 -0.03076000 -0.00259500 0.86666667 0.80000000 0.67843137
v -0.08220400 -0.03016300 -0.00362800 0.86666667 0.80000000 0.67843137
v -0.08134800 -0.02939500 -0.00436600 0.86666667 0.80000000 0.67843137
v -0.08037200 -0.02852100 -0.00475100 0.86666667 0.80000000 0.67843137
v -0.07935500 -0.02760900 -0.00475100 0.86666667 0.80000000 0.67843137
v -0.07837900 -0.02673400 -0.00436600 0.86666667 0.80000000 0.67843137
v -0.07752300 -0.02596700 -0.00362800 0.86666667 0.80000000 0.67843137
v -0.07685600 -0.02536900 -0.00259500 0.86666667 0.80000000 0.67843137
v -0.07643400 -0.02499100 -0.00135200 0.86666667 0.80000000 0.67843137
v -0.07814000 -0.02254200 0.00000000 0.86666667 0.80000000 0.67843137
v -0.07829900 -0.02265400 0.00135200 0.86666667 0.80000000 0.67843137
v -0.07876200 -0.02298200 0.00259500 0.86666667 0.80000000 0.67843137
v -0.07949100 -0.02350000 0.00362800 0.86666667 0.80000000 0.67843137
v -0.08042900 -0.02416400 0.00436600 0.86666667 0.80000000 0.67843137
v -0.08149900 -0.02492200 0.00475100 0.86666667 0.80000000 0.67843137
v -0.08261300 -0.02571200 0.00475100 0.86666667 0.80000000 0.67843137
v -0.08368300 -0.02647000 0.00436600 0.86666667 0.80000000 0.67843137
v -0.08462000 -0.02713500 0.00362800 0.86666667 0.80000000 0.67843137
v -0.08535000 -0.02765200 0.00259500 0.86666667 0.80000000 0.67843137
v -0.08581300 -0.02798100 0.00135200 0.86666667 0.80000000 0.67843137
v -0.08597200 -0.02809300 0.00000000 0.86666667 0.80000000 0.67843137
v -0.08581300 -0.02798100 -0.00135200 0.86666667 0.80000000 0.67843137
v -0.08535000 -0.02765200 -0.00259500 0.86666667 0.80000000 0.67843137
v -0.08462000 -0.02713500 -0.00362800 0.86666667 0.80000000 0.67843137
v -0.08368300 -0.02647000 -0.00436600 0.86666667 0.80000000 0.67843137
v -0.08261300 -0.02571200 -0.00475100 0.86666667 0.80000000 0.67843137
v -0.08149900 -0.02492200 -0.00475100 0.86666667 0.80000000 0.67843137
v -0.08042900 -0.02416400 -0.00436600 0.86666667 0.80000000 0.67843137
v -0.07949100 -0.02350000 -0.00362800 0.86666667 0.80000000 0.67843137
v -0.07876200 -0.02298200 -0.00259500 0.86666667 0.80000000 0.67843137
v -0.07829900 -0.02265400 -0.00135200 0.86666667 0.80000000 0.67843137
v -0.07972400 -0.02001300 0.00000000 0.86666667 0.80000000 0.67843137
v -0.07989500 -0.02010700 0.00135200 0.86666667 0.80000000 0.67843137
v -0.08039200 -0.02038100 0.00259500 0.86666667 0.80000000 0.67843137
v -0.08117600 -0.02081200 0.00362800 0.86666667 0.80000000 0.67843137
v -0.08218200 -0.02136700 0.00436600 0.86666667 0.80000000 0.67843137
v -0.08333100 -0.02199900 0.00475100 0.86666667 0.80000000 0.67843137
v -0.08452800 -0.02265800 0.00475100 0.86666667 0.80000000 0.67843137
v -0.08567600 -0.02329000 0.00436600 0.86666667 0.80000000 0.67843137
v -0.08668300 -0.02384400 0.00362800 0.86666667 0.80000000 0.67843137
v -0.08746700 -0.02427600 0.00259500 0.86666667 0.80000000 0.67843137
v -0.08796400 -0.02454900 0.00135200 0.86666667 0.80000000 0.67843137
v -0.08813400 -0.02464300 0.00000000 0.86666667 0.80000000 0.67843137
v -0.08796400 -0.02454900 -0.00135200 0.86666667 0.80000000 0.67843137
v -0.08746700 -0.02427600 -0.00259500 0.86666667 0.80000000 0.67843137
v -0.08668300 -0.02384400 -0.00362800 0.86666667 0.80000000 0.67843137
v -0.08567600 -0.02329000 -0.00436600 0.86666667 0.80000000 0.67843137
v -0.08452800 -0.02265800 -0.00475100 0.86666667 0.80000000 0.67843137
v -0.08333100 -0.02199900 -0.00475100 0.86666667 0.80000000 0.67843137
v -0.08218200 -0.02136700 -0.00436600 0.86666667 0.80000000 0.67843137
v -0.08117600 -0.02081200 -0.00362800 0.86666667 0.80000000 0.67843137
v -0.08039200 -0.02038100 -0.00259500 0.86666667 0.80000000 0.67843137
v -0.07989500 -0.02010700 -0.00135200 0.86666667 0.80000000 0.67843137
v -0.08102000 -0.01730900 0.00000000 0.86666667 0.80000000 0.67843137
v -0.08120000 -0.01738300 0.00135200 0.86666667 0.80000000 0.67843137
v -0.08172400 -0.01760000 0.00259500 0.86666667 0.80000000 0.67843137
v -0.08255200 -0.01794000 0.00362800 0.86666667 0.80000000 0.67843137
v -0.08361500 -0.01837800 0.00436600 0.86666667 0.80000000 0.67843137
v -0.08482700 -0.01887700 0.00475100 0.86666667 0.80000000 0.67843137
v -0.08609000 -0.01939700 0.00475100 0.86666667 0.80000000 0.67843137
v -0.08730200 -0.01989600 0.00436600 0.86666667 0.80000000 0.67843137
v -0.08836500 -0.02033400 0.00362800 0.86666667 0.80000000 0.67843137
v -0.08919200 -0.02067400 0.00259500 0.86666667 0.80000000 0.67843137
v -0.08971700 -0.02089000 0.00135200 0.86666667 0.80000000 0.67843137
v -0.08989700 -0.02096500 0.00000000 0.86666667 0.80000000 0.67843137
v -0.08971700 -0.02089000 -0.00135200 0.86666667 0.80000000 0.67843137
v -0.08919200 -0.02067400 -0.00259500 0.86666667 0.80000000 0.67843137
v -0.08836500 -0.02033400 -0.00362800 0.86666667 0.80000000 0.67843137
v -0.08730200 -0.01989600 -0.00436600 0.86666667 0.80000000 0.67843137
v -0.08609000 -0.01939700 -0.00475100 0.86666667 0.80000000 0.67843137
v -0.08482700 -0.01887700 -0.00475100 0.86666667 0.80000000 0.67843137
v -0.08361500 -0.01837800 -0.00436600 0.86666667 0.80000000 0.67843137
v -0.08255200 -0.01794000 -0.00362800 0.86666667 0.80000000 0.67843137
v -0.08172400 -0.01760000 -0.00259500 0.86666667 0.80000000 0.67843137
v -0.08120000 -0.01738300 -0.00135200 0.86666667 0.80000000 0.67843137
v -0.08200800 -0.01446600 0.00000000 0.86666667 0.80000000 0.67843137
v -0.08219500 -0.01451900 0.00135200 0.86666667 0.80000000 0.67843137
v -0.08274100 -0.01467500 0.00259500 0.86666667 0.80000000 0.67843137
v -0.08360100 -0.01492100 0.00362800 0.86666667 0.80000000 0.67843137
v -0.08470600 -0.01523700 0.00436600 0.86666667 0.80000000 0.67843137
v -0.08596600 -0.01559800 0.00475100 0.86666667 0.80000000 0.67843137
v -0.08728000 -0.01597300 0.00475100 0.86666667 0.80000000 0.67843137
v -0.08854000 -0.01633400 0.00436600 0.86666667 0.80000000 0.67843137
v -0.08964500 -0.01665000 0.00362800 0.86666667 0.80000000 0.67843137
v -0.09050600 -0.01689600 0.00259500 0.86666667 0.80000000 0.67843137
v -0.09105100 -0.01705200 0.00135200 0.86666667 0.80000000 0.67843137
v -0.09123800 -0.01710500 0.00000000 0.86666667 0.80000000 0.67843137
v -0.09105100 -0.01705200 -0.00135200 0.86666667 0.80000000 0.67843137
v -0.09050600 -0.01689600 -0.00259500 0.86666667 0.80000000 0.67843137
v -0.08964500 -0.01665000 -0.00362800 0.86666667 0.80000000 0.67843137
v -0.08854000 -0.01633400 -0.00436600 0.86666667 0.80000000 0.67843137
v -0.08728000 -0.01597300 -0.00475100 0.86666667 0.80000000 0.67843137
v -0.08596600 -0.01559800 -0.00475100 0.86666667 0.80000000 0.67843137
v -0.08470600 -0.01523700 -0.00436600 0.86666667 0.80000000 0.67843137
v -0.08360100 -0.01492100 -0.00362800 0.86666667 0.80000000 0.67843137
v -0.08274100 -0.01467500 -0.00259500 0.86666667 0.80000000 0.67843137
v -0.08219500 -0.01451900 -0.00135200 0.86666667 0.80000000 0.67843137
v -0.08267500 -0.01152000 0.00000000 0.86666667 0.80000000 0.67843137
v -0.08286700 -0.01155300 0.00135200 0.86666667 0.80000000 0.67843137
v -0.08342700 -0.01164700 0.00259500 0.86666667 0.80000000 0.67843137
v -0.08430900 -0.01179600 0.00362800 0.86666667 0.80000000 0.67843137
v -0.08544200 -0.01198700 0.00436600 0.86666667 0.80000000 0.67843137
v -0.08673500 -0.01220500 0.00475100 0.86666667 0.80000000 0.67843137
v -0.08808200 -0.01243200 0.00475100 0.86666667 0.80000000 0.67843137
v -0.08937500 -0.01264900 0.00436600 0.86666667 0.80000000 0.67843137
v -0.09050800 -0.01284000 0.00362800 0.86666667 0.80000000 0.67843137
v -0.09139000 -0.01298900 0.00259500 0.86666667 0.80000000 0.67843137
v -0.09195000 -0.01308300 0.00135200 0.86666667 0.80000000 0.67843137
v -0.09214200 -0.01311600 0.00000000 0.86666667 0.80000000 0.67843137
v -0.09195000 -0.01308300 -0.00135200 0.86666667 0.80000000 0.67843137
v -0.09139000 -0.01298900 -0.00259500 0.86666667 0.80000000 0.67843137
v -0.09050800 -0.01284000 -0.00362800 0.86666667 0.80000000 0.67843137
v -0.08937500 -0.01264900 -0.00436600 0.86666667 0.80000000 0.67843137
v -0.08808200 -0.01243200 -0.00475100 0.86666667 0.80000000 0.67843137
v -0.08673500 -0.01220500 -0.00475100 0.86666667 0.80000000 0.67843137
v -0.08544200 -0.01198700 -0.00436600 0.86666667 0.80000000 0.67843137
v -0.08430900 -0.01179600 -0.00362800 0.86666667 0.80000000 0.67843137
v -0.08342700 -0.01164700 -0.00259500 0.86666667 0.80000000 0.67843137
v -0.08286700 -0.01155300 -0.00135200 0.86666667 0.80000000 0.67843137
v -0.08301100 -0.00851400 0.00000000 0.86666667 0.80000000 0.67843137
v -0.08320500 -0.00852500 0.00135200 0.86666667 0.80000000 0.67843137
v -0.08377200 -0.00855600 0.00259500 0.86666667 0.80000000 0.67843137
v -0.08466500 -0.00860600 0.00362800 0.86666667 0.80000000 0.67843137
v -0.08581300 -0.00867000 0.00436600 0.86666667 0.80000000 0.67843137
v -0.08712200 -0.00874300 0.00475100 0.86666667 0.80000000 0.67843137
v -0.08848600 -0.00881900 0.00475100 0.86666667 0.80000000 0.67843137
v -0.08979500 -0.00889100 0.00436600 0.86666667 0.80000000 0.67843137
v -0.09094200 -0.00895500 0.00362800 0.86666667 0.80000000 0.67843137
v -0.09183500 -0.00900500 0.00259500 0.86666667 0.80000000 0.67843137
v -0.09240200 -0.00903700 0.00135200 0.86666667 0.80000000 0.67843137
v -0.09259600 -0.00904700 0.00000000 0.86666667 0.80000000 0.67843137
v -0.09240200 -0.00903700 -0.00135200 0.86666667 0.80000000 0.67843137
v -0.09183500 -0.00900500 -0.00259500 0.86666667 0.80000000 0.67843137
v -0.09094200 -0.00895500 -0.00362800 0.86666667 0.80000000 0.67843137
v -0.08979500 -0.00889100 -0.00436600 0.86666667 0.80000000 0.67843137
v -0.08848600 -0.00881900 -0.00475100 0.86666667 0.80000000 0.67843137
v -0.08712200 -0.00874300 -0.00475100 0.86666667 0.80000000 0.67843137
v -0.08581300 -0.00867000 -0.00436600 0.86666667 0.80000000 0.67843137
v -0.08466500 -0.00860600 -0.00362800 0.86666667 0.80000000 0.67843137
v -0.08377200 -0.00855600 -0.00259500 0.86666667 0.80000000 0.67843137
v -0.08320500 -0.00852500 -0.00135200 0.86666667 0.80000000 0.67843137
v -0.08301100 -0.00548600 0.00000000 0.86666667 0.80000000 0.67843137
v -0.08320500 -0.00547500 0.00135200 0.86666667 0.80000000 0.67843137
v -0.08377200 -0.00544400 0.00259500 0.86666667 0.80000000 0.67843137
v -0.08466500 -0.00539400 0.00362800 0.86666667 0.80000000 0.67843137
v -0.08581300 -0.00533000 0.00436600 0.86666667 0.80000000 0.67843137
v -0.08712200 -0.00525700 0.00475100 0.86666667 0.80000000 0.67843137
v -0.08848600 -0.00518100 0.00475100 0.86666667 0.80000000 0.67843137
v -0.08979500 -0.00510900 0.00436600 0.86666667 0.80000000 0.67843137
v -0.09094200 -0.00504500 0.00362800 0.86666667 0.80000000 0.67843137
v -0.09183500 -0.00499500 0.00259500 0.86666667 0.80000000 0.67843137
v -0.09240200 -0.00496300 0.00135200 0.86666667 0.80000000 0.67843137
v -0.09259600 -0.00495300 0.00000000 0.86666667 0.80000000 0.67843137
v -0.09240200 -0.00496300 -0.00135200 0.86666667 0.80000000 0.67843137
v -0.09183500 -0.00499500 -0.00259500 0.86666667 0.80000000 0.67843137
v -0.09094200 -0.00504500 -0.00362800 0.86666667 0.80000000 0.67843137
v -0.08979500 -0.00510900 -0.00436600 0.86666667 0.80000000 0.67843137
v -0.08848600 -0.00518100 -0.00475100 0.86666667 0.80000000 0.67843137
v -0.08712200 -0.00525700 -0.00475100 0.86666667 0.80000000 0.67843137
v -0.08581300 -0.00533000 -0.00436600 0.86666667 0.80000000 0.67843137
v -0.08466500 -0.00539400 -0.00362800 0.86666667 0.80000000 0.67843137
v -0.08377200 -0.00544400 -0.00259500 0.86666667 0.80000000 0.67843137
v -0.08320500 -0.00547500 -0.00135200 0.86666667 0.80000000 0.67843137
v -0.08267500 -0.00248000 0.00000000 0.86666667 0.80000000 0.67843137
v -0.08286700 -0.00244700 0.00135200 0.86666667 0.80000000 0.67843137
v -0.08342700 -0.00235300 0.00259500 0.86666667 0.80000000 0.67843137
v -0.08430900 -0.00220400 0.00362800 0.86666667 0.80000000 0.67843137
v -0.08544200 -0.00201300 0.00436600 0.86666667 0.80000000 0.67843137
v -0.08673500 -0.00179500 0.00475100 0.86666667 0.80000000 0.67843137
v -0.08808200 -0.00156800 0.00475100 0.86666667 0.80000000 0.67843137
v -0.08937500 -0.00135100 0.00436600 0.86666667 0.80000000 0.67843137
v -0.09050800 -0.00116000 0.00362800 0.86666667 0.80000000 0.67843137
v -0.09139000 -0.00101100 0.00259500 0.86666667 0.80000000 0.67843137
v -0.09195000 -0.00091700 0.00135200 0.86666667 0.80000000 0.67843137
v -0.09214200 -0.00088400 0.00000000 0.86666667 0.80000000 0.67843137
v -0.09195000 -0.00091700 -0.00135200 0.86666667 0.80000000 0.67843137
v -0.09139000 -0.00101100 -0.00259500 0.86666667 0.80000000 0.67843137
v -0.09050800 -0.00116000 -0.00362800 0.86666667 0.80000000 0.67843137
v -0.08937500 -0.00135100 -0.00436600 0.86666667 0.80000000 0.67843137
v -0.08808200 -0.00156800 -0.00475100 0.86666667 0.80000000 0.67843137
v -0.08673500 -0.00179500 -0.00475100 0.86666667 0.80000000 0.67843137
v -0.08544200 -0.00201300 -0.00436600 0.86666667 0.80000000 0.67843137
v -0.08430900 -0.00220400 -0.00362800 0.86666667 0.80000000 0.67843137
v -0.08342700 -0.00235300 -0.00259500 0.86666667 0.80000000 0.67843137
v -0.08286700 -0.00244700 -0.00135200 0.86666667 0.80000000 0.67843137
v -0.08200800 0.00046600 0.00000000 0.86666667 0.80000000 0.67843137
v -0.08219500 0.00051900 0.00135200 0.86666667 0.80000000 0.67843137
v -0.08274100 0.00067500 0.00259500 0.86666667 0.80000000 0.67843137
v -0.08360100 0.00092100 0.00362800 0.86666667 0.80000000 0.67843137
v -0.08470600 0.00123700 0.00436600 0.86666667 0.80000000 0.67843137
v -0.08596600 0.00159800 0.00475100 0.86666667 0.80000000 0.67843137
v -0.08728000 0.00197300 0.00475100 0.86666667 0.80000000 0.67843137
v -0.08854000 0.00233400 0.00436600 0.86666667 0.80000000 0.67843137
v -0.08964500 0.00265000 0.00362800 0.86666667 0.80000000 0.67843137
v -0.09050600 0.00289600 0.00259500 0.86666667 0.80000000 0.67843137
v -0.09105100 0.00305200 0.00135200 0.86666667 0.80000000 0.67843137
v -0.09123800 0.00310500 0.00000000 0.86666667 0.80000000 0.67843137
v -0.09105100 0.00305200 -0.00135200 0.86666667 0.80000000 0.67843137
v -0.09050600 0.00289600 -0.00259500 0.86666667 0.80000000 0.67843137
v -0.08964500 0.00265000 -0.00362800 0.86666667 0.80000000 0.67843137
v -0.08854000 0.00233400 -0.00436600 0.86666667 0.80000000 0.67843137
v -0.08728000 0.00197300 -0.00475100 0.86666667 0.80000000 0.67843137
v -0.08596600 0.00159800 -0.00475100 0.86666667 0.80000000 0.67843137
v -0.08470600 0.00123700 -0.00436600 0.86666667 0.80000000 0.67843137
v -0.08360100 0.00092100 -0.00362800 0.86666667 0.80000000 0.67843137
v -0.08274100 0.00067500 -0.00259500 0.86666667 0.80000000 0.67843137
v -0.08219500 0.00051900 -0.00135200 0.86666667 0.80000000 0.67843137
v -0.08102000 0.00330900 0.00000000 0.86666667 0.80000000 0.67843137
v -0.08120000 0.00338300 0.00135200 0.86666667 0.80000000 0.67843137
v -0.08172400 0.00360000 0.00259500 0.86666667 0.80000000 0.67843137
v -0.08255200 0.00394000 0.00362800 0.86666667 0.80000000 0.67843137
v -0.08361500 0.00437800 0.00436600 0.86666667 0.80000000 0.67843137
v -0.08482700 0.00487700 0.00475100 0.86666667 0.80000000 0.67843137
v -0.08609000 0.00539700 0.00475100 0.86666667 0.80000000 0.67843137
v -0.08730200 0.00589600 0.00436600 0.86666667 0.80000000 0.67843137
v -0.08836500 0.00633400 0.00362800 0.86666667 0.80000000 0.67843137
v -0.08919200 0.00667400 0.00259500 0.86666667 0.80000000 0.67843137
v -0.08971700 0.00689000 0.00135200 0.86666667 0.80000000 0.67843137
v -0.08989700 0.00696500 0.00000000 0.86666667 0.80000000 0.67843137
v -0.08971700 0.00689000 -0.00135200 0.86666667 0.80000000 0.67843137
v -0.08919200 0.00667400 -0.00259500 0.86666667 0.80000000 0.67843137
v -0.08836500 0.00633400 -0.00362800 0.86666667 0.80000000 0.67843137
v -0.08730200 0.00589600 -0.00436600 0.86666667 0.80000000 0.67843137
v -0.08609000 0.00539700 -0.00475100 0.86666667 0.80000000 0.67843137
v -0.08482700 0.00487700 -0.00475100 0.86666667 0.80000000 0.67843137
v -0.08361500 0.00437800 -0.00436600 0.86666667 0.80000000 0.67843137
v -0.08255200 0.00394000 -0.00362800 0.86666667 0.80000000 0.67843137
v -0.08172400 0.00360000 -0.00259500 0.86666667 0.80000000 0.67843137
v -0.08120000 0.00338300 -0.00135200 0.86666667 0.80000000 0.67843137
v -0.07972400 0.00601300 0.00000000 0.86666667 0.80000000 0.67843137
v -0.07989500 0.00610700 0.00135200 0.86666667 0.80000000 0.67843137
v -0.08039200 0.00638100 0.00259500 0.86666667 0.80000000 0.67843137
v -0.08117600 0.00681200 0.00362800 0.86666667 0.80000000 0.67843137
v -0.08218200 0.00736700 0.00436600 0.86666667 0.80000000 0.67843137
v -0.08333100 0.00799900 0.00475100 0.86666667 0.80000000 0.67843137
v -0.08452800 0.00865800 0.00475100 0.86666667 0.80000000 0.67843137
v -0.08567600 0.00929000 0.00436600 0.86666667 0.80000000 0.67843137
v -0.08668300 0.00984400 0.00362800 0.86666667 0.80000000 0.67843137
v -0.08746700 0.01027600 0.00259500 0.86666667 0.80000000 0.67843137
v -0.08796400 0.01054900 0.00135200 0.86666667 0.80000000 0.67843137
v -0.08813400 0.01064300 0.00000000 0.86666667 0.80000000 0.67843137
v -0.08796400 0.01054900 -0.00135200 0.86666667 0.80000000 0.67843137
v -0.08746700 0.01027600 -0.00259500 0.86666667 0.80000000 0.67843137
v -0.08668300 0.00984400 -0.00362800 0.86666667 0.80000000 0.67843137
v -0.08567600 0.00929000 -0.00436600 0.86666667 0.80000000 0.67843137
v -0.08452800 0.00865800 -0.00475100 0.86666667 0.80000000 0.67843137
v -0.08333100 0.00799900 -0.00475100 0.86666667 0.80000000 0.67843137
v -0.08218200 0.00736700 -0.00436600 0.86666667 0.80000000 0.67843137
v -0.08117600 0.00681200 -0.00362800 0.86666667 0.80000000 0.67843137
v -0.08039200 0.00638100 -0.00259500 0.86666667 0.80000000 0.67843137
v -0.07989500 0.00610700 -0.00135200 0.86666667 0.80000000 0.67843137
v -0.07814000 0.00854200 0.00000000 0.86666667 0.80000000 0.67843137
v -0.07829900 0.00865400 0.00135200 0.86666667 0.80000000 0.67843137
v -0.07876200 0.00898200 0.00259500 0.86666667 0.80000000 0.67843137
v -0.07949100 0.00950000 0.00362800 0.86666667 0.80000000 0.67843137
v -0.08042900 0.01016400 0.00436600 0.86666667 0.80000000 0.67843137
v -0.08149900 0.01092200 0.00475100 0.86666667 0.80000000 0.67843137
v -0.08261300 0.01171200 0.00475100 0.86666667 0.80000000 0.67843137
v -0.08368300 0.01247000 0.00436600 0.86666667 0.80000000 0.67843137
v -0.08462000 0.01313500 0.00362800 0.86666667 0.80000000 0.67843137
v -0.08535000 0.01365200 0.00259500 0.86666667 0.80000000 0.67843137
v -0.08581300 0.01398100 0.00135200 0.86666667 0.80000000 0.67843137
v -0.08597200 0.01409300 0.00000000 0.86666667 0.80000000 0.67843137
v -0.08581300 0.01398100 -0.00135200 0.86666667 0.80000000 0.67843137
v -0.08535000 0.01365200 -0.00259500 0.86666667 0.80000000 0.67843137
v -0.08462000 0.01313500 -0.00362800 0.86666667 0.80000000 0.67843137
v -0.08368300 0.01247000 -0.00436600 0.86666667 0.80000000 0.67843137
v -0.08261300 0.01171200 -0.00475100 0.86666667 0.80000000 0.67843137
v -0.08149900 0.01092200 -0.00475100 0.86666667 0.80000000 0.67843137
v -0.08042900 0.01016400 -0.00436600 0.86666667 0.80000000 0.67843137
v -0.07949100 0.00950000 -0.00362800 0.86666667 0.80000000 0.67843137
v -0.07876200 0.00898200 -0.00259500 0.86666667 0.80000000 0.67843137
v -0.07829900 0.00865400 -0.00135200 0.86666667 0.80000000 0.67843137
v -0.07628900 0.01086100 0.00000000 0.86666667 0.80000000 0.67843137
v -0.07643400 0.01099100 0.00135200 0.86666667 0.80000000 0.67843137
v -0.07685600 0.01136900 0.00259500 0.86666667 0.80000000 0.67843137
v -0.07752300 0.01196700 0.00362800 0.86666667 0.80000000 0.67843137
v -0.07837900 0.01273400 0.00436600 0.86666667 0.80000000 0.67843137
v -0.07935500 0.01360900 0.00475100 0.86666667 0.80000000 0.67843137
v -0.08037200 0.01452100 0.00475100 0.86666667 0.80000000 0.67843137
v -0.08134800 0.01539500 0.00436600 0.86666667 0.80000000 0.67843137
v -0.08220400 0.01616300 0.00362800 0.86666667 0.80000000 0.67843137
v -0.08287000 0.01676000 0.00259500 0.86666667 0.80000000 0.67843137
v -0.08329300 0.01713900 0.00135200 0.86666667 0.80000000 0.67843137
v -0.08343800 0.01726800 0.00000000 0.86666667 0.80000000 0.67843137
v -0.08329300 0.01713900 -0.00135200 0.86666667 0.80000000 0.67843137
v -0.08287000 0.01676000 -0.00259500 0.86666667 0.80000000 0.67843137
v -0.08220400 0.01616300 -0.00362800 0.86666667 0.80000000 0.67843137
v -0.08134800 0.01539500 -0.00436600 0.86666667 0.80000000 0.67843137
v -0.08037200 0.01452100 -0.00475100 0.86666667 0.80000000 0.67843137
v -0.07935500 0.01360900 -0.00475100 0.86666667 0.80000000 0.67843137
v -0.07837900 0.01273400 -0.00436600 0.86666667 0.80000000 0.67843137
v -0.07752300 0.01196700 -0.00362800 0.86666667 0.80000000 0.67843137
v -0.07685600 0.01136900 -0.00259500 0.86666667 0.80000000 0.67843137
v -0.07643400 0.01099100 -0.00135200 0.86666667 0.80000000 0.67843137
v -0.07419700 0.01294100 0.00000000 0.86666667 0.80000000 0.67843137
v -0.07432600 0.01308700 0.00135200 0.86666667 0.80000000 0.67843137
v -0.07470300 0.01351200 0.00259500 0.86666667 0.80000000 0.67843137
v -0.07529600 0.01418100 0.00362800 0.86666667 0.80000000 0.67843137
v -0.07605800 0.01504100 0.00436600 0.86666667 0.80000000 0.67843137
v -0.07692700 0.01602300 0.00475100 0.86666667 0.80000000 0.67843137
v -0.07783300 0.01704500 0.00475100 0.86666667 0.80000000 0.67843137
v -0.07870300 0.01802600 0.00436600 0.86666667 0.80000000 0.67843137
v -0.07946500 0.01888700 0.00362800 0.86666667 0.80000000 0.67843137
v -0.08005800 0.01955600 0.00259500 0.86666667 0.80000000 0.67843137
v -0.08043400 0.01998100 0.00135200 0.86666667 0.80000000 0.67843137
v -0.08056300 0.02012700 0.00000000 0.86666667 0.80000000 0.67843137
v -0.08043400 0.01998100 -0.00135200 0.86666667 0.80000000 0.67843137
v -0.08005800 0.01955600 -0.00259500 0.86666667 0.80000000 0.67843137
v -0.07946500 0.01888700 -0.00362800 0.86666667 0.80000000 0.67843137
v -0.07870300 0.01802600 -0.00436600 0.86666667 0.80000000 0.67843137
v -0.07783300 0.01704500 -0.00475100 0.86666667 0.80000000 0.67843137
v -0.07692700 0.01602300 -0.00475100 0.86666667 0.80000000 0.67843137
v -0.07605800 0.01504100 -0.00436600 0.86666667 0.80000000 0.67843137
v -0.07529600 0.01418100 -0.00362800 0.86666667 0.80000000 0.67843137
v -0.07470300 0.01351200 -0.00259500 0.86666667 0.80000000 0.67843137
v -0.07432600 0.01308700 -0.00135200 0.86666667 0.80000000 0.67843137
v -0.07189300 0.01475600 0.00000000 0.86666667 0.80000000 0.67843137
v -0.07200400 0.01491600 0.00135200 0.86666667 0.80000000 0.67843137
v -0.07232900 0.01538100 0.00259500 0.86666667 0.80000000 0.67843137
v -0.07284100 0.01611500 0.00362800 0.86666667 0.80000000 0.67843137
v -0.07349900 0.01705700 0.00436600 0.86666667 0.80000000 0.67843137
v -0.07424900 0.01813300 0.00475100 0.86666667 0.80000000 0.67843137
v -0.07503000 0.01925300 0.00475100 0.86666667 0.80000000 0.67843137
v -0.07578000 0.02032800 0.00436600 0.86666667 0.80000000 0.67843137
v -0.07643800 0.02127100 0.00362800 0.86666667 0.80000000 0.67843137
v -0.07695000 0.02200500 0.00259500 0.86666667 0.80000000 0.67843137
v -0.07727500 0.02247000 0.00135200 0.86666667 0.80000000 0.67843137
v -0.07738600 0.02262900 0.00000000 0.86666667 0.80000000 0.67843137
v -0.07727500 0.02247000 -0.00135200 0.86666667 0.80000000 0.67843137
v -0.07695000 0.02200500 -0.00259500 0.86666667 0.80000000 0.67843137
v -0.07643800 0.02127100 -0.00362800 0.86666667 0.80000000 0.67843137
v -0.07578000 0.02032800 -0.00436600 0.86666667 0.80000000 0.67843137
v -0.07503000 0.01925300 -0.00475100 0.86666667 0.80000000 0.67843137
v -0.07424900 0.01813300 -0.00475100 0.86666667 0.80000000 0.67843137
v -0.07349900 0.01705700 -0.00436600 0.86666667 0.80000000 0.67843137
v -0.07284100 0.01611500 -0.00362800 0.86666667 0.80000000 0.67843137
v -0.07232900 0.01538100 -0.00259500 0.86666667 0.80000000 0.67843137
v -0.07200400 0.01491600 -0.00135200 0.86666667 0.80000000 0.67843137
v -0.06940800 0.01628300 0.00000000 0.86666667 0.80000000 0.67843137
v -0.06950000 0.01645400 0.00135200 0.86666667 0.80000000 0.67843137
v -0.06976800 0.01695400 0.00259500 0.86666667 0.80000000 0.67843137
v -0.07019100 0.01774300 0.00362800 0.86666667 0.80000000 0.67843137
v -0.07073500 0.01875500 0.00436600 0.86666667 0.80000000 0.67843137
v -0.07135400 0.01991100 0.00475100 0.86666667 0.80000000 0.67843137
v -0.07200000 0.02111500 0.00475100 0.86666667 0.80000000 0.67843137
v -0.07262000 0.02227000 0.00436600 0.86666667 0.80000000 0.67843137
v -0.07316300 0.02328200 0.00362800 0.86666667 0.80000000 0.67843137
v -0.07358600 0.02407100 0.00259500 0.86666667 0.80000000 0.67843137
v -0.07385500 0.02457100 0.00135200 0.86666667 0.80000000 0.67843137
v -0.07394700 0.02474200 0.00000000 0.86666667 0.80000000 0.67843137
v -0.07385500 0.02457100 -0.00135200 0.86666667 0.80000000 0.67843137
v -0.07358600 0.02407100 -0.00259500 0.86666667 0.80000000 0.67843137
v -0.07316300 0.02328200 -0.00362800 0.86666667 0.80000000 0.67843137
v -0.07262000 0.02227000 -0.00436600 0.86666667 0.80000000 0.67843137
v -0.07200000 0.02111500 -0.00475100 0.86666667 0.80000000 0.67843137
v -0.07135400 0.01991100 -0.00475100 0.86666667 0.80000000 0.67843137
v -0.07073500 0.01875500 -0.00436600 0.86666667 0.80000000 0.67843137
v -0.07019100 0.01774300 -0.00362800 0.86666667 0.80000000 0.67843137
v -0.06976800 0.01695400 -0.00259500 0.86666667 0.80000000 0.67843137
v -0.06950000 0.01645400 -0.00135200 0.86666667 0.80000000 0.67843137
v -0.06677500 0.01750300 0.00000000 0.86666667 0.80000000 0.67843137
v -0.06684600 0.01768400 0.00135200 0.86666667 0.80000000 0.67843137
v -0.06705400 0.01821200 0.00259500 0.86666667 0.80000000 0.67843137
v -0.06738100 0.01904400 0.00362800 0.86666667 0.80000000 0.67843137
v -0.06780200 0.02011400 0.00436600 0.86666667 0.80000000 0.67843137
v -0.06828200 0.02133400 0.00475100 0.86666667 0.80000000 0.67843137
v -0.06878300 0.02260500 0.00475100 0.86666667 0.80000000 0.67843137
v -0.06926300 0.02382500 0.00436600 0.86666667 0.80000000 0.67843137
v -0.06968400 0.02489400 0.00362800 0.86666667 0.80000000 0.67843137
v -0.07001200 0.02572700 0.00259500 0.86666667 0.80000000 0.67843137
v -0.07022000 0.02625500 0.00135200 0.86666667 0.80000000 0.67843137
v -0.07029100 0.02643600 0.00000000 0.86666667 0.80000000 0.67843137
v -0.07022000 0.02625500 -0.00135200 0.86666667 0.80000000 0.67843137
v -0.07001200 0.02572700 -0.00259500 0.86666667 0.80000000 0.67843137
v -0.06968400 0.02489400 -0.00362800 0.86666667 0.80000000 0.67843137
v -0.06926300 0.02382500 -0.00436600 0.86666667 0.80000000 0.67843137
v -0.06878300 0.02260500 -0.00475100 0.86666667 0.80000000 0.67843137
v -0.06828200 0.02133400 -0.00475100 0.86666667 0.80000000 0.67843137
v -0.06780200 0.02011400 -0.00436600 0.86666667 0.80000000 0.67843137
v -0.06738100 0.01904400 -0.00362800 0.86666667 0.80000000 0.67843137
v -0.06705400 0.01821200 -0.00259500 0.86666667 0.80000000 0.67843137
v -0.06684600 0.01768400 -0.00135200 0.86666667 0.80000000 0.67843137
v -0.06402700 0.01840100 0.00000000 0.86666667 0.80000000 0.67843137
v -0.06407700 0.01858900 0.00135200 0.86666667 0.80000000 0.67843137
v -0.06422100 0.01913800 0.00259500 0.86666667 0.80000000 0.67843137
v -0.06444800 0.02000400 0.00362800 0.86666667 0.80000000 0.67843137
v -0.06474000 0.02111500 0.00436600 0.86666667 0.80000000 0.67843137
v -0.06507300 0.02238300 0.00475100 0.86666667 0.80000000 0.67843137
v -0.06542100 0.02370400 0.00475100 0.86666667 0.80000000 0.67843137
v -0.06575400 0.02497200 0.00436600 0.86666667 0.80000000 0.67843137
v -0.06604600 0.02608400 0.00362800 0.86666667 0.80000000 0.67843137
v -0.06627300 0.02694900 0.00259500 0.86666667 0.80000000 0.67843137
v -0.06641800 0.02749800 0.00135200 0.86666667 0.80000000 0.67843137
v -0.06646700 0.02768600 0.00000000 0.86666667 0.80000000 0.67843137
v -0.06641800 0.02749800 -0.00135200 0.86666667 0.80000000 0.67843137
v -0.06627300 0.02694900 -0.00259500 0.86666667 0.80000000 0.67843137
v -0.06604600 0.02608400 -0.00362800 0.86666667 0.80000000 0.67843137
v -0.06575400 0.02497200 -0.00436600 0.86666667 0.80000000 0.67843137
v -0.06542100 0.02370400 -0.00475100 0.86666667 0.80000000 0.67843137
v -0.06507300 0.02238300 -0.00475100 0.86666667 0.80000000 0.67843137
v -0.06474000 0.02111500 -0.00436600 0.86666667 0.80000000 0.67843137
v -0.06444800 0.02000400 -0.00362800 0.86666667 0.80000000 0.67843137
v -0.06422100 0.01913800 -0.00259500 0.86666667 0.80000000 0.67843137
v -0.06407700 0.01858900 -0.00135200 0.86666667 0.80000000 0.67843137
v -0.06120100 0.01896800 0.00000000 0.86666667 0.80000000 0.67843137
v -0.06122800 0.01916000 0.00135200 0.86666667 0.80000000 0.67843137
v -0.06130600 0.01972200 0.00259500 0.86666667 0.80000000 0.67843137
v -0.06143000 0.02060800 0.00362800 0.86666667 0.80000000 0.67843137
v -0.06158900 0.02174700 0.00436600 0.86666667 0.80000000 0.67843137
v -0.06177000 0.02304500 0.00475100 0.86666667 0.80000000 0.67843137
v -0.06195800 0.02439800 0.00475100 0.86666667 0.80000000 0.67843137
v -0.06213900 0.02569700 0.00436600 0.86666667 0.80000000 0.67843137
v -0.06229800 0.02683500 0.00362800 0.86666667 0.80000000 0.67843137
v -0.06242100 0.02772100 0.00259500 0.86666667 0.80000000 0.67843137
v -0.06250000 0.02828300 0.00135200 0.86666667 0.80000000 0.67843137
v -0.06252700 0.02847600 0.00000000 0.86666667 0.80000000 0.67843137
v -0.06250000 0.02828300 -0.00135200 0.86666667 0.80000000 0.67843137
v -0.06242100 0.02772100 -0.00259500 0.86666667 0.80000000 0.67843137
v -0.06229800 0.02683500 -0.00362800 0.86666667 0.80000000 0.67843137
v -0.06213900 0.02569700 -0.00436600 0.86666667 0.80000000 0.67843137
v -0.06195800 0.02439800 -0.00475100 0.86666667 0.80000000 0.67843137
v -0.06177000 0.02304500 -0.00475100 0.86666667 0.80000000 0.67843137
v -0.06158900 0.02174700 -0.00436600 0.86666667 0.80000000 0.67843137
v -0.06143000 0.02060800 -0.00362800 0.86666667 0.80000000 0.67843137
v -0.06130600 0.01972200 -0.00259500 0.86666667 0.80000000 0.67843137
v -0.06122800 0.01916000 -0.00135200 0.86666667 0.80000000 0.67843137
v -0.05833300 0.01919500 0.00000000 0.86666667 0.80000000 0.67843137
v -0.05833700 0.01939000 0.00135200 0.86666667 0.80000000 0.67843137
v -0.05834800 0.01995700 0.00259500 0.86666667 0.80000000 0.67843137
v -0.05836600 0.02085200 0.00362800 0.86666667 0.80000000 0.67843137
v -0.05838800 0.02200100 0.00436600 0.86666667 0.80000000 0.67843137
v -0.05841400 0.02331100 0.00475100 0.86666667 0.80000000 0.67843137
v -0.05844100 0.02467700 0.00475100 0.86666667 0.80000000 0.67843137
v -0.05846700 0.02598800 0.00436600 0.86666667 0.80000000 0.67843137
v -0.05849000 0.02713700 0.00362800 0.86666667 0.80000000 0.67843137
v -0.05850800 0.02803200 0.00259500 0.86666667 0.80000000 0.67843137
v -0.05851900 0.02859900 0.00135200 0.86666667 0.80000000 0.67843137
v -0.05852300 0.02879300 0.00000000 0.86666667 0.80000000 0.67843137
v -0.05851900 0.02859900 -0.00135200 0.86666667 0.80000000 0.67843137
v -0.05850800 0.02803200 -0.00259500 0.86666667 0.80000000 0.67843137
v -0.05849000 0.02713700 -0.00362800 0.86666667 0.80000000 0.67843137
v -0.05846700 0.02598800 -0.00436600 0.86666667 0.80000000 0.67843137
v -0.05844100 0.02467700 -0.00475100 0.86666667 0.80000000 0.67843137
v -0.05841400 0.02331100 -0.00475100 0.86666667 0.80000000 0.67843137
v -0.05838800 0.02200100 -0.00436600 0.86666667 0.80000000 0.67843137
v -0.05836600 0.02085200 -0.00362800 0.86666667 0.80000000 0.67843137
v -0.05834800 0.01995700 -0.00259500 0.86666667 0.80000000 0.67843137
v -0.05833700 0.01939000 -0.00135200 0.86666667 0.80000000 0.67843137
v -0.05545800 0.01908100 0.00000000 0.86666667 0.80000000 0.67843137
v -0.05543900 0.01927500 0.00135200 0.86666667 0.80000000 0.67843137
v -0.05538300 0.01984000 0.00259500 0.86666667 0.80000000 0.67843137
v -0.05529500 0.02073000 0.00362800 0.86666667 0.80000000 0.67843137
v -0.05518100 0.02187400 0.00436600 0.86666667 0.80000000 0.67843137
v -0.05505200 0.02317800 0.00475100 0.86666667 0.80000000 0.67843137
v -0.05491700 0.02453800 0.00475100 0.86666667 0.80000000 0.67843137
v -0.05478700 0.02584200 0.00436600 0.86666667 0.80000000 0.67843137
v -0.05467400 0.02698600 0.00362800 0.86666667 0.80000000 0.67843137
v -0.05458500 0.02787600 0.00259500 0.86666667 0.80000000 0.67843137
v -0.05452900 0.02844100 0.00135200 0.86666667 0.80000000 0.67843137
v -0.05451000 0.02863400 0.00000000 0.86666667 0.80000000 0.67843137
v -0.05452900 0.02844100 -0.00135200 0.86666667 0.80000000 0.67843137
v -0.05458500 0.02787600 -0.00259500 0.86666667 0.80000000 0.67843137
v -0.05467400 0.02698600 -0.00362800 0.86666667 0.80000000 0.67843137
v -0.05478700 0.02584200 -0.00436600 0.86666667 0.80000000 0.67843137
v -0.05491700 0.02453800 -0.00475100 0.86666667 0.80000000 0.67843137
v -0.05505200 0.02317800 -0.00475100 0.86666667 0.80000000 0.67843137
v -0.05518100 0.02187400 -0.00436600 0.86666667 0.80000000 0.67843137
v -0.05529500 0.02073000 -0.00362800 0.86666667 0.80000000 0.67843137
v -0.05538300 0.01984000 -0.00259500 0.86666667 0.80000000 0.67843137
v -0.05543900 0.01927500 -0.00135200 0.86666667 0.80000000 0.67843137
v -0.05261400 0.01862700 0.00000000 0.86666667 0.80000000 0.67843137
v -0.05257200 0.01881700 0.00135200 0.86666667 0.80000000 0.67843137
v -0.05245000 0.01937100 0.00259500 0.86666667 0.80000000 0.67843137
v -0.05225700 0.02024500 0.00362800 0.86666667 0.80000000 0.67843137
v -0.05200900 0.02136700 0.00436600 0.86666667 0.80000000 0.67843137
v -0.05172600 0.02264700 0.00475100 0.86666667 0.80000000 0.67843137
v -0.05143100 0.02398100 0.00475100 0.86666667 0.80000000 0.67843137
v -0.05114800 0.02526100 0.00436600 0.86666667 0.80000000 0.67843137
v -0.05090000 0.02638400 0.00362800 0.86666667 0.80000000 0.67843137
v -0.05070700 0.02725700 0.00259500 0.86666667 0.80000000 0.67843137
v -0.05058400 0.02781100 0.00135200 0.86666667 0.80000000 0.67843137
v -0.05054200 0.02800100 0.00000000 0.86666667 0.80000000 0.67843137
v -0.05058400 0.02781100 -0.00135200 0.86666667 0.80000000 0.67843137
v -0.05070700 0.02725700 -0.00259500 0.86666667 0.80000000 0.67843137
v -0.05090000 0.02638400 -0.00362800 0.86666667 0.80000000 0.67843137
v -0.05114800 0.02526100 -0.00436600 0.86666667 0.80000000 0.67843137
v -0.05143100 0.02398100 -0.00475100 0.86666667 0.80000000 0.67843137
v -0.05172600 0.02264700 -0.00475100 0.86666667 0.80000000 0.67843137
v -0.05200900 0.02136700 -0.00436600 0.86666667 0.80000000 0.67843137
v -0.05225700 0.02024500 -0.00362800 0.86666667 0.80000000 0.67843137
v -0.05245000 0.01937100 -0.00259500 0.86666667 0.80000000 0.67843137
v -0.05257200 0.01881700 -0.00135200 0.86666667 0.80000000 0.67843137
v -0.04983700 0.01783900 0.00000000 0.86666667 0.80000000 0.67843137
v -0.04977300 0.01802200 0.00135200 0.86666667 0.80000000 0.67843137
v -0.04958600 0.01855800 0.00259500 0.86666667 0.80000000 0.67843137
v -0.04929100 0.01940300 0.00362800 0.86666667 0.80000000 0.67843137
v -0.04891200 0.02048800 0.00436600 0.86666667 0.80000000 0.67843137
v -0.04848000 0.02172600 0.00475100 0.86666667 0.80000000 0.67843137
v -0.04803000 0.02301600 0.00475100 0.86666667 0.80000000 0.67843137
v -0.04759800 0.02425300 0.00436600 0.86666667 0.80000000 0.67843137
v -0.04722000 0.02533900 0.00362800 0.86666667 0.80000000 0.67843137
v -0.04692500 0.02618300 0.00259500 0.86666667 0.80000000 0.67843137
v -0.04673800 0.02671900 0.00135200 0.86666667 0.80000000 0.67843137
v -0.04667400 0.02690300 0.00000000 0.86666667 0.80000000 0.67843137
v -0.04673800 0.02671900 -0.00135200 0.86666667 0.80000000 0.67843137
v -0.04692500 0.02618300 -0.00259500 0.86666667 0.80000000 0.67843137
v -0.04722000 0.02533900 -0.00362800 0.86666667 0.80000000 0.67843137
v -0.04759800 0.02425300 -0.00436600 0.86666667 0.80000000 0.67843137
v -0.04803000 0.02301600 -0.00475100 0.86666667 0.80000000 0.67843137
v -0.04848000 0.02172600 -0.00475100 0.86666667 0.80000000 0.67843137
v -0.04891200 0.02048800 -0.00436600 0.86666667 0.80000000 0.67843137
v -0.04929100 0.01940300 -0.00362800 0.86666667 0.80000000 0.67843137
v -0.04958600 0.01855800 -0.00259500 0.86666667 0.80000000 0.67843137
v -0.04977300 0.01802200 -0.00135200 0.86666667 0.80000000 0.67843137
v -0.04716100 0.01672400 0.00000000 0.86666667 0.80000000 0.67843137
v -0.04707600 0.01689900 0.00135200 0.86666667 0.80000000 0.67843137
v -0.04682800 0.01740900 0.00259500 0.86666667 0.80000000 0.67843137
v -0.04643600 0.01821400 0.00362800 0.86666667 0.80000000 0.67843137
v -0.04593200 0.01924700 0.00436600 0.86666667 0.80000000 0.67843137
v -0.04535800 0.02042500 0.00475100 0.86666667 0.80000000 0.67843137
v -0.04476000 0.02165400 0.00475100 0.86666667 0.80000000 0.67843137
v -0.04418600 0.02283200 0.00436600 0.86666667 0.80000000 0.67843137
v -0.04368200 0.02386500 0.00362800 0.86666667 0.80000000 0.67843137
v -0.04329000 0.02467000 0.00259500 0.86666667 0.80000000 0.67843137
v -0.04304200 0.02518000 0.00135200 0.86666667 0.80000000 0.67843137
v -0.04295700 0.02535500 0.00000000 0.86666667 0.80000000 0.67843137
v -0.04304200 0.02518000 -0.00135200 0.86666667 0.80000000 0.67843137
v -0.04329000 0.02467000 -0.00259500 0.86666667 0.80000000 0.67843137
v -0.04368200 0.02386500 -0.00362800 0.86666667 0.80000000 0.67843137
v -0.04418600 0.02283200 -0.00436600 0.86666667 0.80000000 0.67843137
v -0.04476000 0.02165400 -0.00475100 0.86666667 0.80000000 0.67843137
v -0.04535800 0.02042500 -0.00475100 0.86666667 0.80000000 0.67843137
v -0.04593200 0.01924700 -0.00436600 0.86666667 0.80000000 0.67843137
v -0.04643600 0.01821400 -0.00362800 0.86666667 0.80000000 0.67843137
v -0.04682800 0.01740900 -0.00259500 0.86666667 0.80000000 0.67843137
v -0.04707600 0.01689900 -0.00135200 0.86666667 0.80000000 0.67843137
v -0.04462300 0.01529800 0.00000000 0.86666667 0.80000000 0.67843137
v -0.04451800 0.01546200 0.00135200 0.86666667 0.80000000 0.67843137
v -0.04421200 0.01593900 0.00259500 0.86666667 0.80000000 0.67843137
v -0.04372900 0.01669300 0.00362800 0.86666667 0.80000000 0.67843137
v -0.04310800 0.01766000 0.00436600 0.86666667 0.80000000 0.67843137
v -0.04240000 0.01876300 0.00475100 0.86666667 0.80000000 0.67843137
v -0.04166300 0.01991300 0.00475100 0.86666667 0.80000000 0.67843137
v -0.04095500 0.02101700 0.00436600 0.86666667 0.80000000 0.67843137
v -0.04033400 0.02198400 0.00362800 0.86666667 0.80000000 0.67843137
v -0.03985100 0.02273700 0.00259500 0.86666667 0.80000000 0.67843137
v -0.03954500 0.02321500 0.00135200 0.86666667 0.80000000 0.67843137
v -0.03944000 0.02337900 0.00000000 0.86666667 0.80000000 0.67843137
v -0.03954500 0.02321500 -0.00135200 0.86666667 0.80000000 0.67843137
v -0.03985100 0.02273700 -0.00259500 0.86666667 0.80000000 0.67843137
v -0.04033400 0.02198400 -0.00362800 0.86666667 0.80000000 0.67843137
v -0.04095500 0.02101700 -0.00436600 0.86666667 0.80000000 0.67843137
v -0.04166300 0.01991300 -0.00475100 0.86666667 0.80000000 0.67843137
v -0.04240000 0.01876300 -0.00475100 0.86666667 0.80000000 0.67843137
v -0.04310800 0.01766000 -0.00436600 0.86666667 0.80000000 0.67843137
v -0.04372900 0.01669300 -0.00362800 0.86666667 0.80000000 0.67843137
v -0.04421200 0.01593900 -0.00259500 0.86666667 0.80000000 0.67843137
v -0.04451800 0.01546200 -0.00135200 0.86666667 0.80000000 0.67843137
v -0.04225500 0.01357700 0.00000000 0.86666667 0.80000000 0.67843137
v -0.04213200 0.01372700 0.00135200 0.86666667 0.80000000 0.67843137
v -0.04177200 0.01416600 0.00259500 0.86666667 0.80000000 0.67843137
v -0.04120500 0.01485800 0.00362800 0.86666667 0.80000000 0.67843137
v -0.04047700 0.01574700 0.00436600 0.86666667 0.80000000 0.67843137
v -0.03964600 0.01676100 0.00475100 0.86666667 0.80000000 0.67843137
v -0.03878000 0.01781800 0.00475100 0.86666667 0.80000000 0.67843137
v -0.03794900 0.01883200 0.00436600 0.86666667 0.80000000 0.67843137
v -0.03722000 0.01972100 0.00362800 0.86666667 0.80000000 0.67843137
v -0.03665300 0.02041300 0.00259500 0.86666667 0.80000000 0.67843137
v -0.03629400 0.02085200 0.00135200 0.86666667 0.80000000 0.67843137
v -0.03617000 0.02100200 0.00000000 0.86666667 0.80000000 0.67843137
v -0.03629400 0.02085200 -0.00135200 0.86666667 0.80000000 0.67843137
v -0.03665300 0.02041300 -0.00259500 0.86666667 0.80000000 0.67843137
v -0.03722000 0.01972100 -0.00362800 0.86666667 0.80000000 0.67843137
v -0.03794900 0.01883200 -0.00436600 0.86666667 0.80000000 0.67843137
v -0.03878000 0.01781800 -0.00475100 0.86666667 0.80000000 0.67843137
v -0.03964600 0.01676100 -0.00475100 0.86666667 0.80000000 0.67843137
v -0.04047700 0.01574700 -0.00436600 0.86666667 0.80000000 0.67843137
v -0.04120500 0.01485800 -0.00362800 0.86666667 0.80000000 0.67843137
v -0.04177200 0.01416600 -0.00259500 0.86666667 0.80000000 0.67843137
v -0.04213200 0.01372700 -0.00135200 0.86666667 0.80000000 0.67843137
v -0.03989200 0.01138900 0.00000000 0.86666667 0.80000000 0.67843137
v -0.03976000 0.01153200 0.00135200 0.86666667 0.80000000 0.67843137
v -0.03937500 0.01195000 0.00259500 0.86666667 0.80000000 0.67843137
v -0.03876900 0.01260800 0.00362800 0.86666667 0.80000000 0.67843137
v -0.03799100 0.01345400 0.00436600 0.86666667 0.80000000 0.67843137
v -0.03710300 0.01441800 0.00475100 0.86666667 0.80000000 0.67843137
v -0.03617700 0.01542300 0.00475100 0.86666667 0.80000000 0.67843137
v -0.03528900 0.01638700 0.00436600 0.86666667 0.80000000 0.67843137
v -0.03451100 0.01723300 0.00362800 0.86666667 0.80000000 0.67843137
v -0.03390500 0.01789100 0.00259500 0.86666667 0.80000000 0.67843137
v -0.03352000 0.01830800 0.00135200 0.86666667 0.80000000 0.67843137
v -0.03338800 0.01845100 0.00000000 0.86666667 0.80000000 0.67843137
v -0.03352000 0.01830800 -0.00135200 0.86666667 0.80000000 0.67843137
v -0.03390500 0.01789100 -0.00259500 0.86666667 0.80000000 0.67843137
v -0.03451100 0.01723300 -0.00362800 0.86666667 0.80000000 0.67843137
v -0.03528900 0.01638700 -0.00436600 0.86666667 0.80000000 0.67843137
v -0.03617700 0.01542300 -0.00475100 0.86666667 0.80000000 0.67843137
v -0.03710300 0.01441800 -0.00475100 0.86666667 0.80000000 0.67843137
v -0.03799100 0.01345400 -0.00436600 0.86666667 0.80000000 0.67843137
v -0.03876900 0.01260800 -0.00362800 0.86666667 0.80000000 0.67843137
v -0.03937500 0.01195000 -0.00259500 0.86666667 0.80000000 0.67843137
v -0.03976000 0.01153200 -0.00135200 0.86666667 0.80000000 0.67843137
v -0.03664000 -0.02892000 0.00000000 0.86666667 0.80000000 0.67843137
v -0.03664000 0.01492000 0.00000000 0.86666667 0.80000000 0.67843137
f 1 5 6
f 1 6 2
f 7 3 4
f 7 4 8
f 2 6 8
f 2 8 4
f 5 1 3
f 5 3 7
f 5 9 10
f 5 10 6
f 11 7 8
f 11 8 12
f 6 10 12
f 6 12 8
f 9 5 7
f 9 7 11
f 9 13 14
f 9 14 10
f 15 11 12
f 15 12 16
f 10 14 16
f 10 16 12
f 13 9 11
f 13 11 15
f 13 17 18
f 13 18 14
f 19 15 16
f 19 16 20
f 14 18 20
f 14 20 16
f 17 13 15
f 17 15 19
f 17 21 22
f 17 22 18
f 23 19 20
f 23 20 24
f 18 22 24
f 18 24 20
f 21 17 19
f 21 19 23
f 21 25 26
f 21 26 22
f 27 23 24
f 27 24 28
f 22 26 28
f 22 28 24
f 25 21 23
f 25 23 27
f 25 29 30
f 25 30 26
f 31 27 28
f 31 28 32
f 26 30 32
f 26 32 28
f 29 25 27
f 29 27 31
f 29 33 34
f 29 34 30
f 35 31 32
f 35 32 36
f 30 34 36
f 30 36 32
f 33 29 31
f 33 31 35
f 33 37 38
f 33 38 34
f 39 35 36
f 39 36 40
f 34 38 40
f 34 40 36
f 37 33 35
f 37 35 39
f 37 41 42
f 37 42 38
f 43 39 40
f 43 40 44
f 38 42 44
f 38 44 40
f 41 37 39
f 41 39 43
f 41 45 46
f 41 46 42
f 47 43 44
f 47 44 48
f 42 46 48
f 42 48 44
f 45 41 43
f 45 43 47
f 45 49 50
f 45 50 46
f 51 47 48
f 51 48 52
f 46 50 52
f 46 52 48
f 49 45 47
f 49 47 51
f 49 53 54
f 49 54 50
f 55 51 52
f 55 52 56
f 50 54 56
f 50 56 52
f 53 49 51
f 53 51 55
f 53 57 58
f 53 58 54
f 59 55 56
f 59 56 60
f 54 58 60
f 54 60 56
f 57 53 55
f 57 55 59
f 57 61 62
f 57 62 58
f 63 59 60
f 63 60 64
f 58 62 64
f 58 64 60
f 61 57 59
f 61 59 63
f 61 65 66
f 61 66 62
f 67 63 64
f 67 64 68
f 62 66 68
f 62 68 64
f 65 61 63
f 65 63 67
f 65 69 70
f 65 70 66
f 71 67 68
f 71 68 72
f 66 70 72
f 66 72 68
f 69 65 67
f 69 67 71
f 69 73 74
f 69 74 70
f 75 71 72
f 75 72 76
f 70 74 76
f 70 76 72
f 73 69 71
f 73 71 75
f 73 77 78
f 73 78 74
f 79 75 76
f 79 76 80
f 74 78 80
f 74 80 76
f 77 73 75
f 77 75 79
f 77 81 82
f 77 82 78
f 83 79 80
f 83 80 84
f 78 82 84
f 78 84 80
f 81 77 79
f 81 79 83
f 81 85 86
f 81 86 82
f 87 83 84
f 87 84 88
f 82 86 88
f 82 88 84
f 85 81 83
f 85 83 87
f 85 89 90
f 85 90 86
f 91 87 88
f 91 88 92
f 86 90 92
f 86 92 88
f 89 85 87
f 89 87 91
f 89 93 94
f 89 94 90
f 95 91 92
f 95 92 96
f 90 94 96
f 90 96 92
f 93 89 91
f 93 91 95
f 93 97 98
f 93 98 94
f 99 95 96
f 99 96 100
f 94 98 100
f 94 100 96
f 97 93 95
f 97 95 99
f 97 101 102
f 97 102 98
f 103 99 100
f 103 100 104
f 98 102 104
f 98 104 100
f 101 97 99
f 101 99 103
f 101 105 106
f 101 106 102
f 107 103 104
f 107 104 108
f 102 106 108
f 102 108 104
f 105 101 103
f 105 103 107
f 105 109 110
f 105 110 106
f 111 107 108
f 111 108 112
f 106 110 112
f 106 112 108
f 109 105 107
f 109 107 111
f 109 113 114
f 109 114 110
f 115 111 112
f 115 112 116
f 110 114 116
f 110 116 112
f 113 109 111
f 113 111 115
f 113 117 118
f 113 118 114
f 119 115 116
f 119 116 120
f 114 118 120
f 114 120 116
f 117 113 115
f 117 115 119
f 117 121 122
f 117 122 118
f 123 119 120
f 123 120 124
f 118 122 124
f 118 124 120
f 121 117 119
f 121 119 123
f 121 125 126
f 121 126 122
f 127 123 124
f 127 124 128
f 122 126 128
f 122 128 124
f 125 121 123
f 125 123 127
f 125 129 130
f 125 130 126
f 131 127 128
f 131 128 132
f 126 130 132
f 126 132 128
f 129 125 127
f 129 127 131
f 129 133 134
f 129 134 130
f 135 131 132
f 135 132 136
f 130 134 136
f 130 136 132
f 133 129 131
f 133 131 135
f 133 137 138
f 133 138 134
f 139 135 136
f 139 136 140
f 134 138 140
f 134 140 136
f 137 133 135
f 137 135 139
f 137 141 142
f 137 142 138
f 143 139 140
f 143 140 144
f 138 142 144
f 138 144 140
f 141 137 139
f 141 139 143
f 141 145 146
f 141 146 142
f 147 143 144
f 147 144 148
f 142 146 148
f 142 148 144
f 145 141 143
f 145 143 147
f 145 149 150
f 145 150 146
f 151 147 148
f 151 148 152
f 146 150 152
f 146 152 148
f 149 145 147
f 149 147 151
f 149 153 154
f 149 154 150
f 155 151 152
f 155 152 156
f 150 154 156
f 150 156 152
f 153 149 151
f 153 151 155
f 153 157 158
f 153 158 154
f 159 155 156
f 159 156 160
f 154 158 160
f 154 160 156
f 157 153 155
f 157 155 159
f 157 161 162
f 157 162 158
f 163 159 160
f 163 160 164
f 158 162 164
f 158 164 160
f 161 157 159
f 161 159 163
f 161 165 166
f 161 166 162
f 167 163 164
f 167 164 168
f 162 166 168
f 162 168 164
f 165 161 163
f 165 163 167
f 165 169 170
f 165 170 166
f 171 167 168
f 171 168 172
f 166 170 172
f 166 172 168
f 169 165 167
f 169 167 171
f 169 173 174
f 169 174 170
f 175 171 172
f 175 172 176
f 170 174 176
f 170 176 172
f 173 169 171
f 173 171 175
f 173 177 178
f 173 178 174
f 179 175 176
f 179 176 180
f 174 178 180
f 174 180 176
f 177 173 175
f 177 175 179
f 177 181 182
f 177 182 178
f 183 179 180
f 183 180 184
f 178 182 184
f 178 184 180
f 181 177 179
f 181 179 183
f 181 185 186
f 181 186 182
f 187 183 184
f 187 184 188
f 182 186 188
f 182 188 184
f 185 181 183
f 185 183 187
f 185 189 190
f 185 190 186
f 191 187 188
f 191 188 192
f 186 190 192
f 186 192 188
f 189 185 187
f 189 187 191
f 189 193 194
f 189 194 190
f 195 191 192
f 195 192 196
f 190 194 196
f 190 196 192
f 193 189 191
f 193 191 195
f 193 197 198
f 193 198 194
f 199 195 196
f 199 196 200
f 194 198 200
f 194 200 196
f 197 193 195
f 197 195 199
f 197 201 202
f 197 202 198
f 203 199 200
f 203 200 204
f 198 202 204
f 198 204 200
f 201 197 199
f 201 199 203
f 201 205 206
f 201 206 202
f 207 203 204
f 207 204 208
f 202 206 208
f 202 208 204
f 205 201 203
f 205 203 207
f 205 209 210
f 205 210 206
f 211 207 208
f 211 208 212
f 206 210 212
f 206 212 208
f 209 205 207
f 209 207 211
f 209 213 214
f 209 214 210
f 215 211 212
f 215 212 216
f 210 214 216
f 210 216 212
f 213 209 211
f 213 211 215
f 213 217 218
f 213 218 214
f 219 215 216
f 219 216 220
f 214 218 220
f 214 220 216
f 217 213 215
f 217 215 219
f 217 221 222
f 217 222 218
f 223 219 220
f 223 220 224
f 218 222 224
f 218 224 220
f 221 217 219
f 221 219 223
f 221 225 226
f 221 226 222
f 227 223 224
f 227 224 228
f 222 226 228
f 222 228 224
f 225 221 223
f 225 223 227
f 225 229 230
f 225 230 226
f 231 227 228
f 231 228 232
f 226 230 232
f 226 232 228
f 229 225 227
f 229 227 231
f 229 233 234
f 229 234 230
f 235 231 232
f 235 232 236
f 230 234 236
f 230 236 232
f 233 229 231
f 233 231 235
f 233 237 238
f 233 238 234
f 239 235 236
f 239 236 240
f 234 238 240
f 234 240 236
f 237 233 235
f 237 235 239
f 237 241 242
f 237 242 238
f 243 239 240
f 243 240 244
f 238 242 244
f 238 244 240
f 241 237 239
f 241 239 243
f 241 245 246
f 241 246 242
f 247 243 244
f 247 244 248
f 242 246 248
f 242 248 244
f 245 241 243
f 245 243 247
f 245 249 250
f 245 250 246
f 251 247 248
f 251 248 252
f 246 250 252
f 246 252 248
f 249 245 247
f 249 247 251
f 249 253 254
f 249 254 250
f 255 251 252
f 255 252 256
f 250 254 256
f 250 256 252
f 253 249 251
f 253 251 255
f 253 257 258
f 253 258 254
f 259 255 256
f 259 256 260
f 254 258 260
f 254 260 256
f 257 253 255
f 257 255 259
f 257 261 262
f 257 262 258
f 263 259 260
f 263 260 264
f 258 262 264
f 258 264 260
f 261 257 259
f 261 259 263
f 261 265 266
f 261 266 262
f 267 263 264
f 267 264 268
f 262 266 268
f 262 268 264
f 265 261 263
f 265 263 267
f 265 269 270
f 265 270 266
f 271 267 268
f 271 268 272
f 266 270 272
f 266 272 268
f 269 265 267
f 269 267 271
f 269 273 274
f 269 274 270
f 275 271 272
f 275 272 276
f 270 274 276
f 270 276 272
f 273 269 271
f 273 271 275
f 273 277 278
f 273 278 274
f 279 275 276
f 279 276 280
f 274 278 280
f 274 280 276
f 277 273 275
f 277 275 279
f 277 281 282
f 277 282 278
f 283 279 280
f 283 280 284
f 278 282 284
f 278 284 280
f 281 277 279
f 281 279 283
f 281 285 286
f 281 286 282
f 287 283 284
f 287 284 288
f 282 286 288
f 282 288 284
f 285 281 283
f 285 283 287
f 285 289 290
f 285 290 286
f 291 287 288
f 291 288 292
f 286 290 292
f 286 292 288
f 289 285 287
f 289 287 291
f 289 293 294
f 289 294 290
f 295 291 292
f 295 292 296
f 290 294 296
f 290 296 292
f 293 289 291
f 293 291 295
f 293 297 298
f 293 298 294
f 299 295 296
f 299 296 300
f 294 298 300
f 294 300 296
f 297 293 295
f 297 295 299
f 297 301 302
f 297 302 298
f 303 299 300
f 303 300 304
f 298 302 304
f 298 304 300
f 301 297 299
f 301 299 303
f 301 305 306
f 301 306 302
f 307 303 304
f 307 304 308
f 302 306 308
f 302 308 304
f 305 301 303
f 305 303 307
f 305 309 310
f 305 310 306
f 311 307 308
f 311 308 312
f 306 310 312
f 306 312 308
f 309 305 307
f 309 307 311
f 309 313 314
f 309 314 310
f 315 311 312
f 315 312 316
f 310 314 316
f 310 316 312
f 313 309 311
f 313 311 315
f 313 317 318
f 313 318 314
f 319 315 316
f 319 316 320
f 314 318 320
f 314 320 316
f 317 313 315
f 317 315 319
f 317 321 322
f 317 322 318
f 323 319 320
f 323 320 324
f 318 322 324
f 318 324 320
f 321 317 319
f 321 319 323
f 321 325 326
f 321 326 322
f 327 323 324
f 327 324 328
f 322 326 328
f 322 328 324
f 325 321 323
f 325 323 327
f 325 329 330
f 325 330 326
f 331 327 328
f 331 328 332
f 326 330 332
f 326 332 328
f 329 325 327
f 329 327 331
f 329 333 334
f 329 334 330
f 335 331 332
f 335 332 336
f 330 334 336
f 330 336 332
f 333 329 331
f 333 331 335
f 333 337 338
f 333 338 334
f 339 335 336
f 339 336 340
f 334 338 340
f 334 340 336
f 337 333 335
f 337 335 339
f 337 341 342
f 337 342 338
f 343 339 340
f 343 340 344
f 338 342 344
f 338 344 340
f 341 337 339
f 341 339 343
f 341 345 346
f 341 346 342
f 347 343 344
f 347 344 348
f 342 346 348
f 342 348 344
f 345 341 343
f 345 343 347
f 345 349 350
f 345 350 346
f 351 347 348
f 351 348 352
f 346 350 352
f 346 352 348
f 349 345 347
f 349 347 351
f 349 353 354
f 349 354 350
f 355 351 352
f 355 352 356
f 350 354 356
f 350 356 352
f 353 349 351
f 353 351 355
f 353 357 358
f 353 358 354
f 359 355 356
f 359 356 360
f 354 358 360
f 354 360 356
f 357 353 355
f 357 355 359
f 357 361 362
f 357 362 358
f 363 359 360
f 363 360 364
f 358 362 364
f 358 364 360
f 361 357 359
f 361 359 363
f 361 365 366
f 361 366 362
f 367 363 364
f 367 364 368
f 362 366 368
f 362 368 364
f 365 361 363
f 365 363 367
f 365 369 370
f 365 370 366
f 371 367 368
f 371 368 372
f 366 370 372
f 366 372 368
f 369 365 367
f 369 367 371
f 369 373 374
f 369 374 370
f 375 371 372
f 375 372 376
f 370 374 376
f 370 376 372
f 373 369 371
f 373 371 375
f 373 377 378
f 373 378 374
f 379 375 376
f 379 376 380
f 374 378 380
f 374 380 376
f 377 373 375
f 377 375 379
f 377 381 382
f 377 382 378
f 383 379 380
f 383 380 384
f 378 382 384
f 378 384 380
f 381 377 379
f 381 379 383
f 381 1 2
f 381 2 382
f 3 383 384
f 3 384 4
f 382 2 4
f 382 4 384
f 1 381 383
f 1 383 3
f 385 404 386
f 404 405 386
f 386 405 387
f 405 406 387
f 387 406 388
f 406 407 388
f 388 407 389
f 407 408 389
f 389 408 390
f 408 409 390
f 390 409 391
f 409 410 391
f 391 410 392
f 410 411 392
f 392 411 393
f 411 412 393
f 393 412 394
f 412 413 394
f 394 413 395
f 413 414 395
f 395 414 396
f 414 415 396
f 396 415 397
f 415 416 397
f 397 416 398
f 416 417 398
f 398 417 399
f 417 418 399
f 399 418 400
f 418 419 400
f 400 419 401
f 419 420 401
f 401 420 402
f 420 421 402
f 402 421 403
f 421 422 403
f 404 423 405
f 423 424 405
f 405 424 406
f 424 425 406
f 406 425 407
f 425 426 407
f 407 426 408
f 426 427 408
f 408 427 409
f 427 428 409
f 409 428 410
f 428 429 410
f 410 429 411
f 429 430 411
f 411 430 412
f 430 431 412
f 412 431 413
f 431 432 413
f 413 432 414
f 432 433 414
f 414 433 415
f 433 434 415
f 415 434 416
f 434 435 416
f 416 435 417
f 435 436 417
f 417 436 418
f 436 437 418
f 418 437 419
f 437 438 419
f 419 438 420
f 438 439 420
f 420 439 421
f 439 440 421
f 421 440 422
f 440 441 422
f 423 442 424
f 442 443 424
f 424 443 425
f 443 444 425
f 425 444 426
f 444 445 426
f 426 445 427
f 445 446 427
f 427 446 428
f 446 447 428
f 428 447 429
f 447 448 429
f 429 448 430
f 448 449 430
f 430 449 431
f 449 450 431
f 431 450 432
f 450 451 432
f 432 451 433
f 451 452 433
f 433 452 434
f 452 453 434
f 434 453 435
f 453 454 435
f 435 454 436
f 454 455 436
f 436 455 437
f 455 456 437
f 437 456 438
f 456 457 438
f 438 457 439
f 457 458 439
f 439 458 440
f 458 459 440
f 440 459 441
f 459 460 441
f 442 461 443
f 461 462 443
f 443 462 444
f 462 463 444
f 444 463 445
f 463 464 445
f 445 464 446
f 464 465 446
f 446 465 447
f 465 466 447
f 447 466 448
f 466 467 448
f 448 467 449
f 467 468 449
f 449 468 450
f 468 469 450
f 450 469 451
f 469 470 451
f 451 470 452
f 470 471 452
f 452 471 453
f 471 472 453
f 453 472 454
f 472 473 454
f 454 473 455
f 473 474 455
f 455 474 456
f 474 475 456
f 456 475 457
f 475 476 457
f 457 476 458
f 476 477 458
f 458 477 459
f 477 478 459
f 459 478 460
f 478 479 460
f 461 480 462
f 480 481 462
f 462 481 463
f 481 482 463
f 463 482 464
f 482 483 464
f 464 483 465
f 483 484 465
f 465 484 466
f 484 485 466
f 466 485 467
f 485 486 467
f 467 486 468
f 486 487 468
f 468 487 469
f 487 488 469
f 469 488 470
f 488 489 470
f 470 489 471
f 489 490 471
f 471 490 472
f 490 491 472
f 472 491 473
f 491 492 473
f 473 492 474
f 492 493 474
f 474 493 475
f 493 494 475
f 475 494 476
f 494 495 476
f 476 495 477
f 495 496 477
f 477 496 478
f 496 497 478
f 478 497 479
f 497 498 479
f 480 499 481
f 499 500 481
f 481 500 482
f 500 501 482
f 482 501 483
f 501 502 483
f 483 502 484
f 502 503 484
f 484 503 485
f 503 504 485
f 485 504 486
f 504 505 486
f 486 505 487
f 505 506 487
f 487 506 488
f 506 507 488
f 488 507 489
f 507 508 489
f 489 508 490
f 508 509 490
f 490 509 491
f 509 510 491
f 491 510 492
f 510 511 492
f 492 511 493
f 511 512 493
f 493 512 494
f 512 513 494
f 494 513 495
f 513 514 495
f 495 514 496
f 514 515 496
f 496 515 497
f 515 516 497
f 497 516 498
f 516 517 498
f 499 518 500
f 518 519 500
f 500 519 501
f 519 520 501
f 501 520 502
f 520 521 502
f 502 521 503
f 521 522 503
f 503 522 504
f 522 523 504
f 504 523 505
f 523 524 505
f 505 524 506
f 524 525 506
f 506 525 507
f 525 526 507
f 507 526 508
f 526 527 508
f 508 527 509
f 527 528 509
f 509 528 510
f 528 529 510
f 510 529 511
f 529 530 511
f 511 530 512
f 530 531 512
f 512 531 513
f 531 532 513
f 513 532 514
f 532 533 514
f 514 533 515
f 533 534 515
f 515 534 516
f 534 535 516
f 516 535 517
f 535 536 517
f 518 537 519
f 537 538 519
f 519 538 520
f 538 539 520
f 520 539 521
f 539 540 521
f 521 540 522
f 540 541 522
f 522 541 523
f 541 542 523
f 523 542 524
f 542 543 524
f 524 543 525
f 543 544 525
f 525 544 526
f 544 545 526
f 526 545 527
f 545 546 527
f 527 546 528
f 546 547 528
f 528 547 529
f 547 548 529
f 529 548 530
f 548 549 530
f 530 549 531
f 549 550 531
f 531 550 532
f 550 551 532
f 532 551 533
f 551 552 533
f 533 552 534
f 552 553 534
f 534 553 535
f 553 554 535
f 535 554 536
f 554 555 536
f 537 556 538
f 556 557 538
f 538 557 539
f 557 558 539
f 539 558 540
f 558 559 540
f 540 559 541
f 559 560 541
f 541 560 542
f 560 561 542
f 542 561 543
f 561 562 543
f 543 562 544
f 562 563 544
f 544 563 545
f 563 564 545
f 545 564 546
f 564 565 546
f 546 565 547
f 565 566 547
f 547 566 548
f 566 567 548
f 548 567 549
f 567 568 549
f 549 568 550
f 568 569 550
f 550 569 551
f 569 570 551
f 551 570 552
f 570 571 552
f 552 571 553
f 571 572 553
f 553 572 554
f 572 573 554
f 554 573 555
f 573 574 555
f 556 575 557
f 575 576 557
f 557 576 558
f 576 577 558
f 558 577 559
f 577 578 559
f 559 578 560
f 578 579 560
f 560 579 561
f 579 580 561
f 561 580 562
f 580 581 562
f 562 581 563
f 581 582 563
f 563 582 564
f 582 583 564
f 564 583 565
f 583 584 565
f 565 584 566
f 584 585 566
f 566 585 567
f 585 586 567
f 567 586 568
f 586 587 568
f 568 587 569
f 587 588 569
f 569 588 570
f 588 589 570
f 570 589 571
f 589 590 571
f 571 590 572
f 590 591 572
f 572 591 573
f 591 592 573
f 573 592 574
f 592 593 574
f 575 594 576
f 594 595 576
f 576 595 577
f 595 596 577
f 577 596 578
f 596 597 578
f 578 597 579
f 597 598 579
f 579 598 580
f 598 599 580
f 580 599 581
f 599 600 581
f 581 600 582
f 600 601 582
f 582 601 583
f 601 602 583
f 583 602 584
f 602 603 584
f 584 603 585
f 603 604 585
f 585 604 586
f 604 605 586
f 586 605 587
f 605 606 587
f 587 606 588
f 606 607 588
f 588 607 589
f 607 608 589
f 589 608 590
f 608 609 590
f 590 609 591
f 609 610 591
f 591 610 592
f 610 611 592
f 592 611 593
f 611 612 593
f 594 613 595
f 613 614 595
f 595 614 596
f 614 615 596
f 596 615 597
f 615 616 597
f 597 616 598
f 616 617 598
f 598 617 599
f 617 618 599
f 599 618 600
f 618 619 600
f 600 619 601
f 619 620 601
f 601 620 602
f 620 621 602
f 602 621 603
f 621 622 603
f 603 622 604
f 622 623 604
f 604 623 605
f 623 624 605
f 605 624 606
f 624 625 606
f 606 625 607
f 625 626 607
f 607 626 608
f 626 627 608
f 608 627 609
f 627 628 609
f 609 628 610
f 628 629 610
f 610 629 611
f 629 630 611
f 611 630 612
f 630 631 612
f 613 632 614
f 632 633 614
f 614 633 615
f 633 634 615
f 615 634 616
f 634 635 616
f 616 635 617
f 635 636 617
f 617 636 618
f 636 637 618
f 618 637 619
f 637 638 619
f 619 638 620
f 638 639 620
f 620 639 621
f 639 640 621
f 621 640 622
f 640 641 622
f 622 641 623
f 641 642 623
f 623 642 624
f 642 643 624
f 624 643 625
f 643 644 625
f 625 644 626
f 644 645 626
f 626 645 627
f 645 646 627
f 627 646 628
f 646 647 628
f 628 647 629
f 647 648 629
f 629 648 630
f 648 649 630
f 630 649 631
f 649 650 631
f 632 651 633
f 651 652 633
f 633 652 634
f 652 653 634
f 634 653 635
f 653 654 635
f 635 654 636
f 654 655 636
f 636 655 637
f 655 656 637
f 637 656 638
f 656 657 638
f 638 657 639
f 657 658 639
f 639 658 640
f 658 659 640
f 640 659 641
f 659 660 641
f 641 660 642
f 660 661 642
f 642 661 643
f 661 662 643
f 643 662 644
f 662 663 644
f 644 663 645
f 663 664 645
f 645 664 646
f 664 665 646
f 646 665 647
f 665 666 647
f 647 666 648
f 666 667 648
f 648 667 649
f 667 668 649
f 649 668 650
f 668 669 650
f 651 670 652
f 670 671 652
f 652 671 653
f 671 672 653
f 653 672 654
f 672 673 654
f 654 673 655
f 673 674 655
f 655 674 656
f 674 675 656
f 656 675 657
f 675 676 657
f 657 676 658
f 676 677 658
f 658 677 659
f 677 678 659
f 659 678 660
f 678 679 660
f 660 679 661
f 679 680 661
f 661 680 662
f 680 681 662
f 662 681 663
f 681 682 663
f 663 682 664
f 682 683 664
f 664 683 665
f 683 684 665
f 665 684 666
f 684 685 666
f 666 685 667
f 685 686 667
f 667 686 668
f 686 687 668
f 668 687 669
f 687 688 669
f 670 689 671
f 689 690 671
f 671 690 672
f 690 691 672
f 672 691 673
f 691 692 673
f 673 692 674
f 692 693 674
f 674 693 675
f 693 694 675
f 675 694 676
f 694 695 676
f 676 695 677
f 695 696 677
f 677 696 678
f 696 697 678
f 678 697 679
f 697 698 679
f 679 698 680
f 698 699 680
f 680 699 681
f 699 700 681
f 681 700 682
f 700 701 682
f 682 701 683
f 701 702 683
f 683 702 684
f 702 703 684
f 684 703 685
f 703 704 685
f 685 704 686
f 704 705 686
f 686 705 687
f 705 706 687
f 687 706 688
f 706 707 688
f 689 708 690
f 708 709 690
f 690 709 691
f 709 710 691
f 691 710 692
f 710 711 692
f 692 711 693
f 711 712 693
f 693 712 694
f 712 713 694
f 694 713 695
f 713 714 695
f 695 714 696
f 714 715 696
f 696 715 697
f 715 716 697
f 697 716 698
f 716 717 698
f 698 717 699
f 717 718 699
f 699 718 700
f 718 719 700
f 700 719 701
f 719 720 701
f 701 720 702
f 720 721 702
f 702 721 703
f 721 722 703
f 703 722 704
f 722 723 704
f 704 723 705
f 723 724 705
f 705 724 706
f 724 725 706
f 706 725 707
f 725 726 707
f 708 727 709
f 727 728 709
f 709 728 710
f 728 729 710
f 710 729 711
f 729 730 711
f 711 730 712
f 730 731 712
f 712 731 713
f 731 732 713
f 713 732 714
f 732 733 714
f 714 733 715
f 733 734 715
f 715 734 716
f 734 735 716
f 716 735 717
f 735 736 717
f 717 736 718
f 736 737 718
f 718 737 719
f 737 738 719
f 719 738 720
f 738 739 720
f 720 739 721
f 739 740 721
f 721 740 722
f 740 741 722
f 722 741 723
f 741 742 723
f 723 742 724
f 742 743 724
f 724 743 725
f 743 744 725
f 725 744 726
f 744 745 726
f 727 746 728
f 746 747 728
f 728 747 729
f 747 748 729
f 729 748 730
f 748 749 730
f 730 749 731
f 749 750 731
f 731 750 732
f 750 751 732
f 732 751 733
f 751 752 733
f 733 752 734
f 752 753 734
f 734 753 735
f 753 754 735
f 735 754 736
f 754 755 736
f 736 755 737
f 755 756 737
f 737 756 738
f 756 757 738
f 738 757 739
f 757 758 739
f 739 758 740
f 758 759 740
f 740 759 741
f 759 760 741
f 741 760 742
f 760 761 742
f 742 761 743
f 761 762 743
f 743 762 744
f 762 763 744
f 744 763 745
f 763 764 745
f 746 765 747
f 765 766 747
f 747 766 748
f 766 767 748
f 748 767 749
f 767 768 749
f 749 768 750
f 768 769 750
f 750 769 751
f 769 770 751
f 751 770 752
f 770 771 752
f 752 771 753
f 771 772 753
f 753 772 754
f 772 773 754
f 754 773 755
f 773 774 755
f 755 774 756
f 774 775 756
f 756 775 757
f 775 776 757
f 757 776 758
f 776 777 758
f 758 777 759
f 777 778 759
f 759 778 760
f 778 779 760
f 760 779 761
f 779 780 761
f 761 780 762
f 780 781 762
f 762 781 763
f 781 782 763
f 763 782 764
f 782 783 764
f 765 784 766
f 784 785 766
f 766 785 767
f 785 786 767
f 767 786 768
f 786 787 768
f 768 787 769
f 787 788 769
f 769 788 770
f 788 789 770
f 770 789 771
f 789 790 771
f 771 790 772
f 790 791 772
f 772 791 773
f 791 792 773
f 773 792 774
f 792 793 774
f 774 793 775
f 793 794 775
f 775 794 776
f 794 795 776
f 776 795 777
f 795 796 777
f 777 796 778
f 796 797 778
f 778 797 779
f 797 798 779
f 779 798 780
f 798 799 780
f 780 799 781
f 799 800 781
f 781 800 782
f 800 801 782
f 782 801 783
f 801 802 783
f 784 803 785
f 803 804 785
f 785 804 786
f 804 805 786
f 786 805 787
f 805 806 787
f 787 806 788
f 806 807 788
f 788 807 789
f 807 808 789
f 789 808 790
f 808 809 790
f 790 809 791
f 809 810 791
f 791 810 792
f 810 811 792
f 792 811 793
f 811 812 793
f 793 812 794
f 812 813 794
f 794 813 795
f 813 814 795
f 795 814 796
f 814 815 796
f 796 815 797
f 815 816 797
f 797 816 798
f 816 817 798
f 798 817 799
f 817 818 799
f 799 818 800
f 818 819 800
f 800 819 801
f 819 820 801
f 801 820 802
f 820 821 802
f 803 822 804
f 822 823 804
f 804 823 805
f 823 824 805
f 805 824 806
f 824 825 806
f 806 825 807
f 825 826 807
f 807 826 808
f 826 827 808
f 808 827 809
f 827 828 809
f 809 828 810
f 828 829 810
f 810 829 811
f 829 830 811
f 811 830 812
f 830 831 812
f 812 831 813
f 831 832 813
f 813 832 814
f 832 833 814
f 814 833 815
f 833 834 815
f 815 834 816
f 834 835 816
f 816 835 817
f 835 836 817
f 817 836 818
f 836 837 818
f 818 837 819
f 837 838 819
f 819 838 820
f 838 839 820
f 820 839 821
f 839 840 821
f 822 841 823
f 841 842 823
f 823 842 824
f 842 843 824
f 824 843 825
f 843 844 825
f 825 844 826
f 844 845 826
f 826 845 827
f 845 846 827
f 827 846 828
f 846 847 828
f 828 847 829
f 847 848 829
f 829 848 830
f 848 849 830
f 830 849 831
f 849 850 831
f 831 850 832
f 850 851 832
f 832 851 833
f 851 852 833
f 833 852 834
f 852 853 834
f 834 853 835
f 853 854 835
f 835 854 836
f 854 855 836
f 836 855 837
f 855 856 837
f 837 856 838
f 856 857 838
f 838 857 839
f 857 858 839
f 839 858 840
f 858 859 840
f 841 860 842
f 860 861 842
f 842 861 843
f 861 862 843
f 843 862 844
f 862 863 844
f 844 863 845
f 863 864 845
f 845 864 846
f 864 865 846
f 846 865 847
f 865 866 847
f 847 866 848
f 866 867 848
f 848 867 849
f 867 868 849
f 849 868 850
f 868 869 850
f 850 869 851
f 869 870 851
f 851 870 852
f 870 871 852
f 852 871 853
f 871 872 853
f 853 872 854
f 872 873 854
f 854 873 855
f 873 874 855
f 855 874 856
f 874 875 856
f 856 875 857
f 875 876 857
f 857 876 858
f 876 877 858
f 858 877 859
f 877 878 859
f 860 879 861
f 879 880 861
f 861 880 862
f 880 881 862
f 862 881 863
f 881 882 863
f 863 882 864
f 882 883 864
f 864 883 865
f 883 884 865
f 865 884 866
f 884 885 866
f 866 885 867
f 885 886 867
f 867 886 868
f 886 887 868
f 868 887 869
f 887 888 869
f 869 888 870
f 888 889 870
f 870 889 871
f 889 890 871
f 871 890 872
f 890 891 872
f 872 891 873
f 891 892 873
f 873 892 874
f 892 893 874
f 874 893 875
f 893 894 875
f 875 894 876
f 894 895 876
f 876 895 877
f 895 896 877
f 877 896 878
f 896 897 878
f 879 898 880
f 898 899 880
f 880 899 881
f 899 900 881
f 881 900 882
f 900 901 882
f 882 901 883
f 901 902 883
f 883 902 884
f 902 903 884
f 884 903 885
f 903 904 885
f 885 904 886
f 904 905 886
f 886 905 887
f 905 906 887
f 887 906 888
f 906 907 888
f 888 907 889
f 907 908 889
f 889 908 890
f 908 909 890
f 890 909 891
f 909 910 891
f 891 910 892
f 910 911 892
f 892 911 893
f 911 912 893
f 893 912 894
f 912 913 894
f 894 913 895
f 913 914 895
f 895 914 896
f 914 915 896
f 896 915 897
f 915 916 897
f 898 917 899
f 917 918 899
f 899 918 900
f 918 919 900
f 900 919 901
f 919 920 901
f 901 920 902
f 920 921 902
f 902 921 903
f 921 922 903
f 903 922 904
f 922 923 904
f 904 923 905
f 923 924 905
f 905 924 906
f 924 925 906
f 906 925 907
f 925 926 907
f 907 926 908
f 926 927 908
f 908 927 909
f 927 928 909
f 909 928 910
f 928 929 910
f 910 929 911
f 929 930 911
f 911 930 912
f 930 931 912
f 912 931 913
f 931 932 913
f 913 932 914
f 932 933 914
f 914 933 915
f 933 934 915
f 915 934 916
f 934 935 916
f 917 936 918
f 936 937 918
f 918 937 919
f 937 938 919
f 919 938 920
f 938 939 920
f 920 939 921
f 939 940 921
f 921 940 922
f 940 941 922
f 922 941 923
f 941 942 923
f 923 942 924
f 942 943 924
f 924 943 925
f 943 944 925
f 925 944 926
f 944 945 926
f 926 945 927
f 945 946 927
f 927 946 928
f 946 947 928
f 928 947 929
f 947 948 929
f 929 948 930
f 948 949 930
f 930 949 931
f 949 950 931
f 931 950 932
f 950 951 932
f 932 951 933
f 951 952 933
f 933 952 934
f 952 953 934
f 934 953 935
f 953 954 935
f 936 955 937
f 955 956 937
f 937 956 938
f 956 957 938
f 938 957 939
f 957 958 939
f 939 958 940
f 958 959 940
f 940 959 941
f 959 960 941
f 941 960 942
f 960 961 942
f 942 961 943
f 961 962 943
f 943 962 944
f 962 963 944
f 944 963 945
f 963 964 945
f 945 964 946
f 964 965 946
f 946 965 947
f 965 966 947
f 947 966 948
f 966 967 948
f 948 967 949
f 967 968 949
f 949 968 950
f 968 969 950
f 950 969 951
f 969 970 951
f 951 970 952
f 970 971 952
f 952 971 953
f 971 972 953
f 953 972 954
f 972 973 954
f 955 974 956
f 974 975 956
f 956 975 957
f 975 976 957
f 957 976 958
f 976 977 958
f 958 977 959
f 977 978 959
f 959 978 960
f 978 979 960
f 960 979 961
f 979 980 961
f 961 980 962
f 980 981 962
f 962 981 963
f 981 982 963
f 963 982 964
f 982 983 964
f 964 983 965
f 983 984 965
f 965 984 966
f 984 985 966
f 966 985 967
f 985 986 967
f 967 986 968
f 986 987 968
f 968 987 969
f 987 988 969
f 969 988 970
f 988 989 970
f 970 989 971
f 989 990 971
f 971 990 972
f 990 991 972
f 972 991 973
f 991 992 973
f 974 993 975
f 993 994 975
f 975 994 976
f 994 995 976
f 976 995 977
f 995 996 977
f 977 996 978
f 996 997 978
f 978 997 979
f 997 998 979
f 979 998 980
f 998 999 980
f 980 999 981
f 999 1000 981
f 981 1000 982
f 1000 1001 982
f 982 1001 983
f 1001 1002 983
f 983 1002 984
f 1002 1003 984
f 984 1003 985
f 1003 1004 985
f 985 1004 986
f 1004 1005 986
f 986 1005 987
f 1005 1006 987
f 987 1006 988
f 1006 1007 988
f 988 1007 989
f 1007 1008 989
f 989 1008 990
f 1008 1009 990
f 990 1009 991
f 1009 1010 991
f 991 1010 992
f 1010 1011 992
f 993 1012 994
f 1012 1013 994
f 994 1013 995
f 1013 1014 995
f 995 1014 996
f 1014 1015 996
f 996 1015 997
f 1015 1016 997
f 997 1016 998
f 1016 1017 998
f 998 1017 999
f 1017 1018 999
f 999 1018 1000
f 1018 1019 1000
f 1000 1019 1001
f 1019 1020 1001
f 1001 1020 1002
f 1020 1021 1002
f 1002 1021 1003
f 1021 1022 1003
f 1003 1022 1004
f 1022 1023 1004
f 1004 1023 1005
f 1023 1024 1005
f 1005 1024 1006
f 1024 1025 1006
f 1006 1025 1007
f 1025 1026 1007
f 1007 1026 1008
f 1026 1027 1008
f 1008 1027 1009
f 1027 1028 1009
f 1009 1028 1010
f 1028 1029 1010
f 1010 1029 1011
f 1029 1030 1011
f 1012 1031 1013
f 1031 1032 1013
f 1013 1032 1014
f 1032 1033 1014
f 1014 1033 1015
f 1033 1034 1015
f 1015 1034 1016
f 1034 1035 1016
f 1016 1035 1017
f 1035 1036 1017
f 1017 1036 1018
f 1036 1037 1018
f 1018 1037 1019
f 1037 1038 1019
f 1019 1038 1020
f 1038 1039 1020
f 1020 1039 1021
f 1039 1040 1021
f 1021 1040 1022
f 1040 1041 1022
f 1022 1041 1023
f 1041 1042 1023
f 1023 1042 1024
f 1042 1043 1024
f 1024 1043 1025
f 1043 1044 1025
f 1025 1044 1026
f 1044 1045 1026
f 1026 1045 1027
f 1045 1046 1027
f 1027 1046 1028
f 1046 1047 1028
f 1028 1047 1029
f 1047 1048 1029
f 1029 1048 1030
f 1048 1049 1030
f 1031 1050 1032
f 1050 1051 1032
f 1032 1051 1033
f 1051 1052 1033
f 1033 1052 1034
f 1052 1053 1034
f 1034 1053 1035
f 1053 1054 1035
f 1035 1054 1036
f 1054 1055 1036
f 1036 1055 1037
f 1055 1056 1037
f 1037 1056 1038
f 1056 1057 1038
f 1038 1057 1039
f 1057 1058 1039
f 1039 1058 1040
f 1058 1059 1040
f 1040 1059 1041
f 1059 1060 1041
f 1041 1060 1042
f 1060 1061 1042
f 1042 1061 1043
f 1061 1062 1043
f 1043 1062 1044
f 1062 1063 1044
f 1044 1063 1045
f 1063 1064 1045
f 1045 1064 1046
f 1064 1065 1046
f 1046 1065 1047
f 1065 1066 1047
f 1047 1066 1048
f 1066 1067 1048
f 1048 1067 1049
f 1067 1068 1049
f 1050 1069 1051
f 1069 1070 1051
f 1051 1070 1052
f 1070 1071 1052
f 1052 1071 1053
f 1071 1072 1053
f 1053 1072 1054
f 1072 1073 1054
f 1054 1073 1055
f 1073 1074 1055
f 1055 1074 1056
f 1074 1075 1056
f 1056 1075 1057
f 1075 1076 1057
f 1057 1076 1058
f 1076 1077 1058
f 1058 1077 1059
f 1077 1078 1059
f 1059 1078 1060
f 1078 1079 1060
f 1060 1079 1061
f 1079 1080 1061
f 1061 1080 1062
f 1080 1081 1062
f 1062 1081 1063
f 1081 1082 1063
f 1063 1082 1064
f 1082 1083 1064
f 1064 1083 1065
f 1083 1084 1065
f 1065 1084 1066
f 1084 1085 1066
f 1066 1085 1067
f 1085 1086 1067
f 1067 1086 1068
f 1086 1087 1068
f 1069 1088 1070
f 1088 1089 1070
f 1070 1089 1071
f 1089 1090 1071
f 1071 1090 1072
f 1090 1091 1072
f 1072 1091 1073
f 1091 1092 1073
f 1073 1092 1074
f 1092 1093 1074
f 1074 1093 1075
f 1093 1094 1075
f 1075 1094 1076
f 1094 1095 1076
f 1076 1095 1077
f 1095 1096 1077
f 1077 1096 1078
f 1096 1097 1078
f 1078 1097 1079
f 1097 1098 1079
f 1079 1098 1080
f 1098 1099 1080
f 1080 1099 1081
f 1099 1100 1081
f 1081 1100 1082
f 1100 1101 1082
f 1082 1101 1083
f 1101 1102 1083
f 1083 1102 1084
f 1102 1103 1084
f 1084 1103 1085
f 1103 1104 1085
f 1085 1104 1086
f 1104 1105 1086
f 1086 1105 1087
f 1105 1106 1087
f 1088 1107 1089
f 1107 1108 1089
f 1089 1108 1090
f 1108 1109 1090
f 1090 1109 1091
f 1109 1110 1091
f 1091 1110 1092
f 1110 1111 1092
f 1092 1111 1093
f 1111 1112 1093
f 1093 1112 1094
f 1112 1113 1094
f 1094 1113 1095
f 1113 1114 1095
f 1095 1114 1096
f 1114 1115 1096
f 1096 1115 1097
f 1115 1116 1097
f 1097 1116 1098
f 1116 1117 1098
f 1098 1117 1099
f 1117 1118 1099
f 1099 1118 1100
f 1118 1119 1100
f 1100 1119 1101
f 1119 1120 1101
f 1101 1120 1102
f 1120 1121 1102
f 1102 1121 1103
f 1121 1122 1103
f 1103 1122 1104
f 1122 1123 1104
f 1104 1123 1105
f 1123 1124 1105
f 1105 1124 1106
f 1124 1125 1106
f 1107 1126 1108
f 1126 1127 1108
f 1108 1127 1109
f 1127 1128 1109
f 1109 1128 1110
f 1128 1129 1110
f 1110 1129 1111
f 1129 1130 1111
f 1111 1130 1112
f 1130 1131 1112
f 1112 1131 1113
f 1131 1132 1113
f 1113 1132 1114
f 1132 1133 1114
f 1114 1133 1115
f 1133 1134 1115
f 1115 1134 1116
f 1134 1135 1116
f 1116 1135 1117
f 1135 1136 1117
f 1117 1136 1118
f 1136 1137 1118
f 1118 1137 1119
f 1137 1138 1119
f 1119 1138 1120
f 1138 1139 1120
f 1120 1139 1121
f 1139 1140 1121
f 1121 1140 1122
f 1140 1141 1122
f 1122 1141 1123
f 1141 1142 1123
f 1123 1142 1124
f 1142 1143 1124
f 1124 1143 1125
f 1143 1144 1125
f 1126 1145 1127
f 1145 1146 1127
f 1127 1146 1128
f 1146 1147 1128
f 1128 1147 1129
f 1147 1148 1129
f 1129 1148 1130
f 1148 1149 1130
f 1130 1149 1131
f 1149 1150 1131
f 1131 1150 1132
f 1150 1151 1132
f 1132 1151 1133
f 1151 1152 1133
f 1133 1152 1134
f 1152 1153 1134
f 1134 1153 1135
f 1153 1154 1135
f 1135 1154 1136
f 1154 1155 1136
f 1136 1155 1137
f 1155 1156 1137
f 1137 1156 1138
f 1156 1157 1138
f 1138 1157 1139
f 1157 1158 1139
f 1139 1158 1140
f 1158 1159 1140
f 1140 1159 1141
f 1159 1160 1141
f 1141 1160 1142
f 1160 1161 1142
f 1142 1161 1143
f 1161 1162 1143
f 1143 1162 1144
f 1162 1163 1144
f 1145 1164 1146
f 1164 1165 1146
f 1146 1165 1147
f 1165 1166 1147
f 1147 1166 1148
f 1166 1167 1148
f 1148 1167 1149
f 1167 1168 1149
f 1149 1168 1150
f 1168 1169 1150
f 1150 1169 1151
f 1169 1170 1151
f 1151 1170 1152
f 1170 1171 1152
f 1152 1171 1153
f 1171 1172 1153
f 1153 1172 1154
f 1172 1173 1154
f 1154 1173 1155
f 1173 1174 1155
f 1155 1174 1156
f 1174 1175 1156
f 1156 1175 1157
f 1175 1176 1157
f 1157 1176 1158
f 1176 1177 1158
f 1158 1177 1159
f 1177 1178 1159
f 1159 1178 1160
f 1178 1179 1160
f 1160 1179 1161
f 1179 1180 1161
f 1161 1180 1162
f 1180 1181 1162
f 1162 1181 1163
f 1181 1182 1163
f 1164 1183 1165
f 1183 1184 1165
f 1165 1184 1166
f 1184 1185 1166
f 1166 1185 1167
f 1185 1186 1167
f 1167 1186 1168
f 1186 1187 1168
f 1168 1187 1169
f 1187 1188 1169
f 1169 1188 1170
f 1188 1189 1170
f 1170 1189 1171
f 1189 1190 1171
f 1171 1190 1172
f 1190 1191 1172
f 1172 1191 1173
f 1191 1192 1173
f 1173 1192 1174
f 1192 1193 1174
f 1174 1193 1175
f 1193 1194 1175
f 1175 1194 1176
f 1194 1195 1176
f 1176 1195 1177
f 1195 1196 1177
f 1177 1196 1178
f 1196 1197 1178
f 1178 1197 1179
f 1197 1198 1179
f 1179 1198 1180
f 1198 1199 1180
f 1180 1199 1181
f 1199 1200 1181
f 1181 1200 1182
f 1200 1201 1182
f 1183 1202 1184
f 1202 1203 1184
f 1184 1203 1185
f 1203 1204 1185
f 1185 1204 1186
f 1204 1205 1186
f 1186 1205 1187
f 1205 1206 1187
f 1187 1206 1188
f 1206 1207 1188
f 1188 1207 1189
f 1207 1208 1189
f 1189 1208 1190
f 1208 1209 1190
f 1190 1209 1191
f 1209 1210 1191
f 1191 1210 1192
f 1210 1211 1192
f 1192 1211 1193
f 1211 1212 1193
f 1193 1212 1194
f 1212 1213 1194
f 1194 1213 1195
f 1213 1214 1195
f 1195 1214 1196
f 1214 1215 1196
f 1196 1215 1197
f 1215 1216 1197
f 1197 1216 1198
f 1216 1217 1198
f 1198 1217 1199
f 1217 1218 1199
f 1199 1218 1200
f 1218 1219 1200
f 1200 1219 1201
f 1219 1220 1201
f 1202 1221 1203
f 1221 1222 1203
f 1203 1222 1204
f 1222 1223 1204
f 1204 1223 1205
f 1223 1224 1205
f 1205 1224 1206
f 1224 1225 1206
f 1206 1225 1207
f 1225 1226 1207
f 1207 1226 1208
f 1226 1227 1208
f 1208 1227 1209
f 1227 1228 1209
f 1209 1228 1210
f 1228 1229 1210
f 1210 1229 1211
f 1229 1230 1211
f 1211 1230 1212
f 1230 1231 1212
f 1212 1231 1213
f 1231 1232 1213
f 1213 1232 1214
f 1232 1233 1214
f 1214 1233 1215
f 1233 1234 1215
f 1215 1234 1216
f 1234 1235 1216
f 1216 1235 1217
f 1235 1236 1217
f 1217 1236 1218
f 1236 1237 1218
f 1218 1237 1219
f 1237 1238 1219
f 1219 1238 1220
f 1238 1239 1220
f 1221 1240 1222
f 1240 1241 1222
f 1222 1241 1223
f 1241 1242 1223
f 1223 1242 1224
f 1242 1243 1224
f 1224 1243 1225
f 1243 1244 1225
f 1225 1244 1226
f 1244 1245 1226
f 1226 1245 1227
f 1245 1246 1227
f 1227 1246 1228
f 1246 1247 1228
f 1228 1247 1229
f 1247 1248 1229
f 1229 1248 1230
f 1248 1249 1230
f 1230 1249 1231
f 1249 1250 1231
f 1231 1250 1232
f 1250 1251 1232
f 1232 1251 1233
f 1251 1252 1233
f 1233 1252 1234
f 1252 1253 1234
f 1234 1253 1235
f 1253 1254 1235
f 1235 1254 1236
f 1254 1255 1236
f 1236 1255 1237
f 1255 1256 1237
f 1237 1256 1238
f 1256 1257 1238
f 1238 1257 1239
f 1257 1258 1239
f 1240 1259 1241
f 1259 1260 1241
f 1241 1260 1242
f 1260 1261 1242
f 1242 1261 1243
f 1261 1262 1243
f 1243 1262 1244
f 1262 1263 1244
f 1244 1263 1245
f 1263 1264 1245
f 1245 1264 1246
f 1264 1265 1246
f 1246 1265 1247
f 1265 1266 1247
f 1247 1266 1248
f 1266 1267 1248
f 1248 1267 1249
f 1267 1268 1249
f 1249 1268 1250
f 1268 1269 1250
f 1250 1269 1251
f 1269 1270 1251
f 1251 1270 1252
f 1270 1271 1252
f 1252 1271 1253
f 1271 1272 1253
f 1253 1272 1254
f 1272 1273 1254
f 1254 1273 1255
f 1273 1274 1255
f 1255 1274 1256
f 1274 1275 1256
f 1256 1275 1257
f 1275 1276 1257
f 1257 1276 1258
f 1276 1277 1258
f 1259 1278 1260
f 1278 1279 1260
f 1260 1279 1261
f 1279 1280 1261
f 1261 1280 1262
f 1280 1281 1262
f 1262 1281 1263
f 1281 1282 1263
f 1263 1282 1264
f 1282 1283 1264
f 1264 1283 1265
f 1283 1284 1265
f 1265 1284 1266
f 1284 1285 1266
f 1266 1285 1267
f 1285 1286 1267
f 1267 1286 1268
f 1286 1287 1268
f 1268 1287 1269
f 1287 1288 1269
f 1269 1288 1270
f 1288 1289 1270
f 1270 1289 1271
f 1289 1290 1271
f 1271 1290 1272
f 1290 1291 1272
f 1272 1291 1273
f 1291 1292 1273
f 1273 1292 1274
f 1292 1293 1274
f 1274 1293 1275
f 1293 1294 1275
f 1275 1294 1276
f 1294 1295 1276
f 1276 1295 1277
f 1295 1296 1277
f 1278 1297 1279
f 1297 1298 1279
f 1279 1298 1280
f 1298 1299 1280
f 1280 1299 1281
f 1299 1300 1281
f 1281 1300 1282
f 1300 1301 1282
f 1282 1301 1283
f 1301 1302 1283
f 1283 1302 1284
f 1302 1303 1284
f 1284 1303 1285
f 1303 1304 1285
f 1285 1304 1286
f 1304 1305 1286
f 1286 1305 1287
f 1305 1306 1287
f 1287 1306 1288
f 1306 1307 1288
f 1288 1307 1289
f 1307 1308 1289
f 1289 1308 1290
f 1308 1309 1290
f 1290 1309 1291
f 1309 1310 1291
f 1291 1310 1292
f 1310 1311 1292
f 1292 1311 1293
f 1311 1312 1293
f 1293 1312 1294
f 1312 1313 1294
f 1294 1313 1295
f 1313 1314 1295
f 1295 1314 1296
f 1314 1315 1296
f 1297 1316 1298
f 1316 1317 1298
f 1298 1317 1299
f 1317 1318 1299
f 1299 1318 1300
f 1318 1319 1300
f 1300 1319 1301
f 1319 1320 1301
f 1301 1320 1302
f 1320 1321 1302
f 1302 1321 1303
f 1321 1322 1303
f 1303 1322 1304
f 1322 1323 1304
f 1304 1323 1305
f 1323 1324 1305
f 1305 1324 1306
f 1324 1325 1306
f 1306 1325 1307
f 1325 1326 1307
f 1307 1326 1308
f 1326 1327 1308
f 1308 1327 1309
f 1327 1328 1309
f 1309 1328 1310
f 1328 1329 1310
f 1310 1329 1311
f 1329 1330 1311
f 1311 1330 1312
f 1330 1331 1312
f 1312 1331 1313
f 1331 1332 1313
f 1313 1332 1314
f 1332 1333 1314
f 1314 1333 1315
f 1333 1334 1315
f 1316 1335 1317
f 1335 1336 1317
f 1317 1336 1318
f 1336 1337 1318
f 1318 1337 1319
f 1337 1338 1319
f 1319 1338 1320
f 1338 1339 1320
f 1320 1339 1321
f 1339 1340 1321
f 1321 1340 1322
f 1340 1341 1322
f 1322 1341 1323
f 1341 1342 1323
f 1323 1342 1324
f 1342 1343 1324
f 1324 1343 1325
f 1343 1344 1325
f 1325 1344 1326
f 1344 1345 1326
f 1326 1345 1327
f 1345 1346 1327
f 1327 1346 1328
f 1346 1347 1328
f 1328 1347 1329
f 1347 1348 1329
f 1329 1348 1330
f 1348 1349 1330
f 1330 1349 1331
f 1349 1350 1331
f 1331 1350 1332
f 1350 1351 1332
f 1332 1351 1333
f 1351 1352 1333
f 1333 1352 1334
f 1352 1353 1334
f 1335 1354 1336
f 1354 1355 1336
f 1336 1355 1337
f 1355 1356 1337
f 1337 1356 1338
f 1356 1357 1338
f 1338 1357 1339
f 1357 1358 1339
f 1339 1358 1340
f 1358 1359 1340
f 1340 1359 1341
f 1359 1360 1341
f 1341 1360 1342
f 1360 1361 1342
f 1342 1361 1343
f 1361 1362 1343
f 1343 1362 1344
f 1362 1363 1344
f 1344 1363 1345
f 1363 1364 1345
f 1345 1364 1346
f 1364 1365 1346
f 1346 1365 1347
f 1365 1366 1347
f 1347 1366 1348
f 1366 1367 1348
f 1348 1367 1349
f 1367 1368 1349
f 1349 1368 1350
f 1368 1369 1350
f 1350 1369 1351
f 1369 1370 1351
f 1351 1370 1352
f 1370 1371 1352
f 1352 1371 1353
f 1371 1372 1353
f 1354 1373 1355
f 1373 1374 1355
f 1355 1374 1356
f 1374 1375 1356
f 1356 1375 1357
f 1375 1376 1357
f 1357 1376 1358
f 1376 1377 1358
f 1358 1377 1359
f 1377 1378 1359
f 1359 1378 1360
f 1378 1379 1360
f 1360 1379 1361
f 1379 1380 1361
f 1361 1380 1362
f 1380 1381 1362
f 1362 1381 1363
f 1381 1382 1363
f 1363 1382 1364
f 1382 1383 1364
f 1364 1383 1365
f 1383 1384 1365
f 1365 1384 1366
f 1384 1385 1366
f 1366 1385 1367
f 1385 1386 1367
f 1367 1386 1368
f 1386 1387 1368
f 1368 1387 1369
f 1387 1388 1369
f 1369 1388 1370
f 1388 1389 1370
f 1370 1389 1371
f 1389 1390 1371
f 1371 1390 1372
f 1390 1391 1372
f 1373 1392 1374
f 1392 1393 1374
f 1374 1393 1375
f 1393 1394 1375
f 1375 1394 1376
f 1394 1395 1376
f 1376 1395 1377
f 1395 1396 1377
f 1377 1396 1378
f 1396 1397 1378
f 1378 1397 1379
f 1397 1398 1379
f 1379 1398 1380
f 1398 1399 1380
f 1380 1399 1381
f 1399 1400 1381
f 1381 1400 1382
f 1400 1401 1382
f 1382 1401 1383
f 1401 1402 1383
f 1383 1402 1384
f 1402 1403 1384
f 1384 1403 1385
f 1403 1404 1385
f 1385 1404 1386
f 1404 1405 1386
f 1386 1405 1387
f 1405 1406 1387
f 1387 1406 1388
f 1406 1407 1388
f 1388 1407 1389
f 1407 1408 1389
f 1389 1408 1390
f 1408 1409 1390
f 1390 1409 1391
f 1409 1410 1391
f 1392 1411 1393
f 1411 1412 1393
f 1393 1412 1394
f 1412 1413 1394
f 1394 1413 1395
f 1413 1414 1395
f 1395 1414 1396
f 1414 1415 1396
f 1396 1415 1397
f 1415 1416 1397
f 1397 1416 1398
f 1416 1417 1398
f 1398 1417 1399
f 1417 1418 1399
f 1399 1418 1400
f 1418 1419 1400
f 1400 1419 1401
f 1419 1420 1401
f 1401 1420 1402
f 1420 1421 1402
f 1402 1421 1403
f 1421 1422 1403
f 1403 1422 1404
f 1422 1423 1404
f 1404 1423 1405
f 1423 1424 1405
f 1405 1424 1406
f 1424 1425 1406
f 1406 1425 1407
f 1425 1426 1407
f 1407 1426 1408
f 1426 1427 1408
f 1408 1427 1409
f 1427 1428 1409
f 1409 1428 1410
f 1428 1429 1410
f 1411 1430 1412
f 1430 1431 1412
f 1412 1431 1413
f 1431 1432 1413
f 1413 1432 1414
f 1432 1433 1414
f 1414 1433 1415
f 1433 1434 1415
f 1415 1434 1416
f 1434 1435 1416
f 1416 1435 1417
f 1435 1436 1417
f 1417 1436 1418
f 1436 1437 1418
f 1418 1437 1419
f 1437 1438 1419
f 1419 1438 1420
f 1438 1439 1420
f 1420 1439 1421
f 1439 1440 1421
f 1421 1440 1422
f 1440 1441 1422
f 1422 1441 1423
f 1441 1442 1423
f 1423 1442 1424
f 1442 1443 1424
f 1424 1443 1425
f 1443 1444 1425
f 1425 1444 1426
f 1444 1445 1426
f 1426 1445 1427
f 1445 1446 1427
f 1427 1446 1428
f 1446 1447 1428
f 1428 1447 1429
f 1447 1448 1429
f 1430 1449 1431
f 1449 1450 1431
f 1431 1450 1432
f 1450 1451 1432
f 1432 1451 1433
f 1451 1452 1433
f 1433 1452 1434
f 1452 1453 1434
f 1434 1453 1435
f 1453 1454 1435
f 1435 1454 1436
f 1454 1455 1436
f 1436 1455 1437
f 1455 1456 1437
f 1437 1456 1438
f 1456 1457 1438
f 1438 1457 1439
f 1457 1458 1439
f 1439 1458 1440
f 1458 1459 1440
f 1440 1459 1441
f 1459 1460 1441
f 1441 1460 1442
f 1460 1461 1442
f 1442 1461 1443
f 1461 1462 1443
f 1443 1462 1444
f 1462 1463 1444
f 1444 1463 1445
f 1463 1464 1445
f 1445 1464 1446
f 1464 1465 1446
f 1446 1465 1447
f 1465 1466 1447
f 1447 1466 1448
f 1466 1467 1448
f 1449 1468 1450
f 1468 1469 1450
f 1450 1469 1451
f 1469 1470 1451
f 1451 1470 1452
f 1470 1471 1452
f 1452 1471 1453
f 1471 1472 1453
f 1453 1472 1454
f 1472 1473 1454
f 1454 1473 1455
f 1473 1474 1455
f 1455 1474 1456
f 1474 1475 1456
f 1456 1475 1457
f 1475 1476 1457
f 1457 1476 1458
f 1476 1477 1458
f 1458 1477 1459
f 1477 1478 1459
f 1459 1478 1460
f 1478 1479 1460
f 1460 1479 1461
f 1479 1480 1461
f 1461 1480 1462
f 1480 1481 1462
f 1462 1481 1463
f 1481 1482 1463
f 1463 1482 1464
f 1482 1483 1464
f 1464 1483 1465
f 1483 1484 1465
f 1465 1484 1466
f 1484 1485 1466
f 1466 1485 1467
f 1485 1486 1467
f 1468 1487 1469
f 1487 1488 1469
f 1469 1488 1470
f 1488 1489 1470
f 1470 1489 1471
f 1489 1490 1471
f 1471 1490 1472
f 1490 1491 1472
f 1472 1491 1473
f 1491 1492 1473
f 1473 1492 1474
f 1492 1493 1474
f 1474 1493 1475
f 1493 1494 1475
f 1475 1494 1476
f 1494 1495 1476
f 1476 1495 1477
f 1495 1496 1477
f 1477 1496 1478
f 1496 1497 1478
f 1478 1497 1479
f 1497 1498 1479
f 1479 1498 1480
f 1498 1499 1480
f 1480 1499 1481
f 1499 1500 1481
f 1481 1500 1482
f 1500 1501 1482
f 1482 1501 1483
f 1501 1502 1483
f 1483 1502 1484
f 1502 1503 1484
f 1484 1503 1485
f 1503 1504 1485
f 1485 1504 1486
f 1504 1505 1486
f 1487 1506 1488
f 1506 1507 1488
f 1488 1507 1489
f 1507 1508 1489
f 1489 1508 1490
f 1508 1509 1490
f 1490 1509 1491
f 1509 1510 1491
f 1491 1510 1492
f 1510 1511 1492
f 1492 1511 1493
f 1511 1512 1493
f 1493 1512 1494
f 1512 1513 1494
f 1494 1513 1495
f 1513 1514 1495
f 1495 1514 1496
f 1514 1515 1496
f 1496 1515 1497
f 1515 1516 1497
f 1497 1516 1498
f 1516 1517 1498
f 1498 1517 1499
f 1517 1518 1499
f 1499 1518 1500
f 1518 1519 1500
f 1500 1519 1501
f 1519 1520 1501
f 1501 1520 1502
f 1520 1521 1502
f 1502 1521 1503
f 1521 1522 1503
f 1503 1522 1504
f 1522 1523 1504
f 1504 1523 1505
f 1523 1524 1505
f 1506 1525 1507
f 1525 1526 1507
f 1507 1526 1508
f 1526 1527 1508
f 1508 1527 1509
f 1527 1528 1509
f 1509 1528 1510
f 1528 1529 1510
f 1510 1529 1511
f 1529 1530 1511
f 1511 1530 1512
f 1530 1531 1512
f 1512 1531 1513
f 1531 1532 1513
f 1513 1532 1514
f 1532 1533 1514
f 1514 1533 1515
f 1533 1534 1515
f 1515 1534 1516
f 1534 1535 1516
f 1516 1535 1517
f 1535 1536 1517
f 1517 1536 1518
f 1536 1537 1518
f 1518 1537 1519
f 1537 1538 1519
f 1519 1538 1520
f 1538 1539 1520
f 1520 1539 1521
f 1539 1540 1521
f 1521 1540 1522
f 1540 1541 1522
f 1522 1541 1523
f 1541 1542 1523
f 1523 1542 1524
f 1542 1543 1524
f 1525 1544 1526
f 1544 1545 1526
f 1526 1545 1527
f 1545 1546 1527
f 1527 1546 1528
f 1546 1547 1528
f 1528 1547 1529
f 1547 1548 1529
f 1529 1548 1530
f 1548 1549 1530
f 1530 1549 1531
f 1549 1550 1531
f 1531 1550 1532
f 1550 1551 1532
f 1532 1551 1533
f 1551 1552 1533
f 1533 1552 1534
f 1552 1553 1534
f 1534 1553 1535
f 1553 1554 1535
f 1535 1554 1536
f 1554 1555 1536
f 1536 1555 1537
f 1555 1556 1537
f 1537 1556 1538
f 1556 1557 1538
f 1538 1557 1539
f 1557 1558 1539
f 1539 1558 1540
f 1558 1559 1540
f 1540 1559 1541
f 1559 1560 1541
f 1541 1560 1542
f 1560 1561 1542
f 1542 1561 1543
f 1561 1562 1543
f 1544 1563 1545
f 1563 1564 1545
f 1545 1564 1546
f 1564 1565 1546
f 1546 1565 1547
f 1565 1566 1547
f 1547 1566 1548
f 1566 1567 1548
f 1548 1567 1549
f 1567 1568 1549
f 1549 1568 1550
f 1568 1569 1550
f 1550 1569 1551
f 1569 1570 1551
f 1551 1570 1552
f 1570 1571 1552
f 1552 1571 1553
f 1571 1572 1553
f 1553 1572 1554
f 1572 1573 1554
f 1554 1573 1555
f 1573 1574 1555
f 1555 1574 1556
f 1574 1575 1556
f 1556 1575 1557
f 1575 1576 1557
f 1557 1576 1558
f 1576 1577 1558
f 1558 1577 1559
f 1577 1578 1559
f 1559 1578 1560
f 1578 1579 1560
f 1560 1579 1561
f 1579 1580 1561
f 1561 1580 1562
f 1580 1581 1562
f 1563 1582 1564
f 1582 1583 1564
f 1564 1583 1565
f 1583 1584 1565
f 1565 1584 1566
f 1584 1585 1566
f 1566 1585 1567
f 1585 1586 1567
f 1567 1586 1568
f 1586 1587 1568
f 1568 1587 1569
f 1587 1588 1569
f 1569 1588 1570
f 1588 1589 1570
f 1570 1589 1571
f 1589 1590 1571
f 1571 1590 1572
f 1590 1591 1572
f 1572 1591 1573
f 1591 1592 1573
f 1573 1592 1574
f 1592 1593 1574
f 1574 1593 1575
f 1593 1594 1575
f 1575 1594 1576
f 1594 1595 1576
f 1576 1595 1577
f 1595 1596 1577
f 1577 1596 1578
f 1596 1597 1578
f 1578 1597 1579
f 1597 1598 1579
f 1579 1598 1580
f 1598 1599 1580
f 1580 1599 1581
f 1599 1600 1581
f 1582 1601 1583
f 1601 1602 1583
f 1583 1602 1584
f 1602 1603 1584
f 1584 1603 1585
f 1603 1604 1585
f 1585 1604 1586
f 1604 1605 1586
f 1586 1605 1587
f 1605 1606 1587
f 1587 1606 1588
f 1606 1607 1588
f 1588 1607 1589
f 1607 1608 1589
f 1589 1608 1590
f 1608 1609 1590
f 1590 1609 1591
f 1609 1610 1591
f 1591 1610 1592
f 1610 1611 1592
f 1592 1611 1593
f 1611 1612 1593
f 1593 1612 1594
f 1612 1613 1594
f 1594 1613 1595
f 1613 1614 1595
f 1595 1614 1596
f 1614 1615 1596
f 1596 1615 1597
f 1615 1616 1597
f 1597 1616 1598
f 1616 1617 1598
f 1598 1617 1599
f 1617 1618 1599
f 1599 1618 1600
f 1618 1619 1600
f 1601 1620 1602
f 1620 1621 1602
f 1602 1621 1603
f 1621 1622 1603
f 1603 1622 1604
f 1622 1623 1604
f 1604 1623 1605
f 1623 1624 1605
f 1605 1624 1606
f 1624 1625 1606
f 1606 1625 1607
f 1625 1626 1607
f 1607 1626 1608
f 1626 1627 1608
f 1608 1627 1609
f 1627 1628 1609
f 1609 1628 1610
f 1628 1629 1610
f 1610 1629 1611
f 1629 1630 1611
f 1611 1630 1612
f 1630 1631 1612
f 1612 1631 1613
f 1631 1632 1613
f 1613 1632 1614
f 1632 1633 1614
f 1614 1633 1615
f 1633 1634 1615
f 1615 1634 1616
f 1634 1635 1616
f 1616 1635 1617
f 1635 1636 1617
f 1617 1636 1618
f 1636 1637 1618
f 1618 1637 1619
f 1637 1638 1619
f 1620 1639 1621
f 1639 1640 1621
f 1621 1640 1622
f 1640 1641 1622
f 1622 1641 1623
f 1641 1642 1623
f 1623 1642 1624
f 1642 1643 1624
f 1624 1643 1625
f 1643 1644 1625
f 1625 1644 1626
f 1644 1645 1626
f 1626 1645 1627
f 1645 1646 1627
f 1627 1646 1628
f 1646 1647 1628
f 1628 1647 1629
f 1647 1648 1629
f 1629 1648 1630
f 1648 1649 1630
f 1630 1649 1631
f 1649 1650 1631
f 1631 1650 1632
f 1650 1651 1632
f 1632 1651 1633
f 1651 1652 1633
f 1633 1652 1634
f 1652 1653 1634
f 1634 1653 1635
f 1653 1654 1635
f 1635 1654 1636
f 1654 1655 1636
f 1636 1655 1637
f 1655 1656 1637
f 1637 1656 1638
f 1656 1657 1638
f 1639 1658 1640
f 1658 1659 1640
f 1640 1659 1641
f 1659 1660 1641
f 1641 1660 1642
f 1660 1661 1642
f 1642 1661 1643
f 1661 1662 1643
f 1643 1662 1644
f 1662 1663 1644
f 1644 1663 1645
f 1663 1664 1645
f 1645 1664 1646
f 1664 1665 1646
f 1646 1665 1647
f 1665 1666 1647
f 1647 1666 1648
f 1666 1667 1648
f 1648 1667 1649
f 1667 1668 1649
f 1649 1668 1650
f 1668 1669 1650
f 1650 1669 1651
f 1669 1670 1651
f 1651 1670 1652
f 1670 1671 1652
f 1652 1671 1653
f 1671 1672 1653
f 1653 1672 1654
f 1672 1673 1654
f 1654 1673 1655
f 1673 1674 1655
f 1655 1674 1656
f 1674 1675 1656
f 1656 1675 1657
f 1675 1676 1657
f 1658 1677 1659
f 1677 1678 1659
f 1659 1678 1660
f 1678 1679 1660
f 1660 1679 1661
f 1679 1680 1661
f 1661 1680 1662
f 1680 1681 1662
f 1662 1681 1663
f 1681 1682 1663
f 1663 1682 1664
f 1682 1683 1664
f 1664 1683 1665
f 1683 1684 1665
f 1665 1684 1666
f 1684 1685 1666
f 1666 1685 1667
f 1685 1686 1667
f 1667 1686 1668
f 1686 1687 1668
f 1668 1687 1669
f 1687 1688 1669
f 1669 1688 1670
f 1688 1689 1670
f 1670 1689 1671
f 1689 1690 1671
f 1671 1690 1672
f 1690 1691 1672
f 1672 1691 1673
f 1691 1692 1673
f 1673 1692 1674
f 1692 1693 1674
f 1674 1693 1675
f 1693 1694 1675
f 1675 1694 1676
f 1694 1695 1676
f 1677 1696 1678
f 1696 1697 1678
f 1678 1697 1679
f 1697 1698 1679
f 1679 1698 1680
f 1698 1699 1680
f 1680 1699 1681
f 1699 1700 1681
f 1681 1700 1682
f 1700 1701 1682
f 1682 1701 1683
f 1701 1702 1683
f 1683 1702 1684
f 1702 1703 1684
f 1684 1703 1685
f 1703 1704 1685
f 1685 1704 1686
f 1704 1705 1686
f 1686 1705 1687
f 1705 1706 1687
f 1687 1706 1688
f 1706 1707 1688
f 1688 1707 1689
f 1707 1708 1689
f 1689 1708 1690
f 1708 1709 1690
f 1690 1709 1691
f 1709 1710 1691
f 1691 1710 1692
f 1710 1711 1692
f 1692 1711 1693
f 1711 1712 1693
f 1693 1712 1694
f 1712 1713 1694
f 1694 1713 1695
f 1713 1714 1695
f 1696 1715 1697
f 1715 1716 1697
f 1697 1716 1698
f 1716 1717 1698
f 1698 1717 1699
f 1717 1718 1699
f 1699 1718 1700
f 1718 1719 1700
f 1700 1719 1701
f 1719 1720 1701
f 1701 1720 1702
f 1720 1721 1702
f 1702 1721 1703
f 1721 1722 1703
f 1703 1722 1704
f 1722 1723 1704
f 1704 1723 1705
f 1723 1724 1705
f 1705 1724 1706
f 1724 1725 1706
f 1706 1725 1707
f 1725 1726 1707
f 1707 1726 1708
f 1726 1727 1708
f 1708 1727 1709
f 1727 1728 1709
f 1709 1728 1710
f 1728 1729 1710
f 1710 1729 1711
f 1729 1730 1711
f 1711 1730 1712
f 1730 1731 1712
f 1712 1731 1713
f 1731 1732 1713
f 1713 1732 1714
f 1732 1733 1714
f 1715 1734 1716
f 1734 1735 1716
f 1716 1735 1717
f 1735 1736 1717
f 1717 1736 1718
f 1736 1737 1718
f 1718 1737 1719
f 1737 1738 1719
f 1719 1738 1720
f 1738 1739 1720
f 1720 1739 1721
f 1739 1740 1721
f 1721 1740 1722
f 1740 1741 1722
f 1722 1741 1723
f 1741 1742 1723
f 1723 1742 1724
f 1742 1743 1724
f 1724 1743 1725
f 1743 1744 1725
f 1725 1744 1726
f 1744 1745 1726
f 1726 1745 1727
f 1745 1746 1727
f 1727 1746 1728
f 1746 1747 1728
f 1728 1747 1729
f 1747 1748 1729
f 1729 1748 1730
f 1748 1749 1730
f 1730 1749 1731
f 1749 1750 1731
f 1731 1750 1732
f 1750 1751 1732
f 1732 1751 1733
f 1751 1752 1733
f 1734 1753 1735
f 1753 1754 1735
f 1735 1754 1736
f 1754 1755 1736
f 1736 1755 1737
f 1755 1756 1737
f 1737 1756 1738
f 1756 1757 1738
f 1738 1757 1739
f 1757 1758 1739
f 1739 1758 1740
f 1758 1759 1740
f 1740 1759 1741
f 1759 1760 1741
f 1741 1760 1742
f 1760 1761 1742
f 1742 1761 1743
f 1761 1762 1743
f 1743 1762 1744
f 1762 1763 1744
f 1744 1763 1745
f 1763 1764 1745
f 1745 1764 1746
f 1764 1765 1746
f 1746 1765 1747
f 1765 1766 1747
f 1747 1766 1748
f 1766 1767 1748
f 1748 1767 1749
f 1767 1768 1749
f 1749 1768 1750
f 1768 1769 1750
f 1750 1769 1751
f 1769 1770 1751
f 1751 1770 1752
f 1770 1771 1752
f 1753 1772 1754
f 1772 1773 1754
f 1754 1773 1755
f 1773 1774 1755
f 1755 1774 1756
f 1774 1775 1756
f 1756 1775 1757
f 1775 1776 1757
f 1757 1776 1758
f 1776 1777 1758
f 1758 1777 1759
f 1777 1778 1759
f 1759 1778 1760
f 1778 1779 1760
f 1760 1779 1761
f 1779 1780 1761
f 1761 1780 1762
f 1780 1781 1762
f 1762 1781 1763
f 1781 1782 1763
f 1763 1782 1764
f 1782 1783 1764
f 1764 1783 1765
f 1783 1784 1765
f 1765 1784 1766
f 1784 1785 1766
f 1766 1785 1767
f 1785 1786 1767
f 1767 1786 1768
f 1786 1787 1768
f 1768 1787 1769
f 1787 1788 1769
f 1769 1788 1770
f 1788 1789 1770
f 1770 1789 1771
f 1789 1790 1771
f 1772 1791 1773
f 1791 1792 1773
f 1773 1792 1774
f 1792 1793 1774
f 1774 1793 1775
f 1793 1794 1775
f 1775 1794 1776
f 1794 1795 1776
f 1776 1795 1777
f 1795 1796 1777
f 1777 1796 1778
f 1796 1797 1778
f 1778 1797 1779
f 1797 1798 1779
f 1779 1798 1780
f 1798 1799 1780
f 1780 1799 1781
f 1799 1800 1781
f 1781 1800 1782
f 1800 1801 1782
f 1782 1801 1783
f 1801 1802 1783
f 1783 1802 1784
f 1802 1803 1784
f 1784 1803 1785
f 1803 1804 1785
f 1785 1804 1786
f 1804 1805 1786
f 1786 1805 1787
f 1805 1806 1787
f 1787 1806 1788
f 1806 1807 1788
f 1788 1807 1789
f 1807 1808 1789
f 1789 1808 1790
f 1808 1809 1790
f 1791 1810 1792
f 1810 1811 1792
f 1792 1811 1793
f 1811 1812 1793
f 1793 1812 1794
f 1812 1813 1794
f 1794 1813 1795
f 1813 1814 1795
f 1795 1814 1796
f 1814 1815 1796
f 1796 1815 1797
f 1815 1816 1797
f 1797 1816 1798
f 1816 1817 1798
f 1798 1817 1799
f 1817 1818 1799
f 1799 1818 1800
f 1818 1819 1800
f 1800 1819 1801
f 1819 1820 1801
f 1801 1820 1802
f 1820 1821 1802
f 1802 1821 1803
f 1821 1822 1803
f 1803 1822 1804
f 1822 1823 1804
f 1804 1823 1805
f 1823 1824 1805
f 1805 1824 1806
f 1824 1825 1806
f 1806 1825 1807
f 1825 1826 1807
f 1807 1826 1808
f 1826 1827 1808
f 1808 1827 1809
f 1827 1828 1809
f 1810 1829 1811
f 1829 1830 1811
f 1811 1830 1812
f 1830 1831 1812
f 1812 1831 1813
f 1831 1832 1813
f 1813 1832 1814
f 1832 1833 1814
f 1814 1833 1815
f 1833 1834 1815
f 1815 1834 1816
f 1834 1835 1816
f 1816 1835 1817
f 1835 1836 1817
f 1817 1836 1818
f 1836 1837 1818
f 1818 1837 1819
f 1837 1838 1819
f 1819 1838 1820
f 1838 1839 1820
f 1820 1839 1821
f 1839 1840 1821
f 1821 1840 1822
f 1840 1841 1822
f 1822 1841 1823
f 1841 1842 1823
f 1823 1842 1824
f 1842 1843 1824
f 1824 1843 1825
f 1843 1844 1825
f 1825 1844 1826
f 1844 1845 1826
f 1826 1845 1827
f 1845 1846 1827
f 1827 1846 1828
f 1846 1847 1828
f 1829 1848 1830
f 1848 1849 1830
f 1830 1849 1831
f 1849 1850 1831
f 1831 1850 1832
f 1850 1851 1832
f 1832 1851 1833
f 1851 1852 1833
f 1833 1852 1834
f 1852 1853 1834
f 1834 1853 1835
f 1853 1854 1835
f 1835 1854 1836
f 1854 1855 1836
f 1836 1855 1837
f 1855 1856 1837
f 1837 1856 1838
f 1856 1857 1838
f 1838 1857 1839
f 1857 1858 1839
f 1839 1858 1840
f 1858 1859 1840
f 1840 1859 1841
f 1859 1860 1841
f 1841 1860 1842
f 1860 1861 1842
f 1842 1861 1843
f 1861 1862 1843
f 1843 1862 1844
f 1862 1863 1844
f 1844 1863 1845
f 1863 1864 1845
f 1845 1864 1846
f 1864 1865 1846
f 1846 1865 1847
f 1865 1866 1847
f 1848 1867 1849
f 1867 1868 1849
f 1849 1868 1850
f 1868 1869 1850
f 1850 1869 1851
f 1869 1870 1851
f 1851 1870 1852
f 1870 1871 1852
f 1852 1871 1853
f 1871 1872 1853
f 1853 1872 1854
f 1872 1873 1854
f 1854 1873 1855
f 1873 1874 1855
f 1855 1874 1856
f 1874 1875 1856
f 1856 1875 1857
f 1875 1876 1857
f 1857 1876 1858
f 1876 1877 1858
f 1858 1877 1859
f 1877 1878 1859
f 1859 1878 1860
f 1878 1879 1860
f 1860 1879 1861
f 1879 1880 1861
f 1861 1880 1862
f 1880 1881 1862
f 1862 1881 1863
f 1881 1882 1863
f 1863 1882 1864
f 1882 1883 1864
f 1864 1883 1865
f 1883 1884 1865
f 1865 1884 1866
f 1884 1885 1866
f 1867 1886 1868
f 1886 1887 1868
f 1868 1887 1869
f 1887 1888 1869
f 1869 1888 1870
f 1888 1889 1870
f 1870 1889 1871
f 1889 1890 1871
f 1871 1890 1872
f 1890 1891 1872
f 1872 1891 1873
f 1891 1892 1873
f 1873 1892 1874
f 1892 1893 1874
f 1874 1893 1875
f 1893 1894 1875
f 1875 1894 1876
f 1894 1895 1876
f 1876 1895 1877
f 1895 1896 1877
f 1877 1896 1878
f 1896 1897 1878
f 1878 1897 1879
f 1897 1898 1879
f 1879 1898 1880
f 1898 1899 1880
f 1880 1899 1881
f 1899 1900 1881
f 1881 1900 1882
f 1900 1901 1882
f 1882 1901 1883
f 1901 1902 1883
f 1883 1902 1884
f 1902 1903 1884
f 1884 1903 1885
f 1903 1904 1885
f 1886 1905 1887
f 1905 1906 1887
f 1887 1906 1888
f 1906 1907 1888
f 1888 1907 1889
f 1907 1908 1889
f 1889 1908 1890
f 1908 1909 1890
f 1890 1909 1891
f 1909 1910 1891
f 1891 1910 1892
f 1910 1911 1892
f 1892 1911 1893
f 1911 1912 1893
f 1893 1912 1894
f 1912 1913 1894
f 1894 1913 1895
f 1913 1914 1895
f 1895 1914 1896
f 1914 1915 1896
f 1896 1915 1897
f 1915 1916 1897
f 1897 1916 1898
f 1916 1917 1898
f 1898 1917 1899
f 1917 1918 1899
f 1899 1918 1900
f 1918 1919 1900
f 1900 1919 1901
f 1919 1920 1901
f 1901 1920 1902
f 1920 1921 1902
f 1902 1921 1903
f 1921 1922 1903
f 1903 1922 1904
f 1922 1923 1904
f 1905 1924 1906
f 1924 1925 1906
f 1906 1925 1907
f 1925 1926 1907
f 1907 1926 1908
f 1926 1927 1908
f 1908 1927 1909
f 1927 1928 1909
f 1909 1928 1910
f 1928 1929 1910
f 1910 1929 1911
f 1929 1930 1911
f 1911 1930 1912
f 1930 1931 1912
f 1912 1931 1913
f 1931 1932 1913
f 1913 1932 1914
f 1932 1933 1914
f 1914 1933 1915
f 1933 1934 1915
f 1915 1934 1916
f 1934 1935 1916
f 1916 1935 1917
f 1935 1936 1917
f 1917 1936 1918
f 1936 1937 1918
f 1918 1937 1919
f 1937 1938 1919
f 1919 1938 1920
f 1938 1939 1920
f 1920 1939 1921
f 1939 1940 1921
f 1921 1940 1922
f 1940 1941 1922
f 1922 1941 1923
f 1941 1942 1923
f 1924 1943 1925
f 1943 1944 1925
f 1925 1944 1926
f 1944 1945 1926
f 1926 1945 1927
f 1945 1946 1927
f 1927 1946 1928
f 1946 1947 1928
f 1928 1947 1929
f 1947 1948 1929
f 1929 1948 1930
f 1948 1949 1930
f 1930 1949 1931
f 1949 1950 1931
f 1931 1950 1932
f 1950 1951 1932
f 1932 1951 1933
f 1951 1952 1933
f 1933 1952 1934
f 1952 1953 1934
f 1934 1953 1935
f 1953 1954 1935
f 1935 1954 1936
f 1954 1955 1936
f 1936 1955 1937
f 1955 1956 1937
f 1937 1956 1938
f 1956 1957 1938
f 1938 1957 1939
f 1957 1958 1939
f 1939 1958 1940
f 1958 1959 1940
f 1940 1959 1941
f 1959 1960 1941
f 1941 1960 1942
f 1960 1961 1942
f 1943 1962 1944
f 1962 1963 1944
f 1944 1963 1945
f 1963 1964 1945
f 1945 1964 1946
f 1964 1965 1946
f 1946 1965 1947
f 1965 1966 1947
f 1947 1966 1948
f 1966 1967 1948
f 1948 1967 1949
f 1967 1968 1949
f 1949 1968 1950
f 1968 1969 1950
f 1950 1969 1951
f 1969 1970 1951
f 1951 1970 1952
f 1970 1971 1952
f 1952 1971 1953
f 1971 1972 1953
f 1953 1972 1954
f 1972 1973 1954
f 1954 1973 1955
f 1973 1974 1955
f 1955 1974 1956
f 1974 1975 1956
f 1956 1975 1957
f 1975 1976 1957
f 1957 1976 1958
f 1976 1977 1958
f 1958 1977 1959
f 1977 1978 1959
f 1959 1978 1960
f 1978 1979 1960
f 1960 1979 1961
f 1979 1980 1961
f 1962 1981 1963
f 1981 1982 1963
f 1963 1982 1964
f 1982 1983 1964
f 1964 1983 1965
f 1983 1984 1965
f 1965 1984 1966
f 1984 1985 1966
f 1966 1985 1967
f 1985 1986 1967
f 1967 1986 1968
f 1986 1987 1968
f 1968 1987 1969
f 1987 1988 1969
f 1969 1988 1970
f 1988 1989 1970
f 1970 1989 1971
f 1989 1990 1971
f 1971 1990 1972
f 1990 1991 1972
f 1972 1991 1973
f 1991 1992 1973
f 1973 1992 1974
f 1992 1993 1974
f 1974 1993 1975
f 1993 1994 1975
f 1975 1994 1976
f 1994 1995 1976
f 1976 1995 1977
f 1995 1996 1977
f 1977 1996 1978
f 1996 1997 1978
f 1978 1997 1979
f 1997 1998 1979
f 1979 1998 1980
f 1998 1999 1980
f 1981 2000 1982
f 2000 2001 1982
f 1982 2001 1983
f 2001 2002 1983
f 1983 2002 1984
f 2002 2003 1984
f 1984 2003 1985
f 2003 2004 1985
f 1985 2004 1986
f 2004 2005 1986
f 1986 2005 1987
f 2005 2006 1987
f 1987 2006 1988
f 2006 2007 1988
f 1988 2007 1989
f 2007 2008 1989
f 1989 2008 1990
f 2008 2009 1990
f 1990 2009 1991
f 2009 2010 1991
f 1991 2010 1992
f 2010 2011 1992
f 1992 2011 1993
f 2011 2012 1993
f 1993 2012 1994
f 2012 2013 1994
f 1994 2013 1995
f 2013 2014 1995
f 1995 2014 1996
f 2014 2015 1996
f 1996 2015 1997
f 2015 2016 1997
f 1997 2016 1998
f 2016 2017 1998
f 1998 2017 1999
f 2017 2018 1999
f 2000 2019 2001
f 2019 2020 2001
f 2001 2020 2002
f 2020 2021 2002
f 2002 2021 2003
f 2021 2022 2003
f 2003 2022 2004
f 2022 2023 2004
f 2004 2023 2005
f 2023 2024 2005
f 2005 2024 2006
f 2024 2025 2006
f 2006 2025 2007
f 2025 2026 2007
f 2007 2026 2008
f 2026 2027 2008
f 2008 2027 2009
f 2027 2028 2009
f 2009 2028 2010
f 2028 2029 2010
f 2010 2029 2011
f 2029 2030 2011
f 2011 2030 2012
f 2030 2031 2012
f 2012 2031 2013
f 2031 2032 2013
f 2013 2032 2014
f 2032 2033 2014
f 2014 2033 2015
f 2033 2034 2015
f 2015 2034 2016
f 2034 2035 2016
f 2016 2035 2017
f 2035 2036 2017
f 2017 2036 2018
f 2036 2037 2018
f 2019 2038 2020
f 2038 2039 2020
f 2020 2039 2021
f 2039 2040 2021
f 2021 2040 2022
f 2040 2041 2022
f 2022 2041 2023
f 2041 2042 2023
f 2023 2042 2024
f 2042 2043 2024
f 2024 2043 2025
f 2043 2044 2025
f 2025 2044 2026
f 2044 2045 2026
f 2026 2045 2027
f 2045 2046 2027
f 2027 2046 2028
f 2046 2047 2028
f 2028 2047 2029
f 2047 2048 2029
f 2029 2048 2030
f 2048 2049 2030
f 2030 2049 2031
f 2049 2050 2031
f 2031 2050 2032
f 2050 2051 2032
f 2032 2051 2033
f 2051 2052 2033
f 2033 2052 2034
f 2052 2053 2034
f 2034 2053 2035
f 2053 2054 2035
f 2035 2054 2036
f 2054 2055 2036
f 2036 2055 2037
f 2055 2056 2037
f 2038 2057 2039
f 2057 2058 2039
f 2039 2058 2040
f 2058 2059 2040
f 2040 2059 2041
f 2059 2060 2041
f 2041 2060 2042
f 2060 2061 2042
f 2042 2061 2043
f 2061 2062 2043
f 2043 2062 2044
f 2062 2063 2044
f 2044 2063 2045
f 2063 2064 2045
f 2045 2064 2046
f 2064 2065 2046
f 2046 2065 2047
f 2065 2066 2047
f 2047 2066 2048
f 2066 2067 2048
f 2048 2067 2049
f 2067 2068 2049
f 2049 2068 2050
f 2068 2069 2050
f 2050 2069 2051
f 2069 2070 2051
f 2051 2070 2052
f 2070 2071 2052
f 2052 2071 2053
f 2071 2072 2053
f 2053 2072 2054
f 2072 2073 2054
f 2054 2073 2055
f 2073 2074 2055
f 2055 2074 2056
f 2074 2075 2056
f 2057 2076 2058
f 2076 2077 2058
f 2058 2077 2059
f 2077 2078 2059
f 2059 2078 2060
f 2078 2079 2060
f 2060 2079 2061
f 2079 2080 2061
f 2061 2080 2062
f 2080 2081 2062
f 2062 2081 2063
f 2081 2082 2063
f 2063 2082 2064
f 2082 2083 2064
f 2064 2083 2065
f 2083 2084 2065
f 2065 2084 2066
f 2084 2085 2066
f 2066 2085 2067
f 2085 2086 2067
f 2067 2086 2068
f 2086 2087 2068
f 2068 2087 2069
f 2087 2088 2069
f 2069 2088 2070
f 2088 2089 2070
f 2070 2089 2071
f 2089 2090 2071
f 2071 2090 2072
f 2090 2091 2072
f 2072 2091 2073
f 2091 2092 2073
f 2073 2092 2074
f 2092 2093 2074
f 2074 2093 2075
f 2093 2094 2075
f 2076 2095 2077
f 2095 2096 2077
f 2077 2096 2078
f 2096 2097 2078
f 2078 2097 2079
f 2097 2098 2079
f 2079 2098 2080
f 2098 2099 2080
f 2080 2099 2081
f 2099 2100 2081
f 2081 2100 2082
f 2100 2101 2082
f 2082 2101 2083
f 2101 2102 2083
f 2083 2102 2084
f 2102 2103 2084
f 2084 2103 2085
f 2103 2104 2085
f 2085 2104 2086
f 2104 2105 2086
f 2086 2105 2087
f 2105 2106 2087
f 2087 2106 2088
f 2106 2107 2088
f 2088 2107 2089
f 2107 2108 2089
f 2089 2108 2090
f 2108 2109 2090
f 2090 2109 2091
f 2109 2110 2091
f 2091 2110 2092
f 2110 2111 2092
f 2092 2111 2093
f 2111 2112 2093
f 2093 2112 2094
f 2112 2113 2094
f 2095 2114 2096
f 2114 2115 2096
f 2096 2115 2097
f 2115 2116 2097
f 2097 2116 2098
f 2116 2117 2098
f 2098 2117 2099
f 2117 2118 2099
f 2099 2118 2100
f 2118 2119 2100
f 2100 2119 2101
f 2119 2120 2101
f 2101 2120 2102
f 2120 2121 2102
f 2102 2121 2103
f 2121 2122 2103
f 2103 2122 2104
f 2122 2123 2104
f 2104 2123 2105
f 2123 2124 2105
f 2105 2124 2106
f 2124 2125 2106
f 2106 2125 2107
f 2125 2126 2107
f 2107 2126 2108
f 2126 2127 2108
f 2108 2127 2109
f 2127 2128 2109
f 2109 2128 2110
f 2128 2129 2110
f 2110 2129 2111
f 2129 2130 2111
f 2111 2130 2112
f 2130 2131 2112
f 2112 2131 2113
f 2131 2132 2113
f 2114 2133 2115
f 2133 2134 2115
f 2115 2134 2116
f 2134 2135 2116
f 2116 2135 2117
f 2135 2136 2117
f 2117 2136 2118
f 2136 2137 2118
f 2118 2137 2119
f 2137 2138 2119
f 2119 2138 2120
f 2138 2139 2120
f 2120 2139 2121
f 2139 2140 2121
f 2121 2140 2122
f 2140 2141 2122
f 2122 2141 2123
f 2141 2142 2123
f 2123 2142 2124
f 2142 2143 2124
f 2124 2143 2125
f 2143 2144 2125
f 2125 2144 2126
f 2144 2145 2126
f 2126 2145 2127
f 2145 2146 2127
f 2127 2146 2128
f 2146 2147 2128
f 2128 2147 2129
f 2147 2148 2129
f 2129 2148 2130
f 2148 2149 2130
f 2130 2149 2131
f 2149 2150 2131
f 2131 2150 2132
f 2150 2151 2132
f 2133 2152 2134
f 2152 2153 2134
f 2134 2153 2135
f 2153 2154 2135
f 2135 2154 2136
f 2154 2155 2136
f 2136 2155 2137
f 2155 2156 2137
f 2137 2156 2138
f 2156 2157 2138
f 2138 2157 2139
f 2157 2158 2139
f 2139 2158 2140
f 2158 2159 2140
f 2140 2159 2141
f 2159 2160 2141
f 2141 2160 2142
f 2160 2161 2142
f 2142 2161 2143
f 2161 2162 2143
f 2143 2162 2144
f 2162 2163 2144
f 2144 2163 2145
f 2163 2164 2145
f 2145 2164 2146
f 2164 2165 2146
f 2146 2165 2147
f 2165 2166 2147
f 2147 2166 2148
f 2166 2167 2148
f 2148 2167 2149
f 2167 2168 2149
f 2149 2168 2150
f 2168 2169 2150
f 2150 2169 2151
f 2169 2170 2151
f 2152 2171 2153
f 2171 2172 2153
f 2153 2172 2154
f 2172 2173 2154
f 2154 2173 2155
f 2173 2174 2155
f 2155 2174 2156
f 2174 2175 2156
f 2156 2175 2157
f 2175 2176 2157
f 2157 2176 2158
f 2176 2177 2158
f 2158 2177 2159
f 2177 2178 2159
f 2159 2178 2160
f 2178 2179 2160
f 2160 2179 2161
f 2179 2180 2161
f 2161 2180 2162
f 2180 2181 2162
f 2162 2181 2163
f 2181 2182 2163
f 2163 2182 2164
f 2182 2183 2164
f 2164 2183 2165
f 2183 2184 2165
f 2165 2184 2166
f 2184 2185 2166
f 2166 2185 2167
f 2185 2186 2167
f 2167 2186 2168
f 2186 2187 2168
f 2168 2187 2169
f 2187 2188 2169
f 2169 2188 2170
f 2188 2189 2170
f 2171 2190 2172
f 2190 2191 2172
f 2172 2191 2173
f 2191 2192 2173
f 2173 2192 2174
f 2192 2193 2174
f 2174 2193 2175
f 2193 2194 2175
f 2175 2194 2176
f 2194 2195 2176
f 2176 2195 2177
f 2195 2196 2177
f 2177 2196 2178
f 2196 2197 2178
f 2178 2197 2179
f 2197 2198 2179
f 2179 2198 2180
f 2198 2199 2180
f 2180 2199 2181
f 2199 2200 2181
f 2181 2200 2182
f 2200 2201 2182
f 2182 2201 2183
f 2201 2202 2183
f 2183 2202 2184
f 2202 2203 2184
f 2184 2203 2185
f 2203 2204 2185
f 2185 2204 2186
f 2204 2205 2186
f 2186 2205 2187
f 2205 2206 2187
f 2187 2206 2188
f 2206 2207 2188
f 2188 2207 2189
f 2207 2208 2189
f 2190 2209 2191
f 2209 2210 2191
f 2191 2210 2192
f 2210 2211 2192
f 2192 2211 2193
f 2211 2212 2193
f 2193 2212 2194
f 2212 2213 2194
f 2194 2213 2195
f 2213 2214 2195
f 2195 2214 2196
f 2214 2215 2196
f 2196 2215 2197
f 2215 2216 2197
f 2197 2216 2198
f 2216 2217 2198
f 2198 2217 2199
f 2217 2218 2199
f 2199 2218 2200
f 2218 2219 2200
f 2200 2219 2201
f 2219 2220 2201
f 2201 2220 2202
f 2220 2221 2202
f 2202 2221 2203
f 2221 2222 2203
f 2203 2222 2204
f 2222 2223 2204
f 2204 2223 2205
f 2223 2224 2205
f 2205 2224 2206
f 2224 2225 2206
f 2206 2225 2207
f 2225 2226 2207
f 2207 2226 2208
f 2226 2227 2208
f 2228 2229 2231
f 2228 2231 2230
f 2230 2231 2233
f 2230 2233 2232
f 2232 2233 2235
f 2232 2235 2234
f 2234 2235 2237
f 2234 2237 2236
f 2236 2237 2239
f 2236 2239 2238
f 2238 2239 2241
f 2238 2241 2240
f 2240 2241 2243
f 2240 2243 2242
f 2242 2243 2245
f 2242 2245 2244
f 2244 2245 2247
f 2244 2247 2246
f 2246 2247 2249
f 2246 2249 2248
f 2248 2249 2251
f 2248 2251 2250
f 2250 2251 2253
f 2250 2253 2252
f 2252 2253 2255
f 2252 2255 2254
f 2254 2255 2257
f 2254 2257 2256
f 2256 2257 2259
f 2256 2259 2258
f 2258 2259 2261
f 2258 2261 2260
f 2260 2261 2263
f 2260 2263 2262
f 2262 2263 2265
f 2262 2265 2264
f 2264 2265 2267
f 2264 2267 2266
f 2266 2267 2269
f 2266 2269 2268
f 2268 2269 2271
f 2268 2271 2270
f 2270 2271 2273
f 2270 2273 2272
f 2272 2273 2275
f 2272 2275 2274
f 2274 2275 2277
f 2274 2277 2276
f 2276 2277 2279
f 2276 2279 2278
f 2278 2279 2281
f 2278 2281 2280
f 2280 2281 2283
f 2280 2283 2282
f 2282 2283 2285
f 2282 2285 2284
f 2284 2285 2287
f 2284 2287 2286
f 2286 2287 2289
f 2286 2289 2288
f 2288 2289 2291
f 2288 2291 2290
f 2290 2291 2293
f 2290 2293 2292
f 2292 2293 2295
f 2292 2295 2294
f 2294 2295 2297
f 2294 2297 2296
f 2296 2297 2299
f 2296 2299 2298
f 2298 2299 2301
f 2298 2301 2300
f 2300 2301 2303
f 2300 2303 2302
f 2302 2303 2305
f 2302 2305 2304
f 2304 2305 2307
f 2304 2307 2306
f 2306 2307 2309
f 2306 2309 2308
f 2308 2309 2311
f 2308 2311 2310
f 2310 2311 2313
f 2310 2313 2312
f 2312 2313 2315
f 2312 2315 2314
f 2314 2315 2317
f 2314 2317 2316
f 2316 2317 2319
f 2316 2319 2318
f 2318 2319 2321
f 2318 2321 2320
f 2320 2321 2323
f 2320 2323 2322
f 2322 2323 2325
f 2322 2325 2324
f 2324 2325 2327
f 2324 2327 2326
f 2326 2327 2329
f 2326 2329 2328
f 2328 2329 2331
f 2328 2331 2330
f 2330 2331 2333
f 2330 2333 2332
f 2332 2333 2335
f 2332 2335 2334
f 2334 2335 2337
f 2334 2337 2336
f 2336 2337 2339
f 2336 2339 2338
f 2338 2339 2341
f 2338 2341 2340
f 2340 2341 2343
f 2340 2343 2342
f 2342 2343 2345
f 2342 2345 2344
f 2344 2345 2347
f 2344 2347 2346
f 2346 2347 2349
f 2346 2349 2348
f 2348 2349 2351
f 2348 2351 2350
f 2350 2351 2353
f 2350 2353 2352
f 2352 2353 2355
f 2352 2355 2354
f 2354 2355 2357
f 2354 2357 2356
f 2356 2357 2359
f 2356 2359 2358
f 2358 2359 2361
f 2358 2361 2360
f 2360 2361 2363
f 2360 2363 2362
f 2362 2363 2365
f 2362 2365 2364
f 2364 2365 2367
f 2364 2367 2366
f 2366 2367 2369
f 2366 2369 2368
f 2368 2369 2371
f 2368 2371 2370
f 2370 2371 2373
f 2370 2373 2372
f 2372 2373 2375
f 2372 2375 2374
f 2374 2375 2377
f 2374 2377 2376
f 2376 2377 2379
f 2376 2379 2378
f 2378 2379 2381
f 2378 2381 2380
f 2380 2381 2383
f 2380 2383 2382
f 2382 2383 2385
f 2382 2385 2384
f 2384 2385 2387
f 2384 2387 2386
f 2386 2387 2389
f 2386 2389 2388
f 2388 2389 2391
f 2388 2391 2390
f 2390 2391 2393
f 2390 2393 2392
f 2392 2393 2395
f 2392 2395 2394
f 2394 2395 2397
f 2394 2397 2396
f 2396 2397 2399
f 2396 2399 2398
f 2398 2399 2401
f 2398 2401 2400
f 2400 2401 2403
f 2400 2403 2402
f 2402 2403 2405
f 2402 2405 2404
f 2404 2405 2407
f 2404 2407 2406
f 2406 2407 2409
f 2406 2409 2408
f 2408 2409 2411
f 2408 2411 2410
f 2410 2411 2413
f 2410 2413 2412
f 2412 2413 2415
f 2412 2415 2414
f 2414 2415 2417
f 2414 2417 2416
f 2416 2417 2419
f 2416 2419 2418
f 2418 2419 2229
f 2418 2229 2228
f 2420 2228 2230
f 2421 2231 2229
f 2420 2230 2232
f 2421 2233 2231
f 2420 2232 2234
f 2421 2235 2233
f 2420 2234 2236
f 2421 2237 2235
f 2420 2236 2238
f 2421 2239 2237
f 2420 2238 2240
f 2421 2241 2239
f 2420 2240 2242
f 2421 2243 2241
f 2420 2242 2244
f 2421 2245 2243
f 2420 2244 2246
f 2421 2247 2245
f 2420 2246 2248
f 2421 2249 2247
f 2420 2248 2250
f 2421 2251 2249
f 2420 2250 2252
f 2421 2253 2251
f 2420 2252 2254
f 2421 2255 2253
f 2420 2254 2256
f 2421 2257 2255
f 2420 2256 2258
f 2421 2259 2257
f 2420 2258 2260
f 2421 2261 2259
f 2420 2260 2262
f 2421 2263 2261
f 2420 2262 2264
f 2421 2265 2263
f 2420 2264 2266
f 2421 2267 2265
f 2420 2266 2268
f 2421 2269 2267
f 2420 2268 2270
f 2421 2271 2269
f 2420 2270 2272
f 2421 2273 2271
f 2420 2272 2274
f 2421 2275 2273
f 2420 2274 2276
f 2421 2277 2275
f 2420 2276 2278
f 2421 2279 2277
f 2420 2278 2280
f 2421 2281 2279
f 2420 2280 2282
f 2421 2283 2281
f 2420 2282 2284
f 2421 2285 2283
f 2420 2284 2286
f 2421 2287 2285
f 2420 2286 2288
f 2421 2289 2287
f 2420 2288 2290
f 2421 2291 2289
f 2420 2290 2292
f 2421 2293 2291
f 2420 2292 2294
f 2421 2295 2293
f 2420 2294 2296
f 2421 2297 2295
f 2420 2296 2298
f 2421 2299 2297
f 2420 2298 2300
f 2421 2301 2299
f 2420 2300 2302
f 2421 2303 2301
f 2420 2302 2304
f 2421 2305 2303
f 2420 2304 2306
f 2421 2307 2305
f 2420 2306 2308
f 2421 2309 2307
f 2420 2308 2310
f 2421 2311 2309
f 2420 2310 2312
f 2421 2313 2311
f 2420 2312 2314
f 2421 2315 2313
f 2420 2314 2316
f 2421 2317 2315
f 2420 2316 2318
f 2421 2319 2317
f 2420 2318 2320
f 2421 2321 2319
f 2420 2320 2322
f 2421 2323 2321
f 2420 2322 2324
f 2421 2325 2323
f 2420 2324 2326
f 2421 2327 2325
f 2420 2326 2328
f 2421 2329 2327
f 2420 2328 2330
f 2421 2331 2329
f 2420 2330 2332
f 2421 2333 2331
f 2420 2332 2334
f 2421 2335 2333
f 2420 2334 2336
f 2421 2337 2335
f 2420 2336 2338
f 2421 2339 2337
f 2420 2338 2340
f 2421 2341 2339
f 2420 2340 2342
f 2421 2343 2341
f 2420 2342 2344
f 2421 2345 2343
f 2420 2344 2346
f 2421 2347 2345
f 2420 2346 2348
f 2421 2349 2347
f 2420 2348 2350
f 2421 2351 2349
f 2420 2350 2352
f 2421 2353 2351
f 2420 2352 2354
f 2421 2355 2353
f 2420 2354 2356
f 2421 2357 2355
f 2420 2356 2358
f 2421 2359 2357
f 2420 2358 2360
f 2421 2361 2359
f 2420 2360 2362
f 2421 2363 2361
f 2420 2362 2364
f 2421 2365 2363
f 2420 2364 2366
f 2421 2367 2365
f 2420 2366 2368
f 2421 2369 2367
f 2420 2368 2370
f 2421 2371 2369
f 2420 2370 2372
f 2421 2373 2371
f 2420 2372 2374
f 2421 2375 2373
f 2420 2374 2376
f 2421 2377 2375
f 2420 2376 2378
f 2421 2379 2377
f 2420 2378 2380
f 2421 2381 2379
f 2420 2380 2382
f 2421 2383 2381
f 2420 2382 2384
f 2421 2385 2383
f 2420 2384 2386
f 2421 2387 2385
f 2420 2386 2388
f 2421 2389 2387
f 2420 2388 2390
f 2421 2391 2389
f 2420 2390 2392
f 2421 2393 2391
f 2420 2392 2394
f 2421 2395 2393
f 2420 2394 2396
f 2421 2397 2395
f 2420 2396 2398
f 2421 2399 2397
f 2420 2398 2400
f 2421 2401 2399
f 2420 2400 2402
f 2421 2403 2401
f 2420 2402 2404
f 2421 2405 2403
f 2420 2404 2406
f 2421 2407 2405
f 2420 2406 2408
f 2421 2409 2407
f 2420 2408 2410
f 2421 2411 2409
f 2420 2410 2412
f 2421 2413 2411
f 2420 2412 2414
f 2421 2415 2413
f 2420 2414 2416
f 2421 2417 2415
f 2420 2416 2418
f 2421 2419 2417
f 2420 2418 2228
f 2421 2229 2419
f 2422 2444 2445
f 2422 2445 2423
f 2423 2445 2446
f 2423 2446 2424
f 2424 2446 2447
f 2424 2447 2425
f 2425 2447 2448
f 2425 2448 2426
f 2426 2448 2449
f 2426 2449 2427
f 2427 2449 2450
f 2427 2450 2428
f 2428 2450 2451
f 2428 2451 2429
f 2429 2451 2452
f 2429 2452 2430
f 2430 2452 2453
f 2430 2453 2431
f 2431 2453 2454
f 2431 2454 2432
f 2432 2454 2455
f 2432 2455 2433
f 2433 2455 2456
f 2433 2456 2434
f 2434 2456 2457
f 2434 2457 2435
f 2435 2457 2458
f 2435 2458 2436
f 2436 2458 2459
f 2436 2459 2437
f 2437 2459 2460
f 2437 2460 2438
f 2438 2460 2461
f 2438 2461 2439
f 2439 2461 2462
f 2439 2462 2440
f 2440 2462 2463
f 2440 2463 2441
f 2441 2463 2464
f 2441 2464 2442
f 2442 2464 2465
f 2442 2465 2443
f 2443 2465 2444
f 2443 2444 2422
f 2444 2466 2467
f 2444 2467 2445
f 2445 2467 2468
f 2445 2468 2446
f 2446 2468 2469
f 2446 2469 2447
f 2447 2469 2470
f 2447 2470 2448
f 2448 2470 2471
f 2448 2471 2449
f 2449 2471 2472
f 2449 2472 2450
f 2450 2472 2473
f 2450 2473 2451
f 2451 2473 2474
f 2451 2474 2452
f 2452 2474 2475
f 2452 2475 2453
f 2453 2475 2476
f 2453 2476 2454
f 2454 2476 2477
f 2454 2477 2455
f 2455 2477 2478
f 2455 2478 2456
f 2456 2478 2479
f 2456 2479 2457
f 2457 2479 2480
f 2457 2480 2458
f 2458 2480 2481
f 2458 2481 2459
f 2459 2481 2482
f 2459 2482 2460
f 2460 2482 2483
f 2460 2483 2461
f 2461 2483 2484
f 2461 2484 2462
f 2462 2484 2485
f 2462 2485 2463
f 2463 2485 2486
f 2463 2486 2464
f 2464 2486 2487
f 2464 2487 2465
f 2465 2487 2466
f 2465 2466 2444
f 2466 2488 2489
f 2466 2489 2467
f 2467 2489 2490
f 2467 2490 2468
f 2468 2490 2491
f 2468 2491 2469
f 2469 2491 2492
f 2469 2492 2470
f 2470 2492 2493
f 2470 2493 2471
f 2471 2493 2494
f 2471 2494 2472
f 2472 2494 2495
f 2472 2495 2473
f 2473 2495 2496
f 2473 2496 2474
f 2474 2496 2497
f 2474 2497 2475
f 2475 2497 2498
f 2475 2498 2476
f 2476 2498 2499
f 2476 2499 2477
f 2477 2499 2500
f 2477 2500 2478
f 2478 2500 2501
f 2478 2501 2479
f 2479 2501 2502
f 2479 2502 2480
f 2480 2502 2503
f 2480 2503 2481
f 2481 2503 2504
f 2481 2504 2482
f 2482 2504 2505
f 2482 2505 2483
f 2483 2505 2506
f 2483 2506 2484
f 2484 2506 2507
f 2484 2507 2485
f 2485 2507 2508
f 2485 2508 2486
f 2486 2508 2509
f 2486 2509 2487
f 2487 2509 2488
f 2487 2488 2466
f 2488 2510 2511
f 2488 2511 2489
f 2489 2511 2512
f 2489 2512 2490
f 2490 2512 2513
f 2490 2513 2491
f 2491 2513 2514
f 2491 2514 2492
f 2492 2514 2515
f 2492 2515 2493
f 2493 2515 2516
f 2493 2516 2494
f 2494 2516 2517
f 2494 2517 2495
f 2495 2517 2518
f 2495 2518 2496
f 2496 2518 2519
f 2496 2519 2497
f 2497 2519 2520
f 2497 2520 2498
f 2498 2520 2521
f 2498 2521 2499
f 2499 2521 2522
f 2499 2522 2500
f 2500 2522 2523
f 2500 2523 2501
f 2501 2523 2524
f 2501 2524 2502
f 2502 2524 2525
f 2502 2525 2503
f 2503 2525 2526
f 2503 2526 2504
f 2504 2526 2527
f 2504 2527 2505
f 2505 2527 2528
f 2505 2528 2506
f 2506 2528 2529
f 2506 2529 2507
f 2507 2529 2530
f 2507 2530 2508
f 2508 2530 2531
f 2508 2531 2509
f 2509 2531 2510
f 2509 2510 2488
f 2510 2532 2533
f 2510 2533 2511
f 2511 2533 2534
f 2511 2534 2512
f 2512 2534 2535
f 2512 2535 2513
f 2513 2535 2536
f 2513 2536 2514
f 2514 2536 2537
f 2514 2537 2515
f 2515 2537 2538
f 2515 2538 2516
f 2516 2538 2539
f 2516 2539 2517
f 2517 2539 2540
f 2517 2540 2518
f 2518 2540 2541
f 2518 2541 2519
f 2519 2541 2542
f 2519 2542 2520
f 2520 2542 2543
f 2520 2543 2521
f 2521 2543 2544
f 2521 2544 2522
f 2522 2544 2545
f 2522 2545 2523
f 2523 2545 2546
f 2523 2546 2524
f 2524 2546 2547
f 2524 2547 2525
f 2525 2547 2548
f 2525 2548 2526
f 2526 2548 2549
f 2526 2549 2527
f 2527 2549 2550
f 2527 2550 2528
f 2528 2550 2551
f 2528 2551 2529
f 2529 2551 2552
f 2529 2552 2530
f 2530 2552 2553
f 2530 2553 2531
f 2531 2553 2532
f 2531 2532 2510
f 2532 2554 2555
f 2532 2555 2533
f 2533 2555 2556
f 2533 2556 2534
f 2534 2556 2557
f 2534 2557 2535
f 2535 2557 2558
f 2535 2558 2536
f 2536 2558 2559
f 2536 2559 2537
f 2537 2559 2560
f 2537 2560 2538
f 2538 2560 2561
f 2538 2561 2539
f 2539 2561 2562
f 2539 2562 2540
f 2540 2562 2563
f 2540 2563 2541
f 2541 2563 2564
f 2541 2564 2542
f 2542 2564 2565
f 2542 2565 2543
f 2543 2565 2566
f 2543 2566 2544
f 2544 2566 2567
f 2544 2567 2545
f 2545 2567 2568
f 2545 2568 2546
f 2546 2568 2569
f 2546 2569 2547
f 2547 2569 2570
f 2547 2570 2548
f 2548 2570 2571
f 2548 2571 2549
f 2549 2571 2572
f 2549 2572 2550
f 2550 2572 2573
f 2550 2573 2551
f 2551 2573 2574
f 2551 2574 2552
f 2552 2574 2575
f 2552 2575 2553
f 2553 2575 2554
f 2553 2554 2532
f 2554 2576 2577
f 2554 2577 2555
f 2555 2577 2578
f 2555 2578 2556
f 2556 2578 2579
f 2556 2579 2557
f 2557 2579 2580
f 2557 2580 2558
f 2558 2580 2581
f 2558 2581 2559
f 2559 2581 2582
f 2559 2582 2560
f 2560 2582 2583
f 2560 2583 2561
f 2561 2583 2584
f 2561 2584 2562
f 2562 2584 2585
f 2562 2585 2563
f 2563 2585 2586
f 2563 2586 2564
f 2564 2586 2587
f 2564 2587 2565
f 2565 2587 2588
f 2565 2588 2566
f 2566 2588 2589
f 2566 2589 2567
f 2567 2589 2590
f 2567 2590 2568
f 2568 2590 2591
f 2568 2591 2569
f 2569 2591 2592
f 2569 2592 2570
f 2570 2592 2593
f 2570 2593 2571
f 2571 2593 2594
f 2571 2594 2572
f 2572 2594 2595
f 2572 2595 2573
f 2573 2595 2596
f 2573 2596 2574
f 2574 2596 2597
f 2574 2597 2575
f 2575 2597 2576
f 2575 2576 2554
f 2576 2598 2599
f 2576 2599 2577
f 2577 2599 2600
f 2577 2600 2578
f 2578 2600 2601
f 2578 2601 2579
f 2579 2601 2602
f 2579 2602 2580
f 2580 2602 2603
f 2580 2603 2581
f 2581 2603 2604
f 2581 2604 2582
f 2582 2604 2605
f 2582 2605 2583
f 2583 2605 2606
f 2583 2606 2584
f 2584 2606 2607
f 2584 2607 2585
f 2585 2607 2608
f 2585 2608 2586
f 2586 2608 2609
f 2586 2609 2587
f 2587 2609 2610
f 2587 2610 2588
f 2588 2610 2611
f 2588 2611 2589
f 2589 2611 2612
f 2589 2612 2590
f 2590 2612 2613
f 2590 2613 2591
f 2591 2613 2614
f 2591 2614 2592
f 2592 2614 2615
f 2592 2615 2593
f 2593 2615 2616
f 2593 2616 2594
f 2594 2616 2617
f 2594 2617 2595
f 2595 2617 2618
f 2595 2618 2596
f 2596 2618 2619
f 2596 2619 2597
f 2597 2619 2598
f 2597 2598 2576
f 2598 2620 2621
f 2598 2621 2599
f 2599 2621 2622
f 2599 2622 2600
f 2600 2622 2623
f 2600 2623 2601
f 2601 2623 2624
f 2601 2624 2602
f 2602 2624 2625
f 2602 2625 2603
f 2603 2625 2626
f 2603 2626 2604
f 2604 2626 2627
f 2604 2627 2605
f 2605 2627 2628
f 2605 2628 2606
f 2606 2628 2629
f 2606 2629 2607
f 2607 2629 2630
f 2607 2630 2608
f 2608 2630 2631
f 2608 2631 2609
f 2609 2631 2632
f 2609 2632 2610
f 2610 2632 2633
f 2610 2633 2611
f 2611 2633 2634
f 2611 2634 2612
f 2612 2634 2635
f 2612 2635 2613
f 2613 2635 2636
f 2613 2636 2614
f 2614 2636 2637
f 2614 2637 2615
f 2615 2637 2638
f 2615 2638 2616
f 2616 2638 2639
f 2616 2639 2617
f 2617 2639 2640
f 2617 2640 2618
f 2618 2640 2641
f 2618 2641 2619
f 2619 2641 2620
f 2619 2620 2598
f 2620 2642 2643
f 2620 2643 2621
f 2621 2643 2644
f 2621 2644 2622
f 2622 2644 2645
f 2622 2645 2623
f 2623 2645 2646
f 2623 2646 2624
f 2624 2646 2647
f 2624 2647 2625
f 2625 2647 2648
f 2625 2648 2626
f 2626 2648 2649
f 2626 2649 2627
f 2627 2649 2650
f 2627 2650 2628
f 2628 2650 2651
f 2628 2651 2629
f 2629 2651 2652
f 2629 2652 2630
f 2630 2652 2653
f 2630 2653 2631
f 2631 2653 2654
f 2631 2654 2632
f 2632 2654 2655
f 2632 2655 2633
f 2633 2655 2656
f 2633 2656 2634
f 2634 2656 2657
f 2634 2657 2635
f 2635 2657 2658
f 2635 2658 2636
f 2636 2658 2659
f 2636 2659 2637
f 2637 2659 2660
f 2637 2660 2638
f 2638 2660 2661
f 2638 2661 2639
f 2639 2661 2662
f 2639 2662 2640
f 2640 2662 2663
f 2640 2663 2641
f 2641 2663 2642
f 2641 2642 2620
f 2642 2664 2665
f 2642 2665 2643
f 2643 2665 2666
f 2643 2666 2644
f 2644 2666 2667
f 2644 2667 2645
f 2645 2667 2668
f 2645 2668 2646
f 2646 2668 2669
f 2646 2669 2647
f 2647 2669 2670
f 2647 2670 2648
f 2648 2670 2671
f 2648 2671 2649
f 2649 2671 2672
f 2649 2672 2650
f 2650 2672 2673
f 2650 2673 2651
f 2651 2673 2674
f 2651 2674 2652
f 2652 2674 2675
f 2652 2675 2653
f 2653 2675 2676
f 2653 2676 2654
f 2654 2676 2677
f 2654 2677 2655
f 2655 2677 2678
f 2655 2678 2656
f 2656 2678 2679
f 2656 2679 2657
f 2657 2679 2680
f 2657 2680 2658
f 2658 2680 2681
f 2658 2681 2659
f 2659 2681 2682
f 2659 2682 2660
f 2660 2682 2683
f 2660 2683 2661
f 2661 2683 2684
f 2661 2684 2662
f 2662 2684 2685
f 2662 2685 2663
f 2663 2685 2664
f 2663 2664 2642
f 2664 2686 2687
f 2664 2687 2665
f 2665 2687 2688
f 2665 2688 2666
f 2666 2688 2689
f 2666 2689 2667
f 2667 2689 2690
f 2667 2690 2668
f 2668 2690 2691
f 2668 2691 2669
f 2669 2691 2692
f 2669 2692 2670
f 2670 2692 2693
f 2670 2693 2671
f 2671 2693 2694
f 2671 2694 2672
f 2672 2694 2695
f 2672 2695 2673
f 2673 2695 2696
f 2673 2696 2674
f 2674 2696 2697
f 2674 2697 2675
f 2675 2697 2698
f 2675 2698 2676
f 2676 2698 2699
f 2676 2699 2677
f 2677 2699 2700
f 2677 2700 2678
f 2678 2700 2701
f 2678 2701 2679
f 2679 2701 2702
f 2679 2702 2680
f 2680 2702 2703
f 2680 2703 2681
f 2681 2703 2704
f 2681 2704 2682
f 2682 2704 2705
f 2682 2705 2683
f 2683 2705 2706
f 2683 2706 2684
f 2684 2706 2707
f 2684 2707 2685
f 2685 2707 2686
f 2685 2686 2664
f 2686 2708 2709
f 2686 2709 2687
f 2687 2709 2710
f 2687 2710 2688
f 2688 2710 2711
f 2688 2711 2689
f 2689 2711 2712
f 2689 2712 2690
f 2690 2712 2713
f 2690 2713 2691
f 2691 2713 2714
f 2691 2714 2692
f 2692 2714 2715
f 2692 2715 2693
f 2693 2715 2716
f 2693 2716 2694
f 2694 2716 2717
f 2694 2717 2695
f 2695 2717 2718
f 2695 2718 2696
f 2696 2718 2719
f 2696 2719 2697
f 2697 2719 2720
f 2697 2720 2698
f 2698 2720 2721
f 2698 2721 2699
f 2699 2721 2722
f 2699 2722 2700
f 2700 2722 2723
f 2700 2723 2701
f 2701 2723 2724
f 2701 2724 2702
f 2702 2724 2725
f 2702 2725 2703
f 2703 2725 2726
f 2703 2726 2704
f 2704 2726 2727
f 2704 2727 2705
f 2705 2727 2728
f 2705 2728 2706
f 2706 2728 2729
f 2706 2729 2707
f 2707 2729 2708
f 2707 2708 2686
f 2708 2730 2731
f 2708 2731 2709
f 2709 2731 2732
f 2709 2732 2710
f 2710 2732 2733
f 2710 2733 2711
f 2711 2733 2734
f 2711 2734 2712
f 2712 2734 2735
f 2712 2735 2713
f 2713 2735 2736
f 2713 2736 2714
f 2714 2736 2737
f 2714 2737 2715
f 2715 2737 2738
f 2715 2738 2716
f 2716 2738 2739
f 2716 2739 2717
f 2717 2739 2740
f 2717 2740 2718
f 2718 2740 2741
f 2718 2741 2719
f 2719 2741 2742
f 2719 2742 2720
f 2720 2742 2743
f 2720 2743 2721
f 2721 2743 2744
f 2721 2744 2722
f 2722 2744 2745
f 2722 2745 2723
f 2723 2745 2746
f 2723 2746 2724
f 2724 2746 2747
f 2724 2747 2725
f 2725 2747 2748
f 2725 2748 2726
f 2726 2748 2749
f 2726 2749 2727
f 2727 2749 2750
f 2727 2750 2728
f 2728 2750 2751
f 2728 2751 2729
f 2729 2751 2730
f 2729 2730 2708
f 2730 2752 2753
f 2730 2753 2731
f 2731 2753 2754
f 2731 2754 2732
f 2732 2754 2755
f 2732 2755 2733
f 2733 2755 2756
f 2733 2756 2734
f 2734 2756 2757
f 2734 2757 2735
f 2735 2757 2758
f 2735 2758 2736
f 2736 2758 2759
f 2736 2759 2737
f 2737 2759 2760
f 2737 2760 2738
f 2738 2760 2761
f 2738 2761 2739
f 2739 2761 2762
f 2739 2762 2740
f 2740 2762 2763
f 2740 2763 2741
f 2741 2763 2764
f 2741 2764 2742
f 2742 2764 2765
f 2742 2765 2743
f 2743 2765 2766
f 2743 2766 2744
f 2744 2766 2767
f 2744 2767 2745
f 2745 2767 2768
f 2745 2768 2746
f 2746 2768 2769
f 2746 2769 2747
f 2747 2769 2770
f 2747 2770 2748
f 2748 2770 2771
f 2748 2771 2749
f 2749 2771 2772
f 2749 2772 2750
f 2750 2772 2773
f 2750 2773 2751
f 2751 2773 2752
f 2751 2752 2730
f 2752 2774 2775
f 2752 2775 2753
f 2753 2775 2776
f 2753 2776 2754
f 2754 2776 2777
f 2754 2777 2755
f 2755 2777 2778
f 2755 2778 2756
f 2756 2778 2779
f 2756 2779 2757
f 2757 2779 2780
f 2757 2780 2758
f 2758 2780 2781
f 2758 2781 2759
f 2759 2781 2782
f 2759 2782 2760
f 2760 2782 2783
f 2760 2783 2761
f 2761 2783 2784
f 2761 2784 2762
f 2762 2784 2785
f 2762 2785 2763
f 2763 2785 2786
f 2763 2786 2764
f 2764 2786 2787
f 2764 2787 2765
f 2765 2787 2788
f 2765 2788 2766
f 2766 2788 2789
f 2766 2789 2767
f 2767 2789 2790
f 2767 2790 2768
f 2768 2790 2791
f 2768 2791 2769
f 2769 2791 2792
f 2769 2792 2770
f 2770 2792 2793
f 2770 2793 2771
f 2771 2793 2794
f 2771 2794 2772
f 2772 2794 2795
f 2772 2795 2773
f 2773 2795 2774
f 2773 2774 2752
f 2774 2796 2797
f 2774 2797 2775
f 2775 2797 2798
f 2775 2798 2776
f 2776 2798 2799
f 2776 2799 2777
f 2777 2799 2800
f 2777 2800 2778
f 2778 2800 2801
f 2778 2801 2779
f 2779 2801 2802
f 2779 2802 2780
f 2780 2802 2803
f 2780 2803 2781
f 2781 2803 2804
f 2781 2804 2782
f 2782 2804 2805
f 2782 2805 2783
f 2783 2805 2806
f 2783 2806 2784
f 2784 2806 2807
f 2784 2807 2785
f 2785 2807 2808
f 2785 2808 2786
f 2786 2808 2809
f 2786 2809 2787
f 2787 2809 2810
f 2787 2810 2788
f 2788 2810 2811
f 2788 2811 2789
f 2789 2811 2812
f 2789 2812 2790
f 2790 2812 2813
f 2790 2813 2791
f 2791 2813 2814
f 2791 2814 2792
f 2792 2814 2815
f 2792 2815 2793
f 2793 2815 2816
f 2793 2816 2794
f 2794 2816 2817
f 2794 2817 2795
f 2795 2817 2796
f 2795 2796 2774
f 2796 2818 2819
f 2796 2819 2797
f 2797 2819 2820
f 2797 2820 2798
f 2798 2820 2821
f 2798 2821 2799
f 2799 2821 2822
f 2799 2822 2800
f 2800 2822 2823
f 2800 2823 2801
f 2801 2823 2824
f 2801 2824 2802
f 2802 2824 2825
f 2802 2825 2803
f 2803 2825 2826
f 2803 2826 2804
f 2804 2826 2827
f 2804 2827 2805
f 2805 2827 2828
f 2805 2828 2806
f 2806 2828 2829
f 2806 2829 2807
f 2807 2829 2830
f 2807 2830 2808
f 2808 2830 2831
f 2808 2831 2809
f 2809 2831 2832
f 2809 2832 2810
f 2810 2832 2833
f 2810 2833 2811
f 2811 2833 2834
f 2811 2834 2812
f 2812 2834 2835
f 2812 2835 2813
f 2813 2835 2836
f 2813 2836 2814
f 2814 2836 2837
f 2814 2837 2815
f 2815 2837 2838
f 2815 2838 2816
f 2816 2838 2839
f 2816 2839 2817
f 2817 2839 2818
f 2817 2818 2796
f 2818 2840 2841
f 2818 2841 2819
f 2819 2841 2842
f 2819 2842 2820
f 2820 2842 2843
f 2820 2843 2821
f 2821 2843 2844
f 2821 2844 2822
f 2822 2844 2845
f 2822 2845 2823
f 2823 2845 2846
f 2823 2846 2824
f 2824 2846 2847
f 2824 2847 2825
f 2825 2847 2848
f 2825 2848 2826
f 2826 2848 2849
f 2826 2849 2827
f 2827 2849 2850
f 2827 2850 2828
f 2828 2850 2851
f 2828 2851 2829
f 2829 2851 2852
f 2829 2852 2830
f 2830 2852 2853
f 2830 2853 2831
f 2831 2853 2854
f 2831 2854 2832
f 2832 2854 2855
f 2832 2855 2833
f 2833 2855 2856
f 2833 2856 2834
f 2834 2856 2857
f 2834 2857 2835
f 2835 2857 2858
f 2835 2858 2836
f 2836 2858 2859
f 2836 2859 2837
f 2837 2859 2860
f 2837 2860 2838
f 2838 2860 2861
f 2838 2861 2839
f 2839 2861 2840
f 2839 2840 2818
f 2840 2862 2863
f 2840 2863 2841
f 2841 2863 2864
f 2841 2864 2842
f 2842 2864 2865
f 2842 2865 2843
f 2843 2865 2866
f 2843 2866 2844
f 2844 2866 2867
f 2844 2867 2845
f 2845 2867 2868
f 2845 2868 2846
f 2846 2868 2869
f 2846 2869 2847
f 2847 2869 2870
f 2847 2870 2848
f 2848 2870 2871
f 2848 2871 2849
f 2849 2871 2872
f 2849 2872 2850
f 2850 2872 2873
f 2850 2873 2851
f 2851 2873 2874
f 2851 2874 2852
f 2852 2874 2875
f 2852 2875 2853
f 2853 2875 2876
f 2853 2876 2854
f 2854 2876 2877
f 2854 2877 2855
f 2855 2877 2878
f 2855 2878 2856
f 2856 2878 2879
f 2856 2879 2857
f 2857 2879 2880
f 2857 2880 2858
f 2858 2880 2881
f 2858 2881 2859
f 2859 2881 2882
f 2859 2882 2860
f 2860 2882 2883
f 2860 2883 2861
f 2861 2883 2862
f 2861 2862 2840
f 2862 2884 2885
f 2862 2885 2863
f 2863 2885 2886
f 2863 2886 2864
f 2864 2886 2887
f 2864 2887 2865
f 2865 2887 2888
f 2865 2888 2866
f 2866 2888 2889
f 2866 2889 2867
f 2867 2889 2890
f 2867 2890 2868
f 2868 2890 2891
f 2868 2891 2869
f 2869 2891 2892
f 2869 2892 2870
f 2870 2892 2893
f 2870 2893 2871
f 2871 2893 2894
f 2871 2894 2872
f 2872 2894 2895
f 2872 2895 2873
f 2873 2895 2896
f 2873 2896 2874
f 2874 2896 2897
f 2874 2897 2875
f 2875 2897 2898
f 2875 2898 2876
f 2876 2898 2899
f 2876 2899 2877
f 2877 2899 2900
f 2877 2900 2878
f 2878 2900 2901
f 2878 2901 2879
f 2879 2901 2902
f 2879 2902 2880
f 2880 2902 2903
f 2880 2903 2881
f 2881 2903 2904
f 2881 2904 2882
f 2882 2904 2905
f 2882 2905 2883
f 2883 2905 2884
f 2883 2884 2862
f 2884 2906 2907
f 2884 2907 2885
f 2885 2907 2908
f 2885 2908 2886
f 2886 2908 2909
f 2886 2909 2887
f 2887 2909 2910
f 2887 2910 2888
f 2888 2910 2911
f 2888 2911 2889
f 2889 2911 2912
f 2889 2912 2890
f 2890 2912 2913
f 2890 2913 2891
f 2891 2913 2914
f 2891 2914 2892
f 2892 2914 2915
f 2892 2915 2893
f 2893 2915 2916
f 2893 2916 2894
f 2894 2916 2917
f 2894 2917 2895
f 2895 2917 2918
f 2895 2918 2896
f 2896 2918 2919
f 2896 2919 2897
f 2897 2919 2920
f 2897 2920 2898
f 2898 2920 2921
f 2898 2921 2899
f 2899 2921 2922
f 2899 2922 2900
f 2900 2922 2923
f 2900 2923 2901
f 2901 2923 2924
f 2901 2924 2902
f 2902 2924 2925
f 2902 2925 2903
f 2903 2925 2926
f 2903 2926 2904
f 2904 2926 2927
f 2904 2927 2905
f 2905 2927 2906
f 2905 2906 2884
f 2906 2928 2929
f 2906 2929 2907
f 2907 2929 2930
f 2907 2930 2908
f 2908 2930 2931
f 2908 2931 2909
f 2909 2931 2932
f 2909 2932 2910
f 2910 2932 2933
f 2910 2933 2911
f 2911 2933 2934
f 2911 2934 2912
f 2912 2934 2935
f 2912 2935 2913
f 2913 2935 2936
f 2913 2936 2914
f 2914 2936 2937
f 2914 2937 2915
f 2915 2937 2938
f 2915 2938 2916
f 2916 2938 2939
f 2916 2939 2917
f 2917 2939 2940
f 2917 2940 2918
f 2918 2940 2941
f 2918 2941 2919
f 2919 2941 2942
f 2919 2942 2920
f 2920 2942 2943
f 2920 2943 2921
f 2921 2943 2944
f 2921 2944 2922
f 2922 2944 2945
f 2922 2945 2923
f 2923 2945 2946
f 2923 2946 2924
f 2924 2946 2947
f 2924 2947 2925
f 2925 2947 2948
f 2925 2948 2926
f 2926 2948 2949
f 2926 2949 2927
f 2927 2949 2928
f 2927 2928 2906
f 2928 2950 2951
f 2928 2951 2929
f 2929 2951 2952
f 2929 2952 2930
f 2930 2952 2953
f 2930 2953 2931
f 2931 2953 2954
f 2931 2954 2932
f 2932 2954 2955
f 2932 2955 2933
f 2933 2955 2956
f 2933 2956 2934
f 2934 2956 2957
f 2934 2957 2935
f 2935 2957 2958
f 2935 2958 2936
f 2936 2958 2959
f 2936 2959 2937
f 2937 2959 2960
f 2937 2960 2938
f 2938 2960 2961
f 2938 2961 2939
f 2939 2961 2962
f 2939 2962 2940
f 2940 2962 2963
f 2940 2963 2941
f 2941 2963 2964
f 2941 2964 2942
f 2942 2964 2965
f 2942 2965 2943
f 2943 2965 2966
f 2943 2966 2944
f 2944 2966 2967
f 2944 2967 2945
f 2945 2967 2968
f 2945 2968 2946
f 2946 2968 2969
f 2946 2969 2947
f 2947 2969 2970
f 2947 2970 2948
f 2948 2970 2971
f 2948 2971 2949
f 2949 2971 2950
f 2949 2950 2928
f 2950 2972 2973
f 2950 2973 2951
f 2951 2973 2974
f 2951 2974 2952
f 2952 2974 2975
f 2952 2975 2953
f 2953 2975 2976
f 2953 2976 2954
f 2954 2976 2977
f 2954 2977 2955
f 2955 2977 2978
f 2955 2978 2956
f 2956 2978 2979
f 2956 2979 2957
f 2957 2979 2980
f 2957 2980 2958
f 2958 2980 2981
f 2958 2981 2959
f 2959 2981 2982
f 2959 2982 2960
f 2960 2982 2983
f 2960 2983 2961
f 2961 2983 2984
f 2961 2984 2962
f 2962 2984 2985
f 2962 2985 2963
f 2963 2985 2986
f 2963 2986 2964
f 2964 2986 2987
f 2964 2987 2965
f 2965 2987 2988
f 2965 2988 2966
f 2966 2988 2989
f 2966 2989 2967
f 2967 2989 2990
f 2967 2990 2968
f 2968 2990 2991
f 2968 2991 2969
f 2969 2991 2992
f 2969 2992 2970
f 2970 2992 2993
f 2970 2993 2971
f 2971 2993 2972
f 2971 2972 2950
f 2972 2994 2995
f 2972 2995 2973
f 2973 2995 2996
f 2973 2996 2974
f 2974 2996 2997
f 2974 2997 2975
f 2975 2997 2998
f 2975 2998 2976
f 2976 2998 2999
f 2976 2999 2977
f 2977 2999 3000
f 2977 3000 2978
f 2978 3000 3001
f 2978 3001 2979
f 2979 3001 3002
f 2979 3002 2980
f 2980 3002 3003
f 2980 3003 2981
f 2981 3003 3004
f 2981 3004 2982
f 2982 3004 3005
f 2982 3005 2983
f 2983 3005 3006
f 2983 3006 2984
f 2984 3006 3007
f 2984 3007 2985
f 2985 3007 3008
f 2985 3008 2986
f 2986 3008 3009
f 2986 3009 2987
f 2987 3009 3010
f 2987 3010 2988
f 2988 3010 3011
f 2988 3011 2989
f 2989 3011 3012
f 2989 3012 2990
f 2990 3012 3013
f 2990 3013 2991
f 2991 3013 3014
f 2991 3014 2992
f 2992 3014 3015
f 2992 3015 2993
f 2993 3015 2994
f 2993 2994 2972
f 2994 3016 3017
f 2994 3017 2995
f 2995 3017 3018
f 2995 3018 2996
f 2996 3018 3019
f 2996 3019 2997
f 2997 3019 3020
f 2997 3020 2998
f 2998 3020 3021
f 2998 3021 2999
f 2999 3021 3022
f 2999 3022 3000
f 3000 3022 3023
f 3000 3023 3001
f 3001 3023 3024
f 3001 3024 3002
f 3002 3024 3025
f 3002 3025 3003
f 3003 3025 3026
f 3003 3026 3004
f 3004 3026 3027
f 3004 3027 3005
f 3005 3027 3028
f 3005 3028 3006
f 3006 3028 3029
f 3006 3029 3007
f 3007 3029 3030
f 3007 3030 3008
f 3008 3030 3031
f 3008 3031 3009
f 3009 3031 3032
f 3009 3032 3010
f 3010 3032 3033
f 3010 3033 3011
f 3011 3033 3034
f 3011 3034 3012
f 3012 3034 3035
f 3012 3035 3013
f 3013 3035 3036
f 3013 3036 3014
f 3014 3036 3037
f 3014 3037 3015
f 3015 3037 3016
f 3015 3016 2994
f 3016 3038 3039
f 3016 3039 3017
f 3017 3039 3040
f 3017 3040 3018
f 3018 3040 3041
f 3018 3041 3019
f 3019 3041 3042
f 3019 3042 3020
f 3020 3042 3043
f 3020 3043 3021
f 3021 3043 3044
f 3021 3044 3022
f 3022 3044 3045
f 3022 3045 3023
f 3023 3045 3046
f 3023 3046 3024
f 3024 3046 3047
f 3024 3047 3025
f 3025 3047 3048
f 3025 3048 3026
f 3026 3048 3049
f 3026 3049 3027
f 3027 3049 3050
f 3027 3050 3028
f 3028 3050 3051
f 3028 3051 3029
f 3029 3051 3052
f 3029 3052 3030
f 3030 3052 3053
f 3030 3053 3031
f 3031 3053 3054
f 3031 3054 3032
f 3032 3054 3055
f 3032 3055 3033
f 3033 3055 3056
f 3033 3056 3034
f 3034 3056 3057
f 3034 3057 3035
f 3035 3057 3058
f 3035 3058 3036
f 3036 3058 3059
f 3036 3059 3037
f 3037 3059 3038
f 3037 3038 3016
f 3038 3060 3061
f 3038 3061 3039
f 3039 3061 3062
f 3039 3062 3040
f 3040 3062 3063
f 3040 3063 3041
f 3041 3063 3064
f 3041 3064 3042
f 3042 3064 3065
f 3042 3065 3043
f 3043 3065 3066
f 3043 3066 3044
f 3044 3066 3067
f 3044 3067 3045
f 3045 3067 3068
f 3045 3068 3046
f 3046 3068 3069
f 3046 3069 3047
f 3047 3069 3070
f 3047 3070 3048
f 3048 3070 3071
f 3048 3071 3049
f 3049 3071 3072
f 3049 3072 3050
f 3050 3072 3073
f 3050 3073 3051
f 3051 3073 3074
f 3051 3074 3052
f 3052 3074 3075
f 3052 3075 3053
f 3053 3075 3076
f 3053 3076 3054
f 3054 3076 3077
f 3054 3077 3055
f 3055 3077 3078
f 3055 3078 3056
f 3056 3078 3079
f 3056 3079 3057
f 3057 3079 3080
f 3057 3080 3058
f 3058 3080 3081
f 3058 3081 3059
f 3059 3081 3060
f 3059 3060 3038
f 3060 3082 3083
f 3060 3083 3061
f 3061 3083 3084
f 3061 3084 3062
f 3062 3084 3085
f 3062 3085 3063
f 3063 3085 3086
f 3063 3086 3064
f 3064 3086 3087
f 3064 3087 3065
f 3065 3087 3088
f 3065 3088 3066
f 3066 3088 3089
f 3066 3089 3067
f 3067 3089 3090
f 3067 3090 3068
f 3068 3090 3091
f 3068 3091 3069
f 3069 3091 3092
f 3069 3092 3070
f 3070 3092 3093
f 3070 3093 3071
f 3071 3093 3094
f 3071 3094 3072
f 3072 3094 3095
f 3072 3095 3073
f 3073 3095 3096
f 3073 3096 3074
f 3074 3096 3097
f 3074 3097 3075
f 3075 3097 3098
f 3075 3098 3076
f 3076 3098 3099
f 3076 3099 3077
f 3077 3099 3100
f 3077 3100 3078
f 3078 3100 3101
f 3078 3101 3079
f 3079 3101 3102
f 3079 3102 3080
f 3080 3102 3103
f 3080 3103 3081
f 3081 3103 3082
f 3081 3082 3060
f 3082 3104 3105
f 3082 3105 3083
f 3083 3105 3106
f 3083 3106 3084
f 3084 3106 3107
f 3084 3107 3085
f 3085 3107 3108
f 3085 3108 3086
f 3086 3108 3109
f 3086 3109 3087
f 3087 3109 3110
f 3087 3110 3088
f 3088 3110 3111
f 3088 3111 3089
f 3089 3111 3112
f 3089 3112 3090
f 3090 3112 3113
f 3090 3113 3091
f 3091 3113 3114
f 3091 3114 3092
f 3092 3114 3115
f 3092 3115 3093
f 3093 3115 3116
f 3093 3116 3094
f 3094 3116 3117
f 3094 3117 3095
f 3095 3117 3118
f 3095 3118 3096
f 3096 3118 3119
f 3096 3119 3097
f 3097 3119 3120
f 3097 3120 3098
f 3098 3120 3121
f 3098 3121 3099
f 3099 3121 3122
f 3099 3122 3100
f 3100 3122 3123
f 3100 3123 3101
f 3101 3123 3124
f 3101 3124 3102
f 3102 3124 3125
f 3102 3125 3103
f 3103 3125 3104
f 3103 3104 3082
f 3104 3126 3127
f 3104 3127 3105
f 3105 3127 3128
f 3105 3128 3106
f 3106 3128 3129
f 3106 3129 3107
f 3107 3129 3130
f 3107 3130 3108
f 3108 3130 3131
f 3108 3131 3109
f 3109 3131 3132
f 3109 3132 3110
f 3110 3132 3133
f 3110 3133 3111
f 3111 3133 3134
f 3111 3134 3112
f 3112 3134 3135
f 3112 3135 3113
f 3113 3135 3136
f 3113 3136 3114
f 3114 3136 3137
f 3114 3137 3115
f 3115 3137 3138
f 3115 3138 3116
f 3116 3138 3139
f 3116 3139 3117
f 3117 3139 3140
f 3117 3140 3118
f 3118 3140 3141
f 3118 3141 3119
f 3119 3141 3142
f 3119 3142 3120
f 3120 3142 3143
f 3120 3143 3121
f 3121 3143 3144
f 3121 3144 3122
f 3122 3144 3145
f 3122 3145 3123
f 3123 3145 3146
f 3123 3146 3124
f 3124 3146 3147
f 3124 3147 3125
f 3125 3147 3126
f 3125 3126 3104
f 3126 3148 3149
f 3126 3149 3127
f 3127 3149 3150
f 3127 3150 3128
f 3128 3150 3151
f 3128 3151 3129
f 3129 3151 3152
f 3129 3152 3130
f 3130 3152 3153
f 3130 3153 3131
f 3131 3153 3154
f 3131 3154 3132
f 3132 3154 3155
f 3132 3155 3133
f 3133 3155 3156
f 3133 3156 3134
f 3134 3156 3157
f 3134 3157 3135
f 3135 3157 3158
f 3135 3158 3136
f 3136 3158 3159
f 3136 3159 3137
f 3137 3159 3160
f 3137 3160 3138
f 3138 3160 3161
f 3138 3161 3139
f 3139 3161 3162
f 3139 3162 3140
f 3140 3162 3163
f 3140 3163 3141
f 3141 3163 3164
f 3141 3164 3142
f 3142 3164 3165
f 3142 3165 3143
f 3143 3165 3166
f 3143 3166 3144
f 3144 3166 3167
f 3144 3167 3145
f 3145 3167 3168
f 3145 3168 3146
f 3146 3168 3169
f 3146 3169 3147
f 3147 3169 3148
f 3147 3148 3126
f 3148 3170 3171
f 3148 3171 3149
f 3149 3171 3172
f 3149 3172 3150
f 3150 3172 3173
f 3150 3173 3151
f 3151 3173 3174
f 3151 3174 3152
f 3152 3174 3175
f 3152 3175 3153
f 3153 3175 3176
f 3153 3176 3154
f 3154 3176 3177
f 3154 3177 3155
f 3155 3177 3178
f 3155 3178 3156
f 3156 3178 3179
f 3156 3179 3157
f 3157 3179 3180
f 3157 3180 3158
f 3158 3180 3181
f 3158 3181 3159
f 3159 3181 3182
f 3159 3182 3160
f 3160 3182 3183
f 3160 3183 3161
f 3161 3183 3184
f 3161 3184 3162
f 3162 3184 3185
f 3162 3185 3163
f 3163 3185 3186
f 3163 3186 3164
f 3164 3186 3187
f 3164 3187 3165
f 3165 3187 3188
f 3165 3188 3166
f 3166 3188 3189
f 3166 3189 3167
f 3167 3189 3190
f 3167 3190 3168
f 3168 3190 3191
f 3168 3191 3169
f 3169 3191 3170
f 3169 3170 3148
f 3170 3192 3193
f 3170 3193 3171
f 3171 3193 3194
f 3171 3194 3172
f 3172 3194 3195
f 3172 3195 3173
f 3173 3195 3196
f 3173 3196 3174
f 3174 3196 3197
f 3174 3197 3175
f 3175 3197 3198
f 3175 3198 3176
f 3176 3198 3199
f 3176 3199 3177
f 3177 3199 3200
f 3177 3200 3178
f 3178 3200 3201
f 3178 3201 3179
f 3179 3201 3202
f 3179 3202 3180
f 3180 3202 3203
f 3180 3203 3181
f 3181 3203 3204
f 3181 3204 3182
f 3182 3204 3205
f 3182 3205 3183
f 3183 3205 3206
f 3183 3206 3184
f 3184 3206 3207
f 3184 3207 3185
f 3185 3207 3208
f 3185 3208 3186
f 3186 3208 3209
f 3186 3209 3187
f 3187 3209 3210
f 3187 3210 3188
f 3188 3210 3211
f 3188 3211 3189
f 3189 3211 3212
f 3189 3212 3190
f 3190 3212 3213
f 3190 3213 3191
f 3191 3213 3192
f 3191 3192 3170
f 3192 3214 3215
f 3192 3215 3193
f 3193 3215 3216
f 3193 3216 3194
f 3194 3216 3217
f 3194 3217 3195
f 3195 3217 3218
f 3195 3218 3196
f 3196 3218 3219
f 3196 3219 3197
f 3197 3219 3220
f 3197 3220 3198
f 3198 3220 3221
f 3198 3221 3199
f 3199 3221 3222
f 3199 3222 3200
f 3200 3222 3223
f 3200 3223 3201
f 3201 3223 3224
f 3201 3224 3202
f 3202 3224 3225
f 3202 3225 3203
f 3203 3225 3226
f 3203 3226 3204
f 3204 3226 3227
f 3204 3227 3205
f 3205 3227 3228
f 3205 3228 3206
f 3206 3228 3229
f 3206 3229 3207
f 3207 3229 3230
f 3207 3230 3208
f 3208 3230 3231
f 3208 3231 3209
f 3209 3231 3232
f 3209 3232 3210
f 3210 3232 3233
f 3210 3233 3211
f 3211 3233 3234
f 3211 3234 3212
f 3212 3234 3235
f 3212 3235 3213
f 3213 3235 3214
f 3213 3214 3192
f 3214 3236 3237
f 3214 3237 3215
f 3215 3237 3238
f 3215 3238 3216
f 3216 3238 3239
f 3216 3239 3217
f 3217 3239 3240
f 3217 3240 3218
f 3218 3240 3241
f 3218 3241 3219
f 3219 3241 3242
f 3219 3242 3220
f 3220 3242 3243
f 3220 3243 3221
f 3221 3243 3244
f 3221 3244 3222
f 3222 3244 3245
f 3222 3245 3223
f 3223 3245 3246
f 3223 3246 3224
f 3224 3246 3247
f 3224 3247 3225
f 3225 3247 3248
f 3225 3248 3226
f 3226 3248 3249
f 3226 3249 3227
f 3227 3249 3250
f 3227 3250 3228
f 3228 3250 3251
f 3228 3251 3229
f 3229 3251 3252
f 3229 3252 3230
f 3230 3252 3253
f 3230 3253 3231
f 3231 3253 3254
f 3231 3254 3232
f 3232 3254 3255
f 3232 3255 3233
f 3233 3255 3256
f 3233 3256 3234
f 3234 3256 3257
f 3234 3257 3235
f 3235 3257 3236
f 3235 3236 3214
f 3236 3258 3259
f 3236 3259 3237
f 3237 3259 3260
f 3237 3260 3238
f 3238 3260 3261
f 3238 3261 3239
f 3239 3261 3262
f 3239 3262 3240
f 3240 3262 3263
f 3240 3263 3241
f 3241 3263 3264
f 3241 3264 3242
f 3242 3264 3265
f 3242 3265 3243
f 3243 3265 3266
f 3243 3266 3244
f 3244 3266 3267
f 3244 3267 3245
f 3245 3267 3268
f 3245 3268 3246
f 3246 3268 3269
f 3246 3269 3247
f 3247 3269 3270
f 3247 3270 3248
f 3248 3270 3271
f 3248 3271 3249
f 3249 3271 3272
f 3249 3272 3250
f 3250 3272 3273
f 3250 3273 3251
f 3251 3273 3274
f 3251 3274 3252
f 3252 3274 3275
f 3252 3275 3253
f 3253 3275 3276
f 3253 3276 3254
f 3254 3276 3277
f 3254 3277 3255
f 3255 3277 3278
f 3255 3278 3256
f 3256 3278 3279
f 3256 3279 3257
f 3257 3279 3258
f 3257 3258 3236
f 3258 3280 3281
f 3258 3281 3259
f 3259 3281 3282
f 3259 3282 3260
f 3260 3282 3283
f 3260 3283 3261
f 3261 3283 3284
f 3261 3284 3262
f 3262 3284 3285
f 3262 3285 3263
f 3263 3285 3286
f 3263 3286 3264
f 3264 3286 3287
f 3264 3287 3265
f 3265 3287 3288
f 3265 3288 3266
f 3266 3288 3289
f 3266 3289 3267
f 3267 3289 3290
f 3267 3290 3268
f 3268 3290 3291
f 3268 3291 3269
f 3269 3291 3292
f 3269 3292 3270
f 3270 3292 3293
f 3270 3293 3271
f 3271 3293 3294
f 3271 3294 3272
f 3272 3294 3295
f 3272 3295 3273
f 3273 3295 3296
f 3273 3296 3274
f 3274 3296 3297
f 3274 3297 3275
f 3275 3297 3298
f 3275 3298 3276
f 3276 3298 3299
f 3276 3299 3277
f 3277 3299 3300
f 3277 3300 3278
f 3278 3300 3301
f 3278 3301 3279
f 3279 3301 3280
f 3279 3280 3258
f 3280 3302 3303
f 3280 3303 3281
f 3281 3303 3304
f 3281 3304 3282
f 3282 3304 3305
f 3282 3305 3283
f 3283 3305 3306
f 3283 3306 3284
f 3284 3306 3307
f 3284 3307 3285
f 3285 3307 3308
f 3285 3308 3286
f 3286 3308 3309
f 3286 3309 3287
f 3287 3309 3310
f 3287 3310 3288
f 3288 3310 3311
f 3288 3311 3289
f 3289 3311 3312
f 3289 3312 3290
f 3290 3312 3313
f 3290 3313 3291
f 3291 3313 3314
f 3291 3314 3292
f 3292 3314 3315
f 3292 3315 3293
f 3293 3315 3316
f 3293 3316 3294
f 3294 3316 3317
f 3294 3317 3295
f 3295 3317 3318
f 3295 3318 3296
f 3296 3318 3319
f 3296 3319 3297
f 3297 3319 3320
f 3297 3320 3298
f 3298 3320 3321
f 3298 3321 3299
f 3299 3321 3322
f 3299 3322 3300
f 3300 3322 3323
f 3300 3323 3301
f 3301 3323 3302
f 3301 3302 3280
f 3302 3324 3325
f 3302 3325 3303
f 3303 3325 3326
f 3303 3326 3304
f 3304 3326 3327
f 3304 3327 3305
f 3305 3327 3328
f 3305 3328 3306
f 3306 3328 3329
f 3306 3329 3307
f 3307 3329 3330
f 3307 3330 3308
f 3308 3330 3331
f 3308 3331 3309
f 3309 3331 3332
f 3309 3332 3310
f 3310 3332 3333
f 3310 3333 3311
f 3311 3333 3334
f 3311 3334 3312
f 3312 3334 3335
f 3312 3335 3313
f 3313 3335 3336
f 3313 3336 3314
f 3314 3336 3337
f 3314 3337 3315
f 3315 3337 3338
f 3315 3338 3316
f 3316 3338 3339
f 3316 3339 3317
f 3317 3339 3340
f 3317 3340 3318
f 3318 3340 3341
f 3318 3341 3319
f 3319 3341 3342
f 3319 3342 3320
f 3320 3342 3343
f 3320 3343 3321
f 3321 3343 3344
f 3321 3344 3322
f 3322 3344 3345
f 3322 3345 3323
f 3323 3345 3324
f 3323 3324 3302
f 3346 2423 2422
f 3347 3324 3325
f 3346 2424 2423
f 3347 3325 3326
f 3346 2425 2424
f 3347 3326 3327
f 3346 2426 2425
f 3347 3327 3328
f 3346 2427 2426
f 3347 3328 3329
f 3346 2428 2427
f 3347 3329 3330
f 3346 2429 2428
f 3347 3330 3331
f 3346 2430 2429
f 3347 3331 3332
f 3346 2431 2430
f 3347 3332 3333
f 3346 2432 2431
f 3347 3333 3334
f 3346 2433 2432
f 3347 3334 3335
f 3346 2434 2433
f 3347 3335 3336
f 3346 2435 2434
f 3347 3336 3337
f 3346 2436 2435
f 3347 3337 3338
f 3346 2437 2436
f 3347 3338 3339
f 3346 2438 2437
f 3347 3339 3340
f 3346 2439 2438
f 3347 3340 3341
f 3346 2440 2439
f 3347 3341 3342
f 3346 2441 2440
f 3347 3342 3343
f 3346 2442 2441
f 3347 3343 3344
f 3346 2443 2442
f 3347 3344 3345
f 3346 2422 2443
f 3347 3345 3324
