frame,time,left_detected,left_wrist_x,left_wrist_y,left_wrist_z,left_palm_x,left_palm_y,left_palm_z,left_thumb_tip_x,left_thumb_tip_y,left_thumb_tip_z,left_index_tip_x,left_index_tip_y,left_index_tip_z,left_middle_tip_x,left_middle_tip_y,left_middle_tip_z,left_ring_tip_x,left_ring_tip_y,left_ring_tip_z,left_pinky_tip_x,left_pinky_tip_y,left_pinky_tip_z,right_detected,right_wrist_x,right_wrist_y,right_wrist_z,right_palm_x,right_palm_y,right_palm_z,right_thumb_tip_x,right_thumb_tip_y,right_thumb_tip_z,right_index_tip_x,right_index_tip_y,right_index_tip_z,right_middle_tip_x,right_middle_tip_y,right_middle_tip_z,right_ring_tip_x,right_ring_tip_y,right_ring_tip_z,right_pinky_tip_x,right_pinky_tip_y,right_pinky_tip_z
1,0.041667,1,-0.268346,-0.781980,4.507902,-0.268637,-0.835358,4.526945,-0.242474,-0.836870,4.606111,-0.300778,-0.893598,4.608822,-0.307903,-0.913946,4.587215,-0.295401,-0.922163,4.555003,-0.276665,-0.911902,4.511275,1,-0.032474,-0.789376,4.814090,-0.073876,-0.832882,4.799771,-0.082419,-0.833025,4.701869,-0.107121,-0.920989,4.756484,-0.125177,-0.924229,4.778085,-0.137176,-0.903957,4.795352,-0.136858,-0.872404,4.821568
2,0.083333,1,-0.265876,-0.776318,4.499799,-0.267080,-0.828037,4.519763,-0.242895,-0.826790,4.601218,-0.299527,-0.887071,4.600789,-0.305880,-0.907904,4.578048,-0.290692,-0.915809,4.546339,-0.271468,-0.904791,4.502360,1,-0.029429,-0.784442,4.809987,-0.071970,-0.826267,4.794943,-0.087425,-0.828675,4.704010,-0.104651,-0.913906,4.750306,-0.118430,-0.919590,4.772562,-0.130593,-0.900110,4.789948,-0.132208,-0.867796,4.816128
3,0.125000,1,-0.264601,-0.761356,4.481694,-0.264890,-0.813259,4.506824,-0.243979,-0.808835,4.591703,-0.298401,-0.873760,4.585995,-0.303672,-0.895261,4.561050,-0.284018,-0.902661,4.530215,-0.263222,-0.890146,4.486467,1,-0.028111,-0.768941,4.797858,-0.069512,-0.811689,4.784835,-0.093736,-0.817028,4.706086,-0.102607,-0.897505,4.738276,-0.109090,-0.907318,4.760185,-0.120067,-0.889833,4.777476,-0.123123,-0.857621,4.804185
4,0.166667,1,-0.265671,-0.737425,4.463233,-0.263682,-0.791405,4.489821,-0.246018,-0.786774,4.577402,-0.299849,-0.853760,4.565673,-0.304062,-0.875564,4.538146,-0.280464,-0.882192,4.508730,-0.255398,-0.867955,4.466511,1,-0.034260,-0.741838,4.781415,-0.067665,-0.788337,4.769438,-0.096312,-0.797195,4.706646,-0.103228,-0.871279,4.722752,-0.101964,-0.884978,4.741107,-0.109315,-0.870038,4.756753,-0.110599,-0.839827,4.783821
5,0.208333,1,-0.260160,-0.705479,4.456609,-0.265407,-0.763912,4.469794,-0.250217,-0.763786,4.558203,-0.307234,-0.827798,4.540085,-0.309694,-0.849255,4.511051,-0.284386,-0.854765,4.484031,-0.251584,-0.839610,4.445068,1,-0.036266,-0.703902,4.773921,-0.066233,-0.757962,4.750222,-0.095139,-0.772685,4.706058,-0.104719,-0.839226,4.707248,-0.097755,-0.854280,4.718855,-0.099648,-0.840930,4.730392,-0.096308,-0.813761,4.756185
6,0.250000,1,-0.254254,-0.671676,4.427320,-0.271351,-0.733451,4.448672,-0.258167,-0.741580,4.535869,-0.322304,-0.797287,4.511169,-0.321380,-0.818116,4.482962,-0.295981,-0.822587,4.459270,-0.254899,-0.808145,4.424998,1,-0.038535,-0.663858,4.741529,-0.064755,-0.725127,4.731207,-0.097946,-0.746917,4.703173,-0.104143,-0.807040,4.694202,-0.093756,-0.820644,4.700046,-0.090011,-0.807860,4.707408,-0.082539,-0.783317,4.731332
7,0.291667,1,-0.249907,-0.637239,4.412094,-0.281466,-0.703995,4.431093,-0.270397,-0.722003,4.514743,-0.342819,-0.764882,4.485398,-0.337669,-0.785307,4.460213,-0.312676,-0.789551,4.440056,-0.267599,-0.777533,4.410666,1,-0.041328,-0.624347,4.721856,-0.065570,-0.695284,4.717958,-0.109979,-0.722739,4.696951,-0.103417,-0.778976,4.687225,-0.091374,-0.789594,4.692389,-0.083900,-0.777378,4.698463,-0.075049,-0.753959,4.720821
8,0.333333,1,-0.251043,-0.612911,4.405950,-0.294895,-0.680595,4.422910,-0.286755,-0.708967,4.499035,-0.363745,-0.735895,4.471377,-0.356308,-0.755540,4.450042,-0.332589,-0.760379,4.432989,-0.289971,-0.751455,4.407561,1,-0.053588,-0.595035,4.707238,-0.075040,-0.672866,4.713670,-0.126440,-0.706745,4.691808,-0.111176,-0.758163,4.691323,-0.100440,-0.764607,4.698453,-0.092261,-0.752890,4.704260,-0.083779,-0.728679,4.722163
9,0.375000,1,-0.260318,-0.605658,4.408174,-0.309517,-0.668862,4.428371,-0.305542,-0.708419,4.489629,-0.377749,-0.719808,4.475219,-0.372999,-0.736234,4.457735,-0.352942,-0.740775,4.443623,-0.318115,-0.733049,4.421467,1,-0.073362,-0.585349,4.701087,-0.098317,-0.661626,4.717355,-0.141325,-0.705711,4.693556,-0.136240,-0.747063,4.705798,-0.130411,-0.748841,4.711419,-0.123025,-0.737198,4.714210,-0.114330,-0.711751,4.722872
10,0.416667,1,-0.281264,-0.615270,4.428686,-0.321190,-0.673975,4.447078,-0.321263,-0.724634,4.485525,-0.376621,-0.727200,4.496167,-0.379627,-0.736984,4.483223,-0.366432,-0.738031,4.472801,-0.342773,-0.727036,4.454051,1,-0.102994,-0.596676,4.713794,-0.131271,-0.665841,4.726552,-0.154961,-0.720822,4.703718,-0.175166,-0.748759,4.723936,-0.175602,-0.747512,4.723325,-0.168458,-0.736144,4.720729,-0.157955,-0.711379,4.719337
11,0.458333,1,-0.302652,-0.643480,4.443217,-0.326851,-0.698224,4.471274,-0.326881,-0.755106,4.488079,-0.359119,-0.759993,4.524131,-0.370586,-0.763106,4.516172,-0.365696,-0.758171,4.509760,-0.353975,-0.740479,4.494172,1,-0.124548,-0.625176,4.728446,-0.161691,-0.688772,4.739214,-0.170344,-0.748712,4.719739,-0.212263,-0.766804,4.739234,-0.216792,-0.765353,4.732244,-0.209140,-0.754950,4.725893,-0.195772,-0.733138,4.719436
12,0.500000,1,-0.326076,-0.687347,4.459568,-0.327437,-0.738252,4.489350,-0.319957,-0.791365,4.499796,-0.333622,-0.807730,4.545486,-0.349396,-0.809835,4.539722,-0.350916,-0.800294,4.534504,-0.348150,-0.776676,4.519758,1,-0.145917,-0.674319,4.750925,-0.179636,-0.728525,4.751996,-0.188302,-0.784219,4.735976,-0.234176,-0.800903,4.745363,-0.238532,-0.801414,4.735874,-0.230185,-0.792439,4.730680,-0.213642,-0.774036,4.726957
13,0.541667,1,-0.342456,-0.743476,4.466554,-0.324631,-0.785171,4.494775,-0.306117,-0.825648,4.518407,-0.308433,-0.856900,4.552558,-0.324018,-0.865325,4.543536,-0.328189,-0.854781,4.534251,-0.328929,-0.828104,4.516742,1,-0.156957,-0.734856,4.775756,-0.182791,-0.776637,4.760721,-0.205439,-0.821142,4.748325,-0.236446,-0.844751,4.738996,-0.237031,-0.848694,4.731004,-0.228250,-0.841460,4.731501,-0.209251,-0.824977,4.736216
14,0.583333,1,-0.349640,-0.789618,4.472160,-0.318422,-0.828113,4.490155,-0.293897,-0.854188,4.536738,-0.286600,-0.898707,4.547196,-0.300521,-0.916400,4.531352,-0.304982,-0.907400,4.514970,-0.304931,-0.879616,4.492392,1,-0.154746,-0.785053,4.789169,-0.174364,-0.821961,4.765198,-0.212298,-0.853588,4.757508,-0.219757,-0.889709,4.727961,-0.217062,-0.897747,4.723553,-0.209655,-0.892002,4.730436,-0.192214,-0.874498,4.743339
15,0.625000,1,-0.340586,-0.821714,4.459739,-0.310132,-0.858658,4.482907,-0.286557,-0.874601,4.549262,-0.272063,-0.928706,4.538409,-0.283456,-0.952412,4.516456,-0.288550,-0.945888,4.494159,-0.286074,-0.918076,4.466319,1,-0.142654,-0.818683,4.786287,-0.159947,-0.855639,4.770176,-0.196931,-0.878467,4.768101,-0.189628,-0.928743,4.728036,-0.189016,-0.939374,4.726398,-0.186678,-0.933233,4.735752,-0.178184,-0.910947,4.750341
16,0.666667,1,-0.327519,-0.833132,4.462912,-0.303238,-0.872890,4.478289,-0.283423,-0.883346,4.556084,-0.271447,-0.944331,4.534968,-0.276975,-0.968387,4.509729,-0.281836,-0.964328,4.484481,-0.275364,-0.937072,4.452723,1,-0.126868,-0.833276,4.798271,-0.144329,-0.873011,4.778678,-0.157645,-0.895060,4.787426,-0.157166,-0.956061,4.747369,-0.163448,-0.966053,4.743928,-0.168539,-0.957010,4.749671,-0.173056,-0.927731,4.756534
17,0.708333,1,-0.311068,-0.825153,4.468101,-0.299947,-0.870708,4.475855,-0.284444,-0.877991,4.558898,-0.285840,-0.943654,4.537068,-0.282222,-0.965099,4.511184,-0.281347,-0.962532,4.485895,-0.267751,-0.935889,4.452462,1,-0.111134,-0.827998,4.814165,-0.129642,-0.873068,4.787566,-0.109279,-0.901126,4.814916,-0.132290,-0.966200,4.776695,-0.144407,-0.973427,4.766248,-0.155398,-0.960783,4.764534,-0.169213,-0.925885,4.757919
18,0.750000,1,-0.298040,-0.803107,4.458813,-0.299093,-0.854596,4.471734,-0.288385,-0.860460,4.556611,-0.306244,-0.927313,4.537393,-0.293633,-0.946248,4.513432,-0.281376,-0.943471,4.490731,-0.258666,-0.917706,4.457581,1,-0.096263,-0.806819,4.811076,-0.116429,-0.857552,4.791635,-0.069939,-0.893090,4.836135,-0.116848,-0.956863,4.798740,-0.130058,-0.961720,4.780558,-0.143768,-0.946899,4.772314,-0.160652,-0.909877,4.754468
19,0.791667,1,-0.286724,-0.770849,4.447335,-0.297680,-0.828782,4.463356,-0.291876,-0.835185,4.548100,-0.320173,-0.899674,4.530847,-0.301308,-0.916240,4.511114,-0.278118,-0.911954,4.492491,-0.248275,-0.888232,4.460142,1,-0.083970,-0.774780,4.799425,-0.104948,-0.830213,4.788424,-0.046584,-0.871538,4.837436,-0.107497,-0.931352,4.803722,-0.118805,-0.935189,4.781785,-0.133267,-0.919872,4.770814,-0.149740,-0.883470,4.748641
20,0.833333,1,-0.276046,-0.734645,4.442861,-0.293798,-0.798120,4.450987,-0.292593,-0.805871,4.534934,-0.321361,-0.866283,4.518789,-0.299499,-0.879769,4.504023,-0.270536,-0.873859,4.489046,-0.238158,-0.853723,4.456843,1,-0.068971,-0.732914,4.790698,-0.095094,-0.796021,4.778157,-0.037836,-0.841804,4.816109,-0.101516,-0.896404,4.791315,-0.111496,-0.899768,4.771260,-0.125929,-0.884532,4.761355,-0.140463,-0.849725,4.741099
21,0.875000,1,-0.268416,-0.701029,4.427599,-0.287432,-0.766713,4.436742,-0.290449,-0.775266,4.519980,-0.312350,-0.831520,4.505238,-0.290092,-0.841667,4.494411,-0.259946,-0.834935,4.481452,-0.228641,-0.819099,4.448736,1,-0.061284,-0.693570,4.769878,-0.086155,-0.760188,4.763151,-0.041727,-0.808151,4.777948,-0.097855,-0.858452,4.766306,-0.108442,-0.861289,4.753368,-0.122183,-0.845941,4.747457,-0.133905,-0.812546,4.733532
22,0.916667,1,-0.260657,-0.670073,4.406389,-0.279428,-0.737175,4.423986,-0.286138,-0.745367,4.506729,-0.299984,-0.798647,4.493813,-0.278507,-0.806313,4.485395,-0.248906,-0.799423,4.473099,-0.219636,-0.787304,4.439854,1,-0.050589,-0.659179,4.741813,-0.077340,-0.726897,4.747798,-0.056158,-0.772108,4.736052,-0.096120,-0.822059,4.737846,-0.107582,-0.824733,4.735090,-0.119545,-0.809239,4.734909,-0.128223,-0.776809,4.730250
23,0.958333,1,-0.251339,-0.641541,4.401411,-0.270953,-0.710874,4.416089,-0.280250,-0.717181,4.498828,-0.290462,-0.770391,4.486853,-0.269494,-0.777090,4.479814,-0.239768,-0.769762,4.467947,-0.211692,-0.759782,4.434748,1,-0.039758,-0.630482,4.732081,-0.068504,-0.698467,4.736118,-0.075679,-0.736544,4.705252,-0.095960,-0.790083,4.715722,-0.106280,-0.793485,4.722630,-0.114876,-0.778370,4.728267,-0.120012,-0.746948,4.733688
24,1.000000,1,-0.244454,-0.620157,4.396418,-0.263338,-0.688421,4.414808,-0.272871,-0.691515,4.498248,-0.286854,-0.748299,4.485066,-0.265485,-0.755728,4.478689,-0.234007,-0.747396,4.467772,-0.205810,-0.737182,4.435695,1,-0.031264,-0.609240,4.723023,-0.059884,-0.675569,4.729336,-0.092099,-0.706224,4.691115,-0.096193,-0.763887,4.703798,-0.103160,-0.768666,4.717178,-0.106985,-0.754756,4.727484,-0.107262,-0.725130,4.741578
25,1.041667,1,-0.239007,-0.602451,4.394726,-0.257486,-0.669924,4.420137,-0.263923,-0.669648,4.504537,-0.288705,-0.731938,4.488196,-0.266370,-0.741793,4.481551,-0.232254,-0.732970,4.471886,-0.202747,-0.719661,4.442471,1,-0.023980,-0.592575,4.715704,-0.051602,-0.657776,4.726687,-0.100234,-0.683789,4.687881,-0.094640,-0.743557,4.699571,-0.098021,-0.749486,4.716217,-0.097104,-0.737279,4.729583,-0.091760,-0.710265,4.749852
26,1.083333,1,-0.235370,-0.590403,4.408477,-0.253513,-0.655103,4.430366,-0.254928,-0.652551,4.515326,-0.293460,-0.719513,4.495219,-0.270471,-0.732891,4.487289,-0.234313,-0.725305,4.478341,-0.202464,-0.706963,4.452980,1,-0.018903,-0.579617,4.721189,-0.044253,-0.643710,4.727077,-0.101236,-0.668009,4.687753,-0.090329,-0.727998,4.699351,-0.091644,-0.734278,4.717577,-0.087551,-0.723605,4.732458,-0.077644,-0.699080,4.756380
27,1.125000,1,-0.233741,-0.581486,4.421237,-0.251048,-0.643171,4.442445,-0.248894,-0.639328,4.527752,-0.298498,-0.708944,4.504363,-0.276082,-0.725687,4.494395,-0.239344,-0.720968,4.484876,-0.204285,-0.698153,4.463655,1,-0.017463,-0.567886,4.728314,-0.039544,-0.631099,4.728738,-0.100447,-0.654975,4.688228,-0.085956,-0.714301,4.700119,-0.086162,-0.720697,4.718942,-0.080314,-0.711489,4.734502,-0.067754,-0.688621,4.760175
28,1.166667,1,-0.233865,-0.573392,4.430152,-0.249744,-0.632771,4.454013,-0.247330,-0.627839,4.539696,-0.302453,-0.698424,4.514257,-0.282498,-0.717330,4.501728,-0.246726,-0.715980,4.490252,-0.207986,-0.691377,4.471537,1,-0.019292,-0.556871,4.730235,-0.039559,-0.617457,4.728395,-0.103076,-0.640082,4.690152,-0.086996,-0.697680,4.697279,-0.085092,-0.705189,4.714616,-0.077192,-0.698746,4.731249,-0.062785,-0.677528,4.757743
29,1.208333,1,-0.234042,-0.564045,4.440436,-0.249622,-0.622676,4.464788,-0.250177,-0.618283,4.548170,-0.305435,-0.687342,4.523919,-0.289971,-0.706415,4.508951,-0.256719,-0.707698,4.495348,-0.215139,-0.683854,4.477205,1,-0.022101,-0.543706,4.731164,-0.045579,-0.601521,4.723699,-0.109997,-0.622263,4.693876,-0.097621,-0.675075,4.688548,-0.092148,-0.684759,4.700778,-0.080666,-0.683199,4.719016,-0.063830,-0.664892,4.745353
30,1.250000,1,-0.234725,-0.549669,4.449246,-0.251123,-0.613180,4.475637,-0.258639,-0.614957,4.547929,-0.308035,-0.677554,4.531869,-0.298486,-0.693601,4.516317,-0.269580,-0.695441,4.502979,-0.228860,-0.672731,4.485349,1,-0.025708,-0.524510,4.728983,-0.057932,-0.584641,4.717099,-0.116610,-0.607789,4.699397,-0.116428,-0.650451,4.681475,-0.108306,-0.661305,4.685758,-0.093004,-0.664383,4.703644,-0.074080,-0.649274,4.726721
31,1.291667,1,-0.236880,-0.540696,4.459702,-0.255231,-0.607415,4.486329,-0.272795,-0.622859,4.536492,-0.310706,-0.673204,4.537289,-0.307320,-0.683018,4.524294,-0.284594,-0.682658,4.514766,-0.250390,-0.659807,4.499421,1,-0.031728,-0.512401,4.725689,-0.075914,-0.571299,4.713436,-0.118265,-0.605781,4.707521,-0.136977,-0.633193,4.686639,-0.129940,-0.642226,4.683515,-0.113583,-0.645909,4.696176,-0.095348,-0.632106,4.710950
32,1.333333,1,-0.248261,-0.544415,4.459520,-0.263766,-0.611638,4.493665,-0.286870,-0.642755,4.521224,-0.315447,-0.679386,4.540302,-0.316814,-0.683416,4.531290,-0.300567,-0.679937,4.525834,-0.275299,-0.656797,4.513230,1,-0.046014,-0.514530,4.713479,-0.096584,-0.569304,4.713012,-0.116702,-0.620342,4.718696,-0.154564,-0.631862,4.701786,-0.152068,-0.636893,4.694116,-0.138190,-0.637002,4.697807,-0.122645,-0.622907,4.700874
33,1.375000,1,-0.263753,-0.564992,4.459266,-0.277924,-0.632315,4.493877,-0.293949,-0.671729,4.513793,-0.324688,-0.700663,4.540321,-0.328030,-0.703840,4.533215,-0.316213,-0.699399,4.527506,-0.296710,-0.677875,4.514869,1,-0.062787,-0.536200,4.702997,-0.114836,-0.587887,4.712195,-0.116376,-0.651827,4.730476,-0.169669,-0.652780,4.713978,-0.172303,-0.654194,4.703807,-0.161686,-0.649887,4.699551,-0.146458,-0.635621,4.691873
34,1.416667,1,-0.287838,-0.603273,4.454789,-0.294890,-0.670568,4.488587,-0.294061,-0.708542,4.516195,-0.333792,-0.738698,4.538020,-0.337031,-0.745534,4.529701,-0.328262,-0.742351,4.519691,-0.311746,-0.723578,4.503748,1,-0.078854,-0.579398,4.703743,-0.126091,-0.631091,4.711066,-0.118029,-0.699270,4.739526,-0.181589,-0.698023,4.716631,-0.187222,-0.698123,4.704700,-0.178108,-0.691119,4.696952,-0.159103,-0.677019,4.683274
35,1.458333,1,-0.311972,-0.657243,4.444630,-0.308026,-0.720777,4.483495,-0.291667,-0.753257,4.522059,-0.331713,-0.790542,4.536341,-0.334900,-0.801509,4.525330,-0.331076,-0.798968,4.510656,-0.319826,-0.781122,4.490296,1,-0.093435,-0.641541,4.706337,-0.128040,-0.693162,4.714269,-0.122361,-0.756368,4.745723,-0.183822,-0.760874,4.712849,-0.188450,-0.762862,4.700882,-0.179166,-0.755674,4.694732,-0.155580,-0.741806,4.682613
36,1.500000,1,-0.323171,-0.720781,4.466027,-0.312921,-0.774803,4.480061,-0.289516,-0.801000,4.529046,-0.316120,-0.848762,4.535443,-0.320203,-0.862439,4.520967,-0.323418,-0.858919,4.502114,-0.319529,-0.839182,4.477065,1,-0.097061,-0.715961,4.747611,-0.120607,-0.762284,4.724073,-0.132153,-0.813395,4.749290,-0.170850,-0.829485,4.705935,-0.170254,-0.836057,4.697912,-0.160255,-0.830690,4.698028,-0.134791,-0.816971,4.696409
37,1.541667,1,-0.330470,-0.780616,4.453465,-0.311279,-0.824671,4.475421,-0.288370,-0.843022,4.538154,-0.297948,-0.903150,4.532283,-0.303412,-0.918790,4.513480,-0.312510,-0.914229,4.489663,-0.312244,-0.891673,4.459487,1,-0.092926,-0.790862,4.757825,-0.106489,-0.826302,4.738007,-0.144375,-0.863754,4.749424,-0.145862,-0.894053,4.699273,-0.138435,-0.905600,4.699173,-0.127900,-0.902035,4.707989,-0.103767,-0.887470,4.722288
38,1.583333,1,-0.331431,-0.823609,4.455480,-0.307880,-0.862850,4.468639,-0.288533,-0.873374,4.546025,-0.288473,-0.944274,4.526236,-0.295063,-0.961402,4.503260,-0.306670,-0.956593,4.474607,-0.303301,-0.932230,4.440220,1,-0.078944,-0.842780,4.778642,-0.090715,-0.875016,4.751083,-0.149719,-0.902556,4.746840,-0.118590,-0.945588,4.696250,-0.106239,-0.960479,4.704821,-0.095837,-0.957201,4.720891,-0.075551,-0.940775,4.749401
39,1.625000,1,-0.324906,-0.845447,4.453322,-0.306178,-0.883858,4.460173,-0.290302,-0.889734,4.547238,-0.291976,-0.966421,4.518587,-0.298322,-0.984327,4.492173,-0.307993,-0.979708,4.460882,-0.296603,-0.954865,4.424819,1,-0.067097,-0.866315,4.789594,-0.078002,-0.901757,4.757001,-0.143508,-0.921881,4.739635,-0.097244,-0.974151,4.692252,-0.083429,-0.991098,4.707039,-0.074255,-0.987537,4.727115,-0.060261,-0.969999,4.764237
40,1.666667,1,-0.318841,-0.842044,4.440930,-0.307339,-0.885929,4.448887,-0.294198,-0.891410,4.539654,-0.307716,-0.968101,4.507796,-0.311524,-0.986246,4.478632,-0.313819,-0.982172,4.447587,-0.292240,-0.957512,4.412420,1,-0.062349,-0.865787,4.785402,-0.071052,-0.905260,4.751847,-0.127666,-0.914088,4.722021,-0.084720,-0.975942,4.680173,-0.073041,-0.994716,4.698007,-0.066578,-0.991502,4.719728,-0.061153,-0.973991,4.760377
41,1.708333,1,-0.310438,-0.820441,4.424519,-0.311106,-0.870801,4.433731,-0.300806,-0.878583,4.525124,-0.331338,-0.951219,4.491048,-0.330496,-0.969381,4.460743,-0.321402,-0.966500,4.432198,-0.289451,-0.942207,4.399537,1,-0.057122,-0.846956,4.774392,-0.070632,-0.889252,4.737470,-0.105090,-0.882059,4.692129,-0.081019,-0.957884,4.662378,-0.075077,-0.977569,4.681089,-0.073180,-0.974347,4.702982,-0.077553,-0.955702,4.743263
42,1.750000,1,-0.308063,-0.786842,4.408370,-0.316035,-0.842466,4.416050,-0.309390,-0.851560,4.508306,-0.355611,-0.919869,4.469908,-0.349552,-0.938097,4.440945,-0.329143,-0.937171,4.415758,-0.288197,-0.913677,4.385868,1,-0.057339,-0.815950,4.755122,-0.075398,-0.859704,4.718712,-0.081166,-0.842890,4.656230,-0.085307,-0.930794,4.646717,-0.087435,-0.948820,4.665284,-0.091513,-0.943361,4.686074,-0.104111,-0.920957,4.723196
43,1.791667,1,-0.305025,-0.744562,4.388400,-0.320020,-0.805893,4.398980,-0.316973,-0.812483,4.493757,-0.373712,-0.879305,4.450199,-0.364016,-0.897871,4.424306,-0.335653,-0.899434,4.401855,-0.288311,-0.877601,4.373530,1,-0.056283,-0.770806,4.727912,-0.082215,-0.822102,4.698726,-0.064269,-0.812397,4.623468,-0.094575,-0.900289,4.635367,-0.104569,-0.913932,4.653402,-0.114582,-0.903811,4.672226,-0.130431,-0.876661,4.705226
44,1.833333,1,-0.301476,-0.702445,4.365386,-0.321918,-0.766037,4.385424,-0.320926,-0.767354,4.483282,-0.383464,-0.835401,4.436101,-0.372425,-0.854558,4.413343,-0.339999,-0.858463,4.392554,-0.289046,-0.838788,4.364165,1,-0.059272,-0.722787,4.688508,-0.088212,-0.780547,4.678194,-0.058453,-0.788199,4.598246,-0.103133,-0.866164,4.623476,-0.119578,-0.874627,4.640805,-0.134398,-0.859424,4.657688,-0.148928,-0.828831,4.687182
45,1.875000,1,-0.300065,-0.661177,4.356816,-0.322197,-0.727236,4.377293,-0.321942,-0.723354,4.477125,-0.387174,-0.793666,4.428211,-0.375863,-0.813405,4.407785,-0.342017,-0.818719,4.388245,-0.289410,-0.800742,4.359092,1,-0.060741,-0.676345,4.663489,-0.092479,-0.738862,4.658281,-0.062062,-0.759113,4.580054,-0.106720,-0.828730,4.607783,-0.128586,-0.833321,4.624155,-0.146782,-0.815012,4.639810,-0.159454,-0.782635,4.666292
46,1.916667,1,-0.299413,-0.621584,4.350400,-0.322044,-0.693137,4.376046,-0.322279,-0.685809,4.475544,-0.387761,-0.758005,4.426949,-0.376396,-0.777939,4.408358,-0.342642,-0.783628,4.390207,-0.289533,-0.766628,4.360651,1,-0.063436,-0.631466,4.643828,-0.096197,-0.701448,4.643132,-0.073047,-0.724981,4.570580,-0.107799,-0.792539,4.594307,-0.133510,-0.795009,4.608937,-0.153190,-0.776073,4.623388,-0.165504,-0.742634,4.645694
47,1.958333,1,-0.300945,-0.592678,4.358331,-0.322259,-0.666651,4.382287,-0.322339,-0.659121,4.477103,-0.385855,-0.730782,4.433398,-0.375529,-0.750092,4.416720,-0.343411,-0.755520,4.400059,-0.291394,-0.739302,4.371112,1,-0.069576,-0.601319,4.640739,-0.101380,-0.672257,4.637792,-0.087240,-0.697750,4.576976,-0.113851,-0.763506,4.594936,-0.140191,-0.764648,4.605966,-0.158744,-0.746103,4.617169,-0.170169,-0.711807,4.632249
48,2.000000,1,-0.304329,-0.577037,4.374794,-0.322485,-0.649486,4.394253,-0.321034,-0.647121,4.477511,-0.379408,-0.713987,4.446040,-0.371937,-0.731618,4.431776,-0.343202,-0.735902,4.416910,-0.296120,-0.719972,4.390076,1,-0.075110,-0.584215,4.652544,-0.108420,-0.653361,4.643172,-0.097677,-0.686175,4.604808,-0.128584,-0.744138,4.614838,-0.151685,-0.744461,4.619557,-0.166420,-0.726318,4.624357,-0.173795,-0.692004,4.628739
49,2.041667,1,-0.309532,-0.574883,4.384654,-0.321589,-0.641720,4.407460,-0.318308,-0.648355,4.475128,-0.367832,-0.708469,4.459994,-0.363386,-0.724103,4.448248,-0.337969,-0.726038,4.435304,-0.300543,-0.708692,4.411610,1,-0.079446,-0.582273,4.664838,-0.114703,-0.644691,4.654951,-0.103908,-0.685261,4.647876,-0.147446,-0.732703,4.645186,-0.164108,-0.734011,4.641894,-0.173146,-0.717111,4.639231,-0.173174,-0.684786,4.632454
50,2.083333,1,-0.316604,-0.582581,4.392714,-0.318887,-0.641634,4.416935,-0.314733,-0.653459,4.476037,-0.356211,-0.711214,4.471072,-0.352105,-0.726416,4.459817,-0.326500,-0.726144,4.446921,-0.298881,-0.705986,4.425009,1,-0.083189,-0.589223,4.676431,-0.116506,-0.644086,4.667397,-0.113618,-0.682163,4.687126,-0.162705,-0.725877,4.668811,-0.170788,-0.730994,4.659273,-0.173136,-0.717407,4.652773,-0.164359,-0.689497,4.640925
51,2.125000,1,-0.315770,-0.589935,4.394008,-0.314166,-0.645528,4.420870,-0.309431,-0.654116,4.485217,-0.349315,-0.716348,4.478430,-0.342258,-0.733538,4.464141,-0.312275,-0.732665,4.448252,-0.288969,-0.710180,4.424918,1,-0.078177,-0.596953,4.689606,-0.112250,-0.647381,4.677054,-0.131193,-0.668527,4.704377,-0.170149,-0.720140,4.673675,-0.168719,-0.731383,4.663068,-0.164059,-0.723304,4.659944,-0.147022,-0.701578,4.654313
52,2.166667,1,-0.308551,-0.594487,4.394951,-0.307569,-0.648696,4.421596,-0.301647,-0.651048,4.497374,-0.345629,-0.719511,4.482447,-0.334269,-0.739352,4.464009,-0.298840,-0.738572,4.444839,-0.274423,-0.714791,4.418685,1,-0.068252,-0.602962,4.698714,-0.103550,-0.649799,4.683902,-0.150098,-0.646689,4.698457,-0.170107,-0.712558,4.663225,-0.159994,-0.730772,4.656563,-0.149469,-0.728949,4.662416,-0.126628,-0.713643,4.671626
53,2.208333,1,-0.297956,-0.592157,4.398673,-0.300218,-0.647945,4.422365,-0.293092,-0.647681,4.505534,-0.342874,-0.719031,4.483340,-0.327229,-0.740099,4.463539,-0.287521,-0.738438,4.444446,-0.259958,-0.713574,4.417150,1,-0.055974,-0.601256,4.707861,-0.093455,-0.648268,4.690041,-0.158580,-0.626785,4.683502,-0.164653,-0.703164,4.652095,-0.149241,-0.726843,4.650840,-0.135955,-0.729347,4.665351,-0.111529,-0.718243,4.688768
54,2.250000,1,-0.284576,-0.582568,4.401058,-0.293129,-0.643016,4.425029,-0.286069,-0.642953,4.510583,-0.340478,-0.714754,4.483200,-0.320795,-0.735357,4.465749,-0.277867,-0.731591,4.450334,-0.247435,-0.705812,4.423949,1,-0.042543,-0.594540,4.714541,-0.084208,-0.642659,4.697352,-0.151641,-0.618017,4.674274,-0.155680,-0.695433,4.652225,-0.140340,-0.720376,4.654512,-0.127704,-0.723257,4.672496,-0.105637,-0.712241,4.701890
55,2.291667,1,-0.274633,-0.572958,4.409829,-0.285999,-0.635696,4.430183,-0.280853,-0.634064,4.517197,-0.336620,-0.707711,4.485700,-0.313668,-0.727125,4.472155,-0.268414,-0.720828,4.461288,-0.236645,-0.694971,4.435999,1,-0.033173,-0.585063,4.724317,-0.076297,-0.634964,4.705572,-0.134651,-0.622170,4.677960,-0.145370,-0.691686,4.664143,-0.134532,-0.713151,4.667023,-0.123624,-0.713415,4.682951,-0.104554,-0.699545,4.709277
56,2.333333,1,-0.265774,-0.562709,4.417878,-0.278347,-0.628328,4.437067,-0.275791,-0.621903,4.526608,-0.330105,-0.699889,4.492055,-0.305134,-0.718481,4.481383,-0.258656,-0.710167,4.473505,-0.227384,-0.685004,4.448301,1,-0.027892,-0.573854,4.731269,-0.069190,-0.627419,4.712195,-0.118320,-0.631995,4.693567,-0.137363,-0.688637,4.678009,-0.130824,-0.705410,4.679089,-0.119512,-0.703924,4.691375,-0.100222,-0.688413,4.711264
57,2.375000,1,-0.256759,-0.557620,4.423620,-0.270732,-0.622748,4.443787,-0.269394,-0.611230,4.535938,-0.322588,-0.693412,4.499692,-0.296703,-0.712091,4.489738,-0.250033,-0.702872,4.482989,-0.219985,-0.678180,4.457363,1,-0.021793,-0.566893,4.734530,-0.062904,-0.621188,4.715010,-0.111376,-0.636442,4.711953,-0.134126,-0.681600,4.682881,-0.127522,-0.696921,4.681599,-0.113142,-0.697276,4.693428,-0.090246,-0.683983,4.710760
58,2.416667,1,-0.249904,-0.555936,4.429031,-0.264381,-0.619626,4.448652,-0.262062,-0.606393,4.542018,-0.316626,-0.689511,4.505357,-0.290688,-0.708956,4.494355,-0.244651,-0.700102,4.487586,-0.214915,-0.674950,4.461928,1,-0.017974,-0.562685,4.734595,-0.058269,-0.616196,4.713959,-0.113994,-0.631257,4.721457,-0.133746,-0.671333,4.676391,-0.123606,-0.688753,4.674094,-0.106192,-0.693126,4.689560,-0.079781,-0.684059,4.710101
59,2.458333,1,-0.245366,-0.556450,4.429551,-0.260356,-0.618379,4.451356,-0.255883,-0.607878,4.544212,-0.313720,-0.687934,4.507898,-0.288578,-0.708245,4.495020,-0.243757,-0.700878,4.487426,-0.212583,-0.674656,4.462357,1,-0.017184,-0.559662,4.729593,-0.055725,-0.611767,4.710453,-0.119726,-0.621069,4.718128,-0.133238,-0.661952,4.664682,-0.119451,-0.682187,4.662808,-0.100949,-0.689831,4.682997,-0.073237,-0.683899,4.708669
60,2.500000,1,-0.244224,-0.556940,4.432049,-0.259265,-0.617687,4.453074,-0.253365,-0.612283,4.544435,-0.314529,-0.687073,4.508529,-0.291023,-0.707874,4.493841,-0.247678,-0.702753,4.484822,-0.213436,-0.675805,4.460721,1,-0.017416,-0.556457,4.726686,-0.055249,-0.607169,4.706391,-0.124156,-0.610488,4.706580,-0.132575,-0.655404,4.655088,-0.116456,-0.677473,4.654214,-0.098310,-0.686279,4.677456,-0.070766,-0.681261,4.706608
61,2.541667,1,-0.243847,-0.555782,4.435793,-0.261413,-0.616312,4.455602,-0.255746,-0.615527,4.544779,-0.319223,-0.684803,4.509897,-0.298579,-0.705318,4.494045,-0.257284,-0.702877,4.483201,-0.218726,-0.676724,4.459986,1,-0.017653,-0.550615,4.723055,-0.057444,-0.601804,4.703327,-0.127566,-0.600418,4.693010,-0.133024,-0.651391,4.651355,-0.115985,-0.674168,4.651934,-0.099195,-0.681703,4.675621,-0.072727,-0.675486,4.705983
62,2.583333,1,-0.249249,-0.551490,4.441553,-0.267222,-0.613879,4.460113,-0.262730,-0.617667,4.543662,-0.327043,-0.680299,4.514270,-0.311555,-0.699135,4.498142,-0.274401,-0.699214,4.485322,-0.231655,-0.675975,4.462520,1,-0.023853,-0.541598,4.720356,-0.063746,-0.595564,4.701770,-0.130346,-0.593603,4.682032,-0.134353,-0.650008,4.654440,-0.118905,-0.671459,4.657044,-0.105272,-0.674994,4.677794,-0.081774,-0.665729,4.706791
63,2.625000,1,-0.253380,-0.548560,4.445177,-0.277064,-0.611488,4.466596,-0.274640,-0.624419,4.534793,-0.335216,-0.676147,4.521874,-0.327637,-0.691009,4.507067,-0.298178,-0.691546,4.493327,-0.255702,-0.671605,4.470815,1,-0.031328,-0.532786,4.714052,-0.075825,-0.589449,4.701344,-0.131590,-0.596022,4.677899,-0.136966,-0.651382,4.664780,-0.126778,-0.668167,4.668950,-0.118127,-0.665813,4.682699,-0.100038,-0.652682,4.706025
64,2.666667,1,-0.263546,-0.550819,4.447972,-0.289779,-0.612549,4.474090,-0.291180,-0.642420,4.514178,-0.338553,-0.678295,4.531184,-0.340434,-0.686861,4.520278,-0.321635,-0.683786,4.508335,-0.288711,-0.664078,4.486826,1,-0.044052,-0.531316,4.706373,-0.093738,-0.587216,4.701105,-0.132457,-0.611934,4.684619,-0.145503,-0.655224,4.681177,-0.142481,-0.665203,4.684193,-0.137879,-0.658121,4.688382,-0.125037,-0.642450,4.700798
65,2.708333,1,-0.280809,-0.565020,4.444349,-0.302709,-0.622935,4.480451,-0.307017,-0.673207,4.488753,-0.334356,-0.692676,4.539580,-0.344923,-0.694960,4.534201,-0.336655,-0.685355,4.526448,-0.320789,-0.662144,4.506706,1,-0.063752,-0.546248,4.694575,-0.113382,-0.596544,4.700124,-0.135565,-0.641544,4.701107,-0.163390,-0.665467,4.697895,-0.165984,-0.669892,4.696091,-0.161595,-0.661708,4.691761,-0.149621,-0.646110,4.690999
66,2.750000,1,-0.298451,-0.593582,4.437531,-0.314151,-0.647959,4.483028,-0.316029,-0.712326,4.472165,-0.327692,-0.721832,4.543743,-0.343556,-0.721016,4.542636,-0.342001,-0.705850,4.538837,-0.342107,-0.678823,4.520534,1,-0.078998,-0.574815,4.688687,-0.127777,-0.624538,4.699118,-0.141275,-0.681753,4.719101,-0.183244,-0.690542,4.706675,-0.188212,-0.692904,4.699113,-0.181330,-0.686236,4.690351,-0.165538,-0.672504,4.680717
67,2.791667,1,-0.318215,-0.634301,4.431190,-0.323061,-0.688141,4.480677,-0.319210,-0.752767,4.472476,-0.325430,-0.764477,4.541477,-0.341030,-0.764838,4.541196,-0.341033,-0.748034,4.538298,-0.348872,-0.719832,4.519937,1,-0.092071,-0.621409,4.694110,-0.131842,-0.670679,4.700479,-0.148536,-0.727390,4.730550,-0.190690,-0.733190,4.702286,-0.194266,-0.737402,4.692548,-0.185725,-0.732910,4.685126,-0.166062,-0.721656,4.677019
68,2.833333,1,-0.329149,-0.689846,4.439440,-0.327151,-0.738191,4.473663,-0.319928,-0.788575,4.487779,-0.326565,-0.815423,4.533649,-0.336213,-0.820231,4.529790,-0.335422,-0.806378,4.522921,-0.342345,-0.779516,4.501991,1,-0.096837,-0.679667,4.721544,-0.125013,-0.726864,4.706071,-0.155873,-0.773533,4.733165,-0.178281,-0.786347,4.686999,-0.176910,-0.795762,4.681191,-0.169403,-0.793579,4.681034,-0.150116,-0.784511,4.685485
69,2.875000,1,-0.334196,-0.747361,4.441443,-0.324750,-0.788800,4.463138,-0.316772,-0.817444,4.508483,-0.324145,-0.865805,4.523930,-0.325476,-0.876232,4.512482,-0.326074,-0.868257,4.497346,-0.328328,-0.843493,4.470863,1,-0.094918,-0.744882,4.749636,-0.110846,-0.782967,4.716521,-0.158054,-0.816702,4.729257,-0.151022,-0.841595,4.672992,-0.144178,-0.857081,4.675710,-0.139855,-0.856502,4.685448,-0.125339,-0.847457,4.706369
70,2.916667,1,-0.333032,-0.789563,4.429037,-0.317792,-0.830299,4.451518,-0.309194,-0.840069,4.523139,-0.317476,-0.906600,4.515237,-0.312562,-0.921617,4.495114,-0.315682,-0.919107,4.471453,-0.313341,-0.895578,4.438577,1,-0.084822,-0.796273,4.757052,-0.094987,-0.830249,4.730209,-0.147837,-0.850772,4.720569,-0.120279,-0.892889,4.672133,-0.111635,-0.911956,4.683623,-0.111215,-0.910945,4.700746,-0.103863,-0.898338,4.732968
71,2.958333,1,-0.322644,-0.813698,4.429112,-0.311164,-0.856906,4.440086,-0.302086,-0.857139,4.525681,-0.316231,-0.932629,4.505832,-0.308593,-0.950295,4.479842,-0.308213,-0.950678,4.451478,-0.300011,-0.927161,4.415052,1,-0.070143,-0.824984,4.776329,-0.082001,-0.862037,4.740906,-0.124916,-0.864998,4.704305,-0.096315,-0.931133,4.678931,-0.089932,-0.951039,4.696145,-0.092858,-0.948453,4.716609,-0.093556,-0.930755,4.753371
72,3.000000,1,-0.315035,-0.821119,4.413294,-0.308245,-0.867526,4.427742,-0.299200,-0.867885,4.517026,-0.326726,-0.942809,4.491868,-0.318332,-0.961523,4.464294,-0.306058,-0.962744,4.435737,-0.289169,-0.938736,4.399653,1,-0.057375,-0.835277,4.772941,-0.073289,-0.874984,4.742089,-0.098291,-0.855307,4.680309,-0.084470,-0.947101,4.678193,-0.080831,-0.967622,4.697950,-0.085387,-0.964607,4.720123,-0.092680,-0.943973,4.759308
73,3.041667,1,-0.304170,-0.813711,4.394715,-0.308636,-0.863499,4.414313,-0.299669,-0.869234,4.502950,-0.343734,-0.937897,4.473737,-0.334878,-0.956758,4.447488,-0.308453,-0.958390,4.422091,-0.282157,-0.934269,4.388005,1,-0.045087,-0.828169,4.761209,-0.067521,-0.870423,4.734542,-0.076031,-0.834728,4.656636,-0.082003,-0.942365,4.668244,-0.079989,-0.963508,4.688493,-0.084588,-0.960873,4.711986,-0.094867,-0.939704,4.752966
74,3.083333,1,-0.297734,-0.793591,4.384727,-0.310294,-0.847334,4.401443,-0.301664,-0.857708,4.489857,-0.359383,-0.919996,4.455259,-0.349630,-0.938808,4.431440,-0.312514,-0.941033,4.411794,-0.278800,-0.917649,4.379234,1,-0.037696,-0.807562,4.750815,-0.062646,-0.852743,4.723572,-0.057128,-0.821209,4.640198,-0.080045,-0.927317,4.659468,-0.081219,-0.946576,4.678532,-0.086592,-0.942426,4.701384,-0.097885,-0.920079,4.740443
75,3.125000,1,-0.295300,-0.763459,4.380769,-0.311115,-0.822778,4.389869,-0.303608,-0.833839,4.479953,-0.369464,-0.893584,4.438549,-0.357848,-0.912593,4.417592,-0.314278,-0.914723,4.405016,-0.276500,-0.892751,4.373334,1,-0.030489,-0.773604,4.737570,-0.057728,-0.826317,4.711156,-0.037939,-0.817301,4.629979,-0.073872,-0.908460,4.655923,-0.081269,-0.922638,4.672229,-0.089444,-0.914257,4.691409,-0.102408,-0.888579,4.723873
76,3.166667,1,-0.290641,-0.732026,4.370481,-0.309251,-0.794041,4.379265,-0.303446,-0.801851,4.472183,-0.371983,-0.863933,4.424395,-0.357495,-0.883411,4.406424,-0.310909,-0.884039,4.399682,-0.272662,-0.863645,4.368626,1,-0.024939,-0.734214,4.714727,-0.053039,-0.794682,4.696004,-0.019679,-0.812307,4.622309,-0.066829,-0.885372,4.652553,-0.080796,-0.893551,4.665027,-0.092014,-0.880233,4.678655,-0.106727,-0.850531,4.702824
77,3.208333,1,-0.283841,-0.701241,4.354853,-0.304340,-0.764378,4.370234,-0.300193,-0.766544,4.466139,-0.367526,-0.834339,4.414315,-0.349972,-0.854369,4.398684,-0.303082,-0.852610,4.395013,-0.266490,-0.833431,4.364461,1,-0.018754,-0.699431,4.685957,-0.048957,-0.761056,4.678480,-0.005232,-0.799169,4.616248,-0.062846,-0.857512,4.645594,-0.080918,-0.860907,4.653569,-0.093424,-0.843834,4.661327,-0.108378,-0.810981,4.678006
78,3.250000,1,-0.278118,-0.670557,4.341001,-0.297684,-0.735670,4.364740,-0.294905,-0.732166,4.462957,-0.359495,-0.806074,4.409828,-0.339403,-0.826563,4.395331,-0.293595,-0.822479,4.392866,-0.258441,-0.803656,4.362957,1,-0.012087,-0.665765,4.660932,-0.045372,-0.728206,4.662276,0.004966,-0.779246,4.613927,-0.061580,-0.827269,4.637570,-0.081137,-0.827589,4.640592,-0.093052,-0.808275,4.642764,-0.106805,-0.773321,4.652822
79,3.291667,1,-0.273101,-0.644335,4.341064,-0.290629,-0.708858,4.364870,-0.289096,-0.701397,4.464177,-0.351026,-0.779653,4.411825,-0.329104,-0.800463,4.397472,-0.284524,-0.794797,4.395528,-0.249425,-0.775251,4.366636,1,-0.007236,-0.637421,4.653040,-0.041887,-0.698135,4.652303,0.011708,-0.756539,4.618821,-0.060829,-0.797903,4.634553,-0.080432,-0.796597,4.632678,-0.090837,-0.776258,4.629711,-0.102601,-0.740144,4.633254
80,3.333333,1,-0.267624,-0.618757,4.351400,-0.283591,-0.684436,4.371282,-0.283187,-0.674508,4.470520,-0.342893,-0.755410,4.420312,-0.319894,-0.776487,4.405643,-0.276356,-0.770308,4.403498,-0.240425,-0.749223,4.375889,1,-0.004026,-0.612230,4.657576,-0.038360,-0.671852,4.651234,0.014799,-0.733706,4.631746,-0.059779,-0.771367,4.640410,-0.078901,-0.769531,4.634554,-0.087776,-0.749208,4.627460,-0.096914,-0.713078,4.624683
81,3.375000,1,-0.262279,-0.595757,4.361355,-0.276426,-0.662897,4.382626,-0.276692,-0.650668,4.481278,-0.334410,-0.733893,4.433731,-0.311118,-0.755189,4.418724,-0.268385,-0.749252,4.415540,-0.231931,-0.726502,4.388905,1,-0.000672,-0.587911,4.664797,-0.035039,-0.649272,4.657296,0.011768,-0.710036,4.646860,-0.059679,-0.747036,4.651443,-0.077631,-0.745682,4.643470,-0.084836,-0.726675,4.634656,-0.090689,-0.691939,4.627750
82,3.416667,1,-0.257551,-0.578432,4.378021,-0.268887,-0.644828,4.396257,-0.268932,-0.629943,4.494461,-0.325010,-0.715846,4.449250,-0.302064,-0.737251,4.434018,-0.259678,-0.731572,4.429566,-0.223708,-0.707704,4.402875,1,0.002923,-0.570266,4.679020,-0.031848,-0.629880,4.665520,-0.002058,-0.681238,4.656181,-0.062577,-0.721979,4.657579,-0.076848,-0.722971,4.649810,-0.080987,-0.707499,4.643508,-0.082340,-0.676482,4.638139
83,3.458333,1,-0.252125,-0.564145,4.389279,-0.260806,-0.630567,4.409674,-0.259435,-0.613353,4.507642,-0.314682,-0.701603,4.464389,-0.292461,-0.723058,4.448751,-0.250240,-0.717440,4.443145,-0.215526,-0.693159,4.415273,1,0.006729,-0.555535,4.689576,-0.028143,-0.613682,4.671675,-0.028462,-0.645714,4.659379,-0.069179,-0.694474,4.651948,-0.075348,-0.700656,4.645876,-0.074113,-0.691573,4.646718,-0.068677,-0.667709,4.650232
84,3.500000,1,-0.242667,-0.554283,4.400484,-0.252574,-0.620007,4.421455,-0.248690,-0.601987,4.518883,-0.304165,-0.690962,4.477835,-0.282819,-0.712494,4.461347,-0.241247,-0.707162,4.454237,-0.207961,-0.682881,4.424780,1,0.012579,-0.544524,4.698492,-0.023660,-0.601346,4.675165,-0.059171,-0.612047,4.662651,-0.076937,-0.668286,4.638668,-0.072163,-0.681239,4.634313,-0.064402,-0.679801,4.644348,-0.050660,-0.664998,4.660647
85,3.541667,1,-0.236038,-0.548404,4.409237,-0.245469,-0.612635,4.431029,-0.238643,-0.596734,4.527000,-0.295374,-0.683548,4.488603,-0.274786,-0.705084,4.471055,-0.234348,-0.700470,4.461906,-0.202119,-0.676177,4.431510,1,0.015667,-0.537854,4.704515,-0.019060,-0.593239,4.677779,-0.080393,-0.592671,4.669123,-0.081611,-0.650009,4.627675,-0.067686,-0.668118,4.624329,-0.054683,-0.672515,4.641815,-0.034067,-0.664709,4.668472
86,3.583333,1,-0.231430,-0.544820,4.416445,-0.240688,-0.607518,4.438544,-0.231473,-0.596913,4.532118,-0.290264,-0.678552,4.496286,-0.270176,-0.699907,4.477897,-0.230918,-0.696252,4.466609,-0.198762,-0.671806,4.436421,1,0.017221,-0.534194,4.708696,-0.015329,-0.588434,4.680369,-0.086894,-0.589303,4.676346,-0.081836,-0.641222,4.623175,-0.063210,-0.661121,4.620151,-0.047271,-0.668423,4.641852,-0.022801,-0.663617,4.673323
87,3.625000,1,-0.227781,-0.541644,4.424174,-0.237996,-0.603388,4.445138,-0.227795,-0.598759,4.536347,-0.288550,-0.674346,4.502472,-0.269199,-0.695496,4.483410,-0.231378,-0.693004,4.469996,-0.197941,-0.668701,4.440420,1,0.016326,-0.531150,4.711108,-0.013412,-0.585046,4.682394,-0.085095,-0.591615,4.680671,-0.080301,-0.637426,4.622302,-0.060388,-0.656731,4.619157,-0.042944,-0.665389,4.642908,-0.016559,-0.661032,4.675225
88,3.666667,1,-0.226291,-0.537613,4.432555,-0.236280,-0.599044,4.452313,-0.226667,-0.597368,4.542409,-0.288120,-0.668988,4.510043,-0.270640,-0.690181,4.490094,-0.235264,-0.689244,4.474299,-0.199402,-0.666137,4.444340,1,0.013915,-0.528034,4.712658,-0.014289,-0.581398,4.683642,-0.083893,-0.588226,4.680550,-0.080573,-0.633869,4.622362,-0.061016,-0.651998,4.619006,-0.042401,-0.661837,4.643689,-0.014514,-0.657321,4.675518
89,3.708333,1,-0.225587,-0.531797,4.441471,-0.235450,-0.593840,4.460683,-0.227233,-0.591219,4.550360,-0.288201,-0.661387,4.520274,-0.274118,-0.682693,4.499438,-0.242407,-0.683714,4.481297,-0.203520,-0.663300,4.449699,1,0.010114,-0.523748,4.714485,-0.018415,-0.576606,4.684631,-0.087171,-0.577130,4.677761,-0.083405,-0.629319,4.624213,-0.065713,-0.646249,4.620738,-0.046124,-0.656899,4.644739,-0.017205,-0.652166,4.675613
90,3.750000,1,-0.227300,-0.526315,4.446383,-0.236530,-0.587898,4.469827,-0.230093,-0.584509,4.555706,-0.289594,-0.652536,4.531217,-0.280252,-0.672885,4.510621,-0.252880,-0.675589,4.491614,-0.211715,-0.658690,4.459036,1,0.004136,-0.518425,4.712692,-0.025454,-0.570362,4.686443,-0.092630,-0.567862,4.676877,-0.085767,-0.625349,4.631037,-0.072363,-0.640348,4.627569,-0.053350,-0.649921,4.647973,-0.026079,-0.644180,4.676517
91,3.791667,1,-0.230364,-0.520144,4.452624,-0.239573,-0.582130,4.479329,-0.237590,-0.584693,4.551301,-0.291154,-0.645881,4.539178,-0.287755,-0.662201,4.521290,-0.265357,-0.664716,4.505159,-0.225486,-0.650212,4.475382,1,-0.004199,-0.509708,4.710739,-0.036087,-0.562347,4.691040,-0.095732,-0.569974,4.682403,-0.086395,-0.622681,4.647156,-0.079376,-0.634632,4.643748,-0.063843,-0.640256,4.657101,-0.042783,-0.632028,4.680288
92,3.833333,1,-0.235324,-0.516783,4.457133,-0.243231,-0.578554,4.488808,-0.251547,-0.596727,4.533580,-0.290014,-0.645205,4.541680,-0.293295,-0.653385,4.529039,-0.277317,-0.652790,4.520459,-0.244554,-0.638038,4.498820,1,-0.016203,-0.502614,4.704972,-0.052514,-0.553152,4.699575,-0.095211,-0.581784,4.696576,-0.090879,-0.619459,4.674668,-0.089753,-0.628018,4.670531,-0.078941,-0.628523,4.674526,-0.066358,-0.617414,4.688326
93,3.875000,1,-0.244497,-0.521190,4.458978,-0.247547,-0.580808,4.496373,-0.269183,-0.618904,4.509085,-0.286821,-0.651702,4.539649,-0.295875,-0.650224,4.532545,-0.287629,-0.645225,4.533159,-0.266075,-0.628716,4.521993,1,-0.031985,-0.505225,4.700688,-0.073991,-0.547774,4.709286,-0.094028,-0.597481,4.716942,-0.103796,-0.617311,4.706978,-0.105817,-0.623230,4.700566,-0.097778,-0.620342,4.695724,-0.091231,-0.607919,4.697881
94,3.916667,1,-0.252273,-0.533218,4.457779,-0.255399,-0.593478,4.498772,-0.283449,-0.646433,4.490157,-0.285715,-0.665340,4.537094,-0.298015,-0.657962,4.533353,-0.297371,-0.650326,4.539147,-0.287014,-0.633163,4.533971,1,-0.042672,-0.516767,4.696254,-0.094973,-0.555854,4.714701,-0.095432,-0.618908,4.734175,-0.122097,-0.625943,4.730099,-0.125475,-0.630298,4.720885,-0.117985,-0.626088,4.710676,-0.112926,-0.613677,4.702776
95,3.958333,1,-0.267347,-0.560062,4.450173,-0.268957,-0.619626,4.494544,-0.289878,-0.677990,4.482625,-0.288880,-0.688480,4.537486,-0.302190,-0.681813,4.534994,-0.307441,-0.674292,4.538901,-0.305815,-0.658117,4.530660,1,-0.059196,-0.544681,4.691388,-0.110311,-0.584568,4.713557,-0.099249,-0.652985,4.740117,-0.141559,-0.655045,4.735661,-0.146793,-0.658292,4.724656,-0.139557,-0.652813,4.713175,-0.132185,-0.639563,4.698677
96,4.000000,1,-0.283942,-0.602674,4.440030,-0.285145,-0.658396,4.486103,-0.290924,-0.714703,4.483468,-0.294766,-0.724340,4.539720,-0.307927,-0.722645,4.537533,-0.315574,-0.716288,4.534799,-0.318987,-0.700774,4.517577,1,-0.070973,-0.589736,4.693371,-0.118315,-0.632381,4.709859,-0.102838,-0.699973,4.738000,-0.157265,-0.704545,4.727980,-0.165061,-0.706763,4.716859,-0.159033,-0.699076,4.706735,-0.147968,-0.683512,4.689254
97,4.041667,1,-0.302275,-0.653185,4.427936,-0.296963,-0.705255,4.477107,-0.290916,-0.754676,4.488768,-0.298189,-0.772227,4.539217,-0.310317,-0.775692,4.535982,-0.316520,-0.769703,4.526006,-0.321218,-0.752604,4.501104,1,-0.081002,-0.645083,4.699594,-0.119080,-0.690859,4.709630,-0.107073,-0.750039,4.735532,-0.160896,-0.765223,4.715050,-0.170065,-0.767617,4.706425,-0.166768,-0.757945,4.699677,-0.154824,-0.740101,4.685200
98,4.083333,1,-0.312383,-0.708486,4.441836,-0.300696,-0.754078,4.467915,-0.289832,-0.791559,4.498029,-0.294449,-0.825217,4.533408,-0.304759,-0.833158,4.525769,-0.308365,-0.827164,4.508793,-0.312968,-0.806735,4.479718,1,-0.084703,-0.705734,4.734727,-0.113815,-0.750022,4.714583,-0.116858,-0.792795,4.731793,-0.148896,-0.825501,4.699448,-0.157009,-0.830775,4.697218,-0.158282,-0.820671,4.696786,-0.151393,-0.801156,4.693915
99,4.125000,1,-0.315265,-0.758701,4.432550,-0.299488,-0.797987,4.456510,-0.286798,-0.819874,4.509310,-0.287608,-0.872472,4.523249,-0.295505,-0.885431,4.507491,-0.296774,-0.880502,4.483134,-0.301341,-0.857340,4.450796,1,-0.080009,-0.763797,4.745934,-0.105141,-0.801333,4.721897,-0.130567,-0.825573,4.721522,-0.127565,-0.877055,4.683257,-0.133790,-0.887205,4.690483,-0.141121,-0.877771,4.698651,-0.143529,-0.855802,4.712273
100,4.166667,1,-0.316224,-0.790057,4.425303,-0.298896,-0.830252,4.443017,-0.285252,-0.840287,4.515389,-0.288747,-0.905822,4.509461,-0.293272,-0.923471,4.485716,-0.289523,-0.920086,4.456143,-0.291692,-0.895634,4.421537,1,-0.071810,-0.802956,4.757339,-0.095923,-0.838662,4.728458,-0.136900,-0.849614,4.705423,-0.106416,-0.915480,4.672333,-0.112392,-0.929840,4.688490,-0.126056,-0.920793,4.704382,-0.137279,-0.894822,4.731115
101,4.208333,1,-0.312860,-0.801792,4.411459,-0.301888,-0.846980,4.429341,-0.289036,-0.855407,4.510942,-0.305073,-0.923098,4.491270,-0.304042,-0.942946,4.464117,-0.290170,-0.940149,4.434756,-0.284153,-0.914683,4.401629,1,-0.063814,-0.819614,4.754560,-0.088247,-0.858798,4.732592,-0.128258,-0.862356,4.686573,-0.091493,-0.937954,4.669106,-0.099003,-0.954192,4.690600,-0.117456,-0.944863,4.711048,-0.134534,-0.914590,4.743845
102,4.250000,1,-0.307400,-0.799633,4.404730,-0.307819,-0.847980,4.416700,-0.297483,-0.863201,4.498946,-0.332499,-0.924851,4.469774,-0.323350,-0.944116,4.444453,-0.297141,-0.941247,4.420261,-0.277886,-0.914548,4.392611,1,-0.057374,-0.818283,4.755615,-0.083385,-0.861609,4.733570,-0.110000,-0.859121,4.666990,-0.085550,-0.942681,4.669637,-0.094522,-0.959182,4.692779,-0.114272,-0.949654,4.715002,-0.133851,-0.916822,4.749497
103,4.291667,1,-0.300344,-0.784018,4.400760,-0.313899,-0.835298,4.405806,-0.306893,-0.858768,4.486504,-0.358839,-0.912091,4.449254,-0.341756,-0.929418,4.428652,-0.306587,-0.926981,4.411131,-0.273860,-0.899879,4.389920,1,-0.054369,-0.801735,4.753774,-0.081467,-0.849594,4.730796,-0.095782,-0.839747,4.651391,-0.090055,-0.929578,4.668567,-0.098011,-0.946807,4.691216,-0.114121,-0.938285,4.713870,-0.131108,-0.906457,4.749177
104,4.333333,1,-0.294331,-0.758273,4.405920,-0.317459,-0.812479,4.397388,-0.313648,-0.840345,4.478291,-0.374826,-0.887823,4.434300,-0.353564,-0.903171,4.418489,-0.315790,-0.901954,4.406003,-0.272845,-0.876388,4.388790,1,-0.052607,-0.775630,4.753003,-0.081675,-0.826762,4.723382,-0.094923,-0.810267,4.644947,-0.103508,-0.901998,4.663743,-0.107106,-0.921340,4.684330,-0.115401,-0.915266,4.706416,-0.124195,-0.887827,4.741899
105,4.375000,1,-0.288931,-0.726383,4.395811,-0.317134,-0.784038,4.391976,-0.315394,-0.810781,4.475234,-0.379315,-0.857245,4.427345,-0.357992,-0.871295,4.414588,-0.322434,-0.871386,4.404423,-0.272991,-0.848914,4.387515,1,-0.054865,-0.741489,4.730921,-0.082990,-0.797621,4.711569,-0.100571,-0.782291,4.648717,-0.118325,-0.868940,4.658875,-0.117633,-0.889338,4.674901,-0.118367,-0.885080,4.694084,-0.117939,-0.861978,4.725638
106,4.416667,1,-0.283000,-0.695736,4.393181,-0.312804,-0.753793,4.389475,-0.311936,-0.774683,4.476273,-0.375382,-0.825243,4.427537,-0.355481,-0.839077,4.415902,-0.322694,-0.839638,4.406062,-0.270697,-0.819831,4.387124,1,-0.052415,-0.707991,4.716209,-0.084564,-0.766206,4.697576,-0.096947,-0.766672,4.658344,-0.125165,-0.840426,4.658983,-0.125571,-0.857282,4.668014,-0.124057,-0.851328,4.680963,-0.119328,-0.828716,4.701599
107,4.458333,1,-0.277746,-0.663499,4.381839,-0.305601,-0.723480,4.389308,-0.305581,-0.736431,4.479669,-0.366548,-0.794321,4.431602,-0.346986,-0.808897,4.420004,-0.314382,-0.808710,4.409950,-0.264060,-0.789305,4.388951,1,-0.051351,-0.676837,4.690039,-0.085986,-0.734951,4.684260,-0.082304,-0.760636,4.663423,-0.123056,-0.818026,4.661703,-0.130306,-0.827372,4.664729,-0.132119,-0.816387,4.670407,-0.128850,-0.790393,4.676957
108,4.500000,1,-0.272849,-0.631936,4.374218,-0.297722,-0.693201,4.391704,-0.299087,-0.699719,4.484408,-0.356435,-0.764537,4.437326,-0.335598,-0.780268,4.425424,-0.301505,-0.778713,4.415275,-0.255093,-0.757603,4.393466,1,-0.050039,-0.647342,4.668701,-0.087274,-0.704698,4.674609,-0.071779,-0.749844,4.655767,-0.119026,-0.795740,4.661005,-0.133548,-0.798287,4.662945,-0.140157,-0.782236,4.664450,-0.140637,-0.751807,4.661477
109,4.541667,1,-0.268717,-0.599889,4.378792,-0.291324,-0.662833,4.397842,-0.293590,-0.666564,4.491178,-0.348584,-0.734867,4.445022,-0.326038,-0.751760,4.432716,-0.291981,-0.749312,4.422004,-0.248039,-0.726303,4.400365,1,-0.051206,-0.618316,4.660412,-0.088493,-0.675733,4.671274,-0.075742,-0.726401,4.641278,-0.117892,-0.769864,4.657653,-0.136024,-0.769253,4.662795,-0.145702,-0.750513,4.664204,-0.149483,-0.716532,4.658584
110,4.583333,1,-0.266740,-0.568424,4.395694,-0.287482,-0.632992,4.407876,-0.289421,-0.637158,4.500699,-0.345114,-0.704988,4.455026,-0.321522,-0.722895,4.442488,-0.290342,-0.720539,4.430313,-0.245762,-0.697225,4.408927,1,-0.056569,-0.589060,4.667666,-0.089550,-0.648536,4.674468,-0.089261,-0.695204,4.633276,-0.119198,-0.742075,4.656675,-0.137838,-0.740923,4.665335,-0.148367,-0.721798,4.668343,-0.153774,-0.685611,4.663181
111,4.625000,1,-0.263354,-0.537805,4.412657,-0.286409,-0.605265,4.419952,-0.287380,-0.612067,4.511424,-0.346312,-0.676093,4.465842,-0.322459,-0.694658,4.453781,-0.295488,-0.693137,4.439931,-0.248839,-0.671639,4.418589,1,-0.055641,-0.562381,4.678200,-0.090699,-0.623945,4.681397,-0.102491,-0.665188,4.637412,-0.122173,-0.715245,4.659497,-0.140092,-0.714252,4.669363,-0.149350,-0.696263,4.673568,-0.153442,-0.659724,4.668561
112,4.666667,1,-0.259768,-0.512547,4.428350,-0.288052,-0.582020,4.432111,-0.287460,-0.592791,4.521081,-0.351544,-0.649948,4.476350,-0.328705,-0.668643,4.465467,-0.305033,-0.668598,4.450695,-0.257778,-0.650762,4.429493,1,-0.055476,-0.539832,4.691639,-0.093262,-0.603008,4.688635,-0.111608,-0.642712,4.652506,-0.129153,-0.690451,4.665370,-0.145216,-0.689736,4.673329,-0.150559,-0.674223,4.677372,-0.148863,-0.640458,4.671139
113,4.708333,1,-0.258535,-0.495400,4.441783,-0.291728,-0.566066,4.444009,-0.287775,-0.579695,4.529900,-0.359194,-0.628354,4.488008,-0.340144,-0.646698,4.478113,-0.317968,-0.649101,4.463139,-0.273071,-0.636330,4.441957,1,-0.058022,-0.524863,4.707337,-0.098849,-0.587321,4.695128,-0.119442,-0.630602,4.677676,-0.143690,-0.667694,4.675502,-0.156028,-0.667581,4.678489,-0.154981,-0.655930,4.680612,-0.142980,-0.629134,4.671759
114,4.750000,1,-0.261546,-0.490943,4.448172,-0.295451,-0.560092,4.455498,-0.286585,-0.572745,4.539178,-0.365399,-0.614906,4.501854,-0.353079,-0.632419,4.492136,-0.331396,-0.637958,4.476911,-0.290867,-0.630503,4.454969,1,-0.061721,-0.522684,4.718375,-0.106971,-0.579852,4.702676,-0.129062,-0.628603,4.708771,-0.164035,-0.649815,4.690344,-0.171725,-0.650446,4.687309,-0.164320,-0.643220,4.686643,-0.141496,-0.625904,4.675331
115,4.791667,1,-0.270094,-0.501048,4.447003,-0.296089,-0.565474,4.464847,-0.283408,-0.574071,4.547610,-0.363720,-0.615624,4.515241,-0.358377,-0.631870,4.505014,-0.337272,-0.639511,4.488873,-0.301366,-0.635120,4.465128,1,-0.070305,-0.535472,4.725107,-0.113090,-0.584464,4.712358,-0.139236,-0.634307,4.733895,-0.179005,-0.644478,4.703237,-0.182497,-0.646198,4.696740,-0.172038,-0.642527,4.695402,-0.143858,-0.632742,4.685792
116,4.833333,1,-0.275810,-0.521295,4.447213,-0.290839,-0.580833,4.470059,-0.277219,-0.585812,4.552432,-0.348699,-0.633799,4.524683,-0.347365,-0.649055,4.512938,-0.327103,-0.655935,4.494687,-0.295541,-0.649930,4.468001,1,-0.074041,-0.557967,4.734893,-0.111063,-0.602363,4.721911,-0.147297,-0.643958,4.742191,-0.176348,-0.657055,4.703359,-0.175188,-0.661930,4.698130,-0.165438,-0.660754,4.701358,-0.138958,-0.654005,4.701464
117,4.875000,1,-0.278686,-0.545366,4.448440,-0.280097,-0.601660,4.471184,-0.267428,-0.605057,4.553454,-0.323144,-0.663507,4.529798,-0.322034,-0.679025,4.514674,-0.302247,-0.682637,4.493224,-0.274383,-0.670847,4.462883,1,-0.069289,-0.585151,4.750480,-0.099624,-0.628421,4.728909,-0.151664,-0.654612,4.736204,-0.156647,-0.682388,4.690145,-0.150015,-0.693055,4.689941,-0.142359,-0.693962,4.701739,-0.120572,-0.687372,4.717324
118,4.916667,1,-0.278625,-0.569528,4.446987,-0.268426,-0.622218,4.469752,-0.257176,-0.624739,4.552810,-0.299236,-0.692712,4.531506,-0.296104,-0.709689,4.511587,-0.275790,-0.709859,4.487469,-0.249246,-0.691558,4.454486,1,-0.058969,-0.611513,4.762882,-0.083577,-0.653733,4.733748,-0.150476,-0.666029,4.728022,-0.131708,-0.709641,4.676182,-0.121292,-0.726086,4.682216,-0.115234,-0.727989,4.701317,-0.097197,-0.720583,4.730243
119,4.958333,1,-0.272957,-0.585414,4.448645,-0.260666,-0.638385,4.466711,-0.251511,-0.638995,4.551886,-0.288165,-0.713159,4.529280,-0.282341,-0.731799,4.505346,-0.260481,-0.730102,4.480978,-0.231259,-0.707561,4.447896,1,-0.046847,-0.626317,4.771432,-0.068145,-0.671911,4.737107,-0.142777,-0.677859,4.723865,-0.110644,-0.731664,4.670857,-0.100042,-0.751123,4.682391,-0.095195,-0.751879,4.704301,-0.079919,-0.742541,4.739412
120,5.000000,1,-0.263996,-0.594164,4.443579,-0.257819,-0.648566,4.462346,-0.251977,-0.645118,4.551025,-0.290953,-0.723408,4.523168,-0.282104,-0.743341,4.497837,-0.258358,-0.741427,4.475562,-0.222902,-0.717572,4.444509,1,-0.035017,-0.631767,4.769299,-0.055846,-0.681114,4.738023,-0.130226,-0.687408,4.720295,-0.095075,-0.745990,4.672294,-0.087417,-0.765262,4.687585,-0.084381,-0.763187,4.708780,-0.072931,-0.750195,4.743678
121,5.041667,1,-0.254336,-0.595820,4.435591,-0.257639,-0.653009,4.457379,-0.255198,-0.643688,4.550309,-0.300450,-0.725404,4.515683,-0.288481,-0.746391,4.491430,-0.263702,-0.745206,4.471732,-0.220566,-0.722268,4.443364,1,-0.025457,-0.628662,4.758076,-0.047635,-0.682473,4.736395,-0.115573,-0.692786,4.713238,-0.084080,-0.753357,4.676983,-0.081412,-0.769804,4.694007,-0.081476,-0.764076,4.712848,-0.075944,-0.745480,4.743118
122,5.083333,1,-0.245872,-0.592165,4.432377,-0.257834,-0.653230,4.452853,-0.257124,-0.638573,4.549281,-0.309377,-0.722256,4.509507,-0.295096,-0.744157,4.487420,-0.270752,-0.743967,4.469365,-0.220923,-0.723293,4.443352,1,-0.017265,-0.620652,4.747873,-0.043599,-0.678467,4.733705,-0.101878,-0.694645,4.703450,-0.077785,-0.756021,4.684716,-0.080632,-0.767911,4.701921,-0.084435,-0.758226,4.717726,-0.085081,-0.732923,4.740554
123,5.125000,1,-0.240402,-0.590477,4.427946,-0.257865,-0.651191,4.449328,-0.257193,-0.634124,4.547463,-0.315392,-0.717082,4.505152,-0.300154,-0.739585,4.485130,-0.276764,-0.740309,4.467876,-0.222947,-0.722442,4.443550,1,-0.014388,-0.611894,4.734107,-0.042472,-0.671510,4.730180,-0.093498,-0.692895,4.694434,-0.077069,-0.754193,4.692779,-0.083230,-0.761839,4.709645,-0.088973,-0.749316,4.722735,-0.092415,-0.718952,4.738649
124,5.166667,1,-0.237819,-0.588338,4.425095,-0.258402,-0.648211,4.446837,-0.257401,-0.632303,4.545067,-0.320061,-0.711620,4.501742,-0.304912,-0.734260,4.483294,-0.281601,-0.735902,4.466603,-0.226558,-0.720784,4.443364,1,-0.016300,-0.603273,4.721196,-0.042756,-0.662918,4.724136,-0.094599,-0.684579,4.688140,-0.082502,-0.745722,4.694568,-0.087213,-0.752046,4.711417,-0.090796,-0.739750,4.723502,-0.091569,-0.708865,4.737216
125,5.208333,1,-0.235897,-0.585991,4.428189,-0.260082,-0.644676,4.445334,-0.259051,-0.632629,4.542589,-0.325290,-0.706009,4.498838,-0.310913,-0.728278,4.481562,-0.286403,-0.731214,4.465309,-0.231792,-0.718504,4.442665,1,-0.019576,-0.593300,4.712870,-0.045118,-0.652600,4.713659,-0.105600,-0.666213,4.682141,-0.094137,-0.729126,4.684443,-0.092654,-0.738375,4.700945,-0.090427,-0.729895,4.714355,-0.084336,-0.703443,4.731576
126,5.250000,1,-0.234542,-0.582241,4.430853,-0.263235,-0.640611,4.444988,-0.261743,-0.634017,4.540234,-0.331632,-0.699851,4.497051,-0.318891,-0.721211,4.480476,-0.292620,-0.725983,4.464266,-0.239257,-0.715410,4.441429,1,-0.024399,-0.581730,4.705288,-0.051827,-0.640183,4.698430,-0.122825,-0.638517,4.673143,-0.110935,-0.706258,4.662443,-0.101381,-0.721297,4.676067,-0.092415,-0.718741,4.692143,-0.078284,-0.699652,4.715487
127,5.291667,1,-0.236206,-0.578301,4.427759,-0.268256,-0.636476,4.446594,-0.264599,-0.636981,4.537815,-0.338739,-0.693473,4.497839,-0.328882,-0.713430,4.481079,-0.301728,-0.720032,4.464523,-0.250354,-0.711427,4.440603,1,-0.032813,-0.570186,4.693778,-0.063720,-0.626969,4.681906,-0.140561,-0.611072,4.663844,-0.130288,-0.683601,4.637958,-0.114626,-0.703142,4.644732,-0.100507,-0.705786,4.662341,-0.079433,-0.693998,4.689802
128,5.333333,1,-0.241765,-0.572099,4.433349,-0.275377,-0.633808,4.451689,-0.267965,-0.643645,4.534979,-0.345481,-0.688816,4.503232,-0.340080,-0.706792,4.485159,-0.314268,-0.714240,4.468642,-0.266455,-0.707051,4.443705,1,-0.045004,-0.558613,4.688278,-0.080024,-0.616434,4.670013,-0.152329,-0.599836,4.660612,-0.149597,-0.669716,4.624773,-0.132891,-0.688328,4.622121,-0.116565,-0.692614,4.637573,-0.090766,-0.685028,4.663095
129,5.375000,1,-0.248254,-0.571731,4.444860,-0.284538,-0.635317,4.460947,-0.274664,-0.655836,4.530923,-0.350567,-0.689720,4.513466,-0.351319,-0.704576,4.493578,-0.329169,-0.711227,4.478947,-0.287684,-0.703916,4.454814,1,-0.057224,-0.553385,4.692664,-0.099978,-0.613272,4.666197,-0.154871,-0.614811,4.665031,-0.168317,-0.669971,4.628576,-0.156304,-0.682355,4.617617,-0.140829,-0.684151,4.627027,-0.113301,-0.675943,4.643423
130,5.416667,1,-0.262845,-0.581044,4.453279,-0.296517,-0.644349,4.471487,-0.288364,-0.674621,4.524002,-0.355588,-0.700707,4.523546,-0.363019,-0.711094,4.502802,-0.345460,-0.715337,4.492393,-0.312629,-0.705653,4.471615,1,-0.078098,-0.563751,4.692843,-0.121591,-0.622308,4.669594,-0.153558,-0.649831,4.672619,-0.186224,-0.684995,4.642705,-0.181589,-0.690633,4.627962,-0.168816,-0.688281,4.630756,-0.142901,-0.675982,4.635561
131,5.458333,1,-0.284613,-0.602085,4.453672,-0.312297,-0.663965,4.477960,-0.308159,-0.700481,4.513985,-0.363696,-0.724793,4.526762,-0.375659,-0.730750,4.507537,-0.362284,-0.731594,4.500923,-0.338277,-0.717811,4.483581,1,-0.101213,-0.590230,4.692430,-0.140077,-0.646667,4.677382,-0.158911,-0.688220,4.677994,-0.199227,-0.713072,4.654286,-0.199796,-0.716501,4.641484,-0.190363,-0.711564,4.642039,-0.169167,-0.695349,4.642052
132,5.500000,1,-0.307877,-0.634700,4.451917,-0.328413,-0.695463,4.478173,-0.326081,-0.732510,4.505335,-0.370238,-0.762741,4.523112,-0.382709,-0.766277,4.507442,-0.372963,-0.763465,4.500508,-0.356946,-0.744747,4.483007,1,-0.116749,-0.630477,4.700464,-0.150542,-0.685711,4.687796,-0.175235,-0.720537,4.681179,-0.201578,-0.751803,4.655280,-0.202637,-0.758693,4.649049,-0.196560,-0.753890,4.653870,-0.182013,-0.736620,4.661374
133,5.541667,1,-0.330529,-0.680864,4.450751,-0.337073,-0.736540,4.473973,-0.332768,-0.768394,4.504934,-0.363811,-0.811504,4.517793,-0.373409,-0.815587,4.504445,-0.366574,-0.809617,4.492934,-0.357263,-0.785988,4.471490,1,-0.123087,-0.683208,4.720694,-0.151889,-0.734544,4.700835,-0.195814,-0.752342,4.688913,-0.194018,-0.798141,4.651097,-0.191692,-0.810968,4.652661,-0.187309,-0.807777,4.664731,-0.177809,-0.792258,4.686944
134,5.583333,1,-0.345044,-0.734969,4.460028,-0.335526,-0.780583,4.466586,-0.326943,-0.804543,4.513313,-0.343319,-0.862174,4.512338,-0.349297,-0.869388,4.497204,-0.344036,-0.861581,4.479626,-0.338067,-0.834558,4.453317,1,-0.123838,-0.741508,4.752480,-0.146493,-0.785490,4.715782,-0.209817,-0.791913,4.704870,-0.183230,-0.848184,4.653375,-0.175391,-0.865343,4.660206,-0.169143,-0.863324,4.677305,-0.159475,-0.849899,4.711555
135,5.625000,1,-0.353709,-0.776522,4.448635,-0.329651,-0.818951,4.456664,-0.317604,-0.835559,4.522467,-0.322343,-0.903875,4.505499,-0.326680,-0.915189,4.486068,-0.321410,-0.907142,4.463472,-0.314220,-0.879011,4.433329,1,-0.117537,-0.791313,4.764537,-0.137028,-0.830421,4.729224,-0.211655,-0.836185,4.721709,-0.171913,-0.896019,4.664143,-0.158087,-0.914584,4.673325,-0.148524,-0.912411,4.692324,-0.135275,-0.898740,4.732106
136,5.666667,1,-0.352886,-0.801457,4.433086,-0.325797,-0.845336,4.446081,-0.313538,-0.856195,4.525699,-0.314562,-0.930170,4.498301,-0.318911,-0.944959,4.475364,-0.311371,-0.938026,4.449764,-0.299305,-0.910289,4.417221,1,-0.109526,-0.821912,4.764235,-0.125498,-0.862607,4.736594,-0.202593,-0.873390,4.728636,-0.156632,-0.933022,4.673743,-0.139139,-0.951460,4.684778,-0.130741,-0.948333,4.705156,-0.116370,-0.932040,4.746395
137,5.708333,1,-0.343790,-0.810972,4.422750,-0.325312,-0.857519,4.435427,-0.315279,-0.865188,4.521925,-0.323643,-0.940298,4.490293,-0.326015,-0.957287,4.465671,-0.313040,-0.952221,4.439418,-0.293421,-0.925060,4.406654,1,-0.100982,-0.835166,4.761230,-0.114345,-0.878155,4.735643,-0.186013,-0.894077,4.721443,-0.136258,-0.951992,4.673292,-0.120503,-0.970327,4.687549,-0.120692,-0.966248,4.710240,-0.110562,-0.946939,4.751123
138,5.750000,1,-0.331811,-0.807001,4.409879,-0.326737,-0.855594,4.423607,-0.319453,-0.863600,4.512702,-0.343895,-0.935835,4.478290,-0.340208,-0.953692,4.453669,-0.319913,-0.950457,4.429344,-0.290972,-0.923495,4.399134,1,-0.094380,-0.831721,4.752373,-0.106173,-0.876628,4.728216,-0.163754,-0.895715,4.702205,-0.117087,-0.952440,4.664342,-0.108331,-0.970674,4.682842,-0.119696,-0.965459,4.707513,-0.117165,-0.943654,4.746590
139,5.791667,1,-0.318582,-0.789998,4.398033,-0.328291,-0.840586,4.410926,-0.323799,-0.851000,4.501246,-0.364969,-0.918279,4.462560,-0.353853,-0.935960,4.439851,-0.327784,-0.934129,4.419075,-0.289396,-0.907813,4.392878,1,-0.087233,-0.812491,4.737048,-0.101961,-0.859949,4.717899,-0.137436,-0.881213,4.676384,-0.107443,-0.938603,4.655018,-0.106893,-0.955644,4.676334,-0.124149,-0.948487,4.700458,-0.128964,-0.924235,4.736064
140,5.833333,1,-0.308154,-0.759953,4.388708,-0.328454,-0.814718,4.399066,-0.326830,-0.827053,4.490446,-0.378680,-0.889799,4.447293,-0.362750,-0.906706,4.428035,-0.334549,-0.905884,4.410657,-0.288549,-0.881611,4.387797,1,-0.080354,-0.779422,4.719087,-0.100263,-0.831070,4.706511,-0.111925,-0.856402,4.652465,-0.108374,-0.913860,4.650147,-0.113573,-0.928034,4.670331,-0.129390,-0.918340,4.690470,-0.138753,-0.891769,4.720541
141,5.875000,1,-0.298836,-0.724085,4.391817,-0.326397,-0.781204,4.388183,-0.327607,-0.793627,4.480370,-0.383022,-0.853928,4.434666,-0.365458,-0.869837,4.419129,-0.337538,-0.869590,4.404158,-0.287300,-0.848325,4.382830,1,-0.075074,-0.735584,4.710145,-0.098597,-0.793530,4.693978,-0.093805,-0.826639,4.637359,-0.113127,-0.880083,4.648775,-0.121570,-0.889976,4.663964,-0.133059,-0.877840,4.677475,-0.143378,-0.849947,4.699986
142,5.916667,1,-0.291399,-0.687351,4.380195,-0.322069,-0.742397,4.377443,-0.326023,-0.752934,4.469963,-0.379133,-0.813752,4.424239,-0.361019,-0.828553,4.411762,-0.333480,-0.828180,4.398362,-0.283520,-0.809632,4.376483,1,-0.069902,-0.691773,4.684066,-0.096165,-0.750343,4.680939,-0.086991,-0.792901,4.630951,-0.116968,-0.838622,4.648339,-0.127570,-0.843716,4.657753,-0.135692,-0.829847,4.664170,-0.143912,-0.802173,4.678725
143,5.958333,1,-0.289680,-0.646279,4.354764,-0.315541,-0.697969,4.369164,-0.321532,-0.705180,4.461154,-0.366948,-0.769234,4.418446,-0.348181,-0.782636,4.408190,-0.320832,-0.781415,4.395363,-0.276152,-0.764379,4.371175,1,-0.066233,-0.646506,4.653997,-0.095322,-0.702055,4.670518,-0.090745,-0.752457,4.631341,-0.122535,-0.789376,4.649236,-0.133989,-0.790712,4.654633,-0.139579,-0.776550,4.655949,-0.143710,-0.750428,4.663887
144,6.000000,1,-0.293103,-0.597241,4.334684,-0.306548,-0.645205,4.368842,-0.313668,-0.649040,4.458543,-0.345590,-0.716977,4.422844,-0.326699,-0.728565,4.414042,-0.300960,-0.726217,4.400107,-0.265231,-0.708890,4.373124,1,-0.067177,-0.600695,4.629578,-0.099202,-0.646820,4.667397,-0.099545,-0.703147,4.640996,-0.133626,-0.731142,4.656013,-0.143944,-0.730925,4.658330,-0.146656,-0.718003,4.656735,-0.146208,-0.694110,4.658932
145,6.041667,1,-0.295836,-0.535625,4.352293,-0.295016,-0.581291,4.378845,-0.304781,-0.584549,4.463060,-0.316019,-0.653004,4.438386,-0.298183,-0.662315,4.430761,-0.276242,-0.658468,4.414528,-0.250547,-0.638555,4.386209,1,-0.068207,-0.543995,4.650717,-0.106973,-0.583200,4.674454,-0.108199,-0.643870,4.660861,-0.149240,-0.662820,4.672063,-0.157537,-0.662836,4.671127,-0.157267,-0.651650,4.667192,-0.153254,-0.630107,4.664198
146,6.083333,1,-0.300940,-0.460653,4.366591,-0.281123,-0.505360,4.394569,-0.298087,-0.514444,4.468062,-0.280629,-0.575043,4.457286,-0.264623,-0.581212,4.451603,-0.247837,-0.574474,4.434338,-0.232189,-0.549984,4.407989,1,-0.073091,-0.477179,4.670405,-0.113463,-0.511354,4.689281,-0.115646,-0.572666,4.685636,-0.164947,-0.583437,4.694301,-0.172140,-0.584138,4.690763,-0.169738,-0.574245,4.684633,-0.163309,-0.555057,4.678255
147,6.125000,1,-0.302458,-0.381948,4.386724,-0.264034,-0.418797,4.408005,-0.291078,-0.439832,4.465102,-0.241123,-0.481663,4.469442,-0.227432,-0.483529,4.466798,-0.216697,-0.472514,4.451543,-0.211565,-0.443895,4.430493,1,-0.074441,-0.410392,4.690902,-0.113831,-0.430930,4.704429,-0.120213,-0.486696,4.707576,-0.176164,-0.491489,4.714769,-0.183543,-0.492723,4.710102,-0.179869,-0.483835,4.702693,-0.170573,-0.467345,4.694676
148,6.166667,1,-0.294019,-0.298714,4.385800,-0.241565,-0.325224,4.412184,-0.275652,-0.355146,4.453439,-0.199717,-0.372152,4.469698,-0.189406,-0.369492,4.469339,-0.185381,-0.355038,4.457502,-0.189709,-0.326892,4.441717,1,-0.061219,-0.331228,4.705760,-0.104657,-0.341222,4.712289,-0.117200,-0.383845,4.716681,-0.178155,-0.386011,4.724410,-0.185883,-0.387513,4.720976,-0.180585,-0.379810,4.714474,-0.166420,-0.366572,4.706710
149,6.208333,1,-0.273728,-0.206216,4.384511,-0.212073,-0.230883,4.402636,-0.245880,-0.254326,4.439110,-0.160848,-0.250942,4.456954,-0.155414,-0.245440,4.455297,-0.157098,-0.230778,4.444909,-0.166025,-0.209452,4.430053,1,-0.044187,-0.236280,4.708880,-0.081732,-0.245133,4.709709,-0.101533,-0.267859,4.702433,-0.164282,-0.270456,4.716708,-0.171445,-0.271103,4.718013,-0.163523,-0.264660,4.715783,-0.143279,-0.254610,4.712996
150,6.250000,1,-0.239527,-0.124046,4.360058,-0.176668,-0.143304,4.379360,-0.201369,-0.144781,4.423312,-0.127719,-0.130497,4.431411,-0.128459,-0.124769,4.424998,-0.133256,-0.113345,4.413174,-0.140949,-0.101911,4.394732,1,0.006529,-0.133681,4.688521,-0.041573,-0.151483,4.697780,-0.067858,-0.154050,4.666558,-0.127108,-0.156843,4.692375,-0.132962,-0.154883,4.700276,-0.122578,-0.149522,4.704026,-0.098320,-0.141605,4.710953
151,6.291667,1,-0.197832,-0.061493,4.336740,-0.139306,-0.068461,4.348437,-0.148013,-0.046175,4.401372,-0.098759,-0.025862,4.396851,-0.106466,-0.021306,4.385829,-0.112520,-0.014705,4.371866,-0.116964,-0.011772,4.349282,1,0.064110,-0.055760,4.671191,0.016329,-0.071836,4.679358,-0.011529,-0.063012,4.625694,-0.061345,-0.063547,4.659300,-0.066126,-0.058322,4.671816,-0.055170,-0.053800,4.679553,-0.032124,-0.046388,4.695495
152,6.333333,1,-0.157713,-0.021955,4.316629,-0.104458,-0.009388,4.318879,-0.098788,0.027594,4.374252,-0.071721,0.053960,4.362062,-0.085989,0.057838,4.349225,-0.092887,0.060150,4.334239,-0.095615,0.057357,4.309952,1,0.134036,-0.009059,4.670966,0.089612,-0.013371,4.658648,0.065834,-0.003804,4.595430,0.031966,-0.002168,4.628411,0.027935,0.004828,4.642400,0.037167,0.008632,4.651107,0.054012,0.016450,4.670852
153,6.375000,1,-0.116594,0.007953,4.290407,-0.075051,0.033231,4.296893,-0.064642,0.076212,4.349418,-0.048982,0.108237,4.335623,-0.067154,0.112375,4.323196,-0.074327,0.111916,4.308180,-0.076724,0.105420,4.284287,1,0.219068,0.039889,4.646646,0.171125,0.026463,4.641198,0.153204,0.034309,4.580705,0.139009,0.036394,4.610565,0.136695,0.042614,4.624396,0.143338,0.044950,4.632730,0.153263,0.051220,4.651046
154,6.416667,1,-0.088478,0.023691,4.274201,-0.052603,0.060547,4.283829,-0.046647,0.105464,4.332641,-0.034959,0.140878,4.320749,-0.052577,0.145502,4.309159,-0.058605,0.143706,4.294237,-0.060474,0.134947,4.271127,1,0.279138,0.060147,4.625362,0.248013,0.057841,4.630099,0.234831,0.072025,4.577492,0.236097,0.077117,4.608895,0.237515,0.081208,4.621397,0.242826,0.080226,4.628942,0.249768,0.079960,4.642712
155,6.458333,1,-0.069250,0.031523,4.261656,-0.037952,0.075509,4.278371,-0.040597,0.120813,4.325878,-0.030764,0.157365,4.316024,-0.044346,0.162251,4.304605,-0.047888,0.160174,4.289274,-0.048365,0.150349,4.266415,1,0.329112,0.068463,4.604669,0.309092,0.087041,4.622709,0.298511,0.116922,4.576742,0.307499,0.130921,4.612861,0.313974,0.133211,4.622178,0.320063,0.127622,4.628499,0.328434,0.116995,4.637049
156,6.500000,1,-0.063359,0.033712,4.260157,-0.031318,0.082035,4.278644,-0.042580,0.126466,4.328505,-0.034031,0.163410,4.318322,-0.043173,0.168362,4.306311,-0.043878,0.166731,4.290023,-0.042461,0.156701,4.266969,1,0.362645,0.065912,4.592926,0.351903,0.109762,4.615098,0.340095,0.155459,4.572174,0.354495,0.179634,4.609403,0.365457,0.180265,4.613888,0.373405,0.171020,4.618915,0.384382,0.151546,4.623945
157,6.541667,1,-0.061508,0.033198,4.261415,-0.032260,0.083541,4.282831,-0.049852,0.125898,4.337542,-0.041892,0.163753,4.324643,-0.048255,0.168706,4.311749,-0.046813,0.167834,4.294376,-0.043730,0.158060,4.270985,1,0.387072,0.062554,4.584058,0.378975,0.121316,4.607575,0.362263,0.175752,4.565379,0.384119,0.205234,4.597708,0.397674,0.203466,4.597044,0.407105,0.192780,4.601112,0.419339,0.169485,4.605361
158,6.583333,1,-0.071478,0.030957,4.267409,-0.039734,0.082051,4.289503,-0.060614,0.121940,4.349309,-0.052413,0.161368,4.332893,-0.057517,0.166360,4.319257,-0.055038,0.166052,4.301034,-0.050923,0.156582,4.277306,1,0.396052,0.059752,4.579804,0.391871,0.124582,4.603177,0.370085,0.181859,4.561475,0.398737,0.211942,4.587410,0.413068,0.207849,4.582969,0.423124,0.197108,4.586383,0.435411,0.173615,4.591240
159,6.625000,1,-0.086210,0.028418,4.276146,-0.052263,0.078247,4.297743,-0.073735,0.116347,4.361517,-0.064420,0.157469,4.341827,-0.068675,0.162537,4.327712,-0.066164,0.162226,4.308908,-0.061572,0.152784,4.284920,1,0.394973,0.059825,4.580489,0.390845,0.124281,4.603669,0.366871,0.181697,4.563037,0.397571,0.211162,4.586957,0.411591,0.206647,4.581492,0.421757,0.196035,4.584479,0.433989,0.173054,4.589095
160,6.666667,1,-0.104043,0.024537,4.285212,-0.068359,0.071917,4.307210,-0.088386,0.109411,4.373548,-0.077479,0.151778,4.351144,-0.080581,0.156851,4.336798,-0.078748,0.155923,4.317660,-0.073918,0.146224,4.293509,1,0.382002,0.062772,4.584174,0.376369,0.120094,4.608570,0.353361,0.174399,4.568930,0.381031,0.202292,4.596527,0.393805,0.199564,4.593358,0.403664,0.189271,4.596405,0.415850,0.167216,4.599731
161,6.708333,1,-0.127884,0.016831,4.297795,-0.086718,0.062290,4.318333,-0.103686,0.099973,4.385934,-0.091445,0.142774,4.361889,-0.093284,0.147663,4.347573,-0.092459,0.145910,4.328395,-0.087399,0.136004,4.304111,1,0.353902,0.065437,4.594762,0.350004,0.106147,4.616344,0.329133,0.149888,4.576204,0.352035,0.171133,4.609499,0.361835,0.170540,4.611246,0.370447,0.161989,4.615220,0.381602,0.143938,4.618551
162,6.750000,1,-0.151306,0.008009,4.309680,-0.106190,0.048286,4.332041,-0.118600,0.086039,4.399958,-0.105092,0.128130,4.375997,-0.106317,0.132705,4.361867,-0.106634,0.130609,4.342808,-0.101694,0.120922,4.318316,1,0.319004,0.066469,4.603283,0.313707,0.078904,4.626056,0.292567,0.102770,4.583450,0.313042,0.110571,4.620045,0.317862,0.110777,4.627192,0.324243,0.106240,4.632556,0.333223,0.096867,4.638711
163,6.791667,1,-0.174922,-0.007550,4.329439,-0.126083,0.029020,4.349096,-0.132992,0.065770,4.417302,-0.116039,0.105619,4.395025,-0.117582,0.110089,4.380851,-0.119269,0.108655,4.361635,-0.115613,0.099681,4.336689,1,0.271755,0.056794,4.621287,0.267035,0.047860,4.638521,0.240257,0.051005,4.593075,0.260424,0.046858,4.629828,0.260467,0.047437,4.640239,0.265313,0.047638,4.645904,0.273667,0.047877,4.655583
164,6.833333,1,-0.199849,-0.026271,4.350076,-0.146350,0.004557,4.369126,-0.148443,0.038876,4.438823,-0.123212,0.074715,4.418352,-0.125410,0.079553,4.403396,-0.128528,0.079781,4.383356,-0.127532,0.071728,4.357501,1,0.219151,0.041374,4.638948,0.207842,0.028449,4.654601,0.170459,0.023029,4.607472,0.187304,0.019902,4.644486,0.186107,0.022527,4.654651,0.192219,0.025390,4.658408,0.204653,0.030477,4.669109
165,6.875000,1,-0.225058,-0.050171,4.375667,-0.167029,-0.023928,4.389952,-0.166794,0.007164,4.462874,-0.128802,0.037400,4.442445,-0.131335,0.042875,4.425859,-0.135310,0.045269,4.404446,-0.137440,0.038098,4.377271,1,0.158653,0.016035,4.659019,0.138685,0.020687,4.671483,0.089309,0.019185,4.623793,0.097307,0.028291,4.663122,0.098585,0.034474,4.670385,0.108215,0.037573,4.671180,0.128072,0.042846,4.680442
166,6.916667,1,-0.250465,-0.075701,4.393818,-0.187798,-0.055266,4.408958,-0.188373,-0.027535,4.486159,-0.136731,-0.003784,4.464064,-0.139062,0.002422,4.445663,-0.142986,0.006889,4.422911,-0.147507,0.000785,4.394342,1,0.099260,-0.011690,4.667733,0.068418,0.009905,4.683436,0.010098,0.013012,4.636401,0.007572,0.032012,4.676734,0.012024,0.041028,4.680578,0.024422,0.044065,4.679715,0.049751,0.049565,4.687577
167,6.958333,1,-0.270367,-0.102738,4.408163,-0.208285,-0.089480,4.425123,-0.211420,-0.065225,4.505952,-0.149755,-0.048152,4.483180,-0.151265,-0.040897,4.463765,-0.154525,-0.034829,4.440390,-0.160143,-0.039095,4.410637,1,0.049073,-0.040463,4.672518,0.004760,-0.013018,4.687884,-0.056968,-0.010708,4.642166,-0.067836,0.008062,4.678823,-0.061134,0.018496,4.680054,-0.048550,0.022451,4.679917,-0.022998,0.029888,4.688047
168,7.000000,1,-0.291239,-0.130562,4.414231,-0.228423,-0.127474,4.438653,-0.232898,-0.106348,4.520717,-0.168562,-0.096362,4.500630,-0.168682,-0.087953,4.481503,-0.170840,-0.080960,4.458739,-0.176347,-0.082270,4.428093,1,0.004313,-0.055426,4.664882,-0.050513,-0.047143,4.688785,-0.110745,-0.046418,4.641666,-0.129230,-0.035073,4.674678,-0.120361,-0.022684,4.673921,-0.109210,-0.017225,4.676315,-0.087083,-0.008294,4.686840
169,7.041667,1,-0.309639,-0.166149,4.426943,-0.248599,-0.169603,4.450249,-0.252890,-0.150049,4.531396,-0.192336,-0.148964,4.516766,-0.190586,-0.140073,4.498973,-0.190880,-0.132740,4.477798,-0.195345,-0.130311,4.446534,1,-0.042361,-0.090568,4.671490,-0.098510,-0.089577,4.691785,-0.153468,-0.087087,4.637484,-0.182217,-0.086041,4.675779,-0.171346,-0.069722,4.673487,-0.161448,-0.062815,4.678966,-0.142755,-0.053702,4.693378
170,7.083333,1,-0.330465,-0.201956,4.435007,-0.269411,-0.214988,4.461351,-0.276635,-0.195083,4.541796,-0.218718,-0.206201,4.532977,-0.214425,-0.197647,4.517040,-0.211932,-0.190007,4.497105,-0.214824,-0.183798,4.465401,1,-0.085126,-0.129136,4.678326,-0.139969,-0.137797,4.697564,-0.184197,-0.133870,4.631439,-0.226892,-0.144370,4.685828,-0.216726,-0.123924,4.683450,-0.207323,-0.115862,4.691516,-0.190147,-0.105602,4.708966
171,7.125000,1,-0.346199,-0.238974,4.442405,-0.290624,-0.262331,4.472809,-0.307611,-0.241701,4.553628,-0.244894,-0.267618,4.549594,-0.237257,-0.259875,4.535932,-0.231568,-0.251391,4.515952,-0.232718,-0.241600,4.483899,1,-0.117855,-0.169235,4.684999,-0.175414,-0.189156,4.703285,-0.202356,-0.190694,4.626637,-0.261281,-0.210435,4.700093,-0.256284,-0.189075,4.699503,-0.247085,-0.180175,4.708857,-0.229618,-0.165902,4.725981
172,7.166667,1,-0.363431,-0.282370,4.447062,-0.310661,-0.310833,4.483315,-0.342657,-0.291458,4.563398,-0.269390,-0.331886,4.563456,-0.258060,-0.325548,4.552628,-0.249461,-0.315793,4.531924,-0.248647,-0.302019,4.499659,1,-0.153770,-0.217610,4.687625,-0.205091,-0.241725,4.707838,-0.214268,-0.257157,4.633365,-0.287049,-0.277732,4.715187,-0.289287,-0.260351,4.716004,-0.280489,-0.251056,4.723917,-0.261766,-0.231997,4.735986
173,7.208333,1,-0.373960,-0.326700,4.456119,-0.327650,-0.360096,4.490360,-0.374120,-0.345153,4.567123,-0.291193,-0.397158,4.570541,-0.276708,-0.393193,4.562522,-0.265697,-0.382484,4.541219,-0.262494,-0.364018,4.509104,1,-0.178157,-0.272794,4.696792,-0.227839,-0.295398,4.711869,-0.226764,-0.327099,4.660860,-0.305328,-0.340459,4.730708,-0.312692,-0.330843,4.730199,-0.304790,-0.321971,4.732825,-0.285025,-0.301436,4.735251
174,7.250000,1,-0.382775,-0.371882,4.457978,-0.340725,-0.409527,4.492203,-0.392931,-0.401315,4.565241,-0.309248,-0.460842,4.569596,-0.292781,-0.460151,4.562997,-0.279566,-0.449350,4.540951,-0.273685,-0.426232,4.509606,1,-0.193186,-0.325235,4.697466,-0.242035,-0.351120,4.714969,-0.237986,-0.393085,4.700206,-0.313155,-0.400961,4.744328,-0.321965,-0.400098,4.740852,-0.315487,-0.392638,4.736016,-0.295837,-0.374764,4.727185
175,7.291667,1,-0.385794,-0.413715,4.457904,-0.350224,-0.457908,4.489039,-0.396009,-0.456564,4.561423,-0.323932,-0.520261,4.562543,-0.306349,-0.522973,4.555224,-0.290587,-0.512536,4.531782,-0.282161,-0.485405,4.502106,1,-0.203583,-0.376943,4.697299,-0.247905,-0.407742,4.715511,-0.244140,-0.451463,4.731138,-0.308612,-0.462817,4.752137,-0.316360,-0.468622,4.746563,-0.311206,-0.462699,4.735758,-0.292652,-0.448357,4.718730
176,7.333333,1,-0.386929,-0.455503,4.451893,-0.356726,-0.503456,4.482695,-0.391616,-0.508503,4.557239,-0.336325,-0.574063,4.551815,-0.317403,-0.578983,4.542654,-0.298269,-0.568283,4.517754,-0.287721,-0.537131,4.491450,1,-0.209754,-0.424086,4.693214,-0.247445,-0.461805,4.712635,-0.247105,-0.502804,4.744364,-0.294556,-0.523981,4.752586,-0.300260,-0.532646,4.746395,-0.295392,-0.526843,4.733430,-0.278365,-0.513497,4.713641
177,7.375000,1,-0.388059,-0.492262,4.452670,-0.360136,-0.544404,4.474991,-0.390145,-0.557501,4.550186,-0.345791,-0.622039,4.537849,-0.324525,-0.626865,4.527629,-0.301503,-0.614485,4.502826,-0.289230,-0.578446,4.482445,1,-0.215253,-0.463158,4.692710,-0.243661,-0.510314,4.707365,-0.249236,-0.549132,4.742666,-0.277288,-0.579990,4.745748,-0.281360,-0.588169,4.739864,-0.275794,-0.580452,4.728286,-0.261094,-0.564979,4.710289
178,7.416667,1,-0.387422,-0.525649,4.450138,-0.359885,-0.579464,4.466793,-0.392881,-0.603756,4.538477,-0.349951,-0.663956,4.519577,-0.325465,-0.666417,4.509735,-0.299576,-0.651051,4.487932,-0.285989,-0.609724,4.475452,1,-0.220359,-0.497904,4.686536,-0.240597,-0.551573,4.701843,-0.249399,-0.591540,4.729331,-0.264290,-0.627873,4.731477,-0.268973,-0.633803,4.726668,-0.263468,-0.623002,4.718284,-0.252947,-0.603680,4.704707
179,7.458333,1,-0.383290,-0.555592,4.449400,-0.355836,-0.607421,4.459277,-0.394822,-0.644193,4.524693,-0.347330,-0.698459,4.497807,-0.319151,-0.697314,4.489061,-0.293083,-0.678552,4.473208,-0.279142,-0.633208,4.468927,1,-0.222652,-0.530837,4.684589,-0.240983,-0.584785,4.698146,-0.247700,-0.628862,4.707916,-0.260149,-0.666790,4.713019,-0.268034,-0.670102,4.710674,-0.265190,-0.656378,4.705737,-0.260756,-0.632593,4.697706
180,7.500000,1,-0.377375,-0.578546,4.451016,-0.348797,-0.626736,4.455170,-0.391898,-0.673353,4.513914,-0.339460,-0.722488,4.478613,-0.306968,-0.717589,4.471128,-0.283429,-0.696315,4.462402,-0.271195,-0.650104,4.464651,1,-0.219553,-0.557038,4.690163,-0.244178,-0.609764,4.697247,-0.247875,-0.658197,4.685506,-0.263320,-0.697147,4.697974,-0.274498,-0.698497,4.700286,-0.276362,-0.682654,4.698649,-0.278228,-0.654174,4.696171
181,7.541667,1,-0.374584,-0.591682,4.453330,-0.340208,-0.636190,4.457377,-0.381062,-0.685777,4.511321,-0.329489,-0.732534,4.472376,-0.292126,-0.724677,4.465673,-0.272496,-0.703201,4.461450,-0.264905,-0.660778,4.465269,1,-0.226965,-0.575758,4.689265,-0.248321,-0.626194,4.698169,-0.253712,-0.676545,4.668638,-0.269426,-0.718295,4.690555,-0.281172,-0.719121,4.699309,-0.287060,-0.702089,4.701016,-0.293375,-0.669380,4.703465
182,7.583333,1,-0.370324,-0.592799,4.459101,-0.331191,-0.635538,4.466519,-0.360253,-0.679766,4.518383,-0.318057,-0.727267,4.485891,-0.278379,-0.718277,4.478710,-0.263428,-0.699919,4.473334,-0.262561,-0.665457,4.471259,1,-0.229742,-0.583825,4.690682,-0.253002,-0.633061,4.698033,-0.266393,-0.681740,4.659109,-0.278313,-0.726635,4.687543,-0.286857,-0.728967,4.702170,-0.293545,-0.712263,4.706782,-0.300704,-0.677571,4.713232
183,7.625000,1,-0.362554,-0.584219,4.465053,-0.321771,-0.625165,4.480066,-0.331752,-0.662178,4.526486,-0.302074,-0.709347,4.512499,-0.269033,-0.701558,4.505188,-0.260169,-0.688654,4.495777,-0.265543,-0.662316,4.484477,1,-0.232357,-0.582430,4.686914,-0.259059,-0.628879,4.693581,-0.281243,-0.674713,4.656522,-0.292866,-0.718049,4.685351,-0.295812,-0.723815,4.701126,-0.299344,-0.709894,4.705978,-0.302393,-0.677480,4.713895
184,7.666667,1,-0.350805,-0.570608,4.466199,-0.311179,-0.605741,4.493764,-0.301153,-0.644207,4.522341,-0.280340,-0.684329,4.535437,-0.265046,-0.678982,4.531570,-0.263974,-0.670634,4.521991,-0.273736,-0.648365,4.506474,1,-0.234656,-0.576323,4.673081,-0.265850,-0.613497,4.683717,-0.287254,-0.661179,4.659444,-0.310486,-0.693888,4.684810,-0.309197,-0.703142,4.693970,-0.307101,-0.694184,4.693958,-0.301445,-0.667993,4.698492
185,7.708333,1,-0.334853,-0.549152,4.466717,-0.298469,-0.578302,4.503937,-0.272867,-0.628405,4.505229,-0.257133,-0.656105,4.544688,-0.262883,-0.652475,4.547648,-0.270152,-0.645602,4.543468,-0.283346,-0.623538,4.531076,1,-0.232061,-0.558967,4.656174,-0.269687,-0.589955,4.669636,-0.276637,-0.646492,4.662098,-0.322435,-0.662539,4.684763,-0.321100,-0.672745,4.681712,-0.313241,-0.668878,4.672950,-0.296329,-0.649343,4.670100
186,7.750000,1,-0.314265,-0.518407,4.462561,-0.282743,-0.543897,4.508870,-0.248680,-0.606894,4.487470,-0.236089,-0.623740,4.542871,-0.256091,-0.620649,4.552403,-0.270363,-0.613294,4.554354,-0.286877,-0.590767,4.547368,1,-0.219931,-0.532742,4.640782,-0.267305,-0.561540,4.653418,-0.254283,-0.628870,4.658028,-0.323684,-0.630859,4.679698,-0.325440,-0.638886,4.664815,-0.312929,-0.638334,4.648019,-0.283904,-0.622639,4.638339
187,7.791667,1,-0.295251,-0.478357,4.459949,-0.263848,-0.503147,4.508850,-0.227844,-0.572808,4.476670,-0.215163,-0.583953,4.535398,-0.239958,-0.581556,4.549144,-0.258715,-0.574061,4.554417,-0.278638,-0.552607,4.550480,1,-0.206657,-0.496243,4.632723,-0.259993,-0.527407,4.638045,-0.233176,-0.601871,4.648293,-0.318096,-0.596467,4.668650,-0.323360,-0.600808,4.646279,-0.307866,-0.601702,4.624956,-0.267257,-0.587420,4.612078
188,7.833333,1,-0.277683,-0.433161,4.460030,-0.242711,-0.456417,4.504994,-0.207297,-0.525547,4.469648,-0.190125,-0.534594,4.524132,-0.213673,-0.534094,4.540519,-0.234149,-0.527903,4.547170,-0.258004,-0.509531,4.543368,1,-0.194201,-0.456248,4.628002,-0.251749,-0.484628,4.626220,-0.222658,-0.561613,4.639135,-0.312175,-0.552911,4.657200,-0.319864,-0.553962,4.631490,-0.303758,-0.555301,4.608419,-0.255069,-0.542703,4.594661
189,7.875000,1,-0.263465,-0.377932,4.462269,-0.220413,-0.404166,4.498257,-0.183780,-0.467501,4.461250,-0.159416,-0.475280,4.509886,-0.179581,-0.477632,4.528475,-0.199389,-0.474115,4.536226,-0.227872,-0.460706,4.531032,1,-0.187759,-0.403282,4.624045,-0.244817,-0.432525,4.618232,-0.223438,-0.508626,4.634156,-0.308503,-0.497515,4.649535,-0.317344,-0.496622,4.622841,-0.303044,-0.497959,4.599403,-0.252759,-0.489052,4.584448
190,7.916667,1,-0.247795,-0.320266,4.454315,-0.197455,-0.347292,4.489695,-0.156460,-0.402563,4.450547,-0.125438,-0.407894,4.495382,-0.142557,-0.412945,4.516023,-0.160389,-0.412627,4.525038,-0.193477,-0.405485,4.518206,1,-0.181713,-0.348015,4.616248,-0.238440,-0.373323,4.612350,-0.229389,-0.446171,4.633200,-0.305452,-0.431783,4.645876,-0.314855,-0.430445,4.619124,-0.303716,-0.431816,4.595875,-0.257391,-0.428172,4.578586
191,7.958333,1,-0.227323,-0.260625,4.450677,-0.174008,-0.287757,4.480073,-0.127155,-0.336552,4.439273,-0.092623,-0.337385,4.483584,-0.108354,-0.343711,4.505920,-0.124158,-0.345885,4.516246,-0.160611,-0.344962,4.508487,1,-0.171163,-0.286438,4.611955,-0.230407,-0.310913,4.606927,-0.231574,-0.379550,4.635223,-0.299280,-0.359416,4.646083,-0.310016,-0.359014,4.619248,-0.302035,-0.361399,4.595901,-0.261639,-0.363130,4.575559
192,8.000000,1,-0.206452,-0.210441,4.435725,-0.150275,-0.228799,4.468561,-0.098061,-0.275399,4.427768,-0.063805,-0.269892,4.474187,-0.079953,-0.275474,4.497523,-0.094400,-0.278681,4.508822,-0.132232,-0.282378,4.501663,1,-0.158588,-0.234312,4.596576,-0.218972,-0.249441,4.601190,-0.223999,-0.314687,4.639096,-0.287131,-0.285432,4.649986,-0.300703,-0.287121,4.622742,-0.295274,-0.292193,4.598275,-0.260946,-0.298348,4.574400
193,8.041667,1,-0.180655,-0.163124,4.425465,-0.126515,-0.174087,4.453262,-0.069926,-0.221835,4.414092,-0.038524,-0.208996,4.463630,-0.055657,-0.212319,4.487231,-0.069603,-0.215091,4.498772,-0.106983,-0.221288,4.493964,1,-0.141646,-0.181226,4.589101,-0.203786,-0.192245,4.594183,-0.207957,-0.255154,4.642406,-0.269836,-0.215370,4.653967,-0.286563,-0.219829,4.626406,-0.283346,-0.228406,4.599906,-0.255221,-0.237470,4.572294
194,8.083333,1,-0.157249,-0.125319,4.399338,-0.103101,-0.126766,4.433581,-0.042582,-0.174170,4.396935,-0.014420,-0.154222,4.448279,-0.031285,-0.155070,4.471779,-0.045360,-0.156408,4.482992,-0.081099,-0.164152,4.481541,1,-0.124451,-0.137307,4.569113,-0.185684,-0.141785,4.584985,-0.189335,-0.201530,4.642271,-0.250546,-0.153671,4.652711,-0.268970,-0.161011,4.625498,-0.267958,-0.171924,4.596993,-0.245594,-0.182307,4.566309
195,8.125000,1,-0.132548,-0.095055,4.372172,-0.080771,-0.088672,4.411404,-0.016763,-0.129914,4.378446,0.010058,-0.103817,4.427344,-0.004353,-0.103104,4.450663,-0.018939,-0.102814,4.461518,-0.052589,-0.112363,4.463450,1,-0.102714,-0.100488,4.550170,-0.166163,-0.099691,4.574853,-0.172004,-0.153746,4.638950,-0.231141,-0.101824,4.646272,-0.249750,-0.111630,4.620120,-0.250989,-0.122682,4.590418,-0.232967,-0.133774,4.558051
196,8.166667,1,-0.109378,-0.071702,4.351436,-0.061015,-0.059788,4.389901,0.004909,-0.090877,4.363655,0.033265,-0.059313,4.404043,0.022757,-0.057862,4.426851,0.007175,-0.056193,4.437557,-0.024751,-0.066809,4.442622,1,-0.080967,-0.072323,4.540715,-0.147279,-0.066608,4.566727,-0.156287,-0.113030,4.635938,-0.212080,-0.059209,4.640116,-0.230788,-0.070576,4.615185,-0.234284,-0.080287,4.585156,-0.219186,-0.092776,4.552201
197,8.208333,1,-0.091836,-0.057191,4.337135,-0.046135,-0.039136,4.372239,0.019619,-0.061722,4.356156,0.050880,-0.025781,4.384625,0.043759,-0.023652,4.406246,0.026844,-0.020703,4.416786,-0.004309,-0.030235,4.424354,1,-0.065455,-0.054934,4.537459,-0.131413,-0.042460,4.562067,-0.141931,-0.082214,4.635371,-0.194427,-0.025889,4.637856,-0.214089,-0.037933,4.614049,-0.219692,-0.046197,4.584345,-0.206842,-0.060781,4.551168
198,8.250000,1,-0.082798,-0.048584,4.328250,-0.038165,-0.026139,4.360583,0.027024,-0.044159,4.353766,0.059570,-0.006820,4.373972,0.053687,-0.004540,4.394066,0.035925,-0.000725,4.404316,0.004929,-0.008384,4.412630,1,-0.055709,-0.042389,4.535806,-0.120582,-0.026748,4.559577,-0.129886,-0.063459,4.635808,-0.180341,-0.003008,4.638145,-0.201476,-0.015402,4.615731,-0.208870,-0.023042,4.586795,-0.198027,-0.039260,4.553461
199,8.291667,1,-0.080972,-0.046842,4.325946,-0.037431,-0.020272,4.354343,0.028904,-0.036179,4.350458,0.059236,-0.001763,4.370649,0.052353,-0.001134,4.389391,0.035113,0.002309,4.399575,0.004706,-0.004807,4.406491,1,-0.051872,-0.038414,4.536883,-0.115892,-0.018482,4.556714,-0.121773,-0.054705,4.634821,-0.172004,0.009517,4.637707,-0.194430,-0.003212,4.616974,-0.203321,-0.011261,4.588763,-0.194129,-0.027789,4.555246
200,8.333333,1,-0.086023,-0.048034,4.317540,-0.042695,-0.020235,4.350838,0.026547,-0.035055,4.343278,0.051803,-0.007711,4.369060,0.042560,-0.010137,4.386366,0.027393,-0.008321,4.396884,-0.001494,-0.015661,4.401477,1,-0.055799,-0.037725,4.526856,-0.117395,-0.016206,4.551870,-0.118669,-0.050587,4.631766,-0.170402,0.013954,4.634847,-0.193854,0.001144,4.615381,-0.204078,-0.008060,4.587041,-0.195916,-0.023620,4.552991
201,8.375000,1,-0.097074,-0.053229,4.311315,-0.052445,-0.024517,4.348625,0.020001,-0.038540,4.334630,0.039509,-0.021128,4.366100,0.027478,-0.026044,4.381590,0.015130,-0.026215,4.392589,-0.011897,-0.033028,4.395538,1,-0.064854,-0.039534,4.515845,-0.124193,-0.018244,4.545212,-0.121489,-0.047945,4.627010,-0.175380,0.012842,4.629711,-0.199656,0.000559,4.610519,-0.210961,-0.009847,4.580912,-0.203000,-0.023271,4.545648
202,8.416667,1,-0.111333,-0.059648,4.310324,-0.065578,-0.032039,4.348087,0.009199,-0.045614,4.328382,0.024292,-0.038174,4.362839,0.009970,-0.043449,4.376948,-0.000189,-0.045144,4.388524,-0.026084,-0.051213,4.390966,1,-0.077973,-0.044142,4.506748,-0.134711,-0.023056,4.538000,-0.131532,-0.049091,4.619933,-0.186223,0.006983,4.622746,-0.210450,-0.004129,4.603181,-0.222063,-0.014412,4.572332,-0.213439,-0.024017,4.535499
203,8.458333,1,-0.125685,-0.067537,4.310000,-0.081380,-0.041942,4.349420,-0.005692,-0.057278,4.326946,0.007425,-0.056104,4.361885,-0.008101,-0.059487,4.376208,-0.017655,-0.061752,4.388595,-0.043916,-0.068285,4.390753,1,-0.090554,-0.050343,4.499795,-0.147234,-0.029717,4.531752,-0.149093,-0.058184,4.609153,-0.201572,-0.004550,4.614344,-0.223948,-0.013839,4.594719,-0.234497,-0.021195,4.564633,-0.224548,-0.024983,4.527182
204,8.500000,1,-0.143843,-0.075522,4.307712,-0.099041,-0.053530,4.352007,-0.024209,-0.074276,4.330584,-0.010438,-0.073942,4.364760,-0.026378,-0.074753,4.380630,-0.036541,-0.076086,4.393790,-0.064492,-0.084046,4.395007,1,-0.104468,-0.057451,4.492441,-0.160485,-0.038086,4.527580,-0.172775,-0.073943,4.593361,-0.219926,-0.021980,4.604377,-0.238497,-0.028250,4.585712,-0.246401,-0.030066,4.559255,-0.234492,-0.027214,4.523914
205,8.541667,1,-0.165278,-0.086280,4.310407,-0.116991,-0.066292,4.354834,-0.044636,-0.093933,4.336992,-0.028446,-0.091183,4.370346,-0.044566,-0.090726,4.387456,-0.055214,-0.089300,4.400706,-0.084954,-0.097864,4.400576,1,-0.121154,-0.066329,4.488855,-0.173560,-0.048258,4.525912,-0.200297,-0.088452,4.571575,-0.240368,-0.042275,4.591581,-0.253762,-0.043614,4.575515,-0.257530,-0.039606,4.554699,-0.242666,-0.031614,4.525394
206,8.583333,1,-0.182904,-0.095669,4.312500,-0.133111,-0.079462,4.356657,-0.064766,-0.111131,4.343537,-0.045220,-0.106057,4.376334,-0.060812,-0.105699,4.393138,-0.070976,-0.100700,4.405040,-0.101146,-0.107843,4.403369,1,-0.133447,-0.075798,4.487977,-0.185746,-0.059472,4.526660,-0.228439,-0.094913,4.544977,-0.261842,-0.060702,4.576010,-0.269597,-0.055406,4.564847,-0.268123,-0.047542,4.550660,-0.249182,-0.037084,4.530737
207,8.625000,1,-0.198370,-0.106412,4.313815,-0.145763,-0.091563,4.356436,-0.085033,-0.122459,4.352040,-0.060024,-0.115711,4.382858,-0.073331,-0.114516,4.397575,-0.082135,-0.107031,4.405743,-0.110411,-0.110888,4.401087,1,-0.144789,-0.084151,4.488420,-0.196683,-0.069455,4.529319,-0.252955,-0.093815,4.519521,-0.282117,-0.074151,4.562019,-0.285141,-0.062227,4.557413,-0.278336,-0.052721,4.550231,-0.254851,-0.041518,4.540211
208,8.666667,1,-0.212067,-0.116115,4.316653,-0.154670,-0.100738,4.354207,-0.107784,-0.127563,4.367530,-0.073614,-0.118923,4.392105,-0.083034,-0.113984,4.403009,-0.089787,-0.105650,4.404817,-0.113925,-0.104852,4.394564,1,-0.154103,-0.090956,4.496047,-0.205908,-0.075742,4.533668,-0.270873,-0.090320,4.503298,-0.298065,-0.081496,4.555586,-0.298297,-0.065067,4.556873,-0.287502,-0.055221,4.555610,-0.260236,-0.043804,4.552696
209,8.708333,1,-0.220411,-0.119040,4.319003,-0.160772,-0.105750,4.351188,-0.131548,-0.127436,4.389103,-0.086126,-0.117526,4.402799,-0.091738,-0.107017,4.408904,-0.096339,-0.098483,4.403693,-0.115868,-0.092688,4.386869,1,-0.160065,-0.090704,4.502504,-0.212888,-0.077628,4.539669,-0.282598,-0.088840,4.498970,-0.307955,-0.083276,4.557694,-0.306974,-0.065089,4.562243,-0.294281,-0.055468,4.563623,-0.265051,-0.044239,4.563469
210,8.750000,1,-0.227848,-0.119347,4.319641,-0.164957,-0.106079,4.348555,-0.150218,-0.124123,4.408143,-0.095912,-0.113511,4.409682,-0.099559,-0.098615,4.411989,-0.103537,-0.089718,4.402325,-0.120256,-0.080514,4.381328,1,-0.167247,-0.087375,4.509516,-0.218697,-0.075446,4.544810,-0.289917,-0.090881,4.501938,-0.314127,-0.081576,4.561453,-0.312896,-0.063468,4.566123,-0.299837,-0.054059,4.566027,-0.270423,-0.043209,4.564799
211,8.791667,1,-0.232995,-0.115323,4.321444,-0.167233,-0.101114,4.346684,-0.159162,-0.121186,4.418029,-0.102364,-0.107030,4.410370,-0.106541,-0.090621,4.411752,-0.112510,-0.080974,4.402034,-0.128730,-0.070711,4.380889,1,-0.173025,-0.078660,4.516028,-0.225466,-0.069042,4.544758,-0.293597,-0.094794,4.507068,-0.321019,-0.077490,4.558447,-0.320651,-0.060304,4.560311,-0.307573,-0.050864,4.556060,-0.278602,-0.040150,4.551668
212,8.833333,1,-0.234151,-0.109308,4.328699,-0.166935,-0.090874,4.345275,-0.158356,-0.119940,4.419002,-0.105629,-0.098066,4.407328,-0.111852,-0.082409,4.410534,-0.121271,-0.071861,4.404215,-0.138417,-0.061659,4.385851,1,-0.176639,-0.070616,4.525444,-0.232861,-0.058657,4.539110,-0.294477,-0.095902,4.514255,-0.329473,-0.068971,4.549390,-0.330910,-0.053137,4.546441,-0.317531,-0.044334,4.537412,-0.288632,-0.034348,4.529177
213,8.875000,1,-0.231069,-0.098650,4.331027,-0.162996,-0.077200,4.343160,-0.150408,-0.114602,4.414341,-0.103337,-0.085996,4.402855,-0.110886,-0.071791,4.408173,-0.122875,-0.060994,4.405385,-0.141472,-0.051092,4.389956,1,-0.179411,-0.059414,4.530361,-0.237802,-0.045517,4.532075,-0.294159,-0.089305,4.525632,-0.335899,-0.053213,4.542637,-0.339039,-0.039221,4.534358,-0.325306,-0.033004,4.520980,-0.296140,-0.025857,4.508607
214,8.916667,1,-0.220910,-0.083700,4.327175,-0.154712,-0.062134,4.338585,-0.137368,-0.098057,4.405469,-0.092819,-0.068643,4.396073,-0.099446,-0.055634,4.401281,-0.111994,-0.045905,4.399327,-0.131839,-0.037045,4.384811,1,-0.176960,-0.048956,4.530362,-0.238245,-0.030683,4.526850,-0.293098,-0.074341,4.539479,-0.336904,-0.030806,4.542146,-0.340894,-0.019616,4.529332,-0.327344,-0.017650,4.512489,-0.298188,-0.015528,4.496408
215,8.958333,1,-0.207468,-0.070263,4.318463,-0.142871,-0.045470,4.330551,-0.118814,-0.073293,4.390646,-0.075828,-0.045718,4.384580,-0.080113,-0.033683,4.388073,-0.092041,-0.026111,4.385274,-0.112524,-0.019445,4.370613,1,-0.174122,-0.039223,4.528164,-0.234980,-0.014822,4.523579,-0.289671,-0.054371,4.551732,-0.331731,-0.005524,4.545569,-0.336095,0.001211,4.529926,-0.323960,-0.001339,4.510990,-0.295618,-0.005636,4.493208
216,9.000000,1,-0.189251,-0.053789,4.311910,-0.129483,-0.025938,4.319878,-0.094574,-0.051865,4.369596,-0.057318,-0.020808,4.367777,-0.060404,-0.009587,4.371346,-0.072036,-0.004442,4.369878,-0.092871,-0.000517,4.357329,1,-0.167821,-0.026461,4.527322,-0.230125,0.001182,4.521290,-0.282160,-0.033155,4.561570,-0.321364,0.019631,4.550601,-0.326651,0.020360,4.533838,-0.317660,0.013521,4.514270,-0.291062,0.000736,4.497841
217,9.041667,1,-0.172395,-0.037519,4.302347,-0.116223,-0.004293,4.308759,-0.068135,-0.039307,4.345743,-0.040086,0.002814,4.347530,-0.044572,0.013224,4.354763,-0.056714,0.015944,4.358557,-0.078207,0.017178,4.351907,1,-0.165455,-0.014086,4.523849,-0.225496,0.016463,4.518624,-0.272219,-0.013603,4.568921,-0.308628,0.044006,4.554628,-0.315946,0.039239,4.537034,-0.311004,0.028263,4.517695,-0.286687,0.003685,4.505075
218,9.083333,1,-0.155105,-0.022298,4.296088,-0.103907,0.016545,4.299154,-0.044677,-0.029516,4.321483,-0.024160,0.024898,4.326206,-0.031078,0.033335,4.338493,-0.043565,0.033287,4.348975,-0.065850,0.031803,4.349904,1,-0.161949,-0.001301,4.523024,-0.222241,0.030705,4.513882,-0.265992,0.002053,4.569510,-0.298886,0.066850,4.551948,-0.308305,0.059755,4.532261,-0.305792,0.045779,4.513236,-0.283555,0.008447,4.504777
219,9.125000,1,-0.137213,-0.005774,4.289063,-0.093626,0.033775,4.291542,-0.027548,-0.015771,4.296726,-0.010756,0.045006,4.305860,-0.018683,0.049613,4.321497,-0.030287,0.046756,4.336821,-0.052715,0.042706,4.344096,1,-0.161333,0.012462,4.523626,-0.221556,0.043986,4.506366,-0.269279,0.012294,4.558621,-0.297585,0.085518,4.538377,-0.306811,0.079894,4.515869,-0.303051,0.065744,4.497115,-0.281726,0.021478,4.491134
220,9.166667,1,-0.125447,0.004161,4.278642,-0.087390,0.045885,4.284741,-0.017972,0.000976,4.272510,-0.002568,0.061123,4.287778,-0.009503,0.061506,4.304516,-0.019293,0.056700,4.322072,-0.041097,0.050771,4.333387,1,-0.164746,0.022728,4.518190,-0.225391,0.055930,4.496995,-0.282125,0.016469,4.537499,-0.306538,0.097666,4.516923,-0.312070,0.095991,4.492956,-0.304047,0.084794,4.474895,-0.281629,0.044416,4.469392
221,9.208333,1,-0.122344,0.011472,4.267110,-0.087372,0.052268,4.276280,-0.016611,0.014198,4.251046,-0.001472,0.071276,4.271009,-0.006431,0.069169,4.288072,-0.014617,0.063656,4.306373,-0.035711,0.056691,4.319954,1,-0.176112,0.033570,4.509109,-0.235906,0.064955,4.486103,-0.300825,0.015767,4.511914,-0.324032,0.103106,4.494122,-0.323974,0.106098,4.470426,-0.311213,0.098991,4.453414,-0.286146,0.070104,4.447380
222,9.250000,1,-0.130011,0.013596,4.257393,-0.095055,0.052439,4.263959,-0.024418,0.017145,4.232033,-0.008585,0.073293,4.253006,-0.011643,0.070546,4.270646,-0.018895,0.065087,4.289264,-0.039509,0.057798,4.304422,1,-0.194365,0.037675,4.497336,-0.254403,0.068545,4.471879,-0.322961,0.012471,4.485662,-0.347872,0.101780,4.472309,-0.342993,0.108520,4.448694,-0.326997,0.104202,4.432287,-0.299406,0.086089,4.425538
223,9.291667,1,-0.149379,0.009044,4.242245,-0.110901,0.045454,4.247808,-0.042049,0.007745,4.212162,-0.024605,0.065066,4.232692,-0.026372,0.061262,4.250685,-0.033001,0.055663,4.269391,-0.052912,0.048507,4.286134,1,-0.221874,0.037198,4.476816,-0.281264,0.064401,4.452653,-0.348140,0.006630,4.456240,-0.377166,0.091523,4.448276,-0.369392,0.100553,4.424051,-0.351810,0.097750,4.407904,-0.322895,0.085930,4.400783
224,9.333333,1,-0.178270,-0.002365,4.227200,-0.134091,0.029735,4.229229,-0.068734,-0.012074,4.188750,-0.048693,0.045588,4.210846,-0.050068,0.038415,4.228053,-0.056323,0.031874,4.246338,-0.074858,0.024988,4.264540,1,-0.252996,0.028062,4.456096,-0.316355,0.050463,4.428906,-0.376322,-0.004061,4.418025,-0.411618,0.069114,4.417663,-0.402171,0.080218,4.394675,-0.383486,0.079801,4.380135,-0.354495,0.072737,4.374051
225,9.375000,1,-0.212428,-0.019806,4.199872,-0.162470,0.003011,4.208970,-0.101831,-0.040952,4.162806,-0.078075,0.013467,4.187943,-0.080216,0.001775,4.203004,-0.086950,-0.006213,4.220003,-0.103452,-0.012883,4.239092,1,-0.297180,0.015553,4.423377,-0.358475,0.023758,4.401941,-0.407299,-0.021407,4.370935,-0.450170,0.032367,4.379596,-0.439006,0.046765,4.361653,-0.418782,0.050188,4.351472,-0.391292,0.048984,4.348953
226,9.416667,1,-0.251906,-0.051379,4.176771,-0.193052,-0.037069,4.187529,-0.137350,-0.078668,4.137851,-0.109089,-0.033134,4.164435,-0.113112,-0.047653,4.176414,-0.121722,-0.057030,4.190742,-0.136092,-0.064065,4.209931,1,-0.345045,-0.015192,4.387527,-0.404316,-0.018238,4.372438,-0.439796,-0.048622,4.321901,-0.490354,-0.019720,4.337755,-0.477729,-0.001076,4.326991,-0.456181,0.006093,4.322936,-0.432038,0.010798,4.325878
227,9.458333,1,-0.288099,-0.095824,4.159082,-0.222902,-0.090467,4.165695,-0.171653,-0.124993,4.115078,-0.138422,-0.093172,4.141596,-0.144502,-0.107825,4.150729,-0.156210,-0.118420,4.160992,-0.169937,-0.126988,4.179212,1,-0.393256,-0.061539,4.356658,-0.448538,-0.074303,4.340083,-0.469477,-0.094094,4.278100,-0.527990,-0.087475,4.296712,-0.516772,-0.065731,4.291111,-0.495985,-0.055505,4.291657,-0.475412,-0.045983,4.298913
228,9.500000,1,-0.318865,-0.144773,4.138906,-0.249824,-0.153027,4.143787,-0.203321,-0.181538,4.093022,-0.164188,-0.162919,4.120913,-0.170833,-0.175902,4.129557,-0.185823,-0.187127,4.135971,-0.202322,-0.197201,4.151428,1,-0.434405,-0.121531,4.320300,-0.485359,-0.140103,4.304589,-0.490482,-0.164829,4.243904,-0.558069,-0.169145,4.259311,-0.552113,-0.147598,4.253648,-0.534428,-0.134565,4.254411,-0.514667,-0.120738,4.261650
229,9.541667,1,-0.342775,-0.208908,4.109322,-0.272578,-0.219296,4.121645,-0.233279,-0.250373,4.073834,-0.187111,-0.239628,4.103918,-0.191752,-0.249393,4.115124,-0.208484,-0.259143,4.119779,-0.230142,-0.267719,4.130359,1,-0.468253,-0.190404,4.282474,-0.510493,-0.211554,4.268625,-0.500919,-0.254311,4.223012,-0.576837,-0.259215,4.228867,-0.576579,-0.241258,4.218453,-0.561735,-0.226261,4.215283,-0.538975,-0.208491,4.217827
230,9.583333,1,-0.356487,-0.269114,4.081917,-0.290650,-0.285426,4.098773,-0.262592,-0.327472,4.063719,-0.210004,-0.320486,4.091008,-0.210427,-0.325091,4.104954,-0.225505,-0.329894,4.109386,-0.249405,-0.331999,4.113814,1,-0.486140,-0.258425,4.249911,-0.522331,-0.284551,4.237689,-0.503635,-0.345033,4.217446,-0.582354,-0.349460,4.208341,-0.584815,-0.336646,4.192047,-0.570595,-0.321102,4.183508,-0.543797,-0.300054,4.179320
231,9.625000,1,-0.361385,-0.326675,4.065441,-0.303877,-0.347506,4.075076,-0.288840,-0.401097,4.064659,-0.234080,-0.398618,4.080731,-0.229274,-0.397011,4.094250,-0.238670,-0.394169,4.097553,-0.257735,-0.386024,4.095494,1,-0.490566,-0.328252,4.234525,-0.522203,-0.352628,4.215253,-0.500571,-0.422861,4.222659,-0.574463,-0.430731,4.195053,-0.576776,-0.422406,4.174810,-0.562215,-0.406660,4.162271,-0.534440,-0.382226,4.152797
232,9.666667,1,-0.359905,-0.371310,4.049660,-0.312558,-0.400631,4.052552,-0.306139,-0.459373,4.070490,-0.256465,-0.465042,4.071235,-0.246617,-0.458277,4.080877,-0.248180,-0.447898,4.080986,-0.257562,-0.429308,4.072704,1,-0.482893,-0.381914,4.223325,-0.513972,-0.408342,4.200492,-0.490484,-0.482652,4.227753,-0.556149,-0.495003,4.182046,-0.557330,-0.488934,4.160372,-0.544277,-0.471893,4.146627,-0.519763,-0.442976,4.135387
233,9.708333,1,-0.353158,-0.405323,4.043077,-0.317884,-0.441556,4.034260,-0.311592,-0.498797,4.073618,-0.273500,-0.515084,4.061149,-0.259612,-0.505817,4.065074,-0.254316,-0.490399,4.060944,-0.254574,-0.463763,4.047839,1,-0.472566,-0.419592,4.222363,-0.503016,-0.447613,4.192290,-0.473771,-0.523785,4.224914,-0.533691,-0.538983,4.167933,-0.534634,-0.532823,4.146543,-0.526758,-0.513560,4.134177,-0.507853,-0.479431,4.124073
234,9.750000,1,-0.345652,-0.427356,4.030213,-0.321401,-0.470375,4.022362,-0.309098,-0.523337,4.073554,-0.284981,-0.550296,4.051355,-0.268514,-0.541483,4.049124,-0.259123,-0.523847,4.040903,-0.253234,-0.491275,4.025543,1,-0.463724,-0.439729,4.220786,-0.494390,-0.471154,4.192120,-0.455997,-0.546743,4.215945,-0.514322,-0.564770,4.159593,-0.517030,-0.557664,4.139816,-0.517096,-0.536642,4.130208,-0.504360,-0.498171,4.122263
235,9.791667,1,-0.340699,-0.437078,4.030630,-0.324018,-0.489177,4.017758,-0.304607,-0.537725,4.074737,-0.293248,-0.574393,4.045434,-0.276114,-0.568325,4.037540,-0.265469,-0.550449,4.025804,-0.255264,-0.512663,4.010755,1,-0.458702,-0.443438,4.230868,-0.490680,-0.481971,4.200903,-0.444181,-0.553695,4.206551,-0.503197,-0.576198,4.161840,-0.509652,-0.568860,4.145650,-0.517301,-0.547189,4.139382,-0.510849,-0.506434,4.134583
236,9.833333,1,-0.337056,-0.440949,4.033464,-0.326149,-0.500405,4.019095,-0.300873,-0.544927,4.078481,-0.300390,-0.589915,4.045594,-0.284857,-0.587762,4.032844,-0.274961,-0.570799,4.018576,-0.260531,-0.528090,4.005171,1,-0.455693,-0.437907,4.245242,-0.491532,-0.483299,4.216177,-0.441506,-0.549191,4.199827,-0.501606,-0.576625,4.171543,-0.513326,-0.570027,4.161600,-0.525764,-0.548422,4.159604,-0.525571,-0.507085,4.160551
237,9.875000,1,-0.338040,-0.443878,4.032495,-0.328043,-0.506521,4.023556,-0.297594,-0.547092,4.083002,-0.307537,-0.598965,4.050804,-0.295445,-0.600706,4.033827,-0.287027,-0.585062,4.018510,-0.268003,-0.538492,4.006228,1,-0.457425,-0.429439,4.255994,-0.494939,-0.478399,4.233682,-0.446226,-0.538618,4.197017,-0.506888,-0.569684,4.183278,-0.524671,-0.563931,4.181149,-0.538911,-0.542987,4.184680,-0.544357,-0.501674,4.193947
238,9.916667,1,-0.341792,-0.446306,4.036994,-0.329743,-0.509761,4.029296,-0.293790,-0.545962,4.087484,-0.314849,-0.603863,4.058944,-0.306802,-0.608688,4.038636,-0.299945,-0.594350,4.023362,-0.277238,-0.546699,4.009740,1,-0.460619,-0.420235,4.270491,-0.498549,-0.470560,4.249555,-0.453615,-0.526159,4.198372,-0.513894,-0.559515,4.193871,-0.537205,-0.553908,4.198298,-0.551514,-0.534397,4.207596,-0.561201,-0.493173,4.225088
239,9.958333,1,-0.342703,-0.447883,4.038691,-0.331203,-0.511619,4.035607,-0.289575,-0.542909,4.092348,-0.321466,-0.606113,4.068513,-0.316719,-0.613193,4.046473,-0.311594,-0.600247,4.030999,-0.287791,-0.555357,4.012967,1,-0.460878,-0.408262,4.282331,-0.500817,-0.462917,4.261126,-0.459303,-0.514866,4.202048,-0.518428,-0.549994,4.201673,-0.545506,-0.544010,4.209541,-0.559562,-0.526216,4.223182,-0.571841,-0.485076,4.246080
240,10.000000,1,-0.346731,-0.450720,4.045642,-0.332159,-0.512614,4.040431,-0.286584,-0.540058,4.096355,-0.325647,-0.606715,4.076075,-0.322632,-0.615200,4.053700,-0.318892,-0.603402,4.037529,-0.295827,-0.562326,4.015020,1,-0.463477,-0.400374,4.297650,-0.501660,-0.458222,4.267088,-0.461864,-0.507914,4.204971,-0.519960,-0.544281,4.205747,-0.548775,-0.538001,4.214611,-0.562807,-0.521312,4.230373,-0.576288,-0.480197,4.255451
