case,result_name,frame,time,object_tx,object_ty,object_tz,object_qw,object_qx,object_qy,object_qz,object_pose_source,human_site_id,human_body_part,human_side,human_x,human_y,human_z,human_coordinate_frame,human_confidence,human_source,contact_state,contact_type,contact_part,audio_score,audio_anchor_type
13_volleyball,final_full_4d_hoi,1,0.0,-0.172911654,-0.871856745,4.667910594,1.0,0.0,0.0,0.0,samples_known_object/13_volleyball/results/final_full_4d_hoi/object_pose.csv,left_hand,hand,left,-0.270600843,-0.850452304,4.544759369,gvhmr_incam,1.000000,gvhmr_smplx_contact_site_provider,,,,,
13_volleyball,final_full_4d_hoi,1,0.0,-0.172911654,-0.871856745,4.667910594,1.0,0.0,0.0,0.0,samples_known_object/13_volleyball/results/final_full_4d_hoi/object_pose.csv,right_hand,hand,right,-0.080904047,-0.846927691,4.800899124,gvhmr_incam,1.000000,gvhmr_smplx_contact_site_provider,,,,,
13_volleyball,final_full_4d_hoi,1,0.0,-0.172911654,-0.871856745,4.667910594,1.0,0.0,0.0,0.0,samples_known_object/13_volleyball/results/final_full_4d_hoi/object_pose.csv,left_foot,foot,left,-0.167747810,0.912812591,4.409316063,gvhmr_incam,1.000000,gvhmr_smplx_contact_site_provider,,,,,
13_volleyball,final_full_4d_hoi,1,0.0,-0.172911654,-0.871856745,4.667910594,1.0,0.0,0.0,0.0,samples_known_object/13_volleyball/results/final_full_4d_hoi/object_pose.csv,right_foot,foot,right,0.265006721,0.933032930,4.640161037,gvhmr_incam,1.000000,gvhmr_smplx_contact_site_provider,,,,,
13_volleyball,final_full_4d_hoi,2,0.041667,-0.168726630,-0.866946373,4.659931069,1.0,0.0,0.0,0.0,samples_known_object/13_volleyball/results/final_full_4d_hoi/object_pose.csv,left_hand,hand,left,-0.266368592,-0.845030618,4.536271572,gvhmr_incam,1.000000,gvhmr_smplx_contact_site_provider,,,,,
13_volleyball,final_full_4d_hoi,2,0.041667,-0.168726630,-0.866946373,4.659931069,1.0,0.0,0.0,0.0,samples_known_object/13_volleyball/results/final_full_4d_hoi/object_pose.csv,right_hand,hand,right,-0.076353908,-0.842761827,4.794870758,gvhmr_incam,1.000000,gvhmr_smplx_contact_site_provider,,,,,
13_volleyball,final_full_4d_hoi,2,0.041667,-0.168726630,-0.866946373,4.659931069,1.0,0.0,0.0,0.0,samples_known_object/13_volleyball/results/final_full_4d_hoi/object_pose.csv,left_foot,foot,left,-0.162591189,0.914558053,4.410337925,gvhmr_incam,1.000000,gvhmr_smplx_contact_site_provider,,,,,
13_volleyball,final_full_4d_hoi,2,0.041667,-0.168726630,-0.866946373,4.659931069,1.0,0.0,0.0,0.0,samples_known_object/13_volleyball/results/final_full_4d_hoi/object_pose.csv,right_foot,foot,right,0.270061105,0.932032526,4.644314766,gvhmr_incam,1.000000,gvhmr_smplx_contact_site_provider,,,,,
13_volleyball,final_full_4d_hoi,3,0.083333,-0.163770362,-0.854791961,4.642083619,1.0,0.0,0.0,0.0,samples_known_object/13_volleyball/results/final_full_4d_hoi/object_pose.csv,left_hand,hand,left,-0.261352688,-0.830524135,4.517151260,gvhmr_incam,1.000000,gvhmr_smplx_contact_site_provider,,,,,
13_volleyball,final_full_4d_hoi,3,0.083333,-0.163770362,-0.854791961,4.642083619,1.0,0.0,0.0,0.0,samples_known_object/13_volleyball/results/final_full_4d_hoi/object_pose.csv,right_hand,hand,right,-0.072687621,-0.828089523,4.779254818,gvhmr_incam,1.000000,gvhmr_smplx_contact_site_provider,,,,,
13_volleyball,final_full_4d_hoi,3,0.083333,-0.163770362,-0.854791961,4.642083619,1.0,0.0,0.0,0.0,samples_known_object/13_volleyball/results/final_full_4d_hoi/object_pose.csv,left_foot,foot,left,-0.155968726,0.917160749,4.404671192,gvhmr_incam,1.000000,gvhmr_smplx_contact_site_provider,,,,,
13_volleyball,final_full_4d_hoi,3,0.083333,-0.163770362,-0.854791961,4.642083619,1.0,0.0,0.0,0.0,samples_known_object/13_volleyball/results/final_full_4d_hoi/object_pose.csv,right_foot,foot,right,0.274371088,0.930741906,4.641633987,gvhmr_incam,1.000000,gvhmr_smplx_contact_site_provider,,,,,
13_volleyball,final_full_4d_hoi,4,0.125,-0.173044657,-0.967701051,4.621084826,1.0,0.0,0.0,0.0,samples_known_object/13_volleyball/results/final_full_4d_hoi/object_pose.csv,left_hand,hand,left,-0.255567837,-0.806990850,4.496557522,gvhmr_incam,1.000000,gvhmr_smplx_contact_site_provider,,,,,
13_volleyball,final_full_4d_hoi,4,0.125,-0.173044657,-0.967701051,4.621084826,1.0,0.0,0.0,0.0,samples_known_object/13_volleyball/results/final_full_4d_hoi/object_pose.csv,right_hand,hand,right,-0.074909343,-0.801407611,4.756299782,gvhmr_incam,1.000000,gvhmr_smplx_contact_site_provider,,,,,
13_volleyball,final_full_4d_hoi,4,0.125,-0.173044657,-0.967701051,4.621084826,1.0,0.0,0.0,0.0,samples_known_object/13_volleyball/results/final_full_4d_hoi/object_pose.csv,left_foot,foot,left,-0.151024505,0.919510186,4.398861408,gvhmr_incam,1.000000,gvhmr_smplx_contact_site_provider,,,,,
13_volleyball,final_full_4d_hoi,4,0.125,-0.173044657,-0.967701051,4.621084826,1.0,0.0,0.0,0.0,samples_known_object/13_volleyball/results/final_full_4d_hoi/object_pose.csv,right_foot,foot,right,0.275480211,0.929599404,4.636570930,gvhmr_incam,1.000000,gvhmr_smplx_contact_site_provider,,,,,
13_volleyball,final_full_4d_hoi,5,0.166667,-0.174409453,-0.952455419,4.602798938,1.0,0.0,0.0,0.0,samples_known_object/13_volleyball/results/final_full_4d_hoi/object_pose.csv,left_hand,hand,left,-0.241357338,-0.774793303,4.486507034,gvhmr_incam,1.000000,gvhmr_smplx_contact_site_provider,,,,,
13_volleyball,final_full_4d_hoi,5,0.166667,-0.174409453,-0.952455419,4.602798938,1.0,0.0,0.0,0.0,samples_known_object/13_volleyball/results/final_full_4d_hoi/object_pose.csv,right_hand,hand,right,-0.070135495,-0.763828456,4.740853882,gvhmr_incam,1.000000,gvhmr_smplx_contact_site_provider,,,,,
13_volleyball,final_full_4d_hoi,5,0.166667,-0.174409453,-0.952455419,4.602798938,1.0,0.0,0.0,0.0,samples_known_object/13_volleyball/results/final_full_4d_hoi/object_pose.csv,left_foot,foot,left,-0.146578282,0.922702253,4.404575825,gvhmr_incam,1.000000,gvhmr_smplx_contact_site_provider,,,,,
13_volleyball,final_full_4d_hoi,5,0.166667,-0.174409453,-0.952455419,4.602798938,1.0,0.0,0.0,0.0,samples_known_object/13_volleyball/results/final_full_4d_hoi/object_pose.csv,right_foot,foot,right,0.276412547,0.931108475,4.641054630,gvhmr_incam,1.000000,gvhmr_smplx_contact_site_provider,,,,,
13_volleyball,final_full_4d_hoi,6,0.208333,-0.174247797,-0.925225109,4.586639785,1.0,0.0,0.0,0.0,samples_known_object/13_volleyball/results/final_full_4d_hoi/object_pose.csv,left_hand,hand,left,-0.229086268,-0.740357971,4.453803444,gvhmr_incam,1.000000,gvhmr_smplx_contact_site_provider,,,,,
13_volleyball,final_full_4d_hoi,6,0.208333,-0.174247797,-0.925225109,4.586639785,1.0,0.0,0.0,0.0,samples_known_object/13_volleyball/results/final_full_4d_hoi/object_pose.csv,right_hand,hand,right,-0.065319918,-0.723894072,4.702670288,gvhmr_incam,1.000000,gvhmr_smplx_contact_site_provider,,,,,
13_volleyball,final_full_4d_hoi,6,0.208333,-0.174247797,-0.925225109,4.586639785,1.0,0.0,0.0,0.0,samples_known_object/13_volleyball/results/final_full_4d_hoi/object_pose.csv,left_foot,foot,left,-0.142643362,0.922834158,4.390212059,gvhmr_incam,1.000000,gvhmr_smplx_contact_site_provider,,,,,
13_volleyball,final_full_4d_hoi,6,0.208333,-0.174247797,-0.925225109,4.586639785,1.0,0.0,0.0,0.0,samples_known_object/13_volleyball/results/final_full_4d_hoi/object_pose.csv,right_foot,foot,right,0.278362513,0.929851055,4.624507427,gvhmr_incam,1.000000,gvhmr_smplx_contact_site_provider,,,,,
13_volleyball,final_full_4d_hoi,7,0.25,-0.175636748,-0.887255654,4.574670520,1.0,0.0,0.0,0.0,samples_known_object/13_volleyball/results/final_full_4d_hoi/object_pose.csv,left_hand,hand,left,-0.221198148,-0.704969835,4.437397480,gvhmr_incam,1.000000,gvhmr_smplx_contact_site_provider,,,,,
13_volleyball,final_full_4d_hoi,7,0.25,-0.175636748,-0.887255654,4.574670520,1.0,0.0,0.0,0.0,samples_known_object/13_volleyball/results/final_full_4d_hoi/object_pose.csv,right_hand,hand,right,-0.062926676,-0.684932244,4.680690575,gvhmr_incam,1.000000,gvhmr_smplx_contact_site_provider,,,,,
13_volleyball,final_full_4d_hoi,7,0.25,-0.175636748,-0.887255654,4.574670520,1.0,0.0,0.0,0.0,samples_known_object/13_volleyball/results/final_full_4d_hoi/object_pose.csv,left_foot,foot,left,-0.139250398,0.924208939,4.382545948,gvhmr_incam,1.000000,gvhmr_smplx_contact_site_provider,,,,,
13_volleyball,final_full_4d_hoi,7,0.25,-0.175636748,-0.887255654,4.574670520,1.0,0.0,0.0,0.0,samples_known_object/13_volleyball/results/final_full_4d_hoi/object_pose.csv,right_foot,foot,right,0.280146480,0.929390430,4.614853382,gvhmr_incam,1.000000,gvhmr_smplx_contact_site_provider,,,,,
13_volleyball,final_full_4d_hoi,8,0.291667,-0.175962826,-0.837620691,4.569704756,1.0,0.0,0.0,0.0,samples_known_object/13_volleyball/results/final_full_4d_hoi/object_pose.csv,left_hand,hand,left,-0.221741500,-0.679487181,4.433537197,gvhmr_incam,1.000000,gvhmr_smplx_contact_site_provider,,,,,
13_volleyball,final_full_4d_hoi,8,0.291667,-0.175962826,-0.837620691,4.569704756,1.0,0.0,0.0,0.0,samples_known_object/13_volleyball/results/final_full_4d_hoi/object_pose.csv,right_hand,hand,right,-0.075024998,-0.655473304,4.665772438,gvhmr_incam,1.000000,gvhmr_smplx_contact_site_provider,,,,,
13_volleyball,final_full_4d_hoi,8,0.291667,-0.175962826,-0.837620691,4.569704756,1.0,0.0,0.0,0.0,samples_known_object/13_volleyball/results/final_full_4d_hoi/object_pose.csv,left_foot,foot,left,-0.135496199,0.928377986,4.375757217,gvhmr_incam,1.000000,gvhmr_smplx_contact_site_provider,,,,,
13_volleyball,final_full_4d_hoi,8,0.291667,-0.175962826,-0.837620691,4.569704756,1.0,0.0,0.0,0.0,samples_known_object/13_volleyball/results/final_full_4d_hoi/object_pose.csv,right_foot,foot,right,0.283018768,0.931640625,4.605256557,gvhmr_incam,1.000000,gvhmr_smplx_contact_site_provider,,,,,
13_volleyball,final_full_4d_hoi,9,0.333333,-0.176220501,-0.786029707,4.575104308,1.0,0.0,0.0,0.0,samples_known_object/13_volleyball/results/final_full_4d_hoi/object_pose.csv,left_hand,hand,left,-0.232980871,-0.670370770,4.441593552,gvhmr_incam,1.000000,gvhmr_smplx_contact_site_provider,,,,,
13_volleyball,final_full_4d_hoi,9,0.333333,-0.176220501,-0.786029707,4.575104308,1.0,0.0,0.0,0.0,samples_known_object/13_volleyball/results/final_full_4d_hoi/object_pose.csv,right_hand,hand,right,-0.098716173,-0.645380533,4.661275291,gvhmr_incam,1.000000,gvhmr_smplx_contact_site_provider,,,,,
13_volleyball,final_full_4d_hoi,9,0.333333,-0.176220501,-0.786029707,4.575104308,1.0,0.0,0.0,0.0,samples_known_object/13_volleyball/results/final_full_4d_hoi/object_pose.csv,left_foot,foot,left,-0.132616282,0.929373980,4.374314308,gvhmr_incam,1.000000,gvhmr_smplx_contact_site_provider,,,,,
13_volleyball,final_full_4d_hoi,9,0.333333,-0.176220501,-0.786029707,4.575104308,1.0,0.0,0.0,0.0,samples_known_object/13_volleyball/results/final_full_4d_hoi/object_pose.csv,right_foot,foot,right,0.285563111,0.929572463,4.599530697,gvhmr_incam,1.000000,gvhmr_smplx_contact_site_provider,,,,,
13_volleyball,final_full_4d_hoi,10,0.375,-0.172159336,-0.735662805,4.594950299,1.0,0.0,0.0,0.0,samples_known_object/13_volleyball/results/final_full_4d_hoi/object_pose.csv,left_hand,hand,left,-0.259847802,-0.677548075,4.470095444,gvhmr_incam,1.000000,gvhmr_smplx_contact_site_provider,,,,,
13_volleyball,final_full_4d_hoi,10,0.375,-0.172159336,-0.735662805,4.594950299,1.0,0.0,0.0,0.0,samples_known_object/13_volleyball/results/final_full_4d_hoi/object_pose.csv,right_hand,hand,right,-0.135473154,-0.655326843,4.677231216,gvhmr_incam,1.000000,gvhmr_smplx_contact_site_provider,,,,,
13_volleyball,final_full_4d_hoi,10,0.375,-0.172159336,-0.735662805,4.594950299,1.0,0.0,0.0,0.0,samples_known_object/13_volleyball/results/final_full_4d_hoi/object_pose.csv,left_foot,foot,left,-0.134538844,0.930128634,4.389466763,gvhmr_incam,1.000000,gvhmr_smplx_contact_site_provider,,,,,
13_volleyball,final_full_4d_hoi,10,0.375,-0.172159336,-0.735662805,4.594950299,1.0,0.0,0.0,0.0,samples_known_object/13_volleyball/results/final_full_4d_hoi/object_pose.csv,right_foot,foot,right,0.284608603,0.926923156,4.608527660,gvhmr_incam,1.000000,gvhmr_smplx_contact_site_provider,,,,,
13_volleyball,final_full_4d_hoi,11,0.416667,-0.203739023,-0.754402232,4.632460597,1.0,0.0,0.0,0.0,samples_known_object/13_volleyball/results/final_full_4d_hoi/object_pose.csv,left_hand,hand,left,-0.288444239,-0.703961587,4.490037155,gvhmr_incam,1.000000,gvhmr_smplx_contact_site_provider,,,,,
13_volleyball,final_full_4d_hoi,11,0.416667,-0.203739023,-0.754402232,4.632460597,1.0,0.0,0.0,0.0,samples_known_object/13_volleyball/results/final_full_4d_hoi/object_pose.csv,right_hand,hand,right,-0.163858518,-0.682362425,4.696569538,gvhmr_incam,1.000000,gvhmr_smplx_contact_site_provider,,,,,
13_volleyball,final_full_4d_hoi,11,0.416667,-0.203739023,-0.754402232,4.632460597,1.0,0.0,0.0,0.0,samples_known_object/13_volleyball/results/final_full_4d_hoi/object_pose.csv,left_foot,foot,left,-0.135587260,0.928364992,4.397411823,gvhmr_incam,1.000000,gvhmr_smplx_contact_site_provider,,,,,
13_volleyball,final_full_4d_hoi,11,0.416667,-0.203739023,-0.754402232,4.632460597,1.0,0.0,0.0,0.0,samples_known_object/13_volleyball/results/final_full_4d_hoi/object_pose.csv,right_foot,foot,right,0.284385741,0.921755373,4.611846447,gvhmr_incam,1.000000,gvhmr_smplx_contact_site_provider,,,,,
13_volleyball,final_full_4d_hoi,12,0.458333,-0.233302988,-0.807747452,4.609628635,1.0,0.0,0.0,0.0,samples_known_object/13_volleyball/results/final_full_4d_hoi/object_pose.csv,left_hand,hand,left,-0.321157044,-0.747116208,4.509120274,gvhmr_incam,1.000000,gvhmr_smplx_contact_site_provider,,,,,
13_volleyball,final_full_4d_hoi,12,0.458333,-0.233302988,-0.807747452,4.609628635,1.0,0.0,0.0,0.0,samples_known_object/13_volleyball/results/final_full_4d_hoi/object_pose.csv,right_hand,hand,right,-0.192474535,-0.730125308,4.727479076,gvhmr_incam,1.000000,gvhmr_smplx_contact_site_provider,,,,,
13_volleyball,final_full_4d_hoi,12,0.458333,-0.233302988,-0.807747452,4.609628635,1.0,0.0,0.0,0.0,samples_known_object/13_volleyball/results/final_full_4d_hoi/object_pose.csv,left_foot,foot,left,-0.139635980,0.923513949,4.400816917,gvhmr_incam,1.000000,gvhmr_smplx_contact_site_provider,,,,,
13_volleyball,final_full_4d_hoi,12,0.458333,-0.233302988,-0.807747452,4.609628635,1.0,0.0,0.0,0.0,samples_known_object/13_volleyball/results/final_full_4d_hoi/object_pose.csv,right_foot,foot,right,0.281147480,0.914402008,4.611955643,gvhmr_incam,1.000000,gvhmr_smplx_contact_site_provider,,,,,
13_volleyball,final_full_4d_hoi,13,0.5,-0.260405277,-0.855115742,4.618430999,1.0,0.0,0.0,0.0,samples_known_object/13_volleyball/results/final_full_4d_hoi/object_pose.csv,left_hand,hand,left,-0.349258208,-0.803914523,4.515061378,gvhmr_incam,1.000000,gvhmr_smplx_contact_site_provider,,,,,
13_volleyball,final_full_4d_hoi,13,0.5,-0.260405277,-0.855115742,4.618430999,1.0,0.0,0.0,0.0,samples_known_object/13_volleyball/results/final_full_4d_hoi/object_pose.csv,right_hand,hand,right,-0.208271921,-0.790424657,4.765235424,gvhmr_incam,1.000000,gvhmr_smplx_contact_site_provider,,,,,
13_volleyball,final_full_4d_hoi,13,0.5,-0.260405277,-0.855115742,4.618430999,1.0,0.0,0.0,0.0,samples_known_object/13_volleyball/results/final_full_4d_hoi/object_pose.csv,left_foot,foot,left,-0.143179119,0.921586752,4.406119347,gvhmr_incam,1.000000,gvhmr_smplx_contact_site_provider,,,,,
13_volleyball,final_full_4d_hoi,13,0.5,-0.260405277,-0.855115742,4.618430999,1.0,0.0,0.0,0.0,samples_known_object/13_volleyball/results/final_full_4d_hoi/object_pose.csv,right_foot,foot,right,0.277817875,0.911542535,4.612120628,gvhmr_incam,1.000000,gvhmr_smplx_contact_site_provider,,,,,
13_volleyball,final_full_4d_hoi,14,0.541667,-0.275320245,-0.889422595,4.636341421,1.0,0.0,0.0,0.0,samples_known_object/13_volleyball/results/final_full_4d_hoi/object_pose.csv,left_hand,hand,left,-0.366964823,-0.850433135,4.517474365,gvhmr_incam,1.000000,gvhmr_smplx_contact_site_provider,,,,,
13_volleyball,final_full_4d_hoi,14,0.541667,-0.275320245,-0.889422595,4.636341421,1.0,0.0,0.0,0.0,samples_known_object/13_volleyball/results/final_full_4d_hoi/object_pose.csv,right_hand,hand,right,-0.205990219,-0.841664147,4.790113354,gvhmr_incam,1.000000,gvhmr_smplx_contact_site_provider,,,,,
13_volleyball,final_full_4d_hoi,14,0.541667,-0.275320245,-0.889422595,4.636341421,1.0,0.0,0.0,0.0,samples_known_object/13_volleyball/results/final_full_4d_hoi/object_pose.csv,left_foot,foot,left,-0.147983044,0.922026575,4.407827377,gvhmr_incam,1.000000,gvhmr_smplx_contact_site_provider,,,,,
13_volleyball,final_full_4d_hoi,14,0.541667,-0.275320245,-0.889422595,4.636341421,1.0,0.0,0.0,0.0,samples_known_object/13_volleyball/results/final_full_4d_hoi/object_pose.csv,right_foot,foot,right,0.271143287,0.913981199,4.607220650,gvhmr_incam,1.000000,gvhmr_smplx_contact_site_provider,,,,,
13_volleyball,final_full_4d_hoi,15,0.583333,-0.267578685,-0.915016400,4.633362534,1.0,0.0,0.0,0.0,samples_known_object/13_volleyball/results/final_full_4d_hoi/object_pose.csv,left_hand,hand,left,-0.360326159,-0.886056459,4.498756504,gvhmr_incam,1.000000,gvhmr_smplx_contact_site_provider,,,,,
13_volleyball,final_full_4d_hoi,15,0.583333,-0.267578685,-0.915016400,4.633362534,1.0,0.0,0.0,0.0,samples_known_object/13_volleyball/results/final_full_4d_hoi/object_pose.csv,right_hand,hand,right,-0.190015438,-0.878369391,4.791395664,gvhmr_incam,1.000000,gvhmr_smplx_contact_site_provider,,,,,
13_volleyball,final_full_4d_hoi,15,0.583333,-0.267578685,-0.915016400,4.633362534,1.0,0.0,0.0,0.0,samples_known_object/13_volleyball/results/final_full_4d_hoi/object_pose.csv,left_foot,foot,left,-0.151705414,0.923477411,4.405926228,gvhmr_incam,1.000000,gvhmr_smplx_contact_site_provider,,,,,
13_volleyball,final_full_4d_hoi,15,0.583333,-0.267578685,-0.915016400,4.633362534,1.0,0.0,0.0,0.0,samples_known_object/13_volleyball/results/final_full_4d_hoi/object_pose.csv,right_foot,foot,right,0.261521071,0.918923736,4.600715160,gvhmr_incam,1.000000,gvhmr_smplx_contact_site_provider,,,,,
13_volleyball,final_full_4d_hoi,16,0.625,-0.282617299,-1.100395629,4.629012196,1.0,0.0,0.0,0.0,samples_known_object/13_volleyball/results/final_full_4d_hoi/object_pose.csv,left_hand,hand,left,-0.343803775,-0.901591301,4.496079731,gvhmr_incam,1.000000,gvhmr_smplx_contact_site_provider,,,,,
13_volleyball,final_full_4d_hoi,16,0.625,-0.282617299,-1.100395629,4.629012196,1.0,0.0,0.0,0.0,samples_known_object/13_volleyball/results/final_full_4d_hoi/object_pose.csv,right_hand,hand,right,-0.169503576,-0.896398330,4.803697395,gvhmr_incam,1.000000,gvhmr_smplx_contact_site_provider,,,,,
13_volleyball,final_full_4d_hoi,16,0.625,-0.282617299,-1.100395629,4.629012196,1.0,0.0,0.0,0.0,samples_known_object/13_volleyball/results/final_full_4d_hoi/object_pose.csv,left_foot,foot,left,-0.152031958,0.927258372,4.417810917,gvhmr_incam,1.000000,gvhmr_smplx_contact_site_provider,,,,,
13_volleyball,final_full_4d_hoi,16,0.625,-0.282617299,-1.100395629,4.629012196,1.0,0.0,0.0,0.0,samples_known_object/13_volleyball/results/final_full_4d_hoi/object_pose.csv,right_foot,foot,right,0.253535271,0.927225590,4.609082222,gvhmr_incam,1.000000,gvhmr_smplx_contact_site_provider,,,,,
13_volleyball,final_full_4d_hoi,17,0.666667,-0.275211016,-1.127495348,4.628873776,1.0,0.0,0.0,0.0,samples_known_object/13_volleyball/results/final_full_4d_hoi/object_pose.csv,left_hand,hand,left,-0.319920057,-0.896750307,4.497211933,gvhmr_incam,1.000000,gvhmr_smplx_contact_site_provider,,,,,
13_volleyball,final_full_4d_hoi,17,0.666667,-0.275211016,-1.127495348,4.628873776,1.0,0.0,0.0,0.0,samples_known_object/13_volleyball/results/final_full_4d_hoi/object_pose.csv,right_hand,hand,right,-0.149589422,-0.893960261,4.815509415,gvhmr_incam,1.000000,gvhmr_smplx_contact_site_provider,,,,,
13_volleyball,final_full_4d_hoi,17,0.666667,-0.275211016,-1.127495348,4.628873776,1.0,0.0,0.0,0.0,samples_known_object/13_volleyball/results/final_full_4d_hoi/object_pose.csv,left_foot,foot,left,-0.148252666,0.933607101,4.431628227,gvhmr_incam,1.000000,gvhmr_smplx_contact_site_provider,,,,,
13_volleyball,final_full_4d_hoi,17,0.666667,-0.275211016,-1.127495348,4.628873776,1.0,0.0,0.0,0.0,samples_known_object/13_volleyball/results/final_full_4d_hoi/object_pose.csv,right_foot,foot,right,0.250642985,0.936167002,4.622526646,gvhmr_incam,1.000000,gvhmr_smplx_contact_site_provider,,,,,
13_volleyball,final_full_4d_hoi,18,0.708333,-0.269822145,-1.189381165,4.627968953,1.0,0.0,0.0,0.0,samples_known_object/13_volleyball/results/final_full_4d_hoi/object_pose.csv,left_hand,hand,left,-0.297790563,-0.876231158,4.485361576,gvhmr_incam,1.000000,gvhmr_smplx_contact_site_provider,,,,,
13_volleyball,final_full_4d_hoi,18,0.708333,-0.269822145,-1.189381165,4.627968953,1.0,0.0,0.0,0.0,samples_known_object/13_volleyball/results/final_full_4d_hoi/object_pose.csv,right_hand,hand,right,-0.130341408,-0.874855220,4.804640579,gvhmr_incam,1.000000,gvhmr_smplx_contact_site_provider,,,,,
13_volleyball,final_full_4d_hoi,18,0.708333,-0.269822145,-1.189381165,4.627968953,1.0,0.0,0.0,0.0,samples_known_object/13_volleyball/results/final_full_4d_hoi/object_pose.csv,left_foot,foot,left,-0.146136925,0.937766731,4.431313515,gvhmr_incam,1.000000,gvhmr_smplx_contact_site_provider,,,,,
13_volleyball,final_full_4d_hoi,18,0.708333,-0.269822145,-1.189381165,4.627968953,1.0,0.0,0.0,0.0,samples_known_object/13_volleyball/results/final_full_4d_hoi/object_pose.csv,right_foot,foot,right,0.249400765,0.941021979,4.621644497,gvhmr_incam,1.000000,gvhmr_smplx_contact_site_provider,,,,,
13_volleyball,final_full_4d_hoi,19,0.75,-0.264095191,-1.219160586,4.627185981,1.0,0.0,0.0,0.0,samples_known_object/13_volleyball/results/final_full_4d_hoi/object_pose.csv,left_hand,hand,left,-0.277526307,-0.844048762,4.472017002,gvhmr_incam,1.000000,gvhmr_smplx_contact_site_provider,,,,,
13_volleyball,final_full_4d_hoi,19,0.75,-0.264095191,-1.219160586,4.627185981,1.0,0.0,0.0,0.0,samples_known_object/13_volleyball/results/final_full_4d_hoi/object_pose.csv,right_hand,hand,right,-0.114123306,-0.842815852,4.782290077,gvhmr_incam,1.000000,gvhmr_smplx_contact_site_provider,,,,,
13_volleyball,final_full_4d_hoi,19,0.75,-0.264095191,-1.219160586,4.627185981,1.0,0.0,0.0,0.0,samples_known_object/13_volleyball/results/final_full_4d_hoi/object_pose.csv,left_foot,foot,left,-0.143052295,0.938826144,4.429290295,gvhmr_incam,1.000000,gvhmr_smplx_contact_site_provider,,,,,
13_volleyball,final_full_4d_hoi,19,0.75,-0.264095191,-1.219160586,4.627185981,1.0,0.0,0.0,0.0,samples_known_object/13_volleyball/results/final_full_4d_hoi/object_pose.csv,right_foot,foot,right,0.250265270,0.942219675,4.621224403,gvhmr_incam,1.000000,gvhmr_smplx_contact_site_provider,,,,,
13_volleyball,final_full_4d_hoi,20,0.791667,-0.258216661,-1.239224818,4.625563941,1.0,0.0,0.0,0.0,samples_known_object/13_volleyball/results/final_full_4d_hoi/object_pose.csv,left_hand,hand,left,-0.261005759,-0.806951737,4.467304993,gvhmr_incam,1.000000,gvhmr_smplx_contact_site_provider,,,,,
13_volleyball,final_full_4d_hoi,20,0.791667,-0.258216661,-1.239224818,4.625563941,1.0,0.0,0.0,0.0,samples_known_object/13_volleyball/results/final_full_4d_hoi/object_pose.csv,right_hand,hand,right,-0.096657525,-0.798938942,4.764129829,gvhmr_incam,1.000000,gvhmr_smplx_contact_site_provider,,,,,
13_volleyball,final_full_4d_hoi,20,0.791667,-0.258216661,-1.239224818,4.625563941,1.0,0.0,0.0,0.0,samples_known_object/13_volleyball/results/final_full_4d_hoi/object_pose.csv,left_foot,foot,left,-0.140206307,0.940242290,4.426268578,gvhmr_incam,1.000000,gvhmr_smplx_contact_site_provider,,,,,
13_volleyball,final_full_4d_hoi,20,0.791667,-0.258216661,-1.239224818,4.625563941,1.0,0.0,0.0,0.0,samples_known_object/13_volleyball/results/final_full_4d_hoi/object_pose.csv,right_foot,foot,right,0.251673847,0.943589807,4.619207859,gvhmr_incam,1.000000,gvhmr_smplx_contact_site_provider,,,,,
13_volleyball,final_full_4d_hoi,21,0.833333,-0.252176041,-1.249705418,4.622854957,1.0,0.0,0.0,0.0,samples_known_object/13_volleyball/results/final_full_4d_hoi/object_pose.csv,left_hand,hand,left,-0.250148350,-0.772352910,4.452722359,gvhmr_incam,1.000000,gvhmr_smplx_contact_site_provider,,,,,
13_volleyball,final_full_4d_hoi,21,0.833333,-0.252176041,-1.249705418,4.622854957,1.0,0.0,0.0,0.0,samples_known_object/13_volleyball/results/final_full_4d_hoi/object_pose.csv,right_hand,hand,right,-0.088656108,-0.756577039,4.736523151,gvhmr_incam,1.000000,gvhmr_smplx_contact_site_provider,,,,,
13_volleyball,final_full_4d_hoi,21,0.833333,-0.252176041,-1.249705418,4.622854957,1.0,0.0,0.0,0.0,samples_known_object/13_volleyball/results/final_full_4d_hoi/object_pose.csv,left_foot,foot,left,-0.137636364,0.937592685,4.411067486,gvhmr_incam,1.000000,gvhmr_smplx_contact_site_provider,,,,,
13_volleyball,final_full_4d_hoi,21,0.833333,-0.252176041,-1.249705418,4.622854957,1.0,0.0,0.0,0.0,samples_known_object/13_volleyball/results/final_full_4d_hoi/object_pose.csv,right_foot,foot,right,0.253536254,0.940008879,4.603581905,gvhmr_incam,1.000000,gvhmr_smplx_contact_site_provider,,,,,
13_volleyball,final_full_4d_hoi,22,0.875,-0.245978208,-1.250570614,4.619014974,1.0,0.0,0.0,0.0,samples_known_object/13_volleyball/results/final_full_4d_hoi/object_pose.csv,left_hand,hand,left,-0.241789851,-0.740725875,4.432926083,gvhmr_incam,1.000000,gvhmr_smplx_contact_site_provider,,,,,
13_volleyball,final_full_4d_hoi,22,0.875,-0.245978208,-1.250570614,4.619014974,1.0,0.0,0.0,0.0,samples_known_object/13_volleyball/results/final_full_4d_hoi/object_pose.csv,right_hand,hand,right,-0.079096404,-0.719560122,4.704755878,gvhmr_incam,1.000000,gvhmr_smplx_contact_site_provider,,,,,
13_volleyball,final_full_4d_hoi,22,0.875,-0.245978208,-1.250570614,4.619014974,1.0,0.0,0.0,0.0,samples_known_object/13_volleyball/results/final_full_4d_hoi/object_pose.csv,left_foot,foot,left,-0.136017069,0.935734153,4.383663177,gvhmr_incam,1.000000,gvhmr_smplx_contact_site_provider,,,,,
13_volleyball,final_full_4d_hoi,22,0.875,-0.245978208,-1.250570614,4.619014974,1.0,0.0,0.0,0.0,samples_known_object/13_volleyball/results/final_full_4d_hoi/object_pose.csv,right_foot,foot,right,0.254251838,0.937735796,4.576187134,gvhmr_incam,1.000000,gvhmr_smplx_contact_site_provider,,,,,
13_volleyball,final_full_4d_hoi,23,0.916667,-0.239631055,-1.241890678,4.614226245,1.0,0.0,0.0,0.0,samples_known_object/13_volleyball/results/final_full_4d_hoi/object_pose.csv,left_hand,hand,left,-0.233258289,-0.712010968,4.428962612,gvhmr_incam,1.000000,gvhmr_smplx_contact_site_provider,,,,,
13_volleyball,final_full_4d_hoi,23,0.916667,-0.239631055,-1.241890678,4.614226245,1.0,0.0,0.0,0.0,samples_known_object/13_volleyball/results/final_full_4d_hoi/object_pose.csv,right_hand,hand,right,-0.070332892,-0.689001918,4.693710613,gvhmr_incam,1.000000,gvhmr_smplx_contact_site_provider,,,,,
13_volleyball,final_full_4d_hoi,23,0.916667,-0.239631055,-1.241890678,4.614226245,1.0,0.0,0.0,0.0,samples_known_object/13_volleyball/results/final_full_4d_hoi/object_pose.csv,left_foot,foot,left,-0.134163469,0.935326219,4.369668484,gvhmr_incam,1.000000,gvhmr_smplx_contact_site_provider,,,,,
13_volleyball,final_full_4d_hoi,23,0.916667,-0.239631055,-1.241890678,4.614226245,1.0,0.0,0.0,0.0,samples_known_object/13_volleyball/results/final_full_4d_hoi/object_pose.csv,right_foot,foot,right,0.255041152,0.938790083,4.562963486,gvhmr_incam,1.000000,gvhmr_smplx_contact_site_provider,,,,,
13_volleyball,final_full_4d_hoi,24,0.958333,-0.233170666,-1.223821217,4.608936919,1.0,0.0,0.0,0.0,samples_known_object/13_volleyball/results/final_full_4d_hoi/object_pose.csv,left_hand,hand,left,-0.227774262,-0.690622211,4.424851131,gvhmr_incam,1.000000,gvhmr_smplx_contact_site_provider,,,,,
13_volleyball,final_full_4d_hoi,24,0.958333,-0.233170666,-1.223821217,4.608936919,1.0,0.0,0.0,0.0,samples_known_object/13_volleyball/results/final_full_4d_hoi/object_pose.csv,right_hand,hand,right,-0.064179510,-0.666650081,4.684913445,gvhmr_incam,1.000000,gvhmr_smplx_contact_site_provider,,,,,
13_volleyball,final_full_4d_hoi,24,0.958333,-0.233170666,-1.223821217,4.608936919,1.0,0.0,0.0,0.0,samples_known_object/13_volleyball/results/final_full_4d_hoi/object_pose.csv,left_foot,foot,left,-0.132312909,0.933282852,4.355066299,gvhmr_incam,1.000000,gvhmr_smplx_contact_site_provider,,,,,
13_volleyball,final_full_4d_hoi,24,0.958333,-0.233170666,-1.223821217,4.608936919,1.0,0.0,0.0,0.0,samples_known_object/13_volleyball/results/final_full_4d_hoi/object_pose.csv,right_foot,foot,right,0.256753504,0.938626170,4.549432278,gvhmr_incam,1.000000,gvhmr_smplx_contact_site_provider,,,,,
13_volleyball,final_full_4d_hoi,25,1.0,-0.226631134,-1.196600629,4.603894651,1.0,0.0,0.0,0.0,samples_known_object/13_volleyball/results/final_full_4d_hoi/object_pose.csv,left_hand,hand,left,-0.224526894,-0.673066473,4.423979378,gvhmr_incam,1.000000,gvhmr_smplx_contact_site_provider,,,,,
13_volleyball,final_full_4d_hoi,25,1.0,-0.226631134,-1.196600629,4.603894651,1.0,0.0,0.0,0.0,samples_known_object/13_volleyball/results/final_full_4d_hoi/object_pose.csv,right_hand,hand,right,-0.059175548,-0.649402106,4.678776550,gvhmr_incam,1.000000,gvhmr_smplx_contact_site_provider,,,,,
13_volleyball,final_full_4d_hoi,25,1.0,-0.226631134,-1.196600629,4.603894651,1.0,0.0,0.0,0.0,samples_known_object/13_volleyball/results/final_full_4d_hoi/object_pose.csv,left_foot,foot,left,-0.131856725,0.931194544,4.342187881,gvhmr_incam,1.000000,gvhmr_smplx_contact_site_provider,,,,,
13_volleyball,final_full_4d_hoi,25,1.0,-0.226631134,-1.196600629,4.603894651,1.0,0.0,0.0,0.0,samples_known_object/13_volleyball/results/final_full_4d_hoi/object_pose.csv,right_foot,foot,right,0.260818601,0.939203382,4.540134907,gvhmr_incam,1.000000,gvhmr_smplx_contact_site_provider,,,,,
13_volleyball,final_full_4d_hoi,26,1.041667,-0.220041009,-1.160417157,4.600155056,1.0,0.0,0.0,0.0,samples_known_object/13_volleyball/results/final_full_4d_hoi/object_pose.csv,left_hand,hand,left,-0.222303474,-0.661415625,4.437434292,gvhmr_incam,1.000000,gvhmr_smplx_contact_site_provider,,,,,
13_volleyball,final_full_4d_hoi,26,1.041667,-0.220041009,-1.160417157,4.600155056,1.0,0.0,0.0,0.0,samples_known_object/13_volleyball/results/final_full_4d_hoi/object_pose.csv,right_hand,hand,right,-0.055305137,-0.636678195,4.685825062,gvhmr_incam,1.000000,gvhmr_smplx_contact_site_provider,,,,,
13_volleyball,final_full_4d_hoi,26,1.041667,-0.220041009,-1.160417157,4.600155056,1.0,0.0,0.0,0.0,samples_known_object/13_volleyball/results/final_full_4d_hoi/object_pose.csv,left_foot,foot,left,-0.136432618,0.927484632,4.337888241,gvhmr_incam,1.000000,gvhmr_smplx_contact_site_provider,,,,,
13_volleyball,final_full_4d_hoi,26,1.041667,-0.220041009,-1.160417157,4.600155056,1.0,0.0,0.0,0.0,samples_known_object/13_volleyball/results/final_full_4d_hoi/object_pose.csv,right_foot,foot,right,0.263709635,0.939990520,4.544600487,gvhmr_incam,1.000000,gvhmr_smplx_contact_site_provider,,,,,
13_volleyball,final_full_4d_hoi,27,1.083333,-0.208652303,-1.105000081,4.599288755,1.0,0.0,0.0,0.0,samples_known_object/13_volleyball/results/final_full_4d_hoi/object_pose.csv,left_hand,hand,left,-0.221368209,-0.652748764,4.449882126,gvhmr_incam,1.000000,gvhmr_smplx_contact_site_provider,,,,,
13_volleyball,final_full_4d_hoi,27,1.083333,-0.208652303,-1.105000081,4.599288755,1.0,0.0,0.0,0.0,samples_known_object/13_volleyball/results/final_full_4d_hoi/object_pose.csv,right_hand,hand,right,-0.055184999,-0.624707091,4.693962193,gvhmr_incam,1.000000,gvhmr_smplx_contact_site_provider,,,,,
13_volleyball,final_full_4d_hoi,27,1.083333,-0.208652303,-1.105000081,4.599288755,1.0,0.0,0.0,0.0,samples_known_object/13_volleyball/results/final_full_4d_hoi/object_pose.csv,left_foot,foot,left,-0.141990349,0.922397494,4.332880974,gvhmr_incam,1.000000,gvhmr_smplx_contact_site_provider,,,,,
13_volleyball,final_full_4d_hoi,27,1.083333,-0.208652303,-1.105000081,4.599288755,1.0,0.0,0.0,0.0,samples_known_object/13_volleyball/results/final_full_4d_hoi/object_pose.csv,right_foot,foot,right,0.265300512,0.940151632,4.550474167,gvhmr_incam,1.000000,gvhmr_smplx_contact_site_provider,,,,,
13_volleyball,final_full_4d_hoi,28,1.125,-0.203753946,-1.074439558,4.601678406,1.0,0.0,0.0,0.0,samples_known_object/13_volleyball/results/final_full_4d_hoi/object_pose.csv,left_hand,hand,left,-0.221194881,-0.644786823,4.458334827,gvhmr_incam,1.000000,gvhmr_smplx_contact_site_provider,,,,,
13_volleyball,final_full_4d_hoi,28,1.125,-0.203753946,-1.074439558,4.601678406,1.0,0.0,0.0,0.0,samples_known_object/13_volleyball/results/final_full_4d_hoi/object_pose.csv,right_hand,hand,right,-0.057477757,-0.613625145,4.696286392,gvhmr_incam,1.000000,gvhmr_smplx_contact_site_provider,,,,,
13_volleyball,final_full_4d_hoi,28,1.125,-0.203753946,-1.074439558,4.601678406,1.0,0.0,0.0,0.0,samples_known_object/13_volleyball/results/final_full_4d_hoi/object_pose.csv,left_foot,foot,left,-0.147053838,0.920184791,4.327158451,gvhmr_incam,1.000000,gvhmr_smplx_contact_site_provider,,,,,
13_volleyball,final_full_4d_hoi,28,1.125,-0.203753946,-1.074439558,4.601678406,1.0,0.0,0.0,0.0,samples_known_object/13_volleyball/results/final_full_4d_hoi/object_pose.csv,right_foot,foot,right,0.262763441,0.940773010,4.554803371,gvhmr_incam,1.000000,gvhmr_smplx_contact_site_provider,,,,,
13_volleyball,final_full_4d_hoi,29,1.166667,-0.199500450,-1.024940543,4.608968110,1.0,0.0,0.0,0.0,samples_known_object/13_volleyball/results/final_full_4d_hoi/object_pose.csv,left_hand,hand,left,-0.220772159,-0.634995151,4.469453526,gvhmr_incam,1.000000,gvhmr_smplx_contact_site_provider,,,,,
13_volleyball,final_full_4d_hoi,29,1.166667,-0.199500450,-1.024940543,4.608968110,1.0,0.0,0.0,0.0,samples_known_object/13_volleyball/results/final_full_4d_hoi/object_pose.csv,right_hand,hand,right,-0.059869227,-0.600786018,4.697294331,gvhmr_incam,1.000000,gvhmr_smplx_contact_site_provider,,,,,
13_volleyball,final_full_4d_hoi,29,1.166667,-0.199500450,-1.024940543,4.608968110,1.0,0.0,0.0,0.0,samples_known_object/13_volleyball/results/final_full_4d_hoi/object_pose.csv,left_foot,foot,left,-0.149370164,0.920550704,4.326792240,gvhmr_incam,1.000000,gvhmr_smplx_contact_site_provider,,,,,
13_volleyball,final_full_4d_hoi,29,1.166667,-0.199500450,-1.024940543,4.608968110,1.0,0.0,0.0,0.0,samples_known_object/13_volleyball/results/final_full_4d_hoi/object_pose.csv,right_foot,foot,right,0.260090411,0.940770686,4.562102318,gvhmr_incam,1.000000,gvhmr_smplx_contact_site_provider,,,,,
13_volleyball,final_full_4d_hoi,30,1.208333,-0.196016342,-0.934713923,4.620799659,1.0,0.0,0.0,0.0,samples_known_object/13_volleyball/results/final_full_4d_hoi/object_pose.csv,left_hand,hand,left,-0.220461178,-0.619566524,4.480276680,gvhmr_incam,1.000000,gvhmr_smplx_contact_site_provider,,,,,
13_volleyball,final_full_4d_hoi,30,1.208333,-0.196016342,-0.934713923,4.620799659,1.0,0.0,0.0,0.0,samples_known_object/13_volleyball/results/final_full_4d_hoi/object_pose.csv,right_hand,hand,right,-0.063751736,-0.581321681,4.694971752,gvhmr_incam,1.000000,gvhmr_smplx_contact_site_provider,,,,,
13_volleyball,final_full_4d_hoi,30,1.208333,-0.196016342,-0.934713923,4.620799659,1.0,0.0,0.0,0.0,samples_known_object/13_volleyball/results/final_full_4d_hoi/object_pose.csv,left_foot,foot,left,-0.149612665,0.923830152,4.325585365,gvhmr_incam,1.000000,gvhmr_smplx_contact_site_provider,,,,,
13_volleyball,final_full_4d_hoi,30,1.208333,-0.196016342,-0.934713923,4.620799659,1.0,0.0,0.0,0.0,samples_known_object/13_volleyball/results/final_full_4d_hoi/object_pose.csv,right_foot,foot,right,0.257113636,0.942262888,4.566380978,gvhmr_incam,1.000000,gvhmr_smplx_contact_site_provider,,,,,
13_volleyball,final_full_4d_hoi,31,1.25,-0.192418039,-0.830192624,4.633606201,1.0,0.0,0.0,0.0,samples_known_object/13_volleyball/results/final_full_4d_hoi/object_pose.csv,left_hand,hand,left,-0.221179432,-0.608824325,4.493819046,gvhmr_incam,1.000000,gvhmr_smplx_contact_site_provider,,,,,
13_volleyball,final_full_4d_hoi,31,1.25,-0.192418039,-0.830192624,4.633606201,1.0,0.0,0.0,0.0,samples_known_object/13_volleyball/results/final_full_4d_hoi/object_pose.csv,right_hand,hand,right,-0.070689411,-0.568172073,4.691001129,gvhmr_incam,1.000000,gvhmr_smplx_contact_site_provider,,,,,
13_volleyball,final_full_4d_hoi,31,1.25,-0.192418039,-0.830192624,4.633606201,1.0,0.0,0.0,0.0,samples_known_object/13_volleyball/results/final_full_4d_hoi/object_pose.csv,left_foot,foot,left,-0.147488922,0.926234603,4.327403069,gvhmr_incam,1.000000,gvhmr_smplx_contact_site_provider,,,,,
13_volleyball,final_full_4d_hoi,31,1.25,-0.192418039,-0.830192624,4.633606201,1.0,0.0,0.0,0.0,samples_known_object/13_volleyball/results/final_full_4d_hoi/object_pose.csv,right_foot,foot,right,0.254887164,0.943674445,4.570819378,gvhmr_incam,1.000000,gvhmr_smplx_contact_site_provider,,,,,
13_volleyball,final_full_4d_hoi,32,1.291667,-0.187646420,-0.720272194,4.641533539,1.0,0.0,0.0,0.0,samples_known_object/13_volleyball/results/final_full_4d_hoi/object_pose.csv,left_hand,hand,left,-0.232040161,-0.609601057,4.498758030,gvhmr_incam,1.000000,gvhmr_smplx_contact_site_provider,,,,,
13_volleyball,final_full_4d_hoi,32,1.291667,-0.187646420,-0.720272194,4.641533539,1.0,0.0,0.0,0.0,samples_known_object/13_volleyball/results/final_full_4d_hoi/object_pose.csv,right_hand,hand,right,-0.088306925,-0.567127144,4.677748966,gvhmr_incam,1.000000,gvhmr_smplx_contact_site_provider,,,,,
13_volleyball,final_full_4d_hoi,32,1.291667,-0.187646420,-0.720272194,4.641533539,1.0,0.0,0.0,0.0,samples_known_object/13_volleyball/results/final_full_4d_hoi/object_pose.csv,left_foot,foot,left,-0.148733377,0.924447536,4.321747780,gvhmr_incam,1.000000,gvhmr_smplx_contact_site_provider,,,,,
13_volleyball,final_full_4d_hoi,32,1.291667,-0.187646420,-0.720272194,4.641533539,1.0,0.0,0.0,0.0,samples_known_object/13_volleyball/results/final_full_4d_hoi/object_pose.csv,right_foot,foot,right,0.250326753,0.941750467,4.564918518,gvhmr_incam,1.000000,gvhmr_smplx_contact_site_provider,,,,,
13_volleyball,final_full_4d_hoi,33,1.333333,-0.161753094,-0.647530616,4.635791252,1.0,0.0,0.0,0.0,samples_known_object/13_volleyball/results/final_full_4d_hoi/object_pose.csv,left_hand,hand,left,-0.248005724,-0.628070629,4.501986790,gvhmr_incam,1.000000,gvhmr_smplx_contact_site_provider,,,,,
13_volleyball,final_full_4d_hoi,33,1.333333,-0.161753094,-0.647530616,4.635791252,1.0,0.0,0.0,0.0,samples_known_object/13_volleyball/results/final_full_4d_hoi/object_pose.csv,right_hand,hand,right,-0.106780358,-0.586288381,4.665748215,gvhmr_incam,1.000000,gvhmr_smplx_contact_site_provider,,,,,
13_volleyball,final_full_4d_hoi,33,1.333333,-0.161753094,-0.647530616,4.635791252,1.0,0.0,0.0,0.0,samples_known_object/13_volleyball/results/final_full_4d_hoi/object_pose.csv,left_foot,foot,left,-0.147211164,0.921246767,4.320278168,gvhmr_incam,1.000000,gvhmr_smplx_contact_site_provider,,,,,
13_volleyball,final_full_4d_hoi,33,1.333333,-0.161753094,-0.647530616,4.635791252,1.0,0.0,0.0,0.0,samples_known_object/13_volleyball/results/final_full_4d_hoi/object_pose.csv,right_foot,foot,right,0.250627965,0.937040746,4.563282013,gvhmr_incam,1.000000,gvhmr_smplx_contact_site_provider,,,,,
13_volleyball,final_full_4d_hoi,34,1.375,-0.181257642,-0.702166386,4.604807677,1.0,0.0,0.0,0.0,samples_known_object/13_volleyball/results/final_full_4d_hoi/object_pose.csv,left_hand,hand,left,-0.276262033,-0.666315985,4.498873901,gvhmr_incam,1.000000,gvhmr_smplx_contact_site_provider,,,,,
13_volleyball,final_full_4d_hoi,34,1.375,-0.181257642,-0.702166386,4.604807677,1.0,0.0,0.0,0.0,samples_known_object/13_volleyball/results/final_full_4d_hoi/object_pose.csv,right_hand,hand,right,-0.125120556,-0.628939152,4.668574429,gvhmr_incam,1.000000,gvhmr_smplx_contact_site_provider,,,,,
13_volleyball,final_full_4d_hoi,34,1.375,-0.181257642,-0.702166386,4.604807677,1.0,0.0,0.0,0.0,samples_known_object/13_volleyball/results/final_full_4d_hoi/object_pose.csv,left_foot,foot,left,-0.145465881,0.915881753,4.319273949,gvhmr_incam,1.000000,gvhmr_smplx_contact_site_provider,,,,,
13_volleyball,final_full_4d_hoi,34,1.375,-0.181257642,-0.702166386,4.604807677,1.0,0.0,0.0,0.0,samples_known_object/13_volleyball/results/final_full_4d_hoi/object_pose.csv,right_foot,foot,right,0.251698673,0.932566404,4.562464714,gvhmr_incam,1.000000,gvhmr_smplx_contact_site_provider,,,,,
13_volleyball,final_full_4d_hoi,35,1.416667,-0.207954612,-0.757581396,4.576626288,1.0,0.0,0.0,0.0,samples_known_object/13_volleyball/results/final_full_4d_hoi/object_pose.csv,left_hand,hand,left,-0.304458827,-0.720658302,4.489061260,gvhmr_incam,1.000000,gvhmr_smplx_contact_site_provider,,,,,
13_volleyball,final_full_4d_hoi,35,1.416667,-0.207954612,-0.757581396,4.576626288,1.0,0.0,0.0,0.0,samples_known_object/13_volleyball/results/final_full_4d_hoi/object_pose.csv,right_hand,hand,right,-0.142225425,-0.691813660,4.675942326,gvhmr_incam,1.000000,gvhmr_smplx_contact_site_provider,,,,,
13_volleyball,final_full_4d_hoi,35,1.416667,-0.207954612,-0.757581396,4.576626288,1.0,0.0,0.0,0.0,samples_known_object/13_volleyball/results/final_full_4d_hoi/object_pose.csv,left_foot,foot,left,-0.145285666,0.913837135,4.318160057,gvhmr_incam,1.000000,gvhmr_smplx_contact_site_provider,,,,,
13_volleyball,final_full_4d_hoi,35,1.416667,-0.207954612,-0.757581396,4.576626288,1.0,0.0,0.0,0.0,samples_known_object/13_volleyball/results/final_full_4d_hoi/object_pose.csv,right_foot,foot,right,0.250921398,0.929356754,4.562120438,gvhmr_incam,1.000000,gvhmr_smplx_contact_site_provider,,,,,
13_volleyball,final_full_4d_hoi,36,1.458333,-0.213381673,-0.882137796,4.559573758,1.0,0.0,0.0,0.0,samples_known_object/13_volleyball/results/final_full_4d_hoi/object_pose.csv,left_hand,hand,left,-0.320649725,-0.785880041,4.508545399,gvhmr_incam,1.000000,gvhmr_smplx_contact_site_provider,,,,,
13_volleyball,final_full_4d_hoi,36,1.458333,-0.213381673,-0.882137796,4.559573758,1.0,0.0,0.0,0.0,samples_known_object/13_volleyball/results/final_full_4d_hoi/object_pose.csv,right_hand,hand,right,-0.147605164,-0.769559050,4.727505398,gvhmr_incam,1.000000,gvhmr_smplx_contact_site_provider,,,,,
13_volleyball,final_full_4d_hoi,36,1.458333,-0.213381673,-0.882137796,4.559573758,1.0,0.0,0.0,0.0,samples_known_object/13_volleyball/results/final_full_4d_hoi/object_pose.csv,left_foot,foot,left,-0.146107972,0.916550934,4.352401733,gvhmr_incam,1.000000,gvhmr_smplx_contact_site_provider,,,,,
13_volleyball,final_full_4d_hoi,36,1.458333,-0.213381673,-0.882137796,4.559573758,1.0,0.0,0.0,0.0,samples_known_object/13_volleyball/results/final_full_4d_hoi/object_pose.csv,right_foot,foot,right,0.249084443,0.930703998,4.597009659,gvhmr_incam,1.000000,gvhmr_smplx_contact_site_provider,,,,,
13_volleyball,final_full_4d_hoi,37,1.5,-0.225899429,-0.977067340,4.551519655,1.0,0.0,0.0,0.0,samples_known_object/13_volleyball/results/final_full_4d_hoi/object_pose.csv,left_hand,hand,left,-0.336467481,-0.847753596,4.492304611,gvhmr_incam,1.000000,gvhmr_smplx_contact_site_provider,,,,,
13_volleyball,final_full_4d_hoi,37,1.5,-0.225899429,-0.977067340,4.551519655,1.0,0.0,0.0,0.0,samples_known_object/13_volleyball/results/final_full_4d_hoi/object_pose.csv,right_hand,hand,right,-0.141455734,-0.849525952,4.751900864,gvhmr_incam,1.000000,gvhmr_smplx_contact_site_provider,,,,,
13_volleyball,final_full_4d_hoi,37,1.5,-0.225899429,-0.977067340,4.551519655,1.0,0.0,0.0,0.0,samples_known_object/13_volleyball/results/final_full_4d_hoi/object_pose.csv,left_foot,foot,left,-0.147969455,0.917748809,4.355931282,gvhmr_incam,1.000000,gvhmr_smplx_contact_site_provider,,,,,
13_volleyball,final_full_4d_hoi,37,1.5,-0.225899429,-0.977067340,4.551519655,1.0,0.0,0.0,0.0,samples_known_object/13_volleyball/results/final_full_4d_hoi/object_pose.csv,right_foot,foot,right,0.246670544,0.930447936,4.600421429,gvhmr_incam,1.000000,gvhmr_smplx_contact_site_provider,,,,,
13_volleyball,final_full_4d_hoi,38,1.541667,-0.235668630,-1.036813881,4.549263289,1.0,0.0,0.0,0.0,samples_known_object/13_volleyball/results/final_full_4d_hoi/object_pose.csv,left_hand,hand,left,-0.344013393,-0.893935263,4.486266994,gvhmr_incam,1.000000,gvhmr_smplx_contact_site_provider,,,,,
13_volleyball,final_full_4d_hoi,38,1.541667,-0.235668630,-1.036813881,4.549263289,1.0,0.0,0.0,0.0,samples_known_object/13_volleyball/results/final_full_4d_hoi/object_pose.csv,right_hand,hand,right,-0.121383771,-0.906032503,4.784093380,gvhmr_incam,1.000000,gvhmr_smplx_contact_site_provider,,,,,
13_volleyball,final_full_4d_hoi,38,1.541667,-0.235668630,-1.036813881,4.549263289,1.0,0.0,0.0,0.0,samples_known_object/13_volleyball/results/final_full_4d_hoi/object_pose.csv,left_foot,foot,left,-0.147251576,0.920505047,4.372180462,gvhmr_incam,1.000000,gvhmr_smplx_contact_site_provider,,,,,
13_volleyball,final_full_4d_hoi,38,1.541667,-0.235668630,-1.036813881,4.549263289,1.0,0.0,0.0,0.0,samples_known_object/13_volleyball/results/final_full_4d_hoi/object_pose.csv,right_foot,foot,right,0.247233152,0.932169378,4.616004467,gvhmr_incam,1.000000,gvhmr_smplx_contact_site_provider,,,,,
13_volleyball,final_full_4d_hoi,39,1.583333,-0.239183955,-1.068540725,4.549918484,1.0,0.0,0.0,0.0,samples_known_object/13_volleyball/results/final_full_4d_hoi/object_pose.csv,left_hand,hand,left,-0.336498439,-0.918794811,4.476510525,gvhmr_incam,1.000000,gvhmr_smplx_contact_site_provider,,,,,
13_volleyball,final_full_4d_hoi,39,1.583333,-0.239183955,-1.068540725,4.549918484,1.0,0.0,0.0,0.0,samples_known_object/13_volleyball/results/final_full_4d_hoi/object_pose.csv,right_hand,hand,right,-0.102722302,-0.933240163,4.798734570,gvhmr_incam,1.000000,gvhmr_smplx_contact_site_provider,,,,,
13_volleyball,final_full_4d_hoi,39,1.583333,-0.239183955,-1.068540725,4.549918484,1.0,0.0,0.0,0.0,samples_known_object/13_volleyball/results/final_full_4d_hoi/object_pose.csv,left_foot,foot,left,-0.146524951,0.923317730,4.383304596,gvhmr_incam,1.000000,gvhmr_smplx_contact_site_provider,,,,,
13_volleyball,final_full_4d_hoi,39,1.583333,-0.239183955,-1.068540725,4.549918484,1.0,0.0,0.0,0.0,samples_known_object/13_volleyball/results/final_full_4d_hoi/object_pose.csv,right_foot,foot,right,0.248967692,0.933863938,4.625728607,gvhmr_incam,1.000000,gvhmr_smplx_contact_site_provider,,,,,
13_volleyball,final_full_4d_hoi,40,1.625,-0.240616133,-1.087742689,4.551032530,1.0,0.0,0.0,0.0,samples_known_object/13_volleyball/results/final_full_4d_hoi/object_pose.csv,left_hand,hand,left,-0.323646498,-0.917356086,4.459824276,gvhmr_incam,1.000000,gvhmr_smplx_contact_site_provider,,,,,
13_volleyball,final_full_4d_hoi,40,1.625,-0.240616133,-1.087742689,4.551032530,1.0,0.0,0.0,0.0,samples_known_object/13_volleyball/results/final_full_4d_hoi/object_pose.csv,right_hand,hand,right,-0.093345523,-0.935251045,4.792162609,gvhmr_incam,1.000000,gvhmr_smplx_contact_site_provider,,,,,
13_volleyball,final_full_4d_hoi,40,1.625,-0.240616133,-1.087742689,4.551032530,1.0,0.0,0.0,0.0,samples_known_object/13_volleyball/results/final_full_4d_hoi/object_pose.csv,left_foot,foot,left,-0.145183831,0.926024914,4.384119034,gvhmr_incam,1.000000,gvhmr_smplx_contact_site_provider,,,,,
13_volleyball,final_full_4d_hoi,40,1.625,-0.240616133,-1.087742689,4.551032530,1.0,0.0,0.0,0.0,samples_known_object/13_volleyball/results/final_full_4d_hoi/object_pose.csv,right_foot,foot,right,0.251861304,0.935070992,4.625572205,gvhmr_incam,1.000000,gvhmr_smplx_contact_site_provider,,,,,
13_volleyball,final_full_4d_hoi,41,1.666667,-0.246216594,-1.098945326,4.550993598,1.0,0.0,0.0,0.0,samples_known_object/13_volleyball/results/final_full_4d_hoi/object_pose.csv,left_hand,hand,left,-0.306387132,-0.896632481,4.439699841,gvhmr_incam,1.000000,gvhmr_smplx_contact_site_provider,,,,,
13_volleyball,final_full_4d_hoi,41,1.666667,-0.246216594,-1.098945326,4.550993598,1.0,0.0,0.0,0.0,samples_known_object/13_volleyball/results/final_full_4d_hoi/object_pose.csv,right_hand,hand,right,-0.084871070,-0.918100023,4.774902344,gvhmr_incam,1.000000,gvhmr_smplx_contact_site_provider,,,,,
13_volleyball,final_full_4d_hoi,41,1.666667,-0.246216594,-1.098945326,4.550993598,1.0,0.0,0.0,0.0,samples_known_object/13_volleyball/results/final_full_4d_hoi/object_pose.csv,left_foot,foot,left,-0.140504971,0.929449081,4.378339767,gvhmr_incam,1.000000,gvhmr_smplx_contact_site_provider,,,,,
13_volleyball,final_full_4d_hoi,41,1.666667,-0.246216594,-1.098945326,4.550993598,1.0,0.0,0.0,0.0,samples_known_object/13_volleyball/results/final_full_4d_hoi/object_pose.csv,right_foot,foot,right,0.258919239,0.936470449,4.618479252,gvhmr_incam,1.000000,gvhmr_smplx_contact_site_provider,,,,,
13_volleyball,final_full_4d_hoi,42,1.708333,-0.245835507,-1.102238141,4.548923307,1.0,0.0,0.0,0.0,samples_known_object/13_volleyball/results/final_full_4d_hoi/object_pose.csv,left_hand,hand,left,-0.295964426,-0.862563419,4.421481705,gvhmr_incam,1.000000,gvhmr_smplx_contact_site_provider,,,,,
13_volleyball,final_full_4d_hoi,42,1.708333,-0.245835507,-1.102238141,4.548923307,1.0,0.0,0.0,0.0,samples_known_object/13_volleyball/results/final_full_4d_hoi/object_pose.csv,right_hand,hand,right,-0.083819590,-0.887061238,4.746536922,gvhmr_incam,1.000000,gvhmr_smplx_contact_site_provider,,,,,
13_volleyball,final_full_4d_hoi,42,1.708333,-0.245835507,-1.102238141,4.548923307,1.0,0.0,0.0,0.0,samples_known_object/13_volleyball/results/final_full_4d_hoi/object_pose.csv,left_foot,foot,left,-0.140117317,0.929920614,4.369044781,gvhmr_incam,1.000000,gvhmr_smplx_contact_site_provider,,,,,
13_volleyball,final_full_4d_hoi,42,1.708333,-0.245835507,-1.102238141,4.548923307,1.0,0.0,0.0,0.0,samples_known_object/13_volleyball/results/final_full_4d_hoi/object_pose.csv,right_foot,foot,right,0.261654228,0.934204042,4.607879162,gvhmr_incam,1.000000,gvhmr_smplx_contact_site_provider,,,,,
13_volleyball,final_full_4d_hoi,43,1.75,-0.246674307,-1.098953522,4.544407525,1.0,0.0,0.0,0.0,samples_known_object/13_volleyball/results/final_full_4d_hoi/object_pose.csv,left_hand,hand,left,-0.286106074,-0.818862450,4.401574135,gvhmr_incam,1.000000,gvhmr_smplx_contact_site_provider,,,,,
13_volleyball,final_full_4d_hoi,43,1.75,-0.246674307,-1.098953522,4.544407525,1.0,0.0,0.0,0.0,samples_known_object/13_volleyball/results/final_full_4d_hoi/object_pose.csv,right_hand,hand,right,-0.081868462,-0.840009964,4.708215523,gvhmr_incam,1.000000,gvhmr_smplx_contact_site_provider,,,,,
13_volleyball,final_full_4d_hoi,43,1.75,-0.246674307,-1.098953522,4.544407525,1.0,0.0,0.0,0.0,samples_known_object/13_volleyball/results/final_full_4d_hoi/object_pose.csv,left_foot,foot,left,-0.135964245,0.927895129,4.355930805,gvhmr_incam,1.000000,gvhmr_smplx_contact_site_provider,,,,,
13_volleyball,final_full_4d_hoi,43,1.75,-0.246674307,-1.098953522,4.544407525,1.0,0.0,0.0,0.0,samples_known_object/13_volleyball/results/final_full_4d_hoi/object_pose.csv,right_foot,foot,right,0.267458200,0.928495586,4.593540192,gvhmr_incam,1.000000,gvhmr_smplx_contact_site_provider,,,,,
13_volleyball,final_full_4d_hoi,44,1.791667,-0.247471497,-1.089052656,4.537615948,1.0,0.0,0.0,0.0,samples_known_object/13_volleyball/results/final_full_4d_hoi/object_pose.csv,left_hand,hand,left,-0.278454632,-0.774955058,4.381644344,gvhmr_incam,1.000000,gvhmr_smplx_contact_site_provider,,,,,
13_volleyball,final_full_4d_hoi,44,1.791667,-0.247471497,-1.089052656,4.537615948,1.0,0.0,0.0,0.0,samples_known_object/13_volleyball/results/final_full_4d_hoi/object_pose.csv,right_hand,hand,right,-0.085810950,-0.788166499,4.659303856,gvhmr_incam,1.000000,gvhmr_smplx_contact_site_provider,,,,,
13_volleyball,final_full_4d_hoi,44,1.791667,-0.247471497,-1.089052656,4.537615948,1.0,0.0,0.0,0.0,samples_known_object/13_volleyball/results/final_full_4d_hoi/object_pose.csv,left_foot,foot,left,-0.132471830,0.922338068,4.332003117,gvhmr_incam,1.000000,gvhmr_smplx_contact_site_provider,,,,,
13_volleyball,final_full_4d_hoi,44,1.791667,-0.247471497,-1.089052656,4.537615948,1.0,0.0,0.0,0.0,samples_known_object/13_volleyball/results/final_full_4d_hoi/object_pose.csv,right_foot,foot,right,0.271463215,0.919102490,4.568577766,gvhmr_incam,1.000000,gvhmr_smplx_contact_site_provider,,,,,
13_volleyball,final_full_4d_hoi,45,1.833333,-0.247216386,-1.070191709,4.529287485,1.0,0.0,0.0,0.0,samples_known_object/13_volleyball/results/final_full_4d_hoi/object_pose.csv,left_hand,hand,left,-0.275820979,-0.732240558,4.377166367,gvhmr_incam,1.000000,gvhmr_smplx_contact_site_provider,,,,,
13_volleyball,final_full_4d_hoi,45,1.833333,-0.247216386,-1.070191709,4.529287485,1.0,0.0,0.0,0.0,samples_known_object/13_volleyball/results/final_full_4d_hoi/object_pose.csv,right_hand,hand,right,-0.087998669,-0.738849974,4.629111099,gvhmr_incam,1.000000,gvhmr_smplx_contact_site_provider,,,,,
13_volleyball,final_full_4d_hoi,45,1.833333,-0.247216386,-1.070191709,4.529287485,1.0,0.0,0.0,0.0,samples_known_object/13_volleyball/results/final_full_4d_hoi/object_pose.csv,left_foot,foot,left,-0.132062644,0.921050549,4.316678524,gvhmr_incam,1.000000,gvhmr_smplx_contact_site_provider,,,,,
13_volleyball,final_full_4d_hoi,45,1.833333,-0.247216386,-1.070191709,4.529287485,1.0,0.0,0.0,0.0,samples_known_object/13_volleyball/results/final_full_4d_hoi/object_pose.csv,right_foot,foot,right,0.271052122,0.915688455,4.553884983,gvhmr_incam,1.000000,gvhmr_smplx_contact_site_provider,,,,,
13_volleyball,final_full_4d_hoi,46,1.875,-0.250600622,-1.042327012,4.520625042,1.0,0.0,0.0,0.0,samples_known_object/13_volleyball/results/final_full_4d_hoi/object_pose.csv,left_hand,hand,left,-0.276056072,-0.691804945,4.374389553,gvhmr_incam,1.000000,gvhmr_smplx_contact_site_provider,,,,,
13_volleyball,final_full_4d_hoi,46,1.875,-0.250600622,-1.042327012,4.520625042,1.0,0.0,0.0,0.0,samples_known_object/13_volleyball/results/final_full_4d_hoi/object_pose.csv,right_hand,hand,right,-0.092722897,-0.691957462,4.607568741,gvhmr_incam,1.000000,gvhmr_smplx_contact_site_provider,,,,,
13_volleyball,final_full_4d_hoi,46,1.875,-0.250600622,-1.042327012,4.520625042,1.0,0.0,0.0,0.0,samples_known_object/13_volleyball/results/final_full_4d_hoi/object_pose.csv,left_foot,foot,left,-0.133811131,0.922300875,4.301050186,gvhmr_incam,1.000000,gvhmr_smplx_contact_site_provider,,,,,
13_volleyball,final_full_4d_hoi,46,1.875,-0.250600622,-1.042327012,4.520625042,1.0,0.0,0.0,0.0,samples_known_object/13_volleyball/results/final_full_4d_hoi/object_pose.csv,right_foot,foot,right,0.268556476,0.915322721,4.538295746,gvhmr_incam,1.000000,gvhmr_smplx_contact_site_provider,,,,,
13_volleyball,final_full_4d_hoi,47,1.916667,-0.254883415,-0.998102572,4.513563651,1.0,0.0,0.0,0.0,samples_known_object/13_volleyball/results/final_full_4d_hoi/object_pose.csv,left_hand,hand,left,-0.283081228,-0.661689985,4.389479733,gvhmr_incam,1.000000,gvhmr_smplx_contact_site_provider,,,,,
13_volleyball,final_full_4d_hoi,47,1.916667,-0.254883415,-0.998102572,4.513563651,1.0,0.0,0.0,0.0,samples_known_object/13_volleyball/results/final_full_4d_hoi/object_pose.csv,right_hand,hand,right,-0.105716513,-0.658317244,4.605007362,gvhmr_incam,1.000000,gvhmr_smplx_contact_site_provider,,,,,
13_volleyball,final_full_4d_hoi,47,1.916667,-0.254883415,-0.998102572,4.513563651,1.0,0.0,0.0,0.0,samples_known_object/13_volleyball/results/final_full_4d_hoi/object_pose.csv,left_foot,foot,left,-0.134384960,0.924027205,4.296509266,gvhmr_incam,1.000000,gvhmr_smplx_contact_site_provider,,,,,
13_volleyball,final_full_4d_hoi,47,1.916667,-0.254883415,-0.998102572,4.513563651,1.0,0.0,0.0,0.0,samples_known_object/13_volleyball/results/final_full_4d_hoi/object_pose.csv,right_foot,foot,right,0.267326742,0.917839646,4.534745216,gvhmr_incam,1.000000,gvhmr_smplx_contact_site_provider,,,,,
13_volleyball,final_full_4d_hoi,48,1.958333,-0.257710830,-0.912671455,4.510962166,1.0,0.0,0.0,0.0,samples_known_object/13_volleyball/results/final_full_4d_hoi/object_pose.csv,left_hand,hand,left,-0.292330313,-0.644889319,4.410904789,gvhmr_incam,1.000000,gvhmr_smplx_contact_site_provider,,,,,
13_volleyball,final_full_4d_hoi,48,1.958333,-0.257710830,-0.912671455,4.510962166,1.0,0.0,0.0,0.0,samples_known_object/13_volleyball/results/final_full_4d_hoi/object_pose.csv,right_hand,hand,right,-0.117511387,-0.637854385,4.618534660,gvhmr_incam,1.000000,gvhmr_smplx_contact_site_provider,,,,,
13_volleyball,final_full_4d_hoi,48,1.958333,-0.257710830,-0.912671455,4.510962166,1.0,0.0,0.0,0.0,samples_known_object/13_volleyball/results/final_full_4d_hoi/object_pose.csv,left_foot,foot,left,-0.134381354,0.925673783,4.300752640,gvhmr_incam,1.000000,gvhmr_smplx_contact_site_provider,,,,,
13_volleyball,final_full_4d_hoi,48,1.958333,-0.257710830,-0.912671455,4.510962166,1.0,0.0,0.0,0.0,samples_known_object/13_volleyball/results/final_full_4d_hoi/object_pose.csv,right_foot,foot,right,0.266987383,0.921890795,4.540558338,gvhmr_incam,1.000000,gvhmr_smplx_contact_site_provider,,,,,
13_volleyball,final_full_4d_hoi,49,2.0,-0.207719724,-0.680063090,4.517937974,1.0,0.0,0.0,0.0,samples_known_object/13_volleyball/results/final_full_4d_hoi/object_pose.csv,left_hand,hand,left,-0.302787089,-0.642524195,4.422484970,gvhmr_incam,1.000000,gvhmr_smplx_contact_site_provider,,,,,
13_volleyball,final_full_4d_hoi,49,2.0,-0.207719724,-0.680063090,4.517937974,1.0,0.0,0.0,0.0,samples_known_object/13_volleyball/results/final_full_4d_hoi/object_pose.csv,right_hand,hand,right,-0.123456717,-0.635818338,4.632781124,gvhmr_incam,1.000000,gvhmr_smplx_contact_site_provider,,,,,
13_volleyball,final_full_4d_hoi,49,2.0,-0.207719724,-0.680063090,4.517937974,1.0,0.0,0.0,0.0,samples_known_object/13_volleyball/results/final_full_4d_hoi/object_pose.csv,left_foot,foot,left,-0.136394754,0.927657485,4.303283215,gvhmr_incam,1.000000,gvhmr_smplx_contact_site_provider,,,,,
13_volleyball,final_full_4d_hoi,49,2.0,-0.207719724,-0.680063090,4.517937974,1.0,0.0,0.0,0.0,samples_known_object/13_volleyball/results/final_full_4d_hoi/object_pose.csv,right_foot,foot,right,0.264663100,0.925623775,4.544661045,gvhmr_incam,1.000000,gvhmr_smplx_contact_site_provider,,,,,
13_volleyball,final_full_4d_hoi,50,2.041667,-0.218748653,-0.678596967,4.531069800,1.0,0.0,0.0,0.0,samples_known_object/13_volleyball/results/final_full_4d_hoi/object_pose.csv,left_hand,hand,left,-0.315044332,-0.648951638,4.433265877,gvhmr_incam,1.000000,gvhmr_smplx_contact_site_provider,,,,,
13_volleyball,final_full_4d_hoi,50,2.041667,-0.218748653,-0.678596967,4.531069800,1.0,0.0,0.0,0.0,samples_known_object/13_volleyball/results/final_full_4d_hoi/object_pose.csv,right_hand,hand,right,-0.130707391,-0.640710485,4.646054649,gvhmr_incam,1.000000,gvhmr_smplx_contact_site_provider,,,,,
13_volleyball,final_full_4d_hoi,50,2.041667,-0.218748653,-0.678596967,4.531069800,1.0,0.0,0.0,0.0,samples_known_object/13_volleyball/results/final_full_4d_hoi/object_pose.csv,left_foot,foot,left,-0.137710631,0.927735507,4.302027702,gvhmr_incam,1.000000,gvhmr_smplx_contact_site_provider,,,,,
13_volleyball,final_full_4d_hoi,50,2.041667,-0.218748653,-0.678596967,4.531069800,1.0,0.0,0.0,0.0,samples_known_object/13_volleyball/results/final_full_4d_hoi/object_pose.csv,right_foot,foot,right,0.262287736,0.927055240,4.545893669,gvhmr_incam,1.000000,gvhmr_smplx_contact_site_provider,,,,,
13_volleyball,final_full_4d_hoi,51,2.083333,-0.220374181,-0.673531228,4.541813756,1.0,0.0,0.0,0.0,samples_known_object/13_volleyball/results/final_full_4d_hoi/object_pose.csv,left_hand,hand,left,-0.317502987,-0.657452798,4.432612514,gvhmr_incam,1.000000,gvhmr_smplx_contact_site_provider,,,,,
13_volleyball,final_full_4d_hoi,51,2.083333,-0.220374181,-0.673531228,4.541813756,1.0,0.0,0.0,0.0,samples_known_object/13_volleyball/results/final_full_4d_hoi/object_pose.csv,right_hand,hand,right,-0.125778508,-0.649225879,4.660738564,gvhmr_incam,1.000000,gvhmr_smplx_contact_site_provider,,,,,
13_volleyball,final_full_4d_hoi,51,2.083333,-0.220374181,-0.673531228,4.541813756,1.0,0.0,0.0,0.0,samples_known_object/13_volleyball/results/final_full_4d_hoi/object_pose.csv,left_foot,foot,left,-0.136920348,0.927693605,4.302386284,gvhmr_incam,1.000000,gvhmr_smplx_contact_site_provider,,,,,
13_volleyball,final_full_4d_hoi,51,2.083333,-0.220374181,-0.673531228,4.541813756,1.0,0.0,0.0,0.0,samples_known_object/13_volleyball/results/final_full_4d_hoi/object_pose.csv,right_foot,foot,right,0.262864023,0.927512527,4.547176838,gvhmr_incam,1.000000,gvhmr_smplx_contact_site_provider,,,,,
13_volleyball,final_full_4d_hoi,52,2.125,-0.256968604,-0.888416864,4.546119663,1.0,0.0,0.0,0.0,samples_known_object/13_volleyball/results/final_full_4d_hoi/object_pose.csv,left_hand,hand,left,-0.310657167,-0.663994074,4.429825974,gvhmr_incam,1.000000,gvhmr_smplx_contact_site_provider,,,,,
13_volleyball,final_full_4d_hoi,52,2.125,-0.256968604,-0.888416864,4.546119663,1.0,0.0,0.0,0.0,samples_known_object/13_volleyball/results/final_full_4d_hoi/object_pose.csv,right_hand,hand,right,-0.114819631,-0.656471801,4.670432186,gvhmr_incam,1.000000,gvhmr_smplx_contact_site_provider,,,,,
13_volleyball,final_full_4d_hoi,52,2.125,-0.256968604,-0.888416864,4.546119663,1.0,0.0,0.0,0.0,samples_known_object/13_volleyball/results/final_full_4d_hoi/object_pose.csv,left_foot,foot,left,-0.137545675,0.927690506,4.301955700,gvhmr_incam,1.000000,gvhmr_smplx_contact_site_provider,,,,,
13_volleyball,final_full_4d_hoi,52,2.125,-0.256968604,-0.888416864,4.546119663,1.0,0.0,0.0,0.0,samples_known_object/13_volleyball/results/final_full_4d_hoi/object_pose.csv,right_foot,foot,right,0.262180239,0.928234696,4.547651291,gvhmr_incam,1.000000,gvhmr_smplx_contact_site_provider,,,,,
13_volleyball,final_full_4d_hoi,53,2.166667,-0.250867972,-0.949347202,4.551024242,1.0,0.0,0.0,0.0,samples_known_object/13_volleyball/results/final_full_4d_hoi/object_pose.csv,left_hand,hand,left,-0.298911595,-0.663492489,4.429694080,gvhmr_incam,1.000000,gvhmr_smplx_contact_site_provider,,,,,
13_volleyball,final_full_4d_hoi,53,2.166667,-0.250867972,-0.949347202,4.551024242,1.0,0.0,0.0,0.0,samples_known_object/13_volleyball/results/final_full_4d_hoi/object_pose.csv,right_hand,hand,right,-0.100409272,-0.656224561,4.678953552,gvhmr_incam,1.000000,gvhmr_smplx_contact_site_provider,,,,,
13_volleyball,final_full_4d_hoi,53,2.166667,-0.250867972,-0.949347202,4.551024242,1.0,0.0,0.0,0.0,samples_known_object/13_volleyball/results/final_full_4d_hoi/object_pose.csv,left_foot,foot,left,-0.138561979,0.930109143,4.304477692,gvhmr_incam,1.000000,gvhmr_smplx_contact_site_provider,,,,,
13_volleyball,final_full_4d_hoi,53,2.166667,-0.250867972,-0.949347202,4.551024242,1.0,0.0,0.0,0.0,samples_known_object/13_volleyball/results/final_full_4d_hoi/object_pose.csv,right_foot,foot,right,0.261578441,0.929786444,4.550467014,gvhmr_incam,1.000000,gvhmr_smplx_contact_site_provider,,,,,
13_volleyball,final_full_4d_hoi,54,2.208333,-0.243431339,-0.998071376,4.554491972,1.0,0.0,0.0,0.0,samples_known_object/13_volleyball/results/final_full_4d_hoi/object_pose.csv,left_hand,hand,left,-0.284567797,-0.654946232,4.429578686,gvhmr_incam,1.000000,gvhmr_smplx_contact_site_provider,,,,,
13_volleyball,final_full_4d_hoi,54,2.208333,-0.243431339,-0.998071376,4.554491972,1.0,0.0,0.0,0.0,samples_known_object/13_volleyball/results/final_full_4d_hoi/object_pose.csv,right_hand,hand,right,-0.085380703,-0.650768232,4.685643959,gvhmr_incam,1.000000,gvhmr_smplx_contact_site_provider,,,,,
13_volleyball,final_full_4d_hoi,54,2.208333,-0.243431339,-0.998071376,4.554491972,1.0,0.0,0.0,0.0,samples_known_object/13_volleyball/results/final_full_4d_hoi/object_pose.csv,left_foot,foot,left,-0.138186201,0.931731462,4.306066990,gvhmr_incam,1.000000,gvhmr_smplx_contact_site_provider,,,,,
13_volleyball,final_full_4d_hoi,54,2.208333,-0.243431339,-0.998071376,4.554491972,1.0,0.0,0.0,0.0,samples_known_object/13_volleyball/results/final_full_4d_hoi/object_pose.csv,right_foot,foot,right,0.262905240,0.931636930,4.552145481,gvhmr_incam,1.000000,gvhmr_smplx_contact_site_provider,,,,,
13_volleyball,final_full_4d_hoi,55,2.25,-0.238681600,-1.026763982,4.557206175,1.0,0.0,0.0,0.0,samples_known_object/13_volleyball/results/final_full_4d_hoi/object_pose.csv,left_hand,hand,left,-0.274332318,-0.645665145,4.437498569,gvhmr_incam,1.000000,gvhmr_smplx_contact_site_provider,,,,,
13_volleyball,final_full_4d_hoi,55,2.25,-0.238681600,-1.026763982,4.557206175,1.0,0.0,0.0,0.0,samples_known_object/13_volleyball/results/final_full_4d_hoi/object_pose.csv,right_hand,hand,right,-0.075525442,-0.641618311,4.695343971,gvhmr_incam,1.000000,gvhmr_smplx_contact_site_provider,,,,,
13_volleyball,final_full_4d_hoi,55,2.25,-0.238681600,-1.026763982,4.557206175,1.0,0.0,0.0,0.0,samples_known_object/13_volleyball/results/final_full_4d_hoi/object_pose.csv,left_foot,foot,left,-0.140483692,0.932053924,4.313263416,gvhmr_incam,1.000000,gvhmr_smplx_contact_site_provider,,,,,
13_volleyball,final_full_4d_hoi,55,2.25,-0.238681600,-1.026763982,4.557206175,1.0,0.0,0.0,0.0,samples_known_object/13_volleyball/results/final_full_4d_hoi/object_pose.csv,right_foot,foot,right,0.262665659,0.933439612,4.558395863,gvhmr_incam,1.000000,gvhmr_smplx_contact_site_provider,,,,,
13_volleyball,final_full_4d_hoi,56,2.291667,-0.233030255,-1.038547621,4.559474959,1.0,0.0,0.0,0.0,samples_known_object/13_volleyball/results/final_full_4d_hoi/object_pose.csv,left_hand,hand,left,-0.265189540,-0.634806013,4.447095490,gvhmr_incam,1.000000,gvhmr_smplx_contact_site_provider,,,,,
13_volleyball,final_full_4d_hoi,56,2.291667,-0.233030255,-1.038547621,4.559474959,1.0,0.0,0.0,0.0,samples_known_object/13_volleyball/results/final_full_4d_hoi/object_pose.csv,right_hand,hand,right,-0.071932450,-0.628714561,4.701561546,gvhmr_incam,1.000000,gvhmr_smplx_contact_site_provider,,,,,
13_volleyball,final_full_4d_hoi,56,2.291667,-0.233030255,-1.038547621,4.559474959,1.0,0.0,0.0,0.0,samples_known_object/13_volleyball/results/final_full_4d_hoi/object_pose.csv,left_foot,foot,left,-0.144679099,0.928362429,4.319546700,gvhmr_incam,1.000000,gvhmr_smplx_contact_site_provider,,,,,
13_volleyball,final_full_4d_hoi,56,2.291667,-0.233030255,-1.038547621,4.559474959,1.0,0.0,0.0,0.0,samples_known_object/13_volleyball/results/final_full_4d_hoi/object_pose.csv,right_foot,foot,right,0.262882829,0.933920145,4.563578606,gvhmr_incam,1.000000,gvhmr_smplx_contact_site_provider,,,,,
13_volleyball,final_full_4d_hoi,57,2.333333,-0.226839281,-1.042842156,4.561269274,1.0,0.0,0.0,0.0,samples_known_object/13_volleyball/results/final_full_4d_hoi/object_pose.csv,left_hand,hand,left,-0.255426443,-0.629581606,4.453144360,gvhmr_incam,1.000000,gvhmr_smplx_contact_site_provider,,,,,
13_volleyball,final_full_4d_hoi,57,2.333333,-0.226839281,-1.042842156,4.561269274,1.0,0.0,0.0,0.0,samples_known_object/13_volleyball/results/final_full_4d_hoi/object_pose.csv,right_hand,hand,right,-0.066334400,-0.621051657,4.704288483,gvhmr_incam,1.000000,gvhmr_smplx_contact_site_provider,,,,,
13_volleyball,final_full_4d_hoi,57,2.333333,-0.226839281,-1.042842156,4.561269274,1.0,0.0,0.0,0.0,samples_known_object/13_volleyball/results/final_full_4d_hoi/object_pose.csv,left_foot,foot,left,-0.148774490,0.924102187,4.326398373,gvhmr_incam,1.000000,gvhmr_smplx_contact_site_provider,,,,,
13_volleyball,final_full_4d_hoi,57,2.333333,-0.226839281,-1.042842156,4.561269274,1.0,0.0,0.0,0.0,samples_known_object/13_volleyball/results/final_full_4d_hoi/object_pose.csv,right_foot,foot,right,0.265066922,0.934040248,4.568126202,gvhmr_incam,1.000000,gvhmr_smplx_contact_site_provider,,,,,
13_volleyball,final_full_4d_hoi,58,2.375,-0.220910683,-1.038943138,4.562613832,1.0,0.0,0.0,0.0,samples_known_object/13_volleyball/results/final_full_4d_hoi/object_pose.csv,left_hand,hand,left,-0.247437364,-0.627755046,4.458830452,gvhmr_incam,1.000000,gvhmr_smplx_contact_site_provider,,,,,
13_volleyball,final_full_4d_hoi,58,2.375,-0.220910683,-1.038943138,4.562613832,1.0,0.0,0.0,0.0,samples_known_object/13_volleyball/results/final_full_4d_hoi/object_pose.csv,right_hand,hand,right,-0.062437275,-0.616650927,4.703894997,gvhmr_incam,1.000000,gvhmr_smplx_contact_site_provider,,,,,
13_volleyball,final_full_4d_hoi,58,2.375,-0.220910683,-1.038943138,4.562613832,1.0,0.0,0.0,0.0,samples_known_object/13_volleyball/results/final_full_4d_hoi/object_pose.csv,left_foot,foot,left,-0.154006183,0.920274198,4.330481529,gvhmr_incam,1.000000,gvhmr_smplx_contact_site_provider,,,,,
13_volleyball,final_full_4d_hoi,58,2.375,-0.220910683,-1.038943138,4.562613832,1.0,0.0,0.0,0.0,samples_known_object/13_volleyball/results/final_full_4d_hoi/object_pose.csv,right_foot,foot,right,0.265618920,0.933302760,4.569316864,gvhmr_incam,1.000000,gvhmr_smplx_contact_site_provider,,,,,
13_volleyball,final_full_4d_hoi,59,2.416667,-0.215335971,-1.027049807,4.563465150,1.0,0.0,0.0,0.0,samples_known_object/13_volleyball/results/final_full_4d_hoi/object_pose.csv,left_hand,hand,left,-0.241439396,-0.628260279,4.459213543,gvhmr_incam,1.000000,gvhmr_smplx_contact_site_provider,,,,,
13_volleyball,final_full_4d_hoi,59,2.416667,-0.215335971,-1.027049807,4.563465150,1.0,0.0,0.0,0.0,samples_known_object/13_volleyball/results/final_full_4d_hoi/object_pose.csv,right_hand,hand,right,-0.061165813,-0.613915563,4.698710251,gvhmr_incam,1.000000,gvhmr_smplx_contact_site_provider,,,,,
13_volleyball,final_full_4d_hoi,59,2.416667,-0.215335971,-1.027049807,4.563465150,1.0,0.0,0.0,0.0,samples_known_object/13_volleyball/results/final_full_4d_hoi/object_pose.csv,left_foot,foot,left,-0.159177840,0.918312788,4.329718113,gvhmr_incam,1.000000,gvhmr_smplx_contact_site_provider,,,,,
13_volleyball,final_full_4d_hoi,59,2.416667,-0.215335971,-1.027049807,4.563465150,1.0,0.0,0.0,0.0,samples_known_object/13_volleyball/results/final_full_4d_hoi/object_pose.csv,right_foot,foot,right,0.264680982,0.932745337,4.566185951,gvhmr_incam,1.000000,gvhmr_smplx_contact_site_provider,,,,,
13_volleyball,final_full_4d_hoi,60,2.458333,-0.207993579,-1.002483501,4.563901510,1.0,0.0,0.0,0.0,samples_known_object/13_volleyball/results/final_full_4d_hoi/object_pose.csv,left_hand,hand,left,-0.239165980,-0.628354430,4.462485695,gvhmr_incam,1.000000,gvhmr_smplx_contact_site_provider,,,,,
13_volleyball,final_full_4d_hoi,60,2.458333,-0.207993579,-1.002483501,4.563901510,1.0,0.0,0.0,0.0,samples_known_object/13_volleyball/results/final_full_4d_hoi/object_pose.csv,right_hand,hand,right,-0.061294937,-0.610733116,4.695695019,gvhmr_incam,1.000000,gvhmr_smplx_contact_site_provider,,,,,
13_volleyball,final_full_4d_hoi,60,2.458333,-0.207993579,-1.002483501,4.563901510,1.0,0.0,0.0,0.0,samples_known_object/13_volleyball/results/final_full_4d_hoi/object_pose.csv,left_foot,foot,left,-0.164917856,0.917214394,4.331744671,gvhmr_incam,1.000000,gvhmr_smplx_contact_site_provider,,,,,
13_volleyball,final_full_4d_hoi,60,2.458333,-0.207993579,-1.002483501,4.563901510,1.0,0.0,0.0,0.0,samples_known_object/13_volleyball/results/final_full_4d_hoi/object_pose.csv,right_foot,foot,right,0.261770785,0.932037890,4.565885067,gvhmr_incam,1.000000,gvhmr_smplx_contact_site_provider,,,,,
13_volleyball,final_full_4d_hoi,61,2.5,-0.205385531,-0.955170814,4.564152363,1.0,0.0,0.0,0.0,samples_known_object/13_volleyball/results/final_full_4d_hoi/object_pose.csv,left_hand,hand,left,-0.237567067,-0.625993431,4.468701839,gvhmr_incam,1.000000,gvhmr_smplx_contact_site_provider,,,,,
13_volleyball,final_full_4d_hoi,61,2.5,-0.205385531,-0.955170814,4.564152363,1.0,0.0,0.0,0.0,samples_known_object/13_volleyball/results/final_full_4d_hoi/object_pose.csv,right_hand,hand,right,-0.061935225,-0.604500866,4.691957283,gvhmr_incam,1.000000,gvhmr_smplx_contact_site_provider,,,,,
13_volleyball,final_full_4d_hoi,61,2.5,-0.205385531,-0.955170814,4.564152363,1.0,0.0,0.0,0.0,samples_known_object/13_volleyball/results/final_full_4d_hoi/object_pose.csv,left_foot,foot,left,-0.165689409,0.917973399,4.331843376,gvhmr_incam,1.000000,gvhmr_smplx_contact_site_provider,,,,,
13_volleyball,final_full_4d_hoi,61,2.5,-0.205385531,-0.955170814,4.564152363,1.0,0.0,0.0,0.0,samples_known_object/13_volleyball/results/final_full_4d_hoi/object_pose.csv,right_foot,foot,right,0.259499907,0.931957662,4.567114830,gvhmr_incam,1.000000,gvhmr_smplx_contact_site_provider,,,,,
13_volleyball,final_full_4d_hoi,62,2.541667,-0.200540983,-0.897103102,4.564174239,1.0,0.0,0.0,0.0,samples_known_object/13_volleyball/results/final_full_4d_hoi/object_pose.csv,left_hand,hand,left,-0.242762530,-0.619415700,4.478916359,gvhmr_incam,1.000000,gvhmr_smplx_contact_site_provider,,,,,
13_volleyball,final_full_4d_hoi,62,2.541667,-0.200540983,-0.897103102,4.564174239,1.0,0.0,0.0,0.0,samples_known_object/13_volleyball/results/final_full_4d_hoi/object_pose.csv,right_hand,hand,right,-0.070448831,-0.593089342,4.688589668,gvhmr_incam,1.000000,gvhmr_smplx_contact_site_provider,,,,,
13_volleyball,final_full_4d_hoi,62,2.541667,-0.200540983,-0.897103102,4.564174239,1.0,0.0,0.0,0.0,samples_known_object/13_volleyball/results/final_full_4d_hoi/object_pose.csv,left_foot,foot,left,-0.166126132,0.919191539,4.333705902,gvhmr_incam,1.000000,gvhmr_smplx_contact_site_provider,,,,,
13_volleyball,final_full_4d_hoi,62,2.541667,-0.200540983,-0.897103102,4.564174239,1.0,0.0,0.0,0.0,samples_known_object/13_volleyball/results/final_full_4d_hoi/object_pose.csv,right_foot,foot,right,0.254710913,0.931839764,4.570616245,gvhmr_incam,1.000000,gvhmr_smplx_contact_site_provider,,,,,
13_volleyball,final_full_4d_hoi,63,2.583333,-0.196657224,-0.824791880,4.564345911,1.0,0.0,0.0,0.0,samples_known_object/13_volleyball/results/final_full_4d_hoi/object_pose.csv,left_hand,hand,left,-0.246378738,-0.614658356,4.485598946,gvhmr_incam,1.000000,gvhmr_smplx_contact_site_provider,,,,,
13_volleyball,final_full_4d_hoi,63,2.583333,-0.196657224,-0.824791880,4.564345911,1.0,0.0,0.0,0.0,samples_known_object/13_volleyball/results/final_full_4d_hoi/object_pose.csv,right_hand,hand,right,-0.078861222,-0.583424890,4.682303905,gvhmr_incam,1.000000,gvhmr_smplx_contact_site_provider,,,,,
13_volleyball,final_full_4d_hoi,63,2.583333,-0.196657224,-0.824791880,4.564345911,1.0,0.0,0.0,0.0,samples_known_object/13_volleyball/results/final_full_4d_hoi/object_pose.csv,left_foot,foot,left,-0.164501861,0.920259178,4.333092690,gvhmr_incam,1.000000,gvhmr_smplx_contact_site_provider,,,,,
13_volleyball,final_full_4d_hoi,63,2.583333,-0.196657224,-0.824791880,4.564345911,1.0,0.0,0.0,0.0,samples_known_object/13_volleyball/results/final_full_4d_hoi/object_pose.csv,right_foot,foot,right,0.251192093,0.932111740,4.570308208,gvhmr_incam,1.000000,gvhmr_smplx_contact_site_provider,,,,,
13_volleyball,final_full_4d_hoi,64,2.625,-0.191728277,-0.746912034,4.565044578,1.0,0.0,0.0,0.0,samples_known_object/13_volleyball/results/final_full_4d_hoi/object_pose.csv,left_hand,hand,left,-0.256700933,-0.613830805,4.493079376,gvhmr_incam,1.000000,gvhmr_smplx_contact_site_provider,,,,,
13_volleyball,final_full_4d_hoi,64,2.625,-0.191728277,-0.746912034,4.565044578,1.0,0.0,0.0,0.0,samples_known_object/13_volleyball/results/final_full_4d_hoi/object_pose.csv,right_hand,hand,right,-0.094332945,-0.579238319,4.674639606,gvhmr_incam,1.000000,gvhmr_smplx_contact_site_provider,,,,,
13_volleyball,final_full_4d_hoi,64,2.625,-0.191728277,-0.746912034,4.565044578,1.0,0.0,0.0,0.0,samples_known_object/13_volleyball/results/final_full_4d_hoi/object_pose.csv,left_foot,foot,left,-0.162777573,0.919870257,4.331221104,gvhmr_incam,1.000000,gvhmr_smplx_contact_site_provider,,,,,
13_volleyball,final_full_4d_hoi,64,2.625,-0.191728277,-0.746912034,4.565044578,1.0,0.0,0.0,0.0,samples_known_object/13_volleyball/results/final_full_4d_hoi/object_pose.csv,right_foot,foot,right,0.250620127,0.931386590,4.568098545,gvhmr_incam,1.000000,gvhmr_smplx_contact_site_provider,,,,,
13_volleyball,final_full_4d_hoi,65,2.666667,-0.178893967,-0.663373789,4.567020655,1.0,0.0,0.0,0.0,samples_known_object/13_volleyball/results/final_full_4d_hoi/object_pose.csv,left_hand,hand,left,-0.274779224,-0.625106573,4.493392181,gvhmr_incam,1.000000,gvhmr_smplx_contact_site_provider,,,,,
13_volleyball,final_full_4d_hoi,65,2.666667,-0.178893967,-0.663373789,4.567020655,1.0,0.0,0.0,0.0,samples_known_object/13_volleyball/results/final_full_4d_hoi/object_pose.csv,right_hand,hand,right,-0.115982145,-0.592117226,4.662955856,gvhmr_incam,1.000000,gvhmr_smplx_contact_site_provider,,,,,
13_volleyball,final_full_4d_hoi,65,2.666667,-0.178893967,-0.663373789,4.567020655,1.0,0.0,0.0,0.0,samples_known_object/13_volleyball/results/final_full_4d_hoi/object_pose.csv,left_foot,foot,left,-0.164152741,0.916283131,4.324153423,gvhmr_incam,1.000000,gvhmr_smplx_contact_site_provider,,,,,
13_volleyball,final_full_4d_hoi,65,2.666667,-0.178893967,-0.663373789,4.567020655,1.0,0.0,0.0,0.0,samples_known_object/13_volleyball/results/final_full_4d_hoi/object_pose.csv,right_foot,foot,right,0.248324990,0.927742124,4.560628891,gvhmr_incam,1.000000,gvhmr_smplx_contact_site_provider,,,,,
13_volleyball,final_full_4d_hoi,66,2.708333,-0.198791448,-0.688303156,4.569482364,1.0,0.0,0.0,0.0,samples_known_object/13_volleyball/results/final_full_4d_hoi/object_pose.csv,left_hand,hand,left,-0.295389879,-0.651557469,4.489313984,gvhmr_incam,1.000000,gvhmr_smplx_contact_site_provider,,,,,
13_volleyball,final_full_4d_hoi,66,2.708333,-0.198791448,-0.688303156,4.569482364,1.0,0.0,0.0,0.0,samples_known_object/13_volleyball/results/final_full_4d_hoi/object_pose.csv,right_hand,hand,right,-0.133890527,-0.619061935,4.659347820,gvhmr_incam,1.000000,gvhmr_smplx_contact_site_provider,,,,,
13_volleyball,final_full_4d_hoi,66,2.708333,-0.198791448,-0.688303156,4.569482364,1.0,0.0,0.0,0.0,samples_known_object/13_volleyball/results/final_full_4d_hoi/object_pose.csv,left_foot,foot,left,-0.163987651,0.911716044,4.316860199,gvhmr_incam,1.000000,gvhmr_smplx_contact_site_provider,,,,,
13_volleyball,final_full_4d_hoi,66,2.708333,-0.198791448,-0.688303156,4.569482364,1.0,0.0,0.0,0.0,samples_known_object/13_volleyball/results/final_full_4d_hoi/object_pose.csv,right_foot,foot,right,0.248168692,0.923463821,4.553112984,gvhmr_incam,1.000000,gvhmr_smplx_contact_site_provider,,,,,
13_volleyball,final_full_4d_hoi,67,2.75,-0.222187327,-0.724818362,4.571308166,1.0,0.0,0.0,0.0,samples_known_object/13_volleyball/results/final_full_4d_hoi/object_pose.csv,left_hand,hand,left,-0.319177461,-0.691750431,4.483636093,gvhmr_incam,1.000000,gvhmr_smplx_contact_site_provider,,,,,
13_volleyball,final_full_4d_hoi,67,2.75,-0.222187327,-0.724818362,4.571308166,1.0,0.0,0.0,0.0,samples_known_object/13_volleyball/results/final_full_4d_hoi/object_pose.csv,right_hand,hand,right,-0.148871344,-0.665636468,4.668627357,gvhmr_incam,1.000000,gvhmr_smplx_contact_site_provider,,,,,
13_volleyball,final_full_4d_hoi,67,2.75,-0.222187327,-0.724818362,4.571308166,1.0,0.0,0.0,0.0,samples_known_object/13_volleyball/results/final_full_4d_hoi/object_pose.csv,left_foot,foot,left,-0.162179351,0.908122420,4.318044186,gvhmr_incam,1.000000,gvhmr_smplx_contact_site_provider,,,,,
13_volleyball,final_full_4d_hoi,67,2.75,-0.222187327,-0.724818362,4.571308166,1.0,0.0,0.0,0.0,samples_known_object/13_volleyball/results/final_full_4d_hoi/object_pose.csv,right_foot,foot,right,0.249217540,0.919371367,4.555044174,gvhmr_incam,1.000000,gvhmr_smplx_contact_site_provider,,,,,
13_volleyball,final_full_4d_hoi,68,2.791667,-0.229527206,-0.836953108,4.572153218,1.0,0.0,0.0,0.0,samples_known_object/13_volleyball/results/final_full_4d_hoi/object_pose.csv,left_hand,hand,left,-0.334703779,-0.749363649,4.489227581,gvhmr_incam,1.000000,gvhmr_smplx_contact_site_provider,,,,,
13_volleyball,final_full_4d_hoi,68,2.791667,-0.229527206,-0.836953108,4.572153218,1.0,0.0,0.0,0.0,samples_known_object/13_volleyball/results/final_full_4d_hoi/object_pose.csv,right_hand,hand,right,-0.154055062,-0.726885378,4.703426552,gvhmr_incam,1.000000,gvhmr_smplx_contact_site_provider,,,,,
13_volleyball,final_full_4d_hoi,68,2.791667,-0.229527206,-0.836953108,4.572153218,1.0,0.0,0.0,0.0,samples_known_object/13_volleyball/results/final_full_4d_hoi/object_pose.csv,left_foot,foot,left,-0.160640568,0.907903254,4.337986469,gvhmr_incam,1.000000,gvhmr_smplx_contact_site_provider,,,,,
13_volleyball,final_full_4d_hoi,68,2.791667,-0.229527206,-0.836953108,4.572153218,1.0,0.0,0.0,0.0,samples_known_object/13_volleyball/results/final_full_4d_hoi/object_pose.csv,right_foot,foot,right,0.250080168,0.919548273,4.575765610,gvhmr_incam,1.000000,gvhmr_smplx_contact_site_provider,,,,,
13_volleyball,final_full_4d_hoi,69,2.833333,-0.244033438,-0.931979817,4.573200574,1.0,0.0,0.0,0.0,samples_known_object/13_volleyball/results/final_full_4d_hoi/object_pose.csv,left_hand,hand,left,-0.345848888,-0.809085405,4.487338352,gvhmr_incam,1.000000,gvhmr_smplx_contact_site_provider,,,,,
13_volleyball,final_full_4d_hoi,69,2.833333,-0.244033438,-0.931979817,4.573200574,1.0,0.0,0.0,0.0,samples_known_object/13_volleyball/results/final_full_4d_hoi/object_pose.csv,right_hand,hand,right,-0.151034479,-0.796267641,4.743145943,gvhmr_incam,1.000000,gvhmr_smplx_contact_site_provider,,,,,
13_volleyball,final_full_4d_hoi,69,2.833333,-0.244033438,-0.931979817,4.573200574,1.0,0.0,0.0,0.0,samples_known_object/13_volleyball/results/final_full_4d_hoi/object_pose.csv,left_foot,foot,left,-0.160441995,0.907861412,4.355330467,gvhmr_incam,1.000000,gvhmr_smplx_contact_site_provider,,,,,
13_volleyball,final_full_4d_hoi,69,2.833333,-0.244033438,-0.931979817,4.573200574,1.0,0.0,0.0,0.0,samples_known_object/13_volleyball/results/final_full_4d_hoi/object_pose.csv,right_foot,foot,right,0.249756336,0.920964718,4.593646526,gvhmr_incam,1.000000,gvhmr_smplx_contact_site_provider,,,,,
13_volleyball,final_full_4d_hoi,70,2.875,-0.242885193,-1.023423866,4.574140582,1.0,0.0,0.0,0.0,samples_known_object/13_volleyball/results/final_full_4d_hoi/object_pose.csv,left_hand,hand,left,-0.348919475,-0.854416978,4.468956566,gvhmr_incam,1.000000,gvhmr_smplx_contact_site_provider,,,,,
13_volleyball,final_full_4d_hoi,70,2.875,-0.242885193,-1.023423866,4.574140582,1.0,0.0,0.0,0.0,samples_known_object/13_volleyball/results/final_full_4d_hoi/object_pose.csv,right_hand,hand,right,-0.136437422,-0.852466333,4.760185432,gvhmr_incam,1.000000,gvhmr_smplx_contact_site_provider,,,,,
13_volleyball,final_full_4d_hoi,70,2.875,-0.242885193,-1.023423866,4.574140582,1.0,0.0,0.0,0.0,samples_known_object/13_volleyball/results/final_full_4d_hoi/object_pose.csv,left_foot,foot,left,-0.163079873,0.907610834,4.356587410,gvhmr_incam,1.000000,gvhmr_smplx_contact_site_provider,,,,,
13_volleyball,final_full_4d_hoi,70,2.875,-0.242885193,-1.023423866,4.574140582,1.0,0.0,0.0,0.0,samples_known_object/13_volleyball/results/final_full_4d_hoi/object_pose.csv,right_foot,foot,right,0.246965617,0.921523094,4.594394207,gvhmr_incam,1.000000,gvhmr_smplx_contact_site_provider,,,,,
13_volleyball,final_full_4d_hoi,71,2.916667,-0.235014661,-1.071221397,4.575608662,1.0,0.0,0.0,0.0,samples_known_object/13_volleyball/results/final_full_4d_hoi/object_pose.csv,left_hand,hand,left,-0.337295425,-0.882896423,4.461499405,gvhmr_incam,1.000000,gvhmr_smplx_contact_site_provider,,,,,
13_volleyball,final_full_4d_hoi,71,2.916667,-0.235014661,-1.071221397,4.575608662,1.0,0.0,0.0,0.0,samples_known_object/13_volleyball/results/final_full_4d_hoi/object_pose.csv,right_hand,hand,right,-0.116308816,-0.885378218,4.783603573,gvhmr_incam,1.000000,gvhmr_smplx_contact_site_provider,,,,,
13_volleyball,final_full_4d_hoi,71,2.916667,-0.235014661,-1.071221397,4.575608662,1.0,0.0,0.0,0.0,samples_known_object/13_volleyball/results/final_full_4d_hoi/object_pose.csv,left_foot,foot,left,-0.162036151,0.910060763,4.375493526,gvhmr_incam,1.000000,gvhmr_smplx_contact_site_provider,,,,,
13_volleyball,final_full_4d_hoi,71,2.916667,-0.235014661,-1.071221397,4.575608662,1.0,0.0,0.0,0.0,samples_known_object/13_volleyball/results/final_full_4d_hoi/object_pose.csv,right_foot,foot,right,0.248556346,0.924613237,4.612024307,gvhmr_incam,1.000000,gvhmr_smplx_contact_site_provider,,,,,
13_volleyball,final_full_4d_hoi,72,2.958333,-0.226329480,-1.102308786,4.576990494,1.0,0.0,0.0,0.0,samples_known_object/13_volleyball/results/final_full_4d_hoi/object_pose.csv,left_hand,hand,left,-0.324754435,-0.893363905,4.440463161,gvhmr_incam,1.000000,gvhmr_smplx_contact_site_provider,,,,,
13_volleyball,final_full_4d_hoi,72,2.958333,-0.226329480,-1.102308786,4.576990494,1.0,0.0,0.0,0.0,samples_known_object/13_volleyball/results/final_full_4d_hoi/object_pose.csv,right_hand,hand,right,-0.098481754,-0.899181938,4.780565071,gvhmr_incam,1.000000,gvhmr_smplx_contact_site_provider,,,,,
13_volleyball,final_full_4d_hoi,72,2.958333,-0.226329480,-1.102308786,4.576990494,1.0,0.0,0.0,0.0,samples_known_object/13_volleyball/results/final_full_4d_hoi/object_pose.csv,left_foot,foot,left,-0.161947384,0.911233664,4.372728348,gvhmr_incam,1.000000,gvhmr_smplx_contact_site_provider,,,,,
13_volleyball,final_full_4d_hoi,72,2.958333,-0.226329480,-1.102308786,4.576990494,1.0,0.0,0.0,0.0,samples_known_object/13_volleyball/results/final_full_4d_hoi/object_pose.csv,right_foot,foot,right,0.249929532,0.925882578,4.607049465,gvhmr_incam,1.000000,gvhmr_smplx_contact_site_provider,,,,,
13_volleyball,final_full_4d_hoi,73,3.0,-0.229389561,-1.147849784,4.577612826,1.0,0.0,0.0,0.0,samples_known_object/13_volleyball/results/final_full_4d_hoi/object_pose.csv,left_hand,hand,left,-0.305962253,-0.887974000,4.417819595,gvhmr_incam,1.000000,gvhmr_smplx_contact_site_provider,,,,,
13_volleyball,final_full_4d_hoi,73,3.0,-0.229389561,-1.147849784,4.577612826,1.0,0.0,0.0,0.0,samples_known_object/13_volleyball/results/final_full_4d_hoi/object_pose.csv,right_hand,hand,right,-0.081872523,-0.895026612,4.764146805,gvhmr_incam,1.000000,gvhmr_smplx_contact_site_provider,,,,,
13_volleyball,final_full_4d_hoi,73,3.0,-0.229389561,-1.147849784,4.577612826,1.0,0.0,0.0,0.0,samples_known_object/13_volleyball/results/final_full_4d_hoi/object_pose.csv,left_foot,foot,left,-0.159510463,0.912490368,4.364593506,gvhmr_incam,1.000000,gvhmr_smplx_contact_site_provider,,,,,
13_volleyball,final_full_4d_hoi,73,3.0,-0.229389561,-1.147849784,4.577612826,1.0,0.0,0.0,0.0,samples_known_object/13_volleyball/results/final_full_4d_hoi/object_pose.csv,right_foot,foot,right,0.253975004,0.926187098,4.596930981,gvhmr_incam,1.000000,gvhmr_smplx_contact_site_provider,,,,,
13_volleyball,final_full_4d_hoi,74,3.041667,-0.226928639,-1.185044216,4.578082131,1.0,0.0,0.0,0.0,samples_known_object/13_volleyball/results/final_full_4d_hoi/object_pose.csv,left_hand,hand,left,-0.291962427,-0.868556488,4.404697800,gvhmr_incam,1.000000,gvhmr_smplx_contact_site_provider,,,,,
13_volleyball,final_full_4d_hoi,74,3.041667,-0.226928639,-1.185044216,4.578082131,1.0,0.0,0.0,0.0,samples_known_object/13_volleyball/results/final_full_4d_hoi/object_pose.csv,right_hand,hand,right,-0.071466064,-0.875932825,4.746720886,gvhmr_incam,1.000000,gvhmr_smplx_contact_site_provider,,,,,
13_volleyball,final_full_4d_hoi,74,3.041667,-0.226928639,-1.185044216,4.578082131,1.0,0.0,0.0,0.0,samples_known_object/13_volleyball/results/final_full_4d_hoi/object_pose.csv,left_foot,foot,left,-0.159759402,0.915704250,4.362510681,gvhmr_incam,1.000000,gvhmr_smplx_contact_site_provider,,,,,
13_volleyball,final_full_4d_hoi,74,3.041667,-0.226928639,-1.185044216,4.578082131,1.0,0.0,0.0,0.0,samples_known_object/13_volleyball/results/final_full_4d_hoi/object_pose.csv,right_foot,foot,right,0.255204171,0.927042723,4.592863083,gvhmr_incam,1.000000,gvhmr_smplx_contact_site_provider,,,,,
13_volleyball,final_full_4d_hoi,75,3.083333,-0.224249308,-1.215782044,4.578401066,1.0,0.0,0.0,0.0,samples_known_object/13_volleyball/results/final_full_4d_hoi/object_pose.csv,left_hand,hand,left,-0.283400977,-0.837970340,4.399702740,gvhmr_incam,1.000000,gvhmr_smplx_contact_site_provider,,,,,
13_volleyball,final_full_4d_hoi,75,3.083333,-0.224249308,-1.215782044,4.578401066,1.0,0.0,0.0,0.0,samples_known_object/13_volleyball/results/final_full_4d_hoi/object_pose.csv,right_hand,hand,right,-0.062756512,-0.841503918,4.724149990,gvhmr_incam,1.000000,gvhmr_smplx_contact_site_provider,,,,,
13_volleyball,final_full_4d_hoi,75,3.083333,-0.224249308,-1.215782044,4.578401066,1.0,0.0,0.0,0.0,samples_known_object/13_volleyball/results/final_full_4d_hoi/object_pose.csv,left_foot,foot,left,-0.158162609,0.916703522,4.361024380,gvhmr_incam,1.000000,gvhmr_smplx_contact_site_provider,,,,,
13_volleyball,final_full_4d_hoi,75,3.083333,-0.224249308,-1.215782044,4.578401066,1.0,0.0,0.0,0.0,samples_known_object/13_volleyball/results/final_full_4d_hoi/object_pose.csv,right_foot,foot,right,0.257229924,0.925533950,4.589855194,gvhmr_incam,1.000000,gvhmr_smplx_contact_site_provider,,,,,
13_volleyball,final_full_4d_hoi,76,3.125,-0.221386355,-1.240122144,4.578637929,1.0,0.0,0.0,0.0,samples_known_object/13_volleyball/results/final_full_4d_hoi/object_pose.csv,left_hand,hand,left,-0.274589658,-0.805205727,4.391432476,gvhmr_incam,1.000000,gvhmr_smplx_contact_site_provider,,,,,
13_volleyball,final_full_4d_hoi,76,3.125,-0.221386355,-1.240122144,4.578637929,1.0,0.0,0.0,0.0,samples_known_object/13_volleyball/results/final_full_4d_hoi/object_pose.csv,right_hand,hand,right,-0.056816472,-0.800020766,4.692704201,gvhmr_incam,1.000000,gvhmr_smplx_contact_site_provider,,,,,
13_volleyball,final_full_4d_hoi,76,3.125,-0.221386355,-1.240122144,4.578637929,1.0,0.0,0.0,0.0,samples_known_object/13_volleyball/results/final_full_4d_hoi/object_pose.csv,left_foot,foot,left,-0.156047851,0.917038560,4.351544857,gvhmr_incam,1.000000,gvhmr_smplx_contact_site_provider,,,,,
13_volleyball,final_full_4d_hoi,76,3.125,-0.221386355,-1.240122144,4.578637929,1.0,0.0,0.0,0.0,samples_known_object/13_volleyball/results/final_full_4d_hoi/object_pose.csv,right_foot,foot,right,0.259707153,0.923689961,4.578789711,gvhmr_incam,1.000000,gvhmr_smplx_contact_site_provider,,,,,
13_volleyball,final_full_4d_hoi,77,3.166667,-0.218338472,-1.258075303,4.578859483,1.0,0.0,0.0,0.0,samples_known_object/13_volleyball/results/final_full_4d_hoi/object_pose.csv,left_hand,hand,left,-0.265061164,-0.773164415,4.377794838,gvhmr_incam,1.000000,gvhmr_smplx_contact_site_provider,,,,,
13_volleyball,final_full_4d_hoi,77,3.166667,-0.218338472,-1.258075303,4.578859483,1.0,0.0,0.0,0.0,samples_known_object/13_volleyball/results/final_full_4d_hoi/object_pose.csv,right_hand,hand,right,-0.050456376,-0.763137031,4.658240414,gvhmr_incam,1.000000,gvhmr_smplx_contact_site_provider,,,,,
13_volleyball,final_full_4d_hoi,77,3.166667,-0.218338472,-1.258075303,4.578859483,1.0,0.0,0.0,0.0,samples_known_object/13_volleyball/results/final_full_4d_hoi/object_pose.csv,left_foot,foot,left,-0.152269050,0.914835572,4.331591606,gvhmr_incam,1.000000,gvhmr_smplx_contact_site_provider,,,,,
13_volleyball,final_full_4d_hoi,77,3.166667,-0.218338472,-1.258075303,4.578859483,1.0,0.0,0.0,0.0,samples_known_object/13_volleyball/results/final_full_4d_hoi/object_pose.csv,right_foot,foot,right,0.263256520,0.920721054,4.558613777,gvhmr_incam,1.000000,gvhmr_smplx_contact_site_provider,,,,,
13_volleyball,final_full_4d_hoi,78,3.208333,-0.215107340,-1.269647534,4.579102618,1.0,0.0,0.0,0.0,samples_known_object/13_volleyball/results/final_full_4d_hoi/object_pose.csv,left_hand,hand,left,-0.259593773,-0.741495740,4.367010593,gvhmr_incam,1.000000,gvhmr_smplx_contact_site_provider,,,,,
13_volleyball,final_full_4d_hoi,78,3.208333,-0.215107340,-1.269647534,4.579102618,1.0,0.0,0.0,0.0,samples_known_object/13_volleyball/results/final_full_4d_hoi/object_pose.csv,right_hand,hand,right,-0.045300253,-0.727505577,4.630656624,gvhmr_incam,1.000000,gvhmr_smplx_contact_site_provider,,,,,
13_volleyball,final_full_4d_hoi,78,3.208333,-0.215107340,-1.269647534,4.579102618,1.0,0.0,0.0,0.0,samples_known_object/13_volleyball/results/final_full_4d_hoi/object_pose.csv,left_foot,foot,left,-0.151380837,0.913185000,4.310771465,gvhmr_incam,1.000000,gvhmr_smplx_contact_site_provider,,,,,
13_volleyball,final_full_4d_hoi,78,3.208333,-0.215107340,-1.269647534,4.579102618,1.0,0.0,0.0,0.0,samples_known_object/13_volleyball/results/final_full_4d_hoi/object_pose.csv,right_foot,foot,right,0.263821006,0.919074178,4.538055420,gvhmr_incam,1.000000,gvhmr_smplx_contact_site_provider,,,,,
13_volleyball,final_full_4d_hoi,79,3.25,-0.211689277,-1.274840916,4.579355710,1.0,0.0,0.0,0.0,samples_known_object/13_volleyball/results/final_full_4d_hoi/object_pose.csv,left_hand,hand,left,-0.254853821,-0.715196931,4.367475986,gvhmr_incam,1.000000,gvhmr_smplx_contact_site_provider,,,,,
13_volleyball,final_full_4d_hoi,79,3.25,-0.211689277,-1.274840916,4.579355710,1.0,0.0,0.0,0.0,samples_known_object/13_volleyball/results/final_full_4d_hoi/object_pose.csv,right_hand,hand,right,-0.040200603,-0.698403013,4.621005726,gvhmr_incam,1.000000,gvhmr_smplx_contact_site_provider,,,,,
13_volleyball,final_full_4d_hoi,79,3.25,-0.211689277,-1.274840916,4.579355710,1.0,0.0,0.0,0.0,samples_known_object/13_volleyball/results/final_full_4d_hoi/object_pose.csv,left_foot,foot,left,-0.151367858,0.914246678,4.302013874,gvhmr_incam,1.000000,gvhmr_smplx_contact_site_provider,,,,,
13_volleyball,final_full_4d_hoi,79,3.25,-0.211689277,-1.274840916,4.579355710,1.0,0.0,0.0,0.0,samples_known_object/13_volleyball/results/final_full_4d_hoi/object_pose.csv,right_foot,foot,right,0.263519108,0.920271099,4.529781342,gvhmr_incam,1.000000,gvhmr_smplx_contact_site_provider,,,,,
13_volleyball,final_full_4d_hoi,80,3.291667,-0.208087706,-1.273631749,4.579559129,1.0,0.0,0.0,0.0,samples_known_object/13_volleyball/results/final_full_4d_hoi/object_pose.csv,left_hand,hand,left,-0.251772505,-0.689355266,4.379976463,gvhmr_incam,1.000000,gvhmr_smplx_contact_site_provider,,,,,
13_volleyball,final_full_4d_hoi,80,3.291667,-0.208087706,-1.273631749,4.579559129,1.0,0.0,0.0,0.0,samples_known_object/13_volleyball/results/final_full_4d_hoi/object_pose.csv,right_hand,hand,right,-0.039114037,-0.672217500,4.625920963,gvhmr_incam,1.000000,gvhmr_smplx_contact_site_provider,,,,,
13_volleyball,final_full_4d_hoi,80,3.291667,-0.208087706,-1.273631749,4.579559129,1.0,0.0,0.0,0.0,samples_known_object/13_volleyball/results/final_full_4d_hoi/object_pose.csv,left_foot,foot,left,-0.151250839,0.916803598,4.305577278,gvhmr_incam,1.000000,gvhmr_smplx_contact_site_provider,,,,,
13_volleyball,final_full_4d_hoi,80,3.291667,-0.208087706,-1.273631749,4.579559129,1.0,0.0,0.0,0.0,samples_known_object/13_volleyball/results/final_full_4d_hoi/object_pose.csv,right_foot,foot,right,0.263543397,0.922954142,4.533638477,gvhmr_incam,1.000000,gvhmr_smplx_contact_site_provider,,,,,
13_volleyball,final_full_4d_hoi,81,3.333333,-0.204296016,-1.266002859,4.579631647,1.0,0.0,0.0,0.0,samples_known_object/13_volleyball/results/final_full_4d_hoi/object_pose.csv,left_hand,hand,left,-0.248796350,-0.666267037,4.391331577,gvhmr_incam,1.000000,gvhmr_smplx_contact_site_provider,,,,,
13_volleyball,final_full_4d_hoi,81,3.333333,-0.204296016,-1.266002859,4.579631647,1.0,0.0,0.0,0.0,samples_known_object/13_volleyball/results/final_full_4d_hoi/object_pose.csv,right_hand,hand,right,-0.037885769,-0.647206569,4.634287834,gvhmr_incam,1.000000,gvhmr_smplx_contact_site_provider,,,,,
13_volleyball,final_full_4d_hoi,81,3.333333,-0.204296016,-1.266002859,4.579631647,1.0,0.0,0.0,0.0,samples_known_object/13_volleyball/results/final_full_4d_hoi/object_pose.csv,left_foot,foot,left,-0.151990443,0.919687271,4.308521271,gvhmr_incam,1.000000,gvhmr_smplx_contact_site_provider,,,,,
13_volleyball,final_full_4d_hoi,81,3.333333,-0.204296016,-1.266002859,4.579631647,1.0,0.0,0.0,0.0,samples_known_object/13_volleyball/results/final_full_4d_hoi/object_pose.csv,right_foot,foot,right,0.262693048,0.926678240,4.537084579,gvhmr_incam,1.000000,gvhmr_smplx_contact_site_provider,,,,,
13_volleyball,final_full_4d_hoi,82,3.375,-0.200311377,-1.251928951,4.579502246,1.0,0.0,0.0,0.0,samples_known_object/13_volleyball/results/final_full_4d_hoi/object_pose.csv,left_hand,hand,left,-0.246605724,-0.649345553,4.408078957,gvhmr_incam,1.000000,gvhmr_smplx_contact_site_provider,,,,,
13_volleyball,final_full_4d_hoi,82,3.375,-0.200311377,-1.251928951,4.579502246,1.0,0.0,0.0,0.0,samples_known_object/13_volleyball/results/final_full_4d_hoi/object_pose.csv,right_hand,hand,right,-0.035917516,-0.628809917,4.649090099,gvhmr_incam,1.000000,gvhmr_smplx_contact_site_provider,,,,,
13_volleyball,final_full_4d_hoi,82,3.375,-0.200311377,-1.251928951,4.579502246,1.0,0.0,0.0,0.0,samples_known_object/13_volleyball/results/final_full_4d_hoi/object_pose.csv,left_foot,foot,left,-0.152741283,0.921106756,4.318551064,gvhmr_incam,1.000000,gvhmr_smplx_contact_site_provider,,,,,
13_volleyball,final_full_4d_hoi,82,3.375,-0.200311377,-1.251928951,4.579502246,1.0,0.0,0.0,0.0,samples_known_object/13_volleyball/results/final_full_4d_hoi/object_pose.csv,right_foot,foot,right,0.261664897,0.929083705,4.547804832,gvhmr_incam,1.000000,gvhmr_smplx_contact_site_provider,,,,,
13_volleyball,final_full_4d_hoi,83,3.416667,-0.196129737,-1.231406467,4.579135963,1.0,0.0,0.0,0.0,samples_known_object/13_volleyball/results/final_full_4d_hoi/object_pose.csv,left_hand,hand,left,-0.243211794,-0.635568285,4.418797016,gvhmr_incam,1.000000,gvhmr_smplx_contact_site_provider,,,,,
13_volleyball,final_full_4d_hoi,83,3.416667,-0.196129737,-1.231406467,4.579135963,1.0,0.0,0.0,0.0,samples_known_object/13_volleyball/results/final_full_4d_hoi/object_pose.csv,right_hand,hand,right,-0.032797620,-0.614152813,4.660709000,gvhmr_incam,1.000000,gvhmr_smplx_contact_site_provider,,,,,
13_volleyball,final_full_4d_hoi,83,3.416667,-0.196129737,-1.231406467,4.579135963,1.0,0.0,0.0,0.0,samples_known_object/13_volleyball/results/final_full_4d_hoi/object_pose.csv,left_foot,foot,left,-0.153493881,0.922453880,4.323762894,gvhmr_incam,1.000000,gvhmr_smplx_contact_site_provider,,,,,
13_volleyball,final_full_4d_hoi,83,3.416667,-0.196129737,-1.231406467,4.579135963,1.0,0.0,0.0,0.0,samples_known_object/13_volleyball/results/final_full_4d_hoi/object_pose.csv,right_foot,foot,right,0.260962784,0.931624770,4.553103924,gvhmr_incam,1.000000,gvhmr_smplx_contact_site_provider,,,,,
13_volleyball,final_full_4d_hoi,84,3.458333,-0.191758242,-1.204482810,4.578566509,1.0,0.0,0.0,0.0,samples_known_object/13_volleyball/results/final_full_4d_hoi/object_pose.csv,left_hand,hand,left,-0.235111582,-0.626067066,4.429500484,gvhmr_incam,1.000000,gvhmr_smplx_contact_site_provider,,,,,
13_volleyball,final_full_4d_hoi,84,3.458333,-0.191758242,-1.204482810,4.578566509,1.0,0.0,0.0,0.0,samples_known_object/13_volleyball/results/final_full_4d_hoi/object_pose.csv,right_hand,hand,right,-0.027362460,-0.603307021,4.670546627,gvhmr_incam,1.000000,gvhmr_smplx_contact_site_provider,,,,,
13_volleyball,final_full_4d_hoi,84,3.458333,-0.191758242,-1.204482810,4.578566509,1.0,0.0,0.0,0.0,samples_known_object/13_volleyball/results/final_full_4d_hoi/object_pose.csv,left_foot,foot,left,-0.153104275,0.922010183,4.329056740,gvhmr_incam,1.000000,gvhmr_smplx_contact_site_provider,,,,,
13_volleyball,final_full_4d_hoi,84,3.458333,-0.191758242,-1.204482810,4.578566509,1.0,0.0,0.0,0.0,samples_known_object/13_volleyball/results/final_full_4d_hoi/object_pose.csv,right_foot,foot,right,0.261641622,0.932220638,4.558496952,gvhmr_incam,1.000000,gvhmr_smplx_contact_site_provider,,,,,
13_volleyball,final_full_4d_hoi,85,3.5,-0.187206546,-1.170964249,4.577938191,1.0,0.0,0.0,0.0,samples_known_object/13_volleyball/results/final_full_4d_hoi/object_pose.csv,left_hand,hand,left,-0.229167271,-0.620380187,4.437945557,gvhmr_incam,1.000000,gvhmr_smplx_contact_site_provider,,,,,
13_volleyball,final_full_4d_hoi,85,3.5,-0.187206546,-1.170964249,4.577938191,1.0,0.0,0.0,0.0,samples_known_object/13_volleyball/results/final_full_4d_hoi/object_pose.csv,right_hand,hand,right,-0.024429829,-0.596718645,4.676967907,gvhmr_incam,1.000000,gvhmr_smplx_contact_site_provider,,,,,
13_volleyball,final_full_4d_hoi,85,3.5,-0.187206546,-1.170964249,4.577938191,1.0,0.0,0.0,0.0,samples_known_object/13_volleyball/results/final_full_4d_hoi/object_pose.csv,left_foot,foot,left,-0.152708262,0.921495438,4.331155300,gvhmr_incam,1.000000,gvhmr_smplx_contact_site_provider,,,,,
13_volleyball,final_full_4d_hoi,85,3.5,-0.187206546,-1.170964249,4.577938191,1.0,0.0,0.0,0.0,samples_known_object/13_volleyball/results/final_full_4d_hoi/object_pose.csv,right_foot,foot,right,0.262769043,0.931090236,4.560587406,gvhmr_incam,1.000000,gvhmr_smplx_contact_site_provider,,,,,
13_volleyball,final_full_4d_hoi,86,3.541667,-0.183767523,-1.103272742,4.578165803,1.0,0.0,0.0,0.0,samples_known_object/13_volleyball/results/final_full_4d_hoi/object_pose.csv,left_hand,hand,left,-0.224737102,-0.616921592,4.444879150,gvhmr_incam,1.000000,gvhmr_smplx_contact_site_provider,,,,,
13_volleyball,final_full_4d_hoi,86,3.541667,-0.183767523,-1.103272742,4.578165803,1.0,0.0,0.0,0.0,samples_known_object/13_volleyball/results/final_full_4d_hoi/object_pose.csv,right_hand,hand,right,-0.022586571,-0.593353581,4.681360340,gvhmr_incam,1.000000,gvhmr_smplx_contact_site_provider,,,,,
13_volleyball,final_full_4d_hoi,86,3.541667,-0.183767523,-1.103272742,4.578165803,1.0,0.0,0.0,0.0,samples_known_object/13_volleyball/results/final_full_4d_hoi/object_pose.csv,left_foot,foot,left,-0.154326543,0.920009732,4.332453251,gvhmr_incam,1.000000,gvhmr_smplx_contact_site_provider,,,,,
13_volleyball,final_full_4d_hoi,86,3.541667,-0.183767523,-1.103272742,4.578165803,1.0,0.0,0.0,0.0,samples_known_object/13_volleyball/results/final_full_4d_hoi/object_pose.csv,right_foot,foot,right,0.262759149,0.930249691,4.561380386,gvhmr_incam,1.000000,gvhmr_smplx_contact_site_provider,,,,,
13_volleyball,final_full_4d_hoi,87,3.583333,-0.176173198,-1.077373858,4.577968536,1.0,0.0,0.0,0.0,samples_known_object/13_volleyball/results/final_full_4d_hoi/object_pose.csv,left_hand,hand,left,-0.220811510,-0.613666201,4.452744102,gvhmr_incam,1.000000,gvhmr_smplx_contact_site_provider,,,,,
13_volleyball,final_full_4d_hoi,87,3.583333,-0.176173198,-1.077373858,4.577968536,1.0,0.0,0.0,0.0,samples_known_object/13_volleyball/results/final_full_4d_hoi/object_pose.csv,right_hand,hand,right,-0.023139796,-0.590457082,4.683598232,gvhmr_incam,1.000000,gvhmr_smplx_contact_site_provider,,,,,
13_volleyball,final_full_4d_hoi,87,3.583333,-0.176173198,-1.077373858,4.577968536,1.0,0.0,0.0,0.0,samples_known_object/13_volleyball/results/final_full_4d_hoi/object_pose.csv,left_foot,foot,left,-0.156132936,0.919468641,4.334255695,gvhmr_incam,1.000000,gvhmr_smplx_contact_site_provider,,,,,
13_volleyball,final_full_4d_hoi,87,3.583333,-0.176173198,-1.077373858,4.577968536,1.0,0.0,0.0,0.0,samples_known_object/13_volleyball/results/final_full_4d_hoi/object_pose.csv,right_foot,foot,right,0.262590021,0.929954886,4.562749863,gvhmr_incam,1.000000,gvhmr_smplx_contact_site_provider,,,,,
13_volleyball,final_full_4d_hoi,88,3.625,-0.169326244,-1.043884284,4.578840536,1.0,0.0,0.0,0.0,samples_known_object/13_volleyball/results/final_full_4d_hoi/object_pose.csv,left_hand,hand,left,-0.219371456,-0.609160399,4.462305641,gvhmr_incam,1.000000,gvhmr_smplx_contact_site_provider,,,,,
13_volleyball,final_full_4d_hoi,88,3.625,-0.169326244,-1.043884284,4.578840536,1.0,0.0,0.0,0.0,samples_known_object/13_volleyball/results/final_full_4d_hoi/object_pose.csv,right_hand,hand,right,-0.025771888,-0.586970377,4.684672546,gvhmr_incam,1.000000,gvhmr_smplx_contact_site_provider,,,,,
13_volleyball,final_full_4d_hoi,88,3.625,-0.169326244,-1.043884284,4.578840536,1.0,0.0,0.0,0.0,samples_known_object/13_volleyball/results/final_full_4d_hoi/object_pose.csv,left_foot,foot,left,-0.158412606,0.918608904,4.336732388,gvhmr_incam,1.000000,gvhmr_smplx_contact_site_provider,,,,,
13_volleyball,final_full_4d_hoi,88,3.625,-0.169326244,-1.043884284,4.578840536,1.0,0.0,0.0,0.0,samples_known_object/13_volleyball/results/final_full_4d_hoi/object_pose.csv,right_foot,foot,right,0.261220962,0.929460406,4.565585136,gvhmr_incam,1.000000,gvhmr_smplx_contact_site_provider,,,,,
13_volleyball,final_full_4d_hoi,89,3.666667,-0.167552228,-0.989497341,4.581589889,1.0,0.0,0.0,0.0,samples_known_object/13_volleyball/results/final_full_4d_hoi/object_pose.csv,left_hand,hand,left,-0.218431321,-0.602406240,4.473332405,gvhmr_incam,1.000000,gvhmr_smplx_contact_site_provider,,,,,
13_volleyball,final_full_4d_hoi,89,3.666667,-0.167552228,-0.989497341,4.581589889,1.0,0.0,0.0,0.0,samples_known_object/13_volleyball/results/final_full_4d_hoi/object_pose.csv,right_hand,hand,right,-0.029900774,-0.582165384,4.685885620,gvhmr_incam,1.000000,gvhmr_smplx_contact_site_provider,,,,,
13_volleyball,final_full_4d_hoi,89,3.666667,-0.167552228,-0.989497341,4.581589889,1.0,0.0,0.0,0.0,samples_known_object/13_volleyball/results/final_full_4d_hoi/object_pose.csv,left_foot,foot,left,-0.159246817,0.918335915,4.339511871,gvhmr_incam,1.000000,gvhmr_smplx_contact_site_provider,,,,,
13_volleyball,final_full_4d_hoi,89,3.666667,-0.167552228,-0.989497341,4.581589889,1.0,0.0,0.0,0.0,samples_known_object/13_volleyball/results/final_full_4d_hoi/object_pose.csv,right_foot,foot,right,0.259861529,0.928952217,4.569803238,gvhmr_incam,1.000000,gvhmr_smplx_contact_site_provider,,,,,
13_volleyball,final_full_4d_hoi,90,3.708333,-0.164881129,-0.914176087,4.586549461,1.0,0.0,0.0,0.0,samples_known_object/13_volleyball/results/final_full_4d_hoi/object_pose.csv,left_hand,hand,left,-0.219918686,-0.595649767,4.480882168,gvhmr_incam,1.000000,gvhmr_smplx_contact_site_provider,,,,,
13_volleyball,final_full_4d_hoi,90,3.708333,-0.164881129,-0.914176087,4.586549461,1.0,0.0,0.0,0.0,samples_known_object/13_volleyball/results/final_full_4d_hoi/object_pose.csv,right_hand,hand,right,-0.037021714,-0.575625861,4.683267593,gvhmr_incam,1.000000,gvhmr_smplx_contact_site_provider,,,,,
13_volleyball,final_full_4d_hoi,90,3.708333,-0.164881129,-0.914176087,4.586549461,1.0,0.0,0.0,0.0,samples_known_object/13_volleyball/results/final_full_4d_hoi/object_pose.csv,left_foot,foot,left,-0.160737574,0.917664289,4.338940620,gvhmr_incam,1.000000,gvhmr_smplx_contact_site_provider,,,,,
13_volleyball,final_full_4d_hoi,90,3.708333,-0.164881129,-0.914176087,4.586549461,1.0,0.0,0.0,0.0,samples_known_object/13_volleyball/results/final_full_4d_hoi/object_pose.csv,right_foot,foot,right,0.257414460,0.927838504,4.570609093,gvhmr_incam,1.000000,gvhmr_smplx_contact_site_provider,,,,,
13_volleyball,final_full_4d_hoi,91,3.75,-0.163270219,-0.832540656,4.593148087,1.0,0.0,0.0,0.0,samples_known_object/13_volleyball/results/final_full_4d_hoi/object_pose.csv,left_hand,hand,left,-0.222441846,-0.587456357,4.490811539,gvhmr_incam,1.000000,gvhmr_smplx_contact_site_provider,,,,,
13_volleyball,final_full_4d_hoi,91,3.75,-0.163270219,-0.832540656,4.593148087,1.0,0.0,0.0,0.0,samples_known_object/13_volleyball/results/final_full_4d_hoi/object_pose.csv,right_hand,hand,right,-0.047403421,-0.564816153,4.680274487,gvhmr_incam,1.000000,gvhmr_smplx_contact_site_provider,,,,,
13_volleyball,final_full_4d_hoi,91,3.75,-0.163270219,-0.832540656,4.593148087,1.0,0.0,0.0,0.0,samples_known_object/13_volleyball/results/final_full_4d_hoi/object_pose.csv,left_foot,foot,left,-0.162290037,0.917756438,4.339677334,gvhmr_incam,1.000000,gvhmr_smplx_contact_site_provider,,,,,
13_volleyball,final_full_4d_hoi,91,3.75,-0.163270219,-0.832540656,4.593148087,1.0,0.0,0.0,0.0,samples_known_object/13_volleyball/results/final_full_4d_hoi/object_pose.csv,right_foot,foot,right,0.254454434,0.927283227,4.572573185,gvhmr_incam,1.000000,gvhmr_smplx_contact_site_provider,,,,,
13_volleyball,final_full_4d_hoi,92,3.791667,-0.158994876,-0.748691672,4.600073524,1.0,0.0,0.0,0.0,samples_known_object/13_volleyball/results/final_full_4d_hoi/object_pose.csv,left_hand,hand,left,-0.226383889,-0.581941903,4.498682880,gvhmr_incam,1.000000,gvhmr_smplx_contact_site_provider,,,,,
13_volleyball,final_full_4d_hoi,92,3.791667,-0.158994876,-0.748691672,4.600073524,1.0,0.0,0.0,0.0,samples_known_object/13_volleyball/results/final_full_4d_hoi/object_pose.csv,right_hand,hand,right,-0.060930863,-0.555610204,4.672995281,gvhmr_incam,1.000000,gvhmr_smplx_contact_site_provider,,,,,
13_volleyball,final_full_4d_hoi,92,3.791667,-0.158994876,-0.748691672,4.600073524,1.0,0.0,0.0,0.0,samples_known_object/13_volleyball/results/final_full_4d_hoi/object_pose.csv,left_foot,foot,left,-0.164441556,0.918060601,4.338587761,gvhmr_incam,1.000000,gvhmr_smplx_contact_site_provider,,,,,
13_volleyball,final_full_4d_hoi,92,3.791667,-0.158994876,-0.748691672,4.600073524,1.0,0.0,0.0,0.0,samples_known_object/13_volleyball/results/final_full_4d_hoi/object_pose.csv,right_foot,foot,right,0.250832975,0.927251935,4.572144508,gvhmr_incam,1.000000,gvhmr_smplx_contact_site_provider,,,,,
13_volleyball,final_full_4d_hoi,93,3.833333,-0.150126663,-0.676324955,4.604745060,1.0,0.0,0.0,0.0,samples_known_object/13_volleyball/results/final_full_4d_hoi/object_pose.csv,left_hand,hand,left,-0.234636253,-0.584254932,4.503448105,gvhmr_incam,1.000000,gvhmr_smplx_contact_site_provider,,,,,
13_volleyball,final_full_4d_hoi,93,3.833333,-0.150126663,-0.676324955,4.604745060,1.0,0.0,0.0,0.0,samples_known_object/13_volleyball/results/final_full_4d_hoi/object_pose.csv,right_hand,hand,right,-0.078299552,-0.555909443,4.667254925,gvhmr_incam,1.000000,gvhmr_smplx_contact_site_provider,,,,,
13_volleyball,final_full_4d_hoi,93,3.833333,-0.150126663,-0.676324955,4.604745060,1.0,0.0,0.0,0.0,samples_known_object/13_volleyball/results/final_full_4d_hoi/object_pose.csv,left_foot,foot,left,-0.166537970,0.916999221,4.337869167,gvhmr_incam,1.000000,gvhmr_smplx_contact_site_provider,,,,,
13_volleyball,final_full_4d_hoi,93,3.833333,-0.150126663,-0.676324955,4.604745060,1.0,0.0,0.0,0.0,samples_known_object/13_volleyball/results/final_full_4d_hoi/object_pose.csv,right_foot,foot,right,0.247655004,0.926603079,4.571765900,gvhmr_incam,1.000000,gvhmr_smplx_contact_site_provider,,,,,
13_volleyball,final_full_4d_hoi,94,3.875,-0.149115547,-0.639950262,4.603350766,1.0,0.0,0.0,0.0,samples_known_object/13_volleyball/results/final_full_4d_hoi/object_pose.csv,left_hand,hand,left,-0.241888320,-0.594927692,4.503996658,gvhmr_incam,1.000000,gvhmr_smplx_contact_site_provider,,,,,
13_volleyball,final_full_4d_hoi,94,3.875,-0.149115547,-0.639950262,4.603350766,1.0,0.0,0.0,0.0,samples_known_object/13_volleyball/results/final_full_4d_hoi/object_pose.csv,right_hand,hand,right,-0.089789373,-0.566379619,4.662337971,gvhmr_incam,1.000000,gvhmr_smplx_contact_site_provider,,,,,
13_volleyball,final_full_4d_hoi,94,3.875,-0.149115547,-0.639950262,4.603350766,1.0,0.0,0.0,0.0,samples_known_object/13_volleyball/results/final_full_4d_hoi/object_pose.csv,left_foot,foot,left,-0.164853722,0.916256905,4.337797642,gvhmr_incam,1.000000,gvhmr_smplx_contact_site_provider,,,,,
13_volleyball,final_full_4d_hoi,94,3.875,-0.149115547,-0.639950262,4.603350766,1.0,0.0,0.0,0.0,samples_known_object/13_volleyball/results/final_full_4d_hoi/object_pose.csv,right_foot,foot,right,0.249119684,0.925362349,4.571510315,gvhmr_incam,1.000000,gvhmr_smplx_contact_site_provider,,,,,
13_volleyball,final_full_4d_hoi,95,3.916667,-0.165519668,-0.667815039,4.591259777,1.0,0.0,0.0,0.0,samples_known_object/13_volleyball/results/final_full_4d_hoi/object_pose.csv,left_hand,hand,left,-0.258468020,-0.620035112,4.498921108,gvhmr_incam,1.000000,gvhmr_smplx_contact_site_provider,,,,,
13_volleyball,final_full_4d_hoi,95,3.916667,-0.165519668,-0.667815039,4.591259777,1.0,0.0,0.0,0.0,samples_known_object/13_volleyball/results/final_full_4d_hoi/object_pose.csv,right_hand,hand,right,-0.109149173,-0.591525495,4.657596207,gvhmr_incam,1.000000,gvhmr_smplx_contact_site_provider,,,,,
13_volleyball,final_full_4d_hoi,95,3.916667,-0.165519668,-0.667815039,4.591259777,1.0,0.0,0.0,0.0,samples_known_object/13_volleyball/results/final_full_4d_hoi/object_pose.csv,left_foot,foot,left,-0.163528115,0.913508296,4.335775375,gvhmr_incam,1.000000,gvhmr_smplx_contact_site_provider,,,,,
13_volleyball,final_full_4d_hoi,95,3.916667,-0.165519668,-0.667815039,4.591259777,1.0,0.0,0.0,0.0,samples_known_object/13_volleyball/results/final_full_4d_hoi/object_pose.csv,right_foot,foot,right,0.250201762,0.922536016,4.569409847,gvhmr_incam,1.000000,gvhmr_smplx_contact_site_provider,,,,,
13_volleyball,final_full_4d_hoi,96,3.958333,-0.182927370,-0.708406719,4.570838662,1.0,0.0,0.0,0.0,samples_known_object/13_volleyball/results/final_full_4d_hoi/object_pose.csv,left_hand,hand,left,-0.277583236,-0.663241744,4.488434887,gvhmr_incam,1.000000,gvhmr_smplx_contact_site_provider,,,,,
13_volleyball,final_full_4d_hoi,96,3.958333,-0.182927370,-0.708406719,4.570838662,1.0,0.0,0.0,0.0,samples_known_object/13_volleyball/results/final_full_4d_hoi/object_pose.csv,right_hand,hand,right,-0.122451518,-0.636004651,4.661107922,gvhmr_incam,1.000000,gvhmr_smplx_contact_site_provider,,,,,
13_volleyball,final_full_4d_hoi,96,3.958333,-0.182927370,-0.708406719,4.570838662,1.0,0.0,0.0,0.0,samples_known_object/13_volleyball/results/final_full_4d_hoi/object_pose.csv,left_foot,foot,left,-0.161139816,0.910667896,4.334045410,gvhmr_incam,1.000000,gvhmr_smplx_contact_site_provider,,,,,
13_volleyball,final_full_4d_hoi,96,3.958333,-0.182927370,-0.708406719,4.570838662,1.0,0.0,0.0,0.0,samples_known_object/13_volleyball/results/final_full_4d_hoi/object_pose.csv,right_foot,foot,right,0.252055645,0.921020448,4.568145275,gvhmr_incam,1.000000,gvhmr_smplx_contact_site_provider,,,,,
13_volleyball,final_full_4d_hoi,97,4.0,-0.183896796,-0.779718396,4.560346419,1.0,0.0,0.0,0.0,samples_known_object/13_volleyball/results/final_full_4d_hoi/object_pose.csv,left_hand,hand,left,-0.300350124,-0.714953542,4.475190067,gvhmr_incam,1.000000,gvhmr_smplx_contact_site_provider,,,,,
13_volleyball,final_full_4d_hoi,97,4.0,-0.183896796,-0.779718396,4.560346419,1.0,0.0,0.0,0.0,samples_known_object/13_volleyball/results/final_full_4d_hoi/object_pose.csv,right_hand,hand,right,-0.133995026,-0.692475414,4.671711349,gvhmr_incam,1.000000,gvhmr_smplx_contact_site_provider,,,,,
13_volleyball,final_full_4d_hoi,97,4.0,-0.183896796,-0.779718396,4.560346419,1.0,0.0,0.0,0.0,samples_known_object/13_volleyball/results/final_full_4d_hoi/object_pose.csv,left_foot,foot,left,-0.160779536,0.910830379,4.336183071,gvhmr_incam,1.000000,gvhmr_smplx_contact_site_provider,,,,,
13_volleyball,final_full_4d_hoi,97,4.0,-0.183896796,-0.779718396,4.560346419,1.0,0.0,0.0,0.0,samples_known_object/13_volleyball/results/final_full_4d_hoi/object_pose.csv,right_foot,foot,right,0.251125753,0.921103537,4.571691513,gvhmr_incam,1.000000,gvhmr_smplx_contact_site_provider,,,,,
13_volleyball,final_full_4d_hoi,98,4.041667,-0.206414015,-0.852924830,4.557122111,1.0,0.0,0.0,0.0,samples_known_object/13_volleyball/results/final_full_4d_hoi/object_pose.csv,left_hand,hand,left,-0.315678811,-0.771242785,4.487691212,gvhmr_incam,1.000000,gvhmr_smplx_contact_site_provider,,,,,
13_volleyball,final_full_4d_hoi,98,4.041667,-0.206414015,-0.852924830,4.557122111,1.0,0.0,0.0,0.0,samples_known_object/13_volleyball/results/final_full_4d_hoi/object_pose.csv,right_hand,hand,right,-0.139527410,-0.755272031,4.715440750,gvhmr_incam,1.000000,gvhmr_smplx_contact_site_provider,,,,,
13_volleyball,final_full_4d_hoi,98,4.041667,-0.206414015,-0.852924830,4.557122111,1.0,0.0,0.0,0.0,samples_known_object/13_volleyball/results/final_full_4d_hoi/object_pose.csv,left_foot,foot,left,-0.161108389,0.911552131,4.361932755,gvhmr_incam,1.000000,gvhmr_smplx_contact_site_provider,,,,,
13_volleyball,final_full_4d_hoi,98,4.041667,-0.206414015,-0.852924830,4.557122111,1.0,0.0,0.0,0.0,samples_known_object/13_volleyball/results/final_full_4d_hoi/object_pose.csv,right_foot,foot,right,0.250272930,0.922938228,4.597083569,gvhmr_incam,1.000000,gvhmr_smplx_contact_site_provider,,,,,
13_volleyball,final_full_4d_hoi,99,4.083333,-0.216407598,-0.928869039,4.558587578,1.0,0.0,0.0,0.0,samples_known_object/13_volleyball/results/final_full_4d_hoi/object_pose.csv,left_hand,hand,left,-0.324898744,-0.822902274,4.475415421,gvhmr_incam,1.000000,gvhmr_smplx_contact_site_provider,,,,,
13_volleyball,final_full_4d_hoi,99,4.083333,-0.216407598,-0.928869039,4.558587578,1.0,0.0,0.0,0.0,samples_known_object/13_volleyball/results/final_full_4d_hoi/object_pose.csv,right_hand,hand,right,-0.133540571,-0.817480111,4.736761475,gvhmr_incam,1.000000,gvhmr_smplx_contact_site_provider,,,,,
13_volleyball,final_full_4d_hoi,99,4.083333,-0.216407598,-0.928869039,4.558587578,1.0,0.0,0.0,0.0,samples_known_object/13_volleyball/results/final_full_4d_hoi/object_pose.csv,left_foot,foot,left,-0.160446152,0.911258817,4.364765167,gvhmr_incam,1.000000,gvhmr_smplx_contact_site_provider,,,,,
13_volleyball,final_full_4d_hoi,99,4.083333,-0.216407598,-0.928869039,4.558587578,1.0,0.0,0.0,0.0,samples_known_object/13_volleyball/results/final_full_4d_hoi/object_pose.csv,right_foot,foot,right,0.250498891,0.922624588,4.598934650,gvhmr_incam,1.000000,gvhmr_smplx_contact_site_provider,,,,,
13_volleyball,final_full_4d_hoi,100,4.125,-0.219860215,-1.000450472,4.562681452,1.0,0.0,0.0,0.0,samples_known_object/13_volleyball/results/final_full_4d_hoi/object_pose.csv,left_hand,hand,left,-0.329253465,-0.857005501,4.462721443,gvhmr_incam,1.000000,gvhmr_smplx_contact_site_provider,,,,,
13_volleyball,final_full_4d_hoi,100,4.125,-0.219860215,-1.000450472,4.562681452,1.0,0.0,0.0,0.0,samples_known_object/13_volleyball/results/final_full_4d_hoi/object_pose.csv,right_hand,hand,right,-0.121784496,-0.860663652,4.755305099,gvhmr_incam,1.000000,gvhmr_smplx_contact_site_provider,,,,,
13_volleyball,final_full_4d_hoi,100,4.125,-0.219860215,-1.000450472,4.562681452,1.0,0.0,0.0,0.0,samples_known_object/13_volleyball/results/final_full_4d_hoi/object_pose.csv,left_foot,foot,left,-0.161827266,0.910821974,4.369152069,gvhmr_incam,1.000000,gvhmr_smplx_contact_site_provider,,,,,
13_volleyball,final_full_4d_hoi,100,4.125,-0.219860215,-1.000450472,4.562681452,1.0,0.0,0.0,0.0,samples_known_object/13_volleyball/results/final_full_4d_hoi/object_pose.csv,right_foot,foot,right,0.248976231,0.922482431,4.602137566,gvhmr_incam,1.000000,gvhmr_smplx_contact_site_provider,,,,,
13_volleyball,final_full_4d_hoi,101,4.166667,-0.220326359,-1.047463852,4.568136893,1.0,0.0,0.0,0.0,samples_known_object/13_volleyball/results/final_full_4d_hoi/object_pose.csv,left_hand,hand,left,-0.324327064,-0.871296072,4.444469929,gvhmr_incam,1.000000,gvhmr_smplx_contact_site_provider,,,,,
13_volleyball,final_full_4d_hoi,101,4.166667,-0.220326359,-1.047463852,4.568136893,1.0,0.0,0.0,0.0,samples_known_object/13_volleyball/results/final_full_4d_hoi/object_pose.csv,right_hand,hand,right,-0.109996870,-0.880431390,4.754792976,gvhmr_incam,1.000000,gvhmr_smplx_contact_site_provider,,,,,
13_volleyball,final_full_4d_hoi,101,4.166667,-0.220326359,-1.047463852,4.568136893,1.0,0.0,0.0,0.0,samples_known_object/13_volleyball/results/final_full_4d_hoi/object_pose.csv,left_foot,foot,left,-0.162848800,0.912303686,4.367143154,gvhmr_incam,1.000000,gvhmr_smplx_contact_site_provider,,,,,
13_volleyball,final_full_4d_hoi,101,4.166667,-0.220326359,-1.047463852,4.568136893,1.0,0.0,0.0,0.0,samples_known_object/13_volleyball/results/final_full_4d_hoi/object_pose.csv,right_foot,foot,right,0.248576581,0.924350619,4.598045349,gvhmr_incam,1.000000,gvhmr_smplx_contact_site_provider,,,,,
13_volleyball,final_full_4d_hoi,102,4.208333,-0.221111384,-1.073843567,4.573746746,1.0,0.0,0.0,0.0,samples_known_object/13_volleyball/results/final_full_4d_hoi/object_pose.csv,left_hand,hand,left,-0.314719051,-0.870948708,4.434938049,gvhmr_incam,1.000000,gvhmr_smplx_contact_site_provider,,,,,
13_volleyball,final_full_4d_hoi,102,4.208333,-0.221111384,-1.073843567,4.573746746,1.0,0.0,0.0,0.0,samples_known_object/13_volleyball/results/final_full_4d_hoi/object_pose.csv,right_hand,hand,right,-0.101002499,-0.880958164,4.755289364,gvhmr_incam,1.000000,gvhmr_smplx_contact_site_provider,,,,,
13_volleyball,final_full_4d_hoi,102,4.208333,-0.221111384,-1.073843567,4.573746746,1.0,0.0,0.0,0.0,samples_known_object/13_volleyball/results/final_full_4d_hoi/object_pose.csv,left_foot,foot,left,-0.162295058,0.914676607,4.366613388,gvhmr_incam,1.000000,gvhmr_smplx_contact_site_provider,,,,,
13_volleyball,final_full_4d_hoi,102,4.208333,-0.221111384,-1.073843567,4.573746746,1.0,0.0,0.0,0.0,samples_known_object/13_volleyball/results/final_full_4d_hoi/object_pose.csv,right_foot,foot,right,0.249919355,0.926357031,4.595856190,gvhmr_incam,1.000000,gvhmr_smplx_contact_site_provider,,,,,
13_volleyball,final_full_4d_hoi,103,4.25,-0.222433320,-1.092132248,4.578590071,1.0,0.0,0.0,0.0,samples_known_object/13_volleyball/results/final_full_4d_hoi/object_pose.csv,left_hand,hand,left,-0.300959027,-0.856626642,4.428682613,gvhmr_incam,1.000000,gvhmr_smplx_contact_site_provider,,,,,
13_volleyball,final_full_4d_hoi,103,4.25,-0.222433320,-1.092132248,4.578590071,1.0,0.0,0.0,0.0,samples_known_object/13_volleyball/results/final_full_4d_hoi/object_pose.csv,right_hand,hand,right,-0.096280111,-0.865397084,4.749048233,gvhmr_incam,1.000000,gvhmr_smplx_contact_site_provider,,,,,
13_volleyball,final_full_4d_hoi,103,4.25,-0.222433320,-1.092132248,4.578590071,1.0,0.0,0.0,0.0,samples_known_object/13_volleyball/results/final_full_4d_hoi/object_pose.csv,left_foot,foot,left,-0.160110697,0.917893469,4.365757465,gvhmr_incam,1.000000,gvhmr_smplx_contact_site_provider,,,,,
13_volleyball,final_full_4d_hoi,103,4.25,-0.222433320,-1.092132248,4.578590071,1.0,0.0,0.0,0.0,samples_known_object/13_volleyball/results/final_full_4d_hoi/object_pose.csv,right_foot,foot,right,0.252972066,0.928816020,4.593419075,gvhmr_incam,1.000000,gvhmr_smplx_contact_site_provider,,,,,
13_volleyball,final_full_4d_hoi,104,4.291667,-0.219807220,-1.103979054,4.582328471,1.0,0.0,0.0,0.0,samples_known_object/13_volleyball/results/final_full_4d_hoi/object_pose.csv,left_hand,hand,left,-0.287923306,-0.831078804,4.432570457,gvhmr_incam,1.000000,gvhmr_smplx_contact_site_provider,,,,,
13_volleyball,final_full_4d_hoi,104,4.291667,-0.219807220,-1.103979054,4.582328471,1.0,0.0,0.0,0.0,samples_known_object/13_volleyball/results/final_full_4d_hoi/object_pose.csv,right_hand,hand,right,-0.092869316,-0.839410865,4.741057301,gvhmr_incam,1.000000,gvhmr_smplx_contact_site_provider,,,,,
13_volleyball,final_full_4d_hoi,104,4.291667,-0.219807220,-1.103979054,4.582328471,1.0,0.0,0.0,0.0,samples_known_object/13_volleyball/results/final_full_4d_hoi/object_pose.csv,left_foot,foot,left,-0.159023538,0.921480775,4.369426727,gvhmr_incam,1.000000,gvhmr_smplx_contact_site_provider,,,,,
13_volleyball,final_full_4d_hoi,104,4.291667,-0.219807220,-1.103979054,4.582328471,1.0,0.0,0.0,0.0,samples_known_object/13_volleyball/results/final_full_4d_hoi/object_pose.csv,right_foot,foot,right,0.254528999,0.931337953,4.596138477,gvhmr_incam,1.000000,gvhmr_smplx_contact_site_provider,,,,,
13_volleyball,final_full_4d_hoi,105,4.333333,-0.221054018,-1.108742939,4.584857162,1.0,0.0,0.0,0.0,samples_known_object/13_volleyball/results/final_full_4d_hoi/object_pose.csv,left_hand,hand,left,-0.277537900,-0.798533177,4.422578430,gvhmr_incam,1.000000,gvhmr_smplx_contact_site_provider,,,,,
13_volleyball,final_full_4d_hoi,105,4.333333,-0.221054018,-1.108742939,4.584857162,1.0,0.0,0.0,0.0,samples_known_object/13_volleyball/results/final_full_4d_hoi/object_pose.csv,right_hand,hand,right,-0.095094915,-0.803310275,4.711138916,gvhmr_incam,1.000000,gvhmr_smplx_contact_site_provider,,,,,
13_volleyball,final_full_4d_hoi,105,4.333333,-0.221054018,-1.108742939,4.584857162,1.0,0.0,0.0,0.0,samples_known_object/13_volleyball/results/final_full_4d_hoi/object_pose.csv,left_foot,foot,left,-0.156609684,0.922013164,4.357952118,gvhmr_incam,1.000000,gvhmr_smplx_contact_site_provider,,,,,
13_volleyball,final_full_4d_hoi,105,4.333333,-0.221054018,-1.108742939,4.584857162,1.0,0.0,0.0,0.0,samples_known_object/13_volleyball/results/final_full_4d_hoi/object_pose.csv,right_foot,foot,right,0.257575631,0.930275917,4.583284855,gvhmr_incam,1.000000,gvhmr_smplx_contact_site_provider,,,,,
13_volleyball,final_full_4d_hoi,106,4.375,-0.220331493,-1.108610802,4.586171048,1.0,0.0,0.0,0.0,samples_known_object/13_volleyball/results/final_full_4d_hoi/object_pose.csv,left_hand,hand,left,-0.267969990,-0.767229915,4.419915867,gvhmr_incam,1.000000,gvhmr_smplx_contact_site_provider,,,,,
13_volleyball,final_full_4d_hoi,106,4.375,-0.220331493,-1.108610802,4.586171048,1.0,0.0,0.0,0.0,samples_known_object/13_volleyball/results/final_full_4d_hoi/object_pose.csv,right_hand,hand,right,-0.090895529,-0.768547225,4.690057182,gvhmr_incam,1.000000,gvhmr_smplx_contact_site_provider,,,,,
13_volleyball,final_full_4d_hoi,106,4.375,-0.220331493,-1.108610802,4.586171048,1.0,0.0,0.0,0.0,samples_known_object/13_volleyball/results/final_full_4d_hoi/object_pose.csv,left_foot,foot,left,-0.154309988,0.920681655,4.348686218,gvhmr_incam,1.000000,gvhmr_smplx_contact_site_provider,,,,,
13_volleyball,final_full_4d_hoi,106,4.375,-0.220331493,-1.108610802,4.586171048,1.0,0.0,0.0,0.0,samples_known_object/13_volleyball/results/final_full_4d_hoi/object_pose.csv,right_foot,foot,right,0.260231644,0.927594364,4.573251724,gvhmr_incam,1.000000,gvhmr_smplx_contact_site_provider,,,,,
13_volleyball,final_full_4d_hoi,107,4.416667,-0.218396000,-1.103545759,4.586341910,1.0,0.0,0.0,0.0,samples_known_object/13_volleyball/results/final_full_4d_hoi/object_pose.csv,left_hand,hand,left,-0.262484336,-0.734046292,4.410858154,gvhmr_incam,1.000000,gvhmr_smplx_contact_site_provider,,,,,
13_volleyball,final_full_4d_hoi,107,4.416667,-0.218396000,-1.103545759,4.586341910,1.0,0.0,0.0,0.0,samples_known_object/13_volleyball/results/final_full_4d_hoi/object_pose.csv,right_hand,hand,right,-0.090639138,-0.735188007,4.660318089,gvhmr_incam,1.000000,gvhmr_smplx_contact_site_provider,,,,,
13_volleyball,final_full_4d_hoi,107,4.416667,-0.218396000,-1.103545759,4.586341910,1.0,0.0,0.0,0.0,samples_known_object/13_volleyball/results/final_full_4d_hoi/object_pose.csv,left_foot,foot,left,-0.152667403,0.919196248,4.329501152,gvhmr_incam,1.000000,gvhmr_smplx_contact_site_provider,,,,,
13_volleyball,final_full_4d_hoi,107,4.416667,-0.218396000,-1.103545759,4.586341910,1.0,0.0,0.0,0.0,samples_known_object/13_volleyball/results/final_full_4d_hoi/object_pose.csv,right_foot,foot,right,0.262299538,0.925771534,4.552993774,gvhmr_incam,1.000000,gvhmr_smplx_contact_site_provider,,,,,
13_volleyball,final_full_4d_hoi,108,4.458333,-0.219714143,-1.091408017,4.585496021,1.0,0.0,0.0,0.0,samples_known_object/13_volleyball/results/final_full_4d_hoi/object_pose.csv,left_hand,hand,left,-0.259068006,-0.701434886,4.406342411,gvhmr_incam,1.000000,gvhmr_smplx_contact_site_provider,,,,,
13_volleyball,final_full_4d_hoi,108,4.458333,-0.219714143,-1.091408017,4.585496021,1.0,0.0,0.0,0.0,samples_known_object/13_volleyball/results/final_full_4d_hoi/object_pose.csv,right_hand,hand,right,-0.091234075,-0.703421593,4.637241077,gvhmr_incam,1.000000,gvhmr_smplx_contact_site_provider,,,,,
13_volleyball,final_full_4d_hoi,108,4.458333,-0.219714143,-1.091408017,4.585496021,1.0,0.0,0.0,0.0,samples_known_object/13_volleyball/results/final_full_4d_hoi/object_pose.csv,left_foot,foot,left,-0.151193917,0.917624235,4.313180447,gvhmr_incam,1.000000,gvhmr_smplx_contact_site_provider,,,,,
13_volleyball,final_full_4d_hoi,108,4.458333,-0.219714143,-1.091408017,4.585496021,1.0,0.0,0.0,0.0,samples_known_object/13_volleyball/results/final_full_4d_hoi/object_pose.csv,right_foot,foot,right,0.264434606,0.923821628,4.535223961,gvhmr_incam,1.000000,gvhmr_smplx_contact_site_provider,,,,,
13_volleyball,final_full_4d_hoi,109,4.5,-0.219319998,-1.074346488,4.583730015,1.0,0.0,0.0,0.0,samples_known_object/13_volleyball/results/final_full_4d_hoi/object_pose.csv,left_hand,hand,left,-0.258243263,-0.668103957,4.414694595,gvhmr_incam,1.000000,gvhmr_smplx_contact_site_provider,,,,,
13_volleyball,final_full_4d_hoi,109,4.5,-0.219319998,-1.074346488,4.583730015,1.0,0.0,0.0,0.0,samples_known_object/13_volleyball/results/final_full_4d_hoi/object_pose.csv,right_hand,hand,right,-0.095715538,-0.671369553,4.628226757,gvhmr_incam,1.000000,gvhmr_smplx_contact_site_provider,,,,,
13_volleyball,final_full_4d_hoi,109,4.5,-0.219319998,-1.074346488,4.583730015,1.0,0.0,0.0,0.0,samples_known_object/13_volleyball/results/final_full_4d_hoi/object_pose.csv,left_foot,foot,left,-0.147955537,0.916714966,4.307888508,gvhmr_incam,1.000000,gvhmr_smplx_contact_site_provider,,,,,
13_volleyball,final_full_4d_hoi,109,4.5,-0.219319998,-1.074346488,4.583730015,1.0,0.0,0.0,0.0,samples_known_object/13_volleyball/results/final_full_4d_hoi/object_pose.csv,right_foot,foot,right,0.268364757,0.922707081,4.528589725,gvhmr_incam,1.000000,gvhmr_smplx_contact_site_provider,,,,,
13_volleyball,final_full_4d_hoi,110,4.541667,-0.218716157,-1.048489457,4.581330846,1.0,0.0,0.0,0.0,samples_known_object/13_volleyball/results/final_full_4d_hoi/object_pose.csv,left_hand,hand,left,-0.260330760,-0.635483313,4.434603977,gvhmr_incam,1.000000,gvhmr_smplx_contact_site_provider,,,,,
13_volleyball,final_full_4d_hoi,110,4.541667,-0.218716157,-1.048489457,4.581330846,1.0,0.0,0.0,0.0,samples_known_object/13_volleyball/results/final_full_4d_hoi/object_pose.csv,right_hand,hand,right,-0.104655921,-0.639024305,4.635683441,gvhmr_incam,1.000000,gvhmr_smplx_contact_site_provider,,,,,
13_volleyball,final_full_4d_hoi,110,4.541667,-0.218716157,-1.048489457,4.581330846,1.0,0.0,0.0,0.0,samples_known_object/13_volleyball/results/final_full_4d_hoi/object_pose.csv,left_foot,foot,left,-0.147836268,0.917676449,4.314229488,gvhmr_incam,1.000000,gvhmr_smplx_contact_site_provider,,,,,
13_volleyball,final_full_4d_hoi,110,4.541667,-0.218716157,-1.048489457,4.581330846,1.0,0.0,0.0,0.0,samples_known_object/13_volleyball/results/final_full_4d_hoi/object_pose.csv,right_foot,foot,right,0.268860698,0.924355388,4.534244061,gvhmr_incam,1.000000,gvhmr_smplx_contact_site_provider,,,,,
13_volleyball,final_full_4d_hoi,111,4.583333,-0.219116211,-1.002679851,4.578889602,1.0,0.0,0.0,0.0,samples_known_object/13_volleyball/results/final_full_4d_hoi/object_pose.csv,left_hand,hand,left,-0.261856180,-0.603289831,4.454627419,gvhmr_incam,1.000000,gvhmr_smplx_contact_site_provider,,,,,
13_volleyball,final_full_4d_hoi,111,4.583333,-0.219116211,-1.002679851,4.578889602,1.0,0.0,0.0,0.0,samples_known_object/13_volleyball/results/final_full_4d_hoi/object_pose.csv,right_hand,hand,right,-0.106470747,-0.610294628,4.647340870,gvhmr_incam,1.000000,gvhmr_smplx_contact_site_provider,,,,,
13_volleyball,final_full_4d_hoi,111,4.583333,-0.219116211,-1.002679851,4.578889602,1.0,0.0,0.0,0.0,samples_known_object/13_volleyball/results/final_full_4d_hoi/object_pose.csv,left_foot,foot,left,-0.145848542,0.919005036,4.321151257,gvhmr_incam,1.000000,gvhmr_smplx_contact_site_provider,,,,,
13_volleyball,final_full_4d_hoi,111,4.583333,-0.219116211,-1.002679851,4.578889602,1.0,0.0,0.0,0.0,samples_known_object/13_volleyball/results/final_full_4d_hoi/object_pose.csv,right_foot,foot,right,0.271262735,0.926915705,4.540682793,gvhmr_incam,1.000000,gvhmr_smplx_contact_site_provider,,,,,
13_volleyball,final_full_4d_hoi,112,4.625,-0.219580651,-0.927421102,4.577195468,1.0,0.0,0.0,0.0,samples_known_object/13_volleyball/results/final_full_4d_hoi/object_pose.csv,left_hand,hand,left,-0.263075858,-0.576203108,4.472946835,gvhmr_incam,1.000000,gvhmr_smplx_contact_site_provider,,,,,
13_volleyball,final_full_4d_hoi,112,4.625,-0.219580651,-0.927421102,4.577195468,1.0,0.0,0.0,0.0,samples_known_object/13_volleyball/results/final_full_4d_hoi/object_pose.csv,right_hand,hand,right,-0.109268329,-0.585188472,4.661959362,gvhmr_incam,1.000000,gvhmr_smplx_contact_site_provider,,,,,
13_volleyball,final_full_4d_hoi,112,4.625,-0.219580651,-0.927421102,4.577195468,1.0,0.0,0.0,0.0,samples_known_object/13_volleyball/results/final_full_4d_hoi/object_pose.csv,left_foot,foot,left,-0.143279105,0.921921372,4.328708172,gvhmr_incam,1.000000,gvhmr_smplx_contact_site_provider,,,,,
13_volleyball,final_full_4d_hoi,112,4.625,-0.219580651,-0.927421102,4.577195468,1.0,0.0,0.0,0.0,samples_known_object/13_volleyball/results/final_full_4d_hoi/object_pose.csv,right_foot,foot,right,0.273970932,0.930248737,4.548212051,gvhmr_incam,1.000000,gvhmr_smplx_contact_site_provider,,,,,
13_volleyball,final_full_4d_hoi,113,4.666667,-0.219533707,-0.840733517,4.576787396,1.0,0.0,0.0,0.0,samples_known_object/13_volleyball/results/final_full_4d_hoi/object_pose.csv,left_hand,hand,left,-0.266188219,-0.558081204,4.487219715,gvhmr_incam,1.000000,gvhmr_smplx_contact_site_provider,,,,,
13_volleyball,final_full_4d_hoi,113,4.666667,-0.219533707,-0.840733517,4.576787396,1.0,0.0,0.0,0.0,samples_known_object/13_volleyball/results/final_full_4d_hoi/object_pose.csv,right_hand,hand,right,-0.114296398,-0.568036437,4.679037476,gvhmr_incam,1.000000,gvhmr_smplx_contact_site_provider,,,,,
13_volleyball,final_full_4d_hoi,113,4.666667,-0.219533707,-0.840733517,4.576787396,1.0,0.0,0.0,0.0,samples_known_object/13_volleyball/results/final_full_4d_hoi/object_pose.csv,left_foot,foot,left,-0.141494110,0.922762394,4.336676598,gvhmr_incam,1.000000,gvhmr_smplx_contact_site_provider,,,,,
13_volleyball,final_full_4d_hoi,113,4.666667,-0.219533707,-0.840733517,4.576787396,1.0,0.0,0.0,0.0,samples_known_object/13_volleyball/results/final_full_4d_hoi/object_pose.csv,right_foot,foot,right,0.275497735,0.931306362,4.557079315,gvhmr_incam,1.000000,gvhmr_smplx_contact_site_provider,,,,,
13_volleyball,final_full_4d_hoi,114,4.708333,-0.193821401,-0.623772507,4.581025925,1.0,0.0,0.0,0.0,samples_known_object/13_volleyball/results/final_full_4d_hoi/object_pose.csv,left_hand,hand,left,-0.273533031,-0.552188528,4.494619179,gvhmr_incam,1.000000,gvhmr_smplx_contact_site_provider,,,,,
13_volleyball,final_full_4d_hoi,114,4.708333,-0.193821401,-0.623772507,4.581025925,1.0,0.0,0.0,0.0,samples_known_object/13_volleyball/results/final_full_4d_hoi/object_pose.csv,right_hand,hand,right,-0.120647869,-0.563380039,4.691859055,gvhmr_incam,1.000000,gvhmr_smplx_contact_site_provider,,,,,
13_volleyball,final_full_4d_hoi,114,4.708333,-0.193821401,-0.623772507,4.581025925,1.0,0.0,0.0,0.0,samples_known_object/13_volleyball/results/final_full_4d_hoi/object_pose.csv,left_foot,foot,left,-0.138756707,0.922945023,4.337840557,gvhmr_incam,1.000000,gvhmr_smplx_contact_site_provider,,,,,
13_volleyball,final_full_4d_hoi,114,4.708333,-0.193821401,-0.623772507,4.581025925,1.0,0.0,0.0,0.0,samples_known_object/13_volleyball/results/final_full_4d_hoi/object_pose.csv,right_foot,foot,right,0.277875662,0.931210160,4.559101582,gvhmr_incam,1.000000,gvhmr_smplx_contact_site_provider,,,,,
13_volleyball,final_full_4d_hoi,115,4.75,-0.205925974,-0.632262680,4.585828808,1.0,0.0,0.0,0.0,samples_known_object/13_volleyball/results/final_full_4d_hoi/object_pose.csv,left_hand,hand,left,-0.285834169,-0.560905552,4.494134235,gvhmr_incam,1.000000,gvhmr_smplx_contact_site_provider,,,,,
13_volleyball,final_full_4d_hoi,115,4.75,-0.205925974,-0.632262680,4.585828808,1.0,0.0,0.0,0.0,samples_known_object/13_volleyball/results/final_full_4d_hoi/object_pose.csv,right_hand,hand,right,-0.131405804,-0.574507678,4.701135921,gvhmr_incam,1.000000,gvhmr_smplx_contact_site_provider,,,,,
13_volleyball,final_full_4d_hoi,115,4.75,-0.205925974,-0.632262680,4.585828808,1.0,0.0,0.0,0.0,samples_known_object/13_volleyball/results/final_full_4d_hoi/object_pose.csv,left_foot,foot,left,-0.138591364,0.922061145,4.333788872,gvhmr_incam,1.000000,gvhmr_smplx_contact_site_provider,,,,,
13_volleyball,final_full_4d_hoi,115,4.75,-0.205925974,-0.632262680,4.585828808,1.0,0.0,0.0,0.0,samples_known_object/13_volleyball/results/final_full_4d_hoi/object_pose.csv,right_foot,foot,right,0.277612686,0.930793941,4.556194305,gvhmr_incam,1.000000,gvhmr_smplx_contact_site_provider,,,,,
13_volleyball,final_full_4d_hoi,116,4.791667,-0.213141200,-0.650792623,4.592894203,1.0,0.0,0.0,0.0,samples_known_object/13_volleyball/results/final_full_4d_hoi/object_pose.csv,left_hand,hand,left,-0.294274318,-0.580788267,4.493813133,gvhmr_incam,1.000000,gvhmr_smplx_contact_site_provider,,,,,
13_volleyball,final_full_4d_hoi,116,4.791667,-0.213141200,-0.650792623,4.592894203,1.0,0.0,0.0,0.0,samples_known_object/13_volleyball/results/final_full_4d_hoi/object_pose.csv,right_hand,hand,right,-0.136290103,-0.597297060,4.714648056,gvhmr_incam,1.000000,gvhmr_smplx_contact_site_provider,,,,,
13_volleyball,final_full_4d_hoi,116,4.791667,-0.213141200,-0.650792623,4.592894203,1.0,0.0,0.0,0.0,samples_known_object/13_volleyball/results/final_full_4d_hoi/object_pose.csv,left_foot,foot,left,-0.137396842,0.919512033,4.330790520,gvhmr_incam,1.000000,gvhmr_smplx_contact_site_provider,,,,,
13_volleyball,final_full_4d_hoi,116,4.791667,-0.213141200,-0.650792623,4.592894203,1.0,0.0,0.0,0.0,samples_known_object/13_volleyball/results/final_full_4d_hoi/object_pose.csv,right_foot,foot,right,0.278877914,0.928594649,4.553559303,gvhmr_incam,1.000000,gvhmr_smplx_contact_site_provider,,,,,
13_volleyball,final_full_4d_hoi,117,4.833333,-0.224593105,-0.764920404,4.596428679,1.0,0.0,0.0,0.0,samples_known_object/13_volleyball/results/final_full_4d_hoi/object_pose.csv,left_hand,hand,left,-0.298766434,-0.606122410,4.492681885,gvhmr_incam,1.000000,gvhmr_smplx_contact_site_provider,,,,,
13_volleyball,final_full_4d_hoi,117,4.833333,-0.224593105,-0.764920404,4.596428679,1.0,0.0,0.0,0.0,samples_known_object/13_volleyball/results/final_full_4d_hoi/object_pose.csv,right_hand,hand,right,-0.130516690,-0.627435887,4.733308697,gvhmr_incam,1.000000,gvhmr_smplx_contact_site_provider,,,,,
13_volleyball,final_full_4d_hoi,117,4.833333,-0.224593105,-0.764920404,4.596428679,1.0,0.0,0.0,0.0,samples_known_object/13_volleyball/results/final_full_4d_hoi/object_pose.csv,left_foot,foot,left,-0.138665199,0.917389810,4.335924149,gvhmr_incam,1.000000,gvhmr_smplx_contact_site_provider,,,,,
13_volleyball,final_full_4d_hoi,117,4.833333,-0.224593105,-0.764920404,4.596428679,1.0,0.0,0.0,0.0,samples_known_object/13_volleyball/results/final_full_4d_hoi/object_pose.csv,right_foot,foot,right,0.277993888,0.926841259,4.558443546,gvhmr_incam,1.000000,gvhmr_smplx_contact_site_provider,,,,,
13_volleyball,final_full_4d_hoi,118,4.875,-0.223652619,-0.835127510,4.598695559,1.0,0.0,0.0,0.0,samples_known_object/13_volleyball/results/final_full_4d_hoi/object_pose.csv,left_hand,hand,left,-0.298972321,-0.632668567,4.487623119,gvhmr_incam,1.000000,gvhmr_smplx_contact_site_provider,,,,,
13_volleyball,final_full_4d_hoi,118,4.875,-0.223652619,-0.835127510,4.598695559,1.0,0.0,0.0,0.0,samples_known_object/13_volleyball/results/final_full_4d_hoi/object_pose.csv,right_hand,hand,right,-0.117099142,-0.658845854,4.748316765,gvhmr_incam,1.000000,gvhmr_smplx_contact_site_provider,,,,,
13_volleyball,final_full_4d_hoi,118,4.875,-0.223652619,-0.835127510,4.598695559,1.0,0.0,0.0,0.0,samples_known_object/13_volleyball/results/final_full_4d_hoi/object_pose.csv,left_foot,foot,left,-0.139723003,0.917338848,4.340226173,gvhmr_incam,1.000000,gvhmr_smplx_contact_site_provider,,,,,
13_volleyball,final_full_4d_hoi,118,4.875,-0.223652619,-0.835127510,4.598695559,1.0,0.0,0.0,0.0,samples_known_object/13_volleyball/results/final_full_4d_hoi/object_pose.csv,right_foot,foot,right,0.277586162,0.926834464,4.561671257,gvhmr_incam,1.000000,gvhmr_smplx_contact_site_provider,,,,,
13_volleyball,final_full_4d_hoi,119,4.916667,-0.220321021,-0.902472225,4.599207729,1.0,0.0,0.0,0.0,samples_known_object/13_volleyball/results/final_full_4d_hoi/object_pose.csv,left_hand,hand,left,-0.291380030,-0.650480533,4.487101173,gvhmr_incam,1.000000,gvhmr_smplx_contact_site_provider,,,,,
13_volleyball,final_full_4d_hoi,119,4.916667,-0.220321021,-0.902472225,4.599207729,1.0,0.0,0.0,0.0,samples_known_object/13_volleyball/results/final_full_4d_hoi/object_pose.csv,right_hand,hand,right,-0.101867482,-0.677216280,4.756815529,gvhmr_incam,1.000000,gvhmr_smplx_contact_site_provider,,,,,
13_volleyball,final_full_4d_hoi,119,4.916667,-0.220321021,-0.902472225,4.599207729,1.0,0.0,0.0,0.0,samples_known_object/13_volleyball/results/final_full_4d_hoi/object_pose.csv,left_foot,foot,left,-0.142579556,0.916685224,4.347317696,gvhmr_incam,1.000000,gvhmr_smplx_contact_site_provider,,,,,
13_volleyball,final_full_4d_hoi,119,4.916667,-0.220321021,-0.902472225,4.599207729,1.0,0.0,0.0,0.0,samples_known_object/13_volleyball/results/final_full_4d_hoi/object_pose.csv,right_foot,foot,right,0.276432395,0.927223086,4.565857887,gvhmr_incam,1.000000,gvhmr_smplx_contact_site_provider,,,,,
13_volleyball,final_full_4d_hoi,120,4.958333,-0.216136015,-0.955716948,4.598147261,1.0,0.0,0.0,0.0,samples_known_object/13_volleyball/results/final_full_4d_hoi/object_pose.csv,left_hand,hand,left,-0.279180938,-0.661250389,4.479921532,gvhmr_incam,1.000000,gvhmr_smplx_contact_site_provider,,,,,
13_volleyball,final_full_4d_hoi,120,4.958333,-0.216136015,-0.955716948,4.598147261,1.0,0.0,0.0,0.0,samples_known_object/13_volleyball/results/final_full_4d_hoi/object_pose.csv,right_hand,hand,right,-0.087306929,-0.685116720,4.753448200,gvhmr_incam,1.000000,gvhmr_smplx_contact_site_provider,,,,,
13_volleyball,final_full_4d_hoi,120,4.958333,-0.216136015,-0.955716948,4.598147261,1.0,0.0,0.0,0.0,samples_known_object/13_volleyball/results/final_full_4d_hoi/object_pose.csv,left_foot,foot,left,-0.145043254,0.915695667,4.348915100,gvhmr_incam,1.000000,gvhmr_smplx_contact_site_provider,,,,,
13_volleyball,final_full_4d_hoi,120,4.958333,-0.216136015,-0.955716948,4.598147261,1.0,0.0,0.0,0.0,samples_known_object/13_volleyball/results/final_full_4d_hoi/object_pose.csv,right_foot,foot,right,0.276060283,0.927367687,4.564215183,gvhmr_incam,1.000000,gvhmr_smplx_contact_site_provider,,,,,
13_volleyball,final_full_4d_hoi,121,5.0,-0.210640140,-0.996763670,4.595235075,1.0,0.0,0.0,0.0,samples_known_object/13_volleyball/results/final_full_4d_hoi/object_pose.csv,left_hand,hand,left,-0.265330824,-0.664554131,4.470328236,gvhmr_incam,1.000000,gvhmr_smplx_contact_site_provider,,,,,
13_volleyball,final_full_4d_hoi,121,5.0,-0.210640140,-0.996763670,4.595235075,1.0,0.0,0.0,0.0,samples_known_object/13_volleyball/results/final_full_4d_hoi/object_pose.csv,right_hand,hand,right,-0.075354442,-0.683224964,4.738973427,gvhmr_incam,1.000000,gvhmr_smplx_contact_site_provider,,,,,
13_volleyball,final_full_4d_hoi,121,5.0,-0.210640140,-0.996763670,4.595235075,1.0,0.0,0.0,0.0,samples_known_object/13_volleyball/results/final_full_4d_hoi/object_pose.csv,left_foot,foot,left,-0.148773327,0.913930833,4.346460342,gvhmr_incam,1.000000,gvhmr_smplx_contact_site_provider,,,,,
13_volleyball,final_full_4d_hoi,121,5.0,-0.210640140,-0.996763670,4.595235075,1.0,0.0,0.0,0.0,samples_known_object/13_volleyball/results/final_full_4d_hoi/object_pose.csv,right_foot,foot,right,0.274301797,0.927305400,4.559471607,gvhmr_incam,1.000000,gvhmr_smplx_contact_site_provider,,,,,
13_volleyball,final_full_4d_hoi,122,5.041667,-0.205019960,-1.022036685,4.590240422,1.0,0.0,0.0,0.0,samples_known_object/13_volleyball/results/final_full_4d_hoi/object_pose.csv,left_hand,hand,left,-0.252775699,-0.661717629,4.466534042,gvhmr_incam,1.000000,gvhmr_smplx_contact_site_provider,,,,,
13_volleyball,final_full_4d_hoi,122,5.041667,-0.205019960,-1.022036685,4.590240422,1.0,0.0,0.0,0.0,samples_known_object/13_volleyball/results/final_full_4d_hoi/object_pose.csv,right_hand,hand,right,-0.065420023,-0.675501537,4.725416565,gvhmr_incam,1.000000,gvhmr_smplx_contact_site_provider,,,,,
13_volleyball,final_full_4d_hoi,122,5.041667,-0.205019960,-1.022036685,4.590240422,1.0,0.0,0.0,0.0,samples_known_object/13_volleyball/results/final_full_4d_hoi/object_pose.csv,left_foot,foot,left,-0.151646554,0.912304103,4.344641209,gvhmr_incam,1.000000,gvhmr_smplx_contact_site_provider,,,,,
13_volleyball,final_full_4d_hoi,122,5.041667,-0.205019960,-1.022036685,4.590240422,1.0,0.0,0.0,0.0,samples_known_object/13_volleyball/results/final_full_4d_hoi/object_pose.csv,right_foot,foot,right,0.272794664,0.927477598,4.557195187,gvhmr_incam,1.000000,gvhmr_smplx_contact_site_provider,,,,,
13_volleyball,final_full_4d_hoi,123,5.083333,-0.199891202,-1.030937162,4.582951922,1.0,0.0,0.0,0.0,samples_known_object/13_volleyball/results/final_full_4d_hoi/object_pose.csv,left_hand,hand,left,-0.242819151,-0.660725784,4.461282635,gvhmr_incam,1.000000,gvhmr_smplx_contact_site_provider,,,,,
13_volleyball,final_full_4d_hoi,123,5.083333,-0.199891202,-1.030937162,4.582951922,1.0,0.0,0.0,0.0,samples_known_object/13_volleyball/results/final_full_4d_hoi/object_pose.csv,right_hand,hand,right,-0.060633987,-0.666664839,4.707780457,gvhmr_incam,1.000000,gvhmr_smplx_contact_site_provider,,,,,
13_volleyball,final_full_4d_hoi,123,5.083333,-0.199891202,-1.030937162,4.582951922,1.0,0.0,0.0,0.0,samples_known_object/13_volleyball/results/final_full_4d_hoi/object_pose.csv,left_foot,foot,left,-0.156485453,0.911684752,4.339708328,gvhmr_incam,1.000000,gvhmr_smplx_contact_site_provider,,,,,
13_volleyball,final_full_4d_hoi,123,5.083333,-0.199891202,-1.030937162,4.582951922,1.0,0.0,0.0,0.0,samples_known_object/13_volleyball/results/final_full_4d_hoi/object_pose.csv,right_foot,foot,right,0.268844604,0.926867485,4.554568291,gvhmr_incam,1.000000,gvhmr_smplx_contact_site_provider,,,,,
13_volleyball,final_full_4d_hoi,124,5.125,-0.194605740,-1.030008121,4.573284157,1.0,0.0,0.0,0.0,samples_known_object/13_volleyball/results/final_full_4d_hoi/object_pose.csv,left_hand,hand,left,-0.236097711,-0.659005380,4.457577991,gvhmr_incam,1.000000,gvhmr_smplx_contact_site_provider,,,,,
13_volleyball,final_full_4d_hoi,124,5.125,-0.194605740,-1.030008121,4.573284157,1.0,0.0,0.0,0.0,samples_known_object/13_volleyball/results/final_full_4d_hoi/object_pose.csv,right_hand,hand,right,-0.060973230,-0.657810068,4.691842365,gvhmr_incam,1.000000,gvhmr_smplx_contact_site_provider,,,,,
13_volleyball,final_full_4d_hoi,124,5.125,-0.194605740,-1.030008121,4.573284157,1.0,0.0,0.0,0.0,samples_known_object/13_volleyball/results/final_full_4d_hoi/object_pose.csv,left_foot,foot,left,-0.162230909,0.912202120,4.331035614,gvhmr_incam,1.000000,gvhmr_smplx_contact_site_provider,,,,,
13_volleyball,final_full_4d_hoi,124,5.125,-0.194605740,-1.030008121,4.573284157,1.0,0.0,0.0,0.0,samples_known_object/13_volleyball/results/final_full_4d_hoi/object_pose.csv,right_foot,foot,right,0.262089908,0.926728845,4.550547600,gvhmr_incam,1.000000,gvhmr_smplx_contact_site_provider,,,,,
13_volleyball,final_full_4d_hoi,125,5.166667,-0.189128222,-1.021602517,4.561731356,1.0,0.0,0.0,0.0,samples_known_object/13_volleyball/results/final_full_4d_hoi/object_pose.csv,left_hand,hand,left,-0.230124241,-0.656343567,4.460886669,gvhmr_incam,1.000000,gvhmr_smplx_contact_site_provider,,,,,
13_volleyball,final_full_4d_hoi,125,5.166667,-0.189128222,-1.021602517,4.561731356,1.0,0.0,0.0,0.0,samples_known_object/13_volleyball/results/final_full_4d_hoi/object_pose.csv,right_hand,hand,right,-0.062770098,-0.647511411,4.680821705,gvhmr_incam,1.000000,gvhmr_smplx_contact_site_provider,,,,,
13_volleyball,final_full_4d_hoi,125,5.166667,-0.189128222,-1.021602517,4.561731356,1.0,0.0,0.0,0.0,samples_known_object/13_volleyball/results/final_full_4d_hoi/object_pose.csv,left_foot,foot,left,-0.164533257,0.912785947,4.324316025,gvhmr_incam,1.000000,gvhmr_smplx_contact_site_provider,,,,,
13_volleyball,final_full_4d_hoi,125,5.166667,-0.189128222,-1.021602517,4.561731356,1.0,0.0,0.0,0.0,samples_known_object/13_volleyball/results/final_full_4d_hoi/object_pose.csv,right_foot,foot,right,0.256313294,0.926060200,4.550551891,gvhmr_incam,1.000000,gvhmr_smplx_contact_site_provider,,,,,
13_volleyball,final_full_4d_hoi,126,5.208333,-0.183393154,-0.998822214,4.549719801,1.0,0.0,0.0,0.0,samples_known_object/13_volleyball/results/final_full_4d_hoi/object_pose.csv,left_hand,hand,left,-0.225104666,-0.652195549,4.463552666,gvhmr_incam,1.000000,gvhmr_smplx_contact_site_provider,,,,,
13_volleyball,final_full_4d_hoi,126,5.208333,-0.183393154,-0.998822214,4.549719801,1.0,0.0,0.0,0.0,samples_known_object/13_volleyball/results/final_full_4d_hoi/object_pose.csv,right_hand,hand,right,-0.066486663,-0.635597312,4.671249676,gvhmr_incam,1.000000,gvhmr_smplx_contact_site_provider,,,,,
13_volleyball,final_full_4d_hoi,126,5.208333,-0.183393154,-0.998822214,4.549719801,1.0,0.0,0.0,0.0,samples_known_object/13_volleyball/results/final_full_4d_hoi/object_pose.csv,left_foot,foot,left,-0.164210558,0.914941967,4.318832874,gvhmr_incam,1.000000,gvhmr_smplx_contact_site_provider,,,,,
13_volleyball,final_full_4d_hoi,126,5.208333,-0.183393154,-0.998822214,4.549719801,1.0,0.0,0.0,0.0,samples_known_object/13_volleyball/results/final_full_4d_hoi/object_pose.csv,right_foot,foot,right,0.251879305,0.926556587,4.551120758,gvhmr_incam,1.000000,gvhmr_smplx_contact_site_provider,,,,,
13_volleyball,final_full_4d_hoi,127,5.25,-0.178751926,-0.959908279,4.539545773,1.0,0.0,0.0,0.0,samples_known_object/13_volleyball/results/final_full_4d_hoi/object_pose.csv,left_hand,hand,left,-0.224113822,-0.647188234,4.461823368,gvhmr_incam,1.000000,gvhmr_smplx_contact_site_provider,,,,,
13_volleyball,final_full_4d_hoi,127,5.25,-0.178751926,-0.959908279,4.539545773,1.0,0.0,0.0,0.0,samples_known_object/13_volleyball/results/final_full_4d_hoi/object_pose.csv,right_hand,hand,right,-0.074479878,-0.622967398,4.657588291,gvhmr_incam,1.000000,gvhmr_smplx_contact_site_provider,,,,,
13_volleyball,final_full_4d_hoi,127,5.25,-0.178751926,-0.959908279,4.539545773,1.0,0.0,0.0,0.0,samples_known_object/13_volleyball/results/final_full_4d_hoi/object_pose.csv,left_foot,foot,left,-0.164140627,0.916276813,4.313663483,gvhmr_incam,1.000000,gvhmr_smplx_contact_site_provider,,,,,
13_volleyball,final_full_4d_hoi,127,5.25,-0.178751926,-0.959908279,4.539545773,1.0,0.0,0.0,0.0,samples_known_object/13_volleyball/results/final_full_4d_hoi/object_pose.csv,right_foot,foot,right,0.247525349,0.926356256,4.549108028,gvhmr_incam,1.000000,gvhmr_smplx_contact_site_provider,,,,,
13_volleyball,final_full_4d_hoi,128,5.291667,-0.173544292,-0.907656300,4.534569236,1.0,0.0,0.0,0.0,samples_known_object/13_volleyball/results/final_full_4d_hoi/object_pose.csv,left_hand,hand,left,-0.227786845,-0.639102781,4.470323944,gvhmr_incam,1.000000,gvhmr_smplx_contact_site_provider,,,,,
13_volleyball,final_full_4d_hoi,128,5.291667,-0.173544292,-0.907656300,4.534569236,1.0,0.0,0.0,0.0,samples_known_object/13_volleyball/results/final_full_4d_hoi/object_pose.csv,right_hand,hand,right,-0.087403414,-0.609730387,4.650581264,gvhmr_incam,1.000000,gvhmr_smplx_contact_site_provider,,,,,
13_volleyball,final_full_4d_hoi,128,5.291667,-0.173544292,-0.907656300,4.534569236,1.0,0.0,0.0,0.0,samples_known_object/13_volleyball/results/final_full_4d_hoi/object_pose.csv,left_foot,foot,left,-0.165265039,0.916743219,4.312760353,gvhmr_incam,1.000000,gvhmr_smplx_contact_site_provider,,,,,
13_volleyball,final_full_4d_hoi,128,5.291667,-0.173544292,-0.907656300,4.534569236,1.0,0.0,0.0,0.0,samples_known_object/13_volleyball/results/final_full_4d_hoi/object_pose.csv,right_foot,foot,right,0.243645042,0.927098274,4.547636032,gvhmr_incam,1.000000,gvhmr_smplx_contact_site_provider,,,,,
13_volleyball,final_full_4d_hoi,129,5.333333,-0.169697040,-0.846135892,4.539332261,1.0,0.0,0.0,0.0,samples_known_object/13_volleyball/results/final_full_4d_hoi/object_pose.csv,left_hand,hand,left,-0.232886058,-0.636729002,4.484747601,gvhmr_incam,1.000000,gvhmr_smplx_contact_site_provider,,,,,
13_volleyball,final_full_4d_hoi,129,5.333333,-0.169697040,-0.846135892,4.539332261,1.0,0.0,0.0,0.0,samples_known_object/13_volleyball/results/final_full_4d_hoi/object_pose.csv,right_hand,hand,right,-0.102016601,-0.601876521,4.654272461,gvhmr_incam,1.000000,gvhmr_smplx_contact_site_provider,,,,,
13_volleyball,final_full_4d_hoi,129,5.333333,-0.169697040,-0.846135892,4.539332261,1.0,0.0,0.0,0.0,samples_known_object/13_volleyball/results/final_full_4d_hoi/object_pose.csv,left_foot,foot,left,-0.162781641,0.917007685,4.320560932,gvhmr_incam,1.000000,gvhmr_smplx_contact_site_provider,,,,,
13_volleyball,final_full_4d_hoi,129,5.333333,-0.169697040,-0.846135892,4.539332261,1.0,0.0,0.0,0.0,samples_known_object/13_volleyball/results/final_full_4d_hoi/object_pose.csv,right_foot,foot,right,0.244835317,0.927474976,4.554200172,gvhmr_incam,1.000000,gvhmr_smplx_contact_site_provider,,,,,
13_volleyball,final_full_4d_hoi,130,5.375,-0.156835959,-0.697006805,4.561026229,1.0,0.0,0.0,0.0,samples_known_object/13_volleyball/results/final_full_4d_hoi/object_pose.csv,left_hand,hand,left,-0.247663474,-0.643758583,4.496735668,gvhmr_incam,1.000000,gvhmr_smplx_contact_site_provider,,,,,
13_volleyball,final_full_4d_hoi,130,5.375,-0.156835959,-0.697006805,4.561026229,1.0,0.0,0.0,0.0,samples_known_object/13_volleyball/results/final_full_4d_hoi/object_pose.csv,right_hand,hand,right,-0.126535931,-0.608147967,4.653928375,gvhmr_incam,1.000000,gvhmr_smplx_contact_site_provider,,,,,
13_volleyball,final_full_4d_hoi,130,5.375,-0.156835959,-0.697006805,4.561026229,1.0,0.0,0.0,0.0,samples_known_object/13_volleyball/results/final_full_4d_hoi/object_pose.csv,left_foot,foot,left,-0.161075965,0.916629136,4.327475548,gvhmr_incam,1.000000,gvhmr_smplx_contact_site_provider,,,,,
13_volleyball,final_full_4d_hoi,130,5.375,-0.156835959,-0.697006805,4.561026229,1.0,0.0,0.0,0.0,samples_known_object/13_volleyball/results/final_full_4d_hoi/object_pose.csv,right_foot,foot,right,0.246128008,0.926450312,4.559536457,gvhmr_incam,1.000000,gvhmr_smplx_contact_site_provider,,,,,
13_volleyball,final_full_4d_hoi,131,5.416667,-0.183844243,-0.718717893,4.602051100,1.0,0.0,0.0,0.0,samples_known_object/13_volleyball/results/final_full_4d_hoi/object_pose.csv,left_hand,hand,left,-0.271482947,-0.663353419,4.499777985,gvhmr_incam,1.000000,gvhmr_smplx_contact_site_provider,,,,,
13_volleyball,final_full_4d_hoi,131,5.416667,-0.183844243,-0.718717893,4.602051100,1.0,0.0,0.0,0.0,samples_known_object/13_volleyball/results/final_full_4d_hoi/object_pose.csv,right_hand,hand,right,-0.151729843,-0.633446097,4.654851341,gvhmr_incam,1.000000,gvhmr_smplx_contact_site_provider,,,,,
13_volleyball,final_full_4d_hoi,131,5.416667,-0.183844243,-0.718717893,4.602051100,1.0,0.0,0.0,0.0,samples_known_object/13_volleyball/results/final_full_4d_hoi/object_pose.csv,left_foot,foot,left,-0.160649881,0.915006280,4.327346325,gvhmr_incam,1.000000,gvhmr_smplx_contact_site_provider,,,,,
13_volleyball,final_full_4d_hoi,131,5.416667,-0.183844243,-0.718717893,4.602051100,1.0,0.0,0.0,0.0,samples_known_object/13_volleyball/results/final_full_4d_hoi/object_pose.csv,right_foot,foot,right,0.246731803,0.923776388,4.556324005,gvhmr_incam,1.000000,gvhmr_smplx_contact_site_provider,,,,,
13_volleyball,final_full_4d_hoi,132,5.458333,-0.212620731,-0.752108759,4.609145989,1.0,0.0,0.0,0.0,samples_known_object/13_volleyball/results/final_full_4d_hoi/object_pose.csv,left_hand,hand,left,-0.298990226,-0.694888091,4.500397873,gvhmr_incam,1.000000,gvhmr_smplx_contact_site_provider,,,,,
13_volleyball,final_full_4d_hoi,132,5.458333,-0.212620731,-0.752108759,4.609145989,1.0,0.0,0.0,0.0,samples_known_object/13_volleyball/results/final_full_4d_hoi/object_pose.csv,right_hand,hand,right,-0.170613149,-0.672905719,4.666845512,gvhmr_incam,1.000000,gvhmr_smplx_contact_site_provider,,,,,
13_volleyball,final_full_4d_hoi,132,5.458333,-0.212620731,-0.752108759,4.609145989,1.0,0.0,0.0,0.0,samples_known_object/13_volleyball/results/final_full_4d_hoi/object_pose.csv,left_foot,foot,left,-0.157737345,0.914624333,4.328532696,gvhmr_incam,1.000000,gvhmr_smplx_contact_site_provider,,,,,
13_volleyball,final_full_4d_hoi,132,5.458333,-0.212620731,-0.752108759,4.609145989,1.0,0.0,0.0,0.0,samples_known_object/13_volleyball/results/final_full_4d_hoi/object_pose.csv,right_foot,foot,right,0.249012500,0.922164619,4.556238174,gvhmr_incam,1.000000,gvhmr_smplx_contact_site_provider,,,,,
13_volleyball,final_full_4d_hoi,133,5.5,-0.228661623,-0.831248415,4.607168908,1.0,0.0,0.0,0.0,samples_known_object/13_volleyball/results/final_full_4d_hoi/object_pose.csv,left_hand,hand,left,-0.328124738,-0.741775560,4.499082851,gvhmr_incam,1.000000,gvhmr_smplx_contact_site_provider,,,,,
13_volleyball,final_full_4d_hoi,133,5.5,-0.228661623,-0.831248415,4.607168908,1.0,0.0,0.0,0.0,samples_known_object/13_volleyball/results/final_full_4d_hoi/object_pose.csv,right_hand,hand,right,-0.178925793,-0.728312039,4.694629288,gvhmr_incam,1.000000,gvhmr_smplx_contact_site_provider,,,,,
13_volleyball,final_full_4d_hoi,133,5.5,-0.228661623,-0.831248415,4.607168908,1.0,0.0,0.0,0.0,samples_known_object/13_volleyball/results/final_full_4d_hoi/object_pose.csv,left_foot,foot,left,-0.158704102,0.914361000,4.337977886,gvhmr_incam,1.000000,gvhmr_smplx_contact_site_provider,,,,,
13_volleyball,final_full_4d_hoi,133,5.5,-0.228661623,-0.831248415,4.607168908,1.0,0.0,0.0,0.0,samples_known_object/13_volleyball/results/final_full_4d_hoi/object_pose.csv,right_foot,foot,right,0.248530149,0.921700001,4.562300205,gvhmr_incam,1.000000,gvhmr_smplx_contact_site_provider,,,,,
13_volleyball,final_full_4d_hoi,134,5.541667,-0.285365522,-0.923370256,4.600399795,1.0,0.0,0.0,0.0,samples_known_object/13_volleyball/results/final_full_4d_hoi/object_pose.csv,left_hand,hand,left,-0.350624824,-0.797033846,4.506598186,gvhmr_incam,1.000000,gvhmr_smplx_contact_site_provider,,,,,
13_volleyball,final_full_4d_hoi,134,5.541667,-0.285365522,-0.923370256,4.600399795,1.0,0.0,0.0,0.0,samples_known_object/13_volleyball/results/final_full_4d_hoi/object_pose.csv,right_hand,hand,right,-0.181488511,-0.789243615,4.737332726,gvhmr_incam,1.000000,gvhmr_smplx_contact_site_provider,,,,,
13_volleyball,final_full_4d_hoi,134,5.541667,-0.285365522,-0.923370256,4.600399795,1.0,0.0,0.0,0.0,samples_known_object/13_volleyball/results/final_full_4d_hoi/object_pose.csv,left_foot,foot,left,-0.160024628,0.915242732,4.362134457,gvhmr_incam,1.000000,gvhmr_smplx_contact_site_provider,,,,,
13_volleyball,final_full_4d_hoi,134,5.541667,-0.285365522,-0.923370256,4.600399795,1.0,0.0,0.0,0.0,samples_known_object/13_volleyball/results/final_full_4d_hoi/object_pose.csv,right_foot,foot,right,0.248729050,0.922724783,4.579735279,gvhmr_incam,1.000000,gvhmr_smplx_contact_site_provider,,,,,
13_volleyball,final_full_4d_hoi,135,5.583333,-0.351334041,-1.006655888,4.592422047,1.0,0.0,0.0,0.0,samples_known_object/13_volleyball/results/final_full_4d_hoi/object_pose.csv,left_hand,hand,left,-0.368034309,-0.839643228,4.491791058,gvhmr_incam,1.000000,gvhmr_smplx_contact_site_provider,,,,,
13_volleyball,final_full_4d_hoi,135,5.583333,-0.351334041,-1.006655888,4.592422047,1.0,0.0,0.0,0.0,samples_known_object/13_volleyball/results/final_full_4d_hoi/object_pose.csv,right_hand,hand,right,-0.173797068,-0.842716348,4.759620380,gvhmr_incam,1.000000,gvhmr_smplx_contact_site_provider,,,,,
13_volleyball,final_full_4d_hoi,135,5.583333,-0.351334041,-1.006655888,4.592422047,1.0,0.0,0.0,0.0,samples_known_object/13_volleyball/results/final_full_4d_hoi/object_pose.csv,left_foot,foot,left,-0.162387922,0.915806949,4.369029999,gvhmr_incam,1.000000,gvhmr_smplx_contact_site_provider,,,,,
13_volleyball,final_full_4d_hoi,135,5.583333,-0.351334041,-1.006655888,4.592422047,1.0,0.0,0.0,0.0,samples_known_object/13_volleyball/results/final_full_4d_hoi/object_pose.csv,right_foot,foot,right,0.248072878,0.923621118,4.577078342,gvhmr_incam,1.000000,gvhmr_smplx_contact_site_provider,,,,,
13_volleyball,final_full_4d_hoi,136,5.625,-0.415677177,-1.055993944,4.585805363,1.0,0.0,0.0,0.0,samples_known_object/13_volleyball/results/final_full_4d_hoi/object_pose.csv,left_hand,hand,left,-0.369988281,-0.866982830,4.471373653,gvhmr_incam,1.000000,gvhmr_smplx_contact_site_provider,,,,,
13_volleyball,final_full_4d_hoi,136,5.625,-0.415677177,-1.055993944,4.585805363,1.0,0.0,0.0,0.0,samples_known_object/13_volleyball/results/final_full_4d_hoi/object_pose.csv,right_hand,hand,right,-0.161573036,-0.877792585,4.764556122,gvhmr_incam,1.000000,gvhmr_smplx_contact_site_provider,,,,,
13_volleyball,final_full_4d_hoi,136,5.625,-0.415677177,-1.055993944,4.585805363,1.0,0.0,0.0,0.0,samples_known_object/13_volleyball/results/final_full_4d_hoi/object_pose.csv,left_foot,foot,left,-0.164405882,0.916077673,4.368839264,gvhmr_incam,1.000000,gvhmr_smplx_contact_site_provider,,,,,
13_volleyball,final_full_4d_hoi,136,5.625,-0.415677177,-1.055993944,4.585805363,1.0,0.0,0.0,0.0,samples_known_object/13_volleyball/results/final_full_4d_hoi/object_pose.csv,right_foot,foot,right,0.248538643,0.924103558,4.566847324,gvhmr_incam,1.000000,gvhmr_smplx_contact_site_provider,,,,,
13_volleyball,final_full_4d_hoi,137,5.666667,-0.477493541,-1.083487577,4.581318214,1.0,0.0,0.0,0.0,samples_known_object/13_volleyball/results/final_full_4d_hoi/object_pose.csv,left_hand,hand,left,-0.357014990,-0.879665673,4.456782341,gvhmr_incam,1.000000,gvhmr_smplx_contact_site_provider,,,,,
13_volleyball,final_full_4d_hoi,137,5.666667,-0.477493541,-1.083487577,4.581318214,1.0,0.0,0.0,0.0,samples_known_object/13_volleyball/results/final_full_4d_hoi/object_pose.csv,right_hand,hand,right,-0.148692119,-0.894785321,4.762188244,gvhmr_incam,1.000000,gvhmr_smplx_contact_site_provider,,,,,
13_volleyball,final_full_4d_hoi,137,5.666667,-0.477493541,-1.083487577,4.581318214,1.0,0.0,0.0,0.0,samples_known_object/13_volleyball/results/final_full_4d_hoi/object_pose.csv,left_foot,foot,left,-0.162758142,0.918947279,4.370875359,gvhmr_incam,1.000000,gvhmr_smplx_contact_site_provider,,,,,
13_volleyball,final_full_4d_hoi,137,5.666667,-0.477493541,-1.083487577,4.581318214,1.0,0.0,0.0,0.0,samples_known_object/13_volleyball/results/final_full_4d_hoi/object_pose.csv,right_foot,foot,right,0.252446145,0.926854968,4.560749054,gvhmr_incam,1.000000,gvhmr_smplx_contact_site_provider,,,,,
13_volleyball,final_full_4d_hoi,138,5.708333,-0.537526208,-1.103940979,4.578806779,1.0,0.0,0.0,0.0,samples_known_object/13_volleyball/results/final_full_4d_hoi/object_pose.csv,left_hand,hand,left,-0.337589467,-0.878463340,4.440073490,gvhmr_incam,1.000000,gvhmr_smplx_contact_site_provider,,,,,
13_volleyball,final_full_4d_hoi,138,5.708333,-0.537526208,-1.103940979,4.578806779,1.0,0.0,0.0,0.0,samples_known_object/13_volleyball/results/final_full_4d_hoi/object_pose.csv,right_hand,hand,right,-0.137864022,-0.894440365,4.749722004,gvhmr_incam,1.000000,gvhmr_smplx_contact_site_provider,,,,,
13_volleyball,final_full_4d_hoi,138,5.708333,-0.537526208,-1.103940979,4.578806779,1.0,0.0,0.0,0.0,samples_known_object/13_volleyball/results/final_full_4d_hoi/object_pose.csv,left_foot,foot,left,-0.160271272,0.921853542,4.366940498,gvhmr_incam,1.000000,gvhmr_smplx_contact_site_provider,,,,,
13_volleyball,final_full_4d_hoi,138,5.708333,-0.537526208,-1.103940979,4.578806779,1.0,0.0,0.0,0.0,samples_known_object/13_volleyball/results/final_full_4d_hoi/object_pose.csv,right_foot,foot,right,0.256583631,0.929442763,4.551641941,gvhmr_incam,1.000000,gvhmr_smplx_contact_site_provider,,,,,
13_volleyball,final_full_4d_hoi,139,5.75,-0.594505571,-1.119916767,4.577850851,1.0,0.0,0.0,0.0,samples_known_object/13_volleyball/results/final_full_4d_hoi/object_pose.csv,left_hand,hand,left,-0.314313233,-0.863159227,4.424132156,gvhmr_incam,1.000000,gvhmr_smplx_contact_site_provider,,,,,
13_volleyball,final_full_4d_hoi,139,5.75,-0.594505571,-1.119916767,4.577850851,1.0,0.0,0.0,0.0,samples_known_object/13_volleyball/results/final_full_4d_hoi/object_pose.csv,right_hand,hand,right,-0.125126687,-0.877945805,4.726490211,gvhmr_incam,1.000000,gvhmr_smplx_contact_site_provider,,,,,
13_volleyball,final_full_4d_hoi,139,5.75,-0.594505571,-1.119916767,4.577850851,1.0,0.0,0.0,0.0,samples_known_object/13_volleyball/results/final_full_4d_hoi/object_pose.csv,left_foot,foot,left,-0.158935413,0.924325466,4.361103058,gvhmr_incam,1.000000,gvhmr_smplx_contact_site_provider,,,,,
13_volleyball,final_full_4d_hoi,139,5.75,-0.594505571,-1.119916767,4.577850851,1.0,0.0,0.0,0.0,samples_known_object/13_volleyball/results/final_full_4d_hoi/object_pose.csv,right_foot,foot,right,0.259358406,0.931604862,4.542198658,gvhmr_incam,1.000000,gvhmr_smplx_contact_site_provider,,,,,
13_volleyball,final_full_4d_hoi,140,5.791667,-0.663562935,-1.118336146,4.578060796,1.0,0.0,0.0,0.0,samples_known_object/13_volleyball/results/final_full_4d_hoi/object_pose.csv,left_hand,hand,left,-0.295181912,-0.833529973,4.410390091,gvhmr_incam,1.000000,gvhmr_smplx_contact_site_provider,,,,,
13_volleyball,final_full_4d_hoi,140,5.791667,-0.663562935,-1.118336146,4.578060796,1.0,0.0,0.0,0.0,samples_known_object/13_volleyball/results/final_full_4d_hoi/object_pose.csv,right_hand,hand,right,-0.111977550,-0.845957017,4.698969269,gvhmr_incam,1.000000,gvhmr_smplx_contact_site_provider,,,,,
13_volleyball,final_full_4d_hoi,140,5.791667,-0.663562935,-1.118336146,4.578060796,1.0,0.0,0.0,0.0,samples_known_object/13_volleyball/results/final_full_4d_hoi/object_pose.csv,left_foot,foot,left,-0.155106008,0.925976872,4.356623650,gvhmr_incam,1.000000,gvhmr_smplx_contact_site_provider,,,,,
13_volleyball,final_full_4d_hoi,140,5.791667,-0.663562935,-1.118336146,4.578060796,1.0,0.0,0.0,0.0,samples_known_object/13_volleyball/results/final_full_4d_hoi/object_pose.csv,right_foot,foot,right,0.263849735,0.932179332,4.535072327,gvhmr_incam,1.000000,gvhmr_smplx_contact_site_provider,,,,,
13_volleyball,final_full_4d_hoi,141,5.833333,-0.732710847,-1.116818516,4.578676536,1.0,0.0,0.0,0.0,samples_known_object/13_volleyball/results/final_full_4d_hoi/object_pose.csv,left_hand,hand,left,-0.278433564,-0.797177088,4.408940887,gvhmr_incam,1.000000,gvhmr_smplx_contact_site_provider,,,,,
13_volleyball,final_full_4d_hoi,141,5.833333,-0.732710847,-1.116818516,4.578676536,1.0,0.0,0.0,0.0,samples_known_object/13_volleyball/results/final_full_4d_hoi/object_pose.csv,right_hand,hand,right,-0.098292926,-0.802130854,4.680749702,gvhmr_incam,1.000000,gvhmr_smplx_contact_site_provider,,,,,
13_volleyball,final_full_4d_hoi,141,5.833333,-0.732710847,-1.116818516,4.578676536,1.0,0.0,0.0,0.0,samples_known_object/13_volleyball/results/final_full_4d_hoi/object_pose.csv,left_foot,foot,left,-0.153440103,0.928090990,4.362305641,gvhmr_incam,1.000000,gvhmr_smplx_contact_site_provider,,,,,
13_volleyball,final_full_4d_hoi,141,5.833333,-0.732710847,-1.116818516,4.578676536,1.0,0.0,0.0,0.0,samples_known_object/13_volleyball/results/final_full_4d_hoi/object_pose.csv,right_foot,foot,right,0.265674800,0.933356881,4.538894653,gvhmr_incam,1.000000,gvhmr_smplx_contact_site_provider,,,,,
13_volleyball,final_full_4d_hoi,142,5.875,-0.801883122,-1.115319913,4.579333711,1.0,0.0,0.0,0.0,samples_known_object/13_volleyball/results/final_full_4d_hoi/object_pose.csv,left_hand,hand,left,-0.265768003,-0.759365141,4.394650459,gvhmr_incam,1.000000,gvhmr_smplx_contact_site_provider,,,,,
13_volleyball,final_full_4d_hoi,142,5.875,-0.801883122,-1.115319913,4.579333711,1.0,0.0,0.0,0.0,samples_known_object/13_volleyball/results/final_full_4d_hoi/object_pose.csv,right_hand,hand,right,-0.084797579,-0.757953465,4.648994541,gvhmr_incam,1.000000,gvhmr_smplx_contact_site_provider,,,,,
13_volleyball,final_full_4d_hoi,142,5.875,-0.801883122,-1.115319913,4.579333711,1.0,0.0,0.0,0.0,samples_known_object/13_volleyball/results/final_full_4d_hoi/object_pose.csv,left_foot,foot,left,-0.150773525,0.925046504,4.347835064,gvhmr_incam,1.000000,gvhmr_smplx_contact_site_provider,,,,,
13_volleyball,final_full_4d_hoi,142,5.875,-0.801883122,-1.115319913,4.579333711,1.0,0.0,0.0,0.0,samples_known_object/13_volleyball/results/final_full_4d_hoi/object_pose.csv,right_foot,foot,right,0.268200725,0.929460108,4.523439884,gvhmr_incam,1.000000,gvhmr_smplx_contact_site_provider,,,,,
13_volleyball,final_full_4d_hoi,143,5.916667,-0.871034770,-1.113770069,4.579794899,1.0,0.0,0.0,0.0,samples_known_object/13_volleyball/results/final_full_4d_hoi/object_pose.csv,left_hand,hand,left,-0.262323362,-0.717809725,4.368438053,gvhmr_incam,1.000000,gvhmr_smplx_contact_site_provider,,,,,
13_volleyball,final_full_4d_hoi,143,5.916667,-0.871034770,-1.113770069,4.579794899,1.0,0.0,0.0,0.0,samples_known_object/13_volleyball/results/final_full_4d_hoi/object_pose.csv,right_hand,hand,right,-0.077343327,-0.712679029,4.617536926,gvhmr_incam,1.000000,gvhmr_smplx_contact_site_provider,,,,,
13_volleyball,final_full_4d_hoi,143,5.916667,-0.871034770,-1.113770069,4.579794899,1.0,0.0,0.0,0.0,samples_known_object/13_volleyball/results/final_full_4d_hoi/object_pose.csv,left_foot,foot,left,-0.150912866,0.921038270,4.321072102,gvhmr_incam,1.000000,gvhmr_smplx_contact_site_provider,,,,,
13_volleyball,final_full_4d_hoi,143,5.916667,-0.871034770,-1.113770069,4.579794899,1.0,0.0,0.0,0.0,samples_known_object/13_volleyball/results/final_full_4d_hoi/object_pose.csv,right_foot,foot,right,0.268206775,0.924306154,4.495153427,gvhmr_incam,1.000000,gvhmr_smplx_contact_site_provider,,,,,
13_volleyball,final_full_4d_hoi,144,5.958333,-0.940134875,-1.112152724,4.579931055,1.0,0.0,0.0,0.0,samples_known_object/13_volleyball/results/final_full_4d_hoi/object_pose.csv,left_hand,hand,left,-0.271552557,-0.669942987,4.352063847,gvhmr_incam,1.000000,gvhmr_smplx_contact_site_provider,,,,,
13_volleyball,final_full_4d_hoi,144,5.958333,-0.940134875,-1.112152724,4.579931055,1.0,0.0,0.0,0.0,samples_known_object/13_volleyball/results/final_full_4d_hoi/object_pose.csv,right_hand,hand,right,-0.082637358,-0.668038392,4.597057915,gvhmr_incam,1.000000,gvhmr_smplx_contact_site_provider,,,,,
13_volleyball,final_full_4d_hoi,144,5.958333,-0.940134875,-1.112152724,4.579931055,1.0,0.0,0.0,0.0,samples_known_object/13_volleyball/results/final_full_4d_hoi/object_pose.csv,left_foot,foot,left,-0.148305058,0.917885959,4.290858269,gvhmr_incam,1.000000,gvhmr_smplx_contact_site_provider,,,,,
13_volleyball,final_full_4d_hoi,144,5.958333,-0.940134875,-1.112152724,4.579931055,1.0,0.0,0.0,0.0,samples_known_object/13_volleyball/results/final_full_4d_hoi/object_pose.csv,right_foot,foot,right,0.270981073,0.920652032,4.463069439,gvhmr_incam,1.000000,gvhmr_smplx_contact_site_provider,,,,,
13_volleyball,final_full_4d_hoi,145,6.0,-1.009150342,-1.110413809,4.579694226,1.0,0.0,0.0,0.0,samples_known_object/13_volleyball/results/final_full_4d_hoi/object_pose.csv,left_hand,hand,left,-0.282420832,-0.609055269,4.374201965,gvhmr_incam,1.000000,gvhmr_smplx_contact_site_provider,,,,,
13_volleyball,final_full_4d_hoi,145,6.0,-1.009150342,-1.110413809,4.579694226,1.0,0.0,0.0,0.0,samples_known_object/13_volleyball/results/final_full_4d_hoi/object_pose.csv,right_hand,hand,right,-0.089968467,-0.612820244,4.625791454,gvhmr_incam,1.000000,gvhmr_smplx_contact_site_provider,,,,,
13_volleyball,final_full_4d_hoi,145,6.0,-1.009150342,-1.110413809,4.579694226,1.0,0.0,0.0,0.0,samples_known_object/13_volleyball/results/final_full_4d_hoi/object_pose.csv,left_foot,foot,left,-0.146467477,0.919904649,4.299988747,gvhmr_incam,1.000000,gvhmr_smplx_contact_site_provider,,,,,
13_volleyball,final_full_4d_hoi,145,6.0,-1.009150342,-1.110413809,4.579694226,1.0,0.0,0.0,0.0,samples_known_object/13_volleyball/results/final_full_4d_hoi/object_pose.csv,right_foot,foot,right,0.272470087,0.922065616,4.470923901,gvhmr_incam,1.000000,gvhmr_smplx_contact_site_provider,,,,,
13_volleyball,final_full_4d_hoi,146,6.041667,-1.074596827,-1.092344423,4.579479596,1.0,0.0,0.0,0.0,samples_known_object/13_volleyball/results/final_full_4d_hoi/object_pose.csv,left_hand,hand,left,-0.301554877,-0.532968205,4.395264339,gvhmr_incam,1.000000,gvhmr_smplx_contact_site_provider,,,,,
13_volleyball,final_full_4d_hoi,146,6.041667,-1.074596827,-1.092344423,4.579479596,1.0,0.0,0.0,0.0,samples_known_object/13_volleyball/results/final_full_4d_hoi/object_pose.csv,right_hand,hand,right,-0.107098502,-0.543585867,4.654117680,gvhmr_incam,1.000000,gvhmr_smplx_contact_site_provider,,,,,
13_volleyball,final_full_4d_hoi,146,6.041667,-1.074596827,-1.092344423,4.579479596,1.0,0.0,0.0,0.0,samples_known_object/13_volleyball/results/final_full_4d_hoi/object_pose.csv,left_foot,foot,left,-0.146258056,0.921603560,4.307888985,gvhmr_incam,1.000000,gvhmr_smplx_contact_site_provider,,,,,
13_volleyball,final_full_4d_hoi,146,6.041667,-1.074596827,-1.092344423,4.579479596,1.0,0.0,0.0,0.0,samples_known_object/13_volleyball/results/final_full_4d_hoi/object_pose.csv,right_foot,foot,right,0.272542149,0.924102783,4.477838516,gvhmr_incam,1.000000,gvhmr_smplx_contact_site_provider,,,,,
13_volleyball,final_full_4d_hoi,147,6.083333,-1.143327362,-1.066794237,4.579024870,1.0,0.0,0.0,0.0,samples_known_object/13_volleyball/results/final_full_4d_hoi/object_pose.csv,left_hand,hand,left,-0.321064258,-0.447043395,4.425043869,gvhmr_incam,1.000000,gvhmr_smplx_contact_site_provider,,,,,
13_volleyball,final_full_4d_hoi,147,6.083333,-1.143327362,-1.066794237,4.579024870,1.0,0.0,0.0,0.0,samples_known_object/13_volleyball/results/final_full_4d_hoi/object_pose.csv,right_hand,hand,right,-0.123785040,-0.467915094,4.681528854,gvhmr_incam,1.000000,gvhmr_smplx_contact_site_provider,,,,,
13_volleyball,final_full_4d_hoi,147,6.083333,-1.143327362,-1.066794237,4.579024870,1.0,0.0,0.0,0.0,samples_known_object/13_volleyball/results/final_full_4d_hoi/object_pose.csv,left_foot,foot,left,-0.144673914,0.921915233,4.322158337,gvhmr_incam,1.000000,gvhmr_smplx_contact_site_provider,,,,,
13_volleyball,final_full_4d_hoi,147,6.083333,-1.143327362,-1.066794237,4.579024870,1.0,0.0,0.0,0.0,samples_known_object/13_volleyball/results/final_full_4d_hoi/object_pose.csv,right_foot,foot,right,0.274775326,0.925314426,4.490780354,gvhmr_incam,1.000000,gvhmr_smplx_contact_site_provider,,,,,
13_volleyball,final_full_4d_hoi,148,6.125,-1.212953503,-1.033129318,4.578412776,1.0,0.0,0.0,0.0,samples_known_object/13_volleyball/results/final_full_4d_hoi/object_pose.csv,left_hand,hand,left,-0.330706465,-0.351351947,4.429791546,gvhmr_incam,1.000000,gvhmr_smplx_contact_site_provider,,,,,
13_volleyball,final_full_4d_hoi,148,6.125,-1.212953503,-1.033129318,4.578412776,1.0,0.0,0.0,0.0,samples_known_object/13_volleyball/results/final_full_4d_hoi/object_pose.csv,right_hand,hand,right,-0.124115212,-0.374537855,4.705557346,gvhmr_incam,1.000000,gvhmr_smplx_contact_site_provider,,,,,
13_volleyball,final_full_4d_hoi,148,6.125,-1.212953503,-1.033129318,4.578412776,1.0,0.0,0.0,0.0,samples_known_object/13_volleyball/results/final_full_4d_hoi/object_pose.csv,left_foot,foot,left,-0.141121924,0.922701597,4.328212738,gvhmr_incam,1.000000,gvhmr_smplx_contact_site_provider,,,,,
13_volleyball,final_full_4d_hoi,148,6.125,-1.212953503,-1.033129318,4.578412776,1.0,0.0,0.0,0.0,samples_known_object/13_volleyball/results/final_full_4d_hoi/object_pose.csv,right_foot,foot,right,0.278855681,0.926692009,4.496948242,gvhmr_incam,1.000000,gvhmr_smplx_contact_site_provider,,,,,
13_volleyball,final_full_4d_hoi,149,6.166667,-1.289995854,-0.962563652,4.578173240,1.0,0.0,0.0,0.0,samples_known_object/13_volleyball/results/final_full_4d_hoi/object_pose.csv,left_hand,hand,left,-0.324450922,-0.237089288,4.434769917,gvhmr_incam,1.000000,gvhmr_smplx_contact_site_provider,,,,,
13_volleyball,final_full_4d_hoi,149,6.166667,-1.289995854,-0.962563652,4.578173240,1.0,0.0,0.0,0.0,samples_known_object/13_volleyball/results/final_full_4d_hoi/object_pose.csv,right_hand,hand,right,-0.116655186,-0.258838201,4.717315674,gvhmr_incam,1.000000,gvhmr_smplx_contact_site_provider,,,,,
13_volleyball,final_full_4d_hoi,149,6.166667,-1.289995854,-0.962563652,4.578173240,1.0,0.0,0.0,0.0,samples_known_object/13_volleyball/results/final_full_4d_hoi/object_pose.csv,left_foot,foot,left,-0.144140437,0.919247329,4.331499577,gvhmr_incam,1.000000,gvhmr_smplx_contact_site_provider,,,,,
13_volleyball,final_full_4d_hoi,149,6.166667,-1.289995854,-0.962563652,4.578173240,1.0,0.0,0.0,0.0,samples_known_object/13_volleyball/results/final_full_4d_hoi/object_pose.csv,right_foot,foot,right,0.276715249,0.924499094,4.499340534,gvhmr_incam,1.000000,gvhmr_smplx_contact_site_provider,,,,,
13_volleyball,final_full_4d_hoi,150,6.208333,-1.366818865,-0.878142277,4.578037195,1.0,0.0,0.0,0.0,samples_known_object/13_volleyball/results/final_full_4d_hoi/object_pose.csv,left_hand,hand,left,-0.300349563,-0.131982148,4.407908058,gvhmr_incam,1.000000,gvhmr_smplx_contact_site_provider,,,,,
13_volleyball,final_full_4d_hoi,150,6.208333,-1.366818865,-0.878142277,4.578037195,1.0,0.0,0.0,0.0,samples_known_object/13_volleyball/results/final_full_4d_hoi/object_pose.csv,right_hand,hand,right,-0.067589767,-0.132497591,4.706869984,gvhmr_incam,1.000000,gvhmr_smplx_contact_site_provider,,,,,
13_volleyball,final_full_4d_hoi,150,6.208333,-1.366818865,-0.878142277,4.578037195,1.0,0.0,0.0,0.0,samples_known_object/13_volleyball/results/final_full_4d_hoi/object_pose.csv,left_foot,foot,left,-0.139811903,0.916473627,4.321471214,gvhmr_incam,1.000000,gvhmr_smplx_contact_site_provider,,,,,
13_volleyball,final_full_4d_hoi,150,6.208333,-1.366818865,-0.878142277,4.578037195,1.0,0.0,0.0,0.0,samples_known_object/13_volleyball/results/final_full_4d_hoi/object_pose.csv,right_foot,foot,right,0.281718671,0.922735810,4.489304066,gvhmr_incam,1.000000,gvhmr_smplx_contact_site_provider,,,,,
13_volleyball,final_full_4d_hoi,151,6.25,-1.443738462,-0.785464498,4.577929883,1.0,0.0,0.0,0.0,samples_known_object/13_volleyball/results/final_full_4d_hoi/object_pose.csv,left_hand,hand,left,-0.260447943,-0.049150467,4.381224346,gvhmr_incam,1.000000,gvhmr_smplx_contact_site_provider,,,,,
13_volleyball,final_full_4d_hoi,151,6.25,-1.443738462,-0.785464498,4.577929883,1.0,0.0,0.0,0.0,samples_known_object/13_volleyball/results/final_full_4d_hoi/object_pose.csv,right_hand,hand,right,-0.004336508,-0.033509290,4.696720314,gvhmr_incam,1.000000,gvhmr_smplx_contact_site_provider,,,,,
13_volleyball,final_full_4d_hoi,151,6.25,-1.443738462,-0.785464498,4.577929883,1.0,0.0,0.0,0.0,samples_known_object/13_volleyball/results/final_full_4d_hoi/object_pose.csv,left_foot,foot,left,-0.140977174,0.913207650,4.317633152,gvhmr_incam,1.000000,gvhmr_smplx_contact_site_provider,,,,,
13_volleyball,final_full_4d_hoi,151,6.25,-1.443738462,-0.785464498,4.577929883,1.0,0.0,0.0,0.0,samples_known_object/13_volleyball/results/final_full_4d_hoi/object_pose.csv,right_foot,foot,right,0.281094790,0.921363711,4.485491276,gvhmr_incam,1.000000,gvhmr_smplx_contact_site_provider,,,,,
13_volleyball,final_full_4d_hoi,152,6.291667,-1.523887322,-0.682256073,4.577860218,1.0,0.0,0.0,0.0,samples_known_object/13_volleyball/results/final_full_4d_hoi/object_pose.csv,left_hand,hand,left,-0.215870318,0.005924082,4.360131931,gvhmr_incam,1.000000,gvhmr_smplx_contact_site_provider,,,,,
13_volleyball,final_full_4d_hoi,152,6.291667,-1.523887322,-0.682256073,4.577860218,1.0,0.0,0.0,0.0,samples_known_object/13_volleyball/results/final_full_4d_hoi/object_pose.csv,right_hand,hand,right,0.076473475,0.030235177,4.702179050,gvhmr_incam,1.000000,gvhmr_smplx_contact_site_provider,,,,,
13_volleyball,final_full_4d_hoi,152,6.291667,-1.523887322,-0.682256073,4.577860218,1.0,0.0,0.0,0.0,samples_known_object/13_volleyball/results/final_full_4d_hoi/object_pose.csv,left_foot,foot,left,-0.140609547,0.911274970,4.323323727,gvhmr_incam,1.000000,gvhmr_smplx_contact_site_provider,,,,,
13_volleyball,final_full_4d_hoi,152,6.291667,-1.523887322,-0.682256073,4.577860218,1.0,0.0,0.0,0.0,samples_known_object/13_volleyball/results/final_full_4d_hoi/object_pose.csv,right_foot,foot,right,0.282362998,0.921252131,4.490288258,gvhmr_incam,1.000000,gvhmr_smplx_contact_site_provider,,,,,
13_volleyball,final_full_4d_hoi,153,6.333333,-1.603496445,-0.567108032,4.577926716,1.0,0.0,0.0,0.0,samples_known_object/13_volleyball/results/final_full_4d_hoi/object_pose.csv,left_hand,hand,left,-0.168800759,0.049607891,4.330298615,gvhmr_incam,1.000000,gvhmr_smplx_contact_site_provider,,,,,
13_volleyball,final_full_4d_hoi,153,6.333333,-1.603496445,-0.567108032,4.577926716,1.0,0.0,0.0,0.0,samples_known_object/13_volleyball/results/final_full_4d_hoi/object_pose.csv,right_hand,hand,right,0.179505858,0.098341525,4.675798893,gvhmr_incam,1.000000,gvhmr_smplx_contact_site_provider,,,,,
13_volleyball,final_full_4d_hoi,153,6.333333,-1.603496445,-0.567108032,4.577926716,1.0,0.0,0.0,0.0,samples_known_object/13_volleyball/results/final_full_4d_hoi/object_pose.csv,left_foot,foot,left,-0.138717040,0.908965766,4.324425697,gvhmr_incam,1.000000,gvhmr_smplx_contact_site_provider,,,,,
13_volleyball,final_full_4d_hoi,153,6.333333,-1.603496445,-0.567108032,4.577926716,1.0,0.0,0.0,0.0,samples_known_object/13_volleyball/results/final_full_4d_hoi/object_pose.csv,right_foot,foot,right,0.284468979,0.920521200,4.491367817,gvhmr_incam,1.000000,gvhmr_smplx_contact_site_provider,,,,,
13_volleyball,final_full_4d_hoi,154,6.375,-1.685768345,-0.445401621,4.577899433,1.0,0.0,0.0,0.0,samples_known_object/13_volleyball/results/final_full_4d_hoi/object_pose.csv,left_hand,hand,left,-0.134303328,0.073890632,4.312043285,gvhmr_incam,1.000000,gvhmr_smplx_contact_site_provider,,,,,
13_volleyball,final_full_4d_hoi,154,6.375,-1.685768345,-0.445401621,4.577899433,1.0,0.0,0.0,0.0,samples_known_object/13_volleyball/results/final_full_4d_hoi/object_pose.csv,right_hand,hand,right,0.253111726,0.127271324,4.650832462,gvhmr_incam,1.000000,gvhmr_smplx_contact_site_provider,,,,,
13_volleyball,final_full_4d_hoi,154,6.375,-1.685768345,-0.445401621,4.577899433,1.0,0.0,0.0,0.0,samples_known_object/13_volleyball/results/final_full_4d_hoi/object_pose.csv,left_foot,foot,left,-0.138014689,0.909317315,4.325630188,gvhmr_incam,1.000000,gvhmr_smplx_contact_site_provider,,,,,
13_volleyball,final_full_4d_hoi,154,6.375,-1.685768345,-0.445401621,4.577899433,1.0,0.0,0.0,0.0,samples_known_object/13_volleyball/results/final_full_4d_hoi/object_pose.csv,right_foot,foot,right,0.285070360,0.921807051,4.492493629,gvhmr_incam,1.000000,gvhmr_smplx_contact_site_provider,,,,,
13_volleyball,final_full_4d_hoi,155,6.416667,-1.767388727,-0.316690365,4.577600446,1.0,0.0,0.0,0.0,samples_known_object/13_volleyball/results/final_full_4d_hoi/object_pose.csv,left_hand,hand,left,-0.109346724,0.087702036,4.297546101,gvhmr_incam,1.000000,gvhmr_smplx_contact_site_provider,,,,,
13_volleyball,final_full_4d_hoi,155,6.416667,-1.767388727,-0.316690365,4.577600446,1.0,0.0,0.0,0.0,samples_known_object/13_volleyball/results/final_full_4d_hoi/object_pose.csv,right_hand,hand,right,0.314137977,0.140496475,4.625130844,gvhmr_incam,1.000000,gvhmr_smplx_contact_site_provider,,,,,
13_volleyball,final_full_4d_hoi,155,6.416667,-1.767388727,-0.316690365,4.577600446,1.0,0.0,0.0,0.0,samples_known_object/13_volleyball/results/final_full_4d_hoi/object_pose.csv,left_foot,foot,left,-0.136533737,0.910642147,4.327680588,gvhmr_incam,1.000000,gvhmr_smplx_contact_site_provider,,,,,
13_volleyball,final_full_4d_hoi,155,6.416667,-1.767388727,-0.316690365,4.577600446,1.0,0.0,0.0,0.0,samples_known_object/13_volleyball/results/final_full_4d_hoi/object_pose.csv,right_foot,foot,right,0.286221206,0.923231363,4.494462967,gvhmr_incam,1.000000,gvhmr_smplx_contact_site_provider,,,,,
13_volleyball,final_full_4d_hoi,156,6.458333,-1.853627277,-0.173121243,4.576552425,1.0,0.0,0.0,0.0,samples_known_object/13_volleyball/results/final_full_4d_hoi/object_pose.csv,left_hand,hand,left,-0.099006078,0.092756593,4.296142864,gvhmr_incam,1.000000,gvhmr_smplx_contact_site_provider,,,,,
13_volleyball,final_full_4d_hoi,156,6.458333,-1.853627277,-0.173121243,4.576552425,1.0,0.0,0.0,0.0,samples_known_object/13_volleyball/results/final_full_4d_hoi/object_pose.csv,right_hand,hand,right,0.354653287,0.139861393,4.610224628,gvhmr_incam,1.000000,gvhmr_smplx_contact_site_provider,,,,,
13_volleyball,final_full_4d_hoi,156,6.458333,-1.853627277,-0.173121243,4.576552425,1.0,0.0,0.0,0.0,samples_known_object/13_volleyball/results/final_full_4d_hoi/object_pose.csv,left_foot,foot,left,-0.136605710,0.911328793,4.333028316,gvhmr_incam,1.000000,gvhmr_smplx_contact_site_provider,,,,,
13_volleyball,final_full_4d_hoi,156,6.458333,-1.853627277,-0.173121243,4.576552425,1.0,0.0,0.0,0.0,samples_known_object/13_volleyball/results/final_full_4d_hoi/object_pose.csv,right_foot,foot,right,0.285714865,0.923233569,4.499603748,gvhmr_incam,1.000000,gvhmr_smplx_contact_site_provider,,,,,
13_volleyball,final_full_4d_hoi,157,6.5,-1.916834489,-0.024585693,4.574893618,1.0,0.0,0.0,0.0,samples_known_object/13_volleyball/results/final_full_4d_hoi/object_pose.csv,left_hand,hand,left,-0.094814634,0.093000269,4.298378944,gvhmr_incam,1.000000,gvhmr_smplx_contact_site_provider,,,,,
13_volleyball,final_full_4d_hoi,157,6.5,-1.916834489,-0.024585693,4.574893618,1.0,0.0,0.0,0.0,samples_known_object/13_volleyball/results/final_full_4d_hoi/object_pose.csv,right_hand,hand,right,0.383615261,0.137209719,4.599753189,gvhmr_incam,1.000000,gvhmr_smplx_contact_site_provider,,,,,
13_volleyball,final_full_4d_hoi,157,6.5,-1.916834489,-0.024585693,4.574893618,1.0,0.0,0.0,0.0,samples_known_object/13_volleyball/results/final_full_4d_hoi/object_pose.csv,left_foot,foot,left,-0.136020422,0.911804259,4.336462498,gvhmr_incam,1.000000,gvhmr_smplx_contact_site_provider,,,,,
13_volleyball,final_full_4d_hoi,157,6.5,-1.916834489,-0.024585693,4.574893618,1.0,0.0,0.0,0.0,samples_known_object/13_volleyball/results/final_full_4d_hoi/object_pose.csv,right_foot,foot,right,0.286021829,0.923288524,4.502361774,gvhmr_incam,1.000000,gvhmr_smplx_contact_site_provider,,,,,
13_volleyball,final_full_4d_hoi,158,6.541667,-1.958600679,0.137364244,4.572141872,1.0,0.0,0.0,0.0,samples_known_object/13_volleyball/results/final_full_4d_hoi/object_pose.csv,left_hand,hand,left,-0.104229194,0.090169957,4.305791283,gvhmr_incam,1.000000,gvhmr_smplx_contact_site_provider,,,,,
13_volleyball,final_full_4d_hoi,158,6.541667,-1.958600679,0.137364244,4.572141872,1.0,0.0,0.0,0.0,samples_known_object/13_volleyball/results/final_full_4d_hoi/object_pose.csv,right_hand,hand,right,0.393881840,0.134524298,4.595169735,gvhmr_incam,1.000000,gvhmr_smplx_contact_site_provider,,,,,
13_volleyball,final_full_4d_hoi,158,6.541667,-1.958600679,0.137364244,4.572141872,1.0,0.0,0.0,0.0,samples_known_object/13_volleyball/results/final_full_4d_hoi/object_pose.csv,left_foot,foot,left,-0.137055635,0.912261844,4.336576939,gvhmr_incam,1.000000,gvhmr_smplx_contact_site_provider,,,,,
13_volleyball,final_full_4d_hoi,158,6.541667,-1.958600679,0.137364244,4.572141872,1.0,0.0,0.0,0.0,samples_known_object/13_volleyball/results/final_full_4d_hoi/object_pose.csv,right_foot,foot,right,0.284594297,0.922570586,4.501887321,gvhmr_incam,1.000000,gvhmr_smplx_contact_site_provider,,,,,
13_volleyball,final_full_4d_hoi,159,6.583333,-1.986544732,0.300109964,4.567851686,1.0,0.0,0.0,0.0,samples_known_object/13_volleyball/results/final_full_4d_hoi/object_pose.csv,left_hand,hand,left,-0.119992051,0.085673192,4.316551781,gvhmr_incam,1.000000,gvhmr_smplx_contact_site_provider,,,,,
13_volleyball,final_full_4d_hoi,159,6.583333,-1.986544732,0.300109964,4.567851686,1.0,0.0,0.0,0.0,samples_known_object/13_volleyball/results/final_full_4d_hoi/object_pose.csv,right_hand,hand,right,0.392224061,0.134245789,4.597390079,gvhmr_incam,1.000000,gvhmr_smplx_contact_site_provider,,,,,
13_volleyball,final_full_4d_hoi,159,6.583333,-1.986544732,0.300109964,4.567851686,1.0,0.0,0.0,0.0,samples_known_object/13_volleyball/results/final_full_4d_hoi/object_pose.csv,left_foot,foot,left,-0.137714848,0.912167907,4.334601402,gvhmr_incam,1.000000,gvhmr_smplx_contact_site_provider,,,,,
13_volleyball,final_full_4d_hoi,159,6.583333,-1.986544732,0.300109964,4.567851686,1.0,0.0,0.0,0.0,samples_known_object/13_volleyball/results/final_full_4d_hoi/object_pose.csv,right_foot,foot,right,0.283839524,0.922408998,4.499145985,gvhmr_incam,1.000000,gvhmr_smplx_contact_site_provider,,,,,
13_volleyball,final_full_4d_hoi,160,6.625,-2.009202435,0.477965980,4.561886274,1.0,0.0,0.0,0.0,samples_known_object/13_volleyball/results/final_full_4d_hoi/object_pose.csv,left_hand,hand,left,-0.139950594,0.078553754,4.328163433,gvhmr_incam,1.000000,gvhmr_smplx_contact_site_provider,,,,,
13_volleyball,final_full_4d_hoi,160,6.625,-2.009202435,0.477965980,4.561886274,1.0,0.0,0.0,0.0,samples_known_object/13_volleyball/results/final_full_4d_hoi/object_pose.csv,right_hand,hand,right,0.376572615,0.136407858,4.603668499,gvhmr_incam,1.000000,gvhmr_smplx_contact_site_provider,,,,,
13_volleyball,final_full_4d_hoi,160,6.625,-2.009202435,0.477965980,4.561886274,1.0,0.0,0.0,0.0,samples_known_object/13_volleyball/results/final_full_4d_hoi/object_pose.csv,left_foot,foot,left,-0.138507903,0.910899401,4.328284264,gvhmr_incam,1.000000,gvhmr_smplx_contact_site_provider,,,,,
13_volleyball,final_full_4d_hoi,160,6.625,-2.009202435,0.477965980,4.561886274,1.0,0.0,0.0,0.0,samples_known_object/13_volleyball/results/final_full_4d_hoi/object_pose.csv,right_foot,foot,right,0.283307791,0.922191083,4.491729259,gvhmr_incam,1.000000,gvhmr_smplx_contact_site_provider,,,,,
13_volleyball,final_full_4d_hoi,161,6.666667,-2.020203436,0.671480331,4.555245483,1.0,0.0,0.0,0.0,samples_known_object/13_volleyball/results/final_full_4d_hoi/object_pose.csv,left_hand,hand,left,-0.166477358,0.066424963,4.343653107,gvhmr_incam,1.000000,gvhmr_smplx_contact_site_provider,,,,,
13_volleyball,final_full_4d_hoi,161,6.666667,-2.020203436,0.671480331,4.555245483,1.0,0.0,0.0,0.0,samples_known_object/13_volleyball/results/final_full_4d_hoi/object_pose.csv,right_hand,hand,right,0.342830312,0.137325904,4.618023491,gvhmr_incam,1.000000,gvhmr_smplx_contact_site_provider,,,,,
13_volleyball,final_full_4d_hoi,161,6.666667,-2.020203436,0.671480331,4.555245483,1.0,0.0,0.0,0.0,samples_known_object/13_volleyball/results/final_full_4d_hoi/object_pose.csv,left_foot,foot,left,-0.140901893,0.908897042,4.320365906,gvhmr_incam,1.000000,gvhmr_smplx_contact_site_provider,,,,,
13_volleyball,final_full_4d_hoi,161,6.666667,-2.020203436,0.671480331,4.555245483,1.0,0.0,0.0,0.0,samples_known_object/13_volleyball/results/final_full_4d_hoi/object_pose.csv,right_foot,foot,right,0.281120628,0.921824098,4.483212471,gvhmr_incam,1.000000,gvhmr_smplx_contact_site_provider,,,,,
13_volleyball,final_full_4d_hoi,162,6.708333,-2.020371826,0.877553980,4.549687057,1.0,0.0,0.0,0.0,samples_known_object/13_volleyball/results/final_full_4d_hoi/object_pose.csv,left_hand,hand,left,-0.191960832,0.052922261,4.358485317,gvhmr_incam,1.000000,gvhmr_smplx_contact_site_provider,,,,,
13_volleyball,final_full_4d_hoi,162,6.708333,-2.020371826,0.877553980,4.549687057,1.0,0.0,0.0,0.0,samples_known_object/13_volleyball/results/final_full_4d_hoi/object_pose.csv,right_hand,hand,right,0.301643735,0.135641831,4.630585670,gvhmr_incam,1.000000,gvhmr_smplx_contact_site_provider,,,,,
13_volleyball,final_full_4d_hoi,162,6.708333,-2.020371826,0.877553980,4.549687057,1.0,0.0,0.0,0.0,samples_known_object/13_volleyball/results/final_full_4d_hoi/object_pose.csv,left_foot,foot,left,-0.144686148,0.907375693,4.310815334,gvhmr_incam,1.000000,gvhmr_smplx_contact_site_provider,,,,,
13_volleyball,final_full_4d_hoi,162,6.708333,-2.020371826,0.877553980,4.549687057,1.0,0.0,0.0,0.0,samples_known_object/13_volleyball/results/final_full_4d_hoi/object_pose.csv,right_foot,foot,right,0.277574182,0.921441317,4.473118305,gvhmr_incam,1.000000,gvhmr_smplx_contact_site_provider,,,,,
13_volleyball,final_full_4d_hoi,163,6.75,-2.013689712,0.424115554,4.554364811,1.0,0.0,0.0,0.0,samples_known_object/13_volleyball/results/final_full_4d_hoi/object_pose.csv,left_hand,hand,left,-0.217741638,0.030269629,4.382242393,gvhmr_incam,1.000000,gvhmr_smplx_contact_site_provider,,,,,
13_volleyball,final_full_4d_hoi,163,6.75,-2.013689712,0.424115554,4.554364811,1.0,0.0,0.0,0.0,samples_known_object/13_volleyball/results/final_full_4d_hoi/object_pose.csv,right_hand,hand,right,0.244859487,0.120611340,4.653469944,gvhmr_incam,1.000000,gvhmr_smplx_contact_site_provider,,,,,
13_volleyball,final_full_4d_hoi,163,6.75,-2.013689712,0.424115554,4.554364811,1.0,0.0,0.0,0.0,samples_known_object/13_volleyball/results/final_full_4d_hoi/object_pose.csv,left_foot,foot,left,-0.148439378,0.905090153,4.306541920,gvhmr_incam,1.000000,gvhmr_smplx_contact_site_provider,,,,,
13_volleyball,final_full_4d_hoi,163,6.75,-2.013689712,0.424115554,4.554364811,1.0,0.0,0.0,0.0,samples_known_object/13_volleyball/results/final_full_4d_hoi/object_pose.csv,right_foot,foot,right,0.273874700,0.919113100,4.468201637,gvhmr_incam,1.000000,gvhmr_smplx_contact_site_provider,,,,,
13_volleyball,final_full_4d_hoi,164,6.791667,-1.983236512,0.178286914,4.560550429,1.0,0.0,0.0,0.0,samples_known_object/13_volleyball/results/final_full_4d_hoi/object_pose.csv,left_hand,hand,left,-0.244279462,0.004253566,4.406166267,gvhmr_incam,1.000000,gvhmr_smplx_contact_site_provider,,,,,
13_volleyball,final_full_4d_hoi,164,6.791667,-1.983236512,0.178286914,4.560550429,1.0,0.0,0.0,0.0,samples_known_object/13_volleyball/results/final_full_4d_hoi/object_pose.csv,right_hand,hand,right,0.182296178,0.098295531,4.674067497,gvhmr_incam,1.000000,gvhmr_smplx_contact_site_provider,,,,,
13_volleyball,final_full_4d_hoi,164,6.791667,-1.983236512,0.178286914,4.560550429,1.0,0.0,0.0,0.0,samples_known_object/13_volleyball/results/final_full_4d_hoi/object_pose.csv,left_foot,foot,left,-0.151394084,0.902688205,4.304528236,gvhmr_incam,1.000000,gvhmr_smplx_contact_site_provider,,,,,
13_volleyball,final_full_4d_hoi,164,6.791667,-1.983236512,0.178286914,4.560550429,1.0,0.0,0.0,0.0,samples_known_object/13_volleyball/results/final_full_4d_hoi/object_pose.csv,right_foot,foot,right,0.271126002,0.917439520,4.465435505,gvhmr_incam,1.000000,gvhmr_smplx_contact_site_provider,,,,,
13_volleyball,final_full_4d_hoi,165,6.833333,-1.958842350,0.037933222,4.565722091,1.0,0.0,0.0,0.0,samples_known_object/13_volleyball/results/final_full_4d_hoi/object_pose.csv,left_hand,hand,left,-0.270267320,-0.028721523,4.435232353,gvhmr_incam,1.000000,gvhmr_smplx_contact_site_provider,,,,,
13_volleyball,final_full_4d_hoi,165,6.833333,-1.958842350,0.037933222,4.565722091,1.0,0.0,0.0,0.0,samples_known_object/13_volleyball/results/final_full_4d_hoi/object_pose.csv,right_hand,hand,right,0.110608476,0.062673563,4.695737839,gvhmr_incam,1.000000,gvhmr_smplx_contact_site_provider,,,,,
13_volleyball,final_full_4d_hoi,165,6.833333,-1.958842350,0.037933222,4.565722091,1.0,0.0,0.0,0.0,samples_known_object/13_volleyball/results/final_full_4d_hoi/object_pose.csv,left_foot,foot,left,-0.152946383,0.901969492,4.306116581,gvhmr_incam,1.000000,gvhmr_smplx_contact_site_provider,,,,,
13_volleyball,final_full_4d_hoi,165,6.833333,-1.958842350,0.037933222,4.565722091,1.0,0.0,0.0,0.0,samples_known_object/13_volleyball/results/final_full_4d_hoi/object_pose.csv,right_foot,foot,right,0.269874275,0.916770339,4.465915680,gvhmr_incam,1.000000,gvhmr_smplx_contact_site_provider,,,,,
13_volleyball,final_full_4d_hoi,166,6.875,-1.924387488,-0.100838437,4.569548260,1.0,0.0,0.0,0.0,samples_known_object/13_volleyball/results/final_full_4d_hoi/object_pose.csv,left_hand,hand,left,-0.296212792,-0.063515145,4.455548573,gvhmr_incam,1.000000,gvhmr_smplx_contact_site_provider,,,,,
13_volleyball,final_full_4d_hoi,166,6.875,-1.924387488,-0.100838437,4.569548260,1.0,0.0,0.0,0.0,samples_known_object/13_volleyball/results/final_full_4d_hoi/object_pose.csv,right_hand,hand,right,0.042274680,0.024623722,4.703310108,gvhmr_incam,1.000000,gvhmr_smplx_contact_site_provider,,,,,
13_volleyball,final_full_4d_hoi,166,6.875,-1.924387488,-0.100838437,4.569548260,1.0,0.0,0.0,0.0,samples_known_object/13_volleyball/results/final_full_4d_hoi/object_pose.csv,left_foot,foot,left,-0.156021565,0.902656913,4.301997662,gvhmr_incam,1.000000,gvhmr_smplx_contact_site_provider,,,,,
13_volleyball,final_full_4d_hoi,166,6.875,-1.924387488,-0.100838437,4.569548260,1.0,0.0,0.0,0.0,samples_known_object/13_volleyball/results/final_full_4d_hoi/object_pose.csv,right_foot,foot,right,0.267040998,0.916503429,4.461073875,gvhmr_incam,1.000000,gvhmr_smplx_contact_site_provider,,,,,
13_volleyball,final_full_4d_hoi,167,6.916667,-1.881316698,-0.228214378,4.571800911,1.0,0.0,0.0,0.0,samples_known_object/13_volleyball/results/final_full_4d_hoi/object_pose.csv,left_hand,hand,left,-0.315654719,-0.099484700,4.471333313,gvhmr_incam,1.000000,gvhmr_smplx_contact_site_provider,,,,,
13_volleyball,final_full_4d_hoi,167,6.916667,-1.881316698,-0.228214378,4.571800911,1.0,0.0,0.0,0.0,samples_known_object/13_volleyball/results/final_full_4d_hoi/object_pose.csv,right_hand,hand,right,-0.014420129,-0.013253796,4.705076122,gvhmr_incam,1.000000,gvhmr_smplx_contact_site_provider,,,,,
13_volleyball,final_full_4d_hoi,167,6.916667,-1.881316698,-0.228214378,4.571800911,1.0,0.0,0.0,0.0,samples_known_object/13_volleyball/results/final_full_4d_hoi/object_pose.csv,left_foot,foot,left,-0.155800566,0.903844178,4.296051979,gvhmr_incam,1.000000,gvhmr_smplx_contact_site_provider,,,,,
13_volleyball,final_full_4d_hoi,167,6.916667,-1.881316698,-0.228214378,4.571800911,1.0,0.0,0.0,0.0,samples_known_object/13_volleyball/results/final_full_4d_hoi/object_pose.csv,right_foot,foot,right,0.267422616,0.915971100,4.454435825,gvhmr_incam,1.000000,gvhmr_smplx_contact_site_provider,,,,,
13_volleyball,final_full_4d_hoi,168,6.958333,-1.812963557,-0.343751676,4.573123169,1.0,0.0,0.0,0.0,samples_known_object/13_volleyball/results/final_full_4d_hoi/object_pose.csv,left_hand,hand,left,-0.336310959,-0.134413099,4.477521896,gvhmr_incam,1.000000,gvhmr_smplx_contact_site_provider,,,,,
13_volleyball,final_full_4d_hoi,168,6.958333,-1.812963557,-0.343751676,4.573123169,1.0,0.0,0.0,0.0,samples_known_object/13_volleyball/results/final_full_4d_hoi/object_pose.csv,right_hand,hand,right,-0.063274711,-0.031287509,4.690976429,gvhmr_incam,1.000000,gvhmr_smplx_contact_site_provider,,,,,
13_volleyball,final_full_4d_hoi,168,6.958333,-1.812963557,-0.343751676,4.573123169,1.0,0.0,0.0,0.0,samples_known_object/13_volleyball/results/final_full_4d_hoi/object_pose.csv,left_foot,foot,left,-0.155944720,0.904595971,4.284327507,gvhmr_incam,1.000000,gvhmr_smplx_contact_site_provider,,,,,
13_volleyball,final_full_4d_hoi,168,6.958333,-1.812963557,-0.343751676,4.573123169,1.0,0.0,0.0,0.0,samples_known_object/13_volleyball/results/final_full_4d_hoi/object_pose.csv,right_foot,foot,right,0.266926080,0.915596068,4.442932129,gvhmr_incam,1.000000,gvhmr_smplx_contact_site_provider,,,,,
13_volleyball,final_full_4d_hoi,169,7.0,-1.734709364,-0.455568018,4.573503398,1.0,0.0,0.0,0.0,samples_known_object/13_volleyball/results/final_full_4d_hoi/object_pose.csv,left_hand,hand,left,-0.352493048,-0.179312921,4.490521336,gvhmr_incam,1.000000,gvhmr_smplx_contact_site_provider,,,,,
13_volleyball,final_full_4d_hoi,169,7.0,-1.734709364,-0.455568018,4.573503398,1.0,0.0,0.0,0.0,samples_known_object/13_volleyball/results/final_full_4d_hoi/object_pose.csv,right_hand,hand,right,-0.113673308,-0.074065757,4.693259716,gvhmr_incam,1.000000,gvhmr_smplx_contact_site_provider,,,,,
13_volleyball,final_full_4d_hoi,169,7.0,-1.734709364,-0.455568018,4.573503398,1.0,0.0,0.0,0.0,samples_known_object/13_volleyball/results/final_full_4d_hoi/object_pose.csv,left_foot,foot,left,-0.155977666,0.904777408,4.281642914,gvhmr_incam,1.000000,gvhmr_smplx_contact_site_provider,,,,,
13_volleyball,final_full_4d_hoi,169,7.0,-1.734709364,-0.455568018,4.573503398,1.0,0.0,0.0,0.0,samples_known_object/13_volleyball/results/final_full_4d_hoi/object_pose.csv,right_foot,foot,right,0.267248750,0.913626671,4.436239243,gvhmr_incam,1.000000,gvhmr_smplx_contact_site_provider,,,,,
13_volleyball,final_full_4d_hoi,170,7.041667,-1.655116306,-0.555690763,4.573252571,1.0,0.0,0.0,0.0,samples_known_object/13_volleyball/results/final_full_4d_hoi/object_pose.csv,left_hand,hand,left,-0.371226805,-0.224115372,4.497451782,gvhmr_incam,1.000000,gvhmr_smplx_contact_site_provider,,,,,
13_volleyball,final_full_4d_hoi,170,7.041667,-1.655116306,-0.555690763,4.573252571,1.0,0.0,0.0,0.0,samples_known_object/13_volleyball/results/final_full_4d_hoi/object_pose.csv,right_hand,hand,right,-0.158939296,-0.119619286,4.695435047,gvhmr_incam,1.000000,gvhmr_smplx_contact_site_provider,,,,,
13_volleyball,final_full_4d_hoi,170,7.041667,-1.655116306,-0.555690763,4.573252571,1.0,0.0,0.0,0.0,samples_known_object/13_volleyball/results/final_full_4d_hoi/object_pose.csv,left_foot,foot,left,-0.157073811,0.906385481,4.278434753,gvhmr_incam,1.000000,gvhmr_smplx_contact_site_provider,,,,,
13_volleyball,final_full_4d_hoi,170,7.041667,-1.655116306,-0.555690763,4.573252571,1.0,0.0,0.0,0.0,samples_known_object/13_volleyball/results/final_full_4d_hoi/object_pose.csv,right_foot,foot,right,0.266152531,0.911779225,4.428625107,gvhmr_incam,1.000000,gvhmr_smplx_contact_site_provider,,,,,
13_volleyball,final_full_4d_hoi,171,7.083333,-1.572303407,-0.640947240,4.572761823,1.0,0.0,0.0,0.0,samples_known_object/13_volleyball/results/final_full_4d_hoi/object_pose.csv,left_hand,hand,left,-0.384427214,-0.269451940,4.502917194,gvhmr_incam,1.000000,gvhmr_smplx_contact_site_provider,,,,,
13_volleyball,final_full_4d_hoi,171,7.083333,-1.572303407,-0.640947240,4.572761823,1.0,0.0,0.0,0.0,samples_known_object/13_volleyball/results/final_full_4d_hoi/object_pose.csv,right_hand,hand,right,-0.193012589,-0.166876870,4.698319817,gvhmr_incam,1.000000,gvhmr_smplx_contact_site_provider,,,,,
13_volleyball,final_full_4d_hoi,171,7.083333,-1.572303407,-0.640947240,4.572761823,1.0,0.0,0.0,0.0,samples_known_object/13_volleyball/results/final_full_4d_hoi/object_pose.csv,left_foot,foot,left,-0.155349135,0.907716632,4.275310516,gvhmr_incam,1.000000,gvhmr_smplx_contact_site_provider,,,,,
13_volleyball,final_full_4d_hoi,171,7.083333,-1.572303407,-0.640947240,4.572761823,1.0,0.0,0.0,0.0,samples_known_object/13_volleyball/results/final_full_4d_hoi/object_pose.csv,right_foot,foot,right,0.267513454,0.910969675,4.424517155,gvhmr_incam,1.000000,gvhmr_smplx_contact_site_provider,,,,,
13_volleyball,final_full_4d_hoi,172,7.125,-1.490710673,-0.716536730,4.571959985,1.0,0.0,0.0,0.0,samples_known_object/13_volleyball/results/final_full_4d_hoi/object_pose.csv,left_hand,hand,left,-0.398856533,-0.321368051,4.504299545,gvhmr_incam,1.000000,gvhmr_smplx_contact_site_provider,,,,,
13_volleyball,final_full_4d_hoi,172,7.125,-1.490710673,-0.716536730,4.571959985,1.0,0.0,0.0,0.0,samples_known_object/13_volleyball/results/final_full_4d_hoi/object_pose.csv,right_hand,hand,right,-0.228997299,-0.224733353,4.698661613,gvhmr_incam,1.000000,gvhmr_smplx_contact_site_provider,,,,,
13_volleyball,final_full_4d_hoi,172,7.125,-1.490710673,-0.716536730,4.571959985,1.0,0.0,0.0,0.0,samples_known_object/13_volleyball/results/final_full_4d_hoi/object_pose.csv,left_foot,foot,left,-0.158714473,0.908309758,4.269906998,gvhmr_incam,1.000000,gvhmr_smplx_contact_site_provider,,,,,
13_volleyball,final_full_4d_hoi,172,7.125,-1.490710673,-0.716536730,4.571959985,1.0,0.0,0.0,0.0,samples_known_object/13_volleyball/results/final_full_4d_hoi/object_pose.csv,right_foot,foot,right,0.264944583,0.910555124,4.414807796,gvhmr_incam,1.000000,gvhmr_smplx_contact_site_provider,,,,,
13_volleyball,final_full_4d_hoi,173,7.166667,-1.408664195,-0.776278353,4.570880179,1.0,0.0,0.0,0.0,samples_known_object/13_volleyball/results/final_full_4d_hoi/object_pose.csv,left_hand,hand,left,-0.405833709,-0.373582268,4.509392452,gvhmr_incam,1.000000,gvhmr_smplx_contact_site_provider,,,,,
13_volleyball,final_full_4d_hoi,173,7.166667,-1.408664195,-0.776278353,4.570880179,1.0,0.0,0.0,0.0,samples_known_object/13_volleyball/results/final_full_4d_hoi/object_pose.csv,right_hand,hand,right,-0.252122909,-0.289624667,4.705591011,gvhmr_incam,1.000000,gvhmr_smplx_contact_site_provider,,,,,
13_volleyball,final_full_4d_hoi,173,7.166667,-1.408664195,-0.776278353,4.570880179,1.0,0.0,0.0,0.0,samples_known_object/13_volleyball/results/final_full_4d_hoi/object_pose.csv,left_foot,foot,left,-0.157232195,0.910217583,4.271961689,gvhmr_incam,1.000000,gvhmr_smplx_contact_site_provider,,,,,
13_volleyball,final_full_4d_hoi,173,7.166667,-1.408664195,-0.776278353,4.570880179,1.0,0.0,0.0,0.0,samples_known_object/13_volleyball/results/final_full_4d_hoi/object_pose.csv,right_foot,foot,right,0.266821861,0.907519162,4.414050579,gvhmr_incam,1.000000,gvhmr_smplx_contact_site_provider,,,,,
13_volleyball,final_full_4d_hoi,174,7.208333,-1.324617261,-0.826218651,4.569386455,1.0,0.0,0.0,0.0,samples_known_object/13_volleyball/results/final_full_4d_hoi/object_pose.csv,left_hand,hand,left,-0.410844898,-0.425684023,4.506653976,gvhmr_incam,1.000000,gvhmr_smplx_contact_site_provider,,,,,
13_volleyball,final_full_4d_hoi,174,7.208333,-1.324617261,-0.826218651,4.569386455,1.0,0.0,0.0,0.0,samples_known_object/13_volleyball/results/final_full_4d_hoi/object_pose.csv,right_hand,hand,right,-0.264652163,-0.351362598,4.703915596,gvhmr_incam,1.000000,gvhmr_smplx_contact_site_provider,,,,,
13_volleyball,final_full_4d_hoi,174,7.208333,-1.324617261,-0.826218651,4.569386455,1.0,0.0,0.0,0.0,samples_known_object/13_volleyball/results/final_full_4d_hoi/object_pose.csv,left_foot,foot,left,-0.156875432,0.911073983,4.269185066,gvhmr_incam,1.000000,gvhmr_smplx_contact_site_provider,,,,,
13_volleyball,final_full_4d_hoi,174,7.208333,-1.324617261,-0.826218651,4.569386455,1.0,0.0,0.0,0.0,samples_known_object/13_volleyball/results/final_full_4d_hoi/object_pose.csv,right_foot,foot,right,0.264341325,0.901899874,4.416699409,gvhmr_incam,1.000000,gvhmr_smplx_contact_site_provider,,,,,
13_volleyball,final_full_4d_hoi,175,7.25,-1.238812410,-0.867118919,4.567483368,1.0,0.0,0.0,0.0,samples_known_object/13_volleyball/results/final_full_4d_hoi/object_pose.csv,left_hand,hand,left,-0.410034180,-0.472690809,4.502471352,gvhmr_incam,1.000000,gvhmr_smplx_contact_site_provider,,,,,
13_volleyball,final_full_4d_hoi,175,7.25,-1.238812410,-0.867118919,4.567483368,1.0,0.0,0.0,0.0,samples_known_object/13_volleyball/results/final_full_4d_hoi/object_pose.csv,right_hand,hand,right,-0.272622395,-0.409516275,4.699359798,gvhmr_incam,1.000000,gvhmr_smplx_contact_site_provider,,,,,
13_volleyball,final_full_4d_hoi,175,7.25,-1.238812410,-0.867118919,4.567483368,1.0,0.0,0.0,0.0,samples_known_object/13_volleyball/results/final_full_4d_hoi/object_pose.csv,left_foot,foot,left,-0.155938908,0.912098885,4.269112110,gvhmr_incam,1.000000,gvhmr_smplx_contact_site_provider,,,,,
13_volleyball,final_full_4d_hoi,175,7.25,-1.238812410,-0.867118919,4.567483368,1.0,0.0,0.0,0.0,samples_known_object/13_volleyball/results/final_full_4d_hoi/object_pose.csv,right_foot,foot,right,0.261905551,0.898021102,4.425296307,gvhmr_incam,1.000000,gvhmr_smplx_contact_site_provider,,,,,
13_volleyball,final_full_4d_hoi,176,7.291667,-1.152599857,-0.892685860,4.565458658,1.0,0.0,0.0,0.0,samples_known_object/13_volleyball/results/final_full_4d_hoi/object_pose.csv,left_hand,hand,left,-0.408051282,-0.519547480,4.490676785,gvhmr_incam,1.000000,gvhmr_smplx_contact_site_provider,,,,,
13_volleyball,final_full_4d_hoi,176,7.291667,-1.152599857,-0.892685860,4.565458658,1.0,0.0,0.0,0.0,samples_known_object/13_volleyball/results/final_full_4d_hoi/object_pose.csv,right_hand,hand,right,-0.274524269,-0.464531976,4.692435360,gvhmr_incam,1.000000,gvhmr_smplx_contact_site_provider,,,,,
13_volleyball,final_full_4d_hoi,176,7.291667,-1.152599857,-0.892685860,4.565458658,1.0,0.0,0.0,0.0,samples_known_object/13_volleyball/results/final_full_4d_hoi/object_pose.csv,left_foot,foot,left,-0.156852260,0.914187789,4.268645763,gvhmr_incam,1.000000,gvhmr_smplx_contact_site_provider,,,,,
13_volleyball,final_full_4d_hoi,176,7.291667,-1.152599857,-0.892685860,4.565458658,1.0,0.0,0.0,0.0,samples_known_object/13_volleyball/results/final_full_4d_hoi/object_pose.csv,right_foot,foot,right,0.257746994,0.896875381,4.433542728,gvhmr_incam,1.000000,gvhmr_smplx_contact_site_provider,,,,,
13_volleyball,final_full_4d_hoi,177,7.333333,-1.067753845,-0.910131984,4.563629732,1.0,0.0,0.0,0.0,samples_known_object/13_volleyball/results/final_full_4d_hoi/object_pose.csv,left_hand,hand,left,-0.407050073,-0.560016102,4.485846043,gvhmr_incam,1.000000,gvhmr_smplx_contact_site_provider,,,,,
13_volleyball,final_full_4d_hoi,177,7.333333,-1.067753845,-0.910131984,4.563629732,1.0,0.0,0.0,0.0,samples_known_object/13_volleyball/results/final_full_4d_hoi/object_pose.csv,right_hand,hand,right,-0.274754295,-0.510959446,4.690187836,gvhmr_incam,1.000000,gvhmr_smplx_contact_site_provider,,,,,
13_volleyball,final_full_4d_hoi,177,7.333333,-1.067753845,-0.910131984,4.563629732,1.0,0.0,0.0,0.0,samples_known_object/13_volleyball/results/final_full_4d_hoi/object_pose.csv,left_foot,foot,left,-0.159143060,0.915998816,4.274768829,gvhmr_incam,1.000000,gvhmr_smplx_contact_site_provider,,,,,
13_volleyball,final_full_4d_hoi,177,7.333333,-1.067753845,-0.910131984,4.563629732,1.0,0.0,0.0,0.0,samples_known_object/13_volleyball/results/final_full_4d_hoi/object_pose.csv,right_foot,foot,right,0.249170914,0.897737145,4.450073719,gvhmr_incam,1.000000,gvhmr_smplx_contact_site_provider,,,,,
13_volleyball,final_full_4d_hoi,178,7.375,-0.977889747,-0.917381596,4.562900295,1.0,0.0,0.0,0.0,samples_known_object/13_volleyball/results/final_full_4d_hoi/object_pose.csv,left_hand,hand,left,-0.404840565,-0.595639324,4.479291725,gvhmr_incam,1.000000,gvhmr_smplx_contact_site_provider,,,,,
13_volleyball,final_full_4d_hoi,178,7.375,-0.977889747,-0.917381596,4.562900295,1.0,0.0,0.0,0.0,samples_known_object/13_volleyball/results/final_full_4d_hoi/object_pose.csv,right_hand,hand,right,-0.274784365,-0.551341802,4.682793808,gvhmr_incam,1.000000,gvhmr_smplx_contact_site_provider,,,,,
13_volleyball,final_full_4d_hoi,178,7.375,-0.977889747,-0.917381596,4.562900295,1.0,0.0,0.0,0.0,samples_known_object/13_volleyball/results/final_full_4d_hoi/object_pose.csv,left_foot,foot,left,-0.161993578,0.917967558,4.274629116,gvhmr_incam,1.000000,gvhmr_smplx_contact_site_provider,,,,,
13_volleyball,final_full_4d_hoi,178,7.375,-0.977889747,-0.917381596,4.562900295,1.0,0.0,0.0,0.0,samples_known_object/13_volleyball/results/final_full_4d_hoi/object_pose.csv,right_foot,foot,right,0.237333968,0.900927305,4.464247227,gvhmr_incam,1.000000,gvhmr_smplx_contact_site_provider,,,,,
13_volleyball,final_full_4d_hoi,179,7.416667,-0.887288873,-0.912194909,4.564284116,1.0,0.0,0.0,0.0,samples_known_object/13_volleyball/results/final_full_4d_hoi/object_pose.csv,left_hand,hand,left,-0.399080932,-0.627645016,4.474118042,gvhmr_incam,1.000000,gvhmr_smplx_contact_site_provider,,,,,
13_volleyball,final_full_4d_hoi,179,7.416667,-0.887288873,-0.912194909,4.564284116,1.0,0.0,0.0,0.0,samples_known_object/13_volleyball/results/final_full_4d_hoi/object_pose.csv,right_hand,hand,right,-0.272049686,-0.588906741,4.680178928,gvhmr_incam,1.000000,gvhmr_smplx_contact_site_provider,,,,,
13_volleyball,final_full_4d_hoi,179,7.416667,-0.887288873,-0.912194909,4.564284116,1.0,0.0,0.0,0.0,samples_known_object/13_volleyball/results/final_full_4d_hoi/object_pose.csv,left_foot,foot,left,-0.164677590,0.919101655,4.277418137,gvhmr_incam,1.000000,gvhmr_smplx_contact_site_provider,,,,,
13_volleyball,final_full_4d_hoi,179,7.416667,-0.887288873,-0.912194909,4.564284116,1.0,0.0,0.0,0.0,samples_known_object/13_volleyball/results/final_full_4d_hoi/object_pose.csv,right_foot,foot,right,0.226032093,0.904712915,4.477155685,gvhmr_incam,1.000000,gvhmr_smplx_contact_site_provider,,,,,
13_volleyball,final_full_4d_hoi,180,7.458333,-0.797266699,-0.896121173,4.568915855,1.0,0.0,0.0,0.0,samples_known_object/13_volleyball/results/final_full_4d_hoi/object_pose.csv,left_hand,hand,left,-0.392536139,-0.651558673,4.473181725,gvhmr_incam,1.000000,gvhmr_smplx_contact_site_provider,,,,,
13_volleyball,final_full_4d_hoi,180,7.458333,-0.797266699,-0.896121173,4.568915855,1.0,0.0,0.0,0.0,samples_known_object/13_volleyball/results/final_full_4d_hoi/object_pose.csv,right_hand,hand,right,-0.266109866,-0.617288280,4.684335709,gvhmr_incam,1.000000,gvhmr_smplx_contact_site_provider,,,,,
13_volleyball,final_full_4d_hoi,180,7.458333,-0.797266699,-0.896121173,4.568915855,1.0,0.0,0.0,0.0,samples_known_object/13_volleyball/results/final_full_4d_hoi/object_pose.csv,left_foot,foot,left,-0.164380312,0.919583261,4.284018517,gvhmr_incam,1.000000,gvhmr_smplx_contact_site_provider,,,,,
13_volleyball,final_full_4d_hoi,180,7.458333,-0.797266699,-0.896121173,4.568915855,1.0,0.0,0.0,0.0,samples_known_object/13_volleyball/results/final_full_4d_hoi/object_pose.csv,right_foot,foot,right,0.220876113,0.909485042,4.492776871,gvhmr_incam,1.000000,gvhmr_smplx_contact_site_provider,,,,,
13_volleyball,final_full_4d_hoi,181,7.5,-0.705869080,-0.869713363,4.577528647,1.0,0.0,0.0,0.0,samples_known_object/13_volleyball/results/final_full_4d_hoi/object_pose.csv,left_hand,hand,left,-0.392312491,-0.664561570,4.473975754,gvhmr_incam,1.000000,gvhmr_smplx_contact_site_provider,,,,,
13_volleyball,final_full_4d_hoi,181,7.5,-0.705869080,-0.869713363,4.577528647,1.0,0.0,0.0,0.0,samples_known_object/13_volleyball/results/final_full_4d_hoi/object_pose.csv,right_hand,hand,right,-0.272868609,-0.636523139,4.683585930,gvhmr_incam,1.000000,gvhmr_smplx_contact_site_provider,,,,,
13_volleyball,final_full_4d_hoi,181,7.5,-0.705869080,-0.869713363,4.577528647,1.0,0.0,0.0,0.0,samples_known_object/13_volleyball/results/final_full_4d_hoi/object_pose.csv,left_foot,foot,left,-0.164551884,0.918812454,4.284947395,gvhmr_incam,1.000000,gvhmr_smplx_contact_site_provider,,,,,
13_volleyball,final_full_4d_hoi,181,7.5,-0.705869080,-0.869713363,4.577528647,1.0,0.0,0.0,0.0,samples_known_object/13_volleyball/results/final_full_4d_hoi/object_pose.csv,right_foot,foot,right,0.217383370,0.911720634,4.497594833,gvhmr_incam,1.000000,gvhmr_smplx_contact_site_provider,,,,,
13_volleyball,final_full_4d_hoi,182,7.541667,-0.611228649,-0.832231986,4.589644456,1.0,0.0,0.0,0.0,samples_known_object/13_volleyball/results/final_full_4d_hoi/object_pose.csv,left_hand,hand,left,-0.391492200,-0.664706016,4.479916191,gvhmr_incam,1.000000,gvhmr_smplx_contact_site_provider,,,,,
13_volleyball,final_full_4d_hoi,182,7.541667,-0.611228649,-0.832231986,4.589644456,1.0,0.0,0.0,0.0,samples_known_object/13_volleyball/results/final_full_4d_hoi/object_pose.csv,right_hand,hand,right,-0.275646645,-0.644680977,4.686096859,gvhmr_incam,1.000000,gvhmr_smplx_contact_site_provider,,,,,
13_volleyball,final_full_4d_hoi,182,7.541667,-0.611228649,-0.832231986,4.589644456,1.0,0.0,0.0,0.0,samples_known_object/13_volleyball/results/final_full_4d_hoi/object_pose.csv,left_foot,foot,left,-0.163483948,0.918860197,4.284785271,gvhmr_incam,1.000000,gvhmr_smplx_contact_site_provider,,,,,
13_volleyball,final_full_4d_hoi,182,7.541667,-0.611228649,-0.832231986,4.589644456,1.0,0.0,0.0,0.0,samples_known_object/13_volleyball/results/final_full_4d_hoi/object_pose.csv,right_foot,foot,right,0.216668248,0.912919641,4.499633312,gvhmr_incam,1.000000,gvhmr_smplx_contact_site_provider,,,,,
13_volleyball,final_full_4d_hoi,183,7.583333,-0.512391408,-0.794290719,4.602673286,1.0,0.0,0.0,0.0,samples_known_object/13_volleyball/results/final_full_4d_hoi/object_pose.csv,left_hand,hand,left,-0.386868179,-0.655411768,4.484863377,gvhmr_incam,1.000000,gvhmr_smplx_contact_site_provider,,,,,
13_volleyball,final_full_4d_hoi,183,7.583333,-0.512391408,-0.794290719,4.602673286,1.0,0.0,0.0,0.0,samples_known_object/13_volleyball/results/final_full_4d_hoi/object_pose.csv,right_hand,hand,right,-0.277795976,-0.643690801,4.683160973,gvhmr_incam,1.000000,gvhmr_smplx_contact_site_provider,,,,,
13_volleyball,final_full_4d_hoi,183,7.583333,-0.512391408,-0.794290719,4.602673286,1.0,0.0,0.0,0.0,samples_known_object/13_volleyball/results/final_full_4d_hoi/object_pose.csv,left_foot,foot,left,-0.159874707,0.919222474,4.283528328,gvhmr_incam,1.000000,gvhmr_smplx_contact_site_provider,,,,,
13_volleyball,final_full_4d_hoi,183,7.583333,-0.512391408,-0.794290719,4.602673286,1.0,0.0,0.0,0.0,samples_known_object/13_volleyball/results/final_full_4d_hoi/object_pose.csv,right_foot,foot,right,0.218895614,0.912175894,4.499880791,gvhmr_incam,1.000000,gvhmr_smplx_contact_site_provider,,,,,
13_volleyball,final_full_4d_hoi,184,7.625,-0.410298098,-0.743076982,4.612148439,1.0,0.0,0.0,0.0,samples_known_object/13_volleyball/results/final_full_4d_hoi/object_pose.csv,left_hand,hand,left,-0.377320588,-0.641456246,4.484349918,gvhmr_incam,1.000000,gvhmr_smplx_contact_site_provider,,,,,
13_volleyball,final_full_4d_hoi,184,7.625,-0.410298098,-0.743076982,4.612148439,1.0,0.0,0.0,0.0,samples_known_object/13_volleyball/results/final_full_4d_hoi/object_pose.csv,right_hand,hand,right,-0.279063866,-0.638361692,4.669787025,gvhmr_incam,1.000000,gvhmr_smplx_contact_site_provider,,,,,
13_volleyball,final_full_4d_hoi,184,7.625,-0.410298098,-0.743076982,4.612148439,1.0,0.0,0.0,0.0,samples_known_object/13_volleyball/results/final_full_4d_hoi/object_pose.csv,left_foot,foot,left,-0.158490583,0.917341590,4.277099133,gvhmr_incam,1.000000,gvhmr_smplx_contact_site_provider,,,,,
13_volleyball,final_full_4d_hoi,184,7.625,-0.410298098,-0.743076982,4.612148439,1.0,0.0,0.0,0.0,samples_known_object/13_volleyball/results/final_full_4d_hoi/object_pose.csv,right_foot,foot,right,0.219056502,0.909861326,4.494885921,gvhmr_incam,1.000000,gvhmr_smplx_contact_site_provider,,,,,
13_volleyball,final_full_4d_hoi,185,7.666667,-0.303137096,-0.700522984,4.610989284,1.0,0.0,0.0,0.0,samples_known_object/13_volleyball/results/final_full_4d_hoi/object_pose.csv,left_hand,hand,left,-0.362464380,-0.620042205,4.482971382,gvhmr_incam,1.000000,gvhmr_smplx_contact_site_provider,,,,,
13_volleyball,final_full_4d_hoi,185,7.666667,-0.303137096,-0.700522984,4.610989284,1.0,0.0,0.0,0.0,samples_known_object/13_volleyball/results/final_full_4d_hoi/object_pose.csv,right_hand,hand,right,-0.275670779,-0.621560466,4.652717018,gvhmr_incam,1.000000,gvhmr_smplx_contact_site_provider,,,,,
13_volleyball,final_full_4d_hoi,185,7.666667,-0.303137096,-0.700522984,4.610989284,1.0,0.0,0.0,0.0,samples_known_object/13_volleyball/results/final_full_4d_hoi/object_pose.csv,left_foot,foot,left,-0.156814709,0.914321005,4.272543430,gvhmr_incam,1.000000,gvhmr_smplx_contact_site_provider,,,,,
13_volleyball,final_full_4d_hoi,185,7.666667,-0.303137096,-0.700522984,4.610989284,1.0,0.0,0.0,0.0,samples_known_object/13_volleyball/results/final_full_4d_hoi/object_pose.csv,right_foot,foot,right,0.220272556,0.907581389,4.490595818,gvhmr_incam,1.000000,gvhmr_smplx_contact_site_provider,,,,,
13_volleyball,final_full_4d_hoi,186,7.708333,-0.290601454,-0.680036645,4.590075663,1.0,0.0,0.0,0.0,samples_known_object/13_volleyball/results/final_full_4d_hoi/object_pose.csv,left_hand,hand,left,-0.343148756,-0.589219570,4.476816463,gvhmr_incam,1.000000,gvhmr_smplx_contact_site_provider,,,,,
13_volleyball,final_full_4d_hoi,186,7.708333,-0.290601454,-0.680036645,4.590075663,1.0,0.0,0.0,0.0,samples_known_object/13_volleyball/results/final_full_4d_hoi/object_pose.csv,right_hand,hand,right,-0.263064024,-0.595677912,4.637577343,gvhmr_incam,1.000000,gvhmr_smplx_contact_site_provider,,,,,
13_volleyball,final_full_4d_hoi,186,7.708333,-0.290601454,-0.680036645,4.590075663,1.0,0.0,0.0,0.0,samples_known_object/13_volleyball/results/final_full_4d_hoi/object_pose.csv,left_foot,foot,left,-0.153864577,0.913132012,4.269474506,gvhmr_incam,1.000000,gvhmr_smplx_contact_site_provider,,,,,
13_volleyball,final_full_4d_hoi,186,7.708333,-0.290601454,-0.680036645,4.590075663,1.0,0.0,0.0,0.0,samples_known_object/13_volleyball/results/final_full_4d_hoi/object_pose.csv,right_foot,foot,right,0.222758353,0.906149805,4.487729549,gvhmr_incam,1.000000,gvhmr_smplx_contact_site_provider,,,,,
13_volleyball,final_full_4d_hoi,187,7.75,-0.282009471,-0.645464693,4.574165223,1.0,0.0,0.0,0.0,samples_known_object/13_volleyball/results/final_full_4d_hoi/object_pose.csv,left_hand,hand,left,-0.327951694,-0.547489697,4.474208069,gvhmr_incam,1.000000,gvhmr_smplx_contact_site_provider,,,,,
13_volleyball,final_full_4d_hoi,187,7.75,-0.282009471,-0.645464693,4.574165223,1.0,0.0,0.0,0.0,samples_known_object/13_volleyball/results/final_full_4d_hoi/object_pose.csv,right_hand,hand,right,-0.251598537,-0.557940823,4.630410099,gvhmr_incam,1.000000,gvhmr_smplx_contact_site_provider,,,,,
13_volleyball,final_full_4d_hoi,187,7.75,-0.282009471,-0.645464693,4.574165223,1.0,0.0,0.0,0.0,samples_known_object/13_volleyball/results/final_full_4d_hoi/object_pose.csv,left_foot,foot,left,-0.147408202,0.911763906,4.267833710,gvhmr_incam,1.000000,gvhmr_smplx_contact_site_provider,,,,,
13_volleyball,final_full_4d_hoi,187,7.75,-0.282009471,-0.645464693,4.574165223,1.0,0.0,0.0,0.0,samples_known_object/13_volleyball/results/final_full_4d_hoi/object_pose.csv,right_foot,foot,right,0.228837103,0.904483080,4.485985279,gvhmr_incam,1.000000,gvhmr_smplx_contact_site_provider,,,,,
13_volleyball,final_full_4d_hoi,188,7.791667,-0.296012706,-0.600902193,4.562308124,1.0,0.0,0.0,0.0,samples_known_object/13_volleyball/results/final_full_4d_hoi/object_pose.csv,left_hand,hand,left,-0.315636903,-0.499167371,4.475987530,gvhmr_incam,1.000000,gvhmr_smplx_contact_site_provider,,,,,
13_volleyball,final_full_4d_hoi,188,7.791667,-0.296012706,-0.600902193,4.562308124,1.0,0.0,0.0,0.0,samples_known_object/13_volleyball/results/final_full_4d_hoi/object_pose.csv,right_hand,hand,right,-0.242161292,-0.515656841,4.626557922,gvhmr_incam,1.000000,gvhmr_smplx_contact_site_provider,,,,,
13_volleyball,final_full_4d_hoi,188,7.791667,-0.296012706,-0.600902193,4.562308124,1.0,0.0,0.0,0.0,samples_known_object/13_volleyball/results/final_full_4d_hoi/object_pose.csv,left_foot,foot,left,-0.142015934,0.909624398,4.270147324,gvhmr_incam,1.000000,gvhmr_smplx_contact_site_provider,,,,,
13_volleyball,final_full_4d_hoi,188,7.791667,-0.296012706,-0.600902193,4.562308124,1.0,0.0,0.0,0.0,samples_known_object/13_volleyball/results/final_full_4d_hoi/object_pose.csv,right_foot,foot,right,0.234064117,0.902570367,4.487512112,gvhmr_incam,1.000000,gvhmr_smplx_contact_site_provider,,,,,
13_volleyball,final_full_4d_hoi,189,7.833333,-0.293486246,-0.545957129,4.554335559,1.0,0.0,0.0,0.0,samples_known_object/13_volleyball/results/final_full_4d_hoi/object_pose.csv,left_hand,hand,left,-0.309207058,-0.437875372,4.481411934,gvhmr_incam,1.000000,gvhmr_smplx_contact_site_provider,,,,,
13_volleyball,final_full_4d_hoi,189,7.833333,-0.293486246,-0.545957129,4.554335559,1.0,0.0,0.0,0.0,samples_known_object/13_volleyball/results/final_full_4d_hoi/object_pose.csv,right_hand,hand,right,-0.241481900,-0.457541841,4.625257778,gvhmr_incam,1.000000,gvhmr_smplx_contact_site_provider,,,,,
13_volleyball,final_full_4d_hoi,189,7.833333,-0.293486246,-0.545957129,4.554335559,1.0,0.0,0.0,0.0,samples_known_object/13_volleyball/results/final_full_4d_hoi/object_pose.csv,left_foot,foot,left,-0.140250668,0.907274485,4.273891449,gvhmr_incam,1.000000,gvhmr_smplx_contact_site_provider,,,,,
13_volleyball,final_full_4d_hoi,189,7.833333,-0.293486246,-0.545957129,4.554335559,1.0,0.0,0.0,0.0,samples_known_object/13_volleyball/results/final_full_4d_hoi/object_pose.csv,right_foot,foot,right,0.235341758,0.901518345,4.489436626,gvhmr_incam,1.000000,gvhmr_smplx_contact_site_provider,,,,,
13_volleyball,final_full_4d_hoi,190,7.875,-0.298360132,-0.485255018,4.549518080,1.0,0.0,0.0,0.0,samples_known_object/13_volleyball/results/final_full_4d_hoi/object_pose.csv,left_hand,hand,left,-0.301493990,-0.371925712,4.476669216,gvhmr_incam,1.000000,gvhmr_smplx_contact_site_provider,,,,,
13_volleyball,final_full_4d_hoi,190,7.875,-0.298360132,-0.485255018,4.549518080,1.0,0.0,0.0,0.0,samples_known_object/13_volleyball/results/final_full_4d_hoi/object_pose.csv,right_hand,hand,right,-0.242462301,-0.394233501,4.618518829,gvhmr_incam,1.000000,gvhmr_smplx_contact_site_provider,,,,,
13_volleyball,final_full_4d_hoi,190,7.875,-0.298360132,-0.485255018,4.549518080,1.0,0.0,0.0,0.0,samples_known_object/13_volleyball/results/final_full_4d_hoi/object_pose.csv,left_foot,foot,left,-0.138147473,0.900793552,4.275429726,gvhmr_incam,1.000000,gvhmr_smplx_contact_site_provider,,,,,
13_volleyball,final_full_4d_hoi,190,7.875,-0.298360132,-0.485255018,4.549518080,1.0,0.0,0.0,0.0,samples_known_object/13_volleyball/results/final_full_4d_hoi/object_pose.csv,right_foot,foot,right,0.236276612,0.899712861,4.488274097,gvhmr_incam,1.000000,gvhmr_smplx_contact_site_provider,,,,,
13_volleyball,final_full_4d_hoi,191,7.916667,-0.305939468,-0.417656092,4.547182959,1.0,0.0,0.0,0.0,samples_known_object/13_volleyball/results/final_full_4d_hoi/object_pose.csv,left_hand,hand,left,-0.288373658,-0.301280212,4.476597881,gvhmr_incam,1.000000,gvhmr_smplx_contact_site_provider,,,,,
13_volleyball,final_full_4d_hoi,191,7.916667,-0.305939468,-0.417656092,4.547182959,1.0,0.0,0.0,0.0,samples_known_object/13_volleyball/results/final_full_4d_hoi/object_pose.csv,right_hand,hand,right,-0.239165658,-0.321140265,4.613715363,gvhmr_incam,1.000000,gvhmr_smplx_contact_site_provider,,,,,
13_volleyball,final_full_4d_hoi,191,7.916667,-0.305939468,-0.417656092,4.547182959,1.0,0.0,0.0,0.0,samples_known_object/13_volleyball/results/final_full_4d_hoi/object_pose.csv,left_foot,foot,left,-0.133689925,0.891223013,4.280084133,gvhmr_incam,1.000000,gvhmr_smplx_contact_site_provider,,,,,
13_volleyball,final_full_4d_hoi,191,7.916667,-0.305939468,-0.417656092,4.547182959,1.0,0.0,0.0,0.0,samples_known_object/13_volleyball/results/final_full_4d_hoi/object_pose.csv,right_foot,foot,right,0.238297999,0.898607433,4.494674683,gvhmr_incam,1.000000,gvhmr_smplx_contact_site_provider,,,,,
13_volleyball,final_full_4d_hoi,192,7.958333,-0.303348766,-0.350725658,4.546598737,1.0,0.0,0.0,0.0,samples_known_object/13_volleyball/results/final_full_4d_hoi/object_pose.csv,left_hand,hand,left,-0.272361183,-0.240267575,4.464330959,gvhmr_incam,1.000000,gvhmr_smplx_contact_site_provider,,,,,
13_volleyball,final_full_4d_hoi,192,7.958333,-0.303348766,-0.350725658,4.546598737,1.0,0.0,0.0,0.0,samples_known_object/13_volleyball/results/final_full_4d_hoi/object_pose.csv,right_hand,hand,right,-0.230880594,-0.258917701,4.596603298,gvhmr_incam,1.000000,gvhmr_smplx_contact_site_provider,,,,,
13_volleyball,final_full_4d_hoi,192,7.958333,-0.303348766,-0.350725658,4.546598737,1.0,0.0,0.0,0.0,samples_known_object/13_volleyball/results/final_full_4d_hoi/object_pose.csv,left_foot,foot,left,-0.126961380,0.886303306,4.267046452,gvhmr_incam,1.000000,gvhmr_smplx_contact_site_provider,,,,,
13_volleyball,final_full_4d_hoi,192,7.958333,-0.303348766,-0.350725658,4.546598737,1.0,0.0,0.0,0.0,samples_known_object/13_volleyball/results/final_full_4d_hoi/object_pose.csv,right_foot,foot,right,0.240346044,0.897877395,4.489461422,gvhmr_incam,1.000000,gvhmr_smplx_contact_site_provider,,,,,
13_volleyball,final_full_4d_hoi,193,8.0,-0.291425997,-0.289213102,4.547097382,1.0,0.0,0.0,0.0,samples_known_object/13_volleyball/results/final_full_4d_hoi/object_pose.csv,left_hand,hand,left,-0.250461334,-0.181649393,4.454376221,gvhmr_incam,1.000000,gvhmr_smplx_contact_site_provider,,,,,
13_volleyball,final_full_4d_hoi,193,8.0,-0.291425997,-0.289213102,4.547097382,1.0,0.0,0.0,0.0,samples_known_object/13_volleyball/results/final_full_4d_hoi/object_pose.csv,right_hand,hand,right,-0.216951048,-0.193643427,4.586533165,gvhmr_incam,1.000000,gvhmr_smplx_contact_site_provider,,,,,
13_volleyball,final_full_4d_hoi,193,8.0,-0.291425997,-0.289213102,4.547097382,1.0,0.0,0.0,0.0,samples_known_object/13_volleyball/results/final_full_4d_hoi/object_pose.csv,left_foot,foot,left,-0.116512358,0.885911226,4.262006760,gvhmr_incam,1.000000,gvhmr_smplx_contact_site_provider,,,,,
13_volleyball,final_full_4d_hoi,193,8.0,-0.291425997,-0.289213102,4.547097382,1.0,0.0,0.0,0.0,samples_known_object/13_volleyball/results/final_full_4d_hoi/object_pose.csv,right_foot,foot,right,0.239711702,0.897369742,4.496729851,gvhmr_incam,1.000000,gvhmr_smplx_contact_site_provider,,,,,
13_volleyball,final_full_4d_hoi,194,8.041667,-0.269353097,-0.235022587,4.548167696,1.0,0.0,0.0,0.0,samples_known_object/13_volleyball/results/final_full_4d_hoi/object_pose.csv,left_hand,hand,left,-0.228699833,-0.134035957,4.428848076,gvhmr_incam,1.000000,gvhmr_smplx_contact_site_provider,,,,,
13_volleyball,final_full_4d_hoi,194,8.041667,-0.269353097,-0.235022587,4.548167696,1.0,0.0,0.0,0.0,samples_known_object/13_volleyball/results/final_full_4d_hoi/object_pose.csv,right_hand,hand,right,-0.200540370,-0.139415300,4.562979794,gvhmr_incam,1.000000,gvhmr_smplx_contact_site_provider,,,,,
13_volleyball,final_full_4d_hoi,194,8.041667,-0.269353097,-0.235022587,4.548167696,1.0,0.0,0.0,0.0,samples_known_object/13_volleyball/results/final_full_4d_hoi/object_pose.csv,left_foot,foot,left,-0.101356149,0.887538612,4.246190071,gvhmr_incam,1.000000,gvhmr_smplx_contact_site_provider,,,,,
13_volleyball,final_full_4d_hoi,194,8.041667,-0.269353097,-0.235022587,4.548167696,1.0,0.0,0.0,0.0,samples_known_object/13_volleyball/results/final_full_4d_hoi/object_pose.csv,right_foot,foot,right,0.238957494,0.897236168,4.489805698,gvhmr_incam,1.000000,gvhmr_smplx_contact_site_provider,,,,,
13_volleyball,final_full_4d_hoi,195,8.083333,-0.247280880,-0.190285312,4.549391868,1.0,0.0,0.0,0.0,samples_known_object/13_volleyball/results/final_full_4d_hoi/object_pose.csv,left_hand,hand,left,-0.203673944,-0.095302284,4.403685570,gvhmr_incam,1.000000,gvhmr_smplx_contact_site_provider,,,,,
13_volleyball,final_full_4d_hoi,195,8.083333,-0.247280880,-0.190285312,4.549391868,1.0,0.0,0.0,0.0,samples_known_object/13_volleyball/results/final_full_4d_hoi/object_pose.csv,right_hand,hand,right,-0.178050473,-0.093655252,4.539706993,gvhmr_incam,1.000000,gvhmr_smplx_contact_site_provider,,,,,
13_volleyball,final_full_4d_hoi,195,8.083333,-0.247280880,-0.190285312,4.549391868,1.0,0.0,0.0,0.0,samples_known_object/13_volleyball/results/final_full_4d_hoi/object_pose.csv,left_foot,foot,left,-0.089547202,0.888508976,4.230717182,gvhmr_incam,1.000000,gvhmr_smplx_contact_site_provider,,,,,
13_volleyball,final_full_4d_hoi,195,8.083333,-0.247280880,-0.190285312,4.549391868,1.0,0.0,0.0,0.0,samples_known_object/13_volleyball/results/final_full_4d_hoi/object_pose.csv,right_foot,foot,right,0.237167865,0.897807956,4.483750820,gvhmr_incam,1.000000,gvhmr_smplx_contact_site_provider,,,,,
13_volleyball,final_full_4d_hoi,196,8.125,-0.225668990,-0.158041390,4.550514188,1.0,0.0,0.0,0.0,samples_known_object/13_volleyball/results/final_full_4d_hoi/object_pose.csv,left_hand,hand,left,-0.179604217,-0.064370775,4.384093380,gvhmr_incam,1.000000,gvhmr_smplx_contact_site_provider,,,,,
13_volleyball,final_full_4d_hoi,196,8.125,-0.225668990,-0.158041390,4.550514188,1.0,0.0,0.0,0.0,samples_known_object/13_volleyball/results/final_full_4d_hoi/object_pose.csv,right_hand,hand,right,-0.154738024,-0.058113533,4.527017593,gvhmr_incam,1.000000,gvhmr_smplx_contact_site_provider,,,,,
13_volleyball,final_full_4d_hoi,196,8.125,-0.225668990,-0.158041390,4.550514188,1.0,0.0,0.0,0.0,samples_known_object/13_volleyball/results/final_full_4d_hoi/object_pose.csv,left_foot,foot,left,-0.076514751,0.889376163,4.224112034,gvhmr_incam,1.000000,gvhmr_smplx_contact_site_provider,,,,,
13_volleyball,final_full_4d_hoi,196,8.125,-0.225668990,-0.158041390,4.550514188,1.0,0.0,0.0,0.0,samples_known_object/13_volleyball/results/final_full_4d_hoi/object_pose.csv,right_foot,foot,right,0.235415071,0.897859991,4.481441975,gvhmr_incam,1.000000,gvhmr_smplx_contact_site_provider,,,,,
13_volleyball,final_full_4d_hoi,197,8.166667,-0.208608999,-0.137664862,4.551391881,1.0,0.0,0.0,0.0,samples_known_object/13_volleyball/results/final_full_4d_hoi/object_pose.csv,left_hand,hand,left,-0.160048974,-0.044467044,4.372306824,gvhmr_incam,1.000000,gvhmr_smplx_contact_site_provider,,,,,
13_volleyball,final_full_4d_hoi,197,8.166667,-0.208608999,-0.137664862,4.551391881,1.0,0.0,0.0,0.0,samples_known_object/13_volleyball/results/final_full_4d_hoi/object_pose.csv,right_hand,hand,right,-0.137110767,-0.035722899,4.519345570,gvhmr_incam,1.000000,gvhmr_smplx_contact_site_provider,,,,,
13_volleyball,final_full_4d_hoi,197,8.166667,-0.208608999,-0.137664862,4.551391881,1.0,0.0,0.0,0.0,samples_known_object/13_volleyball/results/final_full_4d_hoi/object_pose.csv,left_foot,foot,left,-0.069241941,0.890512288,4.222680092,gvhmr_incam,1.000000,gvhmr_smplx_contact_site_provider,,,,,
13_volleyball,final_full_4d_hoi,197,8.166667,-0.208608999,-0.137664862,4.551391881,1.0,0.0,0.0,0.0,samples_known_object/13_volleyball/results/final_full_4d_hoi/object_pose.csv,right_foot,foot,right,0.231294572,0.897467911,4.483077526,gvhmr_incam,1.000000,gvhmr_smplx_contact_site_provider,,,,,
13_volleyball,final_full_4d_hoi,198,8.208333,-0.200288579,-0.121095044,4.551991795,1.0,0.0,0.0,0.0,samples_known_object/13_volleyball/results/final_full_4d_hoi/object_pose.csv,left_hand,hand,left,-0.149442893,-0.031804478,4.364703655,gvhmr_incam,1.000000,gvhmr_smplx_contact_site_provider,,,,,
13_volleyball,final_full_4d_hoi,198,8.208333,-0.200288579,-0.121095044,4.551991795,1.0,0.0,0.0,0.0,samples_known_object/13_volleyball/results/final_full_4d_hoi/object_pose.csv,right_hand,hand,right,-0.125249583,-0.018939859,4.514687634,gvhmr_incam,1.000000,gvhmr_smplx_contact_site_provider,,,,,
13_volleyball,final_full_4d_hoi,198,8.208333,-0.200288579,-0.121095044,4.551991795,1.0,0.0,0.0,0.0,samples_known_object/13_volleyball/results/final_full_4d_hoi/object_pose.csv,left_foot,foot,left,-0.064623505,0.891178489,4.224330902,gvhmr_incam,1.000000,gvhmr_smplx_contact_site_provider,,,,,
13_volleyball,final_full_4d_hoi,198,8.208333,-0.200288579,-0.121095044,4.551991795,1.0,0.0,0.0,0.0,samples_known_object/13_volleyball/results/final_full_4d_hoi/object_pose.csv,right_foot,foot,right,0.229390219,0.896882892,4.484409332,gvhmr_incam,1.000000,gvhmr_smplx_contact_site_provider,,,,,
13_volleyball,final_full_4d_hoi,199,8.25,-0.195188232,-0.114612501,4.552330530,1.0,0.0,0.0,0.0,samples_known_object/13_volleyball/results/final_full_4d_hoi/object_pose.csv,left_hand,hand,left,-0.145951641,-0.028981125,4.364812565,gvhmr_incam,1.000000,gvhmr_smplx_contact_site_provider,,,,,
13_volleyball,final_full_4d_hoi,199,8.25,-0.195188232,-0.114612501,4.552330530,1.0,0.0,0.0,0.0,samples_known_object/13_volleyball/results/final_full_4d_hoi/object_pose.csv,right_hand,hand,right,-0.119333071,-0.012639946,4.512055874,gvhmr_incam,1.000000,gvhmr_smplx_contact_site_provider,,,,,
13_volleyball,final_full_4d_hoi,199,8.25,-0.195188232,-0.114612501,4.552330530,1.0,0.0,0.0,0.0,samples_known_object/13_volleyball/results/final_full_4d_hoi/object_pose.csv,left_foot,foot,left,-0.063193172,0.891752303,4.229521751,gvhmr_incam,1.000000,gvhmr_smplx_contact_site_provider,,,,,
13_volleyball,final_full_4d_hoi,199,8.25,-0.195188232,-0.114612501,4.552330530,1.0,0.0,0.0,0.0,samples_known_object/13_volleyball/results/final_full_4d_hoi/object_pose.csv,right_foot,foot,right,0.227360904,0.896718740,4.488117218,gvhmr_incam,1.000000,gvhmr_smplx_contact_site_provider,,,,,
13_volleyball,final_full_4d_hoi,200,8.291667,-0.196871636,-0.114238035,4.552459887,1.0,0.0,0.0,0.0,samples_known_object/13_volleyball/results/final_full_4d_hoi/object_pose.csv,left_hand,hand,left,-0.150190637,-0.030376112,4.357822895,gvhmr_incam,1.000000,gvhmr_smplx_contact_site_provider,,,,,
13_volleyball,final_full_4d_hoi,200,8.291667,-0.196871636,-0.114238035,4.552459887,1.0,0.0,0.0,0.0,samples_known_object/13_volleyball/results/final_full_4d_hoi/object_pose.csv,right_hand,hand,right,-0.121976322,-0.010815448,4.499872875,gvhmr_incam,1.000000,gvhmr_smplx_contact_site_provider,,,,,
13_volleyball,final_full_4d_hoi,200,8.291667,-0.196871636,-0.114238035,4.552459887,1.0,0.0,0.0,0.0,samples_known_object/13_volleyball/results/final_full_4d_hoi/object_pose.csv,left_foot,foot,left,-0.062926218,0.891122103,4.225183964,gvhmr_incam,1.000000,gvhmr_smplx_contact_site_provider,,,,,
13_volleyball,final_full_4d_hoi,200,8.291667,-0.196871636,-0.114238035,4.552459887,1.0,0.0,0.0,0.0,samples_known_object/13_volleyball/results/final_full_4d_hoi/object_pose.csv,right_foot,foot,right,0.227764845,0.896604955,4.483229637,gvhmr_incam,1.000000,gvhmr_smplx_contact_site_provider,,,,,
13_volleyball,final_full_4d_hoi,201,8.333333,-0.203122885,-0.118506714,4.552456962,1.0,0.0,0.0,0.0,samples_known_object/13_volleyball/results/final_full_4d_hoi/object_pose.csv,left_hand,hand,left,-0.161334017,-0.037548840,4.352263260,gvhmr_incam,1.000000,gvhmr_smplx_contact_site_provider,,,,,
13_volleyball,final_full_4d_hoi,201,8.333333,-0.203122885,-0.118506714,4.552456962,1.0,0.0,0.0,0.0,samples_known_object/13_volleyball/results/final_full_4d_hoi/object_pose.csv,right_hand,hand,right,-0.131064239,-0.012991065,4.488579082,gvhmr_incam,1.000000,gvhmr_smplx_contact_site_provider,,,,,
13_volleyball,final_full_4d_hoi,201,8.333333,-0.203122885,-0.118506714,4.552456962,1.0,0.0,0.0,0.0,samples_known_object/13_volleyball/results/final_full_4d_hoi/object_pose.csv,left_foot,foot,left,-0.063117772,0.889586806,4.220042229,gvhmr_incam,1.000000,gvhmr_smplx_contact_site_provider,,,,,
13_volleyball,final_full_4d_hoi,201,8.333333,-0.203122885,-0.118506714,4.552456962,1.0,0.0,0.0,0.0,samples_known_object/13_volleyball/results/final_full_4d_hoi/object_pose.csv,right_foot,foot,right,0.228125632,0.896445394,4.478080273,gvhmr_incam,1.000000,gvhmr_smplx_contact_site_provider,,,,,
13_volleyball,final_full_4d_hoi,202,8.375,-0.211938595,-0.127594658,4.552395675,1.0,0.0,0.0,0.0,samples_known_object/13_volleyball/results/final_full_4d_hoi/object_pose.csv,left_hand,hand,left,-0.176414609,-0.047446728,4.351159286,gvhmr_incam,1.000000,gvhmr_smplx_contact_site_provider,,,,,
13_volleyball,final_full_4d_hoi,202,8.375,-0.211938595,-0.127594658,4.552395675,1.0,0.0,0.0,0.0,samples_known_object/13_volleyball/results/final_full_4d_hoi/object_pose.csv,right_hand,hand,right,-0.144984370,-0.019266468,4.479871750,gvhmr_incam,1.000000,gvhmr_smplx_contact_site_provider,,,,,
13_volleyball,final_full_4d_hoi,202,8.375,-0.211938595,-0.127594658,4.552395675,1.0,0.0,0.0,0.0,samples_known_object/13_volleyball/results/final_full_4d_hoi/object_pose.csv,left_foot,foot,left,-0.062719285,0.889283836,4.220134735,gvhmr_incam,1.000000,gvhmr_smplx_contact_site_provider,,,,,
13_volleyball,final_full_4d_hoi,202,8.375,-0.211938595,-0.127594658,4.552395675,1.0,0.0,0.0,0.0,samples_known_object/13_volleyball/results/final_full_4d_hoi/object_pose.csv,right_foot,foot,right,0.228186101,0.898315907,4.479563713,gvhmr_incam,1.000000,gvhmr_smplx_contact_site_provider,,,,,
13_volleyball,final_full_4d_hoi,203,8.416667,-0.224235805,-0.142828746,4.552319073,1.0,0.0,0.0,0.0,samples_known_object/13_volleyball/results/final_full_4d_hoi/object_pose.csv,left_hand,hand,left,-0.191544998,-0.059289676,4.350576973,gvhmr_incam,1.000000,gvhmr_smplx_contact_site_provider,,,,,
13_volleyball,final_full_4d_hoi,203,8.416667,-0.224235805,-0.142828746,4.552319073,1.0,0.0,0.0,0.0,samples_known_object/13_volleyball/results/final_full_4d_hoi/object_pose.csv,right_hand,hand,right,-0.158560756,-0.027685642,4.473463726,gvhmr_incam,1.000000,gvhmr_smplx_contact_site_provider,,,,,
13_volleyball,final_full_4d_hoi,203,8.416667,-0.224235805,-0.142828746,4.552319073,1.0,0.0,0.0,0.0,samples_known_object/13_volleyball/results/final_full_4d_hoi/object_pose.csv,left_foot,foot,left,-0.060221910,0.888814151,4.220149517,gvhmr_incam,1.000000,gvhmr_smplx_contact_site_provider,,,,,
13_volleyball,final_full_4d_hoi,203,8.416667,-0.224235805,-0.142828746,4.552319073,1.0,0.0,0.0,0.0,samples_known_object/13_volleyball/results/final_full_4d_hoi/object_pose.csv,right_foot,foot,right,0.230230570,0.901061714,4.478868961,gvhmr_incam,1.000000,gvhmr_smplx_contact_site_provider,,,,,
13_volleyball,final_full_4d_hoi,204,8.458333,-0.236955097,-0.159214876,4.552267458,1.0,0.0,0.0,0.0,samples_known_object/13_volleyball/results/final_full_4d_hoi/object_pose.csv,left_hand,hand,left,-0.210666224,-0.071268529,4.347317791,gvhmr_incam,1.000000,gvhmr_smplx_contact_site_provider,,,,,
13_volleyball,final_full_4d_hoi,204,8.458333,-0.236955097,-0.159214876,4.552267458,1.0,0.0,0.0,0.0,samples_known_object/13_volleyball/results/final_full_4d_hoi/object_pose.csv,right_hand,hand,right,-0.174040863,-0.037670779,4.467944717,gvhmr_incam,1.000000,gvhmr_smplx_contact_site_provider,,,,,
13_volleyball,final_full_4d_hoi,204,8.458333,-0.236955097,-0.159214876,4.552267458,1.0,0.0,0.0,0.0,samples_known_object/13_volleyball/results/final_full_4d_hoi/object_pose.csv,left_foot,foot,left,-0.057905152,0.889167309,4.215607643,gvhmr_incam,1.000000,gvhmr_smplx_contact_site_provider,,,,,
13_volleyball,final_full_4d_hoi,204,8.458333,-0.236955097,-0.159214876,4.552267458,1.0,0.0,0.0,0.0,samples_known_object/13_volleyball/results/final_full_4d_hoi/object_pose.csv,right_foot,foot,right,0.225532457,0.907776654,4.469548702,gvhmr_incam,1.000000,gvhmr_smplx_contact_site_provider,,,,,
13_volleyball,final_full_4d_hoi,205,8.5,-0.248828783,-0.181088612,4.552227300,1.0,0.0,0.0,0.0,samples_known_object/13_volleyball/results/final_full_4d_hoi/object_pose.csv,left_hand,hand,left,-0.232869652,-0.086195076,4.348921967,gvhmr_incam,1.000000,gvhmr_smplx_contact_site_provider,,,,,
13_volleyball,final_full_4d_hoi,205,8.5,-0.248828783,-0.181088612,4.552227300,1.0,0.0,0.0,0.0,samples_known_object/13_volleyball/results/final_full_4d_hoi/object_pose.csv,right_hand,hand,right,-0.191943786,-0.049295330,4.465824986,gvhmr_incam,1.000000,gvhmr_smplx_contact_site_provider,,,,,
13_volleyball,final_full_4d_hoi,205,8.5,-0.248828783,-0.181088612,4.552227300,1.0,0.0,0.0,0.0,samples_known_object/13_volleyball/results/final_full_4d_hoi/object_pose.csv,left_foot,foot,left,-0.060046434,0.889806986,4.214069843,gvhmr_incam,1.000000,gvhmr_smplx_contact_site_provider,,,,,
13_volleyball,final_full_4d_hoi,205,8.5,-0.248828783,-0.181088612,4.552227300,1.0,0.0,0.0,0.0,samples_known_object/13_volleyball/results/final_full_4d_hoi/object_pose.csv,right_foot,foot,right,0.215541273,0.906115174,4.464740276,gvhmr_incam,1.000000,gvhmr_smplx_contact_site_provider,,,,,
13_volleyball,final_full_4d_hoi,206,8.541667,-0.258864118,-0.194058825,4.552234181,1.0,0.0,0.0,0.0,samples_known_object/13_volleyball/results/final_full_4d_hoi/object_pose.csv,left_hand,hand,left,-0.250628251,-0.098503488,4.350676537,gvhmr_incam,1.000000,gvhmr_smplx_contact_site_provider,,,,,
13_volleyball,final_full_4d_hoi,206,8.541667,-0.258864118,-0.194058825,4.552234181,1.0,0.0,0.0,0.0,samples_known_object/13_volleyball/results/final_full_4d_hoi/object_pose.csv,right_hand,hand,right,-0.205235833,-0.061144108,4.466452503,gvhmr_incam,1.000000,gvhmr_smplx_contact_site_provider,,,,,
13_volleyball,final_full_4d_hoi,206,8.541667,-0.258864118,-0.194058825,4.552234181,1.0,0.0,0.0,0.0,samples_known_object/13_volleyball/results/final_full_4d_hoi/object_pose.csv,left_foot,foot,left,-0.059102088,0.890196502,4.213560581,gvhmr_incam,1.000000,gvhmr_smplx_contact_site_provider,,,,,
13_volleyball,final_full_4d_hoi,206,8.541667,-0.258864118,-0.194058825,4.552234181,1.0,0.0,0.0,0.0,samples_known_object/13_volleyball/results/final_full_4d_hoi/object_pose.csv,right_foot,foot,right,0.208890349,0.900065899,4.464950085,gvhmr_incam,1.000000,gvhmr_smplx_contact_site_provider,,,,,
13_volleyball,final_full_4d_hoi,207,8.583333,-0.264104871,-0.216047969,4.552217900,1.0,0.0,0.0,0.0,samples_known_object/13_volleyball/results/final_full_4d_hoi/object_pose.csv,left_hand,hand,left,-0.266302696,-0.112122959,4.351291943,gvhmr_incam,1.000000,gvhmr_smplx_contact_site_provider,,,,,
13_volleyball,final_full_4d_hoi,207,8.583333,-0.264104871,-0.216047969,4.552217900,1.0,0.0,0.0,0.0,samples_known_object/13_volleyball/results/final_full_4d_hoi/object_pose.csv,right_hand,hand,right,-0.217175820,-0.071314788,4.467753983,gvhmr_incam,1.000000,gvhmr_smplx_contact_site_provider,,,,,
13_volleyball,final_full_4d_hoi,207,8.583333,-0.264104871,-0.216047969,4.552217900,1.0,0.0,0.0,0.0,samples_known_object/13_volleyball/results/final_full_4d_hoi/object_pose.csv,left_foot,foot,left,-0.059413284,0.890156269,4.214204788,gvhmr_incam,1.000000,gvhmr_smplx_contact_site_provider,,,,,
13_volleyball,final_full_4d_hoi,207,8.583333,-0.264104871,-0.216047969,4.552217900,1.0,0.0,0.0,0.0,samples_known_object/13_volleyball/results/final_full_4d_hoi/object_pose.csv,right_foot,foot,right,0.192016572,0.897576272,4.469965458,gvhmr_incam,1.000000,gvhmr_smplx_contact_site_provider,,,,,
13_volleyball,final_full_4d_hoi,208,8.625,-0.272881552,-0.226291861,4.552218709,1.0,0.0,0.0,0.0,samples_known_object/13_volleyball/results/final_full_4d_hoi/object_pose.csv,left_hand,hand,left,-0.279810935,-0.123953545,4.354087353,gvhmr_incam,1.000000,gvhmr_smplx_contact_site_provider,,,,,
13_volleyball,final_full_4d_hoi,208,8.625,-0.272881552,-0.226291861,4.552218709,1.0,0.0,0.0,0.0,samples_known_object/13_volleyball/results/final_full_4d_hoi/object_pose.csv,right_hand,hand,right,-0.226562947,-0.078916913,4.475160027,gvhmr_incam,1.000000,gvhmr_smplx_contact_site_provider,,,,,
13_volleyball,final_full_4d_hoi,208,8.625,-0.272881552,-0.226291861,4.552218709,1.0,0.0,0.0,0.0,samples_known_object/13_volleyball/results/final_full_4d_hoi/object_pose.csv,left_foot,foot,left,-0.061191350,0.889818728,4.219849586,gvhmr_incam,1.000000,gvhmr_smplx_contact_site_provider,,,,,
13_volleyball,final_full_4d_hoi,208,8.625,-0.272881552,-0.226291861,4.552218709,1.0,0.0,0.0,0.0,samples_known_object/13_volleyball/results/final_full_4d_hoi/object_pose.csv,right_foot,foot,right,0.166072816,0.898946702,4.485911369,gvhmr_incam,1.000000,gvhmr_smplx_contact_site_provider,,,,,
13_volleyball,final_full_4d_hoi,209,8.666667,-0.279757879,-0.233660120,4.552206347,1.0,0.0,0.0,0.0,samples_known_object/13_volleyball/results/final_full_4d_hoi/object_pose.csv,left_hand,hand,left,-0.288371065,-0.127337766,4.355941677,gvhmr_incam,1.000000,gvhmr_smplx_contact_site_provider,,,,,
13_volleyball,final_full_4d_hoi,209,8.666667,-0.279757879,-0.233660120,4.552206347,1.0,0.0,0.0,0.0,samples_known_object/13_volleyball/results/final_full_4d_hoi/object_pose.csv,right_hand,hand,right,-0.232664061,-0.078136861,4.482427025,gvhmr_incam,1.000000,gvhmr_smplx_contact_site_provider,,,,,
13_volleyball,final_full_4d_hoi,209,8.666667,-0.279757879,-0.233660120,4.552206347,1.0,0.0,0.0,0.0,samples_known_object/13_volleyball/results/final_full_4d_hoi/object_pose.csv,left_foot,foot,left,-0.060974687,0.890622497,4.224615574,gvhmr_incam,1.000000,gvhmr_smplx_contact_site_provider,,,,,
13_volleyball,final_full_4d_hoi,209,8.666667,-0.279757879,-0.233660120,4.552206347,1.0,0.0,0.0,0.0,samples_known_object/13_volleyball/results/final_full_4d_hoi/object_pose.csv,right_foot,foot,right,0.131957591,0.904040754,4.502373695,gvhmr_incam,1.000000,gvhmr_smplx_contact_site_provider,,,,,
13_volleyball,final_full_4d_hoi,210,8.708333,-0.286544328,-0.231467431,4.552197407,1.0,0.0,0.0,0.0,samples_known_object/13_volleyball/results/final_full_4d_hoi/object_pose.csv,left_hand,hand,left,-0.296659306,-0.127608055,4.354979610,gvhmr_incam,1.000000,gvhmr_smplx_contact_site_provider,,,,,
13_volleyball,final_full_4d_hoi,210,8.708333,-0.286544328,-0.231467431,4.552197407,1.0,0.0,0.0,0.0,samples_known_object/13_volleyball/results/final_full_4d_hoi/object_pose.csv,right_hand,hand,right,-0.239690250,-0.074022609,4.489381504,gvhmr_incam,1.000000,gvhmr_smplx_contact_site_provider,,,,,
13_volleyball,final_full_4d_hoi,210,8.708333,-0.286544328,-0.231467431,4.552197407,1.0,0.0,0.0,0.0,samples_known_object/13_volleyball/results/final_full_4d_hoi/object_pose.csv,left_foot,foot,left,-0.063560650,0.890900671,4.228340149,gvhmr_incam,1.000000,gvhmr_smplx_contact_site_provider,,,,,
13_volleyball,final_full_4d_hoi,210,8.708333,-0.286544328,-0.231467431,4.552197407,1.0,0.0,0.0,0.0,samples_known_object/13_volleyball/results/final_full_4d_hoi/object_pose.csv,right_foot,foot,right,0.094355151,0.910151899,4.517072201,gvhmr_incam,1.000000,gvhmr_smplx_contact_site_provider,,,,,
13_volleyball,final_full_4d_hoi,211,8.75,-0.297035387,-0.218907043,4.552179179,1.0,0.0,0.0,0.0,samples_known_object/13_volleyball/results/final_full_4d_hoi/object_pose.csv,left_hand,hand,left,-0.302552176,-0.122801614,4.355472088,gvhmr_incam,1.000000,gvhmr_smplx_contact_site_provider,,,,,
13_volleyball,final_full_4d_hoi,211,8.75,-0.297035387,-0.218907043,4.552179179,1.0,0.0,0.0,0.0,samples_known_object/13_volleyball/results/final_full_4d_hoi/object_pose.csv,right_hand,hand,right,-0.245100206,-0.063147616,4.496123695,gvhmr_incam,1.000000,gvhmr_smplx_contact_site_provider,,,,,
13_volleyball,final_full_4d_hoi,211,8.75,-0.297035387,-0.218907043,4.552179179,1.0,0.0,0.0,0.0,samples_known_object/13_volleyball/results/final_full_4d_hoi/object_pose.csv,left_foot,foot,left,-0.067069374,0.893151224,4.230765820,gvhmr_incam,1.000000,gvhmr_smplx_contact_site_provider,,,,,
13_volleyball,final_full_4d_hoi,211,8.75,-0.297035387,-0.218907043,4.552179179,1.0,0.0,0.0,0.0,samples_known_object/13_volleyball/results/final_full_4d_hoi/object_pose.csv,right_foot,foot,right,0.057278834,0.916406989,4.528893948,gvhmr_incam,1.000000,gvhmr_smplx_contact_site_provider,,,,,
13_volleyball,final_full_4d_hoi,212,8.791667,-0.303925467,-0.190880547,4.552207082,1.0,0.0,0.0,0.0,samples_known_object/13_volleyball/results/final_full_4d_hoi/object_pose.csv,left_hand,hand,left,-0.304578945,-0.115349919,4.361185932,gvhmr_incam,1.000000,gvhmr_smplx_contact_site_provider,,,,,
13_volleyball,final_full_4d_hoi,212,8.791667,-0.303925467,-0.190880547,4.552207082,1.0,0.0,0.0,0.0,samples_known_object/13_volleyball/results/final_full_4d_hoi/object_pose.csv,right_hand,hand,right,-0.247990090,-0.052713537,4.504943562,gvhmr_incam,1.000000,gvhmr_smplx_contact_site_provider,,,,,
13_volleyball,final_full_4d_hoi,212,8.791667,-0.303925467,-0.190880547,4.552207082,1.0,0.0,0.0,0.0,samples_known_object/13_volleyball/results/final_full_4d_hoi/object_pose.csv,left_foot,foot,left,-0.065606192,0.894223392,4.236065865,gvhmr_incam,1.000000,gvhmr_smplx_contact_site_provider,,,,,
13_volleyball,final_full_4d_hoi,212,8.791667,-0.303925467,-0.190880547,4.552207082,1.0,0.0,0.0,0.0,samples_known_object/13_volleyball/results/final_full_4d_hoi/object_pose.csv,right_foot,foot,right,0.035716299,0.920389891,4.538982868,gvhmr_incam,1.000000,gvhmr_smplx_contact_site_provider,,,,,
13_volleyball,final_full_4d_hoi,213,8.833333,-0.313990137,-0.154690148,4.552231014,1.0,0.0,0.0,0.0,samples_known_object/13_volleyball/results/final_full_4d_hoi/object_pose.csv,left_hand,hand,left,-0.302664411,-0.102386272,4.361227417,gvhmr_incam,1.000000,gvhmr_smplx_contact_site_provider,,,,,
13_volleyball,final_full_4d_hoi,213,8.833333,-0.313990137,-0.154690148,4.552231014,1.0,0.0,0.0,0.0,samples_known_object/13_volleyball/results/final_full_4d_hoi/object_pose.csv,right_hand,hand,right,-0.249671769,-0.038691288,4.508781719,gvhmr_incam,1.000000,gvhmr_smplx_contact_site_provider,,,,,
13_volleyball,final_full_4d_hoi,213,8.833333,-0.313990137,-0.154690148,4.552231014,1.0,0.0,0.0,0.0,samples_known_object/13_volleyball/results/final_full_4d_hoi/object_pose.csv,left_foot,foot,left,-0.070338614,0.895503879,4.239389420,gvhmr_incam,1.000000,gvhmr_smplx_contact_site_provider,,,,,
13_volleyball,final_full_4d_hoi,213,8.833333,-0.313990137,-0.154690148,4.552231014,1.0,0.0,0.0,0.0,samples_known_object/13_volleyball/results/final_full_4d_hoi/object_pose.csv,right_foot,foot,right,0.028435729,0.921602488,4.542940617,gvhmr_incam,1.000000,gvhmr_smplx_contact_site_provider,,,,,
13_volleyball,final_full_4d_hoi,214,8.875,-0.321264833,-0.119406901,4.552251579,1.0,0.0,0.0,0.0,samples_known_object/13_volleyball/results/final_full_4d_hoi/object_pose.csv,left_hand,hand,left,-0.293813324,-0.084198421,4.354320335,gvhmr_incam,1.000000,gvhmr_smplx_contact_site_provider,,,,,
13_volleyball,final_full_4d_hoi,214,8.875,-0.321264833,-0.119406901,4.552251579,1.0,0.0,0.0,0.0,samples_known_object/13_volleyball/results/final_full_4d_hoi/object_pose.csv,right_hand,hand,right,-0.245799959,-0.026014721,4.506560898,gvhmr_incam,1.000000,gvhmr_smplx_contact_site_provider,,,,,
13_volleyball,final_full_4d_hoi,214,8.875,-0.321264833,-0.119406901,4.552251579,1.0,0.0,0.0,0.0,samples_known_object/13_volleyball/results/final_full_4d_hoi/object_pose.csv,left_foot,foot,left,-0.070810728,0.895482600,4.242677212,gvhmr_incam,1.000000,gvhmr_smplx_contact_site_provider,,,,,
13_volleyball,final_full_4d_hoi,214,8.875,-0.321264833,-0.119406901,4.552251579,1.0,0.0,0.0,0.0,samples_known_object/13_volleyball/results/final_full_4d_hoi/object_pose.csv,right_foot,foot,right,0.026979633,0.921027064,4.546684742,gvhmr_incam,1.000000,gvhmr_smplx_contact_site_provider,,,,,
13_volleyball,final_full_4d_hoi,215,8.916667,-0.319690668,-0.094620133,4.552271694,1.0,0.0,0.0,0.0,samples_known_object/13_volleyball/results/final_full_4d_hoi/object_pose.csv,left_hand,hand,left,-0.281299186,-0.067452645,4.342815590,gvhmr_incam,1.000000,gvhmr_smplx_contact_site_provider,,,,,
13_volleyball,final_full_4d_hoi,215,8.916667,-0.319690668,-0.094620133,4.552271694,1.0,0.0,0.0,0.0,samples_known_object/13_volleyball/results/final_full_4d_hoi/object_pose.csv,right_hand,hand,right,-0.241201383,-0.013988316,4.501797771,gvhmr_incam,1.000000,gvhmr_smplx_contact_site_provider,,,,,
13_volleyball,final_full_4d_hoi,215,8.916667,-0.319690668,-0.094620133,4.552271694,1.0,0.0,0.0,0.0,samples_known_object/13_volleyball/results/final_full_4d_hoi/object_pose.csv,left_foot,foot,left,-0.070237048,0.895103037,4.243098259,gvhmr_incam,1.000000,gvhmr_smplx_contact_site_provider,,,,,
13_volleyball,final_full_4d_hoi,215,8.916667,-0.319690668,-0.094620133,4.552271694,1.0,0.0,0.0,0.0,samples_known_object/13_volleyball/results/final_full_4d_hoi/object_pose.csv,right_foot,foot,right,0.026746012,0.919273138,4.547644138,gvhmr_incam,1.000000,gvhmr_smplx_contact_site_provider,,,,,
13_volleyball,final_full_4d_hoi,216,8.958333,-0.316025577,-0.078709896,4.552266868,1.0,0.0,0.0,0.0,samples_known_object/13_volleyball/results/final_full_4d_hoi/object_pose.csv,left_hand,hand,left,-0.263823974,-0.046407831,4.332801533,gvhmr_incam,1.000000,gvhmr_smplx_contact_site_provider,,,,,
13_volleyball,final_full_4d_hoi,216,8.958333,-0.316025577,-0.078709896,4.552266868,1.0,0.0,0.0,0.0,samples_known_object/13_volleyball/results/final_full_4d_hoi/object_pose.csv,right_hand,hand,right,-0.232932508,0.001413906,4.498771381,gvhmr_incam,1.000000,gvhmr_smplx_contact_site_provider,,,,,
13_volleyball,final_full_4d_hoi,216,8.958333,-0.316025577,-0.078709896,4.552266868,1.0,0.0,0.0,0.0,samples_known_object/13_volleyball/results/final_full_4d_hoi/object_pose.csv,left_foot,foot,left,-0.064542733,0.894161582,4.245415688,gvhmr_incam,1.000000,gvhmr_smplx_contact_site_provider,,,,,
13_volleyball,final_full_4d_hoi,216,8.958333,-0.316025577,-0.078709896,4.552266868,1.0,0.0,0.0,0.0,samples_known_object/13_volleyball/results/final_full_4d_hoi/object_pose.csv,right_foot,foot,right,0.029633977,0.916973710,4.550817013,gvhmr_incam,1.000000,gvhmr_smplx_contact_site_provider,,,,,
13_volleyball,final_full_4d_hoi,217,9.0,-0.315786708,-0.062378951,4.552234653,1.0,0.0,0.0,0.0,samples_known_object/13_volleyball/results/final_full_4d_hoi/object_pose.csv,left_hand,hand,left,-0.247254735,-0.025557500,4.319809437,gvhmr_incam,1.000000,gvhmr_smplx_contact_site_provider,,,,,
13_volleyball,final_full_4d_hoi,217,9.0,-0.315786708,-0.062378951,4.552234653,1.0,0.0,0.0,0.0,samples_known_object/13_volleyball/results/final_full_4d_hoi/object_pose.csv,right_hand,hand,right,-0.228690878,0.016146052,4.493533611,gvhmr_incam,1.000000,gvhmr_smplx_contact_site_provider,,,,,
13_volleyball,final_full_4d_hoi,217,9.0,-0.315786708,-0.062378951,4.552234653,1.0,0.0,0.0,0.0,samples_known_object/13_volleyball/results/final_full_4d_hoi/object_pose.csv,left_foot,foot,left,-0.064060614,0.896158814,4.243818760,gvhmr_incam,1.000000,gvhmr_smplx_contact_site_provider,,,,,
13_volleyball,final_full_4d_hoi,217,9.0,-0.315786708,-0.062378951,4.552234653,1.0,0.0,0.0,0.0,samples_known_object/13_volleyball/results/final_full_4d_hoi/object_pose.csv,right_foot,foot,right,0.027394705,0.915325105,4.552754879,gvhmr_incam,1.000000,gvhmr_smplx_contact_site_provider,,,,,
13_volleyball,final_full_4d_hoi,218,9.041667,-0.309076744,-0.038859389,4.552237861,1.0,0.0,0.0,0.0,samples_known_object/13_volleyball/results/final_full_4d_hoi/object_pose.csv,left_hand,hand,left,-0.229732445,-0.005963498,4.310783482,gvhmr_incam,1.000000,gvhmr_smplx_contact_site_provider,,,,,
13_volleyball,final_full_4d_hoi,218,9.041667,-0.309076744,-0.038859389,4.552237861,1.0,0.0,0.0,0.0,samples_known_object/13_volleyball/results/final_full_4d_hoi/object_pose.csv,right_hand,hand,right,-0.222549900,0.031459159,4.490070343,gvhmr_incam,1.000000,gvhmr_smplx_contact_site_provider,,,,,
13_volleyball,final_full_4d_hoi,218,9.041667,-0.309076744,-0.038859389,4.552237861,1.0,0.0,0.0,0.0,samples_known_object/13_volleyball/results/final_full_4d_hoi/object_pose.csv,left_foot,foot,left,-0.058162332,0.901441693,4.233250141,gvhmr_incam,1.000000,gvhmr_smplx_contact_site_provider,,,,,
13_volleyball,final_full_4d_hoi,218,9.041667,-0.309076744,-0.038859389,4.552237861,1.0,0.0,0.0,0.0,samples_known_object/13_volleyball/results/final_full_4d_hoi/object_pose.csv,right_foot,foot,right,0.026943140,0.913276672,4.556916237,gvhmr_incam,1.000000,gvhmr_smplx_contact_site_provider,,,,,
13_volleyball,final_full_4d_hoi,219,9.083333,-0.298173034,-0.017678007,4.552269201,1.0,0.0,0.0,0.0,samples_known_object/13_volleyball/results/final_full_4d_hoi/object_pose.csv,left_hand,hand,left,-0.210860914,0.016445547,4.300651455,gvhmr_incam,1.000000,gvhmr_smplx_contact_site_provider,,,,,
13_volleyball,final_full_4d_hoi,219,9.083333,-0.298173034,-0.017678007,4.552269201,1.0,0.0,0.0,0.0,samples_known_object/13_volleyball/results/final_full_4d_hoi/object_pose.csv,right_hand,hand,right,-0.217700297,0.048718536,4.487021351,gvhmr_incam,1.000000,gvhmr_smplx_contact_site_provider,,,,,
13_volleyball,final_full_4d_hoi,219,9.083333,-0.298173034,-0.017678007,4.552269201,1.0,0.0,0.0,0.0,samples_known_object/13_volleyball/results/final_full_4d_hoi/object_pose.csv,left_foot,foot,left,-0.058915071,0.901210368,4.220697880,gvhmr_incam,1.000000,gvhmr_smplx_contact_site_provider,,,,,
13_volleyball,final_full_4d_hoi,219,9.083333,-0.298173034,-0.017678007,4.552269201,1.0,0.0,0.0,0.0,samples_known_object/13_volleyball/results/final_full_4d_hoi/object_pose.csv,right_foot,foot,right,0.023464426,0.912109911,4.561838627,gvhmr_incam,1.000000,gvhmr_smplx_contact_site_provider,,,,,
13_volleyball,final_full_4d_hoi,220,9.125,-0.295739817,0.006061192,4.552290312,1.0,0.0,0.0,0.0,samples_known_object/13_volleyball/results/final_full_4d_hoi/object_pose.csv,left_hand,hand,left,-0.198479185,0.029876429,4.286189365,gvhmr_incam,1.000000,gvhmr_smplx_contact_site_provider,,,,,
13_volleyball,final_full_4d_hoi,220,9.125,-0.295739817,0.006061192,4.552290312,1.0,0.0,0.0,0.0,samples_known_object/13_volleyball/results/final_full_4d_hoi/object_pose.csv,right_hand,hand,right,-0.216309717,0.061517882,4.477346039,gvhmr_incam,1.000000,gvhmr_smplx_contact_site_provider,,,,,
13_volleyball,final_full_4d_hoi,220,9.125,-0.295739817,0.006061192,4.552290312,1.0,0.0,0.0,0.0,samples_known_object/13_volleyball/results/final_full_4d_hoi/object_pose.csv,left_foot,foot,left,-0.064323649,0.898715377,4.208418846,gvhmr_incam,1.000000,gvhmr_smplx_contact_site_provider,,,,,
13_volleyball,final_full_4d_hoi,220,9.125,-0.295739817,0.006061192,4.552290312,1.0,0.0,0.0,0.0,samples_known_object/13_volleyball/results/final_full_4d_hoi/object_pose.csv,right_foot,foot,right,0.023572780,0.911010981,4.563567638,gvhmr_incam,1.000000,gvhmr_smplx_contact_site_provider,,,,,
13_volleyball,final_full_4d_hoi,221,9.166667,-0.294476963,0.020400911,4.552339488,1.0,0.0,0.0,0.0,samples_known_object/13_volleyball/results/final_full_4d_hoi/object_pose.csv,left_hand,hand,left,-0.194617568,0.040101051,4.270096874,gvhmr_incam,1.000000,gvhmr_smplx_contact_site_provider,,,,,
13_volleyball,final_full_4d_hoi,221,9.166667,-0.294476963,0.020400911,4.552339488,1.0,0.0,0.0,0.0,samples_known_object/13_volleyball/results/final_full_4d_hoi/object_pose.csv,right_hand,hand,right,-0.223872030,0.074845678,4.466133213,gvhmr_incam,1.000000,gvhmr_smplx_contact_site_provider,,,,,
13_volleyball,final_full_4d_hoi,221,9.166667,-0.294476963,0.020400911,4.552339488,1.0,0.0,0.0,0.0,samples_known_object/13_volleyball/results/final_full_4d_hoi/object_pose.csv,left_foot,foot,left,-0.075109325,0.897058010,4.194047451,gvhmr_incam,1.000000,gvhmr_smplx_contact_site_provider,,,,,
13_volleyball,final_full_4d_hoi,221,9.166667,-0.294476963,0.020400911,4.552339488,1.0,0.0,0.0,0.0,samples_known_object/13_volleyball/results/final_full_4d_hoi/object_pose.csv,right_foot,foot,right,0.022313960,0.910161972,4.564294815,gvhmr_incam,1.000000,gvhmr_smplx_contact_site_provider,,,,,
13_volleyball,final_full_4d_hoi,222,9.208333,-0.303632075,0.028514013,4.552382924,1.0,0.0,0.0,0.0,samples_known_object/13_volleyball/results/final_full_4d_hoi/object_pose.csv,left_hand,hand,left,-0.202055380,0.042899758,4.255672455,gvhmr_incam,1.000000,gvhmr_smplx_contact_site_provider,,,,,
13_volleyball,final_full_4d_hoi,222,9.208333,-0.303632075,0.028514013,4.552382924,1.0,0.0,0.0,0.0,samples_known_object/13_volleyball/results/final_full_4d_hoi/object_pose.csv,right_hand,hand,right,-0.239672473,0.079471186,4.452258873,gvhmr_incam,1.000000,gvhmr_smplx_contact_site_provider,,,,,
13_volleyball,final_full_4d_hoi,222,9.208333,-0.303632075,0.028514013,4.552382924,1.0,0.0,0.0,0.0,samples_known_object/13_volleyball/results/final_full_4d_hoi/object_pose.csv,left_foot,foot,left,-0.085322589,0.895246685,4.183293343,gvhmr_incam,1.000000,gvhmr_smplx_contact_site_provider,,,,,
13_volleyball,final_full_4d_hoi,222,9.208333,-0.303632075,0.028514013,4.552382924,1.0,0.0,0.0,0.0,samples_known_object/13_volleyball/results/final_full_4d_hoi/object_pose.csv,right_foot,foot,right,0.021177299,0.908496678,4.567232609,gvhmr_incam,1.000000,gvhmr_smplx_contact_site_provider,,,,,
13_volleyball,final_full_4d_hoi,223,9.25,-0.327794414,0.025324543,4.552401348,1.0,0.0,0.0,0.0,samples_known_object/13_volleyball/results/final_full_4d_hoi/object_pose.csv,left_hand,hand,left,-0.221920031,0.036410201,4.235855198,gvhmr_incam,1.000000,gvhmr_smplx_contact_site_provider,,,,,
13_volleyball,final_full_4d_hoi,223,9.25,-0.327794414,0.025324543,4.552401348,1.0,0.0,0.0,0.0,samples_known_object/13_volleyball/results/final_full_4d_hoi/object_pose.csv,right_hand,hand,right,-0.266754407,0.078127047,4.430531406,gvhmr_incam,1.000000,gvhmr_smplx_contact_site_provider,,,,,
13_volleyball,final_full_4d_hoi,223,9.25,-0.327794414,0.025324543,4.552401348,1.0,0.0,0.0,0.0,samples_known_object/13_volleyball/results/final_full_4d_hoi/object_pose.csv,left_foot,foot,left,-0.092583165,0.893197954,4.173202515,gvhmr_incam,1.000000,gvhmr_smplx_contact_site_provider,,,,,
13_volleyball,final_full_4d_hoi,223,9.25,-0.327794414,0.025324543,4.552401348,1.0,0.0,0.0,0.0,samples_known_object/13_volleyball/results/final_full_4d_hoi/object_pose.csv,right_foot,foot,right,0.018868126,0.906784832,4.567467213,gvhmr_incam,1.000000,gvhmr_smplx_contact_site_provider,,,,,
13_volleyball,final_full_4d_hoi,224,9.291667,-0.362390457,0.013530166,4.552398548,1.0,0.0,0.0,0.0,samples_known_object/13_volleyball/results/final_full_4d_hoi/object_pose.csv,left_hand,hand,left,-0.251507765,0.021050793,4.215367985,gvhmr_incam,1.000000,gvhmr_smplx_contact_site_provider,,,,,
13_volleyball,final_full_4d_hoi,224,9.291667,-0.362390457,0.013530166,4.552398548,1.0,0.0,0.0,0.0,samples_known_object/13_volleyball/results/final_full_4d_hoi/object_pose.csv,right_hand,hand,right,-0.298772103,0.065742970,4.407967377,gvhmr_incam,1.000000,gvhmr_smplx_contact_site_provider,,,,,
13_volleyball,final_full_4d_hoi,224,9.291667,-0.362390457,0.013530166,4.552398548,1.0,0.0,0.0,0.0,samples_known_object/13_volleyball/results/final_full_4d_hoi/object_pose.csv,left_foot,foot,left,-0.092839137,0.892790020,4.175947666,gvhmr_incam,1.000000,gvhmr_smplx_contact_site_provider,,,,,
13_volleyball,final_full_4d_hoi,224,9.291667,-0.362390457,0.013530166,4.552398548,1.0,0.0,0.0,0.0,samples_known_object/13_volleyball/results/final_full_4d_hoi/object_pose.csv,right_foot,foot,right,0.019206986,0.904911578,4.571613312,gvhmr_incam,1.000000,gvhmr_smplx_contact_site_provider,,,,,
13_volleyball,final_full_4d_hoi,225,9.333333,-0.407111789,-0.014012000,4.552353193,1.0,0.0,0.0,0.0,samples_known_object/13_volleyball/results/final_full_4d_hoi/object_pose.csv,left_hand,hand,left,-0.286219561,-0.001200193,4.183728981,gvhmr_incam,1.000000,gvhmr_smplx_contact_site_provider,,,,,
13_volleyball,final_full_4d_hoi,225,9.333333,-0.407111789,-0.014012000,4.552353193,1.0,0.0,0.0,0.0,samples_known_object/13_volleyball/results/final_full_4d_hoi/object_pose.csv,right_hand,hand,right,-0.345977318,0.048953503,4.375056744,gvhmr_incam,1.000000,gvhmr_smplx_contact_site_provider,,,,,
13_volleyball,final_full_4d_hoi,225,9.333333,-0.407111789,-0.014012000,4.552353193,1.0,0.0,0.0,0.0,samples_known_object/13_volleyball/results/final_full_4d_hoi/object_pose.csv,left_foot,foot,left,-0.092339300,0.893356264,4.174349308,gvhmr_incam,1.000000,gvhmr_smplx_contact_site_provider,,,,,
13_volleyball,final_full_4d_hoi,225,9.333333,-0.407111789,-0.014012000,4.552353193,1.0,0.0,0.0,0.0,samples_known_object/13_volleyball/results/final_full_4d_hoi/object_pose.csv,right_foot,foot,right,0.016254179,0.904881835,4.571127415,gvhmr_incam,1.000000,gvhmr_smplx_contact_site_provider,,,,,
13_volleyball,final_full_4d_hoi,226,9.375,-0.459676283,-0.051892953,4.552243704,1.0,0.0,0.0,0.0,samples_known_object/13_volleyball/results/final_full_4d_hoi/object_pose.csv,left_hand,hand,left,-0.326293218,-0.041964269,4.156037998,gvhmr_incam,1.000000,gvhmr_smplx_contact_site_provider,,,,,
13_volleyball,final_full_4d_hoi,226,9.375,-0.459676283,-0.051892953,4.552243704,1.0,0.0,0.0,0.0,samples_known_object/13_volleyball/results/final_full_4d_hoi/object_pose.csv,right_hand,hand,right,-0.397802925,0.009567869,4.338179016,gvhmr_incam,1.000000,gvhmr_smplx_contact_site_provider,,,,,
13_volleyball,final_full_4d_hoi,226,9.375,-0.459676283,-0.051892953,4.552243704,1.0,0.0,0.0,0.0,samples_known_object/13_volleyball/results/final_full_4d_hoi/object_pose.csv,left_foot,foot,left,-0.094629847,0.891835928,4.178650856,gvhmr_incam,1.000000,gvhmr_smplx_contact_site_provider,,,,,
13_volleyball,final_full_4d_hoi,226,9.375,-0.459676283,-0.051892953,4.552243704,1.0,0.0,0.0,0.0,samples_known_object/13_volleyball/results/final_full_4d_hoi/object_pose.csv,right_foot,foot,right,0.014676102,0.904247522,4.575173378,gvhmr_incam,1.000000,gvhmr_smplx_contact_site_provider,,,,,
13_volleyball,final_full_4d_hoi,227,9.416667,-0.512372112,-0.110244221,4.552074328,1.0,0.0,0.0,0.0,samples_known_object/13_volleyball/results/final_full_4d_hoi/object_pose.csv,left_hand,hand,left,-0.361663735,-0.097294933,4.133821964,gvhmr_incam,1.000000,gvhmr_smplx_contact_site_provider,,,,,
13_volleyball,final_full_4d_hoi,227,9.416667,-0.512372112,-0.110244221,4.552074328,1.0,0.0,0.0,0.0,samples_known_object/13_volleyball/results/final_full_4d_hoi/object_pose.csv,right_hand,hand,right,-0.449908859,-0.047854847,4.307313538,gvhmr_incam,1.000000,gvhmr_smplx_contact_site_provider,,,,,
13_volleyball,final_full_4d_hoi,227,9.416667,-0.512372112,-0.110244221,4.552074328,1.0,0.0,0.0,0.0,samples_known_object/13_volleyball/results/final_full_4d_hoi/object_pose.csv,left_foot,foot,left,-0.092347853,0.889981031,4.192176819,gvhmr_incam,1.000000,gvhmr_smplx_contact_site_provider,,,,,
13_volleyball,final_full_4d_hoi,227,9.416667,-0.512372112,-0.110244221,4.552074328,1.0,0.0,0.0,0.0,samples_known_object/13_volleyball/results/final_full_4d_hoi/object_pose.csv,right_foot,foot,right,0.017396644,0.902886450,4.588942528,gvhmr_incam,1.000000,gvhmr_smplx_contact_site_provider,,,,,
13_volleyball,final_full_4d_hoi,228,9.458333,-0.551639902,-0.197777256,4.551891870,1.0,0.0,0.0,0.0,samples_known_object/13_volleyball/results/final_full_4d_hoi/object_pose.csv,left_hand,hand,left,-0.390403038,-0.157895738,4.111300373,gvhmr_incam,1.000000,gvhmr_smplx_contact_site_provider,,,,,
13_volleyball,final_full_4d_hoi,228,9.458333,-0.551639902,-0.197777256,4.551891870,1.0,0.0,0.0,0.0,samples_known_object/13_volleyball/results/final_full_4d_hoi/object_pose.csv,right_hand,hand,right,-0.493270040,-0.120923167,4.271655655,gvhmr_incam,1.000000,gvhmr_smplx_contact_site_provider,,,,,
13_volleyball,final_full_4d_hoi,228,9.458333,-0.551639902,-0.197777256,4.551891870,1.0,0.0,0.0,0.0,samples_known_object/13_volleyball/results/final_full_4d_hoi/object_pose.csv,left_foot,foot,left,-0.093635470,0.890084922,4.199245930,gvhmr_incam,1.000000,gvhmr_smplx_contact_site_provider,,,,,
13_volleyball,final_full_4d_hoi,228,9.458333,-0.551639902,-0.197777256,4.551891870,1.0,0.0,0.0,0.0,samples_known_object/13_volleyball/results/final_full_4d_hoi/object_pose.csv,right_foot,foot,right,0.015923478,0.902784646,4.596162319,gvhmr_incam,1.000000,gvhmr_smplx_contact_site_provider,,,,,
13_volleyball,final_full_4d_hoi,229,9.5,-0.579454381,-0.309612040,4.551673369,1.0,0.0,0.0,0.0,samples_known_object/13_volleyball/results/final_full_4d_hoi/object_pose.csv,left_hand,hand,left,-0.409563541,-0.236462152,4.080477047,gvhmr_incam,1.000000,gvhmr_smplx_contact_site_provider,,,,,
13_volleyball,final_full_4d_hoi,229,9.5,-0.579454381,-0.309612040,4.551673369,1.0,0.0,0.0,0.0,samples_known_object/13_volleyball/results/final_full_4d_hoi/object_pose.csv,right_hand,hand,right,-0.527226233,-0.204195809,4.235958576,gvhmr_incam,1.000000,gvhmr_smplx_contact_site_provider,,,,,
13_volleyball,final_full_4d_hoi,229,9.5,-0.579454381,-0.309612040,4.551673369,1.0,0.0,0.0,0.0,samples_known_object/13_volleyball/results/final_full_4d_hoi/object_pose.csv,left_foot,foot,left,-0.092577100,0.889801502,4.196890354,gvhmr_incam,1.000000,gvhmr_smplx_contact_site_provider,,,,,
13_volleyball,final_full_4d_hoi,229,9.5,-0.579454381,-0.309612040,4.551673369,1.0,0.0,0.0,0.0,samples_known_object/13_volleyball/results/final_full_4d_hoi/object_pose.csv,right_foot,foot,right,0.016757362,0.903691471,4.594362259,gvhmr_incam,1.000000,gvhmr_smplx_contact_site_provider,,,,,
13_volleyball,final_full_4d_hoi,230,9.541667,-0.581672751,-0.446189055,4.551513883,1.0,0.0,0.0,0.0,samples_known_object/13_volleyball/results/final_full_4d_hoi/object_pose.csv,left_hand,hand,left,-0.417365658,-0.308486497,4.053710651,gvhmr_incam,1.000000,gvhmr_smplx_contact_site_provider,,,,,
13_volleyball,final_full_4d_hoi,230,9.541667,-0.581672751,-0.446189055,4.551513883,1.0,0.0,0.0,0.0,samples_known_object/13_volleyball/results/final_full_4d_hoi/object_pose.csv,right_hand,hand,right,-0.542744696,-0.285469604,4.206366158,gvhmr_incam,1.000000,gvhmr_smplx_contact_site_provider,,,,,
13_volleyball,final_full_4d_hoi,230,9.541667,-0.581672751,-0.446189055,4.551513883,1.0,0.0,0.0,0.0,samples_known_object/13_volleyball/results/final_full_4d_hoi/object_pose.csv,left_foot,foot,left,-0.093535282,0.888294339,4.188544750,gvhmr_incam,1.000000,gvhmr_smplx_contact_site_provider,,,,,
13_volleyball,final_full_4d_hoi,230,9.541667,-0.581672751,-0.446189055,4.551513883,1.0,0.0,0.0,0.0,samples_known_object/13_volleyball/results/final_full_4d_hoi/object_pose.csv,right_foot,foot,right,0.013025396,0.905741811,4.588242054,gvhmr_incam,1.000000,gvhmr_smplx_contact_site_provider,,,,,
13_volleyball,final_full_4d_hoi,231,9.583333,-0.569970838,-0.562634462,4.551601216,1.0,0.0,0.0,0.0,samples_known_object/13_volleyball/results/final_full_4d_hoi/object_pose.csv,left_hand,hand,left,-0.414798331,-0.376244491,4.038203239,gvhmr_incam,1.000000,gvhmr_smplx_contact_site_provider,,,,,
13_volleyball,final_full_4d_hoi,231,9.583333,-0.569970838,-0.562634462,4.551601216,1.0,0.0,0.0,0.0,samples_known_object/13_volleyball/results/final_full_4d_hoi/object_pose.csv,right_hand,hand,right,-0.541180038,-0.368459207,4.193864918,gvhmr_incam,1.000000,gvhmr_smplx_contact_site_provider,,,,,
13_volleyball,final_full_4d_hoi,231,9.583333,-0.569970838,-0.562634462,4.551601216,1.0,0.0,0.0,0.0,samples_known_object/13_volleyball/results/final_full_4d_hoi/object_pose.csv,left_foot,foot,left,-0.094383366,0.889116883,4.190191746,gvhmr_incam,1.000000,gvhmr_smplx_contact_site_provider,,,,,
13_volleyball,final_full_4d_hoi,231,9.583333,-0.569970838,-0.562634462,4.551601216,1.0,0.0,0.0,0.0,samples_known_object/13_volleyball/results/final_full_4d_hoi/object_pose.csv,right_foot,foot,right,0.010538206,0.907945156,4.590937138,gvhmr_incam,1.000000,gvhmr_smplx_contact_site_provider,,,,,
13_volleyball,final_full_4d_hoi,232,9.625,-0.554264925,-0.662478324,4.551743465,1.0,0.0,0.0,0.0,samples_known_object/13_volleyball/results/final_full_4d_hoi/object_pose.csv,left_hand,hand,left,-0.407261062,-0.427543730,4.024220181,gvhmr_incam,1.000000,gvhmr_smplx_contact_site_provider,,,,,
13_volleyball,final_full_4d_hoi,232,9.625,-0.554264925,-0.662478324,4.551743465,1.0,0.0,0.0,0.0,samples_known_object/13_volleyball/results/final_full_4d_hoi/object_pose.csv,right_hand,hand,right,-0.526667464,-0.431475681,4.185125923,gvhmr_incam,1.000000,gvhmr_smplx_contact_site_provider,,,,,
13_volleyball,final_full_4d_hoi,232,9.625,-0.554264925,-0.662478324,4.551743465,1.0,0.0,0.0,0.0,samples_known_object/13_volleyball/results/final_full_4d_hoi/object_pose.csv,left_foot,foot,left,-0.093813524,0.890976071,4.184777260,gvhmr_incam,1.000000,gvhmr_smplx_contact_site_provider,,,,,
13_volleyball,final_full_4d_hoi,232,9.625,-0.554264925,-0.662478324,4.551743465,1.0,0.0,0.0,0.0,samples_known_object/13_volleyball/results/final_full_4d_hoi/object_pose.csv,right_foot,foot,right,0.012372486,0.908467293,4.586833477,gvhmr_incam,1.000000,gvhmr_smplx_contact_site_provider,,,,,
13_volleyball,final_full_4d_hoi,233,9.666667,-0.536961147,-0.744738876,4.551885885,1.0,0.0,0.0,0.0,samples_known_object/13_volleyball/results/final_full_4d_hoi/object_pose.csv,left_hand,hand,left,-0.394875956,-0.466740906,4.019850445,gvhmr_incam,1.000000,gvhmr_smplx_contact_site_provider,,,,,
13_volleyball,final_full_4d_hoi,233,9.666667,-0.536961147,-0.744738876,4.551885885,1.0,0.0,0.0,0.0,samples_known_object/13_volleyball/results/final_full_4d_hoi/object_pose.csv,right_hand,hand,right,-0.509846258,-0.475471669,4.186040115,gvhmr_incam,1.000000,gvhmr_smplx_contact_site_provider,,,,,
13_volleyball,final_full_4d_hoi,233,9.666667,-0.536961147,-0.744738876,4.551885885,1.0,0.0,0.0,0.0,samples_known_object/13_volleyball/results/final_full_4d_hoi/object_pose.csv,left_foot,foot,left,-0.095185265,0.893254876,4.186398506,gvhmr_incam,1.000000,gvhmr_smplx_contact_site_provider,,,,,
13_volleyball,final_full_4d_hoi,233,9.666667,-0.536961147,-0.744738876,4.551885885,1.0,0.0,0.0,0.0,samples_known_object/13_volleyball/results/final_full_4d_hoi/object_pose.csv,right_foot,foot,right,0.006480224,0.906334519,4.590176582,gvhmr_incam,1.000000,gvhmr_smplx_contact_site_provider,,,,,
13_volleyball,final_full_4d_hoi,234,9.708333,-0.522931286,-0.811981450,4.551935784,1.0,0.0,0.0,0.0,samples_known_object/13_volleyball/results/final_full_4d_hoi/object_pose.csv,left_hand,hand,left,-0.383862782,-0.492095506,4.010195351,gvhmr_incam,1.000000,gvhmr_smplx_contact_site_provider,,,,,
13_volleyball,final_full_4d_hoi,234,9.708333,-0.522931286,-0.811981450,4.551935784,1.0,0.0,0.0,0.0,samples_known_object/13_volleyball/results/final_full_4d_hoi/object_pose.csv,right_hand,hand,right,-0.496064055,-0.499056685,4.185204411,gvhmr_incam,1.000000,gvhmr_smplx_contact_site_provider,,,,,
13_volleyball,final_full_4d_hoi,234,9.708333,-0.522931286,-0.811981450,4.551935784,1.0,0.0,0.0,0.0,samples_known_object/13_volleyball/results/final_full_4d_hoi/object_pose.csv,left_foot,foot,left,-0.096400581,0.895519853,4.180493832,gvhmr_incam,1.000000,gvhmr_smplx_contact_site_provider,,,,,
13_volleyball,final_full_4d_hoi,234,9.708333,-0.522931286,-0.811981450,4.551935784,1.0,0.0,0.0,0.0,samples_known_object/13_volleyball/results/final_full_4d_hoi/object_pose.csv,right_foot,foot,right,-0.002403170,0.901761949,4.578419209,gvhmr_incam,1.000000,gvhmr_smplx_contact_site_provider,,,,,
13_volleyball,final_full_4d_hoi,235,9.75,-0.506511214,-0.861209151,4.551983045,1.0,0.0,0.0,0.0,samples_known_object/13_volleyball/results/final_full_4d_hoi/object_pose.csv,left_hand,hand,left,-0.377219069,-0.503489292,4.013085461,gvhmr_incam,1.000000,gvhmr_smplx_contact_site_provider,,,,,
13_volleyball,final_full_4d_hoi,235,9.75,-0.506511214,-0.861209151,4.551983045,1.0,0.0,0.0,0.0,samples_known_object/13_volleyball/results/final_full_4d_hoi/object_pose.csv,right_hand,hand,right,-0.488539809,-0.503650260,4.194593525,gvhmr_incam,1.000000,gvhmr_smplx_contact_site_provider,,,,,
13_volleyball,final_full_4d_hoi,235,9.75,-0.506511214,-0.861209151,4.551983045,1.0,0.0,0.0,0.0,samples_known_object/13_volleyball/results/final_full_4d_hoi/object_pose.csv,left_foot,foot,left,-0.098712467,0.898551106,4.186467171,gvhmr_incam,1.000000,gvhmr_smplx_contact_site_provider,,,,,
13_volleyball,final_full_4d_hoi,235,9.75,-0.506511214,-0.861209151,4.551983045,1.0,0.0,0.0,0.0,samples_known_object/13_volleyball/results/final_full_4d_hoi/object_pose.csv,right_foot,foot,right,-0.016117066,0.899989367,4.574636936,gvhmr_incam,1.000000,gvhmr_smplx_contact_site_provider,,,,,
13_volleyball,final_full_4d_hoi,236,9.791667,-0.491271903,-0.895229829,4.551980869,1.0,0.0,0.0,0.0,samples_known_object/13_volleyball/results/final_full_4d_hoi/object_pose.csv,left_hand,hand,left,-0.373790950,-0.507877016,4.018525314,gvhmr_incam,1.000000,gvhmr_smplx_contact_site_provider,,,,,
13_volleyball,final_full_4d_hoi,236,9.791667,-0.491271903,-0.895229829,4.551980869,1.0,0.0,0.0,0.0,samples_known_object/13_volleyball/results/final_full_4d_hoi/object_pose.csv,right_hand,hand,right,-0.484980613,-0.497272062,4.207165813,gvhmr_incam,1.000000,gvhmr_smplx_contact_site_provider,,,,,
13_volleyball,final_full_4d_hoi,236,9.791667,-0.491271903,-0.895229829,4.551980869,1.0,0.0,0.0,0.0,samples_known_object/13_volleyball/results/final_full_4d_hoi/object_pose.csv,left_foot,foot,left,-0.098224819,0.901408255,4.195791721,gvhmr_incam,1.000000,gvhmr_smplx_contact_site_provider,,,,,
13_volleyball,final_full_4d_hoi,236,9.791667,-0.491271903,-0.895229829,4.551980869,1.0,0.0,0.0,0.0,samples_known_object/13_volleyball/results/final_full_4d_hoi/object_pose.csv,right_foot,foot,right,-0.032789506,0.902083814,4.572980881,gvhmr_incam,1.000000,gvhmr_smplx_contact_site_provider,,,,,
13_volleyball,final_full_4d_hoi,237,9.833333,-0.476404427,-0.913386434,4.551990038,1.0,0.0,0.0,0.0,samples_known_object/13_volleyball/results/final_full_4d_hoi/object_pose.csv,left_hand,hand,left,-0.375692976,-0.510778296,4.019902515,gvhmr_incam,1.000000,gvhmr_smplx_contact_site_provider,,,,,
13_volleyball,final_full_4d_hoi,237,9.833333,-0.476404427,-0.913386434,4.551990038,1.0,0.0,0.0,0.0,samples_known_object/13_volleyball/results/final_full_4d_hoi/object_pose.csv,right_hand,hand,right,-0.487136698,-0.487209618,4.215850925,gvhmr_incam,1.000000,gvhmr_smplx_contact_site_provider,,,,,
13_volleyball,final_full_4d_hoi,237,9.833333,-0.476404427,-0.913386434,4.551990038,1.0,0.0,0.0,0.0,samples_known_object/13_volleyball/results/final_full_4d_hoi/object_pose.csv,left_foot,foot,left,-0.099868603,0.904065251,4.200380802,gvhmr_incam,1.000000,gvhmr_smplx_contact_site_provider,,,,,
13_volleyball,final_full_4d_hoi,237,9.833333,-0.476404427,-0.913386434,4.551990038,1.0,0.0,0.0,0.0,samples_known_object/13_volleyball/results/final_full_4d_hoi/object_pose.csv,right_foot,foot,right,-0.056579567,0.907224715,4.567473888,gvhmr_incam,1.000000,gvhmr_smplx_contact_site_provider,,,,,
13_volleyball,final_full_4d_hoi,238,9.875,-0.461472556,-0.916070805,4.552066141,1.0,0.0,0.0,0.0,samples_known_object/13_volleyball/results/final_full_4d_hoi/object_pose.csv,left_hand,hand,left,-0.380464566,-0.513041770,4.026859665,gvhmr_incam,1.000000,gvhmr_smplx_contact_site_provider,,,,,
13_volleyball,final_full_4d_hoi,238,9.875,-0.461472556,-0.916070805,4.552066141,1.0,0.0,0.0,0.0,samples_known_object/13_volleyball/results/final_full_4d_hoi/object_pose.csv,right_hand,hand,right,-0.491383934,-0.476783550,4.229411888,gvhmr_incam,1.000000,gvhmr_smplx_contact_site_provider,,,,,
13_volleyball,final_full_4d_hoi,238,9.875,-0.461472556,-0.916070805,4.552066141,1.0,0.0,0.0,0.0,samples_known_object/13_volleyball/results/final_full_4d_hoi/object_pose.csv,left_foot,foot,left,-0.103080072,0.907142699,4.208658695,gvhmr_incam,1.000000,gvhmr_smplx_contact_site_provider,,,,,
13_volleyball,final_full_4d_hoi,238,9.875,-0.461472556,-0.916070805,4.552066141,1.0,0.0,0.0,0.0,samples_known_object/13_volleyball/results/final_full_4d_hoi/object_pose.csv,right_foot,foot,right,-0.078198336,0.913743019,4.569460869,gvhmr_incam,1.000000,gvhmr_smplx_contact_site_provider,,,,,
13_volleyball,final_full_4d_hoi,239,9.916667,-0.446389328,-0.903134744,4.552283620,1.0,0.0,0.0,0.0,samples_known_object/13_volleyball/results/final_full_4d_hoi/object_pose.csv,left_hand,hand,left,-0.382956606,-0.514062321,4.031482220,gvhmr_incam,1.000000,gvhmr_smplx_contact_site_provider,,,,,
13_volleyball,final_full_4d_hoi,239,9.916667,-0.446389328,-0.903134744,4.552283620,1.0,0.0,0.0,0.0,samples_known_object/13_volleyball/results/final_full_4d_hoi/object_pose.csv,right_hand,hand,right,-0.492295772,-0.462782979,4.239064026,gvhmr_incam,1.000000,gvhmr_smplx_contact_site_provider,,,,,
13_volleyball,final_full_4d_hoi,239,9.916667,-0.446389328,-0.903134744,4.552283620,1.0,0.0,0.0,0.0,samples_known_object/13_volleyball/results/final_full_4d_hoi/object_pose.csv,left_foot,foot,left,-0.104161948,0.909553170,4.212307930,gvhmr_incam,1.000000,gvhmr_smplx_contact_site_provider,,,,,
13_volleyball,final_full_4d_hoi,239,9.916667,-0.446389328,-0.903134744,4.552283620,1.0,0.0,0.0,0.0,samples_known_object/13_volleyball/results/final_full_4d_hoi/object_pose.csv,right_foot,foot,right,-0.090217628,0.918527484,4.570794582,gvhmr_incam,1.000000,gvhmr_smplx_contact_site_provider,,,,,
13_volleyball,final_full_4d_hoi,240,9.958333,-0.430944001,-0.873181009,4.552745322,1.0,0.0,0.0,0.0,samples_known_object/13_volleyball/results/final_full_4d_hoi/object_pose.csv,left_hand,hand,left,-0.387697041,-0.516637075,4.040280437,gvhmr_incam,1.000000,gvhmr_smplx_contact_site_provider,,,,,
13_volleyball,final_full_4d_hoi,240,9.958333,-0.430944001,-0.873181009,4.552745322,1.0,0.0,0.0,0.0,samples_known_object/13_volleyball/results/final_full_4d_hoi/object_pose.csv,right_hand,hand,right,-0.495889026,-0.453404105,4.253277016,gvhmr_incam,1.000000,gvhmr_smplx_contact_site_provider,,,,,
13_volleyball,final_full_4d_hoi,240,9.958333,-0.430944001,-0.873181009,4.552745322,1.0,0.0,0.0,0.0,samples_known_object/13_volleyball/results/final_full_4d_hoi/object_pose.csv,left_foot,foot,left,-0.107530437,0.912131846,4.217303276,gvhmr_incam,1.000000,gvhmr_smplx_contact_site_provider,,,,,
13_volleyball,final_full_4d_hoi,240,9.958333,-0.430944001,-0.873181009,4.552745322,1.0,0.0,0.0,0.0,samples_known_object/13_volleyball/results/final_full_4d_hoi/object_pose.csv,right_foot,foot,right,-0.097709000,0.922439337,4.574404240,gvhmr_incam,1.000000,gvhmr_smplx_contact_site_provider,,,,,
