factor_id,residual_index,value,squared_error
point_reprojection:measurement_ir,0,-0.00010482022608471198,1.0987279796450132e-08
point_reprojection:measurement_ir,1,-0.0016455147660366265,2.707718845244574e-06
point_reprojection:measurement_ir,2,0.0001090934722469683,1.1901385686900044e-08
point_reprojection:measurement_ir,3,0.00080305401322675605,6.4489574815959889e-07
point_reprojection:measurement_ir,4,0.034880660684393661,0.0012166604897798057
point_reprojection:measurement_ir,5,0.059123491901448236,0.0034955872946206153
point_reprojection:measurement_ir,6,-0.034212645127672657,0.0011705050866320636
point_reprojection:measurement_ir,7,-0.062403702006810134,0.0038942220241547591
point_reprojection:measurement_ir,8,-0.00026394327437628817,6.9666052088476535e-08
point_reprojection:measurement_ir,9,0.00045973663702625345,2.1135777542420912e-07
point_reprojection:measurement_ir,10,-7.8643668939548664e-05,6.1848266642733313e-09
point_reprojection:measurement_ir,11,0.00033017524676779428,1.0901569357817385e-07
point_reprojection:measurement_ir,12,3.127547277017584e-05,9.7815519699801037e-10
point_reprojection:measurement_ir,13,-0.00082450193353906793,6.7980343840966157e-07
point_reprojection:measurement_ir,14,0.0003921532356798707,1.5378416025419223e-07
point_reprojection:measurement_ir,15,0.0050586493020773563,2.5589932761407723e-05
point_reprojection:measurement_ir,16,-0.00055379995583280104,3.0669439108041238e-07
point_reprojection:measurement_ir,17,-0.0040609818265011201,1.6491573395172372e-05
point_reprojection:measurement_ir,18,0.00032648923510123493,1.0659522063698946e-07
point_reprojection:measurement_ir,19,-0.018802479848051234,0.00035353324843637277
point_reprojection:measurement_ir,20,0.0004847282890750648,2.3496151422963957e-07
point_reprojection:measurement_ir,21,0.0037805000924890919,1.4292180949310033e-05
point_reprojection:measurement_ir,22,-0.00076010107318325026,5.7775364145432875e-07
point_reprojection:measurement_ir,23,0.00061526963552296368,3.7855672439656055e-07
point_reprojection:measurement_ir,24,0.0005380003267191569,2.8944435154991955e-07
point_reprojection:measurement_ir,25,-0.00018420465021335987,3.3931353160226259e-08
point_reprojection:measurement_ir,26,6.6664361384027869e-06,4.444137078740266e-11
point_reprojection:measurement_ir,27,-3.9163298720268361e-05,1.5337639666529735e-09
point_reprojection:measurement_ir,28,-0.0003447621177883775,1.1886091786192708e-07
point_reprojection:measurement_ir,29,-0.00020337919664825677,4.1363097629290296e-08
point_reprojection:measurement_ir,30,0.00034352331904301535,1.1800827072632932e-07
point_reprojection:measurement_ir,31,0.00022414791484379749,5.0242287728822289e-08
point_reprojection:measurement_ir,32,-0.00023031683654153312,5.3045845194499283e-08
point_reprojection:measurement_ir,33,-0.00047727100137535673,2.2778760875383577e-07
point_reprojection:measurement_ir,34,0.0011054854393989899,1.2220980567231777e-06
point_reprojection:measurement_ir,35,-0.0028527122654566027,8.1379672694865429e-06
point_reprojection:measurement_ir,36,-0.0003290994864073582,1.0830647195358694e-07
point_reprojection:measurement_ir,37,0.0027628904882817549,7.6335638502377943e-06
point_reprojection:measurement_ir,38,6.4911290428426577e-05,4.2134756250835437e-09
point_reprojection:measurement_ir,39,-0.0011555934189686923,1.3353961499637516e-06
point_reprojection:measurement_ir,40,0.00035841553037698761,1.2846169241541733e-07
point_reprojection:measurement_ir,41,0.003863725820133368,1.4928377213165268e-05
point_reprojection:measurement_ir,42,-0.022070757511983174,0.00048711833715276174
point_reprojection:measurement_ir,43,-0.10396442808057031,0.010808602306120076
point_reprojection:measurement_ir,44,0.020027816805844624,0.00040111344600847238
point_reprojection:measurement_ir,45,0.066626123320850189,0.0044390403087651376
point_reprojection:measurement_ir,46,0.00018323113099540932,3.3573647365856853e-08
point_reprojection:measurement_ir,47,0.005498778606806809,3.0236566166676231e-05
point_reprojection:measurement_ir,48,0.00010374693936228141,1.0763427427040896e-08
point_reprojection:measurement_ir,49,-0.00051165052987016684,2.617862647164225e-07
point_reprojection:measurement_ir,50,-0.00019925385556689433,3.970209895827279e-08
point_reprojection:measurement_ir,51,9.464054447789749e-05,8.9568326590728933e-09
point_reprojection:measurement_ir,52,0.00021709721142997295,4.7131199210670376e-08
point_reprojection:measurement_ir,53,-0.00021004050346391524,4.4117013095374988e-08
point_reprojection:measurement_ir,54,5.3362546782409479e-05,2.8475613991048401e-09
point_reprojection:measurement_ir,55,0.00019051136291636794,3.6294579400252055e-08
point_reprojection:measurement_ir,56,-0.00014853817053790409,2.2063588106747479e-08
point_reprojection:measurement_ir,57,0.00012006385056793079,1.4415328213198415e-08
point_reprojection:measurement_ir,58,0.019851312764700424,0.00039407461848195799
point_reprojection:measurement_ir,59,0.067115961613879449,0.00450455230335574
point_reprojection:measurement_ir,60,-0.020623881136805265,0.00042534447314507203
point_reprojection:measurement_ir,61,-0.065205915172492718,0.0042518113734823157
point_reprojection:measurement_ir,62,0.0011291622233784437,1.2750073267049506e-06
point_reprojection:measurement_ir,63,-0.0020411902639921207,4.1664576938162234e-06
point_reprojection:measurement_ir,64,-0.0018767659616287346,3.5222504747282288e-06
point_reprojection:measurement_ir,65,0.0029190056338165961,8.5205938902530272e-06
point_reprojection:measurement_ir,66,0.0015059081036952193,2.2677592167749314e-06
point_reprojection:measurement_ir,67,0.0014415063517390081,2.0779405621039051e-06
point_reprojection:measurement_ir,68,-0.00034380260435682428,1.1820023076253504e-07
point_reprojection:measurement_ir,69,-0.001178187744267234,1.3881263607415132e-06
point_reprojection:measurement_ir,70,-0.0026167869329128735,6.8475738522635635e-06
point_reprojection:measurement_ir,71,-0.0264664824935835,0.0007004746955831619
point_reprojection:measurement_ir,72,0.00038766789766668807,1.5028639888130974e-07
point_reprojection:measurement_ir,73,0.0046067123026432453,2.1221798239324631e-05
point_reprojection:measurement_ir,74,0.00041123172138668451,1.6911152867465573e-07
point_reprojection:measurement_ir,75,3.3687481345623385e-05,1.1348463994117236e-09
point_reprojection:measurement_ir,76,-0.0004457340629869577,1.9867885490686119e-07
point_reprojection:measurement_ir,77,0.00022352677732442316,4.9964220181042255e-08
point_reprojection:measurement_ir,78,-0.0001415632843873027,2.0040163486520341e-08
point_reprojection:measurement_ir,79,-0.00011902438944844107,1.416680528357417e-08
point_reprojection:measurement_ir,80,0.00045738263904695489,2.0919887850155701e-07
point_reprojection:measurement_ir,81,0.00010739613015857686,1.1533928773037981e-08
point_reprojection:measurement_ir,82,-0.00042952675980814094,1.8449323739128041e-07
point_reprojection:measurement_ir,83,1.9768260062846821e-05,3.907841059123446e-10
point_reprojection:measurement_ir,84,0.0002060809765907834,4.2469368912611018e-08
point_reprojection:measurement_ir,85,-0.0004294601969604628,1.8443606077331951e-07
point_reprojection:measurement_ir,86,0.00089017678933771553,7.924147162756036e-07
point_reprojection:measurement_ir,87,0.00036675286881688863,1.3450766678541793e-07
point_reprojection:measurement_ir,88,-0.0002924179086676304,8.5508233309550638e-08
point_reprojection:measurement_ir,89,4.3902104141579909e-05,1.9273947480581279e-09
point_reprojection:measurement_ir,90,4.2392967702653547e-05,1.7971637106382267e-09
point_reprojection:measurement_ir,91,0.00026889229901598809,7.2303068470103555e-08
point_reprojection:measurement_ir,92,-1.782919780453085e-05,3.178802943530877e-10
point_reprojection:measurement_ir,93,0.00031097227835061856,9.6703757902574587e-08
point_reprojection:measurement_ir,94,0.00047105187720717365,2.2188987102040221e-07
point_reprojection:measurement_ir,95,0.0020167460806078453,4.0672647536471056e-06
point_reprojection:measurement_ir,96,-0.00065787195319444436,4.3279550679987318e-07
point_reprojection:measurement_ir,97,0.00066516305880668367,4.424418948010637e-07
point_reprojection:measurement_ir,98,0.0015084525515476344,2.2754291002705685e-06
point_reprojection:measurement_ir,99,-0.031908568593826202,0.0010181567497069119
point_reprojection:measurement_ir,100,-0.00053209030868401892,2.8312009659545457e-07
point_reprojection:measurement_ir,101,0.0044618065767735972,1.9907717928540125e-05
point_reprojection:measurement_ir,102,0.0006265687179620727,3.9258835832863541e-07
point_reprojection:measurement_ir,103,0.00040471595195867849,1.6379500176981935e-07
point_reprojection:measurement_ir,104,-1.3657793033416965e-05,1.8653531054365298e-10
point_reprojection:measurement_ir,105,9.324155932972644e-05,8.6939883862388955e-09
point_reprojection:measurement_ir,106,-0.00058628712174595425,3.4373258912515541e-07
point_reprojection:measurement_ir,107,0.00010545214536250569,1.112015496155503e-08
point_reprojection:measurement_ir,108,0.00067983799660851216,4.6217970163267538e-07
point_reprojection:measurement_ir,109,-0.00040443941203420762,1.6357123800657556e-07
point_reprojection:measurement_ir,110,-0.00045785330551098016,2.0962964936733093e-07
point_reprojection:measurement_ir,111,0.00049837855701753144,2.4838118609487681e-07
point_reprojection:measurement_ir,112,0.00033614941119139983,1.1299642664432481e-07
point_reprojection:measurement_ir,113,-0.00056788677537724654,3.2249538964836728e-07
point_reprojection:measurement_ir,114,-0.00039648329757255849,1.5719900525400996e-07
point_reprojection:measurement_ir,115,-2.6482733937882584e-05,7.01335196824678e-10
point_reprojection:measurement_ir,116,0.00053302381575122122,2.8411438815799182e-07
point_reprojection:measurement_ir,117,-2.414850314380601e-06,5.8315020408640877e-12
point_reprojection:measurement_ir,118,-0.00035663615026351183,1.271893436747782e-07
point_reprojection:measurement_ir,119,0.00070849525892526801,5.0196553191958251e-07
point_reprojection:measurement_ir,120,-6.608675962525013e-05,4.3674597977655904e-09
point_reprojection:measurement_ir,121,0.0017487209819137205,3.0580250725852867e-06
point_reprojection:measurement_ir,122,0.00054612453757272303,2.9825201053902059e-07
point_reprojection:measurement_ir,123,0.0020919208535133292,4.3761328573639357e-06
point_reprojection:measurement_ir,124,-0.0051048146894117959,2.6059133013234452e-05
point_reprojection:measurement_ir,125,-0.034587897185849668,0.0011963226317389074
point_reprojection:measurement_ir,126,0.001504150855203079,2.2624697952081539e-06
point_reprojection:measurement_ir,127,0.0024711359229513618,6.1065127497006787e-06
point_reprojection:measurement_ir,128,-0.00073065748172211902,5.3386035559650872e-07
point_reprojection:measurement_ir,129,0.0028368944886551619,8.0479703397620331e-06
point_reprojection:measurement_ir,130,-0.00021392905016455189,4.5765638504307361e-08
point_reprojection:measurement_ir,131,-0.00097425530435657492,9.4917339806692239e-07
point_reprojection:measurement_ir,132,0.00037018921500475699,1.3704005490583821e-07
point_reprojection:measurement_ir,133,4.8081240493047517e-05,2.3118056873502722e-09
point_reprojection:measurement_ir,134,2.6197070883426932e-05,6.862865228712952e-10
point_reprojection:measurement_ir,135,0.00017269054025064178,2.982202269205853e-08
point_reprojection:measurement_ir,136,-0.00021728187514327146,4.7211413265776209e-08
point_reprojection:measurement_ir,137,-9.8316540163523311e-05,9.6661420697256918e-09
point_reprojection:measurement_ir,138,0.00034637584221854925,1.1997622407260931e-07
point_reprojection:measurement_ir,139,-0.00044667753527392049,1.9952082051838449e-07
point_reprojection:measurement_ir,140,-0.0017976304416947642,3.2314752049077133e-06
point_reprojection:measurement_ir,141,0.0010025684146256707,1.0051434260050308e-06
point_reprojection:measurement_ir,142,0.00032369800192100229,1.0478039644764921e-07
point_reprojection:measurement_ir,143,0.00018974479638700359,3.6003087755945452e-08
point_reprojection:measurement_ir,144,-0.00018134912161258399,3.2887503909655781e-08
point_reprojection:measurement_ir,145,-5.4614053635759777e-05,2.9826948545296456e-09
point_reprojection:measurement_ir,146,0.00017520063120173289,3.0695261173485621e-08
point_reprojection:measurement_ir,147,0.0043229817477822511,1.8688171191658486e-05
point_reprojection:measurement_ir,148,-0.00016066113751094234,2.5812001106309924e-08
point_reprojection:measurement_ir,149,-0.0036920331649525906,1.3631108891109842e-05
point_reprojection:measurement_ir,150,-0.0006640016927065062,4.4089824791710547e-07
point_reprojection:measurement_ir,151,-0.017464192577716631,0.00030499802239157266
point_reprojection:measurement_ir,152,0.00020387450015277864,4.1564811812545337e-08
point_reprojection:measurement_ir,153,0.0034653693308428048,1.2008784599145908e-05
point_reprojection:measurement_ir,154,0.00014567277626156283,2.1220557743751341e-08
point_reprojection:measurement_ir,155,0.00028274107423840176,7.9942515061485411e-08
point_reprojection:measurement_ir,156,-3.0220281496440292e-05,9.1326541372409152e-10
point_reprojection:measurement_ir,157,0.00023249189206353549,5.4052479875282638e-08
point_reprojection:measurement_ir,158,-0.00052896890410920601,2.7980810151449439e-07
point_reprojection:measurement_ir,159,-0.00036300947782592631,1.3177588099145168e-07
point_reprojection:measurement_ir,160,0.00075465183649612297,5.6949939432697116e-07
point_reprojection:measurement_ir,161,0.00027486734906005949,7.5552059579304589e-08
point_reprojection:measurement_ir,162,-0.00028099437190576282,7.8957837042714153e-08
point_reprojection:measurement_ir,163,-0.00031222251600411256,9.7482899499938318e-08
point_reprojection:measurement_ir,164,4.6551274522244057e-05,2.1670211596453286e-09
point_reprojection:measurement_ir,165,-5.0234636842105831e-05,2.5235187386582565e-09
point_reprojection:measurement_ir,166,-0.00078459160755528501,6.1558399064618633e-07
point_reprojection:measurement_ir,167,0.00022153432163349863,4.9077455661614417e-08
point_reprojection:measurement_ir,168,0.0015291037713950572,2.3381583436945874e-06
point_reprojection:measurement_ir,169,0.00053344978199447728,2.8456866990995532e-07
point_reprojection:measurement_ir,170,-0.0013559514982489419,1.8386044656035502e-06
point_reprojection:measurement_ir,171,0.0046584727474055397,2.1701368338320119e-05
point_reprojection:measurement_ir,172,0.0028011911869697315,7.8466720659568944e-06
point_reprojection:measurement_ir,173,-0.026159160803882742,0.00068430169396339522
point_reprojection:measurement_ir,174,-0.00025350976617346534,6.4267201545325069e-08
point_reprojection:measurement_ir,175,-0.0020979195157224241,4.4012662944490109e-06
point_reprojection:measurement_ir,176,3.0018738141279754e-05,9.0112463959472387e-10
point_reprojection:measurement_ir,177,0.0034057197064612408,1.159892671897844e-05
point_reprojection:measurement_ir,178,0.00016165027465149252,2.6130811294902965e-08
point_reprojection:measurement_ir,179,0.00028748885679306111,8.2649842780181201e-08
point_reprojection:measurement_ir,180,-0.00023253072998841162,5.4070540388943594e-08
point_reprojection:measurement_ir,181,-0.00033090279633825049,1.0949666062447368e-07
point_reprojection:measurement_ir,182,5.4592303172285028e-05,2.9803195656546819e-09
point_reprojection:measurement_ir,183,0.00051274272710770679,2.6290510420184826e-07
point_reprojection:measurement_ir,184,0.00023395073335450434,5.4732945637110393e-08
point_reprojection:measurement_ir,185,-0.00061209559389681085,3.7466101606788961e-07
point_reprojection:measurement_ir,186,-0.00042312510561259842,1.7903485499967256e-07
point_reprojection:measurement_ir,187,0.00022634138227886069,5.1230421331905349e-08
point_reprojection:measurement_ir,188,0.0022732280725790586,5.1675658699615019e-06
point_reprojection:measurement_ir,189,-0.0038024444453839124,1.4458583760230968e-05
point_reprojection:measurement_ir,190,-0.00092952766397047526,8.6402167808640877e-07
point_reprojection:measurement_ir,191,0.0011041160908575876,1.2190723420906405e-06
point_reprojection:measurement_ir,192,0.00068881831716680606,4.7447067406451061e-07
point_reprojection:measurement_ir,193,0.00028630829277744854,8.1972438513137193e-08
point_reprojection:measurement_ir,194,0.00062177257216262656,3.8660113149372863e-07
point_reprojection:measurement_ir,195,0.0053575398479551953,2.8703233222427779e-05
point_reprojection:measurement_ir,196,-0.0044122088582128072,1.9467587008491564e-05
point_reprojection:measurement_ir,197,-0.041512760053279862,0.0017233092472411884
point_reprojection:measurement_ir,198,0.00060937018142794843,3.7133201801353076e-07
point_reprojection:measurement_ir,199,0.0043189981511659427,1.8653745029774831e-05
point_reprojection:measurement_ir,200,-0.00060632785507550577,3.6763346784046351e-07
point_reprojection:measurement_ir,201,2.6234025267513061e-05,6.8822408173651371e-10
point_reprojection:measurement_ir,202,0.00067335860921957646,4.5341181661012228e-07
point_reprojection:measurement_ir,203,0.00029805622182266234,8.8837511367200103e-08
point_reprojection:measurement_ir,204,-0.00049006359952272758,2.4016233157717231e-07
point_reprojection:measurement_ir,205,0.00027170496106236896,7.3823585865903428e-08
point_reprojection:measurement_ir,206,0.00031317484424562279,9.8078483068270093e-08
point_reprojection:measurement_ir,207,-0.00048504360888728114,2.3526730252239775e-07
point_reprojection:measurement_ir,208,-0.00011116969792510645,1.2358701736759418e-08
point_reprojection:measurement_ir,209,0.00018750249491858995,3.5157185600695852e-08
point_reprojection:measurement_ir,210,-0.00015564220734631817,2.4224496707634298e-08
point_reprojection:measurement_ir,211,-6.4631552299943001e-05,4.1772375527002678e-09
point_reprojection:measurement_ir,212,0.00095892767641316825,9.1954228859115787e-07
point_reprojection:measurement_ir,213,-0.0017264079680700205,2.9804844722156572e-06
point_reprojection:measurement_ir,214,-8.3778801990774812e-05,7.0188876630094537e-09
point_reprojection:measurement_ir,215,0.00023057154922980771,5.3163239314233637e-08
point_reprojection:measurement_ir,216,-1.5808110924808715e-05,2.4989637101105666e-10
point_reprojection:measurement_ir,217,0.00082298982302972943,6.7731224881050542e-07
point_reprojection:measurement_ir,218,0.00022007151635534684,4.8431472310941689e-08
point_reprojection:measurement_ir,219,0.00062159553110632262,3.8638100429135131e-07
point_reprojection:measurement_ir,220,7.698699364482309e-05,5.9269971904680312e-09
point_reprojection:measurement_ir,221,0.0031526247288638843,9.9390426810440806e-06
point_reprojection:measurement_ir,222,-0.0037152426592513164,1.3803028017120794e-05
point_reprojection:measurement_ir,223,-0.031891969652730265,0.0010170977283306681
point_reprojection:measurement_ir,224,0.00089533045247662817,8.0161661913200375e-07
point_reprojection:measurement_ir,225,0.002136082593165156,4.5628488448231774e-06
point_reprojection:measurement_ir,226,-0.00036129998513843018,1.3053767926102988e-07
point_reprojection:measurement_ir,227,0.0012368292227392884,1.5297465262218724e-06
point_reprojection:measurement_ir,228,0.00018763635366667586,3.5207401217325868e-08
point_reprojection:measurement_ir,229,0.00049717334027263858,2.4718133027785288e-07
point_reprojection:measurement_ir,230,-0.00017511868068140757,3.066655232359679e-08
point_reprojection:measurement_ir,231,-0.00029992267525358329,8.9953611131266381e-08
point_reprojection:measurement_ir,232,0.00011429929493260716,1.3064328822091117e-08
point_reprojection:measurement_ir,233,0.0002436810942754164,5.9380475707264374e-08
point_reprojection:measurement_ir,234,-5.9522544233914232e-05,3.5429332720782762e-09
point_reprojection:measurement_ir,235,-5.7321824374412242e-05,3.2857915496109614e-09
point_reprojection:measurement_ir,236,0.00013599312019323405,1.8494128739891403e-08
point_reprojection:measurement_ir,237,-0.00034149673422234628,1.166200194845278e-07
point_reprojection:measurement_ir,238,-0.00029801686716268705,8.8814053113462655e-08
point_reprojection:measurement_ir,239,-0.0018972043071698863,3.5993841831439682e-06
point_reprojection:measurement_ir,240,4.4287312289270633e-05,1.9613660298073816e-09
point_reprojection:measurement_ir,241,0.00068858417077990455,4.7414816024864873e-07
point_reprojection:measurement_ir,242,-4.74848449584897e-05,2.2548105007318048e-09
point_reprojection:measurement_ir,243,0.00035900130767458905,1.2888193891206495e-07
point_reprojection:measurement_ir,244,-8.2359284624544665e-05,6.7830517638667592e-09
point_reprojection:measurement_ir,245,0.0010796269413503978,1.1655943324896152e-06
point_reprojection:measurement_ir,246,0.00042425678989275182,1.7999382377010257e-07
point_reprojection:measurement_ir,247,0.0028024211007277701,7.8535640258042475e-06
point_reprojection:measurement_ir,248,-0.0031324609352509471,9.812311510873239e-06
point_reprojection:measurement_ir,249,-0.030940381790099992,0.00095730722531715113
point_reprojection:measurement_ir,250,0.00067117103192231302,4.504705540916625e-07
point_reprojection:measurement_ir,251,0.001783274769354648,3.1800689030168731e-06
point_reprojection:measurement_ir,252,-0.00073273556429285234,5.3690140717956476e-07
point_reprojection:measurement_ir,253,0.0022875678483615046,5.2329666608572841e-06
point_reprojection:measurement_ir,254,0.00079242206886647186,6.2793273522661944e-07
point_reprojection:measurement_ir,255,-0.0018648881244871518,3.4778077168532066e-06
point_reprojection:measurement_ir,256,-0.00033236969450172181,1.1046961382316788e-07
point_reprojection:measurement_ir,257,0.0019671085710569968,3.8695161303259e-06
point_reprojection:measurement_ir,258,2.8463137664402893e-05,8.1015020570275054e-10
point_reprojection:measurement_ir,259,-0.00060428257785360984,3.6515743389740401e-07
point_reprojection:measurement_ir,260,-1.3379285974224331e-05,1.790052931800759e-10
point_reprojection:measurement_ir,261,-0.00012090171669569827,1.4617225099966886e-08
point_reprojection:measurement_ir,262,-5.1866603098460476e-05,2.6901445169732298e-09
point_reprojection:measurement_ir,263,-0.0006737348613796712,4.5391866343828476e-07
point_reprojection:measurement_ir,264,0.0002911592644522898,8.4773717276398426e-08
point_reprojection:measurement_ir,265,0.00087928746738725745,7.7314645030429733e-07
point_reprojection:measurement_ir,266,-0.00042898676560980674,1.8402964506836326e-07
point_reprojection:measurement_ir,267,0.00024188490638152871,5.850830793520091e-08
point_reprojection:measurement_ir,268,0.00020328076743680867,4.1323070409697893e-08
point_reprojection:measurement_ir,269,0.0040964714736446695,1.6781078534384529e-05
point_reprojection:measurement_ir,270,-0.00011257008103484622,1.2672023144191845e-08
point_reprojection:measurement_ir,271,-0.0044315186069752597,1.9638357163967947e-05
point_reprojection:measurement_ir,272,0.0011233263889806721,1.2618621761803563e-06
point_reprojection:measurement_ir,273,-0.016611107570327022,0.00027592889471297568
point_reprojection:measurement_ir,274,-8.2959300516449727e-05,6.8822455421786158e-09
point_reprojection:measurement_ir,275,0.0040396075939270306,1.6318429512912933e-05
point_reprojection:measurement_ir,276,-0.00025002388176744719,6.2511941454062409e-08
point_reprojection:measurement_ir,277,-0.00012354621649137698,1.5263667609334187e-08
point_reprojection:measurement_ir,278,0.00028826018603922421,8.309393485536815e-08
point_reprojection:measurement_ir,279,0.0002874209596370747,8.2610808038696928e-08
point_reprojection:measurement_ir,280,-0.00031344446797447744,9.8247434503803212e-08
point_reprojection:measurement_ir,281,-5.4646938144742309e-05,2.986287848595292e-09
point_reprojection:measurement_ir,282,0.00033823564631347837,1.1440335243709643e-07
point_reprojection:measurement_ir,283,3.585264244065911e-05,1.2854119699777508e-09
point_reprojection:measurement_ir,284,-0.0001804686911555109,3.2568948487383177e-08
point_reprojection:measurement_ir,285,-0.00051690897906837559,2.6719489264151037e-07
point_reprojection:measurement_ir,286,-6.6715783782456134e-05,4.450995805707437e-09
point_reprojection:measurement_ir,287,0.00015483068142430056,2.3972539910313251e-08
point_reprojection:measurement_ir,288,0.00062248296208053942,3.8748503808056229e-07
point_reprojection:measurement_ir,289,0.00076254369665775814,5.8147288931247911e-07
point_reprojection:measurement_ir,290,-0.0010929796763093692,1.1946045728253335e-06
point_reprojection:measurement_ir,291,0.001491156931479054,2.2235489942980282e-06
point_reprojection:measurement_ir,292,0.0013019428444067671,1.6950551701019833e-06
point_reprojection:measurement_ir,293,0.0014960969229377951,2.2383060028239388e-06
point_reprojection:measurement_ir,294,-0.0060219940750585012,3.6264412640039695e-05
point_reprojection:measurement_ir,295,-0.031403776764238958,0.0009861971950581546
point_reprojection:measurement_ir,296,0.0010875955676738157,1.1828641188237296e-06
point_reprojection:measurement_ir,297,0.0039090781983077251,1.528089236048477e-05
point_reprojection:measurement_ir,298,-0.00039142046314282196,1.5320997896694124e-07
point_reprojection:measurement_ir,299,0.00093950141972527486,8.8266291766580706e-07
point_reprojection:measurement_ir,300,-1.8411325277156722e-05,3.3897689846127004e-10
point_reprojection:measurement_ir,301,-0.0012900806597599512,1.6643081086866708e-06
point_reprojection:measurement_ir,302,0.00016959963636509201,2.8764036655171442e-08
point_reprojection:measurement_ir,303,0.00056923861708355614,3.2403260317919944e-07
point_reprojection:measurement_ir,304,-1.8238698135064624e-05,3.3265010966200982e-10
point_reprojection:measurement_ir,305,0.00070460971946886277,4.9647485676998946e-07
point_reprojection:measurement_ir,306,-1.3255592511995928e-05,1.7571073284408251e-10
point_reprojection:measurement_ir,307,0.00012565293599209326,1.5788660323433086e-08
point_reprojection:measurement_ir,308,0.049499239396544679,0.0024501747008364408
point_reprojection:measurement_ir,309,0.085343654454163698,0.0072835393555916953
point_reprojection:measurement_ir,310,-0.047597156345347003,0.0022654892921634066
point_reprojection:measurement_ir,311,-0.087442472640131538,0.0076461860214201522
point_reprojection:measurement_ir,312,-0.00070200939858295892,4.9281719569880766e-07
point_reprojection:measurement_ir,313,0.00048903253606340518,2.3915282132860567e-07
point_reprojection:measurement_ir,314,-0.00010335342428788863,1.0681930312032328e-08
point_reprojection:measurement_ir,315,0.00096866654982932234,9.3831488475824301e-07
point_reprojection:measurement_ir,316,0.0005488438896236403,3.0122961517720664e-07
point_reprojection:measurement_ir,317,0.0026828678558331377,7.1977799318626972e-06
point_reprojection:measurement_ir,318,-0.0012379718613090064,1.5325743293928857e-06
point_reprojection:measurement_ir,319,-0.033639553195928332,0.001131619539221692
point_reprojection:measurement_ir,320,-0.00015771027042319475,2.4872529396957215e-08
point_reprojection:measurement_ir,321,0.0031917732675537992,1.0187416591471056e-05
point_reprojection:measurement_ir,322,0.00011048968153772875,1.2207969726308717e-08
point_reprojection:measurement_ir,323,0.00099658865854053143,9.9318895433161597e-07
point_reprojection:measurement_ir,324,0.00029647322721757516,8.7896374456803957e-08
point_reprojection:measurement_ir,325,7.5747308574136693e-05,5.7376547562254818e-09
point_reprojection:measurement_ir,326,-0.00040664262428435904,1.6535822388487039e-07
point_reprojection:measurement_ir,327,9.0938279527108534e-05,8.2697706833505271e-09
point_reprojection:measurement_ir,328,0.00034807023505436521,1.2115288853080105e-07
point_reprojection:measurement_ir,329,-0.00018240677718495135,3.3272232363000492e-08
point_reprojection:measurement_ir,330,-0.00016174083766600232,2.6160098568900116e-08
point_reprojection:measurement_ir,331,0.00010585136739109658,1.1204511978564903e-08
point_reprojection:measurement_ir,332,0.00015673566136911176,2.4566067544812873e-08
point_reprojection:measurement_ir,333,-0.00015178239358419886,2.3037895002148652e-08
point_reprojection:measurement_ir,334,-0.00032616809867249688,1.0638562859163165e-07
point_reprojection:measurement_ir,335,-0.00013012424485623342,1.6932319099404989e-08
point_reprojection:measurement_ir,336,0.00026273394336158163,6.9029124994326791e-08
point_reprojection:measurement_ir,337,-0.00047708865716913353,2.2761358679944703e-07
point_reprojection:measurement_ir,338,-0.00027494393622191638,7.559416806520123e-08
point_reprojection:measurement_ir,339,0.0008453476720205799,7.1461268659061391e-07
point_reprojection:measurement_ir,340,0.00019946922483313756,3.9787971655532787e-08
point_reprojection:measurement_ir,341,0.00090115904339427289,8.1208762149128103e-07
point_reprojection:measurement_ir,342,0.00057293067510499895,3.2824955847626987e-07
point_reprojection:measurement_ir,343,0.0032669752621131919,1.0673127363259559e-05
point_reprojection:measurement_ir,344,-0.0039146032026252438,1.5324118234003816e-05
point_reprojection:measurement_ir,345,-0.023691344059733409,0.00056127978335666548
point_reprojection:measurement_ir,346,0.00022906366110646558,5.2470160839497713e-08
point_reprojection:measurement_ir,347,-0.0016039530451507744,2.572665371048442e-06
point_reprojection:measurement_ir,348,0.00033590620055292677,1.1283297556990305e-07
point_reprojection:measurement_ir,349,0.0039782973929732178,1.5826850146937501e-05
point_reprojection:measurement_ir,350,-9.7988797779180456e-05,9.6018044902091208e-09
point_reprojection:measurement_ir,351,-0.001410919104750974,1.9906927201512899e-06
point_reprojection:measurement_ir,352,-0.00015755097090277558,2.4822308432407237e-08
point_reprojection:measurement_ir,353,0.00075464828834128641,5.6949403909643331e-07
point_reprojection:measurement_ir,354,0.00015605107764713467,2.4351938834832052e-08
point_reprojection:measurement_ir,355,3.15837194307278e-05,9.9753133307893281e-10
point_reprojection:measurement_ir,356,-6.2820222615300731e-05,3.946380369435941e-09
point_reprojection:measurement_ir,357,-0.00010707130027185486,1.1464263341905707e-08
point_reprojection:measurement_ir,358,-0.00011561865369458246,1.3367673082147787e-08
point_reprojection:measurement_ir,359,-0.0001189121956940653,1.4140110284783682e-08
point_reprojection:measurement_ir,360,0.00017274920271574955,2.9842287038927132e-08
point_reprojection:measurement_ir,361,0.00024989162538986421,6.2445824439988233e-08
point_reprojection:measurement_ir,362,4.1820841715889401e-05,1.7489828018254751e-09
point_reprojection:measurement_ir,363,-0.00069266865260715345,4.7978986230460947e-07
point_reprojection:measurement_ir,364,-7.2940080872285759e-05,5.3202553976555867e-09
point_reprojection:measurement_ir,365,0.00052625087463411548,2.7693998305317152e-07
point_reprojection:measurement_ir,366,-0.00025792615992941136,6.6525903975932292e-08
point_reprojection:measurement_ir,367,0.00040150564742589265,1.6120678491488522e-07
point_reprojection:measurement_ir,368,0.00093043478434537972,8.6570888791983329e-07
point_reprojection:measurement_ir,369,0.0039780690121006042,1.5825033065035077e-05
point_reprojection:measurement_ir,370,-0.0030520212160240591,9.3148335030609765e-06
point_reprojection:measurement_ir,371,-0.022547268761530858,0.00050837932860470529
point_reprojection:measurement_ir,372,-0.00065291227904253903,4.2629444412452238e-07
point_reprojection:measurement_ir,373,-0.0010978407376796896,1.2052542853090849e-06
point_reprojection:measurement_ir,374,0.001032808764875881,1.0666939448044428e-06
point_reprojection:measurement_ir,375,0.0016350464989045577,2.6733770535800517e-06
point_reprojection:measurement_ir,376,-0.00049156549009694568,2.4163663105425039e-07
point_reprojection:measurement_ir,377,0.0011332203621805092,1.2841883892605245e-06
point_reprojection:measurement_ir,378,-1.0099813266606361e-05,1.0200622802031786e-10
point_reprojection:measurement_ir,379,-0.00057163154029922221,3.2676261786486131e-07
point_reprojection:measurement_ir,380,0.00039991702967654417,1.5993363062530991e-07
point_reprojection:measurement_ir,381,0.00076048729371223087,5.783409238977529e-07
point_reprojection:measurement_ir,382,-0.0002204046930955883,4.8578228738560472e-08
point_reprojection:measurement_ir,383,-0.00056322852331049946,3.1722636947052585e-07
metric_depth:measurement_ir,0,-2.6730866857183067e-05,7.1453924293644818e-10
metric_depth:measurement_ir,1,6.4528753375370226e-06,4.1639600121793543e-11
metric_depth:measurement_ir,2,-0.00023266031632758201,5.4130822793650522e-08
metric_depth:measurement_ir,3,-0.00049155214714011739,2.4162351335805962e-07
metric_depth:measurement_ir,4,-0.0029983424337485247,8.9900573500170256e-06
metric_depth:measurement_ir,5,-0.0041698824682744112,1.7387919799222297e-05
metric_depth:measurement_ir,6,-0.0054905797857672132,3.0146466383875535e-05
metric_depth:measurement_ir,7,-0.0068432168210216032,4.6829616459513016e-05
metric_depth:measurement_ir,8,-0.0081360596059207434,6.6195465911095199e-05
metric_depth:measurement_ir,9,-0.0020002180988456966,4.0008724429498931e-06
metric_depth:measurement_ir,10,-0.006221865505843205,3.8711610372801519e-05
metric_depth:measurement_ir,11,-0.0043434847870017727,1.8865860094915834e-05
metric_depth:measurement_ir,12,-0.0027085642739016259,7.3363204258562421e-06
metric_depth:measurement_ir,13,-0.0012940397037427777,1.6745387548626958e-06
metric_depth:measurement_ir,14,-0.00014702797449639426,2.1617225284512362e-08
metric_depth:measurement_ir,15,0.0007040533217617551,4.9569107988376147e-07
metric_depth:measurement_ir,16,0.0012743276648400138,1.6239109973766025e-06
metric_depth:measurement_ir,17,0.00038188234956719745,1.458341289109632e-07
metric_depth:measurement_ir,18,0.0014031637214214411,1.9688684291132674e-06
metric_depth:measurement_ir,19,0.00072917007565291851,5.3168899922768292e-07
metric_depth:measurement_ir,20,-0.000326686623401562,1.06724149909514e-07
metric_depth:measurement_ir,21,-0.0004607092341670227,2.1225299844676454e-07
metric_depth:measurement_ir,22,-0.00071939199130919282,5.175248371598058e-07
metric_depth:measurement_ir,23,-0.0015872531190149531,2.519372463822697e-06
metric_depth:measurement_ir,24,-0.00039874976025653378,1.5900137130464316e-07
metric_depth:measurement_ir,25,-0.0001735161425766574,3.0107851734682897e-08
metric_depth:measurement_ir,26,0.0011090184375216251,1.2299218947629066e-06
metric_depth:measurement_ir,27,0.0013466237610002098,1.8133955536903502e-06
metric_depth:measurement_ir,28,0.0013550095901346815,1.8360509893569575e-06
metric_depth:measurement_ir,29,0.00048422773875286265,2.3447650297771061e-07
metric_depth:measurement_ir,30,0.00097740340770353647,9.5531742139048555e-07
metric_depth:measurement_ir,31,0.0036561579186140669,1.3367490725844347e-05
metric_depth:measurement_ir,32,0.0020756771551884603,4.3084356525712596e-06
metric_depth:measurement_ir,33,-0.00047678232499595021,2.273213854285439e-07
metric_depth:measurement_ir,34,-0.0028559742403625687,8.1565888616145513e-06
metric_depth:measurement_ir,35,-0.00094591633867332505,8.9475771976914862e-07
metric_depth:measurement_ir,36,-0.0022976651784623048,5.2792652723182148e-06
metric_depth:measurement_ir,37,1.9675152731091216e-05,3.8711163499176616e-10
metric_depth:measurement_ir,38,-0.00094325127501977419,8.8972296782642974e-07
metric_depth:measurement_ir,39,-0.0014461202907497749,2.0912638953182135e-06
metric_depth:measurement_ir,40,-0.0016320561169388625,2.663607168837558e-06
metric_depth:measurement_ir,41,-0.0016083131334252432,2.5866711351481242e-06
metric_depth:measurement_ir,42,-0.0015260508692349186,2.3288312554926505e-06
metric_depth:measurement_ir,43,-0.00035365241360456605,1.2507002964833505e-07
metric_depth:measurement_ir,44,-0.0013599483185298133,1.8494594290720668e-06
metric_depth:measurement_ir,45,-0.0014796304931249614,2.1893063961852167e-06
metric_depth:measurement_ir,46,-0.0018034512410445291,3.2524363788250525e-06
metric_depth:measurement_ir,47,-0.0022990905438617483,5.2858173288745095e-06
metric_depth:measurement_ir,48,-0.0028356376350861636,8.0408407975170499e-06
metric_depth:measurement_ir,49,-0.00069173943551622543,4.7850344664830616e-07
metric_depth:measurement_ir,50,-0.0010612038042690842,1.1261535141951768e-06
metric_depth:measurement_ir,51,3.1497396313806547e-05,9.9208597454899424e-10
metric_depth:measurement_ir,52,-0.00013492934037873106,1.8205926895039463e-08
metric_depth:measurement_ir,53,0.0024264159464687297,5.8874943452777413e-06
metric_depth:measurement_ir,54,0.0035566375294486365,1.2649670515882501e-05
metric_depth:measurement_ir,55,0.0037171632743732367,1.3817302808349162e-05
metric_depth:measurement_ir,56,0.0031772786092717272,1.009509936093568e-05
metric_depth:measurement_ir,57,0.002231344536154989,4.9788984390287227e-06
metric_depth:measurement_ir,58,0.001017849494982448,1.0360175944360244e-06
metric_depth:measurement_ir,59,-0.00035103484984162498,1.232254658033322e-07
metric_depth:measurement_ir,60,-0.0018140634379387511,3.290826156866161e-06
metric_depth:measurement_ir,61,-0.0031716043450058075,1.0059074121259718e-05
metric_depth:measurement_ir,62,-0.00094230392687721931,8.879366906082279e-07
metric_depth:measurement_ir,63,-0.0022118018598352943,4.8920674671708668e-06
metric_depth:measurement_ir,64,-0.00056815615496290666,3.2280141642223439e-07
metric_depth:measurement_ir,65,-6.9721302613112715e-05,4.861060038069238e-09
metric_depth:measurement_ir,66,0.0016171118798391948,2.6150508319170544e-06
metric_depth:measurement_ir,67,0.0020111533222722856,4.044737685686852e-06
metric_depth:measurement_ir,68,0.00134058199910716,1.7971600963301497e-06
metric_depth:measurement_ir,69,-0.00017992785947567038,3.2374034615496584e-08
metric_depth:measurement_ir,70,-0.00058916602788806611,3.4711660841740151e-07
metric_depth:measurement_ir,71,-0.0050762452825023011,2.5768266168126867e-05
metric_depth:measurement_ir,72,-0.0081467665867042353,6.6369805818240573e-05
metric_depth:measurement_ir,73,-0.01127443870980427,0.00012711296822113299
metric_depth:measurement_ir,74,-0.013992370131204536,0.00019578642188862482
metric_depth:measurement_ir,75,-0.0036029568606637751,1.2981298139804165e-05
metric_depth:measurement_ir,76,-0.011770747969894881,0.00013855050777078446
metric_depth:measurement_ir,77,-0.0070556040590231024,4.9781548637703278e-05
metric_depth:measurement_ir,78,0.00012360101299742078,1.527721041398858e-08
metric_depth:measurement_ir,79,-0.0037439819697466792,1.4017400989788223e-05
metric_depth:measurement_ir,80,-0.0053196409994323186,2.8298580362841277e-05
metric_depth:measurement_ir,81,-0.0052400645922590083,2.7458276931046566e-05
metric_depth:measurement_ir,82,-0.0041593964823275712,1.7300579097198973e-05
metric_depth:measurement_ir,83,-0.0026128872969391373,6.8271800265059114e-06
metric_depth:measurement_ir,84,-0.001072124079719794,1.1494500423150152e-06
metric_depth:measurement_ir,85,0.00025136497963136329,6.3184352985075678e-08
metric_depth:measurement_ir,86,0.00023198936990395102,5.3819067748432216e-08
metric_depth:measurement_ir,87,0.0021783786316727396,4.7453334629283978e-06
metric_depth:measurement_ir,88,0.0025428785320743773,6.4662312288847397e-06
metric_depth:measurement_ir,89,-0.00021598550438253205,4.6649738103376771e-08
metric_depth:measurement_ir,90,0.0061471996309358625,3.7788063302578001e-05
metric_depth:measurement_ir,91,0.009123373519862055,8.3235944382920144e-05
metric_depth:measurement_ir,92,0.0095835938648047413,9.1845271365523083e-05
metric_depth:measurement_ir,93,0.0082903079880374715,6.8729206536517908e-05
metric_depth:measurement_ir,94,0.0014207887930840269,2.0186407945531659e-06
metric_depth:measurement_ir,95,0.0021584856754173209,4.6590604109817681e-06
metric_depth:measurement_ir,96,-0.0021346290962151126,4.5566413784081484e-06
metric_depth:measurement_ir,97,-0.0067388550508706404,4.5412167396644741e-05
metric_depth:measurement_ir,98,-0.0028085056657827239,7.887704074733661e-06
metric_depth:measurement_ir,99,-0.013664424906392591,0.00018671650802244217
metric_depth:measurement_ir,100,-0.0091855530123993844,8.4374384143599406e-05
metric_depth:measurement_ir,101,-0.0046829341375972163,2.1929872137073385e-05
metric_depth:measurement_ir,102,4.246174133690772e-05,1.8029994773624577e-09
metric_depth:measurement_ir,103,-0.0010949422762263961,1.1988985882678416e-06
metric_depth:measurement_ir,104,-0.001795028572285995,3.2221275753230975e-06
metric_depth:measurement_ir,105,-0.0022420106690042908,5.0266118399290678e-06
metric_depth:measurement_ir,106,-0.00063643952189584862,4.0505526503101637e-07
metric_depth:measurement_ir,107,-0.0027736984249675523,7.6934029526674802e-06
metric_depth:measurement_ir,108,-0.0030895119041523421,9.5450838058990297e-06
metric_depth:measurement_ir,109,-0.0035668489814041139,1.2722411656143565e-05
metric_depth:measurement_ir,110,-0.0040657314676018526,1.6530172366647915e-05
metric_depth:measurement_ir,111,-0.0010599265181460149,1.1234442238691345e-06
metric_depth:measurement_ir,112,-0.002593382780735576,6.7256342474157888e-06
metric_depth:measurement_ir,113,-0.0008929495365811225,7.9735887488044139e-07
metric_depth:measurement_ir,114,-0.00012658428226486329,1.6023580516510583e-08
metric_depth:measurement_ir,115,0.0019087970639657392,3.6435062314042263e-06
metric_depth:measurement_ir,116,0.002802686190624337,7.8550498831163569e-06
metric_depth:measurement_ir,117,0.0028379370762644743,8.0538868488365524e-06
metric_depth:measurement_ir,118,0.002274072213080203,5.1714044303034923e-06
metric_depth:measurement_ir,119,0.00032811415572380214,1.0765889918634348e-07
metric_depth:measurement_ir,120,5.0509588806768595e-05,2.5512185614288433e-09
metric_depth:measurement_ir,121,-0.0014730963937084507,2.1700129851568429e-06
metric_depth:measurement_ir,122,-0.0031226462246890297,9.7509194445646499e-06
metric_depth:measurement_ir,123,-0.0046629719992163478,2.1743307865475702e-05
metric_depth:measurement_ir,124,-0.0013794659683552979,1.9029263578504198e-06
metric_depth:measurement_ir,125,-0.00410891955647692,1.6883219921598491e-05
metric_depth:measurement_ir,126,-0.0019876405209108051,3.950714840366577e-06
metric_depth:measurement_ir,127,-3.4693507779470775e-05,1.2036394820441992e-09
metric_depth:measurement_ir,128,0.00053479654026338257,2.8600733947768379e-07
metric_depth:measurement_ir,129,0.00065809701799888207,4.330916850990209e-07
metric_depth:measurement_ir,130,0.00051648264602617295,2.6675432364619708e-07
metric_depth:measurement_ir,131,0.00017751877635818758,3.1512915959708216e-08
metric_depth:measurement_ir,132,-0.0003184229194542088,1.0139315563374155e-07
metric_depth:measurement_ir,133,-0.0010232481517793435,1.0470367801198424e-06
metric_depth:measurement_ir,134,-0.0019026225194788803,3.6199724516281624e-06
metric_depth:measurement_ir,135,-0.002772307670677732,7.6856898208985926e-06
metric_depth:measurement_ir,136,-0.0005720942658690942,3.2729184904029786e-07
metric_depth:measurement_ir,137,-0.00073595241555248761,5.4162595795754138e-07
metric_depth:measurement_ir,138,-0.0001039261702070693,1.0800648853908738e-08
metric_depth:measurement_ir,139,0.0017910707349068301,3.2079343774396926e-06
metric_depth:measurement_ir,140,0.0024278373615687077,5.8943942542289034e-06
metric_depth:measurement_ir,141,0.0021030757976607363,4.422927810706342e-06
metric_depth:measurement_ir,142,0.0011141184506421543,1.2412599220612745e-06
metric_depth:measurement_ir,143,-0.00033666071450690895,1.1334043669230246e-07
metric_depth:measurement_ir,144,-0.0021182429291696004,4.4869531069770088e-06
metric_depth:measurement_ir,145,-0.0040566027112916899,1.6456025557259091e-05
metric_depth:measurement_ir,146,-0.0058660887839022905,3.4410997620624251e-05
metric_depth:measurement_ir,147,-0.0016618912646368721,2.7618825754763419e-06
metric_depth:measurement_ir,148,-0.0049847214167182408,2.4847447602289507e-05
metric_depth:measurement_ir,149,-0.0026565114506280187,7.05705308731778e-06
metric_depth:measurement_ir,150,4.8781342321113641e-07,2.3796193586496729e-13
metric_depth:measurement_ir,151,-0.00072340791698297666,5.2331901435364925e-07
metric_depth:measurement_ir,152,-0.001365408306368332,1.8643398430996368e-06
metric_depth:measurement_ir,153,-0.0021017392899307374,4.4173080428385603e-06
metric_depth:measurement_ir,154,-0.00074026644443097038,5.4799440875047101e-07
metric_depth:measurement_ir,155,-0.00097725947347037105,9.5503607848758686e-07
metric_depth:measurement_ir,156,-0.0048081724054704006,2.311852188072702e-05
metric_depth:measurement_ir,157,-0.005732839471325901,3.2865448403992239e-05
metric_depth:measurement_ir,158,-0.0065153592804660047,4.2449906553554494e-05
metric_depth:measurement_ir,159,-0.0016533295207028956,2.7334985040276665e-06
metric_depth:measurement_ir,160,-0.0044664065401226255,1.9948787381650162e-05
metric_depth:measurement_ir,161,-0.0020550244802891361,4.2231256145876336e-06
metric_depth:measurement_ir,162,-5.0780631675451107e-05,2.5786725533578282e-09
metric_depth:measurement_ir,163,0.00097046642773088729,9.4180508735274947e-07
metric_depth:measurement_ir,164,0.0013784060823778699,1.9000033279363072e-06
metric_depth:measurement_ir,165,0.0013807851794444658,1.9065677117734857e-06
metric_depth:measurement_ir,166,0.0010559349715967949,1.114998664241124e-06
metric_depth:measurement_ir,167,0.00050563280890787428,2.5566453744406692e-07
metric_depth:measurement_ir,168,-0.00024350342680405925,5.9293918865319841e-08
metric_depth:measurement_ir,169,-0.0011215394833044901,1.2578508126109028e-06
metric_depth:measurement_ir,170,-0.002179944011440638,4.7521558930159005e-06
metric_depth:measurement_ir,171,-0.0032462862335258082,1.0538374309979177e-05
metric_depth:measurement_ir,172,-0.00098852122780003211,9.7717421781128297e-07
metric_depth:measurement_ir,173,-0.003017422686550164,9.1048396693076096e-06
metric_depth:measurement_ir,174,-0.001250158681165825,1.5628967280942751e-06
metric_depth:measurement_ir,175,-6.3480363706425175e-05,4.0297565763000228e-09
metric_depth:measurement_ir,176,0.0012628949431928494,1.5949036375420703e-06
metric_depth:measurement_ir,177,0.001823831211454463,3.3263602878754544e-06
metric_depth:measurement_ir,178,0.0018334515403398476,3.3615445507745595e-06
metric_depth:measurement_ir,179,0.0014463316900973579,2.0918753577798794e-06
metric_depth:measurement_ir,180,0.00077686104184899736,6.0351307834270967e-07
metric_depth:measurement_ir,181,-8.4927494222197816e-05,7.2126792748614437e-09
metric_depth:measurement_ir,182,-0.0010568957702488558,1.1170286691699222e-06
metric_depth:measurement_ir,183,-0.0021616513019482309,4.6727363512144819e-06
metric_depth:measurement_ir,184,-0.0032998401403906644,1.088894495213348e-05
metric_depth:measurement_ir,185,-0.0010522898576161401,1.1073139444417964e-06
metric_depth:measurement_ir,186,-0.0034555813603391887,1.1941042537923638e-05
metric_depth:measurement_ir,187,-0.0017368525797232248,3.0166568836912211e-06
metric_depth:measurement_ir,188,-5.8880780417158718e-05,3.4669463025336616e-09
metric_depth:measurement_ir,189,0.0012647196183779741,1.5995157131101285e-06
metric_depth:measurement_ir,190,0.0023037549175933592,5.3072867203355852e-06
metric_depth:measurement_ir,191,0.003189098745618324,1.0170350809304368e-05
temporal_acceleration:state_sequence,0,0.0017066246637181814,2.9125677428111958e-06
temporal_acceleration:state_sequence,1,0.022424408544944364,0.00050285409859057381
temporal_acceleration:state_sequence,2,-0.00010550849925738959,1.1132043415546579e-08
temporal_acceleration:state_sequence,3,-0.0036886539828818316,1.3606168205429999e-05
temporal_acceleration:state_sequence,4,0.0010756021381823375,1.1569199596624162e-06
temporal_acceleration:state_sequence,5,-0.00070337987573054761,4.9474324958272063e-07
temporal_acceleration:state_sequence,6,0.011796109278025615,0.00013914819409912202
temporal_acceleration:state_sequence,7,0.036569780598899551,0.0013373488530516501
temporal_acceleration:state_sequence,8,2.4524843300621768e-05,6.0146793892005245e-10
temporal_acceleration:state_sequence,9,-0.0044523152230868668,1.9823110845731055e-05
temporal_acceleration:state_sequence,10,0.059749970680094792,0.0035700589962721872
temporal_acceleration:state_sequence,11,-0.00099575849527022697,9.9153498090282658e-07
temporal_acceleration:state_sequence,12,-0.0035090620300837205,1.2313516330975282e-05
temporal_acceleration:state_sequence,13,0.057784998792268984,0.0033391060854225281
temporal_acceleration:state_sequence,14,-0.0010654091640516228,1.1350966868451777e-06
temporal_acceleration:state_sequence,15,0.0024658079258681881,6.0802087272743758e-06
temporal_acceleration:state_sequence,16,0.037795386702040003,0.0014284912559567422
temporal_acceleration:state_sequence,17,-0.0002281408411519692,5.204824340152804e-08
temporal_acceleration:state_sequence,18,0.0064809459182178786,4.2002659994864982e-05
temporal_acceleration:state_sequence,19,0.062867043743094084,0.0039522651889961052
temporal_acceleration:state_sequence,20,0.00042710178825178247,1.8241593752787042e-07
temporal_acceleration:state_sequence,21,-0.015204328589596833,0.00023117160786043163
temporal_acceleration:state_sequence,22,-0.1912332064043524,0.036570139231689648
temporal_acceleration:state_sequence,23,0.01020021425312212,0.00010404437080959564
temporal_acceleration:state_sequence,24,-0.00098170318177763505,9.6374113711233226e-07
temporal_acceleration:state_sequence,25,-0.22205143785410558,0.049306841053075715
temporal_acceleration:state_sequence,26,0.011741569135725882,0.00013786444576903065
temporal_acceleration:state_sequence,27,0.0078820441045622525,6.2126619266264564e-05
temporal_acceleration:state_sequence,28,0.010458379976302582,0.00010937771172872681
temporal_acceleration:state_sequence,29,0.00070981306644180009,5.0383458929151131e-07
temporal_acceleration:state_sequence,30,-0.014844729523113345,0.00022036599461439297
temporal_acceleration:state_sequence,31,0.032071054838632408,0.0010285525584625673
temporal_acceleration:state_sequence,32,-0.0017390014695806144,3.0241261112035364e-06
temporal_acceleration:state_sequence,33,0.011482115197452084,0.00013183896940756009
temporal_acceleration:state_sequence,34,0.020517487770680971,0.00042096730442004322
temporal_acceleration:state_sequence,35,-0.0015742567352972081,2.478284268628624e-06
temporal_acceleration:state_sequence,36,0.0031292863625843187,9.7924331390561961e-06
temporal_acceleration:state_sequence,37,0.018851142884126662,0.00035536558803775928
temporal_acceleration:state_sequence,38,-0.0019108060065153865,3.6511795945352793e-06
temporal_acceleration:state_sequence,39,-0.0060184548461566373,3.6221798735226313e-05
temporal_acceleration:state_sequence,40,0.019484999411993713,0.00037966520208539535
temporal_acceleration:state_sequence,41,-0.002113788807058814,4.4681031208471244e-06
temporal_acceleration:state_sequence,42,0.0074861109775758994,5.6041857568582391e-05
temporal_acceleration:state_sequence,43,0.031078048334027754,0.00096584508825216524
temporal_acceleration:state_sequence,44,-0.0020057639512849335,4.0230890282741491e-06
temporal_acceleration:state_sequence,45,-0.0015598475390752459,2.4331243451591009e-06
temporal_acceleration:state_sequence,46,0.030530896604484402,0.00093213564747371717
temporal_acceleration:state_sequence,47,-0.0022648043546391605,5.1293387647925041e-06
temporal_acceleration:state_sequence,48,0.0045132834523823467,2.0369727521548316e-05
temporal_acceleration:state_sequence,49,0.05590499193363211,0.0031253681230994715
temporal_acceleration:state_sequence,50,-0.0026969100734008933,7.2733239440112113e-06
temporal_acceleration:state_sequence,51,-0.0072781010808716656,5.2970755343385308e-05
temporal_acceleration:state_sequence,52,0.12057819907051633,0.014539102091089063
temporal_acceleration:state_sequence,53,-0.0039259140637226686,1.5412801235735438e-05
temporal_acceleration:state_sequence,54,0.0020765075263329269,4.3118835069172912e-06
temporal_acceleration:state_sequence,55,0.034196200080491908,0.0011693800999450347
temporal_acceleration:state_sequence,56,-0.0027275932377568424,7.4397648706568547e-06
temporal_acceleration:state_sequence,57,0.0072152584718169349,5.205995481512605e-05
temporal_acceleration:state_sequence,58,0.011126164912153196,0.00012379154565242894
temporal_acceleration:state_sequence,59,-0.00328781153008606,1.0809704657366839e-05
temporal_acceleration:state_sequence,60,-0.010771991281359403,0.00011603579616568298
temporal_acceleration:state_sequence,61,-0.22648117457478986,0.051293722436776441
temporal_acceleration:state_sequence,62,0.0034387091764109812,1.1824720799933089e-05
temporal_acceleration:state_sequence,63,-0.015168983626502874,0.00023009806426111231
temporal_acceleration:state_sequence,64,-0.20913361744849165,0.043736869947092055
temporal_acceleration:state_sequence,65,0.01660747053422007,0.00027580807754498785
temporal_acceleration:state_sequence,66,-0.00016783440732005828,2.816838828047523e-08
temporal_acceleration:state_sequence,67,0.062740584724844256,0.0039363809716153608
temporal_acceleration:state_sequence,68,-0.00072722491045285054,5.2885607038315644e-07
temporal_acceleration:state_sequence,69,0.0029520842436747685,8.7148013817528308e-06
temporal_acceleration:state_sequence,70,0.032752138372479797,0.0010727025679700636
temporal_acceleration:state_sequence,71,-0.0068804981505610208,4.734125479987363e-05
temporal_acceleration:state_sequence,72,-0.0003857692175454619,1.4881788920563792e-07
temporal_acceleration:state_sequence,73,0.030638113575308438,0.00093869400345349921
temporal_acceleration:state_sequence,74,-0.013940196644224301,0.00019432908247964245
temporal_acceleration:state_sequence,75,0.0098382633763621774,9.6791426262669316e-05
temporal_acceleration:state_sequence,76,0.023983620023374862,0.00057521402942562762
temporal_acceleration:state_sequence,77,-0.0074637804044241918,5.5708017925466554e-05
temporal_acceleration:state_sequence,78,0.005707546587259138,3.2576088045733432e-05
temporal_acceleration:state_sequence,79,0.028297032890183125,0.00080072207038810552
temporal_acceleration:state_sequence,80,-0.0016372821024601691,2.6806926830363918e-06
temporal_acceleration:state_sequence,81,-0.0022455552916324922,5.0425185677786872e-06
temporal_acceleration:state_sequence,82,0.02183137945697158,0.00047660912899428071
temporal_acceleration:state_sequence,83,0.0040965395410186289,1.6781636211129119e-05
temporal_acceleration:state_sequence,84,-0.00046290204709857619,2.1427830520805244e-07
temporal_acceleration:state_sequence,85,0.0091038916521307602,8.2880843213736145e-05
temporal_acceleration:state_sequence,86,0.0099342950780401118,9.8690218697571993e-05
temporal_acceleration:state_sequence,87,0.0066334042333043158,4.4002051722419618e-05
temporal_acceleration:state_sequence,88,0.072261884289272313,0.0052217799210361807
temporal_acceleration:state_sequence,89,-0.015901131342874741,0.0002528459779833535
temporal_acceleration:state_sequence,90,0.020865510230207301,0.00043536951716688555
temporal_acceleration:state_sequence,91,0.033720116628321778,0.0011370462654276229
temporal_acceleration:state_sequence,92,-0.009478750365898847,8.984670849902752e-05
temporal_acceleration:state_sequence,93,-0.038089899610388098,0.0014508404523294433
temporal_acceleration:state_sequence,94,0.10626288579961611,0.011291800898462255
temporal_acceleration:state_sequence,95,-0.0069427051197057388,4.8201154379188274e-05
temporal_acceleration:state_sequence,96,0.024531616047218235,0.00060180018588813528
temporal_acceleration:state_sequence,97,0.019418440783999416,0.00037707584248169188
temporal_acceleration:state_sequence,98,0.0012376254629864469,1.531716786632417e-06
temporal_acceleration:state_sequence,99,-0.010531934001388674,0.00011092163380960684
temporal_acceleration:state_sequence,100,-0.14666956210507559,0.021511960448094624
temporal_acceleration:state_sequence,101,0.010367862864539834,0.00010749258037790414
temporal_acceleration:state_sequence,102,-0.023270518886894104,0.00054151704926529523
temporal_acceleration:state_sequence,103,-0.25328688295743884,0.064154245078295327
temporal_acceleration:state_sequence,104,0.017240652075443119,0.00029724008398648112
temporal_acceleration:state_sequence,105,0.0065468815169109074,4.2861657596469664e-05
temporal_acceleration:state_sequence,106,0.014310840719386857,0.00020480016209566094
temporal_acceleration:state_sequence,107,0.0059381439640149303,3.5261553737366947e-05
temporal_acceleration:state_sequence,108,0.011140740821241127,0.00012411610604606843
temporal_acceleration:state_sequence,109,0.023204051623807766,0.00053842801176033584
temporal_acceleration:state_sequence,110,0.0053588969309670276,2.8717776316727827e-05
temporal_acceleration:state_sequence,111,-0.011024630206183314,0.00012154247118308954
temporal_acceleration:state_sequence,112,0.03027886231652515,0.00091680950318308676
temporal_acceleration:state_sequence,113,0.0032861243715776034,1.0798613385476299e-05
temporal_acceleration:state_sequence,114,-0.0042159028028403156,1.777383644299683e-05
temporal_acceleration:state_sequence,115,0.025175971084085032,0.0006338295200266857
temporal_acceleration:state_sequence,116,0.0022638084967208094,5.1248289098253313e-06
temporal_acceleration:state_sequence,117,0.011800252760357649,0.00013924596520832833
temporal_acceleration:state_sequence,118,0.026548949579398771,0.00070484672376945818
temporal_acceleration:state_sequence,119,0.0014977057835929841,2.2431226142078744e-06
temporal_acceleration:state_sequence,120,-0.0019385121076357509,3.7578291914504008e-06
temporal_acceleration:state_sequence,121,0.022109839366216338,0.0004888449967998897
temporal_acceleration:state_sequence,122,0.00041799486197424685,1.7471970463686968e-07
temporal_acceleration:state_sequence,123,0.012267485870137984,0.00015049120957403509
temporal_acceleration:state_sequence,124,0.016572814584278242,0.00027465818324486562
temporal_acceleration:state_sequence,125,0.00020842107590235415,4.3439344880294866e-08
temporal_acceleration:state_sequence,126,0.012953123638978631,0.000167783412006667
temporal_acceleration:state_sequence,127,0.034394699585145398,0.0011829953595524009
temporal_acceleration:state_sequence,128,-0.00040557056377288347,1.6448748219905455e-07
temporal_acceleration:state_sequence,129,-0.0007895366618680677,6.2336814043377148e-07
temporal_acceleration:state_sequence,130,0.047265115794169379,0.0022339911710362397
temporal_acceleration:state_sequence,131,-0.0012453107891685633,1.55079896161963e-06
temporal_acceleration:state_sequence,132,0.0040196623443294888,1.6157685362420443e-05
temporal_acceleration:state_sequence,133,0.057597878473804008,0.0033175156046830953
temporal_acceleration:state_sequence,134,-0.0014581326666029959,2.1261508734147637e-06
temporal_acceleration:state_sequence,135,0.0064707932838372478,4.1871165722153231e-05
temporal_acceleration:state_sequence,136,0.053458908844968359,0.002857854934894636
temporal_acceleration:state_sequence,137,-0.0012272753921260815,1.5062048881182272e-06
temporal_acceleration:state_sequence,138,0.0098564396295096335,9.7149402170168005e-05
temporal_acceleration:state_sequence,139,0.032518395757575168,0.0010574460626462828
temporal_acceleration:state_sequence,140,-0.00029219848862283015,8.5379956753466207e-08
temporal_acceleration:state_sequence,141,-0.017078999542013695,0.00029169222535610403
temporal_acceleration:state_sequence,142,-0.097924749325419683,0.0095892565304462832
temporal_acceleration:state_sequence,143,0.0043230498874713419,1.8688760329565982e-05
temporal_acceleration:state_sequence,144,-0.0015788877312963162,2.4928864680380283e-06
temporal_acceleration:state_sequence,145,-0.27283079325148141,0.074436641746232587
temporal_acceleration:state_sequence,146,0.011693386034101749,0.00013673527694252585
temporal_acceleration:state_sequence,147,-0.0104036858389428,0.00010823667903541896
temporal_acceleration:state_sequence,148,0.0016142173182624212,2.6056975505783229e-06
temporal_acceleration:state_sequence,149,-0.0043789481229494776,1.9175186663482751e-05
temporal_acceleration:state_sequence,150,0.014764299522435458,0.00021798454038818787
temporal_acceleration:state_sequence,151,0.025858255154302987,0.000668649359625037
temporal_acceleration:state_sequence,152,-0.0089937709805387733,8.0887916450381363e-05
temporal_acceleration:state_sequence,153,0.00035687355514756047,1.2735873436365889e-07
temporal_acceleration:state_sequence,154,0.028540377941134971,0.00081455317302282359
temporal_acceleration:state_sequence,155,-0.013330677094585131,0.00017770695180009666
temporal_acceleration:state_sequence,156,-0.012592018860274404,0.00015855893897750629
temporal_acceleration:state_sequence,157,0.026347351742658041,0.00069418294385134572
temporal_acceleration:state_sequence,158,-0.010222312170480308,0.00010449566611074982
temporal_acceleration:state_sequence,159,0.012253419920459554,0.00015014629974711502
temporal_acceleration:state_sequence,160,0.018311400020590448,0.00033530737071407984
temporal_acceleration:state_sequence,161,-0.006926398843254411,4.7975000935836045e-05
temporal_acceleration:state_sequence,162,-0.0063861704603360506,4.0783173148468767e-05
temporal_acceleration:state_sequence,163,0.032165769285530471,0.0010346367137299755
temporal_acceleration:state_sequence,164,-0.0050029315001842711,2.5029323595536042e-05
temporal_acceleration:state_sequence,165,0.0044852377687942466,2.0117357842618392e-05
temporal_acceleration:state_sequence,166,0.019217660166379543,0.00036931846227045102
temporal_acceleration:state_sequence,167,-0.0029003529143967199,8.4120470280495472e-06
temporal_acceleration:state_sequence,168,-0.0063078452619058124,3.9788911848147607e-05
temporal_acceleration:state_sequence,169,0.036950570221332156,0.0013653446396815986
temporal_acceleration:state_sequence,170,-0.0019111497718271586,3.6524934503550003e-06
temporal_acceleration:state_sequence,171,0.008479796413221833,7.190694720968986e-05
temporal_acceleration:state_sequence,172,0.056149310137695897,0.0031527450289391594
temporal_acceleration:state_sequence,173,-0.0011099235975087218,1.2319303923067032e-06
temporal_acceleration:state_sequence,174,-0.011171669614732545,0.00012480620198073841
temporal_acceleration:state_sequence,175,0.075536851178518466,0.0057058158859656467
temporal_acceleration:state_sequence,176,-0.00067245888052402947,4.5220094599563093e-07
temporal_acceleration:state_sequence,177,-0.0077406318063352308,5.9917380761248617e-05
temporal_acceleration:state_sequence,178,0.056266736833216917,0.0031659456738584893
temporal_acceleration:state_sequence,179,0.00075348343592906986,5.6773728821947675e-07
temporal_acceleration:state_sequence,180,-2.4226506802615955e-05,5.8692363185719709e-10
temporal_acceleration:state_sequence,181,-0.058000808875691638,0.0033640938302345099
temporal_acceleration:state_sequence,182,0.0054280681754592663,2.9463924117433688e-05
temporal_acceleration:state_sequence,183,-0.027767461314007227,0.00077103190782488789
temporal_acceleration:state_sequence,184,-0.29816373564931631,0.088901613256355372
temporal_acceleration:state_sequence,185,0.015393037215545302,0.00023694559471916266
temporal_acceleration:state_sequence,186,0.02746807680643967,0.00075449524344446889
temporal_acceleration:state_sequence,187,-0.043230705296918949,0.0018688938804690561
temporal_acceleration:state_sequence,188,0.0006159418371365355,3.7938434673513041e-07
temporal_acceleration:state_sequence,189,-0.015126193328613546,0.00022880172461459293
temporal_acceleration:state_sequence,190,0.064909190604894446,0.0042132030249825174
temporal_acceleration:state_sequence,191,-0.0081800775180207452,6.6913668200828437e-05
temporal_acceleration:state_sequence,192,-0.010181294517621012,0.00010365875805453969
temporal_acceleration:state_sequence,193,0.018193580939265278,0.00033100638739359681
temporal_acceleration:state_sequence,194,-0.011165589381618712,0.00012467038623891654
temporal_acceleration:state_sequence,195,0.008713102917083989,7.5918162443697518e-05
temporal_acceleration:state_sequence,196,0.024633874624947615,0.000606827779037638
temporal_acceleration:state_sequence,197,-0.0092342267144251977,8.5270943013403979e-05
temporal_acceleration:state_sequence,198,0.0034814204261453957,1.2120288183582389e-05
temporal_acceleration:state_sequence,199,0.028426073119600642,0.00080804163300088219
temporal_acceleration:state_sequence,200,-0.0076043768971278958,5.7826547993572481e-05
temporal_acceleration:state_sequence,201,-0.0035144932883387874,1.2351663073778383e-05
temporal_acceleration:state_sequence,202,0.022871203272877189,0.00052309193914926828
temporal_acceleration:state_sequence,203,-0.0060709895386978907,3.6856913978979225e-05
temporal_acceleration:state_sequence,204,0.0037796955424220478,1.4286098393405098e-05
temporal_acceleration:state_sequence,205,0.022606344645039012,0.00051104681821028406
temporal_acceleration:state_sequence,206,-0.0046873313821005347,2.1971075485624509e-05
temporal_acceleration:state_sequence,207,-0.011795401379044602,0.0001391314936927673
temporal_acceleration:state_sequence,208,0.047135249905561429,0.0022217317836597285
temporal_acceleration:state_sequence,209,-0.0038774637062366502,1.5034724793182459e-05
temporal_acceleration:state_sequence,210,0.0022060708721659099,4.8667486930188582e-06
temporal_acceleration:state_sequence,211,0.057862766899755953,0.0033480997932954933
temporal_acceleration:state_sequence,212,-0.0025067152375135571,6.2836212819826487e-06
temporal_acceleration:state_sequence,213,-0.0053455712682165882,2.8575132183582703e-05
temporal_acceleration:state_sequence,214,0.058295254500500021,0.0033983366972780678
temporal_acceleration:state_sequence,215,-0.00040822013498642562,1.6664367860833556e-07
temporal_acceleration:state_sequence,216,-0.00089432719594620402,7.9982113340899998e-07
temporal_acceleration:state_sequence,217,0.061810035517238522,0.0038204804906422874
temporal_acceleration:state_sequence,218,0.0029267192978532641,8.5656858484267033e-06
temporal_acceleration:state_sequence,219,-0.0082808972603507294,6.8573259436484213e-05
temporal_acceleration:state_sequence,220,-0.17795526583469648,0.031668076638297495
temporal_acceleration:state_sequence,221,0.016417672213928647,0.00026953996092400476
temporal_acceleration:state_sequence,222,-0.0051008621742248267,2.6018794920437625e-05
temporal_acceleration:state_sequence,223,-0.20988435814167367,0.04405144379254234
temporal_acceleration:state_sequence,224,0.021860977030077056,0.00047790231670955663
temporal_acceleration:state_sequence,225,0.0091572727017205993,8.3855643333677281e-05
temporal_acceleration:state_sequence,226,0.0089317191978197045,7.9775607828701069e-05
temporal_acceleration:state_sequence,227,0.014814745986508893,0.00021947669864478135
temporal_acceleration:state_sequence,228,0.0096656994553716638,9.3425745961572075e-05
temporal_acceleration:state_sequence,229,0.029164698212889258,0.00085057962184890588
temporal_acceleration:state_sequence,230,0.0176004368653504,0.00030977537785118538
temporal_acceleration:state_sequence,231,0.00035886963386584647,1.2878741411100671e-07
temporal_acceleration:state_sequence,232,0.033610166453106521,0.001129643289005527
temporal_acceleration:state_sequence,233,0.02173316870830666,0.0004723306221037198
temporal_acceleration:state_sequence,234,-0.0070002649257700639,4.900370903096656e-05
temporal_acceleration:state_sequence,235,0.025081129500975834,0.00062906305704472031
temporal_acceleration:state_sequence,236,0.016370885378989009,0.00026800588809199608
temporal_acceleration:state_sequence,237,0.020972430280227078,0.00043984283185898563
temporal_acceleration:state_sequence,238,0.036878418619762869,0.0013600177598944727
temporal_acceleration:state_sequence,239,0.011823110263275982,0.00013978593629758186
temporal_acceleration:state_sequence,240,-0.0013059764059180495,1.7055743728146261e-06
temporal_acceleration:state_sequence,241,0.033322833176562254,0.001110411210912998
temporal_acceleration:state_sequence,242,0.0071506550197031338,5.1131867210805623e-05
temporal_acceleration:state_sequence,243,-0.0049346360426141128,2.4350632873066272e-05
temporal_acceleration:state_sequence,244,0.047153485603862948,0.0022234512045937104
temporal_acceleration:state_sequence,245,0.0033274362532642598,1.1071832019537295e-05
temporal_acceleration:state_sequence,246,-0.011638027041562457,0.000135443673420139
temporal_acceleration:state_sequence,247,0.06380640579887302,0.0040712574209704564
temporal_acceleration:state_sequence,248,-4.1042629779219908e-05,1.6844974591941087e-09
temporal_acceleration:state_sequence,249,0.033309843558736729,0.0011095456779075148
temporal_acceleration:state_sequence,250,0.068200979596240205,0.0046513736178867724
temporal_acceleration:state_sequence,251,-0.0015519582704870416,2.4085744733331293e-06
temporal_acceleration:state_sequence,252,-0.021993570073090274,0.00048371712455993213
temporal_acceleration:state_sequence,253,0.043170376832208306,0.0018636814358348676
temporal_acceleration:state_sequence,254,-0.0046206897097622601,2.1350773393902838e-05
temporal_acceleration:state_sequence,255,0.011237635702379817,0.00012628445617940152
temporal_acceleration:state_sequence,256,-0.24333267219319876,0.059210789356682725
temporal_acceleration:state_sequence,257,0.0040987760862298828,1.6799965405049955e-05
temporal_acceleration:state_sequence,258,-0.0010742157911296235,1.153939565912243e-06
temporal_acceleration:state_sequence,259,-0.1620534636535636,0.02626132508211686
temporal_acceleration:state_sequence,260,-0.0063280089403927597,4.0043697149690701e-05
temporal_acceleration:state_sequence,261,0.0030457250147233189,9.2764408653113618e-06
temporal_acceleration:state_sequence,262,0.030316006078361494,0.00091906022454325104
temporal_acceleration:state_sequence,263,-0.022309742406132482,0.00049772460622798595
temporal_acceleration:state_sequence,264,0.0049470067608754081,2.4472875892146998e-05
temporal_acceleration:state_sequence,265,0.036320204241352072,0.001319157236133529
temporal_acceleration:state_sequence,266,-0.031371457976403505,0.0009841683755652511
temporal_acceleration:state_sequence,267,-0.0045016145322332446,2.0264533396813532e-05
temporal_acceleration:state_sequence,268,0.026039880156317651,0.00067807535855538578
temporal_acceleration:state_sequence,269,-0.024192937474230014,0.00058529822363200294
temporal_acceleration:state_sequence,270,0.0027860368999713114,7.7620016080017545e-06
temporal_acceleration:state_sequence,271,0.035256636954471635,0.0012430304493394149
temporal_acceleration:state_sequence,272,-0.017971096742739334,0.00032296031813689629
temporal_acceleration:state_sequence,273,0.005932097370318079,3.5189779210934666e-05
temporal_acceleration:state_sequence,274,0.016234761181587249,0.00026356747062317219
temporal_acceleration:state_sequence,275,-0.012525044440787614,0.00015687673824370471
temporal_acceleration:state_sequence,276,-0.0055423381766367408,3.0717512464205075e-05
temporal_acceleration:state_sequence,277,0.030671651351779586,0.00094075019664512246
temporal_acceleration:state_sequence,278,-0.0093847638495270225,8.8073792511389259e-05
temporal_acceleration:state_sequence,279,0.0099857353484475442,9.9714910449234803e-05
temporal_acceleration:state_sequence,280,0.032764809277696816,0.0010735327270038474
temporal_acceleration:state_sequence,281,-0.0065536905801244494,4.2950860220011942e-05
temporal_acceleration:state_sequence,282,-0.01135722299309333,0.00012898651411484782
temporal_acceleration:state_sequence,283,0.086790322947973064,0.0075325601574134596
temporal_acceleration:state_sequence,284,-0.0054888948193831943,3.0127966338251671e-05
temporal_acceleration:state_sequence,285,0.027518354708725087,0.00075725984587521214
temporal_acceleration:state_sequence,286,0.080433424269401643,0.0064695357397015693
temporal_acceleration:state_sequence,287,-0.0022222227358792424,4.9382738878586251e-06
temporal_acceleration:state_sequence,288,0.021462682921801826,0.0004606467582018038
temporal_acceleration:state_sequence,289,0.058297910364913073,0.003398646352915439
temporal_acceleration:state_sequence,290,0.00077898815996624293,6.0682255336759284e-07
temporal_acceleration:state_sequence,291,-0.025565543843574998,0.00065359703201775543
temporal_acceleration:state_sequence,292,-0.26643962715417152,0.070990074918053939
temporal_acceleration:state_sequence,293,0.014748324064273177,0.0002175130627048193
temporal_acceleration:state_sequence,294,-0.00049840046494217252,2.4840302345457371e-07
temporal_acceleration:state_sequence,295,-0.016683788149847781,0.00027834878702900125
temporal_acceleration:state_sequence,296,0.0059222349747901854,3.5072867096628106e-05
temporal_acceleration:state_sequence,297,-0.014775002933954222,0.00021830071169835587
temporal_acceleration:state_sequence,298,0.014971167789172795,0.00022413586497156506
temporal_acceleration:state_sequence,299,0.000169621291492561,2.8771382527604345e-08
temporal_acceleration:state_sequence,300,0.010488292093860999,0.00011000427104614713
temporal_acceleration:state_sequence,301,0.03053564997811704,0.00093242591958607923
temporal_acceleration:state_sequence,302,0.0015912643152282691,2.5321221209188919e-06
temporal_acceleration:state_sequence,303,-0.0086703056551469537,7.517420015367324e-05
temporal_acceleration:state_sequence,304,0.029629700366647929,0.00087791914381733641
temporal_acceleration:state_sequence,305,0.0036172793798971981,1.3084710112229458e-05
temporal_acceleration:state_sequence,306,0.0044832820076454519,2.0099817560077433e-05
temporal_acceleration:state_sequence,307,0.013724457886071628,0.00018836074426655371
temporal_acceleration:state_sequence,308,0.0031236980107407497,9.7574892623057166e-06
temporal_acceleration:state_sequence,309,-0.003011130403104377,9.0669063044995279e-06
temporal_acceleration:state_sequence,310,0.024618893604532083,0.00060608992231127074
temporal_acceleration:state_sequence,311,0.0018078871381521644,3.268455904296023e-06
temporal_acceleration:state_sequence,312,-0.0031695787053455035,1.0046229169379679e-05
temporal_acceleration:state_sequence,313,0.025146044611751916,0.00063232355961621758
temporal_acceleration:state_sequence,314,0.0010231048438513746,1.0467435215121456e-06
temporal_acceleration:state_sequence,315,0.0069368075194580284,4.8119298562009443e-05
temporal_acceleration:state_sequence,316,0.029231319345282555,0.00085447003066589015
temporal_acceleration:state_sequence,317,0.0005414791513924655,2.9319967139270457e-07
temporal_acceleration:state_sequence,318,0.0012669587786252184,1.6051845467355053e-06
temporal_acceleration:state_sequence,319,0.057181961147485784,0.0032697766806725737
temporal_acceleration:state_sequence,320,-0.00062766529857594122,3.9396372703642542e-07
temporal_acceleration:state_sequence,321,0.0011220266533161841,1.2589438107519163e-06
temporal_acceleration:state_sequence,322,0.072422525816691188,0.005245022245669302
temporal_acceleration:state_sequence,323,-0.001153739986194946,1.3311159557451141e-06
temporal_acceleration:state_sequence,324,0.002026962097927288,4.1085753464337928e-06
temporal_acceleration:state_sequence,325,0.042056709596543312,0.0017687668220879784
temporal_acceleration:state_sequence,326,-0.00015389577818325506,2.3683910542629645e-08
temporal_acceleration:state_sequence,327,-0.011529659097886114,0.00013293303891346802
temporal_acceleration:state_sequence,328,-0.022452765739880958,0.00050412668936997216
temporal_acceleration:state_sequence,329,0.0023207705801109313,5.3859760855084283e-06
temporal_acceleration:state_sequence,330,-0.030151320185827345,0.0009091021089482795
temporal_acceleration:state_sequence,331,-0.26977000748471303,0.072775856938302116
temporal_acceleration:state_sequence,332,0.01300212783450494,0.0001690553282248081
temporal_acceleration:state_sequence,333,0.012262374868584006,0.00015036583741768062
temporal_acceleration:state_sequence,334,-0.060268748041429517,0.0036323219904813141
temporal_acceleration:state_sequence,335,0.00038649965932835428,1.4938198666093392e-07
temporal_acceleration:state_sequence,336,-0.0040623256417521986,1.6502489619637411e-05
temporal_acceleration:state_sequence,337,0.022785132099173433,0.00051916224477678357
temporal_acceleration:state_sequence,338,-0.0066719142131299591,4.4514439267365559e-05
temporal_acceleration:state_sequence,339,0.0032830143239419123,1.0778183051207771e-05
temporal_acceleration:state_sequence,340,0.037885140945457314,0.0014352839044571664
temporal_acceleration:state_sequence,341,-0.010761223386370755,0.00011580392877137287
temporal_acceleration:state_sequence,342,-0.0016614671794082034,2.7604731882506513e-06
temporal_acceleration:state_sequence,343,0.025722456501548994,0.00066164476847408013
temporal_acceleration:state_sequence,344,-0.0081535158540857466,6.6479820782827621e-05
temporal_acceleration:state_sequence,345,0.0048370729544937666,2.3397274767095056e-05
temporal_acceleration:state_sequence,346,0.030040378299436593,0.00090242432837326096
temporal_acceleration:state_sequence,347,-0.006133130292991229,3.7615287190806677e-05
temporal_acceleration:state_sequence,348,0.0038754430322118089,1.5019058695919059e-05
temporal_acceleration:state_sequence,349,0.020966830407088445,0.0004396079773196086
temporal_acceleration:state_sequence,350,-0.0042793982058864088,1.8313249004543814e-05
temporal_acceleration:state_sequence,351,0.0067671956937798497,4.5794937557912541e-05
temporal_acceleration:state_sequence,352,0.015094666354898157,0.00022784895236569442
temporal_acceleration:state_sequence,353,-0.0028410766214337357,8.0717163688573306e-06
temporal_acceleration:state_sequence,354,0.00078400614408613567,6.1466563396481052e-07
temporal_acceleration:state_sequence,355,0.027930246557496614,0.00078009867276255141
temporal_acceleration:state_sequence,356,-0.0021452245993103247,4.6019885814861428e-06
temporal_acceleration:state_sequence,357,-0.00032309579955824147,1.0439089569217935e-07
temporal_acceleration:state_sequence,358,0.066942802526655923,0.0044813388101228504
temporal_acceleration:state_sequence,359,-0.0018689924887649312,3.4931329230597312e-06
temporal_acceleration:state_sequence,360,-0.0043084224506205124,1.8562504013010861e-05
temporal_acceleration:state_sequence,361,0.067952389358710716,0.0046175272195578213
temporal_acceleration:state_sequence,362,-0.00089959891760749144,8.0927821256057019e-07
temporal_acceleration:state_sequence,363,-0.0052185892293667852,2.7233673544863016e-05
temporal_acceleration:state_sequence,364,0.049180538649479986,0.0024187253818529946
temporal_acceleration:state_sequence,365,0.00078017183180900673,6.0866808714822108e-07
temporal_acceleration:state_sequence,366,-0.00071521542965795326,5.1153311082081064e-07
temporal_acceleration:state_sequence,367,-0.029014118854439646,0.00084181909289955019
temporal_acceleration:state_sequence,368,0.0048959564308748149,2.3970389373024457e-05
temporal_acceleration:state_sequence,369,-0.024181429494585967,0.00058474153240163217
temporal_acceleration:state_sequence,370,-0.27093661300027,0.073406648264058072
temporal_acceleration:state_sequence,371,0.016170258508205748,0.00026147726022220037
temporal_acceleration:state_sequence,372,0.0039517930563888123,1.5616668360522831e-05
temporal_acceleration:state_sequence,373,-0.067605950769769149,0.0045705645794844501
temporal_acceleration:state_sequence,374,0.0050881051330153859,2.5888813844617518e-05
temporal_acceleration:state_sequence,375,-0.0121580142233077,0.00014781730985415236
temporal_acceleration:state_sequence,376,0.028312386168284402,0.00080159121054206191
temporal_acceleration:state_sequence,377,-0.0012023715888198616,1.4456974376011985e-06
temporal_acceleration:state_sequence,378,0.019973888734737232,0.00039895623118766288
temporal_acceleration:state_sequence,379,-0.002070424964553467,4.2866595338462253e-06
temporal_acceleration:state_sequence,380,-0.0015882027223090844,2.5223878871499866e-06
temporal_acceleration:state_sequence,381,-5.9353587675559094e-05,3.5228483699602805e-09
temporal_acceleration:state_sequence,382,0.070532034100994803,0.0049747678344238934
temporal_acceleration:state_sequence,383,-0.0031870683593404614,1.0157404727109101e-05
temporal_acceleration:state_sequence,384,0.0017845176500813284,3.1845032434517864e-06
temporal_acceleration:state_sequence,385,0.03439417855466536,0.0011829595184502026
temporal_acceleration:state_sequence,386,-0.0018922489264849851,3.5806059997835787e-06
temporal_acceleration:state_sequence,387,0.0017588715335904725,3.0936290716749006e-06
temporal_acceleration:state_sequence,388,0.031704243782902548,0.001005159073845715
temporal_acceleration:state_sequence,389,-0.0014096392692519721,1.987082869417234e-06
temporal_acceleration:state_sequence,390,0.0026184760771705978,6.8564169667147222e-06
temporal_acceleration:state_sequence,391,0.035685044228866147,0.0012734223816161332
temporal_acceleration:state_sequence,392,-0.0011212701867480135,1.257246831689925e-06
temporal_acceleration:state_sequence,393,0.0068975978576116259,4.7576856205328492e-05
temporal_acceleration:state_sequence,394,0.076993293839775503,0.0059279672962980123
temporal_acceleration:state_sequence,395,-0.0014920252608030538,2.2261393788744206e-06
temporal_acceleration:state_sequence,396,-0.0079818630246237393,6.3710137343855633e-05
temporal_acceleration:state_sequence,397,0.069561194177936575,0.0048387597354605976
temporal_acceleration:state_sequence,398,-0.0012467795383908076,1.5544592173499952e-06
temporal_acceleration:state_sequence,399,0.0053906486396632786,2.9059092756303554e-05
temporal_acceleration:state_sequence,400,0.048734855271214905,0.0023750861183062634
temporal_acceleration:state_sequence,401,6.9208689292832304e-05,4.7898426736318012e-09
temporal_acceleration:state_sequence,402,0.005380984538252559,2.8954994600913105e-05
temporal_acceleration:state_sequence,403,-0.20200287542866441,0.040805161681448508
temporal_acceleration:state_sequence,404,0.0096686839885729015,9.3483450070885995e-05
temporal_acceleration:state_sequence,405,0.012794462040254459,0.00016369825889951231
temporal_acceleration:state_sequence,406,-0.20431032351603318,0.041742708295226139
temporal_acceleration:state_sequence,407,0.0076321002908730229,5.8248954849944083e-05
temporal_acceleration:state_sequence,408,0.0017117048277708047,2.9299334174138803e-06
temporal_acceleration:state_sequence,409,0.026716362289969261,0.00071376401400889157
temporal_acceleration:state_sequence,410,-0.0065742743041297125,4.3221082625940214e-05
temporal_acceleration:state_sequence,411,-0.0039069523270590656,1.5264276485912248e-05
temporal_acceleration:state_sequence,412,0.030896081299282303,0.00095456783965186163
temporal_acceleration:state_sequence,413,-0.011329189037858622,0.00012835052425553599
temporal_acceleration:state_sequence,414,0.0069280364547202877,4.7997689117933251e-05
temporal_acceleration:state_sequence,415,0.04190274540071226,0.0017558400721169125
temporal_acceleration:state_sequence,416,-0.008987359131797934,8.0772624163911709e-05
temporal_acceleration:state_sequence,417,-0.0012178889124916242,1.4832534031700312e-06
temporal_acceleration:state_sequence,418,0.037031772117907723,0.0013713521461926478
temporal_acceleration:state_sequence,419,-0.0068680585040725717,4.7170227615363573e-05
temporal_acceleration:state_sequence,420,0.011269690079257835,0.00012700591448252247
temporal_acceleration:state_sequence,421,0.035200025852437387,0.0012390418200122603
temporal_acceleration:state_sequence,422,-0.004744255593644997,2.2507961137831843e-05
temporal_acceleration:state_sequence,423,0.0014432728016414501,2.0830363799579605e-06
temporal_acceleration:state_sequence,424,0.031383433662376739,0.00098491990844080143
temporal_acceleration:state_sequence,425,-0.0032987272723628003,1.088160161743012e-05
temporal_acceleration:state_sequence,426,0.0035149833686402843,1.2355108081817801e-05
temporal_acceleration:state_sequence,427,0.056271619538222531,0.0031664951654544675
temporal_acceleration:state_sequence,428,-0.0023628789250973448,5.583196814669183e-06
temporal_acceleration:state_sequence,429,0.010003301757673215,0.00010006604605506803
temporal_acceleration:state_sequence,430,0.072605616379939092,0.0052715755299108796
temporal_acceleration:state_sequence,431,-0.0011198397675649119,1.2540411050198359e-06
temporal_acceleration:state_sequence,432,-0.024812046212840354,0.00061563763726812536
temporal_acceleration:state_sequence,433,0.046371443024053036,0.0021503107281329969
temporal_acceleration:state_sequence,434,0.00092052649650842255,8.4736903077407093e-07
temporal_acceleration:state_sequence,435,0.012999072274380748,0.00016897587999457425
temporal_acceleration:state_sequence,436,-0.062855148463202892,0.0039507696883312772
temporal_acceleration:state_sequence,437,0.0073429271283265152,5.391857881191348e-05
temporal_acceleration:state_sequence,438,-0.035887712170589413,0.0012879278848390715
temporal_acceleration:state_sequence,439,-0.26390460370418384,0.06964563985626232
temporal_acceleration:state_sequence,440,0.017459427974815256,0.00030483162520776152
temporal_acceleration:state_sequence,441,0.01562696049203529,0.00024420189421963182
temporal_acceleration:state_sequence,442,-0.0095327088376772669,9.0872537783930269e-05
temporal_acceleration:state_sequence,443,0.0047526166018663218,2.2587364564335384e-05
temporal_acceleration:state_sequence,444,-0.0054157361736694234,2.9330198302791528e-05
temporal_acceleration:state_sequence,445,0.017775994554268017,0.00031598598239336616
temporal_acceleration:state_sequence,446,0.0023484949854335468,5.5154286966065151e-06
temporal_acceleration:state_sequence,447,-0.00034726779046312384,1.2059491829314007e-07
temporal_acceleration:state_sequence,448,-0.0074063585052801225,5.4854146308735208e-05
temporal_acceleration:state_sequence,449,0.0026725521852299927,7.142535182777609e-06
temporal_acceleration:state_sequence,450,0.0059477265998176057,3.53754517061779e-05
temporal_acceleration:state_sequence,451,0.0395214879409422,0.0015619480090660397
temporal_acceleration:state_sequence,452,0.00058496672157959395,3.4218606535557817e-07
temporal_acceleration:state_sequence,453,0.00092863247466809518,8.6235827300819042e-07
temporal_acceleration:state_sequence,454,0.054673338914269884,0.0029891739880346176
temporal_acceleration:state_sequence,455,-0.00067378995840972067,4.5399290805377311e-07
temporal_acceleration:state_sequence,456,-0.0028762514174155568,8.2728222161849987e-06
temporal_acceleration:state_sequence,457,0.030354929433468139,0.00092142174091083037
temporal_acceleration:state_sequence,458,-0.00087853931593162571,7.7183132963760882e-07
temporal_acceleration:state_sequence,459,-0.0058007761434089242,3.3649003865942115e-05
temporal_acceleration:state_sequence,460,-0.00092208197996126052,8.5023517776927844e-07
temporal_acceleration:state_sequence,461,-0.00063318305974835454,4.0092078715228833e-07
temporal_acceleration:state_sequence,462,0.0091009140646132469,8.2826636811475211e-05
temporal_acceleration:state_sequence,463,0.079646560874972919,0.006343574659210767
temporal_acceleration:state_sequence,464,0.00034884003263568886,1.2168936836926847e-07
temporal_acceleration:state_sequence,465,-0.025439757059373021,0.00064718123923991947
temporal_acceleration:state_sequence,466,0.077357245317795295,0.0059841434031575619
temporal_acceleration:state_sequence,467,-0.00018237538762067018,3.3260782009789702e-08
temporal_acceleration:state_sequence,468,-0.013156457064843474,0.00017309236249906976
temporal_acceleration:state_sequence,469,0.047608964359830773,0.0022666134874156367
temporal_acceleration:state_sequence,470,0.0010153375479671212,1.0309103363118862e-06
temporal_acceleration:state_sequence,471,0.0060095121694443698,3.6114236514699976e-05
temporal_acceleration:state_sequence,472,-0.036127850850534202,0.0013052216070784449
temporal_acceleration:state_sequence,473,0.0048897214771059794,2.3909376123671482e-05
temporal_acceleration:state_sequence,474,-0.01142537072064527,0.00013053909610417821
temporal_acceleration:state_sequence,475,-0.27993429920575758,0.078363211871818605
temporal_acceleration:state_sequence,476,0.016034788178815873,0.00025711443193949325
temporal_acceleration:state_sequence,477,-0.0082321825873912444,6.7768830152147605e-05
temporal_acceleration:state_sequence,478,-0.033849256752511263,0.0011457721826974294
temporal_acceleration:state_sequence,479,0.0018890751224631686,3.5686048183092351e-06
temporal_acceleration:state_sequence,480,0.0054583733101415399,2.9793839192865512e-05
temporal_acceleration:state_sequence,481,0.023971181381088336,0.00057461753680503611
temporal_acceleration:state_sequence,482,-0.0029081300801436782,8.4572205630364769e-06
temporal_acceleration:state_sequence,483,0.011800801009985255,0.00013925890447726903
temporal_acceleration:state_sequence,484,0.026285260706794315,0.00069091493042414522
temporal_acceleration:state_sequence,485,-0.0053244322556622592,2.8349578845136695e-05
temporal_acceleration:state_sequence,486,-0.0015587973956068812,2.4298493205507957e-06
temporal_acceleration:state_sequence,487,0.024400718274206572,0.00059539505229719855
temporal_acceleration:state_sequence,488,-0.0043807671768547607,1.9191121057808031e-05
temporal_acceleration:state_sequence,489,0.012051650767375063,0.00014524228621877195
temporal_acceleration:state_sequence,490,0.017469712581941559,0.0003051908576956472
temporal_acceleration:state_sequence,491,-0.0028968611255719701,8.3918043808501018e-06
temporal_acceleration:state_sequence,492,0.002570086668073901,6.6053454814112059e-06
temporal_acceleration:state_sequence,493,0.020683849855706361,0.00042782164485340401
temporal_acceleration:state_sequence,494,-0.0023373521779612716,5.4632152038202996e-06
temporal_acceleration:state_sequence,495,0.0037620126583919056,1.4152739241900932e-05
temporal_acceleration:state_sequence,496,0.018049194603121425,0.0003257734258213476
temporal_acceleration:state_sequence,497,-0.0016103711060067027,2.593295099061251e-06
temporal_acceleration:state_sequence,498,-0.0054453230951226339,2.9651543610275942e-05
temporal_acceleration:state_sequence,499,0.023850721204215927,0.00056885690196123526
temporal_acceleration:state_sequence,500,-0.0014202433787358082,2.0170912548429045e-06
temporal_acceleration:state_sequence,501,0.0068642803736180397,4.7118345047637813e-05
temporal_acceleration:state_sequence,502,0.036928838915266153,0.0013637391436296757
temporal_acceleration:state_sequence,503,-0.00092071300563434377,8.4771243874422714e-07
temporal_acceleration:state_sequence,504,0.0017526838284506047,3.0719006025122686e-06
temporal_acceleration:state_sequence,505,0.076658922877112221,0.0058765904566790393
temporal_acceleration:state_sequence,506,-0.0012883462259671852,1.6598359979638894e-06
temporal_acceleration:state_sequence,507,0.014742149281717909,0.00021733096544445586
temporal_acceleration:state_sequence,508,0.069318644335980478,0.0048050744525781584
temporal_acceleration:state_sequence,509,-5.6697813921591234e-05,3.2146421034873846e-09
temporal_acceleration:state_sequence,510,0.014476319931673656,0.00020956383876417198
temporal_acceleration:state_sequence,511,0.011943819659665096,0.00014265482806260246
temporal_acceleration:state_sequence,512,0.0025610253172181352,6.5588506754322501e-06
temporal_acceleration:state_sequence,513,-0.02382357663314745,0.00056756280359544916
temporal_acceleration:state_sequence,514,-0.23231838779883443,0.053971833309449622
temporal_acceleration:state_sequence,515,0.011746149302318543,0.00013797202343235839
temporal_acceleration:state_sequence,516,0.0026599540264567179,7.0753554228633056e-06
temporal_acceleration:state_sequence,517,-0.13756982458204434,0.018925456635534452
temporal_acceleration:state_sequence,518,0.0059328698623861698,3.519894480401009e-05
temporal_acceleration:state_sequence,519,0.013937706779050679,0.00019425967025879525
temporal_acceleration:state_sequence,520,0.042670749473599973,0.0018207928606387323
temporal_acceleration:state_sequence,521,-0.0041470406280330607,1.7197945970556843e-05
temporal_acceleration:state_sequence,522,0.0030037472764975204,9.0224977010662706e-06
temporal_acceleration:state_sequence,523,0.0014966295778523733,2.239900093302573e-06
temporal_acceleration:state_sequence,524,-0.00588633623731738,3.4648954298755731e-05
temporal_acceleration:state_sequence,525,-0.0014657093580189295,2.1483039221842626e-06
temporal_acceleration:state_sequence,526,0.038370857642930481,0.0014723227162540364
temporal_acceleration:state_sequence,527,-0.0054674217045569407,2.9892700095460321e-05
temporal_acceleration:state_sequence,528,0.0044560142419567544,1.9856062924521429e-05
temporal_acceleration:state_sequence,529,0.033525165255327789,0.0011239367053970375
temporal_acceleration:state_sequence,530,-0.0039379709955422726,1.5507615561732198e-05
temporal_acceleration:state_sequence,531,8.0717078673256393e-05,6.5152467895446621e-09
temporal_acceleration:state_sequence,532,0.02694222931594516,0.00072588372051297478
temporal_acceleration:state_sequence,533,-0.0028338584223419616,8.0307535578784717e-06
temporal_acceleration:state_sequence,534,-0.00016806400254670839,2.8245508952020003e-08
temporal_acceleration:state_sequence,535,0.026289000067056131,0.00069111152452567724
temporal_acceleration:state_sequence,536,-0.002016791414329866,4.067447608914661e-06
temporal_acceleration:state_sequence,537,0.0072051440196159097,5.1914100343406908e-05
temporal_acceleration:state_sequence,538,0.03221099117814815,0.001037547952678738
temporal_acceleration:state_sequence,539,-0.0013736991987323144,1.8870494885978027e-06
temporal_acceleration:state_sequence,540,0.0031299652033308506,9.796682174061933e-06
temporal_acceleration:state_sequence,541,0.0243562963519195,0.00059322917198252709
temporal_acceleration:state_sequence,542,-0.00078699814253901934,6.1936607635986663e-07
temporal_acceleration:state_sequence,543,-0.0036918716851320338,1.3629916539479643e-05
temporal_acceleration:state_sequence,544,0.054840124665421049,0.003007439273318922
temporal_acceleration:state_sequence,545,-0.00094848039766226577,8.9961506474956978e-07
temporal_acceleration:state_sequence,546,-0.0057890251237475293,3.3512811883380099e-05
temporal_acceleration:state_sequence,547,0.056281736862711373,0.0031676339042834845
temporal_acceleration:state_sequence,548,-0.00023880933388120695,5.7029897948785776e-08
temporal_acceleration:state_sequence,549,0.0091338624814380799,8.3427443829822205e-05
temporal_acceleration:state_sequence,550,0.035466014583546972,0.0012578381904403664
temporal_acceleration:state_sequence,551,0.0016347824883489182,2.6725137842122807e-06
temporal_acceleration:state_sequence,552,-0.037494865781398552,0.0014058649599650922
temporal_acceleration:state_sequence,553,-0.20946616257866704,0.043876073265432573
temporal_acceleration:state_sequence,554,0.011877838287137621,0.00014108304237539238
temporal_acceleration:state_sequence,555,-0.033707824071898103,0.0011362174036620332
temporal_acceleration:state_sequence,556,-0.13495719081419436,0.018213443352458867
temporal_acceleration:state_sequence,557,0.0068939336463591516,4.7526321120402789e-05
temporal_acceleration:state_sequence,558,0.013120484496412337,0.00017214711342059647
temporal_acceleration:state_sequence,559,-0.0014647973411998903,2.145631250786268e-06
temporal_acceleration:state_sequence,560,-0.00029112129506847495,8.4751608442346053e-08
temporal_acceleration:state_sequence,561,-0.0082287140547791099,6.7711734995319262e-05
temporal_acceleration:state_sequence,562,0.040594766900563302,0.0016479350997110698
temporal_acceleration:state_sequence,563,-0.0041136633539773371,1.6922226189856075e-05
temporal_acceleration:state_sequence,564,0.0028287724495938693,8.0019535715812993e-06
temporal_acceleration:state_sequence,565,0.02002529931218338,0.00040101261254253212
temporal_acceleration:state_sequence,566,-0.0020326078541410553,4.131494688715905e-06
temporal_acceleration:state_sequence,567,0.014566832685853522,0.00021219261449765051
temporal_acceleration:state_sequence,568,0.031014908227704838,0.0009619245323729533
temporal_acceleration:state_sequence,569,-0.0010977962227887161,1.2051565467691725e-06
static_freeze:state_sequence,0,0,0
static_freeze:state_sequence,1,0,0
static_freeze:state_sequence,2,0,0
static_freeze:state_sequence,3,0,0
static_freeze:state_sequence,4,0,0
static_freeze:state_sequence,5,0,0
static_freeze:state_sequence,6,0.0058793662695566518,3.4566947731600501e-05
static_freeze:state_sequence,7,0.0086093323480868726,7.4120603479815018e-05
static_freeze:state_sequence,8,9.4264477112915301e-05,8.8857916453713321e-09
static_freeze:state_sequence,9,0,0
static_freeze:state_sequence,10,0,0
static_freeze:state_sequence,11,0,0
static_freeze:state_sequence,12,0,0
static_freeze:state_sequence,13,0,0
static_freeze:state_sequence,14,-0,0
static_freeze:state_sequence,15,0,0
static_freeze:state_sequence,16,0,0
static_freeze:state_sequence,17,-0,0
static_freeze:state_sequence,18,0,0
static_freeze:state_sequence,19,0,0
static_freeze:state_sequence,20,-0,0
static_freeze:state_sequence,21,0,0
static_freeze:state_sequence,22,0,0
static_freeze:state_sequence,23,-0,0
static_freeze:state_sequence,24,0,0
static_freeze:state_sequence,25,0,0
static_freeze:state_sequence,26,0,0
static_freeze:state_sequence,27,0,0
static_freeze:state_sequence,28,0,0
static_freeze:state_sequence,29,0,0
static_freeze:state_sequence,30,0,0
static_freeze:state_sequence,31,-0,0
static_freeze:state_sequence,32,0,0
static_freeze:state_sequence,33,-0,0
static_freeze:state_sequence,34,-0,0
static_freeze:state_sequence,35,0,0
static_freeze:state_sequence,36,-0,0
static_freeze:state_sequence,37,-0,0
static_freeze:state_sequence,38,0,0
static_freeze:state_sequence,39,-0,0
static_freeze:state_sequence,40,-0,0
static_freeze:state_sequence,41,0,0
static_freeze:state_sequence,42,-0,0
static_freeze:state_sequence,43,-0,0
static_freeze:state_sequence,44,0,0
static_freeze:state_sequence,45,0,0
static_freeze:state_sequence,46,-0,0
static_freeze:state_sequence,47,0,0
static_freeze:state_sequence,48,0,0
static_freeze:state_sequence,49,0,0
static_freeze:state_sequence,50,0,0
static_freeze:state_sequence,51,0,0
static_freeze:state_sequence,52,0,0
static_freeze:state_sequence,53,0,0
static_freeze:state_sequence,54,0,0
static_freeze:state_sequence,55,0,0
static_freeze:state_sequence,56,0,0
static_freeze:state_sequence,57,0,0
static_freeze:state_sequence,58,0,0
static_freeze:state_sequence,59,0,0
static_freeze:state_sequence,60,0,0
static_freeze:state_sequence,61,0,0
static_freeze:state_sequence,62,0,0
static_freeze:state_sequence,63,-0.0034270417607340509,1.1744615229815143e-05
static_freeze:state_sequence,64,-0.011497917632756295,0.00013220210988964813
static_freeze:state_sequence,65,0.00069161782079163459,4.7833521003656956e-07
static_freeze:state_sequence,66,0,0
static_freeze:state_sequence,67,0,0
static_freeze:state_sequence,68,0,0
static_freeze:state_sequence,69,-0,0
static_freeze:state_sequence,70,-0,0
static_freeze:state_sequence,71,0,0
static_freeze:state_sequence,72,-0,0
static_freeze:state_sequence,73,-0,0
static_freeze:state_sequence,74,0,0
static_freeze:state_sequence,75,-0,0
static_freeze:state_sequence,76,-0,0
static_freeze:state_sequence,77,0,0
static_freeze:state_sequence,78,-0,0
static_freeze:state_sequence,79,-0,0
static_freeze:state_sequence,80,0,0
static_freeze:state_sequence,81,-0,0
static_freeze:state_sequence,82,-0,0
static_freeze:state_sequence,83,-0,0
static_freeze:state_sequence,84,0,0
static_freeze:state_sequence,85,0,0
static_freeze:state_sequence,86,0,0
static_freeze:state_sequence,87,0.0032579199589280461,1.0614042458781722e-05
static_freeze:state_sequence,88,0.0098164070473617891,9.6361847319494199e-05
static_freeze:state_sequence,89,-0.00037608806358058189,1.414422315677918e-07
static_freeze:state_sequence,90,0,0
static_freeze:state_sequence,91,0,0
static_freeze:state_sequence,92,0,0
static_freeze:state_sequence,93,0,0
static_freeze:state_sequence,94,0,0
static_freeze:state_sequence,95,-0,0
static_freeze:state_sequence,96,0,0
static_freeze:state_sequence,97,0,0
static_freeze:state_sequence,98,-0,0
static_freeze:state_sequence,99,0,0
static_freeze:state_sequence,100,0,0
static_freeze:state_sequence,101,-0,0
static_freeze:state_sequence,102,0,0
static_freeze:state_sequence,103,0,0
static_freeze:state_sequence,104,0,0
static_freeze:state_sequence,105,0,0
static_freeze:state_sequence,106,0,0
static_freeze:state_sequence,107,0,0
static_freeze:state_sequence,108,-0,0
static_freeze:state_sequence,109,-0,0
static_freeze:state_sequence,110,0,0
static_freeze:state_sequence,111,-0,0
static_freeze:state_sequence,112,-0,0
static_freeze:state_sequence,113,0,0
static_freeze:state_sequence,114,-0,0
static_freeze:state_sequence,115,-0,0
static_freeze:state_sequence,116,0,0
static_freeze:state_sequence,117,-0,0
static_freeze:state_sequence,118,-0,0
static_freeze:state_sequence,119,0,0
static_freeze:state_sequence,120,-0,0
static_freeze:state_sequence,121,-0,0
static_freeze:state_sequence,122,0,0
static_freeze:state_sequence,123,-0,0
static_freeze:state_sequence,124,-0,0
static_freeze:state_sequence,125,0,0
static_freeze:state_sequence,126,0,0
static_freeze:state_sequence,127,0,0
static_freeze:state_sequence,128,0,0
static_freeze:state_sequence,129,0,0
static_freeze:state_sequence,130,0,0
static_freeze:state_sequence,131,0,0
static_freeze:state_sequence,132,0,0
static_freeze:state_sequence,133,0,0
static_freeze:state_sequence,134,0,0
static_freeze:state_sequence,135,0,0
static_freeze:state_sequence,136,0,0
static_freeze:state_sequence,137,0,0
static_freeze:state_sequence,138,0,0
static_freeze:state_sequence,139,0,0
static_freeze:state_sequence,140,0,0
static_freeze:state_sequence,141,0,0
static_freeze:state_sequence,142,0,0
static_freeze:state_sequence,143,0,0
static_freeze:state_sequence,144,0,0
static_freeze:state_sequence,145,0,0
static_freeze:state_sequence,146,0,0
static_freeze:state_sequence,147,0,0
static_freeze:state_sequence,148,0,0
static_freeze:state_sequence,149,0,0
static_freeze:state_sequence,150,0,0
static_freeze:state_sequence,151,-0,0
static_freeze:state_sequence,152,0,0
static_freeze:state_sequence,153,0,0
static_freeze:state_sequence,154,-0,0
static_freeze:state_sequence,155,0,0
static_freeze:state_sequence,156,0,0
static_freeze:state_sequence,157,-0,0
static_freeze:state_sequence,158,0,0
static_freeze:state_sequence,159,0,0
static_freeze:state_sequence,160,-0,0
static_freeze:state_sequence,161,0,0
static_freeze:state_sequence,162,0,0
static_freeze:state_sequence,163,-0,0
static_freeze:state_sequence,164,0,0
static_freeze:state_sequence,165,0,0
static_freeze:state_sequence,166,-0,0
static_freeze:state_sequence,167,-0,0
static_freeze:state_sequence,168,0,0
static_freeze:state_sequence,169,-0,0
static_freeze:state_sequence,170,-0,0
static_freeze:state_sequence,171,0,0
static_freeze:state_sequence,172,-0,0
static_freeze:state_sequence,173,-0,0
static_freeze:state_sequence,174,0,0
static_freeze:state_sequence,175,-0,0
static_freeze:state_sequence,176,-0,0
static_freeze:state_sequence,177,0,0
static_freeze:state_sequence,178,-0,0
static_freeze:state_sequence,179,-0,0
static_freeze:state_sequence,180,0,0
static_freeze:state_sequence,181,-0,0
static_freeze:state_sequence,182,-0,0
static_freeze:state_sequence,183,0,0
static_freeze:state_sequence,184,0,0
static_freeze:state_sequence,185,0,0
static_freeze:state_sequence,186,0,0
static_freeze:state_sequence,187,0,0
static_freeze:state_sequence,188,0,0
static_freeze:state_sequence,189,0,0
static_freeze:state_sequence,190,-0,0
static_freeze:state_sequence,191,-0,0
static_freeze:state_sequence,192,-0,0
static_freeze:state_sequence,193,-0,0
static_freeze:state_sequence,194,-0,0
static_freeze:state_sequence,195,-0,0
static_freeze:state_sequence,196,-0,0
static_freeze:state_sequence,197,-0,0
static_freeze:state_sequence,198,-0,0
static_freeze:state_sequence,199,-0,0
static_freeze:state_sequence,200,-0,0
static_freeze:state_sequence,201,-0,0
static_freeze:state_sequence,202,-0,0
static_freeze:state_sequence,203,-0,0
static_freeze:state_sequence,204,-0,0
static_freeze:state_sequence,205,-0,0
static_freeze:state_sequence,206,-0,0
static_freeze:state_sequence,207,0,0
static_freeze:state_sequence,208,0,0
static_freeze:state_sequence,209,0,0
static_freeze:state_sequence,210,0,0
static_freeze:state_sequence,211,0,0
static_freeze:state_sequence,212,0,0
static_freeze:state_sequence,213,-0,0
static_freeze:state_sequence,214,0,0
static_freeze:state_sequence,215,-0,0
static_freeze:state_sequence,216,-0,0
static_freeze:state_sequence,217,0,0
static_freeze:state_sequence,218,-0,0
static_freeze:state_sequence,219,-0,0
static_freeze:state_sequence,220,0,0
static_freeze:state_sequence,221,-0,0
static_freeze:state_sequence,222,0,0
static_freeze:state_sequence,223,0,0
static_freeze:state_sequence,224,0,0
static_freeze:state_sequence,225,0,0
static_freeze:state_sequence,226,0,0
static_freeze:state_sequence,227,0,0
static_freeze:state_sequence,228,-0,0
static_freeze:state_sequence,229,-0,0
static_freeze:state_sequence,230,-0,0
static_freeze:state_sequence,231,-0,0
static_freeze:state_sequence,232,-0,0
static_freeze:state_sequence,233,0,0
static_freeze:state_sequence,234,-0,0
static_freeze:state_sequence,235,-0,0
static_freeze:state_sequence,236,0,0
static_freeze:state_sequence,237,-0,0
static_freeze:state_sequence,238,-0,0
static_freeze:state_sequence,239,0,0
static_freeze:state_sequence,240,-0,0
static_freeze:state_sequence,241,-0,0
static_freeze:state_sequence,242,0,0
static_freeze:state_sequence,243,-0,0
static_freeze:state_sequence,244,-0,0
static_freeze:state_sequence,245,0,0
static_freeze:state_sequence,246,-0,0
static_freeze:state_sequence,247,-0,0
static_freeze:state_sequence,248,0,0
static_freeze:state_sequence,249,-0,0
static_freeze:state_sequence,250,-0,0
static_freeze:state_sequence,251,0,0
static_freeze:state_sequence,252,-0,0
static_freeze:state_sequence,253,-0,0
static_freeze:state_sequence,254,0,0
static_freeze:state_sequence,255,0,0
static_freeze:state_sequence,256,0,0
static_freeze:state_sequence,257,0,0
static_freeze:state_sequence,258,0,0
static_freeze:state_sequence,259,0,0
static_freeze:state_sequence,260,0,0
static_freeze:state_sequence,261,-0,0
static_freeze:state_sequence,262,-0,0
static_freeze:state_sequence,263,0,0
static_freeze:state_sequence,264,0,0
static_freeze:state_sequence,265,-0,0
static_freeze:state_sequence,266,0,0
static_freeze:state_sequence,267,0,0
static_freeze:state_sequence,268,-0,0
static_freeze:state_sequence,269,0,0
static_freeze:state_sequence,270,0,0
static_freeze:state_sequence,271,-0,0
static_freeze:state_sequence,272,0,0
static_freeze:state_sequence,273,0,0
static_freeze:state_sequence,274,-0,0
static_freeze:state_sequence,275,0,0
static_freeze:state_sequence,276,0,0
static_freeze:state_sequence,277,-0,0
static_freeze:state_sequence,278,0,0
static_freeze:state_sequence,279,0,0
static_freeze:state_sequence,280,0,0
static_freeze:state_sequence,281,0,0
static_freeze:state_sequence,282,0,0
static_freeze:state_sequence,283,0,0
static_freeze:state_sequence,284,0,0
static_freeze:state_sequence,285,0,0
static_freeze:state_sequence,286,0,0
static_freeze:state_sequence,287,-0,0
static_freeze:state_sequence,288,0,0
static_freeze:state_sequence,289,0,0
static_freeze:state_sequence,290,-0,0
static_freeze:state_sequence,291,0,0
static_freeze:state_sequence,292,0,0
static_freeze:state_sequence,293,0,0
static_freeze:state_sequence,294,0,0
static_freeze:state_sequence,295,0,0
static_freeze:state_sequence,296,0,0
static_freeze:state_sequence,297,0,0
static_freeze:state_sequence,298,-0,0
static_freeze:state_sequence,299,-0,0
static_freeze:state_sequence,300,0,0
static_freeze:state_sequence,301,-0,0
static_freeze:state_sequence,302,-0,0
static_freeze:state_sequence,303,0,0
static_freeze:state_sequence,304,-0,0
static_freeze:state_sequence,305,-0,0
static_freeze:state_sequence,306,0,0
static_freeze:state_sequence,307,-0,0
static_freeze:state_sequence,308,0,0
static_freeze:state_sequence,309,0,0
static_freeze:state_sequence,310,-0,0
static_freeze:state_sequence,311,0,0
static_freeze:state_sequence,312,0,0
static_freeze:state_sequence,313,-0,0
static_freeze:state_sequence,314,0,0
static_freeze:state_sequence,315,0,0
static_freeze:state_sequence,316,0,0
static_freeze:state_sequence,317,0,0
static_freeze:state_sequence,318,0,0
static_freeze:state_sequence,319,0,0
static_freeze:state_sequence,320,0,0
static_freeze:state_sequence,321,0,0
static_freeze:state_sequence,322,0,0
static_freeze:state_sequence,323,0,0
static_freeze:state_sequence,324,0,0
static_freeze:state_sequence,325,0,0
static_freeze:state_sequence,326,0,0
static_freeze:state_sequence,327,0,0
static_freeze:state_sequence,328,0,0
static_freeze:state_sequence,329,0,0
static_freeze:state_sequence,330,0,0
static_freeze:state_sequence,331,0,0
static_freeze:state_sequence,332,0,0
static_freeze:state_sequence,333,0,0
static_freeze:state_sequence,334,0,0
static_freeze:state_sequence,335,0,0
static_freeze:state_sequence,336,-0,0
static_freeze:state_sequence,337,-0,0
static_freeze:state_sequence,338,0,0
static_freeze:state_sequence,339,-0,0
static_freeze:state_sequence,340,-0,0
static_freeze:state_sequence,341,0,0
static_freeze:state_sequence,342,-0,0
static_freeze:state_sequence,343,-0,0
static_freeze:state_sequence,344,0,0
static_freeze:state_sequence,345,-0,0
static_freeze:state_sequence,346,-0,0
static_freeze:state_sequence,347,0,0
static_freeze:state_sequence,348,-0,0
static_freeze:state_sequence,349,-0,0
static_freeze:state_sequence,350,0,0
static_freeze:state_sequence,351,-0,0
static_freeze:state_sequence,352,-0,0
static_freeze:state_sequence,353,0,0
static_freeze:state_sequence,354,0,0
static_freeze:state_sequence,355,0,0
static_freeze:state_sequence,356,0,0
static_freeze:state_sequence,357,0,0
static_freeze:state_sequence,358,0,0
static_freeze:state_sequence,359,0,0
static_freeze:state_sequence,360,0,0
static_freeze:state_sequence,361,0,0
static_freeze:state_sequence,362,-0,0
static_freeze:state_sequence,363,0,0
static_freeze:state_sequence,364,0,0
static_freeze:state_sequence,365,-0,0
static_freeze:state_sequence,366,-0,0
static_freeze:state_sequence,367,0,0
static_freeze:state_sequence,368,-0,0
static_freeze:state_sequence,369,0,0
static_freeze:state_sequence,370,0,0
static_freeze:state_sequence,371,0,0
static_freeze:state_sequence,372,0,0
static_freeze:state_sequence,373,0,0
static_freeze:state_sequence,374,0,0
static_freeze:state_sequence,375,-0,0
static_freeze:state_sequence,376,-0,0
static_freeze:state_sequence,377,0,0
static_freeze:state_sequence,378,-0,0
static_freeze:state_sequence,379,-0,0
static_freeze:state_sequence,380,0,0
static_freeze:state_sequence,381,-0,0
static_freeze:state_sequence,382,-0,0
static_freeze:state_sequence,383,0,0
static_freeze:state_sequence,384,-0,0
static_freeze:state_sequence,385,-0,0
static_freeze:state_sequence,386,0,0
static_freeze:state_sequence,387,-0,0
static_freeze:state_sequence,388,-0,0
static_freeze:state_sequence,389,0,0
static_freeze:state_sequence,390,-0,0
static_freeze:state_sequence,391,-0,0
static_freeze:state_sequence,392,0,0
static_freeze:state_sequence,393,-0,0
static_freeze:state_sequence,394,-0,0
static_freeze:state_sequence,395,0,0
static_freeze:state_sequence,396,-0,0
static_freeze:state_sequence,397,-0,0
static_freeze:state_sequence,398,0,0
static_freeze:state_sequence,399,-0,0
static_freeze:state_sequence,400,-0,0
static_freeze:state_sequence,401,0,0
static_freeze:state_sequence,402,-0,0
static_freeze:state_sequence,403,0,0
static_freeze:state_sequence,404,-0,0
static_freeze:state_sequence,405,0,0
static_freeze:state_sequence,406,0,0
static_freeze:state_sequence,407,0,0
static_freeze:state_sequence,408,0,0
static_freeze:state_sequence,409,0,0
static_freeze:state_sequence,410,0,0
static_freeze:state_sequence,411,0,0
static_freeze:state_sequence,412,-0,0
static_freeze:state_sequence,413,0,0
static_freeze:state_sequence,414,0,0
static_freeze:state_sequence,415,-0,0
static_freeze:state_sequence,416,-0,0
static_freeze:state_sequence,417,0,0
static_freeze:state_sequence,418,-0,0
static_freeze:state_sequence,419,-0,0
static_freeze:state_sequence,420,0,0
static_freeze:state_sequence,421,-0,0
static_freeze:state_sequence,422,-0,0
static_freeze:state_sequence,423,0,0
static_freeze:state_sequence,424,-0,0
static_freeze:state_sequence,425,-0,0
static_freeze:state_sequence,426,0,0
static_freeze:state_sequence,427,-0,0
static_freeze:state_sequence,428,-0,0
static_freeze:state_sequence,429,0,0
static_freeze:state_sequence,430,-0,0
static_freeze:state_sequence,431,-0,0
static_freeze:state_sequence,432,0,0
static_freeze:state_sequence,433,-0,0
static_freeze:state_sequence,434,-0,0
static_freeze:state_sequence,435,0,0
static_freeze:state_sequence,436,0,0
static_freeze:state_sequence,437,-0,0
static_freeze:state_sequence,438,0,0
static_freeze:state_sequence,439,0,0
static_freeze:state_sequence,440,0,0
static_freeze:state_sequence,441,0,0
static_freeze:state_sequence,442,0,0
static_freeze:state_sequence,443,0,0
static_freeze:state_sequence,444,0,0
static_freeze:state_sequence,445,-0,0
static_freeze:state_sequence,446,-0,0
static_freeze:state_sequence,447,0,0
static_freeze:state_sequence,448,-0,0
static_freeze:state_sequence,449,-0,0
static_freeze:state_sequence,450,0,0
static_freeze:state_sequence,451,-0,0
static_freeze:state_sequence,452,-0,0
static_freeze:state_sequence,453,0,0
static_freeze:state_sequence,454,-0,0
static_freeze:state_sequence,455,-0,0
static_freeze:state_sequence,456,0,0
static_freeze:state_sequence,457,-0,0
static_freeze:state_sequence,458,0,0
static_freeze:state_sequence,459,0,0
static_freeze:state_sequence,460,0,0
static_freeze:state_sequence,461,0,0
static_freeze:state_sequence,462,0.0084208253953894918,7.0910300339636594e-05
static_freeze:state_sequence,463,0.012988387712919658,0.00016869821538112234
static_freeze:state_sequence,464,-0.00015918418716509564,2.5339605443412199e-08
static_freeze:state_sequence,465,0,0
static_freeze:state_sequence,466,0,0
static_freeze:state_sequence,467,0,0
static_freeze:state_sequence,468,-0,0
static_freeze:state_sequence,469,0,0
static_freeze:state_sequence,470,0,0
static_freeze:state_sequence,471,-0,0
static_freeze:state_sequence,472,0,0
static_freeze:state_sequence,473,0,0
static_freeze:state_sequence,474,0,0
static_freeze:state_sequence,475,0,0
static_freeze:state_sequence,476,0,0
static_freeze:state_sequence,477,0,0
static_freeze:state_sequence,478,0,0
static_freeze:state_sequence,479,0,0
static_freeze:state_sequence,480,-0,0
static_freeze:state_sequence,481,-0,0
static_freeze:state_sequence,482,0,0
static_freeze:state_sequence,483,-0,0
static_freeze:state_sequence,484,-0,0
static_freeze:state_sequence,485,0,0
static_freeze:state_sequence,486,-0,0
static_freeze:state_sequence,487,-0,0
static_freeze:state_sequence,488,0,0
static_freeze:state_sequence,489,-0,0
static_freeze:state_sequence,490,-0,0
static_freeze:state_sequence,491,0,0
static_freeze:state_sequence,492,-0,0
static_freeze:state_sequence,493,-0,0
static_freeze:state_sequence,494,0,0
static_freeze:state_sequence,495,-0,0
static_freeze:state_sequence,496,-0,0
static_freeze:state_sequence,497,0,0
static_freeze:state_sequence,498,-0,0
static_freeze:state_sequence,499,-0,0
static_freeze:state_sequence,500,0,0
static_freeze:state_sequence,501,-0,0
static_freeze:state_sequence,502,-0,0
static_freeze:state_sequence,503,0,0
static_freeze:state_sequence,504,-0,0
static_freeze:state_sequence,505,-0,0
static_freeze:state_sequence,506,0,0
static_freeze:state_sequence,507,-0,0
static_freeze:state_sequence,508,-0,0
static_freeze:state_sequence,509,0,0
static_freeze:state_sequence,510,-0,0
static_freeze:state_sequence,511,-0,0
static_freeze:state_sequence,512,0,0
static_freeze:state_sequence,513,0,0
static_freeze:state_sequence,514,0,0
static_freeze:state_sequence,515,0,0
static_freeze:state_sequence,516,0,0
static_freeze:state_sequence,517,0,0
static_freeze:state_sequence,518,0,0
static_freeze:state_sequence,519,0,0
static_freeze:state_sequence,520,-0,0
static_freeze:state_sequence,521,0,0
static_freeze:state_sequence,522,0,0
static_freeze:state_sequence,523,-0,0
static_freeze:state_sequence,524,0,0
static_freeze:state_sequence,525,0,0
static_freeze:state_sequence,526,-0,0
static_freeze:state_sequence,527,0,0
static_freeze:state_sequence,528,0,0
static_freeze:state_sequence,529,-0,0
static_freeze:state_sequence,530,0,0
static_freeze:state_sequence,531,0,0
static_freeze:state_sequence,532,-0,0
static_freeze:state_sequence,533,0,0
static_freeze:state_sequence,534,0,0
static_freeze:state_sequence,535,-0,0
static_freeze:state_sequence,536,0,0
static_freeze:state_sequence,537,0,0
static_freeze:state_sequence,538,-0,0
static_freeze:state_sequence,539,0,0
static_freeze:state_sequence,540,0,0
static_freeze:state_sequence,541,-0,0
static_freeze:state_sequence,542,0,0
static_freeze:state_sequence,543,0,0
static_freeze:state_sequence,544,-0,0
static_freeze:state_sequence,545,0,0
static_freeze:state_sequence,546,0,0
static_freeze:state_sequence,547,-0,0
static_freeze:state_sequence,548,0,0
static_freeze:state_sequence,549,0,0
static_freeze:state_sequence,550,-0,0
static_freeze:state_sequence,551,0,0
static_freeze:state_sequence,552,0,0
static_freeze:state_sequence,553,0,0
static_freeze:state_sequence,554,0,0
static_freeze:state_sequence,555,0,0
static_freeze:state_sequence,556,0,0
static_freeze:state_sequence,557,0,0
static_freeze:state_sequence,558,-0,0
static_freeze:state_sequence,559,-0,0
static_freeze:state_sequence,560,0,0
static_freeze:state_sequence,561,-0,0
static_freeze:state_sequence,562,-0,0
static_freeze:state_sequence,563,0,0
static_freeze:state_sequence,564,-0,0
static_freeze:state_sequence,565,-0,0
static_freeze:state_sequence,566,0,0
static_freeze:state_sequence,567,-0,0
static_freeze:state_sequence,568,-0,0
static_freeze:state_sequence,569,0,0
static_freeze:state_sequence,570,-0,0
static_freeze:state_sequence,571,-0,0
static_freeze:state_sequence,572,0,0
contact_distance:interaction_state,0,0,0
contact_distance:interaction_state,1,0,0
contact_distance:interaction_state,2,-0.00015982797695211903,2.5544982216607092e-08
contact_distance:interaction_state,3,0,0
contact_distance:interaction_state,4,0,0
contact_distance:interaction_state,5,0.0040353268232204116,1.6283862570202141e-05
contact_distance:interaction_state,6,0,0
contact_distance:interaction_state,7,0,0
contact_distance:interaction_state,8,-0.00037832507965783967,1.4312986589811073e-07
contact_distance:interaction_state,9,0,0
contact_distance:interaction_state,10,0,0
contact_distance:interaction_state,11,0.0026463498772279982,7.0031676727046414e-06
contact_distance:interaction_state,12,0,0
contact_distance:interaction_state,13,0,0
contact_distance:interaction_state,14,0.0017883514120263409,3.1982007728966072e-06
contact_distance:interaction_state,15,0,0
contact_distance:interaction_state,16,0,0
contact_distance:interaction_state,17,-0.0029520865944303969,8.7148152610156584e-06
contact_distance:interaction_state,18,0,0
contact_distance:interaction_state,19,0,0
contact_distance:interaction_state,20,0.0049621215035632726,2.4622649816125031e-05
contact_distance:interaction_state,21,0,0
contact_distance:interaction_state,22,0,0
contact_distance:interaction_state,23,-0.0010142931475423617,1.0287905891513911e-06
contact_distance:interaction_state,24,0,0
contact_distance:interaction_state,25,0,0
contact_distance:interaction_state,26,0.0023150301878192038,5.3593647705142182e-06
contact_distance:interaction_state,27,0,0
contact_distance:interaction_state,28,0,0
contact_distance:interaction_state,29,0.0008447897465531975,7.1366971588141569e-07
contact_distance:interaction_state,30,0,0
contact_distance:interaction_state,31,0,0
contact_distance:interaction_state,32,0.0022730944041915108,5.1669581703667597e-06
contact_distance:interaction_state,33,0,0
contact_distance:interaction_state,34,0,0
contact_distance:interaction_state,35,-8.7163298889444569e-06,7.5974406732906484e-11
contact_distance:interaction_state,36,0,0
contact_distance:interaction_state,37,0,0
contact_distance:interaction_state,38,0.0011393474151319232,1.2981125323677949e-06
contact_distance:interaction_state,39,0,0
contact_distance:interaction_state,40,0,0
contact_distance:interaction_state,41,0.0014350293288416874,2.0593091746358235e-06
contact_distance:interaction_state,42,0,0
contact_distance:interaction_state,43,0,0
contact_distance:interaction_state,44,0.001186178556123841,1.4070195670080402e-06
