factor_id,residual_index,value,squared_error
point_reprojection:measurement_ir,0,0.0012431830818741218,1.5455041750580394e-06
point_reprojection:measurement_ir,1,-0.053526645439228561,0.0028651017719768879
point_reprojection:measurement_ir,2,0.00055775064383851709,3.1108578070228037e-07
point_reprojection:measurement_ir,3,0.032766125547163939,0.0010736189833725094
point_reprojection:measurement_ir,4,-0.0068873451064291654,4.7435522615053774e-05
point_reprojection:measurement_ir,5,0.016718852179474199,0.00027952001819910916
point_reprojection:measurement_ir,6,0.007280250256872023,5.3002043802685158e-05
point_reprojection:measurement_ir,7,-0.0079873010529922794,6.3796978111131582e-05
point_reprojection:measurement_ir,8,0.0017420328898424486,3.0346785892928325e-06
point_reprojection:measurement_ir,9,0.01102164818679512,0.00012147672875348414
point_reprojection:measurement_ir,10,-0.0087835594875969036,7.7150917272153583e-05
point_reprojection:measurement_ir,11,-0.0010735686572274973,1.1525496617812515e-06
point_reprojection:measurement_ir,12,0.015590943891129427,0.00024307753141634598
point_reprojection:measurement_ir,13,-0.010483095793483698,0.00010989529741535561
point_reprojection:measurement_ir,14,-0.02468211945817984,0.00060920702094785994
point_reprojection:measurement_ir,15,-0.0043975878870242012,1.9338779224101978e-05
point_reprojection:measurement_ir,16,-0.0055414057600501106,3.0707177797516546e-05
point_reprojection:measurement_ir,17,0.083654028381636186,0.0069979964644755928
point_reprojection:measurement_ir,18,0.051591375627504023,0.0026616700391382162
point_reprojection:measurement_ir,19,0.1843421106522328,0.033982013759720042
point_reprojection:measurement_ir,20,-0.056850038123934611,0.0032319268346928188
point_reprojection:measurement_ir,21,-0.56708637337110301,0.32158695486319006
point_reprojection:measurement_ir,22,0.037762759163729245,0.0014260259796578171
point_reprojection:measurement_ir,23,0.21451530621411621,0.046016816600136047
point_reprojection:measurement_ir,24,-0.0082569671414375982,6.8177506374780182e-05
point_reprojection:measurement_ir,25,0.027669074093444122,0.00076557766118850068
point_reprojection:measurement_ir,26,-0.017891615626444944,0.00032010990972444894
point_reprojection:measurement_ir,27,0.024808454469405206,0.00061545941316055119
point_reprojection:measurement_ir,28,-0.068018997944318468,0.0046265840813492004
point_reprojection:measurement_ir,29,0.066746485491296428,0.0044550933254398446
point_reprojection:measurement_ir,30,0.11444026222704906,0.013096573618595751
point_reprojection:measurement_ir,31,-0.03361689597536497,0.0011300956950185096
point_reprojection:measurement_ir,32,0.047590251124256612,0.0022648320020698079
point_reprojection:measurement_ir,33,-0.1683010237530084,0.028325234596310696
point_reprojection:measurement_ir,34,-0.075052474147219078,0.005632873875618988
point_reprojection:measurement_ir,35,0.093858384613020013,0.0088093963621655915
point_reprojection:measurement_ir,36,-0.007964140129661245,6.3427528004880636e-05
point_reprojection:measurement_ir,37,0.030549739939363007,0.0009332866103627113
point_reprojection:measurement_ir,38,-0.012931552116879175,0.00016722504015156229
point_reprojection:measurement_ir,39,0.0043795219817752695,1.9180212788852784e-05
point_reprojection:measurement_ir,40,0.018521033004617493,0.00034302866355813048
point_reprojection:measurement_ir,41,-0.0066426830853288264,4.4125238572113699e-05
point_reprojection:measurement_ir,42,0.00063289771781001032,4.0055952120911946e-07
point_reprojection:measurement_ir,43,-0.0033627067085944874,1.130779640802637e-05
point_reprojection:measurement_ir,44,0.030847065285502139,0.00095154143672803121
point_reprojection:measurement_ir,45,0.039064054449187327,0.0015260003500090723
point_reprojection:measurement_ir,46,-0.050430867260524793,0.0025432723726486715
point_reprojection:measurement_ir,47,-0.017711738755582473,0.00031370568974600218
point_reprojection:measurement_ir,48,-0.0071603867259455002,5.1271138065096523e-05
point_reprojection:measurement_ir,49,-0.068583212355861178,0.0047036570170491494
point_reprojection:measurement_ir,50,0.011624258282836308,0.00013512338062608852
point_reprojection:measurement_ir,51,0.028277000374731642,0.00079958875019257337
point_reprojection:measurement_ir,52,0.015369556001246565,0.0002362232516754543
point_reprojection:measurement_ir,53,0.022636129825616535,0.00051239437348216642
point_reprojection:measurement_ir,54,-0.020908398335268429,0.0004371611209462556
point_reprojection:measurement_ir,55,-0.0061777449183409768,3.8164532276087765e-05
point_reprojection:measurement_ir,56,0.029220998286905341,0.00085386674088332485
point_reprojection:measurement_ir,57,0.018476820754221988,0.0003413929051836484
point_reprojection:measurement_ir,58,-0.0078064953462899213,6.0941369591646199e-05
point_reprojection:measurement_ir,59,-0.032243237584168583,0.0010396263699091414
point_reprojection:measurement_ir,60,0.0024818441797833657,6.1595505327245672e-06
point_reprojection:measurement_ir,61,-0.018905292536919659,0.00035741008590651016
point_reprojection:measurement_ir,62,-0.022821012846088708,0.00052079862732134585
point_reprojection:measurement_ir,63,0.060849619904104202,0.0037026762424739543
point_reprojection:measurement_ir,64,0.026223670156105071,0.00068768087645619579
point_reprojection:measurement_ir,65,0.008164899709231576,6.6665587261809873e-05
point_reprojection:measurement_ir,66,-0.0069989642907557935,4.8985501143274745e-05
point_reprojection:measurement_ir,67,-0.16750564601287579,0.028058141446190853
point_reprojection:measurement_ir,68,-0.025237465693294325,0.00063692967462020806
point_reprojection:measurement_ir,69,0.36944924263145823,0.13649274288095808
point_reprojection:measurement_ir,70,0.026008439715656095,0.00067643893644291726
point_reprojection:measurement_ir,71,-0.4680498845121292,0.21907069439181748
point_reprojection:measurement_ir,72,0.00027645320246847402,7.6426373155075098e-08
point_reprojection:measurement_ir,73,0.4384886680254908,0.19227231198676908
point_reprojection:measurement_ir,74,0.0059689818156812178,3.5628743915933051e-05
point_reprojection:measurement_ir,75,-0.34241169046683806,0.11724576576835771
point_reprojection:measurement_ir,76,-0.0098118466184814682,9.6272334064606221e-05
point_reprojection:measurement_ir,77,0.14703223823019015,0.021618479078979392
point_reprojection:measurement_ir,78,-0.0030742814710720268,9.4512065633767853e-06
point_reprojection:measurement_ir,79,-0.016574534150311137,0.0002747151822998301
point_reprojection:measurement_ir,80,0.0036751412001649443,1.3506662841149827e-05
point_reprojection:measurement_ir,81,-0.00044781089734442504,2.0053459978041917e-07
point_reprojection:measurement_ir,82,7.8732038787165948e-05,6.1987339315838032e-09
point_reprojection:measurement_ir,83,-0.0042600702485174223,1.8148198522303292e-05
point_reprojection:measurement_ir,84,-0.0010767892332523843,1.1594750528482578e-06
point_reprojection:measurement_ir,85,0.0071114020795562281,5.0572039537116646e-05
point_reprojection:measurement_ir,86,-0.0015867177853124304,2.5176733302267838e-06
point_reprojection:measurement_ir,87,-0.00063044187122613944,3.9745695299511619e-07
point_reprojection:measurement_ir,88,-0.042805517154260994,0.0018323122988437323
point_reprojection:measurement_ir,89,0.038027242457724243,0.0014460711689385454
point_reprojection:measurement_ir,90,0.0094501193200130732,8.9304755162484354e-05
point_reprojection:measurement_ir,91,0.0098045722777897019,9.6129637550402338e-05
point_reprojection:measurement_ir,92,0.13103510032456142,0.017170197517067876
point_reprojection:measurement_ir,93,-0.1127479373131564,0.012712097368371445
point_reprojection:measurement_ir,94,-0.11637909929115722,0.013544094751821032
point_reprojection:measurement_ir,95,0.040168736967348198,0.0016135274295520057
point_reprojection:measurement_ir,96,0.0446410678831171,0.0019928249417450689
point_reprojection:measurement_ir,97,0.0085081862378729063,7.2389233058329919e-05
point_reprojection:measurement_ir,98,-0.023355574077072561,0.00054548284046962382
point_reprojection:measurement_ir,99,0.013033983362402069,0.00016988472229137396
point_reprojection:measurement_ir,100,0.0057949539929722958,3.3581491780665557e-05
point_reprojection:measurement_ir,101,0.0067730817978258525,4.5874637040039882e-05
point_reprojection:measurement_ir,102,0.068532702465836343,0.0046967313072708511
point_reprojection:measurement_ir,103,0.072686118766159782,0.0052832718612882855
point_reprojection:measurement_ir,104,-0.12603064462366548,0.01588372338425666
point_reprojection:measurement_ir,105,-0.099498032777870546,0.0098998585266662012
point_reprojection:measurement_ir,106,-0.0013906678218518209,1.933956990734088e-06
point_reprojection:measurement_ir,107,-0.062618259302564636,0.0039210463980832227
point_reprojection:measurement_ir,108,0.048983550491379903,0.0023993882187415645
point_reprojection:measurement_ir,109,0.083178556576228857,0.0069186722741049044
point_reprojection:measurement_ir,110,0.00036892015614284899,1.3610208160846407e-07
point_reprojection:measurement_ir,111,0.008417546112008267,7.0855082547785486e-05
point_reprojection:measurement_ir,112,0.0049472890897504836,2.447566933756417e-05
point_reprojection:measurement_ir,113,-0.0091696376311631404,8.4082254286843168e-05
point_reprojection:measurement_ir,114,-0.0041086183251081822,1.6880744541414765e-05
point_reprojection:measurement_ir,115,-0.0047349398525284416,2.2419655407062061e-05
point_reprojection:measurement_ir,116,-0.012209679938132467,0.00014907628419163444
point_reprojection:measurement_ir,117,0.005720762590146933,3.2727124612824644e-05
point_reprojection:measurement_ir,118,0.019274854544596563,0.00037152001771535481
point_reprojection:measurement_ir,119,6.7262157892855617e-05,4.5241978844034391e-09
point_reprojection:measurement_ir,120,-0.0082157489790688487,6.7498531287070825e-05
point_reprojection:measurement_ir,121,0.0056002492281322699,3.1362791417196083e-05
point_reprojection:measurement_ir,122,0.0073488631673171764,5.4005789851951038e-05
point_reprojection:measurement_ir,123,-0.0011000934226558456,1.2102055385706529e-06
point_reprojection:measurement_ir,124,-0.031243076316150108,0.00097612981769677981
point_reprojection:measurement_ir,125,0.040393860407300509,0.0016316639586044796
point_reprojection:measurement_ir,126,0.02358283080500314,0.00055614990877740503
point_reprojection:measurement_ir,127,0.15684845605462669,0.024601438166720158
point_reprojection:measurement_ir,128,0.0019105228100897876,3.6500974078733787e-06
point_reprojection:measurement_ir,129,-0.21394993471258203,0.045774574563518113
point_reprojection:measurement_ir,130,0.027444423316205759,0.00075319637115909828
point_reprojection:measurement_ir,131,-0.20115446173848567,0.040463117477299894
point_reprojection:measurement_ir,132,-0.029631925034141204,0.00087805098122896419
point_reprojection:measurement_ir,133,0.16039953553648728,0.025728011000320846
point_reprojection:measurement_ir,134,0.016736868857196895,0.00028012277914300733
point_reprojection:measurement_ir,135,0.057406817990215589,0.0032955427517617404
point_reprojection:measurement_ir,136,-0.011731486418102576,0.00013762777357812522
point_reprojection:measurement_ir,137,-0.0052533706955387059,2.7597903664744827e-05
point_reprojection:measurement_ir,138,-0.0032362233529738662,1.0473141590333413e-05
point_reprojection:measurement_ir,139,-0.0044960944425383783,2.0214865236224492e-05
point_reprojection:measurement_ir,140,-0.0066347215165478701,4.4019529602143268e-05
point_reprojection:measurement_ir,141,0.0023358370764526627,5.4561348477309226e-06
point_reprojection:measurement_ir,142,-0.042203370219590398,0.0017811244578918098
point_reprojection:measurement_ir,143,0.06691109577158158,0.0044770947373537623
point_reprojection:measurement_ir,144,0.030977305858664296,0.00095959347826123727
point_reprojection:measurement_ir,145,0.0029856536606985172,8.9141277816424565e-06
point_reprojection:measurement_ir,146,-0.032062053147001279,0.0010279752520011346
point_reprojection:measurement_ir,147,-0.043849818524461168,0.0019228065846281777
point_reprojection:measurement_ir,148,0.09722952220815842,0.0094535799888267706
point_reprojection:measurement_ir,149,-0.11357149186621882,0.012898483764718607
point_reprojection:measurement_ir,150,0.02757330905612889,0.00076028737230479952
point_reprojection:measurement_ir,151,-0.018216279177772778,0.00033183282708255804
point_reprojection:measurement_ir,152,-0.070250747521708942,0.0049351675273588951
point_reprojection:measurement_ir,153,0.1136889018438751,0.012925166402466269
point_reprojection:measurement_ir,154,-0.014202344225191154,0.00020170658149082054
point_reprojection:measurement_ir,155,-0.017750650563925774,0.00031508559544259838
point_reprojection:measurement_ir,156,0.01375606359899848,0.00018922928573969101
point_reprojection:measurement_ir,157,0.013781400922346166,0.00018992701138244373
point_reprojection:measurement_ir,158,-0.0039804344591857447,1.5843858483873312e-05
point_reprojection:measurement_ir,159,-0.012730822556989096,0.00016207384297754239
point_reprojection:measurement_ir,160,4.7737272984704761e-05,2.2788472320162231e-09
point_reprojection:measurement_ir,161,0.011446250501728627,0.00013101665054832286
point_reprojection:measurement_ir,162,-0.015987872446362416,0.00025561206536115454
point_reprojection:measurement_ir,163,0.042865106398267017,0.0018374173465347519
point_reprojection:measurement_ir,164,-0.072658215269825632,0.0052792162461963226
point_reprojection:measurement_ir,165,0.20389809743925297,0.041574434139347097
point_reprojection:measurement_ir,166,0.14540077166577703,0.021141384401003428
point_reprojection:measurement_ir,167,-0.35675476762353353,0.12727396422212142
point_reprojection:measurement_ir,168,0.048323580648275313,0.0023351684466703685
point_reprojection:measurement_ir,169,-0.11434944105629938,0.013075794669888086
point_reprojection:measurement_ir,170,-0.10622258485359452,0.011283237532979089
point_reprojection:measurement_ir,171,0.18193455844732398,0.033100183557422745
point_reprojection:measurement_ir,172,-0.0039569031899191033,1.5657082854391977e-05
point_reprojection:measurement_ir,173,0.036659863687350483,0.0013439456055751185
point_reprojection:measurement_ir,174,0.12474687295600688,0.015561782312302121
point_reprojection:measurement_ir,175,0.031706472680832577,0.0010053004098603826
point_reprojection:measurement_ir,176,-0.24591447274283382,0.060473927904385959
point_reprojection:measurement_ir,177,-0.018054203936867453,0.00032595427979400024
point_reprojection:measurement_ir,178,0.067172212707669127,0.0045121061600443459
point_reprojection:measurement_ir,179,-0.066888245137266725,0.0044740373375430856
point_reprojection:measurement_ir,180,0.049939259192410643,0.0024939296086867709
point_reprojection:measurement_ir,181,0.034783366690999171,0.0012098825983605107
point_reprojection:measurement_ir,182,0.020700349345634094,0.00042850446303129388
point_reprojection:measurement_ir,183,0.01570004117955932,0.00024649129303985843
point_reprojection:measurement_ir,184,-0.010925767404978614,0.00011937239338769313
point_reprojection:measurement_ir,185,-0.0017620100596730027,3.1046794503888587e-06
point_reprojection:measurement_ir,186,-0.0066344277974394574,4.401563219943737e-05
point_reprojection:measurement_ir,187,-0.016063367015499354,0.0002580317598746326
point_reprojection:measurement_ir,188,-0.00083046676807043698,6.8967505286935699e-07
point_reprojection:measurement_ir,189,-0.0058923245965274871,3.4719489150842814e-05
point_reprojection:measurement_ir,190,0.00097441811851695093,9.494906696941146e-07
point_reprojection:measurement_ir,191,0.087683757288493785,0.0076884412922274869
point_reprojection:measurement_ir,192,0.012721394248387696,0.00016183387162291155
point_reprojection:measurement_ir,193,0.1146840006939783,0.013152420015176415
point_reprojection:measurement_ir,194,-0.012908544767856255,0.0001666305280237491
point_reprojection:measurement_ir,195,-0.33372001329415751,0.11136904727305266
point_reprojection:measurement_ir,196,-0.0064283810265351347,4.1324082622316913e-05
point_reprojection:measurement_ir,197,0.011307874713145339,0.00012786803052819177
point_reprojection:measurement_ir,198,0.017224176272952717,0.00029667224828174732
point_reprojection:measurement_ir,199,0.11087712574313854,0.012293737013059755
point_reprojection:measurement_ir,200,-0.011577111921201321,0.00013402952043602175
point_reprojection:measurement_ir,201,0.010052020112027549,0.00010104310833260633
point_reprojection:measurement_ir,202,0.0059716465118981434,3.566056206306526e-05
point_reprojection:measurement_ir,203,-0.010399364948193579,0.00010814679132571724
point_reprojection:measurement_ir,204,-0.0074468528861871162,5.5455617908513382e-05
point_reprojection:measurement_ir,205,-0.0029522972175755058,8.7160588609040735e-06
point_reprojection:measurement_ir,206,0.010120131491066785,0.00010241706139648164
point_reprojection:measurement_ir,207,-0.00024769675787865707,6.1353683863598062e-08
point_reprojection:measurement_ir,208,-0.0081359340680137397,6.6193423159066592e-05
point_reprojection:measurement_ir,209,0.00085118109450377233,7.2450925564063983e-07
point_reprojection:measurement_ir,210,0.0032327984692528842,1.0450985942803791e-05
point_reprojection:measurement_ir,211,0.0072921212100254705,5.3175031741703333e-05
point_reprojection:measurement_ir,212,-0.0074591977809632228,5.5639631535526667e-05
point_reprojection:measurement_ir,213,0.029353455165232845,0.00086162533013733477
point_reprojection:measurement_ir,214,-0.016092495301904819,0.00025896840504182868
point_reprojection:measurement_ir,215,0.1542354257215493,0.02378856654750755
point_reprojection:measurement_ir,216,0.026938505552016066,0.00072568308137600042
point_reprojection:measurement_ir,217,-0.065283012770771615,0.00426187175642873
point_reprojection:measurement_ir,218,0.01143770464973386,0.00013082108765454358
point_reprojection:measurement_ir,219,-0.36916843887245249,0.13628533625952369
point_reprojection:measurement_ir,220,-0.0069516480843731191,4.8325411088968458e-05
point_reprojection:measurement_ir,221,0.17033190960343064,0.029012959429151268
point_reprojection:measurement_ir,222,-0.011970683463937348,0.00014329726259378306
point_reprojection:measurement_ir,223,0.069026053059781128,0.0047645960010117196
point_reprojection:measurement_ir,224,0.00852775370319705,7.2722583222390995e-05
point_reprojection:measurement_ir,225,-0.00096268856891583714,9.2676928072122252e-07
point_reprojection:measurement_ir,226,-0.040062416667365139,0.001604997229229576
point_reprojection:measurement_ir,227,0.016038719380321708,0.00025724051936070716
point_reprojection:measurement_ir,228,-0.020634053875824065,0.00042576417935041015
point_reprojection:measurement_ir,229,-0.0047804496434764587,2.2852698793814203e-05
point_reprojection:measurement_ir,230,0.19382534650765137,0.037568264948811124
point_reprojection:measurement_ir,231,0.090975511619012656,0.0082765437143411062
point_reprojection:measurement_ir,232,-0.18860783237735176,0.035572914434083218
point_reprojection:measurement_ir,233,-0.17225565077191049,0.029672009222854387
point_reprojection:measurement_ir,234,0.015773005400978944,0.00024878769937931096
point_reprojection:measurement_ir,235,0.0067480986679356644,4.5536835632195085e-05
point_reprojection:measurement_ir,236,0.079219209061670876,0.0062756830843567167
point_reprojection:measurement_ir,237,0.050178814300579688,0.0025179134046120605
point_reprojection:measurement_ir,238,-0.046683545396103907,0.0021793534107500943
point_reprojection:measurement_ir,239,0.02157267846407649,0.00046538045611442958
point_reprojection:measurement_ir,240,0.0084921043083113542,7.2115835583240264e-05
point_reprojection:measurement_ir,241,-0.0073936567736382127,5.4666160486366223e-05
point_reprojection:measurement_ir,242,-0.0064735949814348718,4.1907431983658761e-05
point_reprojection:measurement_ir,243,-0.00098300631467509439,9.6630141469111071e-07
point_reprojection:measurement_ir,244,0.063262582619881866,0.0040021543597373787
point_reprojection:measurement_ir,245,0.043594834838097542,0.0019005096245610031
point_reprojection:measurement_ir,246,-0.079222953582438999,0.0062762763743252842
point_reprojection:measurement_ir,247,-0.024690297028871554,0.00060961076737390347
point_reprojection:measurement_ir,248,-0.040263273353843942,0.0016211311811663597
point_reprojection:measurement_ir,249,-0.093556116327170008,0.008752746902222967
point_reprojection:measurement_ir,250,0.056770092277383812,0.0032228433771826731
point_reprojection:measurement_ir,251,0.076680740110344911,0.0058799359038702592
point_reprojection:measurement_ir,252,-0.0058044522548470921,3.3691665978799492e-05
point_reprojection:measurement_ir,253,-0.0078864541238147009,6.2196158647033904e-05
point_reprojection:measurement_ir,254,0.0059706969143689999,3.5649221643255497e-05
point_reprojection:measurement_ir,255,0.011614083407016551,0.00013488693338513719
point_reprojection:measurement_ir,256,-0.0022259960081555618,4.9550582283244957e-06
point_reprojection:measurement_ir,257,-0.012621501082992381,0.00015930228958797784
point_reprojection:measurement_ir,258,0.0025709665021850015,6.6098687553573813e-06
point_reprojection:measurement_ir,259,0.0075848642094001658,5.7530165075039602e-05
point_reprojection:measurement_ir,260,-0.0041296609178971266,1.7054099296806939e-05
point_reprojection:measurement_ir,261,-0.0029835787620299927,8.9017422292364243e-06
point_reprojection:measurement_ir,262,0.0037156073576397829,1.380573803614689e-05
point_reprojection:measurement_ir,263,-0.0011455175472065092,1.312210450958017e-06
point_reprojection:measurement_ir,264,-0.014083212842956527,0.00019833688398001567
point_reprojection:measurement_ir,265,0.042272590181028136,0.0017869718806131564
point_reprojection:measurement_ir,266,0.013798782935805321,0.00019040641050947212
point_reprojection:measurement_ir,267,-0.051593349820757341,0.0026618737457270417
point_reprojection:measurement_ir,268,0.014143892344941377,0.00020004969066529128
point_reprojection:measurement_ir,269,-0.023394991320003555,0.00054732561886304174
point_reprojection:measurement_ir,270,-0.018823817761858663,0.00035433611513166567
point_reprojection:measurement_ir,271,0.029057755114001792,0.00084435313226529729
point_reprojection:measurement_ir,272,0.0084050148186861403,7.0644274102333614e-05
point_reprojection:measurement_ir,273,-0.00042269002896091481,1.7866686058297899e-07
point_reprojection:measurement_ir,274,-0.0034986270079571113,1.224039094080693e-05
point_reprojection:measurement_ir,275,0.0094382313049891312,8.908021016647684e-05
point_reprojection:measurement_ir,276,-0.0028838678585316304,8.316693825471812e-06
point_reprojection:measurement_ir,277,-0.0098638417084771397,9.7295373249893215e-05
point_reprojection:measurement_ir,278,0.0035162830342869711,1.2364246377214388e-05
point_reprojection:measurement_ir,279,0.010277506499755873,0.00010562713985252421
point_reprojection:measurement_ir,280,0.00030145656439799494,9.0876060218642476e-08
point_reprojection:measurement_ir,281,0.0056758920035576924,3.2215750036050157e-05
point_reprojection:measurement_ir,282,-0.0064949971800842832,4.2184988369302791e-05
point_reprojection:measurement_ir,283,-0.041111714198427761,0.0016901730443332067
point_reprojection:measurement_ir,284,0.0092042633953724369,8.4718464651392935e-05
point_reprojection:measurement_ir,285,0.057164677427834931,0.0032678003454284206
point_reprojection:measurement_ir,286,-0.0053569155080140261,2.8696543760001172e-05
point_reprojection:measurement_ir,287,-0.037838001271370561,0.0014317143402122403
point_reprojection:measurement_ir,288,-5.6282160699083761e-05,3.1676816129574886e-09
point_reprojection:measurement_ir,289,-0.0033102309221362701,1.0957628757867141e-05
point_reprojection:measurement_ir,290,0.0019335113426222962,3.7384661120490743e-06
point_reprojection:measurement_ir,291,0.018952989961383081,0.00035921582847628781
point_reprojection:measurement_ir,292,-0.0010272553929780771,1.0552536424025436e-06
point_reprojection:measurement_ir,293,0.00024760844015645487,6.1309939636712696e-08
point_reprojection:measurement_ir,294,0.00054992726659293108,3.0241999854237269e-07
point_reprojection:measurement_ir,295,-0.0099335736185707894,9.8675884835565562e-05
point_reprojection:measurement_ir,296,-0.008316054759325198,6.9156766760095276e-05
point_reprojection:measurement_ir,297,0.025119688457198208,0.00063099874818669686
point_reprojection:measurement_ir,298,0.0090262564027852928,8.1473304648822497e-05
point_reprojection:measurement_ir,299,-0.041606080287158419,0.0017310659168614723
point_reprojection:measurement_ir,300,0.01072090843854312,0.00011493787774762507
point_reprojection:measurement_ir,301,0.015747348257821158,0.00024797897715310305
point_reprojection:measurement_ir,302,-0.0092560072312608092,8.5673669865152393e-05
point_reprojection:measurement_ir,303,-0.0076676873262954363,5.8793428933831654e-05
point_reprojection:measurement_ir,304,0.00048664036953596226,2.3681884926209791e-07
point_reprojection:measurement_ir,305,0.015166758652691214,0.00023003056802898381
point_reprojection:measurement_ir,306,-0.0060246019726719171,3.6295828929122355e-05
point_reprojection:measurement_ir,307,-0.0049963858511489437,2.4963871573561354e-05
point_reprojection:measurement_ir,308,-0.00067791962458159101,4.5957501739284527e-07
point_reprojection:measurement_ir,309,3.6793999464634906e-05,1.3537983966035537e-09
point_reprojection:measurement_ir,310,0.021734834564267658,0.0004724030335360841
point_reprojection:measurement_ir,311,0.0094898207809023909,9.0056698453646868e-05
point_reprojection:measurement_ir,312,0.022698057062689257,0.00051520179442109766
point_reprojection:measurement_ir,313,0.033673099275580397,0.001133877614823093
point_reprojection:measurement_ir,314,-0.087701424175861575,0.0076915398024743975
point_reprojection:measurement_ir,315,-0.069642965706742638,0.0048501426724305314
point_reprojection:measurement_ir,316,0.022882750379972096,0.00052362026495211312
point_reprojection:measurement_ir,317,-0.016363003156828881,0.00026774787231039193
point_reprojection:measurement_ir,318,0.029854886391012768,0.00089131424142027942
point_reprojection:measurement_ir,319,0.060220110277037976,0.003626461681778615
point_reprojection:measurement_ir,320,0.0010938796664959228,1.1965727247732312e-06
point_reprojection:measurement_ir,321,-0.01537271397070299,0.00023632033482504688
point_reprojection:measurement_ir,322,-0.017167680267834839,0.00029472924577860567
point_reprojection:measurement_ir,323,-0.0046137901596750904,2.1287059637514695e-05
point_reprojection:measurement_ir,324,0.018105759686932288,0.00032781853384094238
point_reprojection:measurement_ir,325,0.010942384562480357,0.00011973577991320843
point_reprojection:measurement_ir,326,-0.013812515707786587,0.00019078559017785121
point_reprojection:measurement_ir,327,-0.01658245832919647,0.00027497792423953737
point_reprojection:measurement_ir,328,0.0037644692638423294,1.4171228838413608e-05
point_reprojection:measurement_ir,329,0.020968040313084656,0.00043965871457114325
point_reprojection:measurement_ir,330,-0.0002567232638966743,6.5906834225761481e-08
point_reprojection:measurement_ir,331,-0.017863827848373148,0.00031911634539631201
point_reprojection:measurement_ir,332,-0.0045060900116595803,2.0304847193178238e-05
point_reprojection:measurement_ir,333,0.012744964173879225,0.00016243411179346493
point_reprojection:measurement_ir,334,0.010397031057004824,0.00010809825480032284
point_reprojection:measurement_ir,335,-0.014312014150078767,0.00020483374903205485
point_reprojection:measurement_ir,336,-0.0057826152938787343,3.3438639637000241e-05
point_reprojection:measurement_ir,337,0.013798571047516361,0.00019040056295335678
point_reprojection:measurement_ir,338,0.0011998255513844924,1.4395813537551012e-06
point_reprojection:measurement_ir,339,-0.010560632413023541,0.00011152695696300342
point_reprojection:measurement_ir,340,-0.0028892745182474756,8.347907241794182e-06
point_reprojection:measurement_ir,341,0.012204704456098624,0.00014895481086071361
point_reprojection:measurement_ir,342,0.012658463135812781,0.00016023668896073115
point_reprojection:measurement_ir,343,-0.028557759118257309,0.00081554560585640843
point_reprojection:measurement_ir,344,-0.02025283937605309,0.00041017750279220648
point_reprojection:measurement_ir,345,0.057945037559966293,0.0033576273778259044
point_reprojection:measurement_ir,346,0.022588103924340429,0.00051022243889680351
point_reprojection:measurement_ir,347,-0.059344094737627986,0.0035217215802285655
point_reprojection:measurement_ir,348,-0.068920839787642768,0.0047500821570339224
point_reprojection:measurement_ir,349,0.29892986169429603,0.08935906221257095
point_reprojection:measurement_ir,350,0.071908789056260497,0.0051708739435377691
point_reprojection:measurement_ir,351,-0.25176272786020493,0.063384471139611612
point_reprojection:measurement_ir,352,0.044932651163776427,0.0020189431406056192
point_reprojection:measurement_ir,353,-0.73531585236007113,0.54068940273201793
point_reprojection:measurement_ir,354,-0.0067563231111762434,4.5647901982614235e-05
point_reprojection:measurement_ir,355,-0.075186343392988422,0.0056529862328083737
point_reprojection:measurement_ir,356,-0.030871014176636891,0.0009530195162941159
point_reprojection:measurement_ir,357,0.086231809706055179,0.0074359250051813123
point_reprojection:measurement_ir,358,0.02813737162950929,0.00079171168221711424
point_reprojection:measurement_ir,359,0.067521005305547985,0.0045590861574718389
point_reprojection:measurement_ir,360,-0.011000352163409843,0.0001210077477190356
point_reprojection:measurement_ir,361,-0.010585584385330549,0.00011205459677895394
point_reprojection:measurement_ir,362,0.0021253086250226259,4.5169367515955649e-06
point_reprojection:measurement_ir,363,0.0019122944934451881,3.6568702296607886e-06
point_reprojection:measurement_ir,364,-0.006798871941123252,4.6224659671793058e-05
point_reprojection:measurement_ir,365,-0.014336171100762841,0.00020552580183034764
point_reprojection:measurement_ir,366,0.011216035339703011,0.00012579944874146684
point_reprojection:measurement_ir,367,0.016109518640871557,0.00025951659084058815
point_reprojection:measurement_ir,368,-0.020307075965615696,0.00041237733427328663
point_reprojection:measurement_ir,369,-0.0058931509523517892,3.4729228147204802e-05
point_reprojection:measurement_ir,370,0.02507810755785158,0.00062891147868317254
point_reprojection:measurement_ir,371,0.00074367359370626214,5.5305041397598668e-07
point_reprojection:measurement_ir,372,-0.016845128394288623,0.00028375835062006884
point_reprojection:measurement_ir,373,-0.0066538913801423407,4.427427049873254e-05
point_reprojection:measurement_ir,374,0.010082078564414588,0.00010164830817902811
point_reprojection:measurement_ir,375,0.0009603153645002749,9.2220559929529582e-07
point_reprojection:measurement_ir,376,-0.01457379480691543,0.00021239549507407515
point_reprojection:measurement_ir,377,0.018149862303425836,0.0003294175016333182
point_reprojection:measurement_ir,378,0.019057914951849851,0.0003632041223119421
point_reprojection:measurement_ir,379,0.071617622713256418,0.0051290838830983414
point_reprojection:measurement_ir,380,-0.02826169601858055,0.00079872346184665173
point_reprojection:measurement_ir,381,0.16325525981089867,0.026652279855924027
point_reprojection:measurement_ir,382,0.015510242594655211,0.00024056762534505681
point_reprojection:measurement_ir,383,-0.26926836196391835,0.072505450754731748
point_reprojection:measurement_ir,384,0.025605527540437833,0.0006556430406241203
point_reprojection:measurement_ir,385,-0.19033569504135811,0.036227676806876871
point_reprojection:measurement_ir,386,-0.040581036348135056,0.0016468205110886586
point_reprojection:measurement_ir,387,0.15603382957290252,0.024346555971185589
point_reprojection:measurement_ir,388,0.019486325962725461,0.00037971689952558834
point_reprojection:measurement_ir,389,0.061620675385381671,0.0037971076349505826
point_reprojection:measurement_ir,390,0.0038421610579689514,1.4762201595373092e-05
point_reprojection:measurement_ir,391,-0.0088964231357749664,7.9146344610752089e-05
point_reprojection:measurement_ir,392,-0.020061835952219553,0.00040247726177376905
point_reprojection:measurement_ir,393,0.016441799229437493,0.00027033276190113135
point_reprojection:measurement_ir,394,-0.078937408261072053,0.0062311144229751664
point_reprojection:measurement_ir,395,0.10817743345824056,0.011702357109612064
point_reprojection:measurement_ir,396,0.17859703116389483,0.031896899540557223
point_reprojection:measurement_ir,397,-0.15638688740654061,0.024456858552706011
point_reprojection:measurement_ir,398,-0.046284467011105335,0.0021422518865020978
point_reprojection:measurement_ir,399,-0.059168820965578559,0.0035009493744566889
point_reprojection:measurement_ir,400,-0.022205026219808133,0.00049306318942236665
point_reprojection:measurement_ir,401,0.074880384271807543,0.0056070719486935629
point_reprojection:measurement_ir,402,-0.020213900436124276,0.00040860177084154519
point_reprojection:measurement_ir,403,0.016519487017080791,0.00027289345130750083
point_reprojection:measurement_ir,404,0.0053094595143647894,2.8190360334678785e-05
point_reprojection:measurement_ir,405,0.022686367813452079,0.00051467128456723443
point_reprojection:measurement_ir,406,-0.012606524247325978,0.00015892445359841782
point_reprojection:measurement_ir,407,-0.02512244140363009,0.00063113706207882736
point_reprojection:measurement_ir,408,0.024727974273878316,0.00061147271168958785
point_reprojection:measurement_ir,409,0.013166331048671509,0.0001733522732832114
point_reprojection:measurement_ir,410,0.0064774948774584118,4.1957939887499967e-05
point_reprojection:measurement_ir,411,0.0068612121362320979,4.7076231978378626e-05
point_reprojection:measurement_ir,412,0.011299746244162634,0.00012768426518246754
point_reprojection:measurement_ir,413,0.063669283401105753,0.0040537776488103203
point_reprojection:measurement_ir,414,-0.085877871750858509,0.0073750088564569017
point_reprojection:measurement_ir,415,-0.17532003832010901,0.03073711583656449
point_reprojection:measurement_ir,416,0.048516062702788076,0.0023538083401808641
point_reprojection:measurement_ir,417,0.087218128234002282,0.0076070018926428663
point_reprojection:measurement_ir,418,0.0093798429343451058,8.798145347298381e-05
point_reprojection:measurement_ir,419,0.01316394885756722,0.00017328954952464533
point_reprojection:measurement_ir,420,-0.0011888396192489381,1.41333964029596e-06
point_reprojection:measurement_ir,421,-0.0065057955826944179,4.2325376163806198e-05
point_reprojection:measurement_ir,422,-0.0052527177677575308,2.7591043947715656e-05
point_reprojection:measurement_ir,423,0.0022560417628540107,5.089724435741432e-06
point_reprojection:measurement_ir,424,0.0081917971547909481,6.7105540625241069e-05
point_reprojection:measurement_ir,425,-0.0035484161303656948,1.2591257034239452e-05
point_reprojection:measurement_ir,426,-0.0066612499239454333,4.437225054926304e-05
point_reprojection:measurement_ir,427,0.0061158689957665048,3.7403853573377996e-05
point_reprojection:measurement_ir,428,0.0016233690337003281,2.6353270195771368e-06
point_reprojection:measurement_ir,429,-0.0022868297653872104,5.2295903758609237e-06
point_reprojection:measurement_ir,430,0.0048606618135181631,2.3626033265393678e-05
point_reprojection:measurement_ir,431,-0.0024131332673050566,5.8232121657743774e-06
point_reprojection:measurement_ir,432,-0.0064419581929541893,4.1498825359769606e-05
point_reprojection:measurement_ir,433,0.0066644756652635808,4.4415235892890447e-05
point_reprojection:measurement_ir,434,0.0048879504744263613,2.389205984044489e-05
point_reprojection:measurement_ir,435,0.0046908921766430469,2.2004469412890941e-05
point_reprojection:measurement_ir,436,-0.011034009908485132,0.00012174937466054807
point_reprojection:measurement_ir,437,0.040428045351552554,0.0016344268509471901
point_reprojection:measurement_ir,438,0.013885841610408534,0.00019281659722935305
point_reprojection:measurement_ir,439,-0.10965075266974508,0.012023287561041608
point_reprojection:measurement_ir,440,-0.0021162922578696454,4.4786929207190019e-06
point_reprojection:measurement_ir,441,0.045761331998892277,0.0020940995063128422
point_reprojection:measurement_ir,442,-0.0024571549765369126,6.0376105787201157e-06
point_reprojection:measurement_ir,443,0.0095535501783388099,9.1270321010037506e-05
point_reprojection:measurement_ir,444,0.0016540056000849291,2.7357345251123065e-06
point_reprojection:measurement_ir,445,-0.011336297584716704,0.00012851164292925377
point_reprojection:measurement_ir,446,-0.0047091930858186972,2.2176499519522624e-05
point_reprojection:measurement_ir,447,0.0023321375753312169,5.438865670271767e-06
point_reprojection:measurement_ir,448,0.0046179961272173383,2.1325888230994334e-05
point_reprojection:measurement_ir,449,0.069582056373462819,0.0048416625691597576
point_reprojection:measurement_ir,450,-0.0039594828095459887,1.5677504119090198e-05
point_reprojection:measurement_ir,451,-0.12867473642440927,0.016557187793891197
point_reprojection:measurement_ir,452,0.0034260690097653425,1.1737948859674475e-05
point_reprojection:measurement_ir,453,0.13006642579338176,0.016917275118665285
point_reprojection:measurement_ir,454,-0.0012437542203315387,1.5469245605925138e-06
point_reprojection:measurement_ir,455,-0.089623597991817405,0.0080323893169988968
point_reprojection:measurement_ir,456,0.0002795720231915766,7.8160516151431451e-08
point_reprojection:measurement_ir,457,0.025642624950478421,0.00065754421435089839
point_reprojection:measurement_ir,458,-0.0001597904638174441,2.5532992326993911e-08
point_reprojection:measurement_ir,459,0.0048783494990516374,2.379829383489736e-05
point_reprojection:measurement_ir,460,-0.0049862003048929179,2.4862193480514227e-05
point_reprojection:measurement_ir,461,0.0059926110249307381,3.5911386896121432e-05
point_reprojection:measurement_ir,462,0.00070988349207254939,5.0393457231711728e-07
point_reprojection:measurement_ir,463,-0.0082593159051498333,6.8216299221061013e-05
point_reprojection:measurement_ir,464,0.01098185189562173,0.00012060107105737059
point_reprojection:measurement_ir,465,-0.0017998386290855705,3.2394190907486258e-06
point_reprojection:measurement_ir,466,-0.00071626273745550861,5.1303230906725886e-07
point_reprojection:measurement_ir,467,-0.0050161605074436014,2.5161866236436847e-05
point_reprojection:measurement_ir,468,-0.0082922938154069929,6.8762136721037069e-05
point_reprojection:measurement_ir,469,0.0083778271126448093,7.0187987129366458e-05
point_reprojection:measurement_ir,470,0.0015625351046537617,2.441515953275342e-06
point_reprojection:measurement_ir,471,-0.0026933510272669991,7.2541397560801991e-06
point_reprojection:measurement_ir,472,0.013985116271283005,0.00019558347712130466
point_reprojection:measurement_ir,473,0.0025396527778923429,6.4498362322562942e-06
point_reprojection:measurement_ir,474,-0.0073358923393470835,5.3815316414491226e-05
point_reprojection:measurement_ir,475,0.023610356129836418,0.00055744891657770414
point_reprojection:measurement_ir,476,-0.029022399211316951,0.00084229965598105075
point_reprojection:measurement_ir,477,-0.043848041425360404,0.001922650736840122
point_reprojection:measurement_ir,478,0.022861748912691836,0.00052265956334696638
point_reprojection:measurement_ir,479,0.019443617418960456,0.00037805425833490247
metric_depth:measurement_ir,0,-0.083976713718621365,0.0070520884469792901
metric_depth:measurement_ir,1,-0.10997655835442011,0.012094843387483172
metric_depth:measurement_ir,2,-0.13843591595196814,0.019164502825460387
metric_depth:measurement_ir,3,-0.16493666234368654,0.027204102585075263
metric_depth:measurement_ir,4,-0.19218861962092082,0.03693646551179499
metric_depth:measurement_ir,5,-0.22103713087467036,0.048857413225306151
metric_depth:measurement_ir,6,-0.24775661827155404,0.061383341897356544
metric_depth:measurement_ir,7,-0.27414798105269567,0.075157115515269185
metric_depth:measurement_ir,8,-0.3121395308844519,0.097431086740765699
metric_depth:measurement_ir,9,-0.34261195830171909,0.1173829539713389
metric_depth:measurement_ir,10,-0.3790181688251848,0.14365477229959628
metric_depth:measurement_ir,11,-0.40174401369555679,0.16139825254021573
metric_depth:measurement_ir,12,-0.42386191628526926,0.17965892407702061
metric_depth:measurement_ir,13,-0.44569242638421414,0.19864173893624815
metric_depth:measurement_ir,14,-0.44542402115538715,0.19840255862223477
metric_depth:measurement_ir,15,-0.46016086498352737,0.2117480216623881
metric_depth:measurement_ir,16,-0.48044192585594148,0.23082444412016598
metric_depth:measurement_ir,17,-0.48203808094444778,0.232360711480606
metric_depth:measurement_ir,18,-0.49499451173864684,0.24501956665138139
metric_depth:measurement_ir,19,-0.50336968386085956,0.25338103863018169
metric_depth:measurement_ir,20,-0.5268014601287635,0.27751977839379721
metric_depth:measurement_ir,21,-0.53896280957274811,0.29048091010255034
metric_depth:measurement_ir,22,-0.5419054534181732,0.29366152044435589
metric_depth:measurement_ir,23,-0.55847891075889589,0.31189869376244278
metric_depth:measurement_ir,24,-0.58327442611544422,0.34020905616030078
metric_depth:measurement_ir,25,-0.60821118745536762,0.36992084854586832
metric_depth:measurement_ir,26,-0.64106017957178774,0.41095815383261275
metric_depth:measurement_ir,27,-0.68888726752406126,0.47456566735676753
metric_depth:measurement_ir,28,-0.72159656588327359,0.52070160389453357
metric_depth:measurement_ir,29,-0.78295985169942961,0.61302612937319279
metric_depth:measurement_ir,30,-0.8104063034746265,0.65675837671140846
metric_depth:measurement_ir,31,-0.83945864674162318,0.70469081958927726
metric_depth:measurement_ir,32,-0.85554250225538397,0.73195297316540364
metric_depth:measurement_ir,33,-0.88109042906487633,0.77632034418972784
metric_depth:measurement_ir,34,-0.89483907831029219,0.80073697607121319
metric_depth:measurement_ir,35,-0.89793113109669054,0.806280316192582
metric_depth:measurement_ir,36,-0.89598084532454947,0.80278167518849419
metric_depth:measurement_ir,37,-0.88712310121421512,0.7869873967079265
metric_depth:measurement_ir,38,-0.87082766825114077,0.75834082779171885
metric_depth:measurement_ir,39,-0.85277408575400648,0.72722364133358164
metric_depth:measurement_ir,40,-0.81908205265917822,0.67089540898837274
metric_depth:measurement_ir,41,-0.79197389057483336,0.6272226433522381
metric_depth:measurement_ir,42,-0.72718878310598156,0.52880352627515825
metric_depth:measurement_ir,43,-0.65249715813719478,0.42575254137711538
metric_depth:measurement_ir,44,-0.60571352523088984,0.36688887464763181
metric_depth:measurement_ir,45,-0.28888294242569801,0.083453354424529155
metric_depth:measurement_ir,46,-0.25995867242844783,0.067578511370761041
metric_depth:measurement_ir,47,-0.23110586172558845,0.053409919323926809
metric_depth:measurement_ir,48,-0.20234812879068131,0.040944765225090149
metric_depth:measurement_ir,49,-0.40709710719941827,0.16572805469013466
metric_depth:measurement_ir,50,-0.43636079167845354,0.19041074051424672
metric_depth:measurement_ir,51,-0.40932482024338634,0.16754680846728054
metric_depth:measurement_ir,52,-0.38425617827358549,0.14765281054142151
metric_depth:measurement_ir,53,-0.36717829231531596,0.13481989834759162
metric_depth:measurement_ir,54,-0.34345933678927087,0.11796431602772579
metric_depth:measurement_ir,55,-0.32899076342026001,0.10823492241584549
metric_depth:measurement_ir,56,-0.31286387892854001,0.097883806738212134
metric_depth:measurement_ir,57,-0.30741636455961574,0.09450482119905057
metric_depth:measurement_ir,58,-0.30442617136598771,0.092675293812553711
metric_depth:measurement_ir,59,-0.2962956757852877,0.08779112748906033
metric_depth:measurement_ir,60,-0.30662711938195075,0.094020190340473084
metric_depth:measurement_ir,61,-0.30616227723684308,0.093735340002849568
metric_depth:measurement_ir,62,-0.30284761871261079,0.091716680159898881
metric_depth:measurement_ir,63,-0.31733596446822276,0.10070211434497714
metric_depth:measurement_ir,64,-0.31062612529581313,0.096488589716290193
metric_depth:measurement_ir,65,-0.30382776098757414,0.092311308346722479
metric_depth:measurement_ir,66,-0.29998274324079377,0.089989646242272001
metric_depth:measurement_ir,67,-0.29296063684589591,0.085825934741152896
metric_depth:measurement_ir,68,-0.2889213537614983,0.083475548659376841
metric_depth:measurement_ir,69,-0.2891202670776627,0.083590528835059005
metric_depth:measurement_ir,70,-0.28519413124498016,0.081335692496578973
metric_depth:measurement_ir,71,-0.25879081541935234,0.066972686145413296
metric_depth:measurement_ir,72,-0.2594386165824103,0.067308395774194896
metric_depth:measurement_ir,73,-0.081871689253779634,0.0067029735012674556
metric_depth:measurement_ir,74,-0.084006406444848247,0.0070570763237770414
metric_depth:measurement_ir,75,-0.10300384731700185,0.010609792562104229
metric_depth:measurement_ir,76,-0.10598327236822325,0.011232454021876993
metric_depth:measurement_ir,77,-0.11708673258529667,0.013709302947500774
metric_depth:measurement_ir,78,-0.12026903833883962,0.014464641582949274
metric_depth:measurement_ir,79,-0.11540083530957146,0.013317352790146834
metric_depth:measurement_ir,80,-0.11831410560694033,0.01399822758557023
metric_depth:measurement_ir,81,-0.09256937471661475,0.0085690891354250343
metric_depth:measurement_ir,82,-0.094646070588824793,0.0089578786779048059
metric_depth:measurement_ir,83,-0.096120306412958989,0.009239113304921125
metric_depth:measurement_ir,84,-0.097011989912463292,0.0094113261867758789
metric_depth:measurement_ir,85,-0.18766968779329307,0.035219911716432094
metric_depth:measurement_ir,86,-0.18694781234001034,0.034949484538715721
metric_depth:measurement_ir,87,-0.18544940685955158,0.034391482504559499
metric_depth:measurement_ir,88,-0.18553076478947861,0.034421664683368838
metric_depth:measurement_ir,89,-0.18057148789810884,0.032606062241736865
metric_depth:measurement_ir,90,-0.17762898157700824,0.031552055096085135
metric_depth:measurement_ir,91,-0.17473222573900826,0.03053135071170774
metric_depth:measurement_ir,92,-0.174165688083155,0.03033368690547884
metric_depth:measurement_ir,93,-0.17298890306883427,0.029925160584958539
metric_depth:measurement_ir,94,-0.17680129145815182,0.031258696661270347
metric_depth:measurement_ir,95,-0.18728270390400303,0.035074811181594473
metric_depth:measurement_ir,96,-0.20069101808316184,0.040276884739255989
metric_depth:measurement_ir,97,-0.20432777483309406,0.041749839568243588
metric_depth:measurement_ir,98,-0.2046771439560251,0.041892733257995418
metric_depth:measurement_ir,99,-0.22875312637970291,0.05232799282848833
metric_depth:measurement_ir,100,-0.23033580093066108,0.053054581190369134
metric_depth:measurement_ir,101,-0.23277300759779984,0.05418327306612538
metric_depth:measurement_ir,102,-0.24147298661057359,0.058309203262630255
metric_depth:measurement_ir,103,-0.24575286190744317,0.060394469135698833
metric_depth:measurement_ir,104,-0.25097944340930289,0.062990681014043468
metric_depth:measurement_ir,105,-0.26372681562157996,0.069551833277898836
metric_depth:measurement_ir,106,-0.27693604121910975,0.076693570926112453
metric_depth:measurement_ir,107,-0.31337866559912236,0.098206188052686563
metric_depth:measurement_ir,108,-0.32391221023601968,0.10491911993998342
metric_depth:measurement_ir,109,-0.33287418979328476,0.11080522623053576
metric_depth:measurement_ir,110,-0.3420820969341225,0.11702016104284639
metric_depth:measurement_ir,111,-0.35020300669141635,0.12264214589570821
metric_depth:measurement_ir,112,-0.31607840270749454,0.099905556658121092
metric_depth:measurement_ir,113,-0.26028546372962014,0.067748522628943403
metric_depth:measurement_ir,114,-0.27488318101710441,0.075560763206082182
metric_depth:measurement_ir,115,-0.20863236382547057,0.043527463235403518
metric_depth:measurement_ir,116,-0.22724836852042032,0.05164182099519276
metric_depth:measurement_ir,117,-0.24798729305167466,0.06149769751509717
metric_depth:measurement_ir,118,-0.35283371583604578,0.1244916310306715
metric_depth:measurement_ir,119,-0.4128349277501947,0.17043267757050848
metric_depth:measurement_ir,120,-0.44048290029571124,0.19402518545292149
metric_depth:measurement_ir,121,-0.45946255776660017,0.21110584198942639
metric_depth:measurement_ir,122,-0.49326203707396743,0.24330743721836001
metric_depth:measurement_ir,123,-0.52811673886524457,0.2789072898696609
metric_depth:measurement_ir,124,-0.56522795505781875,0.31948264117884356
metric_depth:measurement_ir,125,-0.61228465604196425,0.37489250002442648
metric_depth:measurement_ir,126,-0.65374750005012494,0.4273857938217881
metric_depth:measurement_ir,127,-0.72307714214043395,0.52284055348597736
metric_depth:measurement_ir,128,-0.77995695867266901,0.60833285738191956
metric_depth:measurement_ir,129,-0.85402000170305004,0.72935016330887759
metric_depth:measurement_ir,130,-0.91362750335695775,0.83471521489026779
metric_depth:measurement_ir,131,-0.99768587648040585,0.99537710812847568
metric_depth:measurement_ir,132,-1.0521506722374996,1.1070210370898224
metric_depth:measurement_ir,133,-1.1002112402024777,1.2104647730678741
metric_depth:measurement_ir,134,-1.1473528186468414,1.3164184904568517
metric_depth:measurement_ir,135,-1.1868807118489046,1.4086858241589626
metric_depth:measurement_ir,136,-1.207480453886024,1.4580090465167985
metric_depth:measurement_ir,137,-1.2380325117662903,1.5327245001903496
metric_depth:measurement_ir,138,-1.2709939309431717,1.615425572494376
metric_depth:measurement_ir,139,-1.3019882875438027,1.6951735009012439
metric_depth:measurement_ir,140,-1.3265332378961181,1.7596904312431592
metric_depth:measurement_ir,141,-1.3427772491585195,1.8030507408577208
metric_depth:measurement_ir,142,-1.3477249942038771,1.8163626600018408
metric_depth:measurement_ir,143,-1.3384184190920045,1.7913638645647407
metric_depth:measurement_ir,144,-1.3141412892956201,1.7269673282315547
metric_depth:measurement_ir,145,-1.2690283001048404,1.6104328264669807
metric_depth:measurement_ir,146,-1.234263951676505,1.523407502408102
metric_depth:measurement_ir,147,-1.1037885732669348,1.2183492144746555
metric_depth:measurement_ir,148,-0.95337601835357355,0.90892583237171343
metric_depth:measurement_ir,149,-0.90732062147774517,0.8232307101587617
metric_depth:measurement_ir,150,-0.84595007245553755,0.71563152508752925
metric_depth:measurement_ir,151,-0.81020580719567281,0.65643345001359177
metric_depth:measurement_ir,152,-0.76036280430290604,0.57815159416737938
metric_depth:measurement_ir,153,-0.7861841509618106,0.61808551922354305
metric_depth:measurement_ir,154,-0.74520250301657265,0.55532677050216495
metric_depth:measurement_ir,155,-0.69641718294305432,0.48499689269833962
metric_depth:measurement_ir,156,-0.64024754884230606,0.40991692379858108
metric_depth:measurement_ir,157,-0.59425932109755586,0.35314414071132799
metric_depth:measurement_ir,158,-0.54872177702993064,0.3010955885868849
metric_depth:measurement_ir,159,-0.50669943666182193,0.25674431911340767
metric_depth:measurement_ir,160,-0.46384514214619177,0.21515231589262085
metric_depth:measurement_ir,161,-0.42678916389943866,0.1821489904219819
metric_depth:measurement_ir,162,-0.39565069990022217,0.15653947633153567
metric_depth:measurement_ir,163,-0.37064808071982053,0.13737999974128659
metric_depth:measurement_ir,164,-0.34555884064376186,0.1194109123470608
metric_depth:measurement_ir,165,-0.36906058660939434,0.13620571658847025
metric_depth:measurement_ir,166,-0.38369729703328503,0.14722361575064896
metric_depth:measurement_ir,167,-0.38338554510885503,0.14698447619841393
metric_depth:measurement_ir,168,-0.38124850626740786,0.14535042353112973
metric_depth:measurement_ir,169,-0.3714204269069421,0.13795313352373512
metric_depth:measurement_ir,170,-0.38369278073003921,0.14722014998434996
metric_depth:measurement_ir,171,-0.37901656230965974,0.1436535545050322
metric_depth:measurement_ir,172,-0.37207293524831075,0.13843826914429364
metric_depth:measurement_ir,173,-0.36701664935538547,0.13470122090405398
metric_depth:measurement_ir,174,-0.36350072321735832,0.13213277577954255
metric_depth:measurement_ir,175,-0.35904535341473398,0.12891356580871122
metric_depth:measurement_ir,176,-0.053532526351020543,0.0028657313775227087
metric_depth:measurement_ir,177,-0.35297023889997603,0.12458798954910615
metric_depth:measurement_ir,178,-0.35087721331702104,0.12311481882511829
metric_depth:measurement_ir,179,-0.34951446013478704,0.12216035784331164
metric_depth:measurement_ir,180,-0.34913887252780013,0.12189795230998346
metric_depth:measurement_ir,181,-0.34974623380367958,0.1223224280598581
metric_depth:measurement_ir,182,-0.27623422142031129,0.076305345083685569
metric_depth:measurement_ir,183,-0.15783863023437839,0.024913033194264828
metric_depth:measurement_ir,184,-0.15741450884521857,0.024779327594981394
metric_depth:measurement_ir,185,-0.14851429490131696,0.022056495790035338
metric_depth:measurement_ir,186,-0.1534871363632988,0.023558301029005881
metric_depth:measurement_ir,187,-0.15908016943386039,0.025306500307105729
metric_depth:measurement_ir,188,-0.13955225688024764,0.019474832400370623
metric_depth:measurement_ir,189,-0.14602737668982435,0.021323994742911856
metric_depth:measurement_ir,190,-0.21078238679389072,0.04442921458252936
metric_depth:measurement_ir,191,-0.35128499675057284,0.12340114894204997
metric_depth:measurement_ir,192,-0.37651614591361193,0.1417644081336403
metric_depth:measurement_ir,193,-0.38084057558383044,0.14503954401102326
metric_depth:measurement_ir,194,-0.38534260860937319,0.14848892600987657
metric_depth:measurement_ir,195,-0.39056126850719269,0.15253810445794747
metric_depth:measurement_ir,196,-0.39680182536272635,0.15745168861119158
metric_depth:measurement_ir,197,-0.39507061260910259,0.1560807889473316
metric_depth:measurement_ir,198,-0.38810434777757252,0.15062498476385497
metric_depth:measurement_ir,199,-0.3798442081522227,0.14428162246678908
metric_depth:measurement_ir,200,-0.37725552337108587,0.14232172991399192
metric_depth:measurement_ir,201,-0.39186068686610231,0.15355479791117349
metric_depth:measurement_ir,202,-0.40844631528070774,0.16682839246638731
metric_depth:measurement_ir,203,-0.42717862948806096,0.18248158149129806
metric_depth:measurement_ir,204,-0.43047596246275144,0.18530955425823217
metric_depth:measurement_ir,205,-0.42189308750381693,0.17799377728350332
metric_depth:measurement_ir,206,-0.44775576190747279,0.20048522232134147
metric_depth:measurement_ir,207,-0.47599438108182601,0.2265706508214706
metric_depth:measurement_ir,208,-0.50669117911040351,0.256735950988291
metric_depth:measurement_ir,209,-0.55342733427248691,0.306281814319951
metric_depth:measurement_ir,210,-0.61429240298757637,0.3773551563682509
metric_depth:measurement_ir,211,-0.66330049738025543,0.43996754982489422
metric_depth:measurement_ir,212,-0.72148654046220428,0.52054282806811991
metric_depth:measurement_ir,213,-0.7731809167226581,0.59780872998408996
metric_depth:measurement_ir,214,-0.82831995579264883,0.68611394916433577
metric_depth:measurement_ir,215,-0.88265505254748267,0.77907994178759943
metric_depth:measurement_ir,216,-0.97173560172983076,0.94427007966923626
metric_depth:measurement_ir,217,-1.0212220577349824,1.0428944912044718
metric_depth:measurement_ir,218,-1.0632439478079942,1.1304876925503289
metric_depth:measurement_ir,219,-1.1038072876398144,1.218390528246764
metric_depth:measurement_ir,220,-1.1418432018448659,1.3038058975993352
metric_depth:measurement_ir,221,-1.1704132504115985,1.3698671767390431
metric_depth:measurement_ir,222,-1.1968896935932696,1.4325449386297908
metric_depth:measurement_ir,223,-1.2254645139681628,1.5017632749952254
metric_depth:measurement_ir,224,-1.2492966723452932,1.5607421755330229
metric_depth:measurement_ir,225,-1.2732798584361875,1.6212415978992778
metric_depth:measurement_ir,226,-1.253352993224333,1.5708937256243949
metric_depth:measurement_ir,227,-1.25595158358903,1.5774143803197922
metric_depth:measurement_ir,228,-1.1831215143410483,1.3997765176966552
metric_depth:measurement_ir,229,-1.0663567739511701,1.1371167693515469
metric_depth:measurement_ir,230,-0.89145721873792338,0.79469597283995375
metric_depth:measurement_ir,231,-0.87401013561331986,0.7638937171548138
metric_depth:measurement_ir,232,-0.85400235865797725,0.7293200285933884
metric_depth:measurement_ir,233,-0.83204554269576647,0.69229978511989254
metric_depth:measurement_ir,234,-1.0402572914636774,1.0821352324433462
metric_depth:measurement_ir,235,-1.0157331842147483,1.0317139015150318
metric_depth:measurement_ir,236,-0.99558718495629694,0.99119384284920387
metric_depth:measurement_ir,237,-0.98538213597269508,0.9709779538941109
metric_depth:measurement_ir,238,-0.94391773440262672,0.8909806893197878
metric_depth:measurement_ir,239,-0.91524999334299562,0.83768255031435357
temporal_acceleration:state_sequence,0,-0.0046649581213470404,2.1761834273921709e-05
temporal_acceleration:state_sequence,1,0.19857607085220053,0.039432455915098162
temporal_acceleration:state_sequence,2,0.0086987038250940785,7.5667448236706357e-05
temporal_acceleration:state_sequence,3,-0.011452709327138544,0.00013116455093192619
temporal_acceleration:state_sequence,4,0.27801449120293364,0.077292057318826074
temporal_acceleration:state_sequence,5,0.013361120582944253,0.00017851954323197658
temporal_acceleration:state_sequence,6,0.0079804322656804039,6.3687299147112858e-05
temporal_acceleration:state_sequence,7,0.28870388220543497,0.083349931600489674
temporal_acceleration:state_sequence,8,0.01612891144842088,0.00026014178451100209
temporal_acceleration:state_sequence,9,-0.00073957575350225291,5.4697229516842519e-07
temporal_acceleration:state_sequence,10,0.33514722381716128,0.1123236616323504
temporal_acceleration:state_sequence,11,0.022894602348477733,0.00052416281669492209
temporal_acceleration:state_sequence,12,-0.016367261315724385,0.00026788724297720793
temporal_acceleration:state_sequence,13,0.33128890938667088,0.10975234148260983
temporal_acceleration:state_sequence,14,0.030352385686582828,0.00092126731686707818
temporal_acceleration:state_sequence,15,0.0035386071992492274,1.2521740910578462e-05
temporal_acceleration:state_sequence,16,0.33256402807034924,0.11059883276637604
temporal_acceleration:state_sequence,17,0.038762461574215479,0.0015025284272925316
temporal_acceleration:state_sequence,18,-0.041232844965176096,0.0017001475039222478
temporal_acceleration:state_sequence,19,0.38603105183208808,0.14901997297858827
temporal_acceleration:state_sequence,20,0.051831294938531336,0.002686483135005024
temporal_acceleration:state_sequence,21,0.01873860729127319,0.0003511354032165568
temporal_acceleration:state_sequence,22,0.46730987650334649,0.21837852067757293
temporal_acceleration:state_sequence,23,0.065212241448886488,0.0042526364347878686
temporal_acceleration:state_sequence,24,0.10325593619408116,0.01066178835931616
temporal_acceleration:state_sequence,25,0.12608647807103773,0.01589779995235828
temporal_acceleration:state_sequence,26,0.087971689380172968,0.0077390181324016377
temporal_acceleration:state_sequence,27,-0.041882231254177088,0.0017541212948283681
temporal_acceleration:state_sequence,28,-4.605042425120156,21.206415737156529
temporal_acceleration:state_sequence,29,0.15558656530936243,0.024207179304764501
temporal_acceleration:state_sequence,30,0.071236682702572329,0.0050746649624669677
temporal_acceleration:state_sequence,31,0.16033547975163598,0.025707466067187271
temporal_acceleration:state_sequence,32,0.06079422806595236,0.0036959381661350295
temporal_acceleration:state_sequence,33,0.0091504817044800457,8.3731315424024046e-05
temporal_acceleration:state_sequence,34,0.34033872641958479,0.11583044870090499
temporal_acceleration:state_sequence,35,0.028739249076759066,0.00082594443749599679
temporal_acceleration:state_sequence,36,-0.013576321960432625,0.00018431651797332514
temporal_acceleration:state_sequence,37,0.38018365123452802,0.14453960866601723
temporal_acceleration:state_sequence,38,0.0058415327771954573,3.4123505187048869e-05
temporal_acceleration:state_sequence,39,0.050230270301127727,0.0025230800545243542
temporal_acceleration:state_sequence,40,0.27893029077090969,0.07780210710954423
temporal_acceleration:state_sequence,41,-0.01237490569674371,0.00015313829100329992
temporal_acceleration:state_sequence,42,0.50243087345140558,0.25243678259714231
temporal_acceleration:state_sequence,43,-0.1486263495358392,0.022089791776349448
temporal_acceleration:state_sequence,44,-0.030471704427381674,0.00092852477070971189
temporal_acceleration:state_sequence,45,0.28423996936841289,0.080792360186556306
temporal_acceleration:state_sequence,46,-0.4274551364372452,0.18271789366658392
temporal_acceleration:state_sequence,47,-0.032759421609207529,0.0010731797041698132
temporal_acceleration:state_sequence,48,-0.14953777893387851,0.022361547328477518
temporal_acceleration:state_sequence,49,0.22448756516512181,0.050394666913764811
temporal_acceleration:state_sequence,50,-0.022477570569279237,0.00050524117869692815
temporal_acceleration:state_sequence,51,-0.17526937591284777,0.030719354132879143
temporal_acceleration:state_sequence,52,0.35675739524420558,0.12727583906143031
temporal_acceleration:state_sequence,53,-0.029824132801359315,0.0008894788973531167
temporal_acceleration:state_sequence,54,-0.15589567931960452,0.024303462830520969
temporal_acceleration:state_sequence,55,0.29965248776870945,0.089791613425976566
temporal_acceleration:state_sequence,56,-0.038060414569129897,0.0014485951571740353
temporal_acceleration:state_sequence,57,-0.063355510916978108,0.0040139207635513322
temporal_acceleration:state_sequence,58,0.21859985496612791,0.047785896591212157
temporal_acceleration:state_sequence,59,-0.045507317608073361,0.0020709159558820636
temporal_acceleration:state_sequence,60,-0.078694904288851286,0.0061928879610314647
temporal_acceleration:state_sequence,61,0.18102052224220441,0.032768429472840421
temporal_acceleration:state_sequence,62,-0.041179440144034629,0.0016957462905761308
temporal_acceleration:state_sequence,63,-0.097940484540391115,0.0095923385120065905
temporal_acceleration:state_sequence,64,0.16474941122244097,0.027142368498140959
temporal_acceleration:state_sequence,65,-0.032081349529766712,0.0010292129876510628
temporal_acceleration:state_sequence,66,-0.3185581476848362,0.10147929345639391
temporal_acceleration:state_sequence,67,-0.090104889474106747,0.0081188911071409936
temporal_acceleration:state_sequence,68,-0.017605801582565306,0.00030996424936465905
temporal_acceleration:state_sequence,69,-0.19797406469647755,0.039193730292445078
temporal_acceleration:state_sequence,70,-0.23776796856522286,0.056533606875632809
temporal_acceleration:state_sequence,71,-0.014124598337506011,0.00019950427819587758
temporal_acceleration:state_sequence,72,-0.038476441542626694,0.0014804365537831692
temporal_acceleration:state_sequence,73,0.069527145692937081,0.0048340239882068989
temporal_acceleration:state_sequence,74,0.013376922350327725,0.00017894205156669741
temporal_acceleration:state_sequence,75,0.039711709862113587,0.0015770199001726895
temporal_acceleration:state_sequence,76,0.18405091173348209,0.033874738109926014
temporal_acceleration:state_sequence,77,0.042490416414653343,0.0018054354870906421
temporal_acceleration:state_sequence,78,0.01153905820915152,0.0001331498643541871
temporal_acceleration:state_sequence,79,0.13733659737474965,0.018861340978474094
temporal_acceleration:state_sequence,80,0.07452895930613046,0.0055545657752548499
temporal_acceleration:state_sequence,81,0.13440296762927392,0.018064157707555654
temporal_acceleration:state_sequence,82,0.13652185631775934,0.018638217252446927
temporal_acceleration:state_sequence,83,0.10755125430561563,0.011567272302711205
temporal_acceleration:state_sequence,84,0.038219348003550591,0.0014607185618165065
temporal_acceleration:state_sequence,85,-0.0025426695663824384,6.4651685238074568e-06
temporal_acceleration:state_sequence,86,0.14998340409592137,0.022495021504200442
temporal_acceleration:state_sequence,87,0.0031499496009419758,9.9221824884745126e-06
temporal_acceleration:state_sequence,88,0.10779073464161126,0.011618842474578254
temporal_acceleration:state_sequence,89,0.20956085082003417,0.043915750196416616
temporal_acceleration:state_sequence,90,-0.051644956866184338,0.002667201569710041
temporal_acceleration:state_sequence,91,0.3945251047937216,0.15565005831249701
temporal_acceleration:state_sequence,92,0.28779877532356668,0.082828135077744808
temporal_acceleration:state_sequence,93,0.081145402289700824,0.0065845763127573842
temporal_acceleration:state_sequence,94,0.12976089775827315,0.016837890587033017
temporal_acceleration:state_sequence,95,0.3463428704268523,0.1199533838955114
temporal_acceleration:state_sequence,96,-0.0075417245806370242,5.6877609650184696e-05
temporal_acceleration:state_sequence,97,-0.1813953378191337,0.032904268582517632
temporal_acceleration:state_sequence,98,0.42567775640767191,0.18120155230026927
temporal_acceleration:state_sequence,99,-0.035602520507194493,0.0012675394664652044
temporal_acceleration:state_sequence,100,2.6895583949017636,7.2337243595865512
temporal_acceleration:state_sequence,101,0.54325964590171694,0.29513104286525887
temporal_acceleration:state_sequence,102,0.15879665247722197,0.025216376837971604
temporal_acceleration:state_sequence,103,-4.4252407283335513,19.58275550370206
temporal_acceleration:state_sequence,104,0.69658385585396054,0.4852290682363713
temporal_acceleration:state_sequence,105,0.12175524389632313,0.01482433941625313
temporal_acceleration:state_sequence,106,1.5178134801560141,2.3037577605433111
temporal_acceleration:state_sequence,107,0.48229583381932395,0.23260927131947695
temporal_acceleration:state_sequence,108,0.082745505578168677,0.0068468186933867432
temporal_acceleration:state_sequence,109,-1.6626729267752727,2.7644812614314511
temporal_acceleration:state_sequence,110,0.53531888527399429,0.28656630893099189
temporal_acceleration:state_sequence,111,-0.0071473469708294851,5.1084568721425416e-05
temporal_acceleration:state_sequence,112,0.24043773274738217,0.057810303328701573
temporal_acceleration:state_sequence,113,0.38426495340599942,0.14765955441611492
temporal_acceleration:state_sequence,114,-0.014445243451745721,0.00020866505838020263
temporal_acceleration:state_sequence,115,0.10597125147546113,0.011229906139275422
temporal_acceleration:state_sequence,116,0.31099505976940334,0.09671792720097476
temporal_acceleration:state_sequence,117,0.0032878032099156046,1.0809649947131353e-05
temporal_acceleration:state_sequence,118,0.11234023533436326,0.012620328474980118
temporal_acceleration:state_sequence,119,0.24601289895164191,0.060522346450590771
temporal_acceleration:state_sequence,120,-0.0078344287967455073,6.1378274571275256e-05
temporal_acceleration:state_sequence,121,0.12235223046168575,0.014970068298949462
temporal_acceleration:state_sequence,122,0.19084453845070737,0.036421637856463525
temporal_acceleration:state_sequence,123,-0.019568689463341574,0.00038293360731269554
temporal_acceleration:state_sequence,124,0.16570233158791717,0.02745726269367205
temporal_acceleration:state_sequence,125,0.14310174999351277,0.020478110851205832
temporal_acceleration:state_sequence,126,-0.023463706505461035,0.00055054552297441447
temporal_acceleration:state_sequence,127,0.15559597214900797,0.024210106548994866
temporal_acceleration:state_sequence,128,0.10130079375179069,0.010261850814742835
temporal_acceleration:state_sequence,129,-0.016216999532816592,0.00026299107384737355
temporal_acceleration:state_sequence,130,0.1500832163457112,0.022524971828673555
temporal_acceleration:state_sequence,131,0.06654498988869495,0.0044282356792865133
temporal_acceleration:state_sequence,132,0.29043259570609203,0.084351092648578305
temporal_acceleration:state_sequence,133,-0.11340679507471786,0.012861101169119052
temporal_acceleration:state_sequence,134,0.028268719205837289,0.00079912048553847407
temporal_acceleration:state_sequence,135,0.59748605836028934,0.35698958993491509
temporal_acceleration:state_sequence,136,-0.48625362546434242,0.23644258827721701
temporal_acceleration:state_sequence,137,-0.0071459294390785466,5.1064307548289432e-05
temporal_acceleration:state_sequence,138,-0.063388736839353199,0.0040181319580887736
temporal_acceleration:state_sequence,139,-0.063403553245064068,0.0040200105640996742
temporal_acceleration:state_sequence,140,-0.0095077767952256309,9.0397819587830974e-05
temporal_acceleration:state_sequence,141,0.05596275232376921,0.0031318296476515362
temporal_acceleration:state_sequence,142,0.069473784619774881,0.0048266067493948689
temporal_acceleration:state_sequence,143,-0.038321134364405207,0.0014685093389747977
temporal_acceleration:state_sequence,144,-0.084345070237352021,0.007114090873343846
temporal_acceleration:state_sequence,145,0.15427472526213279,0.023800690854706551
temporal_acceleration:state_sequence,146,-0.055770607029825836,0.0031103606084752588
temporal_acceleration:state_sequence,147,-0.093001674887685792,0.0086493115319148054
temporal_acceleration:state_sequence,148,0.16447872926900697,0.02705325238194729
temporal_acceleration:state_sequence,149,-0.078084408589762511,0.0060971748648129777
temporal_acceleration:state_sequence,150,-0.13377248848347983,0.017895078675062744
temporal_acceleration:state_sequence,151,0.1364120719085192,0.018608253362375014
temporal_acceleration:state_sequence,152,-0.096532946526639574,0.0093186097651150549
temporal_acceleration:state_sequence,153,-0.63161863600219581,0.3989421013452743
temporal_acceleration:state_sequence,154,-0.28628145773038738,0.08195707304023557
temporal_acceleration:state_sequence,155,-0.10457560115313402,0.010936056356539365
temporal_acceleration:state_sequence,156,-0.30564571238433563,0.09341930149892802
temporal_acceleration:state_sequence,157,-0.17938267692766796,0.032178144781736098
temporal_acceleration:state_sequence,158,-0.13059304322243781,0.017054542938097512
temporal_acceleration:state_sequence,159,-0.043615854157371126,0.0019023427338770681
temporal_acceleration:state_sequence,160,0.24197764901952357,0.058553182625015736
temporal_acceleration:state_sequence,161,-0.13883821570341848,0.019276050139708956
temporal_acceleration:state_sequence,162,-0.034236198514236149,0.0011721172887061856
temporal_acceleration:state_sequence,163,0.2487866344275283,0.061894789469776605
temporal_acceleration:state_sequence,164,-0.1502188877291033,0.022565714230568943
temporal_acceleration:state_sequence,165,-0.026572606093001605,0.000706103394573826
temporal_acceleration:state_sequence,166,0.21197518770451257,0.044933480202363339
temporal_acceleration:state_sequence,167,-0.16023701227954046,0.025675900104273598
temporal_acceleration:state_sequence,168,-0.042199080448589998,0.0017807623907065706
temporal_acceleration:state_sequence,169,0.22159981297821568,0.049106477111980171
temporal_acceleration:state_sequence,170,-0.16323211752964362,0.026644724193211386
temporal_acceleration:state_sequence,171,-0.038913273996062786,0.0015142428930926563
temporal_acceleration:state_sequence,172,0.25508929907912148,0.065070550504677485
temporal_acceleration:state_sequence,173,-0.16331976129280168,0.026673344428737721
temporal_acceleration:state_sequence,174,0.019705592570039149,0.00038831037853638209
temporal_acceleration:state_sequence,175,0.2604997456169833,0.067860117466513006
temporal_acceleration:state_sequence,176,-0.16429391773631341,0.026992491405146517
temporal_acceleration:state_sequence,177,-0.0077381089350597732,5.9878329890851898e-05
temporal_acceleration:state_sequence,178,0.26559495131704591,0.070540678165103995
temporal_acceleration:state_sequence,179,-0.15917142582291266,0.025335542798498988
temporal_acceleration:state_sequence,180,0.0010732483995785913,1.1518621271980076e-06
temporal_acceleration:state_sequence,181,0.24346769321885661,0.059276517641311276
temporal_acceleration:state_sequence,182,-0.15266836208756018,0.023307628782498382
temporal_acceleration:state_sequence,183,-0.022122684716083391,0.00048941317904722969
temporal_acceleration:state_sequence,184,0.22683091181765735,0.051452262556029846
temporal_acceleration:state_sequence,185,-0.14200042798440116,0.0201641215477531
temporal_acceleration:state_sequence,186,0.089733573208039263,0.0080521141606825428
temporal_acceleration:state_sequence,187,0.031808493230307128,0.0010117802415824943
temporal_acceleration:state_sequence,188,-0.13348150719785234,0.017817312763810308
temporal_acceleration:state_sequence,189,0.1005612862645269,0.010112572295176127
temporal_acceleration:state_sequence,190,-1.4342054581628072,2.0569452962239878
temporal_acceleration:state_sequence,191,-0.12189748641706633,0.014858997194798869
temporal_acceleration:state_sequence,192,0.10318243361149297,0.010646614605990154
temporal_acceleration:state_sequence,193,-1.2643338215548074,1.5985400123273836
temporal_acceleration:state_sequence,194,-0.11818465614585882,0.013967612948314886
temporal_acceleration:state_sequence,195,-0.010516240654323394,0.00011059131749964411
temporal_acceleration:state_sequence,196,0.083773158789330338,0.0070179421335423544
temporal_acceleration:state_sequence,197,-0.12199113518824856,0.014881837064517536
temporal_acceleration:state_sequence,198,0.00063237440432076936,3.9989738724004789e-07
temporal_acceleration:state_sequence,199,0.29918201032823993,0.089509875304047068
temporal_acceleration:state_sequence,200,-0.1211323310500223,0.014673041625612197
temporal_acceleration:state_sequence,201,-0.058258715617976381,0.0033940779454562451
temporal_acceleration:state_sequence,202,0.25845009497759663,0.066796451593928718
temporal_acceleration:state_sequence,203,-0.11856964005620974,0.014058759543059136
temporal_acceleration:state_sequence,204,-0.068232567419861542,0.0046556832567059506
temporal_acceleration:state_sequence,205,0.24255959458813819,0.058835156926761958
temporal_acceleration:state_sequence,206,-0.11259508511529681,0.012677653192120934
temporal_acceleration:state_sequence,207,-0.064666363055121939,0.00418173851077684
temporal_acceleration:state_sequence,208,0.24713487605396031,0.061075646962206326
temporal_acceleration:state_sequence,209,-0.10338200070547643,0.010687838069867129
temporal_acceleration:state_sequence,210,-0.033449658882293357,0.0011188796793417867
temporal_acceleration:state_sequence,211,0.24112448823623664,0.058141018827187023
temporal_acceleration:state_sequence,212,-0.091461698868577912,0.0083652423599264256
temporal_acceleration:state_sequence,213,0.17539865911756514,0.030764689620239816
temporal_acceleration:state_sequence,214,-0.048387151228546574,0.0023413164040142361
temporal_acceleration:state_sequence,215,-0.080077150831137089,0.0064123500852326792
temporal_acceleration:state_sequence,216,0.25855376341070074,0.066850048573836612
temporal_acceleration:state_sequence,217,-0.36571727708156726,0.13374912675595585
temporal_acceleration:state_sequence,218,-0.068614451969928325,0.004707943019133601
temporal_acceleration:state_sequence,219,0.51977542728334869,0.2701664948075877
temporal_acceleration:state_sequence,220,-0.51288935493451804,0.26305549040514603
temporal_acceleration:state_sequence,221,-0.051122368108491578,0.0026134965210201167
temporal_acceleration:state_sequence,222,0.27903230590700151,0.077859027739778472
temporal_acceleration:state_sequence,223,-0.099469360486234976,0.0098941536755405637
temporal_acceleration:state_sequence,224,-0.033348417906786665,0.0011121169768856895
temporal_acceleration:state_sequence,225,-0.038836173691326019,0.0015082483869828431
temporal_acceleration:state_sequence,226,0.35490010272163763,0.12595408291182894
temporal_acceleration:state_sequence,227,-0.014703516585212739,0.0002161933999716261
temporal_acceleration:state_sequence,228,-0.052993611647957316,0.0028083228754945174
temporal_acceleration:state_sequence,229,0.30855481643468863,0.095206074745044389
temporal_acceleration:state_sequence,230,-0.0055845536469423251,3.1187239435576825e-05
temporal_acceleration:state_sequence,231,-0.0074054501843142523,5.4840692432359995e-05
temporal_acceleration:state_sequence,232,0.34927467321049499,0.12199279734629807
temporal_acceleration:state_sequence,233,0.0073508782811204654,5.4035411503848568e-05
temporal_acceleration:state_sequence,234,-0.019807542403877214,0.00039233873608139391
temporal_acceleration:state_sequence,235,0.32216142034250467,0.10378798075709998
temporal_acceleration:state_sequence,236,0.019552667336286689,0.00038230679996349238
temporal_acceleration:state_sequence,237,-0.015404517460314189,0.0002372991581851247
temporal_acceleration:state_sequence,238,0.35830290572270995,0.12838097224933717
temporal_acceleration:state_sequence,239,0.034450118769435711,0.0011868106832282268
temporal_acceleration:state_sequence,240,-0.011210068418620392,0.00012566563395015031
temporal_acceleration:state_sequence,241,0.33722209681711857,0.11371874258173409
temporal_acceleration:state_sequence,242,0.049207323746447429,0.0024213607102876889
temporal_acceleration:state_sequence,243,0.060902256273598077,0.0037090848192150162
temporal_acceleration:state_sequence,244,0.12100726280048706,0.014642757650466139
temporal_acceleration:state_sequence,245,0.060246004807584796,0.0036295810952755303
temporal_acceleration:state_sequence,246,0.49099062466586307,0.24107179350977442
temporal_acceleration:state_sequence,247,-2.4954231712351906,6.2271368035374959
temporal_acceleration:state_sequence,248,0.058255232462989248,0.0033936721093169166
temporal_acceleration:state_sequence,249,0.21315288441005581,0.045434152132326613
temporal_acceleration:state_sequence,250,-0.65334099983204252,0.42685446206153299
temporal_acceleration:state_sequence,251,0.069248561867452096,0.0047953633207103406
temporal_acceleration:state_sequence,252,-0.23560334675728933,0.055508937003235517
temporal_acceleration:state_sequence,253,0.33552099391358953,0.11257433735676298
temporal_acceleration:state_sequence,254,0.092107333411250991,0.0084837608681313532
temporal_acceleration:state_sequence,255,-0.22259143314813074,0.049546946110938753
temporal_acceleration:state_sequence,256,0.4639141702788252,0.21521635738549083
temporal_acceleration:state_sequence,257,0.07765300271760367,0.0060299888310601625
temporal_acceleration:state_sequence,258,-0.19182688283786997,0.036797552979293893
temporal_acceleration:state_sequence,259,0.39534605526926253,0.15629850341696677
temporal_acceleration:state_sequence,260,0.058673658961416741,0.0034425982559206391
temporal_acceleration:state_sequence,261,-0.94207647160522767,0.88750807835215539
temporal_acceleration:state_sequence,262,0.18277828243508293,0.033407900529918946
temporal_acceleration:state_sequence,263,0.070763482129687638,0.0050074704031186218
temporal_acceleration:state_sequence,264,-0.17237205813103673,0.029712126424329507
temporal_acceleration:state_sequence,265,0.068710434980311097,0.0047211238751835591
temporal_acceleration:state_sequence,266,0.014972942973079384,0.00022418902127508731
temporal_acceleration:state_sequence,267,0.062437826958256504,0.0038984822352691826
temporal_acceleration:state_sequence,268,0.24697289355459701,0.060995610150730302
temporal_acceleration:state_sequence,269,-0.0045750483100626127,2.0931067039406768e-05
temporal_acceleration:state_sequence,270,0.084256094048259234,0.0070990893842691047
temporal_acceleration:state_sequence,271,0.27392690496055194,0.075035949261267262
temporal_acceleration:state_sequence,272,-0.016371818214677702,0.00026803643165445261
temporal_acceleration:state_sequence,273,0.01846788205681793,0.00034106266766453769
temporal_acceleration:state_sequence,274,0.22821064322564533,0.052080097681462781
temporal_acceleration:state_sequence,275,-0.024575264153248177,0.00060394360820192482
temporal_acceleration:state_sequence,276,-0.0011256361338829457,1.2670567059029448e-06
temporal_acceleration:state_sequence,277,0.19161517187663207,0.036716374093311251
temporal_acceleration:state_sequence,278,-0.033467340363801945,0.0011200628710265669
temporal_acceleration:state_sequence,279,0.0070747832054166016,5.0052557403644801e-05
temporal_acceleration:state_sequence,280,0.22687248742762234,0.051471125551596657
temporal_acceleration:state_sequence,281,-0.039002405653398853,0.0015211876467522787
temporal_acceleration:state_sequence,282,0.01871340131451904,0.00035019138875824296
temporal_acceleration:state_sequence,283,0.29052367105224342,0.084404003441672135
temporal_acceleration:state_sequence,284,-0.041990173330752611,0.0017631746563466478
temporal_acceleration:state_sequence,285,0.026259510777484341,0.00068956190627281623
temporal_acceleration:state_sequence,286,-0.028262721473606839,0.00079878142509467716
temporal_acceleration:state_sequence,287,-0.056444257077337134,0.0031859541570125232
temporal_acceleration:state_sequence,288,-0.019283387297467092,0.0003718490256641152
temporal_acceleration:state_sequence,289,-1.3864800574431366,1.9223269496875235
temporal_acceleration:state_sequence,290,-0.079161237299896214,0.0062665014908504799
temporal_acceleration:state_sequence,291,-0.010930251851893336,0.00011947040554581769
temporal_acceleration:state_sequence,292,-0.28432185222713724,0.080838915653870067
temporal_acceleration:state_sequence,293,-0.078611330074651597,0.0061797412161058224
temporal_acceleration:state_sequence,294,0.024249920491960508,0.00058805864386640618
temporal_acceleration:state_sequence,295,0.22222372641638094,0.049383384582382527
temporal_acceleration:state_sequence,296,-0.078319212728050758,0.0061338990823416682
temporal_acceleration:state_sequence,297,-0.012526732889097669,0.00015691903687480125
temporal_acceleration:state_sequence,298,0.25536616716668042,0.065211879333400974
temporal_acceleration:state_sequence,299,-0.084403211618067076,0.0071239021314442128
temporal_acceleration:state_sequence,300,-0.00094003459600755512,8.8366504169108733e-07
temporal_acceleration:state_sequence,301,0.24277990541335642,0.058942082472518288
temporal_acceleration:state_sequence,302,-0.091527234563493209,0.0083772346668407067
temporal_acceleration:state_sequence,303,-0.014316377454746954,0.00020495866342678685
temporal_acceleration:state_sequence,304,0.27811721526427247,0.077349185426353675
temporal_acceleration:state_sequence,305,-0.093789628409579606,0.0087964943972070227
temporal_acceleration:state_sequence,306,0.0036040541425577666,1.2989206262487798e-05
temporal_acceleration:state_sequence,307,0.32880588395931842,0.10811330932626877
temporal_acceleration:state_sequence,308,-0.094670620499015534,0.0089625263856686205
temporal_acceleration:state_sequence,309,-0.021142587495014686,0.00044700900598435142
temporal_acceleration:state_sequence,310,0.38317238160788269,0.14682107402705688
temporal_acceleration:state_sequence,311,-0.091579071041736348,0.0083867262528673926
temporal_acceleration:state_sequence,312,-0.011419092556671645,0.00013039567481783377
temporal_acceleration:state_sequence,313,0.43597431066613324,0.19007359956081005
temporal_acceleration:state_sequence,314,-0.087435338525265749,0.0076449384230278207
temporal_acceleration:state_sequence,315,-0.015415935647515033,0.00023765107188832474
temporal_acceleration:state_sequence,316,0.45007919116859851,0.20257127832297986
temporal_acceleration:state_sequence,317,-0.0801398782482865,0.006422400085650184
temporal_acceleration:state_sequence,318,0.012569273700518691,0.00015798664135855081
temporal_acceleration:state_sequence,319,0.30934374827809263,0.095693554598739933
temporal_acceleration:state_sequence,320,-0.070192025688475823,0.0049269204702516497
temporal_acceleration:state_sequence,321,0.11060973274572533,0.012234512978080783
temporal_acceleration:state_sequence,322,-0.54240473903912856,0.29420290093210516
temporal_acceleration:state_sequence,323,-0.044193492036770365,0.0019530647384040857
temporal_acceleration:state_sequence,324,0.090678034251550355,0.0082225058957253391
temporal_acceleration:state_sequence,325,-3.7373247953399282,13.967596625862637
temporal_acceleration:state_sequence,326,-0.024592758357266931,0.00060480376361892244
temporal_acceleration:state_sequence,327,0.020592277521966351,0.00042404189354168064
temporal_acceleration:state_sequence,328,0.061850799245698473,0.0038255213673316947
temporal_acceleration:state_sequence,329,-0.092650261645599308,0.0085840709829980103
temporal_acceleration:state_sequence,330,-0.018430208464260273,0.00033967258403609098
temporal_acceleration:state_sequence,331,0.37100005132711272,0.13764103808472028
temporal_acceleration:state_sequence,332,-0.12664862587845604,0.016039874436901125
temporal_acceleration:state_sequence,333,-0.0040609692287839338,1.6491471077129977e-05
temporal_acceleration:state_sequence,334,0.34595200048018909,0.11968278663624475
temporal_acceleration:state_sequence,335,-0.15026650060472324,0.022580021203989289
temporal_acceleration:state_sequence,336,-0.028079488790034995,0.00078845769070970092
temporal_acceleration:state_sequence,337,0.32654052171408332,0.10662871232130572
temporal_acceleration:state_sequence,338,-0.16941562653587372,0.028701654514542641
temporal_acceleration:state_sequence,339,0.13156789363893681,0.017310110636586589
temporal_acceleration:state_sequence,340,0.22636758325348758,0.051242282748024628
temporal_acceleration:state_sequence,341,-0.19034655208818307,0.036231809891859396
temporal_acceleration:state_sequence,342,0.41619669408951554,0.17321968817104177
temporal_acceleration:state_sequence,343,0.15506701833012193,0.02404578017379437
temporal_acceleration:state_sequence,344,-0.21148218865836288,0.044724716119731389
temporal_acceleration:state_sequence,345,-0.26388347190775707,0.069634486746092017
temporal_acceleration:state_sequence,346,-0.36097834659491312,0.13030536671039722
temporal_acceleration:state_sequence,347,-0.21229198363046375,0.045067886313757091
temporal_acceleration:state_sequence,348,-0.0087573566179859064,7.6691294934581547e-05
temporal_acceleration:state_sequence,349,-0.020962791606106701,0.00043943863192105758
temporal_acceleration:state_sequence,350,-0.22544982531168545,0.050827623733069482
temporal_acceleration:state_sequence,351,0.16287716837918575,0.026528971979221629
temporal_acceleration:state_sequence,352,0.27443588209729874,0.075315053382522451
temporal_acceleration:state_sequence,353,-0.23367891297777499,0.054605834370474539
temporal_acceleration:state_sequence,354,-0.064162263282145776,0.0041167960294873924
temporal_acceleration:state_sequence,355,0.31443645602338766,0.098870284876547795
temporal_acceleration:state_sequence,356,-0.23177606313675714,0.05372014344317403
temporal_acceleration:state_sequence,357,-0.049826310735975599,0.0024826612415579973
temporal_acceleration:state_sequence,358,0.23058019316512801,0.053167225480067748
temporal_acceleration:state_sequence,359,-0.24041849253721992,0.057801051553869269
temporal_acceleration:state_sequence,360,-0.080545092855389133,0.0064875119830832577
temporal_acceleration:state_sequence,361,0.19183599385292155,0.036801048537538156
temporal_acceleration:state_sequence,362,-0.24103218364786017,0.05809651355405579
temporal_acceleration:state_sequence,363,-0.075666319277489513,0.0057253918730029814
temporal_acceleration:state_sequence,364,0.15943161098235306,0.02541843858042836
temporal_acceleration:state_sequence,365,-0.23922224839098005,0.057227284125235756
temporal_acceleration:state_sequence,366,-0.47338467170335352,0.22409304740369179
temporal_acceleration:state_sequence,367,-0.12087698671858174,0.014611245918164187
temporal_acceleration:state_sequence,368,-0.22565144012970384,0.050918572432609319
temporal_acceleration:state_sequence,369,-0.3312487127300337,0.10972570968530439
temporal_acceleration:state_sequence,370,-0.26033914353049903,0.067776469654193774
temporal_acceleration:state_sequence,371,-0.22679847915713092,0.051437550147987544
temporal_acceleration:state_sequence,372,0.047464001861799859,0.0022528314727369406
temporal_acceleration:state_sequence,373,0.19480007517546097,0.037947069288365241
temporal_acceleration:state_sequence,374,-0.20836430240152026,0.043415682515272183
temporal_acceleration:state_sequence,375,0.041118538402903498,0.0016907342003910498
temporal_acceleration:state_sequence,376,0.13892875791823328,0.019301199776703068
temporal_acceleration:state_sequence,377,-0.19172980821482444,0.03676031935809336
temporal_acceleration:state_sequence,378,0.074854740032274936,0.0056032321052994641
temporal_acceleration:state_sequence,379,0.13955871048563107,0.019476633672412192
temporal_acceleration:state_sequence,380,-0.16866744419261614,0.028448706730469283
temporal_acceleration:state_sequence,381,0.064642505867312378,0.0041786535648055149
temporal_acceleration:state_sequence,382,0.053896920709454593,0.0029048780619612352
temporal_acceleration:state_sequence,383,-0.14277264981459314,0.020384029535080443
temporal_acceleration:state_sequence,384,0.072039068529499428,0.0051896273945979147
temporal_acceleration:state_sequence,385,0.068607869815296291,0.0047070398005926439
temporal_acceleration:state_sequence,386,-0.10669586235266815,0.011384007043179508
temporal_acceleration:state_sequence,387,0.057497915520524009,0.0033060102892053158
temporal_acceleration:state_sequence,388,0.018730710636074913,0.00035083952093236987
temporal_acceleration:state_sequence,389,-0.066437146954029247,0.0044138944953912773
temporal_acceleration:state_sequence,390,0.081395078944754409,0.0066251588764228023
temporal_acceleration:state_sequence,391,-0.0034266517876455765,1.1741942473774625e-05
temporal_acceleration:state_sequence,392,-0.019142263364585466,0.00036642624671915085
temporal_acceleration:state_sequence,393,0.067216904662363935,0.0045181122723893224
temporal_acceleration:state_sequence,394,-0.013931802345790861,0.00019409511660218375
temporal_acceleration:state_sequence,395,0.0356727792115763,0.0012725471766778702
temporal_acceleration:state_sequence,396,0.21718197689179716,0.047168011086629116
temporal_acceleration:state_sequence,397,-0.5804470993676788,0.336918835164352
temporal_acceleration:state_sequence,398,0.091898952061442163,0.0084454173899912444
temporal_acceleration:state_sequence,399,0.18501776129963815,0.034231571996329882
temporal_acceleration:state_sequence,400,-0.35531885688524228,0.1262514900582353
temporal_acceleration:state_sequence,401,0.15661852423002331,0.0245293621319904
temporal_acceleration:state_sequence,402,-0.053395600675658524,0.0028510901715143849
temporal_acceleration:state_sequence,403,0.17388788610997918,0.030236996935797091
temporal_acceleration:state_sequence,404,0.23026511649442138,0.053022023874189451
temporal_acceleration:state_sequence,405,0.026722729517837655,0.00071410427288351192
temporal_acceleration:state_sequence,406,0.19444833558847577,0.037810155213128492
temporal_acceleration:state_sequence,407,0.30921841568529451,0.095616028598923597
temporal_acceleration:state_sequence,408,-0.058624850814227795,0.0034368731329904654
temporal_acceleration:state_sequence,409,0.2241586741364377,0.05024711119060566
temporal_acceleration:state_sequence,410,0.40321387033847023,0.16258142523332869
temporal_acceleration:state_sequence,411,-0.061832352677257084,0.0038232398376047013
temporal_acceleration:state_sequence,412,0.025261848094708748,0.00063816096916013997
temporal_acceleration:state_sequence,413,0.50690625762507269,0.25695395401945659
temporal_acceleration:state_sequence,414,0.01688613977928086,0.00028514171664541146
temporal_acceleration:state_sequence,415,0.11219598057135707,0.012587938056368334
temporal_acceleration:state_sequence,416,0.65344062483156251,0.42698465018026283
temporal_acceleration:state_sequence,417,-0.026127076234912835,0.00068262411258494706
temporal_acceleration:state_sequence,418,-0.15969917318381194,0.025503825915593158
temporal_acceleration:state_sequence,419,0.83859390899133635,0.70323974419736968
temporal_acceleration:state_sequence,420,-0.082006441964657409,0.0067250565237027236
temporal_acceleration:state_sequence,421,-0.88896336487082828,0.7902558640824654
temporal_acceleration:state_sequence,422,1.1211266217044409,1.2569249018944124
temporal_acceleration:state_sequence,423,0.18087727520301317,0.032716588684866564
temporal_acceleration:state_sequence,424,1.4492962456517771,2.1004596076603361
temporal_acceleration:state_sequence,425,1.4254320157230134,2.0318564314481731
temporal_acceleration:state_sequence,426,-0.031858952666099394,0.0010149928649807616
temporal_acceleration:state_sequence,427,-0.74707656961336177,0.55812340086526813
temporal_acceleration:state_sequence,428,1.1020054684511464,1.2144160524962306
temporal_acceleration:state_sequence,429,0.0076251729277799531,5.8143262178548303e-05
temporal_acceleration:state_sequence,430,-0.26974250808279354,0.072761020666795934
temporal_acceleration:state_sequence,431,0.81708593943959629,0.66762943242988759
temporal_acceleration:state_sequence,432,0.049361798864883989,0.0024365871871772624
temporal_acceleration:state_sequence,433,0.21124803332799305,0.044625731584944865
temporal_acceleration:state_sequence,434,0.62668592375554055,0.39273524703333518
temporal_acceleration:state_sequence,435,0.029536871167576383,0.00087242675837000507
temporal_acceleration:state_sequence,436,0.07167242319606007,0.0051369362467951294
temporal_acceleration:state_sequence,437,0.4832029981234498,0.23348513739549062
temporal_acceleration:state_sequence,438,0.036417463217057328,0.0013262316271657234
temporal_acceleration:state_sequence,439,-0.070334201526964138,0.0049468999044356048
temporal_acceleration:state_sequence,440,0.3690176503791387,0.13617402629134023
temporal_acceleration:state_sequence,441,0.031503453530470314,0.00099246758434650252
temporal_acceleration:state_sequence,442,0.0011251996143866148,1.2660741722157867e-06
temporal_acceleration:state_sequence,443,0.27688419624671001,0.07666485813118662
temporal_acceleration:state_sequence,444,0.17926406479086032,0.032135604925341767
temporal_acceleration:state_sequence,445,-0.41097104159191161,0.16889719702714073
temporal_acceleration:state_sequence,446,0.18871521463789676,0.035613432235827441
temporal_acceleration:state_sequence,447,0.18545661092403348,0.034394154535428337
temporal_acceleration:state_sequence,448,-0.12175918417774792,0.01482529893163074
temporal_acceleration:state_sequence,449,0.12297162376573301,0.01512202025158099
temporal_acceleration:state_sequence,450,0.044771660739503574,0.0020045016053732057
temporal_acceleration:state_sequence,451,-0.072593728270000865,0.0052698493841387226
temporal_acceleration:state_sequence,452,0.06707376329019854,0.0044988897219095849
temporal_acceleration:state_sequence,453,0.016336682010645864,0.00026688717911696019
temporal_acceleration:state_sequence,454,0.066694410727742501,0.004448144422320814
temporal_acceleration:state_sequence,455,0.015315044832853175,0.00023455059823230273
temporal_acceleration:state_sequence,456,-0.017154660957913737,0.00029428239258096983
temporal_acceleration:state_sequence,457,0.045780899446360296,0.0020958907541177526
temporal_acceleration:state_sequence,458,-0.036850539585742137,0.0013579622677603483
temporal_acceleration:state_sequence,459,0.0067196193553709094,4.5153284281075357e-05
temporal_acceleration:state_sequence,460,0.072590659911482558,0.005269403906384521
temporal_acceleration:state_sequence,461,-0.084232787171956147,0.0070951624347560605
temporal_acceleration:state_sequence,462,0.036565236183049021,0.0013370164971221574
temporal_acceleration:state_sequence,463,0.099180141829727231,0.0098367005333648092
temporal_acceleration:state_sequence,464,-0.12616859727699881,0.01591851493884551
temporal_acceleration:state_sequence,465,-0.10773512818271797,0.01160685784454667
temporal_acceleration:state_sequence,466,0.049270765203185268,0.0024276083037074125
temporal_acceleration:state_sequence,467,-0.15354063559981368,0.02357472678039477
temporal_acceleration:state_sequence,468,-0.46135798719614346,0.21285119234967687
temporal_acceleration:state_sequence,469,-0.25779526511419348,0.066458398715297309
temporal_acceleration:state_sequence,470,-0.17736836771249376,0.031459537864994398
temporal_acceleration:state_sequence,471,-0.12644694528791744,0.015988829972645589
temporal_acceleration:state_sequence,472,-0.067349535626378687,0.0045359599490888518
temporal_acceleration:state_sequence,473,-0.21922036995165595,0.048057570601740894
temporal_acceleration:state_sequence,474,0.01886155321901839,0.000355758189833863
temporal_acceleration:state_sequence,475,0.22758637593615516,0.051795558511752944
temporal_acceleration:state_sequence,476,-0.23590458524784808,0.055650973340959219
temporal_acceleration:state_sequence,477,-0.021044517800558604,0.00044287172945802795
temporal_acceleration:state_sequence,478,0.14113628274721846,0.019919450307702796
temporal_acceleration:state_sequence,479,-0.26073162688771134,0.067980981259512727
temporal_acceleration:state_sequence,480,-0.067430669133572985,0.0045468951398013923
temporal_acceleration:state_sequence,481,0.14954082090086973,0.022362457115705996
temporal_acceleration:state_sequence,482,-0.2726514247536671,0.07433879942020459
temporal_acceleration:state_sequence,483,-0.016807475705176711,0.00028249123958010538
temporal_acceleration:state_sequence,484,0.18502834545980312,0.034235488623592249
temporal_acceleration:state_sequence,485,-0.28593448188147796,0.081758527928829247
temporal_acceleration:state_sequence,486,-0.064398498508300428,0.0041471666101235722
temporal_acceleration:state_sequence,487,0.15858235067707421,0.025148361946266542
temporal_acceleration:state_sequence,488,-0.29273791043429309,0.085695484205436198
temporal_acceleration:state_sequence,489,-0.039401885236382828,0.0015525085601810831
temporal_acceleration:state_sequence,490,0.22335527549164291,0.049887579089947703
temporal_acceleration:state_sequence,491,-0.29429860416912978,0.086611668415898138
temporal_acceleration:state_sequence,492,-0.033594884245596035,0.0011286162474749967
temporal_acceleration:state_sequence,493,0.17551088327598691,0.030804070148317101
temporal_acceleration:state_sequence,494,-0.29904644582580131,0.089428776761043924
temporal_acceleration:state_sequence,495,-0.02650004517391169,0.00070225239421936028
temporal_acceleration:state_sequence,496,0.22132268400741922,0.048983730456247938
temporal_acceleration:state_sequence,497,-0.29355376516795317,0.086173813044281802
temporal_acceleration:state_sequence,498,0.0023814730138596585,5.6714137157418055e-06
temporal_acceleration:state_sequence,499,0.20165654134574842,0.040665360667529543
temporal_acceleration:state_sequence,500,-0.2886713082982606,0.08333112423462942
temporal_acceleration:state_sequence,501,-0.018019866908743631,0.00032471560340883375
temporal_acceleration:state_sequence,502,0.25503609457931853,0.065043409538271105
temporal_acceleration:state_sequence,503,-0.27339594809816514,0.07474534443649461
temporal_acceleration:state_sequence,504,-0.01138875200807854,0.00012970367230151296
temporal_acceleration:state_sequence,505,0.23865276870502994,0.056955144010576518
temporal_acceleration:state_sequence,506,-0.2578933183562615,0.066508963652804051
temporal_acceleration:state_sequence,507,-0.010373638666926754,0.00010761237919195789
temporal_acceleration:state_sequence,508,0.27573514391937892,0.076029869592240604
temporal_acceleration:state_sequence,509,-0.2377427756523609,0.056521627374888812
temporal_acceleration:state_sequence,510,0.0037982187307519788,1.4426465526635173e-05
temporal_acceleration:state_sequence,511,0.25149163560227328,0.063248042777906605
temporal_acceleration:state_sequence,512,-0.21530913590304124,0.046358024003314284
temporal_acceleration:state_sequence,513,-0.039236758824959667,0.0015395232430880502
temporal_acceleration:state_sequence,514,0.37484364533239178,0.14050775844607591
temporal_acceleration:state_sequence,515,-0.18873411684237063,0.035620566860269605
temporal_acceleration:state_sequence,516,0.0087151167484987579,7.5953259939963566e-05
temporal_acceleration:state_sequence,517,0.20231412834213175,0.040931006526836559
temporal_acceleration:state_sequence,518,-0.15403597548981907,0.023727081745100138
temporal_acceleration:state_sequence,519,-0.044328352853989228,0.0019650028667477751
temporal_acceleration:state_sequence,520,0.32655589919984546,0.10663875530221963
temporal_acceleration:state_sequence,521,-0.12650563354026367,0.016003675317423485
temporal_acceleration:state_sequence,522,0.21384815086276043,0.045731031627421946
temporal_acceleration:state_sequence,523,-1.6389740207631425,2.6862358407365017
temporal_acceleration:state_sequence,524,-0.0089025394694131066,7.9255209004458203e-05
temporal_acceleration:state_sequence,525,0.14506522061489571,0.021043918232048365
temporal_acceleration:state_sequence,526,-2.57333469844593,6.6220514702258058
temporal_acceleration:state_sequence,527,0.0092925698897294851,8.6351855155507049e-05
temporal_acceleration:state_sequence,528,0.048162685431211577,0.00231964426794584
temporal_acceleration:state_sequence,529,-0.78234048895546748,0.61205664065907994
temporal_acceleration:state_sequence,530,-0.016174452387263116,0.00026161291002784154
temporal_acceleration:state_sequence,531,-0.017422961854632601,0.00030355959978798269
temporal_acceleration:state_sequence,532,0.031755503492067738,0.0010084120020347263
temporal_acceleration:state_sequence,533,-0.07302724007209882,0.0053329777925479561
temporal_acceleration:state_sequence,534,0.053528070366757607,0.0028652543171885539
temporal_acceleration:state_sequence,535,0.31442170418362669,0.098861008061736047
temporal_acceleration:state_sequence,536,-0.098716557524713977,0.0097449587295301635
temporal_acceleration:state_sequence,537,0.00017444978079636519,3.0432726019899865e-08
temporal_acceleration:state_sequence,538,0.28132165710574475,0.079141874756722227
temporal_acceleration:state_sequence,539,-0.09829488828663191,0.0096618850632814463
temporal_acceleration:state_sequence,540,-0.0045388103491381115,2.0600799385443225e-05
temporal_acceleration:state_sequence,541,0.30124307094168179,0.090747387790375125
temporal_acceleration:state_sequence,542,-0.098062634075213317,0.0096162802017691878
temporal_acceleration:state_sequence,543,-0.018619389076783982,0.00034668164959266264
temporal_acceleration:state_sequence,544,0.3117903051437303,0.097213194381620446
temporal_acceleration:state_sequence,545,-0.094042119743553698,0.0088439202858608922
temporal_acceleration:state_sequence,546,-0.0026411474762562392,6.9756599913347019e-06
temporal_acceleration:state_sequence,547,0.39855961472230367,0.15884976648759114
temporal_acceleration:state_sequence,548,-0.089646979677304728,0.0080365809652630862
temporal_acceleration:state_sequence,549,-0.036414953298331137,0.0013260488237196379
temporal_acceleration:state_sequence,550,0.40003426290889871,0.16002741150106589
temporal_acceleration:state_sequence,551,-0.080940744525825892,0.0065514041243950136
temporal_acceleration:state_sequence,552,0.020134180595963308,0.00040538522827086539
temporal_acceleration:state_sequence,553,0.43488732988939677,0.189126989698329
temporal_acceleration:state_sequence,554,-0.073855540588341206,0.0054546408755961158
temporal_acceleration:state_sequence,555,-0.035281551158012348,0.0012447878521154425
temporal_acceleration:state_sequence,556,0.46663583538931375,0.21774900286948271
temporal_acceleration:state_sequence,557,-0.062019160857973432,0.0038463763135271837
temporal_acceleration:state_sequence,558,-0.015126396213144683,0.00022880786239703779
temporal_acceleration:state_sequence,559,0.54238161112942784,0.29417781209135391
temporal_acceleration:state_sequence,560,-0.051105437582577018,0.0026117657505066753
temporal_acceleration:state_sequence,561,-0.040414736327523959,0.0016333509124232847
temporal_acceleration:state_sequence,562,0.6190806798390871,0.38326088815002629
temporal_acceleration:state_sequence,563,-0.037103236318936084,0.0013766501453388177
temporal_acceleration:state_sequence,564,0.00040920106605710216,1.6744551246226887e-07
temporal_acceleration:state_sequence,565,0.56778069925955443,0.3223749224516686
temporal_acceleration:state_sequence,566,-0.020339029448956936,0.00041367611892553747
temporal_acceleration:state_sequence,567,-0.045746131238232762,0.0020927085232656153
temporal_acceleration:state_sequence,568,0.13667654843177307,0.018680478891222811
temporal_acceleration:state_sequence,569,0.019690014738404926,0.00038769668039860322
temporal_acceleration:state_sequence,570,0.037841520633469239,0.0014319806838532781
temporal_acceleration:state_sequence,571,-3.5282968112547888,12.44887838831071
temporal_acceleration:state_sequence,572,0.12179607936433356,0.014834284948523041
temporal_acceleration:state_sequence,573,0.049789699171971374,0.0024790141436354068
temporal_acceleration:state_sequence,574,-1.6811158310250778,2.8261504373231379
temporal_acceleration:state_sequence,575,0.093921949282038675,0.008821332556937846
temporal_acceleration:state_sequence,576,-0.057224168349307297,0.003274605443269863
temporal_acceleration:state_sequence,577,0.11124746315268969,0.01237599805790905
temporal_acceleration:state_sequence,578,-0.017760335532424065,0.00031542951822428482
temporal_acceleration:state_sequence,579,0.024945605091673401,0.00062228321338972186
temporal_acceleration:state_sequence,580,0.38886433335459436,0.15121546975531308
temporal_acceleration:state_sequence,581,-0.071662687227669331,0.0051355407406907614
temporal_acceleration:state_sequence,582,0.01589673420367213,0.00025270615834219938
temporal_acceleration:state_sequence,583,0.34567265109183176,0.11948958171285526
temporal_acceleration:state_sequence,584,-0.10218969577142634,0.01044273392185667
temporal_acceleration:state_sequence,585,-0.01120845638384993,0.00012562949450866623
temporal_acceleration:state_sequence,586,0.35294977652748361,0.12457354475080061
temporal_acceleration:state_sequence,587,-0.13057303908425855,0.017049318535699309
temporal_acceleration:state_sequence,588,0.056633210397531858,0.0032073205199311104
temporal_acceleration:state_sequence,589,0.27053317470053456,0.073188198613549957
temporal_acceleration:state_sequence,590,-0.15619479220936316,0.024396813113326137
temporal_acceleration:state_sequence,591,0.57607352882636198,0.33186071061445732
temporal_acceleration:state_sequence,592,-0.34122665153641463,0.11643562771875374
temporal_acceleration:state_sequence,593,-0.18121252061802373,0.032837977628737677
temporal_acceleration:state_sequence,594,0.097064567434651944,0.0094215302512760946
temporal_acceleration:state_sequence,595,-0.16651671047036992,0.027727814865873005
temporal_acceleration:state_sequence,596,-0.18294548442129299,0.033469050270141555
temporal_acceleration:state_sequence,597,-0.08150303338166312,0.0066427444504124928
temporal_acceleration:state_sequence,598,0.29332665505565858,0.08604052656614132
temporal_acceleration:state_sequence,599,-0.18553482761534124,0.034423172258254392
temporal_acceleration:state_sequence,600,-0.15152749175609909,0.022960580757894675
temporal_acceleration:state_sequence,601,0.38540159783612071,0.14853439161463491
temporal_acceleration:state_sequence,602,-0.19804649195889201,0.039222412977223481
temporal_acceleration:state_sequence,603,-0.11828770661925225,0.013991981537242293
temporal_acceleration:state_sequence,604,0.38009427237568849,0.14447165589280409
temporal_acceleration:state_sequence,605,-0.21466857927477934,0.046082598927852221
temporal_acceleration:state_sequence,606,-0.11277712015384272,0.012718678830194279
temporal_acceleration:state_sequence,607,0.24253523854543407,0.058823341936290609
temporal_acceleration:state_sequence,608,-0.23115187673373727,0.053431190117528872
temporal_acceleration:state_sequence,609,-0.041347373861382042,0.0017096053252328989
temporal_acceleration:state_sequence,610,0.25401233463677064,0.064522266147622756
temporal_acceleration:state_sequence,611,-0.24052920663749644,0.05785429924566346
temporal_acceleration:state_sequence,612,-0.10194350801118024,0.01039247882562557
temporal_acceleration:state_sequence,613,0.19014729805913649,0.036155994959190092
temporal_acceleration:state_sequence,614,-0.24135493625903059,0.058252205256600721
temporal_acceleration:state_sequence,615,-0.20043554974897931,0.040174409603175559
temporal_acceleration:state_sequence,616,0.09031246100513729,0.0081563406128044441
temporal_acceleration:state_sequence,617,-0.2375944770697358,0.056451135534041214
temporal_acceleration:state_sequence,618,-0.37948493709626052,0.1440088174829528
temporal_acceleration:state_sequence,619,-0.38918546750859734,0.15146532811988547
temporal_acceleration:state_sequence,620,-0.245817885422428,0.06042643279355394
temporal_acceleration:state_sequence,621,-0.017967073158062508,0.00032281571786717023
temporal_acceleration:state_sequence,622,0.1869793665223729,0.034961283505107868
temporal_acceleration:state_sequence,623,-0.22978571335058318,0.05280147406003638
temporal_acceleration:state_sequence,624,0.02802350576726953,0.00078531687548818855
temporal_acceleration:state_sequence,625,0.21313955439347693,0.045428469647049913
temporal_acceleration:state_sequence,626,-0.21864135530060835,0.047804042247686862
temporal_acceleration:state_sequence,627,0.015357444986961732,0.00023585111652755605
temporal_acceleration:state_sequence,628,0.15244917166345934,0.023240749940874893
temporal_acceleration:state_sequence,629,-0.20280256775897509,0.041128881489633687
temporal_acceleration:state_sequence,630,0.010515125067986075,0.00011056785519538917
temporal_acceleration:state_sequence,631,0.1368227078103032,0.018720453372543605
temporal_acceleration:state_sequence,632,-0.179394868926952,0.032182518997318291
temporal_acceleration:state_sequence,633,0.041858644574849502,0.0017521461256435776
temporal_acceleration:state_sequence,634,0.1054953535431849,0.011129269619201574
temporal_acceleration:state_sequence,635,-0.15393331785052977,0.023695466344472227
temporal_acceleration:state_sequence,636,0.013344505142427326,0.00017807581749626936
temporal_acceleration:state_sequence,637,0.10068648722725573,0.010137768710164332
temporal_acceleration:state_sequence,638,-0.11921628095367121,0.014212521644424667
temporal_acceleration:state_sequence,639,0.036645385762253402,0.0013428842976643644
temporal_acceleration:state_sequence,640,0.047990500682934881,0.0023030881557987732
temporal_acceleration:state_sequence,641,-0.082155768484315495,0.0067495702952484471
temporal_acceleration:state_sequence,642,0.046519076591180764,0.002164024486896142
temporal_acceleration:state_sequence,643,0.014675850397235721,0.00021538058488204385
temporal_acceleration:state_sequence,644,-0.037445242751410479,0.0014021462047120591
temporal_acceleration:state_sequence,645,0.012783230031633702,0.00016341097004166178
temporal_acceleration:state_sequence,646,0.0030380823852370342,9.2299445794875466e-06
temporal_acceleration:state_sequence,647,0.015809317719628346,0.00024993452676015481
temporal_acceleration:state_sequence,648,0.041799995190144046,0.0017472395978960654
temporal_acceleration:state_sequence,649,-0.073619647892623971,0.0054198525558339329
temporal_acceleration:state_sequence,650,0.07505659321397351,0.0056334921848878944
temporal_acceleration:state_sequence,651,0.018793159154486122,0.00035318283100584552
temporal_acceleration:state_sequence,652,-0.2038462156358547,0.041553279629059373
temporal_acceleration:state_sequence,653,0.14585502411918472,0.021273688060807955
temporal_acceleration:state_sequence,654,0.12587837606238286,0.015845365560102683
temporal_acceleration:state_sequence,655,-1.3268118977710692,1.7604298120668662
temporal_acceleration:state_sequence,656,0.25274256267684425,0.06387880298845855
temporal_acceleration:state_sequence,657,0.051228904342777125,0.0026244006401614089
temporal_acceleration:state_sequence,658,0.014446055128794835,0.00020868850878417956
temporal_acceleration:state_sequence,659,0.25053656383191014,0.062768569816700787
temporal_acceleration:state_sequence,660,0.0079442260326307093,6.3110727257527458e-05
temporal_acceleration:state_sequence,661,0.17154909835973292,0.029429093148037322
temporal_acceleration:state_sequence,662,0.307960538506169,0.094839693277009599
temporal_acceleration:state_sequence,663,0.0042850987372641466,1.8362071188102784e-05
temporal_acceleration:state_sequence,664,0.17258752604288524,0.029786454145603592
temporal_acceleration:state_sequence,665,0.38761228067776266,0.15024328013221666
temporal_acceleration:state_sequence,666,-0.029130539196548337,0.00084858831388163905
temporal_acceleration:state_sequence,667,0.40477103647573154,0.16383959196963799
temporal_acceleration:state_sequence,668,0.47426619977628259,0.22492842825023679
temporal_acceleration:state_sequence,669,0.032250658464403614,0.0010401049713876084
temporal_acceleration:state_sequence,670,0.63061836361060764,0.39767952052292055
temporal_acceleration:state_sequence,671,0.58234722862358923,0.33912829468557493
temporal_acceleration:state_sequence,672,-0.0094519167904536829,8.9338731013660253e-05
temporal_acceleration:state_sequence,673,-1.6590254082608569,2.7523653052551027
temporal_acceleration:state_sequence,674,0.86735513027490774,0.75230492201420218
temporal_acceleration:state_sequence,675,0.045126151168013495,0.0020363695192384059
temporal_acceleration:state_sequence,676,1.645140036815409,2.7064857407330054
temporal_acceleration:state_sequence,677,0.67365444234483707,0.45381030769093339
temporal_acceleration:state_sequence,678,0.012356448881860483,0.00015268182897003118
temporal_acceleration:state_sequence,679,-1.0390201346900281,1.079562840291284
temporal_acceleration:state_sequence,680,0.73721596126788969,0.54348737354813859
temporal_acceleration:state_sequence,681,0.011762077921676807,0.000138346477035597
temporal_acceleration:state_sequence,682,0.0098827918622926281,9.7669574993397394e-05
temporal_acceleration:state_sequence,683,0.52681711418962607,0.27753627180308549
temporal_acceleration:state_sequence,684,0.0041441511629698551,1.7173988861544403e-05
temporal_acceleration:state_sequence,685,0.094994854901997924,0.0090240224578516399
temporal_acceleration:state_sequence,686,0.41368148233685564,0.1711323688284182
temporal_acceleration:state_sequence,687,0.00037184503849332917,1.3826873265210545e-07
temporal_acceleration:state_sequence,688,0.06254182578418728,0.0039114799724196325
temporal_acceleration:state_sequence,689,0.32685279113569277,0.1068327470731928
temporal_acceleration:state_sequence,690,0.10894609205289783,0.011869250973598488
temporal_acceleration:state_sequence,691,-0.10448965731640912,0.010918088486100611
temporal_acceleration:state_sequence,692,0.25606938307390636,0.06557152894785101
temporal_acceleration:state_sequence,693,0.20577018198920533,0.04234136779587068
temporal_acceleration:state_sequence,694,-0.099422348717219694,0.0098848034244484358
temporal_acceleration:state_sequence,695,0.19490390068681307,0.037987530502935095
temporal_acceleration:state_sequence,696,0.085141597670991345,0.0072490916539689589
temporal_acceleration:state_sequence,697,-0.059632099763284978,0.0035559873221783721
temporal_acceleration:state_sequence,698,0.14744352698783381,0.021739593650612076
temporal_acceleration:state_sequence,699,-0.019216384197913751,0.00036926942164182934
temporal_acceleration:state_sequence,700,0.068374208933277988,0.0046750324472515517
temporal_acceleration:state_sequence,701,0.10928560168398382,0.011943342735430369
temporal_acceleration:state_sequence,702,0.011492154292762971,0.00013206961028867039
temporal_acceleration:state_sequence,703,0.059939971581489636,0.0035928001931897851
temporal_acceleration:state_sequence,704,0.070789200952242615,0.0050111109714569869
temporal_acceleration:state_sequence,705,0.018819064742452776,0.00035415719778062919
temporal_acceleration:state_sequence,706,0.092224042400380069,0.0085052739966671002
temporal_acceleration:state_sequence,707,0.043404972515070916,0.0018839916390340618
temporal_acceleration:state_sequence,708,-0.17111911031163329,0.029281749913844923
temporal_acceleration:state_sequence,709,0.088678347513309816,0.0078638493176913411
temporal_acceleration:state_sequence,710,0.033735258646616639,0.0011380676759541227
temporal_acceleration:state_sequence,711,-0.27002490206956786,0.072913447737679715
temporal_acceleration:state_sequence,712,-0.22764084323754241,0.051820353509899358
temporal_acceleration:state_sequence,713,0.01213394895628328,0.00014723271727368811
