frame,time,object_contact_event,hand_mug_contact_state,nearest_articraft_part,semantic_contact_part,active_label,vlm_visibility,vlm_hand_contact_part,vlm_handle_contact,use_this_point_for_hand_attachment,use_previous_grasp_for_hand_attachment,rim_drinking_contact,frame_mode,stable_grasp_local_x,stable_grasp_local_y,stable_grasp_local_z,stable_grasp_conf,stable_grasp_source_frame,stable_grasp_object_part,stable_grasp_object_region,stable_grasp_hand_side,stable_grasp_primary_finger,stable_grasp_fingers,stable_grasp_type,vlm_keyframe_source_frame,vlm_keyframe_object_part,vlm_keyframe_object_region,vlm_keyframe_primary_finger,vlm_keyframe_contact_fingers,vlm_keyframe_grasp_type,current_candidate_local_x,current_candidate_local_y,current_candidate_local_z,hand_to_object_contact_px,hand_contact_3d_gap_m,hand_object_z_gap_m,hand_depth_alignment_needed,vlm_contact_gate,reason
1,0.000000,hand_handle_grasp,direct_hand_grasp_point,handle_loop,handle_loop,left_hand,visible,handle,True,1,0,0,direct_grasp_anchor,-0.088134,-0.024643,0.000000,0.577625,1,handle,upper_handle,left_hand,thumb,"[""thumb"", ""index"", ""middle"", ""ring"", ""pinky"", ""palm""]",pinch_handle,1,handle,upper_handle,thumb,"[""thumb"", ""index"", ""middle"", ""ring"", ""pinky"", ""palm""]",pinch_handle,-0.088134,-0.024643,0.000000,3.808,0.024771,0.022286,0,,confirmed hand_handle_grasp updates stable object-local anchor
2,0.041667,hand_handle_grasp,direct_hand_grasp_point,handle_loop,handle_loop,left_hand,visible,handle,True,1,0,0,direct_grasp_anchor,-0.085972,-0.028093,0.000000,0.542703,2,handle,upper_handle,left_hand,thumb,"[""thumb"", ""index"", ""middle"", ""ring"", ""pinky"", ""palm""]",pinch_handle,1,handle,upper_handle,thumb,"[""thumb"", ""index"", ""middle"", ""ring"", ""pinky"", ""palm""]",pinch_handle,-0.085972,-0.028093,0.000000,4.385,0.031752,0.029176,0,,confirmed hand_handle_grasp updates stable object-local anchor
3,0.083333,hand_handle_grasp,direct_hand_grasp_point,handle_loop,handle_loop,left_hand,visible,handle,True,1,0,0,direct_grasp_anchor,-0.085972,-0.028093,0.000000,0.535812,3,handle,upper_handle,left_hand,thumb,"[""thumb"", ""index"", ""middle"", ""ring"", ""pinky"", ""palm"", ""unknown""]",pinch_handle,4,handle,upper_handle,thumb,"[""thumb"", ""index"", ""middle"", ""ring"", ""pinky"", ""palm"", ""unknown""]",pinch_handle,-0.085972,-0.028093,0.000000,5.745,0.045501,0.042412,0,,confirmed hand_handle_grasp updates stable object-local anchor
4,0.125000,hand_handle_grasp,direct_hand_grasp_point,handle_loop,handle_loop,left_hand,visible,handle,True,1,0,0,direct_grasp_anchor,-0.083438,-0.031268,0.000000,0.542396,4,handle,upper_handle,left_hand,thumb,"[""thumb"", ""index"", ""middle"", ""ring"", ""pinky"", ""palm"", ""unknown""]",pinch_handle,4,handle,upper_handle,thumb,"[""thumb"", ""index"", ""middle"", ""ring"", ""pinky"", ""palm"", ""unknown""]",pinch_handle,-0.083438,-0.031268,0.000000,5.796,0.067191,0.064975,0,,confirmed hand_handle_grasp updates stable object-local anchor
5,0.166667,hand_handle_grasp,direct_hand_grasp_point,handle_loop,handle_loop,left_hand,visible,handle,True,1,0,0,direct_grasp_anchor,-0.083438,-0.031268,0.000000,0.541281,5,handle,upper_handle,left_hand,thumb,"[""thumb"", ""index"", ""middle"", ""ring"", ""pinky"", ""palm"", ""unknown""]",pinch_handle,4,handle,upper_handle,thumb,"[""thumb"", ""index"", ""middle"", ""ring"", ""pinky"", ""palm"", ""unknown""]",pinch_handle,-0.083438,-0.031268,0.000000,6.025,0.097881,0.096161,0,,confirmed hand_handle_grasp updates stable object-local anchor
6,0.208333,hand_handle_grasp_depth_misaligned,visual_contact_needs_depth_alignment,handle_loop,handle_loop,left_hand,visible,handle,True,1,0,0,keep_previous_grasp_anchor,-0.083438,-0.031268,0.000000,0.541281,5,handle,upper_handle,left_hand,thumb,"[""thumb"", ""index"", ""middle"", ""ring"", ""pinky"", ""palm"", ""unknown""]",pinch_handle,7,handle,upper_handle,thumb,"[""thumb"", ""index"", ""middle"", ""ring"", ""pinky"", ""palm"", ""unknown""]",pinch_handle,-0.083438,-0.031268,0.000000,6.478,0.133336,0.131828,1,,hidden/occluded/misaligned frame keeps previous stable grasp
7,0.250000,hand_handle_grasp_depth_misaligned,visual_contact_needs_depth_alignment,handle_loop,handle_loop,left_hand,visible,handle,True,1,0,0,keep_previous_grasp_anchor,-0.083438,-0.031268,0.000000,0.541281,5,handle,upper_handle,left_hand,thumb,"[""thumb"", ""index"", ""middle"", ""ring"", ""pinky"", ""palm"", ""unknown""]",pinch_handle,7,handle,upper_handle,thumb,"[""thumb"", ""index"", ""middle"", ""ring"", ""pinky"", ""palm"", ""unknown""]",pinch_handle,-0.080563,-0.034127,0.000000,5.928,0.166575,0.165486,1,,hidden/occluded/misaligned frame keeps previous stable grasp
8,0.291667,hand_handle_grasp_depth_misaligned,visual_contact_needs_depth_alignment,handle_loop,handle_loop,left_hand,visible,handle,True,1,0,0,keep_previous_grasp_anchor,-0.083438,-0.031268,0.000000,0.541281,5,handle,upper_handle,left_hand,thumb,"[""thumb"", ""index"", ""middle"", ""ring"", ""pinky"", ""palm"", ""unknown""]",pinch_handle,7,handle,upper_handle,thumb,"[""thumb"", ""index"", ""middle"", ""ring"", ""pinky"", ""palm"", ""unknown""]",pinch_handle,-0.080563,-0.034127,0.000000,6.129,0.197216,0.196210,1,,hidden/occluded/misaligned frame keeps previous stable grasp
9,0.333333,hand_handle_grasp_depth_misaligned,visual_contact_needs_depth_alignment,handle_loop,handle_loop,left_hand,visible,handle,True,1,0,0,keep_previous_grasp_anchor,-0.083438,-0.031268,0.000000,0.541281,5,handle,upper_handle,left_hand,thumb,"[""thumb"", ""index"", ""middle"", ""ring"", ""pinky"", ""palm"", ""unknown""]",pinch_handle,7,handle,upper_handle,thumb,"[""thumb"", ""index"", ""middle"", ""ring"", ""pinky"", ""palm"", ""unknown""]",pinch_handle,-0.080563,-0.034127,0.000000,5.818,0.224061,0.223207,1,,hidden/occluded/misaligned frame keeps previous stable grasp
10,0.375000,hand_handle_grasp_depth_misaligned,visual_contact_needs_depth_alignment,handle_loop,handle_loop,left_hand,visible,handle,True,1,0,0,keep_previous_grasp_anchor,-0.083438,-0.031268,0.000000,0.541281,5,handle,upper_handle,left_hand,thumb,"[""thumb"", ""index"", ""middle"", ""ring"", ""pinky"", ""palm"", ""unknown""]",pinch_handle,7,handle,upper_handle,thumb,"[""thumb"", ""index"", ""middle"", ""ring"", ""pinky"", ""palm"", ""unknown""]",pinch_handle,-0.080563,-0.034127,0.000000,4.565,0.246323,0.245775,1,,hidden/occluded/misaligned frame keeps previous stable grasp
11,0.416667,hand_handle_grasp_depth_misaligned,visual_contact_needs_depth_alignment,handle_loop,handle_loop,left_hand,visible,handle,True,1,0,0,keep_previous_grasp_anchor,-0.083438,-0.031268,0.000000,0.541281,5,handle,upper_handle,left_hand,thumb,"[""thumb"", ""index"", ""middle"", ""ring"", ""pinky"", ""palm"", ""unknown""]",pinch_handle,,,,,,,-0.080563,-0.034127,0.000000,3.472,0.262288,0.261918,1,,hidden/occluded/misaligned frame keeps previous stable grasp
12,0.458333,hand_handle_grasp_depth_misaligned,visual_contact_needs_depth_alignment,handle_loop,handle_loop,left_hand,visible,handle,True,1,0,0,keep_previous_grasp_anchor,-0.083438,-0.031268,0.000000,0.541281,5,handle,upper_handle,left_hand,thumb,"[""thumb"", ""index"", ""middle"", ""ring"", ""pinky"", ""palm"", ""unknown""]",pinch_handle,,,,,,,-0.083438,-0.031268,0.000000,3.642,0.274530,0.274169,1,,hidden/occluded/misaligned frame keeps previous stable grasp
13,0.500000,hand_handle_grasp_depth_misaligned,visual_contact_needs_depth_alignment,handle_loop,handle_loop,left_hand,visible,handle,True,1,0,0,keep_previous_grasp_anchor,-0.083438,-0.031268,0.000000,0.541281,5,handle,upper_handle,left_hand,thumb,"[""thumb"", ""index"", ""middle"", ""ring"", ""pinky"", ""palm"", ""unknown""]",pinch_handle,,,,,,,-0.083438,-0.031268,0.000000,3.229,0.280471,0.280161,1,,hidden/occluded/misaligned frame keeps previous stable grasp
14,0.541667,hand_handle_grasp_depth_misaligned,visual_contact_needs_depth_alignment,handle_loop,handle_loop,left_hand,visible,handle,True,1,0,0,keep_previous_grasp_anchor,-0.083438,-0.031268,0.000000,0.541281,5,handle,upper_handle,left_hand,thumb,"[""thumb"", ""index"", ""middle"", ""ring"", ""pinky"", ""palm"", ""unknown""]",pinch_handle,,,,,,,-0.083438,-0.031268,0.000000,3.055,0.280726,0.280437,1,,hidden/occluded/misaligned frame keeps previous stable grasp
15,0.583333,hand_handle_grasp_depth_misaligned,visual_contact_needs_depth_alignment,handle_loop,handle_loop,left_hand,visible,handle,True,1,0,0,keep_previous_grasp_anchor,-0.083438,-0.031268,0.000000,0.541281,5,handle,upper_handle,left_hand,thumb,"[""thumb"", ""index"", ""middle"", ""ring"", ""pinky"", ""palm"", ""unknown""]",pinch_handle,,,,,,,-0.080563,-0.034127,0.000000,2.471,0.273803,0.273554,1,,hidden/occluded/misaligned frame keeps previous stable grasp
16,0.625000,hand_handle_grasp_depth_misaligned,visual_contact_needs_depth_alignment,handle_loop,handle_loop,left_hand,visible,handle,True,1,0,0,keep_previous_grasp_anchor,-0.083438,-0.031268,0.000000,0.541281,5,handle,upper_handle,left_hand,thumb,"[""thumb"", ""index"", ""middle"", ""ring"", ""pinky"", ""palm"", ""unknown""]",pinch_handle,,,,,,,-0.083438,-0.031268,0.000000,3.529,0.261810,0.261457,1,,hidden/occluded/misaligned frame keeps previous stable grasp
17,0.666667,hand_handle_grasp_depth_misaligned,visual_contact_needs_depth_alignment,handle_loop,handle_loop,left_hand,visible,handle,True,1,0,0,keep_previous_grasp_anchor,-0.083438,-0.031268,0.000000,0.541281,5,handle,upper_handle,left_hand,thumb,"[""thumb"", ""index"", ""middle"", ""ring"", ""pinky"", ""palm"", ""unknown""]",pinch_handle,,,,,,,-0.083438,-0.031268,0.000000,3.045,0.240825,0.240521,1,,hidden/occluded/misaligned frame keeps previous stable grasp
18,0.708333,hand_handle_grasp_depth_misaligned,visual_contact_needs_depth_alignment,handle_loop,handle_loop,left_hand,visible,handle,True,1,0,0,keep_previous_grasp_anchor,-0.083438,-0.031268,0.000000,0.541281,5,handle,upper_handle,left_hand,thumb,"[""thumb"", ""index"", ""middle"", ""ring"", ""pinky"", ""palm"", ""unknown""]",pinch_handle,,,,,,,-0.083438,-0.031268,0.000000,2.388,0.209702,0.209459,1,,hidden/occluded/misaligned frame keeps previous stable grasp
19,0.750000,hand_handle_grasp_depth_misaligned,visual_contact_needs_depth_alignment,handle_loop,handle_loop,left_hand,visible,handle,True,1,0,0,keep_previous_grasp_anchor,-0.083438,-0.031268,0.000000,0.541281,5,handle,upper_handle,left_hand,thumb,"[""thumb"", ""index"", ""middle"", ""ring"", ""pinky"", ""palm"", ""unknown""]",pinch_handle,,,,,,,-0.080563,-0.034127,0.000000,2.467,0.157939,0.157621,1,,hidden/occluded/misaligned frame keeps previous stable grasp
20,0.791667,hand_handle_grasp,direct_hand_grasp_point,handle_loop,handle_loop,left_hand,visible,handle,True,1,0,0,direct_grasp_anchor,-0.083438,-0.031268,0.000000,0.610160,20,handle,upper_handle,left_hand,thumb,"[""thumb"", ""index"", ""middle"", ""ring"", ""pinky"", ""palm"", ""unknown""]",pinch_handle,,,,,,,-0.083438,-0.031268,0.000000,2.092,0.102316,0.102010,0,,confirmed hand_handle_grasp updates stable object-local anchor
21,0.833333,hand_handle_grasp,direct_hand_grasp_point,handle_loop,handle_loop,left_hand,visible,handle,True,1,0,0,direct_grasp_anchor,-0.083438,-0.031268,0.000000,0.612029,21,handle,upper_handle,left_hand,thumb,"[""thumb"", ""index"", ""middle"", ""ring"", ""pinky"", ""palm"", ""unknown""]",pinch_handle,,,,,,,-0.083438,-0.031268,0.000000,1.221,0.041857,0.041624,0,,confirmed hand_handle_grasp updates stable object-local anchor
22,0.875000,hand_handle_grasp,direct_hand_grasp_point,handle_loop,handle_loop,left_hand,visible,handle,True,1,0,0,direct_grasp_anchor,-0.085813,-0.027981,-0.001352,0.598182,22,handle,upper_handle,left_hand,thumb,"[""thumb"", ""index"", ""middle"", ""ring"", ""pinky"", ""palm"", ""unknown""]",pinch_handle,,,,,,,-0.085813,-0.027981,-0.001352,0.658,0.024961,-0.024926,0,,confirmed hand_handle_grasp updates stable object-local anchor
23,0.916667,hand_handle_grasp,direct_hand_grasp_point,handle_loop,handle_loop,left_hand,visible,handle,True,1,0,0,direct_grasp_anchor,-0.085350,-0.027652,-0.002595,0.604447,23,handle,upper_handle,left_hand,thumb,"[""thumb"", ""index"", ""middle"", ""ring"", ""pinky"", ""palm"", ""unknown""]",pinch_handle,,,,,,,-0.085350,-0.027652,-0.002595,0.509,0.097670,-0.097619,0,,confirmed hand_handle_grasp updates stable object-local anchor
24,0.958333,hand_handle_grasp_depth_misaligned,visual_contact_needs_depth_alignment,handle_loop,handle_loop,left_hand,visible,handle,True,1,0,0,keep_previous_grasp_anchor,-0.085350,-0.027652,-0.002595,0.604447,23,handle,upper_handle,left_hand,thumb,"[""thumb"", ""index"", ""middle"", ""ring"", ""pinky"", ""palm"", ""unknown""]",pinch_handle,,,,,,,-0.084620,-0.027135,-0.003628,0.141,0.168051,-0.167918,1,,hidden/occluded/misaligned frame keeps previous stable grasp
25,1.000000,hand_handle_grasp_depth_misaligned,visual_contact_needs_depth_alignment,handle_loop,handle_loop,left_hand,visible,handle,True,1,0,0,keep_previous_grasp_anchor,-0.085350,-0.027652,-0.002595,0.604447,23,handle,upper_handle,left_hand,thumb,"[""thumb"", ""index"", ""middle"", ""ring"", ""pinky"", ""palm"", ""unknown""]",pinch_handle,,,,,,,-0.080372,-0.028521,0.004751,0.505,0.242236,-0.241932,1,,hidden/occluded/misaligned frame keeps previous stable grasp
26,1.041667,hand_handle_grasp_depth_misaligned,visual_contact_needs_depth_alignment,handle_loop,handle_loop,left_hand,visible,handle,True,1,0,0,keep_previous_grasp_anchor,-0.085350,-0.027652,-0.002595,0.604447,23,handle,upper_handle,left_hand,thumb,"[""thumb"", ""index"", ""middle"", ""ring"", ""pinky"", ""palm"", ""unknown""]",pinch_handle,,,,,,,-0.077523,-0.025967,0.003628,0.256,0.290067,-0.289682,1,,hidden/occluded/misaligned frame keeps previous stable grasp
27,1.083333,occluded_hand_mug_grasp,held_during_occlusion,body_shell,body_shell,left_hand,hidden,body,False,0,1,0,keep_previous_grasp_anchor,-0.085350,-0.027652,-0.002595,0.604447,23,handle,upper_handle,left_hand,thumb,"[""thumb"", ""index"", ""middle"", ""ring"", ""pinky"", ""palm"", ""unknown""]",pinch_handle,,,,,,,-0.072925,0.037322,-0.522295,20.647,0.320891,0.313949,1,,hidden/occluded/misaligned frame keeps previous stable grasp
28,1.125000,occluded_hand_mug_grasp,held_during_occlusion,body_shell,body_shell,left_hand,hidden,body,False,0,1,0,keep_previous_grasp_anchor,-0.085350,-0.027652,-0.002595,0.604447,23,handle,upper_handle,left_hand,thumb,"[""thumb"", ""index"", ""middle"", ""ring"", ""pinky"", ""palm"", ""unknown""]",pinch_handle,,,,,,,-0.061818,0.023038,-0.354740,16.613,0.099555,0.087563,0,,hidden/occluded/misaligned frame keeps previous stable grasp
29,1.166667,occluded_hand_mug_grasp,held_during_occlusion,body_shell,body_shell,left_hand,hidden,body,False,0,1,0,keep_previous_grasp_anchor,-0.085350,-0.027652,-0.002595,0.604447,23,handle,upper_handle,left_hand,thumb,"[""thumb"", ""index"", ""middle"", ""ring"", ""pinky"", ""palm"", ""unknown""]",pinch_handle,,,,,,,-0.063345,0.031695,-0.414678,17.061,0.163528,0.154939,1,,hidden/occluded/misaligned frame keeps previous stable grasp
30,1.208333,occluded_hand_mug_grasp,held_during_occlusion,body_shell,body_shell,left_hand,hidden,body,False,0,1,0,keep_previous_grasp_anchor,-0.085350,-0.027652,-0.002595,0.604447,23,handle,upper_handle,left_hand,thumb,"[""thumb"", ""index"", ""middle"", ""ring"", ""pinky"", ""palm"", ""unknown""]",pinch_handle,,,,,,,-0.059359,0.027443,-0.374407,11.494,0.126690,0.121337,1,,hidden/occluded/misaligned frame keeps previous stable grasp
31,1.250000,occluded_hand_mug_grasp,held_during_occlusion,body_shell,body_shell,left_hand,hidden,body,False,0,1,0,keep_previous_grasp_anchor,-0.085350,-0.027652,-0.002595,0.604447,23,handle,upper_handle,left_hand,thumb,"[""thumb"", ""index"", ""middle"", ""ring"", ""pinky"", ""palm"", ""unknown""]",pinch_handle,,,,,,,-0.040859,-0.006756,-0.088573,6.215,0.190602,-0.189813,1,,hidden/occluded/misaligned frame keeps previous stable grasp
32,1.291667,occluded_hand_mug_grasp,held_during_occlusion,body_shell,body_shell,left_hand,hidden,body,False,0,1,0,keep_previous_grasp_anchor,-0.085350,-0.027652,-0.002595,0.604447,23,handle,upper_handle,left_hand,thumb,"[""thumb"", ""index"", ""middle"", ""ring"", ""pinky"", ""palm"", ""unknown""]",pinch_handle,,,,,,,-0.054855,0.036702,-0.314719,9.059,0.131502,0.127145,1,,hidden/occluded/misaligned frame keeps previous stable grasp
33,1.333333,occluded_hand_mug_grasp,held_during_occlusion,body_shell,body_shell,left_hand,hidden,body,False,0,1,0,keep_previous_grasp_anchor,-0.085350,-0.027652,-0.002595,0.604447,23,handle,upper_handle,left_hand,thumb,"[""thumb"", ""index"", ""middle"", ""ring"", ""pinky"", ""palm"", ""unknown""]",pinch_handle,,,,,,,-0.054137,0.032513,-0.297906,3.840,0.157095,0.155270,1,,hidden/occluded/misaligned frame keeps previous stable grasp
34,1.375000,occluded_hand_mug_grasp,held_during_occlusion,body_shell,body_shell,left_hand,hidden,body,False,0,1,0,keep_previous_grasp_anchor,-0.085350,-0.027652,-0.002595,0.604447,23,handle,upper_handle,left_hand,thumb,"[""thumb"", ""index"", ""middle"", ""ring"", ""pinky"", ""palm"", ""unknown""]",pinch_handle,,,,,,,-0.064435,0.035983,-0.284363,7.761,0.184482,0.182464,1,,hidden/occluded/misaligned frame keeps previous stable grasp
35,1.416667,occluded_hand_mug_grasp,held_during_occlusion,body_shell,body_shell,left_hand,hidden,body,False,0,1,0,keep_previous_grasp_anchor,-0.085350,-0.027652,-0.002595,0.604447,23,handle,upper_handle,left_hand,thumb,"[""thumb"", ""index"", ""middle"", ""ring"", ""pinky"", ""palm"", ""unknown""]",pinch_handle,,,,,,,-0.046082,0.023865,-0.198144,6.724,0.114237,0.112153,0,,hidden/occluded/misaligned frame keeps previous stable grasp
36,1.458333,occluded_hand_mug_grasp,held_during_occlusion,body_shell,body_shell,left_hand,hidden,body,False,0,1,0,keep_previous_grasp_anchor,-0.085350,-0.027652,-0.002595,0.604447,23,handle,upper_handle,left_hand,thumb,"[""thumb"", ""index"", ""middle"", ""ring"", ""pinky"", ""palm"", ""unknown""]",pinch_handle,,,,,,,-0.038138,0.010377,-0.110845,9.232,0.044763,0.038716,0,,hidden/occluded/misaligned frame keeps previous stable grasp
37,1.500000,occluded_hand_mug_grasp,held_during_occlusion,handle_loop,body_shell_or_occluded_handle_region,left_hand,hidden,body,False,0,1,0,keep_previous_grasp_anchor,-0.085350,-0.027652,-0.002595,0.604447,23,handle,upper_handle,left_hand,thumb,"[""thumb"", ""index"", ""middle"", ""ring"", ""pinky"", ""palm"", ""unknown""]",pinch_handle,,,,,,,-0.032595,0.001943,-0.022801,14.117,0.062153,-0.048403,0,,hidden/occluded/misaligned frame keeps previous stable grasp
38,1.541667,occluded_hand_mug_grasp,held_during_occlusion,handle_loop,body_shell_or_occluded_handle_region,left_hand,hidden,body,False,0,1,0,keep_previous_grasp_anchor,-0.085350,-0.027652,-0.002595,0.604447,23,handle,upper_handle,left_hand,thumb,"[""thumb"", ""index"", ""middle"", ""ring"", ""pinky"", ""palm"", ""unknown""]",pinch_handle,,,,,,,-0.038229,0.001866,-0.029634,18.566,0.054441,-0.022964,0,,hidden/occluded/misaligned frame keeps previous stable grasp
39,1.583333,occluded_hand_mug_grasp,held_during_occlusion,body_shell,body_shell,left_hand,hidden,body,False,0,1,0,keep_previous_grasp_anchor,-0.085350,-0.027652,-0.002595,0.604447,23,handle,upper_handle,left_hand,thumb,"[""thumb"", ""index"", ""middle"", ""ring"", ""pinky"", ""palm"", ""unknown""]",pinch_handle,,,,,,,-0.045502,0.008518,-0.071836,22.538,0.067887,0.038700,0,,hidden/occluded/misaligned frame keeps previous stable grasp
40,1.625000,occluded_hand_mug_grasp,held_during_occlusion,body_shell,body_shell,left_hand,hidden,body,False,0,1,0,keep_previous_grasp_anchor,-0.085350,-0.027652,-0.002595,0.604447,23,handle,upper_handle,left_hand,thumb,"[""thumb"", ""index"", ""middle"", ""ring"", ""pinky"", ""palm"", ""unknown""]",pinch_handle,,,,,,,-0.043355,0.017068,-0.094773,22.754,0.090188,0.071323,0,,hidden/occluded/misaligned frame keeps previous stable grasp
41,1.666667,occluded_hand_mug_grasp,held_during_occlusion,body_shell,body_shell,left_hand,hidden,body,False,0,1,0,keep_previous_grasp_anchor,-0.085350,-0.027652,-0.002595,0.604447,23,handle,upper_handle,left_hand,thumb,"[""thumb"", ""index"", ""middle"", ""ring"", ""pinky"", ""palm"", ""unknown""]",pinch_handle,,,,,,,-0.051701,0.032113,-0.129663,25.831,0.134619,0.119574,1,,hidden/occluded/misaligned frame keeps previous stable grasp
42,1.708333,occluded_hand_mug_grasp,held_during_occlusion,body_shell,body_shell,left_hand,hidden,body,False,0,1,0,keep_previous_grasp_anchor,-0.085350,-0.027652,-0.002595,0.604447,23,handle,upper_handle,left_hand,thumb,"[""thumb"", ""index"", ""middle"", ""ring"", ""pinky"", ""palm"", ""unknown""]",pinch_handle,,,,,,,-0.051520,0.023705,-0.131554,25.846,0.142011,0.129613,1,,hidden/occluded/misaligned frame keeps previous stable grasp
43,1.750000,occluded_hand_mug_grasp,held_during_occlusion,body_shell,body_shell,left_hand,hidden,body,False,0,1,0,keep_previous_grasp_anchor,-0.085350,-0.027652,-0.002595,0.604447,23,handle,upper_handle,left_hand,thumb,"[""thumb"", ""index"", ""middle"", ""ring"", ""pinky"", ""palm"", ""unknown""]",pinch_handle,,,,,,,-0.061366,0.043000,-0.174559,26.623,0.199030,0.189681,1,,hidden/occluded/misaligned frame keeps previous stable grasp
44,1.791667,occluded_hand_mug_grasp,held_during_occlusion,body_shell,body_shell,left_hand,hidden,body,False,0,1,0,keep_previous_grasp_anchor,-0.085350,-0.027652,-0.002595,0.604447,23,handle,upper_handle,left_hand,thumb,"[""thumb"", ""index"", ""middle"", ""ring"", ""pinky"", ""palm"", ""unknown""]",pinch_handle,,,,,,,-0.053832,0.022316,-0.138172,27.354,0.175304,0.165327,1,,hidden/occluded/misaligned frame keeps previous stable grasp
45,1.833333,occluded_hand_mug_grasp,held_during_occlusion,body_shell,body_shell,left_hand,hidden,body,False,0,1,0,keep_previous_grasp_anchor,-0.085350,-0.027652,-0.002595,0.604447,23,handle,upper_handle,left_hand,thumb,"[""thumb"", ""index"", ""middle"", ""ring"", ""pinky"", ""palm"", ""unknown""]",pinch_handle,,,,,,,-0.052400,0.024269,-0.112849,28.977,0.169083,0.155697,1,,hidden/occluded/misaligned frame keeps previous stable grasp
46,1.875000,occluded_hand_mug_grasp,held_during_occlusion,body_shell,body_shell,left_hand,hidden,body,False,0,1,0,keep_previous_grasp_anchor,-0.085350,-0.027652,-0.002595,0.604447,23,handle,upper_handle,left_hand,thumb,"[""thumb"", ""index"", ""middle"", ""ring"", ""pinky"", ""palm"", ""unknown""]",pinch_handle,,,,,,,-0.069569,0.035531,-0.142505,33.805,0.217448,0.204201,1,,hidden/occluded/misaligned frame keeps previous stable grasp
47,1.916667,occluded_hand_mug_grasp,held_during_occlusion,body_shell,body_shell,left_hand,hidden,body,False,0,1,0,keep_previous_grasp_anchor,-0.085350,-0.027652,-0.002595,0.604447,23,handle,upper_handle,left_hand,thumb,"[""thumb"", ""index"", ""middle"", ""ring"", ""pinky"", ""palm"", ""unknown""]",pinch_handle,,,,,,,-0.069146,0.050635,-0.159729,31.947,0.241412,0.230050,1,,hidden/occluded/misaligned frame keeps previous stable grasp
48,1.958333,handle_contact_point_misaligned,confirmed_handle_but_projected_point_not_on_hand,handle_loop,handle_loop,left_hand,visible,handle,True,0,1,0,keep_previous_grasp_anchor,-0.085350,-0.027652,-0.002595,0.604447,23,handle,upper_handle,left_hand,thumb,"[""thumb"", ""index"", ""middle"", ""ring"", ""pinky"", ""palm"", ""unknown""]",pinch_handle,,,,,,,-0.033905,0.017891,-0.002595,35.578,0.112104,0.065082,0,,hidden/occluded/misaligned frame keeps previous stable grasp
49,2.000000,handle_contact_point_misaligned,confirmed_handle_but_projected_point_not_on_hand,handle_loop,handle_loop,left_hand,visible,handle,True,0,1,0,keep_previous_grasp_anchor,-0.085350,-0.027652,-0.002595,0.604447,23,handle,upper_handle,left_hand,thumb,"[""thumb"", ""index"", ""middle"", ""ring"", ""pinky"", ""palm"", ""unknown""]",pinch_handle,,,,,,,-0.033905,0.017891,-0.002595,36.728,0.116476,0.069500,0,,hidden/occluded/misaligned frame keeps previous stable grasp
50,2.041667,handle_contact_point_misaligned,confirmed_handle_but_projected_point_not_on_hand,handle_loop,handle_loop,left_hand,visible,handle,True,0,1,0,keep_previous_grasp_anchor,-0.085350,-0.027652,-0.002595,0.604447,23,handle,upper_handle,left_hand,thumb,"[""thumb"", ""index"", ""middle"", ""ring"", ""pinky"", ""palm"", ""unknown""]",pinch_handle,53,handle,upper_handle,thumb,"[""thumb"", ""index"", ""middle"", ""ring"", ""pinky"", ""palm""]",pinch_handle,-0.033905,0.017891,-0.002595,37.678,0.121058,0.074432,1,,hidden/occluded/misaligned frame keeps previous stable grasp
51,2.083333,handle_contact_point_misaligned,confirmed_handle_but_projected_point_not_on_hand,handle_loop,handle_loop,left_hand,visible,handle,True,0,1,0,keep_previous_grasp_anchor,-0.085350,-0.027652,-0.002595,0.604447,23,handle,upper_handle,left_hand,thumb,"[""thumb"", ""index"", ""middle"", ""ring"", ""pinky"", ""palm"", ""unknown""]",pinch_handle,53,handle,upper_handle,thumb,"[""thumb"", ""index"", ""middle"", ""ring"", ""pinky"", ""palm""]",pinch_handle,-0.033905,0.017891,-0.002595,38.222,0.123227,0.076887,1,,hidden/occluded/misaligned frame keeps previous stable grasp
52,2.125000,handle_contact_point_misaligned,confirmed_handle_but_projected_point_not_on_hand,handle_loop,handle_loop,left_hand,visible,handle,True,0,1,0,keep_previous_grasp_anchor,-0.085350,-0.027652,-0.002595,0.604447,23,handle,upper_handle,left_hand,thumb,"[""thumb"", ""index"", ""middle"", ""ring"", ""pinky"", ""palm"", ""unknown""]",pinch_handle,53,handle,upper_handle,thumb,"[""thumb"", ""index"", ""middle"", ""ring"", ""pinky"", ""palm""]",pinch_handle,-0.033905,0.017891,-0.002595,39.640,0.125542,0.076704,1,,hidden/occluded/misaligned frame keeps previous stable grasp
53,2.166667,handle_contact_point_misaligned,confirmed_handle_but_projected_point_not_on_hand,handle_loop,handle_loop,left_hand,visible,handle,True,0,1,0,keep_previous_grasp_anchor,-0.085350,-0.027652,-0.002595,0.604447,23,handle,upper_handle,left_hand,thumb,"[""thumb"", ""index"", ""middle"", ""ring"", ""pinky"", ""palm"", ""unknown""]",pinch_handle,53,handle,upper_handle,thumb,"[""thumb"", ""index"", ""middle"", ""ring"", ""pinky"", ""palm""]",pinch_handle,-0.033905,0.017891,-0.002595,41.136,0.127037,0.074281,1,,hidden/occluded/misaligned frame keeps previous stable grasp
54,2.208333,handle_contact_point_misaligned,confirmed_handle_but_projected_point_not_on_hand,handle_loop,handle_loop,left_hand,visible,handle,True,0,1,0,keep_previous_grasp_anchor,-0.085350,-0.027652,-0.002595,0.604447,23,handle,upper_handle,left_hand,thumb,"[""thumb"", ""index"", ""middle"", ""ring"", ""pinky"", ""palm"", ""unknown""]",pinch_handle,53,handle,upper_handle,thumb,"[""thumb"", ""index"", ""middle"", ""ring"", ""pinky"", ""palm""]",pinch_handle,-0.033905,0.017891,-0.002595,41.025,0.122917,0.067629,1,,hidden/occluded/misaligned frame keeps previous stable grasp
55,2.250000,handle_contact_point_misaligned,confirmed_handle_but_projected_point_not_on_hand,handle_loop,handle_loop,left_hand,visible,handle,True,0,1,0,keep_previous_grasp_anchor,-0.085350,-0.027652,-0.002595,0.604447,23,handle,upper_handle,left_hand,thumb,"[""thumb"", ""index"", ""middle"", ""ring"", ""pinky"", ""palm"", ""unknown""]",pinch_handle,53,handle,upper_handle,thumb,"[""thumb"", ""index"", ""middle"", ""ring"", ""pinky"", ""palm""]",pinch_handle,-0.033905,0.017891,-0.002595,41.708,0.119347,0.057475,0,,hidden/occluded/misaligned frame keeps previous stable grasp
56,2.291667,handle_contact_point_misaligned,confirmed_handle_but_projected_point_not_on_hand,handle_loop,handle_loop,left_hand,visible,handle,True,0,1,0,keep_previous_grasp_anchor,-0.085350,-0.027652,-0.002595,0.604447,23,handle,upper_handle,left_hand,thumb,"[""thumb"", ""index"", ""middle"", ""ring"", ""pinky"", ""palm"", ""unknown""]",pinch_handle,57,handle,upper_handle,thumb,"[""thumb"", ""index"", ""middle"", ""ring"", ""pinky"", ""palm""]",pinch_handle,-0.033520,0.018308,-0.001352,41.683,0.113172,0.041183,0,,hidden/occluded/misaligned frame keeps previous stable grasp
57,2.333333,handle_contact_point_misaligned,confirmed_handle_but_projected_point_not_on_hand,handle_loop,handle_loop,left_hand,visible,handle,True,0,1,0,keep_previous_grasp_anchor,-0.085350,-0.027652,-0.002595,0.604447,23,handle,upper_handle,left_hand,thumb,"[""thumb"", ""index"", ""middle"", ""ring"", ""pinky"", ""palm"", ""unknown""]",pinch_handle,57,handle,upper_handle,thumb,"[""thumb"", ""index"", ""middle"", ""ring"", ""pinky"", ""palm""]",pinch_handle,-0.033520,0.018308,-0.001352,42.294,0.111444,0.028822,0,,hidden/occluded/misaligned frame keeps previous stable grasp
58,2.375000,handle_contact_point_misaligned,confirmed_handle_but_projected_point_not_on_hand,handle_loop,handle_loop,left_hand,visible,handle,True,0,1,0,keep_previous_grasp_anchor,-0.085350,-0.027652,-0.002595,0.604447,23,handle,upper_handle,left_hand,thumb,"[""thumb"", ""index"", ""middle"", ""ring"", ""pinky"", ""palm"", ""unknown""]",pinch_handle,57,handle,upper_handle,thumb,"[""thumb"", ""index"", ""middle"", ""ring"", ""pinky"", ""palm""]",pinch_handle,-0.033520,0.018308,-0.001352,41.576,0.108111,0.018268,0,,hidden/occluded/misaligned frame keeps previous stable grasp
59,2.416667,handle_contact_point_misaligned,confirmed_handle_but_projected_point_not_on_hand,handle_loop,handle_loop,left_hand,visible,handle,True,0,1,0,keep_previous_grasp_anchor,-0.085350,-0.027652,-0.002595,0.604447,23,handle,upper_handle,left_hand,thumb,"[""thumb"", ""index"", ""middle"", ""ring"", ""pinky"", ""palm"", ""unknown""]",pinch_handle,60,handle,upper_handle,thumb,"[""thumb"", ""index"", ""middle"", ""ring"", ""pinky"", ""palm""]",pinch_handle,-0.033520,0.018308,-0.001352,41.647,0.107854,0.011571,0,,hidden/occluded/misaligned frame keeps previous stable grasp
60,2.458333,handle_contact_point_misaligned,confirmed_handle_but_projected_point_not_on_hand,handle_loop,handle_loop,left_hand,visible,handle,True,0,1,0,keep_previous_grasp_anchor,-0.085350,-0.027652,-0.002595,0.604447,23,handle,upper_handle,left_hand,thumb,"[""thumb"", ""index"", ""middle"", ""ring"", ""pinky"", ""palm"", ""unknown""]",pinch_handle,60,handle,upper_handle,thumb,"[""thumb"", ""index"", ""middle"", ""ring"", ""pinky"", ""palm""]",pinch_handle,-0.033520,0.018308,-0.001352,41.313,0.106985,0.009915,0,,hidden/occluded/misaligned frame keeps previous stable grasp
61,2.500000,handle_contact_point_misaligned,confirmed_handle_but_projected_point_not_on_hand,handle_loop,handle_loop,left_hand,visible,handle,True,0,1,0,keep_previous_grasp_anchor,-0.085350,-0.027652,-0.002595,0.604447,23,handle,upper_handle,left_hand,thumb,"[""thumb"", ""index"", ""middle"", ""ring"", ""pinky"", ""palm"", ""unknown""]",pinch_handle,60,handle,upper_handle,thumb,"[""thumb"", ""index"", ""middle"", ""ring"", ""pinky"", ""palm""]",pinch_handle,-0.033520,0.018308,0.001352,41.842,0.148578,0.106018,1,,hidden/occluded/misaligned frame keeps previous stable grasp
62,2.541667,occluded_hand_mug_grasp,held_during_occlusion,body_shell,body_shell,left_hand,hidden,body,False,0,1,0,keep_previous_grasp_anchor,-0.085350,-0.027652,-0.002595,0.604447,23,handle,upper_handle,left_hand,thumb,"[""thumb"", ""index"", ""middle"", ""ring"", ""pinky"", ""palm"", ""unknown""]",pinch_handle,60,handle,upper_handle,thumb,"[""thumb"", ""index"", ""middle"", ""ring"", ""pinky"", ""palm""]",pinch_handle,-0.015429,0.026885,-0.097679,46.082,0.232751,0.212301,1,,hidden/occluded/misaligned frame keeps previous stable grasp
63,2.583333,occluded_hand_mug_grasp,held_during_occlusion,body_shell,body_shell,left_hand,hidden,body,False,0,1,0,keep_previous_grasp_anchor,-0.085350,-0.027652,-0.002595,0.604447,23,handle,upper_handle,left_hand,thumb,"[""thumb"", ""index"", ""middle"", ""ring"", ""pinky"", ""palm"", ""unknown""]",pinch_handle,60,handle,upper_handle,thumb,"[""thumb"", ""index"", ""middle"", ""ring"", ""pinky"", ""palm""]",pinch_handle,-0.021830,0.033560,-0.110038,47.998,0.250468,0.229689,1,,hidden/occluded/misaligned frame keeps previous stable grasp
64,2.625000,occluded_hand_mug_grasp,held_during_occlusion,body_shell,body_shell,left_hand,hidden,body,False,0,1,0,keep_previous_grasp_anchor,-0.085350,-0.027652,-0.002595,0.604447,23,handle,upper_handle,left_hand,thumb,"[""thumb"", ""index"", ""middle"", ""ring"", ""pinky"", ""palm"", ""unknown""]",pinch_handle,,,,,,,-0.022638,0.046607,-0.122466,46.672,0.276087,0.259059,1,,hidden/occluded/misaligned frame keeps previous stable grasp
65,2.666667,occluded_hand_mug_grasp,held_during_occlusion,body_shell,body_shell,left_hand,hidden,body,False,0,1,0,keep_previous_grasp_anchor,-0.085350,-0.027652,-0.002595,0.604447,23,handle,upper_handle,left_hand,thumb,"[""thumb"", ""index"", ""middle"", ""ring"", ""pinky"", ""palm"", ""unknown""]",pinch_handle,,,,,,,-0.029396,0.021135,-0.092871,49.084,0.251161,0.230236,1,,hidden/occluded/misaligned frame keeps previous stable grasp
66,2.708333,occluded_hand_mug_grasp,held_during_occlusion,body_shell,body_shell,left_hand,hidden,body,False,0,1,0,keep_previous_grasp_anchor,-0.085350,-0.027652,-0.002595,0.604447,23,handle,upper_handle,left_hand,thumb,"[""thumb"", ""index"", ""middle"", ""ring"", ""pinky"", ""palm"", ""unknown""]",pinch_handle,,,,,,,-0.041250,0.026255,-0.089326,48.638,0.259501,0.239934,1,,hidden/occluded/misaligned frame keeps previous stable grasp
67,2.750000,occluded_hand_mug_grasp,held_during_occlusion,body_shell,body_shell,left_hand,hidden,body,False,0,1,0,keep_previous_grasp_anchor,-0.085350,-0.027652,-0.002595,0.604447,23,handle,upper_handle,left_hand,thumb,"[""thumb"", ""index"", ""middle"", ""ring"", ""pinky"", ""palm"", ""unknown""]",pinch_handle,,,,,,,-0.060223,0.020197,-0.087093,51.346,0.273382,0.253702,1,,hidden/occluded/misaligned frame keeps previous stable grasp
68,2.791667,occluded_hand_mug_grasp,held_during_occlusion,body_shell,body_shell,left_hand,hidden,body,False,0,1,0,keep_previous_grasp_anchor,-0.085350,-0.027652,-0.002595,0.604447,23,handle,upper_handle,left_hand,thumb,"[""thumb"", ""index"", ""middle"", ""ring"", ""pinky"", ""palm"", ""unknown""]",pinch_handle,,,,,,,-0.075197,0.053114,-0.119676,48.877,0.322187,0.308786,1,,hidden/occluded/misaligned frame keeps previous stable grasp
69,2.833333,occluded_hand_mug_grasp,held_during_occlusion,body_shell,body_shell,left_hand,hidden,body,False,0,1,0,keep_previous_grasp_anchor,-0.085350,-0.027652,-0.002595,0.604447,23,handle,upper_handle,left_hand,thumb,"[""thumb"", ""index"", ""middle"", ""ring"", ""pinky"", ""palm"", ""unknown""]",pinch_handle,,,,,,,-0.065059,0.029060,-0.100923,48.760,0.306331,0.293071,1,,hidden/occluded/misaligned frame keeps previous stable grasp
70,2.875000,occluded_hand_mug_grasp,held_during_occlusion,body_shell,body_shell,left_hand,hidden,body,False,0,1,0,keep_previous_grasp_anchor,-0.085350,-0.027652,-0.002595,0.604447,23,handle,upper_handle,left_hand,thumb,"[""thumb"", ""index"", ""middle"", ""ring"", ""pinky"", ""palm"", ""unknown""]",pinch_handle,,,,,,,-0.069421,0.043635,-0.116977,48.590,0.331995,0.319915,1,,hidden/occluded/misaligned frame keeps previous stable grasp
71,2.916667,occluded_hand_mug_grasp,held_during_occlusion,body_shell,body_shell,left_hand,hidden,body,False,0,1,0,keep_previous_grasp_anchor,-0.085350,-0.027652,-0.002595,0.604447,23,handle,upper_handle,left_hand,thumb,"[""thumb"", ""index"", ""middle"", ""ring"", ""pinky"", ""palm"", ""unknown""]",pinch_handle,,,,,,,-0.062432,0.040892,-0.113440,50.253,0.329667,0.316836,1,,hidden/occluded/misaligned frame keeps previous stable grasp
72,2.958333,rim_drinking_contact,held_during_rim_drinking,body_shell,rim_ring,left_hand,hidden,body,False,0,1,1,rim_contact_keep_previous_grasp_anchor,-0.085350,-0.027652,-0.002595,0.604447,23,handle,upper_handle,left_hand,thumb,"[""thumb"", ""index"", ""middle"", ""ring"", ""pinky"", ""palm"", ""unknown""]",pinch_handle,,,,,,,-0.063776,0.025368,-0.096370,51.497,0.308388,0.293266,1,,rim/mouth contact is not a hand anchor; keep previous grasp
73,3.000000,rim_drinking_contact,held_during_rim_drinking,body_shell,rim_ring,left_hand,hidden,body,False,0,1,1,rim_contact_keep_previous_grasp_anchor,-0.085350,-0.027652,-0.002595,0.604447,23,handle,upper_handle,left_hand,thumb,"[""thumb"", ""index"", ""middle"", ""ring"", ""pinky"", ""palm"", ""unknown""]",pinch_handle,,,,,,,-0.069225,0.030436,-0.104216,53.116,0.321034,0.306335,1,,rim/mouth contact is not a hand anchor; keep previous grasp
74,3.041667,occluded_hand_mug_grasp,held_during_occlusion,body_shell,body_shell,left_hand,hidden,body,False,0,1,0,keep_previous_grasp_anchor,-0.085350,-0.027652,-0.002595,0.604447,23,handle,upper_handle,left_hand,thumb,"[""thumb"", ""index"", ""middle"", ""ring"", ""pinky"", ""palm"", ""unknown""]",pinch_handle,,,,,,,-0.073623,0.037525,-0.105617,51.984,0.326735,0.313495,1,,hidden/occluded/misaligned frame keeps previous stable grasp
75,3.083333,occluded_hand_mug_grasp,held_during_occlusion,body_shell,body_shell,left_hand,hidden,body,False,0,1,0,keep_previous_grasp_anchor,-0.085350,-0.027652,-0.002595,0.604447,23,handle,upper_handle,left_hand,thumb,"[""thumb"", ""index"", ""middle"", ""ring"", ""pinky"", ""palm"", ""unknown""]",pinch_handle,,,,,,,-0.062724,0.014378,-0.068841,52.214,0.291151,0.274547,1,,hidden/occluded/misaligned frame keeps previous stable grasp
76,3.125000,occluded_hand_mug_grasp,held_during_occlusion,handle_loop,body_shell_or_occluded_handle_region,left_hand,hidden,body,False,0,1,0,keep_previous_grasp_anchor,-0.085350,-0.027652,-0.002595,0.604447,23,handle,upper_handle,left_hand,thumb,"[""thumb"", ""index"", ""middle"", ""ring"", ""pinky"", ""palm"", ""unknown""]",pinch_handle,,,,,,,-0.067950,0.006126,-0.062744,55.733,0.290926,0.271119,1,,hidden/occluded/misaligned frame keeps previous stable grasp
77,3.166667,rim_drinking_contact,held_during_rim_drinking,handle_loop,rim_ring,left_hand,hidden,body,False,0,1,1,rim_contact_keep_previous_grasp_anchor,-0.085350,-0.027652,-0.002595,0.604447,23,handle,upper_handle,left_hand,thumb,"[""thumb"", ""index"", ""middle"", ""ring"", ""pinky"", ""palm"", ""unknown""]",pinch_handle,,,,,,,-0.072061,0.014950,-0.066907,54.305,0.299187,0.282368,1,,rim/mouth contact is not a hand anchor; keep previous grasp
78,3.208333,rim_drinking_contact,held_during_rim_drinking,body_shell,rim_ring,left_hand,hidden,body,False,0,1,1,rim_contact_keep_previous_grasp_anchor,-0.085350,-0.027652,-0.002595,0.604447,23,handle,upper_handle,left_hand,thumb,"[""thumb"", ""index"", ""middle"", ""ring"", ""pinky"", ""palm"", ""unknown""]",pinch_handle,,,,,,,-0.080335,0.031398,-0.072089,51.431,0.312514,0.298923,1,,rim/mouth contact is not a hand anchor; keep previous grasp
79,3.250000,occluded_hand_mug_grasp,held_during_occlusion,handle_loop,body_shell_or_occluded_handle_region,left_hand,hidden,body,False,0,1,0,keep_previous_grasp_anchor,-0.085350,-0.027652,-0.002595,0.604447,23,handle,upper_handle,left_hand,thumb,"[""thumb"", ""index"", ""middle"", ""ring"", ""pinky"", ""palm"", ""unknown""]",pinch_handle,,,,,,,-0.086957,0.027708,-0.071404,53.797,0.316570,0.301559,1,,hidden/occluded/misaligned frame keeps previous stable grasp
80,3.291667,occluded_hand_mug_grasp,held_during_occlusion,handle_loop,body_shell_or_occluded_handle_region,left_hand,hidden,body,False,0,1,0,keep_previous_grasp_anchor,-0.085350,-0.027652,-0.002595,0.604447,23,handle,upper_handle,left_hand,thumb,"[""thumb"", ""index"", ""middle"", ""ring"", ""pinky"", ""palm"", ""unknown""]",pinch_handle,,,,,,,-0.095959,0.038663,-0.075369,52.405,0.328141,0.314920,1,,hidden/occluded/misaligned frame keeps previous stable grasp
81,3.333333,occluded_hand_mug_grasp,held_during_occlusion,handle_loop,body_shell_or_occluded_handle_region,left_hand,hidden,body,False,0,1,0,keep_previous_grasp_anchor,-0.085350,-0.027652,-0.002595,0.604447,23,handle,upper_handle,left_hand,thumb,"[""thumb"", ""index"", ""middle"", ""ring"", ""pinky"", ""palm"", ""unknown""]",pinch_handle,,,,,,,-0.102592,0.039536,-0.084232,53.480,0.339025,0.326544,1,,hidden/occluded/misaligned frame keeps previous stable grasp
82,3.375000,occluded_hand_mug_grasp,held_during_occlusion,handle_loop,body_shell_or_occluded_handle_region,left_hand,hidden,body,False,0,1,0,keep_previous_grasp_anchor,-0.085350,-0.027652,-0.002595,0.604447,23,handle,upper_handle,left_hand,thumb,"[""thumb"", ""index"", ""middle"", ""ring"", ""pinky"", ""palm"", ""unknown""]",pinch_handle,,,,,,,-0.090959,0.034562,-0.072970,51.660,0.322409,0.309228,1,,hidden/occluded/misaligned frame keeps previous stable grasp
83,3.416667,rim_drinking_contact,held_during_rim_drinking,handle_loop,rim_ring,left_hand,hidden,body,False,0,1,1,rim_contact_keep_previous_grasp_anchor,-0.085350,-0.027652,-0.002595,0.604447,23,handle,upper_handle,left_hand,thumb,"[""thumb"", ""index"", ""middle"", ""ring"", ""pinky"", ""palm"", ""unknown""]",pinch_handle,,,,,,,-0.055721,0.003058,-0.050839,51.363,0.275482,0.258390,1,,rim/mouth contact is not a hand anchor; keep previous grasp
84,3.458333,occluded_hand_mug_grasp,held_during_occlusion,body_shell,body_shell,left_hand,hidden,body,False,0,1,0,keep_previous_grasp_anchor,-0.085350,-0.027652,-0.002595,0.604447,23,handle,upper_handle,left_hand,thumb,"[""thumb"", ""index"", ""middle"", ""ring"", ""pinky"", ""palm"", ""unknown""]",pinch_handle,,,,,,,-0.061424,0.043350,-0.117364,49.663,0.334957,0.323415,1,,hidden/occluded/misaligned frame keeps previous stable grasp
85,3.500000,occluded_hand_mug_grasp,held_during_occlusion,body_shell,body_shell,left_hand,hidden,body,False,0,1,0,keep_previous_grasp_anchor,-0.085350,-0.027652,-0.002595,0.604447,23,handle,upper_handle,left_hand,thumb,"[""thumb"", ""index"", ""middle"", ""ring"", ""pinky"", ""palm"", ""unknown""]",pinch_handle,,,,,,,-0.020951,0.037598,-0.128148,49.047,0.329009,0.317712,1,,hidden/occluded/misaligned frame keeps previous stable grasp
86,3.541667,occluded_hand_mug_grasp,held_during_occlusion,body_shell,body_shell,left_hand,hidden,body,False,0,1,0,keep_previous_grasp_anchor,-0.085350,-0.027652,-0.002595,0.604447,23,handle,upper_handle,left_hand,thumb,"[""thumb"", ""index"", ""middle"", ""ring"", ""pinky"", ""palm"", ""unknown""]",pinch_handle,,,,,,,0.020856,0.048799,-0.135097,45.064,0.344196,0.334056,1,,hidden/occluded/misaligned frame keeps previous stable grasp
87,3.583333,occluded_hand_mug_grasp,held_during_occlusion,body_shell,body_shell,left_hand,hidden,body,False,0,1,0,keep_previous_grasp_anchor,-0.085350,-0.027652,-0.002595,0.604447,23,handle,upper_handle,left_hand,thumb,"[""thumb"", ""index"", ""middle"", ""ring"", ""pinky"", ""palm"", ""unknown""]",pinch_handle,,,,,,,0.041053,0.044081,-0.134973,45.232,0.347045,0.334963,1,,hidden/occluded/misaligned frame keeps previous stable grasp
88,3.625000,occluded_hand_mug_grasp,held_during_occlusion,body_shell,body_shell,left_hand,hidden,body,False,0,1,0,keep_previous_grasp_anchor,-0.085350,-0.027652,-0.002595,0.604447,23,handle,upper_handle,left_hand,thumb,"[""thumb"", ""index"", ""middle"", ""ring"", ""pinky"", ""palm"", ""unknown""]",pinch_handle,,,,,,,0.049164,0.040007,-0.118480,41.314,0.329484,0.317410,1,,hidden/occluded/misaligned frame keeps previous stable grasp
89,3.666667,handle_contact_point_misaligned,confirmed_handle_but_projected_point_not_on_hand,handle_loop,handle_loop,left_hand,visible,handle,True,0,1,0,keep_previous_grasp_anchor,-0.085350,-0.027652,-0.002595,0.604447,23,handle,upper_handle,left_hand,thumb,"[""thumb"", ""index"", ""middle"", ""ring"", ""pinky"", ""palm"", ""unknown""]",pinch_handle,,,,,,,-0.034511,0.017233,0.003628,38.455,0.185154,0.155206,1,,hidden/occluded/misaligned frame keeps previous stable grasp
90,3.708333,handle_contact_point_misaligned,confirmed_handle_but_projected_point_not_on_hand,handle_loop,handle_loop,left_hand,visible,handle,True,0,1,0,keep_previous_grasp_anchor,-0.085350,-0.027652,-0.002595,0.604447,23,handle,upper_handle,left_hand,thumb,"[""thumb"", ""index"", ""middle"", ""ring"", ""pinky"", ""palm"", ""unknown""]",pinch_handle,,,,,,,-0.035289,0.016387,0.004366,38.291,0.173932,0.142572,1,,hidden/occluded/misaligned frame keeps previous stable grasp
91,3.750000,handle_contact_point_misaligned,confirmed_handle_but_projected_point_not_on_hand,handle_loop,handle_loop,left_hand,visible,handle,True,0,1,0,keep_previous_grasp_anchor,-0.085350,-0.027652,-0.002595,0.604447,23,handle,upper_handle,left_hand,thumb,"[""thumb"", ""index"", ""middle"", ""ring"", ""pinky"", ""palm"", ""unknown""]",pinch_handle,,,,,,,-0.035289,0.016387,0.004366,37.540,0.171384,0.141673,1,,hidden/occluded/misaligned frame keeps previous stable grasp
92,3.791667,handle_contact_point_misaligned,confirmed_handle_but_projected_point_not_on_hand,handle_loop,handle_loop,left_hand,visible,handle,True,0,1,0,keep_previous_grasp_anchor,-0.085350,-0.027652,-0.002595,0.604447,23,handle,upper_handle,left_hand,thumb,"[""thumb"", ""index"", ""middle"", ""ring"", ""pinky"", ""palm"", ""unknown""]",pinch_handle,,,,,,,-0.035289,0.016387,0.004366,36.922,0.168116,0.138736,1,,hidden/occluded/misaligned frame keeps previous stable grasp
93,3.833333,handle_contact_point_misaligned,confirmed_handle_but_projected_point_not_on_hand,handle_loop,handle_loop,left_hand,visible,handle,True,0,1,0,keep_previous_grasp_anchor,-0.085350,-0.027652,-0.002595,0.604447,23,handle,upper_handle,left_hand,thumb,"[""thumb"", ""index"", ""middle"", ""ring"", ""pinky"", ""palm"", ""unknown""]",pinch_handle,,,,,,,-0.035289,0.016387,0.004366,36.473,0.166326,0.137185,1,,hidden/occluded/misaligned frame keeps previous stable grasp
94,3.875000,handle_contact_point_misaligned,confirmed_handle_but_projected_point_not_on_hand,handle_loop,handle_loop,left_hand,visible,handle,True,0,1,0,keep_previous_grasp_anchor,-0.085350,-0.027652,-0.002595,0.604447,23,handle,upper_handle,left_hand,thumb,"[""thumb"", ""index"", ""middle"", ""ring"", ""pinky"", ""palm"", ""unknown""]",pinch_handle,,,,,,,-0.035289,0.016387,0.004366,34.653,0.161291,0.133936,1,,hidden/occluded/misaligned frame keeps previous stable grasp
95,3.916667,handle_contact_point_misaligned,confirmed_handle_but_projected_point_not_on_hand,handle_loop,handle_loop,left_hand,visible,handle,True,0,1,0,keep_previous_grasp_anchor,-0.085350,-0.027652,-0.002595,0.604447,23,handle,upper_handle,left_hand,thumb,"[""thumb"", ""index"", ""middle"", ""ring"", ""pinky"", ""palm"", ""unknown""]",pinch_handle,,,,,,,-0.035289,0.016387,0.004366,34.175,0.153282,0.125317,1,,hidden/occluded/misaligned frame keeps previous stable grasp
96,3.958333,handle_contact_point_misaligned,confirmed_handle_but_projected_point_not_on_hand,handle_loop,handle_loop,left_hand,visible,handle,True,0,1,0,keep_previous_grasp_anchor,-0.085350,-0.027652,-0.002595,0.604447,23,handle,upper_handle,left_hand,thumb,"[""thumb"", ""index"", ""middle"", ""ring"", ""pinky"", ""palm"", ""unknown""]",pinch_handle,,,,,,,-0.036177,-0.029423,0.004751,31.585,0.129750,0.108128,1,,hidden/occluded/misaligned frame keeps previous stable grasp
97,4.000000,handle_contact_point_misaligned,confirmed_handle_but_projected_point_not_on_hand,handle_loop,handle_loop,left_hand,visible,handle,True,0,1,0,keep_previous_grasp_anchor,-0.085350,-0.027652,-0.002595,0.604447,23,handle,upper_handle,left_hand,thumb,"[""thumb"", ""index"", ""middle"", ""ring"", ""pinky"", ""palm"", ""unknown""]",pinch_handle,,,,,,,-0.036177,-0.029423,0.004751,29.142,0.116551,0.095278,0,,hidden/occluded/misaligned frame keeps previous stable grasp
98,4.041667,occluded_hand_mug_grasp,held_during_occlusion,body_shell,body_shell,left_hand,hidden,body,False,0,1,0,keep_previous_grasp_anchor,-0.085350,-0.027652,-0.002595,0.604447,23,handle,upper_handle,left_hand,thumb,"[""thumb"", ""index"", ""middle"", ""ring"", ""pinky"", ""palm"", ""unknown""]",pinch_handle,,,,,,,0.073975,0.021316,-0.082048,33.124,0.249949,0.239047,1,,hidden/occluded/misaligned frame keeps previous stable grasp
99,4.083333,occluded_hand_mug_grasp,held_during_occlusion,body_shell,body_shell,left_hand,hidden,body,False,0,1,0,keep_previous_grasp_anchor,-0.085350,-0.027652,-0.002595,0.604447,23,handle,upper_handle,left_hand,thumb,"[""thumb"", ""index"", ""middle"", ""ring"", ""pinky"", ""palm"", ""unknown""]",pinch_handle,,,,,,,0.116630,0.024262,-0.106679,32.895,0.287124,0.279113,1,,hidden/occluded/misaligned frame keeps previous stable grasp
100,4.125000,occluded_hand_mug_grasp,held_during_occlusion,body_shell,body_shell,left_hand,hidden,body,False,0,1,0,keep_previous_grasp_anchor,-0.085350,-0.027652,-0.002595,0.604447,23,handle,upper_handle,left_hand,thumb,"[""thumb"", ""index"", ""middle"", ""ring"", ""pinky"", ""palm"", ""unknown""]",pinch_handle,,,,,,,0.113705,0.034305,-0.103449,32.449,0.268928,0.259482,1,,hidden/occluded/misaligned frame keeps previous stable grasp
101,4.166667,occluded_hand_mug_grasp,held_during_occlusion,body_shell,body_shell,left_hand,hidden,body,False,0,1,0,keep_previous_grasp_anchor,-0.085350,-0.027652,-0.002595,0.604447,23,handle,upper_handle,left_hand,thumb,"[""thumb"", ""index"", ""middle"", ""ring"", ""pinky"", ""palm"", ""unknown""]",pinch_handle,,,,,,,-0.025197,-0.010136,-0.043170,31.340,0.213731,0.204348,1,,hidden/occluded/misaligned frame keeps previous stable grasp
102,4.208333,occluded_hand_mug_grasp,held_during_occlusion,handle_loop,body_shell_or_occluded_handle_region,left_hand,hidden,body,False,0,1,0,keep_previous_grasp_anchor,-0.085350,-0.027652,-0.002595,0.604447,23,handle,upper_handle,left_hand,thumb,"[""thumb"", ""index"", ""middle"", ""ring"", ""pinky"", ""palm"", ""unknown""]",pinch_handle,,,,,,,-0.026943,-0.002126,-0.025576,27.773,0.171279,0.160339,1,,hidden/occluded/misaligned frame keeps previous stable grasp
103,4.250000,occluded_hand_mug_grasp,held_during_occlusion,handle_loop,body_shell_or_occluded_handle_region,left_hand,hidden,body,False,0,1,0,keep_previous_grasp_anchor,-0.085350,-0.027652,-0.002595,0.604447,23,handle,upper_handle,left_hand,thumb,"[""thumb"", ""index"", ""middle"", ""ring"", ""pinky"", ""palm"", ""unknown""]",pinch_handle,,,,,,,-0.032916,-0.013263,0.020281,26.616,0.104630,0.084477,0,,hidden/occluded/misaligned frame keeps previous stable grasp
104,4.291667,occluded_hand_mug_grasp,held_during_occlusion,body_shell,body_shell,left_hand,hidden,body,False,0,1,0,keep_previous_grasp_anchor,-0.085350,-0.027652,-0.002595,0.604447,23,handle,upper_handle,left_hand,thumb,"[""thumb"", ""index"", ""middle"", ""ring"", ""pinky"", ""palm"", ""unknown""]",pinch_handle,,,,,,,-0.039031,-0.012614,0.044544,25.576,0.073784,0.038272,0,,hidden/occluded/misaligned frame keeps previous stable grasp
105,4.333333,occluded_hand_mug_grasp,held_during_occlusion,body_shell,body_shell,left_hand,hidden,body,False,0,1,0,keep_previous_grasp_anchor,-0.085350,-0.027652,-0.002595,0.604447,23,handle,upper_handle,left_hand,thumb,"[""thumb"", ""index"", ""middle"", ""ring"", ""pinky"", ""palm"", ""unknown""]",pinch_handle,,,,,,,-0.019690,0.019688,-0.091747,18.349,0.181309,0.176351,1,,hidden/occluded/misaligned frame keeps previous stable grasp
106,4.375000,occluded_hand_mug_grasp,held_during_occlusion,body_shell,body_shell,left_hand,hidden,body,False,0,1,0,keep_previous_grasp_anchor,-0.085350,-0.027652,-0.002595,0.604447,23,handle,upper_handle,left_hand,thumb,"[""thumb"", ""index"", ""middle"", ""ring"", ""pinky"", ""palm"", ""unknown""]",pinch_handle,,,,,,,-0.019306,0.004276,-0.124746,14.841,0.184848,0.183054,1,,hidden/occluded/misaligned frame keeps previous stable grasp
107,4.416667,occluded_hand_mug_grasp,held_during_occlusion,body_shell,body_shell,left_hand,hidden,body,False,0,1,0,keep_previous_grasp_anchor,-0.085350,-0.027652,-0.002595,0.604447,23,handle,upper_handle,left_hand,thumb,"[""thumb"", ""index"", ""middle"", ""ring"", ""pinky"", ""palm"", ""unknown""]",pinch_handle,,,,,,,-0.023333,0.003981,-0.081086,9.994,0.089315,0.087022,0,,hidden/occluded/misaligned frame keeps previous stable grasp
108,4.458333,occluded_hand_mug_grasp,held_during_occlusion,body_shell,body_shell,left_hand,hidden,body,False,0,1,0,keep_previous_grasp_anchor,-0.085350,-0.027652,-0.002595,0.604447,23,handle,upper_handle,left_hand,thumb,"[""thumb"", ""index"", ""middle"", ""ring"", ""pinky"", ""palm"", ""unknown""]",pinch_handle,,,,,,,-0.027440,0.012363,-0.108931,7.084,0.049213,0.046319,0,,hidden/occluded/misaligned frame keeps previous stable grasp
109,4.500000,occluded_hand_mug_grasp,held_during_occlusion,body_shell,body_shell,left_hand,hidden,body,False,0,1,0,keep_previous_grasp_anchor,-0.085350,-0.027652,-0.002595,0.604447,23,handle,upper_handle,left_hand,thumb,"[""thumb"", ""index"", ""middle"", ""ring"", ""pinky"", ""palm"", ""unknown""]",pinch_handle,,,,,,,-0.017568,-0.013808,-0.080802,9.648,0.085677,-0.080277,0,,hidden/occluded/misaligned frame keeps previous stable grasp
110,4.541667,occluded_hand_mug_grasp,held_during_occlusion,body_shell,body_shell,left_hand,hidden,body,False,0,1,0,keep_previous_grasp_anchor,-0.085350,-0.027652,-0.002595,0.604447,23,handle,upper_handle,left_hand,thumb,"[""thumb"", ""index"", ""middle"", ""ring"", ""pinky"", ""palm"", ""unknown""]",pinch_handle,,,,,,,-0.009168,0.026703,-0.298595,4.854,0.078112,0.076313,0,,hidden/occluded/misaligned frame keeps previous stable grasp
111,4.583333,occluded_hand_mug_grasp,held_during_occlusion,body_shell,body_shell,left_hand,hidden,body,False,0,1,0,keep_previous_grasp_anchor,-0.085350,-0.027652,-0.002595,0.604447,23,handle,upper_handle,left_hand,thumb,"[""thumb"", ""index"", ""middle"", ""ring"", ""pinky"", ""palm"", ""unknown""]",pinch_handle,,,,,,,-0.004292,0.032908,-0.429189,8.002,0.132179,0.129421,1,,hidden/occluded/misaligned frame keeps previous stable grasp
112,4.625000,occluded_hand_mug_grasp,held_during_occlusion,body_shell,body_shell,left_hand,hidden,body,False,0,1,0,keep_previous_grasp_anchor,-0.085350,-0.027652,-0.002595,0.604447,23,handle,upper_handle,left_hand,thumb,"[""thumb"", ""index"", ""middle"", ""ring"", ""pinky"", ""palm"", ""unknown""]",pinch_handle,,,,,,,-0.006294,0.025956,-0.481207,8.550,0.127145,0.124292,1,,hidden/occluded/misaligned frame keeps previous stable grasp
113,4.666667,occluded_hand_mug_grasp,held_during_occlusion,body_shell,body_shell,left_hand,hidden,body,False,0,1,0,keep_previous_grasp_anchor,-0.085350,-0.027652,-0.002595,0.604447,23,handle,upper_handle,left_hand,thumb,"[""thumb"", ""index"", ""middle"", ""ring"", ""pinky"", ""palm"", ""unknown""]",pinch_handle,,,,,,,-0.002048,0.037509,-0.541607,14.977,0.159071,0.152515,1,,hidden/occluded/misaligned frame keeps previous stable grasp
114,4.708333,occluded_hand_mug_grasp,held_during_occlusion,body_shell,body_shell,left_hand,hidden,body,False,0,1,0,keep_previous_grasp_anchor,-0.085350,-0.027652,-0.002595,0.604447,23,handle,upper_handle,left_hand,thumb,"[""thumb"", ""index"", ""middle"", ""ring"", ""pinky"", ""palm"", ""unknown""]",pinch_handle,,,,,,,-0.004502,0.034092,-0.568727,17.542,0.167464,0.159355,1,,hidden/occluded/misaligned frame keeps previous stable grasp
115,4.750000,hand_handle_grasp_depth_misaligned,visual_contact_needs_depth_alignment,handle_loop,handle_loop,left_hand,visible,handle,True,1,0,0,keep_previous_grasp_anchor,-0.085350,-0.027652,-0.002595,0.604447,23,handle,upper_handle,left_hand,thumb,"[""thumb"", ""index"", ""middle"", ""ring"", ""pinky"", ""palm"", ""unknown""]",pinch_handle,,,,,,,-0.074197,-0.026941,0.000000,4.870,0.598088,-0.596717,1,,hidden/occluded/misaligned frame keeps previous stable grasp
116,4.791667,hand_handle_grasp_depth_misaligned,visual_contact_needs_depth_alignment,handle_loop,handle_loop,left_hand,visible,handle,True,1,0,0,keep_previous_grasp_anchor,-0.085350,-0.027652,-0.002595,0.604447,23,handle,upper_handle,left_hand,thumb,"[""thumb"", ""index"", ""middle"", ""ring"", ""pinky"", ""palm"", ""unknown""]",pinch_handle,,,,,,,-0.074197,-0.026941,0.000000,3.902,0.562080,-0.561044,1,,hidden/occluded/misaligned frame keeps previous stable grasp
117,4.833333,hand_handle_grasp_depth_misaligned,visual_contact_needs_depth_alignment,handle_loop,handle_loop,left_hand,visible,handle,True,1,0,0,keep_previous_grasp_anchor,-0.085350,-0.027652,-0.002595,0.604447,23,handle,upper_handle,left_hand,thumb,"[""thumb"", ""index"", ""middle"", ""ring"", ""pinky"", ""palm"", ""unknown""]",pinch_handle,,,,,,,-0.074197,-0.026941,0.000000,2.631,0.506014,-0.505323,1,,hidden/occluded/misaligned frame keeps previous stable grasp
118,4.875000,hand_handle_grasp_depth_misaligned,visual_contact_needs_depth_alignment,handle_loop,handle_loop,left_hand,visible,handle,True,1,0,0,keep_previous_grasp_anchor,-0.085350,-0.027652,-0.002595,0.604447,23,handle,upper_handle,left_hand,thumb,"[""thumb"", ""index"", ""middle"", ""ring"", ""pinky"", ""palm"", ""unknown""]",pinch_handle,121,handle,upper_handle,thumb,"[""thumb"", ""index"", ""middle"", ""ring"", ""pinky"", ""palm"", ""unknown""]",pinch_handle,-0.074197,-0.026941,0.000000,1.949,0.426271,-0.425802,1,,hidden/occluded/misaligned frame keeps previous stable grasp
119,4.916667,hand_handle_grasp_depth_misaligned,visual_contact_needs_depth_alignment,handle_loop,handle_loop,left_hand,visible,handle,True,1,0,0,keep_previous_grasp_anchor,-0.085350,-0.027652,-0.002595,0.604447,23,handle,upper_handle,left_hand,thumb,"[""thumb"", ""index"", ""middle"", ""ring"", ""pinky"", ""palm"", ""unknown""]",pinch_handle,121,handle,upper_handle,thumb,"[""thumb"", ""index"", ""middle"", ""ring"", ""pinky"", ""palm"", ""unknown""]",pinch_handle,-0.076289,-0.024861,0.000000,0.893,0.331754,-0.331495,1,,hidden/occluded/misaligned frame keeps previous stable grasp
120,4.958333,hand_handle_grasp_depth_misaligned,visual_contact_needs_depth_alignment,handle_loop,handle_loop,left_hand,visible,handle,True,1,0,0,keep_previous_grasp_anchor,-0.085350,-0.027652,-0.002595,0.604447,23,handle,upper_handle,left_hand,thumb,"[""thumb"", ""index"", ""middle"", ""ring"", ""pinky"", ""palm"", ""unknown""]",pinch_handle,121,handle,upper_handle,thumb,"[""thumb"", ""index"", ""middle"", ""ring"", ""pinky"", ""palm"", ""unknown""]",pinch_handle,-0.076434,-0.024991,-0.001352,0.242,0.238014,-0.237901,1,,hidden/occluded/misaligned frame keeps previous stable grasp
121,5.000000,hand_handle_grasp_depth_misaligned,visual_contact_needs_depth_alignment,handle_loop,handle_loop,left_hand,visible,handle,True,1,0,0,keep_previous_grasp_anchor,-0.085350,-0.027652,-0.002595,0.604447,23,handle,upper_handle,left_hand,thumb,"[""thumb"", ""index"", ""middle"", ""ring"", ""pinky"", ""palm"", ""unknown""]",pinch_handle,121,handle,upper_handle,thumb,"[""thumb"", ""index"", ""middle"", ""ring"", ""pinky"", ""palm"", ""unknown""]",pinch_handle,-0.080372,-0.028521,0.004751,0.392,0.159466,-0.159391,1,,hidden/occluded/misaligned frame keeps previous stable grasp
122,5.041667,hand_handle_grasp,direct_hand_grasp_point,handle_loop,handle_loop,left_hand,visible,handle,True,1,0,0,direct_grasp_anchor,-0.080372,-0.028521,0.004751,0.655119,122,handle,upper_handle,left_hand,thumb,"[""thumb"", ""index"", ""middle"", ""ring"", ""pinky"", ""palm"", ""unknown""]",pinch_handle,121,handle,upper_handle,thumb,"[""thumb"", ""index"", ""middle"", ""ring"", ""pinky"", ""palm"", ""unknown""]",pinch_handle,-0.080372,-0.028521,0.004751,0.720,0.085858,-0.085808,0,,confirmed hand_handle_grasp updates stable object-local anchor
123,5.083333,hand_handle_grasp,direct_hand_grasp_point,handle_loop,handle_loop,left_hand,visible,handle,True,1,0,0,direct_grasp_anchor,-0.079465,-0.032887,-0.003628,0.665358,123,handle,upper_handle,left_hand,thumb,"[""thumb"", ""index"", ""middle"", ""ring"", ""pinky"", ""palm"", ""unknown""]",pinch_handle,123,handle,upper_handle,thumb,"[""thumb"", ""index"", ""middle"", ""ring"", ""pinky"", ""palm"", ""unknown""]",pinch_handle,-0.079465,-0.032887,-0.003628,0.400,0.009352,-0.009288,0,,confirmed hand_handle_grasp updates stable object-local anchor
124,5.125000,hand_handle_grasp,direct_hand_grasp_point,handle_loop,handle_loop,left_hand,visible,handle,True,1,0,0,direct_grasp_anchor,-0.080563,-0.034127,0.000000,0.635172,124,handle,upper_handle,left_hand,thumb,"[""thumb"", ""index"", ""middle"", ""ring"", ""pinky"", ""palm"", ""unknown""]",pinch_handle,123,handle,upper_handle,thumb,"[""thumb"", ""index"", ""middle"", ""ring"", ""pinky"", ""palm"", ""unknown""]",pinch_handle,-0.080563,-0.034127,0.000000,0.558,0.044956,0.044899,0,,confirmed hand_handle_grasp updates stable object-local anchor
125,5.166667,hand_handle_grasp,direct_hand_grasp_point,handle_loop,handle_loop,left_hand,visible,handle,True,1,0,0,direct_grasp_anchor,-0.077386,-0.036629,0.000000,0.663026,125,handle,upper_handle,left_hand,thumb,"[""thumb"", ""index"", ""middle"", ""ring"", ""pinky"", ""palm"", ""unknown""]",pinch_handle,125,handle,upper_handle,thumb,"[""thumb"", ""index"", ""middle"", ""ring"", ""pinky"", ""palm"", ""unknown""]",pinch_handle,-0.077386,-0.036629,0.000000,1.098,0.093416,0.093274,0,,confirmed hand_handle_grasp updates stable object-local anchor
126,5.208333,hand_handle_grasp_depth_misaligned,visual_contact_needs_depth_alignment,handle_loop,handle_loop,left_hand,visible,handle,True,1,0,0,keep_previous_grasp_anchor,-0.077386,-0.036629,0.000000,0.663026,125,handle,upper_handle,left_hand,thumb,"[""thumb"", ""index"", ""middle"", ""ring"", ""pinky"", ""palm"", ""unknown""]",pinch_handle,125,handle,upper_handle,thumb,"[""thumb"", ""index"", ""middle"", ""ring"", ""pinky"", ""palm"", ""unknown""]",pinch_handle,-0.077386,-0.036629,0.000000,1.898,0.132804,0.132558,1,,hidden/occluded/misaligned frame keeps previous stable grasp
127,5.250000,hand_handle_grasp_depth_misaligned,visual_contact_needs_depth_alignment,handle_loop,handle_loop,left_hand,visible,handle,True,1,0,0,keep_previous_grasp_anchor,-0.077386,-0.036629,0.000000,0.663026,125,handle,upper_handle,left_hand,thumb,"[""thumb"", ""index"", ""middle"", ""ring"", ""pinky"", ""palm"", ""unknown""]",pinch_handle,125,handle,upper_handle,thumb,"[""thumb"", ""index"", ""middle"", ""ring"", ""pinky"", ""palm"", ""unknown""]",pinch_handle,-0.077386,-0.036629,0.000000,3.705,0.167768,0.167244,1,,hidden/occluded/misaligned frame keeps previous stable grasp
128,5.291667,hand_handle_grasp_depth_misaligned,visual_contact_needs_depth_alignment,handle_loop,handle_loop,left_hand,visible,handle,True,1,0,0,keep_previous_grasp_anchor,-0.077386,-0.036629,0.000000,0.663026,125,handle,upper_handle,left_hand,thumb,"[""thumb"", ""index"", ""middle"", ""ring"", ""pinky"", ""palm"", ""unknown""]",pinch_handle,125,handle,upper_handle,thumb,"[""thumb"", ""index"", ""middle"", ""ring"", ""pinky"", ""palm"", ""unknown""]",pinch_handle,-0.073947,-0.038742,0.000000,4.139,0.195511,0.194922,1,,hidden/occluded/misaligned frame keeps previous stable grasp
129,5.333333,hand_handle_grasp_depth_misaligned,visual_contact_needs_depth_alignment,handle_loop,handle_loop,left_hand,visible,handle,True,1,0,0,keep_previous_grasp_anchor,-0.077386,-0.036629,0.000000,0.663026,125,handle,upper_handle,left_hand,thumb,"[""thumb"", ""index"", ""middle"", ""ring"", ""pinky"", ""palm"", ""unknown""]",pinch_handle,,,,,,,-0.073947,-0.038742,0.000000,5.361,0.216081,0.215318,1,,hidden/occluded/misaligned frame keeps previous stable grasp
130,5.375000,hand_handle_grasp_depth_misaligned,visual_contact_needs_depth_alignment,handle_loop,handle_loop,left_hand,visible,handle,True,1,0,0,keep_previous_grasp_anchor,-0.077386,-0.036629,0.000000,0.663026,125,handle,upper_handle,left_hand,thumb,"[""thumb"", ""index"", ""middle"", ""ring"", ""pinky"", ""palm"", ""unknown""]",pinch_handle,,,,,,,-0.073947,-0.038742,0.000000,6.088,0.232247,0.231393,1,,hidden/occluded/misaligned frame keeps previous stable grasp
131,5.416667,hand_handle_grasp_depth_misaligned,visual_contact_needs_depth_alignment,handle_loop,handle_loop,left_hand,visible,handle,True,1,0,0,keep_previous_grasp_anchor,-0.077386,-0.036629,0.000000,0.663026,125,handle,upper_handle,left_hand,thumb,"[""thumb"", ""index"", ""middle"", ""ring"", ""pinky"", ""palm"", ""unknown""]",pinch_handle,,,,,,,-0.070291,-0.040436,0.000000,6.176,0.246397,0.245555,1,,hidden/occluded/misaligned frame keeps previous stable grasp
132,5.458333,hand_handle_grasp_depth_misaligned,visual_contact_needs_depth_alignment,handle_loop,handle_loop,left_hand,visible,handle,True,1,0,0,keep_previous_grasp_anchor,-0.077386,-0.036629,0.000000,0.663026,125,handle,upper_handle,left_hand,thumb,"[""thumb"", ""index"", ""middle"", ""ring"", ""pinky"", ""palm"", ""unknown""]",pinch_handle,,,,,,,-0.070291,-0.040436,0.000000,6.717,0.258298,0.257396,1,,hidden/occluded/misaligned frame keeps previous stable grasp
133,5.500000,hand_handle_grasp_depth_misaligned,visual_contact_needs_depth_alignment,handle_loop,handle_loop,left_hand,visible,handle,True,1,0,0,keep_previous_grasp_anchor,-0.077386,-0.036629,0.000000,0.663026,125,handle,upper_handle,left_hand,thumb,"[""thumb"", ""index"", ""middle"", ""ring"", ""pinky"", ""palm"", ""unknown""]",pinch_handle,,,,,,,-0.070291,-0.040436,0.000000,7.495,0.271536,0.270520,1,,hidden/occluded/misaligned frame keeps previous stable grasp
134,5.541667,hand_handle_grasp_depth_misaligned,visual_contact_needs_depth_alignment,handle_loop,handle_loop,left_hand,visible,handle,True,1,0,0,keep_previous_grasp_anchor,-0.077386,-0.036629,0.000000,0.663026,125,handle,upper_handle,left_hand,thumb,"[""thumb"", ""index"", ""middle"", ""ring"", ""pinky"", ""palm"", ""unknown""]",pinch_handle,,,,,,,-0.070291,-0.040436,0.000000,7.357,0.285846,0.284893,1,,hidden/occluded/misaligned frame keeps previous stable grasp
135,5.583333,hand_handle_grasp_depth_misaligned,visual_contact_needs_depth_alignment,handle_loop,handle_loop,left_hand,visible,handle,True,1,0,0,keep_previous_grasp_anchor,-0.077386,-0.036629,0.000000,0.663026,125,handle,upper_handle,left_hand,thumb,"[""thumb"", ""index"", ""middle"", ""ring"", ""pinky"", ""palm"", ""unknown""]",pinch_handle,,,,,,,-0.070291,-0.040436,0.000000,7.235,0.300558,0.299657,1,,hidden/occluded/misaligned frame keeps previous stable grasp
136,5.625000,hand_handle_grasp_depth_misaligned,visual_contact_needs_depth_alignment,handle_loop,handle_loop,left_hand,visible,handle,True,1,0,0,keep_previous_grasp_anchor,-0.077386,-0.036629,0.000000,0.663026,125,handle,upper_handle,left_hand,thumb,"[""thumb"", ""index"", ""middle"", ""ring"", ""pinky"", ""palm"", ""unknown""]",pinch_handle,,,,,,,-0.070291,-0.040436,0.000000,6.251,0.314801,0.314079,1,,hidden/occluded/misaligned frame keeps previous stable grasp
137,5.666667,hand_handle_grasp_depth_misaligned,visual_contact_needs_depth_alignment,handle_loop,handle_loop,left_hand,visible,handle,True,1,0,0,keep_previous_grasp_anchor,-0.077386,-0.036629,0.000000,0.663026,125,handle,upper_handle,left_hand,thumb,"[""thumb"", ""index"", ""middle"", ""ring"", ""pinky"", ""palm"", ""unknown""]",pinch_handle,,,,,,,-0.070291,-0.040436,0.000000,6.102,0.328873,0.328187,1,,hidden/occluded/misaligned frame keeps previous stable grasp
138,5.708333,hand_handle_grasp_depth_misaligned,visual_contact_needs_depth_alignment,handle_loop,handle_loop,left_hand,visible,handle,True,1,0,0,keep_previous_grasp_anchor,-0.077386,-0.036629,0.000000,0.663026,125,handle,upper_handle,left_hand,thumb,"[""thumb"", ""index"", ""middle"", ""ring"", ""pinky"", ""palm"", ""unknown""]",pinch_handle,,,,,,,-0.070291,-0.040436,0.000000,6.804,0.340958,0.340182,1,,hidden/occluded/misaligned frame keeps previous stable grasp
139,5.750000,hand_handle_grasp_depth_misaligned,visual_contact_needs_depth_alignment,handle_loop,handle_loop,left_hand,visible,handle,True,1,0,0,keep_previous_grasp_anchor,-0.077386,-0.036629,0.000000,0.663026,125,handle,upper_handle,left_hand,thumb,"[""thumb"", ""index"", ""middle"", ""ring"", ""pinky"", ""palm"", ""unknown""]",pinch_handle,,,,,,,-0.066467,-0.041686,0.000000,6.491,0.350065,0.349310,1,,hidden/occluded/misaligned frame keeps previous stable grasp
140,5.791667,hand_handle_grasp_depth_misaligned,visual_contact_needs_depth_alignment,handle_loop,handle_loop,left_hand,visible,handle,True,1,0,0,keep_previous_grasp_anchor,-0.077386,-0.036629,0.000000,0.663026,125,handle,upper_handle,left_hand,thumb,"[""thumb"", ""index"", ""middle"", ""ring"", ""pinky"", ""palm"", ""unknown""]",pinch_handle,,,,,,,-0.070291,-0.040436,0.000000,6.419,0.354867,0.354182,1,,hidden/occluded/misaligned frame keeps previous stable grasp
141,5.833333,hand_handle_grasp_depth_misaligned,visual_contact_needs_depth_alignment,handle_loop,handle_loop,left_hand,visible,handle,True,1,0,0,keep_previous_grasp_anchor,-0.077386,-0.036629,0.000000,0.663026,125,handle,upper_handle,left_hand,thumb,"[""thumb"", ""index"", ""middle"", ""ring"", ""pinky"", ""palm"", ""unknown""]",pinch_handle,,,,,,,-0.070291,-0.040436,0.000000,6.364,0.357496,0.356809,1,,hidden/occluded/misaligned frame keeps previous stable grasp
142,5.875000,hand_handle_grasp_depth_misaligned,visual_contact_needs_depth_alignment,handle_loop,handle_loop,left_hand,visible,handle,True,1,0,0,keep_previous_grasp_anchor,-0.077386,-0.036629,0.000000,0.663026,125,handle,upper_handle,left_hand,thumb,"[""thumb"", ""index"", ""middle"", ""ring"", ""pinky"", ""palm"", ""unknown""]",pinch_handle,,,,,,,-0.066467,-0.041686,0.000000,5.981,0.357813,0.357145,1,,hidden/occluded/misaligned frame keeps previous stable grasp
143,5.916667,hand_handle_grasp_depth_misaligned,visual_contact_needs_depth_alignment,handle_loop,handle_loop,left_hand,visible,handle,True,1,0,0,keep_previous_grasp_anchor,-0.077386,-0.036629,0.000000,0.663026,125,handle,upper_handle,left_hand,thumb,"[""thumb"", ""index"", ""middle"", ""ring"", ""pinky"", ""palm"", ""unknown""]",pinch_handle,,,,,,,-0.066467,-0.041686,0.000000,5.905,0.357609,0.356951,1,,hidden/occluded/misaligned frame keeps previous stable grasp
144,5.958333,hand_handle_grasp_depth_misaligned,visual_contact_needs_depth_alignment,handle_loop,handle_loop,left_hand,visible,handle,True,1,0,0,keep_previous_grasp_anchor,-0.077386,-0.036629,0.000000,0.663026,125,handle,upper_handle,left_hand,thumb,"[""thumb"", ""index"", ""middle"", ""ring"", ""pinky"", ""palm"", ""unknown""]",pinch_handle,,,,,,,-0.066467,-0.041686,0.000000,5.978,0.357686,0.357015,1,,hidden/occluded/misaligned frame keeps previous stable grasp
145,6.000000,hand_handle_grasp_depth_misaligned,visual_contact_needs_depth_alignment,handle_loop,handle_loop,left_hand,visible,handle,True,1,0,0,keep_previous_grasp_anchor,-0.077386,-0.036629,0.000000,0.663026,125,handle,upper_handle,left_hand,thumb,"[""thumb"", ""index"", ""middle"", ""ring"", ""pinky"", ""palm"", ""unknown""]",pinch_handle,,,,,,,-0.070291,-0.040436,0.000000,6.115,0.357564,0.356935,1,,hidden/occluded/misaligned frame keeps previous stable grasp
146,6.041667,hand_handle_grasp_depth_misaligned,visual_contact_needs_depth_alignment,handle_loop,handle_loop,left_hand,visible,handle,True,1,0,0,keep_previous_grasp_anchor,-0.077386,-0.036629,0.000000,0.663026,125,handle,upper_handle,left_hand,thumb,"[""thumb"", ""index"", ""middle"", ""ring"", ""pinky"", ""palm"", ""unknown""]",pinch_handle,,,,,,,-0.070291,-0.040436,0.000000,6.187,0.356987,0.356342,1,,hidden/occluded/misaligned frame keeps previous stable grasp
147,6.083333,hand_handle_grasp_depth_misaligned,visual_contact_needs_depth_alignment,handle_loop,handle_loop,left_hand,visible,handle,True,1,0,0,keep_previous_grasp_anchor,-0.077386,-0.036629,0.000000,0.663026,125,handle,upper_handle,left_hand,thumb,"[""thumb"", ""index"", ""middle"", ""ring"", ""pinky"", ""palm"", ""unknown""]",pinch_handle,,,,,,,-0.066467,-0.041686,0.000000,6.248,0.355134,0.354413,1,,hidden/occluded/misaligned frame keeps previous stable grasp
148,6.125000,hand_handle_grasp_depth_misaligned,visual_contact_needs_depth_alignment,handle_loop,handle_loop,left_hand,visible,handle,True,1,0,0,keep_previous_grasp_anchor,-0.077386,-0.036629,0.000000,0.663026,125,handle,upper_handle,left_hand,thumb,"[""thumb"", ""index"", ""middle"", ""ring"", ""pinky"", ""palm"", ""unknown""]",pinch_handle,,,,,,,-0.070291,-0.040436,0.000000,6.562,0.352170,0.351431,1,,hidden/occluded/misaligned frame keeps previous stable grasp
149,6.166667,hand_handle_grasp_depth_misaligned,visual_contact_needs_depth_alignment,handle_loop,handle_loop,left_hand,visible,handle,True,1,0,0,keep_previous_grasp_anchor,-0.077386,-0.036629,0.000000,0.663026,125,handle,upper_handle,left_hand,thumb,"[""thumb"", ""index"", ""middle"", ""ring"", ""pinky"", ""palm"", ""unknown""]",pinch_handle,,,,,,,-0.070291,-0.040436,0.000000,6.829,0.348818,0.348023,1,,hidden/occluded/misaligned frame keeps previous stable grasp
150,6.208333,hand_handle_grasp_depth_misaligned,visual_contact_needs_depth_alignment,handle_loop,handle_loop,left_hand,visible,handle,True,1,0,0,keep_previous_grasp_anchor,-0.077386,-0.036629,0.000000,0.663026,125,handle,upper_handle,left_hand,thumb,"[""thumb"", ""index"", ""middle"", ""ring"", ""pinky"", ""palm"", ""unknown""]",pinch_handle,,,,,,,-0.070291,-0.040436,0.000000,7.095,0.345037,0.344189,1,,hidden/occluded/misaligned frame keeps previous stable grasp
151,6.250000,hand_handle_grasp_depth_misaligned,visual_contact_needs_depth_alignment,handle_loop,handle_loop,left_hand,visible,handle,True,1,0,0,keep_previous_grasp_anchor,-0.077386,-0.036629,0.000000,0.663026,125,handle,upper_handle,left_hand,thumb,"[""thumb"", ""index"", ""middle"", ""ring"", ""pinky"", ""palm"", ""unknown""]",pinch_handle,,,,,,,-0.070291,-0.040436,0.000000,7.315,0.342863,0.341976,1,,hidden/occluded/misaligned frame keeps previous stable grasp
152,6.291667,hand_handle_grasp_depth_misaligned,visual_contact_needs_depth_alignment,handle_loop,handle_loop,left_hand,visible,handle,True,1,0,0,keep_previous_grasp_anchor,-0.077386,-0.036629,0.000000,0.663026,125,handle,upper_handle,left_hand,thumb,"[""thumb"", ""index"", ""middle"", ""ring"", ""pinky"", ""palm"", ""unknown""]",pinch_handle,,,,,,,-0.070291,-0.040436,0.000000,7.643,0.340175,0.339218,1,,hidden/occluded/misaligned frame keeps previous stable grasp
153,6.333333,hand_handle_grasp_depth_misaligned,visual_contact_needs_depth_alignment,handle_loop,handle_loop,left_hand,visible,handle,True,1,0,0,keep_previous_grasp_anchor,-0.077386,-0.036629,0.000000,0.663026,125,handle,upper_handle,left_hand,thumb,"[""thumb"", ""index"", ""middle"", ""ring"", ""pinky"", ""palm"", ""unknown""]",pinch_handle,,,,,,,-0.066467,-0.041686,0.000000,7.714,0.337346,0.336334,1,,hidden/occluded/misaligned frame keeps previous stable grasp
154,6.375000,hand_handle_grasp_depth_misaligned,visual_contact_needs_depth_alignment,handle_loop,handle_loop,left_hand,visible,handle,True,1,0,0,keep_previous_grasp_anchor,-0.077386,-0.036629,0.000000,0.663026,125,handle,upper_handle,left_hand,thumb,"[""thumb"", ""index"", ""middle"", ""ring"", ""pinky"", ""palm"", ""unknown""]",pinch_handle,,,,,,,-0.066467,-0.041686,0.000000,7.917,0.336214,0.335156,1,,hidden/occluded/misaligned frame keeps previous stable grasp
155,6.416667,hand_handle_grasp_depth_misaligned,visual_contact_needs_depth_alignment,handle_loop,handle_loop,left_hand,visible,handle,True,1,0,0,keep_previous_grasp_anchor,-0.077386,-0.036629,0.000000,0.663026,125,handle,upper_handle,left_hand,thumb,"[""thumb"", ""index"", ""middle"", ""ring"", ""pinky"", ""palm"", ""unknown""]",pinch_handle,,,,,,,-0.066467,-0.041686,0.000000,7.077,0.337569,0.336675,1,,hidden/occluded/misaligned frame keeps previous stable grasp
156,6.458333,hand_handle_grasp_depth_misaligned,visual_contact_needs_depth_alignment,handle_loop,handle_loop,left_hand,visible,handle,True,1,0,0,keep_previous_grasp_anchor,-0.077386,-0.036629,0.000000,0.663026,125,handle,upper_handle,left_hand,thumb,"[""thumb"", ""index"", ""middle"", ""ring"", ""pinky"", ""palm"", ""unknown""]",pinch_handle,,,,,,,-0.070291,-0.040436,0.000000,7.649,0.337518,0.336551,1,,hidden/occluded/misaligned frame keeps previous stable grasp
157,6.500000,hand_handle_grasp_depth_misaligned,visual_contact_needs_depth_alignment,handle_loop,handle_loop,left_hand,visible,handle,True,1,0,0,keep_previous_grasp_anchor,-0.077386,-0.036629,0.000000,0.663026,125,handle,upper_handle,left_hand,thumb,"[""thumb"", ""index"", ""middle"", ""ring"", ""pinky"", ""palm"", ""unknown""]",pinch_handle,,,,,,,-0.070291,-0.040436,0.000000,7.959,0.336745,0.335703,1,,hidden/occluded/misaligned frame keeps previous stable grasp
158,6.541667,hand_handle_grasp_depth_misaligned,visual_contact_needs_depth_alignment,handle_loop,handle_loop,left_hand,visible,handle,True,1,0,0,keep_previous_grasp_anchor,-0.077386,-0.036629,0.000000,0.663026,125,handle,upper_handle,left_hand,thumb,"[""thumb"", ""index"", ""middle"", ""ring"", ""pinky"", ""palm"", ""unknown""]",pinch_handle,,,,,,,-0.070291,-0.040436,0.000000,8.061,0.335599,0.334558,1,,hidden/occluded/misaligned frame keeps previous stable grasp
159,6.583333,hand_handle_grasp_depth_misaligned,visual_contact_needs_depth_alignment,handle_loop,handle_loop,left_hand,visible,handle,True,1,0,0,keep_previous_grasp_anchor,-0.077386,-0.036629,0.000000,0.663026,125,handle,upper_handle,left_hand,thumb,"[""thumb"", ""index"", ""middle"", ""ring"", ""pinky"", ""palm"", ""unknown""]",pinch_handle,,,,,,,-0.070291,-0.040436,0.000000,8.389,0.335752,0.334632,1,,hidden/occluded/misaligned frame keeps previous stable grasp
160,6.625000,hand_handle_grasp_depth_misaligned,visual_contact_needs_depth_alignment,handle_loop,handle_loop,left_hand,visible,handle,True,1,0,0,keep_previous_grasp_anchor,-0.077386,-0.036629,0.000000,0.663026,125,handle,upper_handle,left_hand,thumb,"[""thumb"", ""index"", ""middle"", ""ring"", ""pinky"", ""palm"", ""unknown""]",pinch_handle,,,,,,,-0.070291,-0.040436,0.000000,8.722,0.335294,0.334093,1,,hidden/occluded/misaligned frame keeps previous stable grasp
161,6.666667,hand_handle_grasp_depth_misaligned,visual_contact_needs_depth_alignment,handle_loop,handle_loop,left_hand,visible,handle,True,1,0,0,keep_previous_grasp_anchor,-0.077386,-0.036629,0.000000,0.663026,125,handle,upper_handle,left_hand,thumb,"[""thumb"", ""index"", ""middle"", ""ring"", ""pinky"", ""palm"", ""unknown""]",pinch_handle,,,,,,,-0.070291,-0.040436,0.000000,9.712,0.256117,0.254364,1,,hidden/occluded/misaligned frame keeps previous stable grasp
162,6.708333,hand_handle_grasp_depth_misaligned,visual_contact_needs_depth_alignment,handle_loop,handle_loop,left_hand,visible,handle,True,1,0,0,keep_previous_grasp_anchor,-0.077386,-0.036629,0.000000,0.663026,125,handle,upper_handle,left_hand,thumb,"[""thumb"", ""index"", ""middle"", ""ring"", ""pinky"", ""palm"", ""unknown""]",pinch_handle,,,,,,,-0.070291,-0.040436,0.000000,10.238,0.256674,0.254746,1,,hidden/occluded/misaligned frame keeps previous stable grasp
163,6.750000,hand_handle_grasp_depth_misaligned,visual_contact_needs_depth_alignment,handle_loop,handle_loop,left_hand,visible,handle,True,1,0,0,keep_previous_grasp_anchor,-0.077386,-0.036629,0.000000,0.663026,125,handle,upper_handle,left_hand,thumb,"[""thumb"", ""index"", ""middle"", ""ring"", ""pinky"", ""palm"", ""unknown""]",pinch_handle,,,,,,,-0.070291,-0.040436,0.000000,10.439,0.257295,0.255305,1,,hidden/occluded/misaligned frame keeps previous stable grasp
164,6.791667,hand_handle_grasp_depth_misaligned,visual_contact_needs_depth_alignment,handle_loop,handle_loop,left_hand,visible,handle,True,1,0,0,keep_previous_grasp_anchor,-0.077386,-0.036629,0.000000,0.663026,125,handle,upper_handle,left_hand,thumb,"[""thumb"", ""index"", ""middle"", ""ring"", ""pinky"", ""palm"", ""unknown""]",pinch_handle,,,,,,,-0.070291,-0.040436,0.000000,10.524,0.260153,0.258149,1,,hidden/occluded/misaligned frame keeps previous stable grasp
165,6.833333,hand_handle_grasp_depth_misaligned,visual_contact_needs_depth_alignment,handle_loop,handle_loop,left_hand,visible,handle,True,1,0,0,keep_previous_grasp_anchor,-0.077386,-0.036629,0.000000,0.663026,125,handle,upper_handle,left_hand,thumb,"[""thumb"", ""index"", ""middle"", ""ring"", ""pinky"", ""palm"", ""unknown""]",pinch_handle,,,,,,,-0.070291,-0.040436,0.000000,10.365,0.266120,0.264208,1,,hidden/occluded/misaligned frame keeps previous stable grasp
166,6.875000,hand_handle_grasp_depth_misaligned,visual_contact_needs_depth_alignment,handle_loop,handle_loop,left_hand,visible,handle,True,1,0,0,keep_previous_grasp_anchor,-0.077386,-0.036629,0.000000,0.663026,125,handle,upper_handle,left_hand,thumb,"[""thumb"", ""index"", ""middle"", ""ring"", ""pinky"", ""palm"", ""unknown""]",pinch_handle,,,,,,,-0.070291,-0.040436,0.000000,10.316,0.270735,0.268866,1,,hidden/occluded/misaligned frame keeps previous stable grasp
167,6.916667,hand_handle_grasp_depth_misaligned,visual_contact_needs_depth_alignment,handle_loop,handle_loop,left_hand,visible,handle,True,1,0,0,keep_previous_grasp_anchor,-0.077386,-0.036629,0.000000,0.663026,125,handle,upper_handle,left_hand,thumb,"[""thumb"", ""index"", ""middle"", ""ring"", ""pinky"", ""palm"", ""unknown""]",pinch_handle,,,,,,,-0.070291,-0.040436,0.000000,10.308,0.273956,0.272109,1,,hidden/occluded/misaligned frame keeps previous stable grasp
168,6.958333,hand_handle_grasp_depth_misaligned,visual_contact_needs_depth_alignment,handle_loop,handle_loop,left_hand,visible,handle,True,1,0,0,keep_previous_grasp_anchor,-0.077386,-0.036629,0.000000,0.663026,125,handle,upper_handle,left_hand,thumb,"[""thumb"", ""index"", ""middle"", ""ring"", ""pinky"", ""palm"", ""unknown""]",pinch_handle,,,,,,,-0.070291,-0.040436,0.000000,10.276,0.274546,0.272711,1,,hidden/occluded/misaligned frame keeps previous stable grasp
169,7.000000,hand_handle_grasp_depth_misaligned,visual_contact_needs_depth_alignment,handle_loop,handle_loop,left_hand,visible,handle,True,1,0,0,keep_previous_grasp_anchor,-0.077386,-0.036629,0.000000,0.663026,125,handle,upper_handle,left_hand,thumb,"[""thumb"", ""index"", ""middle"", ""ring"", ""pinky"", ""palm"", ""unknown""]",pinch_handle,,,,,,,-0.070291,-0.040436,0.000000,10.181,0.272780,0.270971,1,,hidden/occluded/misaligned frame keeps previous stable grasp
170,7.041667,hand_handle_grasp_depth_misaligned,visual_contact_needs_depth_alignment,handle_loop,handle_loop,left_hand,visible,handle,True,1,0,0,keep_previous_grasp_anchor,-0.077386,-0.036629,0.000000,0.663026,125,handle,upper_handle,left_hand,thumb,"[""thumb"", ""index"", ""middle"", ""ring"", ""pinky"", ""palm"", ""unknown""]",pinch_handle,,,,,,,-0.070291,-0.040436,0.000000,10.167,0.270010,0.268190,1,,hidden/occluded/misaligned frame keeps previous stable grasp
171,7.083333,hand_handle_grasp_depth_misaligned,visual_contact_needs_depth_alignment,handle_loop,handle_loop,left_hand,visible,handle,True,1,0,0,keep_previous_grasp_anchor,-0.077386,-0.036629,0.000000,0.663026,125,handle,upper_handle,left_hand,thumb,"[""thumb"", ""index"", ""middle"", ""ring"", ""pinky"", ""palm"", ""unknown""]",pinch_handle,,,,,,,-0.070291,-0.040436,0.000000,10.184,0.268419,0.266584,1,,hidden/occluded/misaligned frame keeps previous stable grasp
172,7.125000,hand_handle_grasp_depth_misaligned,visual_contact_needs_depth_alignment,handle_loop,handle_loop,left_hand,visible,handle,True,1,0,0,keep_previous_grasp_anchor,-0.077386,-0.036629,0.000000,0.663026,125,handle,upper_handle,left_hand,thumb,"[""thumb"", ""index"", ""middle"", ""ring"", ""pinky"", ""palm"", ""unknown""]",pinch_handle,,,,,,,-0.070291,-0.040436,0.000000,10.061,0.266142,0.264334,1,,hidden/occluded/misaligned frame keeps previous stable grasp
173,7.166667,hand_handle_grasp_depth_misaligned,visual_contact_needs_depth_alignment,handle_loop,handle_loop,left_hand,visible,handle,True,1,0,0,keep_previous_grasp_anchor,-0.077386,-0.036629,0.000000,0.663026,125,handle,upper_handle,left_hand,thumb,"[""thumb"", ""index"", ""middle"", ""ring"", ""pinky"", ""palm"", ""unknown""]",pinch_handle,,,,,,,-0.070291,-0.040436,0.000000,9.961,0.265460,0.263679,1,,hidden/occluded/misaligned frame keeps previous stable grasp
174,7.208333,hand_handle_grasp_depth_misaligned,visual_contact_needs_depth_alignment,handle_loop,handle_loop,left_hand,visible,handle,True,1,0,0,keep_previous_grasp_anchor,-0.077386,-0.036629,0.000000,0.663026,125,handle,upper_handle,left_hand,thumb,"[""thumb"", ""index"", ""middle"", ""ring"", ""pinky"", ""palm"", ""unknown""]",pinch_handle,,,,,,,-0.070291,-0.040436,0.000000,9.874,0.264767,0.263002,1,,hidden/occluded/misaligned frame keeps previous stable grasp
175,7.250000,hand_handle_grasp_depth_misaligned,visual_contact_needs_depth_alignment,handle_loop,handle_loop,left_hand,visible,handle,True,1,0,0,keep_previous_grasp_anchor,-0.077386,-0.036629,0.000000,0.663026,125,handle,upper_handle,left_hand,thumb,"[""thumb"", ""index"", ""middle"", ""ring"", ""pinky"", ""palm"", ""unknown""]",pinch_handle,,,,,,,-0.070291,-0.040436,0.000000,9.757,0.264972,0.263243,1,,hidden/occluded/misaligned frame keeps previous stable grasp
176,7.291667,hand_handle_grasp_depth_misaligned,visual_contact_needs_depth_alignment,handle_loop,handle_loop,left_hand,visible,handle,True,1,0,0,keep_previous_grasp_anchor,-0.077386,-0.036629,0.000000,0.663026,125,handle,upper_handle,left_hand,thumb,"[""thumb"", ""index"", ""middle"", ""ring"", ""pinky"", ""palm"", ""unknown""]",pinch_handle,,,,,,,-0.070291,-0.040436,0.000000,9.650,0.266346,0.264649,1,,hidden/occluded/misaligned frame keeps previous stable grasp
177,7.333333,hand_handle_grasp_depth_misaligned,visual_contact_needs_depth_alignment,handle_loop,handle_loop,left_hand,visible,handle,True,1,0,0,keep_previous_grasp_anchor,-0.077386,-0.036629,0.000000,0.663026,125,handle,upper_handle,left_hand,thumb,"[""thumb"", ""index"", ""middle"", ""ring"", ""pinky"", ""palm"", ""unknown""]",pinch_handle,,,,,,,-0.070291,-0.040436,0.000000,9.541,0.267863,0.266203,1,,hidden/occluded/misaligned frame keeps previous stable grasp
178,7.375000,hand_handle_grasp_depth_misaligned,visual_contact_needs_depth_alignment,handle_loop,handle_loop,left_hand,visible,handle,True,1,0,0,keep_previous_grasp_anchor,-0.077386,-0.036629,0.000000,0.663026,125,handle,upper_handle,left_hand,thumb,"[""thumb"", ""index"", ""middle"", ""ring"", ""pinky"", ""palm"", ""unknown""]",pinch_handle,,,,,,,-0.070291,-0.040436,0.000000,9.491,0.269040,0.267393,1,,hidden/occluded/misaligned frame keeps previous stable grasp
179,7.416667,hand_handle_grasp_depth_misaligned,visual_contact_needs_depth_alignment,handle_loop,handle_loop,left_hand,visible,handle,True,1,0,0,keep_previous_grasp_anchor,-0.077386,-0.036629,0.000000,0.663026,125,handle,upper_handle,left_hand,thumb,"[""thumb"", ""index"", ""middle"", ""ring"", ""pinky"", ""palm"", ""unknown""]",pinch_handle,,,,,,,-0.070291,-0.040436,0.000000,9.424,0.269269,0.267639,1,,hidden/occluded/misaligned frame keeps previous stable grasp
180,7.458333,hand_handle_grasp_depth_misaligned,visual_contact_needs_depth_alignment,handle_loop,handle_loop,left_hand,visible,handle,True,1,0,0,keep_previous_grasp_anchor,-0.077386,-0.036629,0.000000,0.663026,125,handle,upper_handle,left_hand,thumb,"[""thumb"", ""index"", ""middle"", ""ring"", ""pinky"", ""palm"", ""unknown""]",pinch_handle,,,,,,,-0.070291,-0.040436,0.000000,9.352,0.268794,0.267178,1,,hidden/occluded/misaligned frame keeps previous stable grasp
181,7.500000,hand_handle_grasp_depth_misaligned,visual_contact_needs_depth_alignment,handle_loop,handle_loop,left_hand,visible,handle,True,1,0,0,keep_previous_grasp_anchor,-0.077386,-0.036629,0.000000,0.663026,125,handle,upper_handle,left_hand,thumb,"[""thumb"", ""index"", ""middle"", ""ring"", ""pinky"", ""palm"", ""unknown""]",pinch_handle,,,,,,,-0.070291,-0.040436,0.000000,9.358,0.266018,0.264383,1,,hidden/occluded/misaligned frame keeps previous stable grasp
182,7.541667,hand_handle_grasp_depth_misaligned,visual_contact_needs_depth_alignment,handle_loop,handle_loop,left_hand,visible,handle,True,1,0,0,keep_previous_grasp_anchor,-0.077386,-0.036629,0.000000,0.663026,125,handle,upper_handle,left_hand,thumb,"[""thumb"", ""index"", ""middle"", ""ring"", ""pinky"", ""palm"", ""unknown""]",pinch_handle,,,,,,,-0.070291,-0.040436,0.000000,9.340,0.262390,0.260741,1,,hidden/occluded/misaligned frame keeps previous stable grasp
183,7.583333,hand_handle_grasp_depth_misaligned,visual_contact_needs_depth_alignment,handle_loop,handle_loop,left_hand,visible,handle,True,1,0,0,keep_previous_grasp_anchor,-0.077386,-0.036629,0.000000,0.663026,125,handle,upper_handle,left_hand,thumb,"[""thumb"", ""index"", ""middle"", ""ring"", ""pinky"", ""palm"", ""unknown""]",pinch_handle,,,,,,,-0.070291,-0.040436,0.000000,9.336,0.257519,0.255847,1,,hidden/occluded/misaligned frame keeps previous stable grasp
184,7.625000,hand_handle_grasp_depth_misaligned,visual_contact_needs_depth_alignment,handle_loop,handle_loop,left_hand,visible,handle,True,1,0,0,keep_previous_grasp_anchor,-0.077386,-0.036629,0.000000,0.663026,125,handle,upper_handle,left_hand,thumb,"[""thumb"", ""index"", ""middle"", ""ring"", ""pinky"", ""palm"", ""unknown""]",pinch_handle,,,,,,,-0.070291,-0.040436,0.000000,9.648,0.251157,0.249348,1,,hidden/occluded/misaligned frame keeps previous stable grasp
185,7.666667,hand_handle_grasp_depth_misaligned,visual_contact_needs_depth_alignment,handle_loop,handle_loop,left_hand,visible,handle,True,1,0,0,keep_previous_grasp_anchor,-0.077386,-0.036629,0.000000,0.663026,125,handle,upper_handle,left_hand,thumb,"[""thumb"", ""index"", ""middle"", ""ring"", ""pinky"", ""palm"", ""unknown""]",pinch_handle,,,,,,,-0.070291,-0.040436,0.000000,9.371,0.246594,0.244852,1,,hidden/occluded/misaligned frame keeps previous stable grasp
186,7.708333,hand_handle_grasp_depth_misaligned,visual_contact_needs_depth_alignment,handle_loop,handle_loop,left_hand,visible,handle,True,1,0,0,keep_previous_grasp_anchor,-0.077386,-0.036629,0.000000,0.663026,125,handle,upper_handle,left_hand,thumb,"[""thumb"", ""index"", ""middle"", ""ring"", ""pinky"", ""palm"", ""unknown""]",pinch_handle,,,,,,,-0.070291,-0.040436,0.000000,9.617,0.241675,0.239819,1,,hidden/occluded/misaligned frame keeps previous stable grasp
187,7.750000,hand_handle_grasp_depth_misaligned,visual_contact_needs_depth_alignment,handle_loop,handle_loop,left_hand,visible,handle,True,1,0,0,keep_previous_grasp_anchor,-0.077386,-0.036629,0.000000,0.663026,125,handle,upper_handle,left_hand,thumb,"[""thumb"", ""index"", ""middle"", ""ring"", ""pinky"", ""palm"", ""unknown""]",pinch_handle,,,,,,,-0.070291,-0.040436,0.000000,9.274,0.240492,0.238746,1,,hidden/occluded/misaligned frame keeps previous stable grasp
188,7.791667,hand_handle_grasp_depth_misaligned,visual_contact_needs_depth_alignment,handle_loop,handle_loop,left_hand,visible,handle,True,1,0,0,keep_previous_grasp_anchor,-0.077386,-0.036629,0.000000,0.663026,125,handle,upper_handle,left_hand,thumb,"[""thumb"", ""index"", ""middle"", ""ring"", ""pinky"", ""palm"", ""unknown""]",pinch_handle,,,,,,,-0.070291,-0.040436,0.000000,8.795,0.238556,0.236980,1,,hidden/occluded/misaligned frame keeps previous stable grasp
189,7.833333,hand_handle_grasp_depth_misaligned,visual_contact_needs_depth_alignment,handle_loop,handle_loop,left_hand,visible,handle,True,1,0,0,keep_previous_grasp_anchor,-0.077386,-0.036629,0.000000,0.663026,125,handle,upper_handle,left_hand,thumb,"[""thumb"", ""index"", ""middle"", ""ring"", ""pinky"", ""palm"", ""unknown""]",pinch_handle,,,,,,,-0.070291,-0.040436,0.000000,8.846,0.233614,0.231994,1,,hidden/occluded/misaligned frame keeps previous stable grasp
190,7.875000,hand_handle_grasp_depth_misaligned,visual_contact_needs_depth_alignment,handle_loop,handle_loop,left_hand,visible,handle,True,1,0,0,keep_previous_grasp_anchor,-0.077386,-0.036629,0.000000,0.663026,125,handle,upper_handle,left_hand,thumb,"[""thumb"", ""index"", ""middle"", ""ring"", ""pinky"", ""palm"", ""unknown""]",pinch_handle,,,,,,,-0.070291,-0.040436,0.000000,9.194,0.227785,0.226009,1,,hidden/occluded/misaligned frame keeps previous stable grasp
191,7.916667,hand_handle_grasp_depth_misaligned,visual_contact_needs_depth_alignment,handle_loop,handle_loop,left_hand,visible,handle,True,1,0,0,keep_previous_grasp_anchor,-0.077386,-0.036629,0.000000,0.663026,125,handle,upper_handle,left_hand,thumb,"[""thumb"", ""index"", ""middle"", ""ring"", ""pinky"", ""palm"", ""unknown""]",pinch_handle,,,,,,,-0.070291,-0.040436,0.000000,9.213,0.224593,0.222789,1,,hidden/occluded/misaligned frame keeps previous stable grasp
192,7.958333,hand_handle_grasp_depth_misaligned,visual_contact_needs_depth_alignment,handle_loop,handle_loop,left_hand,visible,handle,True,1,0,0,keep_previous_grasp_anchor,-0.077386,-0.036629,0.000000,0.663026,125,handle,upper_handle,left_hand,thumb,"[""thumb"", ""index"", ""middle"", ""ring"", ""pinky"", ""palm"", ""unknown""]",pinch_handle,,,,,,,-0.070291,-0.040436,0.000000,8.845,0.225267,0.223595,1,,hidden/occluded/misaligned frame keeps previous stable grasp
193,8.000000,hand_handle_grasp_depth_misaligned,visual_contact_needs_depth_alignment,handle_loop,handle_loop,left_hand,visible,handle,True,1,0,0,keep_previous_grasp_anchor,-0.077386,-0.036629,0.000000,0.663026,125,handle,upper_handle,left_hand,thumb,"[""thumb"", ""index"", ""middle"", ""ring"", ""pinky"", ""palm"", ""unknown""]",pinch_handle,,,,,,,-0.070291,-0.040436,0.000000,9.149,0.227843,0.226071,1,,hidden/occluded/misaligned frame keeps previous stable grasp
194,8.041667,hand_handle_grasp_depth_misaligned,visual_contact_needs_depth_alignment,handle_loop,handle_loop,left_hand,visible,handle,True,1,0,0,keep_previous_grasp_anchor,-0.077386,-0.036629,0.000000,0.663026,125,handle,upper_handle,left_hand,thumb,"[""thumb"", ""index"", ""middle"", ""ring"", ""pinky"", ""palm"", ""unknown""]",pinch_handle,,,,,,,-0.070291,-0.040436,0.000000,8.835,0.229242,0.227584,1,,hidden/occluded/misaligned frame keeps previous stable grasp
195,8.083333,hand_handle_grasp_depth_misaligned,visual_contact_needs_depth_alignment,handle_loop,handle_loop,left_hand,visible,handle,True,1,0,0,keep_previous_grasp_anchor,-0.077386,-0.036629,0.000000,0.663026,125,handle,upper_handle,left_hand,thumb,"[""thumb"", ""index"", ""middle"", ""ring"", ""pinky"", ""palm"", ""unknown""]",pinch_handle,,,,,,,-0.070291,-0.040436,0.000000,8.862,0.226923,0.225238,1,,hidden/occluded/misaligned frame keeps previous stable grasp
196,8.125000,hand_handle_grasp_depth_misaligned,visual_contact_needs_depth_alignment,handle_loop,handle_loop,left_hand,visible,handle,True,1,0,0,keep_previous_grasp_anchor,-0.077386,-0.036629,0.000000,0.663026,125,handle,upper_handle,left_hand,thumb,"[""thumb"", ""index"", ""middle"", ""ring"", ""pinky"", ""palm"", ""unknown""]",pinch_handle,,,,,,,-0.070220,-0.040255,-0.001352,9.222,0.222307,0.220467,1,,hidden/occluded/misaligned frame keeps previous stable grasp
197,8.166667,hand_handle_grasp_depth_misaligned,visual_contact_needs_depth_alignment,handle_loop,handle_loop,left_hand,visible,handle,True,1,0,0,keep_previous_grasp_anchor,-0.077386,-0.036629,0.000000,0.663026,125,handle,upper_handle,left_hand,thumb,"[""thumb"", ""index"", ""middle"", ""ring"", ""pinky"", ""palm"", ""unknown""]",pinch_handle,,,,,,,-0.070220,-0.040255,-0.001352,9.202,0.211946,0.210045,1,,hidden/occluded/misaligned frame keeps previous stable grasp
198,8.208333,hand_handle_grasp_depth_misaligned,visual_contact_needs_depth_alignment,handle_loop,handle_loop,left_hand,visible,handle,True,1,0,0,keep_previous_grasp_anchor,-0.077386,-0.036629,0.000000,0.663026,125,handle,upper_handle,left_hand,thumb,"[""thumb"", ""index"", ""middle"", ""ring"", ""pinky"", ""palm"", ""unknown""]",pinch_handle,,,,,,,-0.070220,-0.040255,-0.001352,10.698,0.198644,0.196050,1,,hidden/occluded/misaligned frame keeps previous stable grasp
199,8.250000,hand_handle_grasp_depth_misaligned,visual_contact_needs_depth_alignment,handle_loop,handle_loop,left_hand,visible,handle,True,1,0,0,keep_previous_grasp_anchor,-0.077386,-0.036629,0.000000,0.663026,125,handle,upper_handle,left_hand,thumb,"[""thumb"", ""index"", ""middle"", ""ring"", ""pinky"", ""palm"", ""unknown""]",pinch_handle,,,,,,,-0.070220,-0.040255,-0.001352,11.136,0.182707,0.179713,1,,hidden/occluded/misaligned frame keeps previous stable grasp
200,8.291667,hand_handle_grasp_depth_misaligned,visual_contact_needs_depth_alignment,handle_loop,handle_loop,left_hand,visible,handle,True,1,0,0,keep_previous_grasp_anchor,-0.077386,-0.036629,0.000000,0.663026,125,handle,upper_handle,left_hand,thumb,"[""thumb"", ""index"", ""middle"", ""ring"", ""pinky"", ""palm"", ""unknown""]",pinch_handle,,,,,,,-0.073855,-0.038571,-0.001352,11.935,0.168163,0.164571,1,,hidden/occluded/misaligned frame keeps previous stable grasp
201,8.333333,hand_handle_grasp_depth_misaligned,visual_contact_needs_depth_alignment,handle_loop,handle_loop,left_hand,visible,handle,True,1,0,0,keep_previous_grasp_anchor,-0.077386,-0.036629,0.000000,0.663026,125,handle,upper_handle,left_hand,thumb,"[""thumb"", ""index"", ""middle"", ""ring"", ""pinky"", ""palm"", ""unknown""]",pinch_handle,,,,,,,-0.073855,-0.038571,-0.001352,12.068,0.159278,0.155427,1,,hidden/occluded/misaligned frame keeps previous stable grasp
202,8.375000,hand_handle_grasp_depth_misaligned,visual_contact_needs_depth_alignment,handle_loop,handle_loop,left_hand,visible,handle,True,1,0,0,keep_previous_grasp_anchor,-0.077386,-0.036629,0.000000,0.663026,125,handle,upper_handle,left_hand,thumb,"[""thumb"", ""index"", ""middle"", ""ring"", ""pinky"", ""palm"", ""unknown""]",pinch_handle,,,,,,,-0.073855,-0.038571,-0.001352,11.386,0.157760,0.154276,1,,hidden/occluded/misaligned frame keeps previous stable grasp
203,8.416667,hand_handle_grasp_depth_misaligned,visual_contact_needs_depth_alignment,handle_loop,handle_loop,left_hand,visible,handle,True,1,0,0,keep_previous_grasp_anchor,-0.077386,-0.036629,0.000000,0.663026,125,handle,upper_handle,left_hand,thumb,"[""thumb"", ""index"", ""middle"", ""ring"", ""pinky"", ""palm"", ""unknown""]",pinch_handle,,,,,,,-0.073855,-0.038571,-0.001352,11.292,0.157864,0.154432,1,,hidden/occluded/misaligned frame keeps previous stable grasp
204,8.458333,hand_handle_grasp_depth_misaligned,visual_contact_needs_depth_alignment,handle_loop,handle_loop,left_hand,visible,handle,True,1,0,0,keep_previous_grasp_anchor,-0.077386,-0.036629,0.000000,0.663026,125,handle,upper_handle,left_hand,thumb,"[""thumb"", ""index"", ""middle"", ""ring"", ""pinky"", ""palm"", ""unknown""]",pinch_handle,,,,,,,-0.073855,-0.038571,-0.001352,11.283,0.158327,0.154904,1,,hidden/occluded/misaligned frame keeps previous stable grasp
205,8.500000,hand_handle_grasp_depth_misaligned,visual_contact_needs_depth_alignment,handle_loop,handle_loop,left_hand,visible,handle,True,1,0,0,keep_previous_grasp_anchor,-0.077386,-0.036629,0.000000,0.663026,125,handle,upper_handle,left_hand,thumb,"[""thumb"", ""index"", ""middle"", ""ring"", ""pinky"", ""palm"", ""unknown""]",pinch_handle,,,,,,,-0.073855,-0.038571,-0.001352,11.358,0.158402,0.154934,1,,hidden/occluded/misaligned frame keeps previous stable grasp
206,8.541667,hand_handle_grasp_depth_misaligned,visual_contact_needs_depth_alignment,handle_loop,handle_loop,left_hand,visible,handle,True,1,0,0,keep_previous_grasp_anchor,-0.077386,-0.036629,0.000000,0.663026,125,handle,upper_handle,left_hand,thumb,"[""thumb"", ""index"", ""middle"", ""ring"", ""pinky"", ""palm"", ""unknown""]",pinch_handle,,,,,,,-0.073855,-0.038571,-0.001352,11.490,0.156936,0.153357,1,,hidden/occluded/misaligned frame keeps previous stable grasp
207,8.583333,hand_handle_grasp_depth_misaligned,visual_contact_needs_depth_alignment,handle_loop,handle_loop,left_hand,visible,handle,True,1,0,0,keep_previous_grasp_anchor,-0.077386,-0.036629,0.000000,0.663026,125,handle,upper_handle,left_hand,thumb,"[""thumb"", ""index"", ""middle"", ""ring"", ""pinky"", ""palm"", ""unknown""]",pinch_handle,,,,,,,-0.073855,-0.038571,-0.001352,11.511,0.155338,0.151712,1,,hidden/occluded/misaligned frame keeps previous stable grasp
208,8.625000,hand_handle_grasp_depth_misaligned,visual_contact_needs_depth_alignment,handle_loop,handle_loop,left_hand,visible,handle,True,1,0,0,keep_previous_grasp_anchor,-0.077386,-0.036629,0.000000,0.663026,125,handle,upper_handle,left_hand,thumb,"[""thumb"", ""index"", ""middle"", ""ring"", ""pinky"", ""palm"", ""unknown""]",pinch_handle,,,,,,,-0.073855,-0.038571,-0.001352,11.574,0.153970,0.150276,1,,hidden/occluded/misaligned frame keeps previous stable grasp
209,8.666667,hand_handle_grasp_depth_misaligned,visual_contact_needs_depth_alignment,handle_loop,handle_loop,left_hand,visible,handle,True,1,0,0,keep_previous_grasp_anchor,-0.077386,-0.036629,0.000000,0.663026,125,handle,upper_handle,left_hand,thumb,"[""thumb"", ""index"", ""middle"", ""ring"", ""pinky"", ""palm"", ""unknown""]",pinch_handle,,,,,,,-0.070220,-0.040255,-0.001352,11.251,0.154407,0.150873,1,,hidden/occluded/misaligned frame keeps previous stable grasp
210,8.708333,hand_handle_grasp_depth_misaligned,visual_contact_needs_depth_alignment,handle_loop,handle_loop,left_hand,visible,handle,True,1,0,0,keep_previous_grasp_anchor,-0.077386,-0.036629,0.000000,0.663026,125,handle,upper_handle,left_hand,thumb,"[""thumb"", ""index"", ""middle"", ""ring"", ""pinky"", ""palm"", ""unknown""]",pinch_handle,,,,,,,-0.073855,-0.038571,-0.001352,11.742,0.154758,0.150973,1,,hidden/occluded/misaligned frame keeps previous stable grasp
211,8.750000,hand_handle_grasp_depth_misaligned,visual_contact_needs_depth_alignment,handle_loop,handle_loop,left_hand,visible,handle,True,1,0,0,keep_previous_grasp_anchor,-0.077386,-0.036629,0.000000,0.663026,125,handle,upper_handle,left_hand,thumb,"[""thumb"", ""index"", ""middle"", ""ring"", ""pinky"", ""palm"", ""unknown""]",pinch_handle,,,,,,,-0.073855,-0.038571,-0.001352,11.770,0.155401,0.151610,1,,hidden/occluded/misaligned frame keeps previous stable grasp
212,8.791667,hand_handle_grasp_depth_misaligned,visual_contact_needs_depth_alignment,handle_loop,handle_loop,left_hand,visible,handle,True,1,0,0,keep_previous_grasp_anchor,-0.077386,-0.036629,0.000000,0.663026,125,handle,upper_handle,left_hand,thumb,"[""thumb"", ""index"", ""middle"", ""ring"", ""pinky"", ""palm"", ""unknown""]",pinch_handle,,,,,,,-0.073855,-0.038571,-0.001352,11.341,0.154523,0.150993,1,,hidden/occluded/misaligned frame keeps previous stable grasp
213,8.833333,hand_handle_grasp_depth_misaligned,visual_contact_needs_depth_alignment,handle_loop,handle_loop,left_hand,visible,handle,True,1,0,0,keep_previous_grasp_anchor,-0.077386,-0.036629,0.000000,0.663026,125,handle,upper_handle,left_hand,thumb,"[""thumb"", ""index"", ""middle"", ""ring"", ""pinky"", ""palm"", ""unknown""]",pinch_handle,,,,,,,-0.073855,-0.038571,-0.001352,11.635,0.154169,0.150428,1,,hidden/occluded/misaligned frame keeps previous stable grasp
214,8.875000,hand_handle_grasp_depth_misaligned,visual_contact_needs_depth_alignment,handle_loop,handle_loop,left_hand,visible,handle,True,1,0,0,keep_previous_grasp_anchor,-0.077386,-0.036629,0.000000,0.663026,125,handle,upper_handle,left_hand,thumb,"[""thumb"", ""index"", ""middle"", ""ring"", ""pinky"", ""palm"", ""unknown""]",pinch_handle,,,,,,,-0.073855,-0.038571,-0.001352,11.325,0.153738,0.150193,1,,hidden/occluded/misaligned frame keeps previous stable grasp
215,8.916667,hand_handle_grasp_depth_misaligned,visual_contact_needs_depth_alignment,handle_loop,handle_loop,left_hand,visible,handle,True,1,0,0,keep_previous_grasp_anchor,-0.077386,-0.036629,0.000000,0.663026,125,handle,upper_handle,left_hand,thumb,"[""thumb"", ""index"", ""middle"", ""ring"", ""pinky"", ""palm"", ""unknown""]",pinch_handle,,,,,,,-0.073855,-0.038571,-0.001352,11.674,0.154413,0.150647,1,,hidden/occluded/misaligned frame keeps previous stable grasp
216,8.958333,hand_handle_grasp_depth_misaligned,visual_contact_needs_depth_alignment,handle_loop,handle_loop,left_hand,visible,handle,True,1,0,0,keep_previous_grasp_anchor,-0.077386,-0.036629,0.000000,0.663026,125,handle,upper_handle,left_hand,thumb,"[""thumb"", ""index"", ""middle"", ""ring"", ""pinky"", ""palm"", ""unknown""]",pinch_handle,,,,,,,-0.073855,-0.038571,-0.001352,11.690,0.153076,0.149269,1,,hidden/occluded/misaligned frame keeps previous stable grasp
217,9.000000,hand_handle_grasp_depth_misaligned,visual_contact_needs_depth_alignment,handle_loop,handle_loop,left_hand,visible,handle,True,1,0,0,keep_previous_grasp_anchor,-0.077386,-0.036629,0.000000,0.663026,125,handle,upper_handle,left_hand,thumb,"[""thumb"", ""index"", ""middle"", ""ring"", ""pinky"", ""palm"", ""unknown""]",pinch_handle,,,,,,,-0.073855,-0.038571,-0.001352,11.681,0.150716,0.146860,1,,hidden/occluded/misaligned frame keeps previous stable grasp
218,9.041667,hand_handle_grasp_depth_misaligned,visual_contact_needs_depth_alignment,handle_loop,handle_loop,left_hand,visible,handle,True,1,0,0,keep_previous_grasp_anchor,-0.077386,-0.036629,0.000000,0.663026,125,handle,upper_handle,left_hand,thumb,"[""thumb"", ""index"", ""middle"", ""ring"", ""pinky"", ""palm"", ""unknown""]",pinch_handle,,,,,,,-0.073855,-0.038571,-0.001352,11.691,0.149473,0.145583,1,,hidden/occluded/misaligned frame keeps previous stable grasp
219,9.083333,hand_handle_grasp_depth_misaligned,visual_contact_needs_depth_alignment,handle_loop,handle_loop,left_hand,visible,handle,True,1,0,0,keep_previous_grasp_anchor,-0.077386,-0.036629,0.000000,0.663026,125,handle,upper_handle,left_hand,thumb,"[""thumb"", ""index"", ""middle"", ""ring"", ""pinky"", ""palm"", ""unknown""]",pinch_handle,,,,,,,-0.073855,-0.038571,-0.001352,11.666,0.149302,0.145422,1,,hidden/occluded/misaligned frame keeps previous stable grasp
220,9.125000,hand_handle_grasp_depth_misaligned,visual_contact_needs_depth_alignment,handle_loop,handle_loop,left_hand,visible,handle,True,1,0,0,keep_previous_grasp_anchor,-0.077386,-0.036629,0.000000,0.663026,125,handle,upper_handle,left_hand,thumb,"[""thumb"", ""index"", ""middle"", ""ring"", ""pinky"", ""palm"", ""unknown""]",pinch_handle,,,,,,,-0.073855,-0.038571,-0.001352,11.687,0.149792,0.145907,1,,hidden/occluded/misaligned frame keeps previous stable grasp
221,9.166667,hand_handle_grasp_depth_misaligned,visual_contact_needs_depth_alignment,handle_loop,handle_loop,left_hand,visible,handle,True,1,0,0,keep_previous_grasp_anchor,-0.077386,-0.036629,0.000000,0.663026,125,handle,upper_handle,left_hand,thumb,"[""thumb"", ""index"", ""middle"", ""ring"", ""pinky"", ""palm"", ""unknown""]",pinch_handle,,,,,,,-0.073855,-0.038571,-0.001352,11.608,0.149835,0.145995,1,,hidden/occluded/misaligned frame keeps previous stable grasp
222,9.208333,hand_handle_grasp_depth_misaligned,visual_contact_needs_depth_alignment,handle_loop,handle_loop,left_hand,visible,handle,True,1,0,0,keep_previous_grasp_anchor,-0.077386,-0.036629,0.000000,0.663026,125,handle,upper_handle,left_hand,thumb,"[""thumb"", ""index"", ""middle"", ""ring"", ""pinky"", ""palm"", ""unknown""]",pinch_handle,,,,,,,-0.073855,-0.038571,-0.001352,11.095,0.150917,0.147423,1,,hidden/occluded/misaligned frame keeps previous stable grasp
223,9.250000,hand_handle_grasp_depth_misaligned,visual_contact_needs_depth_alignment,handle_loop,handle_loop,left_hand,visible,handle,True,1,0,0,keep_previous_grasp_anchor,-0.077386,-0.036629,0.000000,0.663026,125,handle,upper_handle,left_hand,thumb,"[""thumb"", ""index"", ""middle"", ""ring"", ""pinky"", ""palm"", ""unknown""]",pinch_handle,,,,,,,-0.073855,-0.038571,-0.001352,11.055,0.151525,0.148061,1,,hidden/occluded/misaligned frame keeps previous stable grasp
224,9.291667,hand_handle_grasp_depth_misaligned,visual_contact_needs_depth_alignment,handle_loop,handle_loop,left_hand,visible,handle,True,1,0,0,keep_previous_grasp_anchor,-0.077386,-0.036629,0.000000,0.663026,125,handle,upper_handle,left_hand,thumb,"[""thumb"", ""index"", ""middle"", ""ring"", ""pinky"", ""palm"", ""unknown""]",pinch_handle,,,,,,,-0.073855,-0.038571,-0.001352,11.060,0.151926,0.148466,1,,hidden/occluded/misaligned frame keeps previous stable grasp
225,9.333333,hand_handle_grasp_depth_misaligned,visual_contact_needs_depth_alignment,handle_loop,handle_loop,left_hand,visible,handle,True,1,0,0,keep_previous_grasp_anchor,-0.077386,-0.036629,0.000000,0.663026,125,handle,upper_handle,left_hand,thumb,"[""thumb"", ""index"", ""middle"", ""ring"", ""pinky"", ""palm"", ""unknown""]",pinch_handle,,,,,,,-0.073855,-0.038571,-0.001352,11.166,0.152645,0.149133,1,,hidden/occluded/misaligned frame keeps previous stable grasp
226,9.375000,hand_handle_grasp_depth_misaligned,visual_contact_needs_depth_alignment,handle_loop,handle_loop,left_hand,visible,handle,True,1,0,0,keep_previous_grasp_anchor,-0.077386,-0.036629,0.000000,0.663026,125,handle,upper_handle,left_hand,thumb,"[""thumb"", ""index"", ""middle"", ""ring"", ""pinky"", ""palm"", ""unknown""]",pinch_handle,,,,,,,-0.073855,-0.038571,-0.001352,11.252,0.154097,0.150560,1,,hidden/occluded/misaligned frame keeps previous stable grasp
227,9.416667,hand_handle_grasp_depth_misaligned,visual_contact_needs_depth_alignment,handle_loop,handle_loop,left_hand,visible,handle,True,1,0,0,keep_previous_grasp_anchor,-0.077386,-0.036629,0.000000,0.663026,125,handle,upper_handle,left_hand,thumb,"[""thumb"", ""index"", ""middle"", ""ring"", ""pinky"", ""palm"", ""unknown""]",pinch_handle,,,,,,,-0.073855,-0.038571,-0.001352,11.314,0.155504,0.151956,1,,hidden/occluded/misaligned frame keeps previous stable grasp
228,9.458333,hand_handle_grasp_depth_misaligned,visual_contact_needs_depth_alignment,handle_loop,handle_loop,left_hand,visible,handle,True,1,0,0,keep_previous_grasp_anchor,-0.077386,-0.036629,0.000000,0.663026,125,handle,upper_handle,left_hand,thumb,"[""thumb"", ""index"", ""middle"", ""ring"", ""pinky"", ""palm"", ""unknown""]",pinch_handle,,,,,,,-0.073855,-0.038571,-0.001352,11.304,0.156841,0.153320,1,,hidden/occluded/misaligned frame keeps previous stable grasp
229,9.500000,hand_handle_grasp_depth_misaligned,visual_contact_needs_depth_alignment,handle_loop,handle_loop,left_hand,visible,handle,True,1,0,0,keep_previous_grasp_anchor,-0.077386,-0.036629,0.000000,0.663026,125,handle,upper_handle,left_hand,thumb,"[""thumb"", ""index"", ""middle"", ""ring"", ""pinky"", ""palm"", ""unknown""]",pinch_handle,,,,,,,-0.073855,-0.038571,-0.001352,11.335,0.157372,0.153838,1,,hidden/occluded/misaligned frame keeps previous stable grasp
230,9.541667,hand_handle_grasp_depth_misaligned,visual_contact_needs_depth_alignment,handle_loop,handle_loop,left_hand,visible,handle,True,1,0,0,keep_previous_grasp_anchor,-0.077386,-0.036629,0.000000,0.663026,125,handle,upper_handle,left_hand,thumb,"[""thumb"", ""index"", ""middle"", ""ring"", ""pinky"", ""palm"", ""unknown""]",pinch_handle,,,,,,,-0.073855,-0.038571,-0.001352,11.385,0.157492,0.153929,1,,hidden/occluded/misaligned frame keeps previous stable grasp
231,9.583333,hand_handle_grasp_depth_misaligned,visual_contact_needs_depth_alignment,handle_loop,handle_loop,left_hand,visible,handle,True,1,0,0,keep_previous_grasp_anchor,-0.077386,-0.036629,0.000000,0.663026,125,handle,upper_handle,left_hand,thumb,"[""thumb"", ""index"", ""middle"", ""ring"", ""pinky"", ""palm"", ""unknown""]",pinch_handle,,,,,,,-0.073855,-0.038571,-0.001352,11.417,0.156998,0.153402,1,,hidden/occluded/misaligned frame keeps previous stable grasp
232,9.625000,hand_handle_grasp_depth_misaligned,visual_contact_needs_depth_alignment,handle_loop,handle_loop,left_hand,visible,handle,True,1,0,0,keep_previous_grasp_anchor,-0.077386,-0.036629,0.000000,0.663026,125,handle,upper_handle,left_hand,thumb,"[""thumb"", ""index"", ""middle"", ""ring"", ""pinky"", ""palm"", ""unknown""]",pinch_handle,,,,,,,-0.073855,-0.038571,-0.001352,11.476,0.158646,0.155044,1,,hidden/occluded/misaligned frame keeps previous stable grasp
233,9.666667,hand_handle_grasp_depth_misaligned,visual_contact_needs_depth_alignment,handle_loop,handle_loop,left_hand,visible,handle,True,1,0,0,keep_previous_grasp_anchor,-0.077386,-0.036629,0.000000,0.663026,125,handle,upper_handle,left_hand,thumb,"[""thumb"", ""index"", ""middle"", ""ring"", ""pinky"", ""palm"", ""unknown""]",pinch_handle,,,,,,,-0.073855,-0.038571,-0.001352,11.461,0.160189,0.156623,1,,hidden/occluded/misaligned frame keeps previous stable grasp
234,9.708333,hand_handle_grasp_depth_misaligned,visual_contact_needs_depth_alignment,handle_loop,handle_loop,left_hand,visible,handle,True,1,0,0,keep_previous_grasp_anchor,-0.077386,-0.036629,0.000000,0.663026,125,handle,upper_handle,left_hand,thumb,"[""thumb"", ""index"", ""middle"", ""ring"", ""pinky"", ""palm"", ""unknown""]",pinch_handle,,,,,,,-0.073855,-0.038571,-0.001352,11.518,0.161824,0.158253,1,,hidden/occluded/misaligned frame keeps previous stable grasp
235,9.750000,hand_handle_grasp_depth_misaligned,visual_contact_needs_depth_alignment,handle_loop,handle_loop,left_hand,visible,handle,True,1,0,0,keep_previous_grasp_anchor,-0.077386,-0.036629,0.000000,0.663026,125,handle,upper_handle,left_hand,thumb,"[""thumb"", ""index"", ""middle"", ""ring"", ""pinky"", ""palm"", ""unknown""]",pinch_handle,,,,,,,-0.073855,-0.038571,-0.001352,11.602,0.163702,0.160115,1,,hidden/occluded/misaligned frame keeps previous stable grasp
236,9.791667,hand_handle_grasp_depth_misaligned,visual_contact_needs_depth_alignment,handle_loop,handle_loop,left_hand,visible,handle,True,1,0,0,keep_previous_grasp_anchor,-0.077386,-0.036629,0.000000,0.663026,125,handle,upper_handle,left_hand,thumb,"[""thumb"", ""index"", ""middle"", ""ring"", ""pinky"", ""palm"", ""unknown""]",pinch_handle,,,,,,,-0.073855,-0.038571,-0.001352,11.565,0.165377,0.161838,1,,hidden/occluded/misaligned frame keeps previous stable grasp
237,9.833333,hand_handle_grasp_depth_misaligned,visual_contact_needs_depth_alignment,handle_loop,handle_loop,left_hand,visible,handle,True,1,0,0,keep_previous_grasp_anchor,-0.077386,-0.036629,0.000000,0.663026,125,handle,upper_handle,left_hand,thumb,"[""thumb"", ""index"", ""middle"", ""ring"", ""pinky"", ""palm"", ""unknown""]",pinch_handle,,,,,,,-0.073855,-0.038571,-0.001352,11.486,0.166111,0.162624,1,,hidden/occluded/misaligned frame keeps previous stable grasp
238,9.875000,hand_handle_grasp_depth_misaligned,visual_contact_needs_depth_alignment,handle_loop,handle_loop,left_hand,visible,handle,True,1,0,0,keep_previous_grasp_anchor,-0.077386,-0.036629,0.000000,0.663026,125,handle,upper_handle,left_hand,thumb,"[""thumb"", ""index"", ""middle"", ""ring"", ""pinky"", ""palm"", ""unknown""]",pinch_handle,,,,,,,-0.073855,-0.038571,-0.001352,11.385,0.165506,0.162057,1,,hidden/occluded/misaligned frame keeps previous stable grasp
239,9.916667,hand_handle_grasp_depth_misaligned,visual_contact_needs_depth_alignment,handle_loop,handle_loop,left_hand,visible,handle,True,1,0,0,keep_previous_grasp_anchor,-0.077386,-0.036629,0.000000,0.663026,125,handle,upper_handle,left_hand,thumb,"[""thumb"", ""index"", ""middle"", ""ring"", ""pinky"", ""palm"", ""unknown""]",pinch_handle,,,,,,,-0.073855,-0.038571,-0.001352,10.732,0.166415,0.163335,1,,hidden/occluded/misaligned frame keeps previous stable grasp
240,9.958333,hand_handle_grasp_depth_misaligned,visual_contact_needs_depth_alignment,handle_loop,handle_loop,left_hand,visible,handle,True,1,0,0,keep_previous_grasp_anchor,-0.077386,-0.036629,0.000000,0.663026,125,handle,upper_handle,left_hand,thumb,"[""thumb"", ""index"", ""middle"", ""ring"", ""pinky"", ""palm"", ""unknown""]",pinch_handle,,,,,,,-0.073855,-0.038571,-0.001352,10.413,0.166484,0.163560,1,,hidden/occluded/misaligned frame keeps previous stable grasp
